sample_id,language,label,method,original_filename,clip_index,duration_seconds
ce09273a0b9a2d10ad2977f7ca4b35a7,punjabi,fake,fft,fft_punjabi_002.wav,0,10
bff6be46e657e2c97fe8c008d34f574b,punjabi,fake,fft,fft_punjabi_002.wav,1,10
6c5926ab4203be5bbe96616a1a5bee0e,punjabi,fake,fft,fft_punjabi_002.wav,2,10
765e54ed8c0a001f19b65a082b7f679a,punjabi,fake,fft,fft_punjabi_002.wav,3,10
3d92caec23f73f113a90e5a5488d565d,punjabi,fake,fft,fft_punjabi_002.wav,4,10
68d56f416f65722ca916669492688451,punjabi,fake,fft,fft_punjabi_002.wav,5,10
bc21a01141654a1a63525c3c5bed23dd,punjabi,fake,fft,fft_punjabi_002.wav,6,10
4a6ab5c7d2efd3093704c57e61bb90de,punjabi,fake,fft,fft_punjabi_002.wav,7,10
8e60286699d7e533f045b27f96a92e7b,punjabi,fake,fft,fft_punjabi_002.wav,8,10
2c2f1d64ea87849fc5df4694583d83e0,punjabi,fake,fft,fft_punjabi_002.wav,9,10
cfb8d0ab3c2e214e8f6102046c1e9d9d,punjabi,fake,fft,fft_punjabi_002.wav,10,10
2e718cc26e59906491ac5fa2b654e569,punjabi,fake,fft,fft_punjabi_002.wav,11,10
394c1ac4d099feb995a7bd8f63498608,punjabi,fake,fft,fft_punjabi_002.wav,12,10
2b5342f301e1ea8b6231b7f909471563,punjabi,fake,fft,fft_punjabi_002.wav,13,10
3aec549ccb87b7ce921e9d7d44b0e549,punjabi,fake,fft,fft_punjabi_002.wav,14,10
e2fe74511a482106814e5c355eff206d,punjabi,fake,fft,fft_punjabi_002.wav,15,10
a73ef7727290ac1e963253dba2d46cd6,punjabi,fake,fft,fft_punjabi_002.wav,16,10
a8f6414854446e04a1a22aeec7533e88,punjabi,fake,fft,fft_punjabi_002.wav,17,10
22bf6d95c6caa51b1c0a3e5cdce9cf9e,punjabi,fake,fft,fft_punjabi_002.wav,18,10
b7ae1fc88080e9c6ef7ef16bca815bd0,punjabi,fake,fft,fft_punjabi_002.wav,19,10
ad55c98866fecb1f344d996fb65e320c,punjabi,fake,fft,fft_punjabi_002.wav,20,10
ceb40cccea36f9fceeb9e23d13584e93,punjabi,fake,fft,fft_punjabi_003.wav,0,10
74682e9b9b09d4294bced8066e88410b,punjabi,fake,fft,fft_punjabi_003.wav,1,10
98fe6a860b931d8e0b2200ca7198f79d,punjabi,fake,fft,fft_punjabi_003.wav,2,10
4c64e5ca404e6ef28ec373f336d2c662,punjabi,fake,fft,fft_punjabi_003.wav,3,10
67caa74751c13788a32f173bdba838f3,punjabi,fake,fft,fft_punjabi_003.wav,4,10
493e98914500637255c25de8a4cd1dd3,punjabi,fake,fft,fft_punjabi_003.wav,5,10
6eb5763d83c555acce745d15e546ff2e,punjabi,fake,fft,fft_punjabi_003.wav,6,10
88f9d8e6e67881f5133bbb7ed9d79884,punjabi,fake,fft,fft_punjabi_003.wav,7,10
d909f7c16c13a9f911f7aa5b65cbea83,punjabi,fake,fft,fft_punjabi_003.wav,8,10
c569e899fc34db01d5d03cf528fb9216,punjabi,fake,fft,fft_punjabi_003.wav,9,10
b118081f7fcb21b6714cfdd4ce76258e,punjabi,fake,fft,fft_punjabi_003.wav,10,10
bf85160a7fe4e8d22fdc37460b15bb20,punjabi,fake,fft,fft_punjabi_003.wav,11,10
43ec9f64e8b33afcd648e7fd1ac2b40c,punjabi,fake,fft,fft_punjabi_003.wav,12,10
b96df39b509cb842d8b67b0921fb64de,punjabi,fake,fft,fft_punjabi_003.wav,13,10
bf3e7fbbf03c4c1f3b1bca8d75aa88e4,punjabi,fake,fft,fft_punjabi_003.wav,14,10
a5f750608296744386c36066ddf5a44f,punjabi,fake,fft,fft_punjabi_003.wav,15,10
6b9feb4d13c513a072e226612c683ac9,punjabi,fake,fft,fft_punjabi_003.wav,16,10
7a3dee0f1a1608cc37d128063a61a019,punjabi,fake,fft,fft_punjabi_003.wav,17,10
659943fc672e69c21285b69afbeb6c4d,punjabi,fake,fft,fft_punjabi_004.wav,0,10
590ca8a3793d667ef245a266c5acd953,punjabi,fake,fft,fft_punjabi_004.wav,1,10
a92d8261fb1feb8a76653806ee8eb3c3,punjabi,fake,fft,fft_punjabi_004.wav,2,10
571f27f1fdc54d1252b8445533c80dd9,punjabi,fake,fft,fft_punjabi_004.wav,3,10
b4cd20f6bd2d8baf5ae156901139a39c,punjabi,fake,fft,fft_punjabi_004.wav,4,10
2573de4f5f9736773c8c14d453da928c,punjabi,fake,fft,fft_punjabi_004.wav,5,10
9504f7c4b6c436cff9663386104e7278,punjabi,fake,fft,fft_punjabi_004.wav,6,10
c05f11d1e3b5f87d1744c10290b59151,punjabi,fake,fft,fft_punjabi_004.wav,7,10
9dc0cd48f721aaacd7dcc0e4db6b365b,punjabi,fake,fft,fft_punjabi_004.wav,8,10
b1a35fda122f7181a3be1c2c8e2047b6,punjabi,fake,fft,fft_punjabi_004.wav,9,10
2f1ae9930d11d327f448b57501812b07,punjabi,fake,fft,fft_punjabi_004.wav,10,10
b6ad04aae5c2d72bc394d895dec97b9b,punjabi,fake,fft,fft_punjabi_004.wav,11,10
0da20318d75d1033540839a7d0a8184d,punjabi,fake,fft,fft_punjabi_004.wav,12,10
f77d2cc9e4f8ba150f48ac41ffe1e27d,punjabi,fake,fft,fft_punjabi_004.wav,13,10
ebd003d4cb10711d8342ed9ef1279dab,punjabi,fake,fft,fft_punjabi_004.wav,14,10
db4888372a1eb534ec8b0ec936d9a044,punjabi,fake,fft,fft_punjabi_004.wav,15,10
2d7916bbf4af2399cbde74ef7cff0350,punjabi,fake,fft,fft_punjabi_004.wav,16,10
edcd9ea49ef52e540958d7881212b6ff,punjabi,fake,fft,fft_punjabi_004.wav,17,10
8113b343c98ab61f5cbae6c0544ede51,punjabi,fake,fft,fft_punjabi_004.wav,18,10
cb3c5e539ed3d9ae8bc358a0342c5979,punjabi,fake,fft,fft_punjabi_004.wav,19,10
7c2ca6d0aaff9df3e17e78dc73114bbc,punjabi,fake,fft,fft_punjabi_005.wav,0,10
074e4a4784483860ef3d25646f872a89,punjabi,fake,fft,fft_punjabi_005.wav,1,10
04676820e9af5b0a5fb60c7951bf2d7e,punjabi,fake,fft,fft_punjabi_005.wav,2,10
1e7bc3fdad203f6de75ccbaef158b1e5,punjabi,fake,fft,fft_punjabi_005.wav,3,10
6db5d4f0173c4326ff0aab707d43a081,punjabi,fake,fft,fft_punjabi_005.wav,4,10
7f2c46fe9c1e5b8e6a877ce182e74054,punjabi,fake,fft,fft_punjabi_005.wav,5,10
bc50ee68f7974d615690f2d2cabf0588,punjabi,fake,fft,fft_punjabi_005.wav,6,10
dd8ff965b6702b5e34b6ac5ec6cb8984,punjabi,fake,fft,fft_punjabi_005.wav,7,10
34473c0326644266b0e23d04effc7376,punjabi,fake,fft,fft_punjabi_005.wav,8,10
69d82fc135c3b5552d6b2e14108e9625,punjabi,fake,fft,fft_punjabi_005.wav,9,10
3dc6716dc222c4c3b9b37c8f577c405c,punjabi,fake,fft,fft_punjabi_005.wav,10,10
967a03944b147309c4f50fa512a82be4,punjabi,fake,fft,fft_punjabi_005.wav,11,10
1749577d9b3e1159a66e6e43ec4ae23a,punjabi,fake,fft,fft_punjabi_005.wav,12,10
6448bdebac8ea0e306b4372976c2d307,punjabi,fake,fft,fft_punjabi_005.wav,13,10
ffb10d43018865127cdf9835d0192838,punjabi,fake,fft,fft_punjabi_005.wav,14,10
5aaa83efd77f93c7e1cc4b90137eb901,punjabi,fake,fft,fft_punjabi_005.wav,15,10
1f2ebf100117386fcb566ae5627808be,punjabi,fake,fft,fft_punjabi_005.wav,16,10
afade58b030d722cd6c474826944a56d,punjabi,fake,fft,fft_punjabi_005.wav,17,10
7f7a9493353d16fa801e0bca75cb03a3,punjabi,fake,fft,fft_punjabi_005.wav,18,10
d7f7ae1ee36b7e92c5c694edde31f869,punjabi,fake,fft,fft_punjabi_005.wav,19,10
9ae828db9efa6393fdf718f1c7fc4936,punjabi,fake,fft,fft_punjabi_005.wav,20,10
a800db2cc96e2cb0adc79ce1cc61dde7,punjabi,fake,fft,fft_punjabi_006.wav,0,10
4504a96d91d4669313577bc03ef8512d,punjabi,fake,fft,fft_punjabi_006.wav,1,10
d738f1f9e1d3c942b75f46d18b2d2e06,punjabi,fake,fft,fft_punjabi_006.wav,2,10
fcbee8c7188514c0486a1e27a36f109f,punjabi,fake,fft,fft_punjabi_006.wav,3,10
ac3e37e62c042b1ab01cff7268bd3b27,punjabi,fake,fft,fft_punjabi_006.wav,4,10
83829c2bcddb002596eccaeced32c6fd,punjabi,fake,fft,fft_punjabi_006.wav,5,10
232bb8a531b7c5239b933bc71b309873,punjabi,fake,fft,fft_punjabi_006.wav,6,10
ee7d0f24776a7156638f6baf7122b7ac,punjabi,fake,fft,fft_punjabi_006.wav,7,10
05bde813f8a38eb6868cfc4685aeb7d6,punjabi,fake,fft,fft_punjabi_006.wav,8,10
eec7cc7089a3789e75a3907c5ded4c41,punjabi,fake,fft,fft_punjabi_006.wav,9,10
18f7cf91038ecc9fa0cab2f0694fc936,punjabi,fake,fft,fft_punjabi_006.wav,10,10
92dfe35d366acd96a9cadff548701702,punjabi,fake,fft,fft_punjabi_006.wav,11,10
373d34a4e12576969aec51398918b203,punjabi,fake,fft,fft_punjabi_006.wav,12,10
c72626161f15c036a4cbc1745e684845,punjabi,fake,fft,fft_punjabi_006.wav,13,10
9fa586f5a1d0eaa62c9c8036325182a2,punjabi,fake,fft,fft_punjabi_006.wav,14,10
f11b84bf3ecc61a3c5da4e72346062ce,punjabi,fake,fft,fft_punjabi_006.wav,15,10
af7c255fae31da338f5497264661a848,punjabi,fake,fft,fft_punjabi_006.wav,16,10
1a3ebd19b528c4fa854fc5d8bc9cc03e,punjabi,fake,fft,fft_punjabi_006.wav,17,10
114b66de74464ebcbce58d2b8f4236cb,punjabi,fake,fft,fft_punjabi_006.wav,18,10
5d37c97586644118efa25a85743a39e7,punjabi,fake,fft,fft_punjabi_006.wav,19,10
4bd593863cfc8288b9c2d878f4f162e1,punjabi,fake,fft,fft_punjabi_007.wav,0,10
ce6f0ab2adf2059ef40e97cc9160b64d,punjabi,fake,fft,fft_punjabi_007.wav,1,10
3e0986a4d83127074f452de585b42b8d,punjabi,fake,fft,fft_punjabi_007.wav,2,10
b734152f8d212cf0e08dcdd0e2577f30,punjabi,fake,fft,fft_punjabi_007.wav,3,10
ebda15b7bf2293ca4be303dd79bdc1d0,punjabi,fake,fft,fft_punjabi_007.wav,4,10
fb77f62513ca053f235bb00701b64d18,punjabi,fake,fft,fft_punjabi_007.wav,5,10
418528ce1d982c30b9f2c9152e0c512a,punjabi,fake,fft,fft_punjabi_007.wav,6,10
234b34cb3bf2589272b0ead30b329697,punjabi,fake,fft,fft_punjabi_007.wav,7,10
ad0113792c5f126128a35de788d94918,punjabi,fake,fft,fft_punjabi_007.wav,8,10
2130547b0113296c53f386536c00e712,punjabi,fake,fft,fft_punjabi_007.wav,9,10
9c8f05f6a7df3f331d1cc973c271b33e,punjabi,fake,fft,fft_punjabi_007.wav,10,10
17276b74f79b47a7c6b4f8c622ea302d,punjabi,fake,fft,fft_punjabi_007.wav,11,10
54bde2e66438227a2ef58ec1ec7127e0,punjabi,fake,fft,fft_punjabi_007.wav,12,10
dd321cbf446f9da6d64ca2dfad19f815,punjabi,fake,fft,fft_punjabi_007.wav,13,10
4e4cda658393e10dcfc2bb6d773988fb,punjabi,fake,fft,fft_punjabi_007.wav,14,10
bc212880b563b2dd7b20ab4df945b954,punjabi,fake,fft,fft_punjabi_007.wav,15,10
0030f1d568a104b7e26567016781b3ed,punjabi,fake,fft,fft_punjabi_007.wav,16,10
5e946292c6422b5f9b3c1e9493a4f348,punjabi,fake,fft,fft_punjabi_007.wav,17,10
d62a25b3b83a5664a36d4641229f2fb2,punjabi,fake,fft,fft_punjabi_007.wav,18,10
59866eda5d1c84f4215ce39f13085c9e,punjabi,fake,fft,fft_punjabi_007.wav,19,10
1867ca04a21690f2f050a508407b24c8,punjabi,fake,fft,fft_punjabi_007.wav,20,10
bd06075d07065da640af4078ae297d5f,punjabi,fake,fft,fft_punjabi_007.wav,21,10
d2bbc70ef0c37f78273f1c9adac682c9,punjabi,fake,fft,fft_punjabi_007.wav,22,10
924e9fc786e40293981a7951fc1f0ac7,punjabi,fake,fft,fft_punjabi_007.wav,23,10
7e63b682b117f225fbb563e6122463e7,punjabi,fake,fft,fft_punjabi_007.wav,24,10
1f0fc072bd560e64b27bcf0f1e6a35f1,punjabi,fake,fft,fft_punjabi_007.wav,25,10
e69f2138a5fa15512266f8f9fac5cbee,punjabi,fake,fft,fft_punjabi_007.wav,26,10
3e7a7fe1bcc6bf0cedf906527f589c4c,punjabi,fake,fft,fft_punjabi_008.wav,0,10
49b66881bb3f70ca3226ee9a7567ab79,punjabi,fake,fft,fft_punjabi_008.wav,1,10
be731ddf3d1e7b791f95feee58ef7365,punjabi,fake,fft,fft_punjabi_008.wav,2,10
e131ecfb35febe1a76b76c01bfa3d1f1,punjabi,fake,fft,fft_punjabi_008.wav,3,10
fd21105a5f7f23dd7401a953979071c0,punjabi,fake,fft,fft_punjabi_008.wav,4,10
c1f2f33dac56f8137d0ac58d410c1362,punjabi,fake,fft,fft_punjabi_008.wav,5,10
af56ac0eb83b5595ade912ebcd739549,punjabi,fake,fft,fft_punjabi_008.wav,6,10
add2fc1c4a1310a582413641287e36ac,punjabi,fake,fft,fft_punjabi_008.wav,7,10
249c101979e0c31f8a85ea5663d682da,punjabi,fake,fft,fft_punjabi_008.wav,8,10
03b34861c4d464756e931256cc6bec65,punjabi,fake,fft,fft_punjabi_008.wav,9,10
08da9ccb5a4e482a4a0bc6f21800a570,punjabi,fake,fft,fft_punjabi_008.wav,10,10
1518c4b4bb1fae9b1e8a7a24292b9005,punjabi,fake,fft,fft_punjabi_008.wav,11,10
eb37a9d463e4e437178abd80fc0bb3fa,punjabi,fake,fft,fft_punjabi_008.wav,12,10
84139ff9555d8a1cf630b62240929ae6,punjabi,fake,fft,fft_punjabi_008.wav,13,10
5d9d14218b89d1f88e58bd674cc14a6f,punjabi,fake,fft,fft_punjabi_008.wav,14,10
fde0fba6025e95b43a5064a57e55077b,punjabi,fake,fft,fft_punjabi_008.wav,15,10
c490577de989b8969eec8c0cbab81919,punjabi,fake,fft,fft_punjabi_008.wav,16,10
ea3f3e36868524aa408220378273d6a9,punjabi,fake,fft,fft_punjabi_008.wav,17,10
a69681c2fe8aec314babd8a5aba18436,punjabi,fake,fft,fft_punjabi_008.wav,18,10
a0c5599ff9031631c25b64995b34bce0,punjabi,fake,fft,fft_punjabi_008.wav,19,10
282317ba518227ff56e8c6da6ac69ff1,punjabi,fake,fft,fft_punjabi_008.wav,20,10
96f333d35434731d4de37d2ca21f447c,punjabi,fake,fft,fft_punjabi_008.wav,21,10
272371b25a8806cb97052a6658577227,punjabi,fake,fft,fft_punjabi_008.wav,22,10
470d4ea49f1ac843fb6a3b0c82298594,punjabi,fake,fft,fft_punjabi_008.wav,23,10
7e3bbbd839e2ca8960a26a492fde3810,punjabi,fake,fft,fft_punjabi_008.wav,24,10
7464ba58a6d523752ffc285c38e9df0c,punjabi,fake,fft,fft_punjabi_008.wav,25,10
eeca809e9c4e70280bbfe3dfc5714dc3,punjabi,fake,fft,fft_punjabi_008.wav,26,10
fba0e319b2ccf9cc7fa6bd4a38abe447,punjabi,fake,fft,fft_punjabi_008.wav,27,10
a85f2f3feab51cfd91ded1318d37a8aa,punjabi,fake,fft,fft_punjabi_009.wav,0,10
432706be3ac77a01c47b9e33c66afda0,punjabi,fake,fft,fft_punjabi_009.wav,1,10
a74065855d2885cbaa08b1e04bb9da64,punjabi,fake,fft,fft_punjabi_009.wav,2,10
676ef01192b18ed48229b3c8d92e5b66,punjabi,fake,fft,fft_punjabi_009.wav,3,10
3e3c3e05c17bfd79ca79efffea8b7826,punjabi,fake,fft,fft_punjabi_009.wav,4,10
47b831ba894da7507de026549cef0f9c,punjabi,fake,fft,fft_punjabi_009.wav,5,10
ab1a4fae75e98711b34adad952fe992f,punjabi,fake,fft,fft_punjabi_009.wav,6,10
ee1ffc78e04ff76e1a4da4b10a612818,punjabi,fake,fft,fft_punjabi_009.wav,7,10
650afb87c0eb7fc31efe0aafc70136fa,punjabi,fake,fft,fft_punjabi_009.wav,8,10
d1e3ed02831ac6883ec6204f58d40e9a,punjabi,fake,fft,fft_punjabi_009.wav,9,10
e7e0548c509a0f7b5c20d1cc7bf193c6,punjabi,fake,fft,fft_punjabi_009.wav,10,10
3a60f18f498b08e2553cb20ba9950167,punjabi,fake,fft,fft_punjabi_009.wav,11,10
ad99b301d7f02a1d91a924aa28281b68,punjabi,fake,fft,fft_punjabi_009.wav,12,10
46655ba0ade64a314b677961e6da1a7d,punjabi,fake,fft,fft_punjabi_009.wav,13,10
cd728b78a206254a05feef807a001467,punjabi,fake,fft,fft_punjabi_009.wav,14,10
f6f50e45707975043582a85f4ecefa78,punjabi,fake,fft,fft_punjabi_009.wav,15,10
cf32f52e53c04ff3f6c4a94b72faed84,punjabi,fake,fft,fft_punjabi_009.wav,16,10
b917bbdcc772cdf3b10f10b297af5f8e,punjabi,fake,fft,fft_punjabi_009.wav,17,10
92b23b45354d2b1f8104d2ab1636a2c1,punjabi,fake,fft,fft_punjabi_009.wav,18,10
016531fedbcdade7887912d03df43c3c,punjabi,fake,fft,fft_punjabi_010.wav,0,10
fd965ab660d72e8f4a673b278d872071,punjabi,fake,fft,fft_punjabi_010.wav,1,10
4425fa2d7ad370814b688b5b644c43b1,punjabi,fake,fft,fft_punjabi_010.wav,2,10
56cb36dd3cffd54c1cee42a48c93b1d9,punjabi,fake,fft,fft_punjabi_010.wav,3,10
feef3838e4be2b664aa3eb32c5f74ac4,punjabi,fake,fft,fft_punjabi_010.wav,4,10
5071c9f846b60a3e0b77574e2a30dfc2,punjabi,fake,fft,fft_punjabi_010.wav,5,10
a2ad9076385f9ced979848afdf7cbfa2,punjabi,fake,fft,fft_punjabi_010.wav,6,10
8ee90ab10d6dd8e04c77af14aeec8f94,punjabi,fake,fft,fft_punjabi_010.wav,7,10
6c22ed4d9c9db57352ef5d5be654ac54,punjabi,fake,fft,fft_punjabi_010.wav,8,10
2cb00840e932308f4fb161d60bf38947,punjabi,fake,fft,fft_punjabi_010.wav,9,10
507d28495c81f0e823c82cc2f4c4f8d6,punjabi,fake,fft,fft_punjabi_010.wav,10,10
17281345212ad39e64454a8c2bf2706c,punjabi,fake,fft,fft_punjabi_010.wav,11,10
bc7e846d8bd72a2bbfdd80335a43ff80,punjabi,fake,fft,fft_punjabi_010.wav,12,10
c6274403663cedd6a2582b1b60439c2b,punjabi,fake,fft,fft_punjabi_010.wav,13,10
47676c5de0a31c4c9ae6ffe88eb40089,punjabi,fake,fft,fft_punjabi_010.wav,14,10
1b77056b429efc7601b76d856cf5ae2e,punjabi,fake,fft,fft_punjabi_010.wav,15,10
f02a8b268f79b601902f35f19cd62907,punjabi,fake,fft,fft_punjabi_010.wav,16,10
8cb09c5abab4af56292570a2a0b02cb5,punjabi,fake,fft,fft_punjabi_010.wav,17,10
f47bc0bec459de6891e2f6df8fb1055d,punjabi,fake,fft,fft_punjabi_011.wav,0,10
772dc1256ce68febcb9112c4ac5afb55,punjabi,fake,fft,fft_punjabi_011.wav,1,10
529f5a9b445ab03c063cd2d48169e804,punjabi,fake,fft,fft_punjabi_011.wav,2,10
3dd62c1c3c9bcf421d860d1d5e8e2237,punjabi,fake,fft,fft_punjabi_012.wav,0,10
91f7734a8bdfb7487238d52b56052f5e,punjabi,fake,fft,fft_punjabi_012.wav,1,10
5eda4388dfb1970090a877df944380bc,punjabi,fake,fft,fft_punjabi_012.wav,2,10
2323f3697586d13d4889ea1d57d3135e,punjabi,fake,fft,fft_punjabi_012.wav,3,10
b4d87524009142437ca84a3c7b8d7ac4,punjabi,fake,fft,fft_punjabi_012.wav,4,10
2092be45d252494474941fcada516d71,punjabi,fake,fft,fft_punjabi_012.wav,5,10
5ee6156cd3ab48fcc1bbb782bc0d9e19,punjabi,fake,fft,fft_punjabi_012.wav,6,10
102ac1d5cf3f186c7d75de825a06a299,punjabi,fake,fft,fft_punjabi_012.wav,7,10
e212d4a35369110f01a8b3e18872322c,punjabi,fake,fft,fft_punjabi_012.wav,8,10
718f251dfa8ba81048cfe6368101cbd6,punjabi,fake,fft,fft_punjabi_012.wav,9,10
f8803b325bceb3e2e4351ad0a8b64515,punjabi,fake,fft,fft_punjabi_012.wav,10,10
0d6e9497005ba78c5bfba75de9d865c3,punjabi,fake,fft,fft_punjabi_012.wav,11,10
66b443124ac9f011d21c035621973936,punjabi,fake,fft,fft_punjabi_012.wav,12,10
80935ec47510ae63b4cebb92bf7ed218,punjabi,fake,fft,fft_punjabi_012.wav,13,10
53ced973fccdf311a891d4c23ee0d6b3,punjabi,fake,fft,fft_punjabi_012.wav,14,10
ef38b7728236f82421a83b972879707e,punjabi,fake,fft,fft_punjabi_012.wav,15,10
9a7da92f2446ef42fef210105debffed,punjabi,fake,fft,fft_punjabi_012.wav,16,10
d0e8e6b6a801af95f4aea088ed17e72a,punjabi,fake,fft,fft_punjabi_012.wav,17,10
87d29644264244d366fc764c33e933f9,punjabi,fake,fft,fft_punjabi_012.wav,18,10
1608b3f02e566f69e447e8d78d5550a4,punjabi,fake,fft,fft_punjabi_012.wav,19,10
db1a7e6488dc8668f117e05248682f67,punjabi,fake,fft,fft_punjabi_012.wav,20,10
da2d1443e24ba3b580eb91beffa33276,punjabi,fake,fft,fft_punjabi_012.wav,21,10
84201ec3f94a101ec99fa8e820f198ae,punjabi,fake,fft,fft_punjabi_013.wav,0,10
c6b8ce07a40b5b98161d02fbb194a264,punjabi,fake,fft,fft_punjabi_013.wav,1,10
20033fb1c593d407c3ec6ecd156b48d1,punjabi,fake,fft,fft_punjabi_013.wav,2,10
b0854187153cc23b6c7568bf48f1b278,punjabi,fake,fft,fft_punjabi_013.wav,3,10
53354e38389e49316a8a3b150a80d295,punjabi,fake,fft,fft_punjabi_013.wav,4,10
8efc59cf0d8de6640d8575a7e9c91f22,punjabi,fake,fft,fft_punjabi_013.wav,5,10
8b1308002b7d9c146e7a21b7374ffc73,punjabi,fake,fft,fft_punjabi_013.wav,6,10
92cc52d53f7ccd2896bf810be09f8763,punjabi,fake,fft,fft_punjabi_013.wav,7,10
e8b7bd87948e4fb6386ac54d7a7861cb,punjabi,fake,fft,fft_punjabi_013.wav,8,10
7a6a9994dc074101e45057799c4aadd4,punjabi,fake,fft,fft_punjabi_013.wav,9,10
dbecf167220f8a702c404f42ef2324b4,punjabi,fake,fft,fft_punjabi_013.wav,10,10
fcd27968f8d582d4e795e4b18dd786db,punjabi,fake,fft,fft_punjabi_013.wav,11,10
792827f279d495a8f3efa4be57ebae24,punjabi,fake,fft,fft_punjabi_013.wav,12,10
af025827c00bc20dbd8b582aaed73be1,punjabi,fake,fft,fft_punjabi_013.wav,13,10
5a6e2e7ff23fdfea3edb9bb0c7a0b24d,punjabi,fake,fft,fft_punjabi_013.wav,14,10
c56ea9a4ef1ecfddc982ba527558b829,punjabi,fake,fft,fft_punjabi_013.wav,15,10
75bb0023d49a45a91ea8f9a11bc9eef7,punjabi,fake,fft,fft_punjabi_013.wav,16,10
e2dff6c5ff351efefd4ea2f44ee97311,punjabi,fake,fft,fft_punjabi_013.wav,17,10
eceb14d0e510cbf96855e240bbaa0618,punjabi,fake,fft,fft_punjabi_013.wav,18,10
ab487495da35ad0c94dfe2e56a139c74,punjabi,fake,fft,fft_punjabi_013.wav,19,10
a5f4b75d6ef21ec8f015526dad151b6a,punjabi,fake,fft,fft_punjabi_013.wav,20,10
34a08d36ba46e008e01f9b6ac6318bcf,punjabi,fake,fft,fft_punjabi_013.wav,21,10
0fd40c688f5963459c7853d92ec543ea,punjabi,fake,fft,fft_punjabi_013.wav,22,10
9339e47ceeb27cfa31c0a22cecc3203c,punjabi,fake,fft,fft_punjabi_013.wav,23,10
6895d8136a84862ea3c382641167c43e,punjabi,fake,fft,fft_punjabi_013.wav,24,10
addfaf73e9bebdb007713792d7b4969f,punjabi,fake,fft,fft_punjabi_013.wav,25,10
9ad47e4bfc1dab7c0e78e8d942370806,punjabi,fake,fft,fft_punjabi_013.wav,26,10
78dbf264a80155ce05754025f02edf64,punjabi,fake,fft,fft_punjabi_013.wav,27,10
f2d8189af24b8ff3925c070ef4765ef8,punjabi,fake,fft,fft_punjabi_013.wav,28,10
2d7e7c43c5a9a857d5d82a6a5c97003c,punjabi,fake,fft,fft_punjabi_013.wav,29,10
0bcb7b8db4f274f60cf5f943162444bf,punjabi,fake,fft,fft_punjabi_013.wav,30,10
84b2e3cc9d6aa5fe074c26bf21e2cdce,punjabi,fake,fft,fft_punjabi_013.wav,31,10
1a66b0436d85c3d43d5d72190651f54f,punjabi,fake,fft,fft_punjabi_013.wav,32,10
05de0848b690c4974e124f87e89b8601,punjabi,fake,fft,fft_punjabi_013.wav,33,10
52694300bb815f90f750d5ddb0ba0d99,punjabi,fake,fft,fft_punjabi_013.wav,34,10
c5299e23e77140eb19e76f17b9bcfb6e,punjabi,fake,fft,fft_punjabi_013.wav,35,10
d0ea52a52ea6f20932532d1b9bd154c5,punjabi,fake,fft,fft_punjabi_013.wav,36,10
c5d669a759bb426921b6a2e06f37f0d2,punjabi,fake,fft,fft_punjabi_013.wav,37,10
da12e3a5f94af54b7fe88dbbe35be520,punjabi,fake,fft,fft_punjabi_013.wav,38,10
16f4afcd3f5d80cd3fa01d4dcb47aa90,punjabi,fake,fft,fft_punjabi_013.wav,39,10
98e19a895206faec8422c1ef28350ff2,punjabi,fake,fft,fft_punjabi_013.wav,40,10
50184e1f83da4817e7788da1f93729f0,punjabi,fake,fft,fft_punjabi_013.wav,41,10
e7a2e02270eaf5de5d62beb457565580,punjabi,fake,fft,fft_punjabi_013.wav,42,10
fac50cfa3002674b7c7874fe9f1bf02e,punjabi,fake,fft,fft_punjabi_013.wav,43,10
33b3e7c4b4108aa4ca09a60f2d0dd7fb,punjabi,fake,fft,fft_punjabi_013.wav,44,10
35735741890e8be2bfb899ba7cfbef1b,punjabi,fake,fft,fft_punjabi_013.wav,45,10
9ad835c24dcde3a77a3a67659f2c343c,punjabi,fake,fft,fft_punjabi_014.wav,0,10
a45a46edb81718f9d3b4e2e5d5b4498b,punjabi,fake,fft,fft_punjabi_014.wav,1,10
d9c8c5415cc710c97c943e7477955414,punjabi,fake,fft,fft_punjabi_014.wav,2,10
db9821fabebf51f9d1314a460c7bca46,punjabi,fake,fft,fft_punjabi_014.wav,3,10
8cee74da26d2c2fe25ce54bcb1414ea5,punjabi,fake,fft,fft_punjabi_014.wav,4,10
f7f47dfdd1e456c525b4472deb6e3eb0,punjabi,fake,fft,fft_punjabi_014.wav,5,10
4f9d61b98458ee4747a90e1dda42e094,punjabi,fake,fft,fft_punjabi_014.wav,6,10
4a1ef268feecc41b7946e20807a46a77,punjabi,fake,fft,fft_punjabi_014.wav,7,10
9666876ff4fdb8fdd2d0550045f18592,punjabi,fake,fft,fft_punjabi_014.wav,8,10
79ee223d150f45d73009a94f07d2bd7c,punjabi,fake,fft,fft_punjabi_014.wav,9,10
68c48fe9504c9fc015fecf595753e0d1,punjabi,fake,fft,fft_punjabi_014.wav,10,10
a03a8ab7af55127f6823d195a5bb7367,punjabi,fake,fft,fft_punjabi_014.wav,11,10
025fad62a04ffc19675b6d4e74bfd1a9,punjabi,fake,fft,fft_punjabi_014.wav,12,10
26de194e08cd4d4c1e85c15f20767e4a,punjabi,fake,fft,fft_punjabi_014.wav,13,10
3774f519d29f85c38f824a9928b8258d,punjabi,fake,fft,fft_punjabi_014.wav,14,10
6de57d40032787aee6e7bf068381cb91,punjabi,fake,fft,fft_punjabi_014.wav,15,10
b950245eb171990e80184484c10dde2d,punjabi,fake,fft,fft_punjabi_014.wav,16,10
b26fbcc63d7783822cb492fa0b1f69f1,punjabi,fake,fft,fft_punjabi_014.wav,17,10
2e01131abe23441a660b695b0b6fdb27,punjabi,fake,fft,fft_punjabi_014.wav,18,10
07dc711bf0435409d6c19658c50f8c28,punjabi,fake,fft,fft_punjabi_014.wav,19,10
877a04d028aed683b329dd9e25781f99,punjabi,fake,fft,fft_punjabi_014.wav,20,10
ceb10a99647a39c48c99288f15f3204f,punjabi,fake,fft,fft_punjabi_014.wav,21,10
7c5c4978f614bee54738235001ce44e8,punjabi,fake,fft,fft_punjabi_014.wav,22,10
9a08fc4e3d705b93afe96adfe331bd30,punjabi,fake,fft,fft_punjabi_015.wav,0,10
9e943aad22963de3d152a3dd6d08eb33,punjabi,fake,fft,fft_punjabi_015.wav,1,10
fa72009f7d832786b45de7d63eca301f,punjabi,fake,fft,fft_punjabi_015.wav,2,10
ed3990799250dde07c044ff8c7895d81,punjabi,fake,fft,fft_punjabi_015.wav,3,10
70d536eb929ec0c0986160f0b9f822e2,punjabi,fake,fft,fft_punjabi_015.wav,4,10
c3d0c1fc1a36445826040183e2a4d5a8,punjabi,fake,fft,fft_punjabi_015.wav,5,10
b7f1b3e0720cf81eded1b160456cdee7,punjabi,fake,fft,fft_punjabi_015.wav,6,10
53d329ca57b4e07207f527d53ff726b4,punjabi,fake,fft,fft_punjabi_015.wav,7,10
fd7a63a27a85c8c7dfe8d9d14fcdc7dc,punjabi,fake,fft,fft_punjabi_015.wav,8,10
3c0046f4b7047c14e0b2762a9e94ab1e,punjabi,fake,fft,fft_punjabi_015.wav,9,10
53d9c5d0439dac51e0e5799cc3a7742c,punjabi,fake,fft,fft_punjabi_015.wav,10,10
60e0f8b0491ae2e41bd4fd3866b2d596,punjabi,fake,fft,fft_punjabi_015.wav,11,10
f6390b0afc6d34cdfffe819783e4028c,punjabi,fake,fft,fft_punjabi_015.wav,12,10
0dce5a8790bb835b0682f344e546afbc,punjabi,fake,fft,fft_punjabi_015.wav,13,10
254038e0655455921729ca1971bde0cf,punjabi,fake,fft,fft_punjabi_015.wav,14,10
c3013febfe8c6e6d1dffd3d58cf3113c,punjabi,fake,fft,fft_punjabi_015.wav,15,10
45d855d0a8c4f7b982b8ea53f8516933,punjabi,fake,fft,fft_punjabi_015.wav,16,10
c65c589e878948d0cb87f0240d9d5665,punjabi,fake,fft,fft_punjabi_015.wav,17,10
d18b1daed2c727d7eb37f8fc3b68750d,punjabi,fake,fft,fft_punjabi_015.wav,18,10
b8d2f6d1f866ca288658f5c688100f7d,punjabi,fake,fft,fft_punjabi_015.wav,19,10
1e30dd6850d5bb5cf45235758f7312a5,punjabi,fake,fft,fft_punjabi_015.wav,20,10
735946a81735efeede4b9d8ee84cd2be,punjabi,fake,fft,fft_punjabi_016.wav,0,10
81081b3ee2a774ca4796a41716a3f0e2,punjabi,fake,fft,fft_punjabi_016.wav,1,10
d1fe0c33ce1d59cc9827390742026874,punjabi,fake,fft,fft_punjabi_016.wav,2,10
227b376efe922ce02ec951a7222e82d2,punjabi,fake,fft,fft_punjabi_016.wav,3,10
35ecc710abcee5d357881560e90b498e,punjabi,fake,fft,fft_punjabi_016.wav,4,10
33a3e5ef281f20b760f60f625b4d165f,punjabi,fake,fft,fft_punjabi_016.wav,5,10
cfda58c3ccdac95538479e544673fdcc,punjabi,fake,fft,fft_punjabi_016.wav,6,10
ff8baebeb4c1a085f73ccfdd0d40c4d3,punjabi,fake,fft,fft_punjabi_016.wav,7,10
2fd4d9e42bfc195b9453e6e3ea7511eb,punjabi,fake,fft,fft_punjabi_016.wav,8,10
8c56367515a2ea31146fb5713ab2aa30,punjabi,fake,fft,fft_punjabi_016.wav,9,10
e88de6946770f14b686671c4eb68ca1a,punjabi,fake,fft,fft_punjabi_016.wav,10,10
7aa4be5941378d79be9751a487232103,punjabi,fake,fft,fft_punjabi_016.wav,11,10
ab7e4cecc98c644ba2e9ada60a2c875e,punjabi,fake,fft,fft_punjabi_016.wav,12,10
766d5a27b49de4a7a59fa4770673eb7c,punjabi,fake,fft,fft_punjabi_016.wav,13,10
b0fd20104c906c4f83af7857ad5be33b,punjabi,fake,fft,fft_punjabi_016.wav,14,10
0ed93cfaf8c41dfbd27480d105f339e5,punjabi,fake,fft,fft_punjabi_016.wav,15,10
a5ab173bb2cee654f934c9f4da777c59,punjabi,fake,fft,fft_punjabi_017.wav,0,10
03643cc0409a50a3684764274b550c65,punjabi,fake,fft,fft_punjabi_017.wav,1,10
2be6eed5cafee03f545791fb1712cfa8,punjabi,fake,fft,fft_punjabi_017.wav,2,10
15a9c6e91fd8ac5ce5d35481dc6da1b9,punjabi,fake,fft,fft_punjabi_017.wav,3,10
6b37731bd75df6a8e90c63f706cd194d,punjabi,fake,fft,fft_punjabi_017.wav,4,10
ed696ce7e8a70f774f7360b0c7eaf050,punjabi,fake,fft,fft_punjabi_017.wav,5,10
9d5b5ee36712e7a700b54b9a55b58fa8,punjabi,fake,fft,fft_punjabi_017.wav,6,10
280b33f5b32f0319a964dbfe770bc35c,punjabi,fake,fft,fft_punjabi_017.wav,7,10
640205c04fcca081dc10904f265098e7,punjabi,fake,fft,fft_punjabi_017.wav,8,10
a02a78ade6f46fa01d84ce817807d571,punjabi,fake,fft,fft_punjabi_017.wav,9,10
657a0147b5a262d0dd119382da3b624d,punjabi,fake,fft,fft_punjabi_017.wav,10,10
c3b3e9f206fed0cfd15671b1b5b16901,punjabi,fake,fft,fft_punjabi_017.wav,11,10
ead025520ffea3b35d20ed293b262855,punjabi,fake,fft,fft_punjabi_017.wav,12,10
e5a9f55099c576b6cb275ac5e6e4e7d0,punjabi,fake,fft,fft_punjabi_017.wav,13,10
82e7ae00077933b5952b5e94b0e7f1e9,punjabi,fake,fft,fft_punjabi_017.wav,14,10
c7d07196b8098f28ab4bf4e0c99536ef,punjabi,fake,fft,fft_punjabi_017.wav,15,10
19f62a53ca1d7262c3045e346748098f,punjabi,fake,fft,fft_punjabi_017.wav,16,10
9302675b94881f213df8b4e30bd8a204,punjabi,fake,fft,fft_punjabi_017.wav,17,10
c55c33abecf8f27035dd85084a22397a,punjabi,fake,fft,fft_punjabi_017.wav,18,10
70cd7161e168f2d8386ea8a799eb0e66,punjabi,fake,fft,fft_punjabi_017.wav,19,10
ebfd99cb7e2b790cd4ba3d7bc1be8881,punjabi,fake,fft,fft_punjabi_017.wav,20,10
c2ddc6c39da4274470254768297c8f21,punjabi,fake,fft,fft_punjabi_017.wav,21,10
cca25a4355a05cc66ff21dc1043a2a5a,punjabi,fake,fft,fft_punjabi_017.wav,22,10
0476e9473ff2b99d724f0443c1b29d9e,punjabi,fake,fft,fft_punjabi_017.wav,23,10
f7e829338de9cc268cdab689fc73190a,punjabi,fake,fft,fft_punjabi_017.wav,24,10
5309b1828450e9c9fb51aa4805c0fe0f,punjabi,fake,fft,fft_punjabi_017.wav,25,10
85b1a8eb2ad3256369144c4cbaa92028,punjabi,fake,fft,fft_punjabi_018.wav,0,10
eb88358f423d80fb339866e16a1a8f2f,punjabi,fake,fft,fft_punjabi_018.wav,1,10
dc9f0ca419be1eba5c9045c88949f8f8,punjabi,fake,fft,fft_punjabi_018.wav,2,10
2a052de1072e16d5722f1f7d6cd88e91,punjabi,fake,fft,fft_punjabi_018.wav,3,10
eca2dc4067ff38d0dff2cf274674ea69,punjabi,fake,fft,fft_punjabi_018.wav,4,10
26f3fa782fa204d2e84eca503b8ffef6,punjabi,fake,fft,fft_punjabi_018.wav,5,10
09ed75c7040ce37ff199ed10dddda35e,punjabi,fake,fft,fft_punjabi_018.wav,6,10
ba4b6bd00b72d9a45b3b8df30c414cb0,punjabi,fake,fft,fft_punjabi_018.wav,7,10
0d414be3a83fad6e9e1d67aa62716fd5,punjabi,fake,fft,fft_punjabi_018.wav,8,10
a03c1a358ba7177dff8b86fd065acf14,punjabi,fake,fft,fft_punjabi_018.wav,9,10
b40461d0a33cd5c889c5f0a5b4f12aaf,punjabi,fake,fft,fft_punjabi_018.wav,10,10
f3e6340f727609dbdfc3aca263416acf,punjabi,fake,fft,fft_punjabi_018.wav,11,10
8eada7981e37dc93137d6311710513c8,punjabi,fake,fft,fft_punjabi_018.wav,12,10
090cc229ff7de84b9db072dba1edeaf4,punjabi,fake,fft,fft_punjabi_018.wav,13,10
ea1e0ed430cac44857701874281280e5,punjabi,fake,fft,fft_punjabi_018.wav,14,10
9e2af62e1f57866d4610fcf728e8499d,punjabi,fake,fft,fft_punjabi_018.wav,15,10
96bf7cf37f9b91ef8fe09d1601390a89,punjabi,fake,fft,fft_punjabi_018.wav,16,10
841eaad3f65104de206d521101d2f252,punjabi,fake,fft,fft_punjabi_018.wav,17,10
141e349361c00ffe4cac28220a9462b8,punjabi,fake,fft,fft_punjabi_018.wav,18,10
e7c8f4477d088fb442ebed6928b93ca0,punjabi,fake,fft,fft_punjabi_019.wav,0,10
2afe301e8547ad23f26e8cc16046744e,punjabi,fake,fft,fft_punjabi_019.wav,1,10
a034e0803fb4d175d85284fffd70194d,punjabi,fake,fft,fft_punjabi_019.wav,2,10
31f1e22b6451b22ffcb13184f55318e8,punjabi,fake,fft,fft_punjabi_019.wav,3,10
bb8b9bb5c8814d92f5b5810b25a586b6,punjabi,fake,fft,fft_punjabi_019.wav,4,10
1d9de2589975d2163865fda1736a7cf4,punjabi,fake,fft,fft_punjabi_019.wav,5,10
507d355a2e437ca308ee722ff2f63388,punjabi,fake,fft,fft_punjabi_019.wav,6,10
c05efe88c1ffeefea9d7c819e26d453d,punjabi,fake,fft,fft_punjabi_019.wav,7,10
addd073c66aaf4bb344f8f5110b8a8ed,punjabi,fake,fft,fft_punjabi_019.wav,8,10
2b622b7d4d449bbae757f027c8a104a5,punjabi,fake,fft,fft_punjabi_019.wav,9,10
e8817390365b8820fede14a033348157,punjabi,fake,fft,fft_punjabi_019.wav,10,10
731813044cb05b9816f2d64744860a3c,punjabi,fake,fft,fft_punjabi_019.wav,11,10
56ddaa444777aaa45b9a1add142e0689,punjabi,fake,fft,fft_punjabi_019.wav,12,10
95874b4403eed58a3927a627b9e1a2c6,punjabi,fake,fft,fft_punjabi_019.wav,13,10
0f735efed196dfd8f47fee044921da60,punjabi,fake,fft,fft_punjabi_019.wav,14,10
1f3340a16eb794065f5778731245bb25,punjabi,fake,fft,fft_punjabi_019.wav,15,10
162672d75acb61e28a93af1a7f656d41,punjabi,fake,fft,fft_punjabi_019.wav,16,10
3c085d2f3a23729fc18ce84b990d48aa,punjabi,fake,fft,fft_punjabi_019.wav,17,10
d9059355ff24e5472ed20dfe5b98ebd9,punjabi,fake,fft,fft_punjabi_020.wav,0,10
59cb527e846384e99b14555c8254a043,punjabi,fake,fft,fft_punjabi_020.wav,1,10
7ae826e5e8db6bcd1f76672d40326729,punjabi,fake,fft,fft_punjabi_020.wav,2,10
a776458cfd9264cb2fb225d2b846bb95,punjabi,fake,fft,fft_punjabi_020.wav,3,10
23c07a2bb79ec4ff34805aedeed954cf,punjabi,fake,fft,fft_punjabi_020.wav,4,10
36ff77b11db99dcd8ab4eb50d6b34fcb,punjabi,fake,fft,fft_punjabi_020.wav,5,10
88bfc6b4c5ec6f9b1949dc18b2f22407,punjabi,fake,fft,fft_punjabi_020.wav,6,10
31a0f24359fbec69decddd3dd5872e10,punjabi,fake,fft,fft_punjabi_020.wav,7,10
0394f2fe9c054fc855bfe812d7c63ff0,punjabi,fake,fft,fft_punjabi_020.wav,8,10
1f87c18f4c2f0be73a86a9456c92220a,punjabi,fake,fft,fft_punjabi_020.wav,9,10
fa94de4045f7f932f31cf024d6f28bb1,punjabi,fake,fft,fft_punjabi_020.wav,10,10
0ffcc3fe2f35205f8ff776565335d7fa,punjabi,fake,fft,fft_punjabi_020.wav,11,10
5640e360cadc12d446f39e87c712c4db,punjabi,fake,fft,fft_punjabi_020.wav,12,10
d72fa2cd374f8b291dba8d96484f9c90,punjabi,fake,fft,fft_punjabi_020.wav,13,10
bed6a5950b9d1db09fea5b59016c1999,punjabi,fake,fft,fft_punjabi_020.wav,14,10
0d4565366c2fed48ceb82b101ea6c9b9,punjabi,fake,fft,fft_punjabi_020.wav,15,10
bcdb54c08c8abfa7566df96025c11164,punjabi,fake,fft,fft_punjabi_020.wav,16,10
2b5195ee6905314c1191a1e8bf40a292,punjabi,fake,fft,fft_punjabi_020.wav,17,10
c20e12b0c4cda709a38bd19b9e6d1646,punjabi,fake,fft,fft_punjabi_020.wav,18,10
8592b90945cce93ad76d95c3f9900d50,punjabi,fake,fft,fft_punjabi_020.wav,19,10
91f85680374fa0e408540bf3e49fdf34,punjabi,fake,fft,fft_punjabi_020.wav,20,10
525074508a294ffd8fba40d077cb9929,punjabi,fake,fft,fft_punjabi_020.wav,21,10
b850e5ee3f51994adf837579fedaa86b,punjabi,fake,fft,fft_punjabi_021.wav,0,10
c683743b18b33a8689e0bf6969553341,punjabi,fake,fft,fft_punjabi_021.wav,1,10
baec0baf45b64605480a90ccb4b21d8c,punjabi,fake,fft,fft_punjabi_021.wav,2,10
1e00da6f948c6d015313144a1407fb31,punjabi,fake,fft,fft_punjabi_021.wav,3,10
fe1efa5b6d87b4ed6519135f8e5f0162,punjabi,fake,fft,fft_punjabi_021.wav,4,10
835756c081ed10632007cae66bedb12d,punjabi,fake,fft,fft_punjabi_021.wav,5,10
8772ea417356d547ba3265f898a950f1,punjabi,fake,fft,fft_punjabi_021.wav,6,10
5f978c988942297376e715d4ea3eaeca,punjabi,fake,fft,fft_punjabi_021.wav,7,10
1476921ca4df881185d4d4e81aa8b2be,punjabi,fake,fft,fft_punjabi_021.wav,8,10
ece0c1dd886c1252e529d0a31957ccb7,punjabi,fake,fft,fft_punjabi_021.wav,9,10
697b7c3580e0341f717bbd4b3c8e6f09,punjabi,fake,fft,fft_punjabi_021.wav,10,10
96cd8b2b7ab6359bba6f2f6d6fdffb87,punjabi,fake,fft,fft_punjabi_021.wav,11,10
0b16cd2ef1d5569348f5d40eba8c548e,punjabi,fake,fft,fft_punjabi_021.wav,12,10
e33d4c0f2499b31a62f5e3c38a4538d8,punjabi,fake,fft,fft_punjabi_021.wav,13,10
de10306c0db16671ec4e5c612b69a1b5,punjabi,fake,fft,fft_punjabi_021.wav,14,10
05a791ef903f425f667e637138f19c5d,punjabi,fake,fft,fft_punjabi_021.wav,15,10
f901cef8bb6d98692b8c3695eb000826,punjabi,fake,fft,fft_punjabi_021.wav,16,10
679f751ebd1edf9f4a3d3775384e37c1,punjabi,fake,fft,fft_punjabi_021.wav,17,10
7e8cfd1564a2281dc75cb098602edc10,punjabi,fake,fft,fft_punjabi_021.wav,18,10
f1229e4b8779637890ef036943841fb1,punjabi,fake,fft,fft_punjabi_021.wav,19,10
e145b0351cb8c3f3551d274c5a4e9157,punjabi,fake,fft,fft_punjabi_021.wav,20,10
f2efbe6db7d9fde52aaa865a3dddd5a6,punjabi,fake,fft,fft_punjabi_021.wav,21,10
8923ae34fb75fea77de619548ba6daa3,punjabi,fake,fft,fft_punjabi_021.wav,22,10
4f29c76e808c3dfea8ff6e1387e55bc3,punjabi,fake,fft,fft_punjabi_021.wav,23,10
3072cc6af6e9b6cc9af04779349b012e,punjabi,fake,fft,fft_punjabi_021.wav,24,10
587e401600d00790db273b818fea3982,punjabi,fake,fft,fft_punjabi_021.wav,25,10
953860cfc4e12f1721e2d8027d292333,punjabi,fake,fft,fft_punjabi_022.wav,0,10
c70555861ce562c5c8f54ca5b335b377,punjabi,fake,fft,fft_punjabi_022.wav,1,10
39eb9142463ba8eea1bfda07af00c965,punjabi,fake,fft,fft_punjabi_022.wav,2,10
9cd736b4bcb2a2ce1e2e0c6c91771788,punjabi,fake,fft,fft_punjabi_022.wav,3,10
9ccb001eb76aaa36ff28501542cae33c,punjabi,fake,fft,fft_punjabi_022.wav,4,10
abd0266139ecc13bbe092fe8d1bb8e41,punjabi,fake,fft,fft_punjabi_022.wav,5,10
b93d414d1e29c9225069ce63ae569a34,punjabi,fake,fft,fft_punjabi_022.wav,6,10
4a4fc9405210d00fae0e4bebf13e05e1,punjabi,fake,fft,fft_punjabi_022.wav,7,10
980904d70c7947add2a30c9319587fa6,punjabi,fake,fft,fft_punjabi_022.wav,8,10
b986f3511f3d7047c63d6e0ccb63fca2,punjabi,fake,fft,fft_punjabi_022.wav,9,10
5537dba6a7d602dc1e497a9eed433e7f,punjabi,fake,fft,fft_punjabi_022.wav,10,10
19a0b175d638c164bb56cca5523abeba,punjabi,fake,fft,fft_punjabi_022.wav,11,10
b3f720016308a5e105bc3b41a3b68a13,punjabi,fake,fft,fft_punjabi_022.wav,12,10
df83896a75ec99786dc83dd33aff779b,punjabi,fake,fft,fft_punjabi_022.wav,13,10
6ad7171dfb30a70ba859423143667348,punjabi,fake,fft,fft_punjabi_022.wav,14,10
66c7a969f55331acb2432f1db00feb96,punjabi,fake,fft,fft_punjabi_022.wav,15,10
ee4f83d4f5c8fe0be3a3e0d6ec7d3fad,punjabi,fake,fft,fft_punjabi_022.wav,16,10
3302ba925883a20070109f1f932108b6,punjabi,fake,fft,fft_punjabi_022.wav,17,10
431659b55f39cbafb9fff58233477311,punjabi,fake,fft,fft_punjabi_022.wav,18,10
a8388ee7f9b1a0e32923e4084bc215dd,punjabi,fake,fft,fft_punjabi_022.wav,19,10
7b96adba10fbebc1ffb1a862298ca4f0,punjabi,fake,fft,fft_punjabi_022.wav,20,10
f24b1a851d3675c20bb9fc22db2451d4,punjabi,fake,fft,fft_punjabi_022.wav,21,10
44a613beaeb7e51e6e99886bbaf282aa,punjabi,fake,fft,fft_punjabi_022.wav,22,10
7f03d43f96a1661a137045f9fd0af911,punjabi,fake,fft,fft_punjabi_022.wav,23,10
173f8e8580f02a4d2b639c839e0c5f76,punjabi,fake,fft,fft_punjabi_022.wav,24,10
aab9a231f45bfeb188233bba487de911,punjabi,fake,fft,fft_punjabi_022.wav,25,10
51a4db6c2612f2b72b4b0b7a2a2019c0,punjabi,fake,fft,fft_punjabi_022.wav,26,10
da086771150e48a3890de1a2b01f6aca,punjabi,fake,fft,fft_punjabi_022.wav,27,10
2f268dfd269831c826ac56b332ac19f3,punjabi,fake,fft,fft_punjabi_022.wav,28,10
77d6222ba3a28d0fb8a6d8efa3a91153,punjabi,fake,fft,fft_punjabi_022.wav,29,10
66598223900f511d192662d448dce7a1,punjabi,fake,fft,fft_punjabi_022.wav,30,10
5f84d031e7c4a8bfcacae4dbd2210090,punjabi,fake,fft,fft_punjabi_022.wav,31,10
4d9d36a3eddf65b3a7514d2c65261990,punjabi,fake,fft,fft_punjabi_022.wav,32,10
3e5fffe425bea97c713bbdfccf8fdf0c,punjabi,fake,fft,fft_punjabi_022.wav,33,10
d6c9fd7a16b862bb06b4290cecdddfb0,punjabi,fake,fft,fft_punjabi_022.wav,34,10
470de69e4736bb1d0067ea050a4177e6,punjabi,fake,fft,fft_punjabi_022.wav,35,10
24a14eb6ba30f95e4131eea7df996c2a,punjabi,fake,fft,fft_punjabi_022.wav,36,10
39c71d9a858d2b00dc95e968ad54a281,punjabi,fake,fft,fft_punjabi_023.wav,0,10
1fe429fa9c0e40c8078f47432ba89bc2,punjabi,fake,fft,fft_punjabi_023.wav,1,10
db82f947563b2399207bc7b79a39685a,punjabi,fake,fft,fft_punjabi_023.wav,2,10
2e805d251b6191ec2a0395d95c47f13a,punjabi,fake,fft,fft_punjabi_023.wav,3,10
b3b6d0a72a0d5c3187ee093809dcd49b,punjabi,fake,fft,fft_punjabi_023.wav,4,10
54eb0b7fa7d52a36f450d086e00b1765,punjabi,fake,fft,fft_punjabi_023.wav,5,10
f9f05b68939c711da245596f097ff316,punjabi,fake,fft,fft_punjabi_023.wav,6,10
e80f9c3a0af4f15ac30dbb965aed6951,punjabi,fake,fft,fft_punjabi_023.wav,7,10
9a95b134f76ce6fcd26e61fa47da90aa,punjabi,fake,fft,fft_punjabi_023.wav,8,10
b861ab31bba628dd60121d5d15a60082,punjabi,fake,fft,fft_punjabi_023.wav,9,10
8fae0db683ef272b23a770c83edf4ba1,punjabi,fake,fft,fft_punjabi_023.wav,10,10
b5364b0f476be3eb161895891aaeac21,punjabi,fake,fft,fft_punjabi_023.wav,11,10
8ceb9b4fce2306b209947579f81a0cef,punjabi,fake,fft,fft_punjabi_023.wav,12,10
a9db7d3aee29e05ff220e2d62c12b3ed,punjabi,fake,fft,fft_punjabi_023.wav,13,10
231582d269f92eda8c7934fe878fe13a,punjabi,fake,fft,fft_punjabi_023.wav,14,10
3e0aa78b0d204f7a96cfd7d56b2e4cc7,punjabi,fake,fft,fft_punjabi_023.wav,15,10
23bd91a57127c8748a86a4968e4e664b,punjabi,fake,fft,fft_punjabi_023.wav,16,10
fb9f72121a529c328f5fbfc599452700,punjabi,fake,fft,fft_punjabi_023.wav,17,10
c189a1bf6324965098740a09854811bb,punjabi,fake,fft,fft_punjabi_023.wav,18,10
8071d4d0e7306607b00c3317773fd3a9,punjabi,fake,fft,fft_punjabi_023.wav,19,10
a295ee0455e40d39bb0a9e4ad486280e,punjabi,fake,fft,fft_punjabi_023.wav,20,10
0ccb20977b57ecced825ea8b4e4658a9,punjabi,fake,fft,fft_punjabi_024.wav,0,10
a29377f4b9c8d048abe12be255919ff9,punjabi,fake,fft,fft_punjabi_024.wav,1,10
cef1fc2db92fb19125a66e8327b10930,punjabi,fake,fft,fft_punjabi_024.wav,2,10
8e488bb1b7c989aaeda3bd449f0fd547,punjabi,fake,fft,fft_punjabi_024.wav,3,10
d2fdb854653bcf8546329d73b5d06dba,punjabi,fake,fft,fft_punjabi_024.wav,4,10
fd9f48ea18dc0582c7dc07a17954b9ed,punjabi,fake,fft,fft_punjabi_024.wav,5,10
f2b9c46bac1be47b274f054f83d59b32,punjabi,fake,fft,fft_punjabi_024.wav,6,10
9787b5b19ec986d441e283bf74fa2cd6,punjabi,fake,fft,fft_punjabi_024.wav,7,10
f046eff5ad34ee98c669fdcf1983c60f,punjabi,fake,fft,fft_punjabi_024.wav,8,10
3f97e324f7d81b90b8096bfb116dcac6,punjabi,fake,fft,fft_punjabi_024.wav,9,10
d261b81d8a63a3e1613dfd54da8155ac,punjabi,fake,fft,fft_punjabi_024.wav,10,10
4d7fc56afbe1297ebcec1705c07d8e25,punjabi,fake,fft,fft_punjabi_024.wav,11,10
641c0667d41ff396c3fe8853079c9c94,punjabi,fake,fft,fft_punjabi_024.wav,12,10
69b09b54bcf1642058b947eba6b12403,punjabi,fake,fft,fft_punjabi_024.wav,13,10
81a8611ccc837b5658be1c48522f10d4,punjabi,fake,fft,fft_punjabi_024.wav,14,10
b0fa09ebc5f750581f9b2d058e688402,punjabi,fake,fft,fft_punjabi_024.wav,15,10
45bebd0c503cb03e92cd8658651ec78e,punjabi,fake,fft,fft_punjabi_025.wav,0,10
2bf22076c383168cec31a360a021cb96,punjabi,fake,fft,fft_punjabi_025.wav,1,10
74dc8c83939a531815b55b6c584e8a53,punjabi,fake,fft,fft_punjabi_025.wav,2,10
7b55b20eb0702f260cca0e87d5ca6fcc,punjabi,fake,fft,fft_punjabi_025.wav,3,10
eb8ce83c5d8a72c32e818a111412c683,punjabi,fake,fft,fft_punjabi_025.wav,4,10
be017dbe4f24895c0a9e151332ceaeff,punjabi,fake,fft,fft_punjabi_025.wav,5,10
2dedfce36cdf4fa436a6091469b6a6b7,punjabi,fake,fft,fft_punjabi_025.wav,6,10
bd1842e0db67cbd6a0066566be92622b,punjabi,fake,fft,fft_punjabi_025.wav,7,10
0c68fc301dbc144b46d5578fe0beceb1,punjabi,fake,fft,fft_punjabi_025.wav,8,10
5219724e66e04536d7aeae3305785f10,punjabi,fake,fft,fft_punjabi_025.wav,9,10
b3207bfb5b15410c862d238008427c91,punjabi,fake,fft,fft_punjabi_025.wav,10,10
b45d60463cffd2d0aab70bb2952600f4,punjabi,fake,fft,fft_punjabi_025.wav,11,10
c095a9891d154b9c90f1648b76b22e81,punjabi,fake,fft,fft_punjabi_025.wav,12,10
31119a260e0b64a915f28119348588ca,punjabi,fake,fft,fft_punjabi_026.wav,0,10
b35d678f129e2f9fd47b295d3309e86a,punjabi,fake,fft,fft_punjabi_026.wav,1,10
53d8bd2fff225b83b11f082318af1c64,punjabi,fake,fft,fft_punjabi_026.wav,2,10
7ba67b3375bf5cc6c2f15915bea06a3b,punjabi,fake,fft,fft_punjabi_026.wav,3,10
bd0a853a00174067fa4b73953731eedd,punjabi,fake,fft,fft_punjabi_026.wav,4,10
79734ddb2afa0290c6c0da1076dad277,punjabi,fake,fft,fft_punjabi_026.wav,5,10
a2702fd5c184f04c71278ca0d3317b1f,punjabi,fake,fft,fft_punjabi_026.wav,6,10
c5b4b73bae599853e01b00a6efcad23a,punjabi,fake,fft,fft_punjabi_026.wav,7,10
767580bb58e5d27bc848ce6929c32594,punjabi,fake,fft,fft_punjabi_026.wav,8,10
362bb3505457ca32442df72da633acac,punjabi,fake,fft,fft_punjabi_026.wav,9,10
787b6903d647b7a074230258b4a09910,punjabi,fake,fft,fft_punjabi_026.wav,10,10
e5cd3da40f2808104d70ed87f335c6ee,punjabi,fake,fft,fft_punjabi_026.wav,11,10
a238176552a7d474517492f225ac0b4c,punjabi,fake,fft,fft_punjabi_026.wav,12,10
07644ad4bae7f7c75f9f4719ca119334,punjabi,fake,fft,fft_punjabi_026.wav,13,10
e7043828f9ccb008bf22c203697668f4,punjabi,fake,fft,fft_punjabi_026.wav,14,10
b04b91262a7a0d25ea3d034e6b654c4f,punjabi,fake,fft,fft_punjabi_026.wav,15,10
b2cf84d7589340a3b59f5eaa4427b140,punjabi,fake,fft,fft_punjabi_026.wav,16,10
ed2da7e1c066ad607e6d5009d1dadad9,punjabi,fake,fft,fft_punjabi_026.wav,17,10
cfe6593cfcf71b67dc68f1e47a892621,punjabi,fake,fft,fft_punjabi_026.wav,18,10
8ba427e1e4ffa9e13009c5154f27cc88,punjabi,fake,fft,fft_punjabi_026.wav,19,10
0fd96fbc244f35db0855738948c23cf0,punjabi,fake,fft,fft_punjabi_026.wav,20,10
37f3699b3c5de9a76abde5db14a44cd0,punjabi,fake,fft,fft_punjabi_027.wav,0,10
aac1853fba7d43dc1a6b0df01fe3d87a,punjabi,fake,fft,fft_punjabi_027.wav,1,10
21ebae5a3f3a5d727ac8f8e5fa56603b,punjabi,fake,fft,fft_punjabi_027.wav,2,10
f8fc8dc470a8303eebc51064b0a16ee9,punjabi,fake,fft,fft_punjabi_027.wav,3,10
9b920b63ac313ce357825dd5ee4a100c,punjabi,fake,fft,fft_punjabi_027.wav,4,10
83df118a485bf26d980ac9c62305ea25,punjabi,fake,fft,fft_punjabi_027.wav,5,10
5c09fef78e0541120020521dbe316e23,punjabi,fake,fft,fft_punjabi_027.wav,6,10
74536fa67e1eb4b6908c2ab80409cc76,punjabi,fake,fft,fft_punjabi_027.wav,7,10
26ab96aaa79c21b8affa7c2ad4962844,punjabi,fake,fft,fft_punjabi_027.wav,8,10
f7bb9dcc9b8005cc6612981466a64e4b,punjabi,fake,fft,fft_punjabi_027.wav,9,10
764e6d4154d96218f1039adf917e46be,punjabi,fake,fft,fft_punjabi_027.wav,10,10
c13f276dedd3565ab9a4c1cde615cfd4,punjabi,fake,fft,fft_punjabi_027.wav,11,10
0ff73f053c64aea4b9fc7620d645da44,punjabi,fake,fft,fft_punjabi_027.wav,12,10
bdc44889268c8dcae5f3b912498a17ab,punjabi,fake,fft,fft_punjabi_027.wav,13,10
bc6ef4c76821bb2287bc11f23370c9f4,punjabi,fake,fft,fft_punjabi_027.wav,14,10
51375a99eb3f1deae49046bcd98b73f7,punjabi,fake,fft,fft_punjabi_027.wav,15,10
765118f93b27a8c89e2f26bff106f9d2,punjabi,fake,fft,fft_punjabi_028.wav,0,10
1cf43263bdd923c4abb551766e8bcfcc,punjabi,fake,fft,fft_punjabi_028.wav,1,10
0803cae5b2590466dd669d9c5176bbcf,punjabi,fake,fft,fft_punjabi_028.wav,2,10
c64fc952f16ae9728f13e0c2568f6e5e,punjabi,fake,fft,fft_punjabi_028.wav,3,10
deb4655f78da4fb12959ebdf8987d329,punjabi,fake,fft,fft_punjabi_028.wav,4,10
6325cf056cd287255049c4804fafcef5,punjabi,fake,fft,fft_punjabi_028.wav,5,10
c9077718d7bdce16c37107d9c7811583,punjabi,fake,fft,fft_punjabi_028.wav,6,10
46896e004d231f692615f773ce9509be,punjabi,fake,fft,fft_punjabi_028.wav,7,10
d38564880bf42b694f2c375da3b2c68d,punjabi,fake,fft,fft_punjabi_028.wav,8,10
1f22dce9c58fcd4e66c06e6ff7823917,punjabi,fake,fft,fft_punjabi_028.wav,9,10
6dd72785bce9bde408c2d87cdebfa770,punjabi,fake,fft,fft_punjabi_028.wav,10,10
56c84dbe81a2c8d1d6e236f301813809,punjabi,fake,fft,fft_punjabi_028.wav,11,10
ed1d8112eeb36f772a005e1cc3026635,punjabi,fake,fft,fft_punjabi_028.wav,12,10
ec85b4446470a1485ab4dc67e9f79d57,punjabi,fake,fft,fft_punjabi_028.wav,13,10
ceb2896b27bdfb15c992d50af3af14e0,punjabi,fake,fft,fft_punjabi_028.wav,14,10
d3825d089608358bd617ccc3b065baa8,punjabi,fake,fft,fft_punjabi_028.wav,15,10
882330bb7d89c7b69bc4565872022d6c,punjabi,fake,fft,fft_punjabi_028.wav,16,10
0c49205be38e5a73a16580ff0460db55,punjabi,fake,fft,fft_punjabi_028.wav,17,10
82b893f265cafeee213c80fc9e576891,punjabi,fake,fft,fft_punjabi_028.wav,18,10
c2895a8404c745b24d5135c493d35b11,punjabi,fake,fft,fft_punjabi_028.wav,19,10
f025f09d8ddf1ea92c696df4276bfbfb,punjabi,fake,fft,fft_punjabi_028.wav,20,10
c6c4f611dcf4fc148a714e13a77c0462,punjabi,fake,fft,fft_punjabi_028.wav,21,10
bd647153fe3df48c2c09d062e0a0489b,punjabi,fake,fft,fft_punjabi_028.wav,22,10
11dde92643e873d57c9ef16106991347,punjabi,fake,fft,fft_punjabi_028.wav,23,10
27991de26570309c9c236a87ff71675c,punjabi,fake,fft,fft_punjabi_028.wav,24,10
2c51030f54ba7cf4a021231e488f25de,punjabi,fake,fft,fft_punjabi_028.wav,25,10
0f309f22b7f7711177808323237fb0a3,punjabi,fake,fft,fft_punjabi_028.wav,26,10
e6d762f9b27c45457e2b7f7ab9497162,punjabi,fake,fft,fft_punjabi_028.wav,27,10
355ebb48c7f0a799baa4add62abc4cbf,punjabi,fake,fft,fft_punjabi_028.wav,28,10
0d934c6dc3a9e0f425c82c97803b1d0a,punjabi,fake,fft,fft_punjabi_028.wav,29,10
7ddc429aee98dad0d30df51637f52dfc,punjabi,fake,fft,fft_punjabi_028.wav,30,10
40eaa3f5739b9125a58c0ca36ad33197,punjabi,fake,fft,fft_punjabi_028.wav,31,10
d208fb0a8b21e7ad2bd6d3752e8614b3,punjabi,fake,fft,fft_punjabi_028.wav,32,10
cbda540864c30ca6aaac390945079a3c,punjabi,fake,fft,fft_punjabi_028.wav,33,10
15a551994a88584133a4f1d8c89935af,punjabi,fake,fft,fft_punjabi_028.wav,34,10
c97d68ae775d1522f48ec34ae2eb3471,punjabi,fake,fft,fft_punjabi_028.wav,35,10
c1a3a2292b91068d33796aff4e00b8eb,punjabi,fake,fft,fft_punjabi_028.wav,36,10
b7c151715edd8c9ca806fdb49e23e4e3,punjabi,fake,fft,fft_punjabi_028.wav,37,10
974d3863aaceb903f58fa601ee0857a5,punjabi,fake,fft,fft_punjabi_028.wav,38,10
27aa89621d8a3b8a266a9fbaae7cc98e,punjabi,fake,fft,fft_punjabi_028.wav,39,10
8ee8219fb20554d8bca4cb3c4a5997e2,punjabi,fake,fft,fft_punjabi_028.wav,40,10
20ae2ecb14b7507f570624c6f4a62184,punjabi,fake,fft,fft_punjabi_028.wav,41,10
4c57080f1a9479f48de3768d2f6bb708,punjabi,fake,fft,fft_punjabi_028.wav,42,10
999dd2f5cafba53f4ab2fcf311123431,punjabi,fake,fft,fft_punjabi_028.wav,43,10
ad20114497413971f5e8ac98e08f94ea,punjabi,fake,fft,fft_punjabi_028.wav,44,10
5dc51dda5d4a5bba3cfffea6a1f01c4e,punjabi,fake,fft,fft_punjabi_028.wav,45,10
81c33fd5e9f02af56e2a3ae5d7b2b97f,punjabi,fake,fft,fft_punjabi_028.wav,46,10
a60b1f8dce5f85487c877a3a6e03cc2d,punjabi,fake,fft,fft_punjabi_028.wav,47,10
605c98d4f8594af441bd8c37992071c4,punjabi,fake,fft,fft_punjabi_028.wav,48,10
351e45795f528c10950b28699c5be456,punjabi,fake,fft,fft_punjabi_028.wav,49,10
fb1cb57e1bb209c328ad7146cd145409,punjabi,fake,fft,fft_punjabi_028.wav,50,10
f8c288b17deb8908d15dfe5cf7798b00,punjabi,fake,fft,fft_punjabi_028.wav,51,10
17f0ddab6ad9210d76f303349d1c3414,punjabi,fake,fft,fft_punjabi_028.wav,52,10
e1076036a4cb3a5212bb872f88f02ea4,punjabi,fake,fft,fft_punjabi_028.wav,53,10
01a5d89c824f46660eb67bf68b2c8b85,punjabi,fake,fft,fft_punjabi_028.wav,54,10
ff9cb425704b6f58cf711ce727d9e4d0,punjabi,fake,fft,fft_punjabi_028.wav,55,10
0f376239d5948955d0ac55869efee0a7,punjabi,fake,fft,fft_punjabi_028.wav,56,10
3e97312af34d3949197c16a8f102bf75,punjabi,fake,fft,fft_punjabi_028.wav,57,10
4a1dbcdb092e1e4b63b436cce344e04d,punjabi,fake,fft,fft_punjabi_028.wav,58,10
4c36069f96163893ba3090f1b566d7f0,punjabi,fake,fft,fft_punjabi_028.wav,59,10
0b39db3418829e11c6cdb1198d2436fb,punjabi,fake,fft,fft_punjabi_028.wav,60,10
d0c0efed28891ffc4e58a788363ac76b,punjabi,fake,fft,fft_punjabi_028.wav,61,10
6eb2ce975ab344bede20b385d7a5fd80,punjabi,fake,fft,fft_punjabi_028.wav,62,10
98569505a7212db7d408df434567bb99,punjabi,fake,fft,fft_punjabi_028.wav,63,10
45a979284be640beed016b447e6fccd8,punjabi,fake,fft,fft_punjabi_028.wav,64,10
ed65b8356bb5663ccdbe1cdcacb4b5a6,punjabi,fake,fft,fft_punjabi_028.wav,65,10
cbddd39c59def1b21b4f3f7725004b29,punjabi,fake,fft,fft_punjabi_028.wav,66,10
671a6c3b38c344530882789f9a4e41b2,punjabi,fake,fft,fft_punjabi_028.wav,67,10
7c81dc6eba713eba7cf4a9326fede4bc,punjabi,fake,fft,fft_punjabi_028.wav,68,10
8e14c8ffc6d1c34055e68ad5955f5dea,punjabi,fake,fft,fft_punjabi_028.wav,69,10
ee22b7a469fa27caeb817ca3a9184af4,punjabi,fake,fft,fft_punjabi_028.wav,70,10
28062f3bd00d1f87a0943da22677fa3b,punjabi,fake,fft,fft_punjabi_028.wav,71,10
2a477dde8780fedbb567b4789b915ec5,punjabi,fake,fft,fft_punjabi_028.wav,72,10
686e47a8f6cfe2b6fc9e1a1e7ee42974,punjabi,fake,fft,fft_punjabi_028.wav,73,10
ca96ffb4a08aa8c8ac9303af22cffac5,punjabi,fake,fft,fft_punjabi_028.wav,74,10
cbb6306acf3ca959058999a592c1b143,punjabi,fake,fft,fft_punjabi_028.wav,75,10
26719ea7ee95b35ea0979f0f5d25d131,punjabi,fake,fft,fft_punjabi_028.wav,76,10
1fc1e8ee30ae388d231d7ebbee6383e5,punjabi,fake,fft,fft_punjabi_028.wav,77,10
5f6a03a5093b188377982ad70b375b2b,punjabi,fake,fft,fft_punjabi_028.wav,78,10
39276863ac7188f831d9d04f1e615fd8,punjabi,fake,fft,fft_punjabi_028.wav,79,10
247fc3050e1e21fe6b9d3ce0c0654795,punjabi,fake,fft,fft_punjabi_029.wav,0,10
8d687cdd1a7aff8ae39544a492c5c71a,punjabi,fake,fft,fft_punjabi_029.wav,1,10
4b9dc179d0dc974213217a4d18f676e0,punjabi,fake,fft,fft_punjabi_029.wav,2,10
135358568fe08da33b61496833c943c6,punjabi,fake,fft,fft_punjabi_029.wav,3,10
23b26df055eb43db69f11e3766677ba6,punjabi,fake,fft,fft_punjabi_029.wav,4,10
7f43bca844a62ee285ff521b89b7eabb,punjabi,fake,fft,fft_punjabi_029.wav,5,10
24cc6b263ebf3983f53eac2d1578eb1c,punjabi,fake,fft,fft_punjabi_029.wav,6,10
ed2bafaf2e237b613864cd147dc81c00,punjabi,fake,fft,fft_punjabi_029.wav,7,10
c6a0eccb3e6efc5b147d038d5f1feddd,punjabi,fake,fft,fft_punjabi_029.wav,8,10
9f444cb55fd1d6333b4abc0b9429e6f7,punjabi,fake,fft,fft_punjabi_029.wav,9,10
9a6001caff99658712f8dcbfb2e49f62,punjabi,fake,fft,fft_punjabi_029.wav,10,10
065e4cdc2fbe056cc572d7380c3d4fd0,punjabi,fake,fft,fft_punjabi_029.wav,11,10
774b5361343e73a877214b67c27acf02,punjabi,fake,fft,fft_punjabi_029.wav,12,10
a0237115b66ba03d9b37fd8d8f2da74c,punjabi,fake,fft,fft_punjabi_029.wav,13,10
a25015194682c59b3b6c9797419f6394,punjabi,fake,fft,fft_punjabi_029.wav,14,10
430cc5530743474d38bee333e9c299df,punjabi,fake,fft,fft_punjabi_029.wav,15,10
6e00d380448912096df83e491e17bb7c,punjabi,fake,fft,fft_punjabi_029.wav,16,10
ded4ca5ec930e2626739465bf047de2e,punjabi,fake,fft,fft_punjabi_029.wav,17,10
bb5d2a6afb708a5f527777ced2f8cdf6,punjabi,fake,fft,fft_punjabi_030.wav,0,10
07315173a8b27bb9d4dba3d4914e9c2a,punjabi,fake,fft,fft_punjabi_030.wav,1,10
799a9ee4c868da7fa63248875e08ef16,punjabi,fake,fft,fft_punjabi_030.wav,2,10
f81e515dd47a62d7795db275f654fb02,punjabi,fake,fft,fft_punjabi_030.wav,3,10
bc710bc3f7b3b376e3344c105cebe283,punjabi,fake,fft,fft_punjabi_030.wav,4,10
cb883a5188bbf067ad7eb27847e81af7,punjabi,fake,fft,fft_punjabi_030.wav,5,10
5baa9e102256c9f7eb486d98cf806228,punjabi,fake,fft,fft_punjabi_030.wav,6,10
27800116401e35367c3615c1d824b23b,punjabi,fake,fft,fft_punjabi_030.wav,7,10
4299509919d014957dc94cbda83dae06,punjabi,fake,fft,fft_punjabi_030.wav,8,10
112d8d4ea5acfb01d542c8f7a46e7998,punjabi,fake,fft,fft_punjabi_030.wav,9,10
5722a1810f213d57c105f685b6126dfe,punjabi,fake,fft,fft_punjabi_030.wav,10,10
24d997b33c8c2598bc40b1b92439b82b,punjabi,fake,fft,fft_punjabi_030.wav,11,10
06fac7df48e94eddaeca06c2ffeabc63,punjabi,fake,fft,fft_punjabi_030.wav,12,10
a25cb049961c459c76829cd937de30bc,punjabi,fake,fft,fft_punjabi_030.wav,13,10
6ccad41a3f115e07bee96bbbf9ba6aac,punjabi,fake,fft,fft_punjabi_030.wav,14,10
c6fe5a22d44505c3eec3e8186dd9bbc2,punjabi,fake,fft,fft_punjabi_030.wav,15,10
f7a2b269202e5208890a265fc5a507c5,punjabi,fake,fft,fft_punjabi_030.wav,16,10
a9f7e35d0d5e0ad3c809eca234fff312,punjabi,fake,fft,fft_punjabi_030.wav,17,10
90a04e55e7a84200b16574cb2a568e94,punjabi,fake,fft,fft_punjabi_031.wav,0,10
3e8ae6bb586310b56e2ed7ac961d9a41,punjabi,fake,fft,fft_punjabi_031.wav,1,10
b80b338df10e91ea9ef99822688f1671,punjabi,fake,fft,fft_punjabi_031.wav,2,10
deacf4c7aeb5214985197e5d5721be32,punjabi,fake,fft,fft_punjabi_031.wav,3,10
57281fa8a797919c944df4d44b12058a,punjabi,fake,fft,fft_punjabi_031.wav,4,10
98821a0d72219878c5d5c302b9bfc96b,punjabi,fake,fft,fft_punjabi_031.wav,5,10
04d3660ce1297b0775bd7429b4312567,punjabi,fake,fft,fft_punjabi_031.wav,6,10
ea8a55defc13bedc3b40db22c764364c,punjabi,fake,fft,fft_punjabi_031.wav,7,10
62e701932a1d2dfb30e2db63c38b37d3,punjabi,fake,fft,fft_punjabi_031.wav,8,10
00d0b0242526b86daca49f7459b114fc,punjabi,fake,fft,fft_punjabi_031.wav,9,10
0a707aa3729c7b72bcabb95ea6df8bd0,punjabi,fake,fft,fft_punjabi_031.wav,10,10
b0f7d3faaa0d5ae84ebe1b7cf6719078,punjabi,fake,fft,fft_punjabi_031.wav,11,10
aac4ce95213b6470c51926db731d51af,punjabi,fake,fft,fft_punjabi_031.wav,12,10
06ec17121a1122cde744d35fdc13426f,punjabi,fake,fft,fft_punjabi_031.wav,13,10
e25076118d1120e5861c6187c93590ac,punjabi,fake,fft,fft_punjabi_031.wav,14,10
af1a2e8088c979fc85add54e5afb32ce,punjabi,fake,fft,fft_punjabi_031.wav,15,10
3d25404ec8ebfb90274a0cf8b0354f55,punjabi,fake,fft,fft_punjabi_031.wav,16,10
8d059777e23d5834901a3bc060b34792,punjabi,fake,fft,fft_punjabi_031.wav,17,10
d9433024e445f7be72561f38b131927a,punjabi,fake,fft,fft_punjabi_031.wav,18,10
07e5ad04c355fb093fdacb1039f72816,punjabi,fake,fft,fft_punjabi_031.wav,19,10
53af398e35d3e29f3be241d6dde33a78,punjabi,fake,fft,fft_punjabi_031.wav,20,10
86c3d569782f5eb5a7e42b9f74abdfa9,punjabi,fake,fft,fft_punjabi_031.wav,21,10
33f6191a955ab905bf63f55d656252aa,punjabi,fake,fft,fft_punjabi_031.wav,22,10
8f00fedf554d099d6d75f070eb21d4e5,punjabi,fake,fft,fft_punjabi_031.wav,23,10
b05591b514ecf3b1b1c9df7d729eefc7,punjabi,fake,fft,fft_punjabi_031.wav,24,10
24ec11dc01b813df2867eaa67e1dc576,punjabi,fake,fft,fft_punjabi_032.wav,0,10
f8744c44a48754bbaf46c2efa0d0115e,punjabi,fake,fft,fft_punjabi_032.wav,1,10
a76c23d664f549be376e4a5f44f5299e,punjabi,fake,fft,fft_punjabi_032.wav,2,10
6c4bb4f7a990a72202f0327d9f91a43a,punjabi,fake,fft,fft_punjabi_032.wav,3,10
eac90a48367e7bebaafb1b0d0810d638,punjabi,fake,fft,fft_punjabi_032.wav,4,10
a0b0d311516d7543303eb650708b2438,punjabi,fake,fft,fft_punjabi_032.wav,5,10
9ea5743b554e6b8ceb4fb51f612962fa,punjabi,fake,fft,fft_punjabi_032.wav,6,10
ed5ef14536778d8372459137d444f46c,punjabi,fake,fft,fft_punjabi_032.wav,7,10
9b6b008d2909934a4d9a1fcbacc4436e,punjabi,fake,fft,fft_punjabi_032.wav,8,10
2583bc973a5214eb99440bca9b974d32,punjabi,fake,fft,fft_punjabi_032.wav,9,10
3c5bb8b51aedaa3d7d9d848fb24235c2,punjabi,fake,fft,fft_punjabi_032.wav,10,10
c9422abfc01898721ed5a0a4440bf085,punjabi,fake,fft,fft_punjabi_032.wav,11,10
cf71248753ed99d613450daae31d19dc,punjabi,fake,fft,fft_punjabi_032.wav,12,10
ee45709430c783bc2cb9c35135ea2adb,punjabi,fake,fft,fft_punjabi_032.wav,13,10
c6e0e320ebc949c760980dfc5e58cdab,punjabi,fake,fft,fft_punjabi_032.wav,14,10
caf673f3290c3bc66350c0f225c7206c,punjabi,fake,fft,fft_punjabi_032.wav,15,10
4bdc27aa8e13b3e4799e878383bd2dc3,punjabi,fake,fft,fft_punjabi_032.wav,16,10
45fdf5f8a1f540d4efdaea11ed3755c4,punjabi,fake,fft,fft_punjabi_032.wav,17,10
c82947e331819eb1daa63ae81c32ae23,punjabi,fake,fft,fft_punjabi_032.wav,18,10
5c9c1a6c01aa4a1291eef86585864e90,punjabi,fake,fft,fft_punjabi_032.wav,19,10
52ccc11e3bff5e2b7a80cce78bc9197f,punjabi,fake,fft,fft_punjabi_032.wav,20,10
4007e361e3977fc9e36263df6fb740af,punjabi,fake,fft,fft_punjabi_032.wav,21,10
cc98da66810d3bffdb21014399838de8,punjabi,fake,fft,fft_punjabi_032.wav,22,10
814c20ec4f347862827021bc4976ffd2,punjabi,fake,fft,fft_punjabi_032.wav,23,10
770937602374e6d3daa49b6a3e1769d5,punjabi,fake,fft,fft_punjabi_032.wav,24,10
d9311ad6e697841aa0c284112e17880a,punjabi,fake,fft,fft_punjabi_032.wav,25,10
a01eee51ee4f102e1d1fa1a0f3bc1309,punjabi,fake,fft,fft_punjabi_032.wav,26,10
6ce86bfd1c8510c7f0a1afc557e02592,punjabi,fake,fft,fft_punjabi_032.wav,27,10
9cac027aa074f8ba373c5195a2b554c2,punjabi,fake,fft,fft_punjabi_032.wav,28,10
890f2482528c1c580a8808399eec2f95,punjabi,fake,fft,fft_punjabi_032.wav,29,10
95957d180df8dbe33795f342708476ec,punjabi,fake,fft,fft_punjabi_032.wav,30,10
6d1f072bf034afaef53f3daf15b17699,punjabi,fake,fft,fft_punjabi_032.wav,31,10
b580e64883e2eedf87a7daeefe3f7557,punjabi,fake,fft,fft_punjabi_032.wav,32,10
eeb8a999b60420ccc1c5d60da5e22eeb,punjabi,fake,fft,fft_punjabi_032.wav,33,10
c86351386745941037ab4fa93a38fc3b,punjabi,fake,fft,fft_punjabi_032.wav,34,10
8130c5c2c5b39c6e42d628db5cf1550a,punjabi,fake,fft,fft_punjabi_032.wav,35,10
053aaf844327d027944aed7934937f94,punjabi,fake,fft,fft_punjabi_032.wav,36,10
b05943b2bf9a7c7bc0be1b5fe149e13e,punjabi,fake,fft,fft_punjabi_032.wav,37,10
37260b1554b36cf78fa58adbf5f2a460,punjabi,fake,fft,fft_punjabi_032.wav,38,10
7be29bfe49919dd39625e54a8295cfa4,punjabi,fake,fft,fft_punjabi_032.wav,39,10
60cceb272086b7d69615d0a601d24d8a,punjabi,fake,fft,fft_punjabi_032.wav,40,10
b38781a273633a9eba5b395cf611d1ba,punjabi,fake,fft,fft_punjabi_032.wav,41,10
96fed82d285e6b23d44994b58b9d1297,punjabi,fake,fft,fft_punjabi_032.wav,42,10
fb675abf1e75f81402c61b7f2e1768a2,punjabi,fake,fft,fft_punjabi_032.wav,43,10
5b41f11ceb89a11136a07affbe46be53,punjabi,fake,fft,fft_punjabi_032.wav,44,10
8c87b36f8909d21b13123a4436c24873,punjabi,fake,fft,fft_punjabi_032.wav,45,10
5393ea625c44425a26b2cf87ed767183,punjabi,fake,fft,fft_punjabi_032.wav,46,10
e637d5da23b03c5fdacf8f0e0ca31a71,punjabi,fake,fft,fft_punjabi_032.wav,47,10
e84d17e4df9a39a09eb4277df7db2fb1,punjabi,fake,fft,fft_punjabi_032.wav,48,10
0072df3c20275bca61cde6fd09297c6c,punjabi,fake,fft,fft_punjabi_032.wav,49,10
517f5fc8b2d9a28d65d960c094c13734,punjabi,fake,fft,fft_punjabi_032.wav,50,10
f49b64cc9ad58e874d84098b43da6ace,punjabi,fake,fft,fft_punjabi_032.wav,51,10
fa9d7bc74bfe192588c32e862d56f4fb,punjabi,fake,fft,fft_punjabi_032.wav,52,10
4784befd5db577b1c073021ef6e7f3ec,punjabi,fake,fft,fft_punjabi_032.wav,53,10
ee38110bd519800e0aa4699f3caf19d8,punjabi,fake,fft,fft_punjabi_032.wav,54,10
7363ba7a8c40a30f35e8e097fbfca424,punjabi,fake,fft,fft_punjabi_032.wav,55,10
430f3d532d6e43fb788765ba8e7235c7,punjabi,fake,fft,fft_punjabi_032.wav,56,10
8b4766383a93bc2184719440e9934497,punjabi,fake,fft,fft_punjabi_032.wav,57,10
db166bb7cdc6d4bc221934bdb45a5bf4,punjabi,fake,fft,fft_punjabi_032.wav,58,10
5963ca463f8a443f7b1a6abd2a62a9ff,punjabi,fake,fft,fft_punjabi_032.wav,59,10
e38ce1ecfa51bb83633c6062325d76ba,punjabi,fake,fft,fft_punjabi_032.wav,60,10
4795cbbdf62fe5176930faab183e94c7,punjabi,fake,fft,fft_punjabi_032.wav,61,10
56932ef9fd8062baf8a13cda8fba2faf,punjabi,fake,fft,fft_punjabi_032.wav,62,10
af8432bc498418c1381d803afcfda3bd,punjabi,fake,fft,fft_punjabi_032.wav,63,10
8afd2e7ccf3aea6e84bb1d376a3dfffe,punjabi,fake,fft,fft_punjabi_032.wav,64,10
9c32abdd7e075621281fe73e278d02fe,punjabi,fake,fft,fft_punjabi_032.wav,65,10
e993fb5b3bb0e03b2b7644111b0a068b,punjabi,fake,fft,fft_punjabi_032.wav,66,10
24a9179ea1e95c46e94615c68b6b9c1f,punjabi,fake,fft,fft_punjabi_032.wav,67,10
810fa19de2c64689dad64b9c6f875584,punjabi,fake,fft,fft_punjabi_032.wav,68,10
8fcbadd52baae8dda045b6e6dc551c02,punjabi,fake,fft,fft_punjabi_032.wav,69,10
7dc613bfaaae415395584c314f84456e,punjabi,fake,fft,fft_punjabi_032.wav,70,10
9a4b6d81739af37feaad6e9449f729e3,punjabi,fake,fft,fft_punjabi_032.wav,71,10
dd7a7d1ffff095b9e502e60d09ed8134,punjabi,fake,fft,fft_punjabi_032.wav,72,10
d67ed7915db3f08285c36fd5336fe740,punjabi,fake,fft,fft_punjabi_032.wav,73,10
7f264ceaadf18d6e9b8535fee36f7b5d,punjabi,fake,fft,fft_punjabi_032.wav,74,10
c6162707130d45a579372a62f013eb96,punjabi,fake,fft,fft_punjabi_032.wav,75,10
aeabb5e903ebaf9ad4df04c22f226c16,punjabi,fake,fft,fft_punjabi_032.wav,76,10
4b6a46400b6a09084c1aa793b8297710,punjabi,fake,fft,fft_punjabi_032.wav,77,10
621f820a712b27f9ad3497315d55b510,punjabi,fake,fft,fft_punjabi_032.wav,78,10
6052e3494bdeb05a70b63fa2ca1dff23,punjabi,fake,fft,fft_punjabi_032.wav,79,10
6ee080248ccd09070ca94bba6a20dba7,punjabi,fake,fft,fft_punjabi_032.wav,80,10
6dac270003ec0ef44f7234042d23c3b5,punjabi,fake,fft,fft_punjabi_032.wav,81,10
eebb2c390129069ed46ce3efe5c828fa,punjabi,fake,fft,fft_punjabi_032.wav,82,10
f1261694c443a251d6016ca9b63dd7ec,punjabi,fake,fft,fft_punjabi_032.wav,83,10
38ba5d8ab67d3f3821b873a91c0c0132,punjabi,fake,fft,fft_punjabi_032.wav,84,10
9710e6fbbe6e190c253a565b8c7c4f59,punjabi,fake,fft,fft_punjabi_032.wav,85,10
ec39ed920463d97dc3dc6bc49e7d9a76,punjabi,fake,fft,fft_punjabi_032.wav,86,10
c0a0e8a7bb3f4ddf0d780188ab80ab44,punjabi,fake,fft,fft_punjabi_032.wav,87,10
8f718c22366fc50570b40d3a313e5cd4,punjabi,fake,fft,fft_punjabi_032.wav,88,10
85e52dce1b987c7e12ff3a793a94f3aa,punjabi,fake,fft,fft_punjabi_032.wav,89,10
939765ef94a1932a3f0020c9ac235f82,punjabi,fake,fft,fft_punjabi_032.wav,90,10
8ae8db2d410ab3e73a2ea065a6f310ba,punjabi,fake,fft,fft_punjabi_032.wav,91,10
92a362fe889e975a277051ebdc80553a,punjabi,fake,fft,fft_punjabi_032.wav,92,10
877eaff0ee08dd222bd7276abf5c9fb1,punjabi,fake,fft,fft_punjabi_032.wav,93,10
5003d089d8240249e129ade5d5dfb70c,punjabi,fake,fft,fft_punjabi_032.wav,94,10
fcdd1fa69c7b73be6b2ae9877f2deda9,punjabi,fake,fft,fft_punjabi_032.wav,95,10
2f6c183dd769e607e08c2d7d75281328,punjabi,fake,fft,fft_punjabi_032.wav,96,10
b65007dc6b061a6bf76bf42448cf691f,punjabi,fake,fft,fft_punjabi_032.wav,97,10
d526a1e45b1bdee8c2775368f69d70b9,punjabi,fake,fft,fft_punjabi_032.wav,98,10
d5897856b1d0a62b8cf9f0ca42aff17f,punjabi,fake,fft,fft_punjabi_032.wav,99,10
8ada68cca930bf6a22073d2e719964da,punjabi,fake,fft,fft_punjabi_032.wav,100,10
cb778e1e1542c51029b0b7498d73d41f,punjabi,fake,fft,fft_punjabi_032.wav,101,10
a1311cc1f2e04958ca80fe0ea5d82e39,punjabi,fake,fft,fft_punjabi_032.wav,102,10
82243ee41234696917c11664786d60c2,punjabi,fake,fft,fft_punjabi_032.wav,103,10
6afc2e86d1f3274684be0cb3d8dd525c,punjabi,fake,fft,fft_punjabi_032.wav,104,10
6ed29ec2998ec221e2f16dad38cc6678,punjabi,fake,fft,fft_punjabi_032.wav,105,10
917f188fd5a089f8be43b864ba247844,punjabi,fake,fft,fft_punjabi_032.wav,106,10
ac2877869584fe104888b6e76d4dd0ee,punjabi,fake,fft,fft_punjabi_032.wav,107,10
f106b875024b614bd10cd2ecab9794cd,punjabi,fake,fft,fft_punjabi_032.wav,108,10
df064d3e1090f339c8a4d404efa8e568,punjabi,fake,fft,fft_punjabi_032.wav,109,10
5de1270741089fcda3dd9d4680918ffe,punjabi,fake,fft,fft_punjabi_032.wav,110,10
6ecb61f27189c9551e0b742fc9a38bf5,punjabi,fake,fft,fft_punjabi_032.wav,111,10
3121f8021edec0db1571d684c0baf27f,punjabi,fake,fft,fft_punjabi_032.wav,112,10
1661ac2e99d6569407d8b591309227ab,punjabi,fake,fft,fft_punjabi_032.wav,113,10
2fe6d6e28901543203fb5d3e319e6e6d,punjabi,fake,fft,fft_punjabi_032.wav,114,10
534104f0249e57b1c1ecc49dc21db5cd,punjabi,fake,fft,fft_punjabi_032.wav,115,10
9e1e0607a74bc252b151f40c77f85e4c,punjabi,fake,fft,fft_punjabi_032.wav,116,10
c09b894a08e6838ab3087ee404bb1a3f,punjabi,fake,fft,fft_punjabi_032.wav,117,10
8e6b96b82ee1c5498111eaf0f46beb1d,punjabi,fake,fft,fft_punjabi_032.wav,118,10
ea88d5f07b7adb97fae332bc89457f84,punjabi,fake,fft,fft_punjabi_032.wav,119,10
f4d2bd08c8cc909fabdef9dc90ecf461,punjabi,fake,fft,fft_punjabi_032.wav,120,10
e6552468f000fe1ed1f55aaa2097668e,punjabi,fake,fft,fft_punjabi_032.wav,121,10
03d4fb62cae09b265a18f9acd8fcef13,punjabi,fake,fft,fft_punjabi_032.wav,122,10
94c8053317e2b932f3bc48f0d0badb84,punjabi,fake,fft,fft_punjabi_032.wav,123,10
8df6753931cf3c0c3d0e65376f3b7051,punjabi,fake,fft,fft_punjabi_032.wav,124,10
7829c52c41fe54fba5981a001d70f694,punjabi,fake,fft,fft_punjabi_032.wav,125,10
96d592ecefff01afba9fcf24ffdec1ef,punjabi,fake,fft,fft_punjabi_032.wav,126,10
879bbaf02794e1b63a58c0c82c75fa68,punjabi,fake,fft,fft_punjabi_032.wav,127,10
4b240e8ef2fe492def4577b89eea2cfe,punjabi,fake,fft,fft_punjabi_032.wav,128,10
78697d5814ec8249c47347df578ce2d7,punjabi,fake,fft,fft_punjabi_032.wav,129,10
0e53106d0448483714819a3e7f11835c,punjabi,fake,fft,fft_punjabi_032.wav,130,10
a483e84f57dcae87db1066a10837e226,punjabi,fake,fft,fft_punjabi_032.wav,131,10
19e25d2af312b24043bbcd2852746e61,punjabi,fake,fft,fft_punjabi_032.wav,132,10
10a1a9388f900046808148dfa5586e9a,punjabi,fake,fft,fft_punjabi_032.wav,133,10
2dd1706c2d2fb3a17cd4f5fc3df51d4d,punjabi,fake,fft,fft_punjabi_032.wav,134,10
ca4243a7f9036879df259f1868c17208,punjabi,fake,fft,fft_punjabi_032.wav,135,10
5a4a800bcb48bc5d3b858a83354acc11,punjabi,fake,fft,fft_punjabi_032.wav,136,10
c12d987ecda8689ea7c2b8cb3703b630,punjabi,fake,fft,fft_punjabi_032.wav,137,10
76e4cd03a230b60d784ed53e03b936f6,punjabi,fake,fft,fft_punjabi_032.wav,138,10
69c37179b3e725f23fe92d1d98ef984e,punjabi,fake,fft,fft_punjabi_032.wav,139,10
4031064d5dfc756dfd9c26b01d2b26a4,punjabi,fake,fft,fft_punjabi_032.wav,140,10
d67ec7f0da390787b3dd6003c1d427bd,punjabi,fake,fft,fft_punjabi_032.wav,141,10
66f7937b46694790574e38be4856bbaf,punjabi,fake,fft,fft_punjabi_032.wav,142,10
da5b2f86d62815f77076e95edef6383a,punjabi,fake,fft,fft_punjabi_032.wav,143,10
c35ea3515a68467ad5c07c9aca4d9aee,punjabi,fake,fft,fft_punjabi_032.wav,144,10
193b07d92ff209c3ab97046ca59d7a54,punjabi,fake,fft,fft_punjabi_032.wav,145,10
6a27169ef85a92986df60d6be7bf1bf9,punjabi,fake,fft,fft_punjabi_032.wav,146,10
33a3474a6996175961d2bfa61bbe0c7d,punjabi,fake,fft,fft_punjabi_032.wav,147,10
a2b0b6fa11eea874fd2b392f2f2050b8,punjabi,fake,fft,fft_punjabi_032.wav,148,10
430a8928d1ea4344b05083d6fbddd270,punjabi,fake,fft,fft_punjabi_032.wav,149,10
d615cb060866a3f3994bb68113cdff81,punjabi,fake,fft,fft_punjabi_032.wav,150,10
d23d9ce1e536cd814c50e97b659c41f6,punjabi,fake,fft,fft_punjabi_032.wav,151,10
81d4a0c1fafa1c580d36ec3a983c5554,punjabi,fake,fft,fft_punjabi_032.wav,152,10
674261651319b8c617cc9e5e77cca405,punjabi,fake,fft,fft_punjabi_032.wav,153,10
7610063a6ab5e90e3fb3ec3fe9eccd02,punjabi,fake,fft,fft_punjabi_032.wav,154,10
bfdd41bfaab2c3564e8fda437357b18f,punjabi,fake,fft,fft_punjabi_032.wav,155,10
99e2a2ba823da412a5a9d5dd4d931a37,punjabi,fake,fft,fft_punjabi_032.wav,156,10
fcae2c6530943b17b5283461fe35e72d,punjabi,fake,fft,fft_punjabi_032.wav,157,10
0c6baa2d797e62a4867a1f627d80ae2c,punjabi,fake,fft,fft_punjabi_032.wav,158,10
bf39f312056fca64bc15e45475822d89,punjabi,fake,fft,fft_punjabi_032.wav,159,10
79064f4b6ce72af1048ede999d626a3d,punjabi,fake,fft,fft_punjabi_032.wav,160,10
ab7c2ee85194ba7e00a8d23c4ea21861,punjabi,fake,fft,fft_punjabi_032.wav,161,10
16585d63a7744f7f23d8e2db3d79f8ef,punjabi,fake,fft,fft_punjabi_032.wav,162,10
00cb76038e0f8be503ac49e127268362,punjabi,fake,fft,fft_punjabi_032.wav,163,10
8504d4e370e6ac248e364c796d5f754c,punjabi,fake,fft,fft_punjabi_032.wav,164,10
66712202080c8cf83c60e5cd6c0b4feb,punjabi,fake,fft,fft_punjabi_032.wav,165,10
68a0256b7f6d3fc8094249f4a6a678b3,punjabi,fake,fft,fft_punjabi_032.wav,166,10
90495d091a7302bcd3bd1052b354853c,punjabi,fake,fft,fft_punjabi_032.wav,167,10
af8c51601edb2cf4bf0e411c61edaebe,punjabi,fake,fft,fft_punjabi_032.wav,168,10
f4f4fe9f1a6541abb14f0cc4dc06172e,punjabi,fake,fft,fft_punjabi_032.wav,169,10
476fadf38b305b8009fa8f93ac6cf755,punjabi,fake,fft,fft_punjabi_032.wav,170,10
9d4791d2bfcb02962f3ec9e7d662e898,punjabi,fake,fft,fft_punjabi_032.wav,171,10
533eafbc552fdc62be31ad228d8f5477,punjabi,fake,fft,fft_punjabi_032.wav,172,10
0376260a54dbb4587fa98053d24cfa69,punjabi,fake,fft,fft_punjabi_032.wav,173,10
a5005b7c3dd4c63459a79886956ed460,punjabi,fake,fft,fft_punjabi_032.wav,174,10
e8208092b6a1ac18e2df0bd20a9606f1,punjabi,fake,fft,fft_punjabi_032.wav,175,10
ad301aac171d7ad9f267c4616dfb0b04,punjabi,fake,fft,fft_punjabi_032.wav,176,10
7d1963959138d239263998b5b9f12c36,punjabi,fake,fft,fft_punjabi_032.wav,177,10
05b5fa1e55780eb608fe6df8f43fb94b,punjabi,fake,fft,fft_punjabi_032.wav,178,10
d49563a5fea5d884cfc35a3c31058a82,punjabi,fake,fft,fft_punjabi_032.wav,179,10
0b1be592e3cd062b49afe1d212389212,punjabi,fake,fft,fft_punjabi_032.wav,180,10
89be3ff5a0ce222927c624cda0e7dff2,punjabi,fake,fft,fft_punjabi_032.wav,181,10
7360f1ca0a305c165465d420cff0a328,punjabi,fake,fft,fft_punjabi_032.wav,182,10
52f95bdb385831b6055e01070ddb00d3,punjabi,fake,fft,fft_punjabi_032.wav,183,10
c15f99bad113689d2194ee137198ee4a,punjabi,fake,fft,fft_punjabi_032.wav,184,10
2e3383273920646952d6f9bb3c82f1be,punjabi,fake,fft,fft_punjabi_032.wav,185,10
9203dfce521c221619f14e5c10aa17eb,punjabi,fake,fft,fft_punjabi_032.wav,186,10
12952b5f243f939b1a0d464c69bb5870,punjabi,fake,fft,fft_punjabi_032.wav,187,10
ca5ba128578c32ea7e50e7e7620ecda8,punjabi,fake,fft,fft_punjabi_032.wav,188,10
7baa71512d760718c2a1d179a06ba9fc,punjabi,fake,fft,fft_punjabi_032.wav,189,10
c4c255a6f93500861c147962456ccadc,punjabi,fake,fft,fft_punjabi_032.wav,190,10
dbe84dcbdf91adb683477a63692a6c74,punjabi,fake,fft,fft_punjabi_032.wav,191,10
8d961e9c1a456c5c2ebba374643b3944,punjabi,fake,fft,fft_punjabi_032.wav,192,10
588d9a2f40680f267686de3d3def048f,punjabi,fake,fft,fft_punjabi_032.wav,193,10
bcc2c31797226515b371d775f9027bd3,punjabi,fake,fft,fft_punjabi_032.wav,194,10
01768668410da07f3f78acd358147ea5,punjabi,fake,fft,fft_punjabi_032.wav,195,10
4a4689139319c63e0ffebabbc4b33b8d,punjabi,fake,fft,fft_punjabi_032.wav,196,10
1617c34977941d36c8d4fb0d989dd179,punjabi,fake,fft,fft_punjabi_032.wav,197,10
f37aa3ca6e7f91c8a671ba49fb94cdc9,punjabi,fake,fft,fft_punjabi_032.wav,198,10
868188176389cd0307e015ba5477c388,punjabi,fake,fft,fft_punjabi_032.wav,199,10
fa95085b1646fe98288302b3bad8f033,punjabi,fake,fft,fft_punjabi_032.wav,200,10
63885d92cafbb819186990d292743065,punjabi,fake,fft,fft_punjabi_032.wav,201,10
8603934c1fa2db463bb272723e7f67d7,punjabi,fake,fft,fft_punjabi_032.wav,202,10
07473e16a87679d6b3fb259ccb9e45ff,punjabi,fake,fft,fft_punjabi_032.wav,203,10
783e273ee9eff92ce62ec7e23de10152,punjabi,fake,fft,fft_punjabi_032.wav,204,10
04392a4d2b17fe6c70d254102337a33e,punjabi,fake,fft,fft_punjabi_032.wav,205,10
2e0d154b0b0b9946b339af2c5b728ab5,punjabi,fake,fft,fft_punjabi_032.wav,206,10
035867746461714021fbf687e318d0dc,punjabi,fake,fft,fft_punjabi_032.wav,207,10
5d318ec2516590abf368721fc4d839ab,punjabi,fake,fft,fft_punjabi_032.wav,208,10
d5e176f772d994fc557ff52b00fe03ea,punjabi,fake,fft,fft_punjabi_032.wav,209,10
b407e19da8f934e9261b597aa55e297e,punjabi,fake,fft,fft_punjabi_032.wav,210,10
166ca524d1137d77ff4100d4d1b9a986,punjabi,fake,fft,fft_punjabi_032.wav,211,10
06b62ee9ff7f627fb5835063b03b47f1,punjabi,fake,fft,fft_punjabi_032.wav,212,10
d03ae1ee3b424baa129282ed54e6a8bd,punjabi,fake,fft,fft_punjabi_032.wav,213,10
4aa087daa90aac2fb9814b262674d85b,punjabi,fake,fft,fft_punjabi_032.wav,214,10
67335fe82469d26c3ce08ed16254e7fc,punjabi,fake,fft,fft_punjabi_032.wav,215,10
f632d07f0cfa3874a55a64d517c640be,punjabi,fake,fft,fft_punjabi_032.wav,216,10
26fbcf54653fe46099db717ba8fb1708,punjabi,fake,fft,fft_punjabi_032.wav,217,10
a6381b89c39d7a87127b7f874153e58e,punjabi,fake,fft,fft_punjabi_032.wav,218,10
683b3e1e9c00315f27973893bf5f118d,punjabi,fake,fft,fft_punjabi_032.wav,219,10
655f4ccd49c08cfea10804f6889f57c1,punjabi,fake,fft,fft_punjabi_032.wav,220,10
6f93c373a2b9eca3d7336e5b09543606,punjabi,fake,fft,fft_punjabi_032.wav,221,10
a6e23f9c3c24151dd8499bd0e3efcad2,punjabi,fake,fft,fft_punjabi_033.wav,0,10
8afb57f19e8711c25e69566ee705fd90,punjabi,fake,fft,fft_punjabi_033.wav,1,10
87a8c7bfa55fa90265804acf5fa6edd4,punjabi,fake,fft,fft_punjabi_033.wav,2,10
f3894ccf614e880f45d2ad411a170ce5,punjabi,fake,fft,fft_punjabi_033.wav,3,10
0028f661381863b0b7c1ddef8394ca03,punjabi,fake,fft,fft_punjabi_033.wav,4,10
e6b6307f2ccfabf05fd427b21fc6a194,punjabi,fake,fft,fft_punjabi_033.wav,5,10
909db561e074e26f44394a5e490e3e12,punjabi,fake,fft,fft_punjabi_033.wav,6,10
995e83c59c907d9f80dc3f6e5024de7f,punjabi,fake,fft,fft_punjabi_033.wav,7,10
9981723487f96bf15357a71a146129a8,punjabi,fake,fft,fft_punjabi_033.wav,8,10
d03c780e70da54fa2fdf495e267d04d3,punjabi,fake,fft,fft_punjabi_033.wav,9,10
03f95c7194f2323611c707498d7289af,punjabi,fake,fft,fft_punjabi_033.wav,10,10
e05007794e63b04fd1cebaf43e85d060,punjabi,fake,fft,fft_punjabi_033.wav,11,10
c34fc84afff4c863e122dc278f13eccc,punjabi,fake,fft,fft_punjabi_033.wav,12,10
779d4d81b590a959abb81240a81eca61,punjabi,fake,fft,fft_punjabi_033.wav,13,10
e2e4be9a043a83b9f6d15d022b7ab1c8,punjabi,fake,fft,fft_punjabi_033.wav,14,10
061008ae5f6066bc60db689e0b46c1e1,punjabi,fake,fft,fft_punjabi_033.wav,15,10
528e8f91968972f7780b79b8e0321fb4,punjabi,fake,fft,fft_punjabi_033.wav,16,10
b35782a75aeafda0a3da9ae5e54ef04f,punjabi,fake,fft,fft_punjabi_033.wav,17,10
7e1394b05d8e94091b609243f0b51ba4,punjabi,fake,fft,fft_punjabi_033.wav,18,10
f8f00904d4580454863994266892aab2,punjabi,fake,fft,fft_punjabi_033.wav,19,10
ffd155cdaf650e67dda83df76f6f4740,punjabi,fake,fft,fft_punjabi_033.wav,20,10
41524fe3e680730b20df43ec767fff0a,punjabi,fake,fft,fft_punjabi_033.wav,21,10
af5a583f82762acad7e0783540b287b0,punjabi,fake,fft,fft_punjabi_033.wav,22,10
19c1b8438838b101c1e5f44dbf1e3ddf,punjabi,fake,fft,fft_punjabi_033.wav,23,10
f3127d1156c70aa56b0d6d3efbfbb286,punjabi,fake,fft,fft_punjabi_033.wav,24,10
2804992c36ee79cc25f829e9c946586d,punjabi,fake,fft,fft_punjabi_033.wav,25,10
f428be30d3d77aa3b3dc687b80f6562d,punjabi,fake,fft,fft_punjabi_033.wav,26,10
fb5b8556d528537cf78e27e2ce64c400,punjabi,fake,fft,fft_punjabi_033.wav,27,10
5f28741bb53dff2e055ba646e2bf241e,punjabi,fake,fft,fft_punjabi_033.wav,28,10
16ae1145b966a0e0f5154df1e170cded,punjabi,fake,fft,fft_punjabi_033.wav,29,10
eec12912dcc5fc38a12c5b63ce849d67,punjabi,fake,fft,fft_punjabi_033.wav,30,10
165ca207aa28e33a43f5f9f826900b25,punjabi,fake,fft,fft_punjabi_033.wav,31,10
1196d1bd2c2de8de8d98c12027507d76,punjabi,fake,fft,fft_punjabi_033.wav,32,10
f28f074a4f155ed5860c8ae3893fc195,punjabi,fake,fft,fft_punjabi_033.wav,33,10
33ce16a8269bbdc9b6090bdf09828e12,punjabi,fake,fft,fft_punjabi_033.wav,34,10
b97d55e2b52c1cb8b0ac3d3672e943d9,punjabi,fake,fft,fft_punjabi_033.wav,35,10
aa612971c72c9f4c19baaf9433773d74,punjabi,fake,fft,fft_punjabi_033.wav,36,10
85763d65c358f28d8929f0645135771b,punjabi,fake,fft,fft_punjabi_033.wav,37,10
ac8164972ff3417c6400a46485d27155,punjabi,fake,fft,fft_punjabi_033.wav,38,10
60412b867714574479e18ffaf5d563de,punjabi,fake,fft,fft_punjabi_033.wav,39,10
dcfc6ed7b723f59b82543e1d4dbe787c,punjabi,fake,fft,fft_punjabi_033.wav,40,10
ff5c93c174313c9b07d97bc64ca657eb,punjabi,fake,fft,fft_punjabi_033.wav,41,10
83186b72b869962ad5e2a64809bbda86,punjabi,fake,fft,fft_punjabi_034.wav,0,10
247bce06d2804a765fa5e94cfb43fc3e,punjabi,fake,fft,fft_punjabi_034.wav,1,10
c9d8b903b0c06671acafa41098aea47c,punjabi,fake,fft,fft_punjabi_034.wav,2,10
493aa49b7fdfcafe39750b4197f91c9a,punjabi,fake,fft,fft_punjabi_034.wav,3,10
030fd7a0ecdce996643455a717c0ba78,punjabi,fake,fft,fft_punjabi_034.wav,4,10
ca66a9ef873ae483a5ca7fc3adf5dffb,punjabi,fake,fft,fft_punjabi_034.wav,5,10
669c65cd74cc2c2a47a1b4141eb725fa,punjabi,fake,fft,fft_punjabi_034.wav,6,10
2b5f28206d3db818489abeec11d08a1f,punjabi,fake,fft,fft_punjabi_034.wav,7,10
3c29a1486fa8973bf113ca87d9da7989,punjabi,fake,fft,fft_punjabi_034.wav,8,10
005a0ef36e0f1deb1ecb756cb6a31c95,punjabi,fake,fft,fft_punjabi_034.wav,9,10
cd37b02e3d13e921aff2e1d5e384268c,punjabi,fake,fft,fft_punjabi_034.wav,10,10
2d4494ed3cbe375e28c74cc95097d318,punjabi,fake,fft,fft_punjabi_034.wav,11,10
e991df5bd31d81e1ddd047f1698552b7,punjabi,fake,fft,fft_punjabi_034.wav,12,10
99817fc38c0dc90741c0d20bb4a87c18,punjabi,fake,fft,fft_punjabi_034.wav,13,10
e1bf8129dda18e3fcc03088c3701c440,punjabi,fake,fft,fft_punjabi_034.wav,14,10
257b85cd30a035ecf40fcd37dd9af2ed,punjabi,fake,fft,fft_punjabi_034.wav,15,10
6f609c30aa6ee2ebb4e774486156d1f8,punjabi,fake,fft,fft_punjabi_034.wav,16,10
b67bd29cf0a7c018f384f194b45cd9ab,punjabi,fake,fft,fft_punjabi_034.wav,17,10
2cfd86077cd21011cd5f3349315b6216,punjabi,fake,fft,fft_punjabi_034.wav,18,10
05f2584a8c9161d5d96a441ce7f9ebb1,punjabi,fake,fft,fft_punjabi_034.wav,19,10
ebcbd1c5bcaae26b745880ca3618f03b,punjabi,fake,fft,fft_punjabi_034.wav,20,10
ff6d157820821a8af6ec6a4d8fadd5fb,punjabi,fake,fft,fft_punjabi_034.wav,21,10
d89a79a912b7c6e151da3456be31ce8f,punjabi,fake,fft,fft_punjabi_034.wav,22,10
5a3af0912aa9eff6ac649c455d4aa45a,punjabi,fake,fft,fft_punjabi_034.wav,23,10
3ebc03df000fa1a303d20841edb7af13,punjabi,fake,fft,fft_punjabi_034.wav,24,10
8826df5e49ad0c7c9c4afd10589ebd3b,punjabi,fake,fft,fft_punjabi_034.wav,25,10
aa144759fb1785ec225453d895f3a7cf,punjabi,fake,fft,fft_punjabi_034.wav,26,10
278dfee9cb4014e3430231b4e6311cec,punjabi,fake,fft,fft_punjabi_034.wav,27,10
623c1ce2b3c7197293a8e7a7d3f3c711,punjabi,fake,fft,fft_punjabi_034.wav,28,10
c093088a226f5c639d89b1f9c5d84013,punjabi,fake,fft,fft_punjabi_034.wav,29,10
e698b5738108db9f0587c441f2a8f799,punjabi,fake,fft,fft_punjabi_035.wav,0,10
00e848d3b3749f2c8654c002389885bc,punjabi,fake,fft,fft_punjabi_035.wav,1,10
8ca2fef0af9b01c609968c1ee0eee8cf,punjabi,fake,fft,fft_punjabi_035.wav,2,10
d31a34850e5b5c10f2f43182fb4952ea,punjabi,fake,fft,fft_punjabi_035.wav,3,10
1b4b7a6cb49a54f831c18a389ce2c7e8,punjabi,fake,fft,fft_punjabi_035.wav,4,10
f7316811d66c73b61d65a97431f88119,punjabi,fake,fft,fft_punjabi_035.wav,5,10
619e178a276e454b6dfeac472d2bbfac,punjabi,fake,fft,fft_punjabi_035.wav,6,10
908bb4ec877fe9776940e36a797c27b2,punjabi,fake,fft,fft_punjabi_035.wav,7,10
3b5b5058a5595871c3ac37f5e7ac13fe,punjabi,fake,fft,fft_punjabi_035.wav,8,10
4e04e417a901e71a33229d21b154bb4b,punjabi,fake,fft,fft_punjabi_035.wav,9,10
70a6a321ddcaf02657446639e445cb8b,punjabi,fake,fft,fft_punjabi_035.wav,10,10
67a1dfcc2ac9c9196ca13507ed9a61f9,punjabi,fake,fft,fft_punjabi_035.wav,11,10
691219f6ac959ca94a4fd15abca48d60,punjabi,fake,fft,fft_punjabi_035.wav,12,10
5dbf7e2aa85a05294021995da77c9333,punjabi,fake,fft,fft_punjabi_035.wav,13,10
f71f2c508278278244696ce7818554a9,punjabi,fake,fft,fft_punjabi_035.wav,14,10
9bb684dbf091bc0dcc1c698c125b8c4c,punjabi,fake,fft,fft_punjabi_035.wav,15,10
6eae175ad25dae2afc9b365d07810380,punjabi,fake,fft,fft_punjabi_035.wav,16,10
251163da66e8f24bebf959fca8542f0d,punjabi,fake,fft,fft_punjabi_035.wav,17,10
724e4d370173321c90e52b733eb7ee12,punjabi,fake,fft,fft_punjabi_035.wav,18,10
e246baa9443b7b33d36c3c929f3f65ec,punjabi,fake,fft,fft_punjabi_035.wav,19,10
c4937ce4f1339d612b0f00ba8512b33f,punjabi,fake,fft,fft_punjabi_035.wav,20,10
88486650d1337c60cf084a2e6a13acc7,punjabi,fake,fft,fft_punjabi_035.wav,21,10
5446f71cd8a0dd1f0f1d29680240093e,punjabi,fake,fft,fft_punjabi_035.wav,22,10
7c194f2b3b44e09ebc5e04b14c6aec86,punjabi,fake,fft,fft_punjabi_035.wav,23,10
ef3825e9434b7ae8287e32dce6b87475,punjabi,fake,fft,fft_punjabi_035.wav,24,10
a6dc79302f85dc6da04d6cd01a7176d5,punjabi,fake,fft,fft_punjabi_035.wav,25,10
c02b4c3bd7179e820f339fba136c7f6e,punjabi,fake,fft,fft_punjabi_035.wav,26,10
0decb10b7269b4cf552b2a3c4ed83bcc,punjabi,fake,fft,fft_punjabi_035.wav,27,10
9427920e801168896eed7ecf7146a601,punjabi,fake,fft,fft_punjabi_036.wav,0,10
51eb93387f28cd10fac83c23adb89614,punjabi,fake,fft,fft_punjabi_036.wav,1,10
19194ae3d3c5fcd1ab607b11414a6ce0,punjabi,fake,fft,fft_punjabi_036.wav,2,10
44406ad12c93d37704bc89e6d50421a2,punjabi,fake,fft,fft_punjabi_036.wav,3,10
cc9ac3a1693c0984a70bef5f8c953c8e,punjabi,fake,fft,fft_punjabi_036.wav,4,10
8080fb0971fb7d78813203f3b737cabe,punjabi,fake,fft,fft_punjabi_036.wav,5,10
520c6d32a9bb179eda5efccd6d85de91,punjabi,fake,fft,fft_punjabi_036.wav,6,10
cbd18795cd7593d4d1155e9da3c5bb18,punjabi,fake,fft,fft_punjabi_036.wav,7,10
ee72e6e983d8e40435a2442135877b89,punjabi,fake,fft,fft_punjabi_036.wav,8,10
7960d5713ea079d0f1a7f79327539c5b,punjabi,fake,fft,fft_punjabi_036.wav,9,10
3ade8dd3e618abb27cdd224245c09427,punjabi,fake,fft,fft_punjabi_036.wav,10,10
7d0d5e251a4f4c9f69784f22d391d9dd,punjabi,fake,fft,fft_punjabi_036.wav,11,10
e8d7fc8cd4b78d7ce0be3d314f503e03,punjabi,fake,fft,fft_punjabi_036.wav,12,10
c0f51c48286d5d416c53c441594d604c,punjabi,fake,fft,fft_punjabi_036.wav,13,10
9857e13637825ef32b9706755d339613,punjabi,fake,fft,fft_punjabi_036.wav,14,10
3296ac8972641d6c67150a8ae44b5db9,punjabi,fake,fft,fft_punjabi_036.wav,15,10
4906e7145a6f7b538f77d1d0e3726ba1,punjabi,fake,fft,fft_punjabi_036.wav,16,10
8fef4a36be88d165ca127cf5b3ce0e8c,punjabi,fake,fft,fft_punjabi_036.wav,17,10
9823fd28a836912116c34174a9a8eb8c,punjabi,fake,fft,fft_punjabi_037.wav,0,10
d1001884e27fb05fe6703a3ddf0c6a8c,punjabi,fake,fft,fft_punjabi_037.wav,1,10
49a461d645b8f0446d0f7922d2dfddef,punjabi,fake,fft,fft_punjabi_037.wav,2,10
9f5e09e00db69b9e975d9a0e101a8d5b,punjabi,fake,fft,fft_punjabi_037.wav,3,10
abf41c155067304976619bafc5742fd2,punjabi,fake,fft,fft_punjabi_037.wav,4,10
12a6dc8243e43a0d3a51bdf73cc9b0dd,punjabi,fake,fft,fft_punjabi_037.wav,5,10
b46b6b5a4f079d1372d9e9e233f86ddb,punjabi,fake,fft,fft_punjabi_037.wav,6,10
99c0788ba70ff7d07ce7c35e0deb1ecc,punjabi,fake,fft,fft_punjabi_037.wav,7,10
d8c4ecce20eac676c3eb92f015fd034a,punjabi,fake,fft,fft_punjabi_037.wav,8,10
0c0b336aa91be22f8a7fd023e5f6a181,punjabi,fake,fft,fft_punjabi_037.wav,9,10
ce944cbadd4ab83e4b40e9230d34cd37,punjabi,fake,fft,fft_punjabi_037.wav,10,10
6e16d23fbafd1a219ea82efb31900eb2,punjabi,fake,fft,fft_punjabi_037.wav,11,10
c850bd8bb43cd98c4e8ed6c0f4d6f5e2,punjabi,fake,fft,fft_punjabi_037.wav,12,10
98fb98be0dff20e58f29bea407e512fd,punjabi,fake,fft,fft_punjabi_037.wav,13,10
cde7c479eb7ad0b9f61d90577870930d,punjabi,fake,fft,fft_punjabi_037.wav,14,10
b502459545984ea71592304efdb3484f,punjabi,fake,fft,fft_punjabi_037.wav,15,10
6064ac2cecbc0eb54eb18c678981df6b,punjabi,fake,fft,fft_punjabi_037.wav,16,10
27cd3288b179d177da3954e87e38f2c2,punjabi,fake,fft,fft_punjabi_037.wav,17,10
a97a1d2e4338cada9ad43e0be9c1e9cd,punjabi,fake,fft,fft_punjabi_038.wav,0,10
eafb53c005b07d3ffadafd1ae2420e41,punjabi,fake,fft,fft_punjabi_038.wav,1,10
cfbd5dd694cd34b3a29a4ad0cfd673f9,punjabi,fake,fft,fft_punjabi_038.wav,2,10
4330d313b3183ac7db72962e4e58665d,punjabi,fake,fft,fft_punjabi_038.wav,3,10
80cfac9c7e6cfec54980af32b2a13afc,punjabi,fake,fft,fft_punjabi_038.wav,4,10
2d9af39c3c9c33fbda9e2c1ab1e008e8,punjabi,fake,fft,fft_punjabi_038.wav,5,10
081cf9692ef184e5232cf9b5608e6304,punjabi,fake,fft,fft_punjabi_038.wav,6,10
c8f5cd1acc4bfac3a6ded90a9b8fc73e,punjabi,fake,fft,fft_punjabi_038.wav,7,10
3714aa8e24315df95f7dc97115af094f,punjabi,fake,fft,fft_punjabi_038.wav,8,10
c4f84d990004cbd824ffc63ea22661e9,punjabi,fake,fft,fft_punjabi_038.wav,9,10
c6b38a937ef798c92949cd55b5e5bd7c,punjabi,fake,fft,fft_punjabi_038.wav,10,10
41085efba951f860152a058ef1ed9b44,punjabi,fake,fft,fft_punjabi_038.wav,11,10
68ec086c908addfc606466fd772277e2,punjabi,fake,fft,fft_punjabi_038.wav,12,10
ab38a2314129100962765c516d2f6a8e,punjabi,fake,fft,fft_punjabi_038.wav,13,10
436adb84bcd180da24132f50ebb25fd0,punjabi,fake,fft,fft_punjabi_038.wav,14,10
7a78e089635d6deba7bd7f939ac2f40b,punjabi,fake,fft,fft_punjabi_038.wav,15,10
2416e1d231eb4e85748f3ce9978a5ba1,punjabi,fake,fft,fft_punjabi_038.wav,16,10
9af5ae2395f9d08dae95b787bee6d996,punjabi,fake,fft,fft_punjabi_038.wav,17,10
0cc814c44ae21c2be7222357d7c0538b,punjabi,fake,fft,fft_punjabi_038.wav,18,10
d2e584919aa30f1c5c64cca93d437ff3,punjabi,fake,fft,fft_punjabi_038.wav,19,10
3b018b44d87e84e72aab48063e788262,punjabi,fake,fft,fft_punjabi_038.wav,20,10
10aac5598a1018420465e213640ef4b5,punjabi,fake,fft,fft_punjabi_039.wav,0,10
ffde6930853446d8de2db109e972e2a3,punjabi,fake,fft,fft_punjabi_039.wav,1,10
198b39a0fe28fd86c07a94585031d36c,punjabi,fake,fft,fft_punjabi_040.wav,0,10
e487ee6a9d39895509040430594f6a0a,punjabi,fake,fft,fft_punjabi_040.wav,1,10
b3200cc28bb7c3b72d8855109ae4ce0e,punjabi,fake,fft,fft_punjabi_040.wav,2,10
f277ab56003ba08e2ca82a6c1ea54118,punjabi,fake,fft,fft_punjabi_040.wav,3,10
b3b9067508b68cdba87b337f34503532,punjabi,fake,fft,fft_punjabi_040.wav,4,10
425775801653675f9f60db7da583b944,punjabi,fake,fft,fft_punjabi_040.wav,5,10
63cfe558aeb17549cf9bf3299c6ed43f,punjabi,fake,fft,fft_punjabi_040.wav,6,10
dc54f7b02cb995875da6fa04b42e42eb,punjabi,fake,fft,fft_punjabi_040.wav,7,10
157eb4b3ce5947a774556934fed82b26,punjabi,fake,fft,fft_punjabi_040.wav,8,10
d3bed8c67ca54fd3c02fa5bc1b32d667,punjabi,fake,fft,fft_punjabi_040.wav,9,10
c19b47c006a0bf717c5cbd11e2f76751,punjabi,fake,fft,fft_punjabi_040.wav,10,10
a51b37cd60e9423cda8165cfe743154f,punjabi,fake,fft,fft_punjabi_040.wav,11,10
1b8ff9b9df259322c063c8bd8ce555ec,punjabi,fake,fft,fft_punjabi_040.wav,12,10
ffa8d4cca1357f32c3a00331d0d67bab,punjabi,fake,fft,fft_punjabi_040.wav,13,10
27e81469c9d864d84fb527b961f2ad9d,punjabi,fake,fft,fft_punjabi_041.wav,0,10
f8933a34decf08d4ab233491d9dc6a05,punjabi,fake,fft,fft_punjabi_041.wav,1,10
1b7aded984ae82c4e2a5fbd26c8e3668,punjabi,fake,fft,fft_punjabi_041.wav,2,10
032e7e43d17142d7cfd859136be247dc,punjabi,fake,fft,fft_punjabi_041.wav,3,10
9d8623e0bac33c4c6b5c94a7b4fa733e,punjabi,fake,fft,fft_punjabi_041.wav,4,10
54537b8716a8f905115d39e90e46174a,punjabi,fake,fft,fft_punjabi_041.wav,5,10
c1890250027d6b1a71b0ea26432adfc0,punjabi,fake,fft,fft_punjabi_041.wav,6,10
efcafed061e1af5281b61acecfcb61a5,punjabi,fake,fft,fft_punjabi_041.wav,7,10
9510da351e17e4bc84755409948946c5,punjabi,fake,fft,fft_punjabi_041.wav,8,10
17dcc7d04dcea1202d2002e7874bb478,punjabi,fake,fft,fft_punjabi_041.wav,9,10
3c0714c31317987a5cd4530adb060f5f,punjabi,fake,fft,fft_punjabi_041.wav,10,10
29f05edd287de593b2d876e8f852ae21,punjabi,fake,fft,fft_punjabi_041.wav,11,10
f307b82173cea507a3267270eccc74aa,punjabi,fake,fft,fft_punjabi_041.wav,12,10
b8aad5e7d1d6f1a648819cce8652b8de,punjabi,fake,fft,fft_punjabi_041.wav,13,10
9d367a7a23d8861bce8a979787afe748,punjabi,fake,fft,fft_punjabi_041.wav,14,10
1b5f4f86ac99df3864852fc1b10541a9,punjabi,fake,fft,fft_punjabi_041.wav,15,10
8dc0560e59d4d67ec6e01b4726c58dc3,punjabi,fake,fft,fft_punjabi_041.wav,16,10
229bc7f8f3d895abd700aca0f0424d38,punjabi,fake,fft,fft_punjabi_041.wav,17,10
f8e8be010979eb606fdd4dbfb4b463b1,punjabi,fake,fft,fft_punjabi_041.wav,18,10
1241cd0ceda4b157cea01e20d3e4dfc8,punjabi,fake,fft,fft_punjabi_041.wav,19,10
c90055852e90a829c440652d49518331,punjabi,fake,fft,fft_punjabi_041.wav,20,10
0ed1449830a44f2a8402ea6cf068f2db,punjabi,fake,fft,fft_punjabi_041.wav,21,10
ee56010e0ea5a36431795e9b542b1f1c,punjabi,fake,fft,fft_punjabi_041.wav,22,10
5b60dd1f3e2154d20048459fe0c67dde,punjabi,fake,fft,fft_punjabi_041.wav,23,10
82381f5d0bf0d146e838d9c1273b433e,punjabi,fake,fft,fft_punjabi_041.wav,24,10
cb0510018fb57fc4d2f7301bd58a4139,punjabi,fake,fft,fft_punjabi_041.wav,25,10
eccc19b2d422ae074fd32ae7e32af50a,punjabi,fake,fft,fft_punjabi_041.wav,26,10
c2f396fb1f4a21f92cbdcf20cdb88762,punjabi,fake,fft,fft_punjabi_041.wav,27,10
6b64794689dea34dd37ea345b4ccba67,punjabi,fake,fft,fft_punjabi_041.wav,28,10
65a46742ebfb0deb63951d26e1559352,punjabi,fake,fft,fft_punjabi_041.wav,29,10
9989e9e12f0ba64e9ad8463cdfbcfeef,punjabi,fake,fft,fft_punjabi_041.wav,30,10
ed9fc426815a62c3324f5e160b8669ed,punjabi,fake,fft,fft_punjabi_041.wav,31,10
44bb6b667575519659e6dd2daea973b3,punjabi,fake,fft,fft_punjabi_041.wav,32,10
13241ae9ca1563ee823ce8f7b2a0a304,punjabi,fake,fft,fft_punjabi_041.wav,33,10
415a1b2b921933e39d1f121848cb4b76,punjabi,fake,fft,fft_punjabi_041.wav,34,10
43f41d4028aa925a8642a2e6ddde122a,punjabi,fake,fft,fft_punjabi_041.wav,35,10
04aeac2e5a32aef9f294e3a2cb297840,punjabi,fake,fft,fft_punjabi_041.wav,36,10
494068303baa185a8512db6d79d4066e,punjabi,fake,fft,fft_punjabi_041.wav,37,10
ce478460e984e76b7c5e4bf5bec032be,punjabi,fake,fft,fft_punjabi_041.wav,38,10
955a9ca6d84e36963f458223f1d69ad7,punjabi,fake,fft,fft_punjabi_041.wav,39,10
e95f30a3c00b6f282286061e049877a9,punjabi,fake,fft,fft_punjabi_041.wav,40,10
8d05d6b7272ad9a4a32918ef0d8d876a,punjabi,fake,fft,fft_punjabi_041.wav,41,10
c8dc4b2a296205321ffc5bd67a880196,punjabi,fake,fft,fft_punjabi_041.wav,42,10
efe017e57569d5d93b9998c45334afd5,punjabi,fake,fft,fft_punjabi_041.wav,43,10
b769759bb6329acf695060a8f5c015cf,punjabi,fake,fft,fft_punjabi_041.wav,44,10
5d7e93ebfed5720c7c73def6208eed60,punjabi,fake,fft,fft_punjabi_041.wav,45,10
a1995fa2d647be0f62e13d7f41e41e10,punjabi,fake,fft,fft_punjabi_041.wav,46,10
f79c7a17e7f827b9e979571c85a3afc6,punjabi,fake,fft,fft_punjabi_041.wav,47,10
fd68e28d637e9ff0c66132380cbd9791,punjabi,fake,fft,fft_punjabi_041.wav,48,10
760014e61efb3c9b2e178cd04298f202,punjabi,fake,fft,fft_punjabi_041.wav,49,10
3fecb515b1a3ede89238471bc369e730,punjabi,fake,fft,fft_punjabi_041.wav,50,10
7b2e515800ecc1ddcee80caade12b7c2,punjabi,fake,fft,fft_punjabi_041.wav,51,10
776ffeab0b664b82131f06fc5f981f44,punjabi,fake,fft,fft_punjabi_041.wav,52,10
5545edb7c232f2007bcad3fb89c56e27,punjabi,fake,fft,fft_punjabi_041.wav,53,10
94c61c8b8a80bf4e717e6b0e68d8f6ec,punjabi,fake,fft,fft_punjabi_041.wav,54,10
8ce57a719a5156db5d6dab3106b06460,punjabi,fake,fft,fft_punjabi_041.wav,55,10
ff930dede962f5869a06fa7bbcb34e75,punjabi,fake,fft,fft_punjabi_041.wav,56,10
d6434d1298eeff70c96d8362fd74cc32,punjabi,fake,fft,fft_punjabi_041.wav,57,10
8491ad172daa88d30bebd9ac96b87167,punjabi,fake,fft,fft_punjabi_041.wav,58,10
27ff862dc5e0cd59848a78eb498b4391,punjabi,fake,fft,fft_punjabi_041.wav,59,10
10a72acde8e1db7d1e2bd1dfc9cd2c2a,punjabi,fake,fft,fft_punjabi_041.wav,60,10
84055088fad5f5ec1444df8a312c0902,punjabi,fake,fft,fft_punjabi_041.wav,61,10
3343668665d1de37e708cd87ec431efa,punjabi,fake,fft,fft_punjabi_041.wav,62,10
393f59cfa257a26bcf33c0e020deed3c,punjabi,fake,fft,fft_punjabi_041.wav,63,10
a57581f93dc9b5bd749c7a686f35c160,punjabi,fake,fft,fft_punjabi_041.wav,64,10
be387aa6458f451464483c2adf09d8fe,punjabi,fake,fft,fft_punjabi_041.wav,65,10
d2e940ff0544622c66b04f5c0fa9aefb,punjabi,fake,fft,fft_punjabi_041.wav,66,10
a66aff95b5e73943cf12d9a6145f9923,punjabi,fake,fft,fft_punjabi_041.wav,67,10
d88181bfd509eded11715932a8356827,punjabi,fake,fft,fft_punjabi_041.wav,68,10
bdd574b75cb3901f77f8b3a5fb447ab2,punjabi,fake,fft,fft_punjabi_041.wav,69,10
486411aa5a236fdfda41a6400ce9e9f9,punjabi,fake,fft,fft_punjabi_041.wav,70,10
235372911a63ffbf3d2d4191bdf07c1c,punjabi,fake,fft,fft_punjabi_041.wav,71,10
9475ea5e79386d1b601caebe345328cc,punjabi,fake,fft,fft_punjabi_041.wav,72,10
253074f76b93d5db50db44547930fda3,punjabi,fake,fft,fft_punjabi_041.wav,73,10
028a3614872c963c4fa0ed6907a95694,punjabi,fake,fft,fft_punjabi_041.wav,74,10
56968e04b737c75e25aa93668767491f,punjabi,fake,fft,fft_punjabi_041.wav,75,10
0ae298b307162a681628cfcd10d51c92,punjabi,fake,fft,fft_punjabi_041.wav,76,10
77d8505f5db98ea032eeb3425b998b7d,punjabi,fake,fft,fft_punjabi_041.wav,77,10
b63dcd0fc1529903b149e86f402cc853,punjabi,fake,fft,fft_punjabi_041.wav,78,10
a27bf79b64392f885fe563c9293910f8,punjabi,fake,fft,fft_punjabi_041.wav,79,10
20e792e766472e02dff6dfded221c840,punjabi,fake,fft,fft_punjabi_041.wav,80,10
fb02b5bc61b7b919ee98af903a4faa56,punjabi,fake,fft,fft_punjabi_041.wav,81,10
c36462e59a662e1389f81d11081b5ba0,punjabi,fake,fft,fft_punjabi_041.wav,82,10
b5c7cf4ea4696dfad12330bd83c3a575,punjabi,fake,fft,fft_punjabi_041.wav,83,10
72b8fac2e3be9095fdf348757ede713c,punjabi,fake,fft,fft_punjabi_041.wav,84,10
053803299117245843373bfc1bb1b5e4,punjabi,fake,fft,fft_punjabi_041.wav,85,10
eb60b362692fa4b76c479bd54dd8513b,punjabi,fake,fft,fft_punjabi_041.wav,86,10
6f55d5b065062c25f0c5f11eb67f803a,punjabi,fake,fft,fft_punjabi_041.wav,87,10
1ecd1d3658afe3f61a0529a9bf7a16f6,punjabi,fake,fft,fft_punjabi_041.wav,88,10
4740ddc09033fd779fc0ae10c1a700bc,punjabi,fake,fft,fft_punjabi_041.wav,89,10
990f99f884ca310653273daeac3e8406,punjabi,fake,fft,fft_punjabi_041.wav,90,10
72137254a372d778c55aa3bf6fb84735,punjabi,fake,fft,fft_punjabi_041.wav,91,10
108458343c9f48cb46a85d1a1360022e,punjabi,fake,fft,fft_punjabi_041.wav,92,10
e79785433eba399f92fa0a3f0e945a7e,punjabi,fake,fft,fft_punjabi_041.wav,93,10
95033ed508af084be1aace21f4250d76,punjabi,fake,fft,fft_punjabi_041.wav,94,10
1088d86bcf9d322d70aef222ca964dc7,punjabi,fake,fft,fft_punjabi_041.wav,95,10
6cf785880f16d6be63341fa51d4066c4,punjabi,fake,fft,fft_punjabi_041.wav,96,10
1a564c5d8ac2adf56caa635eede332d3,punjabi,fake,fft,fft_punjabi_041.wav,97,10
8ff0787bb41583241de571d461d95fb1,punjabi,fake,fft,fft_punjabi_041.wav,98,10
30adef5186fa4f2530c17380d51ba945,punjabi,fake,fft,fft_punjabi_042.wav,0,10
cdb72c49f6d1cbfec078d70fa6d712a8,punjabi,fake,fft,fft_punjabi_042.wav,1,10
e03be9ec0180db04a26e20fee4fb0c68,punjabi,fake,fft,fft_punjabi_042.wav,2,10
63573e2708a18ca93b9462098d930cb2,punjabi,fake,fft,fft_punjabi_042.wav,3,10
df198f78257db5fa5094e484f1fb9f64,punjabi,fake,fft,fft_punjabi_042.wav,4,10
7c268f6c947040f26c3be0c542733b72,punjabi,fake,fft,fft_punjabi_042.wav,5,10
af8458c90c2dd4c20b895ad35c957a16,punjabi,fake,fft,fft_punjabi_042.wav,6,10
fbee59b198aebf4ba8916a96e1da2f6b,punjabi,fake,fft,fft_punjabi_042.wav,7,10
44016dd563a11ddabae7a14e8ec458d0,punjabi,fake,fft,fft_punjabi_042.wav,8,10
3f11239dda28bd26dcbffe50520cc7be,punjabi,fake,fft,fft_punjabi_042.wav,9,10
29ea183fcd1c181220eb27bdbc97067d,punjabi,fake,fft,fft_punjabi_042.wav,10,10
5ab2ebd5fe67bc1d001eb7f273d504b7,punjabi,fake,fft,fft_punjabi_042.wav,11,10
b3bea287195209cd4006191e6ddd2285,punjabi,fake,fft,fft_punjabi_042.wav,12,10
35b7d5fcca13207333f6890e365e974e,punjabi,fake,fft,fft_punjabi_042.wav,13,10
d76bbd99671ceec7064f405acc0d1a18,punjabi,fake,fft,fft_punjabi_042.wav,14,10
baf17d594fd162ce995127a3e6684454,punjabi,fake,fft,fft_punjabi_042.wav,15,10
2e314e22763f759fc055087811d3ba9e,punjabi,fake,fft,fft_punjabi_042.wav,16,10
94cc4f788ec697fd0d8206bc506821f8,punjabi,fake,fft,fft_punjabi_042.wav,17,10
083b47d7225257c88041fdd918948de1,punjabi,fake,fft,fft_punjabi_042.wav,18,10
b8bfd481ac83b87cd497fb2dc54d667e,punjabi,fake,fft,fft_punjabi_043.wav,0,10
b3942d08880e9fa7ef67205b3508df2a,punjabi,fake,fft,fft_punjabi_043.wav,1,10
b9b1400758846eb0e9425b29dd3345ab,punjabi,fake,fft,fft_punjabi_043.wav,2,10
eb33f0d2ad2443e05d6113eaf832e2dd,punjabi,fake,fft,fft_punjabi_043.wav,3,10
562fcedabafda71ed75dfedce7e6c0dc,punjabi,fake,fft,fft_punjabi_043.wav,4,10
be43190571aaffab19af325dac9c6cca,punjabi,fake,fft,fft_punjabi_043.wav,5,10
909e3a8c093f2376db47529f02184ad3,punjabi,fake,fft,fft_punjabi_043.wav,6,10
590212fb2fed649c6bb99891905e1255,punjabi,fake,fft,fft_punjabi_043.wav,7,10
47fea6ac5a281b187ae2519ca52ee263,punjabi,fake,fft,fft_punjabi_043.wav,8,10
004037462f2241d88b3ef4b05c62c39b,punjabi,fake,fft,fft_punjabi_043.wav,9,10
bff210340c54ac823f687285c2108c91,punjabi,fake,fft,fft_punjabi_043.wav,10,10
af24365c2dd3ec7e3ea28c1dba700481,punjabi,fake,fft,fft_punjabi_043.wav,11,10
a7338f47a94c37ffcaa231a385a11b2c,punjabi,fake,fft,fft_punjabi_043.wav,12,10
c0a9cc8b4290af7f9cd552364e1aec9e,punjabi,fake,fft,fft_punjabi_043.wav,13,10
0b470dacc7a34dcdffafb72a94a3eaa3,punjabi,fake,fft,fft_punjabi_043.wav,14,10
1e287dc7219914c5b11184ce4634ab13,punjabi,fake,fft,fft_punjabi_043.wav,15,10
cb496cae475f35bd5aa7bc5a6060613d,punjabi,fake,fft,fft_punjabi_043.wav,16,10
d010b4826eb3bf3040d1f8f1dbbdcc7b,punjabi,fake,fft,fft_punjabi_043.wav,17,10
a9cbb3205b801faf1c096c692d1e4a08,punjabi,fake,fft,fft_punjabi_043.wav,18,10
e80ca8bb15198b2c1746ed872425ae8b,punjabi,fake,fft,fft_punjabi_043.wav,19,10
702078c56b64589f7bb377ee51dbcaf6,punjabi,fake,fft,fft_punjabi_044.wav,0,10
3c46767b8a85012f70de9826a20c8871,punjabi,fake,fft,fft_punjabi_044.wav,1,10
1bbfa7c0baea76e8c0b222000bf3f5d6,punjabi,fake,fft,fft_punjabi_044.wav,2,10
bdaabbdb8197cbf4ed015dad0586309c,punjabi,fake,fft,fft_punjabi_044.wav,3,10
337d3cc22389f5e17ebbf68a484b224f,punjabi,fake,fft,fft_punjabi_044.wav,4,10
c2c068aa6fbc9d8ec2cecbb6a8bdf1b7,punjabi,fake,fft,fft_punjabi_044.wav,5,10
8497c3983ee9bdb397e2fc9b6c992dd9,punjabi,fake,fft,fft_punjabi_044.wav,6,10
b296fe592639cc9261eb36f1c4fe9af4,punjabi,fake,fft,fft_punjabi_044.wav,7,10
ec9d1a8c8b208d7200588e5e1e68a349,punjabi,fake,fft,fft_punjabi_044.wav,8,10
5f9203d1b81f4e6b193905e695905758,punjabi,fake,fft,fft_punjabi_044.wav,9,10
3893ebf6c52d51ab7c5d8913d9735253,punjabi,fake,fft,fft_punjabi_044.wav,10,10
76801f648c5ec697f1976f1a05ab046b,punjabi,fake,fft,fft_punjabi_044.wav,11,10
fe1fbdb8f083c26ac5e7fa02819e7785,punjabi,fake,fft,fft_punjabi_044.wav,12,10
c3402369ca2f71c563a94178eb29d2fa,punjabi,fake,fft,fft_punjabi_044.wav,13,10
b52b0038292629219a062ea6039c8630,punjabi,fake,fft,fft_punjabi_044.wav,14,10
726bda00596007dc250218f93b1dd2a9,punjabi,fake,fft,fft_punjabi_044.wav,15,10
91b97d1d583a13877028ac5def13459d,punjabi,fake,fft,fft_punjabi_044.wav,16,10
22e9a4c5398edc2ada97284813e604eb,punjabi,fake,fft,fft_punjabi_044.wav,17,10
e91cdd958e19627b76f281ba68883f55,punjabi,fake,fft,fft_punjabi_044.wav,18,10
a71eea8e88a32cb15fa0a66a22e2e062,punjabi,fake,fft,fft_punjabi_044.wav,19,10
481d172c2450cf41f7ed8e87fb49fbc7,punjabi,fake,fft,fft_punjabi_044.wav,20,10
75a10efe4e1d5a112fe87069796075be,punjabi,fake,fft,fft_punjabi_044.wav,21,10
bc5315004811597db2b2918aad366d08,punjabi,fake,fft,fft_punjabi_044.wav,22,10
f52cc573663c027c06728f80601a1a6a,punjabi,fake,fft,fft_punjabi_044.wav,23,10
9d7ed3f8482b27a85c2de120a44b65db,punjabi,fake,fft,fft_punjabi_044.wav,24,10
70665bf6b3534aabbdb888ba49c34737,punjabi,fake,fft,fft_punjabi_044.wav,25,10
e059e41f9173fe50d8b2083eee46cb46,punjabi,fake,fft,fft_punjabi_044.wav,26,10
bd7daf7a02d2def3709ea39a739e4b96,punjabi,fake,fft,fft_punjabi_044.wav,27,10
81ddd4050f579fc9f4994976eb5fd5a7,punjabi,fake,fft,fft_punjabi_044.wav,28,10
57df049a057400e36788ba055d27d06b,punjabi,fake,fft,fft_punjabi_044.wav,29,10
72a6f54dc556db6d3df7a9e0d00c1149,punjabi,fake,fft,fft_punjabi_044.wav,30,10
d72d91e89e7bdc5ff12be4d440ce43d4,punjabi,fake,fft,fft_punjabi_044.wav,31,10
0e62da1b5d0b8f7c0f9c66eb8444aa74,punjabi,fake,fft,fft_punjabi_044.wav,32,10
d2ff5f9fbed505ff77286443c5a4cbea,punjabi,fake,fft,fft_punjabi_044.wav,33,10
59793a02627bf1eecd773b82a358863d,punjabi,fake,fft,fft_punjabi_044.wav,34,10
d83865f2527b5fa0a1f9f7ad0439206e,punjabi,fake,fft,fft_punjabi_044.wav,35,10
d3dbf11faf9763ca8217eee7f33d2a05,punjabi,fake,fft,fft_punjabi_044.wav,36,10
519373efdf34c88b4a7c65c70c88a498,punjabi,fake,fft,fft_punjabi_044.wav,37,10
5b226f16080512f589a5aa4e8a8c5418,punjabi,fake,fft,fft_punjabi_044.wav,38,10
5c42c153bf791d56841fb95524dc74f8,punjabi,fake,fft,fft_punjabi_044.wav,39,10
6027aaa374afd7795f91411db1a52b82,punjabi,fake,fft,fft_punjabi_044.wav,40,10
a85e7ad33cf2801b668297ec68722a82,punjabi,fake,fft,fft_punjabi_044.wav,41,10
70b7df88da0df9b447dc20bf61781745,punjabi,fake,fft,fft_punjabi_044.wav,42,10
dc7a8edd1f7a703d1cb827bef2dac77d,punjabi,fake,fft,fft_punjabi_044.wav,43,10
e9025b94b677eecd0b2d955bbf8b7373,punjabi,fake,fft,fft_punjabi_044.wav,44,10
9efab16c0d4cc3b7daaca19a4e9228fd,punjabi,fake,fft,fft_punjabi_045.wav,0,10
d8f41351a2041520de3c90a6cf705aec,punjabi,fake,fft,fft_punjabi_045.wav,1,10
4a4904b49084116bc732b0e926189b23,punjabi,fake,fft,fft_punjabi_045.wav,2,10
9ab0ced1451e4ab838e6b5d90e80701c,punjabi,fake,fft,fft_punjabi_045.wav,3,10
e44f31b6848f52cc49fc9f6ea8e70306,punjabi,fake,fft,fft_punjabi_045.wav,4,10
5bfc8bced904280f221aed729d8cd6e5,punjabi,fake,fft,fft_punjabi_045.wav,5,10
0376ac2b3918b559e7285c0e835853ea,punjabi,fake,fft,fft_punjabi_045.wav,6,10
e8c9c24f1a3fc1a0de9635dfbf7867aa,punjabi,fake,fft,fft_punjabi_045.wav,7,10
99b6c2f5d3d25336fd6ef57fd8360ddf,punjabi,fake,fft,fft_punjabi_045.wav,8,10
284971a5f99561cb3a45ca8188887fe9,punjabi,fake,fft,fft_punjabi_045.wav,9,10
07c4754c13ea56cc4c073952be942ea4,punjabi,fake,fft,fft_punjabi_045.wav,10,10
6c4de0980adef889a212a58f661e2a6a,punjabi,fake,fft,fft_punjabi_045.wav,11,10
08e8ed58177aeb0855265f9d1a7f0c81,punjabi,fake,fft,fft_punjabi_045.wav,12,10
d6f293658a25bda4b0d3bfc4f47c5e2a,punjabi,fake,fft,fft_punjabi_045.wav,13,10
7b79073bf81c99fd79c591fadb319556,punjabi,fake,fft,fft_punjabi_045.wav,14,10
520a920be8006419b86ec8a373a0d4ef,punjabi,fake,fft,fft_punjabi_045.wav,15,10
b9eae453179270eeec2a9dfa11067826,punjabi,fake,fft,fft_punjabi_045.wav,16,10
7a15280053432c13a318249dae4d655a,punjabi,fake,fft,fft_punjabi_045.wav,17,10
4ecaa1fef4f1215f72c7122f84813cea,punjabi,fake,fft,fft_punjabi_045.wav,18,10
885649be3f1ea13f941e473c6f310fc3,punjabi,fake,fft,fft_punjabi_045.wav,19,10
3609fc0dd9008e619090ad6b4f6f9f52,punjabi,fake,fft,fft_punjabi_046.wav,0,10
231650bda22c3d3b6d691a07e2806e3f,punjabi,fake,fft,fft_punjabi_046.wav,1,10
b82f84ecf2c7bad7b882d9ad4203465c,punjabi,fake,fft,fft_punjabi_046.wav,2,10
010c2196d03620949e156055dc9f3c18,punjabi,fake,fft,fft_punjabi_046.wav,3,10
824b8e237eff49b59900d9b18b49c3c1,punjabi,fake,fft,fft_punjabi_047.wav,0,10
26cfdcb1a77237b868af37dfec32d6e2,punjabi,fake,fft,fft_punjabi_047.wav,1,10
ddcd25b5ac8f07764bd3da289d2cc3ab,punjabi,fake,fft,fft_punjabi_047.wav,2,10
006e135b1fa0e92384e012633f755f00,punjabi,fake,fft,fft_punjabi_047.wav,3,10
90ad806711a492c82536c0a9e05ad15c,punjabi,fake,fft,fft_punjabi_047.wav,4,10
b8134526670a33adf85becf9a5ef9da0,punjabi,fake,fft,fft_punjabi_047.wav,5,10
989f4b1aee46a467935fb2c174e4be73,punjabi,fake,fft,fft_punjabi_047.wav,6,10
4404c2f7b256e2df7805678665039f3f,punjabi,fake,fft,fft_punjabi_047.wav,7,10
5db870e4b3045a6504328145ec2740a2,punjabi,fake,fft,fft_punjabi_047.wav,8,10
91208e80324af4e445dc6d684f1d6e47,punjabi,fake,fft,fft_punjabi_047.wav,9,10
0306d6f02e8f6e7d499d65b42bc902cf,punjabi,fake,fft,fft_punjabi_047.wav,10,10
ba78b798dfaefe77114211f7cb45a239,punjabi,fake,fft,fft_punjabi_047.wav,11,10
db1b010b75f54b1cfab6eeb448f6f696,punjabi,fake,fft,fft_punjabi_047.wav,12,10
2ac8a403b64a0654466510882e0c8186,punjabi,fake,fft,fft_punjabi_047.wav,13,10
96e95d67872f3fbc0f35d7c229e00879,punjabi,fake,fft,fft_punjabi_047.wav,14,10
66bfe5fabc54d1eb4841a2e150deb592,punjabi,fake,fft,fft_punjabi_047.wav,15,10
4b888c128310a7cfccf22de02c88f544,punjabi,fake,fft,fft_punjabi_047.wav,16,10
64fb7db4611d7cf91f6b930ed5e83820,punjabi,fake,fft,fft_punjabi_047.wav,17,10
dfc1870ae8e810333db0f95109efa19b,punjabi,fake,fft,fft_punjabi_047.wav,18,10
8c7bad999b9db0a2e82a3d86df755a3a,punjabi,fake,fft,fft_punjabi_047.wav,19,10
f1dc119c34a7023ab4bc2dbc06b3f3e5,punjabi,fake,fft,fft_punjabi_047.wav,20,10
a0407ba7f880c449392e5c66af2597b0,punjabi,fake,fft,fft_punjabi_047.wav,21,10
6b82e019a5d8b0a8f2aa8ed444a5625e,punjabi,fake,fft,fft_punjabi_047.wav,22,10
f38aec5795407aa93ce72a94702a8505,punjabi,fake,fft,fft_punjabi_048.wav,0,10
0120faf69c0714c9cfd8a876a2deccf9,punjabi,fake,fft,fft_punjabi_048.wav,1,10
7d67455f3b4c4892c06e2c53ce153300,punjabi,fake,fft,fft_punjabi_048.wav,2,10
0aa87bd54d32924774ebf68ee50149e2,punjabi,fake,fft,fft_punjabi_048.wav,3,10
f86995ac17777d1af5d7fcc983d43e09,punjabi,fake,fft,fft_punjabi_048.wav,4,10
d6eb26dc660c47a7a0051f8eda1918b9,punjabi,fake,fft,fft_punjabi_048.wav,5,10
e321efc8ec317622c0167367a20f2368,punjabi,fake,fft,fft_punjabi_048.wav,6,10
4cbca63582982643d95929f6e0b73ee5,punjabi,fake,fft,fft_punjabi_048.wav,7,10
121eff8f2375d518e5bef7da5cde5908,punjabi,fake,fft,fft_punjabi_048.wav,8,10
7ea27420194467584f19b31621a39129,punjabi,fake,fft,fft_punjabi_048.wav,9,10
fdc0667a0ac9648edf679387bf0c923e,punjabi,fake,fft,fft_punjabi_048.wav,10,10
e6cbf0fd420bf63edde87f083da31a3f,punjabi,fake,fft,fft_punjabi_048.wav,11,10
22bf8be5492f3d4189d2ce5e36923eb5,punjabi,fake,fft,fft_punjabi_048.wav,12,10
6d25eea7cdcfa8151ff4b1fc917eef2a,punjabi,fake,fft,fft_punjabi_048.wav,13,10
8b92a9be3ac0b54f3d0355185e72909b,punjabi,fake,fft,fft_punjabi_048.wav,14,10
e5fb3ab2dfad4520caa9f560842386d0,punjabi,fake,fft,fft_punjabi_048.wav,15,10
2d045412e61a49b0bcc70db0099b4410,punjabi,fake,fft,fft_punjabi_048.wav,16,10
ddb77dafdf3d99174e8286b727320749,punjabi,fake,fft,fft_punjabi_048.wav,17,10
0068c86638dfb733b304b2564c763b32,punjabi,fake,fft,fft_punjabi_048.wav,18,10
3a97e109bd78b6b02fc5707b9bcdd829,punjabi,fake,fft,fft_punjabi_048.wav,19,10
a63640dff74882813a75bb9f0afc9020,punjabi,fake,fft,fft_punjabi_048.wav,20,10
f52c93e6d9bda05389fb964f97443e1e,punjabi,fake,fft,fft_punjabi_048.wav,21,10
1c3333511730ed660b0dcb617405cf72,punjabi,fake,fft,fft_punjabi_048.wav,22,10
3a715275969603f49d0b07e64fd648e4,punjabi,fake,fft,fft_punjabi_049.wav,0,10
2dcc61877ec5fbcae913bc26bb5477cc,punjabi,fake,fft,fft_punjabi_049.wav,1,10
acb7fd0834b2545cb11cc4037e1861ed,punjabi,fake,fft,fft_punjabi_049.wav,2,10
cbebfa42c28924113dc57270f870d572,punjabi,fake,fft,fft_punjabi_049.wav,3,10
4cebef7ba97d18a84cc6d99c9e9a02cd,punjabi,fake,fft,fft_punjabi_049.wav,4,10
96ab4b3b2209af811834cc9d14886164,punjabi,fake,fft,fft_punjabi_049.wav,5,10
4839734aba17a91f91294cc181c0e362,punjabi,fake,fft,fft_punjabi_049.wav,6,10
0e907ec99ec2c7cf38e6170b2fb4a45c,punjabi,fake,fft,fft_punjabi_049.wav,7,10
f968e6b0cea2397ff43ab9785da8c0ee,punjabi,fake,fft,fft_punjabi_049.wav,8,10
86ddcb5327ceeed9318284a4d4f89432,punjabi,fake,fft,fft_punjabi_049.wav,9,10
368bf583384abfeeeef20f44d67eff19,punjabi,fake,fft,fft_punjabi_049.wav,10,10
fa4b43f44bf5c031a4e1690713d994fd,punjabi,fake,fft,fft_punjabi_049.wav,11,10
fbe9a4a6aff917d14542a3e2adf6661c,punjabi,fake,fft,fft_punjabi_049.wav,12,10
6ae47fa03ae8d0031316e9b008ddb346,punjabi,fake,fft,fft_punjabi_049.wav,13,10
beb49ff86c000358915bd2ee227163b4,punjabi,fake,fft,fft_punjabi_049.wav,14,10
29964fa88e9794d141db499e3d99b8a3,punjabi,fake,fft,fft_punjabi_049.wav,15,10
ea7b93df4d8264fd1e691d18a0eb973c,punjabi,fake,fft,fft_punjabi_049.wav,16,10
cd6e1fa1b52cb9bc49c70265db034d76,punjabi,fake,fft,fft_punjabi_050.wav,0,10
bf22f335e7e5054b178cc51e40699b67,punjabi,fake,fft,fft_punjabi_050.wav,1,10
7357453c0cc652b170b2841ca6e4baa4,punjabi,fake,fft,fft_punjabi_050.wav,2,10
f871eac022fc6736499f8464da55e001,punjabi,fake,fft,fft_punjabi_050.wav,3,10
060cf22d8ab3aaa76f03edecdebc77e4,punjabi,fake,fft,fft_punjabi_050.wav,4,10
d9ae805edf8db5d4bb8dbee46e13bc3a,punjabi,fake,fft,fft_punjabi_050.wav,5,10
11f50293ec521ca61754347d6521ef90,punjabi,fake,fft,fft_punjabi_050.wav,6,10
78a47ea5ca88745de8ceea01bc4cbe79,punjabi,fake,fft,fft_punjabi_050.wav,7,10
2b7c908f3dd24c8af530faf0d296a778,punjabi,fake,fft,fft_punjabi_050.wav,8,10
a2581e447bad076a243f2c4abe8dc423,punjabi,fake,fft,fft_punjabi_050.wav,9,10
a2a474e9d1a9cd5affb0d1a6c0efdd1e,punjabi,fake,fft,fft_punjabi_050.wav,10,10
2b2dd74925ed6ff131cf864e9c24cf0f,punjabi,fake,fft,fft_punjabi_050.wav,11,10
7df42dc64a338e9263abc6d94765ab71,punjabi,fake,fft,fft_punjabi_050.wav,12,10
d57c14ca78f2b72895194c82dad76503,punjabi,fake,fft,fft_punjabi_050.wav,13,10
0d46451ec1a98ae059164378ec76104a,punjabi,fake,fft,fft_punjabi_050.wav,14,10
3d3aad0a67bb05e8e3cc65e5cdb4c644,punjabi,fake,fft,fft_punjabi_051.wav,0,10
237c92ff6f5ca4cf540418c8384be02f,punjabi,fake,fft,fft_punjabi_051.wav,1,10
ed88ba586d7d53899342c46d125c1761,punjabi,fake,fft,fft_punjabi_051.wav,2,10
bb2afd9dcc0289c214ee571535b725b6,punjabi,fake,fft,fft_punjabi_051.wav,3,10
b5c561358fce7a28b5835cceb975c342,punjabi,fake,fft,fft_punjabi_051.wav,4,10
0acaa58b98b73cfdcab6751e8b8c0f35,punjabi,fake,fft,fft_punjabi_051.wav,5,10
b6f02af53cbdc0a9a942206af9ac82af,punjabi,fake,fft,fft_punjabi_051.wav,6,10
d05078761c2e900c8a78b4f3f728c39e,punjabi,fake,fft,fft_punjabi_051.wav,7,10
95289b678638bdf3ce1e0379e23befd5,punjabi,fake,fft,fft_punjabi_051.wav,8,10
bb78b256f7a25aca6d7c74a189920854,punjabi,fake,fft,fft_punjabi_051.wav,9,10
093ff110d254f079c722f511d88821d9,punjabi,fake,fft,fft_punjabi_051.wav,10,10
0a167d7fbb1ff92d5fcdcc57465473f6,punjabi,fake,fft,fft_punjabi_051.wav,11,10
6ecb7d08c63bfc44dbecd9989151afad,punjabi,fake,fft,fft_punjabi_051.wav,12,10
bad0d5b28c30a9d339aefa4c6803280f,punjabi,fake,fft,fft_punjabi_051.wav,13,10
b5977a0dcf9bf6e32617f838ce21fed3,punjabi,fake,fft,fft_punjabi_051.wav,14,10
e035314f2c93bfe1f666b7dd85a6beb5,punjabi,fake,fft,fft_punjabi_051.wav,15,10
07ae2bc1dfbf2e637b783d1005e0f37a,punjabi,fake,fft,fft_punjabi_051.wav,16,10
2e65045e0bf41e5abf75b25791147de5,punjabi,fake,fft,fft_punjabi_051.wav,17,10
992323aa3b56edc69b8bb6269ec06199,punjabi,fake,fft,fft_punjabi_051.wav,18,10
5f12f023c005b468dc1099045eb782f0,punjabi,fake,fft,fft_punjabi_051.wav,19,10
2c721a6baeb9ca3d6b94d6131a85579c,punjabi,fake,fft,fft_punjabi_051.wav,20,10
806bad2161079264143802b37a5c754f,punjabi,fake,fft,fft_punjabi_051.wav,21,10
f4f25e90b42acad03de13ff0541baee1,punjabi,fake,fft,fft_punjabi_051.wav,22,10
91cff269de29c4f99d1d3c2ef23eb5bf,punjabi,fake,fft,fft_punjabi_051.wav,23,10
31311486d1796cd382fa1926a121130e,punjabi,fake,fft,fft_punjabi_052.wav,0,10
e054234321e74814dfd408ca900f921f,punjabi,fake,fft,fft_punjabi_052.wav,1,10
c029a68d4a690692751b8163ba9fa777,punjabi,fake,fft,fft_punjabi_052.wav,2,10
5dc8f68e8b63ffdbd0c8caf10d349f86,punjabi,fake,fft,fft_punjabi_052.wav,3,10
45bcae8b2f3b1bee823ebdb5d8391c3b,punjabi,fake,fft,fft_punjabi_052.wav,4,10
1ec68b1c71b8d9cc59777837dca2ca9b,punjabi,fake,fft,fft_punjabi_052.wav,5,10
0d4dcbe221e14db4a7d0dd727c45c0e1,punjabi,fake,fft,fft_punjabi_052.wav,6,10
89eb9a130f633d45fc84ad01034b7b93,punjabi,fake,fft,fft_punjabi_052.wav,7,10
aec7de0ee176c02758e98bce557f9aa1,punjabi,fake,fft,fft_punjabi_052.wav,8,10
c45326447d4d1375c9af77b496cba93c,punjabi,fake,fft,fft_punjabi_052.wav,9,10
164e2aa375e0e26fd8debd3caee3dca9,punjabi,fake,fft,fft_punjabi_052.wav,10,10
f7a1cb9302e0176f9478564ecd9fa515,punjabi,fake,fft,fft_punjabi_052.wav,11,10
30bb3981448d054d8206bc9b40212d4e,punjabi,fake,fft,fft_punjabi_052.wav,12,10
c7ed1d4e76225938ae7e1ded218042de,punjabi,fake,fft,fft_punjabi_052.wav,13,10
3fa5b3097975fbd9c5799e4a0d71cf3c,punjabi,fake,fft,fft_punjabi_052.wav,14,10
f72ca2a7f4696dda0a11b65b68817329,punjabi,fake,fft,fft_punjabi_052.wav,15,10
cf293ad59e70b9633888d217c717c5b9,punjabi,fake,fft,fft_punjabi_052.wav,16,10
d37a686c69f303013b253023e4aedaa5,punjabi,fake,fft,fft_punjabi_052.wav,17,10
7ed7bab57310f21801517f69a8e1e0f3,punjabi,fake,fft,fft_punjabi_052.wav,18,10
ccb6dda293ef5a191e325a2e73d6075b,punjabi,fake,fft,fft_punjabi_052.wav,19,10
af7441c15c840e4b9d3f9269a8321b32,punjabi,fake,fft,fft_punjabi_052.wav,20,10
87866e857333797d82e3e3116f620817,punjabi,fake,fft,fft_punjabi_052.wav,21,10
77b25f98ce2a2392edfee950db77be48,punjabi,fake,fft,fft_punjabi_052.wav,22,10
04ae96efe3d002fc92427dcbe8cba129,punjabi,fake,fft,fft_punjabi_052.wav,23,10
ca24d54a7d7254c3a3bd05fa02b6e368,punjabi,fake,fft,fft_punjabi_052.wav,24,10
5db5ac114025294f76df408651652ff2,punjabi,fake,fft,fft_punjabi_052.wav,25,10
5eba06d6bd50b20180dac31811f07ee5,punjabi,fake,fft,fft_punjabi_052.wav,26,10
3ef02922a7d744684437d19a2718b3aa,punjabi,fake,fft,fft_punjabi_052.wav,27,10
309d2b0d2795f9caa359f1cc8839ea72,punjabi,fake,fft,fft_punjabi_052.wav,28,10
1c1bd03e5e1e50e471578b97d710f295,punjabi,fake,fft,fft_punjabi_052.wav,29,10
1f83ba7c19ced44a35aca3a52754e23a,punjabi,fake,fft,fft_punjabi_052.wav,30,10
9f5acde4cf936c7f90aafe2e8308ef1d,punjabi,fake,fft,fft_punjabi_052.wav,31,10
afd8b6461df1d4ebce91e41f30d337e4,punjabi,fake,fft,fft_punjabi_052.wav,32,10
9919494c22fb7a5228361acac6720a39,punjabi,fake,fft,fft_punjabi_052.wav,33,10
7b3f129d7073b347a8d2f4bc716357d6,punjabi,fake,fft,fft_punjabi_052.wav,34,10
eb7c4b6cd468dc5d5547e29c7ab95557,punjabi,fake,fft,fft_punjabi_052.wav,35,10
ff03edbc610580ddea3ccef9a36d9158,punjabi,fake,fft,fft_punjabi_052.wav,36,10
694b838c40230763c53c7a6da1072c90,punjabi,fake,fft,fft_punjabi_052.wav,37,10
a96c8dd3202e880e18978d9d87eb8d65,punjabi,fake,fft,fft_punjabi_053.wav,0,10
8fbd3b27da87f5906806a21faec32314,punjabi,fake,fft,fft_punjabi_053.wav,1,10
d42959fef56e881841f11e3a0c4fa98b,punjabi,fake,fft,fft_punjabi_053.wav,2,10
f1b9e3e1bd955ccf6731bc61a63d5c60,punjabi,fake,fft,fft_punjabi_053.wav,3,10
491cce85b767423be30e1cf783c7e3cf,punjabi,fake,fft,fft_punjabi_053.wav,4,10
92b05b5689c5fed13b7955d047885d2a,punjabi,fake,fft,fft_punjabi_053.wav,5,10
16a226ec55995c5a6e3fa0f0cbfb2a8a,punjabi,fake,fft,fft_punjabi_053.wav,6,10
aa0710abe6a91417e59271d4cdcfb6df,punjabi,fake,fft,fft_punjabi_053.wav,7,10
cfae8e0729e0b6da236c6550ef56fc33,punjabi,fake,fft,fft_punjabi_053.wav,8,10
3fcc7f333f53ee6c352f9890f442fbf8,punjabi,fake,fft,fft_punjabi_053.wav,9,10
a603d6ec9a8e860e9d20f92033d1d8d3,punjabi,fake,fft,fft_punjabi_053.wav,10,10
716e5786f7364f4ab9b8d57aff1241a7,punjabi,fake,fft,fft_punjabi_053.wav,11,10
c4bc0b1e37e6db6e320a83a3900e48b2,punjabi,fake,fft,fft_punjabi_053.wav,12,10
a17f8c9edf704f571602ebb1b88d07f7,punjabi,fake,fft,fft_punjabi_053.wav,13,10
f2794e1153bc8fdd28c95c94c29a87bc,punjabi,fake,fft,fft_punjabi_053.wav,14,10
3aa06638fb83b0682bb4539f7fd6d3aa,punjabi,fake,fft,fft_punjabi_053.wav,15,10
67e402364f5a3843bdc3ddd9bba2cb1c,punjabi,fake,fft,fft_punjabi_053.wav,16,10
051e78e79cd21061dc3a3f2335ffd3db,punjabi,fake,fft,fft_punjabi_053.wav,17,10
60441a765cdd6cdc008e98894cd823dd,punjabi,fake,fft,fft_punjabi_053.wav,18,10
4600acd2ebb6cfdf6dd40e363aabcb06,punjabi,fake,fft,fft_punjabi_053.wav,19,10
cae5c25caf047a4e51b882d1c72bbba9,punjabi,fake,fft,fft_punjabi_053.wav,20,10
f7a4c54c2bb07cdbc474e267affd3265,punjabi,fake,fft,fft_punjabi_053.wav,21,10
b1a5d8828d253262138fd865b8ba802e,punjabi,fake,fft,fft_punjabi_053.wav,22,10
67f8b2f1239706cae774866ce9597763,punjabi,fake,fft,fft_punjabi_053.wav,23,10
05cf6ec37f8b3eb5e410fd6b99c15105,punjabi,fake,fft,fft_punjabi_053.wav,24,10
45b9d8b0ae0a4c66fcc90e719c85a2ca,punjabi,fake,fft,fft_punjabi_053.wav,25,10
5a5c58e5db787fe908612b08e2ea9ce7,punjabi,fake,fft,fft_punjabi_053.wav,26,10
31d548ca4d7b6d642cd2c3cf2b21e211,punjabi,fake,fft,fft_punjabi_053.wav,27,10
6a3b8680b79544c8cf6ebb21a69734d6,punjabi,fake,fft,fft_punjabi_053.wav,28,10
a4acdda9cf781e716f5b82c5014849c1,punjabi,fake,fft,fft_punjabi_053.wav,29,10
901cb0a46de6e8e2e379f34285810680,punjabi,fake,fft,fft_punjabi_053.wav,30,10
69ad9c965d44619c2e8a760195b496cd,punjabi,fake,fft,fft_punjabi_054.wav,0,10
565e5a15969d62ffe7afd6cb0c71f39d,punjabi,fake,fft,fft_punjabi_054.wav,1,10
62584feaf563aeef20b3283109349ec4,punjabi,fake,fft,fft_punjabi_054.wav,2,10
46b6630f5c887913f4391cdb9fe5df9e,punjabi,fake,fft,fft_punjabi_054.wav,3,10
2746a3e93b9f1907c1255c9dd97104a2,punjabi,fake,fft,fft_punjabi_054.wav,4,10
635124a1a7296585926ce913b2fb2938,punjabi,fake,fft,fft_punjabi_054.wav,5,10
b78d4c92d08a2bc4c52c42a57a6fd78f,punjabi,fake,fft,fft_punjabi_054.wav,6,10
dc4e392616de4097981d45ba02b701e1,punjabi,fake,fft,fft_punjabi_054.wav,7,10
e8474da94a660e5c146f03a2e5f29f3b,punjabi,fake,fft,fft_punjabi_054.wav,8,10
552cb15cdb2d1fc363b99f6c0a35254f,punjabi,fake,fft,fft_punjabi_054.wav,9,10
f619c4fd51238a7f7910ca104b4075b1,punjabi,fake,fft,fft_punjabi_054.wav,10,10
687f7e817f94ab17190c6efe270b6c9d,punjabi,fake,fft,fft_punjabi_054.wav,11,10
5d147d28d8c4906187983932f46f068c,punjabi,fake,fft,fft_punjabi_054.wav,12,10
55f83273c423ad6c2f518882c880bc61,punjabi,fake,fft,fft_punjabi_054.wav,13,10
4effbc02b624450876a321b1f9b75df9,punjabi,fake,fft,fft_punjabi_054.wav,14,10
2a8713bec716b320e9d3d5dca336d6d4,punjabi,fake,fft,fft_punjabi_054.wav,15,10
0c140541d6a4cae3c03d9d686fbffff7,punjabi,fake,fft,fft_punjabi_054.wav,16,10
7d6df270391f7c3a7606490f86827696,punjabi,fake,fft,fft_punjabi_054.wav,17,10
cd9fa98c554ba7062d968005562fe2b0,punjabi,fake,fft,fft_punjabi_054.wav,18,10
27c052c4ebf36e3f793c733beaf4dca2,punjabi,fake,fft,fft_punjabi_054.wav,19,10
521f0f68b2d4c94e5ff00e25e192936b,punjabi,fake,fft,fft_punjabi_054.wav,20,10
847fe64610cf166a1705db1fe1dce77f,punjabi,fake,fft,fft_punjabi_055.wav,0,10
b1a6d7a75da6512c22634592f35940e3,punjabi,fake,fft,fft_punjabi_055.wav,1,10
6314aa01d6104b60e0a81d4907cfc281,punjabi,fake,fft,fft_punjabi_055.wav,2,10
8eae25b46cd9ee16bd53ba9f79a96bce,punjabi,fake,fft,fft_punjabi_055.wav,3,10
6b3a5261d7789419c8b6c30ad8bf8101,punjabi,fake,fft,fft_punjabi_055.wav,4,10
eeae704fc056122de033029d3382eea2,punjabi,fake,fft,fft_punjabi_055.wav,5,10
a39f91fe87925e5e21c3e54c078bed3b,punjabi,fake,fft,fft_punjabi_055.wav,6,10
312395a594d00cdd02b71cd004cb89fa,punjabi,fake,fft,fft_punjabi_055.wav,7,10
afda151450e5d2afe8d5ba394537e4a3,punjabi,fake,fft,fft_punjabi_055.wav,8,10
429ed7a00f162ef8810373b28419c65f,punjabi,fake,fft,fft_punjabi_055.wav,9,10
162ea8a98e324bd1d1a9dc92aa8a44a3,punjabi,fake,fft,fft_punjabi_055.wav,10,10
7d7581a598a079e158cd586924786ce0,punjabi,fake,fft,fft_punjabi_055.wav,11,10
252283a3e7387dbf487eae2b6ddda187,punjabi,fake,fft,fft_punjabi_055.wav,12,10
3aa1070e56b127c348e99ad26acb77f0,punjabi,fake,fft,fft_punjabi_055.wav,13,10
2fbd9fb6b7766c39576881d1cb029fff,punjabi,fake,fft,fft_punjabi_055.wav,14,10
9f665e09560f33cdd9d2163c8d95e7cd,punjabi,fake,fft,fft_punjabi_055.wav,15,10
3631e431789ff14d1102290287e528ce,punjabi,fake,fft,fft_punjabi_055.wav,16,10
c5b0a099da03257093fa038ed294bdb1,punjabi,fake,fft,fft_punjabi_055.wav,17,10
5cc4bad85d83249e5eb5174033582e7d,punjabi,fake,fft,fft_punjabi_055.wav,18,10
5ee63737784268d799897c4c21871ba0,punjabi,fake,fft,fft_punjabi_056.wav,0,10
926f26758146f9ac1862222c5d674df6,punjabi,fake,fft,fft_punjabi_056.wav,1,10
8805c6aa14343bb59a78e8e34dd507f2,punjabi,fake,fft,fft_punjabi_056.wav,2,10
679cdf306e85fb90ff61869661868c73,punjabi,fake,fft,fft_punjabi_056.wav,3,10
ab9bba0b7f25a738db55a2468714ff5b,punjabi,fake,fft,fft_punjabi_056.wav,4,10
450f9b500c65cca5393d0394869090b0,punjabi,fake,fft,fft_punjabi_056.wav,5,10
ac808d2c91b588ff969bd9e3f7a3b11a,punjabi,fake,fft,fft_punjabi_056.wav,6,10
369fdce19b81891141f5f09c4e034ad5,punjabi,fake,fft,fft_punjabi_056.wav,7,10
da80aa88b1a8d8e941b97b37ea660a3d,punjabi,fake,fft,fft_punjabi_056.wav,8,10
30c779ded352f0b714ee728984fb4883,punjabi,fake,fft,fft_punjabi_056.wav,9,10
3abf8ac48265410a331309bea6cf7369,punjabi,fake,fft,fft_punjabi_056.wav,10,10
84f4381435c7633db646c8db93eb203e,punjabi,fake,fft,fft_punjabi_056.wav,11,10
8ee95a6487ca6ce15751a41bae0b3eb3,punjabi,fake,fft,fft_punjabi_056.wav,12,10
4c2a21d67e488991e936f2d0e8cd0d91,punjabi,fake,fft,fft_punjabi_056.wav,13,10
572fe28c2c1093db883503588cf06169,punjabi,fake,fft,fft_punjabi_056.wav,14,10
e32282be3b7bd68d3140718f1d7d694c,punjabi,fake,fft,fft_punjabi_056.wav,15,10
a47bf6fadea8d3cdab53d60e9cf2d9b9,punjabi,fake,fft,fft_punjabi_056.wav,16,10
b0f4b60a6bc5ee2cbe0819bf5c88fb72,punjabi,fake,fft,fft_punjabi_056.wav,17,10
674acedb9ede2455fda0639596aac9b9,punjabi,fake,fft,fft_punjabi_056.wav,18,10
cca1bf61624e66512a0817e4b0d23f72,punjabi,fake,fft,fft_punjabi_056.wav,19,10
eea52ce6fd6d1aac4ea5bf0819bf0e8b,punjabi,fake,fft,fft_punjabi_056.wav,20,10
9015a4af024e5857444bef506b40c57b,punjabi,fake,fft,fft_punjabi_057.wav,0,10
ccced5470cf442a4441608860d059169,punjabi,fake,fft,fft_punjabi_057.wav,1,10
f1cf6901937e9e424f374b0294b4d495,punjabi,fake,fft,fft_punjabi_057.wav,2,10
731442202b6bae3c5be805cbb1433494,punjabi,fake,fft,fft_punjabi_057.wav,3,10
da93dd4a1b6cb4c2a270e97f44839cae,punjabi,fake,fft,fft_punjabi_057.wav,4,10
866b1bd792b4bbd8b6b75d3ad59cea43,punjabi,fake,fft,fft_punjabi_057.wav,5,10
7e63a8b0d0809b5091983bba86f7f61e,punjabi,fake,fft,fft_punjabi_057.wav,6,10
e57db2d2e49bba029487aaefde2e247c,punjabi,fake,fft,fft_punjabi_057.wav,7,10
ec6a97a0ece065ea87ef3d4f40cbf513,punjabi,fake,fft,fft_punjabi_057.wav,8,10
957a1024ddb7b5f9eee3d96cae8e99e6,punjabi,fake,fft,fft_punjabi_057.wav,9,10
a948b084c867c488afbfa599381f50ed,punjabi,fake,fft,fft_punjabi_057.wav,10,10
ea908f677c6a43ecc0df7f26e64a5fad,punjabi,fake,fft,fft_punjabi_057.wav,11,10
ad83af2512159bd0ed13b0575c5a937a,punjabi,fake,fft,fft_punjabi_057.wav,12,10
0241396920ba5d0c4272abafbadb3302,punjabi,fake,fft,fft_punjabi_057.wav,13,10
40acf64c3f8ed0511fffb9783b229ffc,punjabi,fake,fft,fft_punjabi_057.wav,14,10
f7b7928b528de789b76752e4f3f4a2f7,punjabi,fake,fft,fft_punjabi_057.wav,15,10
02db92d199d0db8742121dd771b6bf68,punjabi,fake,fft,fft_punjabi_057.wav,16,10
8368246bfcb1ae3d5966a89b4ededbdb,punjabi,fake,fft,fft_punjabi_057.wav,17,10
a25990705633894f0eaf8fc9ce839911,punjabi,fake,fft,fft_punjabi_057.wav,18,10
efc99a71c6f792d2ab36c9470bd60431,punjabi,fake,fft,fft_punjabi_057.wav,19,10
a1de1f5c5fd7e556c81ca43b05248cf8,punjabi,fake,fft,fft_punjabi_057.wav,20,10
c1af7737590d9d1019899d0e78bdc06f,punjabi,fake,fft,fft_punjabi_057.wav,21,10
110ede3b9d95625e48e93a8d6d1cbcef,punjabi,fake,fft,fft_punjabi_057.wav,22,10
8a1bf91a04a13d4bc8ad1ea7cc9c908e,punjabi,fake,fft,fft_punjabi_057.wav,23,10
089ac6ceebcde604f7aed3631101fb00,punjabi,fake,fft,fft_punjabi_057.wav,24,10
a5c6dcdb0b129ab4f34c97b47a4918fe,punjabi,fake,fft,fft_punjabi_057.wav,25,10
0af1207d361ecd0793e0425a315fe02c,punjabi,fake,fft,fft_punjabi_057.wav,26,10
ce9553b3449680866f5e0e146f1be7e5,punjabi,fake,fft,fft_punjabi_057.wav,27,10
a9929f37d4422cbe3dce41caf5a40890,punjabi,fake,fft,fft_punjabi_057.wav,28,10
bbb744fba828d7adb9a73f30a81ec370,punjabi,fake,fft,fft_punjabi_058.wav,0,10
5bdf2a015439e61143e2fa9f572db18f,punjabi,fake,fft,fft_punjabi_058.wav,1,10
4393891e05d8289a07b07313728cfe05,punjabi,fake,fft,fft_punjabi_058.wav,2,10
90c6af000a6d8d2307aff680c479d84b,punjabi,fake,fft,fft_punjabi_058.wav,3,10
28517c9e8400ddc5e4601a1542515070,punjabi,fake,fft,fft_punjabi_058.wav,4,10
3a18f42140ba8d70f3ba5735e9529e22,punjabi,fake,fft,fft_punjabi_058.wav,5,10
3ca022ef5e1678383ce75e9aee9e50eb,punjabi,fake,fft,fft_punjabi_058.wav,6,10
f69972cfaa42b3e7d1d322034e972deb,punjabi,fake,fft,fft_punjabi_058.wav,7,10
782723c213103d456dbd3cfc5e3ddcda,punjabi,fake,fft,fft_punjabi_058.wav,8,10
dad27097588de292c2a6caad6f8b454b,punjabi,fake,fft,fft_punjabi_058.wav,9,10
636a0b2e025dc21941159cc85903ad09,punjabi,fake,fft,fft_punjabi_058.wav,10,10
ba7a78b5bd2a5ba2cd728c1233e6914f,punjabi,fake,fft,fft_punjabi_058.wav,11,10
922a6d8aca1b6d876c79dd929b183d5e,punjabi,fake,fft,fft_punjabi_058.wav,12,10
5df1016125d4c4b8456074a375d05234,punjabi,fake,fft,fft_punjabi_058.wav,13,10
1f4a7b48514f4699030498149fcadc3e,punjabi,fake,fft,fft_punjabi_058.wav,14,10
d1dc110fe24d55fc5b6249988f55e917,punjabi,fake,fft,fft_punjabi_058.wav,15,10
6f7c7dccdf774750ab27a1c4483748b5,punjabi,fake,fft,fft_punjabi_058.wav,16,10
b3c5369997b65dd18cb6426119b4d7cb,punjabi,fake,fft,fft_punjabi_058.wav,17,10
fb6075c70353e39dabf23a941c380e15,punjabi,fake,fft,fft_punjabi_058.wav,18,10
87e10d6c9713061f2bd0e258a4c6e259,punjabi,fake,fft,fft_punjabi_058.wav,19,10
a2ff9fff55d3d14cf89c18bbd130c717,punjabi,fake,fft,fft_punjabi_059.wav,0,10
8ca3b7a075897c23a91b0e180b86d12a,punjabi,fake,fft,fft_punjabi_059.wav,1,10
bc54b5d68da59f0dc3ef014748091663,punjabi,fake,fft,fft_punjabi_059.wav,2,10
93a6d3ff21a830dd919a59f23f090a8b,punjabi,fake,fft,fft_punjabi_059.wav,3,10
2bc0e7e11959ddcdb821da22bf509e26,punjabi,fake,fft,fft_punjabi_059.wav,4,10
0a9242d8ff45722d68820d60a3375f73,punjabi,fake,fft,fft_punjabi_059.wav,5,10
2c365e9ddafd2ef4482a83e69c48c975,punjabi,fake,fft,fft_punjabi_059.wav,6,10
fefdb7c2b49735f8ad839351ac728ae3,punjabi,fake,fft,fft_punjabi_059.wav,7,10
481d0efc11f5de8dd514c220ca991b3a,punjabi,fake,fft,fft_punjabi_059.wav,8,10
bc44bf32537bfa27752a57664c0ecbc1,punjabi,fake,fft,fft_punjabi_059.wav,9,10
bdb930e51ac5b27fb52bb383c4e71c04,punjabi,fake,fft,fft_punjabi_059.wav,10,10
799050bb6414bbfb365a2bb25ebc4897,punjabi,fake,fft,fft_punjabi_059.wav,11,10
a417e0066df0da6c1c1a81256e677363,punjabi,fake,fft,fft_punjabi_059.wav,12,10
f2831de466dd8369717be8356c0f6aa3,punjabi,fake,fft,fft_punjabi_059.wav,13,10
fad7738bbb6064be592880601d6602f7,punjabi,fake,fft,fft_punjabi_059.wav,14,10
3fae062f04585a2486864329ae569f5e,punjabi,fake,fft,fft_punjabi_060.wav,0,10
20373c5d0480683f1d113cdd0bc32704,punjabi,fake,fft,fft_punjabi_060.wav,1,10
4df7911b1691b75abd49a181af22fe36,punjabi,fake,fft,fft_punjabi_060.wav,2,10
62ad7c3b3690dfc42def0100a63b62f9,punjabi,fake,fft,fft_punjabi_060.wav,3,10
ca825da551421da431389d68398e0d33,punjabi,fake,fft,fft_punjabi_060.wav,4,10
f95f8a311f63eb30a7afacdee3fbf355,punjabi,fake,fft,fft_punjabi_060.wav,5,10
259fa214da9c84bc5615682048f945fe,punjabi,fake,fft,fft_punjabi_060.wav,6,10
9124056062575d45d0723490a0d4cba3,punjabi,fake,fft,fft_punjabi_060.wav,7,10
c7fa24ac7a554fb3bd7b41330309a0da,punjabi,fake,fft,fft_punjabi_060.wav,8,10
7e63e1946f3cd7c4dabc6d0a238d5870,punjabi,fake,fft,fft_punjabi_060.wav,9,10
70a243c8784fbecfa0c1c467edcf5308,punjabi,fake,fft,fft_punjabi_060.wav,10,10
84336dfd7f2d3cbe5fbf9a6d52927d17,punjabi,fake,fft,fft_punjabi_060.wav,11,10
7f5d4e7805ea2c63c6a0af93702c2a87,punjabi,fake,fft,fft_punjabi_060.wav,12,10
7000659435af24192c946cffe8d53f80,punjabi,fake,fft,fft_punjabi_060.wav,13,10
751771e0e84b1ced259b1ed4ee4d512e,punjabi,fake,fft,fft_punjabi_060.wav,14,10
2c5c2593dfc32783f3fc36cb286606db,punjabi,fake,fft,fft_punjabi_060.wav,15,10
fbac851f2a44e5b86934ba1ebf9550a1,punjabi,fake,fft,fft_punjabi_060.wav,16,10
7ebb643bb74c49727cb88903102e095e,punjabi,fake,fft,fft_punjabi_061.wav,0,10
e8a2769d8dfa6670e41d04ae2ccd7ad0,punjabi,fake,fft,fft_punjabi_061.wav,1,10
4a2cf63e017df5b746396d17fd7143c7,punjabi,fake,fft,fft_punjabi_061.wav,2,10
aa5c4570db6004fd4205dee1bcd8a6d4,punjabi,fake,fft,fft_punjabi_061.wav,3,10
27200bba3b29a9b873c69be95b956364,punjabi,fake,fft,fft_punjabi_061.wav,4,10
c13bf66a505842a4b78d69d99fe228c4,punjabi,fake,fft,fft_punjabi_061.wav,5,10
434c691e61c84dcd3a0299acf04957d8,punjabi,fake,fft,fft_punjabi_061.wav,6,10
0f94b083f55faab835f4e96c1b315d6e,punjabi,fake,fft,fft_punjabi_061.wav,7,10
0b26779360ebb8bf26d48e7c73ab09e8,punjabi,fake,fft,fft_punjabi_061.wav,8,10
b3307a9f57c97892d4aed18950db082c,punjabi,fake,fft,fft_punjabi_061.wav,9,10
dd287001949128877da689212bc310f0,punjabi,fake,fft,fft_punjabi_061.wav,10,10
9505269c3ce2209cc1a1d7f254d5584a,punjabi,fake,fft,fft_punjabi_061.wav,11,10
c21ebafa46b25ec61e485ffc7829f11e,punjabi,fake,fft,fft_punjabi_061.wav,12,10
5a646e8b5d6829b569044e11a834f328,punjabi,fake,fft,fft_punjabi_061.wav,13,10
90866301c7ad4b5feafc10072e0dede7,punjabi,fake,fft,fft_punjabi_061.wav,14,10
5479003d59199d9aafae1fadb590d010,punjabi,fake,fft,fft_punjabi_061.wav,15,10
12240484e01e9c5008c90c27d2b22c9b,punjabi,fake,fft,fft_punjabi_061.wav,16,10
8f1fc5a41cb5c77b15fd289dcba20b86,punjabi,fake,fft,fft_punjabi_061.wav,17,10
4c5e64db9a6a3b2edf370f99a7c43ac9,punjabi,fake,fft,fft_punjabi_061.wav,18,10
e264f6cc1654a7dcedd753a390226b91,punjabi,fake,fft,fft_punjabi_061.wav,19,10
04fcae8b6b68cc4858f0e8146bb66b77,punjabi,fake,fft,fft_punjabi_062.wav,0,10
c0f498456b5e2e8f39206a34a7cd7149,punjabi,fake,fft,fft_punjabi_062.wav,1,10
d04be71852ce680d5121a101b6b8ff60,punjabi,fake,fft,fft_punjabi_062.wav,2,10
4ddb004c1e95ca4d5177ba1d982630a2,punjabi,fake,fft,fft_punjabi_062.wav,3,10
ebb36b5ea7d74db29d34c33a3d3d2b69,punjabi,fake,fft,fft_punjabi_062.wav,4,10
96092f2ce0956107646f19615e92f95e,punjabi,fake,fft,fft_punjabi_062.wav,5,10
9285ba2fe24dd4b4416a3574c67b431e,punjabi,fake,fft,fft_punjabi_062.wav,6,10
559c3a15f4212b5ce16a426caf6b73ca,punjabi,fake,fft,fft_punjabi_062.wav,7,10
cd10dd343578677d180e854431bb8e87,punjabi,fake,fft,fft_punjabi_062.wav,8,10
cd74117acaf640b8fc49cdf0b273a67c,punjabi,fake,fft,fft_punjabi_062.wav,9,10
5f9033f40c2f357bc4a2208fa71d65c5,punjabi,fake,fft,fft_punjabi_062.wav,10,10
5e6cdb77d12665af30511f7075e31d3f,punjabi,fake,fft,fft_punjabi_062.wav,11,10
3593fe32d4b960faf4a34615ea88ea88,punjabi,fake,fft,fft_punjabi_062.wav,12,10
eef90d199ab8fba4c3642dee70cac6be,punjabi,fake,fft,fft_punjabi_062.wav,13,10
5c0ec825e35165ccd27d95db22379db0,punjabi,fake,fft,fft_punjabi_062.wav,14,10
b67eccec3c7f63ea0baaa04299672f74,punjabi,fake,fft,fft_punjabi_062.wav,15,10
f3264fab3694f835e1ca23e2766936a3,punjabi,fake,fft,fft_punjabi_062.wav,16,10
ab4a1ec0f06d464d6ef5cb0bfd3670c6,punjabi,fake,fft,fft_punjabi_062.wav,17,10
61b942e72677782b76f54a59751f0480,punjabi,fake,fft,fft_punjabi_062.wav,18,10
76075a7aa971c2b913bc25826ba2c0db,punjabi,fake,fft,fft_punjabi_062.wav,19,10
d2aa1e11513c6291baa844e487759a97,punjabi,fake,fft,fft_punjabi_062.wav,20,10
dc67abfd066309cb5cf9973e4dab3f65,punjabi,fake,fft,fft_punjabi_062.wav,21,10
eef3a2eaa38e9ad0855c33674b44e80b,punjabi,fake,fft,fft_punjabi_062.wav,22,10
4a01e6975525ec5275370f8e3aa19064,punjabi,fake,fft,fft_punjabi_062.wav,23,10
e69a1a90ae7dfd2b30eeef792d6f904f,punjabi,fake,fft,fft_punjabi_062.wav,24,10
c7881694ad6d20c4bfd3c3c7d035de0e,punjabi,fake,fft,fft_punjabi_062.wav,25,10
f01a6e099fda07d42373eff37a61cf81,punjabi,fake,fft,fft_punjabi_062.wav,26,10
7512a3ab57d949b545cc7a27f30653cb,punjabi,fake,fft,fft_punjabi_063.wav,0,10
5796d1098bbd1dde826e6b77d9cb971e,punjabi,fake,fft,fft_punjabi_063.wav,1,10
018c6bbc9be57411396d7cd85c64a989,punjabi,fake,fft,fft_punjabi_063.wav,2,10
3070ff3b2aa3e884fe677e3abc11e4ab,punjabi,fake,fft,fft_punjabi_063.wav,3,10
2f56ca0da0eaa514de8f7acdae2e1dd8,punjabi,fake,fft,fft_punjabi_063.wav,4,10
3c086fbdf833433436e03c612386f93f,punjabi,fake,fft,fft_punjabi_063.wav,5,10
8b7780fac5dafd876ed4cc53d32618f5,punjabi,fake,fft,fft_punjabi_063.wav,6,10
6388fa96c6193509ca93fdae2ec4dc4d,punjabi,fake,fft,fft_punjabi_063.wav,7,10
8552bcd09b1fa5e1b0f841b2e02a1136,punjabi,fake,fft,fft_punjabi_063.wav,8,10
bdda57ef405ae55bfad163073cba3c0d,punjabi,fake,fft,fft_punjabi_063.wav,9,10
93bf204313057fb3fa7ace9217869640,punjabi,fake,fft,fft_punjabi_063.wav,10,10
cadb6c86f2133c516f963006d3f41bbe,punjabi,fake,fft,fft_punjabi_063.wav,11,10
2d039327ec885a8c17d1b8ac83c3b7b6,punjabi,fake,fft,fft_punjabi_063.wav,12,10
024dd8b4b693ac40289df1365a2eafd1,punjabi,fake,fft,fft_punjabi_063.wav,13,10
7ef53fdbc6bf2ffbb4c63d366d3be859,punjabi,fake,fft,fft_punjabi_063.wav,14,10
64430f72b4693ed8df63dd5c4fce7a23,punjabi,fake,fft,fft_punjabi_063.wav,15,10
7bbdf47c00f9a1a7fc18cf06dd1c635e,punjabi,fake,fft,fft_punjabi_063.wav,16,10
f2d173fc40cf11fbf071e775622156b2,punjabi,fake,fft,fft_punjabi_063.wav,17,10
3d235b8f57628a842b91991c1280160b,punjabi,fake,fft,fft_punjabi_063.wav,18,10
00e261ff69e7f4e9601d401ec4f93d4d,punjabi,fake,fft,fft_punjabi_063.wav,19,10
4a294b87e549aebd4477a24266df2b36,punjabi,fake,fft,fft_punjabi_063.wav,20,10
ccda5a6e747a7a9ee9f824f613255829,punjabi,fake,fft,fft_punjabi_063.wav,21,10
015056663bf62a2b1f1e87565384cca3,punjabi,fake,fft,fft_punjabi_063.wav,22,10
85227928d1f7148caf0b78dbcabf315d,punjabi,fake,fft,fft_punjabi_063.wav,23,10
f65d9cfddee7b4dc437d41f5f1a3eadc,punjabi,fake,fft,fft_punjabi_063.wav,24,10
9426b3d34d1dc779421fadb3bb0921ca,punjabi,fake,fft,fft_punjabi_063.wav,25,10
7822f21abf25147c6800a77c70ea8e47,punjabi,fake,fft,fft_punjabi_063.wav,26,10
a71175b53a053739d75d88dbbfc50a24,punjabi,fake,fft,fft_punjabi_063.wav,27,10
d53707d8f25931855f3393d70a9f1ee8,punjabi,fake,fft,fft_punjabi_063.wav,28,10
2c9d50746fe49ec38f8f7bd5dfc5b06f,punjabi,fake,fft,fft_punjabi_063.wav,29,10
5db7485857de8bb78ea1ad58f143ed5f,punjabi,fake,fft,fft_punjabi_063.wav,30,10
e235aef20e047d4860ecbdf31d380b25,punjabi,fake,fft,fft_punjabi_063.wav,31,10
4c9c574ed2431756ed3bc5c24d157859,punjabi,fake,fft,fft_punjabi_063.wav,32,10
dec6cdf313f9e5dea4ab7cc0803183bf,punjabi,fake,fft,fft_punjabi_063.wav,33,10
0768362350476f3c81f7dc99f0945f81,punjabi,fake,fft,fft_punjabi_063.wav,34,10
9cb7d73dd89f6088cc0d31fe4ad43f3a,punjabi,fake,fft,fft_punjabi_063.wav,35,10
9c3dcccfd9f8cdb52212cb23e33a3ead,punjabi,fake,fft,fft_punjabi_063.wav,36,10
c120d55f923c52b5da4abec426df07f2,punjabi,fake,fft,fft_punjabi_063.wav,37,10
ffeae9f4b81e54f8cbd8c33e50b0fad7,punjabi,fake,fft,fft_punjabi_063.wav,38,10
e799eea2741dace306de576cb6fa5717,punjabi,fake,fft,fft_punjabi_063.wav,39,10
7126cf2d1063bfaae73572885b9e605a,punjabi,fake,fft,fft_punjabi_063.wav,40,10
94dda217d45cbddc033f4e4b9fff27bc,punjabi,fake,fft,fft_punjabi_063.wav,41,10
a8ef6794abd7ecfb06d140670105514e,punjabi,fake,fft,fft_punjabi_063.wav,42,10
81bd184d36dd76e87f69e8f52a45aa0b,punjabi,fake,fft,fft_punjabi_063.wav,43,10
68808343e501570cb687e93361629599,punjabi,fake,fft,fft_punjabi_063.wav,44,10
9a616e700cc3a2ae05488ec66afb3e66,punjabi,fake,fft,fft_punjabi_063.wav,45,10
853254327030c82b51e9b80b44f68b8c,punjabi,fake,fft,fft_punjabi_063.wav,46,10
5231113970c7967d3acb67c5a4917ed5,punjabi,fake,fft,fft_punjabi_063.wav,47,10
8f65e9de64e13ecb64b733c184d740de,punjabi,fake,fft,fft_punjabi_063.wav,48,10
e01077d4187651c60127f1cb335442ab,punjabi,fake,fft,fft_punjabi_063.wav,49,10
8e8207234349b19e1054c248f8f70561,punjabi,fake,fft,fft_punjabi_063.wav,50,10
65d6bcbe76fdaaf9a4878e6a18264dc1,punjabi,fake,fft,fft_punjabi_063.wav,51,10
04c5502831ad1863e690efe99ab7e2d3,punjabi,fake,fft,fft_punjabi_063.wav,52,10
37942ed21d889031a741626151030fba,punjabi,fake,fft,fft_punjabi_063.wav,53,10
5aff37a1faebbe610865aa8ed40590f8,punjabi,fake,fft,fft_punjabi_063.wav,54,10
9ee2eb171692206c4ea5101129df8423,punjabi,fake,fft,fft_punjabi_063.wav,55,10
fc1b49b2899bcb75fea12035a3111edd,punjabi,fake,fft,fft_punjabi_063.wav,56,10
ff4a0cd7e943f1d3d36ae9ed17585529,punjabi,fake,fft,fft_punjabi_063.wav,57,10
099c29b5b78330ed2ee4bcbc36e5c347,punjabi,fake,fft,fft_punjabi_063.wav,58,10
8adb0a068e72827f6dfae819025e76f8,punjabi,fake,fft,fft_punjabi_063.wav,59,10
19fdc0abcffae2b1530b577630fc0164,punjabi,fake,fft,fft_punjabi_063.wav,60,10
bc81f892a13d2cf3a318ef2b6b538394,punjabi,fake,fft,fft_punjabi_063.wav,61,10
83f70dbb422c2fae8e0a70173dcaaebe,punjabi,fake,fft,fft_punjabi_063.wav,62,10
6702d515932a115281f8291569652af3,punjabi,fake,fft,fft_punjabi_063.wav,63,10
00a29ef49628596c2ba84be675f9fe42,punjabi,fake,fft,fft_punjabi_063.wav,64,10
1d1e1c3f048d57caa70815a501f1af37,punjabi,fake,fft,fft_punjabi_063.wav,65,10
13cdc3cd6c7ef6f6f8bf46c9779fc4c8,punjabi,fake,fft,fft_punjabi_063.wav,66,10
d51fb9f1ecde63e0793628dba9552a46,punjabi,fake,fft,fft_punjabi_063.wav,67,10
2df53721e8fa687af0e5b2e936cdfdb1,punjabi,fake,fft,fft_punjabi_063.wav,68,10
32bf405ce57ef642fd4df743dafb9d6b,punjabi,fake,fft,fft_punjabi_063.wav,69,10
4d51ff195f45bed005494e9abc6867ed,punjabi,fake,fft,fft_punjabi_063.wav,70,10
3773a1942d3ee8ba634db10d29727562,punjabi,fake,fft,fft_punjabi_063.wav,71,10
3ef7ba647985411bd7076f2f9e92d5ab,punjabi,fake,fft,fft_punjabi_063.wav,72,10
c74d5a267802bebac317020231c3ac96,punjabi,fake,fft,fft_punjabi_063.wav,73,10
712716dae5c1dddd75ce973384ae1b9b,punjabi,fake,fft,fft_punjabi_063.wav,74,10
22d9aed0a6933f971a387c58d61cc9ca,punjabi,fake,fft,fft_punjabi_063.wav,75,10
5eaa155632d497a91d6d7c4478a306bc,punjabi,fake,fft,fft_punjabi_063.wav,76,10
61b2b1fc21ffffda4fc125890d4c673e,punjabi,fake,fft,fft_punjabi_063.wav,77,10
8887fb81ce2f9ca775455861c1276123,punjabi,fake,fft,fft_punjabi_063.wav,78,10
b61ebce95791d7b5d6690193016dda70,punjabi,fake,fft,fft_punjabi_063.wav,79,10
5959b8c0431576984cb3a1f9e4d909b7,punjabi,fake,fft,fft_punjabi_063.wav,80,10
043befe81442dcf8b2c51c2c3bdef9e0,punjabi,fake,fft,fft_punjabi_063.wav,81,10
479c138b920e797e1abb444d5a3238d0,punjabi,fake,fft,fft_punjabi_063.wav,82,10
dd0eec421d1f5c29edc079b29663b474,punjabi,fake,fft,fft_punjabi_063.wav,83,10
173fc39d718c729019cd7ee0f24bca21,punjabi,fake,fft,fft_punjabi_063.wav,84,10
9ff135bb0a9312e1d2e68dd04fc415b4,punjabi,fake,fft,fft_punjabi_063.wav,85,10
50faedf86c94e070c29c2f4b0a50c7c7,punjabi,fake,fft,fft_punjabi_063.wav,86,10
308902e073af3a906e327e2fe3bed2bc,punjabi,fake,fft,fft_punjabi_063.wav,87,10
53bfc0b3bf0846125e90e86dab391f91,punjabi,fake,fft,fft_punjabi_063.wav,88,10
3068f8dd91f50dd9854b97d7868fec62,punjabi,fake,fft,fft_punjabi_063.wav,89,10
c7484f8b92d27e5e8f56386c7d094ee2,punjabi,fake,fft,fft_punjabi_063.wav,90,10
7e9f8c82aedee22e9e459e5bd6bdb656,punjabi,fake,fft,fft_punjabi_063.wav,91,10
ea7d3958abdb18e219242d42410b0fdd,punjabi,fake,fft,fft_punjabi_063.wav,92,10
8ba267c500a15e5823fb73d43fc829bf,punjabi,fake,fft,fft_punjabi_063.wav,93,10
7b07fccec594595cb69f6b178924d971,punjabi,fake,fft,fft_punjabi_063.wav,94,10
e873f845692426b479c5a03a12dad9e9,punjabi,fake,fft,fft_punjabi_063.wav,95,10
3975988c39c240aaeec9b3d7e0483d83,punjabi,fake,fft,fft_punjabi_063.wav,96,10
8f764a702dedb1118f06fd93baf74673,punjabi,fake,fft,fft_punjabi_063.wav,97,10
e83e46852f0ed630dd7ecbde971cc7a7,punjabi,fake,fft,fft_punjabi_063.wav,98,10
dee4f5b9b8ab504444f2f50b93655396,punjabi,fake,fft,fft_punjabi_063.wav,99,10
48654ddc8c97444ed1a5dbb1cd4f8f25,punjabi,fake,fft,fft_punjabi_063.wav,100,10
430a2f4574ad12dbe0877f8ff1daf653,punjabi,fake,fft,fft_punjabi_063.wav,101,10
e80e6518d3fd86cc2db88454b8a22631,punjabi,fake,fft,fft_punjabi_063.wav,102,10
f6478b6d8a15111e7aa06c1bea4e65c7,punjabi,fake,fft,fft_punjabi_063.wav,103,10
593c384c939f1d68245a3d4763325ee2,punjabi,fake,fft,fft_punjabi_063.wav,104,10
df8c654d4ab8752f16735757824dea25,punjabi,fake,fft,fft_punjabi_063.wav,105,10
2be673ccd44a516a7e2b8d946a5efa83,punjabi,fake,fft,fft_punjabi_063.wav,106,10
5391deafe74faafdaeab848ea5a71720,punjabi,fake,fft,fft_punjabi_063.wav,107,10
025cc0a9379edf8d708737e8768bbcb5,punjabi,fake,fft,fft_punjabi_063.wav,108,10
500df248ef0aa0086985322a0e7ca350,punjabi,fake,fft,fft_punjabi_063.wav,109,10
77836ef33b8ca5d667549c31ed33779f,punjabi,fake,fft,fft_punjabi_063.wav,110,10
fa1152ecf72282d274634674274da5ec,punjabi,fake,fft,fft_punjabi_063.wav,111,10
585b2aab06024488085b63167f54cf53,punjabi,fake,fft,fft_punjabi_063.wav,112,10
508f18e7a1d055533647b831ddaf7d3a,punjabi,fake,fft,fft_punjabi_063.wav,113,10
0cdee4f99afd6c1ba96701f12f7e7995,punjabi,fake,fft,fft_punjabi_063.wav,114,10
17f5c3d5dc176b6785df774dc8f11f05,punjabi,fake,fft,fft_punjabi_063.wav,115,10
c38a3ad65516210c9aeec85951dea4e4,punjabi,fake,fft,fft_punjabi_063.wav,116,10
c72aeca4512fcb4ec0e94757a134ccbe,punjabi,fake,fft,fft_punjabi_063.wav,117,10
d728a31c4f82947e8a1a0440172dd3c8,punjabi,fake,fft,fft_punjabi_063.wav,118,10
3df2c3057a79b0d00ab48985f7f22e11,punjabi,fake,fft,fft_punjabi_063.wav,119,10
0a1b2200aac65e321b24b541f2eb4510,punjabi,fake,fft,fft_punjabi_063.wav,120,10
1f16211f10fe897700ff0eaff452b092,punjabi,fake,fft,fft_punjabi_063.wav,121,10
c9efe7f73de46f831579a35493ed1119,punjabi,fake,fft,fft_punjabi_063.wav,122,10
8c09a408f7f6679f74d62152cf3fbc65,punjabi,fake,fft,fft_punjabi_063.wav,123,10
bbef067a76c074838b0d07359a4b0aae,punjabi,fake,fft,fft_punjabi_063.wav,124,10
b023eb5da6e36499ffe3f2d974d8e761,punjabi,fake,fft,fft_punjabi_063.wav,125,10
a38bab1b9e73f3cc8aa0fe04a9fc544f,punjabi,fake,fft,fft_punjabi_063.wav,126,10
fd97df80758c8214a6cf7974992aeca3,punjabi,fake,fft,fft_punjabi_063.wav,127,10
9075bd46720f8bd96ff7a2fa20891836,punjabi,fake,fft,fft_punjabi_063.wav,128,10
8e1358d8646814441eb714829cab6c89,punjabi,fake,fft,fft_punjabi_063.wav,129,10
8db115b6c8fc66c9d774e1b6ad8afdd5,punjabi,fake,fft,fft_punjabi_063.wav,130,10
d05025e60662a125c9a5c3256eb0a145,punjabi,fake,fft,fft_punjabi_063.wav,131,10
2502c8b9d420d37af394a8364d1b89a7,punjabi,fake,fft,fft_punjabi_063.wav,132,10
c5fca96f018ed3a2bf54036a0e7f4cb6,punjabi,fake,fft,fft_punjabi_063.wav,133,10
e3512adac55eb5fb0a743155ebb816c6,punjabi,fake,fft,fft_punjabi_063.wav,134,10
63eca39caa264c51395eca2f33be314b,punjabi,fake,fft,fft_punjabi_063.wav,135,10
52c1b28051eea32719b32b51e8ffd3d5,punjabi,fake,fft,fft_punjabi_063.wav,136,10
2ef4c7a53809cf6519194846b8214d14,punjabi,fake,fft,fft_punjabi_063.wav,137,10
b23ea5b1d9066173a9d2f1226d02579b,punjabi,fake,fft,fft_punjabi_063.wav,138,10
3b2cbfeee8a4139b59df9cf50016bc68,punjabi,fake,fft,fft_punjabi_063.wav,139,10
d50a9ea5237b40eadfcc710274b71dca,punjabi,fake,fft,fft_punjabi_063.wav,140,10
043eb7e276206ed3258559414168cbde,punjabi,fake,fft,fft_punjabi_063.wav,141,10
1f7a4670784ff102e1fc294b791073af,punjabi,fake,fft,fft_punjabi_063.wav,142,10
9161a11b90dddbfaeb84a8b99f314d4d,punjabi,fake,fft,fft_punjabi_063.wav,143,10
463e5f611ca028cad37d2608335252d9,punjabi,fake,fft,fft_punjabi_063.wav,144,10
9518dd24253b496775c05413d95bf907,punjabi,fake,fft,fft_punjabi_063.wav,145,10
4266a87281eb36bb076320e384a3be02,punjabi,fake,fft,fft_punjabi_063.wav,146,10
e4cfb28de712a3e55b46f9150e2ef841,punjabi,fake,fft,fft_punjabi_063.wav,147,10
0797c5b69bb2a3741237862d93772cb2,punjabi,fake,fft,fft_punjabi_063.wav,148,10
7eb487b68adf9bd65c2b4fee26697bbc,punjabi,fake,fft,fft_punjabi_063.wav,149,10
52607266acfea9a1b3c72fe4428e8fb1,punjabi,fake,fft,fft_punjabi_063.wav,150,10
1d9405aaf537b5049c9068ed01bcabee,punjabi,fake,fft,fft_punjabi_063.wav,151,10
2f31e5397e4f6dea5eaf781b04e70b8a,punjabi,fake,fft,fft_punjabi_063.wav,152,10
9e1bf57e9ee022b67e7ce4f2774a3e3e,punjabi,fake,fft,fft_punjabi_063.wav,153,10
d21db0891abd71bd7ae7da83c030c6cb,punjabi,fake,fft,fft_punjabi_063.wav,154,10
e1fb458aa3151f185203d1b7415f2c7e,punjabi,fake,fft,fft_punjabi_063.wav,155,10
3de7c9172abef423a56d8785b714ace5,punjabi,fake,fft,fft_punjabi_063.wav,156,10
eefc47b87fb660f0464641aafb760a4d,punjabi,fake,fft,fft_punjabi_063.wav,157,10
6ecf741edc7264aa2659bc85ce5578da,punjabi,fake,fft,fft_punjabi_063.wav,158,10
dadf797ba0270ad5e7cb638f378f3e79,punjabi,fake,fft,fft_punjabi_063.wav,159,10
5eef2e02695e2327793caca1ca5bf271,punjabi,fake,fft,fft_punjabi_063.wav,160,10
a74b08ea489b93c1e0cebda1e9fa1451,punjabi,fake,fft,fft_punjabi_063.wav,161,10
940a8a1c39aab3d75208161811b76bf1,punjabi,fake,fft,fft_punjabi_063.wav,162,10
42a94b9f71ac602cb9de58e0ffbf4d95,punjabi,fake,fft,fft_punjabi_063.wav,163,10
160a8495e008a5db92fe1bb3ed37c7e3,punjabi,fake,fft,fft_punjabi_063.wav,164,10
37715c37f7bc089b5a1e28d5778d2e85,punjabi,fake,fft,fft_punjabi_063.wav,165,10
d41c9fef0ee2d9033e1bbad566dbcd90,punjabi,fake,fft,fft_punjabi_063.wav,166,10
e7da754543cb6eb64d728275e7de7136,punjabi,fake,fft,fft_punjabi_063.wav,167,10
7c2a8feb026765b12837bfdbaa070494,punjabi,fake,fft,fft_punjabi_063.wav,168,10
46440a30d824f0792c0b7267b8e030d4,punjabi,fake,fft,fft_punjabi_063.wav,169,10
7af3166ae33ef2ce5bf503d055a07b36,punjabi,fake,fft,fft_punjabi_063.wav,170,10
807e8ba4f3a7e4327c000c2235e8638d,punjabi,fake,fft,fft_punjabi_063.wav,171,10
54ab37dd3b503489197a5f027795cffa,punjabi,fake,fft,fft_punjabi_063.wav,172,10
805f85275ff4fb9a0216939cd727af01,punjabi,fake,fft,fft_punjabi_063.wav,173,10
6cd4146924dd70e496fd0e774a81f6b5,punjabi,fake,fft,fft_punjabi_063.wav,174,10
8dd5fdb67496646587152745ab7bf1d6,punjabi,fake,fft,fft_punjabi_063.wav,175,10
ecde2ca2c3fad63b6a3f4a95a1215545,punjabi,fake,fft,fft_punjabi_063.wav,176,10
6bc2d6cf5a6d4237dcf6bb8ada7bc36a,punjabi,fake,fft,fft_punjabi_063.wav,177,10
d19c93bffd78e3771b886c798b970100,punjabi,fake,fft,fft_punjabi_063.wav,178,10
c42b041fbb9e9f15f3f7dcb9d9851c29,punjabi,fake,fft,fft_punjabi_063.wav,179,10
819e28076577185ad246be4805225e36,punjabi,fake,fft,fft_punjabi_063.wav,180,10
767b604ae870682b237aca43732947f5,punjabi,fake,fft,fft_punjabi_063.wav,181,10
8b18205f0887a64fcde0650f3e30650f,punjabi,fake,fft,fft_punjabi_063.wav,182,10
211bfaf846d7d73a21147352f858ef21,punjabi,fake,fft,fft_punjabi_063.wav,183,10
5a927e1498345a9a8b19cdc755e4b560,punjabi,fake,fft,fft_punjabi_063.wav,184,10
c51044f8896fa1034a5fa1079d1a2e26,punjabi,fake,fft,fft_punjabi_063.wav,185,10
6208b0c523e91b7024b0aaccaf359901,punjabi,fake,fft,fft_punjabi_063.wav,186,10
20cb4bec6f45672b272f43a5ee281028,punjabi,fake,fft,fft_punjabi_063.wav,187,10
961568820ac9f4f0ea666511947fbeb0,punjabi,fake,fft,fft_punjabi_063.wav,188,10
279fa9c76fd14ff686a4f7f09f1a7abb,punjabi,fake,fft,fft_punjabi_063.wav,189,10
adfea776871b7fd083d9db4a7f0b5f5c,punjabi,fake,fft,fft_punjabi_063.wav,190,10
56926e13daee87e9041ce5ad097aff17,punjabi,fake,fft,fft_punjabi_063.wav,191,10
4a8f279012b87fbff55c8e1fffab3bcd,punjabi,fake,fft,fft_punjabi_063.wav,192,10
a486ba13ad7b8fd1e165f77263ae6e0b,punjabi,fake,fft,fft_punjabi_063.wav,193,10
ee8d6792216297266773f1b877d36737,punjabi,fake,fft,fft_punjabi_063.wav,194,10
bc0213dfcc95984867f52927b5b0debf,punjabi,fake,fft,fft_punjabi_063.wav,195,10
d09307fa49e92d5074e3f71def299665,punjabi,fake,fft,fft_punjabi_063.wav,196,10
aee7f49b7579890bc194e3ad93fe67d8,punjabi,fake,fft,fft_punjabi_063.wav,197,10
c8ff01fab66a7423747a97d10140aff3,punjabi,fake,fft,fft_punjabi_063.wav,198,10
83bc18b7bf62b81f90bec7f548f3de2f,punjabi,fake,fft,fft_punjabi_063.wav,199,10
8e75328f1dd6f29c8d3461fcd1fc5653,punjabi,fake,fft,fft_punjabi_063.wav,200,10
cdab1d83b28ea22d86ee8186efbe0d7b,punjabi,fake,fft,fft_punjabi_063.wav,201,10
410e877e754f2c6408c9b8ac9bc8d09e,punjabi,fake,fft,fft_punjabi_064.wav,0,10
98a76c9e4c8149d1b3c5260e3f3a11d4,punjabi,fake,fft,fft_punjabi_064.wav,1,10
c5fcfbef2934b37ca58979a4f8621cc4,punjabi,fake,fft,fft_punjabi_064.wav,2,10
277d63b9d23c36df40df153610931711,punjabi,fake,fft,fft_punjabi_064.wav,3,10
78df23d1fec85cef3f40ff42920007ad,punjabi,fake,fft,fft_punjabi_064.wav,4,10
81715f378e5028ea606b8a5c590455bc,punjabi,fake,fft,fft_punjabi_064.wav,5,10
179034d84bcc43464ce21c952ec0636f,punjabi,fake,fft,fft_punjabi_064.wav,6,10
676b84bafb104fb44b8c9fc237df45cf,punjabi,fake,fft,fft_punjabi_064.wav,7,10
b954dea040061297e68082d53c5b5be3,punjabi,fake,fft,fft_punjabi_064.wav,8,10
9ec96cc7a2616a439fd679de44c44e36,punjabi,fake,fft,fft_punjabi_064.wav,9,10
b654ad87f6faa236be319f921896fcdd,punjabi,fake,fft,fft_punjabi_064.wav,10,10
23e10d5507f3111c232ac44fb3e26cd8,punjabi,fake,fft,fft_punjabi_064.wav,11,10
19bce8723d3094fbc7a73a9c357332a3,punjabi,fake,fft,fft_punjabi_064.wav,12,10
f2dca1b74d986713027e2c4d1c70f9f0,punjabi,fake,fft,fft_punjabi_064.wav,13,10
3e53f6f399339d4d6dd9e94c91f2e7af,punjabi,fake,fft,fft_punjabi_064.wav,14,10
110947c1e41a29b49faa0be9287c341a,punjabi,fake,fft,fft_punjabi_064.wav,15,10
8277405f2b9227fb4a709f4cba975778,punjabi,fake,fft,fft_punjabi_064.wav,16,10
cb6b1ad4e0bf542a253d14a4514ac44e,punjabi,fake,fft,fft_punjabi_064.wav,17,10
9a29aa4b489c0162b80df45bcad67d40,punjabi,fake,fft,fft_punjabi_064.wav,18,10
cf6445dbfa76ba305d49a10e0c402f2c,punjabi,fake,fft,fft_punjabi_064.wav,19,10
4311306da6a2c3d6c494739e38259e5b,punjabi,fake,fft,fft_punjabi_064.wav,20,10
16c555ec5aafd2266a1c2998ce3fa578,punjabi,fake,fft,fft_punjabi_064.wav,21,10
0dd82b0fa947efd891b9432f02d0b6fe,punjabi,fake,fft,fft_punjabi_064.wav,22,10
8f84250ef6a90be53e4fdb396c0d75f1,punjabi,fake,fft,fft_punjabi_064.wav,23,10
21abea2033441f8734f1c3f3c34d3f36,punjabi,fake,fft,fft_punjabi_065.wav,0,10
ea27486f5135979b7cea8d7a9d850444,punjabi,fake,fft,fft_punjabi_065.wav,1,10
85df4e2a6948ae780ffd78bdd37c6cbc,punjabi,fake,fft,fft_punjabi_065.wav,2,10
0aaa4ad9e1e7f62ca2298a7161942042,punjabi,fake,fft,fft_punjabi_065.wav,3,10
e1e9048626cdc13f41b5984f8adce789,punjabi,fake,fft,fft_punjabi_065.wav,4,10
4fa46a1e81f12de1c92573ae655b1ec0,punjabi,fake,fft,fft_punjabi_065.wav,5,10
cbb6a8eb6678d0f11fb7facc79ee7002,punjabi,fake,fft,fft_punjabi_065.wav,6,10
45633754c14b659776a79385c930bde7,punjabi,fake,fft,fft_punjabi_065.wav,7,10
dd7cce197f4c4cdb354d581865699fe6,punjabi,fake,fft,fft_punjabi_065.wav,8,10
d7aa89142fd20281483f07e08e1c2e31,punjabi,fake,fft,fft_punjabi_065.wav,9,10
b402893d53511d1a5c2b8eb0e5b6be31,punjabi,fake,fft,fft_punjabi_065.wav,10,10
5ae572a9ea70ae9a879acfc9e2e2191a,punjabi,fake,fft,fft_punjabi_065.wav,11,10
f3a5617fd2d0bd5af375a81ac2b351dc,punjabi,fake,fft,fft_punjabi_065.wav,12,10
e6b3eb57049bfb8afc69918cd66c9e23,punjabi,fake,fft,fft_punjabi_065.wav,13,10
1478d9b1fffbc2e0bf7b882c170ba091,punjabi,fake,fft,fft_punjabi_065.wav,14,10
d85d9208b0d2132fbcdb6ecbaa13c53a,punjabi,fake,fft,fft_punjabi_065.wav,15,10
724d006e4203c143d172e328e51bcc8c,punjabi,fake,fft,fft_punjabi_065.wav,16,10
42363ae538bd4f335b76b16758611722,punjabi,fake,fft,fft_punjabi_065.wav,17,10
2d9ae8a6185df42df81d3d13d125fd17,punjabi,fake,fft,fft_punjabi_065.wav,18,10
38e71332b97325f80bc789c25eb7802e,punjabi,fake,fft,fft_punjabi_065.wav,19,10
f0e428ff2ca4faf6d52cc36446b967e0,punjabi,fake,fft,fft_punjabi_065.wav,20,10
9b12dcc53b2728a48b5437feaa15bd4e,punjabi,fake,fft,fft_punjabi_065.wav,21,10
fb71e59205f22cfd69cb00989740e663,punjabi,fake,fft,fft_punjabi_065.wav,22,10
b0e10ecea2fcf6b50ef2c2710de4db8a,punjabi,fake,fft,fft_punjabi_065.wav,23,10
82b2f463a3219d4de7edea363d712845,punjabi,fake,fft,fft_punjabi_066.wav,0,10
3011e61a6150cb26deb569e211d89f3d,punjabi,fake,fft,fft_punjabi_066.wav,1,10
8e8ff1917fd0d48c529161509fa3c5d1,punjabi,fake,fft,fft_punjabi_066.wav,2,10
1ad5be26e41346fb285b71ec755caf45,punjabi,fake,fft,fft_punjabi_066.wav,3,10
a2fd418943ba5d76c2609e6e91388dc9,punjabi,fake,fft,fft_punjabi_066.wav,4,10
ef23e6457530d1810deae85ef1862ffe,punjabi,fake,fft,fft_punjabi_066.wav,5,10
3f6a52ff8e2c3eedf67dd9028d708c69,punjabi,fake,fft,fft_punjabi_066.wav,6,10
df48cdf1a11718def1c15687477eb747,punjabi,fake,fft,fft_punjabi_066.wav,7,10
c7a7d23212fcaa507b94c7c8dab3d58a,punjabi,fake,fft,fft_punjabi_066.wav,8,10
2b0eff07c17d4d242c3070163e040b44,punjabi,fake,fft,fft_punjabi_066.wav,9,10
639ce480eef76719cbe6eb6596f6ccb9,punjabi,fake,fft,fft_punjabi_066.wav,10,10
4fb3a388a50a25003265920b7e32b0a1,punjabi,fake,fft,fft_punjabi_066.wav,11,10
9b584ff9b73b58e6c43b98ac3fc2e3d2,punjabi,fake,fft,fft_punjabi_066.wav,12,10
0bf74125a11045f91b191548e9e10ca1,punjabi,fake,fft,fft_punjabi_066.wav,13,10
119bc8839ccac01714f12136a5d5cb11,punjabi,fake,fft,fft_punjabi_066.wav,14,10
330ec8785a981c44b04fdbc2c168f98b,punjabi,fake,fft,fft_punjabi_066.wav,15,10
1c4b1f2ad2ef58d1956c74fff5cc68e0,punjabi,fake,fft,fft_punjabi_066.wav,16,10
b30d1366e7dbcf2aca86dc63a1d1100c,punjabi,fake,fft,fft_punjabi_066.wav,17,10
76baf8dc14ef5b962ad1ad74a5eff1f4,punjabi,fake,fft,fft_punjabi_066.wav,18,10
641fda1d98dabb894cad55e1ae757571,punjabi,fake,fft,fft_punjabi_066.wav,19,10
d5719c9cc613e5c97688ee479b62dce6,punjabi,fake,fft,fft_punjabi_066.wav,20,10
c5f9c713280efcc132d9f057d7027e73,punjabi,fake,fft,fft_punjabi_066.wav,21,10
cf30ed34ec1f19fc19a077a7bc0cceed,punjabi,fake,fft,fft_punjabi_066.wav,22,10
79df567942750dfd97aa8ff503202dd1,punjabi,fake,fft,fft_punjabi_066.wav,23,10
f4a8d944e99234b4d0d38fec71d67f70,punjabi,fake,fft,fft_punjabi_066.wav,24,10
2b42abfeea88a9fb54c43bef357bf701,punjabi,fake,fft,fft_punjabi_066.wav,25,10
79be598f0ca5a05ee38c33c8936cbc49,punjabi,fake,fft,fft_punjabi_066.wav,26,10
c2459eb0909755e2f60d74bb0f9be56f,punjabi,fake,fft,fft_punjabi_066.wav,27,10
02794482dcc336f4222b31f8d2102736,punjabi,fake,fft,fft_punjabi_067.wav,0,10
26f5092fb7d62c12bc11ba62abbcecb6,punjabi,fake,fft,fft_punjabi_067.wav,1,10
d155257ec865c42edf6a4df1b32b80fe,punjabi,fake,fft,fft_punjabi_067.wav,2,10
a46163d16fd247fd0975dd1eb76a6cea,punjabi,fake,fft,fft_punjabi_067.wav,3,10
91cad5a7548dcf04b579a3d8c505de2d,punjabi,fake,fft,fft_punjabi_067.wav,4,10
9426de1418c10d46ef2737dd56736857,punjabi,fake,fft,fft_punjabi_067.wav,5,10
6b97edb56fdc87064d5c77634be71b03,punjabi,fake,fft,fft_punjabi_067.wav,6,10
03327a274e0f09679ad4a5cb0e04a3c3,punjabi,fake,fft,fft_punjabi_067.wav,7,10
4270aba53144f8b3c4aae916b8cac458,punjabi,fake,fft,fft_punjabi_067.wav,8,10
58454cc0a848c48046f2ff7051d3d93b,punjabi,fake,fft,fft_punjabi_067.wav,9,10
4876d0c0fb7f393b92998c6d975cb1c7,punjabi,fake,fft,fft_punjabi_067.wav,10,10
a72eff3f3dfd18bcd9dbba645f1e8eb8,punjabi,fake,fft,fft_punjabi_067.wav,11,10
3fd85a1b8fe3380812e2cf40d2d2111c,punjabi,fake,fft,fft_punjabi_067.wav,12,10
d22d9c8cd8d0dc50e44610e80a9355d5,punjabi,fake,fft,fft_punjabi_067.wav,13,10
78eae2cee4b176924a9cb98f8afbcc97,punjabi,fake,fft,fft_punjabi_067.wav,14,10
7d289161fee847504eb6f08027879b2c,punjabi,fake,fft,fft_punjabi_067.wav,15,10
556d900319f3af86b03d0d7845aa4015,punjabi,fake,fft,fft_punjabi_067.wav,16,10
f3121c97811472f34c566380f1016da9,punjabi,fake,fft,fft_punjabi_067.wav,17,10
001fbd6725f2f801271f6490b541da84,punjabi,fake,fft,fft_punjabi_067.wav,18,10
9ab0000519d6bd86a4529901899eee2d,punjabi,fake,fft,fft_punjabi_067.wav,19,10
58f7f3b93c61a456c58c26776339dcb8,punjabi,fake,fft,fft_punjabi_067.wav,20,10
383d94e6feabcd6255c659b52a483c38,punjabi,fake,fft,fft_punjabi_067.wav,21,10
40ebe9ca189fd1976f17f0f3f818ac2d,punjabi,fake,fft,fft_punjabi_067.wav,22,10
e6845b01a749bbb470e449a0bb139efd,punjabi,fake,fft,fft_punjabi_067.wav,23,10
b6f64e1dc33bba3cbabd63ab295f3052,punjabi,fake,fft,fft_punjabi_067.wav,24,10
8220c3b974bd65f90503b166e278bfc8,punjabi,fake,fft,fft_punjabi_068.wav,0,10
9758a9dd4286fca4360026a1ef7751a9,punjabi,fake,fft,fft_punjabi_068.wav,1,10
6a4d1399a9e76c0a297a2cb4b705435b,punjabi,fake,fft,fft_punjabi_068.wav,2,10
3859c6086a341473a9b062f2b3157bfe,punjabi,fake,fft,fft_punjabi_068.wav,3,10
81be0d0fb8476b2bbcfcf0f23bb9baad,punjabi,fake,fft,fft_punjabi_068.wav,4,10
69135f4f6dbb551eaabf8e946a829f01,punjabi,fake,fft,fft_punjabi_068.wav,5,10
a10a028e107bd7a6467a64fbcbd73f39,punjabi,fake,fft,fft_punjabi_068.wav,6,10
fea7e145a6196fc7ca1649bc9de8e250,punjabi,fake,fft,fft_punjabi_068.wav,7,10
5b12b2e199fab51607077fa7695b128c,punjabi,fake,fft,fft_punjabi_068.wav,8,10
5d0786a221e63fa6c4ba82ade8c5c715,punjabi,fake,fft,fft_punjabi_068.wav,9,10
0d3aeb936ad166d563dc584c25753e19,punjabi,fake,fft,fft_punjabi_068.wav,10,10
f974c275379a8264dd6488a3f51b3c9b,punjabi,fake,fft,fft_punjabi_068.wav,11,10
925107098370fa6c2fe7e82005d9cad7,punjabi,fake,fft,fft_punjabi_068.wav,12,10
d8dcb89a53c7e3396134dbce29fc9ed9,punjabi,fake,fft,fft_punjabi_068.wav,13,10
5b8788a8c3928ddd3d43a55531e9245c,punjabi,fake,fft,fft_punjabi_068.wav,14,10
4fd892d9808056bb1a0716abb8426602,punjabi,fake,fft,fft_punjabi_068.wav,15,10
0c2e233fc1a5a0d071062b63cf10458d,punjabi,fake,fft,fft_punjabi_068.wav,16,10
60ff719cc905e1d7ed819f0a2c5b8eb3,punjabi,fake,fft,fft_punjabi_069.wav,0,10
26e7083e3847ab620b0ef96afe6adf6e,punjabi,fake,fft,fft_punjabi_069.wav,1,10
fe16771997befe0d664c430697ea02a8,punjabi,fake,fft,fft_punjabi_069.wav,2,10
d99a897e062102791636f5b4f32ae16e,punjabi,fake,fft,fft_punjabi_069.wav,3,10
5458cf067aac887ae6c39486c1bf4bac,punjabi,fake,fft,fft_punjabi_069.wav,4,10
59d5d326eedc6118e3692e5e42b8da75,punjabi,fake,fft,fft_punjabi_069.wav,5,10
37f4adbc43a2f060746535448d10775d,punjabi,fake,fft,fft_punjabi_069.wav,6,10
a8e2440cdf861e0ac4fe438b452b3ca0,punjabi,fake,fft,fft_punjabi_069.wav,7,10
d87d32028baadeb6b94645fcc4965f0c,punjabi,fake,fft,fft_punjabi_069.wav,8,10
558d12b1e1ca397f8ebd211e1c2472ee,punjabi,fake,fft,fft_punjabi_069.wav,9,10
27451b6ba1cb06622fabaa3e077c5a87,punjabi,fake,fft,fft_punjabi_069.wav,10,10
1bef3011fafb8da7779eddafcc395f31,punjabi,fake,fft,fft_punjabi_069.wav,11,10
84ee3921f8ef17dfb931fe294bc1191a,punjabi,fake,fft,fft_punjabi_069.wav,12,10
57019a511246f27f34c3c967f35bd33b,punjabi,fake,fft,fft_punjabi_069.wav,13,10
73a35982c35b563bd15795cc16f49679,punjabi,fake,fft,fft_punjabi_069.wav,14,10
0acbd95c8e742efd0dc40960647dd27d,punjabi,fake,fft,fft_punjabi_069.wav,15,10
d0fbaf5d1aea170b3bebb95108f8068a,punjabi,fake,fft,fft_punjabi_069.wav,16,10
b5451754d17829653f4bd9665fa88905,punjabi,fake,fft,fft_punjabi_069.wav,17,10
ea44e29839f39e5f3150bb8e828eb13d,punjabi,fake,fft,fft_punjabi_069.wav,18,10
630b92e092c224108f35700d69b6f5ff,punjabi,fake,fft,fft_punjabi_069.wav,19,10
8222d49f993231e72453dc50fdd90257,punjabi,fake,fft,fft_punjabi_069.wav,20,10
fa37a42de19ea8fb755002077fa48847,punjabi,fake,fft,fft_punjabi_069.wav,21,10
29b835f893da8065b8ea1d825d0b1a35,punjabi,fake,fft,fft_punjabi_069.wav,22,10
a5245f969a958f9a1a7ebc22c00bc0dc,vocals,fake,fft,3 Peg_vocals.wav,0,10
7b2a4a8d68764a11efc09e45ecf5f6d1,vocals,fake,fft,3 Peg_vocals.wav,1,10
b0ae145bb1fcf44813df21d6c65e55a3,vocals,fake,fft,3 Peg_vocals.wav,2,10
ec9cae19ac6778fdb437f744405f7dd9,vocals,fake,fft,3 Peg_vocals.wav,3,10
e86b9cbd1e4a1d3d4455b818e3ace3d5,vocals,fake,fft,3 Peg_vocals.wav,4,10
f977bec377e27be198235948216d9204,vocals,fake,fft,3 Peg_vocals.wav,5,10
ce77ba622c31363cbec3b34acedf2095,vocals,fake,fft,3 Peg_vocals.wav,6,10
0dd2e1af76ed5caf55020a9330be0dcd,vocals,fake,fft,3 Peg_vocals.wav,7,10
aad873fdc491a2a8a3fdc363b32573c9,vocals,fake,fft,3 Peg_vocals.wav,8,10
17130ef6a4a83b9c11f395b4b4782207,vocals,fake,fft,3 Peg_vocals.wav,9,10
84a7fbf30699cbf1cfd7532ec3d120f6,vocals,fake,fft,3 Peg_vocals.wav,10,10
e23fafa4e2e74777f054cd9b5776fe77,vocals,fake,fft,3 Peg_vocals.wav,11,10
a9be4d9d49fd1fd1a593266c23d3a952,vocals,fake,fft,3 Peg_vocals.wav,12,10
69c232d2f8e4c6283180beca366b33fa,vocals,fake,fft,3 Peg_vocals.wav,13,10
3f82fc3e5de87be45df09b37dabded8a,vocals,fake,fft,3 Peg_vocals.wav,14,10
0c4f4f9ca3b2fe4e348e0ae32bf6c99c,vocals,fake,fft,3 Peg_vocals.wav,15,10
37cc2f27d7e92ea6c7b44dbe0cd95afb,vocals,fake,fft,3 Peg_vocals.wav,16,10
b0a416a21b4cc077b7bf66cbc281c242,vocals,fake,fft,3 Peg_vocals.wav,17,10
c3aecf4ca49b068711c75df685bcc63e,vocals,fake,fft,3 Peg_vocals.wav,18,10
141e071b990a33fb188972299fe67abb,vocals,fake,fft,3 Peg_vocals.wav,19,10
da9428d721d4375ddfd352679ad12fb6,vocals,fake,fft,3 Peg_vocals.wav,20,10
dae17cb717a34766c704f2c3b80a1462,vocals,fake,fft,3 Peg_vocals.wav,21,10
bb2c88e93e6f30484387240022ef3a62,vocals,fake,fft,3 Peg_vocals.wav,22,10
efc206605cd65b0ea009b27b6eba388e,vocals,fake,fft,3 Peg_vocals.wav,23,10
bf8c199372873daeefddd0942f615f6e,vocals,fake,fft,3 Peg_vocals.wav,24,10
ae02ea9eb18cc06ae4873ac35d881e12,vocals,fake,fft,3 Peg_vocals.wav,25,10
9120685a26ddbfe8b3b04781836c5790,vocals,fake,fft,Aaya Lariye Ni_vocals.wav,0,10
85d50fdc6bd0489bee5c808398b06f2f,vocals,fake,fft,Aaya Lariye Ni_vocals.wav,1,10
89af6fdd8f90423917fc15387a2ca05d,vocals,fake,fft,Aaya Lariye Ni_vocals.wav,2,10
915adbecc0d401cc17c7db73109e9851,vocals,fake,fft,Aaya Lariye Ni_vocals.wav,3,10
5a10c1f4f6815db352b6361c1a49bd79,vocals,fake,fft,Aaya Lariye Ni_vocals.wav,4,10
4faf4790712320475d4ee5a8223b7c7f,vocals,fake,fft,Aaya Lariye Ni_vocals.wav,5,10
10ab0b5ca7817035ea1e977077abf251,vocals,fake,fft,Aaya Lariye Ni_vocals.wav,6,10
edb421e48ac176e8db730a99576a8e8f,vocals,fake,fft,Aaya Lariye Ni_vocals.wav,7,10
f2f958b6769fb373b53273bd41d4cb53,vocals,fake,fft,Aaya Lariye Ni_vocals.wav,8,10
6b274bb2b7712d0268c403beda5f7223,vocals,fake,fft,Aaya Lariye Ni_vocals.wav,9,10
8f4c2ab6fbbe563f8daa0ee4d7eed0a3,vocals,fake,fft,Aaya Lariye Ni_vocals.wav,10,10
1e8e7518a83fa082753db6b6c1b136fb,vocals,fake,fft,Aaya Lariye Ni_vocals.wav,11,10
f7bf9175eece19cc3b0dc612c1691ca5,vocals,fake,fft,Aaya Lariye Ni_vocals.wav,12,10
38df9c147edd7016cffdafe88fc2b3bb,vocals,fake,fft,Aaya Lariye Ni_vocals.wav,13,10
c25410a84165b2fbb22662f247722a6f,vocals,fake,fft,Aaya Lariye Ni_vocals.wav,14,10
fab31069511e6e7018ec7088435906ec,vocals,fake,fft,Aaya Lariye Ni_vocals.wav,15,10
ae57293a8494508f0197edeaca455def,vocals,fake,fft,Aaya Lariye Ni_vocals.wav,16,10
c325ba433bf63b37ddd59cfaa181b2b4,vocals,fake,fft,Aaya Lariye Ni_vocals.wav,17,10
902e20b01ea74f01ebee7e40a1cbb360,vocals,fake,fft,Aaya Lariye Ni_vocals.wav,18,10
290e021eae54e24ecd95f4fa5a26e7a1,vocals,fake,fft,Aaya Lariye Ni_vocals.wav,19,10
4e5e4d880bbb74397f9b5e28267f4cb6,vocals,fake,fft,Aaya Lariye Ni_vocals.wav,20,10
376903fdc6dc1de16bdffa861e9ecc1e,vocals,fake,fft,Affair_vocals.wav,0,10
22c4ea087198f6614e0c8aa7c07738b4,vocals,fake,fft,Affair_vocals.wav,1,10
35d1bd555b1bc329d3816b03091b715c,vocals,fake,fft,Affair_vocals.wav,2,10
468713de24c93509be304b708cba74dc,vocals,fake,fft,Affair_vocals.wav,3,10
b9ed758f019bb8d48c85e4f0e5db79b0,vocals,fake,fft,Affair_vocals.wav,4,10
acaa038175170f187fb893273c14a6d2,vocals,fake,fft,Affair_vocals.wav,5,10
8df6bef02f11443305e34f6e3db3fe5e,vocals,fake,fft,Affair_vocals.wav,6,10
7b4c5ab03261c8b7da97623711cea1ed,vocals,fake,fft,Affair_vocals.wav,7,10
a79ebbf0ab651352135cf2cee58e16c2,vocals,fake,fft,Affair_vocals.wav,8,10
3adf003777f7b8fbca8ede1040083e2c,vocals,fake,fft,Affair_vocals.wav,9,10
fc9c5fdf226b82a6e47bac7c29da8773,vocals,fake,fft,Affair_vocals.wav,10,10
a265d331050adb0efb3198b86526d0df,vocals,fake,fft,Affair_vocals.wav,11,10
bf5d3d6882de07fe750de328b46be03a,vocals,fake,fft,Affair_vocals.wav,12,10
51019e39684b377004a774da0bf112d5,vocals,fake,fft,Affair_vocals.wav,13,10
a637de8b4760de029ac9c00a345b5d8c,vocals,fake,fft,Affair_vocals.wav,14,10
36dde59796da3beb52b3b8530507ec40,vocals,fake,fft,Affair_vocals.wav,15,10
074e6c82639d46f724af020282117630,vocals,fake,fft,Affair_vocals.wav,16,10
59c3026ff3fd0998d56a64e32fc009f9,vocals,fake,fft,Affair_vocals.wav,17,10
cc50b8e036536f4706401dad81a201e4,vocals,fake,fft,Akh Kashni_vocals.wav,0,10
314d02f19a0b58f00b1a490f2509c276,vocals,fake,fft,Akh Kashni_vocals.wav,1,10
2df1fd224fe9050a2a86df19e60972e5,vocals,fake,fft,Akh Kashni_vocals.wav,2,10
33a6cb66304ada494f1eea04c5e36596,vocals,fake,fft,Akh Kashni_vocals.wav,3,10
77bf807a1b52d6a7f37c45ba0deb9544,vocals,fake,fft,Akh Kashni_vocals.wav,4,10
7132c4db8a611fcad160bf7c1992cac1,vocals,fake,fft,Akh Kashni_vocals.wav,5,10
209774f6a068b45b317e225ae00c0921,vocals,fake,fft,Akh Kashni_vocals.wav,6,10
da09a3d3c868173261af03f4554c38fc,vocals,fake,fft,Akh Kashni_vocals.wav,7,10
45378a114abf2c714fac7b8a28d6b2f8,vocals,fake,fft,Akh Kashni_vocals.wav,8,10
2aae65e46caa2819f67a97c769e73341,vocals,fake,fft,Akh Kashni_vocals.wav,9,10
7c5323410cdc273ede99447023de9701,vocals,fake,fft,Akh Kashni_vocals.wav,10,10
092282ca4fd7b419b1fac39d61193cd2,vocals,fake,fft,Akh Kashni_vocals.wav,11,10
9da497e19cacf66a66f81b611669ea26,vocals,fake,fft,Akh Kashni_vocals.wav,12,10
de43014e96afe4fe8d551735474bc36a,vocals,fake,fft,Akh Kashni_vocals.wav,13,10
0c94b306a01cffd955279b29584674a0,vocals,fake,fft,Akh Kashni_vocals.wav,14,10
5393a1ad84a44767d350cdde0421c78c,vocals,fake,fft,Akh Kashni_vocals.wav,15,10
934c626d7bd71462eba48aa8f04cf0d0,vocals,fake,fft,Akh Kashni_vocals.wav,16,10
275b868814e71ddb95b0dec885150450,vocals,fake,fft,Akh Kashni_vocals.wav,17,10
4e20a6a93c651a3bf6b6f5167a2013e2,vocals,fake,fft,Akh Kashni_vocals.wav,18,10
d297459c07b159d94fcec2bb193275c9,vocals,fake,fft,Akh Kashni_vocals.wav,19,10
0f55330951e98bf22d8da6f7c06aba54,vocals,fake,fft,All Black_vocals.wav,0,10
55fd157d1b9c519a6b7cf80bcadc9b39,vocals,fake,fft,All Black_vocals.wav,1,10
563640c8df684d178a68bc27b2ff9c1d,vocals,fake,fft,All Black_vocals.wav,2,10
365e555a4249fc7f12275cf7ccf5b15b,vocals,fake,fft,All Black_vocals.wav,3,10
53cfa3efba54a4dbfe1677ee4443c96c,vocals,fake,fft,All Black_vocals.wav,4,10
a9af858821f191feebcd3318b20fb546,vocals,fake,fft,All Black_vocals.wav,5,10
082721c98706c07186265a3bdcb56584,vocals,fake,fft,All Black_vocals.wav,6,10
d22e6acbad4dace9b309a8dff38483ba,vocals,fake,fft,All Black_vocals.wav,7,10
80851df291479167cff7642e4b52321c,vocals,fake,fft,All Black_vocals.wav,8,10
b6e099522cf15ef02de01146281d2a4c,vocals,fake,fft,All Black_vocals.wav,9,10
66f7941581ca54309c85c5cbd46869fb,vocals,fake,fft,All Black_vocals.wav,10,10
1aa3bfb9e1813bc58dbcdc06353ace56,vocals,fake,fft,All Black_vocals.wav,11,10
e15be93f796f9b6dad2918a2f7004609,vocals,fake,fft,All Black_vocals.wav,12,10
a63deed611d48813c5ef4b8bb9ef5f74,vocals,fake,fft,All Black_vocals.wav,13,10
b6974c01ed276709d7f68caa50b0d81e,vocals,fake,fft,All Black_vocals.wav,14,10
0cf419c25944531694955c7ef5595d8a,vocals,fake,fft,All Black_vocals.wav,15,10
1773ec9098b6f82b16284ee42eebc4a3,vocals,fake,fft,All Black_vocals.wav,16,10
874398234aef85736f8c823f39a6d358,vocals,fake,fft,All Black_vocals.wav,17,10
1b54efefc608aeffb10d3e34ca2efd2f,vocals,fake,fft,All Black_vocals.wav,18,10
ba69b9e0b2f1b74468a189cd4fd1416f,vocals,fake,fft,All Black_vocals.wav,19,10
34488be7924d2608b924a88e78b4bfba,vocals,fake,fft,All Black_vocals.wav,20,10
ab578a9aecfc1559a5d2c067b0eab3c8,vocals,fake,fft,Backbone_vocals.wav,0,10
68202ec52c88834025fab66ad6cf1639,vocals,fake,fft,Backbone_vocals.wav,1,10
c7f8675960e39af5442872cb5a9924e5,vocals,fake,fft,Backbone_vocals.wav,2,10
ea5c68d9608ae9176ecfbb75484cafd8,vocals,fake,fft,Backbone_vocals.wav,3,10
52baebe16a033e48767a07412e74e106,vocals,fake,fft,Backbone_vocals.wav,4,10
cfdbd2187a532c845336b71fdb7026c8,vocals,fake,fft,Backbone_vocals.wav,5,10
014d9d63906bbac91afadc45faf49c4b,vocals,fake,fft,Backbone_vocals.wav,6,10
854b0558e01f37fa49145b03193fd23f,vocals,fake,fft,Backbone_vocals.wav,7,10
595eb4bf74ad683c54baa503ac6b1f45,vocals,fake,fft,Backbone_vocals.wav,8,10
15488cf94b7d15f9c94bc47e29ae0e4b,vocals,fake,fft,Backbone_vocals.wav,9,10
a7aa12079042f090f401fedb6d551b82,vocals,fake,fft,Backbone_vocals.wav,10,10
ce2a068e19124c0d8b231f4f4680704a,vocals,fake,fft,Backbone_vocals.wav,11,10
0cfb5b0a75aaa61b325e041052bac5c8,vocals,fake,fft,Backbone_vocals.wav,12,10
d35d494daf32dfa961088eec4c738374,vocals,fake,fft,Backbone_vocals.wav,13,10
e3b8d722d79071fd350dcba6535bdecd,vocals,fake,fft,Backbone_vocals.wav,14,10
ba4cb6e88156a5134b145333a785e6ef,vocals,fake,fft,Backbone_vocals.wav,15,10
e6a7bde9dd42509dff24838120d8ac8a,vocals,fake,fft,Backbone_vocals.wav,16,10
be31e8b98dd12bfb4aca7525c85ebc5e,vocals,fake,fft,Backbone_vocals.wav,17,10
554730134a7917584bc552d31f846ddb,vocals,fake,fft,Backbone_vocals.wav,18,10
6dfc5ca8dde04c40a4f6ede1a8c60069,vocals,fake,fft,Backbone_vocals.wav,19,10
8dd3abe43bdaac5fbedf2a71c8da5b8b,vocals,fake,fft,Boliyan_vocals.wav,0,10
9b4ac7443f79fafbb328d44bad10e9f4,vocals,fake,fft,Boliyan_vocals.wav,1,10
68702bc85d6192ecec1a7d32cc417376,vocals,fake,fft,Boliyan_vocals.wav,2,10
ad87e2c687779eb0f66078006b3528e4,vocals,fake,fft,Boliyan_vocals.wav,3,10
124bdfb261cbd9bd2b2fb1529e31d46a,vocals,fake,fft,Boliyan_vocals.wav,4,10
011bac386279373eba02d186197d7c95,vocals,fake,fft,Boliyan_vocals.wav,5,10
c5fd322098406ba18b2f45a248439214,vocals,fake,fft,Boliyan_vocals.wav,6,10
7ec7dd77d28594ce203b8f1cb3dd8c79,vocals,fake,fft,Boliyan_vocals.wav,7,10
e9dcdfa23d9bc04416edaa4f799cf0ea,vocals,fake,fft,Boliyan_vocals.wav,8,10
2a6b22e1e5b86c189626f9d9b686ea6b,vocals,fake,fft,Boliyan_vocals.wav,9,10
910fd729d6348a2749197ed4c599cc67,vocals,fake,fft,Boliyan_vocals.wav,10,10
8d519cc99ecd6b58a5fa05c646d2bd95,vocals,fake,fft,Boliyan_vocals.wav,11,10
fdd10532ccf325e52e54402b33f6eb85,vocals,fake,fft,Boliyan_vocals.wav,12,10
e0f90eabba61be14c19161b336f82acc,vocals,fake,fft,Boliyan_vocals.wav,13,10
a3fec2480cd1c732e9819d4d354f7649,vocals,fake,fft,Boliyan_vocals.wav,14,10
f3d2b52017ceff9d92ba5726eeed8ce2,vocals,fake,fft,Boliyan_vocals.wav,15,10
d7ac1c1e7b26a733bf4e61cfafb35e05,vocals,fake,fft,Boliyan_vocals.wav,16,10
fe3d351d42f018a8db85c80c58ff751e,vocals,fake,fft,Boliyan_vocals.wav,17,10
f62ce21e19f9a98cfac04d39a811847b,vocals,fake,fft,Boliyan_vocals.wav,18,10
ef35aca66b7603a3921a8f45f7251b58,vocals,fake,fft,Boliyan_vocals.wav,19,10
d772723abffae833663f187216ac5dcc,vocals,fake,fft,Boliyan_vocals.wav,20,10
45cdc6c6146c24244bd8d501a9d9bc73,vocals,fake,fft,Boliyan_vocals.wav,21,10
a6ca232167993776dd9f5f292b30df82,vocals,fake,fft,Boliyan_vocals.wav,22,10
65581660efe04ba8e359b7a4cc0810f8,vocals,fake,fft,Boliyan_vocals.wav,23,10
8b6995e7681ad7cdb409d4a40ab86e18,vocals,fake,fft,Boliyan_vocals.wav,24,10
d4f84a290036f6c18ddf538bda104d8f,vocals,fake,fft,Boliyan_vocals.wav,25,10
b29e5a26728dbc1c387e83dae26525d8,vocals,fake,fft,Boliyan_vocals.wav,26,10
be1a19bd644bd399600ec3c53b7406a2,vocals,fake,fft,Challa_vocals.wav,0,10
f9bf4f30aa9f21ca850dd1aea38dad25,vocals,fake,fft,Challa_vocals.wav,1,10
e1c7e29ca48c254a5823723382ddb1f6,vocals,fake,fft,Challa_vocals.wav,2,10
8b1a2c709065d9e1315625d11f0d8bf1,vocals,fake,fft,Challa_vocals.wav,3,10
2c5f64df650a227c3121e0acb1eca842,vocals,fake,fft,Challa_vocals.wav,4,10
792790ca1723749a08c6543bb7ce0ef2,vocals,fake,fft,Challa_vocals.wav,5,10
134228d801ab94f82c4144f46c93a2c4,vocals,fake,fft,Challa_vocals.wav,6,10
aed9f5eba6146e91d955b492274b2353,vocals,fake,fft,Challa_vocals.wav,7,10
2a88e2b85c9c8c087df253d3fb662a82,vocals,fake,fft,Challa_vocals.wav,8,10
de78939efdce2a3343128ebcec4d11d2,vocals,fake,fft,Challa_vocals.wav,9,10
5f0d822f989c6e0e93e197a2e2d7907b,vocals,fake,fft,Challa_vocals.wav,10,10
a138d9f500ec18eb8f544f3a30ad21bd,vocals,fake,fft,Challa_vocals.wav,11,10
bba22673af93a8eef90a7bb6c2e1654b,vocals,fake,fft,Challa_vocals.wav,12,10
4b8d0ef6096184d8eaa3842efb368fd1,vocals,fake,fft,Challa_vocals.wav,13,10
e2e3de39ccf1194cea6763c2e3f0f6e7,vocals,fake,fft,Challa_vocals.wav,14,10
0ded162eaa77e44c42dc9409bde890bf,vocals,fake,fft,Challa_vocals.wav,15,10
cb0127b4e03f2d1c307aa18c1711249b,vocals,fake,fft,Challa_vocals.wav,16,10
cffd2f1902433d60378d2afa8c611fa6,vocals,fake,fft,Challa_vocals.wav,17,10
a77712f6427337dd3bb14013b68d46b4,vocals,fake,fft,Challa_vocals.wav,18,10
f5008a5d4db7c88f3a416da8634efdef,vocals,fake,fft,Challa_vocals.wav,19,10
e04ffc92cca4f9a6706595b0e2eef462,vocals,fake,fft,Challa_vocals.wav,20,10
6d58e7efcb895be47e136f961f44da39,vocals,fake,fft,Challa_vocals.wav,21,10
2865c47263741da24fcfa8f40df60d28,vocals,fake,fft,Challa_vocals.wav,22,10
e4d376fd2e180d637298e5e81444b6ec,vocals,fake,fft,Challa_vocals.wav,23,10
7a380eaa902235e0635822a405391c8a,vocals,fake,fft,Challa_vocals.wav,24,10
e9e8a8bcdb00e137c0d34e65bf97d5eb,vocals,fake,fft,Challa_vocals.wav,25,10
5a4d2ce3270d4e41bade74589032b9df,vocals,fake,fft,Challa_vocals.wav,26,10
236b00a7c5e25feadce0a23ce049e513,vocals,fake,fft,Challa_vocals.wav,27,10
2c0045b5d7ffa447810a3cc753a2867e,vocals,fake,fft,Chitta Kukkad_vocals.wav,0,10
e08fdc1b04316509abc0d9ccb48208c1,vocals,fake,fft,Chitta Kukkad_vocals.wav,1,10
ae8578941c1c0af4c650d71961ff3930,vocals,fake,fft,Chitta Kukkad_vocals.wav,2,10
b37eb30b5ea59bc107ff9c36e3294981,vocals,fake,fft,Chitta Kukkad_vocals.wav,3,10
7947e00e5ed315c0066472bd5d374d80,vocals,fake,fft,Chitta Kukkad_vocals.wav,4,10
d0d583b015b6109e8d06856e9506f176,vocals,fake,fft,Chitta Kukkad_vocals.wav,5,10
144f7836ace4aa881ad2d3bde75e925a,vocals,fake,fft,Chitta Kukkad_vocals.wav,6,10
e446966a74b8306360cec9701218dfce,vocals,fake,fft,Chitta Kukkad_vocals.wav,7,10
9d79742571d5c226f8c4ae5fa11b4cc7,vocals,fake,fft,Chitta Kukkad_vocals.wav,8,10
e268231bf069f93122f940c0d0765f9e,vocals,fake,fft,Chitta Kukkad_vocals.wav,9,10
d8265203f598b025f845fe48b218a9d6,vocals,fake,fft,Chitta Kukkad_vocals.wav,10,10
10d5c07dbe53054a41c97ed0b1077dda,vocals,fake,fft,Chitta Kukkad_vocals.wav,11,10
335f634965f9b6c4a1ad34366ed43b29,vocals,fake,fft,Chitta Kukkad_vocals.wav,12,10
db33ccf1c9e0fdb8745c821aac23b2ff,vocals,fake,fft,Chitta Kukkad_vocals.wav,13,10
f336543b34c3ac039000c127306160b2,vocals,fake,fft,Chitta Kukkad_vocals.wav,14,10
d69770a5957e54b5891f8c7b37128127,vocals,fake,fft,Chitta Kukkad_vocals.wav,15,10
2c02a477e8fef3f295d67fd05b625ba8,vocals,fake,fft,Chitta Kukkad_vocals.wav,16,10
7547908617edd689fefeed129b9f93c5,vocals,fake,fft,Chitta Kukkad_vocals.wav,17,10
1f09f61984adf5c617001eba304930cd,vocals,fake,fft,Chitta Kukkad_vocals.wav,18,10
f739ef2c85573f1cd8cd68b62cdc460d,vocals,fake,fft,Coka_vocals.wav,0,10
d1df9101f3418d806bd90be5ba532f70,vocals,fake,fft,Coka_vocals.wav,1,10
9651daa87caa49148db1ddaa5a3838d1,vocals,fake,fft,Coka_vocals.wav,2,10
75491bb78f28a61efc358307735a3785,vocals,fake,fft,Coka_vocals.wav,3,10
fc9f117f612e7572fc0ff805c1344967,vocals,fake,fft,Coka_vocals.wav,4,10
359a0686510681eb49f4d1089d257b5d,vocals,fake,fft,Coka_vocals.wav,5,10
58b5f84686169fe4a704ddbf7ef445fc,vocals,fake,fft,Coka_vocals.wav,6,10
f4a81be5ab9af14ee202ea548886bab8,vocals,fake,fft,Coka_vocals.wav,7,10
b90bcbdad86f28fce43adbfd9fdad646,vocals,fake,fft,Coka_vocals.wav,8,10
f398f503ed4b6649ed9b4fd67fd67e7f,vocals,fake,fft,Coka_vocals.wav,9,10
f24a425b55cb94e4637a1774c76cfec2,vocals,fake,fft,Coka_vocals.wav,10,10
7e6a4b7b04d45d3c1ce182ee95a58990,vocals,fake,fft,Coka_vocals.wav,11,10
77133faeeac665edca095f83115f031f,vocals,fake,fft,Coka_vocals.wav,12,10
04861707d0e52fa8c5955c07d7e39263,vocals,fake,fft,Coka_vocals.wav,13,10
1a96921c2b6c0e91655b40593b62756a,vocals,fake,fft,Coka_vocals.wav,14,10
3155399ddbf12dfa2126de459d85370e,vocals,fake,fft,Coka_vocals.wav,15,10
4df52492c78207f3db68a5a09b375c6f,vocals,fake,fft,Coka_vocals.wav,16,10
4390af20d4d5bd42b6d3d289d4a4c00c,vocals,fake,fft,Coka_vocals.wav,17,10
fb1686f82cc35f7c8d8822f810d5e86f,vocals,fake,fft,DJ Wajda_vocals.wav,0,10
518d8cd4ee25a9ebfdb2c4bcb0e65942,vocals,fake,fft,DJ Wajda_vocals.wav,1,10
4d025d899c4c3f8d1ad2fbaa217e433c,vocals,fake,fft,DJ Wajda_vocals.wav,2,10
8476c0983a3b8438dcce69bf828f238e,vocals,fake,fft,Daang_vocals.wav,0,10
00b3e1a8c3f419225aac1b9cb961d473,vocals,fake,fft,Daang_vocals.wav,1,10
115d58982a6fd2c3f7ce455bbd8fc6ef,vocals,fake,fft,Daang_vocals.wav,2,10
e8bb28e5b599274932f6d18cfadbacba,vocals,fake,fft,Daang_vocals.wav,3,10
6f59c7e5c7f53d9f1c94177497c16074,vocals,fake,fft,Daang_vocals.wav,4,10
d2811af3a1353337d05c028c7b782efe,vocals,fake,fft,Daang_vocals.wav,5,10
cc3bff319d7dc34e38baad256ded3ff8,vocals,fake,fft,Daang_vocals.wav,6,10
cf6cdaed26ec12d73cc21e371e899d3d,vocals,fake,fft,Daang_vocals.wav,7,10
b3022b259580879651efb1a2d5b494e0,vocals,fake,fft,Daang_vocals.wav,8,10
13e873f26848c29b7e915f718348a63e,vocals,fake,fft,Daang_vocals.wav,9,10
20417324b81e562fab19430bf1bc4299,vocals,fake,fft,Daang_vocals.wav,10,10
e9fc99055d34a3fab20e95978eebd454,vocals,fake,fft,Daang_vocals.wav,11,10
58764e2a9755a6d336e25b086cd151cc,vocals,fake,fft,Daang_vocals.wav,12,10
f1af0b6078aa2881365915b01218a80d,vocals,fake,fft,Daang_vocals.wav,13,10
14f304758e52f111807b4a801cd46664,vocals,fake,fft,Daang_vocals.wav,14,10
00b5ce4eed55da8cc1eb24f85f7659ca,vocals,fake,fft,Daang_vocals.wav,15,10
88675e76da0cb562539231847aec4913,vocals,fake,fft,Daang_vocals.wav,16,10
7542fab0c211966c4121a5a410a47a40,vocals,fake,fft,Daang_vocals.wav,17,10
c115894d6c055004dea15217544b090f,vocals,fake,fft,Daang_vocals.wav,18,10
0c810b850e34ecfcc1f0484b50cd98d9,vocals,fake,fft,Daang_vocals.wav,19,10
1b9e42cbd5c666d4562aeb039787cc28,vocals,fake,fft,Daang_vocals.wav,20,10
cdba9c9636b5d46ac2b23dfd0f73b513,vocals,fake,fft,Daang_vocals.wav,21,10
06428bdd5f6faf2d7f754fadc1e0a7b2,vocals,fake,fft,Dama Dam Mast Kalandar_vocals.wav,0,10
ca70e39bc9815fe8b0d41742fcc2b942,vocals,fake,fft,Dama Dam Mast Kalandar_vocals.wav,1,10
bf45f719af646fe59b14a3afa11f0abd,vocals,fake,fft,Dama Dam Mast Kalandar_vocals.wav,2,10
c1f4e3b681a31ef9eda037bb02ba8c68,vocals,fake,fft,Dama Dam Mast Kalandar_vocals.wav,3,10
78828b8ce1186f7476fa9f20e568a286,vocals,fake,fft,Dama Dam Mast Kalandar_vocals.wav,4,10
98e78c9ecdbf5c3481c4d8c87c0412aa,vocals,fake,fft,Dama Dam Mast Kalandar_vocals.wav,5,10
0d0df2b1979971d6eb012b66cf9e1129,vocals,fake,fft,Dama Dam Mast Kalandar_vocals.wav,6,10
4cc0cb7b3a603400da75dad134fb9613,vocals,fake,fft,Dama Dam Mast Kalandar_vocals.wav,7,10
943359d4b017350a177c218e5bcaa577,vocals,fake,fft,Dama Dam Mast Kalandar_vocals.wav,8,10
387e2bf129fe8cd81a011b7d75854e8e,vocals,fake,fft,Dama Dam Mast Kalandar_vocals.wav,9,10
90c94fa8698aac653475e92e6d84a57a,vocals,fake,fft,Dama Dam Mast Kalandar_vocals.wav,10,10
85c3367ebc01984ad9b0826fbab6ec47,vocals,fake,fft,Dama Dam Mast Kalandar_vocals.wav,11,10
b02312f908f16007f2c3d098521d1f32,vocals,fake,fft,Dama Dam Mast Kalandar_vocals.wav,12,10
e4fc565219a3f563977467d6b2cd59f6,vocals,fake,fft,Dama Dam Mast Kalandar_vocals.wav,13,10
43d6fc3c1857616d6253e419a59424a7,vocals,fake,fft,Dama Dam Mast Kalandar_vocals.wav,14,10
9e7938eb8924325adf7f363e5283deb4,vocals,fake,fft,Dama Dam Mast Kalandar_vocals.wav,15,10
152e068eb5672b1e5484d2664af57f9c,vocals,fake,fft,Dama Dam Mast Kalandar_vocals.wav,16,10
96eb782b8d5d22d5b62865bf8f93046a,vocals,fake,fft,Dama Dam Mast Kalandar_vocals.wav,17,10
1109eea991e4a7d8455479792233a606,vocals,fake,fft,Dama Dam Mast Kalandar_vocals.wav,18,10
339af0771348bc4502902952ee3083e7,vocals,fake,fft,Dama Dam Mast Kalandar_vocals.wav,19,10
ee992b150e0a73f2b3928d99e1b7e601,vocals,fake,fft,Dama Dam Mast Kalandar_vocals.wav,20,10
5ad39c901327f606ac81c368c21a0e51,vocals,fake,fft,Dama Dam Mast Kalandar_vocals.wav,21,10
69d750c232a1a1c5c447280c87bffbab,vocals,fake,fft,Dama Dam Mast Kalandar_vocals.wav,22,10
56bfe3e6d83ffa2d852ad026dea2cb87,vocals,fake,fft,Dama Dam Mast Kalandar_vocals.wav,23,10
37710daf28c8cd2082cd624ce6a8dd4f,vocals,fake,fft,Dama Dam Mast Kalandar_vocals.wav,24,10
c7b8266c8154ebf3faf4a25e3caa732a,vocals,fake,fft,Dama Dam Mast Kalandar_vocals.wav,25,10
03c7901dea3e3a8c8731d73e75f154fc,vocals,fake,fft,Dama Dam Mast Kalandar_vocals.wav,26,10
dccd948715f3cbdb7114dd92bc21a8c7,vocals,fake,fft,Dama Dam Mast Kalandar_vocals.wav,27,10
0bdda723cc4a932b453ba397630d5d42,vocals,fake,fft,Dama Dam Mast Kalandar_vocals.wav,28,10
1609a093d41218a79cf53f8999bdf1af,vocals,fake,fft,Dama Dam Mast Kalandar_vocals.wav,29,10
ff74b81f86edb172256807c98059d921,vocals,fake,fft,Dama Dam Mast Kalandar_vocals.wav,30,10
961f9a03e234e3cd8a53fe278bf3170d,vocals,fake,fft,Dama Dam Mast Kalandar_vocals.wav,31,10
44c45e39b5666acc63baa0fe6b977c76,vocals,fake,fft,Dama Dam Mast Kalandar_vocals.wav,32,10
ec85b4f10ff1e29342d527d13b1ce8dd,vocals,fake,fft,Dama Dam Mast Kalandar_vocals.wav,33,10
6f5a9e9c7a88703bb742521bb22076e9,vocals,fake,fft,Dama Dam Mast Kalandar_vocals.wav,34,10
30b59dd00ddd8088cf06ebb484e91cd1,vocals,fake,fft,Dama Dam Mast Kalandar_vocals.wav,35,10
afddc25c73b781a48e5923983dc65a76,vocals,fake,fft,Dama Dam Mast Kalandar_vocals.wav,36,10
b1703d8c24e7b0a21aef805c8c60d03a,vocals,fake,fft,Dama Dam Mast Kalandar_vocals.wav,37,10
17ec6e2527096913845c32729ce131ee,vocals,fake,fft,Dama Dam Mast Kalandar_vocals.wav,38,10
d79aae73edec94fca88df5b55d19e1fc,vocals,fake,fft,Dama Dam Mast Kalandar_vocals.wav,39,10
229a41bcb3111d56f39081257b27bff5,vocals,fake,fft,Dama Dam Mast Kalandar_vocals.wav,40,10
2a00ec2d6dd853ebee6eaf9904ffc878,vocals,fake,fft,Dama Dam Mast Kalandar_vocals.wav,41,10
777b8626fc82c685a7006e08ac988a38,vocals,fake,fft,Dama Dam Mast Kalandar_vocals.wav,42,10
2393dd2ab8b7584385f425ad522a19de,vocals,fake,fft,Dama Dam Mast Kalandar_vocals.wav,43,10
cc7422e13a430b1d87d5a14b10ffbdd9,vocals,fake,fft,Dama Dam Mast Kalandar_vocals.wav,44,10
62b4306e37626d8f3d9badb297d2e9b6,vocals,fake,fft,Dama Dam Mast Kalandar_vocals.wav,45,10
549e4b17a4fba52b0a9f112523b31bf0,vocals,fake,fft,Diamond_vocals.wav,0,10
59a51961e6911eb486d0751b56e8bd28,vocals,fake,fft,Diamond_vocals.wav,1,10
2631f8775bbd731d68fa5b4d9e5536ad,vocals,fake,fft,Diamond_vocals.wav,2,10
b3f1256288ffbe67a71380e803b07637,vocals,fake,fft,Diamond_vocals.wav,3,10
88d93d2715d32a3f08675e6ce83116a5,vocals,fake,fft,Diamond_vocals.wav,4,10
d2fdf925d87aed33431337f5465cb234,vocals,fake,fft,Diamond_vocals.wav,5,10
24b0ccf97d23a5a5bb6e9056a0917376,vocals,fake,fft,Diamond_vocals.wav,6,10
6be15c73240fe7dd4bc282d10df09690,vocals,fake,fft,Diamond_vocals.wav,7,10
a337f6f6ad5d759321e03642794d0e13,vocals,fake,fft,Diamond_vocals.wav,8,10
47074ca23335b8adb69084970f110fbe,vocals,fake,fft,Diamond_vocals.wav,9,10
be76a71c27d2b2dab75804e4402aac8f,vocals,fake,fft,Diamond_vocals.wav,10,10
c46ed7f0a62de113d0657d212fd58563,vocals,fake,fft,Diamond_vocals.wav,11,10
32172ac47ddd7ef3d1dca72552dcfb4a,vocals,fake,fft,Diamond_vocals.wav,12,10
02b5f4a2cd6df2fa08615736b3e2a931,vocals,fake,fft,Diamond_vocals.wav,13,10
84cd37bd4e5882c80f6756a249feab01,vocals,fake,fft,Diamond_vocals.wav,14,10
763aaaa5c88a5f8239add6eefb16d5b5,vocals,fake,fft,Diamond_vocals.wav,15,10
90847406432d6385d061a301d514d398,vocals,fake,fft,Diamond_vocals.wav,16,10
db99005641b3405e0ca4c992bbdce321,vocals,fake,fft,Diamond_vocals.wav,17,10
86bfbd292f074c592f288445f0913b5f,vocals,fake,fft,Diamond_vocals.wav,18,10
858bc2ecb936c63672a6fbc8759398e5,vocals,fake,fft,Diamond_vocals.wav,19,10
f291559fa4a7b8cc919fa1886722690b,vocals,fake,fft,Diamond_vocals.wav,20,10
eaf59b48a9817b703b3c2db65ec96a15,vocals,fake,fft,Diamond_vocals.wav,21,10
4ebe19cf4f68a94abc95da514b3894af,vocals,fake,fft,Diamond_vocals.wav,22,10
b71e3bb1b03f2bf69892f867752817c5,vocals,fake,fft,Diamond_vocals.wav,23,10
9a25ab9ef3d74b1bb896583bf3034696,vocals,fake,fft,Gallan Mithiyan_vocals.wav,0,10
c9e3f8e31f17fa5acfbfa0a0beb9f17c,vocals,fake,fft,Gallan Mithiyan_vocals.wav,1,10
ac2eae17480f20c9006e7377abcc361f,vocals,fake,fft,Gallan Mithiyan_vocals.wav,2,10
558df3bd84b407e6d4401aaa620d3e20,vocals,fake,fft,Gallan Mithiyan_vocals.wav,3,10
459501ced6385d907b3979e2ccae5563,vocals,fake,fft,Gallan Mithiyan_vocals.wav,4,10
14449388c245b71e7f46f269c5c7899d,vocals,fake,fft,Gallan Mithiyan_vocals.wav,5,10
8d45bac13985244d12d4802aab8b371a,vocals,fake,fft,Gallan Mithiyan_vocals.wav,6,10
aa302beda6cafb6211d8777a7a8237ed,vocals,fake,fft,Gallan Mithiyan_vocals.wav,7,10
26b3345c285f13bfb4e2454dbe066cf8,vocals,fake,fft,Gallan Mithiyan_vocals.wav,8,10
4bcbf65b3df6a83555275ba9d8352b9d,vocals,fake,fft,Gallan Mithiyan_vocals.wav,9,10
493008ad8eb0b14865c83e2261e08e54,vocals,fake,fft,Gallan Mithiyan_vocals.wav,10,10
120eada1ebcf8043ca98335202169ad5,vocals,fake,fft,Gallan Mithiyan_vocals.wav,11,10
f8d2e89adb1b46f441b39fee52899317,vocals,fake,fft,Gallan Mithiyan_vocals.wav,12,10
45a1ee58ede5ffb3b6169f83040d08cd,vocals,fake,fft,Gallan Mithiyan_vocals.wav,13,10
2a8fab5621f6c61d5385fdaeaf76255a,vocals,fake,fft,Gallan Mithiyan_vocals.wav,14,10
fd308b59555116f9c4049ab56e7e1b80,vocals,fake,fft,Gallan Mithiyan_vocals.wav,15,10
166604d21f6a493bb6e71c0694601bab,vocals,fake,fft,Gallan Mithiyan_vocals.wav,16,10
84af6aca71173fc8ff5225aac42f8584,vocals,fake,fft,Gallan Mithiyan_vocals.wav,17,10
75916b5a56281176ac27491090942b66,vocals,fake,fft,Gallan Mithiyan_vocals.wav,18,10
3278916c40605e70da592997fec0ffa8,vocals,fake,fft,Gallan Mithiyan_vocals.wav,19,10
413779c191e70594ac09a8f3c56a300b,vocals,fake,fft,Gallan Mithiyan_vocals.wav,20,10
1319f7784cf87905303d03c1fa1170c9,vocals,fake,fft,Gangland_vocals.wav,0,10
fc23b8534db376ff9e20295bbb4038a9,vocals,fake,fft,Gangland_vocals.wav,1,10
b74d90e7d5f5a85251d89f83faca6da2,vocals,fake,fft,Gangland_vocals.wav,2,10
70a12a84f3197f2d2a6917a08de1f1b9,vocals,fake,fft,Gangland_vocals.wav,3,10
96e3ab02becf0b4107f298bcb7a0f6c1,vocals,fake,fft,Gangland_vocals.wav,4,10
47affe3592aa556174a9d8eab6aab77e,vocals,fake,fft,Gangland_vocals.wav,5,10
da825775f302181d86a38c66f095626b,vocals,fake,fft,Gangland_vocals.wav,6,10
b8ae88f43fefc541b98051fbdeb6d2c5,vocals,fake,fft,Gangland_vocals.wav,7,10
efba673e93d542bd1d1ca0e1ee7d671f,vocals,fake,fft,Gangland_vocals.wav,8,10
6a42daf7e4259796d27ad87ae42e965f,vocals,fake,fft,Gangland_vocals.wav,9,10
4af6803c43e9a0f5d9e3f9c28c709e25,vocals,fake,fft,Gangland_vocals.wav,10,10
1df08ff3c151a3c033b8f718e9781b0f,vocals,fake,fft,Gangland_vocals.wav,11,10
24def2a98f22c2aa0bd71a623d7be813,vocals,fake,fft,Gangland_vocals.wav,12,10
1d2cdea38523acde5f9de7b7d874118d,vocals,fake,fft,Gangland_vocals.wav,13,10
0019cbfa1e819b51f4155d8fd407ca97,vocals,fake,fft,Gangland_vocals.wav,14,10
d91db3855460533030a79bb704d21ef4,vocals,fake,fft,Gangland_vocals.wav,15,10
60d1ebdf34855605ea3f3710a98d894b,vocals,fake,fft,Ghori_vocals.wav,0,10
577cbc31518baaa99edddf4eaf37a476,vocals,fake,fft,Ghori_vocals.wav,1,10
887410d13032e591e7a7f71e274ac4cd,vocals,fake,fft,Ghori_vocals.wav,2,10
5313a2758b8c3e740832eb363f03430f,vocals,fake,fft,Ghori_vocals.wav,3,10
b2dbeb9f20820f5c9e8e97e0635fdd58,vocals,fake,fft,Ghori_vocals.wav,4,10
c049d8989d6a53b3bd6335769cefb494,vocals,fake,fft,Ghori_vocals.wav,5,10
a37cde51334ed6483de81940781c377f,vocals,fake,fft,Ghori_vocals.wav,6,10
d6320e171f811242969cbf24d9eb6fd0,vocals,fake,fft,Ghori_vocals.wav,7,10
65d36ab0c97074342c6f846061af9665,vocals,fake,fft,Ghori_vocals.wav,8,10
0b0496429199febdb459bfee6551e4ff,vocals,fake,fft,Ghori_vocals.wav,9,10
ee623a4c0bc3b81e3201d785ab42fbc1,vocals,fake,fft,Ghori_vocals.wav,10,10
6bed3e03e2a92202a0d179d2429b6cf8,vocals,fake,fft,Ghori_vocals.wav,11,10
909f0581c475c2b539dadd400f6f3aff,vocals,fake,fft,Ghori_vocals.wav,12,10
3e84edf1e836163486b8eb3ce0f6c77b,vocals,fake,fft,Ghori_vocals.wav,13,10
0f872554c0a7f01e751c4a53d56aae22,vocals,fake,fft,Ghori_vocals.wav,14,10
62fc0260504d183ef5025518dcf48c1f,vocals,fake,fft,Ghori_vocals.wav,15,10
033248f2a08e4e319052219dd9418149,vocals,fake,fft,Ghori_vocals.wav,16,10
534afb289e58c7b6f93defd59f5c3260,vocals,fake,fft,Ghori_vocals.wav,17,10
c61def602109ae71d4fddd91085c6105,vocals,fake,fft,Ghori_vocals.wav,18,10
5896a003f0cbfdb6836d0c48574e61a6,vocals,fake,fft,Ghori_vocals.wav,19,10
b7e89407a7738a20ac717bf8ba9d55c8,vocals,fake,fft,Ghori_vocals.wav,20,10
63435a62af8eae4e3ee849e1a12a5b06,vocals,fake,fft,Ghori_vocals.wav,21,10
2cafd45eac99c9bf20c57de2871fb1a6,vocals,fake,fft,Ghori_vocals.wav,22,10
1a0820437642e23c8c2c3270b2ace93a,vocals,fake,fft,Ghori_vocals.wav,23,10
5de9dfb00fbd1bb1ad9625ead496a398,vocals,fake,fft,Ghori_vocals.wav,24,10
fff39397d2781d183e2a6034bf79416f,vocals,fake,fft,Ghori_vocals.wav,25,10
baf545bb6a4cd99bd81e43cd2ed078f1,vocals,fake,fft,Gora Gora Rang_vocals.wav,0,10
494cfabca9bc270d80697af445da291a,vocals,fake,fft,Gora Gora Rang_vocals.wav,1,10
634506dd097ba3cc2c9d2d30a0a58757,vocals,fake,fft,Gora Gora Rang_vocals.wav,2,10
c17af8ab092f199a42637fc644109b3f,vocals,fake,fft,Gora Gora Rang_vocals.wav,3,10
1fd30bed1c56a2bb12ed81d629d61b9d,vocals,fake,fft,Gora Gora Rang_vocals.wav,4,10
4705a072890619a047b909589fc7e5a2,vocals,fake,fft,Gora Gora Rang_vocals.wav,5,10
d56fb640d5407cc5e4354183e21b1e84,vocals,fake,fft,Gora Gora Rang_vocals.wav,6,10
658d901514942ac077be7f8ea112c359,vocals,fake,fft,Gora Gora Rang_vocals.wav,7,10
30be69e997ca2683e63642ddac98e1e3,vocals,fake,fft,Gora Gora Rang_vocals.wav,8,10
1432b67f8ebd2ed180fdb40133ea92d7,vocals,fake,fft,Gora Gora Rang_vocals.wav,9,10
a0184f494dbb50b43d65ab0de18ce3b1,vocals,fake,fft,Gora Gora Rang_vocals.wav,10,10
7507c3bd7be9a40bd57e9c62a199f5df,vocals,fake,fft,Gora Gora Rang_vocals.wav,11,10
b0aae625ab3d19acfaf7ffa807bcc8c5,vocals,fake,fft,Gora Gora Rang_vocals.wav,12,10
841c0f5540c85f087e5acfc087e47b6a,vocals,fake,fft,Gora Gora Rang_vocals.wav,13,10
5fcb3e743d940ebff2bee87aba0bd71a,vocals,fake,fft,Gora Gora Rang_vocals.wav,14,10
1d13c65245db741e19fe91485c97e3f5,vocals,fake,fft,Gora Gora Rang_vocals.wav,15,10
5567680257a368fed509815ebe4039ab,vocals,fake,fft,Gora Gora Rang_vocals.wav,16,10
764f14542539604369b623b380b23041,vocals,fake,fft,Gora Gora Rang_vocals.wav,17,10
dec710661eaa078d887e7f7d52d623a9,vocals,fake,fft,Gora Gora Rang_vocals.wav,18,10
c7e37c6ffcc812bb435e6ca70e0c498f,vocals,fake,fft,Gora Gora Rang_vocals.wav,19,10
5e8205f7aedf4f6d08d5fdc1791fd0cc,vocals,fake,fft,Gora Rang_vocals.wav,0,10
7512cd00b0d7531a057baf432453f79d,vocals,fake,fft,Gora Rang_vocals.wav,1,10
b2ab367d9220eb1f300651493be91361,vocals,fake,fft,Gora Rang_vocals.wav,2,10
af4d95196b404544576d1478c3167dec,vocals,fake,fft,Gora Rang_vocals.wav,3,10
cccbac4eb6c7cf12c9fb8e743f2066cb,vocals,fake,fft,Gora Rang_vocals.wav,4,10
f7143e9da964cfd3544394f0d15d6641,vocals,fake,fft,Gora Rang_vocals.wav,5,10
7314998a1c7a68c92b3714a226e5c8d6,vocals,fake,fft,Gora Rang_vocals.wav,6,10
b26841efb83affbb9b4540961e1b9873,vocals,fake,fft,Gora Rang_vocals.wav,7,10
73b22212e16bebfaccb98d087deaf95d,vocals,fake,fft,Gora Rang_vocals.wav,8,10
ddeb7dc8fa919e3800523ffc9de79ac9,vocals,fake,fft,Gora Rang_vocals.wav,9,10
6620c3b9cce2e14debbe7b5a62ed55cc,vocals,fake,fft,Gora Rang_vocals.wav,10,10
3a7d37834584b9a94027dca8650078b4,vocals,fake,fft,Gora Rang_vocals.wav,11,10
449d7a47b4aaeee33dac4629d4058d55,vocals,fake,fft,Gora Rang_vocals.wav,12,10
a14976e71dca7447c842a0ad3965e10c,vocals,fake,fft,Gora Rang_vocals.wav,13,10
07fcd2136d216189709c6e009379ea24,vocals,fake,fft,Gora Rang_vocals.wav,14,10
aba2c768c8f179eb120828ccd6cd5f68,vocals,fake,fft,Gora Rang_vocals.wav,15,10
871e87f4d1bd628389077b1a30a38f07,vocals,fake,fft,Gora Rang_vocals.wav,16,10
ccf8eb4aff58d5b6cb485b29fcb6887d,vocals,fake,fft,Gora Rang_vocals.wav,17,10
2cf66420c1d40f50337238239dc9b3b4,vocals,fake,fft,Gunday Ik Vaar Fer_vocals.wav,0,10
425300ef825f1b2337be7c6ce634ef63,vocals,fake,fft,Gunday Ik Vaar Fer_vocals.wav,1,10
69c7e2727b672d9a7094e4fb035fc26c,vocals,fake,fft,Gunday Ik Vaar Fer_vocals.wav,2,10
c03633dfa70d8c8687e1c1dd0c150f75,vocals,fake,fft,Gunday Ik Vaar Fer_vocals.wav,3,10
190d7f601888e5691b0a50da2b6fecb2,vocals,fake,fft,Gunday Ik Vaar Fer_vocals.wav,4,10
47af4736bbe8395cc7f376207305139d,vocals,fake,fft,Gunday Ik Vaar Fer_vocals.wav,5,10
648ee4deda9e0e798028fad45752f5c3,vocals,fake,fft,Gunday Ik Vaar Fer_vocals.wav,6,10
fd651d82adf71475ad0fa5842d0ff725,vocals,fake,fft,Gunday Ik Vaar Fer_vocals.wav,7,10
1cb490d5a3c17554166301471815735c,vocals,fake,fft,Gunday Ik Vaar Fer_vocals.wav,8,10
842c1e7e41a9d82296e3240253843ffe,vocals,fake,fft,Gunday Ik Vaar Fer_vocals.wav,9,10
704752cd7216e4734144990905e74c69,vocals,fake,fft,Gunday Ik Vaar Fer_vocals.wav,10,10
1543d17806d72df2e1dadd77e0f414ac,vocals,fake,fft,Gunday Ik Vaar Fer_vocals.wav,11,10
47b26c8c08a277fa5033ae3d4b98f066,vocals,fake,fft,Gunday Ik Vaar Fer_vocals.wav,12,10
2ac3d3c14c538076cf6f62d869378569,vocals,fake,fft,Gunday Ik Vaar Fer_vocals.wav,13,10
2b44422dc84bca033ddb88f007b3b3bd,vocals,fake,fft,Gunday Ik Vaar Fer_vocals.wav,14,10
7ce8015dfd01304e5252f7ecd021cde6,vocals,fake,fft,Gunday Ik Vaar Fer_vocals.wav,15,10
2f42c4ee35310fd949ca5b1835da0e43,vocals,fake,fft,Gunday Ik Vaar Fer_vocals.wav,16,10
ec05c5bf46d579dd2b73b447bed76ff2,vocals,fake,fft,Gunday Ik Vaar Fer_vocals.wav,17,10
5ce5f186612066db1a673953d7874fc9,vocals,fake,fft,Gunday Ik Vaar Fer_vocals.wav,18,10
e2a8102fa95ca74fbdb3e012e063fa7c,vocals,fake,fft,Gunday Ik Vaar Fer_vocals.wav,19,10
43a389e33dc2389968269f59dca15937,vocals,fake,fft,Gunday Ik Vaar Fer_vocals.wav,20,10
9487edc71702fa875ca7d62ed0ef82ca,vocals,fake,fft,Gunday Ik Vaar Fer_vocals.wav,21,10
0b0c3742a6246e3e7202720942f9a7db,vocals,fake,fft,Haath Chumme_vocals.wav,0,10
4596e36b4c63fbb829fd0d8712934fe2,vocals,fake,fft,Haath Chumme_vocals.wav,1,10
b5546a14f3955947c101d841a9d3cafc,vocals,fake,fft,Haath Chumme_vocals.wav,2,10
5b2c64697f05063a9b521d4d094ca33b,vocals,fake,fft,Haath Chumme_vocals.wav,3,10
c3939fae2211a6f84bd808432ff2c042,vocals,fake,fft,Haath Chumme_vocals.wav,4,10
bd3a4b7f0c382bf9ab13a9f5dfb701bf,vocals,fake,fft,Haath Chumme_vocals.wav,5,10
c833eb97e4d67aed53df5c9a83476b3b,vocals,fake,fft,Haath Chumme_vocals.wav,6,10
6b2ed331375675cb964b989c23687b91,vocals,fake,fft,Haath Chumme_vocals.wav,7,10
c6cae142c9900cb296e5f28c8d3a6760,vocals,fake,fft,Haath Chumme_vocals.wav,8,10
de95c02bf917e1d564fd972e1141a550,vocals,fake,fft,Haath Chumme_vocals.wav,9,10
1474e7c24e82cb8ada2f66aa72813a89,vocals,fake,fft,Haath Chumme_vocals.wav,10,10
69ddf7fe7860a193d54d0d9bb84a6b6c,vocals,fake,fft,Haath Chumme_vocals.wav,11,10
d7f62022a8a5ce9dc65795d2d7065728,vocals,fake,fft,Haath Chumme_vocals.wav,12,10
6b8412ceee2f67850c9fc80cdf25269a,vocals,fake,fft,Haath Chumme_vocals.wav,13,10
a1f84d49fceec5e24bb68b042bb39dde,vocals,fake,fft,Haath Chumme_vocals.wav,14,10
40e19f0eb06659b3c4422c326102b60d,vocals,fake,fft,Haath Chumme_vocals.wav,15,10
42a6a358c69e7b2cec2b331c60d05b87,vocals,fake,fft,Haath Chumme_vocals.wav,16,10
9f97d368e81265bf1a232c23ab26bcf0,vocals,fake,fft,Haath Chumme_vocals.wav,17,10
f547f99ca51ee34fdfbf94abc389cb4e,vocals,fake,fft,Haath Chumme_vocals.wav,18,10
f813d449ede20e7b0c9abeb71b3290dc,vocals,fake,fft,Haath Chumme_vocals.wav,19,10
a6c2f75c7149acc91cbccde39b858484,vocals,fake,fft,Haath Chumme_vocals.wav,20,10
ebdeca9e484031c3d3065a1c0f8183e4,vocals,fake,fft,Haath Chumme_vocals.wav,21,10
19ba890eb4550d429dba11deefd7d067,vocals,fake,fft,Haath Chumme_vocals.wav,22,10
33a36ace52e1cfa59935beb791f1af07,vocals,fake,fft,Haath Chumme_vocals.wav,23,10
8fcfc79ceb75d146ddedd615cab90ba4,vocals,fake,fft,Haath Chumme_vocals.wav,24,10
e00a272692ca2ff7f823ce1ef17b7b12,vocals,fake,fft,Haath Chumme_vocals.wav,25,10
284609fd9aaf4ad3372806fae3c9262d,vocals,fake,fft,Heer_vocals.wav,0,10
6e819e2b6fd742db5eeb8b2500cb1b94,vocals,fake,fft,Heer_vocals.wav,1,10
18c2541a32798d7a0c62c8fd5609cfb9,vocals,fake,fft,Heer_vocals.wav,2,10
27b04ed9c43c54f756351359387ab9a8,vocals,fake,fft,Heer_vocals.wav,3,10
8e5097bcbfce96d3ffbb73e2895cafba,vocals,fake,fft,Heer_vocals.wav,4,10
fdd35785c02c4d50184a422e0b699431,vocals,fake,fft,Heer_vocals.wav,5,10
665e6fe28c1302535c7ddb26afd956d8,vocals,fake,fft,Heer_vocals.wav,6,10
3a9877168ab6ce7ee0a57f3224ab5ed0,vocals,fake,fft,Heer_vocals.wav,7,10
46bd2e66479a4ec4165305f38d901c12,vocals,fake,fft,Heer_vocals.wav,8,10
6bfee29f8990c66360ee5bec3f2d15a9,vocals,fake,fft,Heer_vocals.wav,9,10
bf8477d9e262df739605097f5d7501e2,vocals,fake,fft,Heer_vocals.wav,10,10
90dc9f92ae50bd7b2b49a3e46627a152,vocals,fake,fft,Heer_vocals.wav,11,10
4113d85ce042621397bd5dc03104554b,vocals,fake,fft,Heer_vocals.wav,12,10
0ee179277ad84022336d61fe421058e9,vocals,fake,fft,Heer_vocals.wav,13,10
8015ba2626e791939d736c156da70663,vocals,fake,fft,Heer_vocals.wav,14,10
ab4ced1dd4588006478a0abd92b1cea6,vocals,fake,fft,Heer_vocals.wav,15,10
290247385f7336b3235f30ed9fe70447,vocals,fake,fft,Heer_vocals.wav,16,10
37ea7f48014e8dac67687c81447b6ff0,vocals,fake,fft,Heer_vocals.wav,17,10
fdad2aa6385d5925ddcbe9e7e12dd49a,vocals,fake,fft,Heer_vocals.wav,18,10
e3f7416a3a91bf05c99acceb8ea90921,vocals,fake,fft,Heer_vocals.wav,19,10
6d2d04170552764baacaa9c2c2a5519d,vocals,fake,fft,Heer_vocals.wav,20,10
64be85087f19586fe2a8cecc85a603fd,vocals,fake,fft,Heer_vocals.wav,21,10
034be6fb0f9edf6cf29d3b0b45be539e,vocals,fake,fft,Heer_vocals.wav,22,10
efae663114af4eec804762c402d2cdc8,vocals,fake,fft,Heer_vocals.wav,23,10
5dbe4b2b7b137c3e577612601df02886,vocals,fake,fft,Heer_vocals.wav,24,10
015ff93e46f60e8f29282a5d0b1e4fe2,vocals,fake,fft,Heer_vocals.wav,25,10
79c8a233c106419c75b8c1b2f8af0132,vocals,fake,fft,Heer_vocals.wav,26,10
cb7580b0b2884965e42a2f9fd3b35948,vocals,fake,fft,Heer_vocals.wav,27,10
01158e3539b0c422cb98b3d7920958f6,vocals,fake,fft,Heer_vocals.wav,28,10
27ee658681b4179e8ae0c100f8dda6ae,vocals,fake,fft,Heer_vocals.wav,29,10
c7935f67bb68672c4f70a66d7d7f1110,vocals,fake,fft,Heer_vocals.wav,30,10
c2edcddee06cbbd9a27788f5ad8dc9a3,vocals,fake,fft,Heer_vocals.wav,31,10
aeace55c80fbedab6092a35f40c1d7ef,vocals,fake,fft,Heer_vocals.wav,32,10
0537c8c41b2d33ccaefa16170682610a,vocals,fake,fft,Heer_vocals.wav,33,10
92a97a4c3db2771ace3e5b34a1aa370a,vocals,fake,fft,Heer_vocals.wav,34,10
74bded1413aaa9b49c72fc2d26b546bc,vocals,fake,fft,Heer_vocals.wav,35,10
44b70c1290941d59d25f543472b9ccc5,vocals,fake,fft,Heer_vocals.wav,36,10
400d0a3cb570963da961094be5285e42,vocals,fake,fft,High Heels_vocals.wav,0,10
7f53ace0350bd4d8d9789bba7bcc694e,vocals,fake,fft,High Heels_vocals.wav,1,10
f41f61bb27a367bb7a2d6936cc28c07a,vocals,fake,fft,High Heels_vocals.wav,2,10
8ea75aaa93e7675346e69fa32e8fc4ac,vocals,fake,fft,High Heels_vocals.wav,3,10
cfd0bda6d660e93ffb9bc62571a35d63,vocals,fake,fft,High Heels_vocals.wav,4,10
b81f046c97558dccedc79d920ef2639f,vocals,fake,fft,High Heels_vocals.wav,5,10
170ae8b5fe66c6daebc5c77c01eb3f07,vocals,fake,fft,High Heels_vocals.wav,6,10
600aebba19d84f1c3719016d40da0907,vocals,fake,fft,High Heels_vocals.wav,7,10
46101b73dcfb7cd1124810f14908305b,vocals,fake,fft,High Heels_vocals.wav,8,10
1806eabe8bc54acefb31a9bd6c53a79b,vocals,fake,fft,High Heels_vocals.wav,9,10
e35dfd14c96938b4d920683d4f8d9097,vocals,fake,fft,High Heels_vocals.wav,10,10
d02691c6fc70783f7cb3e6d85665419c,vocals,fake,fft,High Heels_vocals.wav,11,10
fa0e576dd2c869a5547fb8ab1f06dfb1,vocals,fake,fft,High Heels_vocals.wav,12,10
89015e1436b1f15170d7b35152c0afda,vocals,fake,fft,High Heels_vocals.wav,13,10
49b9232acf8151a410cbef25ece99202,vocals,fake,fft,High Heels_vocals.wav,14,10
3b42ed91493135c532970f615068b02a,vocals,fake,fft,High Heels_vocals.wav,15,10
95ec490b048b4f276063fc44ee53b097,vocals,fake,fft,High Heels_vocals.wav,16,10
51423966eb393b0419d62eabea25fc04,vocals,fake,fft,High Heels_vocals.wav,17,10
2b132b52fdbdca5846e3a247e03971c7,vocals,fake,fft,High Heels_vocals.wav,18,10
ff5ab5f5b90c5afe0bae1f629610d3e3,vocals,fake,fft,High Heels_vocals.wav,19,10
c1e007e512fa0a717727cc83883615fb,vocals,fake,fft,High Heels_vocals.wav,20,10
336af0528ac4d7074d3f0fe8a9189d7f,vocals,fake,fft,Hornn Blow_vocals.wav,0,10
6bc170cdb3d3fafbc0ef253aec979036,vocals,fake,fft,Hornn Blow_vocals.wav,1,10
157e8c448a5b98aafe2e56c614099b54,vocals,fake,fft,Hornn Blow_vocals.wav,2,10
c6d3fa385d8990990a58f9ecd3c93034,vocals,fake,fft,Hornn Blow_vocals.wav,3,10
a2935a39fafa7c6dd697399a2811a80c,vocals,fake,fft,Hornn Blow_vocals.wav,4,10
52f8d180004e6faee7ca94efcca9a963,vocals,fake,fft,Hornn Blow_vocals.wav,5,10
fede07a35672aa876b37324c2b6cc583,vocals,fake,fft,Hornn Blow_vocals.wav,6,10
7b1aff32543c5b393d47ac90d581de3a,vocals,fake,fft,Hornn Blow_vocals.wav,7,10
df43ba1ce429b8e95350af173f983a08,vocals,fake,fft,Hornn Blow_vocals.wav,8,10
ac6704f021e9f3b1405096c54458fd29,vocals,fake,fft,Hornn Blow_vocals.wav,9,10
aea6b797651350fb57012958df3aa3c0,vocals,fake,fft,Hornn Blow_vocals.wav,10,10
81c4bf367ec95eb7147ffd7b3c3e0b2b,vocals,fake,fft,Hornn Blow_vocals.wav,11,10
5950f2c19811cc236cf1fc719e407e6d,vocals,fake,fft,Hornn Blow_vocals.wav,12,10
20ea36aaddec2a2c29887e5a6e21d110,vocals,fake,fft,Hornn Blow_vocals.wav,13,10
97622ac9dd4fd6f6343ba17ae5c96447,vocals,fake,fft,Hornn Blow_vocals.wav,14,10
b34a7bdc3bb6b7fec11db4a78e340be1,vocals,fake,fft,Hornn Blow_vocals.wav,15,10
a9b4c6d90d90e55832709dd296666016,vocals,fake,fft,Ik Meri Akh Kashni_vocals.wav,0,10
0c358b2517070d9eabf9a7de5aa88c01,vocals,fake,fft,Ik Meri Akh Kashni_vocals.wav,1,10
bc4de30cb32dde647e2a836be7298a74,vocals,fake,fft,Ik Meri Akh Kashni_vocals.wav,2,10
806764080b66f1d6983545ce259c10f0,vocals,fake,fft,Ik Meri Akh Kashni_vocals.wav,3,10
be47e70e9e0efb1d195621c598a10517,vocals,fake,fft,Ik Meri Akh Kashni_vocals.wav,4,10
697dab3c9df96ecab65169d278ab912b,vocals,fake,fft,Ik Meri Akh Kashni_vocals.wav,5,10
66c2add8cb8d88f8bae11b45f968e953,vocals,fake,fft,Ik Meri Akh Kashni_vocals.wav,6,10
a4d962e49fa5a9d857538d48cdcffce1,vocals,fake,fft,Ik Meri Akh Kashni_vocals.wav,7,10
ec6cb3b24571062f675a1b4ecca0ba92,vocals,fake,fft,Ik Meri Akh Kashni_vocals.wav,8,10
1a808df36dc6dd6b018b47ecfd87e163,vocals,fake,fft,Ik Meri Akh Kashni_vocals.wav,9,10
cd279ddc856bf9edb4005d055fb06c10,vocals,fake,fft,Ik Meri Akh Kashni_vocals.wav,10,10
02a2582cd06c78b41fc1bef3749653ef,vocals,fake,fft,Ik Meri Akh Kashni_vocals.wav,11,10
6bf00dfdbffabec96cbcff8dddffb5f9,vocals,fake,fft,Ik Meri Akh Kashni_vocals.wav,12,10
0a16d6830233571063c72112e8484029,vocals,fake,fft,Issa Jatt_vocals.wav,0,10
7ba43d76d05c78890906ac1d59b5e0cc,vocals,fake,fft,Issa Jatt_vocals.wav,1,10
49746cf44578c6f865a312f4b6b97662,vocals,fake,fft,Issa Jatt_vocals.wav,2,10
de5df41aff01f755f9761dc925a37f91,vocals,fake,fft,Issa Jatt_vocals.wav,3,10
bf0762ef0d55d0e91843d2329e90f772,vocals,fake,fft,Issa Jatt_vocals.wav,4,10
0375b27b5e4977bf0c6c55a2042035d7,vocals,fake,fft,Issa Jatt_vocals.wav,5,10
a0d9b3710f22e117949382bcad2cac70,vocals,fake,fft,Issa Jatt_vocals.wav,6,10
735f5e03efaba3ac2809c330658d3307,vocals,fake,fft,Issa Jatt_vocals.wav,7,10
358f9910666bec22f8d004a38ff43f8d,vocals,fake,fft,Issa Jatt_vocals.wav,8,10
10c83717b4742e14db92c2c976703d90,vocals,fake,fft,Issa Jatt_vocals.wav,9,10
9cf2e687c09d44ef9f4a2f118b7c9572,vocals,fake,fft,Issa Jatt_vocals.wav,10,10
866f02cd72c73ebd96f269ee6be9fd90,vocals,fake,fft,Issa Jatt_vocals.wav,11,10
478d898c78b621010f4fe1fc0a2057f2,vocals,fake,fft,Issa Jatt_vocals.wav,12,10
8bb42fe0f9c2c4cefee3bc79611e864d,vocals,fake,fft,Issa Jatt_vocals.wav,13,10
ac276d3ebfe70152a023aa22b0863aaa,vocals,fake,fft,Issa Jatt_vocals.wav,14,10
7d1cf801f694f2294269d7c95a6739cf,vocals,fake,fft,Issa Jatt_vocals.wav,15,10
450b8e411ba6b737d85b4bc20603c5fd,vocals,fake,fft,Issa Jatt_vocals.wav,16,10
050cee91ee4702c6458ca232e64504c3,vocals,fake,fft,Issa Jatt_vocals.wav,17,10
59d9552fa436c47c675bd1c7c2c7b011,vocals,fake,fft,Issa Jatt_vocals.wav,18,10
e4d0d09ccd3b36e1ad24404df2dc405b,vocals,fake,fft,Issa Jatt_vocals.wav,19,10
661b9d790f42815450c97ab7f8925486,vocals,fake,fft,Issa Jatt_vocals.wav,20,10
6d0ab6409998975d778fd9259fc590da,vocals,fake,fft,Jaguar_vocals.wav,0,10
9faced6046a3ab336dfde80b632c2750,vocals,fake,fft,Jaguar_vocals.wav,1,10
380f6231a65f0f9ca08c49c4dd830c62,vocals,fake,fft,Jaguar_vocals.wav,2,10
61d42c832865de26246ad61a95ff43f2,vocals,fake,fft,Jaguar_vocals.wav,3,10
9bab5f36b3e92a5468825be591e34cb8,vocals,fake,fft,Jaguar_vocals.wav,4,10
346138b8b8160fdd0d1ff279588d30ec,vocals,fake,fft,Jaguar_vocals.wav,5,10
290007985f55efe08c33a68549f14977,vocals,fake,fft,Jaguar_vocals.wav,6,10
1b102e44c1c40871b59ef1478ef46e28,vocals,fake,fft,Jaguar_vocals.wav,7,10
98544749f4414d8b3f200c8fd7a03c67,vocals,fake,fft,Jaguar_vocals.wav,8,10
cbd9437580b726f97ab1a3eab73dbc7e,vocals,fake,fft,Jaguar_vocals.wav,9,10
fa72bcdfec4258dc149fc174a9a84fe1,vocals,fake,fft,Jaguar_vocals.wav,10,10
690bf4baf8626537210e7ddf329ca5d0,vocals,fake,fft,Jaguar_vocals.wav,11,10
9ec85c2621851411d517e96950cf6350,vocals,fake,fft,Jaguar_vocals.wav,12,10
fff4d15f18a3595202fde4ee96b880cd,vocals,fake,fft,Jaguar_vocals.wav,13,10
96cb942cef52563a6040bd7ba711d999,vocals,fake,fft,Jaguar_vocals.wav,14,10
b82a7f8748dcede381267209a23506ff,vocals,fake,fft,Jaguar_vocals.wav,15,10
5fea82fdccdfad880f527421fd6632e4,vocals,fake,fft,Jindua_vocals.wav,0,10
001d082eb05d70b4ad8a33fff412539e,vocals,fake,fft,Jindua_vocals.wav,1,10
a87d7c6cba66b8f0e8789966b6c51e95,vocals,fake,fft,Jindua_vocals.wav,2,10
0ad447814e1f800cd0227195b2106a4c,vocals,fake,fft,Jindua_vocals.wav,3,10
94fc6d29876cee6d539514d91b365dc4,vocals,fake,fft,Jindua_vocals.wav,4,10
6830c8648cdc8fa1ed3f080ce9f6678b,vocals,fake,fft,Jindua_vocals.wav,5,10
1f3609bdfacc7b895d8a285c31e84bc1,vocals,fake,fft,Jindua_vocals.wav,6,10
e157b0505d054d9be9c15c4a13403776,vocals,fake,fft,Jindua_vocals.wav,7,10
88c12d11fe559cf0389823ebe092ceb1,vocals,fake,fft,Jindua_vocals.wav,8,10
0c6e5a4bb908696521f3325fd43c5054,vocals,fake,fft,Jindua_vocals.wav,9,10
03a5d079344c1badc2383a1f4cd8cbb6,vocals,fake,fft,Jindua_vocals.wav,10,10
7061cc3eb556ce3171aea89bc64e7067,vocals,fake,fft,Jindua_vocals.wav,11,10
0179811682e41d877274d785dc47a75d,vocals,fake,fft,Jindua_vocals.wav,12,10
9a45a31defb46cf6235d04eaf35b3e23,vocals,fake,fft,Jindua_vocals.wav,13,10
f45df3205aef80865f6578e88ed55a32,vocals,fake,fft,Jindua_vocals.wav,14,10
aa10b631ad9e6f7a633a2b4c46de2397,vocals,fake,fft,Jindua_vocals.wav,15,10
01857ce3c9bace0bb892b46bd8ace717,vocals,fake,fft,Jindua_vocals.wav,16,10
6f9d2f332657a93589e5c6a53f38afa8,vocals,fake,fft,Jindua_vocals.wav,17,10
16aa0b2f64dd7ca25d01064f76b1976a,vocals,fake,fft,Jindua_vocals.wav,18,10
e4586b8c0a6a791b3c1c103b157d93c4,vocals,fake,fft,Jindua_vocals.wav,19,10
3c8f853aa74305cea8ca99944f1e7fe2,vocals,fake,fft,Jindua_vocals.wav,20,10
a2ba22b0ba4864dc69c1ff33673cb77a,vocals,fake,fft,Jindua_vocals.wav,21,10
d426299a2649965ed2531811ac757e41,vocals,fake,fft,Jindua_vocals.wav,22,10
a15d9dbb58bb3d49efbd23076d9ed2cc,vocals,fake,fft,Jindua_vocals.wav,23,10
716c92fa86d436a76b47aea85926fb3f,vocals,fake,fft,Jindua_vocals.wav,24,10
ee3e37b0eede615dc0196d9f2f95f21a,vocals,fake,fft,Jindua_vocals.wav,25,10
f88ec5e1802a8d214cfe3441d0243576,vocals,fake,fft,Jindua_vocals.wav,26,10
347e134675fb504f00a49eae71ffd2d7,vocals,fake,fft,Jindua_vocals.wav,27,10
b7aa8976ce4c7daa56ee4ffb6aeb93fa,vocals,fake,fft,Jindua_vocals.wav,28,10
17a45d64c8fab0973299bf9907d16b6c,vocals,fake,fft,Jindua_vocals.wav,29,10
defa10c21a3531eeefc0d33690baaa3b,vocals,fake,fft,Jindua_vocals.wav,30,10
f5421cd240655b5f8dd4e94bc73fcec1,vocals,fake,fft,Jindua_vocals.wav,31,10
bf851ac33b061cc760a097bf365c6717,vocals,fake,fft,Jindua_vocals.wav,32,10
2fd178dc19acf9f6f7c748e3c022d1ec,vocals,fake,fft,Jindua_vocals.wav,33,10
a0757d9a034162bf2996e9a8e3a9ffee,vocals,fake,fft,Jindua_vocals.wav,34,10
15d7377a64ac98bab8fc6ecdb71697d0,vocals,fake,fft,Jindua_vocals.wav,35,10
c368559d24d2a607b1e08ace01ac4c7a,vocals,fake,fft,Jindua_vocals.wav,36,10
d3f3d1cfd919c7ec531aad6e9db7969c,vocals,fake,fft,Jindua_vocals.wav,37,10
f7a435a2139e3891c70b2c86ca5f7b23,vocals,fake,fft,Jindua_vocals.wav,38,10
faf361bea1653a0b3616e332118dd9fa,vocals,fake,fft,Jindua_vocals.wav,39,10
4906dce6ad563da77bdfad05e1c376f4,vocals,fake,fft,Jindua_vocals.wav,40,10
fc1ccabf730307d20dbcd6cc4e2d5f68,vocals,fake,fft,Jindua_vocals.wav,41,10
426ac2305dead62c61e7380df26c7c59,vocals,fake,fft,Jindua_vocals.wav,42,10
901b993cbc4e5b82452033dc29ca3b5e,vocals,fake,fft,Jindua_vocals.wav,43,10
73162fa95fad1ffd7844a612b732db27,vocals,fake,fft,Jindua_vocals.wav,44,10
9f8e1851f204075cf24f64921186b5c4,vocals,fake,fft,Jindua_vocals.wav,45,10
adc80e8ce3624581ec1c97722216c89f,vocals,fake,fft,Jindua_vocals.wav,46,10
f29218fb03c2be796b56479520f9d28c,vocals,fake,fft,Jindua_vocals.wav,47,10
ce0cdc60e049baae091d0eed86d2f24c,vocals,fake,fft,Jindua_vocals.wav,48,10
5aebd0dae23b5dbaacb8fb3588dc9257,vocals,fake,fft,Jindua_vocals.wav,49,10
20616499785a79aeaf85ef867f7065bb,vocals,fake,fft,Jindua_vocals.wav,50,10
e9035326ba3f22d28a43e25404e7dcfc,vocals,fake,fft,Jindua_vocals.wav,51,10
202a3b860b1e08e06e5e1a55803f095c,vocals,fake,fft,Jindua_vocals.wav,52,10
de2953844db602322c46c30e0c7722de,vocals,fake,fft,Jindua_vocals.wav,53,10
6028e232cda3263f1223e6bfea2e66aa,vocals,fake,fft,Jindua_vocals.wav,54,10
9a8a0af038e5027f625271ff9bcd3761,vocals,fake,fft,Jindua_vocals.wav,55,10
f96829b34eb47932ca51bc1312329be8,vocals,fake,fft,Jindua_vocals.wav,56,10
fdab3897b26615180f5fc59045b56a1b,vocals,fake,fft,Jindua_vocals.wav,57,10
dc83090f6facb6cc179a653295866c9b,vocals,fake,fft,Jindua_vocals.wav,58,10
df6efdea12fcf32249ac2ed9cbd4fac4,vocals,fake,fft,Jindua_vocals.wav,59,10
e5a2d465bcba6d72ddc331d166fc8d37,vocals,fake,fft,Jindua_vocals.wav,60,10
58a9e60a819cdab37f0a797972e8840a,vocals,fake,fft,Jindua_vocals.wav,61,10
98b2435170e30d76f93550a1070d7eaa,vocals,fake,fft,Jindua_vocals.wav,62,10
c1ec2deb96809d376df435d6f8e954a5,vocals,fake,fft,Jindua_vocals.wav,63,10
d3d9ed0ca5d05a61126bc9ebd941083a,vocals,fake,fft,Jindua_vocals.wav,64,10
0b1a73cd48bdaee9d116bd5834e9fd03,vocals,fake,fft,Jindua_vocals.wav,65,10
fb21c84c9f2f5fede58ef6d6b258c484,vocals,fake,fft,Jindua_vocals.wav,66,10
9607fb90b82504fdee2cdd6bc9327fe4,vocals,fake,fft,Jindua_vocals.wav,67,10
f20a4d5bda46ba873f05fc6729070158,vocals,fake,fft,Jindua_vocals.wav,68,10
56ad0ce90f2305732e9b3428fb077734,vocals,fake,fft,Jindua_vocals.wav,69,10
a508b4bc698504a1a8b2d736bb0ff35c,vocals,fake,fft,Jindua_vocals.wav,70,10
f0dfd4aaeb00e123b75cb324277e0c0e,vocals,fake,fft,Jindua_vocals.wav,71,10
a52a2e27a4b024614182d7f10a0cc01b,vocals,fake,fft,Jindua_vocals.wav,72,10
920408bb137af85224f16a885b8a0861,vocals,fake,fft,Jindua_vocals.wav,73,10
1a5b32d523bfead0659ef717c046fb20,vocals,fake,fft,Jindua_vocals.wav,74,10
625a2d87816aaef30c4f6df126ff66ad,vocals,fake,fft,Jindua_vocals.wav,75,10
19d26fb08ff816c71ad9bdbc496f307d,vocals,fake,fft,Jindua_vocals.wav,76,10
17ee9e912f2749f0967a2514540998e8,vocals,fake,fft,Jindua_vocals.wav,77,10
4f45056f51672819a2bc92a0008d9f55,vocals,fake,fft,Jindua_vocals.wav,78,10
f62433185f458f5fee302a3dd685322b,vocals,fake,fft,Jindua_vocals.wav,79,10
f54e38b4bfbb5fde6ca1bb89904f1df0,vocals,fake,fft,Jutti Kasuri_vocals.wav,0,10
05edf832d93cafe7d99ddf1929c2fe08,vocals,fake,fft,Jutti Kasuri_vocals.wav,1,10
6ad2fa4e9a175da25b3b5d60b19e8180,vocals,fake,fft,Jutti Kasuri_vocals.wav,2,10
c4cec9f9055dd855ed99d92ef5c6700a,vocals,fake,fft,Jutti Kasuri_vocals.wav,3,10
73bbb2ced08a150e3634362c5c473645,vocals,fake,fft,Jutti Kasuri_vocals.wav,4,10
099d5584f4dff9fa234ac6161f484b68,vocals,fake,fft,Jutti Kasuri_vocals.wav,5,10
06b4cc005995c73bbfdbbd5f0de022d1,vocals,fake,fft,Jutti Kasuri_vocals.wav,6,10
6519d52ed4947392e7873ccb3ea1ae05,vocals,fake,fft,Jutti Kasuri_vocals.wav,7,10
9f93890ef215e3b8d4d65eb8a17dcd4b,vocals,fake,fft,Jutti Kasuri_vocals.wav,8,10
fb768d9a272fa9a638fd8c927a1b8b83,vocals,fake,fft,Jutti Kasuri_vocals.wav,9,10
9ca3b0111bf75e49037c05256d172221,vocals,fake,fft,Jutti Kasuri_vocals.wav,10,10
aed0012c651333a720cf63833bc997b9,vocals,fake,fft,Jutti Kasuri_vocals.wav,11,10
88ce6c562195d842e4d7dd32f8b497f6,vocals,fake,fft,Jutti Kasuri_vocals.wav,12,10
2167c29d8ec502655a7a736f208a8919,vocals,fake,fft,Jutti Kasuri_vocals.wav,13,10
3827a5b423c5cba63d5cb86341795209,vocals,fake,fft,Jutti Kasuri_vocals.wav,14,10
90cacd769f196dc35f4a1038c74f2970,vocals,fake,fft,Jutti Kasuri_vocals.wav,15,10
37ad609121d9625a72ef013ced900d48,vocals,fake,fft,Jutti Kasuri_vocals.wav,16,10
4ef2cc74292f5d3a11c6f4e53bdcea5c,vocals,fake,fft,Jutti Kasuri_vocals.wav,17,10
4c62eefb1cec560eba3ffd08936ff327,vocals,fake,fft,Kala Doriya_vocals.wav,0,10
aaf7a3bdbfdf09ebacaf07d98f853248,vocals,fake,fft,Kala Doriya_vocals.wav,1,10
74f3270c3f8385aa6cd7d84eca47c68e,vocals,fake,fft,Kala Doriya_vocals.wav,2,10
122332a16f9a65aa2563bb623796726d,vocals,fake,fft,Kala Doriya_vocals.wav,3,10
7048143b63f9d6de4076984a52727987,vocals,fake,fft,Kala Doriya_vocals.wav,4,10
054c3143555622cd8ce004849c8d6295,vocals,fake,fft,Kala Doriya_vocals.wav,5,10
3214ef42c09a4dd71ddde3a60d13e41a,vocals,fake,fft,Kala Doriya_vocals.wav,6,10
4760e740e55bd9d0848a71a27be91cbf,vocals,fake,fft,Kala Doriya_vocals.wav,7,10
74162cf12dfe5babb23445bf2ec08ef8,vocals,fake,fft,Kala Doriya_vocals.wav,8,10
12c5ea8664c4b9d4dea309d0654ff6b1,vocals,fake,fft,Kala Doriya_vocals.wav,9,10
a2e63f1834ad9b6f9a2fc307fb0a5ea6,vocals,fake,fft,Kala Doriya_vocals.wav,10,10
c3b37c6f2612dd872ba24c8814586e1b,vocals,fake,fft,Kala Doriya_vocals.wav,11,10
9855c26806f97e901dd2b77a2689225c,vocals,fake,fft,Kala Doriya_vocals.wav,12,10
a6e7e113285f1b85f3bb2adc5f3ee6cd,vocals,fake,fft,Kala Doriya_vocals.wav,13,10
7dca48d8fdfd107f0fad66f37eaf2ef6,vocals,fake,fft,Kala Doriya_vocals.wav,14,10
16c11295376d63e1150f178f22256fee,vocals,fake,fft,Kala Doriya_vocals.wav,15,10
cefb65a08db73df0dae1d67186a4e25c,vocals,fake,fft,Kala Doriya_vocals.wav,16,10
c109ea22ff08c4c4b644d1c1db595e82,vocals,fake,fft,Kala Doriya_vocals.wav,17,10
0e6766309f53693b2b7fbebf1275ae38,vocals,fake,fft,Kala Shah Kala_vocals.wav,0,10
a08402c68dd96f7c3b58bbc750316176,vocals,fake,fft,Kala Shah Kala_vocals.wav,1,10
63d5d4355181b1ac3991593503307905,vocals,fake,fft,Kala Shah Kala_vocals.wav,2,10
7ef2ce7a570c06f327344fa65ee5f648,vocals,fake,fft,Kala Shah Kala_vocals.wav,3,10
71eb59887fc989d3d40e1d9afa2e29bd,vocals,fake,fft,Kala Shah Kala_vocals.wav,4,10
bdef68c8c3a046007e50b970d541ae7a,vocals,fake,fft,Kala Shah Kala_vocals.wav,5,10
30121fc1cda5647b61e393238416df0a,vocals,fake,fft,Kala Shah Kala_vocals.wav,6,10
4bdf5a2ea5d7bc668524ed634da474de,vocals,fake,fft,Kala Shah Kala_vocals.wav,7,10
e4cc669fe977e47fa688cc2dea8a4836,vocals,fake,fft,Kala Shah Kala_vocals.wav,8,10
0f778cff1a438de0677b8f9e07536309,vocals,fake,fft,Kala Shah Kala_vocals.wav,9,10
fa98fc77dcd9a6fc8de39cf2a5f91ab5,vocals,fake,fft,Kala Shah Kala_vocals.wav,10,10
85d13eeb338a9d71db8873bf951ac8a7,vocals,fake,fft,Kala Shah Kala_vocals.wav,11,10
7fa2087117e6dbf968dbb4a2e36960f0,vocals,fake,fft,Kala Shah Kala_vocals.wav,12,10
c94b9e59970d29c88f28edebd2575d6b,vocals,fake,fft,Kala Shah Kala_vocals.wav,13,10
f0d1f0bb22d8f2a32f75d2b7723c4b8d,vocals,fake,fft,Kala Shah Kala_vocals.wav,14,10
c1c0dd850211251a938e8187c8f60ebb,vocals,fake,fft,Kala Shah Kala_vocals.wav,15,10
e9fbbe1d17276bb879b33102d223608a,vocals,fake,fft,Kala Shah Kala_vocals.wav,16,10
757c477a180131e79d6cfa968aec0d2e,vocals,fake,fft,Kala Shah Kala_vocals.wav,17,10
5d54b19207a26b7fe1c5138d46f1efb6,vocals,fake,fft,Kala Shah Kala_vocals.wav,18,10
d5aa755280711574794cd327ff1ea8dd,vocals,fake,fft,Kala Shah Kala_vocals.wav,19,10
ba647af870cd5c7885d0a23a381c0072,vocals,fake,fft,Kala Shah Kala_vocals.wav,20,10
38fe247bf32dea506164e560d060afde,vocals,fake,fft,Kala Shah Kala_vocals.wav,21,10
c497c75722f9c9ddf6b7c6628315f757,vocals,fake,fft,Kala Shah Kala_vocals.wav,22,10
7c9b36aa7495d0b5cc0458e275425832,vocals,fake,fft,Kala Shah Kala_vocals.wav,23,10
7848b66cad9b23ade25b13ffeca0bee5,vocals,fake,fft,Kala Shah Kala_vocals.wav,24,10
bdfc717bc7ed60c9b048799b1eb6cffc,vocals,fake,fft,Kandayali Thor_vocals.wav,0,10
f75a1cebfbf62dc2ed66726854583ed5,vocals,fake,fft,Kandayali Thor_vocals.wav,1,10
f462839642021c4318242d18afc773f7,vocals,fake,fft,Kandayali Thor_vocals.wav,2,10
25223a445538363aeb758a0127981a2b,vocals,fake,fft,Kandayali Thor_vocals.wav,3,10
e45036cf0cf385b0636e9c049402e362,vocals,fake,fft,Kandayali Thor_vocals.wav,4,10
c15774d3a3ad402631dcdaa2b65f190c,vocals,fake,fft,Kandayali Thor_vocals.wav,5,10
f1663a35edd0854905e9183dfc9289f8,vocals,fake,fft,Kandayali Thor_vocals.wav,6,10
96b7e9f858725e80e15346a10d5673c4,vocals,fake,fft,Kandayali Thor_vocals.wav,7,10
128862dab5f30958feab7171fcd2bbe5,vocals,fake,fft,Kandayali Thor_vocals.wav,8,10
030b716adc7406274b5271800d3f6069,vocals,fake,fft,Kandayali Thor_vocals.wav,9,10
2f582058af21f8156b9b9d610efa1343,vocals,fake,fft,Kandayali Thor_vocals.wav,10,10
2c73b7d883bb261f54c92019a62d64b1,vocals,fake,fft,Kandayali Thor_vocals.wav,11,10
55b2617859075440d6963b46b830798d,vocals,fake,fft,Kandayali Thor_vocals.wav,12,10
2e7409071831e7fc227a5acfc976c93a,vocals,fake,fft,Kandayali Thor_vocals.wav,13,10
ed7159ae2e417e1af6d4e1362f502cd8,vocals,fake,fft,Kandayali Thor_vocals.wav,14,10
673bcbe5ae43812b01206546bf778e14,vocals,fake,fft,Kandayali Thor_vocals.wav,15,10
c29027b2046d3840f94e808602bbbde2,vocals,fake,fft,Kandayali Thor_vocals.wav,16,10
c8e5cc8ce412fc6ae15b3141e2cf8be7,vocals,fake,fft,Kandayali Thor_vocals.wav,17,10
840d5367116a2c74830083858defffa0,vocals,fake,fft,Kandayali Thor_vocals.wav,18,10
d62c6aa3742aa9f2d57b3e879eb7dcca,vocals,fake,fft,Kandayali Thor_vocals.wav,19,10
4d89e49570b97c5490aec9c58d89aba1,vocals,fake,fft,Kandayali Thor_vocals.wav,20,10
e0b25104a0d99a044cd269694ddba33d,vocals,fake,fft,Kandayali Thor_vocals.wav,21,10
a41dd207ddf8514bf41eda0c360598a4,vocals,fake,fft,Kandayali Thor_vocals.wav,22,10
90fcfd9532ca45c265e249422f8e6f3f,vocals,fake,fft,Kandayali Thor_vocals.wav,23,10
03335adf251f1ce74df33bd0fdd1724c,vocals,fake,fft,Kandayali Thor_vocals.wav,24,10
c4a4592a883f53ce42acca63a626f41e,vocals,fake,fft,Kandayali Thor_vocals.wav,25,10
7eee7c31f1903aa5031606687ea69718,vocals,fake,fft,Kandayali Thor_vocals.wav,26,10
16175ee44eb6c80dfef7fa00c30871b2,vocals,fake,fft,Kandayali Thor_vocals.wav,27,10
bb276a14a666a85aba77965679c9c1e9,vocals,fake,fft,Kandayali Thor_vocals.wav,28,10
4ab631e1c234713b59ca1761951a1d9e,vocals,fake,fft,Kandayali Thor_vocals.wav,29,10
a243db83f00e04be15ec9856eb106320,vocals,fake,fft,Kandayali Thor_vocals.wav,30,10
1ee163a87fe78077bd3047434aac01e2,vocals,fake,fft,Kandayali Thor_vocals.wav,31,10
1bcd4e2a6c40d02ea1a12123e5aecbf1,vocals,fake,fft,Kandayali Thor_vocals.wav,32,10
9b9e3988fc1e1805dc718cbd5db81027,vocals,fake,fft,Kandayali Thor_vocals.wav,33,10
3110508f36e8b337a666f070512744fd,vocals,fake,fft,Kandayali Thor_vocals.wav,34,10
e466458355629068605493c673b66062,vocals,fake,fft,Kandayali Thor_vocals.wav,35,10
98482090a29b03233e9ff79d828579f9,vocals,fake,fft,Kandayali Thor_vocals.wav,36,10
e495426dfb1a4343c7e2153a244bb14f,vocals,fake,fft,Kandayali Thor_vocals.wav,37,10
ff8a17741b1a1ab1cd5de3783f18aded,vocals,fake,fft,Kandayali Thor_vocals.wav,38,10
dddf99e773e6b7c9e39dc6a56e4a1627,vocals,fake,fft,Kandayali Thor_vocals.wav,39,10
e8ef6d01cd92e9cb5864a730c11ab028,vocals,fake,fft,Kandayali Thor_vocals.wav,40,10
fc1d8d25a38d30272fd2897036e16deb,vocals,fake,fft,Kandayali Thor_vocals.wav,41,10
b96ec32fcab8bb11362c0e203dd1729e,vocals,fake,fft,Kandayali Thor_vocals.wav,42,10
0e8065f655bdfb169d9a038d281fec4e,vocals,fake,fft,Kandayali Thor_vocals.wav,43,10
11c8b744b230ea80d34e8085477629f9,vocals,fake,fft,Kandayali Thor_vocals.wav,44,10
b182ed0f1f61546e64ca61fbf03339fa,vocals,fake,fft,Kandayali Thor_vocals.wav,45,10
6fd7c234673845df3b97aba649be6e18,vocals,fake,fft,Kandayali Thor_vocals.wav,46,10
48c1993c93ac4ff93f30e689de12441f,vocals,fake,fft,Kandayali Thor_vocals.wav,47,10
9fa64b6310ecb33be924b91ab918b979,vocals,fake,fft,Kandayali Thor_vocals.wav,48,10
a74d9821f274df4640c998d1396b33bf,vocals,fake,fft,Kandayali Thor_vocals.wav,49,10
9dd385eba033c16c2f649082fbeadaa1,vocals,fake,fft,Kandayali Thor_vocals.wav,50,10
c960ba5f1f0db2cfdaa24fd2080760b5,vocals,fake,fft,Kandayali Thor_vocals.wav,51,10
6283c491f9219db3e60c05f8ffafb6f7,vocals,fake,fft,Kandayali Thor_vocals.wav,52,10
33eab6ae6103624fed0f51074b649c4c,vocals,fake,fft,Kandayali Thor_vocals.wav,53,10
b6f403f4376d38f4a0e0fbffa0b87301,vocals,fake,fft,Kandayali Thor_vocals.wav,54,10
ce01dc1800c5687a93de57d77b66ee7a,vocals,fake,fft,Kandayali Thor_vocals.wav,55,10
f21031f37308136431e50b858b1ad02b,vocals,fake,fft,Kandayali Thor_vocals.wav,56,10
93a9f1feca9a08cef945b7b414a0e5b3,vocals,fake,fft,Kandayali Thor_vocals.wav,57,10
edd9824d9a0cfbddecde1cad523ff4f6,vocals,fake,fft,Kandayali Thor_vocals.wav,58,10
3437f27289c3ad0aa3bbebd832d93bdb,vocals,fake,fft,Kandayali Thor_vocals.wav,59,10
5e4257b4dad6f659a62edb53b838f632,vocals,fake,fft,Kandayali Thor_vocals.wav,60,10
d30a0aaed38c16a5319974508ab5a2be,vocals,fake,fft,Kandayali Thor_vocals.wav,61,10
58614def944712c37f6c5322942fc5c3,vocals,fake,fft,Kandayali Thor_vocals.wav,62,10
5f9fd3ccd2b18e19ed4d4d32e70c2b00,vocals,fake,fft,Kandayali Thor_vocals.wav,63,10
e930014c92439465dfd9c5617089dac0,vocals,fake,fft,Kandayali Thor_vocals.wav,64,10
294986a3b476a5c3e263d04455980924,vocals,fake,fft,Kandayali Thor_vocals.wav,65,10
1b2084ff9be6e2a8148c8c7f1feea809,vocals,fake,fft,Kandayali Thor_vocals.wav,66,10
0b064fae28869a6e55dd4665f7d4d876,vocals,fake,fft,Kandayali Thor_vocals.wav,67,10
f81f23c76f207b312f4f20c761c8f158,vocals,fake,fft,Kandayali Thor_vocals.wav,68,10
c603fec44ee13a78ebd6aac0991c7ca1,vocals,fake,fft,Kandayali Thor_vocals.wav,69,10
37d4d55f771bcc3380aec0de997e1b7e,vocals,fake,fft,Kandayali Thor_vocals.wav,70,10
004d8f5476faacce50a99c1ed8a42e97,vocals,fake,fft,Kandayali Thor_vocals.wav,71,10
56fc9946344da40176d9c6517774c729,vocals,fake,fft,Kandayali Thor_vocals.wav,72,10
5d34a4ab418da8c866bacdac407e831f,vocals,fake,fft,Kandayali Thor_vocals.wav,73,10
5477aaae3ab55bf3bb3e942284a3037a,vocals,fake,fft,Kandayali Thor_vocals.wav,74,10
95b1dd631d5fee24b1f1ee3330ec76b1,vocals,fake,fft,Kandayali Thor_vocals.wav,75,10
3017bbe214cd8611525035c39971be3f,vocals,fake,fft,Kandayali Thor_vocals.wav,76,10
b210d4fec5d4b075482862215328c8db,vocals,fake,fft,Kandayali Thor_vocals.wav,77,10
ab734b2d5be693117af06ea0fa395e77,vocals,fake,fft,Kandayali Thor_vocals.wav,78,10
2715e1f0521841ffe30a6e1bbbfb861a,vocals,fake,fft,Kandayali Thor_vocals.wav,79,10
4831d3c2dadf1d4abca5a761568a5899,vocals,fake,fft,Kandayali Thor_vocals.wav,80,10
2e19e84e5341c1eb97350effd92b38d8,vocals,fake,fft,Kandayali Thor_vocals.wav,81,10
72fcf734c906e81e0198949f62026003,vocals,fake,fft,Kandayali Thor_vocals.wav,82,10
ceccea353582d380b2e94fa47b7182dd,vocals,fake,fft,Kandayali Thor_vocals.wav,83,10
45a2827bdec70d39eb21259718252315,vocals,fake,fft,Kandayali Thor_vocals.wav,84,10
dabe89df88565257f21e238d240db2bf,vocals,fake,fft,Kandayali Thor_vocals.wav,85,10
509ec61b4c214b8d322f8b591c6cd061,vocals,fake,fft,Kandayali Thor_vocals.wav,86,10
d7cae4542e20dfef0dc963560bddba6d,vocals,fake,fft,Kandayali Thor_vocals.wav,87,10
7a792c4ed9555d7143a19f38757050f1,vocals,fake,fft,Kandayali Thor_vocals.wav,88,10
9391904f8cbcd2f1e6412256eced6c42,vocals,fake,fft,Kandayali Thor_vocals.wav,89,10
fc13c975e235daf9c01c4f8e54c4a2f9,vocals,fake,fft,Kandayali Thor_vocals.wav,90,10
45b59209090310d9ed2778606a2b3242,vocals,fake,fft,Kandayali Thor_vocals.wav,91,10
51c57f002970fdd9ebb49144edb15f77,vocals,fake,fft,Kandayali Thor_vocals.wav,92,10
f306033abb451ec2825ab07065837020,vocals,fake,fft,Kandayali Thor_vocals.wav,93,10
384da92eb5fc51c293cd6e65035dd825,vocals,fake,fft,Kandayali Thor_vocals.wav,94,10
959dfe1a8547ea8511879e04e0908950,vocals,fake,fft,Kandayali Thor_vocals.wav,95,10
800cd68ab961874760bbe687b1a11c9b,vocals,fake,fft,Kandayali Thor_vocals.wav,96,10
9b66c1d57887b978b41d601e6a1ce7d4,vocals,fake,fft,Kandayali Thor_vocals.wav,97,10
c90cf003c5ac6d7c116b16ad0ff15763,vocals,fake,fft,Kandayali Thor_vocals.wav,98,10
67d37962135060e953c3f89ac4ff7696,vocals,fake,fft,Kandayali Thor_vocals.wav,99,10
c4b512244d24cb74cd6a422e5fca0af7,vocals,fake,fft,Kandayali Thor_vocals.wav,100,10
9036614ed1c479b794404e0ce9f1afd3,vocals,fake,fft,Kandayali Thor_vocals.wav,101,10
29ebdf4e41538e63d0bff78f10a7d735,vocals,fake,fft,Kandayali Thor_vocals.wav,102,10
27a5a955b207737cbcd0705d55c740d8,vocals,fake,fft,Kandayali Thor_vocals.wav,103,10
a99323c3039eed970e11df8abae0366d,vocals,fake,fft,Kandayali Thor_vocals.wav,104,10
0a728455bb5dd8fa57976e3b7fcdfa47,vocals,fake,fft,Kandayali Thor_vocals.wav,105,10
b7a0afa721e8501246a97d8904ec2bf4,vocals,fake,fft,Kandayali Thor_vocals.wav,106,10
5089463f2cb34e85670da0bf21f38c08,vocals,fake,fft,Kandayali Thor_vocals.wav,107,10
0cc183cb201cad04c33985dfa35a7b1d,vocals,fake,fft,Kandayali Thor_vocals.wav,108,10
e1e118a8d0dff9b1c7e2f26bc07ab57a,vocals,fake,fft,Kandayali Thor_vocals.wav,109,10
7c76851f6d0b14ad60917a5e5b19424c,vocals,fake,fft,Kandayali Thor_vocals.wav,110,10
1a0aa2bf96f70f5f4200fd40e861fe85,vocals,fake,fft,Kandayali Thor_vocals.wav,111,10
bb06fc18cec3e6d75534ffc4221f40a2,vocals,fake,fft,Kandayali Thor_vocals.wav,112,10
bf3e4dbe524f4f76bdb5ddd7e27eb3e2,vocals,fake,fft,Kandayali Thor_vocals.wav,113,10
e82c739a95434fca3b99871d8900abec,vocals,fake,fft,Kandayali Thor_vocals.wav,114,10
702e83c011bb89f46d50157373147788,vocals,fake,fft,Kandayali Thor_vocals.wav,115,10
6079be3e347423915a076a6b4f86705b,vocals,fake,fft,Kandayali Thor_vocals.wav,116,10
20142277374f5f92305e4c34c2197271,vocals,fake,fft,Kandayali Thor_vocals.wav,117,10
5886239fe408b877c06fa57e5a49a345,vocals,fake,fft,Kandayali Thor_vocals.wav,118,10
15f40b1e4f772229a7b6654d96a20e40,vocals,fake,fft,Kandayali Thor_vocals.wav,119,10
8e66c9e2876b4e1bc98200fde0524f66,vocals,fake,fft,Kandayali Thor_vocals.wav,120,10
ef651e19a7bbf957d29ece4d25cbdab8,vocals,fake,fft,Kandayali Thor_vocals.wav,121,10
048447cabbc41e370ee3c1d4ab516166,vocals,fake,fft,Kandayali Thor_vocals.wav,122,10
3ce0b48231db8204f3a4e8d9f76f3323,vocals,fake,fft,Kandayali Thor_vocals.wav,123,10
f023c07d284926db874b3bb235a527b1,vocals,fake,fft,Kandayali Thor_vocals.wav,124,10
d04140d4febc2b7565931323f905cb67,vocals,fake,fft,Kandayali Thor_vocals.wav,125,10
5e91a850af85a90c6c1db0567a044b12,vocals,fake,fft,Kandayali Thor_vocals.wav,126,10
8285b6dc1c639e6a8e632f295266b989,vocals,fake,fft,Kandayali Thor_vocals.wav,127,10
ed314eaec81390abe6e7c707803b1954,vocals,fake,fft,Kandayali Thor_vocals.wav,128,10
fcc4e93d822d995d51bc9ff1e28d0d2e,vocals,fake,fft,Kandayali Thor_vocals.wav,129,10
4c2f9dd825eb3977d05e5e01a766ac39,vocals,fake,fft,Kandayali Thor_vocals.wav,130,10
d1bbccba5fd7a973b436de5b9694e600,vocals,fake,fft,Kandayali Thor_vocals.wav,131,10
bb15225c544106e965b2bd2dba44cdd6,vocals,fake,fft,Kandayali Thor_vocals.wav,132,10
c040d52633c8e8d49b130d71ecfa887d,vocals,fake,fft,Kandayali Thor_vocals.wav,133,10
ce5947260c550a9ce769c939848a515c,vocals,fake,fft,Kandayali Thor_vocals.wav,134,10
240686ce1246dcd0861e9625ec22efbc,vocals,fake,fft,Kandayali Thor_vocals.wav,135,10
386abfac83484289be91ae4910f3831f,vocals,fake,fft,Kandayali Thor_vocals.wav,136,10
f8ea8d8d10a7f1316c36725445fab28f,vocals,fake,fft,Kandayali Thor_vocals.wav,137,10
dc054c03dd9e5945f727e1d1a996c9b8,vocals,fake,fft,Kandayali Thor_vocals.wav,138,10
52581759dffa287d345d790155926747,vocals,fake,fft,Kandayali Thor_vocals.wav,139,10
db318e5f4b7b3e089ce932ffb7b7d5b0,vocals,fake,fft,Kandayali Thor_vocals.wav,140,10
296eb52437dd3fad4c56c447bfbb1955,vocals,fake,fft,Kandayali Thor_vocals.wav,141,10
4c74ede99fad0e8c83db2ec06cee4bbe,vocals,fake,fft,Kandayali Thor_vocals.wav,142,10
95e3710fb3f6fca2bca6162f126d67ef,vocals,fake,fft,Kandayali Thor_vocals.wav,143,10
1582c7d998dd8110490e7c1904de7258,vocals,fake,fft,Kandayali Thor_vocals.wav,144,10
7762b6c423182e39e3a49872e313dfcf,vocals,fake,fft,Kandayali Thor_vocals.wav,145,10
fdbdf62646d1b9d7533025a933cd4e0e,vocals,fake,fft,Kandayali Thor_vocals.wav,146,10
7ad5b92d70cbe6aea9be912bcfd853ec,vocals,fake,fft,Kandayali Thor_vocals.wav,147,10
72a7bf001c364f626ea4406c3e99ee71,vocals,fake,fft,Kandayali Thor_vocals.wav,148,10
9c2bcd2b89977cb9bdbd8f108959458f,vocals,fake,fft,Kandayali Thor_vocals.wav,149,10
575ad1069b7e4dcbecece498d176e133,vocals,fake,fft,Kandayali Thor_vocals.wav,150,10
21192e33e54f96c0ca8dca12c02790d3,vocals,fake,fft,Kandayali Thor_vocals.wav,151,10
360555d53739da33b5e5306928f45500,vocals,fake,fft,Kandayali Thor_vocals.wav,152,10
82bdf03edc2cff6ab68c910b94c007e1,vocals,fake,fft,Kandayali Thor_vocals.wav,153,10
21aee68a2c5c35933b707ba07e0369d1,vocals,fake,fft,Kandayali Thor_vocals.wav,154,10
d058f1f994797de47799570e391118a3,vocals,fake,fft,Kandayali Thor_vocals.wav,155,10
4acc0100f16ec981f5e4c18282f7a65f,vocals,fake,fft,Kandayali Thor_vocals.wav,156,10
85984042481528ef0eefb8009132cd14,vocals,fake,fft,Kandayali Thor_vocals.wav,157,10
926f2eb76c7132aceb61f6d015251a6c,vocals,fake,fft,Kandayali Thor_vocals.wav,158,10
e831d547cd4d5b0bb29bec9a92cb2544,vocals,fake,fft,Kandayali Thor_vocals.wav,159,10
ebc6a013f98f4b3d1b34ee051537835d,vocals,fake,fft,Kandayali Thor_vocals.wav,160,10
d5c9b616c38b77a8c858eec4f61b5e5a,vocals,fake,fft,Kandayali Thor_vocals.wav,161,10
ea5292f345c1bc5e5f65fb6018d4d5e0,vocals,fake,fft,Kandayali Thor_vocals.wav,162,10
0e887ceaa39b056ed04742920bc9975a,vocals,fake,fft,Kandayali Thor_vocals.wav,163,10
8b1bc2b170cbc9074b4b6ed30a7fbca8,vocals,fake,fft,Kandayali Thor_vocals.wav,164,10
0b4c031bedbdc858871ae7e23ce7502b,vocals,fake,fft,Kandayali Thor_vocals.wav,165,10
328d7756e4ecc5d3822034de9b4586bb,vocals,fake,fft,Kandayali Thor_vocals.wav,166,10
93075aa0ac5f71252321fb178426028e,vocals,fake,fft,Kandayali Thor_vocals.wav,167,10
830a49d7a221f7e8290073ac983acbd5,vocals,fake,fft,Kandayali Thor_vocals.wav,168,10
5dd849f2775ce9b999fc21225364cdb2,vocals,fake,fft,Kandayali Thor_vocals.wav,169,10
b01167ac54aae80c0bdce729631b5da4,vocals,fake,fft,Kandayali Thor_vocals.wav,170,10
9005cff23e1a53286eaed1e83b76d9cf,vocals,fake,fft,Kandayali Thor_vocals.wav,171,10
304f37bc0602fc2e9ad0e77287767cd2,vocals,fake,fft,Kandayali Thor_vocals.wav,172,10
5bd715fe9e22e9fbfc8a2bc59d15489d,vocals,fake,fft,Kandayali Thor_vocals.wav,173,10
e609ce086137951a91c947b3f553e5bb,vocals,fake,fft,Kandayali Thor_vocals.wav,174,10
f14b26800b0384ad63ae63875b5dcf6c,vocals,fake,fft,Kandayali Thor_vocals.wav,175,10
a06b0991f220ec11461a4c3c8aed0bbc,vocals,fake,fft,Kandayali Thor_vocals.wav,176,10
c4bc8ee8e107def78847d8c418c3c7e1,vocals,fake,fft,Kandayali Thor_vocals.wav,177,10
9089bb1ac36c1447473bb2d4a601aa53,vocals,fake,fft,Kandayali Thor_vocals.wav,178,10
f16bcc4a325cd25434af32429c8744b1,vocals,fake,fft,Kandayali Thor_vocals.wav,179,10
0ebecef6e3b1e4cdbe0000af9afdab02,vocals,fake,fft,Kandayali Thor_vocals.wav,180,10
9a2f94b50c1bf0d64845f50b7a13cb17,vocals,fake,fft,Kandayali Thor_vocals.wav,181,10
14d6bbb87ece25feb9eb4a51b007ce2b,vocals,fake,fft,Kandayali Thor_vocals.wav,182,10
26df67982dc5d24b63d9894c99ca5455,vocals,fake,fft,Kandayali Thor_vocals.wav,183,10
91589dd291e43531f276499ce37d2215,vocals,fake,fft,Kandayali Thor_vocals.wav,184,10
c690aec0f29b0ebc9c31e35ed5dec8ff,vocals,fake,fft,Kandayali Thor_vocals.wav,185,10
d7806538972791f584fa6bc38e2ed94f,vocals,fake,fft,Kandayali Thor_vocals.wav,186,10
2112d9d62cf71dbfe19f45f9e4e78cc3,vocals,fake,fft,Kandayali Thor_vocals.wav,187,10
44fd2b576cf90bc625b77d9d17f427c5,vocals,fake,fft,Kandayali Thor_vocals.wav,188,10
caba1bf1bb3368d4542612b03c7f0521,vocals,fake,fft,Kandayali Thor_vocals.wav,189,10
c85762b1cef9c45e9cf62c0ca0a684c5,vocals,fake,fft,Kandayali Thor_vocals.wav,190,10
7bc6ce53df45665d0772c3e58ca1ea1a,vocals,fake,fft,Kandayali Thor_vocals.wav,191,10
de88bcbec0f666f1e7307c5caac4c6ba,vocals,fake,fft,Kandayali Thor_vocals.wav,192,10
742b90d6423356b772f94a9d140b5c49,vocals,fake,fft,Kandayali Thor_vocals.wav,193,10
b51537d1e0b98a8626a41cf2f7b65909,vocals,fake,fft,Kandayali Thor_vocals.wav,194,10
bde2a19c1b3af496ca1563f56aae89d7,vocals,fake,fft,Kandayali Thor_vocals.wav,195,10
0e6b4732830e9ed19ed1b22c218ffced,vocals,fake,fft,Kandayali Thor_vocals.wav,196,10
d180e5a3b1c3fb0f7b60010b9a8c94d9,vocals,fake,fft,Kandayali Thor_vocals.wav,197,10
63abfc976752ea60daa97412db649710,vocals,fake,fft,Kandayali Thor_vocals.wav,198,10
7e2837d9c0016ca42d88f5552a2dc39a,vocals,fake,fft,Kandayali Thor_vocals.wav,199,10
827d7554cf1cc2681d57e731ef94ce21,vocals,fake,fft,Kandayali Thor_vocals.wav,200,10
952ad5eef9a5fb78a5aab1e53e6649df,vocals,fake,fft,Kandayali Thor_vocals.wav,201,10
c415e795f68fc05339ddb50284a609f2,vocals,fake,fft,Kandayali Thor_vocals.wav,202,10
393e8ef3bfbc8d3b1324cc67e01fbefc,vocals,fake,fft,Kandayali Thor_vocals.wav,203,10
3e4e85b0d878f9a21b24027a7974709f,vocals,fake,fft,Kandayali Thor_vocals.wav,204,10
6418c262660d1983d21cbb684bfa51cd,vocals,fake,fft,Kandayali Thor_vocals.wav,205,10
4095ba493d1d0fc04bb993cc13df7fdd,vocals,fake,fft,Kandayali Thor_vocals.wav,206,10
9c2da6661a1babf54cbf473fd1a780c9,vocals,fake,fft,Kandayali Thor_vocals.wav,207,10
48e3a0af0a3c6656426311e2d3b36dca,vocals,fake,fft,Kandayali Thor_vocals.wav,208,10
5d26222f046322d6c73a0f1d6f894391,vocals,fake,fft,Kandayali Thor_vocals.wav,209,10
84e6f73494133fe397a08df072170539,vocals,fake,fft,Kandayali Thor_vocals.wav,210,10
447c8104909890dc5506dd7630634876,vocals,fake,fft,Kandayali Thor_vocals.wav,211,10
575fedb7879e2344470fdd40ad098d90,vocals,fake,fft,Kandayali Thor_vocals.wav,212,10
48a757f6eef1e2da5409216bfc8595aa,vocals,fake,fft,Kandayali Thor_vocals.wav,213,10
d41ff5debf4fb7d2a796ef4886be3504,vocals,fake,fft,Kandayali Thor_vocals.wav,214,10
4f25b4d3c24574e52d231e59be89e812,vocals,fake,fft,Kandayali Thor_vocals.wav,215,10
51e47627ce1fa8840f1a9f75d88964e4,vocals,fake,fft,Kandayali Thor_vocals.wav,216,10
42b2ece8f548893af86ae2a3de58069c,vocals,fake,fft,Kandayali Thor_vocals.wav,217,10
8ec63fad3badccfc9ae64cdab857bad5,vocals,fake,fft,Kandayali Thor_vocals.wav,218,10
9110ad83ee90e476fbf366d90ac327fd,vocals,fake,fft,Kandayali Thor_vocals.wav,219,10
af0d53d26b2285f3f063efa9cf8d6274,vocals,fake,fft,Kandayali Thor_vocals.wav,220,10
0759776436f4c251f345e500dd60581c,vocals,fake,fft,Kandayali Thor_vocals.wav,221,10
3ab18b7de23bc80b516cd27762f72494,vocals,fake,fft,Ki Banu Dunian Da_vocals.wav,0,10
6a08c0e42daca397ae8d2af1741a9d2b,vocals,fake,fft,Ki Banu Dunian Da_vocals.wav,1,10
cff3176aca03168dce869a9f29a375bb,vocals,fake,fft,Ki Banu Dunian Da_vocals.wav,2,10
c420cd09850e38ed851d64aa02df0c8e,vocals,fake,fft,Ki Banu Dunian Da_vocals.wav,3,10
36f644308b5ac7c3fc18630d88f58be8,vocals,fake,fft,Ki Banu Dunian Da_vocals.wav,4,10
0af8544dacbbefd295240975a8643b46,vocals,fake,fft,Ki Banu Dunian Da_vocals.wav,5,10
92583950a9603b461e88ccc34d26f776,vocals,fake,fft,Ki Banu Dunian Da_vocals.wav,6,10
3a74b9a6455fcf02d51ee6a2cba3a475,vocals,fake,fft,Ki Banu Dunian Da_vocals.wav,7,10
0cee421d72585c14a6bdb7d8bd1bc852,vocals,fake,fft,Ki Banu Dunian Da_vocals.wav,8,10
b88205d652e5c4ac2ddb1c906ee98f20,vocals,fake,fft,Ki Banu Dunian Da_vocals.wav,9,10
947f59e6d5409eeabdea0ebaa3681c5c,vocals,fake,fft,Ki Banu Dunian Da_vocals.wav,10,10
a9ad45722e50769bf672aa132a96e9cc,vocals,fake,fft,Ki Banu Dunian Da_vocals.wav,11,10
61b63899439cc350457663007889f801,vocals,fake,fft,Ki Banu Dunian Da_vocals.wav,12,10
6d49c82d02f65fb4ff8ef0f1913e8bbb,vocals,fake,fft,Ki Banu Dunian Da_vocals.wav,13,10
a011d9d62280dc7b865b48ae78db1434,vocals,fake,fft,Ki Banu Dunian Da_vocals.wav,14,10
9d37a5b71de11f38bd584b7b795de852,vocals,fake,fft,Ki Banu Dunian Da_vocals.wav,15,10
403645859b437613f83d91ba7b907e99,vocals,fake,fft,Ki Banu Dunian Da_vocals.wav,16,10
fc9bc9c5e1c56a9231e077a910960c28,vocals,fake,fft,Ki Banu Dunian Da_vocals.wav,17,10
e2ab96c1f51d199abf54ed4376a76e5c,vocals,fake,fft,Ki Banu Dunian Da_vocals.wav,18,10
cd523a74a6bc47937b649b18c5a23799,vocals,fake,fft,Ki Banu Dunian Da_vocals.wav,19,10
3eaf3361aa9b5e7c590e59a7dbd726aa,vocals,fake,fft,Ki Banu Dunian Da_vocals.wav,20,10
7d07c6c843432b8fc88fe18ce8bb1cd3,vocals,fake,fft,Ki Banu Dunian Da_vocals.wav,21,10
7591a885e68ffe876f03b696626d2b7d,vocals,fake,fft,Ki Banu Dunian Da_vocals.wav,22,10
e4cc56443ef91d7a427302d629284848,vocals,fake,fft,Ki Banu Dunian Da_vocals.wav,23,10
0a6eeaa4dd26e73555ae2dce273a139c,vocals,fake,fft,Ki Banu Dunian Da_vocals.wav,24,10
21ea129749c8ee8f6506c810dc634e2b,vocals,fake,fft,Ki Banu Dunian Da_vocals.wav,25,10
995d17ce30babdf4bf68396c78812b6a,vocals,fake,fft,Ki Banu Dunian Da_vocals.wav,26,10
91382facab53728194f7f915fca13ac6,vocals,fake,fft,Ki Banu Dunian Da_vocals.wav,27,10
88e03e01841a2dc43b3f8050cd763396,vocals,fake,fft,Ki Banu Dunian Da_vocals.wav,28,10
fdd89586877b051541fb176b1d8f367a,vocals,fake,fft,Ki Banu Dunian Da_vocals.wav,29,10
057f4f72b5d03d3c64497dc21424eb78,vocals,fake,fft,Ki Banu Dunian Da_vocals.wav,30,10
852309757895b5feddaeca74d928c556,vocals,fake,fft,Ki Banu Dunian Da_vocals.wav,31,10
d787772deb393f4b6aa42cc71732c00b,vocals,fake,fft,Ki Banu Dunian Da_vocals.wav,32,10
3c8220bc4d5a9153b64892437125965c,vocals,fake,fft,Ki Banu Dunian Da_vocals.wav,33,10
902b35dc8c0c15625a51a48999e88969,vocals,fake,fft,Ki Banu Dunian Da_vocals.wav,34,10
b9c172fd282bce3509b67425f1b90182,vocals,fake,fft,Ki Banu Dunian Da_vocals.wav,35,10
f2a0f8a6a096b11b107c8f2832f76fce,vocals,fake,fft,Ki Banu Dunian Da_vocals.wav,36,10
3d8c78ed1b5e29ea614e5c42e3431bef,vocals,fake,fft,Ki Banu Dunian Da_vocals.wav,37,10
1959ba0ab07df751be141f6ec77c4be9,vocals,fake,fft,Ki Banu Dunian Da_vocals.wav,38,10
b33ca2b5517ff032da0870c5f572d4a5,vocals,fake,fft,Ki Banu Dunian Da_vocals.wav,39,10
6d791e58cdc90fd7c0c5863b88c5027e,vocals,fake,fft,Ki Banu Dunian Da_vocals.wav,40,10
75515593806bbb7ba4e459a129f6031b,vocals,fake,fft,Ki Banu Dunian Da_vocals.wav,41,10
339086022510600531ae647eac5c820f,vocals,fake,fft,Kothe Te Aa Mahiya_vocals.wav,0,10
955a5b9d26818c788a979f2ba0a1af68,vocals,fake,fft,Kothe Te Aa Mahiya_vocals.wav,1,10
a00405a6efbce841a993f44f34a198df,vocals,fake,fft,Kothe Te Aa Mahiya_vocals.wav,2,10
3ee955f19588e9888128cfde7343e64e,vocals,fake,fft,Kothe Te Aa Mahiya_vocals.wav,3,10
4a57b20e0f72bb9d9f30213f45853d01,vocals,fake,fft,Kothe Te Aa Mahiya_vocals.wav,4,10
c9692f0cb9093135dbccffa17c6c3931,vocals,fake,fft,Kothe Te Aa Mahiya_vocals.wav,5,10
4e81535e873020189c65fe0d47b5c24a,vocals,fake,fft,Kothe Te Aa Mahiya_vocals.wav,6,10
26badae27c866ab6602ca0880f13f5d4,vocals,fake,fft,Kothe Te Aa Mahiya_vocals.wav,7,10
2e4a0552a6e9687c6f3d98c2ce8efb8d,vocals,fake,fft,Kothe Te Aa Mahiya_vocals.wav,8,10
24fb472dab198f54e3a40bd5f73bdebe,vocals,fake,fft,Kothe Te Aa Mahiya_vocals.wav,9,10
f6b1410ffb923d54aa3225f531557a61,vocals,fake,fft,Kothe Te Aa Mahiya_vocals.wav,10,10
4a27ae774b1d1fd2592191b5ac967c85,vocals,fake,fft,Kothe Te Aa Mahiya_vocals.wav,11,10
4ab18702406996c4ceef7a2cd9b442be,vocals,fake,fft,Kothe Te Aa Mahiya_vocals.wav,12,10
7c1335f1ee777819858c7ecac4665873,vocals,fake,fft,Kothe Te Aa Mahiya_vocals.wav,13,10
b670be80bf55076627e96041557416b9,vocals,fake,fft,Kothe Te Aa Mahiya_vocals.wav,14,10
8ba952a2405125fe6503ad65b124c54c,vocals,fake,fft,Kothe Te Aa Mahiya_vocals.wav,15,10
568fc86aa840fd1bee60e3eafc69530a,vocals,fake,fft,Kothe Te Aa Mahiya_vocals.wav,16,10
2e89b26578f54063d1dc676476edaf35,vocals,fake,fft,Kothe Te Aa Mahiya_vocals.wav,17,10
3e3859b570aa58774044fc25446e5a75,vocals,fake,fft,Kothe Te Aa Mahiya_vocals.wav,18,10
6a153cb9239881523476eb80d2156961,vocals,fake,fft,Kothe Te Aa Mahiya_vocals.wav,19,10
07f1abb6bdc047f39662036707b7046d,vocals,fake,fft,Kothe Te Aa Mahiya_vocals.wav,20,10
9dd7ca757b63f840c8d748814dd34e23,vocals,fake,fft,Kothe Te Aa Mahiya_vocals.wav,21,10
3192ecbdb7358a32e80c055330a5f48a,vocals,fake,fft,Kothe Te Aa Mahiya_vocals.wav,22,10
a8e11918c661a5e137ae630e12bf6ae2,vocals,fake,fft,Kothe Te Aa Mahiya_vocals.wav,23,10
56d1c10e588007c369a97aee71f4e1d2,vocals,fake,fft,Kothe Te Aa Mahiya_vocals.wav,24,10
b09a626864a5003eed88149300ccdcd0,vocals,fake,fft,Kothe Te Aa Mahiya_vocals.wav,25,10
6aa8eedb233e164c33d66e8ad52c59da,vocals,fake,fft,Kothe Te Aa Mahiya_vocals.wav,26,10
d563fe0e033dce7fa4bb06e6de972b97,vocals,fake,fft,Kothe Te Aa Mahiya_vocals.wav,27,10
d2f567d31f4a7accd92d2ac6e57035f8,vocals,fake,fft,Kothe Te Aa Mahiya_vocals.wav,28,10
be26971ef5e282d81bfe2148e4d41f78,vocals,fake,fft,Kothe Te Aa Mahiya_vocals.wav,29,10
1fcacee92b6208b7c33e5d71672564a2,vocals,fake,fft,Laare_vocals.wav,0,10
e1d33aa6fb7923a951bbf307bc2c5e58,vocals,fake,fft,Laare_vocals.wav,1,10
4730f381d6ac49cdc13db9f2ff335a4b,vocals,fake,fft,Laare_vocals.wav,2,10
1429528e05642dd1e3c4f04383fa8bc4,vocals,fake,fft,Laare_vocals.wav,3,10
5c67053227aadf57df67d7de97ddcb06,vocals,fake,fft,Laare_vocals.wav,4,10
b239f36e4335b08a029c5831146b3dce,vocals,fake,fft,Laare_vocals.wav,5,10
9a58af9ffe275c75dc4e7d165c84a89e,vocals,fake,fft,Laare_vocals.wav,6,10
50136b10bb4d7ddc0fb7c53b680618fc,vocals,fake,fft,Laare_vocals.wav,7,10
e22c2161fa47077c69dbcbbb65f96829,vocals,fake,fft,Laare_vocals.wav,8,10
8ca70bbc2a02fa724c5e581656f82762,vocals,fake,fft,Laare_vocals.wav,9,10
793ab53defbe38b56a6f6516674d77c4,vocals,fake,fft,Laare_vocals.wav,10,10
3eaa6b28b69d75b1fc2b69c1fa2bae83,vocals,fake,fft,Laare_vocals.wav,11,10
d23f20b1e6c81734ba72c40574d31ea7,vocals,fake,fft,Laare_vocals.wav,12,10
010e84d6e7bf97e634781bc83dea2ede,vocals,fake,fft,Laare_vocals.wav,13,10
5f774738ad6d7c41e3dfab6e7a9e7b1d,vocals,fake,fft,Laare_vocals.wav,14,10
12fab2ba1e06084efc90502f37daf57e,vocals,fake,fft,Laare_vocals.wav,15,10
d876e38de37d6bc0586fa8ac22ac25ae,vocals,fake,fft,Laare_vocals.wav,16,10
6dce34c21a4178248a0f76a0f612c054,vocals,fake,fft,Laare_vocals.wav,17,10
854ba7fba01fec1cadb82823d39b271e,vocals,fake,fft,Laare_vocals.wav,18,10
40b39e67524de574396b47f42b2981e6,vocals,fake,fft,Laare_vocals.wav,19,10
0fcddd35a047537c6576dafbef931655,vocals,fake,fft,Laare_vocals.wav,20,10
34065df7ae953729057691d1f898920c,vocals,fake,fft,Laare_vocals.wav,21,10
eb19b1365472cb87a5e958ba14bf643a,vocals,fake,fft,Laare_vocals.wav,22,10
ab37c9dba88d72def406fec9858ef635,vocals,fake,fft,Laare_vocals.wav,23,10
c9ff83750459029a7d0185e35b85f5ab,vocals,fake,fft,Laare_vocals.wav,24,10
ee32aa9615712bfed403d9484ec47660,vocals,fake,fft,Laare_vocals.wav,25,10
ffa5d057175d30e8a7c8c278d8255bc3,vocals,fake,fft,Laare_vocals.wav,26,10
78fefebc459696a616996d1eab2c3d6a,vocals,fake,fft,Laare_vocals.wav,27,10
46d9d760ce955edd0b17ebd90a3a7c8b,vocals,fake,fft,Laembadgini_vocals.wav,0,10
baa635823b79950539e67ddef91ac610,vocals,fake,fft,Laembadgini_vocals.wav,1,10
b76fac2f7d64fd1c77bb3e7366b9ede8,vocals,fake,fft,Laembadgini_vocals.wav,2,10
582a5f308fe9bbdd1516e58dbff58ac3,vocals,fake,fft,Laembadgini_vocals.wav,3,10
2cd48ae3fbf81a23ada92c56d57a6367,vocals,fake,fft,Laembadgini_vocals.wav,4,10
81c463fe904616ca938a906e0a23d42f,vocals,fake,fft,Laembadgini_vocals.wav,5,10
1db78478296f51d3054e4be64289b697,vocals,fake,fft,Laembadgini_vocals.wav,6,10
493899112d0bb362a679529c9ee2fe01,vocals,fake,fft,Laembadgini_vocals.wav,7,10
39804b187658aeebeff2b89bafd73d7f,vocals,fake,fft,Laembadgini_vocals.wav,8,10
bdd246e3214ec1ca2df27fbe1ea828bd,vocals,fake,fft,Laembadgini_vocals.wav,9,10
c261e62b9bc49331564da1503c747a05,vocals,fake,fft,Laembadgini_vocals.wav,10,10
9b6e67c45085186b102fe1091804e2e8,vocals,fake,fft,Laembadgini_vocals.wav,11,10
cfb1c161e57edb0cdc40a3d764089e32,vocals,fake,fft,Laembadgini_vocals.wav,12,10
7a3a632eb59d6acef1fd4fcbfb3b39e0,vocals,fake,fft,Laembadgini_vocals.wav,13,10
1b703df9d9330570ede09f7cde08c851,vocals,fake,fft,Laembadgini_vocals.wav,14,10
dd72081bba847eb97d152127efe8df89,vocals,fake,fft,Laembadgini_vocals.wav,15,10
5f87857e713ca64389e3d289b356490a,vocals,fake,fft,Laembadgini_vocals.wav,16,10
150e31599b3971e4ad03c00fa2503d6f,vocals,fake,fft,Laembadgini_vocals.wav,17,10
83a8686dcda7a8616b5ee3725c743cba,vocals,fake,fft,Lathe Di Chadar_vocals.wav,0,10
5c25f414999a3aced2e8e4413f9b0148,vocals,fake,fft,Lathe Di Chadar_vocals.wav,1,10
d1e3871ef0809b17a51752dc8a235cc9,vocals,fake,fft,Lathe Di Chadar_vocals.wav,2,10
8771bb4debb14d239a99ac2d93d38351,vocals,fake,fft,Lathe Di Chadar_vocals.wav,3,10
36210373e9191b0eb28f85b94c8cdbb4,vocals,fake,fft,Lathe Di Chadar_vocals.wav,4,10
d0e63d55d0cff4b073ee57e0be5580c1,vocals,fake,fft,Lathe Di Chadar_vocals.wav,5,10
19ca4144ab4e9307d74af644da8825e6,vocals,fake,fft,Lathe Di Chadar_vocals.wav,6,10
d2ba65868af2ef4dfde185b925a06297,vocals,fake,fft,Lathe Di Chadar_vocals.wav,7,10
9b7178f514a09b6369f2395d98fbc1cd,vocals,fake,fft,Lathe Di Chadar_vocals.wav,8,10
8e3440c7d8540e5d7716ab0229eec5f8,vocals,fake,fft,Lathe Di Chadar_vocals.wav,9,10
c094c19eac098f737078b4cc2baac043,vocals,fake,fft,Lathe Di Chadar_vocals.wav,10,10
eb93ec78bb74de2eac3572dda4a5e614,vocals,fake,fft,Lathe Di Chadar_vocals.wav,11,10
5c7bfd49b125517b0b4a583c4df25de9,vocals,fake,fft,Lathe Di Chadar_vocals.wav,12,10
ef52e104ee3e9c8f0ce72de64d19e387,vocals,fake,fft,Lathe Di Chadar_vocals.wav,13,10
3eb0c958754bcfeb68e2177cf1081b3d,vocals,fake,fft,Lathe Di Chadar_vocals.wav,14,10
1cca8f8ad6af95f3c81b7cae9b6c3962,vocals,fake,fft,Lathe Di Chadar_vocals.wav,15,10
5aa90ee8df854f6e18a537680d5c9532,vocals,fake,fft,Lathe Di Chadar_vocals.wav,16,10
c0194b94629d8a468fca3c40e148e6df,vocals,fake,fft,Lathe Di Chadar_vocals.wav,17,10
3b4883f3d5f543cc41c69c9e799422ce,vocals,fake,fft,Lehanga_vocals.wav,0,10
c3263746ec5dc8b0a6f55543eb9182a9,vocals,fake,fft,Lehanga_vocals.wav,1,10
108df15f7eb253dd41be1275d47e058d,vocals,fake,fft,Lehanga_vocals.wav,2,10
86a6bec57b1dbac508a772219564ed38,vocals,fake,fft,Lehanga_vocals.wav,3,10
dc042e2e8ec81f68d6eee229c4b93111,vocals,fake,fft,Lehanga_vocals.wav,4,10
274ddc9b6500d6888a8c2d015f000a20,vocals,fake,fft,Lehanga_vocals.wav,5,10
a9fc17115003b5aeebbdb2b8e868a674,vocals,fake,fft,Lehanga_vocals.wav,6,10
b7a688e0fd8c4494a9a0140427eb3e69,vocals,fake,fft,Lehanga_vocals.wav,7,10
fca2e8b8c8497742d111762fe2b34f60,vocals,fake,fft,Lehanga_vocals.wav,8,10
ecf65544f56e45dcceccad8e89f072e5,vocals,fake,fft,Lehanga_vocals.wav,9,10
188e3417090ab7248b63a96438889b00,vocals,fake,fft,Lehanga_vocals.wav,10,10
c9d173c4242354bb174de454d53aa98f,vocals,fake,fft,Lehanga_vocals.wav,11,10
908e42f2e6caec8772258f94cccf5a7e,vocals,fake,fft,Lehanga_vocals.wav,12,10
c61df839fb8f16829690533c9d735841,vocals,fake,fft,Lehanga_vocals.wav,13,10
a3187a06c6706d8993ea49e081ed4257,vocals,fake,fft,Lehanga_vocals.wav,14,10
895a45ba439d134574fb5b636fb3d755,vocals,fake,fft,Lehanga_vocals.wav,15,10
98a49329349d930e0d07e426d5778d7d,vocals,fake,fft,Lehanga_vocals.wav,16,10
e3c9cacb553154469d7c0131c87152ce,vocals,fake,fft,Lehanga_vocals.wav,17,10
7a94f531bc125dea73d8d5f833afcad3,vocals,fake,fft,Lehanga_vocals.wav,18,10
938653e67984d73511b039ac26f0f388,vocals,fake,fft,Lehanga_vocals.wav,19,10
3fcf02b65f92eafeb9bbab7d12d865a3,vocals,fake,fft,Lehanga_vocals.wav,20,10
6bd8d28b3613d4e88003957d91f69c59,vocals,fake,fft,Light Weight_vocals.wav,0,10
5329793293e6b2623a84354b34589521,vocals,fake,fft,Light Weight_vocals.wav,1,10
59bd61d23d39ed99b66ce5d75ce42635,vocals,fake,fft,Madhaniya_vocals.wav,0,10
050b73db53d8dae95580b94583520678,vocals,fake,fft,Madhaniya_vocals.wav,1,10
eccccd8fdfd4dfdf3e9c42abce184f3b,vocals,fake,fft,Madhaniya_vocals.wav,2,10
8c7560da648608ec12a6e56a94227540,vocals,fake,fft,Madhaniya_vocals.wav,3,10
cd36d1e0f095e0ab84ed9b366a55b64d,vocals,fake,fft,Madhaniya_vocals.wav,4,10
1e281fadc1301b9c30321437c879d1b4,vocals,fake,fft,Madhaniya_vocals.wav,5,10
0a0f5c63dc4d57fd0c9471026dcbe7d5,vocals,fake,fft,Madhaniya_vocals.wav,6,10
b37c11ad5f528991b4ee9b33daee8aae,vocals,fake,fft,Madhaniya_vocals.wav,7,10
a053cb4c2d6f3883deee479ccb4858a8,vocals,fake,fft,Madhaniya_vocals.wav,8,10
f769a4c49bfda409b179adc6631b70b9,vocals,fake,fft,Madhaniya_vocals.wav,9,10
d1d6f4fa6b33a6cc3725ffb11d02e395,vocals,fake,fft,Madhaniya_vocals.wav,10,10
0a48c0d109414bd68bd69fb55e8921d2,vocals,fake,fft,Madhaniya_vocals.wav,11,10
5ce4a77f954fffb0ad00a2975544a370,vocals,fake,fft,Madhaniya_vocals.wav,12,10
c3fed6180091d07489ad2b276a861f8c,vocals,fake,fft,Madhaniya_vocals.wav,13,10
b59e34768f4e57cb354cf30b33218232,vocals,fake,fft,Mahiya_vocals.wav,0,10
f083d08158626989f1bfc101e858770f,vocals,fake,fft,Mahiya_vocals.wav,1,10
4b7c2f29b4cc9402ca63b0c0d5fccf61,vocals,fake,fft,Mahiya_vocals.wav,2,10
19857263ced8e7db892d2216cdf44fd7,vocals,fake,fft,Mahiya_vocals.wav,3,10
5760b2d991d0f1d515dbf24f845a2ff0,vocals,fake,fft,Mahiya_vocals.wav,4,10
75bdf7c157cf7f34a22bf503ea75d7cd,vocals,fake,fft,Mahiya_vocals.wav,5,10
d4ac92f3b1b87a151ca7b1cf4ae2e53b,vocals,fake,fft,Mahiya_vocals.wav,6,10
7dd3326da46adb2368186adb598cba1c,vocals,fake,fft,Mahiya_vocals.wav,7,10
723220933191bfdef0540b1b02d48b72,vocals,fake,fft,Mahiya_vocals.wav,8,10
8acc55b1f9a7931fc290b03160c92ec1,vocals,fake,fft,Mahiya_vocals.wav,9,10
addb49bcc715f8e7d66e63a93a95b342,vocals,fake,fft,Mahiya_vocals.wav,10,10
860dcfe7bb076def3bae4b54432d668b,vocals,fake,fft,Mahiya_vocals.wav,11,10
7c7347be4bf9190694eb3a5dfad3a9a6,vocals,fake,fft,Mahiya_vocals.wav,12,10
2a25c76a659aeaf500de2c331f1730d3,vocals,fake,fft,Mahiya_vocals.wav,13,10
7c0da947f187f41ce92265a30cfdd01f,vocals,fake,fft,Mahiya_vocals.wav,14,10
718744adaa7f0b61060a12d5c7438151,vocals,fake,fft,Mahiya_vocals.wav,15,10
6a22e650b1993ea950f8ab99d9a48b67,vocals,fake,fft,Mahiya_vocals.wav,16,10
64890d9ba04b53eb7dba073b90e7de6c,vocals,fake,fft,Mahiya_vocals.wav,17,10
e2d24a44ead1b4713d8674970a61cd8d,vocals,fake,fft,Mahiya_vocals.wav,18,10
74f462437fca82c7fa948b8fded62125,vocals,fake,fft,Mahiya_vocals.wav,19,10
c69f212a5ee15620dac6ba1c3919f905,vocals,fake,fft,Mahiya_vocals.wav,20,10
7e664b0b7f54dcb6cfcd5d3a05943c23,vocals,fake,fft,Mahiya_vocals.wav,21,10
41660fe09f4681a85ddb17d682bd23f2,vocals,fake,fft,Mahiya_vocals.wav,22,10
26592a4cb60406d3f92edf167120673c,vocals,fake,fft,Mahiya_vocals.wav,23,10
d0e1be07564dd34cb12c4ccc2aac3df4,vocals,fake,fft,Mahiya_vocals.wav,24,10
348c32eddce60642cf2b3651fcfaf215,vocals,fake,fft,Mahiya_vocals.wav,25,10
545b4bbe59bf4afe67d35631fad42aef,vocals,fake,fft,Mahiya_vocals.wav,26,10
4698b5b4d40f2004523a63a7adab4ecc,vocals,fake,fft,Mahiya_vocals.wav,27,10
fc23a4a24392519316e9e9c4ddeee036,vocals,fake,fft,Mahiya_vocals.wav,28,10
649e871285b73d2455afaf1ac909bbcc,vocals,fake,fft,Mahiya_vocals.wav,29,10
ddf788d1fc1859eac529912536c8c385,vocals,fake,fft,Mahiya_vocals.wav,30,10
4faf9dfa3cabae857841727e15ab90ae,vocals,fake,fft,Mahiya_vocals.wav,31,10
eb76ff4f28f295d3c30326e4c193d7b8,vocals,fake,fft,Mahiya_vocals.wav,32,10
05162830b09ebd3db210b48d97467067,vocals,fake,fft,Mahiya_vocals.wav,33,10
2d0a76339db7038b4787fc198be75fe9,vocals,fake,fft,Mahiya_vocals.wav,34,10
ea5e7dccc3784b5fc7672cd4253fcd9e,vocals,fake,fft,Mahiya_vocals.wav,35,10
0ac9fa1665df0c9125559da951d01225,vocals,fake,fft,Mahiya_vocals.wav,36,10
acecc320bf99b2e2d9404335cbeb44e0,vocals,fake,fft,Mahiya_vocals.wav,37,10
08c287b4d83eda6a1920f92e82261086,vocals,fake,fft,Mahiya_vocals.wav,38,10
c10f3c265e9cddd1500a374cad28368a,vocals,fake,fft,Mahiya_vocals.wav,39,10
83defe1c468006211eb6d7f83d1959d1,vocals,fake,fft,Mahiya_vocals.wav,40,10
e6dd4f8bc23bfedbe64e6849c698421a,vocals,fake,fft,Mahiya_vocals.wav,41,10
266e812e7d792559cfdf6b13c2922167,vocals,fake,fft,Mahiya_vocals.wav,42,10
81ac5cea54600feef3f1cb2ea83dae4c,vocals,fake,fft,Mahiya_vocals.wav,43,10
9e908ec3ed7c9b0bd60d47df678523bc,vocals,fake,fft,Mahiya_vocals.wav,44,10
2ce4f08f419f339fe64fc60d50b17746,vocals,fake,fft,Mahiya_vocals.wav,45,10
0d22ee46576b6038dee4f25dbcf76b5b,vocals,fake,fft,Mahiya_vocals.wav,46,10
95c5b1e8e69ed12cc528c307b6a008b4,vocals,fake,fft,Mahiya_vocals.wav,47,10
361cc0352f5b8706f9e7acc4f36b65c1,vocals,fake,fft,Mahiya_vocals.wav,48,10
19f8a78e3be8226feefa12c0be603f71,vocals,fake,fft,Mahiya_vocals.wav,49,10
86f85549c9b19595fdc8ae5959ed8b98,vocals,fake,fft,Mahiya_vocals.wav,50,10
de6d2d8aee1cb45884eae66d20250929,vocals,fake,fft,Mahiya_vocals.wav,51,10
6bfb0e096bffce75d99d777c6174e6af,vocals,fake,fft,Mahiya_vocals.wav,52,10
7e4052538e9a5f8a9a0cb8d7a0ae2a13,vocals,fake,fft,Mahiya_vocals.wav,53,10
caf6e62d1da276e6688a17a3b74b8ab7,vocals,fake,fft,Mahiya_vocals.wav,54,10
be562099ba922f64a33958e7c0625f35,vocals,fake,fft,Mahiya_vocals.wav,55,10
92d02ca05e46065462144905083211cd,vocals,fake,fft,Mahiya_vocals.wav,56,10
4c2b01320eb1ac7224012aac6f80448c,vocals,fake,fft,Mahiya_vocals.wav,57,10
111f7c1c1af051620217532fba04cf06,vocals,fake,fft,Mahiya_vocals.wav,58,10
3ecddc7d861155dddc7e6501f25c93bf,vocals,fake,fft,Mahiya_vocals.wav,59,10
a3ddee0503ac683adc93826269b3b13d,vocals,fake,fft,Mahiya_vocals.wav,60,10
9ae4ecc50920d9af5a2c6ddd3bff0f17,vocals,fake,fft,Mahiya_vocals.wav,61,10
e42f5761d4818ed52d2bbf64ff105449,vocals,fake,fft,Mahiya_vocals.wav,62,10
6fd68b339f8b72248986ee8ed32031de,vocals,fake,fft,Mahiya_vocals.wav,63,10
2efc12d620d29bd8142520eada80b282,vocals,fake,fft,Mahiya_vocals.wav,64,10
5913249ff55d5a805e49391f2cd0bdfe,vocals,fake,fft,Mahiya_vocals.wav,65,10
38f4b6831826bef8c5f4098925bc7305,vocals,fake,fft,Mahiya_vocals.wav,66,10
1a37d8f7276cc7720318148f4aa8917a,vocals,fake,fft,Mahiya_vocals.wav,67,10
3a9df0d71a0fbd14ea5b66938c9d2de6,vocals,fake,fft,Mahiya_vocals.wav,68,10
42bb436a4f8473ea140bb58dd75010ba,vocals,fake,fft,Mahiya_vocals.wav,69,10
ed01b72e0cb2b11bed388696e823fd2e,vocals,fake,fft,Mahiya_vocals.wav,70,10
34cd98842924af57f11345fee7387a79,vocals,fake,fft,Mahiya_vocals.wav,71,10
fbfcae314357c9934aeead79e9209d1f,vocals,fake,fft,Mahiya_vocals.wav,72,10
ec1acbb61c0b5980a1926b144e1e0bf1,vocals,fake,fft,Mahiya_vocals.wav,73,10
7368af19f77d164c130d29cbaa8dccdb,vocals,fake,fft,Mahiya_vocals.wav,74,10
e36e161505fbdbc20f79484ba27a144d,vocals,fake,fft,Mahiya_vocals.wav,75,10
1ae1f4b6aedc3ce4542b8764e659e731,vocals,fake,fft,Mahiya_vocals.wav,76,10
700d6f858266f20eb1b9a9f5e7422203,vocals,fake,fft,Mahiya_vocals.wav,77,10
f772bac505d0570f8d7d3d61c5326f98,vocals,fake,fft,Mahiya_vocals.wav,78,10
ba037183c5a5c6d5abb6fabcef487a7e,vocals,fake,fft,Mahiya_vocals.wav,79,10
f762163cbe18a135bc704648c5fd3558,vocals,fake,fft,Mahiya_vocals.wav,80,10
c2afef09231314af886490ed082351a8,vocals,fake,fft,Mahiya_vocals.wav,81,10
deda79e6961f1608184f70232e1cb056,vocals,fake,fft,Mahiya_vocals.wav,82,10
8450780890a10cdc3f1dc96e03c197c6,vocals,fake,fft,Mahiya_vocals.wav,83,10
cdd2313ae5e3336bca96ac0c20690f7e,vocals,fake,fft,Mahiya_vocals.wav,84,10
d5de8a1ba465a8b9256843e74cc1a575,vocals,fake,fft,Mahiya_vocals.wav,85,10
27a2dd61559cb6b1d7ac6a76f389c9bf,vocals,fake,fft,Mahiya_vocals.wav,86,10
9e8f437d47e2610ce33584bec1edc6c3,vocals,fake,fft,Mahiya_vocals.wav,87,10
0e5d092c0ce5b084c3e795a8204cbb2e,vocals,fake,fft,Mahiya_vocals.wav,88,10
a6a766438ab4e135f6370eb4ce8b7fae,vocals,fake,fft,Mahiya_vocals.wav,89,10
026e82d585287043f25cd017299749a2,vocals,fake,fft,Mahiya_vocals.wav,90,10
5d12da3a0bf642a9b388483a79e77791,vocals,fake,fft,Mahiya_vocals.wav,91,10
d10eaf61f29bdc2502abaffab2299b82,vocals,fake,fft,Mahiya_vocals.wav,92,10
24d0eaa148d33eb4f28e5f877569ca44,vocals,fake,fft,Mahiya_vocals.wav,93,10
6b7fb62ac31b2ec9e2739d954ba4cba6,vocals,fake,fft,Mahiya_vocals.wav,94,10
01793e42a9f4454e9b86a189f084a3a6,vocals,fake,fft,Mahiya_vocals.wav,95,10
e3bd5928ea503cbb69a7bb551c5b1840,vocals,fake,fft,Mahiya_vocals.wav,96,10
a32bd4afa31579e0a03049cd3c0437ca,vocals,fake,fft,Mahiya_vocals.wav,97,10
1bdf5fea400b0c4c96b5945f83483fc9,vocals,fake,fft,Mahiya_vocals.wav,98,10
93cd67556d70a76c099c4317a15a4aa8,vocals,fake,fft,Mera Long Gawacha_vocals.wav,0,10
c6bdb10024a5d6a92e8a991d6318c8ac,vocals,fake,fft,Mera Long Gawacha_vocals.wav,1,10
49f0737f5c3f408f911ea838c8a4251c,vocals,fake,fft,Mera Long Gawacha_vocals.wav,2,10
266246ede5e3df33cc81a31903ad3a5a,vocals,fake,fft,Mera Long Gawacha_vocals.wav,3,10
af42642aa3791fe217bea5c99c9939e1,vocals,fake,fft,Mera Long Gawacha_vocals.wav,4,10
294eb659264593d3ea8f8aac684a30eb,vocals,fake,fft,Mera Long Gawacha_vocals.wav,5,10
73f8062b5c451d5615c9884a43c6d68c,vocals,fake,fft,Mera Long Gawacha_vocals.wav,6,10
7778cdba2516aada99cd85005cbcdd9a,vocals,fake,fft,Mera Long Gawacha_vocals.wav,7,10
d253244c0aa8579b73715524757e7cab,vocals,fake,fft,Mera Long Gawacha_vocals.wav,8,10
f88fd5f8dc5313e32c94a1bd55b1ec9b,vocals,fake,fft,Mera Long Gawacha_vocals.wav,9,10
c83b8414b771e192c0cef190f34dac36,vocals,fake,fft,Mera Long Gawacha_vocals.wav,10,10
a8ca5facb77ea3596013a2c826a5c839,vocals,fake,fft,Mera Long Gawacha_vocals.wav,11,10
0c6ef8c2c720e45db0349da9450b2855,vocals,fake,fft,Mera Long Gawacha_vocals.wav,12,10
d0b0a6a328b21b37e61272f203a9146f,vocals,fake,fft,Mera Long Gawacha_vocals.wav,13,10
6530e36357ae5338d629d1b163890582,vocals,fake,fft,Mera Long Gawacha_vocals.wav,14,10
a210589d51266ef027330b0f4980de85,vocals,fake,fft,Mera Long Gawacha_vocals.wav,15,10
011abeb964b72ff005620bdd1ee7b689,vocals,fake,fft,Mera Long Gawacha_vocals.wav,16,10
f2baf91c07e324ce3edcf7e5c1bcc224,vocals,fake,fft,Mera Long Gawacha_vocals.wav,17,10
1314bde36fdcf2b4f354f5f57b0827b7,vocals,fake,fft,Mera Long Gawacha_vocals.wav,18,10
4f43ccb2f80972798807e1baa41db70a,vocals,fake,fft,Mirza Sahiba_vocals.wav,0,10
29b43da7102698c6b16df864913de995,vocals,fake,fft,Mirza Sahiba_vocals.wav,1,10
c697b3b85ee311ad026f0373fd48a640,vocals,fake,fft,Mirza Sahiba_vocals.wav,2,10
b6c8c7e869c625f5d11412f081eb03a8,vocals,fake,fft,Mirza Sahiba_vocals.wav,3,10
e274fa72678724ffc11ceecb90272328,vocals,fake,fft,Mirza Sahiba_vocals.wav,4,10
70203a9a585a8c38a8bbd096e7c45b7c,vocals,fake,fft,Mirza Sahiba_vocals.wav,5,10
4d69453b159b55e676a852e4bf764b20,vocals,fake,fft,Mirza Sahiba_vocals.wav,6,10
22c357ee869e3a7d8eb22b96d2823ea5,vocals,fake,fft,Mirza Sahiba_vocals.wav,7,10
0983598d540b659ace7dff133ef609bc,vocals,fake,fft,Mirza Sahiba_vocals.wav,8,10
2612cf2a73bf152aa3bd117594dc86cc,vocals,fake,fft,Mirza Sahiba_vocals.wav,9,10
91aa7350970b11b8dd282b05bd6e2d89,vocals,fake,fft,Mirza Sahiba_vocals.wav,10,10
afbfab010837240d975983364a2a1065,vocals,fake,fft,Mirza Sahiba_vocals.wav,11,10
40e80dd0d78968a97704745f50ae44df,vocals,fake,fft,Mirza Sahiba_vocals.wav,12,10
c1ed0dcd1ada46ae4249a7edd3b11998,vocals,fake,fft,Mirza Sahiba_vocals.wav,13,10
b2d5ffd3fae79904acfcdb483a2267b4,vocals,fake,fft,Mirza Sahiba_vocals.wav,14,10
efa2d620d33e9313a6bc28edfadce455,vocals,fake,fft,Mirza Sahiba_vocals.wav,15,10
7da7411d961eaa1538af8195e01aea89,vocals,fake,fft,Mirza Sahiba_vocals.wav,16,10
53720d1ecdfe1668639f6d3e798235c6,vocals,fake,fft,Mirza Sahiba_vocals.wav,17,10
2e47e07c08751eb2d0afb9f1e3efbb17,vocals,fake,fft,Mirza Sahiba_vocals.wav,18,10
2759d104f8e28eec30b4bdba7e5aae3f,vocals,fake,fft,Mirza Sahiba_vocals.wav,19,10
32ec383d694d914fa5a342e75a850d8d,vocals,fake,fft,Mohabbatan De Dhol_vocals.wav,0,10
25f6107f088ea27cc16525acca1c6ba1,vocals,fake,fft,Mohabbatan De Dhol_vocals.wav,1,10
c113a70b4348b6cdd9c407acf30f1121,vocals,fake,fft,Mohabbatan De Dhol_vocals.wav,2,10
9c9b6ee440945a85ce022bd6db1a3782,vocals,fake,fft,Mohabbatan De Dhol_vocals.wav,3,10
588356baaa1899d6308ac04fa20b836a,vocals,fake,fft,Mohabbatan De Dhol_vocals.wav,4,10
35653e38bb2388a07e90aa2baf3e5072,vocals,fake,fft,Mohabbatan De Dhol_vocals.wav,5,10
8e42f0551bc41122111da3f4dfc4c3f6,vocals,fake,fft,Mohabbatan De Dhol_vocals.wav,6,10
b8113cb956fa292870953db8e95b0d3d,vocals,fake,fft,Mohabbatan De Dhol_vocals.wav,7,10
0895241d918d6f1ef33d25ccebfaaf66,vocals,fake,fft,Mohabbatan De Dhol_vocals.wav,8,10
af05fbd313fa260ff05a47be78ce1309,vocals,fake,fft,Mohabbatan De Dhol_vocals.wav,9,10
a6f4dda8c40444048259e44a3b44ab06,vocals,fake,fft,Mohabbatan De Dhol_vocals.wav,10,10
099777b3fd320c0d3c03031c8696326a,vocals,fake,fft,Mohabbatan De Dhol_vocals.wav,11,10
103ff11f44af5df021988bd11d1bd5a1,vocals,fake,fft,Mohabbatan De Dhol_vocals.wav,12,10
3ccab8e117244100e6a0856be55c84f4,vocals,fake,fft,Mohabbatan De Dhol_vocals.wav,13,10
c75cae5b0c524a640592e8af4516af6a,vocals,fake,fft,Mohabbatan De Dhol_vocals.wav,14,10
343cdcd6de6af817db80e4b37b84ad49,vocals,fake,fft,Mohabbatan De Dhol_vocals.wav,15,10
23f7e91e1351d28b1a0a3acd69143b3c,vocals,fake,fft,Mohabbatan De Dhol_vocals.wav,16,10
4b86415aecad129023de521c184a0e3f,vocals,fake,fft,Mohabbatan De Dhol_vocals.wav,17,10
66440bda0bf5abde0f9a45eed6aa3d26,vocals,fake,fft,Mohabbatan De Dhol_vocals.wav,18,10
33b833dfe3fbc4cb5dcba2e7ca86f85d,vocals,fake,fft,Mohabbatan De Dhol_vocals.wav,19,10
2f6d87f13daa731df8e298d05f9274fb,vocals,fake,fft,Mohabbatan De Dhol_vocals.wav,20,10
20fd412fdfc3a61a3d8b87880547c10f,vocals,fake,fft,Mohabbatan De Dhol_vocals.wav,21,10
55c4558d9526165119a44b2a34111280,vocals,fake,fft,Mohabbatan De Dhol_vocals.wav,22,10
01085e160a98705b80f7ca1e7eb4ac9b,vocals,fake,fft,Mohabbatan De Dhol_vocals.wav,23,10
76276824390325e898b41acae3d03f9c,vocals,fake,fft,Mohabbatan De Dhol_vocals.wav,24,10
db9af00e62db8da673fc675ef6665d09,vocals,fake,fft,Mohabbatan De Dhol_vocals.wav,25,10
9b662921970742ada174cd6bcd32732b,vocals,fake,fft,Mohabbatan De Dhol_vocals.wav,26,10
0adabb425385718f5b0b1353701f345d,vocals,fake,fft,Mohabbatan De Dhol_vocals.wav,27,10
9cddb808f03512f78af401800c1a0009,vocals,fake,fft,Mohabbatan De Dhol_vocals.wav,28,10
35c0c7972e1c29e174929317c4135c59,vocals,fake,fft,Mohabbatan De Dhol_vocals.wav,29,10
59f2ea02180e8cbfd648c29d6f12ee22,vocals,fake,fft,Mohabbatan De Dhol_vocals.wav,30,10
a71fe03a7f3fa3aee9a31e7612589086,vocals,fake,fft,Mohabbatan De Dhol_vocals.wav,31,10
85f3cbb0a34e400685c0267ff9b1f984,vocals,fake,fft,Mohabbatan De Dhol_vocals.wav,32,10
bca71a8939c33b22219c6b2b30bdc3af,vocals,fake,fft,Mohabbatan De Dhol_vocals.wav,33,10
909a320dcffcd771e0753251a5197ca3,vocals,fake,fft,Mohabbatan De Dhol_vocals.wav,34,10
55aa13e7d56bd628a25178bdd622ec47,vocals,fake,fft,Mohabbatan De Dhol_vocals.wav,35,10
17319126d4aa612948220628a08bc767,vocals,fake,fft,Mohabbatan De Dhol_vocals.wav,36,10
6efb00ee513412657ccc94917af34e86,vocals,fake,fft,Mohabbatan De Dhol_vocals.wav,37,10
4523fea77dda9391e7790dcc65fa5460,vocals,fake,fft,Mohabbatan De Dhol_vocals.wav,38,10
dce9524a1ef3b77d0453b4510df6a20a,vocals,fake,fft,Mohabbatan De Dhol_vocals.wav,39,10
f4be97d151cceeb38734789384cd2836,vocals,fake,fft,Mohabbatan De Dhol_vocals.wav,40,10
19a3ae1b87eaeaccc30fae1ecd01236e,vocals,fake,fft,Mohabbatan De Dhol_vocals.wav,41,10
5609c82952edf748e5c76e21befc4dab,vocals,fake,fft,Mohabbatan De Dhol_vocals.wav,42,10
ada4d9ffba444ab3046c9b6611caca91,vocals,fake,fft,Mohabbatan De Dhol_vocals.wav,43,10
72f31ff65aa63f773229eaae24cc999f,vocals,fake,fft,Mohabbatan De Dhol_vocals.wav,44,10
9e99dc88385eddf997949b632f0522f9,vocals,fake,fft,Naah_vocals.wav,0,10
a9947fce1220b6dec65819f7d1dfd67b,vocals,fake,fft,Naah_vocals.wav,1,10
3a20c6a0b194c1b9b98a792031f2b6ea,vocals,fake,fft,Naah_vocals.wav,2,10
f240a13481ec3c8e40e3b58af427b5f3,vocals,fake,fft,Naah_vocals.wav,3,10
b03d43342d0da2aff19b0730edbf66ac,vocals,fake,fft,Naah_vocals.wav,4,10
5a4e7cba379374c65931d99fbfa498fc,vocals,fake,fft,Naah_vocals.wav,5,10
248225e5591ed4ba7f8d654f03d372f5,vocals,fake,fft,Naah_vocals.wav,6,10
4a8903b17243cec87b0a0a6500e683e2,vocals,fake,fft,Naah_vocals.wav,7,10
d75952cd9e76e84ea85a8dbc9d5759d5,vocals,fake,fft,Naah_vocals.wav,8,10
835cbdb89b5a027bc87cfaa7cb85c565,vocals,fake,fft,Naah_vocals.wav,9,10
453cf9c6a1d3f410e52b47996a7c251a,vocals,fake,fft,Naah_vocals.wav,10,10
57a4157afe2cf221f5e0ff805d84dd5f,vocals,fake,fft,Naah_vocals.wav,11,10
e6b1f014a56f6da31117ea200353bd91,vocals,fake,fft,Naah_vocals.wav,12,10
161d701408d5519487aa3578fc0ffbd5,vocals,fake,fft,Naah_vocals.wav,13,10
7342ba30a004adeef009ca58955f00b7,vocals,fake,fft,Naah_vocals.wav,14,10
f0635a5412f085a45407b0ed0f33cb59,vocals,fake,fft,Naah_vocals.wav,15,10
be95b9b20ea04ca14d87f18bb90d6b57,vocals,fake,fft,Naah_vocals.wav,16,10
999297906fa557781ae384ca320ea035,vocals,fake,fft,Naah_vocals.wav,17,10
f661d1b045769884c5837e05dd86a720,vocals,fake,fft,Naah_vocals.wav,18,10
f7b1b1236c2e08f48c495b7b74653a78,vocals,fake,fft,Naah_vocals.wav,19,10
2791f0a6d9c430ada390249c92074f3c,vocals,fake,fft,Pagal_vocals.wav,0,10
0f1abef6ca3b3b80c63043f535031358,vocals,fake,fft,Pagal_vocals.wav,1,10
27d866e50fef425dc7781748e5e56c4f,vocals,fake,fft,Pagal_vocals.wav,2,10
4d7b9e7eab82cc1845e5b069503b381f,vocals,fake,fft,Pagal_vocals.wav,3,10
e080e5d79b149736e27ad836f61684ae,vocals,fake,fft,Palazzo_vocals.wav,0,10
e954f4614df0f086e1a6ead6e0318caf,vocals,fake,fft,Palazzo_vocals.wav,1,10
e2b4a6b89e4477bdb731a162d9da98e4,vocals,fake,fft,Palazzo_vocals.wav,2,10
fd755e00dde7ae96eca931cdb2ce37a1,vocals,fake,fft,Palazzo_vocals.wav,3,10
30d2509efdffe69b73e1b281b268ecf9,vocals,fake,fft,Palazzo_vocals.wav,4,10
6ea5c548e1b26a4ccdec9f6e3b379495,vocals,fake,fft,Palazzo_vocals.wav,5,10
ff459a0a588b0681221e7b2dd36b7bc9,vocals,fake,fft,Palazzo_vocals.wav,6,10
cbe7bb186084f291b00cf95673080f92,vocals,fake,fft,Palazzo_vocals.wav,7,10
7505aa8d2837c8a313a74c4860c6292d,vocals,fake,fft,Palazzo_vocals.wav,8,10
febe9b07efa7f07a5c15b9231e5cfe07,vocals,fake,fft,Palazzo_vocals.wav,9,10
7021b440c10d50fd7ca37b24995a67ee,vocals,fake,fft,Palazzo_vocals.wav,10,10
f157137b73cefd0ef1371d64e2bc6fe6,vocals,fake,fft,Palazzo_vocals.wav,11,10
b7fcdb4ffc6b0fc7a5da425198c3b5ab,vocals,fake,fft,Palazzo_vocals.wav,12,10
1dc9719b61c9953a24e0cf4679192404,vocals,fake,fft,Palazzo_vocals.wav,13,10
e484fbb8c9d8a5f639f2fe633f6fc91a,vocals,fake,fft,Palazzo_vocals.wav,14,10
07b66880965f6901fc61d272a0d074a2,vocals,fake,fft,Palazzo_vocals.wav,15,10
5ddc25448407dfba440b09f546936de1,vocals,fake,fft,Palazzo_vocals.wav,16,10
c3e555382923a4e77d0bfe5861f74022,vocals,fake,fft,Palazzo_vocals.wav,17,10
261c7b6bd617619079ab4c682a010d08,vocals,fake,fft,Palazzo_vocals.wav,18,10
810afe67475d09f3ebf3818a9acdf03c,vocals,fake,fft,Palazzo_vocals.wav,19,10
b71d020c12617a06d434bc0983c534e0,vocals,fake,fft,Palazzo_vocals.wav,20,10
91eee1f1fe6115d539bf8aec78cb64a2,vocals,fake,fft,Palazzo_vocals.wav,21,10
8cce20f18de6dde18e462b2a86720ca3,vocals,fake,fft,Palazzo_vocals.wav,22,10
a94a67f2832e3cd758fe121389fe9b7a,vocals,fake,fft,Photo_vocals.wav,0,10
bee65d5ab2327d696a0145cf2b3d2df9,vocals,fake,fft,Photo_vocals.wav,1,10
445e5b60871a6fdd0df1e6541c5090a4,vocals,fake,fft,Photo_vocals.wav,2,10
61271e9ad9281f3915ecd42747a0f6e7,vocals,fake,fft,Photo_vocals.wav,3,10
08d131429bc1692786a847ff10c1be53,vocals,fake,fft,Photo_vocals.wav,4,10
5e3f46da6e3bfaaba18bdb6575b66f1b,vocals,fake,fft,Photo_vocals.wav,5,10
54001af92cfa7960065a9d7416b203eb,vocals,fake,fft,Photo_vocals.wav,6,10
5d93780ddf8234d2d6b268dd93524668,vocals,fake,fft,Photo_vocals.wav,7,10
b3639b9601a92dd21d38da4cb65feaca,vocals,fake,fft,Photo_vocals.wav,8,10
2ce1bdb32fb92961bc98a3abb45ac236,vocals,fake,fft,Photo_vocals.wav,9,10
c97e74188384fb4f14eb9ff6d8ad4d6d,vocals,fake,fft,Photo_vocals.wav,10,10
b797f4854a3fc52de0bdbc8f308839a4,vocals,fake,fft,Photo_vocals.wav,11,10
7bb7c6dc96287c352d5922cda73bbf2a,vocals,fake,fft,Photo_vocals.wav,12,10
aae331f89801190864a8ace304827693,vocals,fake,fft,Photo_vocals.wav,13,10
58e37afe0516dbd8a309f990d7ce3a3c,vocals,fake,fft,Photo_vocals.wav,14,10
ad71a1f22cb03621551e3d8f5de36767,vocals,fake,fft,Photo_vocals.wav,15,10
3eb670330769808af7e159fbe41d8653,vocals,fake,fft,Photo_vocals.wav,16,10
20fa59036fdcfb6926ab398805466953,vocals,fake,fft,Photo_vocals.wav,17,10
2999d68360f28d570d9c0b083466d45a,vocals,fake,fft,Photo_vocals.wav,18,10
920aead251bf0c33c1e691db23adfc39,vocals,fake,fft,Photo_vocals.wav,19,10
19bfac7bfc176ae5b96a42d85017adcd,vocals,fake,fft,Photo_vocals.wav,20,10
b9240f5a5d29ecec9a087fb141834bf2,vocals,fake,fft,Photo_vocals.wav,21,10
f0015c14c44a01a993f4dde84f750635,vocals,fake,fft,Photo_vocals.wav,22,10
8566fde5358b01854e9a94eb0fe5e322,vocals,fake,fft,Prada_vocals.wav,0,10
0013a3521c2dd535565ffc589501dba3,vocals,fake,fft,Prada_vocals.wav,1,10
18f1784bdee2697e6d063f35a7f5d0a6,vocals,fake,fft,Prada_vocals.wav,2,10
8d1a3776825dd7517a1cbbddb398e99d,vocals,fake,fft,Prada_vocals.wav,3,10
1740722f4b8f7fcc7f493baea9fa0d51,vocals,fake,fft,Prada_vocals.wav,4,10
853ceb830a2b11d2fb8ee2163fd393eb,vocals,fake,fft,Prada_vocals.wav,5,10
cb50eb5ff3fd379bd9cf7538142e72a7,vocals,fake,fft,Prada_vocals.wav,6,10
63b16a05c50f987724e56d4a94f4609e,vocals,fake,fft,Prada_vocals.wav,7,10
5551edc500e6ce0c68b7f0734524fee8,vocals,fake,fft,Prada_vocals.wav,8,10
d0bd12a7a63917742a763412166e62b5,vocals,fake,fft,Prada_vocals.wav,9,10
bb00023032cf2a00c2b1d9447cac5cac,vocals,fake,fft,Prada_vocals.wav,10,10
859aec52e83b2309b73a995b02f0af63,vocals,fake,fft,Prada_vocals.wav,11,10
e9d3ecf3ee39fa96fafc30728c342c83,vocals,fake,fft,Prada_vocals.wav,12,10
3e14292662e050208d2725817a90cc99,vocals,fake,fft,Prada_vocals.wav,13,10
595bb3398ca17ff7587c8b9b9d36f554,vocals,fake,fft,Prada_vocals.wav,14,10
ebe5baf4471c522db730cdf377d9f91c,vocals,fake,fft,Prada_vocals.wav,15,10
6b6ab36a40a86addae72c160ff65542d,vocals,fake,fft,Prada_vocals.wav,16,10
65822414d08587428fc72e960096c137,vocals,fake,fft,Proper Patola_vocals.wav,0,10
1023b9ff980de14c81afeb17c1c48c61,vocals,fake,fft,Proper Patola_vocals.wav,1,10
1fe54587ef7be4f85b11f5778e8e274c,vocals,fake,fft,Proper Patola_vocals.wav,2,10
a3b904a3ceb6861da7dd50eeb1a17aff,vocals,fake,fft,Proper Patola_vocals.wav,3,10
9e75a0cd2134b09cecb666652f4c51b7,vocals,fake,fft,Proper Patola_vocals.wav,4,10
f1c75e940c21bd20f6eba4320d4d61d4,vocals,fake,fft,Proper Patola_vocals.wav,5,10
010cb4aa249075b0e6fadd327722b432,vocals,fake,fft,Proper Patola_vocals.wav,6,10
7d7c95580423d2ec42898d38e4d239e5,vocals,fake,fft,Proper Patola_vocals.wav,7,10
8bdea764cfa174334d0c1bd0d156ad71,vocals,fake,fft,Proper Patola_vocals.wav,8,10
baf6a6b648f37b79061ee6b11ed73fb1,vocals,fake,fft,Proper Patola_vocals.wav,9,10
c982939e48954b1f6611406631f5f89c,vocals,fake,fft,Proper Patola_vocals.wav,10,10
870acbf2aa2f29593bc4452c46f3126e,vocals,fake,fft,Proper Patola_vocals.wav,11,10
8f4a98223f12e3ebc5a7638c0a92b284,vocals,fake,fft,Proper Patola_vocals.wav,12,10
339f6fc5698cf5cd2e914120e8a24035,vocals,fake,fft,Proper Patola_vocals.wav,13,10
3a5d3e0f1d7732492c18e246d2bbb1e8,vocals,fake,fft,Proper Patola_vocals.wav,14,10
16c3d82e3e74ec473553d7eaddd57c22,vocals,fake,fft,Sada Chiriyan Da Chamba Ve_vocals.wav,0,10
9aa999cf5bd446fe2dcdff416e20bd4f,vocals,fake,fft,Sada Chiriyan Da Chamba Ve_vocals.wav,1,10
d7de2ff59fd5aae05cc9f3bc146a2034,vocals,fake,fft,Sada Chiriyan Da Chamba Ve_vocals.wav,2,10
781b379498829234b573d2ae7320544f,vocals,fake,fft,Sada Chiriyan Da Chamba Ve_vocals.wav,3,10
fce3f9f033719ae4496510d267047fd4,vocals,fake,fft,Sada Chiriyan Da Chamba Ve_vocals.wav,4,10
f85b18ac491e4037e4d4f639f8276517,vocals,fake,fft,Sada Chiriyan Da Chamba Ve_vocals.wav,5,10
113a94ef41adc3ecb5127519e83bac58,vocals,fake,fft,Sada Chiriyan Da Chamba Ve_vocals.wav,6,10
afe3e22a302eee14554661fb7dd79dbf,vocals,fake,fft,Sada Chiriyan Da Chamba Ve_vocals.wav,7,10
ad8c9f3b8166bb58759abe309754c182,vocals,fake,fft,Sada Chiriyan Da Chamba Ve_vocals.wav,8,10
e32dd10648dd355dc06321867736b5ca,vocals,fake,fft,Sada Chiriyan Da Chamba Ve_vocals.wav,9,10
ee6c5da3c08d806a533d2f17c4ce9d9a,vocals,fake,fft,Sada Chiriyan Da Chamba Ve_vocals.wav,10,10
56571593aea11f87822f3a5379976876,vocals,fake,fft,Sada Chiriyan Da Chamba Ve_vocals.wav,11,10
f244680807912e84a9606b4bdd615446,vocals,fake,fft,Sada Chiriyan Da Chamba Ve_vocals.wav,12,10
d623119aacbc785115cce315725e2c16,vocals,fake,fft,Sada Chiriyan Da Chamba Ve_vocals.wav,13,10
a035bbf731f204fed49858b273a12b5d,vocals,fake,fft,Sada Chiriyan Da Chamba Ve_vocals.wav,14,10
b17336461ab55fdea6229ce7f4664b63,vocals,fake,fft,Sada Chiriyan Da Chamba Ve_vocals.wav,15,10
85ea837992911f30b4e3a504874e7491,vocals,fake,fft,Sada Chiriyan Da Chamba Ve_vocals.wav,16,10
202a1ffade586fd24cd3462b71c075fb,vocals,fake,fft,Sada Chiriyan Da Chamba Ve_vocals.wav,17,10
0b56004c72894ed0baa649b8b0321b2f,vocals,fake,fft,Sada Chiriyan Da Chamba Ve_vocals.wav,18,10
757d20e85f78a3222eb61f596402c53f,vocals,fake,fft,Sada Chiriyan Da Chamba Ve_vocals.wav,19,10
50a4be112984ec4f1846e270358ce206,vocals,fake,fft,Sada Chiriyan Da Chamba Ve_vocals.wav,20,10
37c0a490ac4917dd0f081b4c65724489,vocals,fake,fft,Sada Chiriyan Da Chamba Ve_vocals.wav,21,10
782de9f1bbdc34827d3b59f369547dec,vocals,fake,fft,Sada Chiriyan Da Chamba Ve_vocals.wav,22,10
1cf15456f51511e4d89cd2de5abe0a0b,vocals,fake,fft,Sada Chiriyan Da Chamba Ve_vocals.wav,23,10
0c11347bcdecefdfd76af0e13b71e1ba,vocals,fake,fft,Sakhiyaan_vocals.wav,0,10
bb5df33e54744f656dafa95f3a5270ee,vocals,fake,fft,Sakhiyaan_vocals.wav,1,10
556bfcf2f19ca49668b7bf1503995f25,vocals,fake,fft,Sakhiyaan_vocals.wav,2,10
42b65323830d1f05a45ab2063c8958c5,vocals,fake,fft,Sakhiyaan_vocals.wav,3,10
9b5aa3f98bacea1a6726a17b967b1071,vocals,fake,fft,Sakhiyaan_vocals.wav,4,10
864055b2563ca88bade778164db4d428,vocals,fake,fft,Sakhiyaan_vocals.wav,5,10
9881166d2583099447c6163a3f9ab857,vocals,fake,fft,Sakhiyaan_vocals.wav,6,10
d0d42bef39838333971a196a219563c4,vocals,fake,fft,Sakhiyaan_vocals.wav,7,10
4557fe741cea637dbff9e6ecf6b77739,vocals,fake,fft,Sakhiyaan_vocals.wav,8,10
0e7f30640782833d8e60f6a4bb2656b2,vocals,fake,fft,Sakhiyaan_vocals.wav,9,10
a704e98a787e80df73ed46f299e34b33,vocals,fake,fft,Sakhiyaan_vocals.wav,10,10
445d5ec5725cbc28b1ac349f550e20cb,vocals,fake,fft,Sakhiyaan_vocals.wav,11,10
283f930fdd6574368ed435bcfc6ba93d,vocals,fake,fft,Sakhiyaan_vocals.wav,12,10
0303b5966b99e4fb7ebec7df775e9509,vocals,fake,fft,Sakhiyaan_vocals.wav,13,10
4c74ac752d9b3378d0f7142583d72dbd,vocals,fake,fft,Sakhiyaan_vocals.wav,14,10
6e6b804a37200c1388f95e260ea1838d,vocals,fake,fft,Sakhiyaan_vocals.wav,15,10
67543bc9e891b6780457ba14a6fc6270,vocals,fake,fft,Sakhiyaan_vocals.wav,16,10
01e7b5f4df6dfc5064c744694935e9ad,vocals,fake,fft,Sakhiyaan_vocals.wav,17,10
eff8d83d08776e5b4fe36547879b2bfb,vocals,fake,fft,Sakhiyaan_vocals.wav,18,10
a100e1f6afd198836268de545ec058eb,vocals,fake,fft,Sakhiyaan_vocals.wav,19,10
08f74be19498230332a5b3da8e0bf948,vocals,fake,fft,Sakhiyaan_vocals.wav,20,10
1cde75c90a503533f30e72765bb9981f,vocals,fake,fft,Sakhiyaan_vocals.wav,21,10
3f4834b3c7ae0658152652cf97b8524d,vocals,fake,fft,Sakhiyaan_vocals.wav,22,10
c8f4b0d5a76ad7d2964fcf2d03603ae1,vocals,fake,fft,Sakhiyaan_vocals.wav,23,10
635ab8b530ae359de1481fc294e9e3ac,vocals,fake,fft,Sakhiyaan_vocals.wav,24,10
a334640e71bb12d99397279d7b3c776f,vocals,fake,fft,Sakhiyaan_vocals.wav,25,10
6114f378168bbdfb97278bdc6c4329b8,vocals,fake,fft,Sakhiyaan_vocals.wav,26,10
221fee725e36027a781b9c13d9ac86f0,vocals,fake,fft,Sakhiyaan_vocals.wav,27,10
5e91a4af864f1490bef65880fd498e99,vocals,fake,fft,Sakhiyaan_vocals.wav,28,10
d41bbecf5f4cdab1b7d400cb92c2978b,vocals,fake,fft,Sakhiyaan_vocals.wav,29,10
dbd81abb70c7a5a4d37c73dc3b7fa24e,vocals,fake,fft,Sakhiyaan_vocals.wav,30,10
5d4ef2e8c90ca9ea79196c2d227fc91b,vocals,fake,fft,Sakhiyaan_vocals.wav,31,10
80a8ca6487729a8b6520c792095f4f45,vocals,fake,fft,Sakhiyaan_vocals.wav,32,10
3f504d971e3e16daea2b26e881d90770,vocals,fake,fft,Sakhiyaan_vocals.wav,33,10
5029ee4d89b269a158432b610fbcd160,vocals,fake,fft,Sakhiyaan_vocals.wav,34,10
e12770fe4eb74816f8b2207c096d51fd,vocals,fake,fft,Sakhiyaan_vocals.wav,35,10
8e861dc50854a10a27a052a533a5aef6,vocals,fake,fft,Sakhiyaan_vocals.wav,36,10
a78014f18cfa2e3d0a13d0e2a586c74f,vocals,fake,fft,Sakhiyaan_vocals.wav,37,10
168ce24ed6d8b69b1c801b38dd8ba648,vocals,fake,fft,Sarke Sarke Jandiye Mutiare Ni_vocals.wav,0,10
fcddec51159ccf221046f0f611fd9d03,vocals,fake,fft,Sarke Sarke Jandiye Mutiare Ni_vocals.wav,1,10
b511e29c0d84414bda710009fa5679d0,vocals,fake,fft,Sarke Sarke Jandiye Mutiare Ni_vocals.wav,2,10
650d0dfdc861b1e5cfaa76c9d6a9974b,vocals,fake,fft,Sarke Sarke Jandiye Mutiare Ni_vocals.wav,3,10
c45d822fbe43551e360bb4d79d00e7d9,vocals,fake,fft,Sarke Sarke Jandiye Mutiare Ni_vocals.wav,4,10
d54717d05f37e912eec5632ee0f1cd42,vocals,fake,fft,Sarke Sarke Jandiye Mutiare Ni_vocals.wav,5,10
ef0535d4a94e028a0e5d00fd83474dc1,vocals,fake,fft,Sarke Sarke Jandiye Mutiare Ni_vocals.wav,6,10
95900aadc43b5dd5c724c10d9b3a1672,vocals,fake,fft,Sarke Sarke Jandiye Mutiare Ni_vocals.wav,7,10
21ed6845c43910d46fbf2509ebac3d4a,vocals,fake,fft,Sarke Sarke Jandiye Mutiare Ni_vocals.wav,8,10
512b5c392c2292bdbf3cba1c32b7d114,vocals,fake,fft,Sarke Sarke Jandiye Mutiare Ni_vocals.wav,9,10
97c0da18425595bc3f7729ceff872332,vocals,fake,fft,Sarke Sarke Jandiye Mutiare Ni_vocals.wav,10,10
fbc086a5f778a33b5da7b2cd744a7bd5,vocals,fake,fft,Sarke Sarke Jandiye Mutiare Ni_vocals.wav,11,10
95920793e7daf2ff212d9b53df444768,vocals,fake,fft,Sarke Sarke Jandiye Mutiare Ni_vocals.wav,12,10
a31de0fe4d9f42925bf1fa9979715a92,vocals,fake,fft,Sarke Sarke Jandiye Mutiare Ni_vocals.wav,13,10
37a272a4c05e17d7dadda2dc8a748f50,vocals,fake,fft,Sarke Sarke Jandiye Mutiare Ni_vocals.wav,14,10
536a08a8799412b872542de49f695f9e,vocals,fake,fft,Sarke Sarke Jandiye Mutiare Ni_vocals.wav,15,10
e4f50d36fa49c3b00ff73906c98f57c9,vocals,fake,fft,Sarke Sarke Jandiye Mutiare Ni_vocals.wav,16,10
8eb66fcba4e1421746172d6c41e3e97b,vocals,fake,fft,Sarke Sarke Jandiye Mutiare Ni_vocals.wav,17,10
383a3cbaac2ca053a19a51afddd33ae6,vocals,fake,fft,Sarke Sarke Jandiye Mutiare Ni_vocals.wav,18,10
d08d48b06d45db74493036fdc896c832,vocals,fake,fft,Sarke Sarke Jandiye Mutiare Ni_vocals.wav,19,10
d9524c7a243f89220d34ece81a12ba59,vocals,fake,fft,Sarke Sarke Jandiye Mutiare Ni_vocals.wav,20,10
eee29da477248d06614be1c62ca07fae,vocals,fake,fft,Sarke Sarke Jandiye Mutiare Ni_vocals.wav,21,10
1735ddf030a0d07baf1f77823aa27ac0,vocals,fake,fft,Sarke Sarke Jandiye Mutiare Ni_vocals.wav,22,10
91d22159561e5404c30bbb72837497a6,vocals,fake,fft,Sarke Sarke Jandiye Mutiare Ni_vocals.wav,23,10
3eddc0ab38183d3129d58164b531e9ba,vocals,fake,fft,Sarke Sarke Jandiye Mutiare Ni_vocals.wav,24,10
54bae11cd244525e1a136824784729f0,vocals,fake,fft,Sarke Sarke Jandiye Mutiare Ni_vocals.wav,25,10
8c26f32b693c880164dbcdd05e5910ba,vocals,fake,fft,Sarke Sarke Jandiye Mutiare Ni_vocals.wav,26,10
977e53b5a7d2869167f3299674f8588a,vocals,fake,fft,Sarke Sarke Jandiye Mutiare Ni_vocals.wav,27,10
46ee9f4e34cb93c2b766d2740b44affc,vocals,fake,fft,Sarke Sarke Jandiye Mutiare Ni_vocals.wav,28,10
46ce5eceb2b87f609bc88b182f84ddf2,vocals,fake,fft,Sarke Sarke Jandiye Mutiare Ni_vocals.wav,29,10
3c642a62c0517458b7a57a3aec9786d0,vocals,fake,fft,Sarke Sarke Jandiye Mutiare Ni_vocals.wav,30,10
b69abccaa4a629b4704f0645f429323f,vocals,fake,fft,Saturday Saturday_vocals.wav,0,10
28ca352ed4459844e461f20070f03633,vocals,fake,fft,Saturday Saturday_vocals.wav,1,10
4e68ab8a6252a2a8ddd55583d5e7875c,vocals,fake,fft,Saturday Saturday_vocals.wav,2,10
070b1138ba3b848648ac895e99159e37,vocals,fake,fft,Saturday Saturday_vocals.wav,3,10
1b9bccf8b328b82cd9f3fcea236b6e0b,vocals,fake,fft,Saturday Saturday_vocals.wav,4,10
52f6b96e5478e2dc675fae4d897e80bf,vocals,fake,fft,Saturday Saturday_vocals.wav,5,10
9bef22942ed81ba38e8e4f279adf1f25,vocals,fake,fft,Saturday Saturday_vocals.wav,6,10
fb019c8701836b85554a2a07d45ae78f,vocals,fake,fft,Saturday Saturday_vocals.wav,7,10
bae1e299b9684a996ade1bc0ff000bac,vocals,fake,fft,Saturday Saturday_vocals.wav,8,10
8989687cb69a85dbb26656361cb48491,vocals,fake,fft,Saturday Saturday_vocals.wav,9,10
62c3953b6fb1ba7deecbe951c47b56b8,vocals,fake,fft,Saturday Saturday_vocals.wav,10,10
57548e65506d680e4a0ab2b628f3b291,vocals,fake,fft,Saturday Saturday_vocals.wav,11,10
4707689b3293ec3401366d4cb34a7c5a,vocals,fake,fft,Saturday Saturday_vocals.wav,12,10
9a76e00b8490a8c4d872ebbce6fe40c6,vocals,fake,fft,Saturday Saturday_vocals.wav,13,10
b6df08c62097fcb175f78d6c2d9e7c6d,vocals,fake,fft,Saturday Saturday_vocals.wav,14,10
5bb5d812b1b11c2551687f4597a4d01b,vocals,fake,fft,Saturday Saturday_vocals.wav,15,10
3d74be3ae858635c46510dcc89316555,vocals,fake,fft,Saturday Saturday_vocals.wav,16,10
143203603c13934180fa0a45247cd4f6,vocals,fake,fft,Saturday Saturday_vocals.wav,17,10
b82f9c203c84e986b3bedcfa4c328e11,vocals,fake,fft,Saturday Saturday_vocals.wav,18,10
3fcd03687c958ae57f7ab2f8b6c58950,vocals,fake,fft,Saturday Saturday_vocals.wav,19,10
08af4f4511ddc9f4e09e3f781d63eb2b,vocals,fake,fft,Saturday Saturday_vocals.wav,20,10
a37320f1c5ab93d668965b38cf5c3a0c,vocals,fake,fft,Sniper_vocals.wav,0,10
19d5367b0915aee7005a7a8f0d10a74d,vocals,fake,fft,Sniper_vocals.wav,1,10
6d47a666b3be10c5b6ba33cae62de05a,vocals,fake,fft,Sniper_vocals.wav,2,10
13a51251727520ba388c24938bc5d3c6,vocals,fake,fft,Sniper_vocals.wav,3,10
3214b5feea9833882a03c199bb8c4261,vocals,fake,fft,Sniper_vocals.wav,4,10
2c66d821e8e50861f273658fefc01344,vocals,fake,fft,Sniper_vocals.wav,5,10
f6e703ed68f51b8457e003e8efb4ed6f,vocals,fake,fft,Sniper_vocals.wav,6,10
9cefa90c9c06f4aab3faf964e0f1efe7,vocals,fake,fft,Sniper_vocals.wav,7,10
08c59c9aaff1b4df071706792729086c,vocals,fake,fft,Sniper_vocals.wav,8,10
d99475892c7f2c3badd355705254367e,vocals,fake,fft,Sniper_vocals.wav,9,10
b8b72de6899f49190b0cf101656976b8,vocals,fake,fft,Sniper_vocals.wav,10,10
91b372d53b0199ac5a770da1a099bd57,vocals,fake,fft,Sniper_vocals.wav,11,10
cd78d717390f32cd64745aac67109d42,vocals,fake,fft,Sniper_vocals.wav,12,10
41c9e22a38014203ed6086d1b202a183,vocals,fake,fft,Sniper_vocals.wav,13,10
6a8d120c70519a5236fd69b1c8077c21,vocals,fake,fft,Sniper_vocals.wav,14,10
c5a0ffd2c9515f0a6371bd68a709fe8c,vocals,fake,fft,Sniper_vocals.wav,15,10
c2509954aacc16dd0bb10b8c42ed3bdc,vocals,fake,fft,Sniper_vocals.wav,16,10
e9b896c44a05abd02706a8bc01c5a076,vocals,fake,fft,Sniper_vocals.wav,17,10
3ef888b3d50c8de84ab24da02b240aa5,vocals,fake,fft,Sniper_vocals.wav,18,10
752f3cfdc2fe8da0edad1990140a4cb6,vocals,fake,fft,So High_vocals.wav,0,10
7b973eb7a040dde20e4cd41e5966e704,vocals,fake,fft,So High_vocals.wav,1,10
ef7c7ae48f2d22168caff3561005be1b,vocals,fake,fft,So High_vocals.wav,2,10
adfe56e1faf15e78ed05423d34a9fc1c,vocals,fake,fft,So High_vocals.wav,3,10
4a7add2d0fabfcadde43abfe4c8018c9,vocals,fake,fft,So High_vocals.wav,4,10
9da6f12d9ae86bfaf7055f515cc115d7,vocals,fake,fft,So High_vocals.wav,5,10
5a53329c58e291607080c6484edac7d1,vocals,fake,fft,So High_vocals.wav,6,10
738c290c5cb6683c5427a9f6af587bcc,vocals,fake,fft,So High_vocals.wav,7,10
4fceca0d8fa96c98d200b97927324ff2,vocals,fake,fft,So High_vocals.wav,8,10
287bd0923a07a33ba76377bfa07882cf,vocals,fake,fft,So High_vocals.wav,9,10
ac287115cd00b01ee3ca5ff56c39eb80,vocals,fake,fft,So High_vocals.wav,10,10
1f5e4c3f7e0ca5f266c70b441d25a238,vocals,fake,fft,So High_vocals.wav,11,10
5f25c0f99075a3dfa042030cc33430e2,vocals,fake,fft,So High_vocals.wav,12,10
7ae87f7accdf2a88754ad904931142d5,vocals,fake,fft,So High_vocals.wav,13,10
53ac006463fa4dfde9425ec6e1bd4ad9,vocals,fake,fft,So High_vocals.wav,14,10
d01618f61b6bb9e6ce3905ade649bac9,vocals,fake,fft,So High_vocals.wav,15,10
9baf6290aad76801af9a163419f7722b,vocals,fake,fft,So High_vocals.wav,16,10
7b2021786121c3dc8d8f94a207750a2c,vocals,fake,fft,So High_vocals.wav,17,10
252f4d6d1b9873091e2425fd2bd99994,vocals,fake,fft,So High_vocals.wav,18,10
03c6bd79791e671f91cad19f5812bacc,vocals,fake,fft,So High_vocals.wav,19,10
be4ecb4d3658583e6f552a66a5c554bd,vocals,fake,fft,So High_vocals.wav,20,10
d77ad2d1b3f9f99fa45b5305aec7842d,vocals,fake,fft,Soch_vocals.wav,0,10
961b7e21abad3360c458b8d31088c49b,vocals,fake,fft,Soch_vocals.wav,1,10
160319f6ed8bb910a22e6d284f861afa,vocals,fake,fft,Soch_vocals.wav,2,10
7b6ea8f5ed57d0c1e045e2ae9dc43740,vocals,fake,fft,Soch_vocals.wav,3,10
832ac7cb9ab3754dbd4e42e16389846b,vocals,fake,fft,Soch_vocals.wav,4,10
21ced22acc6dbf833b7432364e13f358,vocals,fake,fft,Soch_vocals.wav,5,10
a1516333e211bcc8e77d89f89b6af422,vocals,fake,fft,Soch_vocals.wav,6,10
e281c7422030aa474b486f468b842db0,vocals,fake,fft,Soch_vocals.wav,7,10
0cceb7470ec7adde3468c615d95cf137,vocals,fake,fft,Soch_vocals.wav,8,10
7a945543a37a2497d41e6ab10f661121,vocals,fake,fft,Soch_vocals.wav,9,10
ba0e7ee88c8323d68f288eaec8a0d0a8,vocals,fake,fft,Soch_vocals.wav,10,10
e18d126f32b16ca53b968f925f87d012,vocals,fake,fft,Soch_vocals.wav,11,10
32912cad7533b011a412315079f83242,vocals,fake,fft,Soch_vocals.wav,12,10
93db5d8396bd366a131779f43120e9d9,vocals,fake,fft,Soch_vocals.wav,13,10
7083f22e079ea5d55b8423ddfd091fa3,vocals,fake,fft,Soch_vocals.wav,14,10
889e3777827acc017e1fe07a5615973e,vocals,fake,fft,Soch_vocals.wav,15,10
b08f6a789de997f7c7b86b4dd4de60ad,vocals,fake,fft,Soch_vocals.wav,16,10
2c6d4bc2eaa14f9cbb0ea66bd98c9c95,vocals,fake,fft,Soch_vocals.wav,17,10
d36f76a9607843fc858f66c185046db4,vocals,fake,fft,Soch_vocals.wav,18,10
50419cadfa9913ecdff419f87b0ef15f,vocals,fake,fft,Soch_vocals.wav,19,10
b62f7e02b009e87a3dd6f9de6ef2ca6f,vocals,fake,fft,Soch_vocals.wav,20,10
c3524f2a61f55dd7188ffbbe47fdc571,vocals,fake,fft,Soch_vocals.wav,21,10
ebe86b7f58ecdcea08c8932b6136c2eb,vocals,fake,fft,Soch_vocals.wav,22,10
ccb2d31abfec64269e4e9929faedfd24,vocals,fake,fft,Soch_vocals.wav,23,10
57aa4f402abcf4f7ac46c333c7704c00,vocals,fake,fft,Soch_vocals.wav,24,10
39cd980e9f2390eed40add7043e59ee2,vocals,fake,fft,Soch_vocals.wav,25,10
a16e0ed81f88e1c8c805b4d069f26854,vocals,fake,fft,Soch_vocals.wav,26,10
b4abba30c822610127e8605f63dc6c26,vocals,fake,fft,Soch_vocals.wav,27,10
66a9e3a780f093adaa7311d730df1baf,vocals,fake,fft,Soch_vocals.wav,28,10
4ad7583c644ccf712c0cf23b72db580a,vocals,fake,fft,Sorry_vocals.wav,0,10
b7310192fd8a8df633fad75a5dd1d4ee,vocals,fake,fft,Sorry_vocals.wav,1,10
6400c49c1c0e0ad5d3835b3e47d883cd,vocals,fake,fft,Sorry_vocals.wav,2,10
bedfbc3183e0d30306ae361099247173,vocals,fake,fft,Sorry_vocals.wav,3,10
1a700b2db600861e522869272723b86e,vocals,fake,fft,Sorry_vocals.wav,4,10
b53943277d4343d340c7643a482d6616,vocals,fake,fft,Sorry_vocals.wav,5,10
1a4edca54c5dce02644cc6f878caaef9,vocals,fake,fft,Sorry_vocals.wav,6,10
92fd21cd590bdfbd9fcdf9e83f075efb,vocals,fake,fft,Sorry_vocals.wav,7,10
49bfe55fba197b3cae737591526f9dca,vocals,fake,fft,Sorry_vocals.wav,8,10
2a78702159ad37c79a3f88519aefab6a,vocals,fake,fft,Sorry_vocals.wav,9,10
27af38ce9c8b3e1d664b73b0a4dfccb1,vocals,fake,fft,Sorry_vocals.wav,10,10
ba67cdf14dcd35ab5cb33a0347118be9,vocals,fake,fft,Sorry_vocals.wav,11,10
722f362f6a3ede14ecc77f469b46db85,vocals,fake,fft,Sorry_vocals.wav,12,10
9be9d5692adea042be4c912922ac84a9,vocals,fake,fft,Sorry_vocals.wav,13,10
3cb5277213c7c1e553179c8a42b4cd75,vocals,fake,fft,Sorry_vocals.wav,14,10
8e04f56d6c7247d2b3e293402016fb72,vocals,fake,fft,Sorry_vocals.wav,15,10
01b34520fe7aea03053b3990700bb8ce,vocals,fake,fft,Sorry_vocals.wav,16,10
6e6e1ae4fd81ed7fe724620e2460fefa,vocals,fake,fft,Sorry_vocals.wav,17,10
fab978761d3fc1cb33778b7e0e8db851,vocals,fake,fft,Sorry_vocals.wav,18,10
2fb3d49e67df636667d58384018eab53,vocals,fake,fft,Sorry_vocals.wav,19,10
439798e6b6aa87da59ed59ba26806561,vocals,fake,fft,Suhag_vocals.wav,0,10
bae875c92265205d5a78684e77ba03ca,vocals,fake,fft,Suhag_vocals.wav,1,10
7bc651b54bc972a6a70e9c44958882cc,vocals,fake,fft,Suhag_vocals.wav,2,10
81db865c267c9426d3793af9b3a08cbb,vocals,fake,fft,Suhag_vocals.wav,3,10
2a8fcf6c2f57c1c1aa1b67fb96d13a02,vocals,fake,fft,Suhag_vocals.wav,4,10
79d324f6fe69e49eb7964ab156abafa4,vocals,fake,fft,Suhag_vocals.wav,5,10
2a44105bb11d809f54ebcbeca67d94e9,vocals,fake,fft,Suhag_vocals.wav,6,10
6d5d7e728f6817f4af21f3644d808b09,vocals,fake,fft,Suhag_vocals.wav,7,10
b0093a76df28e96710da709a244b41ce,vocals,fake,fft,Suhag_vocals.wav,8,10
e2d52f12941a484aa0230d25da8fb9a8,vocals,fake,fft,Suhag_vocals.wav,9,10
99231333f8af53928042f9b3d6ed2549,vocals,fake,fft,Suhag_vocals.wav,10,10
094412d2aaca0978505e93f05ada95cd,vocals,fake,fft,Suhag_vocals.wav,11,10
2c1808fd9a1818c3c8454e9214a27b37,vocals,fake,fft,Suhag_vocals.wav,12,10
1e99149763f981c25629169f5e9f07fe,vocals,fake,fft,Suhag_vocals.wav,13,10
ae78c8d80e7748083a9fdc84c727a48f,vocals,fake,fft,Suhag_vocals.wav,14,10
02fb17475d3184edc27f0dd8dac2ed29,vocals,fake,fft,Suhe Ve Cheere Waliya_vocals.wav,0,10
690efdf1ffe974e95fa9bb45552c80e9,vocals,fake,fft,Suhe Ve Cheere Waliya_vocals.wav,1,10
b3abc906fd83cd3d5fda8cce76abf862,vocals,fake,fft,Suhe Ve Cheere Waliya_vocals.wav,2,10
75d01da7e9123c2c55e45bb43142a0c7,vocals,fake,fft,Suhe Ve Cheere Waliya_vocals.wav,3,10
9274a8acf106f25d21d33b4dfe97aa8d,vocals,fake,fft,Suhe Ve Cheere Waliya_vocals.wav,4,10
ff0a50e01d18bdabdc9f41625d34e295,vocals,fake,fft,Suhe Ve Cheere Waliya_vocals.wav,5,10
11badf280466a5730bcc41e68c643fcd,vocals,fake,fft,Suhe Ve Cheere Waliya_vocals.wav,6,10
a7a702c29e1fcf5d112a5786a38f3035,vocals,fake,fft,Suhe Ve Cheere Waliya_vocals.wav,7,10
389a91ff7a95eb2a72b80950fa8daa25,vocals,fake,fft,Suhe Ve Cheere Waliya_vocals.wav,8,10
bbb8eeb520f79792a30613ed1fead266,vocals,fake,fft,Suhe Ve Cheere Waliya_vocals.wav,9,10
3bab56dde894b6da256c9bf7e57ff7ba,vocals,fake,fft,Suhe Ve Cheere Waliya_vocals.wav,10,10
8f0160060378ab3620d5bffd7fb9f312,vocals,fake,fft,Suhe Ve Cheere Waliya_vocals.wav,11,10
3368f07f1df571ef7d00cc18cb779542,vocals,fake,fft,Suhe Ve Cheere Waliya_vocals.wav,12,10
4e9c54f292be636e254aedb89b6c7b99,vocals,fake,fft,Suhe Ve Cheere Waliya_vocals.wav,13,10
a67ef11221b1a163b811d3be3212ce33,vocals,fake,fft,Suhe Ve Cheere Waliya_vocals.wav,14,10
0dcc200eb346d84c030f949dac31bccd,vocals,fake,fft,Suhe Ve Cheere Waliya_vocals.wav,15,10
98507b16ab06c4913089dfeb71e54cda,vocals,fake,fft,Suhe Ve Cheere Waliya_vocals.wav,16,10
1cb2100036ef47f63ec71b2c80b37de6,vocals,fake,fft,Suit Punjabi_vocals.wav,0,10
ae07af3fb029e8b885ce5828735b41a8,vocals,fake,fft,Suit Punjabi_vocals.wav,1,10
b706c7541753af039ba691b780843577,vocals,fake,fft,Suit Punjabi_vocals.wav,2,10
cc350cae3a3f900cc92ba08304beb276,vocals,fake,fft,Suit Punjabi_vocals.wav,3,10
c0603773fd501a69c5101ab0c7f0ea34,vocals,fake,fft,Suit Punjabi_vocals.wav,4,10
92a8481a2b7fc7c70268c39187719012,vocals,fake,fft,Suit Punjabi_vocals.wav,5,10
87ee01d92cf12761400e15fce0ead0ca,vocals,fake,fft,Suit Punjabi_vocals.wav,6,10
a9c0bb8609407701563bd1ed8be97dd9,vocals,fake,fft,Suit Punjabi_vocals.wav,7,10
3854691ede4fde8db7bc6653d4fc4f58,vocals,fake,fft,Suit Punjabi_vocals.wav,8,10
7f30dd95d6702a74f925407178b8c275,vocals,fake,fft,Suit Punjabi_vocals.wav,9,10
49badde95f87cc5914d37ba37cabf64c,vocals,fake,fft,Suit Punjabi_vocals.wav,10,10
10510904919a807644f732fce9ba3bac,vocals,fake,fft,Suit Punjabi_vocals.wav,11,10
9d0a33b5460fdb1017521947930deb7c,vocals,fake,fft,Suit Punjabi_vocals.wav,12,10
5e5a2ce7a3ceec0ab61a45057a0f5861,vocals,fake,fft,Suit Punjabi_vocals.wav,13,10
3d2a3efe84e0113bfd6575c84af908f5,vocals,fake,fft,Suit Punjabi_vocals.wav,14,10
58c634567f24ee216f2312054d3c230c,vocals,fake,fft,Suit Punjabi_vocals.wav,15,10
2ac095bf51c1d918153459c5f227d537,vocals,fake,fft,Suit Punjabi_vocals.wav,16,10
433f20d6d46b38b4517dab2d6ba02154,vocals,fake,fft,Suit Punjabi_vocals.wav,17,10
0748d18915baedad61d86232ec4d3a09,vocals,fake,fft,Suit Punjabi_vocals.wav,18,10
d29239395bcb14429fa7e98cfce96ef5,vocals,fake,fft,Suit Punjabi_vocals.wav,19,10
be7e7223b2f81ea1031c02ab265cf7e1,vocals,fake,fft,Taara_vocals.wav,0,10
2554f97121ab428f11eb50f7c848091f,vocals,fake,fft,Taara_vocals.wav,1,10
bde503ec01a83032d7fa33073f4577a9,vocals,fake,fft,Taara_vocals.wav,2,10
c8340f0ed3eeb450eaa9d46f8ed28bc6,vocals,fake,fft,Taara_vocals.wav,3,10
e3533abb5b1c6d4fa3e3a1cad58777b8,vocals,fake,fft,Taara_vocals.wav,4,10
ee112b33a2c8b4ddc9a0343b1e2dfe63,vocals,fake,fft,Taara_vocals.wav,5,10
02fbfd40347af4252689de605016ce85,vocals,fake,fft,Taara_vocals.wav,6,10
a3ef86e1719af30f1733d4db11e929ef,vocals,fake,fft,Taara_vocals.wav,7,10
52b0add9752b655ef8210148cb240bda,vocals,fake,fft,Taara_vocals.wav,8,10
a775abbcd0ad398b2db8298e2f178576,vocals,fake,fft,Taara_vocals.wav,9,10
4189210d043b12c869f8ef23a8732630,vocals,fake,fft,Taara_vocals.wav,10,10
3de55d8a993ee2f4bdebea0236bdde89,vocals,fake,fft,Taara_vocals.wav,11,10
5dd47c8b579a21731d7fb9d30e225a47,vocals,fake,fft,Taara_vocals.wav,12,10
f2d30d2d976c349ac6d333a5bb01476c,vocals,fake,fft,Taara_vocals.wav,13,10
7e055002e6249dca2895c85104fb1ab4,vocals,fake,fft,Taara_vocals.wav,14,10
fe099e3a4fc5bd2fd570834ccf6d999b,vocals,fake,fft,Taara_vocals.wav,15,10
32bcc4ea0efc0759b749043cdd23db15,vocals,fake,fft,Taara_vocals.wav,16,10
5f45f125e8963d3375413c76bd89371a,vocals,fake,fft,Taara_vocals.wav,17,10
2154a12ca201e7ce185059e0299a4340,vocals,fake,fft,Taara_vocals.wav,18,10
9df014b20003c0574c6fec07db4a6c76,vocals,fake,fft,Taara_vocals.wav,19,10
e53b09d31b881e8156d4d53b10886763,vocals,fake,fft,Taara_vocals.wav,20,10
e5ed5f123084a8a3bbdc93d51ffc143f,vocals,fake,fft,Taara_vocals.wav,21,10
0a7a9cedf4ce1553b4e721fffac49872,vocals,fake,fft,Taara_vocals.wav,22,10
1213dc606747357bfe82a66795e07314,vocals,fake,fft,Taara_vocals.wav,23,10
88341e242ed648e39b33d3aa214a06b8,vocals,fake,fft,Taara_vocals.wav,24,10
929db0037ec9df275f8ca95a6d3d9a3d,vocals,fake,fft,Taara_vocals.wav,25,10
5e8ada4db4fda2e11ff7f0b13eb399b8,vocals,fake,fft,Taara_vocals.wav,26,10
6830e54af5e0c571e33ee1873c69684d,vocals,fake,fft,Tappe_vocals.wav,0,10
ee20a1981c952a6204beb508c0bd07a8,vocals,fake,fft,Tappe_vocals.wav,1,10
af4dbc98a5d5767e16c1f6b061b7eaf3,vocals,fake,fft,Tappe_vocals.wav,2,10
308c09bf9cfe30e29dbe646fce238a1e,vocals,fake,fft,Tappe_vocals.wav,3,10
35d21015768b9601b3e848aadaae13a8,vocals,fake,fft,Tappe_vocals.wav,4,10
c2367e3348f526f95bd1c3d82539b1d3,vocals,fake,fft,Tappe_vocals.wav,5,10
f192d9e2e4a7977086a49bfae4ddd300,vocals,fake,fft,Tappe_vocals.wav,6,10
a4e0a85492fb3ccc0bb19f4e71206e58,vocals,fake,fft,Tappe_vocals.wav,7,10
7e3b2b056ad30375f45cd9a79b717ce9,vocals,fake,fft,Tappe_vocals.wav,8,10
2e59217003836c75b52e9ce1d1730e7d,vocals,fake,fft,Tappe_vocals.wav,9,10
59a9d7f9b108f9d76de3574461dd5b7e,vocals,fake,fft,Tappe_vocals.wav,10,10
e96ecbbb1836c631bb2c5aaad76f2929,vocals,fake,fft,Tappe_vocals.wav,11,10
d64dbf8df629f5cd17c34d3f5e96af72,vocals,fake,fft,Tappe_vocals.wav,12,10
931ead69c013bbabe1d5a244fedcd760,vocals,fake,fft,Tappe_vocals.wav,13,10
7dbf4b7f7d7e9bdfe1b9bd2440abb856,vocals,fake,fft,Tappe_vocals.wav,14,10
c745a917fc5cd4a2d1f6fb4b9be9c4c6,vocals,fake,fft,Tappe_vocals.wav,15,10
5ff1eb44988cddc4c00d7844d4806316,vocals,fake,fft,Tappe_vocals.wav,16,10
f37ac35f33195540ac687200fdf8e5a9,vocals,fake,fft,Tappe_vocals.wav,17,10
853714070f5abcc7cbb7b24c3e446172,vocals,fake,fft,Tappe_vocals.wav,18,10
06981deb05246d5ae0fcee244880760c,vocals,fake,fft,Tappe_vocals.wav,19,10
37dd224fde913fbc88b91b180cef5c6b,vocals,fake,fft,Tappe_vocals.wav,20,10
d3d63c4fe66cd2d42c79bc9d48dd36bc,vocals,fake,fft,Tappe_vocals.wav,21,10
e3b0fbb3147f477d455f7396ea7a2dce,vocals,fake,fft,Tappe_vocals.wav,22,10
e58d7510708380699ae7c776740229e5,vocals,fake,fft,Tappe_vocals.wav,23,10
8fa68b2789e302d1cda127b5ea894cb3,vocals,fake,fft,Tappe_vocals.wav,24,10
bc3a03a5dbd6a5641ac14803d2efc9c5,vocals,fake,fft,Tappe_vocals.wav,25,10
808dac4714ea1e6affbce4112c89b040,vocals,fake,fft,Tappe_vocals.wav,26,10
614139f1061fc1f30c0b14d324a11456,vocals,fake,fft,Tappe_vocals.wav,27,10
541836b0b258466c9d34e55078d25c70,vocals,fake,fft,Tappe_vocals.wav,28,10
78d9557d73c31ad7296881550bca6cae,vocals,fake,fft,Tappe_vocals.wav,29,10
a3ca254a0e2f8cd05bec8301640f79ca,vocals,fake,fft,Tappe_vocals.wav,30,10
0e8f32939d94a3080269d8cb16afd898,vocals,fake,fft,Tappe_vocals.wav,31,10
7e31239c127cff58ae24f7929941d2d8,vocals,fake,fft,Tappe_vocals.wav,32,10
683f25c74c06b26fa6cfbc59f3f8a0b8,vocals,fake,fft,Tappe_vocals.wav,33,10
61acf00556f11f0d599ca9e5b1f1c39f,vocals,fake,fft,Tappe_vocals.wav,34,10
26c6212fda234f6fb034cbfce0c4dc14,vocals,fake,fft,Tappe_vocals.wav,35,10
5a3640d9a2e87327f2040116808b548b,vocals,fake,fft,Tappe_vocals.wav,36,10
f8c268eeea5fcdddbd5e557ae4432fa9,vocals,fake,fft,Tappe_vocals.wav,37,10
8f0b0c8647bb23c5ab2d39b03c7c4b1c,vocals,fake,fft,Tappe_vocals.wav,38,10
5eaea369488e80352f57b8e04b9e3d1d,vocals,fake,fft,Tappe_vocals.wav,39,10
530a44a6ea971f4627de018159564fb9,vocals,fake,fft,Tappe_vocals.wav,40,10
2ca30edeab498e2e0799ed54d0b6a55d,vocals,fake,fft,Tappe_vocals.wav,41,10
060b9d47c107dac6e661c69520d727c7,vocals,fake,fft,Tappe_vocals.wav,42,10
46a4a8ce59c065e3239b407a8e09f971,vocals,fake,fft,Tappe_vocals.wav,43,10
2ada85ef213b165fba29b0e34ebc77ca,vocals,fake,fft,Tappe_vocals.wav,44,10
e04c4194ac4e46b90dcba6f3e4fb870a,vocals,fake,fft,Tappe_vocals.wav,45,10
77a39c08832fce08f609948095da669c,vocals,fake,fft,Tappe_vocals.wav,46,10
4c58b6a7ed392d7e93828e82a1c99c2d,vocals,fake,fft,Tappe_vocals.wav,47,10
07e737a701e514a4eaeaaad94aed89c4,vocals,fake,fft,Tappe_vocals.wav,48,10
b75c77b8d1c750b0494dce5d04b600eb,vocals,fake,fft,Tappe_vocals.wav,49,10
8e46b9060ad2169f1ef8eecd96b8524b,vocals,fake,fft,Tappe_vocals.wav,50,10
b9ff71a8d750d5a54dc680345b37607e,vocals,fake,fft,Tappe_vocals.wav,51,10
a7fb74e3047935cb36b8ef6a1b568cb1,vocals,fake,fft,Tappe_vocals.wav,52,10
9212c66e01158859ce5ab41aa948f058,vocals,fake,fft,Tappe_vocals.wav,53,10
a0823fea33b8c00cdd0b1688c7438649,vocals,fake,fft,Tappe_vocals.wav,54,10
09187e00e045434d5e33a99f828d97a0,vocals,fake,fft,Tappe_vocals.wav,55,10
709ba83a2617bdb4f2f4c90520399f21,vocals,fake,fft,Tappe_vocals.wav,56,10
38d0af8169b21babe3a1077c349932c5,vocals,fake,fft,Tappe_vocals.wav,57,10
325ee1b3323a008e8ff18d3dbbb154b3,vocals,fake,fft,Tappe_vocals.wav,58,10
dba2ce98595e7c754a56398539f2f05b,vocals,fake,fft,Tappe_vocals.wav,59,10
d91f6fed3042c421df2d67bbccaa4e79,vocals,fake,fft,Tappe_vocals.wav,60,10
c5d87d61cd8e55dbb535aa77f6054cfe,vocals,fake,fft,Tappe_vocals.wav,61,10
908c60d7ed6dd8ba4de6ebd27f4eaa14,vocals,fake,fft,Tappe_vocals.wav,62,10
047418b07bc5460c55c0819b19299cc2,vocals,fake,fft,Tappe_vocals.wav,63,10
079da79286aeb4200b0b3dc17a1655ef,vocals,fake,fft,Tappe_vocals.wav,64,10
40441fdc62ad9bfcf5918bc335dfc7f7,vocals,fake,fft,Tappe_vocals.wav,65,10
4624f62abba1581fb5067dc6558af6ab,vocals,fake,fft,Tappe_vocals.wav,66,10
193c77a6ab4aa0f5e11ef5ceabfe3735,vocals,fake,fft,Tappe_vocals.wav,67,10
e2ae15d638cefb0834ea3c465d04efaa,vocals,fake,fft,Tappe_vocals.wav,68,10
9c51e14928d7affd23b2f127edbe8fb2,vocals,fake,fft,Tappe_vocals.wav,69,10
60e6500259d4fdaf6bacfe95792070eb,vocals,fake,fft,Tappe_vocals.wav,70,10
db58407d7b0aa42c1c2562f586433cac,vocals,fake,fft,Tappe_vocals.wav,71,10
0b5342ec726a2acf5d4afeb74b0f6ad3,vocals,fake,fft,Tappe_vocals.wav,72,10
854cae266973d724b417e068680e2438,vocals,fake,fft,Tappe_vocals.wav,73,10
5d64c6f459242a8364f2ed4e46e9c802,vocals,fake,fft,Tappe_vocals.wav,74,10
78530d0474397d92e6e604b44ada4085,vocals,fake,fft,Tappe_vocals.wav,75,10
b04d91c739134c94e7f12da6e3e4b1e7,vocals,fake,fft,Tappe_vocals.wav,76,10
f450245ac68fd518bce57e5dd48a42b8,vocals,fake,fft,Tappe_vocals.wav,77,10
bceb8fe593bcb7b8a2f974d6485ff840,vocals,fake,fft,Tappe_vocals.wav,78,10
8e718a56fcec94f2ccf6e4dbd4f3100b,vocals,fake,fft,Tappe_vocals.wav,79,10
db2949894799e4df976d048e0402a31b,vocals,fake,fft,Tappe_vocals.wav,80,10
d905dfc8bd32d612755e5db13d13882a,vocals,fake,fft,Tappe_vocals.wav,81,10
dbd5e04df85f3ddbe8beb9f3740016f1,vocals,fake,fft,Tappe_vocals.wav,82,10
29784ba49269fedb41eec8f194a8f613,vocals,fake,fft,Tappe_vocals.wav,83,10
2dcd0b186596cbebfa9e226dd6afa937,vocals,fake,fft,Tappe_vocals.wav,84,10
03ea0c604f95d66a06ed024e8d5a8317,vocals,fake,fft,Tappe_vocals.wav,85,10
ea935eaabb8f7fa28ece93d617e3744e,vocals,fake,fft,Tappe_vocals.wav,86,10
9f89c6d57cf08a4d11e38373c322294c,vocals,fake,fft,Tappe_vocals.wav,87,10
491c09fd852aae16e20ff5a59f9db62c,vocals,fake,fft,Tappe_vocals.wav,88,10
1dc1c46eeec5c961e11251d16dc9476b,vocals,fake,fft,Tappe_vocals.wav,89,10
16f7a15c4b6e7d6611f1f959f00a8256,vocals,fake,fft,Tappe_vocals.wav,90,10
8b02eb790844f3ddc1151d455cced882,vocals,fake,fft,Tappe_vocals.wav,91,10
e6193fba1f3d41e0a46c69f2e08e37f3,vocals,fake,fft,Tappe_vocals.wav,92,10
44e2b6232cc5026e5c37eda7b5b55798,vocals,fake,fft,Tappe_vocals.wav,93,10
be4991df659b98e26d6c0e020f63377a,vocals,fake,fft,Tappe_vocals.wav,94,10
b076669ab5c1153cf282f18e51521875,vocals,fake,fft,Tappe_vocals.wav,95,10
d4c656342ad89317b952d1b4c0c5866d,vocals,fake,fft,Tappe_vocals.wav,96,10
9b46478b79bc0b946edf327124e34a55,vocals,fake,fft,Tappe_vocals.wav,97,10
fd242a849920fbd9e0c41df9df3bc783,vocals,fake,fft,Tappe_vocals.wav,98,10
e6454a25c02b12de4d829a229ec3b689,vocals,fake,fft,Tappe_vocals.wav,99,10
46249aa4ce24b0692d07ce04dd1961d1,vocals,fake,fft,Tappe_vocals.wav,100,10
5c3f75e82832a783c98b1beccbcd0bf5,vocals,fake,fft,Tappe_vocals.wav,101,10
4deb4c868e91a293024585f6d58a9d2a,vocals,fake,fft,Tappe_vocals.wav,102,10
0c48bc43276a73a7450a3f69f27bde0f,vocals,fake,fft,Tappe_vocals.wav,103,10
14025ead022c4bccc87a60655c3feb5c,vocals,fake,fft,Tappe_vocals.wav,104,10
5f6f2c59ab7f081f793d001185bca33b,vocals,fake,fft,Tappe_vocals.wav,105,10
a8793a4c105775069f4f6bd8fd946f81,vocals,fake,fft,Tappe_vocals.wav,106,10
dd34a29b34aabb7d06cccbae11a32945,vocals,fake,fft,Tappe_vocals.wav,107,10
4bf540beeed7bb2a5454a6f6fb73a5ec,vocals,fake,fft,Tappe_vocals.wav,108,10
d5d796a320f6fd73f4a7fca91296285c,vocals,fake,fft,Tappe_vocals.wav,109,10
4abf5d563eee4c427c501b8bdb869b21,vocals,fake,fft,Tappe_vocals.wav,110,10
90d910cc0253dc442f752c020ce5a1cf,vocals,fake,fft,Tappe_vocals.wav,111,10
be1aa25d429d3dbf708f8dcc44696f0a,vocals,fake,fft,Tappe_vocals.wav,112,10
2a00c2d5e58b16099bec30d53a3d5d6b,vocals,fake,fft,Tappe_vocals.wav,113,10
e80ef4477a0929ae7603d031e848d2b6,vocals,fake,fft,Tappe_vocals.wav,114,10
90d8f139928b4f92507111207fe118a7,vocals,fake,fft,Tappe_vocals.wav,115,10
b3fd6589a4bc144943389bfee7ff38ca,vocals,fake,fft,Tappe_vocals.wav,116,10
239d8783321ca350651d078c94461e1b,vocals,fake,fft,Tappe_vocals.wav,117,10
eec66a94c26ce9a06983869331236b5c,vocals,fake,fft,Tappe_vocals.wav,118,10
086fba57f854fef447936beb272e4449,vocals,fake,fft,Tappe_vocals.wav,119,10
c43f47514abfd166a2735fa9bea8baa5,vocals,fake,fft,Tappe_vocals.wav,120,10
1df8f7c989aac8111a0edb5963974795,vocals,fake,fft,Tappe_vocals.wav,121,10
3cc95889197557a2f9f5a8b9438814ec,vocals,fake,fft,Tappe_vocals.wav,122,10
ee3fe8a785933856d98f270770c26880,vocals,fake,fft,Tappe_vocals.wav,123,10
73649c58724f1349ea9148bdf0d174d2,vocals,fake,fft,Tappe_vocals.wav,124,10
6d4ebed21b63d30ecc8ad9d82c653ce5,vocals,fake,fft,Tappe_vocals.wav,125,10
c1a43bd2fa23793512e3e1ab29e92ee3,vocals,fake,fft,Tappe_vocals.wav,126,10
79c15ebae5e42d8cc2d98b4636decd2a,vocals,fake,fft,Tappe_vocals.wav,127,10
a39a392f7e2b42a7297e4b34fa30e9a1,vocals,fake,fft,Tappe_vocals.wav,128,10
4ad8e21cd58bb84adaecb11ca437d31a,vocals,fake,fft,Tappe_vocals.wav,129,10
343495c536955f7e90a3c5b4389bbd91,vocals,fake,fft,Tappe_vocals.wav,130,10
319e21623afd0ca2cf4564da74058dda,vocals,fake,fft,Tappe_vocals.wav,131,10
39d5fc17d1d824efd84a2ea6abd65fbe,vocals,fake,fft,Tappe_vocals.wav,132,10
182514b0855449a35730ffa2cb29068a,vocals,fake,fft,Tappe_vocals.wav,133,10
aa6feda3e9bc13e9389c32185a84dbb1,vocals,fake,fft,Tappe_vocals.wav,134,10
b8d5e1db00f01dbf73ef0ee22838f40b,vocals,fake,fft,Tappe_vocals.wav,135,10
8efc22a24595afea61d7bcb797d20529,vocals,fake,fft,Tappe_vocals.wav,136,10
b467190750273c3f998a78db5526c909,vocals,fake,fft,Tappe_vocals.wav,137,10
7a2f9f4586035becdcd87cf4d008a554,vocals,fake,fft,Tappe_vocals.wav,138,10
c381811384f674792499f3b48efaccc0,vocals,fake,fft,Tappe_vocals.wav,139,10
d368d25a90b30cbab67c1f940f788423,vocals,fake,fft,Tappe_vocals.wav,140,10
bf7f768fbac932e140f5db2db9399b78,vocals,fake,fft,Tappe_vocals.wav,141,10
31b4e2bbf77a423b35afd2ca07f9553c,vocals,fake,fft,Tappe_vocals.wav,142,10
bd976d694e5ebfb70d2ea104c31f4778,vocals,fake,fft,Tappe_vocals.wav,143,10
4343a5369fd9307d337151a78e895b7e,vocals,fake,fft,Tappe_vocals.wav,144,10
7e7584dd6ffacc445b724c8d2f43872c,vocals,fake,fft,Tappe_vocals.wav,145,10
779e81213e8a2335095ddc33e1b55cb3,vocals,fake,fft,Tappe_vocals.wav,146,10
b8f8007a04f6ced07c6e54637089d925,vocals,fake,fft,Tappe_vocals.wav,147,10
0231fe7f4350591f7a6236aa319be219,vocals,fake,fft,Tappe_vocals.wav,148,10
b442013f0dd5fb609b74ae33756d2ce7,vocals,fake,fft,Tappe_vocals.wav,149,10
01721778757ecccc40a3227ef9aca221,vocals,fake,fft,Tappe_vocals.wav,150,10
78dabe1c7f9915555d2460bcf6dfc538,vocals,fake,fft,Tappe_vocals.wav,151,10
4e417c15dbaadea0e275025487ffb644,vocals,fake,fft,Tappe_vocals.wav,152,10
df5d6001d564e04a35b8f960a235627b,vocals,fake,fft,Tappe_vocals.wav,153,10
ad327d6e5267ced4e3495aaf969f488d,vocals,fake,fft,Tappe_vocals.wav,154,10
3434a88ace37e74a06539b616c77e28d,vocals,fake,fft,Tappe_vocals.wav,155,10
9ee785ca2bf4fa635bd69c41933d6757,vocals,fake,fft,Tappe_vocals.wav,156,10
a6aae1da884ebc24ca4bbe227d93f9f6,vocals,fake,fft,Tappe_vocals.wav,157,10
314bae5f09799363d953a5129e65f99c,vocals,fake,fft,Tappe_vocals.wav,158,10
b2a848d5d6822bb914aac16eb91ab0b1,vocals,fake,fft,Tappe_vocals.wav,159,10
f0d2faf66f58df3735d97907e1a2894e,vocals,fake,fft,Tappe_vocals.wav,160,10
b3259de7a97d85a9a2b07790cffaf3ac,vocals,fake,fft,Tappe_vocals.wav,161,10
fed94ff61262d768801b82995556bc47,vocals,fake,fft,Tappe_vocals.wav,162,10
49563b1e28b90b41dbcb01ac2c836c50,vocals,fake,fft,Tappe_vocals.wav,163,10
5b3f8f94fd064e0262b9ff3acf4068f3,vocals,fake,fft,Tappe_vocals.wav,164,10
082d698a76413c477c8eb99a600f8d18,vocals,fake,fft,Tappe_vocals.wav,165,10
9fa895421074469c7e0688055af91dea,vocals,fake,fft,Tappe_vocals.wav,166,10
1662ee253979ba0bf35bc721daa011e4,vocals,fake,fft,Tappe_vocals.wav,167,10
fe3e92d000615f2efee52c198b3c61f5,vocals,fake,fft,Tappe_vocals.wav,168,10
85fd189a30b43941dd4501854b84d6af,vocals,fake,fft,Tappe_vocals.wav,169,10
d8abbd7f14577b003ba30177be591400,vocals,fake,fft,Tappe_vocals.wav,170,10
0b96b60764833100896c305f66252a03,vocals,fake,fft,Tappe_vocals.wav,171,10
5b99355792bcf0ae26b4716ea1da5cfc,vocals,fake,fft,Tappe_vocals.wav,172,10
79d10baa30ef5e51275fce94377b4737,vocals,fake,fft,Tappe_vocals.wav,173,10
d26f68aaaa9fdbd6bdfc48e91ecf24ff,vocals,fake,fft,Tappe_vocals.wav,174,10
cf8c881b355dd9872a2b98ba417bb6e0,vocals,fake,fft,Tappe_vocals.wav,175,10
491c1706a48682e26c827be233042de9,vocals,fake,fft,Tappe_vocals.wav,176,10
b1eb20fa5407be27378801533b082d8e,vocals,fake,fft,Tappe_vocals.wav,177,10
3cc7b5bc60c6bf4680f0b78d33bd7ad2,vocals,fake,fft,Tappe_vocals.wav,178,10
15092308a6b3a0c1f9292deef96be257,vocals,fake,fft,Tappe_vocals.wav,179,10
5d06475251aeec4e1aab111d0dc27cd9,vocals,fake,fft,Tappe_vocals.wav,180,10
822bba6934d2fe8c0540f28f10827410,vocals,fake,fft,Tappe_vocals.wav,181,10
64aa8531b3715c2098eb6fb2c9acb433,vocals,fake,fft,Tappe_vocals.wav,182,10
778fc8ceccebef20d31600b20551ae6a,vocals,fake,fft,Tappe_vocals.wav,183,10
b03356ec5f19a1c25eef65d4b9ce024b,vocals,fake,fft,Tappe_vocals.wav,184,10
a7f2d2c2fefbbbf4833ff810e347bb8e,vocals,fake,fft,Tappe_vocals.wav,185,10
c6190cc870d9b7c3a4ecb3834e6c67d0,vocals,fake,fft,Tappe_vocals.wav,186,10
e0db7eacbc0cebab34b0402ae42da13f,vocals,fake,fft,Tappe_vocals.wav,187,10
091dcedcde9224d22f4030255055dddd,vocals,fake,fft,Tappe_vocals.wav,188,10
b8e50470ec32f96ca6ba69617cf31554,vocals,fake,fft,Tappe_vocals.wav,189,10
4d31ee7e17284f37713ff2f5e1e8a3ad,vocals,fake,fft,Tappe_vocals.wav,190,10
fc740c0721f49e06f016695a7c578aa1,vocals,fake,fft,Tappe_vocals.wav,191,10
f573cf3c80d52d1715e9e1bda188ee7a,vocals,fake,fft,Tappe_vocals.wav,192,10
5523fc9487f234ad0b8134ee005a3754,vocals,fake,fft,Tappe_vocals.wav,193,10
b83d6b0b53fa675b1b5e28cb6b8f2cb0,vocals,fake,fft,Tappe_vocals.wav,194,10
904bddbb759db80668160e32355c0e70,vocals,fake,fft,Tappe_vocals.wav,195,10
191af81a9c587f4e38822b58d8499a05,vocals,fake,fft,Tappe_vocals.wav,196,10
7fe0693ca0e3c3dc4a68e7517280506d,vocals,fake,fft,Tappe_vocals.wav,197,10
ac4cb011578dc7d254810b5065ae6794,vocals,fake,fft,Tappe_vocals.wav,198,10
0ba378d3b1cc4bcb6553491c49842fb5,vocals,fake,fft,Tappe_vocals.wav,199,10
e385165cde8ea3accdf4d9b48db611b7,vocals,fake,fft,Tappe_vocals.wav,200,10
7186701c21c1a2d03fb57d27e649f6c0,vocals,fake,fft,Tappe_vocals.wav,201,10
8c8ae6cf526993cee93ca3e9880e3a4c,vocals,fake,fft,Tere Tille Ton_vocals.wav,0,10
0d63b67734442b170252b4c39fedc577,vocals,fake,fft,Tere Tille Ton_vocals.wav,1,10
26460e9667637a1b27ccf95fe081baf6,vocals,fake,fft,Tere Tille Ton_vocals.wav,2,10
8e2c4cd7b12820e54aee30cc550b2831,vocals,fake,fft,Tere Tille Ton_vocals.wav,3,10
aa2bdc7a92db12bb39ff20e2cf967127,vocals,fake,fft,Tere Tille Ton_vocals.wav,4,10
59438b225c3a7a62e3f5e0f90e92ad9e,vocals,fake,fft,Tere Tille Ton_vocals.wav,5,10
9bbdbdde88a7d1a30e199465ccc500ba,vocals,fake,fft,Tere Tille Ton_vocals.wav,6,10
df2444d7eef2db2fb84d8cc180406cf7,vocals,fake,fft,Tere Tille Ton_vocals.wav,7,10
84f6b5c9f18fb10f4279719479678118,vocals,fake,fft,Tere Tille Ton_vocals.wav,8,10
acb8222cf3bb77189a174867fd020c59,vocals,fake,fft,Tere Tille Ton_vocals.wav,9,10
1e04117bb56dc570d45256b15be0e5e5,vocals,fake,fft,Tere Tille Ton_vocals.wav,10,10
bfd635ab922ecacaa6f568e004fc6033,vocals,fake,fft,Tere Tille Ton_vocals.wav,11,10
a74a61b37c3b40003c26cc2f8959734d,vocals,fake,fft,Tere Tille Ton_vocals.wav,12,10
34434ea3c1d1cf7f1d7fd989125839e1,vocals,fake,fft,Tere Tille Ton_vocals.wav,13,10
dd9e5f61c1eebc3778796f39725772c2,vocals,fake,fft,Tere Tille Ton_vocals.wav,14,10
4351e9fa0e79039a8386e2c12f8e7ed0,vocals,fake,fft,Tere Tille Ton_vocals.wav,15,10
f71a3a7537ce5fdbee9d1cc3828ad30c,vocals,fake,fft,Tere Tille Ton_vocals.wav,16,10
a5f5e097eb2ae73d6bff40699bcbfdcb,vocals,fake,fft,Tere Tille Ton_vocals.wav,17,10
d76a89f7ad66969b04f8dc62342054e0,vocals,fake,fft,Tere Tille Ton_vocals.wav,18,10
ebdfeb125b33e05b5517b013523132ab,vocals,fake,fft,Tere Tille Ton_vocals.wav,19,10
d04d6e0940dfb25f08a55df76b8cba14,vocals,fake,fft,Tere Tille Ton_vocals.wav,20,10
059c7ca2ec10a7f94821907e4f65986a,vocals,fake,fft,Tere Tille Ton_vocals.wav,21,10
54e93f9d86bc640b9a95d8fe90bc5cd5,vocals,fake,fft,Tere Tille Ton_vocals.wav,22,10
161ecff3bacf6cc8641b4a250f4459a6,vocals,fake,fft,Tere Tille Ton_vocals.wav,23,10
f9e9cbc27852c78b6eb113ac0021e35e,vocals,fake,fft,Time Table_vocals.wav,0,10
789fb04c1380174c2c739a50899eda94,vocals,fake,fft,Time Table_vocals.wav,1,10
f46e2c53c3b7f7b5b25c64f73ccec8d9,vocals,fake,fft,Time Table_vocals.wav,2,10
db1841d3a5c51950245f7d039b237923,vocals,fake,fft,Time Table_vocals.wav,3,10
f9906efcdbc6c6436b12f66da4b649bc,vocals,fake,fft,Time Table_vocals.wav,4,10
7cb1d57769901cde40ab7c77ce0935d0,vocals,fake,fft,Time Table_vocals.wav,5,10
9c2fee884ebc2618c7e51abc93f3fef9,vocals,fake,fft,Time Table_vocals.wav,6,10
96d88ba0dd2bbfd35ecc41de8f29715c,vocals,fake,fft,Time Table_vocals.wav,7,10
842d52e364f6282e706d11d5ba0a4207,vocals,fake,fft,Time Table_vocals.wav,8,10
cb6a1d7f43d5598bca72cd141c847fcb,vocals,fake,fft,Time Table_vocals.wav,9,10
4541900b3ce5af8071a5ae84e9e5e471,vocals,fake,fft,Time Table_vocals.wav,10,10
59e27db8ad2311fb1853eab545e36838,vocals,fake,fft,Time Table_vocals.wav,11,10
df39c459c188ac73b16066b6630bb882,vocals,fake,fft,Time Table_vocals.wav,12,10
ec81ec5a17537810330f4d13edc1f233,vocals,fake,fft,Time Table_vocals.wav,13,10
805779b2a5701b74b33122000faec4af,vocals,fake,fft,Time Table_vocals.wav,14,10
7bcafffee3cb894be898f78ec4f441e7,vocals,fake,fft,Time Table_vocals.wav,15,10
3b3b64772b059374a6b9fa4285a2273b,vocals,fake,fft,Time Table_vocals.wav,16,10
09ed5386cac06b03882016246d289d71,vocals,fake,fft,Time Table_vocals.wav,17,10
3d60948968bc86fa6e9a1b6c8a32d5cf,vocals,fake,fft,Time Table_vocals.wav,18,10
3e892d57186b88db6dbb2cebf79f5b88,vocals,fake,fft,Time Table_vocals.wav,19,10
ab1b031556401ea298aed234c28f7a45,vocals,fake,fft,Time Table_vocals.wav,20,10
4bf9c9bc8b33f1555821ad021d34dc77,vocals,fake,fft,Time Table_vocals.wav,21,10
c7c738adf9b58ea4a921eccb37eb4f8c,vocals,fake,fft,Time Table_vocals.wav,22,10
6d719464a4d9559013284f4f3ad5ceb2,vocals,fake,fft,Time Table_vocals.wav,23,10
edc41ea92b6df4331062f7ea8f1ab9ae,vocals,fake,fft,Tutak Tutak Tutian_vocals.wav,0,10
00fa635279110f318ba9f01da9929305,vocals,fake,fft,Tutak Tutak Tutian_vocals.wav,1,10
2c5cf24e27b3f6234e0167072570f58e,vocals,fake,fft,Tutak Tutak Tutian_vocals.wav,2,10
c4b57b1c4701fd740df3b77217aa2e0c,vocals,fake,fft,Tutak Tutak Tutian_vocals.wav,3,10
6551dd650f86ed79bd7d839aa0d49777,vocals,fake,fft,Tutak Tutak Tutian_vocals.wav,4,10
670004ff59d68290244f628345073213,vocals,fake,fft,Tutak Tutak Tutian_vocals.wav,5,10
57187280ffc3b978407093cbaf063e6b,vocals,fake,fft,Tutak Tutak Tutian_vocals.wav,6,10
02de0c5a18989c7511c17a4d1b371e60,vocals,fake,fft,Tutak Tutak Tutian_vocals.wav,7,10
8cf55e8e3595eae97de0977c9829b09e,vocals,fake,fft,Tutak Tutak Tutian_vocals.wav,8,10
686b9717f9dcc63473264758f7f9ffcb,vocals,fake,fft,Tutak Tutak Tutian_vocals.wav,9,10
e26d206f9225c649412fe7db2c8bb530,vocals,fake,fft,Tutak Tutak Tutian_vocals.wav,10,10
ec4ff2a4696f5ed3ef7b2c1cdb50405d,vocals,fake,fft,Tutak Tutak Tutian_vocals.wav,11,10
b5528a65b236c6bf9927165cb81ee87e,vocals,fake,fft,Tutak Tutak Tutian_vocals.wav,12,10
be920e5888778c45b6d6965f9bcbbd9f,vocals,fake,fft,Tutak Tutak Tutian_vocals.wav,13,10
d577ce3d3ec57417548baca4e6cfc28c,vocals,fake,fft,Tutak Tutak Tutian_vocals.wav,14,10
7d5a6c77d1b34b3b7727546de7d41817,vocals,fake,fft,Tutak Tutak Tutian_vocals.wav,15,10
005a852e8e8c52a9771794ec48e18d0e,vocals,fake,fft,Tutak Tutak Tutian_vocals.wav,16,10
4dd815d48033501f1c59ae283d8d7283,vocals,fake,fft,Tutak Tutak Tutian_vocals.wav,17,10
ede5b5e842f6152d017c431fd244023f,vocals,fake,fft,Tutak Tutak Tutian_vocals.wav,18,10
5dd4be2e0faf609ec6ba24379438ab75,vocals,fake,fft,Tutak Tutak Tutian_vocals.wav,19,10
dd782346c6999f3af72294b8deb1eae4,vocals,fake,fft,Tutak Tutak Tutian_vocals.wav,20,10
f9aac786206f5f1ae96d76b2e03dab8d,vocals,fake,fft,Tutak Tutak Tutian_vocals.wav,21,10
46c0babc0da5c3664ef0402201be0e34,vocals,fake,fft,Tutak Tutak Tutian_vocals.wav,22,10
87a9594eb86f5051ed69d1fd00bc803e,vocals,fake,fft,Tutak Tutak Tutian_vocals.wav,23,10
f8859f9a12c433c568f7773a66283d12,vocals,fake,fft,Tutak Tutak Tutian_vocals.wav,24,10
f6b7dbb40817ea8c65dd6a358b79adec,vocals,fake,fft,Tutak Tutak Tutian_vocals.wav,25,10
d2af67ecc3afaf5b80b7594cad371c94,vocals,fake,fft,Tutak Tutak Tutian_vocals.wav,26,10
5f8b67c27bdfd3e09842718266fdb04b,vocals,fake,fft,Tutak Tutak Tutian_vocals.wav,27,10
cbd44e83e0d1c7619eca8299d8374708,vocals,fake,fft,Tutak Tutak Tutian.temp_vocals.wav,0,10
a4ca90c3a2753ad5199f83dcad43988d,vocals,fake,fft,Tutak Tutak Tutian.temp_vocals.wav,1,10
77bcc1e453254a9940c33816f084c891,vocals,fake,fft,Tutak Tutak Tutian.temp_vocals.wav,2,10
b294943919d4963355ba7381926f90f5,vocals,fake,fft,Tutak Tutak Tutian.temp_vocals.wav,3,10
10665210dd9949b9472d89f5405e0c67,vocals,fake,fft,Tutak Tutak Tutian.temp_vocals.wav,4,10
e3183ff24869a627ea0f6e0c00ef5337,vocals,fake,fft,Tutak Tutak Tutian.temp_vocals.wav,5,10
f44926610558011695ad3d2f4c3d6b9b,vocals,fake,fft,Tutak Tutak Tutian.temp_vocals.wav,6,10
4605e4a63682a9cfcb04cb1790a1bda9,vocals,fake,fft,Tutak Tutak Tutian.temp_vocals.wav,7,10
8ec93e6beb7c2a517aea1bd806c9307c,vocals,fake,fft,Tutak Tutak Tutian.temp_vocals.wav,8,10
d43b78af6eb3a788bad6862e9ce39eb7,vocals,fake,fft,Tutak Tutak Tutian.temp_vocals.wav,9,10
5b0350f1d57160f5ebb33b36bdf4f89e,vocals,fake,fft,Tutak Tutak Tutian.temp_vocals.wav,10,10
5c0fc8ab96ff6a74423312d20d630694,vocals,fake,fft,Tutak Tutak Tutian.temp_vocals.wav,11,10
fcd6899ea24147252b2f60b792d1dd38,vocals,fake,fft,Tutak Tutak Tutian.temp_vocals.wav,12,10
d40d97198f2718301f7ca64e7e3516e7,vocals,fake,fft,Tutak Tutak Tutian.temp_vocals.wav,13,10
21fb6a73e70426513522eeae33b2aad6,vocals,fake,fft,Tutak Tutak Tutian.temp_vocals.wav,14,10
aa40b5e7b4365f540ad1812b4ba24250,vocals,fake,fft,Tutak Tutak Tutian.temp_vocals.wav,15,10
21056a5171b1db98e6a5279c7ea36e67,vocals,fake,fft,Tutak Tutak Tutian.temp_vocals.wav,16,10
dff2277272c7687594b2440c1987e035,vocals,fake,fft,Tutak Tutak Tutian.temp_vocals.wav,17,10
f4260be375208d7fc121d49fd70f6443,vocals,fake,fft,Tutak Tutak Tutian.temp_vocals.wav,18,10
692196b3ff1407e6432d0cd36dc323b6,vocals,fake,fft,Tutak Tutak Tutian.temp_vocals.wav,19,10
18814971242f7d96eb66868da9c18680,vocals,fake,fft,Tutak Tutak Tutian.temp_vocals.wav,20,10
09e4fb2bf4fc44593a9b27bdc4ee87b4,vocals,fake,fft,Tutak Tutak Tutian.temp_vocals.wav,21,10
cba134fe7e1006edec3db5c670a764a3,vocals,fake,fft,Tutak Tutak Tutian.temp_vocals.wav,22,10
4d221feb3928e745811b3130485f54d4,vocals,fake,fft,Tutak Tutak Tutian.temp_vocals.wav,23,10
d446748e739b4b098f7dd2a596d0d0be,vocals,fake,fft,Tutak Tutak Tutian.temp_vocals.wav,24,10
bcc421daae53aa3c32e519fa95fa19f1,vocals,fake,fft,Viah_vocals.wav,0,10
c643c5d7747da202c7412b72fc7801d0,vocals,fake,fft,Viah_vocals.wav,1,10
bcdc7bf3d68b13225e395f0c08a48437,vocals,fake,fft,Viah_vocals.wav,2,10
56790b44ee17ab36e7798e8a7f1b54a0,vocals,fake,fft,Viah_vocals.wav,3,10
2eb151a6250172a41a1e7018f1d2ac29,vocals,fake,fft,Viah_vocals.wav,4,10
b221496de1147019124e5909f87fa233,vocals,fake,fft,Viah_vocals.wav,5,10
16d2d2a589adfd59c0c80f4f8e5e4369,vocals,fake,fft,Viah_vocals.wav,6,10
5f87ac71671ba3602dd702152085d242,vocals,fake,fft,Viah_vocals.wav,7,10
9ba79ba29cc0684a5acc8362bbf99e00,vocals,fake,fft,Viah_vocals.wav,8,10
ef507b5fe80214725c007661685ea0a0,vocals,fake,fft,Viah_vocals.wav,9,10
029fbd2638e8eeb492ae90f735782464,vocals,fake,fft,Viah_vocals.wav,10,10
2dae6c3ba8170812c6b101ac5138bb3c,vocals,fake,fft,Viah_vocals.wav,11,10
eb6f50bb5266b6d603023991ffad4ad1,vocals,fake,fft,Viah_vocals.wav,12,10
023b83ec998380ae6f58f000f3104f2f,vocals,fake,fft,Viah_vocals.wav,13,10
38906d14d46b7dbba40b72389fbfa224,vocals,fake,fft,Viah_vocals.wav,14,10
a5b11ad573a2e402f2d832460826eb41,vocals,fake,fft,Viah_vocals.wav,15,10
d1131d97e6ace1278238c11d0251fcb2,vocals,fake,fft,Viah_vocals.wav,16,10
19a1fde4ff7adf23a03ccca46571c5c8,vocals,fake,fft,Zindabaad Yaarian_vocals.wav,0,10
4ba06de5fb8522e0a9257040a501adec,vocals,fake,fft,Zindabaad Yaarian_vocals.wav,1,10
5623d31aa8dc979c68f7c4448c9575c2,vocals,fake,fft,Zindabaad Yaarian_vocals.wav,2,10
9d53c7da45d55cdfa19029f60b90eef7,vocals,fake,fft,Zindabaad Yaarian_vocals.wav,3,10
5da781a95b07fdb17f8085fab1c5f79d,vocals,fake,fft,Zindabaad Yaarian_vocals.wav,4,10
53f233cbcf850aa73ce5a1c41b46e81f,vocals,fake,fft,Zindabaad Yaarian_vocals.wav,5,10
956ce895e4a87d3112bd0684aed9a1b7,vocals,fake,fft,Zindabaad Yaarian_vocals.wav,6,10
a17a4a43474cb1f8cdab4ed9491c593d,vocals,fake,fft,Zindabaad Yaarian_vocals.wav,7,10
0973e2b0faa01ae7a0a82c69c17a993c,vocals,fake,fft,Zindabaad Yaarian_vocals.wav,8,10
99cf87346c755a2ba1227e1d73dff3e8,vocals,fake,fft,Zindabaad Yaarian_vocals.wav,9,10
de0c1b2497e7e3c1eb1191e192c87064,vocals,fake,fft,Zindabaad Yaarian_vocals.wav,10,10
6b989b0d96b2b6b7d842732ad6821b9f,vocals,fake,fft,Zindabaad Yaarian_vocals.wav,11,10
ce24d8e875bc60a66061a23497eb4a8c,vocals,fake,fft,Zindabaad Yaarian_vocals.wav,12,10
7d47278a5ec48d7f84e4970277bc0e19,vocals,fake,fft,Zindabaad Yaarian_vocals.wav,13,10
d22ad796ff1796c9ad4605e78c53f851,vocals,fake,fft,Zindabaad Yaarian_vocals.wav,14,10
a1648c7fab21a76472b4d1e6ee54dca4,vocals,fake,fft,Zindabaad Yaarian_vocals.wav,15,10
095447dc12eb912f531cc19d9b072ff5,vocals,fake,fft,Zindabaad Yaarian_vocals.wav,16,10
7be12ac32ae48d458e06a1597eb5bd48,vocals,fake,fft,Zindabaad Yaarian_vocals.wav,17,10
cdaa93f58b935c42fc822dcfedcf7067,vocals,fake,fft,Zindabaad Yaarian_vocals.wav,18,10
5eea31d76c1f15e6032caa94b6cdcb07,vocals,fake,fft,Zindabaad Yaarian_vocals.wav,19,10
a4d26402c84dd5526475c2e7d96f158e,vocals,fake,fft,Zindabaad Yaarian_vocals.wav,20,10
f6dcdfbbfe1c1ff209ef070f13e357bd,vocals,fake,fft,Zindabaad Yaarian_vocals.wav,21,10
0b8ef3f2081d1f72ec02209073337e70,vocals,fake,fft,Zindabaad Yaarian_vocals.wav,22,10
916f5cef94f8f4f980b89427075f4765,references,fake,fft,punjabi_reference.wav,0,10
