sample_id,language,label,method,original_filename,clip_index,duration_seconds
0d2a9cce39f51ee4bc0782f6870e8056,bengali,fake,fft,fft_001_Tomar Hridmajhare Rakhbo.mp3_22k.wav,0,10
86884da4b10746dfdd9f3d2c70dbe3f6,bengali,fake,fft,fft_001_Tomar Hridmajhare Rakhbo.mp3_22k.wav,1,10
62038ac3e1300495f6eecbbbd8e10795,bengali,fake,fft,fft_001_Tomar Hridmajhare Rakhbo.mp3_22k.wav,2,10
cddc8300e8a7ff54d60f2246218df689,bengali,fake,fft,fft_001_Tomar Hridmajhare Rakhbo.mp3_22k.wav,3,10
beffcfebc3ccb52de6b8d4905e884f10,bengali,fake,fft,fft_001_Tomar Hridmajhare Rakhbo.mp3_22k.wav,4,10
13afb302ca773006f9287cbc1b53b77f,bengali,fake,fft,fft_001_Tomar Hridmajhare Rakhbo.mp3_22k.wav,5,10
fb66e47f9e4a0ef924a362d8f30b459a,bengali,fake,fft,fft_001_Tomar Hridmajhare Rakhbo.mp3_22k.wav,6,10
7ba349ab5742f0caed7948a5e0a7d55f,bengali,fake,fft,fft_001_Tomar Hridmajhare Rakhbo.mp3_22k.wav,7,10
32603b797f310ef8a9fc8fd162bded9c,bengali,fake,fft,fft_001_Tomar Hridmajhare Rakhbo.mp3_22k.wav,8,10
e06ef7901372f3e269caf9695d8f4280,bengali,fake,fft,fft_001_Tomar Hridmajhare Rakhbo.mp3_22k.wav,9,10
3ea3145294aed8c71bd0b87229cce8de,bengali,fake,fft,fft_001_Tomar Hridmajhare Rakhbo.mp3_22k.wav,10,10
e4cf0daa9d6a404a8624f8255c7035e4,bengali,fake,fft,fft_001_Tomar Hridmajhare Rakhbo.mp3_22k.wav,11,10
1e0e8647adc71229709e7daf81775e3e,bengali,fake,fft,fft_001_Tomar Hridmajhare Rakhbo.mp3_22k.wav,12,10
070a7586077ffde860ed026bf741d7a8,bengali,fake,fft,fft_001_Tomar Hridmajhare Rakhbo.mp3_22k.wav,13,10
a8dccf421a319be974333797048a1d95,bengali,fake,fft,fft_001_Tomar Hridmajhare Rakhbo.mp3_22k.wav,14,10
fb8ae9c2b0a87c38f36072c1c74b5d2c,bengali,fake,fft,fft_001_Tomar Hridmajhare Rakhbo.mp3_22k.wav,15,10
986d89113471c25b607fd9ac828027aa,bengali,fake,fft,fft_001_Tomar Hridmajhare Rakhbo.mp3_22k.wav,16,10
3e8ac7bdf3b8f274305c15455ee3e53d,bengali,fake,fft,fft_001_Tomar Hridmajhare Rakhbo.mp3_22k.wav,17,10
25a0b55ba28f06dd73b9224805d9b2bd,bengali,fake,fft,fft_001_Tomar Hridmajhare Rakhbo.mp3_22k.wav,18,10
6b59e98a432f6bc57b47518a22e5a9da,bengali,fake,fft,fft_001_Tomar Hridmajhare Rakhbo.mp3_22k.wav,19,10
3483996ce84da85f0a13e7efe2c1d50e,bengali,fake,fft,fft_001_Tomar Hridmajhare Rakhbo.mp3_22k.wav,20,10
3d9be16586570a2b02d3561b9b3abacc,bengali,fake,fft,fft_001_Tomar Hridmajhare Rakhbo.mp3_22k.wav,21,10
7a1e6088835fdba80a09804365aadcef,bengali,fake,fft,fft_001_Tomar Hridmajhare Rakhbo.mp3_22k.wav,22,10
a5eb31dad94acba943e8d33947c3a113,bengali,fake,fft,fft_001_Tomar Hridmajhare Rakhbo.mp3_22k.wav,23,10
74f52e5b7b4771f239783d1b6e8faeb5,bengali,fake,fft,fft_001_Tomar Hridmajhare Rakhbo.mp3_22k.wav,24,10
42c6ac3389225d33d1ef1acdfa264995,bengali,fake,fft,fft_001_Tomar Hridmajhare Rakhbo.mp3_22k.wav,25,10
f80db20d8ae3ffb07ec9e154c96d5e96,bengali,fake,fft,fft_001_Tomar Hridmajhare Rakhbo.mp3_22k.wav,26,10
2ee1d3aed433bc887719b4398c5c3ef5,bengali,fake,fft,fft_001_Tomar Hridmajhare Rakhbo.mp3_22k.wav,27,10
5b42ca4002d94c18fb4fc3cd13b98d90,bengali,fake,fft,fft_001_Tomar Hridmajhare Rakhbo.mp3_22k.wav,28,10
6dd987dfd2f51c0e480c60b7010186a5,bengali,fake,fft,fft_001_Tomar Hridmajhare Rakhbo.mp3_22k.wav,29,10
423370da5df33458756fad6dd061ec47,bengali,fake,fft,fft_001_Tomar Hridmajhare Rakhbo.mp3_22k.wav,30,10
c20a5c0cb2dafe32af608891e4b6b080,bengali,fake,fft,fft_001_Tomar Hridmajhare Rakhbo.mp3_22k.wav,31,10
0e9e864bb03a3389b22797673acc95aa,bengali,fake,fft,fft_001_Tomar Hridmajhare Rakhbo.mp3_22k.wav,32,10
7121e4d47a4b1a02de9f047ee0381651,bengali,fake,fft,fft_001_Tomar Hridmajhare Rakhbo.mp3_22k.wav,33,10
3987eefbe81dac08b9382950bd844ae0,bengali,fake,fft,fft_001_Tomar Hridmajhare Rakhbo.mp3_22k.wav,34,10
16122ea3f798efe999c7d027218906f8,bengali,fake,fft,fft_001_Tomar Hridmajhare Rakhbo.mp3_22k.wav,35,10
24724674c0c24e9e10351833f03b1935,bengali,fake,fft,fft_001_Tomar Hridmajhare Rakhbo.mp3_22k.wav,36,10
92adce4c41b4493169ccb9125e308d29,bengali,fake,fft,fft_002_Bosonto Batase.mp3_22k.wav,0,10
636375a959d12cdc3e0b409f8c9dfbb8,bengali,fake,fft,fft_002_Bosonto Batase.mp3_22k.wav,1,10
17d2c1fd90d43d9ccd5dbf2eb3947b4d,bengali,fake,fft,fft_002_Bosonto Batase.mp3_22k.wav,2,10
7352bfba147769e598db82481727a9b0,bengali,fake,fft,fft_002_Bosonto Batase.mp3_22k.wav,3,10
f5bc349b1e71f613a7ff03ecc6d5f60c,bengali,fake,fft,fft_002_Bosonto Batase.mp3_22k.wav,4,10
021cc64112004484e8e61dc44a48b50a,bengali,fake,fft,fft_002_Bosonto Batase.mp3_22k.wav,5,10
12a41e34bdfb6b9b58fa4ecb97b651a6,bengali,fake,fft,fft_002_Bosonto Batase.mp3_22k.wav,6,10
aa9c0b25ad8101542745b18c21687701,bengali,fake,fft,fft_002_Bosonto Batase.mp3_22k.wav,7,10
225dba10dfbdac7694aa549678d917ab,bengali,fake,fft,fft_002_Bosonto Batase.mp3_22k.wav,8,10
1c491114760045b27a2616e7474f4565,bengali,fake,fft,fft_002_Bosonto Batase.mp3_22k.wav,9,10
79e41dc13ad28e17b341194e83e0992a,bengali,fake,fft,fft_002_Bosonto Batase.mp3_22k.wav,10,10
da7a627fb6799b7ec2892c879bed1046,bengali,fake,fft,fft_002_Bosonto Batase.mp3_22k.wav,11,10
8369f9ec2cd578e88afe255c54a1e77d,bengali,fake,fft,fft_002_Bosonto Batase.mp3_22k.wav,12,10
2470d0d467788db44e49e667048036b4,bengali,fake,fft,fft_002_Bosonto Batase.mp3_22k.wav,13,10
1009c69850e55b51fd0018ba76e5d577,bengali,fake,fft,fft_002_Bosonto Batase.mp3_22k.wav,14,10
10962492d549609f7127759e9586c838,bengali,fake,fft,fft_002_Bosonto Batase.mp3_22k.wav,15,10
77b721bad9844c6d85c74148d37adddd,bengali,fake,fft,fft_002_Bosonto Batase.mp3_22k.wav,16,10
1f97fbcea8b5bcd2d614dc8faa73b5aa,bengali,fake,fft,fft_002_Bosonto Batase.mp3_22k.wav,17,10
80c91a85d30296ebd98e97c9ce570916,bengali,fake,fft,fft_002_Bosonto Batase.mp3_22k.wav,18,10
5b5a3170629dc7995a9ecba944366faf,bengali,fake,fft,fft_002_Bosonto Batase.mp3_22k.wav,19,10
6183095fe6b3e41a08f92c442806ab91,bengali,fake,fft,fft_002_Bosonto Batase.mp3_22k.wav,20,10
7cf480b32f6c15f35d0d4988630eaab6,bengali,fake,fft,fft_002_Bosonto Batase.mp3_22k.wav,21,10
9c43f12b5890ce7cc9eb66dbce2ad266,bengali,fake,fft,fft_002_Bosonto Batase.mp3_22k.wav,22,10
3d09004838d66733eb1623886c995691,bengali,fake,fft,fft_002_Bosonto Batase.mp3_22k.wav,23,10
049619dd51d8f86648743116d0595700,bengali,fake,fft,fft_002_Bosonto Batase.mp3_22k.wav,24,10
cbaf05e5b9f0ff7e28e1cfac459bcbf8,bengali,fake,fft,fft_002_Bosonto Batase.mp3_22k.wav,25,10
c9fb74ac18b8d56b8701352589d5152f,bengali,fake,fft,fft_002_Bosonto Batase.mp3_22k.wav,26,10
9401ae5b1ab3e43b140214d51e6aa34e,bengali,fake,fft,fft_002_Bosonto Batase.mp3_22k.wav,27,10
37b5050403b61953b6887d65a45c950f,bengali,fake,fft,fft_002_Bosonto Batase.mp3_22k.wav,28,10
ee5b7e0c5f1d9aa1104cc86078915ac8,bengali,fake,fft,fft_002_Bosonto Batase.mp3_22k.wav,29,10
74063fb007c1bd121611635897f5102c,bengali,fake,fft,fft_002_Bosonto Batase.mp3_22k.wav,30,10
a5dbc547aec2ee9bfe62784ed1a574e9,bengali,fake,fft,fft_002_Bosonto Batase.mp3_22k.wav,31,10
b6876257a6c281833f0c8c231f8ecc0a,bengali,fake,fft,fft_002_Bosonto Batase.mp3_22k.wav,32,10
58461107508aae54c7accb56527f0935,bengali,fake,fft,fft_003_Kolonkini Radha.mp3_22k.wav,0,10
8b77d77871911accf0c96170d6c0273f,bengali,fake,fft,fft_003_Kolonkini Radha.mp3_22k.wav,1,10
489ae0b6ad19553e8dc5efbe11e2e850,bengali,fake,fft,fft_003_Kolonkini Radha.mp3_22k.wav,2,10
ab275e21e8d215ba8130c999321c116f,bengali,fake,fft,fft_003_Kolonkini Radha.mp3_22k.wav,3,10
4ecb1bd6418f6f11817aeefb757cce90,bengali,fake,fft,fft_003_Kolonkini Radha.mp3_22k.wav,4,10
4a27c5977538d6082cfd4b372666ef43,bengali,fake,fft,fft_003_Kolonkini Radha.mp3_22k.wav,5,10
a64b6ad90cab5e87d1cd68637717d553,bengali,fake,fft,fft_003_Kolonkini Radha.mp3_22k.wav,6,10
369849f6215c341af9244d171adbf910,bengali,fake,fft,fft_003_Kolonkini Radha.mp3_22k.wav,7,10
23898de2f9bec3661703fd34f7728da3,bengali,fake,fft,fft_003_Kolonkini Radha.mp3_22k.wav,8,10
71df03bbe1215320f9922e910a40ef83,bengali,fake,fft,fft_003_Kolonkini Radha.mp3_22k.wav,9,10
10bcdec5a233887935abd41aebb21399,bengali,fake,fft,fft_003_Kolonkini Radha.mp3_22k.wav,10,10
f7a851b5ff32fdc16eeee30be6c338da,bengali,fake,fft,fft_003_Kolonkini Radha.mp3_22k.wav,11,10
1c91deddb0dc5540ede070e181304996,bengali,fake,fft,fft_003_Kolonkini Radha.mp3_22k.wav,12,10
f4fcb25c9472449ac986daba3f7f2b27,bengali,fake,fft,fft_003_Kolonkini Radha.mp3_22k.wav,13,10
4d5a66c96e98710aaee457d1fae9d65e,bengali,fake,fft,fft_003_Kolonkini Radha.mp3_22k.wav,14,10
0f34ebf6bdbd0a131687a23d288b4684,bengali,fake,fft,fft_003_Kolonkini Radha.mp3_22k.wav,15,10
1d67078d3ca054eed1668d74c63e0e5e,bengali,fake,fft,fft_003_Kolonkini Radha.mp3_22k.wav,16,10
b00f841b85ebb59a76d278d5c0333276,bengali,fake,fft,fft_003_Kolonkini Radha.mp3_22k.wav,17,10
403ef52cb4c8b742b316cb0714e3fd28,bengali,fake,fft,fft_003_Kolonkini Radha.mp3_22k.wav,18,10
7145c2338c8ebf247d9f014b2c5ba13f,bengali,fake,fft,fft_003_Kolonkini Radha.mp3_22k.wav,19,10
30910cc757561c0f834299dc33f8a22e,bengali,fake,fft,fft_003_Kolonkini Radha.mp3_22k.wav,20,10
72b7d8dcd68e0b999c8401aca52a1310,bengali,fake,fft,fft_003_Kolonkini Radha.mp3_22k.wav,21,10
88eec28154f9f69db9252ed9ff20f481,bengali,fake,fft,fft_003_Kolonkini Radha.mp3_22k.wav,22,10
036212165899677a7f89290c74b30b3f,bengali,fake,fft,fft_003_Kolonkini Radha.mp3_22k.wav,23,10
17b96b55dc55b5833c8182bfb1c00d69,bengali,fake,fft,fft_003_Kolonkini Radha.mp3_22k.wav,24,10
59e797872303da284231ff390ef9edb0,bengali,fake,fft,fft_003_Kolonkini Radha.mp3_22k.wav,25,10
d043436b5207514766d6be25fd91089d,bengali,fake,fft,fft_003_Kolonkini Radha.mp3_22k.wav,26,10
fb0c47c57eb2b19e8de93353451d8ff7,bengali,fake,fft,fft_003_Kolonkini Radha.mp3_22k.wav,27,10
f972c9c313b34f78c01b69cf964360e0,bengali,fake,fft,fft_003_Kolonkini Radha.mp3_22k.wav,28,10
a496e263c60271a7d738b1767698fa09,bengali,fake,fft,fft_003_Kolonkini Radha.mp3_22k.wav,29,10
b18d479b9b7215bdcaf95b3268fa1e37,bengali,fake,fft,fft_003_Kolonkini Radha.mp3_22k.wav,30,10
cde79db582263811be80612e5966d76e,bengali,fake,fft,fft_003_Kolonkini Radha.mp3_22k.wav,31,10
9cf4914cd71b547c5a4e8c55e93be78d,bengali,fake,fft,fft_003_Kolonkini Radha.mp3_22k.wav,32,10
53e5d52ea299b1ed455c49c47c230026,bengali,fake,fft,fft_003_Kolonkini Radha.mp3_22k.wav,33,10
29d4e0a4276e9d4fd3faa523a1ce7fb9,bengali,fake,fft,fft_003_Kolonkini Radha.mp3_22k.wav,34,10
791859972a2f03be128f884b214b8b09,bengali,fake,fft,fft_003_Kolonkini Radha.mp3_22k.wav,35,10
1aa4573dd40956448470280b25bda2f4,bengali,fake,fft,fft_003_Kolonkini Radha.mp3_22k.wav,36,10
94dc300e5f78d51a6faa49a08e14b8ba,bengali,fake,fft,fft_003_Kolonkini Radha.mp3_22k.wav,37,10
4364cd68976bbd3d271c5a0970dcdd43,bengali,fake,fft,fft_003_Kolonkini Radha.mp3_22k.wav,38,10
87193101af0f9e853481d27732dcbc6c,bengali,fake,fft,fft_003_Kolonkini Radha.mp3_22k.wav,39,10
2a6776278b47b251f02330e713facd6f,bengali,fake,fft,fft_003_Kolonkini Radha.mp3_22k.wav,40,10
0f823408ac839f21507a55e7d96b6e0a,bengali,fake,fft,fft_003_Kolonkini Radha.mp3_22k.wav,41,10
0f939cd8066d237b4b08d60cbbc4fab2,bengali,fake,fft,fft_003_Kolonkini Radha.mp3_22k.wav,42,10
39b6dbaddae1a561121fc826edf8913c,bengali,fake,fft,fft_003_Kolonkini Radha.mp3_22k.wav,43,10
12078a25606672c5d7d8cfe26a11a477,bengali,fake,fft,fft_003_Kolonkini Radha.mp3_22k.wav,44,10
e18efc6839c2159589716446bea4b36e,bengali,fake,fft,fft_003_Kolonkini Radha.mp3_22k.wav,45,10
87aaeb2d10f33a6c6e58a1f007f5601b,bengali,fake,fft,fft_003_Kolonkini Radha.mp3_22k.wav,46,10
9c4ed1e00677619467aaa9ec09943828,bengali,fake,fft,fft_003_Kolonkini Radha.mp3_22k.wav,47,10
038ae2aa61a0f64afb91fed011c53483,bengali,fake,fft,fft_003_Kolonkini Radha.mp3_22k.wav,48,10
5bb46fda96c8b9683d0fb759b1f192e7,bengali,fake,fft,fft_004_Kichudin Mone Mone.mp3_22k.wav,0,10
839e42acd1a9036cfcdb50d7e5daf511,bengali,fake,fft,fft_004_Kichudin Mone Mone.mp3_22k.wav,1,10
696ccab96774b4690d3693c921bb385b,bengali,fake,fft,fft_004_Kichudin Mone Mone.mp3_22k.wav,2,10
b9e53eb5ee6ba1c64e85f8dc34e97439,bengali,fake,fft,fft_004_Kichudin Mone Mone.mp3_22k.wav,3,10
221a69e44c12abaa659d60e33a1aba58,bengali,fake,fft,fft_004_Kichudin Mone Mone.mp3_22k.wav,4,10
a2e87fe3662793e0969b19225f986d9f,bengali,fake,fft,fft_004_Kichudin Mone Mone.mp3_22k.wav,5,10
fc1e34595fbb63793a6f30a48bae2a6d,bengali,fake,fft,fft_004_Kichudin Mone Mone.mp3_22k.wav,6,10
a0ff49dc96d02b2d5fe75bdc35dd7f4b,bengali,fake,fft,fft_004_Kichudin Mone Mone.mp3_22k.wav,7,10
f2cc03c24278cc7f500516fd14d8c2f1,bengali,fake,fft,fft_004_Kichudin Mone Mone.mp3_22k.wav,8,10
244d7fee389541d283110893b16593b7,bengali,fake,fft,fft_004_Kichudin Mone Mone.mp3_22k.wav,9,10
49146a4a440489f4380d2465dd205c6f,bengali,fake,fft,fft_004_Kichudin Mone Mone.mp3_22k.wav,10,10
ffaf76363b5ecdd14c800327345c57a3,bengali,fake,fft,fft_004_Kichudin Mone Mone.mp3_22k.wav,11,10
c88cf525dba02ac2fb9db01554b8ab3d,bengali,fake,fft,fft_004_Kichudin Mone Mone.mp3_22k.wav,12,10
9ddceca85f015fbcbd72dc7c8c3e45b9,bengali,fake,fft,fft_004_Kichudin Mone Mone.mp3_22k.wav,13,10
dd4bb7914cfe1fa8e0ca5674acf90439,bengali,fake,fft,fft_004_Kichudin Mone Mone.mp3_22k.wav,14,10
65a3489eb52282abc65e6525398c36de,bengali,fake,fft,fft_004_Kichudin Mone Mone.mp3_22k.wav,15,10
731e547dd01276a7a01126188175064d,bengali,fake,fft,fft_004_Kichudin Mone Mone.mp3_22k.wav,16,10
e86192a2678f9f8bcd89e491c645699d,bengali,fake,fft,fft_004_Kichudin Mone Mone.mp3_22k.wav,17,10
6055d7948f43781a8cd2b3cc6df28d5a,bengali,fake,fft,fft_004_Kichudin Mone Mone.mp3_22k.wav,18,10
7ab568d2ec52f3067812ae71a5ecf3dc,bengali,fake,fft,fft_004_Kichudin Mone Mone.mp3_22k.wav,19,10
51333c2148343a71604354ef5b3d6050,bengali,fake,fft,fft_004_Kichudin Mone Mone.mp3_22k.wav,20,10
dd7957d1de665d1cd0f4a2d42124d7af,bengali,fake,fft,fft_004_Kichudin Mone Mone.mp3_22k.wav,21,10
d6f99d9e77f55d71695b86752be7b573,bengali,fake,fft,fft_004_Kichudin Mone Mone.mp3_22k.wav,22,10
e83a938b4e77fe3ee5e89cf7fe5595b8,bengali,fake,fft,fft_004_Kichudin Mone Mone.mp3_22k.wav,23,10
7f07a421e82c4d21b0ec2c066c331da9,bengali,fake,fft,fft_004_Kichudin Mone Mone.mp3_22k.wav,24,10
f3528898cd6068cccaf13d4818ca3b6f,bengali,fake,fft,fft_004_Kichudin Mone Mone.mp3_22k.wav,25,10
9910c277b20fd3581d6b8d9f5cad4935,bengali,fake,fft,fft_004_Kichudin Mone Mone.mp3_22k.wav,26,10
4ff48b7f20c1ef5288f7b824173c5043,bengali,fake,fft,fft_004_Kichudin Mone Mone.mp3_22k.wav,27,10
1ed473a9cac688e023c7f3c45b909b79,bengali,fake,fft,fft_004_Kichudin Mone Mone.mp3_22k.wav,28,10
d61f7c4ff4649e3cdb575ca93733b219,bengali,fake,fft,fft_004_Kichudin Mone Mone.mp3_22k.wav,29,10
eadd37b488e20f849d3e7058e053dd9a,bengali,fake,fft,fft_004_Kichudin Mone Mone.mp3_22k.wav,30,10
6c2d4a21bb5254c28ed72c628d635cdf,bengali,fake,fft,fft_004_Kichudin Mone Mone.mp3_22k.wav,31,10
3365efaf71e3d97a32bf705f24ab4e11,bengali,fake,fft,fft_004_Kichudin Mone Mone.mp3_22k.wav,32,10
cde43a65cbaf3626df2e2563a1f182ee,bengali,fake,fft,fft_004_Kichudin Mone Mone.mp3_22k.wav,33,10
e5cadadb3cd285447cfb13d8b4f4192e,bengali,fake,fft,fft_005_Prem Sukho Nidhi Radhe.mp3_22k.wav,0,10
a67f4308bd58f793a03d4709a7f6c1be,bengali,fake,fft,fft_005_Prem Sukho Nidhi Radhe.mp3_22k.wav,1,10
ffadb5dff506c0567df5e91f97179d19,bengali,fake,fft,fft_005_Prem Sukho Nidhi Radhe.mp3_22k.wav,2,10
b53b4d5425aab1a00faafb1ba590463e,bengali,fake,fft,fft_005_Prem Sukho Nidhi Radhe.mp3_22k.wav,3,10
f80c8d1c14bc589909c87b528148d650,bengali,fake,fft,fft_005_Prem Sukho Nidhi Radhe.mp3_22k.wav,4,10
d1dc05a1df7b9c9449a37ef5e7b0f4f8,bengali,fake,fft,fft_005_Prem Sukho Nidhi Radhe.mp3_22k.wav,5,10
acb28f7df442cdd97d25a7e40ec5b62a,bengali,fake,fft,fft_005_Prem Sukho Nidhi Radhe.mp3_22k.wav,6,10
eafd649ae7b08df1bf9e616fccee8d8f,bengali,fake,fft,fft_005_Prem Sukho Nidhi Radhe.mp3_22k.wav,7,10
d8b9cb139819abf21447eadf3b63aa92,bengali,fake,fft,fft_005_Prem Sukho Nidhi Radhe.mp3_22k.wav,8,10
f7dfa48c28e7ed5b44f206499e307229,bengali,fake,fft,fft_005_Prem Sukho Nidhi Radhe.mp3_22k.wav,9,10
ea54abb45d9762efb1b1a7cb90ee5579,bengali,fake,fft,fft_005_Prem Sukho Nidhi Radhe.mp3_22k.wav,10,10
6efd8c9ebebe256b4cc67cb5b5da1be0,bengali,fake,fft,fft_005_Prem Sukho Nidhi Radhe.mp3_22k.wav,11,10
dc138eef3de5b9eb4aad3260d96dbfca,bengali,fake,fft,fft_005_Prem Sukho Nidhi Radhe.mp3_22k.wav,12,10
3524ed818d4fb2cd7363370784dabebb,bengali,fake,fft,fft_005_Prem Sukho Nidhi Radhe.mp3_22k.wav,13,10
11dddd2232a812c533827b841763c4e5,bengali,fake,fft,fft_005_Prem Sukho Nidhi Radhe.mp3_22k.wav,14,10
cd9199f8c83f62cc53db31a53048e310,bengali,fake,fft,fft_005_Prem Sukho Nidhi Radhe.mp3_22k.wav,15,10
272bb84c992c4a4ce102a5d36e4b5e01,bengali,fake,fft,fft_005_Prem Sukho Nidhi Radhe.mp3_22k.wav,16,10
40788953f4aae012a61711e65c61b87e,bengali,fake,fft,fft_005_Prem Sukho Nidhi Radhe.mp3_22k.wav,17,10
f8be53ac217289dfb21c2859289013ba,bengali,fake,fft,fft_005_Prem Sukho Nidhi Radhe.mp3_22k.wav,18,10
72e1cff08fef6b844d09f37c72dda6af,bengali,fake,fft,fft_005_Prem Sukho Nidhi Radhe.mp3_22k.wav,19,10
91e7ec1de352ef90bf2e8d6c88e93305,bengali,fake,fft,fft_005_Prem Sukho Nidhi Radhe.mp3_22k.wav,20,10
02f33a55b542ecbb03350b647d0fac30,bengali,fake,fft,fft_005_Prem Sukho Nidhi Radhe.mp3_22k.wav,21,10
1eed786093e7df5a80250a96ed06148f,bengali,fake,fft,fft_005_Prem Sukho Nidhi Radhe.mp3_22k.wav,22,10
19676cfe5bea8a9fa129de2ad78ac663,bengali,fake,fft,fft_005_Prem Sukho Nidhi Radhe.mp3_22k.wav,23,10
51bf9b15bb064cd076b5ca4b44bafac2,bengali,fake,fft,fft_005_Prem Sukho Nidhi Radhe.mp3_22k.wav,24,10
02ce7a0fcaf2818f8920efa331200c8d,bengali,fake,fft,fft_005_Prem Sukho Nidhi Radhe.mp3_22k.wav,25,10
4b5336937c103cdc50ca728180c65672,bengali,fake,fft,fft_005_Prem Sukho Nidhi Radhe.mp3_22k.wav,26,10
ebe80aac3311ee8390ecb6bda8b03fdc,bengali,fake,fft,fft_005_Prem Sukho Nidhi Radhe.mp3_22k.wav,27,10
9790a2719b4b578d945a9a173036fb62,bengali,fake,fft,fft_005_Prem Sukho Nidhi Radhe.mp3_22k.wav,28,10
310b9a391968b0cbf07f569fda40f70e,bengali,fake,fft,fft_005_Prem Sukho Nidhi Radhe.mp3_22k.wav,29,10
442d9f259485a74fed0a87475139c929,bengali,fake,fft,fft_005_Prem Sukho Nidhi Radhe.mp3_22k.wav,30,10
1fe1c2b4cbff6ae8ceb4530c87ed00bd,bengali,fake,fft,fft_005_Prem Sukho Nidhi Radhe.mp3_22k.wav,31,10
2ad248fc14bb5f9f395e7acf434afdcf,bengali,fake,fft,fft_005_Prem Sukho Nidhi Radhe.mp3_22k.wav,32,10
b94ef77728cc1211a1bb288c686416cd,bengali,fake,fft,fft_005_Prem Sukho Nidhi Radhe.mp3_22k.wav,33,10
1710ba83ec692d545ec2995db70ec5aa,bengali,fake,fft,fft_006_Bare Bare Ke Jeno Dake.mp3_22k.wav,0,10
96d3a1d064067cae9d3c81a4a259a874,bengali,fake,fft,fft_006_Bare Bare Ke Jeno Dake.mp3_22k.wav,1,10
33996c491ab95951645e4566be485916,bengali,fake,fft,fft_006_Bare Bare Ke Jeno Dake.mp3_22k.wav,2,10
127689890b54369c373b7ae1d3739dde,bengali,fake,fft,fft_006_Bare Bare Ke Jeno Dake.mp3_22k.wav,3,10
21bd547283a0e5aea793e2a231430186,bengali,fake,fft,fft_006_Bare Bare Ke Jeno Dake.mp3_22k.wav,4,10
0f537277a04b5905a7ddf3f7b7e12d99,bengali,fake,fft,fft_006_Bare Bare Ke Jeno Dake.mp3_22k.wav,5,10
a44dc9db696fa833d29e4d55eab0a28c,bengali,fake,fft,fft_006_Bare Bare Ke Jeno Dake.mp3_22k.wav,6,10
a0db6394024f6a135b4cdfc7cd8f3bda,bengali,fake,fft,fft_006_Bare Bare Ke Jeno Dake.mp3_22k.wav,7,10
71977b5806fc5ab149558326588e4996,bengali,fake,fft,fft_006_Bare Bare Ke Jeno Dake.mp3_22k.wav,8,10
a8815fbdbb8ae49e1f4965bd9cac555c,bengali,fake,fft,fft_006_Bare Bare Ke Jeno Dake.mp3_22k.wav,9,10
b4a2f7afd9b224d1dbf174cdebdd6fbe,bengali,fake,fft,fft_006_Bare Bare Ke Jeno Dake.mp3_22k.wav,10,10
7d4635333786e48921601be294f011e4,bengali,fake,fft,fft_006_Bare Bare Ke Jeno Dake.mp3_22k.wav,11,10
907e28eccffda6fe47dcb7415b94ac76,bengali,fake,fft,fft_006_Bare Bare Ke Jeno Dake.mp3_22k.wav,12,10
857d4df1bdea088d82fdd40821024d3f,bengali,fake,fft,fft_006_Bare Bare Ke Jeno Dake.mp3_22k.wav,13,10
306dccc4a056cf39f8e3facac185a38c,bengali,fake,fft,fft_006_Bare Bare Ke Jeno Dake.mp3_22k.wav,14,10
646adf1686200a5c50cd556bfe952341,bengali,fake,fft,fft_006_Bare Bare Ke Jeno Dake.mp3_22k.wav,15,10
fe70a97f354fa1b26a7b9e78d9537228,bengali,fake,fft,fft_006_Bare Bare Ke Jeno Dake.mp3_22k.wav,16,10
3c5c4b83b606064b446ee143465cc3a0,bengali,fake,fft,fft_006_Bare Bare Ke Jeno Dake.mp3_22k.wav,17,10
8465d817e3a7beac7b26e9aa06ad3c0d,bengali,fake,fft,fft_006_Bare Bare Ke Jeno Dake.mp3_22k.wav,18,10
380b0b0c9735dc11b521c92e08e0ce24,bengali,fake,fft,fft_007_Doyal Tomaro Lagiya.mp3_22k.wav,0,10
b04b8ed38f93327ef8d31f2b2b6b53b6,bengali,fake,fft,fft_007_Doyal Tomaro Lagiya.mp3_22k.wav,1,10
623aed7339ba1fbc05def5122365e030,bengali,fake,fft,fft_007_Doyal Tomaro Lagiya.mp3_22k.wav,2,10
c705d8d97d3d122345c08219db45d610,bengali,fake,fft,fft_007_Doyal Tomaro Lagiya.mp3_22k.wav,3,10
139b2113d14349d0d98cc85e8486fa09,bengali,fake,fft,fft_007_Doyal Tomaro Lagiya.mp3_22k.wav,4,10
67307d27a7702abbc03810b1e51a7bd1,bengali,fake,fft,fft_007_Doyal Tomaro Lagiya.mp3_22k.wav,5,10
936660aa4e2de70031beaae4286fe2ed,bengali,fake,fft,fft_007_Doyal Tomaro Lagiya.mp3_22k.wav,6,10
c7d1f4284ea996314799baccd75b07b9,bengali,fake,fft,fft_007_Doyal Tomaro Lagiya.mp3_22k.wav,7,10
cbc12c34ad1fc83af7684cf8c00818a0,bengali,fake,fft,fft_007_Doyal Tomaro Lagiya.mp3_22k.wav,8,10
7dd9323007963189e0acb9d20ec6c263,bengali,fake,fft,fft_007_Doyal Tomaro Lagiya.mp3_22k.wav,9,10
17675db14564e06bf38ea870f4d35d35,bengali,fake,fft,fft_007_Doyal Tomaro Lagiya.mp3_22k.wav,10,10
5b6f3d238160834df95e21ef1b43176a,bengali,fake,fft,fft_007_Doyal Tomaro Lagiya.mp3_22k.wav,11,10
a73b810af91f35e5f7d8176184b71116,bengali,fake,fft,fft_007_Doyal Tomaro Lagiya.mp3_22k.wav,12,10
677d51f87c344a4502a6514207424bf0,bengali,fake,fft,fft_007_Doyal Tomaro Lagiya.mp3_22k.wav,13,10
7aa3a6460ba8483a0a861cbe94d442d5,bengali,fake,fft,fft_007_Doyal Tomaro Lagiya.mp3_22k.wav,14,10
da7cfb472b62d1869293ad674b023480,bengali,fake,fft,fft_007_Doyal Tomaro Lagiya.mp3_22k.wav,15,10
988175aa7439fb85202fe9da5f7fff58,bengali,fake,fft,fft_007_Doyal Tomaro Lagiya.mp3_22k.wav,16,10
0b18b5efbdeb93c20be373b24e51a5a5,bengali,fake,fft,fft_007_Doyal Tomaro Lagiya.mp3_22k.wav,17,10
e5ed3c2aed9b3599d9a16b4e23c2305a,bengali,fake,fft,fft_007_Doyal Tomaro Lagiya.mp3_22k.wav,18,10
be3dcba30133feae37269c7bdb2ac819,bengali,fake,fft,fft_007_Doyal Tomaro Lagiya.mp3_22k.wav,19,10
3042ca6b9343f272bd77db83c23dbffd,bengali,fake,fft,fft_007_Doyal Tomaro Lagiya.mp3_22k.wav,20,10
fd9cf9b4497ac42a3cbaff5eb23bd623,bengali,fake,fft,fft_007_Doyal Tomaro Lagiya.mp3_22k.wav,21,10
2e9c058d585d3b1ef3d59d48f94b3ef9,bengali,fake,fft,fft_007_Doyal Tomaro Lagiya.mp3_22k.wav,22,10
02068ae45b7da744b3882b7d4c5c8cc4,bengali,fake,fft,fft_007_Doyal Tomaro Lagiya.mp3_22k.wav,23,10
c7a93594b25b2e5300da41cf9b467c13,bengali,fake,fft,fft_008_Bhromor.mp3_22k.wav,0,10
c2dcbb72d5f4a0981a96082dd98609c4,bengali,fake,fft,fft_008_Bhromor.mp3_22k.wav,1,10
f956e40aaa5cf186b8994112ae77339d,bengali,fake,fft,fft_008_Bhromor.mp3_22k.wav,2,10
7e93a1396c6687ecf62127434bb77ff3,bengali,fake,fft,fft_008_Bhromor.mp3_22k.wav,3,10
aa6d46ed3d8aecfa674a90087b2cc74e,bengali,fake,fft,fft_008_Bhromor.mp3_22k.wav,4,10
088f69a4b3de0f53d4f39a3125ec7f85,bengali,fake,fft,fft_008_Bhromor.mp3_22k.wav,5,10
b9c80327ecf834509d29b7cb4f2376c3,bengali,fake,fft,fft_008_Bhromor.mp3_22k.wav,6,10
f6bf6d9898a1330cebb6d3d85f4387b2,bengali,fake,fft,fft_008_Bhromor.mp3_22k.wav,7,10
31c6f3612811ccc733ffdd0bf56f6a78,bengali,fake,fft,fft_008_Bhromor.mp3_22k.wav,8,10
61a56d30f08ef3aa052b1ba26a713105,bengali,fake,fft,fft_008_Bhromor.mp3_22k.wav,9,10
a67fc92d9826232240133877baba729b,bengali,fake,fft,fft_008_Bhromor.mp3_22k.wav,10,10
6e09d420cec09077c832ac7db1c94c08,bengali,fake,fft,fft_008_Bhromor.mp3_22k.wav,11,10
978e63a0e5ffd64af1bf2fc86a16cff9,bengali,fake,fft,fft_008_Bhromor.mp3_22k.wav,12,10
d03663d07596a2d62532d45d1a5b9980,bengali,fake,fft,fft_008_Bhromor.mp3_22k.wav,13,10
d12ebcd4d731b57025afd419bca292dd,bengali,fake,fft,fft_008_Bhromor.mp3_22k.wav,14,10
2a978a70ab05250a98dff65d570e1321,bengali,fake,fft,fft_008_Bhromor.mp3_22k.wav,15,10
b9139c91c4b9d75b5e5c12ba09410baa,bengali,fake,fft,fft_008_Bhromor.mp3_22k.wav,16,10
c1c4e9f3cef8adb7d2b537a421004ca1,bengali,fake,fft,fft_008_Bhromor.mp3_22k.wav,17,10
7e53b8d8ae9f97afd7b224ab680624ca,bengali,fake,fft,fft_008_Bhromor.mp3_22k.wav,18,10
453190c14bee22ad54cea9178e9df577,bengali,fake,fft,fft_008_Bhromor.mp3_22k.wav,19,10
e41b40753b6eebd12fbc1b19fdf649f1,bengali,fake,fft,fft_008_Bhromor.mp3_22k.wav,20,10
68a0330cc760e9ddc148b168968a93b1,bengali,fake,fft,fft_008_Bhromor.mp3_22k.wav,21,10
04fc7983da29ba4d05d09f566ad6e242,bengali,fake,fft,fft_008_Bhromor.mp3_22k.wav,22,10
6148db7c26aa6ceb09cf04c19250fb1c,bengali,fake,fft,fft_008_Bhromor.mp3_22k.wav,23,10
a5db0f8d37489ec6f092e4c3c309d837,bengali,fake,fft,fft_008_Bhromor.mp3_22k.wav,24,10
0f8d6c775383c5eb2feba4d1ed1ff368,bengali,fake,fft,fft_008_Bhromor.mp3_22k.wav,25,10
5422077f2fae6c29c18c9b3cecd54e74,bengali,fake,fft,fft_008_Bhromor.mp3_22k.wav,26,10
6ff704c8778c3fa952d86e37cf384444,bengali,fake,fft,fft_008_Bhromor.mp3_22k.wav,27,10
212f214e30473723f9f2576df829e305,bengali,fake,fft,fft_008_Bhromor.mp3_22k.wav,28,10
6342e3f7d81a212c74a6444cd2248f96,bengali,fake,fft,fft_008_Bhromor.mp3_22k.wav,29,10
25ab4ff42192ab7792b9421b3ce7439c,bengali,fake,fft,fft_008_Bhromor.mp3_22k.wav,30,10
f72072cda594c4990d1c05373530e5d0,bengali,fake,fft,fft_008_Bhromor.mp3_22k.wav,31,10
50671fcec35052729bc37b9dbcb72f01,bengali,fake,fft,fft_008_Bhromor.mp3_22k.wav,32,10
ac68f4479261b506cdd611e4ef87999a,bengali,fake,fft,fft_008_Bhromor.mp3_22k.wav,33,10
41091994da27e8926a6badc5734522cb,bengali,fake,fft,fft_008_Bhromor.mp3_22k.wav,34,10
ea7579e19950409b5843dc458d0f492b,bengali,fake,fft,fft_008_Bhromor.mp3_22k.wav,35,10
2adb641e1abef8152f91f3db9bfc4499,bengali,fake,fft,fft_009_Bareer Kachhe Arshinogor.mp3_22k.wav,0,10
92f4901817237bdaaee8feb70bb896fb,bengali,fake,fft,fft_009_Bareer Kachhe Arshinogor.mp3_22k.wav,1,10
f12921f250294c72268287fa9a8ac699,bengali,fake,fft,fft_009_Bareer Kachhe Arshinogor.mp3_22k.wav,2,10
352887661b6e2afda1a59010ba6b7e1f,bengali,fake,fft,fft_009_Bareer Kachhe Arshinogor.mp3_22k.wav,3,10
4a9dcdff1ba0b0c8a64f9632c04ebeb6,bengali,fake,fft,fft_009_Bareer Kachhe Arshinogor.mp3_22k.wav,4,10
4781aaa6ea908a85396cee0a8c771b52,bengali,fake,fft,fft_009_Bareer Kachhe Arshinogor.mp3_22k.wav,5,10
78fa38d946e24563a5726db2ea3da3e1,bengali,fake,fft,fft_009_Bareer Kachhe Arshinogor.mp3_22k.wav,6,10
41b3ae411447a8c817191d6be120ce69,bengali,fake,fft,fft_009_Bareer Kachhe Arshinogor.mp3_22k.wav,7,10
248c35a8bb13145e45b656402a810601,bengali,fake,fft,fft_009_Bareer Kachhe Arshinogor.mp3_22k.wav,8,10
0d796972e3db0b5f7f02e0b035177aa9,bengali,fake,fft,fft_009_Bareer Kachhe Arshinogor.mp3_22k.wav,9,10
e5566d49ba4d97d65a6942e8528b818f,bengali,fake,fft,fft_009_Bareer Kachhe Arshinogor.mp3_22k.wav,10,10
c842e8c93170981953e4b10353722ad3,bengali,fake,fft,fft_009_Bareer Kachhe Arshinogor.mp3_22k.wav,11,10
2b8ef28d28d17af638b21f97f5b4bdad,bengali,fake,fft,fft_009_Bareer Kachhe Arshinogor.mp3_22k.wav,12,10
d109786ab2e8282ef19f5db20f38661b,bengali,fake,fft,fft_009_Bareer Kachhe Arshinogor.mp3_22k.wav,13,10
d3e8df54afc30d558942e435de56b17a,bengali,fake,fft,fft_009_Bareer Kachhe Arshinogor.mp3_22k.wav,14,10
eef7ddc5099643b11520de09e49e0164,bengali,fake,fft,fft_009_Bareer Kachhe Arshinogor.mp3_22k.wav,15,10
168db255692c225bbf6c77885abf48ea,bengali,fake,fft,fft_009_Bareer Kachhe Arshinogor.mp3_22k.wav,16,10
4999a0b9a1de35fd1a722f86cc1927fb,bengali,fake,fft,fft_009_Bareer Kachhe Arshinogor.mp3_22k.wav,17,10
70b1d7996a6c454154d20309b07a0479,bengali,fake,fft,fft_009_Bareer Kachhe Arshinogor.mp3_22k.wav,18,10
a8e13a5db85c85b6a494cee72ad93397,bengali,fake,fft,fft_009_Bareer Kachhe Arshinogor.mp3_22k.wav,19,10
b22823f67c2b20817bdb7f93f6e10b91,bengali,fake,fft,fft_009_Bareer Kachhe Arshinogor.mp3_22k.wav,20,10
b7f9b25ebfb6ea3840e1c786ba5125a6,bengali,fake,fft,fft_009_Bareer Kachhe Arshinogor.mp3_22k.wav,21,10
b48f2e03f26dd5ee3d332a4da2b90e08,bengali,fake,fft,fft_009_Bareer Kachhe Arshinogor.mp3_22k.wav,22,10
679557e7b03f69ff8476634e487faaab,bengali,fake,fft,fft_009_Bareer Kachhe Arshinogor.mp3_22k.wav,23,10
89a6eeaf32ad678fb698166fc8ca16bf,bengali,fake,fft,fft_009_Bareer Kachhe Arshinogor.mp3_22k.wav,24,10
52ab8f166e8f5f12b16c21b9a0c9f932,bengali,fake,fft,fft_009_Bareer Kachhe Arshinogor.mp3_22k.wav,25,10
bca71d7b265daf390e426646bf2f4323,bengali,fake,fft,fft_009_Bareer Kachhe Arshinogor.mp3_22k.wav,26,10
5de6e15d3f9407bb5fe8acf175fd3936,bengali,fake,fft,fft_009_Bareer Kachhe Arshinogor.mp3_22k.wav,27,10
248cbf971df26ff18fef432b1722d3c4,bengali,fake,fft,fft_009_Bareer Kachhe Arshinogor.mp3_22k.wav,28,10
49dc7b60c7dd19d6cd7819c9a15bf0e9,bengali,fake,fft,fft_009_Bareer Kachhe Arshinogor.mp3_22k.wav,29,10
08cc42b7e850828017f8e21d53304268,bengali,fake,fft,fft_009_Bareer Kachhe Arshinogor.mp3_22k.wav,30,10
3946cf35834dbe3dc27dd29c681f449f,bengali,fake,fft,fft_009_Bareer Kachhe Arshinogor.mp3_22k.wav,31,10
4953230315d0e43a1cf42eb904666cac,bengali,fake,fft,fft_009_Bareer Kachhe Arshinogor.mp3_22k.wav,32,10
0c6b68b85a59eed4399ab5bf008c5807,bengali,fake,fft,fft_009_Bareer Kachhe Arshinogor.mp3_22k.wav,33,10
14be701534aa0ae0e9363abc26f8fa42,bengali,fake,fft,fft_009_Bareer Kachhe Arshinogor.mp3_22k.wav,34,10
94883ff88a018a9ae96f21ca03a6fcf1,bengali,fake,fft,fft_009_Bareer Kachhe Arshinogor.mp3_22k.wav,35,10
fec632e13f82442e18a7975c68512520,bengali,fake,fft,fft_009_Bareer Kachhe Arshinogor.mp3_22k.wav,36,10
18e27eee11f7caac4c15835ce07575ca,bengali,fake,fft,fft_009_Bareer Kachhe Arshinogor.mp3_22k.wav,37,10
345a45c53dc2f27d2f46d82c7677eefa,bengali,fake,fft,fft_009_Bareer Kachhe Arshinogor.mp3_22k.wav,38,10
7c689cb8533b5271e69682203bd84af8,bengali,fake,fft,fft_010_Moner Manush.mp3_22k.wav,0,10
a2d9377777d59957602606f134e00f08,bengali,fake,fft,fft_010_Moner Manush.mp3_22k.wav,1,10
186a76e32345a1f80fdcd8137b6004a5,bengali,fake,fft,fft_010_Moner Manush.mp3_22k.wav,2,10
b188b11c1a7cbc56c45475dfcd99aecc,bengali,fake,fft,fft_010_Moner Manush.mp3_22k.wav,3,10
86bd66e0e833d7eaa4990ac58d246b3e,bengali,fake,fft,fft_010_Moner Manush.mp3_22k.wav,4,10
bd5fc8d836716cb9218e4cef6e0d42b3,bengali,fake,fft,fft_010_Moner Manush.mp3_22k.wav,5,10
e1d4cc9f0e57002f9397610645350180,bengali,fake,fft,fft_010_Moner Manush.mp3_22k.wav,6,10
27099c1f678b1b51aadbfe603906d41e,bengali,fake,fft,fft_010_Moner Manush.mp3_22k.wav,7,10
dc28b00527a3d7b403434dca00d604bd,bengali,fake,fft,fft_010_Moner Manush.mp3_22k.wav,8,10
4cc99f65aa0ffacef52e2c9bfbfe1355,bengali,fake,fft,fft_010_Moner Manush.mp3_22k.wav,9,10
5055ce727f91f0ad4f15b4119bc70b05,bengali,fake,fft,fft_010_Moner Manush.mp3_22k.wav,10,10
a3eb039af23ab90be4113e79929b02b2,bengali,fake,fft,fft_010_Moner Manush.mp3_22k.wav,11,10
257548d1462d020871fde006ea436ad3,bengali,fake,fft,fft_010_Moner Manush.mp3_22k.wav,12,10
626fcd66bdc28674a3d6eef427ffe7a9,bengali,fake,fft,fft_010_Moner Manush.mp3_22k.wav,13,10
0c4b93c9ce97a09c7123d1c26ddc9029,bengali,fake,fft,fft_010_Moner Manush.mp3_22k.wav,14,10
bea2dd9d919e15ebca6ab96fc1004bb4,bengali,fake,fft,fft_010_Moner Manush.mp3_22k.wav,15,10
37e3c5fff00d561e55e376133596fd9a,bengali,fake,fft,fft_010_Moner Manush.mp3_22k.wav,16,10
bed0ff2eac2e28c403b12aa02f8f08e1,bengali,fake,fft,fft_010_Moner Manush.mp3_22k.wav,17,10
e002fce06a2ffe5528a1e06afdbf5a3b,bengali,fake,fft,fft_010_Moner Manush.mp3_22k.wav,18,10
77f30d4a05646d07c9e25620efc762e1,bengali,fake,fft,fft_010_Moner Manush.mp3_22k.wav,19,10
898b27996c1362f69e38c7d0bf7a3d61,bengali,fake,fft,fft_010_Moner Manush.mp3_22k.wav,20,10
34f84c0c38b7e3bce652d6218213a300,bengali,fake,fft,fft_010_Moner Manush.mp3_22k.wav,21,10
d137f9325674c7971db12f49125894f4,bengali,fake,fft,fft_010_Moner Manush.mp3_22k.wav,22,10
2ea8e14796eeb4d38c70e325f580019c,bengali,fake,fft,fft_010_Moner Manush.mp3_22k.wav,23,10
acf169bc235002f85fdcc4ff3a7e2c15,bengali,fake,fft,fft_010_Moner Manush.mp3_22k.wav,24,10
14bc0d50920fb9f59114b9b9f738ed30,bengali,fake,fft,fft_010_Moner Manush.mp3_22k.wav,25,10
ca9109a71e9383b4f8eea7061cd29515,bengali,fake,fft,fft_010_Moner Manush.mp3_22k.wav,26,10
354caa343513cd0967818f76637bfe61,bengali,fake,fft,fft_010_Moner Manush.mp3_22k.wav,27,10
7a557122e4ea992e7f20a71b5195d7b3,bengali,fake,fft,fft_010_Moner Manush.mp3_22k.wav,28,10
a7b6409a62c2da4ea83226e2940f61a3,bengali,fake,fft,fft_010_Moner Manush.mp3_22k.wav,29,10
3a2910c807f60ea79894770a9a09e7ec,bengali,fake,fft,fft_010_Moner Manush.mp3_22k.wav,30,10
06cbea2b906960f4a1db6238e4bce793,bengali,fake,fft,fft_010_Moner Manush.mp3_22k.wav,31,10
092f90c994c7077795ce5e9c48e08428,bengali,fake,fft,fft_010_Moner Manush.mp3_22k.wav,32,10
c4d31b4a0bc4c293909ee4a20a0d2854,bengali,fake,fft,fft_010_Moner Manush.mp3_22k.wav,33,10
e4c74d3894bb0f90d722f70422da074c,bengali,fake,fft,fft_010_Moner Manush.mp3_22k.wav,34,10
6e652eda2cff268f87572d4ac9094fce,bengali,fake,fft,fft_010_Moner Manush.mp3_22k.wav,35,10
b73551141a1a1c196413068fd36b6549,bengali,fake,fft,fft_010_Moner Manush.mp3_22k.wav,36,10
77272fae7fb1ef122172cecc9b5e846a,bengali,fake,fft,fft_010_Moner Manush.mp3_22k.wav,37,10
0a5240cc6cdfb58baef3a708c2ab8bb6,bengali,fake,fft,fft_010_Moner Manush.mp3_22k.wav,38,10
04c1578af816bb01e3b4824d0b8f4f00,bengali,fake,fft,fft_010_Moner Manush.mp3_22k.wav,39,10
f4adb1b7b5828a58478f03dbcc3d7f12,bengali,fake,fft,fft_010_Moner Manush.mp3_22k.wav,40,10
1a556c96a34fa0ddc36661c74915e0fd,bengali,fake,fft,fft_010_Moner Manush.mp3_22k.wav,41,10
ed9e14df6d42ea82fed22aa185dc1567,bengali,fake,fft,fft_010_Moner Manush.mp3_22k.wav,42,10
6023baf1f33d124b9cb741efb19145b5,bengali,fake,fft,fft_010_Moner Manush.mp3_22k.wav,43,10
9e6ad7cb6e0654fa0ce72a2cf271dee4,bengali,fake,fft,fft_010_Moner Manush.mp3_22k.wav,44,10
06abfbae546dac18e18eb2d3c4aaed14,bengali,fake,fft,fft_010_Moner Manush.mp3_22k.wav,45,10
cc108f595df85e647b3be7c6f4b059e4,bengali,fake,fft,fft_010_Moner Manush.mp3_22k.wav,46,10
28919e887646786cd920546057a083b7,bengali,fake,fft,fft_010_Moner Manush.mp3_22k.wav,47,10
b3993e4af681c02672da007ee0643fc7,bengali,fake,fft,fft_010_Moner Manush.mp3_22k.wav,48,10
95a4c9d27fb9d4e5e65a322e001fd45b,bengali,fake,fft,fft_010_Moner Manush.mp3_22k.wav,49,10
36edc7a4112f0106d4858a5f334be5df,bengali,fake,fft,fft_010_Moner Manush.mp3_22k.wav,50,10
4eadf461adbcd0047768add00d136390,bengali,fake,fft,fft_011_Jao Pakhi Bolo Tare.mp3_22k.wav,0,10
37fad704eedbf0fe9a02d62b21153679,bengali,fake,fft,fft_011_Jao Pakhi Bolo Tare.mp3_22k.wav,1,10
5db786a3a36d75156d21affe2c6ce66f,bengali,fake,fft,fft_011_Jao Pakhi Bolo Tare.mp3_22k.wav,2,10
b7cd4bf25970a7e1854ca832467fe80a,bengali,fake,fft,fft_011_Jao Pakhi Bolo Tare.mp3_22k.wav,3,10
8441303205d287acef531b73f6a987e0,bengali,fake,fft,fft_011_Jao Pakhi Bolo Tare.mp3_22k.wav,4,10
0e9628053ed5871ba88920d308f9742a,bengali,fake,fft,fft_011_Jao Pakhi Bolo Tare.mp3_22k.wav,5,10
e9794d69e42ec5fc4cec2c0dba1e9361,bengali,fake,fft,fft_011_Jao Pakhi Bolo Tare.mp3_22k.wav,6,10
b28a6e230b6a8a598e5fb69394d2c0b9,bengali,fake,fft,fft_011_Jao Pakhi Bolo Tare.mp3_22k.wav,7,10
ff62fd73bb52aae70c61b9d97c152466,bengali,fake,fft,fft_011_Jao Pakhi Bolo Tare.mp3_22k.wav,8,10
e5a25ef52b3698268ab229f3837071b8,bengali,fake,fft,fft_011_Jao Pakhi Bolo Tare.mp3_22k.wav,9,10
cf62457d85f0162adf3a8ec82d61b68b,bengali,fake,fft,fft_011_Jao Pakhi Bolo Tare.mp3_22k.wav,10,10
9b6f19e4f2b33c043c2ddb66b7b5d9a3,bengali,fake,fft,fft_011_Jao Pakhi Bolo Tare.mp3_22k.wav,11,10
5af3521e8561a364bcfd1c8ce2619500,bengali,fake,fft,fft_011_Jao Pakhi Bolo Tare.mp3_22k.wav,12,10
24e31ab726c6b341084191bd054d9f23,bengali,fake,fft,fft_011_Jao Pakhi Bolo Tare.mp3_22k.wav,13,10
81430e072ba13711d0a0661af56e4d1c,bengali,fake,fft,fft_011_Jao Pakhi Bolo Tare.mp3_22k.wav,14,10
f3635d06a7acfe379033b18d9cb880a4,bengali,fake,fft,fft_011_Jao Pakhi Bolo Tare.mp3_22k.wav,15,10
08f480869d536faf5e5e14aab6e6d29e,bengali,fake,fft,fft_011_Jao Pakhi Bolo Tare.mp3_22k.wav,16,10
55def0874d4b538ef0a4fdad44c9b932,bengali,fake,fft,fft_011_Jao Pakhi Bolo Tare.mp3_22k.wav,17,10
d9664968e0c98e429323baf53cefc9fa,bengali,fake,fft,fft_011_Jao Pakhi Bolo Tare.mp3_22k.wav,18,10
1c900e3b2ba7b6213fed8fb02630c2c2,bengali,fake,fft,fft_011_Jao Pakhi Bolo Tare.mp3_22k.wav,19,10
f7545abcfcfb1c83346ef4e356d37c3f,bengali,fake,fft,fft_011_Jao Pakhi Bolo Tare.mp3_22k.wav,20,10
c170754368d826f0cd9e836fda461540,bengali,fake,fft,fft_011_Jao Pakhi Bolo Tare.mp3_22k.wav,21,10
ec38d3b4dc12a7e5181628aead1045e2,bengali,fake,fft,fft_011_Jao Pakhi Bolo Tare.mp3_22k.wav,22,10
e16ac48c7359004409fce43e9b6248dc,bengali,fake,fft,fft_011_Jao Pakhi Bolo Tare.mp3_22k.wav,23,10
9781e7ba266f71f9150efdcd05059495,bengali,fake,fft,fft_011_Jao Pakhi Bolo Tare.mp3_22k.wav,24,10
91c23016d1c8f6c784485bc0e5ac82fb,bengali,fake,fft,fft_011_Jao Pakhi Bolo Tare.mp3_22k.wav,25,10
5e9dbb67191ff35bc4b77831e9c80af3,bengali,fake,fft,fft_012_Khachar Bhitor Achin Pakhi.mp3_22k.wav,0,10
b28a753bf8d3f717f38d1133fef72608,bengali,fake,fft,fft_012_Khachar Bhitor Achin Pakhi.mp3_22k.wav,1,10
f6ab232d03932e2c0123e910f1a0439b,bengali,fake,fft,fft_012_Khachar Bhitor Achin Pakhi.mp3_22k.wav,2,10
c849dfd5c5a2828fc1cf112ef4094fdf,bengali,fake,fft,fft_012_Khachar Bhitor Achin Pakhi.mp3_22k.wav,3,10
71f28871dea52ea87da832176b21a6e6,bengali,fake,fft,fft_012_Khachar Bhitor Achin Pakhi.mp3_22k.wav,4,10
a1dbf8e59f65fa1e7df055bf3ac0c933,bengali,fake,fft,fft_012_Khachar Bhitor Achin Pakhi.mp3_22k.wav,5,10
a605f899c317da3b5976cf52faf6eccc,bengali,fake,fft,fft_012_Khachar Bhitor Achin Pakhi.mp3_22k.wav,6,10
f605fc2f390171eaf70e8f9e481f4f02,bengali,fake,fft,fft_012_Khachar Bhitor Achin Pakhi.mp3_22k.wav,7,10
54b870f967eaf39d3cf2bd038f75e155,bengali,fake,fft,fft_012_Khachar Bhitor Achin Pakhi.mp3_22k.wav,8,10
588c98b149e20ffff60597c1654de837,bengali,fake,fft,fft_012_Khachar Bhitor Achin Pakhi.mp3_22k.wav,9,10
f8db778f9c519f38467d336a6212e334,bengali,fake,fft,fft_012_Khachar Bhitor Achin Pakhi.mp3_22k.wav,10,10
7b2b364c94dbcb305d5bc3b3db0b9e22,bengali,fake,fft,fft_012_Khachar Bhitor Achin Pakhi.mp3_22k.wav,11,10
e7e20546bde0c2cb9612c3786f1317ea,bengali,fake,fft,fft_012_Khachar Bhitor Achin Pakhi.mp3_22k.wav,12,10
3d047730f727a76984edee069c486c36,bengali,fake,fft,fft_012_Khachar Bhitor Achin Pakhi.mp3_22k.wav,13,10
6b1752200c53201ccfd1e6b80c4f754e,bengali,fake,fft,fft_012_Khachar Bhitor Achin Pakhi.mp3_22k.wav,14,10
83fd01fd5732b86814cb834e4d6b57e6,bengali,fake,fft,fft_012_Khachar Bhitor Achin Pakhi.mp3_22k.wav,15,10
477f8c24d44a6e0dbc262cb60a55e404,bengali,fake,fft,fft_012_Khachar Bhitor Achin Pakhi.mp3_22k.wav,16,10
a6f186328908582c1bbe42e8d503bdb8,bengali,fake,fft,fft_012_Khachar Bhitor Achin Pakhi.mp3_22k.wav,17,10
0c30874db4f30c09df126f50aa14844b,bengali,fake,fft,fft_012_Khachar Bhitor Achin Pakhi.mp3_22k.wav,18,10
5373d1bc95501ffcda56abc201430fb0,bengali,fake,fft,fft_012_Khachar Bhitor Achin Pakhi.mp3_22k.wav,19,10
fc7c70fb7ac3fede7d2327849385a7a0,bengali,fake,fft,fft_012_Khachar Bhitor Achin Pakhi.mp3_22k.wav,20,10
fecb2fa7342f11edb68bff55e5f31d93,bengali,fake,fft,fft_012_Khachar Bhitor Achin Pakhi.mp3_22k.wav,21,10
0da0e42ee5fa22a87dfda4475ae34822,bengali,fake,fft,fft_012_Khachar Bhitor Achin Pakhi.mp3_22k.wav,22,10
7b8037ff0461233a85fef6cd372cac6c,bengali,fake,fft,fft_012_Khachar Bhitor Achin Pakhi.mp3_22k.wav,23,10
0d1fa6af9fa92fa3ee732162f5fa3e16,bengali,fake,fft,fft_012_Khachar Bhitor Achin Pakhi.mp3_22k.wav,24,10
4dea69631ceb1777ece9ef005ae099b5,bengali,fake,fft,fft_012_Khachar Bhitor Achin Pakhi.mp3_22k.wav,25,10
aeb4bb5fcab57f3379207868b48bd7a9,bengali,fake,fft,fft_012_Khachar Bhitor Achin Pakhi.mp3_22k.wav,26,10
5d23582db29475b7d5f9d6c731a1d86a,bengali,fake,fft,fft_012_Khachar Bhitor Achin Pakhi.mp3_22k.wav,27,10
c22992275081fa56b62e8ee64c48d8a5,bengali,fake,fft,fft_012_Khachar Bhitor Achin Pakhi.mp3_22k.wav,28,10
277d462550b042412fd882cc3483a484,bengali,fake,fft,fft_012_Khachar Bhitor Achin Pakhi.mp3_22k.wav,29,10
b25ea1532eed91a2bfe692c46ad7e578,bengali,fake,fft,fft_012_Khachar Bhitor Achin Pakhi.mp3_22k.wav,30,10
a420cf35508a0abc1ae13148629789b4,bengali,fake,fft,fft_012_Khachar Bhitor Achin Pakhi.mp3_22k.wav,31,10
5e48d0e07409286fe01409a044c35b03,bengali,fake,fft,fft_012_Khachar Bhitor Achin Pakhi.mp3_22k.wav,32,10
0f35a4eb3d9f91122f11c14795e3c671,bengali,fake,fft,fft_012_Khachar Bhitor Achin Pakhi.mp3_22k.wav,33,10
b1f2203c6d8176179eb5b3d8f2440e59,bengali,fake,fft,fft_012_Khachar Bhitor Achin Pakhi.mp3_22k.wav,34,10
b9579dc0bb15d20aa3938bc7fc0409b6,bengali,fake,fft,fft_012_Khachar Bhitor Achin Pakhi.mp3_22k.wav,35,10
0798756e5ac527c5ee833bab61674c73,bengali,fake,fft,fft_012_Khachar Bhitor Achin Pakhi.mp3_22k.wav,36,10
f4bdbebf5b9baee43c67727cc98b58e4,bengali,fake,fft,fft_012_Khachar Bhitor Achin Pakhi.mp3_22k.wav,37,10
31b5f6f688e995be50be3fbce6cf8704,bengali,fake,fft,fft_012_Khachar Bhitor Achin Pakhi.mp3_22k.wav,38,10
408d481aa78aad5beef66fb05f21ef6a,bengali,fake,fft,fft_012_Khachar Bhitor Achin Pakhi.mp3_22k.wav,39,10
b598063ac6589c078fab4136b46a5ab4,bengali,fake,fft,fft_012_Khachar Bhitor Achin Pakhi.mp3_22k.wav,40,10
6298a5d3710c1208b61dc56f18404298,bengali,fake,fft,fft_012_Khachar Bhitor Achin Pakhi.mp3_22k.wav,41,10
55e59f6ef1038c603170a75533c4c960,bengali,fake,fft,fft_012_Khachar Bhitor Achin Pakhi.mp3_22k.wav,42,10
5c451c4d903c6e5947613386156a63b5,bengali,fake,fft,fft_012_Khachar Bhitor Achin Pakhi.mp3_22k.wav,43,10
4330a54d6d97ff2bb6002c1f029c7d70,bengali,fake,fft,fft_012_Khachar Bhitor Achin Pakhi.mp3_22k.wav,44,10
7c0325ac33828d5d931dc47428e468a4,bengali,fake,fft,fft_012_Khachar Bhitor Achin Pakhi.mp3_22k.wav,45,10
9386c9320adb7a5da738fe4c8557ad06,bengali,fake,fft,fft_013_Age Ki Sundor Din Kataitam.mp3_22k.wav,0,10
60926a09ab5d056a419bab80f0194f15,bengali,fake,fft,fft_013_Age Ki Sundor Din Kataitam.mp3_22k.wav,1,10
afb63913612b153df6a9754844c929fd,bengali,fake,fft,fft_013_Age Ki Sundor Din Kataitam.mp3_22k.wav,2,10
5670a98f9946ef7327348f8c7a42a8ee,bengali,fake,fft,fft_013_Age Ki Sundor Din Kataitam.mp3_22k.wav,3,10
a5d6576c005eea742a0d8e82ea0bb88c,bengali,fake,fft,fft_013_Age Ki Sundor Din Kataitam.mp3_22k.wav,4,10
6b92e893ff6a2f2fdb9af4999d6899cc,bengali,fake,fft,fft_013_Age Ki Sundor Din Kataitam.mp3_22k.wav,5,10
572748a302cdcee9c9588b17486caf3a,bengali,fake,fft,fft_013_Age Ki Sundor Din Kataitam.mp3_22k.wav,6,10
026536859ad0eb7e056529e20573ef13,bengali,fake,fft,fft_013_Age Ki Sundor Din Kataitam.mp3_22k.wav,7,10
6685746aec82ba694d2e7f2edf5d3bc6,bengali,fake,fft,fft_013_Age Ki Sundor Din Kataitam.mp3_22k.wav,8,10
9c38ab56e168a2c467cf7b70d5d65680,bengali,fake,fft,fft_013_Age Ki Sundor Din Kataitam.mp3_22k.wav,9,10
493fbe06abbbf6452fc61ea48c1314e5,bengali,fake,fft,fft_013_Age Ki Sundor Din Kataitam.mp3_22k.wav,10,10
58aa53bd5a8f27b61a9012dae134af8b,bengali,fake,fft,fft_013_Age Ki Sundor Din Kataitam.mp3_22k.wav,11,10
d619c8aea20e47d7c98ee63b3e66c4ae,bengali,fake,fft,fft_013_Age Ki Sundor Din Kataitam.mp3_22k.wav,12,10
ab2822fb4e581fb5f5003b1a1cbf7b86,bengali,fake,fft,fft_013_Age Ki Sundor Din Kataitam.mp3_22k.wav,13,10
8b64b816f5c9be15307e9f9e577e0068,bengali,fake,fft,fft_013_Age Ki Sundor Din Kataitam.mp3_22k.wav,14,10
93df6ede4b63fd5ff5ba492bc504a5fb,bengali,fake,fft,fft_013_Age Ki Sundor Din Kataitam.mp3_22k.wav,15,10
b6fe24de8b8a7528225877a211f17293,bengali,fake,fft,fft_013_Age Ki Sundor Din Kataitam.mp3_22k.wav,16,10
067ab9576380c5a1c5e70fd90bebeb3a,bengali,fake,fft,fft_013_Age Ki Sundor Din Kataitam.mp3_22k.wav,17,10
bb4dd1e271a65e34588b5b85665a9d17,bengali,fake,fft,fft_013_Age Ki Sundor Din Kataitam.mp3_22k.wav,18,10
057a5df56dcae662c1027e20b4acd9e2,bengali,fake,fft,fft_013_Age Ki Sundor Din Kataitam.mp3_22k.wav,19,10
54ef0545d51ce0cc8d9ec2f755490edf,bengali,fake,fft,fft_013_Age Ki Sundor Din Kataitam.mp3_22k.wav,20,10
7400ef50cf5cf8ab3d3bd2e925d235d1,bengali,fake,fft,fft_013_Age Ki Sundor Din Kataitam.mp3_22k.wav,21,10
7bd04cd093e5477cd650c84de61e8e88,bengali,fake,fft,fft_013_Age Ki Sundor Din Kataitam.mp3_22k.wav,22,10
3983e55a5da1d4002ab477a0f3c355ad,bengali,fake,fft,fft_013_Age Ki Sundor Din Kataitam.mp3_22k.wav,23,10
df78d521a81c41d7ae6f03e6b27f0121,bengali,fake,fft,fft_013_Age Ki Sundor Din Kataitam.mp3_22k.wav,24,10
a9e0c7f96547f25a5abf8e82626754fc,bengali,fake,fft,fft_013_Age Ki Sundor Din Kataitam.mp3_22k.wav,25,10
cc3294648b2d48d6a58d408f9b3d81bc,bengali,fake,fft,fft_014_Pal Tule De.mp3_22k.wav,0,10
aa7f439309ec1bed0c16ea775fcee605,bengali,fake,fft,fft_014_Pal Tule De.mp3_22k.wav,1,10
f4e9fba630a89eec09a2bab23c9e917a,bengali,fake,fft,fft_014_Pal Tule De.mp3_22k.wav,2,10
487b53a2a0baa01213862406f0225b48,bengali,fake,fft,fft_014_Pal Tule De.mp3_22k.wav,3,10
bbba39f5dfa6fdc19a4fe6707e5f1fcc,bengali,fake,fft,fft_014_Pal Tule De.mp3_22k.wav,4,10
2fcb8c9aa245c3b8d143643b5ff052cc,bengali,fake,fft,fft_014_Pal Tule De.mp3_22k.wav,5,10
fe53d3387f1f437472bd522605962bd3,bengali,fake,fft,fft_014_Pal Tule De.mp3_22k.wav,6,10
813aeec3e949e98e6441848d026ffae0,bengali,fake,fft,fft_014_Pal Tule De.mp3_22k.wav,7,10
f7e843f8f90ad18f356e6ef2c93547b4,bengali,fake,fft,fft_014_Pal Tule De.mp3_22k.wav,8,10
a2290329b5d322e13cd99c1cfcb5c58d,bengali,fake,fft,fft_014_Pal Tule De.mp3_22k.wav,9,10
9539886f80f59209fb5ef093b83d567f,bengali,fake,fft,fft_014_Pal Tule De.mp3_22k.wav,10,10
386103c5ff2ee68b919b8d1fb34892e3,bengali,fake,fft,fft_014_Pal Tule De.mp3_22k.wav,11,10
241d6f0238b834eb46f67b56ba4fbc91,bengali,fake,fft,fft_014_Pal Tule De.mp3_22k.wav,12,10
1a4656bcea995c88c65c2d0ec3a30329,bengali,fake,fft,fft_014_Pal Tule De.mp3_22k.wav,13,10
35bef2f193966360d985e7c77f7baf7e,bengali,fake,fft,fft_014_Pal Tule De.mp3_22k.wav,14,10
2feeb7344cbf8e9d14e5fe6ddeb39b05,bengali,fake,fft,fft_014_Pal Tule De.mp3_22k.wav,15,10
bafa0e39f74e038246d4cbb839446e6f,bengali,fake,fft,fft_014_Pal Tule De.mp3_22k.wav,16,10
663b18cf7c57c95b1244f10ce1316829,bengali,fake,fft,fft_014_Pal Tule De.mp3_22k.wav,17,10
385b2d40d5dc2f9d0dc4b48a151afbdf,bengali,fake,fft,fft_014_Pal Tule De.mp3_22k.wav,18,10
7bdb6e1669d844c8bcc2b3ba3a4e842b,bengali,fake,fft,fft_014_Pal Tule De.mp3_22k.wav,19,10
573ab599e8925c5eb153cfc3a18c7c4e,bengali,fake,fft,fft_014_Pal Tule De.mp3_22k.wav,20,10
ae05d78659319c01422182d8e30f5abe,bengali,fake,fft,fft_014_Pal Tule De.mp3_22k.wav,21,10
2f00d3510924e2fc3e22fb62057e5f13,bengali,fake,fft,fft_014_Pal Tule De.mp3_22k.wav,22,10
71911a38c659ca44494e705f32e941ac,bengali,fake,fft,fft_014_Pal Tule De.mp3_22k.wav,23,10
baa8cde6aef60e5589106bd2bead7d13,bengali,fake,fft,fft_014_Pal Tule De.mp3_22k.wav,24,10
e19b78be768931d7bd30d2a899b4bfeb,bengali,fake,fft,fft_014_Pal Tule De.mp3_22k.wav,25,10
50d92a3271c65994aa23b056a3968866,bengali,fake,fft,fft_014_Pal Tule De.mp3_22k.wav,26,10
ea4631c3988cbc12994482a5e89c5613,bengali,fake,fft,fft_014_Pal Tule De.mp3_22k.wav,27,10
57a34083df4f3517f6be2c90d99d37c2,bengali,fake,fft,fft_014_Pal Tule De.mp3_22k.wav,28,10
1359a2e2c3948b92100e346b01e7e9f2,bengali,fake,fft,fft_014_Pal Tule De.mp3_22k.wav,29,10
350de2464c3c0c6ab18a2a4467a3c255,bengali,fake,fft,fft_014_Pal Tule De.mp3_22k.wav,30,10
2980e1ac4271126f4bea5720553f4315,bengali,fake,fft,fft_014_Pal Tule De.mp3_22k.wav,31,10
deb1ad759974f2fe40e98c0e04b44628,bengali,fake,fft,fft_014_Pal Tule De.mp3_22k.wav,32,10
457399a50673ac998d038d85b4758545,bengali,fake,fft,fft_014_Pal Tule De.mp3_22k.wav,33,10
b3e99f2178b9da0e8b44fea9e9d0ac28,bengali,fake,fft,fft_014_Pal Tule De.mp3_22k.wav,34,10
e4ec1146acb87543f522972fef7dd176,bengali,fake,fft,fft_014_Pal Tule De.mp3_22k.wav,35,10
723c99bc99722574bca74bc70fbf9c7b,bengali,fake,fft,fft_014_Pal Tule De.mp3_22k.wav,36,10
6b6e986fbb8c74e9e95b204bd6ec9b5c,bengali,fake,fft,fft_014_Pal Tule De.mp3_22k.wav,37,10
4324b2c6e2d6e8c5f8d723bd57a764b8,bengali,fake,fft,fft_014_Pal Tule De.mp3_22k.wav,38,10
6c408ad1204929f77f0fcf59c07db507,bengali,fake,fft,fft_014_Pal Tule De.mp3_22k.wav,39,10
131307747a7456ad1fc8fbed312c5baf,bengali,fake,fft,fft_014_Pal Tule De.mp3_22k.wav,40,10
259d2fe0ea86538843a534ca05be33ab,bengali,fake,fft,fft_015_Bala Nacho To Dekhi.mp3_22k.wav,0,10
88965447ee3d809fe5eb5e681c2d9168,bengali,fake,fft,fft_015_Bala Nacho To Dekhi.mp3_22k.wav,1,10
95dd297345d0d9e5c5120f234a5cee73,bengali,fake,fft,fft_015_Bala Nacho To Dekhi.mp3_22k.wav,2,10
db5f9e92fc12cc4e6801e420b8f68188,bengali,fake,fft,fft_015_Bala Nacho To Dekhi.mp3_22k.wav,3,10
17f077f05b29784d901279b911342aa2,bengali,fake,fft,fft_015_Bala Nacho To Dekhi.mp3_22k.wav,4,10
61c55497ddc6a605a8a4c9a4113a0196,bengali,fake,fft,fft_015_Bala Nacho To Dekhi.mp3_22k.wav,5,10
a4f4a0018311567aea9fe1e1726860d4,bengali,fake,fft,fft_015_Bala Nacho To Dekhi.mp3_22k.wav,6,10
32a1142b9d626a63f4a9216ae903eb28,bengali,fake,fft,fft_015_Bala Nacho To Dekhi.mp3_22k.wav,7,10
0f87b9c40a194439f13a5a91359e359c,bengali,fake,fft,fft_015_Bala Nacho To Dekhi.mp3_22k.wav,8,10
13fd084a890d6b92f1a8f06da3106f9b,bengali,fake,fft,fft_015_Bala Nacho To Dekhi.mp3_22k.wav,9,10
4a0ec03d41e16e81b79e615a55de01d5,bengali,fake,fft,fft_015_Bala Nacho To Dekhi.mp3_22k.wav,10,10
bf46f9a2cace09b2a952c50037d1f8fc,bengali,fake,fft,fft_015_Bala Nacho To Dekhi.mp3_22k.wav,11,10
7992992651ee7c32d5c4736e351f0840,bengali,fake,fft,fft_015_Bala Nacho To Dekhi.mp3_22k.wav,12,10
936614958750fa20ae9bf11e80aaeca9,bengali,fake,fft,fft_015_Bala Nacho To Dekhi.mp3_22k.wav,13,10
69b2455d3587c9dc47f2843e803fe83a,bengali,fake,fft,fft_015_Bala Nacho To Dekhi.mp3_22k.wav,14,10
cd0176b84e823fdaa684ac6e560cce95,bengali,fake,fft,fft_015_Bala Nacho To Dekhi.mp3_22k.wav,15,10
d8c9cc3b200beb27c1ef4bde66549dc9,bengali,fake,fft,fft_015_Bala Nacho To Dekhi.mp3_22k.wav,16,10
d3a988d2e814f58117b96a4b33f8ff2b,bengali,fake,fft,fft_015_Bala Nacho To Dekhi.mp3_22k.wav,17,10
0c8c98074ae6280f1e76d64d7eb2ea8e,bengali,fake,fft,fft_015_Bala Nacho To Dekhi.mp3_22k.wav,18,10
fa02dc8ad886f96b4472b47ac7bd60f2,bengali,fake,fft,fft_015_Bala Nacho To Dekhi.mp3_22k.wav,19,10
ef37345a4c6d331bff705121758f6692,bengali,fake,fft,fft_015_Bala Nacho To Dekhi.mp3_22k.wav,20,10
307eccf047657966410e3f8fc8883d0d,bengali,fake,fft,fft_015_Bala Nacho To Dekhi.mp3_22k.wav,21,10
0507eeea4ecf463bce3f45d7d6691adc,bengali,fake,fft,fft_015_Bala Nacho To Dekhi.mp3_22k.wav,22,10
282c1d02f4b471a963a3a7f1bd9f620c,bengali,fake,fft,fft_016_Pindare Polasher Bon.mp3_22k.wav,0,10
577f610e3d9ca0baf36f6893bc43efe2,bengali,fake,fft,fft_016_Pindare Polasher Bon.mp3_22k.wav,1,10
b6b2da57e7295c68be57f048a550c39b,bengali,fake,fft,fft_016_Pindare Polasher Bon.mp3_22k.wav,2,10
554cd5ef7f47f22d248c8bdba82e1d25,bengali,fake,fft,fft_016_Pindare Polasher Bon.mp3_22k.wav,3,10
54c88d92caebb6cdd0d57d4f5c2a364f,bengali,fake,fft,fft_016_Pindare Polasher Bon.mp3_22k.wav,4,10
516da7399e36ed98777fcc25d8f5ea87,bengali,fake,fft,fft_016_Pindare Polasher Bon.mp3_22k.wav,5,10
acb84980291bb0dca99d7a68d189cda0,bengali,fake,fft,fft_016_Pindare Polasher Bon.mp3_22k.wav,6,10
a695735886de044a93c7689f2195b619,bengali,fake,fft,fft_016_Pindare Polasher Bon.mp3_22k.wav,7,10
8d1920d49631775c89fc04c4a422cd8a,bengali,fake,fft,fft_016_Pindare Polasher Bon.mp3_22k.wav,8,10
561167718a933fbe2262bacd60cd1678,bengali,fake,fft,fft_016_Pindare Polasher Bon.mp3_22k.wav,9,10
7cc6c86aef7298834d8f6b93ac84f6dc,bengali,fake,fft,fft_016_Pindare Polasher Bon.mp3_22k.wav,10,10
470ae35b1d9c708be5aba37b6a64a5d4,bengali,fake,fft,fft_016_Pindare Polasher Bon.mp3_22k.wav,11,10
c792a11f5551061f99903529d64d30cb,bengali,fake,fft,fft_016_Pindare Polasher Bon.mp3_22k.wav,12,10
3b92bca5c0d296402bc54955ec1cb75d,bengali,fake,fft,fft_016_Pindare Polasher Bon.mp3_22k.wav,13,10
3a62d01cd70c778f891e97fb2f422f53,bengali,fake,fft,fft_016_Pindare Polasher Bon.mp3_22k.wav,14,10
cb7c4bf7cff6af5dd9302229915f218d,bengali,fake,fft,fft_016_Pindare Polasher Bon.mp3_22k.wav,15,10
dd7eb0de3988551624ed30df9eb065dc,bengali,fake,fft,fft_017_Sadher Lau Banaila More Bairagi.mp3_22k.wav,0,10
a10e3c7b95cc64594b934c49e644f70c,bengali,fake,fft,fft_017_Sadher Lau Banaila More Bairagi.mp3_22k.wav,1,10
b7cea840a10409dc4e1bc0ad53a1ed38,bengali,fake,fft,fft_017_Sadher Lau Banaila More Bairagi.mp3_22k.wav,2,10
1bc4b5a688d35c2c328d3ce9a91b33b7,bengali,fake,fft,fft_017_Sadher Lau Banaila More Bairagi.mp3_22k.wav,3,10
eb47b947042140c60feee046dbd57828,bengali,fake,fft,fft_017_Sadher Lau Banaila More Bairagi.mp3_22k.wav,4,10
078187a4921bdcae8712f2ba6956981d,bengali,fake,fft,fft_017_Sadher Lau Banaila More Bairagi.mp3_22k.wav,5,10
abbb03a395cb47cef57e3eb430cd8069,bengali,fake,fft,fft_017_Sadher Lau Banaila More Bairagi.mp3_22k.wav,6,10
09f2fce84de991041b08077370959832,bengali,fake,fft,fft_017_Sadher Lau Banaila More Bairagi.mp3_22k.wav,7,10
26952702074d9d937627f3d169f4686a,bengali,fake,fft,fft_017_Sadher Lau Banaila More Bairagi.mp3_22k.wav,8,10
88c43115fa9dcaa5bb04c838cf6b67b1,bengali,fake,fft,fft_017_Sadher Lau Banaila More Bairagi.mp3_22k.wav,9,10
0fa52b0b42ba7b6ce5b9049e6e115d0d,bengali,fake,fft,fft_017_Sadher Lau Banaila More Bairagi.mp3_22k.wav,10,10
4852f3cf417e6a0b12e2a573c68e5fac,bengali,fake,fft,fft_017_Sadher Lau Banaila More Bairagi.mp3_22k.wav,11,10
87c28c0fac12dc7c1a145014f5ae4c52,bengali,fake,fft,fft_017_Sadher Lau Banaila More Bairagi.mp3_22k.wav,12,10
e553ebba589b1ee90af1f972e9e06afe,bengali,fake,fft,fft_017_Sadher Lau Banaila More Bairagi.mp3_22k.wav,13,10
571de034e58fa2319090ea2e25950ce7,bengali,fake,fft,fft_017_Sadher Lau Banaila More Bairagi.mp3_22k.wav,14,10
23437cf2d92ba38d2b8964c1b927c693,bengali,fake,fft,fft_017_Sadher Lau Banaila More Bairagi.mp3_22k.wav,15,10
1da1e82654efbcc82313d81dbfcb46a1,bengali,fake,fft,fft_017_Sadher Lau Banaila More Bairagi.mp3_22k.wav,16,10
7a1436452660436367e71a5e3f08aa85,bengali,fake,fft,fft_017_Sadher Lau Banaila More Bairagi.mp3_22k.wav,17,10
3573b87b627eb9f0be4968045ecb4cc3,bengali,fake,fft,fft_017_Sadher Lau Banaila More Bairagi.mp3_22k.wav,18,10
8f6eff94a4c1f59a722d3441f2c9d08c,bengali,fake,fft,fft_018_Sohag Chand Badani Dhani.mp3_22k.wav,0,10
5ccab4019997b9d82106eceb527a234a,bengali,fake,fft,fft_018_Sohag Chand Badani Dhani.mp3_22k.wav,1,10
6044ce6de0441a724da9b0a6859ab87c,bengali,fake,fft,fft_018_Sohag Chand Badani Dhani.mp3_22k.wav,2,10
cb5d9e7e97eb9894543506e5176ceba0,bengali,fake,fft,fft_018_Sohag Chand Badani Dhani.mp3_22k.wav,3,10
60df331fdae4b203b23845f0b2756376,bengali,fake,fft,fft_018_Sohag Chand Badani Dhani.mp3_22k.wav,4,10
99cdf35086ff32866662abf2ead292e2,bengali,fake,fft,fft_018_Sohag Chand Badani Dhani.mp3_22k.wav,5,10
0c245985aeefa16faac61356efbf02c4,bengali,fake,fft,fft_018_Sohag Chand Badani Dhani.mp3_22k.wav,6,10
eef98cd4ecbd95dc584f80f26aabbdea,bengali,fake,fft,fft_018_Sohag Chand Badani Dhani.mp3_22k.wav,7,10
273d04028b5723bf231a05ca5420636f,bengali,fake,fft,fft_018_Sohag Chand Badani Dhani.mp3_22k.wav,8,10
33e887ef055360a67df88430535ff2ee,bengali,fake,fft,fft_018_Sohag Chand Badani Dhani.mp3_22k.wav,9,10
572ab2995d06fcc6be8bcf061c24ec47,bengali,fake,fft,fft_018_Sohag Chand Badani Dhani.mp3_22k.wav,10,10
9da5c8cb8ae4e3bae1e53d56bf6ef534,bengali,fake,fft,fft_018_Sohag Chand Badani Dhani.mp3_22k.wav,11,10
04ebe33daeae5a42112a70721f8a0903,bengali,fake,fft,fft_018_Sohag Chand Badani Dhani.mp3_22k.wav,12,10
0fc15e286a161d537461deee6f578214,bengali,fake,fft,fft_018_Sohag Chand Badani Dhani.mp3_22k.wav,13,10
4bd3310f95caa6d05579231dff4220b3,bengali,fake,fft,fft_018_Sohag Chand Badani Dhani.mp3_22k.wav,14,10
9adf440a232fe3244a2e253d9d89e6e3,bengali,fake,fft,fft_018_Sohag Chand Badani Dhani.mp3_22k.wav,15,10
341473ea3230fb44ef534a20baaa647d,bengali,fake,fft,fft_019_Ami Eto Je Tomay Bhalobesechhi.mp3_22k.wav,0,10
18b843a5299c1c76c8924a932de05444,bengali,fake,fft,fft_019_Ami Eto Je Tomay Bhalobesechhi.mp3_22k.wav,1,10
b0f379f44469ac0efb29ba542d67bcbc,bengali,fake,fft,fft_019_Ami Eto Je Tomay Bhalobesechhi.mp3_22k.wav,2,10
77316c1472e96261549a7846c689235b,bengali,fake,fft,fft_019_Ami Eto Je Tomay Bhalobesechhi.mp3_22k.wav,3,10
2595a3a51870f0121f42b38da9d64fdc,bengali,fake,fft,fft_019_Ami Eto Je Tomay Bhalobesechhi.mp3_22k.wav,4,10
e634a71b5fccce4c22f69b9ce400739a,bengali,fake,fft,fft_019_Ami Eto Je Tomay Bhalobesechhi.mp3_22k.wav,5,10
bd2e0cc9eeed8ae852619a88505786cd,bengali,fake,fft,fft_019_Ami Eto Je Tomay Bhalobesechhi.mp3_22k.wav,6,10
a612d0eb1b6ab6eb91e8c4572f987fb7,bengali,fake,fft,fft_019_Ami Eto Je Tomay Bhalobesechhi.mp3_22k.wav,7,10
0033bacb168402a219ef569409d39a4c,bengali,fake,fft,fft_019_Ami Eto Je Tomay Bhalobesechhi.mp3_22k.wav,8,10
ae6a65acd7448ee828769f6ec09d8882,bengali,fake,fft,fft_019_Ami Eto Je Tomay Bhalobesechhi.mp3_22k.wav,9,10
6f03d5a7e87a72e77ebe72004a077e32,bengali,fake,fft,fft_019_Ami Eto Je Tomay Bhalobesechhi.mp3_22k.wav,10,10
f563fcab7d721cb828b8f9c09ce51ed2,bengali,fake,fft,fft_019_Ami Eto Je Tomay Bhalobesechhi.mp3_22k.wav,11,10
9fbfe5487045f258966e326f70b2aa5a,bengali,fake,fft,fft_019_Ami Eto Je Tomay Bhalobesechhi.mp3_22k.wav,12,10
c5d46c7069c5149ddfed3d93a280fabf,bengali,fake,fft,fft_019_Ami Eto Je Tomay Bhalobesechhi.mp3_22k.wav,13,10
8243bef165bf7066a6e627a3c6b89009,bengali,fake,fft,fft_019_Ami Eto Je Tomay Bhalobesechhi.mp3_22k.wav,14,10
a07a276adeebfa9278e06d84ce960892,bengali,fake,fft,fft_019_Ami Eto Je Tomay Bhalobesechhi.mp3_22k.wav,15,10
fceded0ed11661638001093707f0a96f,bengali,fake,fft,fft_019_Ami Eto Je Tomay Bhalobesechhi.mp3_22k.wav,16,10
c086411a70b0b416a1d3e2291223beae,bengali,fake,fft,fft_019_Ami Eto Je Tomay Bhalobesechhi.mp3_22k.wav,17,10
fcefd9b136f0b19a5ffd543d03b9eb27,bengali,fake,fft,fft_019_Ami Eto Je Tomay Bhalobesechhi.mp3_22k.wav,18,10
eadf5c548bb2738b52ebb040d0787cd3,bengali,fake,fft,fft_019_Ami Eto Je Tomay Bhalobesechhi.mp3_22k.wav,19,10
35c9ee892e4105d3c7f4a0e06b21efa0,bengali,fake,fft,fft_019_Ami Eto Je Tomay Bhalobesechhi.mp3_22k.wav,20,10
b2dae7942dfe5ee763402e1bd860f0c8,bengali,fake,fft,fft_019_Ami Eto Je Tomay Bhalobesechhi.mp3_22k.wav,21,10
38eafeef90eda420c18870c092a126d0,bengali,fake,fft,fft_019_Ami Eto Je Tomay Bhalobesechhi.mp3_22k.wav,22,10
79e9d241d7a65f34195054852cc05134,bengali,fake,fft,fft_019_Ami Eto Je Tomay Bhalobesechhi.mp3_22k.wav,23,10
304aacc993f99e9bf2aa8217334f6771,bengali,fake,fft,fft_019_Ami Eto Je Tomay Bhalobesechhi.mp3_22k.wav,24,10
77a3e0224ed427de324db5b16acd4026,bengali,fake,fft,fft_019_Ami Eto Je Tomay Bhalobesechhi.mp3_22k.wav,25,10
fce5796cf281c7c8380c83354c93f6ea,bengali,fake,fft,fft_019_Ami Eto Je Tomay Bhalobesechhi.mp3_22k.wav,26,10
8b48cd5fd00f6efb60d7bb9707f7f19f,bengali,fake,fft,fft_019_Ami Eto Je Tomay Bhalobesechhi.mp3_22k.wav,27,10
eb5c2f5d6380dcc9b08c624b92fa2c03,bengali,fake,fft,fft_019_Ami Eto Je Tomay Bhalobesechhi.mp3_22k.wav,28,10
4d3e13ee03d811d368a6be3b6c9d45b2,bengali,fake,fft,fft_019_Ami Eto Je Tomay Bhalobesechhi.mp3_22k.wav,29,10
f1933f3224a267c81e6725ba934064be,bengali,fake,fft,fft_019_Ami Eto Je Tomay Bhalobesechhi.mp3_22k.wav,30,10
f8c2fdad0fadb13207d249b0a5d4b1ff,bengali,fake,fft,fft_019_Ami Eto Je Tomay Bhalobesechhi.mp3_22k.wav,31,10
fc6225a276dc68d5241250538c891c7b,bengali,fake,fft,fft_019_Ami Eto Je Tomay Bhalobesechhi.mp3_22k.wav,32,10
3fcc755ab019f7061bbce19b1104bc81,bengali,fake,fft,fft_019_Ami Eto Je Tomay Bhalobesechhi.mp3_22k.wav,33,10
82769f3cbeaea2fb78d37b1728660022,bengali,fake,fft,fft_019_Ami Eto Je Tomay Bhalobesechhi.mp3_22k.wav,34,10
2f1a1dfe145644c14cafde4ea1030e12,bengali,fake,fft,fft_019_Ami Eto Je Tomay Bhalobesechhi.mp3_22k.wav,35,10
2bf91c97d83a3ae8d453d74d53def26b,bengali,fake,fft,fft_019_Ami Eto Je Tomay Bhalobesechhi.mp3_22k.wav,36,10
c1ee0637b5582efb0ff39093f471075e,bengali,fake,fft,fft_019_Ami Eto Je Tomay Bhalobesechhi.mp3_22k.wav,37,10
c14da74df4fc89aa723a582f6f34eaf2,bengali,fake,fft,fft_019_Ami Eto Je Tomay Bhalobesechhi.mp3_22k.wav,38,10
5c203f8265f4d07d3ad342f78006411a,bengali,fake,fft,fft_019_Ami Eto Je Tomay Bhalobesechhi.mp3_22k.wav,39,10
08b9aa6aa43d89e2ab3a85bd1d49d3f4,bengali,fake,fft,fft_019_Ami Eto Je Tomay Bhalobesechhi.mp3_22k.wav,40,10
16e9501872537733a11a037f2ad33d0c,bengali,fake,fft,fft_019_Ami Eto Je Tomay Bhalobesechhi.mp3_22k.wav,41,10
ec5cde0c4302b6ffceb749cb465ff611,bengali,fake,fft,fft_019_Ami Eto Je Tomay Bhalobesechhi.mp3_22k.wav,42,10
dd5a1ce13bb666401e70b5a08899eca0,bengali,fake,fft,fft_019_Ami Eto Je Tomay Bhalobesechhi.mp3_22k.wav,43,10
933312e684e524652441883fca7ae584,bengali,fake,fft,fft_019_Ami Eto Je Tomay Bhalobesechhi.mp3_22k.wav,44,10
af9661b957315bca5f6432499567064e,bengali,fake,fft,fft_019_Ami Eto Je Tomay Bhalobesechhi.mp3_22k.wav,45,10
ef4467dc5736c57fd05e3210575165d1,bengali,fake,fft,fft_019_Ami Eto Je Tomay Bhalobesechhi.mp3_22k.wav,46,10
5cfceb6cfe4154a4274c8b37633c4beb,bengali,fake,fft,fft_019_Ami Eto Je Tomay Bhalobesechhi.mp3_22k.wav,47,10
ac9e00b88fdbb08c68cee0944e9c3a2b,bengali,fake,fft,fft_019_Ami Eto Je Tomay Bhalobesechhi.mp3_22k.wav,48,10
986405aa53e46586eb12a69c54c87bd0,bengali,fake,fft,fft_019_Ami Eto Je Tomay Bhalobesechhi.mp3_22k.wav,49,10
45be22199e7a17efdae51b746c31a78f,bengali,fake,fft,fft_019_Ami Eto Je Tomay Bhalobesechhi.mp3_22k.wav,50,10
bb9f297f8bbfdf2e8f275786010b6006,bengali,fake,fft,fft_019_Ami Eto Je Tomay Bhalobesechhi.mp3_22k.wav,51,10
f6b0e6f10b115cb2eec47e9c330bcbc8,bengali,fake,fft,fft_019_Ami Eto Je Tomay Bhalobesechhi.mp3_22k.wav,52,10
efc3602cdb3e7174a36a62c22ac6a48e,bengali,fake,fft,fft_019_Ami Eto Je Tomay Bhalobesechhi.mp3_22k.wav,53,10
a451fad743be62db71d6fcabcb879962,bengali,fake,fft,fft_019_Ami Eto Je Tomay Bhalobesechhi.mp3_22k.wav,54,10
cc9f771bb3db6011625e1062fe193760,bengali,fake,fft,fft_019_Ami Eto Je Tomay Bhalobesechhi.mp3_22k.wav,55,10
80b0b787701cde548bb1e4b06bb8bdbd,bengali,fake,fft,fft_019_Ami Eto Je Tomay Bhalobesechhi.mp3_22k.wav,56,10
b8c927bcc51ca78696c649d881b972b8,bengali,fake,fft,fft_019_Ami Eto Je Tomay Bhalobesechhi.mp3_22k.wav,57,10
68ca2e52260e4025302f38bd3ffcedf3,bengali,fake,fft,fft_019_Ami Eto Je Tomay Bhalobesechhi.mp3_22k.wav,58,10
25ad234287802eca8475fe340f4573f3,bengali,fake,fft,fft_019_Ami Eto Je Tomay Bhalobesechhi.mp3_22k.wav,59,10
5f24362041e55b9c06cac871e2de97f2,bengali,fake,fft,fft_019_Ami Eto Je Tomay Bhalobesechhi.mp3_22k.wav,60,10
8143f6d1972ac14d12743b7604820893,bengali,fake,fft,fft_019_Ami Eto Je Tomay Bhalobesechhi.mp3_22k.wav,61,10
047e0512633e68e3bfabb54db3becbd9,bengali,fake,fft,fft_019_Ami Eto Je Tomay Bhalobesechhi.mp3_22k.wav,62,10
69f22f7882614a1831b991e1a6fd7046,bengali,fake,fft,fft_019_Ami Eto Je Tomay Bhalobesechhi.mp3_22k.wav,63,10
8ffcb9e17f6fa6984cfa18f8090c5bb7,bengali,fake,fft,fft_019_Ami Eto Je Tomay Bhalobesechhi.mp3_22k.wav,64,10
f0e6444c3d177004d4eaa9333ce24bfe,bengali,fake,fft,fft_019_Ami Eto Je Tomay Bhalobesechhi.mp3_22k.wav,65,10
a454df0a27de5ee2c811e290b26708ef,bengali,fake,fft,fft_019_Ami Eto Je Tomay Bhalobesechhi.mp3_22k.wav,66,10
7a2c8f10d291d7989c26026d78226bd2,bengali,fake,fft,fft_019_Ami Eto Je Tomay Bhalobesechhi.mp3_22k.wav,67,10
1ed95772660f951f8c496038a36c5895,bengali,fake,fft,fft_019_Ami Eto Je Tomay Bhalobesechhi.mp3_22k.wav,68,10
c0abe329b34e10b20e1327750993df75,bengali,fake,fft,fft_019_Ami Eto Je Tomay Bhalobesechhi.mp3_22k.wav,69,10
e35df738758ca0a5c534b3fab6d83e65,bengali,fake,fft,fft_019_Ami Eto Je Tomay Bhalobesechhi.mp3_22k.wav,70,10
e0e058f8b6567949bfc26cabf50781d7,bengali,fake,fft,fft_019_Ami Eto Je Tomay Bhalobesechhi.mp3_22k.wav,71,10
28e3e7ad7bb3f4300a3616bc943ab31d,bengali,fake,fft,fft_019_Ami Eto Je Tomay Bhalobesechhi.mp3_22k.wav,72,10
3015f5dce75593f224d2d8680cab3791,bengali,fake,fft,fft_019_Ami Eto Je Tomay Bhalobesechhi.mp3_22k.wav,73,10
d3016739d84d0902a98a967586f1c61c,bengali,fake,fft,fft_019_Ami Eto Je Tomay Bhalobesechhi.mp3_22k.wav,74,10
c4579d6d3393ef2622961aa4243083f9,bengali,fake,fft,fft_019_Ami Eto Je Tomay Bhalobesechhi.mp3_22k.wav,75,10
01183d8e10eb8015fc7c724d5f3b8b33,bengali,fake,fft,fft_019_Ami Eto Je Tomay Bhalobesechhi.mp3_22k.wav,76,10
2ff0fafc2e477cb5291c0f03903dfffa,bengali,fake,fft,fft_019_Ami Eto Je Tomay Bhalobesechhi.mp3_22k.wav,77,10
0ee37c07f75a9c0e3019de73b2279e8b,bengali,fake,fft,fft_019_Ami Eto Je Tomay Bhalobesechhi.mp3_22k.wav,78,10
430f6d41bfc03accc3ac1dc877564ca0,bengali,fake,fft,fft_019_Ami Eto Je Tomay Bhalobesechhi.mp3_22k.wav,79,10
009a011100749cf019f842c79a941109,bengali,fake,fft,fft_019_Ami Eto Je Tomay Bhalobesechhi.mp3_22k.wav,80,10
75c2376176bf969038f9047c1c759f2e,bengali,fake,fft,fft_019_Ami Eto Je Tomay Bhalobesechhi.mp3_22k.wav,81,10
fc97905932fcb3cc06a68a03752f859f,bengali,fake,fft,fft_019_Ami Eto Je Tomay Bhalobesechhi.mp3_22k.wav,82,10
fe3efe4e7924e6a33332f22e94c2119d,bengali,fake,fft,fft_019_Ami Eto Je Tomay Bhalobesechhi.mp3_22k.wav,83,10
14ed40fca9b6035dfb0cf85828c55972,bengali,fake,fft,fft_019_Ami Eto Je Tomay Bhalobesechhi.mp3_22k.wav,84,10
fe95e25c9fb31bba28930a8230e1fbe3,bengali,fake,fft,fft_019_Ami Eto Je Tomay Bhalobesechhi.mp3_22k.wav,85,10
9cd31fa36f9d41718ec9c678b7f39e4e,bengali,fake,fft,fft_019_Ami Eto Je Tomay Bhalobesechhi.mp3_22k.wav,86,10
20a584f1a7f71991e7cc791617eef837,bengali,fake,fft,fft_019_Ami Eto Je Tomay Bhalobesechhi.mp3_22k.wav,87,10
1cc593fa5d081ff9df5a96067a4d23b0,bengali,fake,fft,fft_019_Ami Eto Je Tomay Bhalobesechhi.mp3_22k.wav,88,10
f037867bc58d19dd267f6f2869c097b2,bengali,fake,fft,fft_019_Ami Eto Je Tomay Bhalobesechhi.mp3_22k.wav,89,10
a80e631fd14d7edb3bcc7a02c7b2dbf1,bengali,fake,fft,fft_019_Ami Eto Je Tomay Bhalobesechhi.mp3_22k.wav,90,10
1583f4e2dd1934199a91d5ae055984a5,bengali,fake,fft,fft_019_Ami Eto Je Tomay Bhalobesechhi.mp3_22k.wav,91,10
2ea7039f888cfcc7c282b10cd6fb0983,bengali,fake,fft,fft_019_Ami Eto Je Tomay Bhalobesechhi.mp3_22k.wav,92,10
6ffdc830909cd72d41e64a76bb4e5cd3,bengali,fake,fft,fft_019_Ami Eto Je Tomay Bhalobesechhi.mp3_22k.wav,93,10
1533a1b8261bb49a8615ebbfe125a72e,bengali,fake,fft,fft_019_Ami Eto Je Tomay Bhalobesechhi.mp3_22k.wav,94,10
a53dece50ec27081f3a48a71ded7b33d,bengali,fake,fft,fft_019_Ami Eto Je Tomay Bhalobesechhi.mp3_22k.wav,95,10
322f58fc8f05d5a458c40e67910ddc0d,bengali,fake,fft,fft_019_Ami Eto Je Tomay Bhalobesechhi.mp3_22k.wav,96,10
ca938e87e2c59566422c8a212f5cdb73,bengali,fake,fft,fft_019_Ami Eto Je Tomay Bhalobesechhi.mp3_22k.wav,97,10
5cb5bced75c50a48ddce3d07b18eb0da,bengali,fake,fft,fft_019_Ami Eto Je Tomay Bhalobesechhi.mp3_22k.wav,98,10
2de4f81b843382395faad63f175beb70,bengali,fake,fft,fft_019_Ami Eto Je Tomay Bhalobesechhi.mp3_22k.wav,99,10
12602c222b37c73831bd0b367f8c13b6,bengali,fake,fft,fft_019_Ami Eto Je Tomay Bhalobesechhi.mp3_22k.wav,100,10
13289cc60d466ae354114613be45bf1f,bengali,fake,fft,fft_019_Ami Eto Je Tomay Bhalobesechhi.mp3_22k.wav,101,10
ad72a8976ba77cf98fcfa2a6399368b6,bengali,fake,fft,fft_019_Ami Eto Je Tomay Bhalobesechhi.mp3_22k.wav,102,10
f5143278d113531a967c371c2a3105bb,bengali,fake,fft,fft_019_Ami Eto Je Tomay Bhalobesechhi.mp3_22k.wav,103,10
87ad2887f2684251f88ecaca6b2a64a3,bengali,fake,fft,fft_019_Ami Eto Je Tomay Bhalobesechhi.mp3_22k.wav,104,10
1693d6aa39b3699b97b35ee7935b5f8d,bengali,fake,fft,fft_019_Ami Eto Je Tomay Bhalobesechhi.mp3_22k.wav,105,10
394d25007e88e2813a5f382bb5f1b93c,bengali,fake,fft,fft_019_Ami Eto Je Tomay Bhalobesechhi.mp3_22k.wav,106,10
4cab33d833752bdf7b9baa9a7ce309e9,bengali,fake,fft,fft_019_Ami Eto Je Tomay Bhalobesechhi.mp3_22k.wav,107,10
1b2d61400fc75e97c53e4f154a51abb0,bengali,fake,fft,fft_019_Ami Eto Je Tomay Bhalobesechhi.mp3_22k.wav,108,10
4e9ae437784ea0a51d64b960968485d6,bengali,fake,fft,fft_019_Ami Eto Je Tomay Bhalobesechhi.mp3_22k.wav,109,10
d355bb0cf3d63ddce5b900601696fe26,bengali,fake,fft,fft_019_Ami Eto Je Tomay Bhalobesechhi.mp3_22k.wav,110,10
d6b5f0c46b882a18400c2b54b7f25291,bengali,fake,fft,fft_019_Ami Eto Je Tomay Bhalobesechhi.mp3_22k.wav,111,10
07008fc25f88ba7585f354adc225e31d,bengali,fake,fft,fft_019_Ami Eto Je Tomay Bhalobesechhi.mp3_22k.wav,112,10
8f9ee0994560005702d7a39784871f68,bengali,fake,fft,fft_019_Ami Eto Je Tomay Bhalobesechhi.mp3_22k.wav,113,10
beced1720c9b105ba8154e078468b871,bengali,fake,fft,fft_019_Ami Eto Je Tomay Bhalobesechhi.mp3_22k.wav,114,10
b635bb7b1d084b9efb8d1724919e40d4,bengali,fake,fft,fft_019_Ami Eto Je Tomay Bhalobesechhi.mp3_22k.wav,115,10
873d7a4032de282bdabc9e33443e16f5,bengali,fake,fft,fft_019_Ami Eto Je Tomay Bhalobesechhi.mp3_22k.wav,116,10
7d491027baae936a863251caea67cd92,bengali,fake,fft,fft_019_Ami Eto Je Tomay Bhalobesechhi.mp3_22k.wav,117,10
c4b16ad911fff9c3286e770ed2eeaea1,bengali,fake,fft,fft_019_Ami Eto Je Tomay Bhalobesechhi.mp3_22k.wav,118,10
46a7995823e90b9b89facc92360287c5,bengali,fake,fft,fft_019_Ami Eto Je Tomay Bhalobesechhi.mp3_22k.wav,119,10
415701fc3f63ec2c86d3ec0d4aff7a41,bengali,fake,fft,fft_019_Ami Eto Je Tomay Bhalobesechhi.mp3_22k.wav,120,10
b5d99afe590ac5bcb4e08321f4224389,bengali,fake,fft,fft_019_Ami Eto Je Tomay Bhalobesechhi.mp3_22k.wav,121,10
622c2cc2d1ed60a388a18d3c060ebe3e,bengali,fake,fft,fft_019_Ami Eto Je Tomay Bhalobesechhi.mp3_22k.wav,122,10
8989eb8b25586d59fb8b9239c6258f28,bengali,fake,fft,fft_019_Ami Eto Je Tomay Bhalobesechhi.mp3_22k.wav,123,10
795c60ab59de5cb9d2ad772c3972d68e,bengali,fake,fft,fft_019_Ami Eto Je Tomay Bhalobesechhi.mp3_22k.wav,124,10
5479aba01c2ba06f3a83c3c77a570c17,bengali,fake,fft,fft_019_Ami Eto Je Tomay Bhalobesechhi.mp3_22k.wav,125,10
4e2d2e65cc4ed31e4b8a534a5605c94e,bengali,fake,fft,fft_019_Ami Eto Je Tomay Bhalobesechhi.mp3_22k.wav,126,10
1bfae659a8ad5f2cf990d7994cd19e52,bengali,fake,fft,fft_019_Ami Eto Je Tomay Bhalobesechhi.mp3_22k.wav,127,10
e887fd609bfe59b8c130353f2263f16b,bengali,fake,fft,fft_019_Ami Eto Je Tomay Bhalobesechhi.mp3_22k.wav,128,10
0a2cf2f5f81a242e864a2b35dcc11310,bengali,fake,fft,fft_019_Ami Eto Je Tomay Bhalobesechhi.mp3_22k.wav,129,10
333c31eca3b8f8b5834454887612f6d7,bengali,fake,fft,fft_019_Ami Eto Je Tomay Bhalobesechhi.mp3_22k.wav,130,10
e6de84a8bc3433fc6399887a0faf1587,bengali,fake,fft,fft_019_Ami Eto Je Tomay Bhalobesechhi.mp3_22k.wav,131,10
048f4cdefbebb7736750f5bd49245fd5,bengali,fake,fft,fft_019_Ami Eto Je Tomay Bhalobesechhi.mp3_22k.wav,132,10
7f2a22a44edfebd0c8a5050ce8742cad,bengali,fake,fft,fft_019_Ami Eto Je Tomay Bhalobesechhi.mp3_22k.wav,133,10
be7eb23f67919eddcf48d04904b9d19e,bengali,fake,fft,fft_019_Ami Eto Je Tomay Bhalobesechhi.mp3_22k.wav,134,10
0ff6b47f835026ea1920ec770ad4a6fa,bengali,fake,fft,fft_019_Ami Eto Je Tomay Bhalobesechhi.mp3_22k.wav,135,10
74e298f63d60006e424b78b53e4cdf37,bengali,fake,fft,fft_019_Ami Eto Je Tomay Bhalobesechhi.mp3_22k.wav,136,10
de74084c8f800c212619492e99343b53,bengali,fake,fft,fft_019_Ami Eto Je Tomay Bhalobesechhi.mp3_22k.wav,137,10
aceee3bf0b281e1e8a3a5170cb027187,bengali,fake,fft,fft_019_Ami Eto Je Tomay Bhalobesechhi.mp3_22k.wav,138,10
82f88f58551660ad9bdc30085895c53f,bengali,fake,fft,fft_019_Ami Eto Je Tomay Bhalobesechhi.mp3_22k.wav,139,10
a0d5a7a6548da8a7612da0db79661721,bengali,fake,fft,fft_019_Ami Eto Je Tomay Bhalobesechhi.mp3_22k.wav,140,10
dd90a489db0d99b90452542943e7ccd8,bengali,fake,fft,fft_019_Ami Eto Je Tomay Bhalobesechhi.mp3_22k.wav,141,10
ee9aba2191cd5d0723e57b93456011dc,bengali,fake,fft,fft_019_Ami Eto Je Tomay Bhalobesechhi.mp3_22k.wav,142,10
55a254b998acfee8291309ed29171a6a,bengali,fake,fft,fft_019_Ami Eto Je Tomay Bhalobesechhi.mp3_22k.wav,143,10
fae0d5003b22f09c5cf7f1593b36fe9d,bengali,fake,fft,fft_019_Ami Eto Je Tomay Bhalobesechhi.mp3_22k.wav,144,10
b3965bdfdbe02707d68bbb84f0a0679b,bengali,fake,fft,fft_019_Ami Eto Je Tomay Bhalobesechhi.mp3_22k.wav,145,10
7509c944690fd27d27a258751e956957,bengali,fake,fft,fft_019_Ami Eto Je Tomay Bhalobesechhi.mp3_22k.wav,146,10
1c75d6a804c4ae2506cace3b024bc53b,bengali,fake,fft,fft_019_Ami Eto Je Tomay Bhalobesechhi.mp3_22k.wav,147,10
6c00fe12b83ade62c16ae7bb1b6458e9,bengali,fake,fft,fft_019_Ami Eto Je Tomay Bhalobesechhi.mp3_22k.wav,148,10
68b9882c8308fa5449035a36ce297a58,bengali,fake,fft,fft_019_Ami Eto Je Tomay Bhalobesechhi.mp3_22k.wav,149,10
621d7b7510958a3bd33835d651f7519a,bengali,fake,fft,fft_019_Ami Eto Je Tomay Bhalobesechhi.mp3_22k.wav,150,10
fe760add929348508bbae2171b42fd21,bengali,fake,fft,fft_019_Ami Eto Je Tomay Bhalobesechhi.mp3_22k.wav,151,10
5306e7d903f0d3045d1fd0f074b2f0dd,bengali,fake,fft,fft_019_Ami Eto Je Tomay Bhalobesechhi.mp3_22k.wav,152,10
fe5775e220d550be964f9226bb99a87a,bengali,fake,fft,fft_019_Ami Eto Je Tomay Bhalobesechhi.mp3_22k.wav,153,10
3deb1bf36012b4ccb1298dbb09804fd2,bengali,fake,fft,fft_019_Ami Eto Je Tomay Bhalobesechhi.mp3_22k.wav,154,10
1a322a8d15597dceb6f39c5486e38241,bengali,fake,fft,fft_019_Ami Eto Je Tomay Bhalobesechhi.mp3_22k.wav,155,10
a79e71dfe2139673550a1a5c0ca00a72,bengali,fake,fft,fft_019_Ami Eto Je Tomay Bhalobesechhi.mp3_22k.wav,156,10
133411edba7dd1b5f676d26512e8e889,bengali,fake,fft,fft_019_Ami Eto Je Tomay Bhalobesechhi.mp3_22k.wav,157,10
b4807033fc3cceea93c7048dd3ca570d,bengali,fake,fft,fft_019_Ami Eto Je Tomay Bhalobesechhi.mp3_22k.wav,158,10
bb4fb64e15b1c869bbeaf36f804194ee,bengali,fake,fft,fft_019_Ami Eto Je Tomay Bhalobesechhi.mp3_22k.wav,159,10
b0d98de5b1c341eeb3c86806b3ecd430,bengali,fake,fft,fft_019_Ami Eto Je Tomay Bhalobesechhi.mp3_22k.wav,160,10
aae915ba65661fda9ab7fab84d19f36b,bengali,fake,fft,fft_019_Ami Eto Je Tomay Bhalobesechhi.mp3_22k.wav,161,10
263bcc89693c4dc9ee14423ec1b470c9,bengali,fake,fft,fft_019_Ami Eto Je Tomay Bhalobesechhi.mp3_22k.wav,162,10
5ac9d01a76cd6f13b725f75bdfb522ae,bengali,fake,fft,fft_019_Ami Eto Je Tomay Bhalobesechhi.mp3_22k.wav,163,10
447c86499fd940f7c29f7f656e6bed7c,bengali,fake,fft,fft_019_Ami Eto Je Tomay Bhalobesechhi.mp3_22k.wav,164,10
15703fb93d047012e09d55f2c465a962,bengali,fake,fft,fft_019_Ami Eto Je Tomay Bhalobesechhi.mp3_22k.wav,165,10
9019d9191ae931473684ecd594e75eb1,bengali,fake,fft,fft_019_Ami Eto Je Tomay Bhalobesechhi.mp3_22k.wav,166,10
30033d5a00a78394e8f284a960332358,bengali,fake,fft,fft_019_Ami Eto Je Tomay Bhalobesechhi.mp3_22k.wav,167,10
67c08b6e7c3b88a9db4294ff8b302385,bengali,fake,fft,fft_019_Ami Eto Je Tomay Bhalobesechhi.mp3_22k.wav,168,10
d56e1160f6e327a38de5e38f74a18b7a,bengali,fake,fft,fft_019_Ami Eto Je Tomay Bhalobesechhi.mp3_22k.wav,169,10
5fade594b948541a057c5040370df4da,bengali,fake,fft,fft_019_Ami Eto Je Tomay Bhalobesechhi.mp3_22k.wav,170,10
1ec8084a139c3288c94078ac0a439391,bengali,fake,fft,fft_019_Ami Eto Je Tomay Bhalobesechhi.mp3_22k.wav,171,10
05be1cec206a08ec8bb70824ea0f190a,bengali,fake,fft,fft_019_Ami Eto Je Tomay Bhalobesechhi.mp3_22k.wav,172,10
69577b7f3e9c9f594c3c753a5dfe3e0a,bengali,fake,fft,fft_019_Ami Eto Je Tomay Bhalobesechhi.mp3_22k.wav,173,10
552b09572a389349579bf6adfbe4d8f1,bengali,fake,fft,fft_019_Ami Eto Je Tomay Bhalobesechhi.mp3_22k.wav,174,10
bb376fb0b2a5defe5d28ecac4e60c863,bengali,fake,fft,fft_019_Ami Eto Je Tomay Bhalobesechhi.mp3_22k.wav,175,10
2a28df10b0aed0d2acecae1a97487754,bengali,fake,fft,fft_019_Ami Eto Je Tomay Bhalobesechhi.mp3_22k.wav,176,10
c1b99a238e7cc07637a82f869ddc169c,bengali,fake,fft,fft_019_Ami Eto Je Tomay Bhalobesechhi.mp3_22k.wav,177,10
d198d5a565025321e157693b54060b87,bengali,fake,fft,fft_019_Ami Eto Je Tomay Bhalobesechhi.mp3_22k.wav,178,10
5f5e5b3704278efdbbc895908c58f635,bengali,fake,fft,fft_019_Ami Eto Je Tomay Bhalobesechhi.mp3_22k.wav,179,10
0e2e480ab02bedab6ea454e014acabdc,bengali,fake,fft,fft_019_Ami Eto Je Tomay Bhalobesechhi.mp3_22k.wav,180,10
dc7c1decb32ae5ba0e880555e791bc69,bengali,fake,fft,fft_019_Ami Eto Je Tomay Bhalobesechhi.mp3_22k.wav,181,10
ddd7dbe7b4c2b343005b286ab142ed77,bengali,fake,fft,fft_019_Ami Eto Je Tomay Bhalobesechhi.mp3_22k.wav,182,10
285801748328ec7b08bd0f026d579fa9,bengali,fake,fft,fft_019_Ami Eto Je Tomay Bhalobesechhi.mp3_22k.wav,183,10
11ab7cf918fa13030f6028945e5892bd,bengali,fake,fft,fft_019_Ami Eto Je Tomay Bhalobesechhi.mp3_22k.wav,184,10
4ebc98a1e25de4381a01da9857ad748a,bengali,fake,fft,fft_019_Ami Eto Je Tomay Bhalobesechhi.mp3_22k.wav,185,10
fb1363e173afccb8dba25bfd14df6350,bengali,fake,fft,fft_019_Ami Eto Je Tomay Bhalobesechhi.mp3_22k.wav,186,10
d8cfe4bbd7354fa9f1b8a2a77c7dcd62,bengali,fake,fft,fft_019_Ami Eto Je Tomay Bhalobesechhi.mp3_22k.wav,187,10
792cb4aa37764251859d5703be0dabe4,bengali,fake,fft,fft_019_Ami Eto Je Tomay Bhalobesechhi.mp3_22k.wav,188,10
347b5a23a05c8ed81daa60bb7ec1192f,bengali,fake,fft,fft_019_Ami Eto Je Tomay Bhalobesechhi.mp3_22k.wav,189,10
aae0ee389c7587dc09533b970a326739,bengali,fake,fft,fft_019_Ami Eto Je Tomay Bhalobesechhi.mp3_22k.wav,190,10
0ab9d25a37e07759da963aecc567ef52,bengali,fake,fft,fft_019_Ami Eto Je Tomay Bhalobesechhi.mp3_22k.wav,191,10
470c7e9767473f5d5e499acbec26314d,bengali,fake,fft,fft_019_Ami Eto Je Tomay Bhalobesechhi.mp3_22k.wav,192,10
8016943ff39c270ec3172b821675a542,bengali,fake,fft,fft_019_Ami Eto Je Tomay Bhalobesechhi.mp3_22k.wav,193,10
6af0689aeaaebf6cbce6bacb85575fb9,bengali,fake,fft,fft_019_Ami Eto Je Tomay Bhalobesechhi.mp3_22k.wav,194,10
80aded5a9d023d881b15be62fbec4bc6,bengali,fake,fft,fft_019_Ami Eto Je Tomay Bhalobesechhi.mp3_22k.wav,195,10
7cef55acd0233975dc17cabdfaf6de48,bengali,fake,fft,fft_019_Ami Eto Je Tomay Bhalobesechhi.mp3_22k.wav,196,10
3a5c7635b6bb070cf8aa0463d07bf804,bengali,fake,fft,fft_019_Ami Eto Je Tomay Bhalobesechhi.mp3_22k.wav,197,10
35111841aeeabd3b573977bd7b6f06bf,bengali,fake,fft,fft_019_Ami Eto Je Tomay Bhalobesechhi.mp3_22k.wav,198,10
8bf13f5d7cc098ab66134874ba298886,bengali,fake,fft,fft_019_Ami Eto Je Tomay Bhalobesechhi.mp3_22k.wav,199,10
c6d21fc7dd65e52fe83c4bf8d320384d,bengali,fake,fft,fft_019_Ami Eto Je Tomay Bhalobesechhi.mp3_22k.wav,200,10
43eba4daf93761ecdd3533a8ff34fa40,bengali,fake,fft,fft_019_Ami Eto Je Tomay Bhalobesechhi.mp3_22k.wav,201,10
09bf79db7d2d09bc1795926bff8aa642,bengali,fake,fft,fft_019_Ami Eto Je Tomay Bhalobesechhi.mp3_22k.wav,202,10
77a26b2cc5793c74d31e4e51bf3a9764,bengali,fake,fft,fft_019_Ami Eto Je Tomay Bhalobesechhi.mp3_22k.wav,203,10
117c53f19e2d4f9fe0714a812b7963d4,bengali,fake,fft,fft_019_Ami Eto Je Tomay Bhalobesechhi.mp3_22k.wav,204,10
7e692e6f54508f6628ca273b1962571c,bengali,fake,fft,fft_019_Ami Eto Je Tomay Bhalobesechhi.mp3_22k.wav,205,10
a647f79b692606d10b1a9e1e2291be5f,bengali,fake,fft,fft_019_Ami Eto Je Tomay Bhalobesechhi.mp3_22k.wav,206,10
70beaa45cc3f922b00cb4b9de460f541,bengali,fake,fft,fft_019_Ami Eto Je Tomay Bhalobesechhi.mp3_22k.wav,207,10
22caddf30ace4d774bbd98bbd256c2f0,bengali,fake,fft,fft_019_Ami Eto Je Tomay Bhalobesechhi.mp3_22k.wav,208,10
92b7982ec0fca2917b0bf91b6dcb7431,bengali,fake,fft,fft_019_Ami Eto Je Tomay Bhalobesechhi.mp3_22k.wav,209,10
89d85fb8962e721b66c0852a1fd6bcdd,bengali,fake,fft,fft_019_Ami Eto Je Tomay Bhalobesechhi.mp3_22k.wav,210,10
93e358c2fd775377491c27b12f8a031d,bengali,fake,fft,fft_019_Ami Eto Je Tomay Bhalobesechhi.mp3_22k.wav,211,10
51ff07fbcd77d8ce001ec5847026649a,bengali,fake,fft,fft_019_Ami Eto Je Tomay Bhalobesechhi.mp3_22k.wav,212,10
56c82c35ee39a35fe08d3194fcfe5ac9,bengali,fake,fft,fft_019_Ami Eto Je Tomay Bhalobesechhi.mp3_22k.wav,213,10
be0f3c66b4c78621b7bb1d0a50b7240b,bengali,fake,fft,fft_019_Ami Eto Je Tomay Bhalobesechhi.mp3_22k.wav,214,10
03f85386f92f64acfb763a2aff6f3fe0,bengali,fake,fft,fft_019_Ami Eto Je Tomay Bhalobesechhi.mp3_22k.wav,215,10
0b56b322ed1f0907835c14377a957f4c,bengali,fake,fft,fft_019_Ami Eto Je Tomay Bhalobesechhi.mp3_22k.wav,216,10
61690fea29d160782a1311db3f6970bf,bengali,fake,fft,fft_019_Ami Eto Je Tomay Bhalobesechhi.mp3_22k.wav,217,10
07e4bec5fdfb3573d2106154ba1c16dd,bengali,fake,fft,fft_019_Ami Eto Je Tomay Bhalobesechhi.mp3_22k.wav,218,10
5cb814880fd1e4106eef125243e8d257,bengali,fake,fft,fft_019_Ami Eto Je Tomay Bhalobesechhi.mp3_22k.wav,219,10
978de2a16427945ecbbdaf617dfe5996,bengali,fake,fft,fft_019_Ami Eto Je Tomay Bhalobesechhi.mp3_22k.wav,220,10
02483a1f36f9c0a5795d68f4dcec99c0,bengali,fake,fft,fft_019_Ami Eto Je Tomay Bhalobesechhi.mp3_22k.wav,221,10
d4c6f741f8efaa0e61c54c8b39700ae8,bengali,fake,fft,fft_019_Ami Eto Je Tomay Bhalobesechhi.mp3_22k.wav,222,10
861aea98d5341f353de6a0941ca900df,bengali,fake,fft,fft_019_Ami Eto Je Tomay Bhalobesechhi.mp3_22k.wav,223,10
30ed4d2e3c790145dceb7d1b01a308cc,bengali,fake,fft,fft_019_Ami Eto Je Tomay Bhalobesechhi.mp3_22k.wav,224,10
06e454431e5d337bd82d8802902aa384,bengali,fake,fft,fft_019_Ami Eto Je Tomay Bhalobesechhi.mp3_22k.wav,225,10
c22a7cdd99ec1ab9c002350fd33730c9,bengali,fake,fft,fft_019_Ami Eto Je Tomay Bhalobesechhi.mp3_22k.wav,226,10
91ecaaba4138d981f33e81f14a9dc43d,bengali,fake,fft,fft_019_Ami Eto Je Tomay Bhalobesechhi.mp3_22k.wav,227,10
33124b4dfdd046121735bc7e223ace65,bengali,fake,fft,fft_019_Ami Eto Je Tomay Bhalobesechhi.mp3_22k.wav,228,10
539438b4961073d5ef9ec790f3b4b199,bengali,fake,fft,fft_019_Ami Eto Je Tomay Bhalobesechhi.mp3_22k.wav,229,10
37cff9a6c917cdf8f5ef02e8dcdefaba,bengali,fake,fft,fft_019_Ami Eto Je Tomay Bhalobesechhi.mp3_22k.wav,230,10
871208cfdbb882aa154c13bb7315746e,bengali,fake,fft,fft_019_Ami Eto Je Tomay Bhalobesechhi.mp3_22k.wav,231,10
7b18bac30581e269151943d11e4c16aa,bengali,fake,fft,fft_019_Ami Eto Je Tomay Bhalobesechhi.mp3_22k.wav,232,10
b0789014b4a621c463a9ff16b02bb6ea,bengali,fake,fft,fft_019_Ami Eto Je Tomay Bhalobesechhi.mp3_22k.wav,233,10
078aeab32d04223e48c1482d6908cdd8,bengali,fake,fft,fft_019_Ami Eto Je Tomay Bhalobesechhi.mp3_22k.wav,234,10
d28b1e503de98628b2c32ba937bdff04,bengali,fake,fft,fft_019_Ami Eto Je Tomay Bhalobesechhi.mp3_22k.wav,235,10
44fdb6927d0f8f85026e10ab234cdae7,bengali,fake,fft,fft_019_Ami Eto Je Tomay Bhalobesechhi.mp3_22k.wav,236,10
58be9fe3cbc79818fcbfd2c113fb224a,bengali,fake,fft,fft_019_Ami Eto Je Tomay Bhalobesechhi.mp3_22k.wav,237,10
e93cc22db22e6c6e7a9513a8c199ab58,bengali,fake,fft,fft_019_Ami Eto Je Tomay Bhalobesechhi.mp3_22k.wav,238,10
05457805a40ac0b5785946d60bbc8641,bengali,fake,fft,fft_019_Ami Eto Je Tomay Bhalobesechhi.mp3_22k.wav,239,10
bb54492cda361848f85f1a2af6d31eb3,bengali,fake,fft,fft_019_Ami Eto Je Tomay Bhalobesechhi.mp3_22k.wav,240,10
6ab0a131250c38b72f5168c24db69b84,bengali,fake,fft,fft_020_Bone Noy Mone Mor.mp3_22k.wav,0,10
ea42a0e5ea85d80a0eb3a5812b8a85f5,bengali,fake,fft,fft_020_Bone Noy Mone Mor.mp3_22k.wav,1,10
093da603c7a6040c823964db09dbbffc,bengali,fake,fft,fft_020_Bone Noy Mone Mor.mp3_22k.wav,2,10
e6751b3b3b0c26e4b4c967f2fbdaebbc,bengali,fake,fft,fft_020_Bone Noy Mone Mor.mp3_22k.wav,3,10
b44f51bbe03edfb2f9bfd9c7ab4925a3,bengali,fake,fft,fft_020_Bone Noy Mone Mor.mp3_22k.wav,4,10
fd9d96a2e770b126c385a00427758b2a,bengali,fake,fft,fft_020_Bone Noy Mone Mor.mp3_22k.wav,5,10
c3988ba0e18dbd63748ac9ce94431412,bengali,fake,fft,fft_020_Bone Noy Mone Mor.mp3_22k.wav,6,10
51a5a7f6cc5f105b84a553b38d212a08,bengali,fake,fft,fft_020_Bone Noy Mone Mor.mp3_22k.wav,7,10
2f3cf9d7b2aebba2f8023d34f0ceca72,bengali,fake,fft,fft_020_Bone Noy Mone Mor.mp3_22k.wav,8,10
99fa3b84403dc7f469f3cb2ff3ef01e6,bengali,fake,fft,fft_020_Bone Noy Mone Mor.mp3_22k.wav,9,10
ceb54ecc5cbb8348cbf7c9fe513fe4f1,bengali,fake,fft,fft_020_Bone Noy Mone Mor.mp3_22k.wav,10,10
14091fa563d329b9aecb6404fa604674,bengali,fake,fft,fft_020_Bone Noy Mone Mor.mp3_22k.wav,11,10
7c4fc670e822409d757ccf7664a430c3,bengali,fake,fft,fft_020_Bone Noy Mone Mor.mp3_22k.wav,12,10
d66c091160e74d77c46254941e9263f3,bengali,fake,fft,fft_020_Bone Noy Mone Mor.mp3_22k.wav,13,10
8670cd41320424b0712dbc5627eabdc4,bengali,fake,fft,fft_020_Bone Noy Mone Mor.mp3_22k.wav,14,10
5c5794976a4f47dfb60d7db64cf38ca8,bengali,fake,fft,fft_020_Bone Noy Mone Mor.mp3_22k.wav,15,10
6e9203b29cffd478b5592130088a35dd,bengali,fake,fft,fft_020_Bone Noy Mone Mor.mp3_22k.wav,16,10
189e2cd7a361c170a76f8080eb9bdc99,bengali,fake,fft,fft_020_Bone Noy Mone Mor.mp3_22k.wav,17,10
d5921c1b0fdff709bf0254b63f742f1b,bengali,fake,fft,fft_020_Bone Noy Mone Mor.mp3_22k.wav,18,10
fd2fda1ee7bcc805bd597e52f0579f2b,bengali,fake,fft,fft_023_Tabo Achintya Rupa - Charita - Mahima.mp3_22k.wav,0,10
52e2d2e9b93154d42259de478ec869fb,bengali,fake,fft,fft_023_Tabo Achintya Rupa - Charita - Mahima.mp3_22k.wav,1,10
fea1d553a3ff34d84d60a4446735c9f7,bengali,fake,fft,fft_023_Tabo Achintya Rupa - Charita - Mahima.mp3_22k.wav,2,10
d13e26aa253393cbc37298dc4f092512,bengali,fake,fft,fft_023_Tabo Achintya Rupa - Charita - Mahima.mp3_22k.wav,3,10
dbec468ff876e4f863e12cfb8c72eca1,bengali,fake,fft,fft_023_Tabo Achintya Rupa - Charita - Mahima.mp3_22k.wav,4,10
cb6e3290a1823f8a700bcedda3846382,bengali,fake,fft,fft_023_Tabo Achintya Rupa - Charita - Mahima.mp3_22k.wav,5,10
6fba604526bee9ad08405bb3a908cf97,bengali,fake,fft,fft_023_Tabo Achintya Rupa - Charita - Mahima.mp3_22k.wav,6,10
e38e2a19e314c66acf305281ef1143e3,bengali,fake,fft,fft_023_Tabo Achintya Rupa - Charita - Mahima.mp3_22k.wav,7,10
8f8f80466362fbabe532b46c467f4b47,bengali,fake,fft,fft_023_Tabo Achintya Rupa - Charita - Mahima.mp3_22k.wav,8,10
17840bb78622246b38ad6635900245d7,bengali,fake,fft,fft_023_Tabo Achintya Rupa - Charita - Mahima.mp3_22k.wav,9,10
6024293c2a6813b3c8c2ea3490f57a39,bengali,fake,fft,fft_023_Tabo Achintya Rupa - Charita - Mahima.mp3_22k.wav,10,10
966fe42e9d2c8dde3a4430d75468fb0a,bengali,fake,fft,fft_023_Tabo Achintya Rupa - Charita - Mahima.mp3_22k.wav,11,10
7821eb689cc096eedfc0a4dc6a33f0e9,bengali,fake,fft,fft_023_Tabo Achintya Rupa - Charita - Mahima.mp3_22k.wav,12,10
0c0317c58d3510d2a84f2261f3ea6f2f,bengali,fake,fft,fft_023_Tabo Achintya Rupa - Charita - Mahima.mp3_22k.wav,13,10
9b1f230aea8b6745e65b257223afc5a3,bengali,fake,fft,fft_023_Tabo Achintya Rupa - Charita - Mahima.mp3_22k.wav,14,10
f4fa056a77ea0b4277bbec19a82f5b8a,bengali,fake,fft,fft_023_Tabo Achintya Rupa - Charita - Mahima.mp3_22k.wav,15,10
a040dcdd89f387bbee3695331f735fdf,bengali,fake,fft,fft_023_Tabo Achintya Rupa - Charita - Mahima.mp3_22k.wav,16,10
0a1cdfb9b4781b97c29dc1f0c8f8a8b9,bengali,fake,fft,fft_023_Tabo Achintya Rupa - Charita - Mahima.mp3_22k.wav,17,10
62ab3b77eba022acf3d270277efcfc4f,bengali,fake,fft,fft_023_Tabo Achintya Rupa - Charita - Mahima.mp3_22k.wav,18,10
8526e63ddcc7fbe91fc7ae3feeda1ea5,bengali,fake,fft,fft_023_Tabo Achintya Rupa - Charita - Mahima.mp3_22k.wav,19,10
816fca9d2aa4fd286e112246c025bd72,bengali,fake,fft,fft_023_Tabo Achintya Rupa - Charita - Mahima.mp3_22k.wav,20,10
1a5a33526de1713b1260cce257aafad0,bengali,fake,fft,fft_023_Tabo Achintya Rupa - Charita - Mahima.mp3_22k.wav,21,10
3364949663f2b4697c0d98d79f74e564,bengali,fake,fft,fft_023_Tabo Achintya Rupa - Charita - Mahima.mp3_22k.wav,22,10
a763b2c9a6d57d06d93b24ccfa062ced,bengali,fake,fft,fft_024_Kotha He.mp3_22k.wav,0,10
e7e1d3051be434c85874dad5bded6984,bengali,fake,fft,fft_024_Kotha He.mp3_22k.wav,1,10
5db8c27b74c850a9dbe5b14b03972302,bengali,fake,fft,fft_024_Kotha He.mp3_22k.wav,2,10
53306f728c2772d5eac0165d3eb092cb,bengali,fake,fft,fft_024_Kotha He.mp3_22k.wav,3,10
9cbc3a2e2c71e086fbf832a5fc70db9b,bengali,fake,fft,fft_024_Kotha He.mp3_22k.wav,4,10
9281babf04726885ed8196173ad4a013,bengali,fake,fft,fft_024_Kotha He.mp3_22k.wav,5,10
97e963dfd12cc3bcc6793cad418bbdf0,bengali,fake,fft,fft_024_Kotha He.mp3_22k.wav,6,10
40b09598c9e1000b023e6df17ef0a879,bengali,fake,fft,fft_024_Kotha He.mp3_22k.wav,7,10
d32ae79a53434402493c1e6f3908ab49,bengali,fake,fft,fft_024_Kotha He.mp3_22k.wav,8,10
4f10c3d9f2a14ee6d7a4c8ebfe89e868,bengali,fake,fft,fft_024_Kotha He.mp3_22k.wav,9,10
48394dcd980bfe0200ddb6e47dfa054f,bengali,fake,fft,fft_024_Kotha He.mp3_22k.wav,10,10
4a7e7705ea52613494419d5aaaf184a5,bengali,fake,fft,fft_024_Kotha He.mp3_22k.wav,11,10
384633a727cd7dc69d01f788bfe27ead,bengali,fake,fft,fft_024_Kotha He.mp3_22k.wav,12,10
b801eef62a0d7ee32cf4de72e35e2934,bengali,fake,fft,fft_024_Kotha He.mp3_22k.wav,13,10
c31f6942452c8c4eeb05f8dcceaae1d0,bengali,fake,fft,fft_024_Kotha He.mp3_22k.wav,14,10
a65e6f562cf6233111df7ef00ce8d0c5,bengali,fake,fft,fft_024_Kotha He.mp3_22k.wav,15,10
e7fbafc43267ebea3cedaef008c15407,bengali,fake,fft,fft_024_Kotha He.mp3_22k.wav,16,10
7c45a63d943f80479262a335e65971cb,bengali,fake,fft,fft_024_Kotha He.mp3_22k.wav,17,10
fca9c2684c5216da577cbc1cef3dfa43,bengali,fake,fft,fft_024_Kotha He.mp3_22k.wav,18,10
5d4d1ec8611f5c8ff4f3017a054e9c4b,bengali,fake,fft,fft_024_Kotha He.mp3_22k.wav,19,10
0828181f40d23fb2b7827ce3edb8b50c,bengali,fake,fft,fft_024_Kotha He.mp3_22k.wav,20,10
24327c8081baf9a7d52b670389921339,bengali,fake,fft,fft_024_Kotha He.mp3_22k.wav,21,10
c05ac9f5e632094300cc6e22b2107a4a,bengali,fake,fft,fft_024_Kotha He.mp3_22k.wav,22,10
85f657b0c6795e8f17c669e7ed9e44dc,bengali,fake,fft,fft_024_Kotha He.mp3_22k.wav,23,10
5b09d843e97283d893cfcca3d062f540,bengali,fake,fft,fft_024_Kotha He.mp3_22k.wav,24,10
72eba762d39d8bc1f7ce497222305fd9,bengali,fake,fft,fft_024_Kotha He.mp3_22k.wav,25,10
0200d380b6596b6eb532d478b2570cd9,bengali,fake,fft,fft_024_Kotha He.mp3_22k.wav,26,10
d6da4579320ccdea45905351f770745a,bengali,fake,fft,fft_024_Kotha He.mp3_22k.wav,27,10
41e9785d02061bf91b6d88f4e4848d20,bengali,fake,fft,fft_024_Kotha He.mp3_22k.wav,28,10
61639187b51565e6d5feda0b0e03ddfa,bengali,fake,fft,fft_024_Kotha He.mp3_22k.wav,29,10
21207a0f3fffc59c03acafcc5f29e99a,bengali,fake,fft,fft_024_Kotha He.mp3_22k.wav,30,10
392b7acc4661af77b83ab977aafbe028,bengali,fake,fft,fft_024_Kotha He.mp3_22k.wav,31,10
84a65a50d6c0096ad66b43c7bf6604b5,bengali,fake,fft,fft_024_Kotha He.mp3_22k.wav,32,10
4165878f522417cc1cb442cf0e9c5a18,bengali,fake,fft,fft_024_Kotha He.mp3_22k.wav,33,10
0a7dc307c3547228b2b7733fb85359b0,bengali,fake,fft,fft_024_Kotha He.mp3_22k.wav,34,10
c9c49aeb0d4d970251ca3403c08892cc,bengali,fake,fft,fft_024_Kotha He.mp3_22k.wav,35,10
755de523b90a05ddcccc6f827dcd772c,bengali,fake,fft,fft_024_Kotha He.mp3_22k.wav,36,10
ca52a6ded7cc8242e90227e05a130015,bengali,fake,fft,fft_024_Kotha He.mp3_22k.wav,37,10
eaa11c19389de0838de0f92e76e79e7d,bengali,fake,fft,fft_025_Aj Noy Kaal Noy Roj Protidin.mp3_22k.wav,0,10
0e48fc88459c4618d380b36127629c1c,bengali,fake,fft,fft_025_Aj Noy Kaal Noy Roj Protidin.mp3_22k.wav,1,10
90b00a854ac82b58b61c500254fe8922,bengali,fake,fft,fft_025_Aj Noy Kaal Noy Roj Protidin.mp3_22k.wav,2,10
e907c0393bd19193f86172b4eb4cae90,bengali,fake,fft,fft_025_Aj Noy Kaal Noy Roj Protidin.mp3_22k.wav,3,10
05c56c648ba87be969f6be42eec64444,bengali,fake,fft,fft_025_Aj Noy Kaal Noy Roj Protidin.mp3_22k.wav,4,10
9013f16bd6150038870e11abf74767b3,bengali,fake,fft,fft_025_Aj Noy Kaal Noy Roj Protidin.mp3_22k.wav,5,10
242fe407a6f87ed5217c28b5dd73c53e,bengali,fake,fft,fft_025_Aj Noy Kaal Noy Roj Protidin.mp3_22k.wav,6,10
cf23e6c7fd323c866361b1afe76845f7,bengali,fake,fft,fft_025_Aj Noy Kaal Noy Roj Protidin.mp3_22k.wav,7,10
7af853d89793aa89a531129991b40d23,bengali,fake,fft,fft_025_Aj Noy Kaal Noy Roj Protidin.mp3_22k.wav,8,10
cfee59984d359b4411b0064557bd85fd,bengali,fake,fft,fft_025_Aj Noy Kaal Noy Roj Protidin.mp3_22k.wav,9,10
001a2e3794c7e06eb306391f9d4e5e8e,bengali,fake,fft,fft_025_Aj Noy Kaal Noy Roj Protidin.mp3_22k.wav,10,10
f7d6f50c768fe8c3d2d2cf88e0aca068,bengali,fake,fft,fft_025_Aj Noy Kaal Noy Roj Protidin.mp3_22k.wav,11,10
53a3d95e5d761efcaceeec9879fba811,bengali,fake,fft,fft_025_Aj Noy Kaal Noy Roj Protidin.mp3_22k.wav,12,10
3b3b7be7e848182bb7500f0276f4bf54,bengali,fake,fft,fft_025_Aj Noy Kaal Noy Roj Protidin.mp3_22k.wav,13,10
c7f9313db9e830e9afe7cc17eec80324,bengali,fake,fft,fft_025_Aj Noy Kaal Noy Roj Protidin.mp3_22k.wav,14,10
f70fc24f1d0e767dda00d335808fa39d,bengali,fake,fft,fft_025_Aj Noy Kaal Noy Roj Protidin.mp3_22k.wav,15,10
f62bac890c16c81d25aa1e00b5aa6664,bengali,fake,fft,fft_025_Aj Noy Kaal Noy Roj Protidin.mp3_22k.wav,16,10
ac8e87a452d018f07a4f10db735e38d6,bengali,fake,fft,fft_025_Aj Noy Kaal Noy Roj Protidin.mp3_22k.wav,17,10
270fbb1aa65c1f7aaa72b8792840c419,bengali,fake,fft,fft_025_Aj Noy Kaal Noy Roj Protidin.mp3_22k.wav,18,10
034c3a5ea3fd1561b863c38037c5943b,bengali,fake,fft,fft_025_Aj Noy Kaal Noy Roj Protidin.mp3_22k.wav,19,10
fa4438a8798235ee042776a61ed8c885,bengali,fake,fft,fft_025_Aj Noy Kaal Noy Roj Protidin.mp3_22k.wav,20,10
382a42907b053101895a7e087614357c,bengali,fake,fft,fft_025_Aj Noy Kaal Noy Roj Protidin.mp3_22k.wav,21,10
8b590253c5a9ce9bec3607a8345b05ca,bengali,fake,fft,fft_025_Aj Noy Kaal Noy Roj Protidin.mp3_22k.wav,22,10
f0faf511215cf1d1b76dbe37b800421f,bengali,fake,fft,fft_025_Aj Noy Kaal Noy Roj Protidin.mp3_22k.wav,23,10
9f2951755d2c38c3c1469dc0a5517960,bengali,fake,fft,fft_025_Aj Noy Kaal Noy Roj Protidin.mp3_22k.wav,24,10
5d2bae4006c8e63dde9c9b6866d6ff57,bengali,fake,fft,fft_025_Aj Noy Kaal Noy Roj Protidin.mp3_22k.wav,25,10
4baa8c14d3c5715b00009ecc5febafd6,bengali,fake,fft,fft_025_Aj Noy Kaal Noy Roj Protidin.mp3_22k.wav,26,10
0ca3c3163d17eb2540aa5f1e4107e27a,bengali,fake,fft,fft_025_Aj Noy Kaal Noy Roj Protidin.mp3_22k.wav,27,10
0bb234c47f22f0018427b50405c07c18,bengali,fake,fft,fft_025_Aj Noy Kaal Noy Roj Protidin.mp3_22k.wav,28,10
56221682becb10c924ddbf1b2880c3c6,bengali,fake,fft,fft_025_Aj Noy Kaal Noy Roj Protidin.mp3_22k.wav,29,10
24743696a60785bb3d2a80e3994da64e,bengali,fake,fft,fft_025_Aj Noy Kaal Noy Roj Protidin.mp3_22k.wav,30,10
2028d5e463f34b88cc0c4085be289508,bengali,fake,fft,fft_025_Aj Noy Kaal Noy Roj Protidin.mp3_22k.wav,31,10
d9f1e1e413bfc8273b1a14dfd0590064,bengali,fake,fft,fft_025_Aj Noy Kaal Noy Roj Protidin.mp3_22k.wav,32,10
56d690936ef7b78cf95376ad45ae6e5f,bengali,fake,fft,fft_025_Aj Noy Kaal Noy Roj Protidin.mp3_22k.wav,33,10
82ef896591933bc8cbfbb1118d7c52bb,bengali,fake,fft,fft_025_Aj Noy Kaal Noy Roj Protidin.mp3_22k.wav,34,10
b7c898424b510a9034d454460c744174,bengali,fake,fft,fft_027_Keno Phote Keno Kusum Jhare Jaay.mp3_22k.wav,0,10
f1b697ce5cb93ac2a9de5c87dac48bcc,bengali,fake,fft,fft_027_Keno Phote Keno Kusum Jhare Jaay.mp3_22k.wav,1,10
4336cef76c48949de58909609cbe2b46,bengali,fake,fft,fft_027_Keno Phote Keno Kusum Jhare Jaay.mp3_22k.wav,2,10
cee18c72851045044c161f9f91ca929a,bengali,fake,fft,fft_027_Keno Phote Keno Kusum Jhare Jaay.mp3_22k.wav,3,10
dd5b60dac4787c9d857e3dbe63f149e0,bengali,fake,fft,fft_027_Keno Phote Keno Kusum Jhare Jaay.mp3_22k.wav,4,10
3ae413c8de60ad93f6a0af3461233317,bengali,fake,fft,fft_027_Keno Phote Keno Kusum Jhare Jaay.mp3_22k.wav,5,10
6902e0139ab6557c1d6e9d47d30116b4,bengali,fake,fft,fft_027_Keno Phote Keno Kusum Jhare Jaay.mp3_22k.wav,6,10
d62d90e809d2a7fdc3e544db5917d25b,bengali,fake,fft,fft_027_Keno Phote Keno Kusum Jhare Jaay.mp3_22k.wav,7,10
70dc05c9f40d39ed49e9d034b8c5190d,bengali,fake,fft,fft_027_Keno Phote Keno Kusum Jhare Jaay.mp3_22k.wav,8,10
867b718ee1a770d911fcabdd6997be1f,bengali,fake,fft,fft_027_Keno Phote Keno Kusum Jhare Jaay.mp3_22k.wav,9,10
526a0655f0da6f0c0e0c1c6cdc35ebbd,bengali,fake,fft,fft_027_Keno Phote Keno Kusum Jhare Jaay.mp3_22k.wav,10,10
4e3aa9c9befd65bc470ad90703d4ffcc,bengali,fake,fft,fft_027_Keno Phote Keno Kusum Jhare Jaay.mp3_22k.wav,11,10
8c5e0e939d34afb786efcfb2d89c1762,bengali,fake,fft,fft_027_Keno Phote Keno Kusum Jhare Jaay.mp3_22k.wav,12,10
d88ba20ba002515046364a3d65597444,bengali,fake,fft,fft_027_Keno Phote Keno Kusum Jhare Jaay.mp3_22k.wav,13,10
5e2248fe8a726082ad3db6258547e02f,bengali,fake,fft,fft_027_Keno Phote Keno Kusum Jhare Jaay.mp3_22k.wav,14,10
cec1ef4b656517e31817b5f4fdb65700,bengali,fake,fft,fft_027_Keno Phote Keno Kusum Jhare Jaay.mp3_22k.wav,15,10
c899739f3ada132d6041987d04d559c0,bengali,fake,fft,fft_027_Keno Phote Keno Kusum Jhare Jaay.mp3_22k.wav,16,10
685d079dff79dfafdc195237c3990d3a,bengali,fake,fft,fft_027_Keno Phote Keno Kusum Jhare Jaay.mp3_22k.wav,17,10
945d674fad183fc78a799afdbd11f6ce,bengali,fake,fft,fft_027_Keno Phote Keno Kusum Jhare Jaay.mp3_22k.wav,18,10
45462f85b25603424068797fc1b8679c,bengali,fake,fft,fft_027_Keno Phote Keno Kusum Jhare Jaay.mp3_22k.wav,19,10
44ddac9e9d1eb1d900ee9fe923ccb7eb,bengali,fake,fft,fft_028_Mayur Ponkhi Louka.mp3_22k.wav,0,10
51c6f6a4b2de18088a973abd0d603645,bengali,fake,fft,fft_028_Mayur Ponkhi Louka.mp3_22k.wav,1,10
0d777f7480f61ac5f1859c698c5cb6fe,bengali,fake,fft,fft_028_Mayur Ponkhi Louka.mp3_22k.wav,2,10
c25edc3866e68a456866114613647145,bengali,fake,fft,fft_028_Mayur Ponkhi Louka.mp3_22k.wav,3,10
f4d8d5f0f24e7fe190c26cf3e00880fd,bengali,fake,fft,fft_028_Mayur Ponkhi Louka.mp3_22k.wav,4,10
8ecdffa758232b48e2ee6f17faff20ff,bengali,fake,fft,fft_028_Mayur Ponkhi Louka.mp3_22k.wav,5,10
9c04e5966ac91227c6a6b01572e50895,bengali,fake,fft,fft_028_Mayur Ponkhi Louka.mp3_22k.wav,6,10
972bfd55d8033b60801e6d33223801c5,bengali,fake,fft,fft_028_Mayur Ponkhi Louka.mp3_22k.wav,7,10
85c22dd20c682f9fb4493844e77e49d1,bengali,fake,fft,fft_028_Mayur Ponkhi Louka.mp3_22k.wav,8,10
a82ca9da8e9d03cf9d644a4ec0ea3a92,bengali,fake,fft,fft_028_Mayur Ponkhi Louka.mp3_22k.wav,9,10
834958e791cbc338446f085867ba8a44,bengali,fake,fft,fft_028_Mayur Ponkhi Louka.mp3_22k.wav,10,10
b8720594c7dd808fab698da903f996c6,bengali,fake,fft,fft_028_Mayur Ponkhi Louka.mp3_22k.wav,11,10
ce7da256bc7ea79a4125cdcc0f011989,bengali,fake,fft,fft_028_Mayur Ponkhi Louka.mp3_22k.wav,12,10
e8ccc4106dd47a4213a984705f3bddfc,bengali,fake,fft,fft_028_Mayur Ponkhi Louka.mp3_22k.wav,13,10
3c9f78eb4fcd5b94f2dddb9b2b6e63fd,bengali,fake,fft,fft_028_Mayur Ponkhi Louka.mp3_22k.wav,14,10
e2bee1e4237d771c3530f920f66dcf8b,bengali,fake,fft,fft_028_Mayur Ponkhi Louka.mp3_22k.wav,15,10
fffcb096152485f209bb6b1381ef3e46,bengali,fake,fft,fft_028_Mayur Ponkhi Louka.mp3_22k.wav,16,10
962643db0085115c97fe9409b992bc2e,bengali,fake,fft,fft_028_Mayur Ponkhi Louka.mp3_22k.wav,17,10
c55dee31a0e5ce924cdb9fb48e13ef88,bengali,fake,fft,fft_028_Mayur Ponkhi Louka.mp3_22k.wav,18,10
7a2c5d9065924f78170995c4206c3135,bengali,fake,fft,fft_028_Mayur Ponkhi Louka.mp3_22k.wav,19,10
715bde07e41e1333b1bdf68ce47deea2,bengali,fake,fft,fft_028_Mayur Ponkhi Louka.mp3_22k.wav,20,10
f1313fee54de9fcadcac0058adda716c,bengali,fake,fft,fft_028_Mayur Ponkhi Louka.mp3_22k.wav,21,10
e66423ea994a7cb552c4743ecb71a6bc,bengali,fake,fft,fft_028_Mayur Ponkhi Louka.mp3_22k.wav,22,10
29033adceb6c4e582c2b6d94ca111e65,bengali,fake,fft,fft_028_Mayur Ponkhi Louka.mp3_22k.wav,23,10
5b820434ebd5ed6f7ea556076a13c2d9,bengali,fake,fft,fft_028_Mayur Ponkhi Louka.mp3_22k.wav,24,10
1043b12d7190154a554f2a95cc1482d5,bengali,fake,fft,fft_028_Mayur Ponkhi Louka.mp3_22k.wav,25,10
f09a8e26093524645d8dae44973b6cec,bengali,fake,fft,fft_030_Arunkanti Ke Go Jogi.mp3_22k.wav,0,10
bc8a0f05dbe10f6f6a1fd665a07a802f,bengali,fake,fft,fft_030_Arunkanti Ke Go Jogi.mp3_22k.wav,1,10
3910be8adbde1d47e1cb9c3401b9afeb,bengali,fake,fft,fft_030_Arunkanti Ke Go Jogi.mp3_22k.wav,2,10
7dd343b9c7f18c23851589c423bdc3be,bengali,fake,fft,fft_030_Arunkanti Ke Go Jogi.mp3_22k.wav,3,10
250bc9623f21290e600e0379f0d8f884,bengali,fake,fft,fft_030_Arunkanti Ke Go Jogi.mp3_22k.wav,4,10
57f60187740e7f444feb7ac30c15e875,bengali,fake,fft,fft_030_Arunkanti Ke Go Jogi.mp3_22k.wav,5,10
48470aa28cb4176c2a7a5c3e138ba8de,bengali,fake,fft,fft_030_Arunkanti Ke Go Jogi.mp3_22k.wav,6,10
2d50b9697dd3ffb234a2809392f829ae,bengali,fake,fft,fft_030_Arunkanti Ke Go Jogi.mp3_22k.wav,7,10
288b81b5ed4c3eab81f8a5d8e29ce60f,bengali,fake,fft,fft_030_Arunkanti Ke Go Jogi.mp3_22k.wav,8,10
2cde11ea59d47738f803623660b37db1,bengali,fake,fft,fft_030_Arunkanti Ke Go Jogi.mp3_22k.wav,9,10
f8aefb0ca01553a52ee14ca2f3c75402,bengali,fake,fft,fft_030_Arunkanti Ke Go Jogi.mp3_22k.wav,10,10
cd318fc4d892555a7a047010c0dbf0c7,bengali,fake,fft,fft_030_Arunkanti Ke Go Jogi.mp3_22k.wav,11,10
27fe5d9319fe01e301c6ae16483f9620,bengali,fake,fft,fft_030_Arunkanti Ke Go Jogi.mp3_22k.wav,12,10
1702b9da1ff143c3020fdc8aa160373b,bengali,fake,fft,fft_030_Arunkanti Ke Go Jogi.mp3_22k.wav,13,10
15e67c51cee5d6a29c16af2c3912aa63,bengali,fake,fft,fft_030_Arunkanti Ke Go Jogi.mp3_22k.wav,14,10
e2d4738eab077ee602efab8dfbf4cf71,bengali,fake,fft,fft_030_Arunkanti Ke Go Jogi.mp3_22k.wav,15,10
67bb2da45f12989c4eac5b47078c2092,bengali,fake,fft,fft_030_Arunkanti Ke Go Jogi.mp3_22k.wav,16,10
0658fe91ca4d432583ef16c298bce37d,bengali,fake,fft,fft_030_Arunkanti Ke Go Jogi.mp3_22k.wav,17,10
986ccc44b31a1d0298320c52d23797c3,bengali,fake,fft,fft_031_Bagichay Bulbuli Tui.mp3_22k.wav,0,10
6760faefeeed0cb7e79208aeac28732a,bengali,fake,fft,fft_031_Bagichay Bulbuli Tui.mp3_22k.wav,1,10
655922c295ce05baf81089ddd946859f,bengali,fake,fft,fft_031_Bagichay Bulbuli Tui.mp3_22k.wav,2,10
e6fb73ec00bfe5206ef566ae9ebaaa14,bengali,fake,fft,fft_031_Bagichay Bulbuli Tui.mp3_22k.wav,3,10
77d98fb8113c83b1cd79bccbb414dd58,bengali,fake,fft,fft_031_Bagichay Bulbuli Tui.mp3_22k.wav,4,10
d3cab08d3f168c4cba597787dd52d866,bengali,fake,fft,fft_031_Bagichay Bulbuli Tui.mp3_22k.wav,5,10
a757fa9b58b93bd7054d276f2ec97cbb,bengali,fake,fft,fft_031_Bagichay Bulbuli Tui.mp3_22k.wav,6,10
63fffc7f58af3f471544f4a0cbaa43b9,bengali,fake,fft,fft_031_Bagichay Bulbuli Tui.mp3_22k.wav,7,10
18393a5e633a5c467045a720e9a9d127,bengali,fake,fft,fft_031_Bagichay Bulbuli Tui.mp3_22k.wav,8,10
cd5b64118faa213182ab1a2a8c8fb31d,bengali,fake,fft,fft_031_Bagichay Bulbuli Tui.mp3_22k.wav,9,10
2aa8c9c09490dc419471ca1b413e9fd8,bengali,fake,fft,fft_031_Bagichay Bulbuli Tui.mp3_22k.wav,10,10
89017b42e2166ecd2c8faf849c7ed7e6,bengali,fake,fft,fft_031_Bagichay Bulbuli Tui.mp3_22k.wav,11,10
63019dfa7e79da5225fcf0533a9520da,bengali,fake,fft,fft_031_Bagichay Bulbuli Tui.mp3_22k.wav,12,10
83a8115fd9e79367bd9d71a1e05b5a5f,bengali,fake,fft,fft_031_Bagichay Bulbuli Tui.mp3_22k.wav,13,10
679b32e68583eafd8303692aeef6e853,bengali,fake,fft,fft_031_Bagichay Bulbuli Tui.mp3_22k.wav,14,10
925c15616944712419002b6aa8a5008b,bengali,fake,fft,fft_031_Bagichay Bulbuli Tui.mp3_22k.wav,15,10
a1644de2878286631e210a5caf7be4ff,bengali,fake,fft,fft_031_Bagichay Bulbuli Tui.mp3_22k.wav,16,10
bae8e7b71dc70b0322245cd96fb0e55e,bengali,fake,fft,fft_031_Bagichay Bulbuli Tui.mp3_22k.wav,17,10
bc1ac49eb1f147b33774d7ee2a97baa2,bengali,fake,fft,fft_031_Bagichay Bulbuli Tui.mp3_22k.wav,18,10
6891b3568d82ce2e028d09eb472c25ab,bengali,fake,fft,fft_032_Akashta Kanpchhilo Kyan.mp3_22k.wav,0,10
c62e4fe99a1fa775d442d0ea8b1fe3a3,bengali,fake,fft,fft_032_Akashta Kanpchhilo Kyan.mp3_22k.wav,1,10
9fd3b5adb11b60d1e7ef3be82d8c81f3,bengali,fake,fft,fft_032_Akashta Kanpchhilo Kyan.mp3_22k.wav,2,10
e880a19626770148f3ef18daba8191f4,bengali,fake,fft,fft_032_Akashta Kanpchhilo Kyan.mp3_22k.wav,3,10
928951e60e6e8fb09d7291935fcb02b0,bengali,fake,fft,fft_032_Akashta Kanpchhilo Kyan.mp3_22k.wav,4,10
d33bccab5fc185890debf069b64444ff,bengali,fake,fft,fft_032_Akashta Kanpchhilo Kyan.mp3_22k.wav,5,10
59d4b41c3bb7612025bf1e594f3cd49f,bengali,fake,fft,fft_032_Akashta Kanpchhilo Kyan.mp3_22k.wav,6,10
c287ae78469c6ac45420fb4342a38ec8,bengali,fake,fft,fft_032_Akashta Kanpchhilo Kyan.mp3_22k.wav,7,10
5647e755882c31b4ffb3f447860e90d5,bengali,fake,fft,fft_032_Akashta Kanpchhilo Kyan.mp3_22k.wav,8,10
d88103abb4e6b39f02648222f69c5503,bengali,fake,fft,fft_032_Akashta Kanpchhilo Kyan.mp3_22k.wav,9,10
e1ac36051be1c1b4a07e07824066b5fc,bengali,fake,fft,fft_032_Akashta Kanpchhilo Kyan.mp3_22k.wav,10,10
6bc74b3154b6d4163fd001c4f8bcabfa,bengali,fake,fft,fft_032_Akashta Kanpchhilo Kyan.mp3_22k.wav,11,10
85332036f33f3eea02da72d42d6600c6,bengali,fake,fft,fft_032_Akashta Kanpchhilo Kyan.mp3_22k.wav,12,10
29a7026e63ae95cafa3ce4cde5106e01,bengali,fake,fft,fft_032_Akashta Kanpchhilo Kyan.mp3_22k.wav,13,10
16d2bd5a4d00056bbf01628263b82781,bengali,fake,fft,fft_032_Akashta Kanpchhilo Kyan.mp3_22k.wav,14,10
3a53be178a8d661d4beee0506c90a36a,bengali,fake,fft,fft_032_Akashta Kanpchhilo Kyan.mp3_22k.wav,15,10
d8d84beceace71fd87c97fd4caa79613,bengali,fake,fft,fft_032_Akashta Kanpchhilo Kyan.mp3_22k.wav,16,10
95c7509290d1205b3fb5afde9d903ae7,bengali,fake,fft,fft_032_Akashta Kanpchhilo Kyan.mp3_22k.wav,17,10
685b0336c44b4c8b3677f9f4c1fff8b8,bengali,fake,fft,fft_032_Akashta Kanpchhilo Kyan.mp3_22k.wav,18,10
58790e9bab3f528a82df1e6e0a56e2e2,bengali,fake,fft,fft_032_Akashta Kanpchhilo Kyan.mp3_22k.wav,19,10
bdfa724611ff7663d27e449d0a8e366d,bengali,fake,fft,fft_032_Akashta Kanpchhilo Kyan.mp3_22k.wav,20,10
340c02b22154495b749cfc61f61fa355,bengali,fake,fft,fft_032_Akashta Kanpchhilo Kyan.mp3_22k.wav,21,10
ff4a0df09e2f45504fb5ac5202e1f3ee,bengali,fake,fft,fft_032_Akashta Kanpchhilo Kyan.mp3_22k.wav,22,10
c2a2dc7ff8fd0e386c309fe18879fa00,bengali,fake,fft,fft_032_Akashta Kanpchhilo Kyan.mp3_22k.wav,23,10
138707a829a62a485806b6b23abf0315,bengali,fake,fft,fft_032_Akashta Kanpchhilo Kyan.mp3_22k.wav,24,10
05867418af8d64c54bc4bc87dda973d3,bengali,fake,fft,fft_032_Akashta Kanpchhilo Kyan.mp3_22k.wav,25,10
7bdf9a9ecbec910c508b05bb123d6d9f,bengali,fake,fft,fft_032_Akashta Kanpchhilo Kyan.mp3_22k.wav,26,10
a55bc5408da4a1d5641d52d8cd891d12,bengali,fake,fft,fft_032_Akashta Kanpchhilo Kyan.mp3_22k.wav,27,10
70746b5ae0a509a3889265c438cf321d,bengali,fake,fft,fft_032_Akashta Kanpchhilo Kyan.mp3_22k.wav,28,10
80a093261d227e3518dd8972e405ff35,bengali,fake,fft,fft_032_Akashta Kanpchhilo Kyan.mp3_22k.wav,29,10
cb0313591c5006dc03cace2356c1450f,bengali,fake,fft,fft_035_Jani Amar Sadhana Nai.mp3_22k.wav,0,10
f26948ed56f06c5c086d2cb5f6a6032c,bengali,fake,fft,fft_035_Jani Amar Sadhana Nai.mp3_22k.wav,1,10
88a4dd01acd5e33cb98a40072a92472b,bengali,fake,fft,fft_035_Jani Amar Sadhana Nai.mp3_22k.wav,2,10
d1f8c589ef5d758330b9ea135eda872c,bengali,fake,fft,fft_035_Jani Amar Sadhana Nai.mp3_22k.wav,3,10
4b08866053c396507ac4896f7433b7eb,bengali,fake,fft,fft_035_Jani Amar Sadhana Nai.mp3_22k.wav,4,10
d3e77446ef0377bc32b8c679c50fa7e7,bengali,fake,fft,fft_035_Jani Amar Sadhana Nai.mp3_22k.wav,5,10
61d0f51e69404b9925d87dbe6c6371a6,bengali,fake,fft,fft_035_Jani Amar Sadhana Nai.mp3_22k.wav,6,10
545494733040bb92627374ffac019644,bengali,fake,fft,fft_035_Jani Amar Sadhana Nai.mp3_22k.wav,7,10
155b38ba9e7394836f03f3facc6134f9,bengali,fake,fft,fft_035_Jani Amar Sadhana Nai.mp3_22k.wav,8,10
4693ea133cc41e6a291b95fa8abf17bc,bengali,fake,fft,fft_035_Jani Amar Sadhana Nai.mp3_22k.wav,9,10
fdede8ef358018df058fcbe87050f726,bengali,fake,fft,fft_035_Jani Amar Sadhana Nai.mp3_22k.wav,10,10
33593e80b98b1b54700cb3e34c050700,bengali,fake,fft,fft_035_Jani Amar Sadhana Nai.mp3_22k.wav,11,10
a2d39ec08efce80329a2906f17829319,bengali,fake,fft,fft_035_Jani Amar Sadhana Nai.mp3_22k.wav,12,10
7cd4056a408bb95cca15a600f214a9ed,bengali,fake,fft,fft_035_Jani Amar Sadhana Nai.mp3_22k.wav,13,10
37e61a2604b7f2862241f4784015ea66,bengali,fake,fft,fft_035_Jani Amar Sadhana Nai.mp3_22k.wav,14,10
4ba33241e92f7f5639879fe859416db3,bengali,fake,fft,fft_035_Jani Amar Sadhana Nai.mp3_22k.wav,15,10
f10d6c608020ea3a1c4fa2c0b82fafc0,bengali,fake,fft,fft_035_Jani Amar Sadhana Nai.mp3_22k.wav,16,10
b6bbab598e0a9a67272eaff9b13b63a5,bengali,fake,fft,fft_037_Kul Kolonko.mp3_22k.wav,0,10
83fe48945c08af384348aa218ae83d27,bengali,fake,fft,fft_037_Kul Kolonko.mp3_22k.wav,1,10
bed12e51c89c6e62de17d1b8d4edb47e,bengali,fake,fft,fft_037_Kul Kolonko.mp3_22k.wav,2,10
a4a1f2f081a299dfef7132119a6b130c,bengali,fake,fft,fft_037_Kul Kolonko.mp3_22k.wav,3,10
403101e9b2285f916f4bf57ea46f4db8,bengali,fake,fft,fft_037_Kul Kolonko.mp3_22k.wav,4,10
93117712d2d611289ab63a973cd475ab,bengali,fake,fft,fft_037_Kul Kolonko.mp3_22k.wav,5,10
2a98b2a5a6778b77bc8769b487f04aee,bengali,fake,fft,fft_037_Kul Kolonko.mp3_22k.wav,6,10
e10955c08abc6853b14b8921d77ed2e0,bengali,fake,fft,fft_037_Kul Kolonko.mp3_22k.wav,7,10
9a4b9164e31a6679af2ca5e51e833426,bengali,fake,fft,fft_037_Kul Kolonko.mp3_22k.wav,8,10
38dfac1931d605a515c34cf5fdfc889a,bengali,fake,fft,fft_037_Kul Kolonko.mp3_22k.wav,9,10
8c0034849e57db76709ab51be51c1540,bengali,fake,fft,fft_037_Kul Kolonko.mp3_22k.wav,10,10
28447bee71a54c79972791dfa761ecbc,bengali,fake,fft,fft_037_Kul Kolonko.mp3_22k.wav,11,10
ca315fe4deec73d56f4d5d27f5500267,bengali,fake,fft,fft_037_Kul Kolonko.mp3_22k.wav,12,10
0e4258d98868a0f38da5a6319611604c,bengali,fake,fft,fft_037_Kul Kolonko.mp3_22k.wav,13,10
55698a577503e7d28f35619e87a01b66,bengali,fake,fft,fft_037_Kul Kolonko.mp3_22k.wav,14,10
ac3a6a86e05f867f39f3348eaf4ce066,bengali,fake,fft,fft_037_Kul Kolonko.mp3_22k.wav,15,10
3134b0d7f9f833377cbd1dacc943817d,bengali,fake,fft,fft_037_Kul Kolonko.mp3_22k.wav,16,10
3b2633ee5bf0b6f75fac7bf5187ad61d,bengali,fake,fft,fft_037_Kul Kolonko.mp3_22k.wav,17,10
66435ab0ff9791bd376b0d7c690bf351,bengali,fake,fft,fft_037_Kul Kolonko.mp3_22k.wav,18,10
540ec2e5c3f9cd8e58690828004ec4cf,bengali,fake,fft,fft_037_Kul Kolonko.mp3_22k.wav,19,10
4f2734ffdf839c907f8c8fde8962809f,bengali,fake,fft,fft_037_Kul Kolonko.mp3_22k.wav,20,10
80c0274a11999cd21cecf40c0f282da3,bengali,fake,fft,fft_037_Kul Kolonko.mp3_22k.wav,21,10
a3a9a9339b619cb7c84d31ad1d2b4f66,bengali,fake,fft,fft_037_Kul Kolonko.mp3_22k.wav,22,10
71c076cfdf87596d90a5a8bd9e1d4841,bengali,fake,fft,fft_037_Kul Kolonko.mp3_22k.wav,23,10
738b6f3906a4fdd86b6ec88d55bfd2fe,bengali,fake,fft,fft_037_Kul Kolonko.mp3_22k.wav,24,10
435beaf7faa6775ce83afa075d5186c7,bengali,fake,fft,fft_037_Kul Kolonko.mp3_22k.wav,25,10
615314b0b3a8283dfa6b004d8fdaeab0,bengali,fake,fft,fft_037_Kul Kolonko.mp3_22k.wav,26,10
c7601e541c8d280f6c36affd17a798fe,bengali,fake,fft,fft_037_Kul Kolonko.mp3_22k.wav,27,10
62023bd0c2fe7503440b44adf01a526a,bengali,fake,fft,fft_037_Kul Kolonko.mp3_22k.wav,28,10
13e8186c0fe927b16391b57c7bb7871f,bengali,fake,fft,fft_037_Kul Kolonko.mp3_22k.wav,29,10
6db2a5e49c027561c3af6ae790d695fe,bengali,fake,fft,fft_037_Kul Kolonko.mp3_22k.wav,30,10
f2f860544cecf0b531ab1ec2e0baa5dc,bengali,fake,fft,fft_037_Kul Kolonko.mp3_22k.wav,31,10
a70259df5994df87d44328732170c237,bengali,fake,fft,fft_037_Kul Kolonko.mp3_22k.wav,32,10
173ffd1c32b5e47f854b4baa95566ab2,bengali,fake,fft,fft_037_Kul Kolonko.mp3_22k.wav,33,10
38046f51f72caa667290edc68d2d9096,bengali,fake,fft,fft_037_Kul Kolonko.mp3_22k.wav,34,10
13adb6a361df106f415c472f622a06df,bengali,fake,fft,fft_037_Kul Kolonko.mp3_22k.wav,35,10
9d843aa058ef69c424bae54f7932c8d4,bengali,fake,fft,fft_037_Kul Kolonko.mp3_22k.wav,36,10
a57844e639fe664f52c7807232f3cfc8,bengali,fake,fft,fft_037_Kul Kolonko.mp3_22k.wav,37,10
f197130568c3a988ec388cfed70001ed,bengali,fake,fft,fft_037_Kul Kolonko.mp3_22k.wav,38,10
e3f847637dd102f85d35eb942a1d98e5,bengali,fake,fft,fft_037_Kul Kolonko.mp3_22k.wav,39,10
8b1909676fa5f00093a69d771ae96ae9,bengali,fake,fft,fft_037_Kul Kolonko.mp3_22k.wav,40,10
d61f859f5239e65655e3cdd9a1f81de0,bengali,fake,fft,fft_037_Kul Kolonko.mp3_22k.wav,41,10
c5a9c0686cc8b674d2b24007b2bc1642,bengali,fake,fft,fft_037_Kul Kolonko.mp3_22k.wav,42,10
4ed58bdd4cc59c2f4339cea42d58032a,bengali,fake,fft,fft_037_Kul Kolonko.mp3_22k.wav,43,10
47027c4f0a992b443f1fda3517aa8cf5,bengali,fake,fft,fft_037_Kul Kolonko.mp3_22k.wav,44,10
00fb4a991d39202d18b0eb1bd7a3edd0,bengali,fake,fft,fft_038_Bou Katha Kao.mp3_22k.wav,0,10
8339517fff92d26c7165d8ac7f5f021f,bengali,fake,fft,fft_038_Bou Katha Kao.mp3_22k.wav,1,10
8e5b991befb34fda870303b2a61b7403,bengali,fake,fft,fft_038_Bou Katha Kao.mp3_22k.wav,2,10
6c6da87ce050edae98d57be371a232bb,bengali,fake,fft,fft_038_Bou Katha Kao.mp3_22k.wav,3,10
58ce772d9c9fff0e1f1a351104eb2926,bengali,fake,fft,fft_038_Bou Katha Kao.mp3_22k.wav,4,10
4b432eb09d19cf4ff46729718e345304,bengali,fake,fft,fft_038_Bou Katha Kao.mp3_22k.wav,5,10
5751e25f805383edae12a515854fe03d,bengali,fake,fft,fft_038_Bou Katha Kao.mp3_22k.wav,6,10
01c99cfdf617713b869d2bdca9630c1f,bengali,fake,fft,fft_038_Bou Katha Kao.mp3_22k.wav,7,10
254269c69a8a3df4b758035490f09b35,bengali,fake,fft,fft_038_Bou Katha Kao.mp3_22k.wav,8,10
fc4188d405978fe6bc397d01c5902e34,bengali,fake,fft,fft_038_Bou Katha Kao.mp3_22k.wav,9,10
0d7120253142970a7f7822cef260cba6,bengali,fake,fft,fft_038_Bou Katha Kao.mp3_22k.wav,10,10
74244bcba983da1a080aeca3aa8b3677,bengali,fake,fft,fft_038_Bou Katha Kao.mp3_22k.wav,11,10
c9e85bf7d3a0154a56a2baaa676ba7c5,bengali,fake,fft,fft_038_Bou Katha Kao.mp3_22k.wav,12,10
2c6716dee7c3370415fec308b010ec3c,bengali,fake,fft,fft_038_Bou Katha Kao.mp3_22k.wav,13,10
a1d6473c20f99f817ba38fabb518516a,bengali,fake,fft,fft_038_Bou Katha Kao.mp3_22k.wav,14,10
8bbb3b70b86dfd283327723956b04704,bengali,fake,fft,fft_038_Bou Katha Kao.mp3_22k.wav,15,10
e96291b1f1119b48cb5c7b006a1399af,bengali,fake,fft,fft_038_Bou Katha Kao.mp3_22k.wav,16,10
3d8d0831f2dbb948f6af12f9eb1436dc,bengali,fake,fft,fft_038_Bou Katha Kao.mp3_22k.wav,17,10
17256f107133a8cbe146e81be5151c82,bengali,fake,fft,fft_038_Bou Katha Kao.mp3_22k.wav,18,10
d2b4ec9e24f1406b83f236a27fefc120,bengali,fake,fft,fft_038_Bou Katha Kao.mp3_22k.wav,19,10
14e3bce6c354e2ac6d1fb501191c91d7,bengali,fake,fft,fft_039_Andhakare Ese Tumi.mp3_22k.wav,0,10
21a2e8f06eb9bef66f81541d21fe3d13,bengali,fake,fft,fft_039_Andhakare Ese Tumi.mp3_22k.wav,1,10
3ba1800abbe515ed542d35d2c007c4f4,bengali,fake,fft,fft_039_Andhakare Ese Tumi.mp3_22k.wav,2,10
f13d6155cb355bda097c75c151828616,bengali,fake,fft,fft_039_Andhakare Ese Tumi.mp3_22k.wav,3,10
9bf177ff444fc46a36acad1f8ab942ae,bengali,fake,fft,fft_039_Andhakare Ese Tumi.mp3_22k.wav,4,10
0337ad5ad560f12aef5601b17d9556e9,bengali,fake,fft,fft_039_Andhakare Ese Tumi.mp3_22k.wav,5,10
0ca9c6a5dcd12515b797cc9b74124ab2,bengali,fake,fft,fft_039_Andhakare Ese Tumi.mp3_22k.wav,6,10
a08d726a796026ac43bdc94e72d50e02,bengali,fake,fft,fft_039_Andhakare Ese Tumi.mp3_22k.wav,7,10
316c26c06d8b21af9c0d8af92b2fda36,bengali,fake,fft,fft_039_Andhakare Ese Tumi.mp3_22k.wav,8,10
915380f6eae4df4d14ad66f80147e5e2,bengali,fake,fft,fft_039_Andhakare Ese Tumi.mp3_22k.wav,9,10
37eceaabc45e46132bf3da5be326645d,bengali,fake,fft,fft_039_Andhakare Ese Tumi.mp3_22k.wav,10,10
c97f10d28d6840a9d16a49fd57ebf8d6,bengali,fake,fft,fft_039_Andhakare Ese Tumi.mp3_22k.wav,11,10
121c2b077f1c27002b1b5153f7e3281d,bengali,fake,fft,fft_039_Andhakare Ese Tumi.mp3_22k.wav,12,10
47ce1b89a06c6d3e9afbe4303573779c,bengali,fake,fft,fft_039_Andhakare Ese Tumi.mp3_22k.wav,13,10
493223b5889498e726cea9e9341df77b,bengali,fake,fft,fft_039_Andhakare Ese Tumi.mp3_22k.wav,14,10
b451318d1af77bb657425373a612050a,bengali,fake,fft,fft_039_Andhakare Ese Tumi.mp3_22k.wav,15,10
10f03039e5e0806f07cafcb102f06118,bengali,fake,fft,fft_040_Keno Tomra Amai Dako.mp3_22k.wav,0,10
722131213a1d813f2b2e09f812b4fcdf,bengali,fake,fft,fft_040_Keno Tomra Amai Dako.mp3_22k.wav,1,10
fd293965f6b86d2cef1320ac467840dd,bengali,fake,fft,fft_040_Keno Tomra Amai Dako.mp3_22k.wav,2,10
647e0df7fdd701f282a8e27668d0e1b7,bengali,fake,fft,fft_040_Keno Tomra Amai Dako.mp3_22k.wav,3,10
105c4bfe3367974d2bb8f6e4dd69c517,bengali,fake,fft,fft_040_Keno Tomra Amai Dako.mp3_22k.wav,4,10
fed28ec29f6890f7bfdf8ec09b360b2b,bengali,fake,fft,fft_040_Keno Tomra Amai Dako.mp3_22k.wav,5,10
5d671406a9492c896a9900fee3ceedd2,bengali,fake,fft,fft_040_Keno Tomra Amai Dako.mp3_22k.wav,6,10
1f23dd747e7134d1b292a56ce97aa687,bengali,fake,fft,fft_040_Keno Tomra Amai Dako.mp3_22k.wav,7,10
1ec0d8ad145024b18e774d5ad50c15e7,bengali,fake,fft,fft_040_Keno Tomra Amai Dako.mp3_22k.wav,8,10
fbe6c74406a1988df3db7d30f5968af5,bengali,fake,fft,fft_040_Keno Tomra Amai Dako.mp3_22k.wav,9,10
875d70ce058676d1403b3f46aaaf88c3,bengali,fake,fft,fft_040_Keno Tomra Amai Dako.mp3_22k.wav,10,10
e1c72053209c65fab5e857b37e3e7b9f,bengali,fake,fft,fft_040_Keno Tomra Amai Dako.mp3_22k.wav,11,10
2a10fb10aba931d734f7c77d78cdf5ec,bengali,fake,fft,fft_040_Keno Tomra Amai Dako.mp3_22k.wav,12,10
1fa3309f630dc8979e00bca51896b2cc,bengali,fake,fft,fft_040_Keno Tomra Amai Dako.mp3_22k.wav,13,10
2a4a443572c2064e5f56c4277b8aee75,bengali,fake,fft,fft_040_Keno Tomra Amai Dako.mp3_22k.wav,14,10
c4de6958e8ce95c25df8a94439cee8c2,bengali,fake,fft,fft_040_Keno Tomra Amai Dako.mp3_22k.wav,15,10
26e03468cfd55420442e55622b3e9371,bengali,fake,fft,fft_040_Keno Tomra Amai Dako.mp3_22k.wav,16,10
cc938af427d88f6e11639c2007bf3aee,bengali,fake,fft,fft_040_Keno Tomra Amai Dako.mp3_22k.wav,17,10
79ac93eb315663ff8eb8050b524dfcef,bengali,fake,fft,fft_040_Keno Tomra Amai Dako.mp3_22k.wav,18,10
43dbea393b1595428a82f1feb421070d,bengali,fake,fft,fft_041_Tor Bhubane Jwale Eto Alo.mp3_22k.wav,0,10
06d4186497cfe3534fd72ba6f0f1fd0e,bengali,fake,fft,fft_041_Tor Bhubane Jwale Eto Alo.mp3_22k.wav,1,10
385c563aa5ead316a1a4fcecda4ea67e,bengali,fake,fft,fft_041_Tor Bhubane Jwale Eto Alo.mp3_22k.wav,2,10
e4242a5a2cec7a56080f88039a20cbad,bengali,fake,fft,fft_041_Tor Bhubane Jwale Eto Alo.mp3_22k.wav,3,10
1fbe37f9c7aeea6ad5f1bd6ed1d36ceb,bengali,fake,fft,fft_041_Tor Bhubane Jwale Eto Alo.mp3_22k.wav,4,10
c155408b9ca85f7cc0e6e4fcae717d0b,bengali,fake,fft,fft_041_Tor Bhubane Jwale Eto Alo.mp3_22k.wav,5,10
0012ef2b7451a82dbc96004f9a82e669,bengali,fake,fft,fft_041_Tor Bhubane Jwale Eto Alo.mp3_22k.wav,6,10
a888e559e56384f3f03a0348208463a0,bengali,fake,fft,fft_041_Tor Bhubane Jwale Eto Alo.mp3_22k.wav,7,10
a2424a649abf36e22b6c0af3ac14f9fb,bengali,fake,fft,fft_041_Tor Bhubane Jwale Eto Alo.mp3_22k.wav,8,10
75546872ad6efb213b30b5a65b90ab1b,bengali,fake,fft,fft_041_Tor Bhubane Jwale Eto Alo.mp3_22k.wav,9,10
be0fc38e64215b2e50226a92a23aad57,bengali,fake,fft,fft_041_Tor Bhubane Jwale Eto Alo.mp3_22k.wav,10,10
919fd097994bed9e6751a951e2217dd9,bengali,fake,fft,fft_041_Tor Bhubane Jwale Eto Alo.mp3_22k.wav,11,10
5bc7e014698a7216f895c2b289157e56,bengali,fake,fft,fft_041_Tor Bhubane Jwale Eto Alo.mp3_22k.wav,12,10
79d213332c8cd07320f0dd2ef534f0a0,bengali,fake,fft,fft_041_Tor Bhubane Jwale Eto Alo.mp3_22k.wav,13,10
738f543bcda5c37c688f847ad8e00e45,bengali,fake,fft,fft_041_Tor Bhubane Jwale Eto Alo.mp3_22k.wav,14,10
9a2c35e1af05be8e4a0cd19b34e97496,bengali,fake,fft,fft_041_Tor Bhubane Jwale Eto Alo.mp3_22k.wav,15,10
54cbddd77cb19c12cd0ad074af737d27,bengali,fake,fft,fft_041_Tor Bhubane Jwale Eto Alo.mp3_22k.wav,16,10
4be25b4e533d775ece3c30e7d5201d23,bengali,fake,fft,fft_041_Tor Bhubane Jwale Eto Alo.mp3_22k.wav,17,10
0f55da5930cb9497b51196bb59a9c556,bengali,fake,fft,fft_041_Tor Bhubane Jwale Eto Alo.mp3_22k.wav,18,10
a466450ba914bdf7442b7d704d6168b3,bengali,fake,fft,fft_041_Tor Bhubane Jwale Eto Alo.mp3_22k.wav,19,10
b35cdbf65b12f8b3ccea6e14a5cb7dec,bengali,fake,fft,fft_041_Tor Bhubane Jwale Eto Alo.mp3_22k.wav,20,10
6550bdb1201c7480805d0549e31d6ecb,bengali,fake,fft,fft_041_Tor Bhubane Jwale Eto Alo.mp3_22k.wav,21,10
b2b7b26dc4f4732019d4d0f17df11d23,bengali,fake,fft,fft_042_Amar Bhetor Ami Ke.mp3_22k.wav,0,10
884bef9b2373b21fc2e71161d66fa55c,bengali,fake,fft,fft_042_Amar Bhetor Ami Ke.mp3_22k.wav,1,10
62c46c7d56ac1c04c6b517c21abbd83c,bengali,fake,fft,fft_042_Amar Bhetor Ami Ke.mp3_22k.wav,2,10
054df8f00bb187a6cc11aff40c285d6c,bengali,fake,fft,fft_042_Amar Bhetor Ami Ke.mp3_22k.wav,3,10
606d2eec210fc9e49881f082a5f96af9,bengali,fake,fft,fft_042_Amar Bhetor Ami Ke.mp3_22k.wav,4,10
5516ec937ce6d6508d489d3c653d7602,bengali,fake,fft,fft_042_Amar Bhetor Ami Ke.mp3_22k.wav,5,10
37d1128802f53400d937e9b6abedee9a,bengali,fake,fft,fft_042_Amar Bhetor Ami Ke.mp3_22k.wav,6,10
7e3952141d8a782d4933607a8d1cae7d,bengali,fake,fft,fft_042_Amar Bhetor Ami Ke.mp3_22k.wav,7,10
9e6b848bdcee26d112a1091ba83cccb4,bengali,fake,fft,fft_042_Amar Bhetor Ami Ke.mp3_22k.wav,8,10
95b401eea3a55a782d039765fbec2950,bengali,fake,fft,fft_042_Amar Bhetor Ami Ke.mp3_22k.wav,9,10
b246c0d2244815607bd5f205209f2693,bengali,fake,fft,fft_042_Amar Bhetor Ami Ke.mp3_22k.wav,10,10
cc86d89896de4c795335ee745d9498fa,bengali,fake,fft,fft_042_Amar Bhetor Ami Ke.mp3_22k.wav,11,10
2164b026032301111d03030af2ee3466,bengali,fake,fft,fft_042_Amar Bhetor Ami Ke.mp3_22k.wav,12,10
39c3719545bd0e91eb67e2f5632699ad,bengali,fake,fft,fft_042_Amar Bhetor Ami Ke.mp3_22k.wav,13,10
531e2b3f2cf81bced4db71621e86b866,bengali,fake,fft,fft_042_Amar Bhetor Ami Ke.mp3_22k.wav,14,10
8cf271e6bb15b282623949e051c83715,bengali,fake,fft,fft_042_Amar Bhetor Ami Ke.mp3_22k.wav,15,10
17c50d8963699b5f8b4a0d4a17393773,bengali,fake,fft,fft_042_Amar Bhetor Ami Ke.mp3_22k.wav,16,10
9746d51cfbab0c976122b4c949475c93,bengali,fake,fft,fft_042_Amar Bhetor Ami Ke.mp3_22k.wav,17,10
f3605e0eb2477f570026666e030a27fd,bengali,fake,fft,fft_042_Amar Bhetor Ami Ke.mp3_22k.wav,18,10
eaf5ca7a566a29774dbf3af9d035c258,bengali,fake,fft,fft_042_Amar Bhetor Ami Ke.mp3_22k.wav,19,10
e14913c202878896644a4e0d18c70070,bengali,fake,fft,fft_042_Amar Bhetor Ami Ke.mp3_22k.wav,20,10
ef3f38c5cb95fe2fd85a98fc305147f7,bengali,fake,fft,fft_042_Amar Bhetor Ami Ke.mp3_22k.wav,21,10
cec0eb8aeedbc57101e4f81e1762e3d9,bengali,fake,fft,fft_042_Amar Bhetor Ami Ke.mp3_22k.wav,22,10
f891cc844e95e308dc4102faf8dc7748,bengali,fake,fft,fft_042_Amar Bhetor Ami Ke.mp3_22k.wav,23,10
4a084d47ada4c91e05377940961b8fe8,bengali,fake,fft,fft_042_Amar Bhetor Ami Ke.mp3_22k.wav,24,10
40593800710b3b9b8bd8d74e85964530,bengali,fake,fft,fft_042_Amar Bhetor Ami Ke.mp3_22k.wav,25,10
23b4ed5cb05f4f6eb92c68742ce19d91,bengali,fake,fft,fft_042_Amar Bhetor Ami Ke.mp3_22k.wav,26,10
fdb77baa8f2b44bb3f8c7ac4aef694d6,bengali,fake,fft,fft_042_Amar Bhetor Ami Ke.mp3_22k.wav,27,10
ea2d5966d127189da9a7351f22193cc2,bengali,fake,fft,fft_042_Amar Bhetor Ami Ke.mp3_22k.wav,28,10
1d7e13c514babb2b1a39072817c9e473,bengali,fake,fft,fft_042_Amar Bhetor Ami Ke.mp3_22k.wav,29,10
647f0c085756d68c3fb63054dc3e63c6,bengali,fake,fft,fft_042_Amar Bhetor Ami Ke.mp3_22k.wav,30,10
55443f1ad17910b113c13f5201d1aadb,bengali,fake,fft,fft_042_Amar Bhetor Ami Ke.mp3_22k.wav,31,10
6000aa79fa2b69e873a1c5bb15d6ba1f,bengali,fake,fft,fft_042_Amar Bhetor Ami Ke.mp3_22k.wav,32,10
f3c1dfddb43865d6b1e5ac50a9c2d7a1,bengali,fake,fft,fft_042_Amar Bhetor Ami Ke.mp3_22k.wav,33,10
1a0d8cacca5afeed8ef7ad1edea9f721,bengali,fake,fft,fft_042_Amar Bhetor Ami Ke.mp3_22k.wav,34,10
cb4eca3b992559171ad160461be6337a,bengali,fake,fft,fft_042_Amar Bhetor Ami Ke.mp3_22k.wav,35,10
cfdd63ac3fa4dbd2797f306e7bfb7909,bengali,fake,fft,fft_042_Amar Bhetor Ami Ke.mp3_22k.wav,36,10
a0aecbd19600c6b23e3e2d05d6073ff4,bengali,fake,fft,fft_042_Amar Bhetor Ami Ke.mp3_22k.wav,37,10
2a1af01e15f4111c5da4d41f31ebd6f4,bengali,fake,fft,fft_042_Amar Bhetor Ami Ke.mp3_22k.wav,38,10
3b70d7ab862de4e77a90ed556734007b,bengali,fake,fft,fft_042_Amar Bhetor Ami Ke.mp3_22k.wav,39,10
462bf6031decd33eba7fcaac76972bb2,bengali,fake,fft,fft_042_Amar Bhetor Ami Ke.mp3_22k.wav,40,10
62261aab8e0502355b1e67f2ad91676a,bengali,fake,fft,fft_042_Amar Bhetor Ami Ke.mp3_22k.wav,41,10
3eb9a36d248d2073bae9432e34282300,bengali,fake,fft,fft_042_Amar Bhetor Ami Ke.mp3_22k.wav,42,10
2d6d54ee00263150359961d23b5aca3a,bengali,fake,fft,fft_042_Amar Bhetor Ami Ke.mp3_22k.wav,43,10
93503b93750f0f2a28608d050a94f3ac,bengali,fake,fft,fft_042_Amar Bhetor Ami Ke.mp3_22k.wav,44,10
b43347d3100b6876c2f98d384fe44cfb,bengali,fake,fft,fft_042_Amar Bhetor Ami Ke.mp3_22k.wav,45,10
60b60234259dedc9a54b8e7ed2fffbcd,bengali,fake,fft,fft_042_Amar Bhetor Ami Ke.mp3_22k.wav,46,10
63b6e4af6eefa87999bf69f59bc7ec19,bengali,fake,fft,fft_042_Amar Bhetor Ami Ke.mp3_22k.wav,47,10
7a99d98399de12604a4b7b906f4efad7,bengali,fake,fft,fft_042_Amar Bhetor Ami Ke.mp3_22k.wav,48,10
8215aad001aee05640db6bfced8bc6ad,bengali,fake,fft,fft_042_Amar Bhetor Ami Ke.mp3_22k.wav,49,10
81d65af792d0736651c3436379a63360,bengali,fake,fft,fft_042_Amar Bhetor Ami Ke.mp3_22k.wav,50,10
799af0d0cb96808364fe1dcf6c54e129,bengali,fake,fft,fft_042_Amar Bhetor Ami Ke.mp3_22k.wav,51,10
5d9696fc74869be8537beade068d8867,bengali,fake,fft,fft_042_Amar Bhetor Ami Ke.mp3_22k.wav,52,10
c34e5a83f004593f15737ecca1a37c18,bengali,fake,fft,fft_043_Ma Habi Na Meye Habi.mp3_22k.wav,0,10
bfb1076e27b54377c03cd7315d9a3e69,bengali,fake,fft,fft_043_Ma Habi Na Meye Habi.mp3_22k.wav,1,10
6c8eeee3af40fdfa5bb2e1ceea2b1667,bengali,fake,fft,fft_043_Ma Habi Na Meye Habi.mp3_22k.wav,2,10
0697cc54df29d6e7e26d91b1e0d0f33a,bengali,fake,fft,fft_043_Ma Habi Na Meye Habi.mp3_22k.wav,3,10
bab2575b381d3efc3fdcd3f3b18abf32,bengali,fake,fft,fft_043_Ma Habi Na Meye Habi.mp3_22k.wav,4,10
8e323c722e59a33be3b8dcc790b29afa,bengali,fake,fft,fft_043_Ma Habi Na Meye Habi.mp3_22k.wav,5,10
2cfd74a41d848e01c08fb607fd83912f,bengali,fake,fft,fft_043_Ma Habi Na Meye Habi.mp3_22k.wav,6,10
b9c332045833a5983676df3e1e8053ff,bengali,fake,fft,fft_043_Ma Habi Na Meye Habi.mp3_22k.wav,7,10
4482b5b822401e6da5d563a53544a678,bengali,fake,fft,fft_043_Ma Habi Na Meye Habi.mp3_22k.wav,8,10
9ec2deca9320499e35d3a74244330eeb,bengali,fake,fft,fft_043_Ma Habi Na Meye Habi.mp3_22k.wav,9,10
59eda79e27720c5bb0a1f4571f2bf344,bengali,fake,fft,fft_043_Ma Habi Na Meye Habi.mp3_22k.wav,10,10
b79aad35d4757307b2a41299815bc658,bengali,fake,fft,fft_043_Ma Habi Na Meye Habi.mp3_22k.wav,11,10
a2d6a14a335b6cde7c1148d1da6647bb,bengali,fake,fft,fft_043_Ma Habi Na Meye Habi.mp3_22k.wav,12,10
8b25969c98d971bc8bb230cf23fb5738,bengali,fake,fft,fft_043_Ma Habi Na Meye Habi.mp3_22k.wav,13,10
f86b3bc59170f337657469048b8ae0e3,bengali,fake,fft,fft_043_Ma Habi Na Meye Habi.mp3_22k.wav,14,10
5db35fcc3226cef2cf0ebf8c1ad1b006,bengali,fake,fft,fft_043_Ma Habi Na Meye Habi.mp3_22k.wav,15,10
c4768f77babecbc97d1465fa11601c19,bengali,fake,fft,fft_043_Ma Habi Na Meye Habi.mp3_22k.wav,16,10
43d300489d6e3f88aac8b821defd1c22,bengali,fake,fft,fft_043_Ma Habi Na Meye Habi.mp3_22k.wav,17,10
11d6cadaaa4a66b318e82598c62f2080,bengali,fake,fft,fft_043_Ma Habi Na Meye Habi.mp3_22k.wav,18,10
fea1067a249f14411c21769fd5418951,bengali,fake,fft,fft_043_Ma Habi Na Meye Habi.mp3_22k.wav,19,10
8d7c726bea77b8dff24f86ca03e848c6,bengali,fake,fft,fft_043_Ma Habi Na Meye Habi.mp3_22k.wav,20,10
5530816c487812885bc1e3ebe2f1e567,bengali,fake,fft,fft_043_Ma Habi Na Meye Habi.mp3_22k.wav,21,10
54ea75239b838165c47550384f296b47,bengali,fake,fft,fft_043_Ma Habi Na Meye Habi.mp3_22k.wav,22,10
f458c924b8174a2be34f8c798220f1b9,bengali,fake,fft,fft_043_Ma Habi Na Meye Habi.mp3_22k.wav,23,10
699c2848131a0da3398c65309cb5629c,bengali,fake,fft,fft_043_Ma Habi Na Meye Habi.mp3_22k.wav,24,10
13c3614d8f528b3573289f35244e0b16,bengali,fake,fft,fft_043_Ma Habi Na Meye Habi.mp3_22k.wav,25,10
dc848c31234121f6b21a8c85761678d5,bengali,fake,fft,fft_043_Ma Habi Na Meye Habi.mp3_22k.wav,26,10
52f0113713c0d01b53228950a9d9536e,bengali,fake,fft,fft_043_Ma Habi Na Meye Habi.mp3_22k.wav,27,10
ff9d98935d1740ff9d6f9a11a5fa9321,bengali,fake,fft,fft_043_Ma Habi Na Meye Habi.mp3_22k.wav,28,10
4536d6910a7578b996507cbf15fbfb35,bengali,fake,fft,fft_043_Ma Habi Na Meye Habi.mp3_22k.wav,29,10
dd4570df9df5fc518bf65405613b8731,bengali,fake,fft,fft_043_Ma Habi Na Meye Habi.mp3_22k.wav,30,10
d95037df5fcaa2574213f531e3231a4f,bengali,fake,fft,fft_043_Ma Habi Na Meye Habi.mp3_22k.wav,31,10
59796955188b96228289ea8e79c14102,bengali,fake,fft,fft_043_Ma Habi Na Meye Habi.mp3_22k.wav,32,10
df16980cdc137b0d4f2603649efe2c76,bengali,fake,fft,fft_043_Ma Habi Na Meye Habi.mp3_22k.wav,33,10
2a2fddaf7a89d00b90bd5df5fba2bc9b,bengali,fake,fft,fft_043_Ma Habi Na Meye Habi.mp3_22k.wav,34,10
ec6e347316e6e53ccc4bf8e0e7a7bf6c,bengali,fake,fft,fft_043_Ma Habi Na Meye Habi.mp3_22k.wav,35,10
d433a26d017027c16ee9dda5e6a584e0,bengali,fake,fft,fft_043_Ma Habi Na Meye Habi.mp3_22k.wav,36,10
758dcc87917e1efca4d36fa4596f6158,bengali,fake,fft,fft_043_Ma Habi Na Meye Habi.mp3_22k.wav,37,10
ddc0f3984e0ee394872765ac9b69e0d2,bengali,fake,fft,fft_043_Ma Habi Na Meye Habi.mp3_22k.wav,38,10
b2a4c6fcc972f468483a8351282c1a61,bengali,fake,fft,fft_043_Ma Habi Na Meye Habi.mp3_22k.wav,39,10
5460ab888a923b679d161e872bd1f138,bengali,fake,fft,fft_043_Ma Habi Na Meye Habi.mp3_22k.wav,40,10
860c7fa0335b11b707b25b0a99494da0,bengali,fake,fft,fft_043_Ma Habi Na Meye Habi.mp3_22k.wav,41,10
f738881322e98325769286b027a6bde6,bengali,fake,fft,fft_043_Ma Habi Na Meye Habi.mp3_22k.wav,42,10
37d9fd07278d83bdaf805e61f11aef58,bengali,fake,fft,fft_043_Ma Habi Na Meye Habi.mp3_22k.wav,43,10
8271bed96c15c5737e660bdfc0c2f875,bengali,fake,fft,fft_043_Ma Habi Na Meye Habi.mp3_22k.wav,44,10
49aba20bf2b1430316f5491975798f8a,bengali,fake,fft,fft_043_Ma Habi Na Meye Habi.mp3_22k.wav,45,10
0e7def27002b37997fcecfa528f6aaf8,bengali,fake,fft,fft_043_Ma Habi Na Meye Habi.mp3_22k.wav,46,10
5f960522b6ca1950b471f6936a7c3470,bengali,fake,fft,fft_043_Ma Habi Na Meye Habi.mp3_22k.wav,47,10
0213dad1d9563ef95e9344864a304b37,bengali,fake,fft,fft_043_Ma Habi Na Meye Habi.mp3_22k.wav,48,10
537a676fe5d1cff3577fa4a4f4ee5a83,bengali,fake,fft,fft_043_Ma Habi Na Meye Habi.mp3_22k.wav,49,10
3348c05616365d212187eaf4285adf70,bengali,fake,fft,fft_043_Ma Habi Na Meye Habi.mp3_22k.wav,50,10
f8fa5962dbaf005d5e4357e9579fa208,bengali,fake,fft,fft_043_Ma Habi Na Meye Habi.mp3_22k.wav,51,10
37944549d20bdb52f507271cbc8f0ce0,bengali,fake,fft,fft_043_Ma Habi Na Meye Habi.mp3_22k.wav,52,10
51b6a32eca3488e9f3bbe2f3116046a8,bengali,fake,fft,fft_043_Ma Habi Na Meye Habi.mp3_22k.wav,53,10
6c36050b06627a885987c4e4e0cc8dbe,bengali,fake,fft,fft_043_Ma Habi Na Meye Habi.mp3_22k.wav,54,10
62ecf836deb9eaa59e33894b47635429,bengali,fake,fft,fft_043_Ma Habi Na Meye Habi.mp3_22k.wav,55,10
89644f5ef6cee1845112b00dc2557f4a,bengali,fake,fft,fft_043_Ma Habi Na Meye Habi.mp3_22k.wav,56,10
130d12d257835047742b8e68287d6f20,bengali,fake,fft,fft_043_Ma Habi Na Meye Habi.mp3_22k.wav,57,10
8a1e55d9d1a2bec2f4426fabced35163,bengali,fake,fft,fft_043_Ma Habi Na Meye Habi.mp3_22k.wav,58,10
d93ff0fe032f10c300a63bbf85043990,bengali,fake,fft,fft_043_Ma Habi Na Meye Habi.mp3_22k.wav,59,10
be64f26626df988ecf26dcd15d1c8537,bengali,fake,fft,fft_043_Ma Habi Na Meye Habi.mp3_22k.wav,60,10
e3957d39e8f5a8201c11921554585610,bengali,fake,fft,fft_043_Ma Habi Na Meye Habi.mp3_22k.wav,61,10
9770b5ded16d70f0404766ef331baaa0,bengali,fake,fft,fft_043_Ma Habi Na Meye Habi.mp3_22k.wav,62,10
165e398ea83ced75b32b259a637bed27,bengali,fake,fft,fft_043_Ma Habi Na Meye Habi.mp3_22k.wav,63,10
ac0b7cef5de2654bcd05e390e53c424b,bengali,fake,fft,fft_043_Ma Habi Na Meye Habi.mp3_22k.wav,64,10
2cb80b236323d2b273abec78e74ca0d2,bengali,fake,fft,fft_043_Ma Habi Na Meye Habi.mp3_22k.wav,65,10
4cfdca9c14c67eaf8fed42ba7740fe29,bengali,fake,fft,fft_043_Ma Habi Na Meye Habi.mp3_22k.wav,66,10
1451638acf94e94c8cc972f294400f07,bengali,fake,fft,fft_043_Ma Habi Na Meye Habi.mp3_22k.wav,67,10
3522e829807b4cc973edca1c191d1e06,bengali,fake,fft,fft_043_Ma Habi Na Meye Habi.mp3_22k.wav,68,10
41d10d126668cc5d8144ef8468659cac,bengali,fake,fft,fft_043_Ma Habi Na Meye Habi.mp3_22k.wav,69,10
d18dcf8d66e2d69a2c64ce8995485292,bengali,fake,fft,fft_043_Ma Habi Na Meye Habi.mp3_22k.wav,70,10
e59c15d8002e2ddd3a76d9382364125b,bengali,fake,fft,fft_043_Ma Habi Na Meye Habi.mp3_22k.wav,71,10
2b6672559fd65b0049caef22be825dac,bengali,fake,fft,fft_043_Ma Habi Na Meye Habi.mp3_22k.wav,72,10
a7f3deba0a9c2f4b809e6d005c697065,bengali,fake,fft,fft_043_Ma Habi Na Meye Habi.mp3_22k.wav,73,10
3b9750522e0f46f3b178dbfea4e5a748,bengali,fake,fft,fft_043_Ma Habi Na Meye Habi.mp3_22k.wav,74,10
1c223e852865558cff8f9abfa71b7ffa,bengali,fake,fft,fft_043_Ma Habi Na Meye Habi.mp3_22k.wav,75,10
871d1c1db22d3cdb006f79a38b55275c,bengali,fake,fft,fft_043_Ma Habi Na Meye Habi.mp3_22k.wav,76,10
1a7c87206613145c8e225e02a1a84511,bengali,fake,fft,fft_043_Ma Habi Na Meye Habi.mp3_22k.wav,77,10
413a03e1735e99b3302878f84eed171d,bengali,fake,fft,fft_043_Ma Habi Na Meye Habi.mp3_22k.wav,78,10
14a3c247e894ac175e5aaf7cce63de9c,bengali,fake,fft,fft_043_Ma Habi Na Meye Habi.mp3_22k.wav,79,10
855995d403c2a88d406e9200a6fc54a9,bengali,fake,fft,fft_043_Ma Habi Na Meye Habi.mp3_22k.wav,80,10
67d5d1bc69adf183514bdaf0b4f42ca7,bengali,fake,fft,fft_043_Ma Habi Na Meye Habi.mp3_22k.wav,81,10
50866df6990ffffc6d7f01465fb53488,bengali,fake,fft,fft_043_Ma Habi Na Meye Habi.mp3_22k.wav,82,10
97a2e35a7db35bc2ef1894ba33ad3d02,bengali,fake,fft,fft_043_Ma Habi Na Meye Habi.mp3_22k.wav,83,10
e7ea069197ccd8760fce2ba17dacaf91,bengali,fake,fft,fft_043_Ma Habi Na Meye Habi.mp3_22k.wav,84,10
8e99edeb074337b1bcbdcbb3a8c48e6a,bengali,fake,fft,fft_043_Ma Habi Na Meye Habi.mp3_22k.wav,85,10
c84f85f33e50aa29d5e594d48bb73172,bengali,fake,fft,fft_043_Ma Habi Na Meye Habi.mp3_22k.wav,86,10
cbff8402b5c208a674f7181ee41d6fcc,bengali,fake,fft,fft_043_Ma Habi Na Meye Habi.mp3_22k.wav,87,10
c216f3d6ab5908653c5af10ba454408d,bengali,fake,fft,fft_043_Ma Habi Na Meye Habi.mp3_22k.wav,88,10
09e505f8f94987be9df1d4ad0a21ca6f,bengali,fake,fft,fft_043_Ma Habi Na Meye Habi.mp3_22k.wav,89,10
e7205731c38427b8df69a09fc837d634,bengali,fake,fft,fft_043_Ma Habi Na Meye Habi.mp3_22k.wav,90,10
3f07e357a5c5f053b721fb24552fc3f3,bengali,fake,fft,fft_043_Ma Habi Na Meye Habi.mp3_22k.wav,91,10
2b447c772a588086a38c9def88a18a53,bengali,fake,fft,fft_043_Ma Habi Na Meye Habi.mp3_22k.wav,92,10
94b6d2bd589c55decdb7e966ede8a7ae,bengali,fake,fft,fft_043_Ma Habi Na Meye Habi.mp3_22k.wav,93,10
a007d4ed53da6c7fc1876a52558f1154,bengali,fake,fft,fft_043_Ma Habi Na Meye Habi.mp3_22k.wav,94,10
4e1eee9e0649becfa87eae7549808f2d,bengali,fake,fft,fft_043_Ma Habi Na Meye Habi.mp3_22k.wav,95,10
9d57dad3723de299dec1a6e7c8d7ecbe,bengali,fake,fft,fft_043_Ma Habi Na Meye Habi.mp3_22k.wav,96,10
87b20d5b4c1446963ffedb1b9073c49d,bengali,fake,fft,fft_043_Ma Habi Na Meye Habi.mp3_22k.wav,97,10
0b8d44abe9b93dffdc5d62f20b66c226,bengali,fake,fft,fft_043_Ma Habi Na Meye Habi.mp3_22k.wav,98,10
8cceab4c21e1a3870f73310983217b57,bengali,fake,fft,fft_043_Ma Habi Na Meye Habi.mp3_22k.wav,99,10
a450762642f2efd62eef2fe2af068982,bengali,fake,fft,fft_043_Ma Habi Na Meye Habi.mp3_22k.wav,100,10
6674251b18e82364e3b634cecb199eb5,bengali,fake,fft,fft_043_Ma Habi Na Meye Habi.mp3_22k.wav,101,10
477745f5566328faf609476a0b746fed,bengali,fake,fft,fft_043_Ma Habi Na Meye Habi.mp3_22k.wav,102,10
6a7c804727b814b34c701deba3798b6f,bengali,fake,fft,fft_043_Ma Habi Na Meye Habi.mp3_22k.wav,103,10
ece3e84e30819d73f121f82135da38d1,bengali,fake,fft,fft_043_Ma Habi Na Meye Habi.mp3_22k.wav,104,10
747d001bf21c95215767085e28c671e9,bengali,fake,fft,fft_043_Ma Habi Na Meye Habi.mp3_22k.wav,105,10
90947f05fe029c9d779eea41f083f8ac,bengali,fake,fft,fft_043_Ma Habi Na Meye Habi.mp3_22k.wav,106,10
03156d36d1b85c8add96a9e96b6470a8,bengali,fake,fft,fft_043_Ma Habi Na Meye Habi.mp3_22k.wav,107,10
b194f17dd4c5abdfc87ecc95b817ec23,bengali,fake,fft,fft_043_Ma Habi Na Meye Habi.mp3_22k.wav,108,10
7a5eb80759443990bc049963620f512a,bengali,fake,fft,fft_043_Ma Habi Na Meye Habi.mp3_22k.wav,109,10
8234d4bbea12398cb2d2a10a54de6b18,bengali,fake,fft,fft_043_Ma Habi Na Meye Habi.mp3_22k.wav,110,10
8fe608693523b72699a7e842cc62f5ff,bengali,fake,fft,fft_043_Ma Habi Na Meye Habi.mp3_22k.wav,111,10
2e7837e5680ea874fadcf1e2ea4eace8,bengali,fake,fft,fft_043_Ma Habi Na Meye Habi.mp3_22k.wav,112,10
07569121489a3543cfb2e1391825e846,bengali,fake,fft,fft_043_Ma Habi Na Meye Habi.mp3_22k.wav,113,10
5f412b2318b6bbe51ede5fda8d844fa4,bengali,fake,fft,fft_043_Ma Habi Na Meye Habi.mp3_22k.wav,114,10
fd1f4955d4af02f7dd4c73e6d984d1da,bengali,fake,fft,fft_043_Ma Habi Na Meye Habi.mp3_22k.wav,115,10
70e226c3a839809e254c77ca73a20076,bengali,fake,fft,fft_043_Ma Habi Na Meye Habi.mp3_22k.wav,116,10
e1b5ea7382b8e8b57a4ba83628c79c6d,bengali,fake,fft,fft_043_Ma Habi Na Meye Habi.mp3_22k.wav,117,10
68bc2317e50797906d076ec2b7c940de,bengali,fake,fft,fft_043_Ma Habi Na Meye Habi.mp3_22k.wav,118,10
eb7c8982a4cdd9fd99460ca1b3fbcd88,bengali,fake,fft,fft_043_Ma Habi Na Meye Habi.mp3_22k.wav,119,10
e70947ff5635576c3d90a1561700476b,bengali,fake,fft,fft_043_Ma Habi Na Meye Habi.mp3_22k.wav,120,10
8d73094b7707833a65986a0e4a62561c,bengali,fake,fft,fft_043_Ma Habi Na Meye Habi.mp3_22k.wav,121,10
591b8b5b0186a073b8c12508c879ad25,bengali,fake,fft,fft_043_Ma Habi Na Meye Habi.mp3_22k.wav,122,10
6cff45b7ddf80f689f1a28cf15ea3cee,bengali,fake,fft,fft_043_Ma Habi Na Meye Habi.mp3_22k.wav,123,10
3fecb5f61807e4584e8b8e10c9650a4b,bengali,fake,fft,fft_043_Ma Habi Na Meye Habi.mp3_22k.wav,124,10
2f5a9439ef15d727fdbe663210639a24,bengali,fake,fft,fft_043_Ma Habi Na Meye Habi.mp3_22k.wav,125,10
e1a5b56b985324acd1f3719137ed8f78,bengali,fake,fft,fft_043_Ma Habi Na Meye Habi.mp3_22k.wav,126,10
237f19a21074228c16124bbff8ab798d,bengali,fake,fft,fft_043_Ma Habi Na Meye Habi.mp3_22k.wav,127,10
d9febdfb029d88203ed517b0261bb205,bengali,fake,fft,fft_043_Ma Habi Na Meye Habi.mp3_22k.wav,128,10
2a23f1daf4a9dd060045b85290878ee9,bengali,fake,fft,fft_043_Ma Habi Na Meye Habi.mp3_22k.wav,129,10
f675e976a6bd05d4663b8650225766ec,bengali,fake,fft,fft_043_Ma Habi Na Meye Habi.mp3_22k.wav,130,10
bf2b6e096bc0305134e375dda3f5fa48,bengali,fake,fft,fft_043_Ma Habi Na Meye Habi.mp3_22k.wav,131,10
6e64c9fbaaa49327418d1746ceb85d5c,bengali,fake,fft,fft_043_Ma Habi Na Meye Habi.mp3_22k.wav,132,10
d444229efe288a6047af566e3a461e18,bengali,fake,fft,fft_043_Ma Habi Na Meye Habi.mp3_22k.wav,133,10
73d7a264a327f169b1255002291aa3f6,bengali,fake,fft,fft_043_Ma Habi Na Meye Habi.mp3_22k.wav,134,10
5e0e460796b4f17ce7d6da00aa670877,bengali,fake,fft,fft_043_Ma Habi Na Meye Habi.mp3_22k.wav,135,10
f6e1c5b6e4644fc223e1695be023f3db,bengali,fake,fft,fft_043_Ma Habi Na Meye Habi.mp3_22k.wav,136,10
082902d42cbad5f8a46b64e771cae8b1,bengali,fake,fft,fft_043_Ma Habi Na Meye Habi.mp3_22k.wav,137,10
a15b06099431e2bf4efc8029719bbd85,bengali,fake,fft,fft_043_Ma Habi Na Meye Habi.mp3_22k.wav,138,10
92f69bd553cd63da6c06df9e193fe9db,bengali,fake,fft,fft_043_Ma Habi Na Meye Habi.mp3_22k.wav,139,10
da3aa708adeb9b5222af1efa983741bd,bengali,fake,fft,fft_043_Ma Habi Na Meye Habi.mp3_22k.wav,140,10
c175a54330a00f8bd03d28a63610290c,bengali,fake,fft,fft_043_Ma Habi Na Meye Habi.mp3_22k.wav,141,10
50516bd81d8eecedb45202e38b8b0d97,bengali,fake,fft,fft_043_Ma Habi Na Meye Habi.mp3_22k.wav,142,10
12d17722d8bea0233076346195e109b2,bengali,fake,fft,fft_043_Ma Habi Na Meye Habi.mp3_22k.wav,143,10
507f9a1d6f8e37d32c3b0e32df0ff4b3,bengali,fake,fft,fft_043_Ma Habi Na Meye Habi.mp3_22k.wav,144,10
3bcccf20e105eff7025ec7d02891bef5,bengali,fake,fft,fft_043_Ma Habi Na Meye Habi.mp3_22k.wav,145,10
190c21cca5c21b06e887117922f0a4cf,bengali,fake,fft,fft_043_Ma Habi Na Meye Habi.mp3_22k.wav,146,10
01d19438d856bfeee987fd5f627769c6,bengali,fake,fft,fft_043_Ma Habi Na Meye Habi.mp3_22k.wav,147,10
a450d3ff48fd4560e70595ee060bb0c3,bengali,fake,fft,fft_043_Ma Habi Na Meye Habi.mp3_22k.wav,148,10
71ef2ec9b481e91c80e79a2b007498c3,bengali,fake,fft,fft_043_Ma Habi Na Meye Habi.mp3_22k.wav,149,10
73151eab81620ed09a220e852037df3d,bengali,fake,fft,fft_043_Ma Habi Na Meye Habi.mp3_22k.wav,150,10
1a419c44d1c067995c9be4032c5800d5,bengali,fake,fft,fft_043_Ma Habi Na Meye Habi.mp3_22k.wav,151,10
e4240ce781bdce07791059f211fa9753,bengali,fake,fft,fft_043_Ma Habi Na Meye Habi.mp3_22k.wav,152,10
7ab139e70b7cba0c89594c695424921f,bengali,fake,fft,fft_043_Ma Habi Na Meye Habi.mp3_22k.wav,153,10
b9666814b8db589291a2d13802f613ec,bengali,fake,fft,fft_043_Ma Habi Na Meye Habi.mp3_22k.wav,154,10
3e68f323da37847c39dd34a80f0f51f9,bengali,fake,fft,fft_043_Ma Habi Na Meye Habi.mp3_22k.wav,155,10
e5bf06feb0fcfe55af36ecedfec0445b,bengali,fake,fft,fft_043_Ma Habi Na Meye Habi.mp3_22k.wav,156,10
f4e8335f71b88f8a715b0f6374d33d39,bengali,fake,fft,fft_043_Ma Habi Na Meye Habi.mp3_22k.wav,157,10
92e56d369a369bf31a24c87c0dae680a,bengali,fake,fft,fft_043_Ma Habi Na Meye Habi.mp3_22k.wav,158,10
95c301cd77761d613c7f7e499e92112e,bengali,fake,fft,fft_043_Ma Habi Na Meye Habi.mp3_22k.wav,159,10
dff8461f3e136b93b2842826536db051,bengali,fake,fft,fft_043_Ma Habi Na Meye Habi.mp3_22k.wav,160,10
87cc20c9468cbd299ef3d136ad107729,bengali,fake,fft,fft_043_Ma Habi Na Meye Habi.mp3_22k.wav,161,10
033e31d630ad3987ba9561986ac4a187,bengali,fake,fft,fft_043_Ma Habi Na Meye Habi.mp3_22k.wav,162,10
bb7d1593939179b7ee9e49fb2568bfa0,bengali,fake,fft,fft_043_Ma Habi Na Meye Habi.mp3_22k.wav,163,10
81fa1698145d147a46105730676099c3,bengali,fake,fft,fft_043_Ma Habi Na Meye Habi.mp3_22k.wav,164,10
6c16265fbcc9a6a3b6f657b3a7a626d7,bengali,fake,fft,fft_043_Ma Habi Na Meye Habi.mp3_22k.wav,165,10
04a80502535cbd241ecc693f65a8a30c,bengali,fake,fft,fft_043_Ma Habi Na Meye Habi.mp3_22k.wav,166,10
8a1c280a2a2657f4b1da407458b53933,bengali,fake,fft,fft_043_Ma Habi Na Meye Habi.mp3_22k.wav,167,10
aee0440492a0ed1b3b579aaf6e853893,bengali,fake,fft,fft_043_Ma Habi Na Meye Habi.mp3_22k.wav,168,10
845530bbc65a32270b8e571a9bf13033,bengali,fake,fft,fft_043_Ma Habi Na Meye Habi.mp3_22k.wav,169,10
ac78bc2ca7566858a46303df1c32bb21,bengali,fake,fft,fft_043_Ma Habi Na Meye Habi.mp3_22k.wav,170,10
7268aeadb72b7cdcb54a1f025795cfc1,bengali,fake,fft,fft_043_Ma Habi Na Meye Habi.mp3_22k.wav,171,10
f4372cadd3904cb0686bc08ae7710093,bengali,fake,fft,fft_043_Ma Habi Na Meye Habi.mp3_22k.wav,172,10
1a06f1e8a72c9274bf07fa71c6ccbb4b,bengali,fake,fft,fft_043_Ma Habi Na Meye Habi.mp3_22k.wav,173,10
a423bb6fa485826ce921ff48b8e88eed,bengali,fake,fft,fft_043_Ma Habi Na Meye Habi.mp3_22k.wav,174,10
ffa9f6ae7a86a65330d7ea7905842496,bengali,fake,fft,fft_043_Ma Habi Na Meye Habi.mp3_22k.wav,175,10
0ca56de5097b69fc4fc2a187d1df819a,bengali,fake,fft,fft_043_Ma Habi Na Meye Habi.mp3_22k.wav,176,10
08db3bc8c2ada87a667bea1d8cd86cfc,bengali,fake,fft,fft_043_Ma Habi Na Meye Habi.mp3_22k.wav,177,10
4171d1089f44a791ff60aca992e2e833,bengali,fake,fft,fft_043_Ma Habi Na Meye Habi.mp3_22k.wav,178,10
1e913a0cfda0dc5aaa86cc3218d21f22,bengali,fake,fft,fft_043_Ma Habi Na Meye Habi.mp3_22k.wav,179,10
79d43e042ba13362c60b8e6867c97d0e,bengali,fake,fft,fft_043_Ma Habi Na Meye Habi.mp3_22k.wav,180,10
3f4873372dee906e7ad60c55dfcae7f9,bengali,fake,fft,fft_043_Ma Habi Na Meye Habi.mp3_22k.wav,181,10
bb4e4d42aec4754317db962be42e8d0d,bengali,fake,fft,fft_043_Ma Habi Na Meye Habi.mp3_22k.wav,182,10
d3682cb8020c25a31206a677213be0f1,bengali,fake,fft,fft_043_Ma Habi Na Meye Habi.mp3_22k.wav,183,10
9d2885abe13846d32a38d9989b8f311d,bengali,fake,fft,fft_043_Ma Habi Na Meye Habi.mp3_22k.wav,184,10
0f5bfbbfbc21d670988c631af87a2fbf,bengali,fake,fft,fft_043_Ma Habi Na Meye Habi.mp3_22k.wav,185,10
5352b86f33fbb8efb1d2b040f8d9b851,bengali,fake,fft,fft_043_Ma Habi Na Meye Habi.mp3_22k.wav,186,10
eba49889e004a36a7b8b77213d0f6c41,bengali,fake,fft,fft_043_Ma Habi Na Meye Habi.mp3_22k.wav,187,10
112d74d3676011d7e2bed039f54b5c54,bengali,fake,fft,fft_043_Ma Habi Na Meye Habi.mp3_22k.wav,188,10
7d75f9546eef3dc18cb8effbffb93a4c,bengali,fake,fft,fft_043_Ma Habi Na Meye Habi.mp3_22k.wav,189,10
b3e9fb04ce2e8ad37e5a4d488993a7c3,bengali,fake,fft,fft_043_Ma Habi Na Meye Habi.mp3_22k.wav,190,10
e488eb5bc267d58a089179f927edec68,bengali,fake,fft,fft_043_Ma Habi Na Meye Habi.mp3_22k.wav,191,10
dcbea15570f06397c0e14ba7758f0b21,bengali,fake,fft,fft_043_Ma Habi Na Meye Habi.mp3_22k.wav,192,10
78d71c674f8512e8327c10bc8b065485,bengali,fake,fft,fft_043_Ma Habi Na Meye Habi.mp3_22k.wav,193,10
f0b752449568d9dbbc19136133d24801,bengali,fake,fft,fft_043_Ma Habi Na Meye Habi.mp3_22k.wav,194,10
a11bed8d5b60cb8cc15c176a6648be8c,bengali,fake,fft,fft_043_Ma Habi Na Meye Habi.mp3_22k.wav,195,10
6bb805f15d65b2a920bb61eae1b4897d,bengali,fake,fft,fft_043_Ma Habi Na Meye Habi.mp3_22k.wav,196,10
362d2d85dc2a832c1a026af5f0ab8b34,bengali,fake,fft,fft_043_Ma Habi Na Meye Habi.mp3_22k.wav,197,10
7e1531db0a6f3bf4104fdd4bd768716c,bengali,fake,fft,fft_043_Ma Habi Na Meye Habi.mp3_22k.wav,198,10
372919d4c848386dc6cdc9647b3ca0de,bengali,fake,fft,fft_043_Ma Habi Na Meye Habi.mp3_22k.wav,199,10
37c304a986b8e740f61ec48565f594c5,bengali,fake,fft,fft_043_Ma Habi Na Meye Habi.mp3_22k.wav,200,10
3f9fd068cbd0fc5f5e637e8a8f3a91aa,bengali,fake,fft,fft_043_Ma Habi Na Meye Habi.mp3_22k.wav,201,10
596452f6abbed4f7d047a4a28ea0b893,bengali,fake,fft,fft_043_Ma Habi Na Meye Habi.mp3_22k.wav,202,10
1e2bc16ed26e07eb7227acef149c5cb0,bengali,fake,fft,fft_043_Ma Habi Na Meye Habi.mp3_22k.wav,203,10
aca005365d0255f40066f603501e03e1,bengali,fake,fft,fft_043_Ma Habi Na Meye Habi.mp3_22k.wav,204,10
f6483a478c648bfcea19a06192db7f32,bengali,fake,fft,fft_043_Ma Habi Na Meye Habi.mp3_22k.wav,205,10
284d25fde7d82451e23276786ec5107a,bengali,fake,fft,fft_043_Ma Habi Na Meye Habi.mp3_22k.wav,206,10
8eea2262c8171873c150a497b4e37c10,bengali,fake,fft,fft_043_Ma Habi Na Meye Habi.mp3_22k.wav,207,10
7b6b75bac43fb01cb86457264d411603,bengali,fake,fft,fft_043_Ma Habi Na Meye Habi.mp3_22k.wav,208,10
b917ea7d7285ccaf2f94ad2e893d7e75,bengali,fake,fft,fft_043_Ma Habi Na Meye Habi.mp3_22k.wav,209,10
9f440680ab9cc0b58de3d69a30537fd6,bengali,fake,fft,fft_043_Ma Habi Na Meye Habi.mp3_22k.wav,210,10
906b480a021fd771e470662d0361ea67,bengali,fake,fft,fft_043_Ma Habi Na Meye Habi.mp3_22k.wav,211,10
f7d92813d44f23478080376568b6fab1,bengali,fake,fft,fft_043_Ma Habi Na Meye Habi.mp3_22k.wav,212,10
5d4da7be1ebe99a8eab2fe72c8648571,bengali,fake,fft,fft_043_Ma Habi Na Meye Habi.mp3_22k.wav,213,10
3e6091d5c175f8da184e795b2fc59349,bengali,fake,fft,fft_043_Ma Habi Na Meye Habi.mp3_22k.wav,214,10
2886100160a6602b1e198ffe299f3b9e,bengali,fake,fft,fft_043_Ma Habi Na Meye Habi.mp3_22k.wav,215,10
ac5d3267fe9fbc811f4b0ca72491f3c1,bengali,fake,fft,fft_043_Ma Habi Na Meye Habi.mp3_22k.wav,216,10
8c41d033ea91032be0bd954ce07cf40e,bengali,fake,fft,fft_043_Ma Habi Na Meye Habi.mp3_22k.wav,217,10
b3a63d20a1d4761e0f2c8b3750e68093,bengali,fake,fft,fft_043_Ma Habi Na Meye Habi.mp3_22k.wav,218,10
9ce1c92664742e7f4caf26ff355e093e,bengali,fake,fft,fft_043_Ma Habi Na Meye Habi.mp3_22k.wav,219,10
8432f067967663b56a9c9847e9060b5f,bengali,fake,fft,fft_043_Ma Habi Na Meye Habi.mp3_22k.wav,220,10
a098f3b0e1010d5a6bd2cd8694537dfc,bengali,fake,fft,fft_043_Ma Habi Na Meye Habi.mp3_22k.wav,221,10
93f3d05990411220dbd43f0da91a09de,bengali,fake,fft,fft_043_Ma Habi Na Meye Habi.mp3_22k.wav,222,10
e672badbb71fddb4c5418ae8d2cb03e7,bengali,fake,fft,fft_043_Ma Habi Na Meye Habi.mp3_22k.wav,223,10
a6950b21ce7a27c5de6963c05e894e64,bengali,fake,fft,fft_043_Ma Habi Na Meye Habi.mp3_22k.wav,224,10
850d5f3bd6f02a34ce7c757814ee90fb,bengali,fake,fft,fft_043_Ma Habi Na Meye Habi.mp3_22k.wav,225,10
705ae5de95cbc6f44cf93d356b1500a4,bengali,fake,fft,fft_043_Ma Habi Na Meye Habi.mp3_22k.wav,226,10
620cf32c9158eeba623fbe7a3ec60568,bengali,fake,fft,fft_043_Ma Habi Na Meye Habi.mp3_22k.wav,227,10
1b88fe645427c033b9d54578f1826ea8,bengali,fake,fft,fft_043_Ma Habi Na Meye Habi.mp3_22k.wav,228,10
40363bd4b6e8b131a6f52993534ab6a0,bengali,fake,fft,fft_043_Ma Habi Na Meye Habi.mp3_22k.wav,229,10
e91ef891b45480c59099d3ff0b1fa1e9,bengali,fake,fft,fft_043_Ma Habi Na Meye Habi.mp3_22k.wav,230,10
aa851c4efd2d057748c604780d67820d,bengali,fake,fft,fft_043_Ma Habi Na Meye Habi.mp3_22k.wav,231,10
99a9ba014c4c3a66f23f4b82b7603bb6,bengali,fake,fft,fft_043_Ma Habi Na Meye Habi.mp3_22k.wav,232,10
10e9aa5592da35137897c5ddfc60df3a,bengali,fake,fft,fft_043_Ma Habi Na Meye Habi.mp3_22k.wav,233,10
39216d51b7b91a90ac9260d1dd642d88,bengali,fake,fft,fft_043_Ma Habi Na Meye Habi.mp3_22k.wav,234,10
60b041b2d644795496696cf1e9e946a5,bengali,fake,fft,fft_043_Ma Habi Na Meye Habi.mp3_22k.wav,235,10
c7f6a8d0480c2d6d3311177fd2b572c4,bengali,fake,fft,fft_043_Ma Habi Na Meye Habi.mp3_22k.wav,236,10
eaf3f47d5d343e085232464422d15841,bengali,fake,fft,fft_043_Ma Habi Na Meye Habi.mp3_22k.wav,237,10
9810379f73be7edcc24b4df937584db0,bengali,fake,fft,fft_043_Ma Habi Na Meye Habi.mp3_22k.wav,238,10
e5aa506f2c0da97e5961fc23848b6239,bengali,fake,fft,fft_043_Ma Habi Na Meye Habi.mp3_22k.wav,239,10
7e54c45b47459c5b3a77357fe78343ff,bengali,fake,fft,fft_043_Ma Habi Na Meye Habi.mp3_22k.wav,240,10
c01d3dc86defa93384846fd3c471919f,bengali,fake,fft,fft_044_Nachiye Nachiye.mp3_22k.wav,0,10
814f6850c9c8c69ebea9027e9da6d3dc,bengali,fake,fft,fft_044_Nachiye Nachiye.mp3_22k.wav,1,10
b6c3df9949181024be38a3563a9916ef,bengali,fake,fft,fft_044_Nachiye Nachiye.mp3_22k.wav,2,10
618533604c3cc510bbd8540f8181be74,bengali,fake,fft,fft_044_Nachiye Nachiye.mp3_22k.wav,3,10
1cfe946556545fdb03da8c4dfd6963c3,bengali,fake,fft,fft_044_Nachiye Nachiye.mp3_22k.wav,4,10
88024d3ccc3120504c20dbb275f36a66,bengali,fake,fft,fft_044_Nachiye Nachiye.mp3_22k.wav,5,10
eedc3a26f86f0a7d51657d9c942da269,bengali,fake,fft,fft_044_Nachiye Nachiye.mp3_22k.wav,6,10
7b5c255d981af4099f5bffed075b4271,bengali,fake,fft,fft_044_Nachiye Nachiye.mp3_22k.wav,7,10
9f665281f13eb17ac18674a1f1084301,bengali,fake,fft,fft_044_Nachiye Nachiye.mp3_22k.wav,8,10
6ad6eb796388e6ccd95531d99c14953c,bengali,fake,fft,fft_044_Nachiye Nachiye.mp3_22k.wav,9,10
11f68ed6b618a2956e312739a65c221f,bengali,fake,fft,fft_044_Nachiye Nachiye.mp3_22k.wav,10,10
e51c0ee935e76a8093bba807fde528bc,bengali,fake,fft,fft_044_Nachiye Nachiye.mp3_22k.wav,11,10
fc3054316bf1bb929082effb0127b55f,bengali,fake,fft,fft_044_Nachiye Nachiye.mp3_22k.wav,12,10
8856512e38fd9fb7c3013365853a074a,bengali,fake,fft,fft_044_Nachiye Nachiye.mp3_22k.wav,13,10
02cdae9671429671dabd8dd7eb5181bf,bengali,fake,fft,fft_044_Nachiye Nachiye.mp3_22k.wav,14,10
cc4b1bd6e9bc47d61e44241e2de27b9d,bengali,fake,fft,fft_044_Nachiye Nachiye.mp3_22k.wav,15,10
ebe6ba990bc6e788757b8fd8901d3784,bengali,fake,fft,fft_044_Nachiye Nachiye.mp3_22k.wav,16,10
fc1c3625d22bb2137eb3319e9927f985,bengali,fake,fft,fft_044_Nachiye Nachiye.mp3_22k.wav,17,10
967681fb6b863d39ff22146f76b0fec5,bengali,fake,fft,fft_044_Nachiye Nachiye.mp3_22k.wav,18,10
4c01652b2482e1cd955ef51a733d8f77,bengali,fake,fft,fft_044_Nachiye Nachiye.mp3_22k.wav,19,10
564710c12849db436e8ed46f758b80a6,bengali,fake,fft,fft_044_Nachiye Nachiye.mp3_22k.wav,20,10
5a56a62983e4adb4ea1bc4913930058f,bengali,fake,fft,fft_044_Nachiye Nachiye.mp3_22k.wav,21,10
999efd5e373f9c4b8a7ecd3775f59a7a,bengali,fake,fft,fft_044_Nachiye Nachiye.mp3_22k.wav,22,10
0816c731e4b5e25f9241ecdebd923c8c,bengali,fake,fft,fft_044_Nachiye Nachiye.mp3_22k.wav,23,10
ddab4b92f0855f55280bd67b533b7132,bengali,fake,fft,fft_044_Nachiye Nachiye.mp3_22k.wav,24,10
bee4ed20c58d486dc6b61566864bd8c5,bengali,fake,fft,fft_044_Nachiye Nachiye.mp3_22k.wav,25,10
e26693a5e2206eb13923a65a58172192,bengali,fake,fft,fft_044_Nachiye Nachiye.mp3_22k.wav,26,10
11fce68405202fc62c23dfaa2f597c4b,bengali,fake,fft,fft_044_Nachiye Nachiye.mp3_22k.wav,27,10
f7e2f6d6797ad763e094e4e6fdf05456,bengali,fake,fft,fft_044_Nachiye Nachiye.mp3_22k.wav,28,10
1ad5c9725d118483e5ed0277c3687a91,bengali,fake,fft,fft_044_Nachiye Nachiye.mp3_22k.wav,29,10
5983b2f2eb3d4b7a4a8ba3fa8e060d54,bengali,fake,fft,fft_044_Nachiye Nachiye.mp3_22k.wav,30,10
9ba7366c0d47d23db70c18687645d676,bengali,fake,fft,fft_044_Nachiye Nachiye.mp3_22k.wav,31,10
1e58e1fb3b9801f64bf2439a1eaf5ff2,bengali,fake,fft,fft_044_Nachiye Nachiye.mp3_22k.wav,32,10
11bec4e6dc4be4184e10e9535d1bce28,bengali,fake,fft,fft_044_Nachiye Nachiye.mp3_22k.wav,33,10
60eaa7004fc41e6a59bb564974aa3361,bengali,fake,fft,fft_044_Nachiye Nachiye.mp3_22k.wav,34,10
f94a3053096ec669a2c5f710a504ffb8,bengali,fake,fft,fft_044_Nachiye Nachiye.mp3_22k.wav,35,10
fa1fba0b5056f9648cbd30b775760474,bengali,fake,fft,fft_044_Nachiye Nachiye.mp3_22k.wav,36,10
d624464e8a93ed077a860a3ab6a79bcd,bengali,fake,fft,fft_044_Nachiye Nachiye.mp3_22k.wav,37,10
c5baf39ba00e7c12be7f795c595eb0f7,bengali,fake,fft,fft_044_Nachiye Nachiye.mp3_22k.wav,38,10
8db33769016eec1e076f55d86fcc9485,bengali,fake,fft,fft_044_Nachiye Nachiye.mp3_22k.wav,39,10
7bf6abbe0f07041cf94dbc28ffcf3495,bengali,fake,fft,fft_044_Nachiye Nachiye.mp3_22k.wav,40,10
5f6354e241c5a952f4e1525a4a1d901c,bengali,fake,fft,fft_044_Nachiye Nachiye.mp3_22k.wav,41,10
18d84dcc81df8bf26b80d58ab13b47c1,bengali,fake,fft,fft_044_Nachiye Nachiye.mp3_22k.wav,42,10
d7f7fa98445e2370ffb8e8c67d36cd98,bengali,fake,fft,fft_044_Nachiye Nachiye.mp3_22k.wav,43,10
aafe00ee522a93f32eafd4b216b1a728,bengali,fake,fft,fft_044_Nachiye Nachiye.mp3_22k.wav,44,10
109af29e7a55e0cee1b3b1d34b1c3341,bengali,fake,fft,fft_044_Nachiye Nachiye.mp3_22k.wav,45,10
36f78b07443639765780c96a6a6fb08b,bengali,fake,fft,fft_044_Nachiye Nachiye.mp3_22k.wav,46,10
c8544fdacb82b9fd9891b6a38c2db8a1,bengali,fake,fft,fft_044_Nachiye Nachiye.mp3_22k.wav,47,10
7b25dfaba17fa21d44aa03425cba7709,bengali,fake,fft,fft_044_Nachiye Nachiye.mp3_22k.wav,48,10
4f4a5edf6fd618b74d5eaaf98dc3ecc0,bengali,fake,fft,fft_044_Nachiye Nachiye.mp3_22k.wav,49,10
775cce3bcf895b83cf4efe30177b084f,bengali,fake,fft,fft_044_Nachiye Nachiye.mp3_22k.wav,50,10
a4b91b46710cac3257d87a8b8dd2fce1,bengali,fake,fft,fft_044_Nachiye Nachiye.mp3_22k.wav,51,10
3010a22c4721fc5286489bd844acd28f,bengali,fake,fft,fft_044_Nachiye Nachiye.mp3_22k.wav,52,10
1c8372ed0a13725db7fdd3210456d591,bengali,fake,fft,fft_044_Nachiye Nachiye.mp3_22k.wav,53,10
93e3cef8278d55da854cd705b9f070bd,bengali,fake,fft,fft_044_Nachiye Nachiye.mp3_22k.wav,54,10
2cc4a94e86dccfd92869d2089894ad20,bengali,fake,fft,fft_044_Nachiye Nachiye.mp3_22k.wav,55,10
8a9a840e237a725fe2c57bd6dfb00a4c,bengali,fake,fft,fft_044_Nachiye Nachiye.mp3_22k.wav,56,10
138ed12d45359bd9e6a5bc4c5a1c18ec,bengali,fake,fft,fft_044_Nachiye Nachiye.mp3_22k.wav,57,10
e909980a8a2a765bcfc5fab162b0910c,bengali,fake,fft,fft_044_Nachiye Nachiye.mp3_22k.wav,58,10
d56ffd41af3265b74c85aed87370f6d7,bengali,fake,fft,fft_044_Nachiye Nachiye.mp3_22k.wav,59,10
7ce6e6d90ad11fa3506699e83780007d,bengali,fake,fft,fft_044_Nachiye Nachiye.mp3_22k.wav,60,10
fe01a93ecbdce50721ac425571d6c504,bengali,fake,fft,fft_044_Nachiye Nachiye.mp3_22k.wav,61,10
858109d7ba831c60b7c124bda02d0d1e,bengali,fake,fft,fft_044_Nachiye Nachiye.mp3_22k.wav,62,10
c48e6e32cf34554aec079f21a2224dcf,bengali,fake,fft,fft_044_Nachiye Nachiye.mp3_22k.wav,63,10
5ed9c33512eb6b1f398d0c410b2258f1,bengali,fake,fft,fft_044_Nachiye Nachiye.mp3_22k.wav,64,10
82794998e32365f93b4a3da1144b6dad,bengali,fake,fft,fft_044_Nachiye Nachiye.mp3_22k.wav,65,10
06fa283ff72c77522914ba5767d9731d,bengali,fake,fft,fft_044_Nachiye Nachiye.mp3_22k.wav,66,10
e5a0ad4e24d810b8814a3dfa03172099,bengali,fake,fft,fft_044_Nachiye Nachiye.mp3_22k.wav,67,10
e195da9a0624905c38feb4142b979360,bengali,fake,fft,fft_044_Nachiye Nachiye.mp3_22k.wav,68,10
6fd1fd255cb46f470190dc8d42b1e5f8,bengali,fake,fft,fft_044_Nachiye Nachiye.mp3_22k.wav,69,10
b81a9138d66a26cc8d5bf1ba29cee838,bengali,fake,fft,fft_044_Nachiye Nachiye.mp3_22k.wav,70,10
c2f3a408b289edbce69b1a1b4952c349,bengali,fake,fft,fft_044_Nachiye Nachiye.mp3_22k.wav,71,10
13b115413d0ab4fa2b0d9b38c64f46e7,bengali,fake,fft,fft_044_Nachiye Nachiye.mp3_22k.wav,72,10
49e2215ca95e2ba97f204de1b917fee3,bengali,fake,fft,fft_044_Nachiye Nachiye.mp3_22k.wav,73,10
4084940753f50e99269b8917906f9916,bengali,fake,fft,fft_044_Nachiye Nachiye.mp3_22k.wav,74,10
84c61eedb03d82e34d515e3dd6701ceb,bengali,fake,fft,fft_044_Nachiye Nachiye.mp3_22k.wav,75,10
7c17181ef6cee08462a494dcee09b057,bengali,fake,fft,fft_044_Nachiye Nachiye.mp3_22k.wav,76,10
ea36d6067b57eebbbbbbc0a39573f2b1,bengali,fake,fft,fft_044_Nachiye Nachiye.mp3_22k.wav,77,10
94de722614b70dac0c8ace9b4db45ec2,bengali,fake,fft,fft_044_Nachiye Nachiye.mp3_22k.wav,78,10
7fe6f971af1bb9a473332595e1c6d685,bengali,fake,fft,fft_044_Nachiye Nachiye.mp3_22k.wav,79,10
fb78f9901a48428b2421f35ab7a12ee8,bengali,fake,fft,fft_044_Nachiye Nachiye.mp3_22k.wav,80,10
e2cf55d7c96f2d68020cb3a5b47f9525,bengali,fake,fft,fft_044_Nachiye Nachiye.mp3_22k.wav,81,10
7542cbe9cd46b5292756bf4b9e94b01c,bengali,fake,fft,fft_044_Nachiye Nachiye.mp3_22k.wav,82,10
31cd4a8e5fcd076c2c509e7927d6fc41,bengali,fake,fft,fft_044_Nachiye Nachiye.mp3_22k.wav,83,10
28abcc17cc9232a083244515bbf59a5e,bengali,fake,fft,fft_044_Nachiye Nachiye.mp3_22k.wav,84,10
b1ee10ac092f0f5c63297d738782cfb3,bengali,fake,fft,fft_044_Nachiye Nachiye.mp3_22k.wav,85,10
da40b17ff33ad3c996230459e452f121,bengali,fake,fft,fft_044_Nachiye Nachiye.mp3_22k.wav,86,10
72d641c66a66f80d36ec734d99c6e2a0,bengali,fake,fft,fft_044_Nachiye Nachiye.mp3_22k.wav,87,10
7d5c4697bbdb1459153aa2679d038b69,bengali,fake,fft,fft_044_Nachiye Nachiye.mp3_22k.wav,88,10
8b7ca9805e4ae268bdc913d4894c9e77,bengali,fake,fft,fft_044_Nachiye Nachiye.mp3_22k.wav,89,10
a41fd5892c3767b5d0e9e91bb1403ed7,bengali,fake,fft,fft_044_Nachiye Nachiye.mp3_22k.wav,90,10
185f2dab41b61c18d7668fee1baedf93,bengali,fake,fft,fft_044_Nachiye Nachiye.mp3_22k.wav,91,10
fbcc08e4abab984c20b3a1642212f56e,bengali,fake,fft,fft_044_Nachiye Nachiye.mp3_22k.wav,92,10
72822198585654abb0b5606a36bffd52,bengali,fake,fft,fft_044_Nachiye Nachiye.mp3_22k.wav,93,10
bffead7904ebf3fdded3bcecb192deb6,bengali,fake,fft,fft_045_Hori Naamer Tori.mp3_22k.wav,0,10
d3cf01721d396a758b78c7087abdd566,bengali,fake,fft,fft_045_Hori Naamer Tori.mp3_22k.wav,1,10
e9a8e7fbee98231e26221ef53faf4f07,bengali,fake,fft,fft_045_Hori Naamer Tori.mp3_22k.wav,2,10
1a57c85b20a28ab9f01313174685a642,bengali,fake,fft,fft_045_Hori Naamer Tori.mp3_22k.wav,3,10
6dfa5c972a50615918b3d7d60e2b3308,bengali,fake,fft,fft_045_Hori Naamer Tori.mp3_22k.wav,4,10
11c32439c609560aaf5660ce73c2c469,bengali,fake,fft,fft_045_Hori Naamer Tori.mp3_22k.wav,5,10
0f499a4e1e648192231f0c8157804d5d,bengali,fake,fft,fft_045_Hori Naamer Tori.mp3_22k.wav,6,10
cd6f4daf49502c85150f2b6470d3d016,bengali,fake,fft,fft_045_Hori Naamer Tori.mp3_22k.wav,7,10
dbfba71067c6d923a3fde9e564cb34b2,bengali,fake,fft,fft_045_Hori Naamer Tori.mp3_22k.wav,8,10
706dc8d0397857180ea2b30ac4aad050,bengali,fake,fft,fft_045_Hori Naamer Tori.mp3_22k.wav,9,10
b975d64914812f5a562569f9df33d6c4,bengali,fake,fft,fft_045_Hori Naamer Tori.mp3_22k.wav,10,10
7ff5b19907a4cce2b8d8d2e0002cd602,bengali,fake,fft,fft_045_Hori Naamer Tori.mp3_22k.wav,11,10
54445059812affb0a23b4d9575dc6cac,bengali,fake,fft,fft_045_Hori Naamer Tori.mp3_22k.wav,12,10
212bd5f3849b9af76cee7572b99f58dd,bengali,fake,fft,fft_045_Hori Naamer Tori.mp3_22k.wav,13,10
1b200c979bf12755c104ca0e3e36157a,bengali,fake,fft,fft_045_Hori Naamer Tori.mp3_22k.wav,14,10
4a477b4de8897dd9e8b4a4c75b6993ef,bengali,fake,fft,fft_045_Hori Naamer Tori.mp3_22k.wav,15,10
4264778c9d99ac12ee3bc97a52e8835e,bengali,fake,fft,fft_045_Hori Naamer Tori.mp3_22k.wav,16,10
57a22a5f05d0f8efca3ffe033029488f,bengali,fake,fft,fft_045_Hori Naamer Tori.mp3_22k.wav,17,10
cde69934357567fdc46daf4fa2251599,bengali,fake,fft,fft_045_Hori Naamer Tori.mp3_22k.wav,18,10
f129cb8b35b83af5e4345be59330a443,bengali,fake,fft,fft_045_Hori Naamer Tori.mp3_22k.wav,19,10
d5fd945c4a6b597c6b25f56d54313998,bengali,fake,fft,fft_045_Hori Naamer Tori.mp3_22k.wav,20,10
f9ecf958bf43160b6cc20dd19bac0782,bengali,fake,fft,fft_045_Hori Naamer Tori.mp3_22k.wav,21,10
a47e5505db75faa9d5a9e18451296fae,bengali,fake,fft,fft_045_Hori Naamer Tori.mp3_22k.wav,22,10
41e9ee5fa51f889c1936fc86d587f03b,bengali,fake,fft,fft_045_Hori Naamer Tori.mp3_22k.wav,23,10
0022f507252d029b078053616d4434f4,bengali,fake,fft,fft_045_Hori Naamer Tori.mp3_22k.wav,24,10
8c0437a2217a30eb5a4f3e94886d987f,bengali,fake,fft,fft_045_Hori Naamer Tori.mp3_22k.wav,25,10
07955bb2624e00814d0125ac0369e7ba,bengali,fake,fft,fft_045_Hori Naamer Tori.mp3_22k.wav,26,10
d99334c43e4a402b8b8ca114c8d42be1,bengali,fake,fft,fft_045_Hori Naamer Tori.mp3_22k.wav,27,10
56f424ba7ed37495808b3bb488af8c1d,bengali,fake,fft,fft_045_Hori Naamer Tori.mp3_22k.wav,28,10
2f4ebee5f9d8784a62e789eaa8d2f7fe,bengali,fake,fft,fft_045_Hori Naamer Tori.mp3_22k.wav,29,10
ef1beec119db4e9e20672ecc56013805,bengali,fake,fft,fft_045_Hori Naamer Tori.mp3_22k.wav,30,10
63a592e5b4d3d04630d96cce9aa8eb83,bengali,fake,fft,fft_045_Hori Naamer Tori.mp3_22k.wav,31,10
9724c280eb00ec3bc3d2c4c9afc004a4,bengali,fake,fft,fft_045_Hori Naamer Tori.mp3_22k.wav,32,10
00fc831ad5214627df6c5f74753b8990,bengali,fake,fft,fft_046_Deeno Tarini.mp3_22k.wav,0,10
2da2606e903318e8228f7145aa774db5,bengali,fake,fft,fft_046_Deeno Tarini.mp3_22k.wav,1,10
3b25eaf11c32a3de166b57aed513ae07,bengali,fake,fft,fft_046_Deeno Tarini.mp3_22k.wav,2,10
98dace7a824da49556ebce9afcdf8d49,bengali,fake,fft,fft_046_Deeno Tarini.mp3_22k.wav,3,10
f62046bace744aca83f2269edbb3dbeb,bengali,fake,fft,fft_046_Deeno Tarini.mp3_22k.wav,4,10
a28482ab00360a392f1365373226d341,bengali,fake,fft,fft_046_Deeno Tarini.mp3_22k.wav,5,10
3ef03cedac2230eb653c4096f4ca7dc6,bengali,fake,fft,fft_046_Deeno Tarini.mp3_22k.wav,6,10
67faff259091e71227de20df2b07a415,bengali,fake,fft,fft_046_Deeno Tarini.mp3_22k.wav,7,10
8ccb1cfab33a64fe4a42c109b173d215,bengali,fake,fft,fft_046_Deeno Tarini.mp3_22k.wav,8,10
637185fc0dc8a3afebec3305fda8fac0,bengali,fake,fft,fft_046_Deeno Tarini.mp3_22k.wav,9,10
6267a84c8f7899f6c5d852b8e88048ee,bengali,fake,fft,fft_046_Deeno Tarini.mp3_22k.wav,10,10
20309388dcafcf8d3c6e5001f6d6ed0b,bengali,fake,fft,fft_046_Deeno Tarini.mp3_22k.wav,11,10
df5600c09612794162e4984aa0a5ef8f,bengali,fake,fft,fft_046_Deeno Tarini.mp3_22k.wav,12,10
ebb75d17f2b6a697be4beb250290b482,bengali,fake,fft,fft_046_Deeno Tarini.mp3_22k.wav,13,10
412a5608cb78dd7caa943f70c64e8537,bengali,fake,fft,fft_046_Deeno Tarini.mp3_22k.wav,14,10
cdbb954f840e4d6aee5b83e49fcc18bd,bengali,fake,fft,fft_046_Deeno Tarini.mp3_22k.wav,15,10
6a49d1f55b2e96dda5136d808cf7905d,bengali,fake,fft,fft_046_Deeno Tarini.mp3_22k.wav,16,10
59dd06122d56ed0e0c68c8edd1fe41b4,bengali,fake,fft,fft_046_Deeno Tarini.mp3_22k.wav,17,10
217b1491dd7ecc37766774535946ef2e,bengali,fake,fft,fft_046_Deeno Tarini.mp3_22k.wav,18,10
7724b6b09f1843a59fbe0b859a23be64,bengali,fake,fft,fft_046_Deeno Tarini.mp3_22k.wav,19,10
915d561eb31d4fc8fa437c6f5148a596,bengali,fake,fft,fft_046_Deeno Tarini.mp3_22k.wav,20,10
eae45820f053fe743d8be903bc0a2b13,bengali,fake,fft,fft_046_Deeno Tarini.mp3_22k.wav,21,10
7ac441430c1304e642fba23b20d085f6,bengali,fake,fft,fft_046_Deeno Tarini.mp3_22k.wav,22,10
69cd99ce67fc47f1a19fcec768303807,bengali,fake,fft,fft_046_Deeno Tarini.mp3_22k.wav,23,10
b2a3a65f6068fe093443e8bd774fe678,bengali,fake,fft,fft_046_Deeno Tarini.mp3_22k.wav,24,10
c5e76b9fa858d95e2ff542aa04197407,bengali,fake,fft,fft_046_Deeno Tarini.mp3_22k.wav,25,10
e99df7289c17f7d752ceb8c63b6d90d9,bengali,fake,fft,fft_046_Deeno Tarini.mp3_22k.wav,26,10
6c7beaac6e8e57d4f9539bf0366fc527,bengali,fake,fft,fft_046_Deeno Tarini.mp3_22k.wav,27,10
4ca41fa72bb489b756eb96ac2c9ad6e3,bengali,fake,fft,fft_046_Deeno Tarini.mp3_22k.wav,28,10
463f9c31cd85d0f2cda4050b216400d2,bengali,fake,fft,fft_046_Deeno Tarini.mp3_22k.wav,29,10
2c4d8c581888c6c74b0f85d131abd0e5,bengali,fake,fft,fft_046_Deeno Tarini.mp3_22k.wav,30,10
64c600ac181bf8e92f98babf9c77d777,bengali,fake,fft,fft_046_Deeno Tarini.mp3_22k.wav,31,10
fd9d271cd1e1ee65f320c35cbd5f88bb,bengali,fake,fft,fft_046_Deeno Tarini.mp3_22k.wav,32,10
404968792300e968fb4e9bd4f3f50692,bengali,fake,fft,fft_046_Deeno Tarini.mp3_22k.wav,33,10
3167b2e0a9b0a709a1ef7a4b7ec6a29c,bengali,fake,fft,fft_046_Deeno Tarini.mp3_22k.wav,34,10
71b32a0a7d7114306f0779c7fda4f8a3,bengali,fake,fft,fft_046_Deeno Tarini.mp3_22k.wav,35,10
ca987cdc5106a30aa3eeab58ecb0e56e,bengali,fake,fft,fft_046_Deeno Tarini.mp3_22k.wav,36,10
b4f7017638aef7cf891b86d5c1d7e582,bengali,fake,fft,fft_046_Deeno Tarini.mp3_22k.wav,37,10
4d7f23a9399cb27f6318597f1d3e9090,bengali,fake,fft,fft_046_Deeno Tarini.mp3_22k.wav,38,10
355ebf02c00a002259436bc0a1ddb17e,bengali,fake,fft,fft_046_Deeno Tarini.mp3_22k.wav,39,10
cd78c43dff36935896d3782daef72cb6,bengali,fake,fft,fft_046_Deeno Tarini.mp3_22k.wav,40,10
0ff2d249882c5649938a3426919e78be,bengali,fake,fft,fft_046_Deeno Tarini.mp3_22k.wav,41,10
9db5c7dd9c2159c4d4b13316558dc91e,bengali,fake,fft,fft_046_Deeno Tarini.mp3_22k.wav,42,10
de762f415fd71c63cc04dd69bf389aa7,bengali,fake,fft,fft_046_Deeno Tarini.mp3_22k.wav,43,10
b854e5d25c1e2faac512ffba74c25efb,bengali,fake,fft,fft_046_Deeno Tarini.mp3_22k.wav,44,10
5a2b3ec0356e6b3132c53b20a815d3f0,bengali,fake,fft,fft_046_Deeno Tarini.mp3_22k.wav,45,10
a71d5954ace937dd0067584d8a1a0a23,bengali,fake,fft,fft_046_Deeno Tarini.mp3_22k.wav,46,10
db2f7633db98fa4d65e4fa2ffa629ef8,bengali,fake,fft,fft_046_Deeno Tarini.mp3_22k.wav,47,10
6b6290d74c20bc16caf1ca5046193a11,bengali,fake,fft,fft_047_Ami Jhanjhar Mato Durbar.mp3_22k.wav,0,10
e4007d663a586c396aee275d85f612e2,bengali,fake,fft,fft_047_Ami Jhanjhar Mato Durbar.mp3_22k.wav,1,10
87cfb2da571bcb3c0dcfa10a2c7960ae,bengali,fake,fft,fft_047_Ami Jhanjhar Mato Durbar.mp3_22k.wav,2,10
128621f9bb5880faed1a8ce85a0a0577,bengali,fake,fft,fft_047_Ami Jhanjhar Mato Durbar.mp3_22k.wav,3,10
3b2b003ca4575fb96db1c2d2a9498c6b,bengali,fake,fft,fft_047_Ami Jhanjhar Mato Durbar.mp3_22k.wav,4,10
3613801c3600b9627a2086a7d8c2c872,bengali,fake,fft,fft_047_Ami Jhanjhar Mato Durbar.mp3_22k.wav,5,10
fd3fadbb258812b42c02a96a7995b3b8,bengali,fake,fft,fft_047_Ami Jhanjhar Mato Durbar.mp3_22k.wav,6,10
d3a998ded46707153aa0cb1473805d0d,bengali,fake,fft,fft_047_Ami Jhanjhar Mato Durbar.mp3_22k.wav,7,10
97521a2f43ed0fa06b7ac80bb9fbfee4,bengali,fake,fft,fft_047_Ami Jhanjhar Mato Durbar.mp3_22k.wav,8,10
681251b54ca549ff9bae5c98a7d5286a,bengali,fake,fft,fft_047_Ami Jhanjhar Mato Durbar.mp3_22k.wav,9,10
d30c13529f6dcb099f9eca6d6f440e25,bengali,fake,fft,fft_047_Ami Jhanjhar Mato Durbar.mp3_22k.wav,10,10
b39a8213fa5acae3dcd4fb3c1cf36736,bengali,fake,fft,fft_047_Ami Jhanjhar Mato Durbar.mp3_22k.wav,11,10
7b09657292ac81a1ff8dadcad71fcee8,bengali,fake,fft,fft_047_Ami Jhanjhar Mato Durbar.mp3_22k.wav,12,10
da522cb8e4968589d51cef2b9cf8d2cb,bengali,fake,fft,fft_047_Ami Jhanjhar Mato Durbar.mp3_22k.wav,13,10
75eded50fc9401346abfa3e7daa4f0e6,bengali,fake,fft,fft_047_Ami Jhanjhar Mato Durbar.mp3_22k.wav,14,10
705e3b8f07c9d1b42e53b3818e26bc7a,bengali,fake,fft,fft_047_Ami Jhanjhar Mato Durbar.mp3_22k.wav,15,10
5a3a2272f4c71ac5b74e14f910afafd1,bengali,fake,fft,fft_047_Ami Jhanjhar Mato Durbar.mp3_22k.wav,16,10
39aef9d0e6ccbe45317d79b98b53fa64,bengali,fake,fft,fft_048_E Ki Labanye Purna Pran.mp3_22k.wav,0,10
b99e569916d9c5c68e463ff9c5ac36af,bengali,fake,fft,fft_048_E Ki Labanye Purna Pran.mp3_22k.wav,1,10
f2d5f902d1845047f77051ac799d1d62,bengali,fake,fft,fft_048_E Ki Labanye Purna Pran.mp3_22k.wav,2,10
6b0bb630d1e0210af116d7948a34a843,bengali,fake,fft,fft_048_E Ki Labanye Purna Pran.mp3_22k.wav,3,10
243ba9d9ba389804c3378f2b4d00e601,bengali,fake,fft,fft_048_E Ki Labanye Purna Pran.mp3_22k.wav,4,10
1c69d4196c0e3a02f1334474352f3e5c,bengali,fake,fft,fft_048_E Ki Labanye Purna Pran.mp3_22k.wav,5,10
3f771047de11390a69ce33b2157ad590,bengali,fake,fft,fft_048_E Ki Labanye Purna Pran.mp3_22k.wav,6,10
7335cd54b9cbbe9bfd5ec5cf6a6175f6,bengali,fake,fft,fft_048_E Ki Labanye Purna Pran.mp3_22k.wav,7,10
a9bcb012e61259b56f42cf0e2dc6c00f,bengali,fake,fft,fft_048_E Ki Labanye Purna Pran.mp3_22k.wav,8,10
09da237102b7473f2d90a57774ffe506,bengali,fake,fft,fft_048_E Ki Labanye Purna Pran.mp3_22k.wav,9,10
3c5b0fbbdd21007188daebbd0b07515c,bengali,fake,fft,fft_048_E Ki Labanye Purna Pran.mp3_22k.wav,10,10
018cbefb98c4e8c141078b8f41350bf8,bengali,fake,fft,fft_048_E Ki Labanye Purna Pran.mp3_22k.wav,11,10
570b54c90d2dc3dc59e4751ddc9b1ef6,bengali,fake,fft,fft_048_E Ki Labanye Purna Pran.mp3_22k.wav,12,10
cea47910e2d6e869bb1b18434fd59edb,bengali,fake,fft,fft_048_E Ki Labanye Purna Pran.mp3_22k.wav,13,10
4e948498348eb1b4ee16f3e8d3412f60,bengali,fake,fft,fft_048_E Ki Labanye Purna Pran.mp3_22k.wav,14,10
73e6c4a860831604a4fd46b2c95028a8,bengali,fake,fft,fft_048_E Ki Labanye Purna Pran.mp3_22k.wav,15,10
5a0f681e1d48e44348170ac98363cc6c,bengali,fake,fft,fft_048_E Ki Labanye Purna Pran.mp3_22k.wav,16,10
82706b493187a8bac6cc13e9319eb7c1,bengali,fake,fft,fft_048_E Ki Labanye Purna Pran.mp3_22k.wav,17,10
e28413823d39da320506d1efa5d038b5,bengali,fake,fft,fft_048_E Ki Labanye Purna Pran.mp3_22k.wav,18,10
e43fd72e2d985d1900bfd510803b0635,bengali,fake,fft,fft_051_Akoruno Shathire.mp3_22k.wav,0,10
983d63ac6c3e8a79db5bde3eca639b7f,bengali,fake,fft,fft_051_Akoruno Shathire.mp3_22k.wav,1,10
64ff41d342bde725bec76424699dd3e1,bengali,fake,fft,fft_051_Akoruno Shathire.mp3_22k.wav,2,10
66dd99e1c4b46387253404fb2af0962f,bengali,fake,fft,fft_051_Akoruno Shathire.mp3_22k.wav,3,10
2dc2b64363b33a738167f8b8a5ca656c,bengali,fake,fft,fft_051_Akoruno Shathire.mp3_22k.wav,4,10
537d4090a61339078377b111496867ec,bengali,fake,fft,fft_051_Akoruno Shathire.mp3_22k.wav,5,10
fa20083bc326411085145351d45fcfce,bengali,fake,fft,fft_051_Akoruno Shathire.mp3_22k.wav,6,10
ad608c0d117ba1597217ea1f9205ef2d,bengali,fake,fft,fft_051_Akoruno Shathire.mp3_22k.wav,7,10
de7e9d687b49f6fb70aeccb5bdf6ce8c,bengali,fake,fft,fft_051_Akoruno Shathire.mp3_22k.wav,8,10
3bb59fffd43161890ab18b4b504fe107,bengali,fake,fft,fft_051_Akoruno Shathire.mp3_22k.wav,9,10
1f0d2bb1dc1f78c301d7607044022661,bengali,fake,fft,fft_051_Akoruno Shathire.mp3_22k.wav,10,10
c7df4a7944fbfa42ecf4afff559547d6,bengali,fake,fft,fft_051_Akoruno Shathire.mp3_22k.wav,11,10
a250f3219b26682e3165860efdc1c48a,bengali,fake,fft,fft_051_Akoruno Shathire.mp3_22k.wav,12,10
79a07750250270e881dd9b75914c5b6e,bengali,fake,fft,fft_051_Akoruno Shathire.mp3_22k.wav,13,10
2a8ea634551635df28145f1ca8d05c3f,bengali,fake,fft,fft_051_Akoruno Shathire.mp3_22k.wav,14,10
9ab7094dd0ddb54dffb95f2d48958455,bengali,fake,fft,fft_051_Akoruno Shathire.mp3_22k.wav,15,10
19765a5fcf5b9c877cd75cb5848edcd8,bengali,fake,fft,fft_051_Akoruno Shathire.mp3_22k.wav,16,10
9602f53a3680b014113fca52e503142f,bengali,fake,fft,fft_051_Akoruno Shathire.mp3_22k.wav,17,10
7eeb33c689dabb273c88ed54c84089f7,bengali,fake,fft,fft_051_Akoruno Shathire.mp3_22k.wav,18,10
8e1abff7d5c7d711e1dea7fef9a86c76,bengali,fake,fft,fft_051_Akoruno Shathire.mp3_22k.wav,19,10
1e5359698d0653efda2bd75c4294140e,bengali,fake,fft,fft_051_Akoruno Shathire.mp3_22k.wav,20,10
8633e537ede479e21223bb630dd5e87a,bengali,fake,fft,fft_051_Akoruno Shathire.mp3_22k.wav,21,10
9113fc93406e3849ff437866820d1541,bengali,fake,fft,fft_051_Akoruno Shathire.mp3_22k.wav,22,10
6bf1eefd8822ef9f0357d32540cdcac7,bengali,fake,fft,fft_051_Akoruno Shathire.mp3_22k.wav,23,10
305ed9b2613fd6b43496959035556346,bengali,fake,fft,fft_051_Akoruno Shathire.mp3_22k.wav,24,10
76fdc4b089a77409a83d948c803e6913,bengali,fake,fft,fft_051_Akoruno Shathire.mp3_22k.wav,25,10
603b2442d4f52fd475da84fe0927f01f,bengali,fake,fft,fft_051_Akoruno Shathire.mp3_22k.wav,26,10
bb46cf61e6ede022fec48529b1915de5,bengali,fake,fft,fft_051_Akoruno Shathire.mp3_22k.wav,27,10
e7fc6f2f7292d5b4776292790bef528a,bengali,fake,fft,fft_051_Akoruno Shathire.mp3_22k.wav,28,10
5edc8606dfc639b7b052ffd5705df9ca,bengali,fake,fft,fft_051_Akoruno Shathire.mp3_22k.wav,29,10
6e66c14c0e11f740b624e0595e55899a,bengali,fake,fft,fft_051_Akoruno Shathire.mp3_22k.wav,30,10
59dd6f3ea621e24005e7e9a3f0b78141,bengali,fake,fft,fft_051_Akoruno Shathire.mp3_22k.wav,31,10
5b6610920f0372c9356433853c146ff8,bengali,fake,fft,fft_051_Akoruno Shathire.mp3_22k.wav,32,10
0cfa4f2fb18a04b9536c33e520273ddc,bengali,fake,fft,fft_051_Akoruno Shathire.mp3_22k.wav,33,10
82c299b30ca9263f0694899efe73854e,bengali,fake,fft,fft_051_Akoruno Shathire.mp3_22k.wav,34,10
332674827812d8f0a7a06836f05d3712,bengali,fake,fft,fft_051_Akoruno Shathire.mp3_22k.wav,35,10
f3088882ab13512ed9f8d4dacb40aa7b,bengali,fake,fft,fft_051_Akoruno Shathire.mp3_22k.wav,36,10
f1063f56d55cfe238ed36b82d1f155f0,bengali,fake,fft,fft_051_Akoruno Shathire.mp3_22k.wav,37,10
599438d664145ec6172a0fa9f7517776,bengali,fake,fft,fft_051_Akoruno Shathire.mp3_22k.wav,38,10
300a27a4d34745aec3f5bdc4aebc4243,bengali,fake,fft,fft_051_Akoruno Shathire.mp3_22k.wav,39,10
fb3e90d3df55ae48b1da0f654cc9a8f2,bengali,fake,fft,fft_051_Akoruno Shathire.mp3_22k.wav,40,10
fb0dea648011c3b2df59fef46be65fd2,bengali,fake,fft,fft_051_Akoruno Shathire.mp3_22k.wav,41,10
d9b1a473b830d0db8379028e1e04d8d6,bengali,fake,fft,fft_051_Akoruno Shathire.mp3_22k.wav,42,10
2599e4b9323d2ffcc3beba8c15f43761,bengali,fake,fft,fft_051_Akoruno Shathire.mp3_22k.wav,43,10
4fbd9b204026c73303ebf14d894ac66d,bengali,fake,fft,fft_051_Akoruno Shathire.mp3_22k.wav,44,10
f9e05f3dd4c6d27d85fd954c382651d8,bengali,fake,fft,fft_051_Akoruno Shathire.mp3_22k.wav,45,10
51585007953482dd6b8f7d5db0a4524e,bengali,fake,fft,fft_051_Akoruno Shathire.mp3_22k.wav,46,10
58c00cae3be47b6bee88a8066963df99,bengali,fake,fft,fft_051_Akoruno Shathire.mp3_22k.wav,47,10
c236a8f1f379cd58291ae64e9d974d99,bengali,fake,fft,fft_051_Akoruno Shathire.mp3_22k.wav,48,10
03c94911608c57fd5442e66234106625,bengali,fake,fft,fft_051_Akoruno Shathire.mp3_22k.wav,49,10
9ed627dbadbc1230547088b5fc3cc5c4,bengali,fake,fft,fft_051_Akoruno Shathire.mp3_22k.wav,50,10
50c855dbd1356b045e1ec8f362fea82a,bengali,fake,fft,fft_051_Akoruno Shathire.mp3_22k.wav,51,10
39d465b3f332f925ef0a02d7ae4ecb26,bengali,fake,fft,fft_051_Akoruno Shathire.mp3_22k.wav,52,10
ad40f01446d0372fcc37bcc370f3c0d6,bengali,fake,fft,fft_051_Akoruno Shathire.mp3_22k.wav,53,10
cd853ad80c366da717fc8bd898f3d036,bengali,fake,fft,fft_051_Akoruno Shathire.mp3_22k.wav,54,10
8e0542aca2328a8479b5318c1c0e71bc,bengali,fake,fft,fft_051_Akoruno Shathire.mp3_22k.wav,55,10
39e51a2195ddd1c6a6d783710f64012e,bengali,fake,fft,fft_051_Akoruno Shathire.mp3_22k.wav,56,10
0622b3310bf39f7e8d597b78641856f3,bengali,fake,fft,fft_051_Akoruno Shathire.mp3_22k.wav,57,10
04a0bcf15ca2a5d95c5d70a99bb00c36,bengali,fake,fft,fft_051_Akoruno Shathire.mp3_22k.wav,58,10
6dc25777a3b93d6636188880bad63174,bengali,fake,fft,fft_051_Akoruno Shathire.mp3_22k.wav,59,10
c480bb2b8d0cb75a1f1de17a104f039f,bengali,fake,fft,fft_051_Akoruno Shathire.mp3_22k.wav,60,10
0d93e053602d27b702aeb9f49f1f494e,bengali,fake,fft,fft_051_Akoruno Shathire.mp3_22k.wav,61,10
5b21f9d1674a1432fe02e0da6b4eae29,bengali,fake,fft,fft_051_Akoruno Shathire.mp3_22k.wav,62,10
e135851aa805925d51060658b423767c,bengali,fake,fft,fft_051_Akoruno Shathire.mp3_22k.wav,63,10
887f68cf263a083a8232349591aab5f0,bengali,fake,fft,fft_051_Akoruno Shathire.mp3_22k.wav,64,10
ef18ff89c35c39db0bec355f93ac18e1,bengali,fake,fft,fft_051_Akoruno Shathire.mp3_22k.wav,65,10
8c2ad67248223ef7930be744cc899045,bengali,fake,fft,fft_051_Akoruno Shathire.mp3_22k.wav,66,10
207e35eff0c28201e69a7645fdfb3621,bengali,fake,fft,fft_051_Akoruno Shathire.mp3_22k.wav,67,10
b3ccca71a91ccdfadfeedd68dc6a0cf6,bengali,fake,fft,fft_051_Akoruno Shathire.mp3_22k.wav,68,10
c97613c547e4b90acbc36c2462417a09,bengali,fake,fft,fft_051_Akoruno Shathire.mp3_22k.wav,69,10
ab467ec17186d96c4d9ae504c708c1ee,bengali,fake,fft,fft_051_Akoruno Shathire.mp3_22k.wav,70,10
7c4fffe9c0a397c86061133d90478f2c,bengali,fake,fft,fft_051_Akoruno Shathire.mp3_22k.wav,71,10
0c1a68583d6bf7702037385edfd6a013,bengali,fake,fft,fft_051_Akoruno Shathire.mp3_22k.wav,72,10
bdc878a0e25a8fa8f988d7a0c6c73d5e,bengali,fake,fft,fft_051_Akoruno Shathire.mp3_22k.wav,73,10
70fe27693ad2833f00753f21a07cfa30,bengali,fake,fft,fft_051_Akoruno Shathire.mp3_22k.wav,74,10
5633877d25d4e35b3c68fc4878a8454a,bengali,fake,fft,fft_051_Akoruno Shathire.mp3_22k.wav,75,10
b1288e9cee58336e395fa0cdf98ab48d,bengali,fake,fft,fft_051_Akoruno Shathire.mp3_22k.wav,76,10
2778679f7cd3ea25e9894147425c75d8,bengali,fake,fft,fft_051_Akoruno Shathire.mp3_22k.wav,77,10
3ba402680647a849426cd1f8ab5a0476,bengali,fake,fft,fft_051_Akoruno Shathire.mp3_22k.wav,78,10
b30b14e159b36b030a5afb01b5f84269,bengali,fake,fft,fft_051_Akoruno Shathire.mp3_22k.wav,79,10
8d8f81005362f35c6ffcebae9bf719d2,bengali,fake,fft,fft_051_Akoruno Shathire.mp3_22k.wav,80,10
af782668c89f4b70c18a8e7301510609,bengali,fake,fft,fft_053_Moder Ei Shikal Pora Chhal.mp3_22k.wav,0,10
341227b4f3ba0079b5026df9a12b2e95,bengali,fake,fft,fft_053_Moder Ei Shikal Pora Chhal.mp3_22k.wav,1,10
11727a7c6b678676253a16d7adc94e5c,bengali,fake,fft,fft_053_Moder Ei Shikal Pora Chhal.mp3_22k.wav,2,10
b4ed7df02de437d5c54b077efcf15983,bengali,fake,fft,fft_053_Moder Ei Shikal Pora Chhal.mp3_22k.wav,3,10
7b036361b2e90f3f02748f22cafc04bb,bengali,fake,fft,fft_053_Moder Ei Shikal Pora Chhal.mp3_22k.wav,4,10
a6f7dbc9acd77798eb160dd7ce91cb61,bengali,fake,fft,fft_053_Moder Ei Shikal Pora Chhal.mp3_22k.wav,5,10
0a1f7eb3b4faef540f3b64c56879dc9d,bengali,fake,fft,fft_053_Moder Ei Shikal Pora Chhal.mp3_22k.wav,6,10
882429ddc3a29cb8a88b5e19c6ff0b63,bengali,fake,fft,fft_053_Moder Ei Shikal Pora Chhal.mp3_22k.wav,7,10
169516f87ed3bfea6586e87d9a0d5d7b,bengali,fake,fft,fft_053_Moder Ei Shikal Pora Chhal.mp3_22k.wav,8,10
8dd385336f291d76fed39e1c37b15b8d,bengali,fake,fft,fft_053_Moder Ei Shikal Pora Chhal.mp3_22k.wav,9,10
d32efdb1156ee9c961ca0475f20b31ba,bengali,fake,fft,fft_053_Moder Ei Shikal Pora Chhal.mp3_22k.wav,10,10
d124ae019ddafc0989c31d7a9e836b8a,bengali,fake,fft,fft_053_Moder Ei Shikal Pora Chhal.mp3_22k.wav,11,10
a893533c04dbb5055faad21047b1ffcd,bengali,fake,fft,fft_053_Moder Ei Shikal Pora Chhal.mp3_22k.wav,12,10
926b1da009557fd44ff637e17f98df23,bengali,fake,fft,fft_053_Moder Ei Shikal Pora Chhal.mp3_22k.wav,13,10
c8b4d815687b76f65345fd076dfcf524,bengali,fake,fft,fft_053_Moder Ei Shikal Pora Chhal.mp3_22k.wav,14,10
4753ec3e49d4b19c7533f0581fd7698e,bengali,fake,fft,fft_053_Moder Ei Shikal Pora Chhal.mp3_22k.wav,15,10
5023efaee72455a8233d8bb5481d9722,bengali,fake,fft,fft_053_Moder Ei Shikal Pora Chhal.mp3_22k.wav,16,10
649c3d709a0146817c7ae9948dee344a,bengali,fake,fft,fft_053_Moder Ei Shikal Pora Chhal.mp3_22k.wav,17,10
74b7f81e84ea33752419ba5e58758ffc,bengali,fake,fft,fft_053_Moder Ei Shikal Pora Chhal.mp3_22k.wav,18,10
63dd0226a04549c57ef60a5eba795559,bengali,fake,fft,fft_053_Moder Ei Shikal Pora Chhal.mp3_22k.wav,19,10
75a53f102348df92a693342b7dc6bdd7,bengali,fake,fft,fft_053_Moder Ei Shikal Pora Chhal.mp3_22k.wav,20,10
43234ebfa599ad6b3caff42d9db09feb,bengali,fake,fft,fft_053_Moder Ei Shikal Pora Chhal.mp3_22k.wav,21,10
d473983d960044aaae8e225c4abcb023,bengali,fake,fft,fft_053_Moder Ei Shikal Pora Chhal.mp3_22k.wav,22,10
78933e984c457378d3490aa023c0b684,bengali,fake,fft,fft_053_Moder Ei Shikal Pora Chhal.mp3_22k.wav,23,10
7c23c5b51f3da15126f7d9c1321921c7,bengali,fake,fft,fft_053_Moder Ei Shikal Pora Chhal.mp3_22k.wav,24,10
89ee72a117f856cde95103fea2c94dda,bengali,fake,fft,fft_053_Moder Ei Shikal Pora Chhal.mp3_22k.wav,25,10
7682420806be38127129824a814e1af1,bengali,fake,fft,fft_053_Moder Ei Shikal Pora Chhal.mp3_22k.wav,26,10
c5724cddbd0bc142ae02a90a77ac4fad,bengali,fake,fft,fft_053_Moder Ei Shikal Pora Chhal.mp3_22k.wav,27,10
7075728b4ce404e69d7b486a7b4ed1b9,bengali,fake,fft,fft_053_Moder Ei Shikal Pora Chhal.mp3_22k.wav,28,10
4863e1a44e49b79427bd58b5f3f2f0c2,bengali,fake,fft,fft_053_Moder Ei Shikal Pora Chhal.mp3_22k.wav,29,10
1d43d61ecd8dcd4977216cac1bba3851,bengali,fake,fft,fft_054_Bhoriya Paran Shunitechhi Gaan.mp3_22k.wav,0,10
3bfbabe535b43c4a08ac753fa9bea4c8,bengali,fake,fft,fft_054_Bhoriya Paran Shunitechhi Gaan.mp3_22k.wav,1,10
705731948d5b4b749a77a4dd3b2942c7,bengali,fake,fft,fft_054_Bhoriya Paran Shunitechhi Gaan.mp3_22k.wav,2,10
b5f1dc0e5a5a52e84c67bd3a7d9f861d,bengali,fake,fft,fft_054_Bhoriya Paran Shunitechhi Gaan.mp3_22k.wav,3,10
e83832091b1e2a1bab77645110d7deea,bengali,fake,fft,fft_054_Bhoriya Paran Shunitechhi Gaan.mp3_22k.wav,4,10
d0284026b64c4032578ca978fd348f57,bengali,fake,fft,fft_054_Bhoriya Paran Shunitechhi Gaan.mp3_22k.wav,5,10
72ccfe45979993bd82ffbe386104b2b2,bengali,fake,fft,fft_054_Bhoriya Paran Shunitechhi Gaan.mp3_22k.wav,6,10
edaf8e4289d1af86f3800e0df558014c,bengali,fake,fft,fft_054_Bhoriya Paran Shunitechhi Gaan.mp3_22k.wav,7,10
0a4e25a9613340f4c0c47d0bd87ccc51,bengali,fake,fft,fft_054_Bhoriya Paran Shunitechhi Gaan.mp3_22k.wav,8,10
5626c946a73388bfcefff90e43f681de,bengali,fake,fft,fft_054_Bhoriya Paran Shunitechhi Gaan.mp3_22k.wav,9,10
a803a37adb20b88849bf83126306d958,bengali,fake,fft,fft_054_Bhoriya Paran Shunitechhi Gaan.mp3_22k.wav,10,10
477b51497e612058a61349df55b96fdd,bengali,fake,fft,fft_054_Bhoriya Paran Shunitechhi Gaan.mp3_22k.wav,11,10
08aeb4261412863125723a0e8092b1cb,bengali,fake,fft,fft_054_Bhoriya Paran Shunitechhi Gaan.mp3_22k.wav,12,10
a023ffab781bb6093bf951bc48156363,bengali,fake,fft,fft_054_Bhoriya Paran Shunitechhi Gaan.mp3_22k.wav,13,10
c8a353589575fff76320b4d12215feba,bengali,fake,fft,fft_054_Bhoriya Paran Shunitechhi Gaan.mp3_22k.wav,14,10
58794bbd37eda79e5dbb68de4485bf24,bengali,fake,fft,fft_054_Bhoriya Paran Shunitechhi Gaan.mp3_22k.wav,15,10
cc6ceb061cff6cae8c0434d21107a9ee,bengali,fake,fft,fft_054_Bhoriya Paran Shunitechhi Gaan.mp3_22k.wav,16,10
4d66ff3f5e4d174bf3e56592abd78f2b,bengali,fake,fft,fft_054_Bhoriya Paran Shunitechhi Gaan.mp3_22k.wav,17,10
d8350e1cbb3192335c7e85292703f3b8,bengali,fake,fft,fft_054_Bhoriya Paran Shunitechhi Gaan.mp3_22k.wav,18,10
de09b2f731ba99f727a65737ca90a175,bengali,fake,fft,fft_055_Nishi Raat.mp3_22k.wav,0,10
32a2608ee03c02e6f8b0a434610b8701,bengali,fake,fft,fft_055_Nishi Raat.mp3_22k.wav,1,10
374aa3f65dcb7becd4bc563e64985b8a,bengali,fake,fft,fft_055_Nishi Raat.mp3_22k.wav,2,10
a8d08542e9079f9793656cd3aeb73fe6,bengali,fake,fft,fft_055_Nishi Raat.mp3_22k.wav,3,10
00ad92fa99faea19843420fd25d99ad2,bengali,fake,fft,fft_055_Nishi Raat.mp3_22k.wav,4,10
f02cd97af78d656514dc5fb2b20ffd61,bengali,fake,fft,fft_055_Nishi Raat.mp3_22k.wav,5,10
d1a6e86abff38cbfa0d4e82dc502ec9a,bengali,fake,fft,fft_055_Nishi Raat.mp3_22k.wav,6,10
6186ed3446769773f46f063f34b685f3,bengali,fake,fft,fft_055_Nishi Raat.mp3_22k.wav,7,10
789c54ab84de10fd15e2ef0255c62677,bengali,fake,fft,fft_055_Nishi Raat.mp3_22k.wav,8,10
a7b2e7e79a727a1bb817e0d90d17c70f,bengali,fake,fft,fft_055_Nishi Raat.mp3_22k.wav,9,10
feac092c1a4a6127a14daae820b07272,bengali,fake,fft,fft_055_Nishi Raat.mp3_22k.wav,10,10
86c7a3780aeb6aa4a3679821d7078074,bengali,fake,fft,fft_055_Nishi Raat.mp3_22k.wav,11,10
969a78342fc400e2c1f0b7a488798d36,bengali,fake,fft,fft_055_Nishi Raat.mp3_22k.wav,12,10
ec6f533a86e2790b3289f7cebff34c36,bengali,fake,fft,fft_055_Nishi Raat.mp3_22k.wav,13,10
d11c633cf7f1afa2668b2a9aa152f45b,bengali,fake,fft,fft_055_Nishi Raat.mp3_22k.wav,14,10
6a43a33334fe26de54521d6cada91937,bengali,fake,fft,fft_055_Nishi Raat.mp3_22k.wav,15,10
37977957f1584ccaa61dee3ca5daf9a1,bengali,fake,fft,fft_055_Nishi Raat.mp3_22k.wav,16,10
cb92604ee9b20edd14927b2cff95172e,bengali,fake,fft,fft_055_Nishi Raat.mp3_22k.wav,17,10
9d9bed53eecd3e6a08ad1b8b339f41f9,bengali,fake,fft,fft_055_Nishi Raat.mp3_22k.wav,18,10
1cadb0aee74afb8f216de2f48b6e61f4,bengali,fake,fft,fft_055_Nishi Raat.mp3_22k.wav,19,10
99a051c83f64c4ed0581bfa68da5a234,bengali,fake,fft,fft_055_Nishi Raat.mp3_22k.wav,20,10
aba0fcf41be165ab21dab73f7505bb20,bengali,fake,fft,fft_056_Kusume Kusume Charonchinha.mp3_22k.wav,0,10
9a3e38df66c1ed610bea65d9af274f24,bengali,fake,fft,fft_056_Kusume Kusume Charonchinha.mp3_22k.wav,1,10
0cdd536344c8de3774499a9731d92f1d,bengali,fake,fft,fft_056_Kusume Kusume Charonchinha.mp3_22k.wav,2,10
ddbac982915aa113feab33799de33d59,bengali,fake,fft,fft_056_Kusume Kusume Charonchinha.mp3_22k.wav,3,10
340f83c4019fe114f656c3041f027720,bengali,fake,fft,fft_056_Kusume Kusume Charonchinha.mp3_22k.wav,4,10
773e55c09b219f5952bbd16fcb123be2,bengali,fake,fft,fft_056_Kusume Kusume Charonchinha.mp3_22k.wav,5,10
388feb5bc60462c33f98ee11d2eb3551,bengali,fake,fft,fft_056_Kusume Kusume Charonchinha.mp3_22k.wav,6,10
9c710e2bb56fd433d2f53b6b3c433e1e,bengali,fake,fft,fft_056_Kusume Kusume Charonchinha.mp3_22k.wav,7,10
388ecbe0880f6f3dd8b5a5abb101b799,bengali,fake,fft,fft_056_Kusume Kusume Charonchinha.mp3_22k.wav,8,10
d9da2991824a81ce4ac1174dc468bb01,bengali,fake,fft,fft_056_Kusume Kusume Charonchinha.mp3_22k.wav,9,10
1bb3bca7540c48499ae8ddbd19e6a3eb,bengali,fake,fft,fft_056_Kusume Kusume Charonchinha.mp3_22k.wav,10,10
c59f63e45c2ac2adb9623683bf28095b,bengali,fake,fft,fft_056_Kusume Kusume Charonchinha.mp3_22k.wav,11,10
095991e569211b4de8b8b3b32d52db52,bengali,fake,fft,fft_056_Kusume Kusume Charonchinha.mp3_22k.wav,12,10
8fb70f97c8eecf3f0ccd9fec8e3a50a8,bengali,fake,fft,fft_056_Kusume Kusume Charonchinha.mp3_22k.wav,13,10
0d5a724180ca30284b487597effad8d1,bengali,fake,fft,fft_056_Kusume Kusume Charonchinha.mp3_22k.wav,14,10
ddebd8ac6a3b455b74eb4bcd4751f513,bengali,fake,fft,fft_056_Kusume Kusume Charonchinha.mp3_22k.wav,15,10
16fb5ea9f5e7a940fa9c36e8bf0a4ac4,bengali,fake,fft,fft_056_Kusume Kusume Charonchinha.mp3_22k.wav,16,10
6089107ac5f11bb7e91b73d6a4de5a64,bengali,fake,fft,fft_056_Kusume Kusume Charonchinha.mp3_22k.wav,17,10
f9a454ef2de8c7dc75ef8da135b5e5a5,bengali,fake,fft,fft_056_Kusume Kusume Charonchinha.mp3_22k.wav,18,10
4c43cd10dba92fc583f5bdd57e4f5828,bengali,fake,fft,fft_056_Kusume Kusume Charonchinha.mp3_22k.wav,19,10
ce35d598980b1d88224ba74e3c0ddee4,bengali,fake,fft,fft_056_Kusume Kusume Charonchinha.mp3_22k.wav,20,10
8aca2376c1d1c03af1fd6b560ea1a969,bengali,fake,fft,fft_056_Kusume Kusume Charonchinha.mp3_22k.wav,21,10
d86430520702ebe27514d02f023aec7a,bengali,fake,fft,fft_056_Kusume Kusume Charonchinha.mp3_22k.wav,22,10
648233c41edf7cc75621874d7e6a10b5,bengali,fake,fft,fft_056_Kusume Kusume Charonchinha.mp3_22k.wav,23,10
1879f5445049262ab1626ef63ccabe05,bengali,fake,fft,fft_056_Kusume Kusume Charonchinha.mp3_22k.wav,24,10
09772c21138009cf63c32260236314c4,bengali,fake,fft,fft_058_Ache Syam Ange Rai Ango Helia.mp3_22k.wav,0,10
e62f0e598aa1c54b887530688c3028d5,bengali,fake,fft,fft_058_Ache Syam Ange Rai Ango Helia.mp3_22k.wav,1,10
7ba95b1a02b4483a1974ad00c32741f8,bengali,fake,fft,fft_058_Ache Syam Ange Rai Ango Helia.mp3_22k.wav,2,10
25877e77bbb91662767d9f410a823ce9,bengali,fake,fft,fft_058_Ache Syam Ange Rai Ango Helia.mp3_22k.wav,3,10
06da8df98621c1566927fce3eed56e0f,bengali,fake,fft,fft_058_Ache Syam Ange Rai Ango Helia.mp3_22k.wav,4,10
f2b74710a6de7d4aa739646f86bdbac5,bengali,fake,fft,fft_058_Ache Syam Ange Rai Ango Helia.mp3_22k.wav,5,10
232c3c905adcba016f835151e512a632,bengali,fake,fft,fft_058_Ache Syam Ange Rai Ango Helia.mp3_22k.wav,6,10
5377e515ff35f7f0f8978b361390c8b6,bengali,fake,fft,fft_058_Ache Syam Ange Rai Ango Helia.mp3_22k.wav,7,10
864f736a586316d20e8e38064cc66899,bengali,fake,fft,fft_058_Ache Syam Ange Rai Ango Helia.mp3_22k.wav,8,10
e6968ba866a8512f3906831f0d12452e,bengali,fake,fft,fft_058_Ache Syam Ange Rai Ango Helia.mp3_22k.wav,9,10
076e6d81ffb8ce9a8b247d2af95fe037,bengali,fake,fft,fft_058_Ache Syam Ange Rai Ango Helia.mp3_22k.wav,10,10
bd6521a85f044bf2f9ad8d2798889a1f,bengali,fake,fft,fft_058_Ache Syam Ange Rai Ango Helia.mp3_22k.wav,11,10
dc0d2bc242be418746decd419ae36913,bengali,fake,fft,fft_058_Ache Syam Ange Rai Ango Helia.mp3_22k.wav,12,10
8437ad5133a1f850e6fc06155fdaed27,bengali,fake,fft,fft_058_Ache Syam Ange Rai Ango Helia.mp3_22k.wav,13,10
e80fa5dab9230ee918893e6cd773f71b,bengali,fake,fft,fft_058_Ache Syam Ange Rai Ango Helia.mp3_22k.wav,14,10
5ef038e483f9fcb912c53812a60ae322,bengali,fake,fft,fft_058_Ache Syam Ange Rai Ango Helia.mp3_22k.wav,15,10
86c33ea171db464dfdce9f0022234bdc,bengali,fake,fft,fft_058_Ache Syam Ange Rai Ango Helia.mp3_22k.wav,16,10
e4c71f850f34a6151e44d2f7ac345b72,bengali,fake,fft,fft_058_Ache Syam Ange Rai Ango Helia.mp3_22k.wav,17,10
a92a7f99936593f187c66b1efd8618aa,bengali,fake,fft,fft_058_Ache Syam Ange Rai Ango Helia.mp3_22k.wav,18,10
5186a885239ba555b66e326be8a32818,bengali,fake,fft,fft_058_Ache Syam Ange Rai Ango Helia.mp3_22k.wav,19,10
9f4ca2b774eea47a07027234bca843c4,bengali,fake,fft,fft_058_Ache Syam Ange Rai Ango Helia.mp3_22k.wav,20,10
86daeff4214d1c8f06526660c5596c3a,bengali,fake,fft,fft_058_Ache Syam Ange Rai Ango Helia.mp3_22k.wav,21,10
b30119be36f2800ae9e4acc6942ec4cb,bengali,fake,fft,fft_058_Ache Syam Ange Rai Ango Helia.mp3_22k.wav,22,10
9090f325dfb8df4e361d33a2e5823fc6,bengali,fake,fft,fft_058_Ache Syam Ange Rai Ango Helia.mp3_22k.wav,23,10
f7e696df9386969ac1026cc0ea99f62c,bengali,fake,fft,fft_058_Ache Syam Ange Rai Ango Helia.mp3_22k.wav,24,10
ed74b793ca7f82a0f73969a238e599db,bengali,fake,fft,fft_058_Ache Syam Ange Rai Ango Helia.mp3_22k.wav,25,10
9ccb92df5d9ee3f8295b31daeb59e9e3,bengali,fake,fft,fft_058_Ache Syam Ange Rai Ango Helia.mp3_22k.wav,26,10
46976ae8254e68f782b2f0366d3ae99b,bengali,fake,fft,fft_058_Ache Syam Ange Rai Ango Helia.mp3_22k.wav,27,10
c6742e0dff03c5f0a9c47d014e2bcecd,bengali,fake,fft,fft_058_Ache Syam Ange Rai Ango Helia.mp3_22k.wav,28,10
5792a7fd630c80138590ac54c74cd08f,bengali,fake,fft,fft_058_Ache Syam Ange Rai Ango Helia.mp3_22k.wav,29,10
966b6285a26622290b98e246c7feef43,bengali,fake,fft,fft_058_Ache Syam Ange Rai Ango Helia.mp3_22k.wav,30,10
972511fee3cca4e2d589398b8919524a,bengali,fake,fft,fft_058_Ache Syam Ange Rai Ango Helia.mp3_22k.wav,31,10
679084d5726af864b6e12ef259bda6ad,bengali,fake,fft,fft_058_Ache Syam Ange Rai Ango Helia.mp3_22k.wav,32,10
539fe7ce2d8996dbeb24feee1be7ad96,bengali,fake,fft,fft_059_Kala.mp3_22k.wav,0,10
258e09b60937c89feb1542cd11cd29ed,bengali,fake,fft,fft_059_Kala.mp3_22k.wav,1,10
9a5a1f3cf4959a64d29457fdad1cf8dc,bengali,fake,fft,fft_059_Kala.mp3_22k.wav,2,10
480d4980e66787e2b357970b25eb0303,bengali,fake,fft,fft_059_Kala.mp3_22k.wav,3,10
a2153235a77d2e6ea962be038d2ba96a,bengali,fake,fft,fft_059_Kala.mp3_22k.wav,4,10
462f7df35bdc60590bb1b3e5b1cebbe6,bengali,fake,fft,fft_059_Kala.mp3_22k.wav,5,10
fe401c64b0660caff16218346f9a3a00,bengali,fake,fft,fft_059_Kala.mp3_22k.wav,6,10
88657bf6ac0aaf02bf349f269f96a81b,bengali,fake,fft,fft_059_Kala.mp3_22k.wav,7,10
d60e4bb119682f60c0a9ce5b959c3527,bengali,fake,fft,fft_059_Kala.mp3_22k.wav,8,10
95d2781ca0e497ea3ecaf02f462ff0ac,bengali,fake,fft,fft_059_Kala.mp3_22k.wav,9,10
bb812e4184caf5e593230fbbdc5dd392,bengali,fake,fft,fft_059_Kala.mp3_22k.wav,10,10
8908977ed0cbad77bdbfd385a7e55183,bengali,fake,fft,fft_059_Kala.mp3_22k.wav,11,10
e7093d06328ba24fcc546548be15c0ee,bengali,fake,fft,fft_059_Kala.mp3_22k.wav,12,10
a263d8cebf75c709bfddd0305c3fe670,bengali,fake,fft,fft_059_Kala.mp3_22k.wav,13,10
4dca684f39d2b66955dc757222a2e3f0,bengali,fake,fft,fft_059_Kala.mp3_22k.wav,14,10
6313882b89c6a2b5b0ecbc2a53b56dd9,bengali,fake,fft,fft_059_Kala.mp3_22k.wav,15,10
5d5ee8a6c59f4485e6184947edf26423,bengali,fake,fft,fft_059_Kala.mp3_22k.wav,16,10
1003b47f42941c2b7d0d47a9533e2a27,bengali,fake,fft,fft_059_Kala.mp3_22k.wav,17,10
6b35b0e9f1465779efdd55961e864bd2,bengali,fake,fft,fft_059_Kala.mp3_22k.wav,18,10
65410f6479cdec7afcde2f7e5c4c2e74,bengali,fake,fft,fft_059_Kala.mp3_22k.wav,19,10
09348aebdb4cc4219ec4eaa38e313fa7,bengali,fake,fft,fft_059_Kala.mp3_22k.wav,20,10
26fd81d87942c4ccb12d5e523ec5c7f4,bengali,fake,fft,fft_059_Kala.mp3_22k.wav,21,10
530cea58c87e5eee462aeb9a40a8c892,bengali,fake,fft,fft_059_Kala.mp3_22k.wav,22,10
b67a9002951ca81939de2e210de36d43,bengali,fake,fft,fft_059_Kala.mp3_22k.wav,23,10
49f878ccdc564ca8a7f548d74b11351b,bengali,fake,fft,fft_059_Kala.mp3_22k.wav,24,10
cdd98a36692bec4fd4278ad66d46d1e4,bengali,fake,fft,fft_059_Kala.mp3_22k.wav,25,10
73404bffb1336a26216d9d8ebde4ec28,bengali,fake,fft,fft_059_Kala.mp3_22k.wav,26,10
5b42604590212bafe882a53ddcd8c6f6,bengali,fake,fft,fft_059_Kala.mp3_22k.wav,27,10
ef7f7329e253c00996914c2e2ab4df26,bengali,fake,fft,fft_059_Kala.mp3_22k.wav,28,10
c902d21df934e7f9c2ff88260899dfe6,bengali,fake,fft,fft_059_Kala.mp3_22k.wav,29,10
e930ee9675eedcaeee3aea3a85d159bf,bengali,fake,fft,fft_059_Kala.mp3_22k.wav,30,10
065eb01560fe3a77df0636e3c90ac66d,bengali,fake,fft,fft_059_Kala.mp3_22k.wav,31,10
e2da6a286c0ade9be705cac8fa9f545a,bengali,fake,fft,fft_059_Kala.mp3_22k.wav,32,10
5dea6141cafd35289d615816c3387bb8,bengali,fake,fft,fft_059_Kala.mp3_22k.wav,33,10
99bd300235c700f5e98f51ee3a6292f2,bengali,fake,fft,fft_059_Kala.mp3_22k.wav,34,10
99fead4d7b4490d796c8cf7e7e0cd167,bengali,fake,fft,fft_059_Kala.mp3_22k.wav,35,10
a1cb44d12860d5a1e30563730db5488d,bengali,fake,fft,fft_059_Kala.mp3_22k.wav,36,10
a8a43b4f63aa843becb61221e340c84d,bengali,fake,fft,fft_059_Kala.mp3_22k.wav,37,10
c7122efe8febc41cb54eafe679e3dbc9,bengali,fake,fft,fft_059_Kala.mp3_22k.wav,38,10
362e2f5af3a4762700ab4374691df079,bengali,fake,fft,fft_059_Kala.mp3_22k.wav,39,10
94f5166f2f156f2590d8ddab89a63a01,bengali,fake,fft,fft_059_Kala.mp3_22k.wav,40,10
1426ea24592056193e8f10c3f381c9b0,bengali,fake,fft,fft_059_Kala.mp3_22k.wav,41,10
2967b7c47853b14b4a4aa7b6579f2ef5,bengali,fake,fft,fft_059_Kala.mp3_22k.wav,42,10
a0b9dde6388b4442f3a852ad2164b58c,bengali,fake,fft,fft_059_Kala.mp3_22k.wav,43,10
784bdd707f01f6c30a9a9f031b95c01a,bengali,fake,fft,fft_059_Kala.mp3_22k.wav,44,10
b6a0a1a16050fecbdc187a7e80919056,bengali,fake,fft,fft_059_Kala.mp3_22k.wav,45,10
60ac2c0b898a5226d79b06cd55f3570f,bengali,fake,fft,fft_059_Kala.mp3_22k.wav,46,10
b9ea9bd1f0edd166709461a1b4595159,bengali,fake,fft,fft_059_Kala.mp3_22k.wav,47,10
bdca286272ca9b00bc5ea61edd597309,bengali,fake,fft,fft_059_Kala.mp3_22k.wav,48,10
557cc8cdfd8a8d76752ade40b3d04a51,bengali,fake,fft,fft_059_Kala.mp3_22k.wav,49,10
f741905e51a33b639f7e2ab8d06f3762,bengali,fake,fft,fft_059_Kala.mp3_22k.wav,50,10
3b57fa549db1bca37eb751eff175ef57,bengali,fake,fft,fft_059_Kala.mp3_22k.wav,51,10
86ffaf8d6a6009cff850860d6599ffe7,bengali,fake,fft,fft_059_Kala.mp3_22k.wav,52,10
c2eee657b2970c1775e2e49a1f6d0f34,bengali,fake,fft,fft_059_Kala.mp3_22k.wav,53,10
06e78f56f246ed5bca45cd51250460f8,bengali,fake,fft,fft_059_Kala.mp3_22k.wav,54,10
81cbf657f44cee37769c03123aae6e31,bengali,fake,fft,fft_059_Kala.mp3_22k.wav,55,10
390e927782f12620779acd1d5f396375,bengali,fake,fft,fft_059_Kala.mp3_22k.wav,56,10
9418f753c7e0d28983b6290fd9b30faf,bengali,fake,fft,fft_059_Kala.mp3_22k.wav,57,10
8e53feed4b87bd3cf0bb9c6a9acb781f,bengali,fake,fft,fft_059_Kala.mp3_22k.wav,58,10
585d785f42e80ea792f46e0695b705a0,bengali,fake,fft,fft_059_Kala.mp3_22k.wav,59,10
f84cbf4a13f22242dc6700ff3c59f7d8,bengali,fake,fft,fft_059_Kala.mp3_22k.wav,60,10
4b81e7b1c3a1937d53701dddcee02800,bengali,fake,fft,fft_059_Kala.mp3_22k.wav,61,10
51e4bd93ab20fcd4ec1274458b2bb512,bengali,fake,fft,fft_059_Kala.mp3_22k.wav,62,10
0ca0fc79b56a3084fc2976a737e481a7,bengali,fake,fft,fft_059_Kala.mp3_22k.wav,63,10
a0175de0b78919f3f5fed993dd128e2d,bengali,fake,fft,fft_059_Kala.mp3_22k.wav,64,10
98839143e8aa453cd49f22ecbbd4843a,bengali,fake,fft,fft_059_Kala.mp3_22k.wav,65,10
fc0c028d19a7a1139cd4d761670ab0e0,bengali,fake,fft,fft_059_Kala.mp3_22k.wav,66,10
b15e20e6d56c007260908c13d88e87f5,bengali,fake,fft,fft_059_Kala.mp3_22k.wav,67,10
e4893f600c42ee8f1a12653b64bdf574,bengali,fake,fft,fft_059_Kala.mp3_22k.wav,68,10
012c99d2bd87d406dc95ec1934adfc3e,bengali,fake,fft,fft_059_Kala.mp3_22k.wav,69,10
838b43514b44791ffbb840a4514c76bf,bengali,fake,fft,fft_059_Kala.mp3_22k.wav,70,10
52a2e1cb2fab65e4301d714beb47aea1,bengali,fake,fft,fft_059_Kala.mp3_22k.wav,71,10
6f8799a1b337d31046837bc893202d72,bengali,fake,fft,fft_059_Kala.mp3_22k.wav,72,10
3505e187592399c9b041263334b78a06,bengali,fake,fft,fft_060_Apon Moner Baghe.mp3_22k.wav,0,10
3b6860ed54f6d82c48e9d640ffca6c36,bengali,fake,fft,fft_060_Apon Moner Baghe.mp3_22k.wav,1,10
9c865f2982794c348e32c9342203cd36,bengali,fake,fft,fft_060_Apon Moner Baghe.mp3_22k.wav,2,10
d85757db15563ba09c862e9ef1501059,bengali,fake,fft,fft_060_Apon Moner Baghe.mp3_22k.wav,3,10
fc7fe22345f52ec841781f864c0e805b,bengali,fake,fft,fft_060_Apon Moner Baghe.mp3_22k.wav,4,10
9294bc12a5667e805ea9151c7a1f7a34,bengali,fake,fft,fft_060_Apon Moner Baghe.mp3_22k.wav,5,10
db5b48ecbe758642e04ab4fdcb6872c4,bengali,fake,fft,fft_060_Apon Moner Baghe.mp3_22k.wav,6,10
e06df5d5a5761620728f73aa515463c5,bengali,fake,fft,fft_060_Apon Moner Baghe.mp3_22k.wav,7,10
c7f070553057ac67939a1f0943fbc39f,bengali,fake,fft,fft_060_Apon Moner Baghe.mp3_22k.wav,8,10
0c5d1ce5e170ba2b839854eed6edda45,bengali,fake,fft,fft_060_Apon Moner Baghe.mp3_22k.wav,9,10
05c249bb89106361cd954a39b38ad7f1,bengali,fake,fft,fft_060_Apon Moner Baghe.mp3_22k.wav,10,10
ab43de92fd9c8cc7eda22dc2c780827c,bengali,fake,fft,fft_060_Apon Moner Baghe.mp3_22k.wav,11,10
e83943c130e21fe6301722b45a56bc62,bengali,fake,fft,fft_060_Apon Moner Baghe.mp3_22k.wav,12,10
99de4677808fe20acbe4f560973b3c04,bengali,fake,fft,fft_060_Apon Moner Baghe.mp3_22k.wav,13,10
0d5599a175eaa26d67a51272b03f8c61,bengali,fake,fft,fft_060_Apon Moner Baghe.mp3_22k.wav,14,10
6ccb5fcc8c1371355321e06d27475f33,bengali,fake,fft,fft_060_Apon Moner Baghe.mp3_22k.wav,15,10
258bc5a877a0cff6196c6c34d20d737a,bengali,fake,fft,fft_060_Apon Moner Baghe.mp3_22k.wav,16,10
cb38f2cf65c6aef1c76ff5ddca436c46,bengali,fake,fft,fft_060_Apon Moner Baghe.mp3_22k.wav,17,10
b1e3d6f800f9bf8e5386f13c946bb825,bengali,fake,fft,fft_060_Apon Moner Baghe.mp3_22k.wav,18,10
013465526c77e03893f3748f30b2b761,bengali,fake,fft,fft_060_Apon Moner Baghe.mp3_22k.wav,19,10
6df3916a7c71a68fb7d5c6e9cfbbeb35,bengali,fake,fft,fft_060_Apon Moner Baghe.mp3_22k.wav,20,10
23c9a0ddd4b0eadc2380431bbd2321f6,bengali,fake,fft,fft_060_Apon Moner Baghe.mp3_22k.wav,21,10
8e9f126c2d0f427df94ad0a46540cdac,bengali,fake,fft,fft_060_Apon Moner Baghe.mp3_22k.wav,22,10
ec91d2bbefa84c08165a46a9524c2673,bengali,fake,fft,fft_060_Apon Moner Baghe.mp3_22k.wav,23,10
f0c9799c9076e3199ca31627481fd3f1,bengali,fake,fft,fft_060_Apon Moner Baghe.mp3_22k.wav,24,10
aa59a95ff0a5f10ec860495bf183f0cb,bengali,fake,fft,fft_060_Apon Moner Baghe.mp3_22k.wav,25,10
04df5e7c1ea48d31f43ea1a30585d0b4,bengali,fake,fft,fft_060_Apon Moner Baghe.mp3_22k.wav,26,10
d852e9e7dff55d0cad529ecbac29bb41,bengali,fake,fft,fft_060_Apon Moner Baghe.mp3_22k.wav,27,10
65145ff03b339650bd8fabb0d3b39647,bengali,fake,fft,fft_060_Apon Moner Baghe.mp3_22k.wav,28,10
94d16801fd5436931fdc36260d4c339e,bengali,fake,fft,fft_060_Apon Moner Baghe.mp3_22k.wav,29,10
de037c7d720a5abd3463c1d2aea4b127,bengali,fake,fft,fft_060_Apon Moner Baghe.mp3_22k.wav,30,10
9711e7b0980381b9fc26674e2820c5ae,bengali,fake,fft,fft_060_Apon Moner Baghe.mp3_22k.wav,31,10
0e6c9c06306adfd2b2779648751e3930,bengali,fake,fft,fft_060_Apon Moner Baghe.mp3_22k.wav,32,10
39afe8f9d7dfe0a07b22c02489410aba,bengali,fake,fft,fft_060_Apon Moner Baghe.mp3_22k.wav,33,10
794acff37ccb93a775acd7aa73815cd5,bengali,fake,fft,fft_060_Apon Moner Baghe.mp3_22k.wav,34,10
aa019180796779bd9829fc4d8b9dffd2,bengali,fake,fft,fft_060_Apon Moner Baghe.mp3_22k.wav,35,10
96edfe2344b609b844c32cf10b091262,bengali,fake,fft,fft_060_Apon Moner Baghe.mp3_22k.wav,36,10
fcc42a8dba0d0d218fa13951efb56969,bengali,fake,fft,fft_060_Apon Moner Baghe.mp3_22k.wav,37,10
f4014caf2e7307f4b0aac0e162dfe7b0,bengali,fake,fft,fft_060_Apon Moner Baghe.mp3_22k.wav,38,10
9320ec447126c525fc403503035fee18,bengali,fake,fft,fft_060_Apon Moner Baghe.mp3_22k.wav,39,10
ff4bb8b322cade3eb191efbe2d325d42,bengali,fake,fft,fft_060_Apon Moner Baghe.mp3_22k.wav,40,10
d0e74d858e531b25bb36165c96a2bf70,bengali,fake,fft,fft_060_Apon Moner Baghe.mp3_22k.wav,41,10
d06d0bf65ec69c02431395641e86b3f9,bengali,fake,fft,fft_060_Apon Moner Baghe.mp3_22k.wav,42,10
88ec0cb850b38b5da5e616703733f450,bengali,fake,fft,fft_060_Apon Moner Baghe.mp3_22k.wav,43,10
3657b9a595c72995ee04146dfe7a6157,bengali,fake,fft,fft_060_Apon Moner Baghe.mp3_22k.wav,44,10
00bd8407dd3b15f46184f445f653a876,bengali,fake,fft,fft_061_Se Chokh Kothai Tomar.mp3_22k.wav,0,10
a11c0c08e70d997d8efeabc1892c5ac2,bengali,fake,fft,fft_061_Se Chokh Kothai Tomar.mp3_22k.wav,1,10
27e304d148c0a8ab1d48937438ead699,bengali,fake,fft,fft_061_Se Chokh Kothai Tomar.mp3_22k.wav,2,10
ad9184d7617ee232de7267cc2265b331,bengali,fake,fft,fft_061_Se Chokh Kothai Tomar.mp3_22k.wav,3,10
1231349f98aa0028fc49a0dcab6fb316,bengali,fake,fft,fft_061_Se Chokh Kothai Tomar.mp3_22k.wav,4,10
4442d3aafc455b50aca833ea19d474cb,bengali,fake,fft,fft_061_Se Chokh Kothai Tomar.mp3_22k.wav,5,10
cf62543e84ebda28aa94ebb1c3d89db3,bengali,fake,fft,fft_061_Se Chokh Kothai Tomar.mp3_22k.wav,6,10
a8ddf5be27b2b04d3ee296c6f8667e47,bengali,fake,fft,fft_061_Se Chokh Kothai Tomar.mp3_22k.wav,7,10
d920abfab535b3cd20424f0581ada79c,bengali,fake,fft,fft_061_Se Chokh Kothai Tomar.mp3_22k.wav,8,10
6dd8cc30f33fa19a120f8243d72acb54,bengali,fake,fft,fft_061_Se Chokh Kothai Tomar.mp3_22k.wav,9,10
5a8e32a32221e97a635707b9273fd8c5,bengali,fake,fft,fft_061_Se Chokh Kothai Tomar.mp3_22k.wav,10,10
f61804f58edad6850a093f75774a1ad0,bengali,fake,fft,fft_061_Se Chokh Kothai Tomar.mp3_22k.wav,11,10
cbdd5a050f63b203e1ec9ea18a1af149,bengali,fake,fft,fft_061_Se Chokh Kothai Tomar.mp3_22k.wav,12,10
b58dad5259551979afb7e73e9922790e,bengali,fake,fft,fft_061_Se Chokh Kothai Tomar.mp3_22k.wav,13,10
526bd4b8e6c7afc10d3382a0365d6aad,bengali,fake,fft,fft_061_Se Chokh Kothai Tomar.mp3_22k.wav,14,10
77876a735e3c644c70b3837cc8249193,bengali,fake,fft,fft_061_Se Chokh Kothai Tomar.mp3_22k.wav,15,10
0576724fceab8e2a7633eb8fd3015ec0,bengali,fake,fft,fft_061_Se Chokh Kothai Tomar.mp3_22k.wav,16,10
e09eec5138100da82648eeaafc0956f2,bengali,fake,fft,fft_062_Ami Je Kato Ekela.mp3_22k.wav,0,10
0c7703cb07d03cd1255ba8e7e00a745c,bengali,fake,fft,fft_062_Ami Je Kato Ekela.mp3_22k.wav,1,10
2e0e141dd9fcd1a6e0372e42e0a0c5e3,bengali,fake,fft,fft_062_Ami Je Kato Ekela.mp3_22k.wav,2,10
3cdf71d94e5a16104a2052b167e2dd31,bengali,fake,fft,fft_062_Ami Je Kato Ekela.mp3_22k.wav,3,10
a49676fb4b758ee9c748badae5b33afc,bengali,fake,fft,fft_062_Ami Je Kato Ekela.mp3_22k.wav,4,10
13cd93913ced45bc63a78969e9850efb,bengali,fake,fft,fft_062_Ami Je Kato Ekela.mp3_22k.wav,5,10
ce1e3718e15e0c8d22c95b5aac016d5e,bengali,fake,fft,fft_062_Ami Je Kato Ekela.mp3_22k.wav,6,10
fc725530955565610fd79c2583f6cf48,bengali,fake,fft,fft_062_Ami Je Kato Ekela.mp3_22k.wav,7,10
176f1eeeb8c008b643fea72654250dfd,bengali,fake,fft,fft_062_Ami Je Kato Ekela.mp3_22k.wav,8,10
a5d77e3c93cf316dbbc84ab257c3c46f,bengali,fake,fft,fft_062_Ami Je Kato Ekela.mp3_22k.wav,9,10
334e50212742f145e3df6a45fa157832,bengali,fake,fft,fft_062_Ami Je Kato Ekela.mp3_22k.wav,10,10
7270926c8430da19bb290d190a4f72c4,bengali,fake,fft,fft_062_Ami Je Kato Ekela.mp3_22k.wav,11,10
f3fd0e860b4af944ca6e881f1e36e999,bengali,fake,fft,fft_062_Ami Je Kato Ekela.mp3_22k.wav,12,10
f23378fb75e07fccfb689e6f7facbb72,bengali,fake,fft,fft_062_Ami Je Kato Ekela.mp3_22k.wav,13,10
01d5676b7f75e14292bc85a063b60238,bengali,fake,fft,fft_062_Ami Je Kato Ekela.mp3_22k.wav,14,10
734ada20850e924d256395d8fc0a1272,bengali,fake,fft,fft_062_Ami Je Kato Ekela.mp3_22k.wav,15,10
f5f5dcd18bb63a21cd4eb69c92a30303,bengali,fake,fft,fft_062_Ami Je Kato Ekela.mp3_22k.wav,16,10
2938b526d525f7f4383bd5569f9a7714,bengali,fake,fft,fft_062_Ami Je Kato Ekela.mp3_22k.wav,17,10
06183788069737bf306dce9180676efb,bengali,fake,fft,fft_062_Ami Je Kato Ekela.mp3_22k.wav,18,10
db969458eca7a0e2c5253f0b8534ebf9,bengali,fake,fft,fft_064_Say Hari Mynah Bird.mp3_22k.wav,0,10
3219661cc7c0737e92e8be5eb3557a90,bengali,fake,fft,fft_064_Say Hari Mynah Bird.mp3_22k.wav,1,10
9b74deb8957d162faaf203ce43309051,bengali,fake,fft,fft_064_Say Hari Mynah Bird.mp3_22k.wav,2,10
5cafaf7e2169f973fd5718eaa0696554,bengali,fake,fft,fft_064_Say Hari Mynah Bird.mp3_22k.wav,3,10
0a93af010e239dce8fe9353cf53c85e6,bengali,fake,fft,fft_064_Say Hari Mynah Bird.mp3_22k.wav,4,10
faaa1fb80ca9b6566fdb04355e9e04cc,bengali,fake,fft,fft_064_Say Hari Mynah Bird.mp3_22k.wav,5,10
e7b279678cac9776e4abaedf201e0344,bengali,fake,fft,fft_064_Say Hari Mynah Bird.mp3_22k.wav,6,10
ef502c7c5a66f297a1ce25aaf44fec7e,bengali,fake,fft,fft_064_Say Hari Mynah Bird.mp3_22k.wav,7,10
f9d3f4e7c0de8cfe2606ca3cab183362,bengali,fake,fft,fft_064_Say Hari Mynah Bird.mp3_22k.wav,8,10
cfe41926c9ccc13e0942092626cb7fef,bengali,fake,fft,fft_064_Say Hari Mynah Bird.mp3_22k.wav,9,10
35a6039f45b41600192a6aca7dbd83cc,bengali,fake,fft,fft_064_Say Hari Mynah Bird.mp3_22k.wav,10,10
26fb6fc72c2b95f317e60bf7a0f7192a,bengali,fake,fft,fft_064_Say Hari Mynah Bird.mp3_22k.wav,11,10
6325449a5159a3538a5a417d5d0b5ecc,bengali,fake,fft,fft_064_Say Hari Mynah Bird.mp3_22k.wav,12,10
d0d36f585eb99967214468ff30640e63,bengali,fake,fft,fft_064_Say Hari Mynah Bird.mp3_22k.wav,13,10
a04152f426a33ffb927bba8ac39a6394,bengali,fake,fft,fft_064_Say Hari Mynah Bird.mp3_22k.wav,14,10
df3317a676f3e59a0b76b42bd14b285d,bengali,fake,fft,fft_064_Say Hari Mynah Bird.mp3_22k.wav,15,10
4081bb0abc072e51116ae0316ea98b8e,bengali,fake,fft,fft_064_Say Hari Mynah Bird.mp3_22k.wav,16,10
1b87154a4f9be0e10dec267e1f812838,bengali,fake,fft,fft_064_Say Hari Mynah Bird.mp3_22k.wav,17,10
bb206890fd09d9d077ca51fe4148c80b,bengali,fake,fft,fft_064_Say Hari Mynah Bird.mp3_22k.wav,18,10
6c4639a39f2f0c35c0dfdff578bfecbe,bengali,fake,fft,fft_064_Say Hari Mynah Bird.mp3_22k.wav,19,10
f6342c3c0335d660e982536c27db96df,bengali,fake,fft,fft_064_Say Hari Mynah Bird.mp3_22k.wav,20,10
6c81e173e615423dcef9ecdbd43e1d13,bengali,fake,fft,fft_064_Say Hari Mynah Bird.mp3_22k.wav,21,10
2bfeff4c2f58a385a37f1c1c39132d97,bengali,fake,fft,fft_064_Say Hari Mynah Bird.mp3_22k.wav,22,10
58a67177433a12720b49cbbc6a5b5891,bengali,fake,fft,fft_064_Say Hari Mynah Bird.mp3_22k.wav,23,10
161320bece5b327102164447906a01c7,bengali,fake,fft,fft_064_Say Hari Mynah Bird.mp3_22k.wav,24,10
4f7b34983664a9853f18ef049128d032,bengali,fake,fft,fft_064_Say Hari Mynah Bird.mp3_22k.wav,25,10
e2f02df7091a0fbf13b31e19f043c05f,bengali,fake,fft,fft_064_Say Hari Mynah Bird.mp3_22k.wav,26,10
1edcd740b19a5dc39ea5cabcc10cc1a7,bengali,fake,fft,fft_064_Say Hari Mynah Bird.mp3_22k.wav,27,10
537a12962b1e06226b8e118407b4742a,bengali,fake,fft,fft_064_Say Hari Mynah Bird.mp3_22k.wav,28,10
ea8c84410e25c8cbb318ca5c5ca91e78,bengali,fake,fft,fft_064_Say Hari Mynah Bird.mp3_22k.wav,29,10
813b247d24c23fda4aa503676a977505,bengali,fake,fft,fft_064_Say Hari Mynah Bird.mp3_22k.wav,30,10
21e34eb2cc04de3c33e61f8ac3d5fbdf,bengali,fake,fft,fft_064_Say Hari Mynah Bird.mp3_22k.wav,31,10
46979ea0d0a7165444762ab7805e952b,bengali,fake,fft,fft_064_Say Hari Mynah Bird.mp3_22k.wav,32,10
b272113d39f07e03df99cdc3439520a2,bengali,fake,fft,fft_064_Say Hari Mynah Bird.mp3_22k.wav,33,10
013bdd5d46a59278fb3b81a533fb42f9,bengali,fake,fft,fft_064_Say Hari Mynah Bird.mp3_22k.wav,34,10
bcff4326e704316382ee2301d4a965ef,bengali,fake,fft,fft_064_Say Hari Mynah Bird.mp3_22k.wav,35,10
d5962ab4152b1f60d3f04be05a1d883c,bengali,fake,fft,fft_064_Say Hari Mynah Bird.mp3_22k.wav,36,10
52d1f73be1ece06f9ef5e55c3ebc8fb0,bengali,fake,fft,fft_064_Say Hari Mynah Bird.mp3_22k.wav,37,10
b63bf1bacb66f8eb40e458bf9d5329a1,bengali,fake,fft,fft_064_Say Hari Mynah Bird.mp3_22k.wav,38,10
6fb489b72d46bfa80395eb8410ba44d9,bengali,fake,fft,fft_064_Say Hari Mynah Bird.mp3_22k.wav,39,10
dde4fab9ea53f67f51d5956e1ae95438,bengali,fake,fft,fft_064_Say Hari Mynah Bird.mp3_22k.wav,40,10
561c5b532420079d6e2448858890ad4d,bengali,fake,fft,fft_064_Say Hari Mynah Bird.mp3_22k.wav,41,10
b9923499310940efaafa3a3cffae571e,bengali,fake,fft,fft_064_Say Hari Mynah Bird.mp3_22k.wav,42,10
7dab75307edd057d342d2090cec2252d,bengali,fake,fft,fft_064_Say Hari Mynah Bird.mp3_22k.wav,43,10
fb21e458c134e3ed79f9e7c61a7c4392,bengali,fake,fft,fft_064_Say Hari Mynah Bird.mp3_22k.wav,44,10
18e6507e3a676cf3df2d2ec4a5fca37e,bengali,fake,fft,fft_064_Say Hari Mynah Bird.mp3_22k.wav,45,10
cb086aa88573466cedacf43511158f87,bengali,fake,fft,fft_064_Say Hari Mynah Bird.mp3_22k.wav,46,10
fefcc7d90fe4a60512b2bbb646c685ae,bengali,fake,fft,fft_064_Say Hari Mynah Bird.mp3_22k.wav,47,10
d08dcbcbee854995026b23cd7fe84ee2,bengali,fake,fft,fft_064_Say Hari Mynah Bird.mp3_22k.wav,48,10
9b28f09d4b800d96f8fb4287133b14e6,bengali,fake,fft,fft_064_Say Hari Mynah Bird.mp3_22k.wav,49,10
01d1b403786d7ffdf2d2b2a062e11289,bengali,fake,fft,fft_064_Say Hari Mynah Bird.mp3_22k.wav,50,10
229bd418a86755b484901823e25fc8c4,bengali,fake,fft,fft_064_Say Hari Mynah Bird.mp3_22k.wav,51,10
65fcfebf9c2b2d5e43bdfb51caf212c9,bengali,fake,fft,fft_064_Say Hari Mynah Bird.mp3_22k.wav,52,10
b0db401ddc9b4700b6de29172c0e17a8,bengali,fake,fft,fft_064_Say Hari Mynah Bird.mp3_22k.wav,53,10
1528c0906649bc408074e171147405fd,bengali,fake,fft,fft_064_Say Hari Mynah Bird.mp3_22k.wav,54,10
ac84f10ff58a8f09155ee87fbd8aa7eb,bengali,fake,fft,fft_064_Say Hari Mynah Bird.mp3_22k.wav,55,10
d89c95ac0190d88c1e8c99138897a74b,bengali,fake,fft,fft_064_Say Hari Mynah Bird.mp3_22k.wav,56,10
3e408a7d9049f6b8de397755a768f24e,bengali,fake,fft,fft_064_Say Hari Mynah Bird.mp3_22k.wav,57,10
26dff465dbe4b057e2cb9582023055be,bengali,fake,fft,fft_067_Jonomo Morono Hobe Nibarono.mp3_22k.wav,0,10
bb2d7545c406594cc840d692d83c1dda,bengali,fake,fft,fft_067_Jonomo Morono Hobe Nibarono.mp3_22k.wav,1,10
f4331e98551fb6dc45ee539d47a09b39,bengali,fake,fft,fft_067_Jonomo Morono Hobe Nibarono.mp3_22k.wav,2,10
214bde5bd84c3681a61be8c309efefac,bengali,fake,fft,fft_067_Jonomo Morono Hobe Nibarono.mp3_22k.wav,3,10
612a319fcf6b96855c36cef05344fd59,bengali,fake,fft,fft_067_Jonomo Morono Hobe Nibarono.mp3_22k.wav,4,10
a50a6ea8680fd27e725a6ae0386d704c,bengali,fake,fft,fft_067_Jonomo Morono Hobe Nibarono.mp3_22k.wav,5,10
c4de0c9d10032b6c962321cfbe4027e1,bengali,fake,fft,fft_067_Jonomo Morono Hobe Nibarono.mp3_22k.wav,6,10
c11177ceee36f32c56aaa110825e97fd,bengali,fake,fft,fft_067_Jonomo Morono Hobe Nibarono.mp3_22k.wav,7,10
2a51aa5bbbe24e5c8a82296d9bed0b93,bengali,fake,fft,fft_067_Jonomo Morono Hobe Nibarono.mp3_22k.wav,8,10
3bd3615ac21af12f530917b1f7c027a4,bengali,fake,fft,fft_067_Jonomo Morono Hobe Nibarono.mp3_22k.wav,9,10
f5c9b3a87ef3a58bce12f5835f02455b,bengali,fake,fft,fft_067_Jonomo Morono Hobe Nibarono.mp3_22k.wav,10,10
17fa1da4415ed0a53faa3518d63261d4,bengali,fake,fft,fft_067_Jonomo Morono Hobe Nibarono.mp3_22k.wav,11,10
c8f2f05f0e0c92fa7301412c1d079071,bengali,fake,fft,fft_067_Jonomo Morono Hobe Nibarono.mp3_22k.wav,12,10
09afcffa92b2c21cb044c7e7716e95d4,bengali,fake,fft,fft_067_Jonomo Morono Hobe Nibarono.mp3_22k.wav,13,10
a3f0e539d4e8d4a3bdac31ad54e5679e,bengali,fake,fft,fft_067_Jonomo Morono Hobe Nibarono.mp3_22k.wav,14,10
3f3adc1cbfb80dccd241eaa4d7654bf8,bengali,fake,fft,fft_067_Jonomo Morono Hobe Nibarono.mp3_22k.wav,15,10
e2663ecadf1cb9fbbedb7133074eb221,bengali,fake,fft,fft_067_Jonomo Morono Hobe Nibarono.mp3_22k.wav,16,10
269a86795466b968e1df6281d522408b,bengali,fake,fft,fft_067_Jonomo Morono Hobe Nibarono.mp3_22k.wav,17,10
dd2923380efb0a8df49a890593efc3a4,bengali,fake,fft,fft_067_Jonomo Morono Hobe Nibarono.mp3_22k.wav,18,10
d510209eede77257b49f740afc95e595,bengali,fake,fft,fft_067_Jonomo Morono Hobe Nibarono.mp3_22k.wav,19,10
1cc1c2ba626966283233407b19de2d87,bengali,fake,fft,fft_067_Jonomo Morono Hobe Nibarono.mp3_22k.wav,20,10
5cabe171bc4ef19a6b0ce15e26753720,bengali,fake,fft,fft_067_Jonomo Morono Hobe Nibarono.mp3_22k.wav,21,10
2aee2cb199d5a2eb5f86b5982f9b17ea,bengali,fake,fft,fft_067_Jonomo Morono Hobe Nibarono.mp3_22k.wav,22,10
78d80b2e33d5536ebc07f66f49ad3d00,bengali,fake,fft,fft_067_Jonomo Morono Hobe Nibarono.mp3_22k.wav,23,10
941c1ca1c4daed59a644789d032c5a18,bengali,fake,fft,fft_067_Jonomo Morono Hobe Nibarono.mp3_22k.wav,24,10
450baf85651581f36041e751ef309327,bengali,fake,fft,fft_067_Jonomo Morono Hobe Nibarono.mp3_22k.wav,25,10
80487d9d77d50d704751582a9d08a84f,bengali,fake,fft,fft_067_Jonomo Morono Hobe Nibarono.mp3_22k.wav,26,10
e8c20f891bea25644f62cb9f5c51be0c,bengali,fake,fft,fft_067_Jonomo Morono Hobe Nibarono.mp3_22k.wav,27,10
9007dfd581ca45297ccca4f76b3a3f57,bengali,fake,fft,fft_067_Jonomo Morono Hobe Nibarono.mp3_22k.wav,28,10
8e62a0f4c5b61d75531addd380fb30ed,bengali,fake,fft,fft_067_Jonomo Morono Hobe Nibarono.mp3_22k.wav,29,10
bf4f2173bcfab0916f927f2c7e0a0ce0,bengali,fake,fft,fft_067_Jonomo Morono Hobe Nibarono.mp3_22k.wav,30,10
a898d50725030073953511561f998dc9,bengali,fake,fft,fft_067_Jonomo Morono Hobe Nibarono.mp3_22k.wav,31,10
180f31273b63f3de2b3de273d6d78096,bengali,fake,fft,fft_067_Jonomo Morono Hobe Nibarono.mp3_22k.wav,32,10
22a5fec68355e0ac80e8683810333633,bengali,fake,fft,fft_067_Jonomo Morono Hobe Nibarono.mp3_22k.wav,33,10
aceebe8d0f11dca632a06d7bbe2fef54,bengali,fake,fft,fft_067_Jonomo Morono Hobe Nibarono.mp3_22k.wav,34,10
dd36ff1cde18f232be2dd71bde067356,bengali,fake,fft,fft_067_Jonomo Morono Hobe Nibarono.mp3_22k.wav,35,10
e1c40f0daa01777069971920dcee4f3e,bengali,fake,fft,fft_067_Jonomo Morono Hobe Nibarono.mp3_22k.wav,36,10
72c1e8b6615310bac2604211056962b1,bengali,fake,fft,fft_067_Jonomo Morono Hobe Nibarono.mp3_22k.wav,37,10
b92fbd3ab259fda030c2a7a88366dfb1,bengali,fake,fft,fft_067_Jonomo Morono Hobe Nibarono.mp3_22k.wav,38,10
9c934669ef49d4ab5955afe00857809c,bengali,fake,fft,fft_067_Jonomo Morono Hobe Nibarono.mp3_22k.wav,39,10
be0787072eafd458469cf12c5f8497ca,bengali,fake,fft,fft_067_Jonomo Morono Hobe Nibarono.mp3_22k.wav,40,10
01aefb38c0f093c23a7068026c77807b,bengali,fake,fft,fft_067_Jonomo Morono Hobe Nibarono.mp3_22k.wav,41,10
0b46c7de71195c1a9b9bd7487c02cb1e,bengali,fake,fft,fft_067_Jonomo Morono Hobe Nibarono.mp3_22k.wav,42,10
ae356ae133f673e28fac7369868d92f3,bengali,fake,fft,fft_067_Jonomo Morono Hobe Nibarono.mp3_22k.wav,43,10
d0a34d4768ca41d32dde5440c4d3e573,bengali,fake,fft,fft_067_Jonomo Morono Hobe Nibarono.mp3_22k.wav,44,10
39259059824b992cc9e5c0843555e666,bengali,fake,fft,fft_067_Jonomo Morono Hobe Nibarono.mp3_22k.wav,45,10
cc398bb342eefff5acbf46fc87c3e0a2,bengali,fake,fft,fft_067_Jonomo Morono Hobe Nibarono.mp3_22k.wav,46,10
4cc5c01234a775eb5a3d231f01afe9aa,bengali,fake,fft,fft_067_Jonomo Morono Hobe Nibarono.mp3_22k.wav,47,10
76305783245c8b76388914a431c0889a,bengali,fake,fft,fft_067_Jonomo Morono Hobe Nibarono.mp3_22k.wav,48,10
c39a2313fa819cd5a7ff9ca01a738484,bengali,fake,fft,fft_067_Jonomo Morono Hobe Nibarono.mp3_22k.wav,49,10
7b56c4506a6c0e14215caec752516e56,bengali,fake,fft,fft_067_Jonomo Morono Hobe Nibarono.mp3_22k.wav,50,10
d60f5c44e499c16774342ab3a0c8872f,bengali,fake,fft,fft_067_Jonomo Morono Hobe Nibarono.mp3_22k.wav,51,10
8cb5b8a0bcc032781180aa6f99b51f9b,bengali,fake,fft,fft_067_Jonomo Morono Hobe Nibarono.mp3_22k.wav,52,10
423e161d7e9d518db32dbfc05ebbb076,bengali,fake,fft,fft_067_Jonomo Morono Hobe Nibarono.mp3_22k.wav,53,10
d54270931fad6fa12b4c3cc5ba67366f,bengali,fake,fft,fft_067_Jonomo Morono Hobe Nibarono.mp3_22k.wav,54,10
6555b7c49a056a75235918e87211b099,bengali,fake,fft,fft_067_Jonomo Morono Hobe Nibarono.mp3_22k.wav,55,10
7892bd2b1831bdf46bb9b79892e871c3,bengali,fake,fft,fft_067_Jonomo Morono Hobe Nibarono.mp3_22k.wav,56,10
1af345bb2f48c0c355edb26d05b6c754,bengali,fake,fft,fft_067_Jonomo Morono Hobe Nibarono.mp3_22k.wav,57,10
2128b99662417060ced14fa511f65a7b,bengali,fake,fft,fft_067_Jonomo Morono Hobe Nibarono.mp3_22k.wav,58,10
30b45065d1a50f69de77079a5147d727,bengali,fake,fft,fft_067_Jonomo Morono Hobe Nibarono.mp3_22k.wav,59,10
25b242d33792b34197ee68783826184b,bengali,fake,fft,fft_067_Jonomo Morono Hobe Nibarono.mp3_22k.wav,60,10
c40a96d8f281255cf67285d1a11d7a60,bengali,fake,fft,fft_067_Jonomo Morono Hobe Nibarono.mp3_22k.wav,61,10
8b8a3797a84de66c1e576fc69ada4b31,bengali,fake,fft,fft_067_Jonomo Morono Hobe Nibarono.mp3_22k.wav,62,10
5c48830b7ff647998fddd7b1672740f2,bengali,fake,fft,fft_067_Jonomo Morono Hobe Nibarono.mp3_22k.wav,63,10
4c934c05999beafd74734d833da5316a,bengali,fake,fft,fft_067_Jonomo Morono Hobe Nibarono.mp3_22k.wav,64,10
c0fac2fde6984a7144b5d4cb9c0ba14e,bengali,fake,fft,fft_067_Jonomo Morono Hobe Nibarono.mp3_22k.wav,65,10
0eec43cdabcd14c48eaf5e07161a0259,bengali,fake,fft,fft_067_Jonomo Morono Hobe Nibarono.mp3_22k.wav,66,10
aea583aaa8a917ecaaa1bafd42f66286,bengali,fake,fft,fft_067_Jonomo Morono Hobe Nibarono.mp3_22k.wav,67,10
1c1f32b91fd6de03229b06e2f2d11f06,bengali,fake,fft,fft_067_Jonomo Morono Hobe Nibarono.mp3_22k.wav,68,10
64397dae5f4cc713c8e817d8d1e4579a,bengali,fake,fft,fft_067_Jonomo Morono Hobe Nibarono.mp3_22k.wav,69,10
40af3b5f672b4e880c6ff1889c9c3639,bengali,fake,fft,fft_067_Jonomo Morono Hobe Nibarono.mp3_22k.wav,70,10
633d1a5469670b366d23585d52cc7e79,bengali,fake,fft,fft_067_Jonomo Morono Hobe Nibarono.mp3_22k.wav,71,10
494df5ba528f7b138992e1e6cd9b56aa,bengali,fake,fft,fft_067_Jonomo Morono Hobe Nibarono.mp3_22k.wav,72,10
a84f25a1bef195dce948f51ba2b33aaf,bengali,fake,fft,fft_067_Jonomo Morono Hobe Nibarono.mp3_22k.wav,73,10
0ae767028b2439396e23cda63301662e,bengali,fake,fft,fft_067_Jonomo Morono Hobe Nibarono.mp3_22k.wav,74,10
229c7db3b1d1dba6aa5fd18c66b6cda1,bengali,fake,fft,fft_067_Jonomo Morono Hobe Nibarono.mp3_22k.wav,75,10
058777d0a64d55ba44f928ec1aa4e7e5,bengali,fake,fft,fft_067_Jonomo Morono Hobe Nibarono.mp3_22k.wav,76,10
36d0d8fcbe136e31f31eac10be714ff5,bengali,fake,fft,fft_067_Jonomo Morono Hobe Nibarono.mp3_22k.wav,77,10
1991b828f880fabd4c1eafb8ce372997,bengali,fake,fft,fft_067_Jonomo Morono Hobe Nibarono.mp3_22k.wav,78,10
65ee96edc0bdcaa444c09adf5973a05e,bengali,fake,fft,fft_067_Jonomo Morono Hobe Nibarono.mp3_22k.wav,79,10
a0f95c9b864485395b9092226ad1ca17,bengali,fake,fft,fft_067_Jonomo Morono Hobe Nibarono.mp3_22k.wav,80,10
c7ead3cd5a24c9bb94bb82a871eadd3a,bengali,fake,fft,fft_067_Jonomo Morono Hobe Nibarono.mp3_22k.wav,81,10
1f3b100da82fbe7e30b8fe1fe0f59247,bengali,fake,fft,fft_067_Jonomo Morono Hobe Nibarono.mp3_22k.wav,82,10
6224343d2665300930acde8e40c05a7e,bengali,fake,fft,fft_067_Jonomo Morono Hobe Nibarono.mp3_22k.wav,83,10
55a1bfd5cb9522455b970ffb22941450,bengali,fake,fft,fft_067_Jonomo Morono Hobe Nibarono.mp3_22k.wav,84,10
b314a3db1755895639182368e6eed84d,bengali,fake,fft,fft_067_Jonomo Morono Hobe Nibarono.mp3_22k.wav,85,10
93ee65912edc5e905960689dfa885584,bengali,fake,fft,fft_067_Jonomo Morono Hobe Nibarono.mp3_22k.wav,86,10
c248e70d63cd62b95edbe6fd91193b21,bengali,fake,fft,fft_067_Jonomo Morono Hobe Nibarono.mp3_22k.wav,87,10
5ad60cf6d1fc7942fb89bf7c2d1fd026,bengali,fake,fft,fft_067_Jonomo Morono Hobe Nibarono.mp3_22k.wav,88,10
947a85c3b5269ff91b443d7aaf5bee6f,bengali,fake,fft,fft_067_Jonomo Morono Hobe Nibarono.mp3_22k.wav,89,10
aba75bfdefe14ee46370120921671332,bengali,fake,fft,fft_067_Jonomo Morono Hobe Nibarono.mp3_22k.wav,90,10
8b608a7e1fa1f489618ddf4c67740007,bengali,fake,fft,fft_067_Jonomo Morono Hobe Nibarono.mp3_22k.wav,91,10
c49d8f85fbd078f2072310e7b0ba9984,bengali,fake,fft,fft_067_Jonomo Morono Hobe Nibarono.mp3_22k.wav,92,10
3ac865644191f4722669231528646e50,bengali,fake,fft,fft_067_Jonomo Morono Hobe Nibarono.mp3_22k.wav,93,10
ecebc3efb86b4db200ad68c63ff72dba,bengali,fake,fft,fft_067_Jonomo Morono Hobe Nibarono.mp3_22k.wav,94,10
fe4ccb2deff3858eac09a50fbf75565e,bengali,fake,fft,fft_067_Jonomo Morono Hobe Nibarono.mp3_22k.wav,95,10
2b88c21588cc4617fd517809791a9de8,bengali,fake,fft,fft_067_Jonomo Morono Hobe Nibarono.mp3_22k.wav,96,10
bad8b67759e971967033debfb7dd7291,bengali,fake,fft,fft_067_Jonomo Morono Hobe Nibarono.mp3_22k.wav,97,10
1a246cc74c3548ac5c85b983119b7213,bengali,fake,fft,fft_067_Jonomo Morono Hobe Nibarono.mp3_22k.wav,98,10
39b371cf51572a2a991103665571968f,bengali,fake,fft,fft_067_Jonomo Morono Hobe Nibarono.mp3_22k.wav,99,10
5b8305ff55a4e430a4a2f3cf12071180,bengali,fake,fft,fft_067_Jonomo Morono Hobe Nibarono.mp3_22k.wav,100,10
45160219e203d49525ef29eef5193f99,bengali,fake,fft,fft_067_Jonomo Morono Hobe Nibarono.mp3_22k.wav,101,10
b17922b43fa4d3b3f82edc82a7223499,bengali,fake,fft,fft_067_Jonomo Morono Hobe Nibarono.mp3_22k.wav,102,10
d0922bb099fab41aa0394a874da018fe,bengali,fake,fft,fft_067_Jonomo Morono Hobe Nibarono.mp3_22k.wav,103,10
4bdae3409450cc58f7f48f51bb5f2b02,bengali,fake,fft,fft_067_Jonomo Morono Hobe Nibarono.mp3_22k.wav,104,10
3b2de030386c185b1932854dbfb4fc8a,bengali,fake,fft,fft_067_Jonomo Morono Hobe Nibarono.mp3_22k.wav,105,10
d3d92f60a4aa8fe034bfba485dd204c7,bengali,fake,fft,fft_067_Jonomo Morono Hobe Nibarono.mp3_22k.wav,106,10
3fbf447ec8ef797086efb61212cde539,bengali,fake,fft,fft_067_Jonomo Morono Hobe Nibarono.mp3_22k.wav,107,10
452d0c1bea0143c0c62a472cbc15f5e2,bengali,fake,fft,fft_067_Jonomo Morono Hobe Nibarono.mp3_22k.wav,108,10
215483c7783819f90a6e4ef58b3003c8,bengali,fake,fft,fft_067_Jonomo Morono Hobe Nibarono.mp3_22k.wav,109,10
095412abcbb581d09a3958022815499e,bengali,fake,fft,fft_067_Jonomo Morono Hobe Nibarono.mp3_22k.wav,110,10
38eacd8e998253750abf29d779e38adf,bengali,fake,fft,fft_067_Jonomo Morono Hobe Nibarono.mp3_22k.wav,111,10
80c092855e765695b99667ae607cae1f,bengali,fake,fft,fft_067_Jonomo Morono Hobe Nibarono.mp3_22k.wav,112,10
55ebe5606e4c1c58e3e8511a79bb90ff,bengali,fake,fft,fft_067_Jonomo Morono Hobe Nibarono.mp3_22k.wav,113,10
9e129c47189bf85881856c2718816a34,bengali,fake,fft,fft_067_Jonomo Morono Hobe Nibarono.mp3_22k.wav,114,10
b537b14381e4320df59ae426cd910c02,bengali,fake,fft,fft_067_Jonomo Morono Hobe Nibarono.mp3_22k.wav,115,10
2f26c881dc0f82aaf8230288cf446950,bengali,fake,fft,fft_067_Jonomo Morono Hobe Nibarono.mp3_22k.wav,116,10
07d14e75845b4986ccfc5967ae9f08cc,bengali,fake,fft,fft_067_Jonomo Morono Hobe Nibarono.mp3_22k.wav,117,10
7589afc22b758e847dd5ae1e531c789a,bengali,fake,fft,fft_067_Jonomo Morono Hobe Nibarono.mp3_22k.wav,118,10
778b1bb5326d833e6eae9a3dc423264a,bengali,fake,fft,fft_067_Jonomo Morono Hobe Nibarono.mp3_22k.wav,119,10
8db4679d3aad69c3b302dd7412120d1c,bengali,fake,fft,fft_067_Jonomo Morono Hobe Nibarono.mp3_22k.wav,120,10
c2603094f3ee2ff9c56ed87f8ab70f8a,bengali,fake,fft,fft_067_Jonomo Morono Hobe Nibarono.mp3_22k.wav,121,10
f5caeb166c3769cdc854d33d291f433c,bengali,fake,fft,fft_067_Jonomo Morono Hobe Nibarono.mp3_22k.wav,122,10
ad75df5c3c30a068ad4e27f54e023aab,bengali,fake,fft,fft_067_Jonomo Morono Hobe Nibarono.mp3_22k.wav,123,10
1e17a2ec73a3310066f38ee9cdb64577,bengali,fake,fft,fft_067_Jonomo Morono Hobe Nibarono.mp3_22k.wav,124,10
2e9876da70db9fca8fe49105802da441,bengali,fake,fft,fft_067_Jonomo Morono Hobe Nibarono.mp3_22k.wav,125,10
e09ba263bf300d20a2d3cf8ba78fb2fb,bengali,fake,fft,fft_067_Jonomo Morono Hobe Nibarono.mp3_22k.wav,126,10
36344cb4334af704640c804e786a1936,bengali,fake,fft,fft_067_Jonomo Morono Hobe Nibarono.mp3_22k.wav,127,10
bbacaa8724605f9c3aa26766e333c47b,bengali,fake,fft,fft_067_Jonomo Morono Hobe Nibarono.mp3_22k.wav,128,10
fbec0ef076dbf1cf759279b906f96c7b,bengali,fake,fft,fft_067_Jonomo Morono Hobe Nibarono.mp3_22k.wav,129,10
966c36eb4cb656b906a121f452d2483a,bengali,fake,fft,fft_067_Jonomo Morono Hobe Nibarono.mp3_22k.wav,130,10
3ca3c7212f2e09142dd550949e104600,bengali,fake,fft,fft_067_Jonomo Morono Hobe Nibarono.mp3_22k.wav,131,10
70e55cc0e99486b45f4058fc90fdba3f,bengali,fake,fft,fft_067_Jonomo Morono Hobe Nibarono.mp3_22k.wav,132,10
5a95a07111e769919f99639b5afc6083,bengali,fake,fft,fft_067_Jonomo Morono Hobe Nibarono.mp3_22k.wav,133,10
f66cecc8f50519fccc06fbae13c8af91,bengali,fake,fft,fft_067_Jonomo Morono Hobe Nibarono.mp3_22k.wav,134,10
61fc6f095aeb2538c29120a9c111f419,bengali,fake,fft,fft_067_Jonomo Morono Hobe Nibarono.mp3_22k.wav,135,10
5f0ec2184be6a626951cd142dd333dd1,bengali,fake,fft,fft_067_Jonomo Morono Hobe Nibarono.mp3_22k.wav,136,10
563ef38c80c2c8e468cd2251f3c776bd,bengali,fake,fft,fft_067_Jonomo Morono Hobe Nibarono.mp3_22k.wav,137,10
50996d7955c31bc905f95e1e80f3ce39,bengali,fake,fft,fft_067_Jonomo Morono Hobe Nibarono.mp3_22k.wav,138,10
bb74815820d5c0848273b04ab57517e2,bengali,fake,fft,fft_067_Jonomo Morono Hobe Nibarono.mp3_22k.wav,139,10
f6d05a330f018e7b4be0ecb0132734a9,bengali,fake,fft,fft_067_Jonomo Morono Hobe Nibarono.mp3_22k.wav,140,10
a3f298e08bb59c9cc6bcbc54f8731fae,bengali,fake,fft,fft_067_Jonomo Morono Hobe Nibarono.mp3_22k.wav,141,10
2fd7ed60cd29488c58d6f6c68de6ee0a,bengali,fake,fft,fft_067_Jonomo Morono Hobe Nibarono.mp3_22k.wav,142,10
0991fa854004dc4a013d6ad2910d1342,bengali,fake,fft,fft_067_Jonomo Morono Hobe Nibarono.mp3_22k.wav,143,10
e403e46eb95f4007cf73b9a767970b61,bengali,fake,fft,fft_067_Jonomo Morono Hobe Nibarono.mp3_22k.wav,144,10
509ee329245af2ecb2e760efff2ad6e9,bengali,fake,fft,fft_067_Jonomo Morono Hobe Nibarono.mp3_22k.wav,145,10
43b5ae273bf5e6c43a658e4b4a64eda6,bengali,fake,fft,fft_067_Jonomo Morono Hobe Nibarono.mp3_22k.wav,146,10
1689a15484943de96694d407ad2f8210,bengali,fake,fft,fft_067_Jonomo Morono Hobe Nibarono.mp3_22k.wav,147,10
d41ef44142ce770e00f1135c3f9490ab,bengali,fake,fft,fft_067_Jonomo Morono Hobe Nibarono.mp3_22k.wav,148,10
0d4b982a9fe8a28b1f20d1db3156ecb6,bengali,fake,fft,fft_067_Jonomo Morono Hobe Nibarono.mp3_22k.wav,149,10
264653ee78fa5294fd9f68ea04202703,bengali,fake,fft,fft_067_Jonomo Morono Hobe Nibarono.mp3_22k.wav,150,10
3e7a22fa5960a9460bdb9149a190dc5c,bengali,fake,fft,fft_067_Jonomo Morono Hobe Nibarono.mp3_22k.wav,151,10
11eab34bcd684041f5eaa9e949443832,bengali,fake,fft,fft_067_Jonomo Morono Hobe Nibarono.mp3_22k.wav,152,10
cea60e3f1095bac88fc7de13b98daef7,bengali,fake,fft,fft_068_Ami Tomar Lageya Re.mp3_22k.wav,0,10
16a1ff5770cb50c7ffa8a9760501736d,bengali,fake,fft,fft_068_Ami Tomar Lageya Re.mp3_22k.wav,1,10
c7a98cc081d5d74797da29c2c10129fb,bengali,fake,fft,fft_068_Ami Tomar Lageya Re.mp3_22k.wav,2,10
e13fc44c2cfc79c0442d11ef098b045b,bengali,fake,fft,fft_068_Ami Tomar Lageya Re.mp3_22k.wav,3,10
578c6288179c4c06cb9fe406f607c803,bengali,fake,fft,fft_068_Ami Tomar Lageya Re.mp3_22k.wav,4,10
3ae4632434b3523f89f972ba858dfcf9,bengali,fake,fft,fft_068_Ami Tomar Lageya Re.mp3_22k.wav,5,10
c080adeaceb4e13bdf7209431d1454e9,bengali,fake,fft,fft_068_Ami Tomar Lageya Re.mp3_22k.wav,6,10
3f47dcf5050cd1aed064a4bf3a2a43e6,bengali,fake,fft,fft_068_Ami Tomar Lageya Re.mp3_22k.wav,7,10
f30faecc46e2c1938e3e5c11515e4cd1,bengali,fake,fft,fft_068_Ami Tomar Lageya Re.mp3_22k.wav,8,10
04658be21f0fe583528c517c0da4d110,bengali,fake,fft,fft_068_Ami Tomar Lageya Re.mp3_22k.wav,9,10
8ad0d6d7b4617eee6814042bf8a865a7,bengali,fake,fft,fft_068_Ami Tomar Lageya Re.mp3_22k.wav,10,10
3015494af13f4fb4d07e98ea74d2686d,bengali,fake,fft,fft_068_Ami Tomar Lageya Re.mp3_22k.wav,11,10
b4601e103d6cd6c429ed902ed6a21634,bengali,fake,fft,fft_068_Ami Tomar Lageya Re.mp3_22k.wav,12,10
68a6fe5a712afa17f287bab49c81aa35,bengali,fake,fft,fft_068_Ami Tomar Lageya Re.mp3_22k.wav,13,10
0f12ea8fde2f10a8e0ed8faab4a3c956,bengali,fake,fft,fft_068_Ami Tomar Lageya Re.mp3_22k.wav,14,10
9f4d1416135f632e517d850cfabef427,bengali,fake,fft,fft_068_Ami Tomar Lageya Re.mp3_22k.wav,15,10
dd7b7fdd8234330c91150386244cb1c2,bengali,fake,fft,fft_068_Ami Tomar Lageya Re.mp3_22k.wav,16,10
d60e852114bbbc0c794f63d1f84006a0,bengali,fake,fft,fft_068_Ami Tomar Lageya Re.mp3_22k.wav,17,10
4b7520e343fb01677e005459880e12e8,bengali,fake,fft,fft_068_Ami Tomar Lageya Re.mp3_22k.wav,18,10
708812bc7e05b0219892403f4c0806c3,bengali,fake,fft,fft_068_Ami Tomar Lageya Re.mp3_22k.wav,19,10
50f5cf13ddbc5f73f98c553574602081,bengali,fake,fft,fft_068_Ami Tomar Lageya Re.mp3_22k.wav,20,10
352b812851a0a8dbed4731329c5fb540,bengali,fake,fft,fft_068_Ami Tomar Lageya Re.mp3_22k.wav,21,10
6d570231387f2fb651eff4b97e258c3e,bengali,fake,fft,fft_068_Ami Tomar Lageya Re.mp3_22k.wav,22,10
a6636f1bdf3e1043b2d64f94169b102e,bengali,fake,fft,fft_068_Ami Tomar Lageya Re.mp3_22k.wav,23,10
e1160ce9c9cbe8f4906af6b1c52fc818,bengali,fake,fft,fft_068_Ami Tomar Lageya Re.mp3_22k.wav,24,10
e39d3c8983fff55b8b41ef8bd0a889f5,bengali,fake,fft,fft_068_Ami Tomar Lageya Re.mp3_22k.wav,25,10
cee6fb310bb0ba2f32b7612de58cc2ce,bengali,fake,fft,fft_068_Ami Tomar Lageya Re.mp3_22k.wav,26,10
7261d4e1d0fd1b606b09bc6cf2a1e567,bengali,fake,fft,fft_068_Ami Tomar Lageya Re.mp3_22k.wav,27,10
c07ad6ce483786f91ec913ad47a9aa79,bengali,fake,fft,fft_068_Ami Tomar Lageya Re.mp3_22k.wav,28,10
b30c677d88b1cd45f09bec6cb554e4f9,bengali,fake,fft,fft_068_Ami Tomar Lageya Re.mp3_22k.wav,29,10
76f052c0c2e607ccc11745bacea7e80b,bengali,fake,fft,fft_068_Ami Tomar Lageya Re.mp3_22k.wav,30,10
9bf1c134401f8d626737c1ac9e7835eb,bengali,fake,fft,fft_068_Ami Tomar Lageya Re.mp3_22k.wav,31,10
b24147a7249d66445e58b44ba7972674,bengali,fake,fft,fft_068_Ami Tomar Lageya Re.mp3_22k.wav,32,10
05184623d7cfcfc8d18e6415f7003ecc,bengali,fake,fft,fft_068_Ami Tomar Lageya Re.mp3_22k.wav,33,10
8ed5831bd57eee47554f97e404aa8552,bengali,fake,fft,fft_068_Ami Tomar Lageya Re.mp3_22k.wav,34,10
e57e72363f5d48ca1a0810a643f55299,bengali,fake,fft,fft_068_Ami Tomar Lageya Re.mp3_22k.wav,35,10
f404769f2536faee1ed642decfa5cfa3,bengali,fake,fft,fft_068_Ami Tomar Lageya Re.mp3_22k.wav,36,10
019d0ef4573ee6cc593789283a28bc31,bengali,fake,fft,fft_068_Ami Tomar Lageya Re.mp3_22k.wav,37,10
37c5e0dca2836e90f9c117bf028c9ebf,bengali,fake,fft,fft_068_Ami Tomar Lageya Re.mp3_22k.wav,38,10
81cbee6a4c6d7946a2fc8e2dda2496fe,bengali,fake,fft,fft_068_Ami Tomar Lageya Re.mp3_22k.wav,39,10
a14c51e591af8c1b130d77d5d1469967,bengali,fake,fft,fft_068_Ami Tomar Lageya Re.mp3_22k.wav,40,10
e344eb415283e7f2dc182b18c91485f5,bengali,fake,fft,fft_068_Ami Tomar Lageya Re.mp3_22k.wav,41,10
d1667b88be26f8b25f1f22b64207a8c6,bengali,fake,fft,fft_068_Ami Tomar Lageya Re.mp3_22k.wav,42,10
9cd4912f53877ad1e4bf9210315ef1b4,bengali,fake,fft,fft_068_Ami Tomar Lageya Re.mp3_22k.wav,43,10
0f9f3d6c757eaa72611562d95e029b2d,bengali,fake,fft,fft_068_Ami Tomar Lageya Re.mp3_22k.wav,44,10
a7f50772d92adf590db554619b16a43c,bengali,fake,fft,fft_068_Ami Tomar Lageya Re.mp3_22k.wav,45,10
2af6f01fab0bb94373d7f06dc1a9d556,bengali,fake,fft,fft_068_Ami Tomar Lageya Re.mp3_22k.wav,46,10
d84c2a794aa172f5760627ac04b81135,bengali,fake,fft,fft_068_Ami Tomar Lageya Re.mp3_22k.wav,47,10
d15f7cad604eedd45888d2010d5989d6,bengali,fake,fft,fft_068_Ami Tomar Lageya Re.mp3_22k.wav,48,10
640d36cf13f45f1025e577322f7021b8,bengali,fake,fft,fft_068_Ami Tomar Lageya Re.mp3_22k.wav,49,10
3f73e73816250494a15b6b93c35ec53d,bengali,fake,fft,fft_068_Ami Tomar Lageya Re.mp3_22k.wav,50,10
e34383b3e7ba0a967c654f30d295966b,bengali,fake,fft,fft_068_Ami Tomar Lageya Re.mp3_22k.wav,51,10
b768e8c1ed6a0c368f32cceb29d4967b,bengali,fake,fft,fft_068_Ami Tomar Lageya Re.mp3_22k.wav,52,10
16ecc7694f8b599dc347ab78070857cb,bengali,fake,fft,fft_068_Ami Tomar Lageya Re.mp3_22k.wav,53,10
569a91701f6115615e9913211291d30a,bengali,fake,fft,fft_068_Ami Tomar Lageya Re.mp3_22k.wav,54,10
b5b20f4a8d2de17f2b7077edd35e1dcf,bengali,fake,fft,fft_068_Ami Tomar Lageya Re.mp3_22k.wav,55,10
f696d6bb4ef633b971c384130f027863,bengali,fake,fft,fft_068_Ami Tomar Lageya Re.mp3_22k.wav,56,10
bda81dec0097c8ec861adc2ec690d03a,bengali,fake,fft,fft_068_Ami Tomar Lageya Re.mp3_22k.wav,57,10
6173a7667205bc855366c57436698339,bengali,fake,fft,fft_068_Ami Tomar Lageya Re.mp3_22k.wav,58,10
da1357756c99d170829d9fb9b810fad1,bengali,fake,fft,fft_068_Ami Tomar Lageya Re.mp3_22k.wav,59,10
c99426e2c6212907059075341551be07,bengali,fake,fft,fft_068_Ami Tomar Lageya Re.mp3_22k.wav,60,10
1ccb231ba3cca72a79cc01b5246f12a8,bengali,fake,fft,fft_068_Ami Tomar Lageya Re.mp3_22k.wav,61,10
37f8498d3f7db77d1e709a03f0739586,bengali,fake,fft,fft_068_Ami Tomar Lageya Re.mp3_22k.wav,62,10
fe7538a089caeca61ea010c1f7d98b10,bengali,fake,fft,fft_068_Ami Tomar Lageya Re.mp3_22k.wav,63,10
7d58a5ec5288e5e840e9d2f3a66e39cd,bengali,fake,fft,fft_068_Ami Tomar Lageya Re.mp3_22k.wav,64,10
8a5eef4857bc7442340471291647ea43,bengali,fake,fft,fft_068_Ami Tomar Lageya Re.mp3_22k.wav,65,10
5073243c543a9d38413d5f26a677b236,bengali,fake,fft,fft_068_Ami Tomar Lageya Re.mp3_22k.wav,66,10
13a05de28a1bc2dc8706605da8cf7fef,bengali,fake,fft,fft_068_Ami Tomar Lageya Re.mp3_22k.wav,67,10
79285e75eb67d811e00b955a571469d7,bengali,fake,fft,fft_068_Ami Tomar Lageya Re.mp3_22k.wav,68,10
f230ed6626c3123a2d335334fce53344,bengali,fake,fft,fft_068_Ami Tomar Lageya Re.mp3_22k.wav,69,10
4122f0c176473893cf3faaf59ad47698,bengali,fake,fft,fft_068_Ami Tomar Lageya Re.mp3_22k.wav,70,10
c06028702ba5e46af6d44c10469b514a,bengali,fake,fft,fft_068_Ami Tomar Lageya Re.mp3_22k.wav,71,10
578e8aa2407bdd654d2dbe778ec5674d,bengali,fake,fft,fft_069_Aaji Milan Basar Priya.mp3_22k.wav,0,10
d7485a263994452e35c8f6d57bac2c54,bengali,fake,fft,fft_069_Aaji Milan Basar Priya.mp3_22k.wav,1,10
9ccd481b9af97edef57082cc9d869d2f,bengali,fake,fft,fft_069_Aaji Milan Basar Priya.mp3_22k.wav,2,10
22d51d191d680eb77de2f0aa9b081d9b,bengali,fake,fft,fft_069_Aaji Milan Basar Priya.mp3_22k.wav,3,10
4519f7230ff707256e111978fb7b25ac,bengali,fake,fft,fft_069_Aaji Milan Basar Priya.mp3_22k.wav,4,10
14251024a5bcb9366b49338744804542,bengali,fake,fft,fft_069_Aaji Milan Basar Priya.mp3_22k.wav,5,10
78a17c70180c5815da856a2f1cf4c7ac,bengali,fake,fft,fft_069_Aaji Milan Basar Priya.mp3_22k.wav,6,10
814b15e59558fa663d5ceab29ed4ce28,bengali,fake,fft,fft_069_Aaji Milan Basar Priya.mp3_22k.wav,7,10
ca63cc26be0623a672dde2dbcd49cd5b,bengali,fake,fft,fft_069_Aaji Milan Basar Priya.mp3_22k.wav,8,10
155e4414cd9efab89851d901dfd6528b,bengali,fake,fft,fft_069_Aaji Milan Basar Priya.mp3_22k.wav,9,10
5c19a340a111e573d0868f4cceee351a,bengali,fake,fft,fft_069_Aaji Milan Basar Priya.mp3_22k.wav,10,10
22526e9cf0429dcf06ca5681c3715b99,bengali,fake,fft,fft_069_Aaji Milan Basar Priya.mp3_22k.wav,11,10
ea2dbebd26a2757966efb71feacc1035,bengali,fake,fft,fft_069_Aaji Milan Basar Priya.mp3_22k.wav,12,10
4e841d1cf79896de24a8a3d96822b539,bengali,fake,fft,fft_069_Aaji Milan Basar Priya.mp3_22k.wav,13,10
56a16f633e77dba05a9db8dbb9bc1195,bengali,fake,fft,fft_069_Aaji Milan Basar Priya.mp3_22k.wav,14,10
e0b9d2ef7dda2d0f34d6297f124a6b98,bengali,fake,fft,fft_069_Aaji Milan Basar Priya.mp3_22k.wav,15,10
8f9f8ae2a240f7163de425fc274155e9,bengali,fake,fft,fft_069_Aaji Milan Basar Priya.mp3_22k.wav,16,10
93887d16b98f6fa387c377045468999c,bengali,fake,fft,fft_069_Aaji Milan Basar Priya.mp3_22k.wav,17,10
fe8d68a2f58b849b1ff76c856b231207,bengali,fake,fft,fft_069_Aaji Milan Basar Priya.mp3_22k.wav,18,10
c9e3b097925f367a042830275b8b4466,bengali,fake,fft,fft_069_Aaji Milan Basar Priya.mp3_22k.wav,19,10
ca5e0598a868a5b474ab8939cd96b1f1,bengali,fake,fft,fft_069_Aaji Milan Basar Priya.mp3_22k.wav,20,10
ffa8b78f1e423787d43d6d5b066ef539,bengali,fake,fft,fft_069_Aaji Milan Basar Priya.mp3_22k.wav,21,10
7508227fbade5a7746a7677b44b8df3a,bengali,fake,fft,fft_069_Aaji Milan Basar Priya.mp3_22k.wav,22,10
9a022c9e9a58776a54e0ea3a31f152f7,bengali,fake,fft,fft_069_Aaji Milan Basar Priya.mp3_22k.wav,23,10
f3778876415a6285f74c6e655a19b4f1,bengali,fake,fft,fft_069_Aaji Milan Basar Priya.mp3_22k.wav,24,10
dc4970eb2e7d17af3567e5c071631a26,bengali,fake,fft,fft_069_Aaji Milan Basar Priya.mp3_22k.wav,25,10
94eaecfd3722fdcdaa0b2105d27a35df,bengali,fake,fft,fft_069_Aaji Milan Basar Priya.mp3_22k.wav,26,10
3a47fda2268e52bf5602f500665b0272,bengali,fake,fft,fft_069_Aaji Milan Basar Priya.mp3_22k.wav,27,10
ec3063c1a739ac0505dbd04649b7d81f,bengali,fake,fft,fft_069_Aaji Milan Basar Priya.mp3_22k.wav,28,10
8bd06e394ee8bae070193ab600d8d93b,bengali,fake,fft,fft_069_Aaji Milan Basar Priya.mp3_22k.wav,29,10
3f9cc5f744810c51538295b653fcb7db,bengali,fake,fft,fft_069_Aaji Milan Basar Priya.mp3_22k.wav,30,10
4f4e73f72b3f62069c3f23bf395bb733,bengali,fake,fft,fft_069_Aaji Milan Basar Priya.mp3_22k.wav,31,10
e786b12209957cf8ba5820cd31686cf1,bengali,fake,fft,fft_069_Aaji Milan Basar Priya.mp3_22k.wav,32,10
5f0e415b83237fbb502a63cfdb4d3c08,bengali,fake,fft,fft_069_Aaji Milan Basar Priya.mp3_22k.wav,33,10
2b70d00675194d74924dc797a0a09ef4,bengali,fake,fft,fft_069_Aaji Milan Basar Priya.mp3_22k.wav,34,10
fd080fd9258e512eb3c81a6a04288376,bengali,fake,fft,fft_069_Aaji Milan Basar Priya.mp3_22k.wav,35,10
b67fb56022559e6d3127d99704b56ef5,bengali,fake,fft,fft_069_Aaji Milan Basar Priya.mp3_22k.wav,36,10
dbea9e93ce32a65015e4b52decc0610a,bengali,fake,fft,fft_069_Aaji Milan Basar Priya.mp3_22k.wav,37,10
98dbbb5af18f99a823b86b5705e98e46,bengali,fake,fft,fft_069_Aaji Milan Basar Priya.mp3_22k.wav,38,10
c5ea3b077c2f9ad629307e93c2b644b9,bengali,fake,fft,fft_069_Aaji Milan Basar Priya.mp3_22k.wav,39,10
33dd26b8394053e5d9ba6c5f19d698ac,bengali,fake,fft,fft_069_Aaji Milan Basar Priya.mp3_22k.wav,40,10
2b2782b17fb114f37ef4ed1e43dbfb75,bengali,fake,fft,fft_069_Aaji Milan Basar Priya.mp3_22k.wav,41,10
216e0db7e3da57f5ecc4f1aed198f629,bengali,fake,fft,fft_069_Aaji Milan Basar Priya.mp3_22k.wav,42,10
30f9cf5a4d9fbae0690445f78a8468c1,bengali,fake,fft,fft_069_Aaji Milan Basar Priya.mp3_22k.wav,43,10
85bc61e16e56f36a85d8d6375f959c6d,bengali,fake,fft,fft_069_Aaji Milan Basar Priya.mp3_22k.wav,44,10
724e48a614988b05418c93c79895a566,bengali,fake,fft,fft_069_Aaji Milan Basar Priya.mp3_22k.wav,45,10
8d343a091e8ee475e02568635737d23f,bengali,fake,fft,fft_069_Aaji Milan Basar Priya.mp3_22k.wav,46,10
038f27eec8cb5f49c9fdee890d584d20,bengali,fake,fft,fft_072_O Amar Chandramallika.mp3_22k.wav,0,10
5fc5d07469728506404f4d70e0e9e4f5,bengali,fake,fft,fft_072_O Amar Chandramallika.mp3_22k.wav,1,10
c6d6cc3157b17e14f3d91908fabc8b90,bengali,fake,fft,fft_072_O Amar Chandramallika.mp3_22k.wav,2,10
4761dac2d364354ff4517ef97538ed8d,bengali,fake,fft,fft_072_O Amar Chandramallika.mp3_22k.wav,3,10
8894774688d6b75634fcac539a786848,bengali,fake,fft,fft_072_O Amar Chandramallika.mp3_22k.wav,4,10
2ca0f799f0884dd3fca7462720ec448b,bengali,fake,fft,fft_072_O Amar Chandramallika.mp3_22k.wav,5,10
94f297175d72ee55a22b7fa587285b72,bengali,fake,fft,fft_072_O Amar Chandramallika.mp3_22k.wav,6,10
90c66ca966cf1469f50eeec01111b0fb,bengali,fake,fft,fft_072_O Amar Chandramallika.mp3_22k.wav,7,10
8e8ef12c1e04867c485871ba42a0e634,bengali,fake,fft,fft_072_O Amar Chandramallika.mp3_22k.wav,8,10
9d4ee7e94de89913b458fad83b9c1e7c,bengali,fake,fft,fft_072_O Amar Chandramallika.mp3_22k.wav,9,10
33e6af290b3b25407cb1586a4e6f527f,bengali,fake,fft,fft_072_O Amar Chandramallika.mp3_22k.wav,10,10
4e0e63b427d1ddcc33a22231e121a8ea,bengali,fake,fft,fft_072_O Amar Chandramallika.mp3_22k.wav,11,10
072017700a85ec8ae74059cb498536f1,bengali,fake,fft,fft_072_O Amar Chandramallika.mp3_22k.wav,12,10
64a38cc8977980ff8f08fd3013c1dcbd,bengali,fake,fft,fft_072_O Amar Chandramallika.mp3_22k.wav,13,10
d806929226b9ffb5a6c5987f2a423dbf,bengali,fake,fft,fft_072_O Amar Chandramallika.mp3_22k.wav,14,10
2f883c693a8b4bbf6a853a9d2cea62fa,bengali,fake,fft,fft_072_O Amar Chandramallika.mp3_22k.wav,15,10
8bd564635450b620b6ccc2eebfc5f957,bengali,fake,fft,fft_072_O Amar Chandramallika.mp3_22k.wav,16,10
0a983253ad3cf2750aa892cb164e447b,bengali,fake,fft,fft_072_O Amar Chandramallika.mp3_22k.wav,17,10
c4a5a9b303f5eda0ad1438f54fb8e5d7,bengali,fake,fft,fft_072_O Amar Chandramallika.mp3_22k.wav,18,10
0229d35438eaf232ec0b265484b4450d,bengali,fake,fft,fft_072_O Amar Chandramallika.mp3_22k.wav,19,10
61cd98c664f62002e0346127c3864195,bengali,fake,fft,fft_074_Purbo Digontey.mp3_22k.wav,0,10
7f2a409b41b79a95b7ca3ae4dd333f71,bengali,fake,fft,fft_074_Purbo Digontey.mp3_22k.wav,1,10
75a4253aab68da3f0e2b6b8d8ed94820,bengali,fake,fft,fft_074_Purbo Digontey.mp3_22k.wav,2,10
f837f8fdad23b8cad120cb057cd049fc,bengali,fake,fft,fft_074_Purbo Digontey.mp3_22k.wav,3,10
a38c020f292ebfdb63b5063e14b0932e,bengali,fake,fft,fft_074_Purbo Digontey.mp3_22k.wav,4,10
11a596292c2944db9a14fac6287f42d4,bengali,fake,fft,fft_074_Purbo Digontey.mp3_22k.wav,5,10
e5b19409a03e51effaa5740d9794eef8,bengali,fake,fft,fft_074_Purbo Digontey.mp3_22k.wav,6,10
47efbcf08d6e7fba542f713d9d537a44,bengali,fake,fft,fft_074_Purbo Digontey.mp3_22k.wav,7,10
65507e9cac52f6bff146bca7e6e53796,bengali,fake,fft,fft_074_Purbo Digontey.mp3_22k.wav,8,10
2380f00f3793aa035065875b4f686667,bengali,fake,fft,fft_074_Purbo Digontey.mp3_22k.wav,9,10
5dd636fe309c7e66265274d4c2d2be7d,bengali,fake,fft,fft_074_Purbo Digontey.mp3_22k.wav,10,10
d3762cd28ccf97dab99dd3078e85b850,bengali,fake,fft,fft_074_Purbo Digontey.mp3_22k.wav,11,10
a0a46244f5986a9cfe257526c312ebc9,bengali,fake,fft,fft_074_Purbo Digontey.mp3_22k.wav,12,10
07835cd09153e8bbaee580aca9a536f6,bengali,fake,fft,fft_075_Milon Hobe Koto Dine.mp3_22k.wav,0,10
465f36291e008e2d605b80111c5bff9b,bengali,fake,fft,fft_075_Milon Hobe Koto Dine.mp3_22k.wav,1,10
44030f33ce21e3b11e35d5dbf770153f,bengali,fake,fft,fft_075_Milon Hobe Koto Dine.mp3_22k.wav,2,10
adbc2ac9505a6c75058823303592cb51,bengali,fake,fft,fft_075_Milon Hobe Koto Dine.mp3_22k.wav,3,10
3f729e647aab95d9f9d73f35eb15a237,bengali,fake,fft,fft_075_Milon Hobe Koto Dine.mp3_22k.wav,4,10
e3c5a12517beec463d3b3e80ee394186,bengali,fake,fft,fft_075_Milon Hobe Koto Dine.mp3_22k.wav,5,10
06745534af2fe6a8d232a38511cbc0b1,bengali,fake,fft,fft_075_Milon Hobe Koto Dine.mp3_22k.wav,6,10
199dbfaf59c52175d288d2d87f036d82,bengali,fake,fft,fft_075_Milon Hobe Koto Dine.mp3_22k.wav,7,10
5ac93d22327374d5cdbc00974342a084,bengali,fake,fft,fft_075_Milon Hobe Koto Dine.mp3_22k.wav,8,10
483affa7837fb629f48b520ff1a7faaa,bengali,fake,fft,fft_075_Milon Hobe Koto Dine.mp3_22k.wav,9,10
13c18441e1d6d725add9e7bd40d40e93,bengali,fake,fft,fft_075_Milon Hobe Koto Dine.mp3_22k.wav,10,10
91bf1cd1f1a84ecaf840b6b019f87b79,bengali,fake,fft,fft_075_Milon Hobe Koto Dine.mp3_22k.wav,11,10
8c0b8d875598c430f6625fb8adb337cf,bengali,fake,fft,fft_075_Milon Hobe Koto Dine.mp3_22k.wav,12,10
eae5d611289c7961478edcda2ada9dd9,bengali,fake,fft,fft_075_Milon Hobe Koto Dine.mp3_22k.wav,13,10
6e482932df2c8a5c2189eacc457589b0,bengali,fake,fft,fft_075_Milon Hobe Koto Dine.mp3_22k.wav,14,10
1e9b2da4d0d24cde71f3c2e891655e36,bengali,fake,fft,fft_075_Milon Hobe Koto Dine.mp3_22k.wav,15,10
39f057d27eb88e5de8226c43636d2613,bengali,fake,fft,fft_075_Milon Hobe Koto Dine.mp3_22k.wav,16,10
d72666709012e945138b0b80f074e81f,bengali,fake,fft,fft_076_Loke Bale Bale Re.mp3_22k.wav,0,10
06299959bbcba45a7c075ab6e3307933,bengali,fake,fft,fft_076_Loke Bale Bale Re.mp3_22k.wav,1,10
6f761af44dc65f6f88ab28037657288a,bengali,fake,fft,fft_076_Loke Bale Bale Re.mp3_22k.wav,2,10
0d8e7d1f4267b784cc609ee758c55c29,bengali,fake,fft,fft_076_Loke Bale Bale Re.mp3_22k.wav,3,10
e4041ea8aac5e14cfb91aa72296ad4dc,bengali,fake,fft,fft_076_Loke Bale Bale Re.mp3_22k.wav,4,10
d6a6ca9bfa4e89b77ee58cc3448ab7e6,bengali,fake,fft,fft_076_Loke Bale Bale Re.mp3_22k.wav,5,10
b15b555edf1578afb58152457471fff2,bengali,fake,fft,fft_076_Loke Bale Bale Re.mp3_22k.wav,6,10
81a3861c36fad72d081943a066daf416,bengali,fake,fft,fft_076_Loke Bale Bale Re.mp3_22k.wav,7,10
7dfc131f6df5dc52e497eae8544c2094,bengali,fake,fft,fft_076_Loke Bale Bale Re.mp3_22k.wav,8,10
358b2fb5cde726970d4358d1a8ffd60b,bengali,fake,fft,fft_076_Loke Bale Bale Re.mp3_22k.wav,9,10
4a7ca01cda28643890e7b299a277985f,bengali,fake,fft,fft_076_Loke Bale Bale Re.mp3_22k.wav,10,10
5b5c16c8b4b6365b373d9adf501e1f2c,bengali,fake,fft,fft_076_Loke Bale Bale Re.mp3_22k.wav,11,10
f389be13b77e1580dd9738ccd52f95ca,bengali,fake,fft,fft_076_Loke Bale Bale Re.mp3_22k.wav,12,10
630e1f02557d27217176245ddac2f757,bengali,fake,fft,fft_076_Loke Bale Bale Re.mp3_22k.wav,13,10
938eb79d087f55db59542b8bc2887d19,bengali,fake,fft,fft_076_Loke Bale Bale Re.mp3_22k.wav,14,10
cef24020edda51c43785f57a3a387259,bengali,fake,fft,fft_076_Loke Bale Bale Re.mp3_22k.wav,15,10
955e0eae6dcabbe3c8032a42115bbd48,bengali,fake,fft,fft_076_Loke Bale Bale Re.mp3_22k.wav,16,10
1bcd8a5c5aadd11110e53a934fa7d9d6,bengali,fake,fft,fft_076_Loke Bale Bale Re.mp3_22k.wav,17,10
564db912743ae0f32a515c547ee6370d,bengali,fake,fft,fft_076_Loke Bale Bale Re.mp3_22k.wav,18,10
fbc0dd8546dda901e8546c29ed4ba411,bengali,fake,fft,fft_076_Loke Bale Bale Re.mp3_22k.wav,19,10
9fe9d09108cce4ab245f5565728ba2f5,bengali,fake,fft,fft_076_Loke Bale Bale Re.mp3_22k.wav,20,10
f25e70b1821b095222750131dcb8a46b,bengali,fake,fft,fft_076_Loke Bale Bale Re.mp3_22k.wav,21,10
1a96c7978e9df4c6923e10a73fbaea14,bengali,fake,fft,fft_076_Loke Bale Bale Re.mp3_22k.wav,22,10
952f0b062715400999697422ef77d115,bengali,fake,fft,fft_076_Loke Bale Bale Re.mp3_22k.wav,23,10
2123b4bb2ba8b1c68370e7b7c2ef2784,bengali,fake,fft,fft_076_Loke Bale Bale Re.mp3_22k.wav,24,10
1774d48a3bab0a54b6d35ccb0119d3bd,bengali,fake,fft,fft_076_Loke Bale Bale Re.mp3_22k.wav,25,10
3d4dc78e7336d42b486cd682f45a31e4,bengali,fake,fft,fft_076_Loke Bale Bale Re.mp3_22k.wav,26,10
92adf634452de5ca74ab67d4a7002aa6,bengali,fake,fft,fft_076_Loke Bale Bale Re.mp3_22k.wav,27,10
30e8af01c5601b55bcdb9265e6c07863,bengali,fake,fft,fft_076_Loke Bale Bale Re.mp3_22k.wav,28,10
303d6ad17aad38d2311717dadb025ad5,bengali,fake,fft,fft_076_Loke Bale Bale Re.mp3_22k.wav,29,10
5fc309dd1e2ec10e3690cb22b7dc97ee,bengali,fake,fft,fft_076_Loke Bale Bale Re.mp3_22k.wav,30,10
51286aeff17b04149f68f39e9c0ae278,bengali,fake,fft,fft_076_Loke Bale Bale Re.mp3_22k.wav,31,10
e1a48bd88242b1e2eb15681ae8b50834,bengali,fake,fft,fft_076_Loke Bale Bale Re.mp3_22k.wav,32,10
67add71e1d5f8f766c7a63ec396222f8,bengali,fake,fft,fft_076_Loke Bale Bale Re.mp3_22k.wav,33,10
90a017ce2ac4ef9de11b9bf4636d6bb7,bengali,fake,fft,fft_076_Loke Bale Bale Re.mp3_22k.wav,34,10
2f3378332620a0abf07f674e8313b5f0,bengali,fake,fft,fft_076_Loke Bale Bale Re.mp3_22k.wav,35,10
6a72c029037db228b15b7bec8475712c,bengali,fake,fft,fft_076_Loke Bale Bale Re.mp3_22k.wav,36,10
3c6732fcc09ec4b2bca5e1b419de1b59,bengali,fake,fft,fft_076_Loke Bale Bale Re.mp3_22k.wav,37,10
3f9d39bab23258448c89c40f43e0f373,bengali,fake,fft,fft_076_Loke Bale Bale Re.mp3_22k.wav,38,10
a3196aa8b105b807601ec5bea6a0b0c0,bengali,fake,fft,fft_076_Loke Bale Bale Re.mp3_22k.wav,39,10
01185068e5e36c2504adf1eb6473303d,bengali,fake,fft,fft_076_Loke Bale Bale Re.mp3_22k.wav,40,10
514ca4f3c1e966a80db63cdeffeceb71,bengali,fake,fft,fft_076_Loke Bale Bale Re.mp3_22k.wav,41,10
2f8301d64c19de015a36487684c893c0,bengali,fake,fft,fft_076_Loke Bale Bale Re.mp3_22k.wav,42,10
e9062b0662cdc62bfceb0748c69cfa51,bengali,fake,fft,fft_076_Loke Bale Bale Re.mp3_22k.wav,43,10
2d4489dc9ac5f4003a47197ce2dfb142,bengali,fake,fft,fft_076_Loke Bale Bale Re.mp3_22k.wav,44,10
7cd7324d21869066435066d093a2a669,bengali,fake,fft,fft_076_Loke Bale Bale Re.mp3_22k.wav,45,10
0d0918f792aac65b60ada3f196535560,bengali,fake,fft,fft_076_Loke Bale Bale Re.mp3_22k.wav,46,10
82d6eb22c6d6e1b853235d54accf29de,bengali,fake,fft,fft_076_Loke Bale Bale Re.mp3_22k.wav,47,10
d584f4d497943b8be63028bb3acd349f,bengali,fake,fft,fft_076_Loke Bale Bale Re.mp3_22k.wav,48,10
b66e7a651013e5400cd94013062c7b85,bengali,fake,fft,fft_076_Loke Bale Bale Re.mp3_22k.wav,49,10
3a80d4e6413e3b3da39d8d94832ac632,bengali,fake,fft,fft_076_Loke Bale Bale Re.mp3_22k.wav,50,10
3d8b02618c10af9ab29291f1a1cd22c3,bengali,fake,fft,fft_076_Loke Bale Bale Re.mp3_22k.wav,51,10
5228494ef48ad7503b7e97fcb46e22b3,bengali,fake,fft,fft_076_Loke Bale Bale Re.mp3_22k.wav,52,10
8a73e9b04a95f0a9aa49d6ee60936696,bengali,fake,fft,fft_076_Loke Bale Bale Re.mp3_22k.wav,53,10
111f72b3b1799a2c39c79123eb076c05,bengali,fake,fft,fft_076_Loke Bale Bale Re.mp3_22k.wav,54,10
34b4ab154a8aa846262cf6710a588932,bengali,fake,fft,fft_076_Loke Bale Bale Re.mp3_22k.wav,55,10
fabb04f38a9ff482801339175420078a,bengali,fake,fft,fft_076_Loke Bale Bale Re.mp3_22k.wav,56,10
50a6ec58ef4007286b813c28fdbfcac0,bengali,fake,fft,fft_076_Loke Bale Bale Re.mp3_22k.wav,57,10
b32b38a6cf7ae9ac392f9e1520a8447d,bengali,fake,fft,fft_076_Loke Bale Bale Re.mp3_22k.wav,58,10
696f28c02bda66b168ff91d4f3f0d6fc,bengali,fake,fft,fft_076_Loke Bale Bale Re.mp3_22k.wav,59,10
e78ecf3ddfdf6d3c32190cf5bcd19a7b,bengali,fake,fft,fft_076_Loke Bale Bale Re.mp3_22k.wav,60,10
66219ad144b0532a34c0ddb0ea52939d,bengali,fake,fft,fft_076_Loke Bale Bale Re.mp3_22k.wav,61,10
0e0fe5dfef071830526b1aaac9c8bd69,bengali,fake,fft,fft_076_Loke Bale Bale Re.mp3_22k.wav,62,10
e6443a43be8ab96f0513db8fdf08b9ee,bengali,fake,fft,fft_076_Loke Bale Bale Re.mp3_22k.wav,63,10
79e58f74601a3d7235fdce6b4288209e,bengali,fake,fft,fft_076_Loke Bale Bale Re.mp3_22k.wav,64,10
5fe04034aacec5c27a40ef6072238a15,bengali,fake,fft,fft_076_Loke Bale Bale Re.mp3_22k.wav,65,10
662ca57a69f7f65865b5d8756248915f,bengali,fake,fft,fft_076_Loke Bale Bale Re.mp3_22k.wav,66,10
3f94c6349d6e1abd0ce13a91b7dce98a,bengali,fake,fft,fft_076_Loke Bale Bale Re.mp3_22k.wav,67,10
8449843f7e0a1bb877c8151f6b8b26f3,bengali,fake,fft,fft_076_Loke Bale Bale Re.mp3_22k.wav,68,10
fbebee0f52353572bbb8e6d21cb3cf44,bengali,fake,fft,fft_076_Loke Bale Bale Re.mp3_22k.wav,69,10
9f528408a557016692a3b8b8a12fe399,bengali,fake,fft,fft_076_Loke Bale Bale Re.mp3_22k.wav,70,10
a0944795cfd568cbebc74d0d61264041,bengali,fake,fft,fft_076_Loke Bale Bale Re.mp3_22k.wav,71,10
ad52c7e078a4122e4dc6d510aa7f25e4,bengali,fake,fft,fft_076_Loke Bale Bale Re.mp3_22k.wav,72,10
70bc07a6139a7d416e8c9bad2c49f848,bengali,fake,fft,fft_076_Loke Bale Bale Re.mp3_22k.wav,73,10
1a6ea2c37f8690e0bb680339ca26050a,bengali,fake,fft,fft_076_Loke Bale Bale Re.mp3_22k.wav,74,10
c942bb0298eee74fbffd053f5f179c78,bengali,fake,fft,fft_076_Loke Bale Bale Re.mp3_22k.wav,75,10
ba12398fc158eac770ae17794913ac19,bengali,fake,fft,fft_076_Loke Bale Bale Re.mp3_22k.wav,76,10
6756254772e7e4fccc37e19d3505937e,bengali,fake,fft,fft_076_Loke Bale Bale Re.mp3_22k.wav,77,10
20bcc179859341cc7a3323a6f4aad38a,bengali,fake,fft,fft_076_Loke Bale Bale Re.mp3_22k.wav,78,10
d5dd3324a664393c1e073a2640aac732,bengali,fake,fft,fft_076_Loke Bale Bale Re.mp3_22k.wav,79,10
d2cd1fd78ef3b3f5467d7af5c35a7885,bengali,fake,fft,fft_076_Loke Bale Bale Re.mp3_22k.wav,80,10
e674e30b86005afcf3460da3cf97d72b,bengali,fake,fft,fft_076_Loke Bale Bale Re.mp3_22k.wav,81,10
0f1a96342cd9b54fb2b8530b624f918d,bengali,fake,fft,fft_076_Loke Bale Bale Re.mp3_22k.wav,82,10
c7bacadd91bf3545bfbeebaf0b9fc351,bengali,fake,fft,fft_076_Loke Bale Bale Re.mp3_22k.wav,83,10
033cca118061495ffd0337703025b03f,bengali,fake,fft,fft_076_Loke Bale Bale Re.mp3_22k.wav,84,10
671e20a249c094e2a5ad34160aac3064,bengali,fake,fft,fft_076_Loke Bale Bale Re.mp3_22k.wav,85,10
e1ce789c3c180a5cf153c046ac42117b,bengali,fake,fft,fft_076_Loke Bale Bale Re.mp3_22k.wav,86,10
0fb75d2901499f1fe5d2f6f6117399a0,bengali,fake,fft,fft_076_Loke Bale Bale Re.mp3_22k.wav,87,10
8f9533e2f25095b4d524d265338e7411,bengali,fake,fft,fft_076_Loke Bale Bale Re.mp3_22k.wav,88,10
d826751a5a4f40d543e4bfa80b5c5d8d,bengali,fake,fft,fft_076_Loke Bale Bale Re.mp3_22k.wav,89,10
ebbabe3f9e7b9081c850e8e2294a8cec,bengali,fake,fft,fft_076_Loke Bale Bale Re.mp3_22k.wav,90,10
d426077eef99619d23a1d5894b8226e0,bengali,fake,fft,fft_076_Loke Bale Bale Re.mp3_22k.wav,91,10
ca7f5730fcfee2534219d10a80aa385a,bengali,fake,fft,fft_076_Loke Bale Bale Re.mp3_22k.wav,92,10
8aa9c3f3f9a61884f3cb63d92797698d,bengali,fake,fft,fft_076_Loke Bale Bale Re.mp3_22k.wav,93,10
3e12f67f58e02e5c0b90720efffca316,bengali,fake,fft,fft_076_Loke Bale Bale Re.mp3_22k.wav,94,10
8d117859f770f7b0372bc3301f0b24cc,bengali,fake,fft,fft_076_Loke Bale Bale Re.mp3_22k.wav,95,10
72013e75c457c0f936f663cfb69dc5fe,bengali,fake,fft,fft_076_Loke Bale Bale Re.mp3_22k.wav,96,10
35f39aabe69d9ac4523953f661e0b01e,bengali,fake,fft,fft_076_Loke Bale Bale Re.mp3_22k.wav,97,10
9b6bf08a1b932be203952c88003da562,bengali,fake,fft,fft_076_Loke Bale Bale Re.mp3_22k.wav,98,10
d7780523d48793a66c21d3b3ab3ce10e,bengali,fake,fft,fft_076_Loke Bale Bale Re.mp3_22k.wav,99,10
ef0e113a8d8555c5982613bc11fb309e,bengali,fake,fft,fft_076_Loke Bale Bale Re.mp3_22k.wav,100,10
fa2ceacef753ec9d4b3895e343adf3e7,bengali,fake,fft,fft_076_Loke Bale Bale Re.mp3_22k.wav,101,10
0b330938bbe6377b5156b518c55cf33c,bengali,fake,fft,fft_076_Loke Bale Bale Re.mp3_22k.wav,102,10
b733acc79717c0f35af1c9b087c46741,bengali,fake,fft,fft_076_Loke Bale Bale Re.mp3_22k.wav,103,10
6f8cfc73e800a402003cc98c12e90190,bengali,fake,fft,fft_076_Loke Bale Bale Re.mp3_22k.wav,104,10
42b305ec3da670f2e38978afda7f6d92,bengali,fake,fft,fft_076_Loke Bale Bale Re.mp3_22k.wav,105,10
9a968be7cc96c32377e22be03f567535,bengali,fake,fft,fft_076_Loke Bale Bale Re.mp3_22k.wav,106,10
bcc689f04d060ab09a4a916f6db78ef0,bengali,fake,fft,fft_076_Loke Bale Bale Re.mp3_22k.wav,107,10
79c5ef375ac4bc9667ca78f85a3e81ec,bengali,fake,fft,fft_076_Loke Bale Bale Re.mp3_22k.wav,108,10
cd2a70da846a35dcabdd4aa5fc48d86a,bengali,fake,fft,fft_076_Loke Bale Bale Re.mp3_22k.wav,109,10
018f38fbc13ef84a085e68fd9d83518f,bengali,fake,fft,fft_076_Loke Bale Bale Re.mp3_22k.wav,110,10
8d465d99a0a0b06d0b9a9dea3c438b32,bengali,fake,fft,fft_076_Loke Bale Bale Re.mp3_22k.wav,111,10
70c39f9b8cc6a9556ae4a0382335f9b4,bengali,fake,fft,fft_076_Loke Bale Bale Re.mp3_22k.wav,112,10
269aa8764e742e6dfbb81ef070f05d13,bengali,fake,fft,fft_076_Loke Bale Bale Re.mp3_22k.wav,113,10
27a64310c62129df3953a40838417bba,bengali,fake,fft,fft_076_Loke Bale Bale Re.mp3_22k.wav,114,10
295987c3759058b38dab53d728e762f1,bengali,fake,fft,fft_076_Loke Bale Bale Re.mp3_22k.wav,115,10
ab712a6d66b20a852140f9dc1b183c42,bengali,fake,fft,fft_076_Loke Bale Bale Re.mp3_22k.wav,116,10
e11431449f290d42b3e793cc3564595a,bengali,fake,fft,fft_076_Loke Bale Bale Re.mp3_22k.wav,117,10
ba73b32f90540a5ff127486bae6ca4de,bengali,fake,fft,fft_076_Loke Bale Bale Re.mp3_22k.wav,118,10
49d17078e73717ca943e9d8d06642e48,bengali,fake,fft,fft_076_Loke Bale Bale Re.mp3_22k.wav,119,10
e7101be9e4fc34f1268f26350f476c8a,bengali,fake,fft,fft_076_Loke Bale Bale Re.mp3_22k.wav,120,10
929c0faf5aa72af79e7506a925acc251,bengali,fake,fft,fft_076_Loke Bale Bale Re.mp3_22k.wav,121,10
38388ef86aaaa0a1a0e64f2eef2a5d2b,bengali,fake,fft,fft_076_Loke Bale Bale Re.mp3_22k.wav,122,10
ccba1da72afd85534d23e81999b87dea,bengali,fake,fft,fft_076_Loke Bale Bale Re.mp3_22k.wav,123,10
4846fc62e21f188b1bac7e9bc7d90f48,bengali,fake,fft,fft_076_Loke Bale Bale Re.mp3_22k.wav,124,10
c195d29629f0acc63c1a4a95264cd9b6,bengali,fake,fft,fft_076_Loke Bale Bale Re.mp3_22k.wav,125,10
0f510f9ec6f062aa071dde468fe11f8a,bengali,fake,fft,fft_076_Loke Bale Bale Re.mp3_22k.wav,126,10
c5c73a5ef0a0924f520c01daa2150ae2,bengali,fake,fft,fft_076_Loke Bale Bale Re.mp3_22k.wav,127,10
d2aa3dc294c8ba8e5dfb5b9e17965125,bengali,fake,fft,fft_076_Loke Bale Bale Re.mp3_22k.wav,128,10
b409db82af99aa9fa446e21f77723298,bengali,fake,fft,fft_076_Loke Bale Bale Re.mp3_22k.wav,129,10
0c8a26bc394dfc19b17aa4882a32599e,bengali,fake,fft,fft_076_Loke Bale Bale Re.mp3_22k.wav,130,10
4cb8232fd691f69c37c899f47954a63f,bengali,fake,fft,fft_076_Loke Bale Bale Re.mp3_22k.wav,131,10
66dee0e29aeccb21111ab3bdb9dfa131,bengali,fake,fft,fft_076_Loke Bale Bale Re.mp3_22k.wav,132,10
f04ce988656f9225f83d1a04d7ab1ec2,bengali,fake,fft,fft_076_Loke Bale Bale Re.mp3_22k.wav,133,10
925f8ab71ad18bb240c73e31caaae388,bengali,fake,fft,fft_076_Loke Bale Bale Re.mp3_22k.wav,134,10
98599ca9714bd08628b10bcd765c8e9f,bengali,fake,fft,fft_076_Loke Bale Bale Re.mp3_22k.wav,135,10
7449328980338eba07b89df57fcb7e83,bengali,fake,fft,fft_076_Loke Bale Bale Re.mp3_22k.wav,136,10
6ff047799897f62d537e78ec7ec67453,bengali,fake,fft,fft_076_Loke Bale Bale Re.mp3_22k.wav,137,10
378ac3d02cce59fd7b458f0905504182,bengali,fake,fft,fft_076_Loke Bale Bale Re.mp3_22k.wav,138,10
f7e85783385ce55b612e6059f7bb6d74,bengali,fake,fft,fft_076_Loke Bale Bale Re.mp3_22k.wav,139,10
e61462f004af6c99f02caeaaea0985ca,bengali,fake,fft,fft_076_Loke Bale Bale Re.mp3_22k.wav,140,10
e6dad9272ca0081e1fe2adc010c0eb9e,bengali,fake,fft,fft_076_Loke Bale Bale Re.mp3_22k.wav,141,10
652f4e0ce3bbf4341c57148ce4198a6c,bengali,fake,fft,fft_076_Loke Bale Bale Re.mp3_22k.wav,142,10
7c6effcda6d44b341c2e9f87435e2203,bengali,fake,fft,fft_076_Loke Bale Bale Re.mp3_22k.wav,143,10
0ab7d28d0074d6be7903a301fef68156,bengali,fake,fft,fft_076_Loke Bale Bale Re.mp3_22k.wav,144,10
b2429a685d20ed04747caa910c00418d,bengali,fake,fft,fft_076_Loke Bale Bale Re.mp3_22k.wav,145,10
7af4d26f54571f960c303f5358d0ed89,bengali,fake,fft,fft_076_Loke Bale Bale Re.mp3_22k.wav,146,10
69e91669741c77a6ab363e4a202d3ab7,bengali,fake,fft,fft_076_Loke Bale Bale Re.mp3_22k.wav,147,10
7b61b1eaa6255c8d01c78c1304dd12aa,bengali,fake,fft,fft_076_Loke Bale Bale Re.mp3_22k.wav,148,10
053e9c967c053682e0e9a2a0a059f819,bengali,fake,fft,fft_076_Loke Bale Bale Re.mp3_22k.wav,149,10
38f895bb11a9d00dde47fc6f1bfabb3e,bengali,fake,fft,fft_076_Loke Bale Bale Re.mp3_22k.wav,150,10
c892f75f170d9283c1c4c7feacc1f26c,bengali,fake,fft,fft_076_Loke Bale Bale Re.mp3_22k.wav,151,10
e9782c286c7a3d79c1ceecaeb00a7009,bengali,fake,fft,fft_076_Loke Bale Bale Re.mp3_22k.wav,152,10
9c7df876dfbc32a10f2726e0673da376,bengali,fake,fft,fft_076_Loke Bale Bale Re.mp3_22k.wav,153,10
2b5d9776971e67395f6cec3c3541dce0,bengali,fake,fft,fft_076_Loke Bale Bale Re.mp3_22k.wav,154,10
74ececc7f43f2d75b0e3e567c1b02364,bengali,fake,fft,fft_076_Loke Bale Bale Re.mp3_22k.wav,155,10
b28e110a05d42794a8d6a0ac416e40f8,bengali,fake,fft,fft_076_Loke Bale Bale Re.mp3_22k.wav,156,10
e5f702462c44308a749efbe99df582fd,bengali,fake,fft,fft_076_Loke Bale Bale Re.mp3_22k.wav,157,10
5bfed66df7000c5879f3b61b984dc391,bengali,fake,fft,fft_076_Loke Bale Bale Re.mp3_22k.wav,158,10
40eb378a83102b51df6d641e7a1d0bf3,bengali,fake,fft,fft_076_Loke Bale Bale Re.mp3_22k.wav,159,10
71d6ac4b0e77ab6e6d5b4a5df3a7f6ee,bengali,fake,fft,fft_076_Loke Bale Bale Re.mp3_22k.wav,160,10
8599f96d637c411e3d32f09f0ee2fa50,bengali,fake,fft,fft_076_Loke Bale Bale Re.mp3_22k.wav,161,10
cf6c4f209a0c7e8284580c1c7b9bf418,bengali,fake,fft,fft_076_Loke Bale Bale Re.mp3_22k.wav,162,10
e0df9cd76d1db65dbff0926e4b19c314,bengali,fake,fft,fft_076_Loke Bale Bale Re.mp3_22k.wav,163,10
9a4db32e0a77a4c9f9a83f329a26a87c,bengali,fake,fft,fft_076_Loke Bale Bale Re.mp3_22k.wav,164,10
7b9ff04a8a24ba803ccb5660842cd226,bengali,fake,fft,fft_076_Loke Bale Bale Re.mp3_22k.wav,165,10
b8c62437414b2be881ef40925ab22973,bengali,fake,fft,fft_076_Loke Bale Bale Re.mp3_22k.wav,166,10
c0fb1a3af2c6fc58dceaf167ae50325c,bengali,fake,fft,fft_076_Loke Bale Bale Re.mp3_22k.wav,167,10
a64b53def9a22602cc9b6a49b3fefc85,bengali,fake,fft,fft_076_Loke Bale Bale Re.mp3_22k.wav,168,10
8cf813c208bf3222abae7ab550f61000,bengali,fake,fft,fft_076_Loke Bale Bale Re.mp3_22k.wav,169,10
9fcfce576a9d6ef326668ae67640eb16,bengali,fake,fft,fft_076_Loke Bale Bale Re.mp3_22k.wav,170,10
ff0459eaeec3e1a88746e8c10c69d948,bengali,fake,fft,fft_076_Loke Bale Bale Re.mp3_22k.wav,171,10
29062e5a2ffce113babc4f78a14567c4,bengali,fake,fft,fft_076_Loke Bale Bale Re.mp3_22k.wav,172,10
fc8f2739de3e81be45be1779e5118b5a,bengali,fake,fft,fft_076_Loke Bale Bale Re.mp3_22k.wav,173,10
9ce7a84d3f5df965906de16a42bc4ab5,bengali,fake,fft,fft_076_Loke Bale Bale Re.mp3_22k.wav,174,10
005e32f7e82f33d0c8b4abcd9f10c8cb,bengali,fake,fft,fft_076_Loke Bale Bale Re.mp3_22k.wav,175,10
07c0ef322310804981f2f945f8ebc5b5,bengali,fake,fft,fft_076_Loke Bale Bale Re.mp3_22k.wav,176,10
c1b6831af09ba22be6be18810cf44963,bengali,fake,fft,fft_076_Loke Bale Bale Re.mp3_22k.wav,177,10
afc7732b790e427fe6eda933bdddfc9e,bengali,fake,fft,fft_076_Loke Bale Bale Re.mp3_22k.wav,178,10
88107f77232017f40c6b4f5e116c3dea,bengali,fake,fft,fft_076_Loke Bale Bale Re.mp3_22k.wav,179,10
1d3aec5ba02695bf08b60f19c6874473,bengali,fake,fft,fft_076_Loke Bale Bale Re.mp3_22k.wav,180,10
ffb24b6241c5e447682deff3cebefb0a,bengali,fake,fft,fft_076_Loke Bale Bale Re.mp3_22k.wav,181,10
619c5dc77a3471265c8fca45ef4c54d5,bengali,fake,fft,fft_076_Loke Bale Bale Re.mp3_22k.wav,182,10
80afb7a87c212dbc9ba65788e43456ab,bengali,fake,fft,fft_076_Loke Bale Bale Re.mp3_22k.wav,183,10
b4c92409b4a42dfffd5e569abebe6e11,bengali,fake,fft,fft_076_Loke Bale Bale Re.mp3_22k.wav,184,10
4fa16db88de2dcfdd1889928146a7964,bengali,fake,fft,fft_076_Loke Bale Bale Re.mp3_22k.wav,185,10
65d3141e41dccc6e0c1200e45df2e2ed,bengali,fake,fft,fft_076_Loke Bale Bale Re.mp3_22k.wav,186,10
74259aa1b2d50c81bd1a4e64219c14d2,bengali,fake,fft,fft_076_Loke Bale Bale Re.mp3_22k.wav,187,10
402b4162318bd4db9359ffb83c2027e2,bengali,fake,fft,fft_076_Loke Bale Bale Re.mp3_22k.wav,188,10
0179a2574a184f13b9fec68305436054,bengali,fake,fft,fft_076_Loke Bale Bale Re.mp3_22k.wav,189,10
d6460124fa2330139b30195e4ee5f2e7,bengali,fake,fft,fft_076_Loke Bale Bale Re.mp3_22k.wav,190,10
36d3ba6db4df25c664b985ffed511efa,bengali,fake,fft,fft_076_Loke Bale Bale Re.mp3_22k.wav,191,10
00ddd02f4a1c0e6fd59ac0a904253b0b,bengali,fake,fft,fft_076_Loke Bale Bale Re.mp3_22k.wav,192,10
57277db611bb2c281da31dc892f8383d,bengali,fake,fft,fft_076_Loke Bale Bale Re.mp3_22k.wav,193,10
72b6253f7fea4bbdfc2df7deac072c77,bengali,fake,fft,fft_076_Loke Bale Bale Re.mp3_22k.wav,194,10
8d6f53b683b10ac0e4378afdb7185159,bengali,fake,fft,fft_076_Loke Bale Bale Re.mp3_22k.wav,195,10
6b251b65e848b8d3195371d208845afa,bengali,fake,fft,fft_076_Loke Bale Bale Re.mp3_22k.wav,196,10
d0884d42c4f54dad97424044b1451888,bengali,fake,fft,fft_076_Loke Bale Bale Re.mp3_22k.wav,197,10
72bb390cee24e42eed328ebae0f167c6,bengali,fake,fft,fft_076_Loke Bale Bale Re.mp3_22k.wav,198,10
a1295ae55a68deb93489c4d1ed89b3d0,bengali,fake,fft,fft_076_Loke Bale Bale Re.mp3_22k.wav,199,10
729ed73e1a2d7745260329489f148d8a,bengali,fake,fft,fft_076_Loke Bale Bale Re.mp3_22k.wav,200,10
33fd579f2cb751d93e6db1579a8a6f58,bengali,fake,fft,fft_076_Loke Bale Bale Re.mp3_22k.wav,201,10
229f5bbb0116a6bafc90fab6e3de9d45,bengali,fake,fft,fft_076_Loke Bale Bale Re.mp3_22k.wav,202,10
14ab531ba7c641d5785460528ba69b8f,bengali,fake,fft,fft_076_Loke Bale Bale Re.mp3_22k.wav,203,10
98dc96ca0b6fdbddb49c41c0ac1c0b9d,bengali,fake,fft,fft_076_Loke Bale Bale Re.mp3_22k.wav,204,10
859d90a1d04a933b8f81ae2480926c76,bengali,fake,fft,fft_076_Loke Bale Bale Re.mp3_22k.wav,205,10
bc7f7bd570e0601cc37fd38ed901e725,bengali,fake,fft,fft_076_Loke Bale Bale Re.mp3_22k.wav,206,10
265250689e90663a0992e47cdff1a233,bengali,fake,fft,fft_076_Loke Bale Bale Re.mp3_22k.wav,207,10
0e93850f1ba5077b9e5097ac238f5207,bengali,fake,fft,fft_076_Loke Bale Bale Re.mp3_22k.wav,208,10
e74580265cf5217144504027089142a1,bengali,fake,fft,fft_076_Loke Bale Bale Re.mp3_22k.wav,209,10
cbb2cd8bdcc0371abdc96987cac9c5ff,bengali,fake,fft,fft_076_Loke Bale Bale Re.mp3_22k.wav,210,10
99b94812be4cb3a72d228781a39e337d,bengali,fake,fft,fft_076_Loke Bale Bale Re.mp3_22k.wav,211,10
712b30d0ada3f774a2e64a4e5e3bb08c,bengali,fake,fft,fft_076_Loke Bale Bale Re.mp3_22k.wav,212,10
c204d7aff2737f09d5c77b0cc33b39e3,bengali,fake,fft,fft_076_Loke Bale Bale Re.mp3_22k.wav,213,10
7f55f7648430c18c4d34514bfa970cbb,bengali,fake,fft,fft_076_Loke Bale Bale Re.mp3_22k.wav,214,10
8ef8902ee6d6109740e599c6e22d5ebb,bengali,fake,fft,fft_076_Loke Bale Bale Re.mp3_22k.wav,215,10
e52e8be3f53ddcca0357ac98649bda8d,bengali,fake,fft,fft_076_Loke Bale Bale Re.mp3_22k.wav,216,10
ff488cceccd77728f4bd9cc55661dd36,bengali,fake,fft,fft_076_Loke Bale Bale Re.mp3_22k.wav,217,10
f8311c8627a45c072eea6e7bf010f988,bengali,fake,fft,fft_076_Loke Bale Bale Re.mp3_22k.wav,218,10
7c543e1dcef88aff63dcb21b349a4180,bengali,fake,fft,fft_076_Loke Bale Bale Re.mp3_22k.wav,219,10
a354396ba8e42718a4e2ef74a8962ac6,bengali,fake,fft,fft_076_Loke Bale Bale Re.mp3_22k.wav,220,10
a17c621121c2ba614e0098f2aafc5279,bengali,fake,fft,fft_076_Loke Bale Bale Re.mp3_22k.wav,221,10
6eaf469d0216751ab83ecfc5dec7a828,bengali,fake,fft,fft_076_Loke Bale Bale Re.mp3_22k.wav,222,10
4f402d0f6b104ee2dc07c799763e3378,bengali,fake,fft,fft_076_Loke Bale Bale Re.mp3_22k.wav,223,10
1b7248772ea54a3e039407af8d03bb31,bengali,fake,fft,fft_076_Loke Bale Bale Re.mp3_22k.wav,224,10
7665c7c07217ae9f48d460be6b35361e,bengali,fake,fft,fft_076_Loke Bale Bale Re.mp3_22k.wav,225,10
5c0accaa2316d1f0293ac9c08ce37aa1,bengali,fake,fft,fft_076_Loke Bale Bale Re.mp3_22k.wav,226,10
b24a9fa87f0a3341003c7f96a78a0627,bengali,fake,fft,fft_076_Loke Bale Bale Re.mp3_22k.wav,227,10
5088f959f05a36b65b0888fe77a23159,bengali,fake,fft,fft_076_Loke Bale Bale Re.mp3_22k.wav,228,10
1accff86cb73070eee7c63bca653f273,bengali,fake,fft,fft_076_Loke Bale Bale Re.mp3_22k.wav,229,10
f65ceed95f26cee08001389f817a11f9,bengali,fake,fft,fft_076_Loke Bale Bale Re.mp3_22k.wav,230,10
59809aa001484897fed40768e432f902,bengali,fake,fft,fft_076_Loke Bale Bale Re.mp3_22k.wav,231,10
b922e38efaf1e406726ca8cbaa7068ca,bengali,fake,fft,fft_076_Loke Bale Bale Re.mp3_22k.wav,232,10
01986ff1e0806891a4b1f7b9bb3dded6,bengali,fake,fft,fft_076_Loke Bale Bale Re.mp3_22k.wav,233,10
8896fed0379ab0340e114aed2c8ddb10,bengali,fake,fft,fft_076_Loke Bale Bale Re.mp3_22k.wav,234,10
6684fe373e84de72aebed69b3847eedb,bengali,fake,fft,fft_076_Loke Bale Bale Re.mp3_22k.wav,235,10
33aefe8227c0dc886eecedf8b23e6253,bengali,fake,fft,fft_076_Loke Bale Bale Re.mp3_22k.wav,236,10
b695f19d5d281872a36853c3bf3323f2,bengali,fake,fft,fft_076_Loke Bale Bale Re.mp3_22k.wav,237,10
266bfe5fd099f7dc025d7f293711cae7,bengali,fake,fft,fft_076_Loke Bale Bale Re.mp3_22k.wav,238,10
abea0d3758e9b13c1e6a150c445ba6c6,bengali,fake,fft,fft_076_Loke Bale Bale Re.mp3_22k.wav,239,10
48067aac89f25bd1853c0c2f290f5205,bengali,fake,fft,fft_076_Loke Bale Bale Re.mp3_22k.wav,240,10
456d7783148488e26575d78a56164867,bengali,fake,fft,fft_076_Loke Bale Bale Re.mp3_22k.wav,241,10
996ba25ad79d04b852b47eada7b6b03a,bengali,fake,fft,fft_076_Loke Bale Bale Re.mp3_22k.wav,242,10
7b19615b75cea7d1545b16a04d7d5d6a,bengali,fake,fft,fft_076_Loke Bale Bale Re.mp3_22k.wav,243,10
d34a47aaf88129f6c61db76b98c04853,bengali,fake,fft,fft_076_Loke Bale Bale Re.mp3_22k.wav,244,10
dadd8cc5d3aac02d611cb9729e15bbdb,bengali,fake,fft,fft_077_Menoka Mathaye Dilo.mp3_22k.wav,0,10
046d7f99490b1dfb1ae1be19deab21d7,bengali,fake,fft,fft_077_Menoka Mathaye Dilo.mp3_22k.wav,1,10
a9de9f09b1a2442f762d758e140b1d18,bengali,fake,fft,fft_077_Menoka Mathaye Dilo.mp3_22k.wav,2,10
c581f6cdccd890382d6a1d920e32ba78,bengali,fake,fft,fft_077_Menoka Mathaye Dilo.mp3_22k.wav,3,10
fa0de37050cbfcbca766af9184c80f59,bengali,fake,fft,fft_077_Menoka Mathaye Dilo.mp3_22k.wav,4,10
53a3a9e2e0969ad3b2fb829d491d7b1a,bengali,fake,fft,fft_077_Menoka Mathaye Dilo.mp3_22k.wav,5,10
e79b05b437d7fddcc3e3f9cfda97216c,bengali,fake,fft,fft_077_Menoka Mathaye Dilo.mp3_22k.wav,6,10
cde32ffd4905268f6a29a1e7cedf637f,bengali,fake,fft,fft_077_Menoka Mathaye Dilo.mp3_22k.wav,7,10
fc8d347c2c12df49e8d8dbe629077201,bengali,fake,fft,fft_077_Menoka Mathaye Dilo.mp3_22k.wav,8,10
a900650379091ef0e055916506554cb1,bengali,fake,fft,fft_077_Menoka Mathaye Dilo.mp3_22k.wav,9,10
ed7eaa74a3d4072760ea5fef54dab0a5,bengali,fake,fft,fft_077_Menoka Mathaye Dilo.mp3_22k.wav,10,10
6619bde755fd91a616800880dd9bac44,bengali,fake,fft,fft_077_Menoka Mathaye Dilo.mp3_22k.wav,11,10
a43ceac1f3afbcaf9df94b263a8141d4,bengali,fake,fft,fft_077_Menoka Mathaye Dilo.mp3_22k.wav,12,10
eb8da3c45b4928f1cee47a620bebf934,bengali,fake,fft,fft_077_Menoka Mathaye Dilo.mp3_22k.wav,13,10
2382f129abf1df903a6a0e191b179868,bengali,fake,fft,fft_077_Menoka Mathaye Dilo.mp3_22k.wav,14,10
44cc9395167f2fa3455e0095016e2aa8,bengali,fake,fft,fft_077_Menoka Mathaye Dilo.mp3_22k.wav,15,10
c4c5c73eaa83e6eed0a5d5a6d17b491a,bengali,fake,fft,fft_077_Menoka Mathaye Dilo.mp3_22k.wav,16,10
8a83306c732c36e25e8e0a6a571b42de,bengali,fake,fft,fft_077_Menoka Mathaye Dilo.mp3_22k.wav,17,10
d4c9f5d19aaf68bed84db40472061ec4,bengali,fake,fft,fft_077_Menoka Mathaye Dilo.mp3_22k.wav,18,10
4da09b2bc866d278a58950fa613eb38c,bengali,fake,fft,fft_077_Menoka Mathaye Dilo.mp3_22k.wav,19,10
b164c21101281922aa16bc170b6ae9dd,bengali,fake,fft,fft_077_Menoka Mathaye Dilo.mp3_22k.wav,20,10
58df8930e863c63f9e69333abb9f4438,bengali,fake,fft,fft_077_Menoka Mathaye Dilo.mp3_22k.wav,21,10
609f4ddebe14c6d1b6ed68841a80c63d,bengali,fake,fft,fft_077_Menoka Mathaye Dilo.mp3_22k.wav,22,10
a5d052e15d249fd4907c106bac417e61,bengali,fake,fft,fft_077_Menoka Mathaye Dilo.mp3_22k.wav,23,10
461e6d6b120a74beee4d778d36b54da9,bengali,fake,fft,fft_077_Menoka Mathaye Dilo.mp3_22k.wav,24,10
81c7c90ef1ee2cc9df8069f9b75d6afc,bengali,fake,fft,fft_077_Menoka Mathaye Dilo.mp3_22k.wav,25,10
0338aa224dc5f9c2556361df6993b6e1,bengali,fake,fft,fft_077_Menoka Mathaye Dilo.mp3_22k.wav,26,10
d70d25b9ab3f029c04262d870ca831ba,bengali,fake,fft,fft_077_Menoka Mathaye Dilo.mp3_22k.wav,27,10
1881f83e40bc3032db101d8417f1eff2,bengali,fake,fft,fft_077_Menoka Mathaye Dilo.mp3_22k.wav,28,10
147c77948aed62ac6ba76869cca82d4e,bengali,fake,fft,fft_077_Menoka Mathaye Dilo.mp3_22k.wav,29,10
1efd726156c9268c0a69de80254fd124,bengali,fake,fft,fft_077_Menoka Mathaye Dilo.mp3_22k.wav,30,10
f82a605aba8da2300c31a5e95f69ef4e,bengali,fake,fft,fft_077_Menoka Mathaye Dilo.mp3_22k.wav,31,10
423cfb9688b2cb1a40f0f5ac29bcc1b4,bengali,fake,fft,fft_077_Menoka Mathaye Dilo.mp3_22k.wav,32,10
bb4cafb4bb89e34618ecf5c427cdc9f6,bengali,fake,fft,fft_077_Menoka Mathaye Dilo.mp3_22k.wav,33,10
e7a09d3485a6eb58552c50408813d4fa,bengali,fake,fft,fft_077_Menoka Mathaye Dilo.mp3_22k.wav,34,10
37aaa9d21fe941ba66e10d404aa6496e,bengali,fake,fft,fft_077_Menoka Mathaye Dilo.mp3_22k.wav,35,10
c4e1150faa71ed7a8a4df7fbf0ab920a,bengali,fake,fft,fft_077_Menoka Mathaye Dilo.mp3_22k.wav,36,10
e6e1141075b7b0d6fc98da63612cbf5d,bengali,fake,fft,fft_077_Menoka Mathaye Dilo.mp3_22k.wav,37,10
b47953383d776ef9fad9e74c5d58e776,bengali,fake,fft,fft_077_Menoka Mathaye Dilo.mp3_22k.wav,38,10
91dbf02673f76ff834d027e25963958e,bengali,fake,fft,fft_079_Kalo Jole Kuchla Tole.mp3_22k.wav,0,10
d733c46653604e0cb0393fb31cfb92a2,bengali,fake,fft,fft_079_Kalo Jole Kuchla Tole.mp3_22k.wav,1,10
014a8a32f540004827d64dc5de2a0713,bengali,fake,fft,fft_080_Lal Paharir Deshe Ja.mp3_22k.wav,0,10
6d3c33c96a7469c53531e226b67e0f70,bengali,fake,fft,fft_080_Lal Paharir Deshe Ja.mp3_22k.wav,1,10
6fca161bad4c45b88509b0469c9d2f9e,bengali,fake,fft,fft_080_Lal Paharir Deshe Ja.mp3_22k.wav,2,10
b5c7d3af24d7619edcd04060aa1d27f0,bengali,fake,fft,fft_080_Lal Paharir Deshe Ja.mp3_22k.wav,3,10
ee285d63154bc7c44769872c51240533,bengali,fake,fft,fft_080_Lal Paharir Deshe Ja.mp3_22k.wav,4,10
4ef6f8360a93ebf35c9c67c04f8de069,bengali,fake,fft,fft_080_Lal Paharir Deshe Ja.mp3_22k.wav,5,10
b7c6225430e9e0ab96bbadd2d21e0faf,bengali,fake,fft,fft_080_Lal Paharir Deshe Ja.mp3_22k.wav,6,10
20858e7eb44d6c8d1885d2d4517b0f7c,bengali,fake,fft,fft_080_Lal Paharir Deshe Ja.mp3_22k.wav,7,10
c049178ecb93aa1e1b83a3227880b70f,bengali,fake,fft,fft_080_Lal Paharir Deshe Ja.mp3_22k.wav,8,10
24c8d1303034b6758c2e85b4b40fb070,bengali,fake,fft,fft_080_Lal Paharir Deshe Ja.mp3_22k.wav,9,10
cddf16f2216f5e658810856e9bb7ef25,bengali,fake,fft,fft_080_Lal Paharir Deshe Ja.mp3_22k.wav,10,10
fec61d5c44dd9a67fc9724adb1b585aa,bengali,fake,fft,fft_080_Lal Paharir Deshe Ja.mp3_22k.wav,11,10
21711a84e4c100f991f8d37dc239c799,bengali,fake,fft,fft_080_Lal Paharir Deshe Ja.mp3_22k.wav,12,10
b29a614596da7765282f707f58171d13,bengali,fake,fft,fft_080_Lal Paharir Deshe Ja.mp3_22k.wav,13,10
f2e5d658e298c0e22474e9f0c52fc103,bengali,fake,fft,fft_080_Lal Paharir Deshe Ja.mp3_22k.wav,14,10
ca65a05ee0fe4d7451dbd675e8d91872,bengali,fake,fft,fft_080_Lal Paharir Deshe Ja.mp3_22k.wav,15,10
c94f09b6fcad98a95fe7ec7ed7d78ff5,bengali,fake,fft,fft_080_Lal Paharir Deshe Ja.mp3_22k.wav,16,10
ced14985d292b20454f2399bc82ebdf1,bengali,fake,fft,fft_080_Lal Paharir Deshe Ja.mp3_22k.wav,17,10
72e4f131fd6bd591b162707812057795,bengali,fake,fft,fft_080_Lal Paharir Deshe Ja.mp3_22k.wav,18,10
e58cf5d284da51fcd62db4837cb442d9,bengali,fake,fft,fft_080_Lal Paharir Deshe Ja.mp3_22k.wav,19,10
81b83b9b18da2e77d5cb592a7358d6fb,bengali,fake,fft,fft_080_Lal Paharir Deshe Ja.mp3_22k.wav,20,10
a8c80ceabeda390ecb8fc90bf79571d9,bengali,fake,fft,fft_080_Lal Paharir Deshe Ja.mp3_22k.wav,21,10
758959e209e68d0f90f55ba68b904841,bengali,fake,fft,fft_080_Lal Paharir Deshe Ja.mp3_22k.wav,22,10
de22fa2469a312f627371f89599337fd,bengali,fake,fft,fft_080_Lal Paharir Deshe Ja.mp3_22k.wav,23,10
63a4aaad5b834e44ea4210ce8f324abe,bengali,fake,fft,fft_080_Lal Paharir Deshe Ja.mp3_22k.wav,24,10
75bb82a1b53a4993208475f13762b279,bengali,fake,fft,fft_080_Lal Paharir Deshe Ja.mp3_22k.wav,25,10
0711d2dd605bce5440e2c3592796c9cb,bengali,fake,fft,fft_080_Lal Paharir Deshe Ja.mp3_22k.wav,26,10
473823a9165443f2511d227c9c83c8bd,bengali,fake,fft,fft_080_Lal Paharir Deshe Ja.mp3_22k.wav,27,10
81b3a5449b9e451332f3022b7a5e4beb,bengali,fake,fft,fft_080_Lal Paharir Deshe Ja.mp3_22k.wav,28,10
738eaafddfb1fadc8d9874b258167252,bengali,fake,fft,fft_080_Lal Paharir Deshe Ja.mp3_22k.wav,29,10
f0ff809d55093c61912606b4eda62c88,bengali,fake,fft,fft_081_Phagooner Mohonaye.mp3_22k.wav,0,10
01d3aba254f52dc721c1e1a02d6df075,bengali,fake,fft,fft_081_Phagooner Mohonaye.mp3_22k.wav,1,10
78e13cd2b1ac541ea50a5c7511bf7ec6,bengali,fake,fft,fft_081_Phagooner Mohonaye.mp3_22k.wav,2,10
2f9290f538245ce651c1c5969a6b6e88,bengali,fake,fft,fft_081_Phagooner Mohonaye.mp3_22k.wav,3,10
13c9a278caabc51561d3f81b2978b5b4,bengali,fake,fft,fft_081_Phagooner Mohonaye.mp3_22k.wav,4,10
1de1a56ed479ab0141b1984c203b1d09,bengali,fake,fft,fft_081_Phagooner Mohonaye.mp3_22k.wav,5,10
daec639f2b6551019e16df16aad967d8,bengali,fake,fft,fft_081_Phagooner Mohonaye.mp3_22k.wav,6,10
3814871a4877e33e38e0e68933211330,bengali,fake,fft,fft_081_Phagooner Mohonaye.mp3_22k.wav,7,10
44c8ad79aeba3738d8f0e191d2ab143c,bengali,fake,fft,fft_081_Phagooner Mohonaye.mp3_22k.wav,8,10
d57fa8f33228b32aa1de65a98f3ae835,bengali,fake,fft,fft_081_Phagooner Mohonaye.mp3_22k.wav,9,10
2af24ee1f1022b20169b8a28274d9442,bengali,fake,fft,fft_081_Phagooner Mohonaye.mp3_22k.wav,10,10
ac6731741340fcd3b0d9f0d4a4c63b4e,bengali,fake,fft,fft_081_Phagooner Mohonaye.mp3_22k.wav,11,10
3a0a47e9277193b313f9f40893daeab6,bengali,fake,fft,fft_081_Phagooner Mohonaye.mp3_22k.wav,12,10
7ec17f677cb2388f9efa7a7f124a228d,bengali,fake,fft,fft_081_Phagooner Mohonaye.mp3_22k.wav,13,10
7d9b18b6e2f72016827d401b5793ae85,bengali,fake,fft,fft_081_Phagooner Mohonaye.mp3_22k.wav,14,10
cee397053ac80bf1d387672fba8a23c0,bengali,fake,fft,fft_081_Phagooner Mohonaye.mp3_22k.wav,15,10
b7d2962d727486492ba5bc53f2c68226,bengali,fake,fft,fft_081_Phagooner Mohonaye.mp3_22k.wav,16,10
561bb946cd91e89658bc373e214aa5f5,bengali,fake,fft,fft_081_Phagooner Mohonaye.mp3_22k.wav,17,10
1c27904af9b6c7342f1e799ba81fbdd9,bengali,fake,fft,fft_081_Phagooner Mohonaye.mp3_22k.wav,18,10
307f5d2fbc0400b54512de2e918fce51,bengali,fake,fft,fft_081_Phagooner Mohonaye.mp3_22k.wav,19,10
4febb54cb638043fa9e096ac2bf3bee8,bengali,fake,fft,fft_081_Phagooner Mohonaye.mp3_22k.wav,20,10
ed173dede44ddc9d8467273cab664692,bengali,fake,fft,fft_081_Phagooner Mohonaye.mp3_22k.wav,21,10
71ccd43f90d75e2680ffa06606e8a95b,bengali,fake,fft,fft_084_Sheeter Hawaay.mp3_22k.wav,0,10
62cb7b73411aeee498c4ed298378a2de,bengali,fake,fft,fft_084_Sheeter Hawaay.mp3_22k.wav,1,10
9da679f74c9cd3a7164605f450162c1a,bengali,fake,fft,fft_084_Sheeter Hawaay.mp3_22k.wav,2,10
ec8452c17bc59e231a944eece9aade5c,bengali,fake,fft,fft_084_Sheeter Hawaay.mp3_22k.wav,3,10
69853f30974c2eb6111dde5cd7b10160,bengali,fake,fft,fft_084_Sheeter Hawaay.mp3_22k.wav,4,10
a222b891e32b03c441408c26c9345c1d,bengali,fake,fft,fft_084_Sheeter Hawaay.mp3_22k.wav,5,10
879db0c059bdae00dd2c18dc7d2c61a4,bengali,fake,fft,fft_084_Sheeter Hawaay.mp3_22k.wav,6,10
63a7e8db7dabe1bc851f0fd4f3b49212,bengali,fake,fft,fft_084_Sheeter Hawaay.mp3_22k.wav,7,10
4f35497fcc08f2971cb041e77f59bde0,bengali,fake,fft,fft_084_Sheeter Hawaay.mp3_22k.wav,8,10
b891e2dd77cd3b8e7f52025389e5ac77,bengali,fake,fft,fft_084_Sheeter Hawaay.mp3_22k.wav,9,10
0fd2042d3c36bbbe509f15a885287b04,bengali,fake,fft,fft_084_Sheeter Hawaay.mp3_22k.wav,10,10
a7e822ae7cbe5c26706b2b6b2eae3e96,bengali,fake,fft,fft_084_Sheeter Hawaay.mp3_22k.wav,11,10
961395925633db8f804d6cfd7e281177,bengali,fake,fft,fft_084_Sheeter Hawaay.mp3_22k.wav,12,10
65f377485493bc953d08511543b1ea5f,bengali,fake,fft,fft_084_Sheeter Hawaay.mp3_22k.wav,13,10
d0d09ac9cc16b1385141badcc7259664,bengali,fake,fft,fft_084_Sheeter Hawaay.mp3_22k.wav,14,10
103c2f0a8ab9b6397c8a5027bd32921a,bengali,fake,fft,fft_084_Sheeter Hawaay.mp3_22k.wav,15,10
dea3c8436d4dea94f1325b4c5878aed0,bengali,fake,fft,fft_084_Sheeter Hawaay.mp3_22k.wav,16,10
b2e362fbef5e1c0eaf1ea18d0c180b95,bengali,fake,fft,fft_084_Sheeter Hawaay.mp3_22k.wav,17,10
b035b84a3dfd34486cead2e845e4d6d3,bengali,fake,fft,fft_084_Sheeter Hawaay.mp3_22k.wav,18,10
1a1ea695a8ec9d9c27894c88403757e4,bengali,fake,fft,fft_084_Sheeter Hawaay.mp3_22k.wav,19,10
ab675217dc9bf7d9f799f5260c3c7aa6,bengali,fake,fft,fft_084_Sheeter Hawaay.mp3_22k.wav,20,10
3d1592e7a00d834d57558dc259aa1e04,bengali,fake,fft,fft_084_Sheeter Hawaay.mp3_22k.wav,21,10
aa104ae9edc55b7615329ef06d69ec70,bengali,fake,fft,fft_084_Sheeter Hawaay.mp3_22k.wav,22,10
24d4ebb9a5279491f06e8408bb74b99a,bengali,fake,fft,fft_084_Sheeter Hawaay.mp3_22k.wav,23,10
95d459abcb76054d551f6c8007058bec,bengali,fake,fft,fft_084_Sheeter Hawaay.mp3_22k.wav,24,10
825027d718c67f953c372d326a78f8b0,bengali,fake,fft,fft_084_Sheeter Hawaay.mp3_22k.wav,25,10
ee10ae87383a132d8edadfcc9e8c6ecd,bengali,fake,fft,fft_084_Sheeter Hawaay.mp3_22k.wav,26,10
2d55156c570df756d343bd17d3d37a3d,bengali,fake,fft,fft_084_Sheeter Hawaay.mp3_22k.wav,27,10
3fa90269907a8a46563d4fcb948f6d0e,bengali,fake,fft,fft_084_Sheeter Hawaay.mp3_22k.wav,28,10
fa39011bbee63493ff000dc1799309c9,bengali,fake,fft,fft_084_Sheeter Hawaay.mp3_22k.wav,29,10
1cfe6c0267df7dd153559d81cd5a7966,bengali,fake,fft,fft_084_Sheeter Hawaay.mp3_22k.wav,30,10
714eaeaacff674cecf175aa3be77a109,bengali,fake,fft,fft_084_Sheeter Hawaay.mp3_22k.wav,31,10
c2dbecf74f2af4d2ebcf94813ab451b6,bengali,fake,fft,fft_084_Sheeter Hawaay.mp3_22k.wav,32,10
e81660c99d7e048df14ca87d714f567f,bengali,fake,fft,fft_084_Sheeter Hawaay.mp3_22k.wav,33,10
e00f94879b9995acf7b5eab2ff4cfa27,bengali,fake,fft,fft_084_Sheeter Hawaay.mp3_22k.wav,34,10
0b3447e3c44f2fd04e150c704160feea,bengali,fake,fft,fft_084_Sheeter Hawaay.mp3_22k.wav,35,10
47ae95bf7344cd60954e2b3dcf9fe2d9,bengali,fake,fft,fft_084_Sheeter Hawaay.mp3_22k.wav,36,10
8b439a7bfc24ea27fff88e21f8a3b71b,bengali,fake,fft,fft_084_Sheeter Hawaay.mp3_22k.wav,37,10
a45d16b3782e582e3c2753fb2839af05,bengali,fake,fft,fft_084_Sheeter Hawaay.mp3_22k.wav,38,10
e10c7a63abeec9ed2c057794c910987b,bengali,fake,fft,fft_084_Sheeter Hawaay.mp3_22k.wav,39,10
1adeecad3e77b0978ce942bfed1acdb7,bengali,fake,fft,fft_084_Sheeter Hawaay.mp3_22k.wav,40,10
515bb5e2c23da4261d7c77c087fa4541,bengali,fake,fft,fft_084_Sheeter Hawaay.mp3_22k.wav,41,10
6cada0122694378a4fafeedad14980db,bengali,fake,fft,fft_084_Sheeter Hawaay.mp3_22k.wav,42,10
