sample_id,language,label,method,original_filename,clip_index,duration_seconds
462c1fa6bd2573047e46272a478f3418,telugu,fake,fft,fft_telugu_001.wav,0,10
703ce719c3d426befef2b94f5e254d53,telugu,fake,fft,fft_telugu_001.wav,1,10
3095926ce88137269072e2e8634d9fb5,telugu,fake,fft,fft_telugu_001.wav,2,10
f31656a7069af401f474eace586ada41,telugu,fake,fft,fft_telugu_001.wav,3,10
1f187a1401c7820182812205fdfa0211,telugu,fake,fft,fft_telugu_002.wav,0,10
a7badd48850c0bae3576fb35c1cb7354,telugu,fake,fft,fft_telugu_002.wav,1,10
c4f86c4d3c26689cc1dba631da47b1f6,telugu,fake,fft,fft_telugu_002.wav,2,10
66c3cd91898b47b65b8718a17369df59,telugu,fake,fft,fft_telugu_002.wav,3,10
a7fa3a2ece14f980b6b682218efb82c4,telugu,fake,fft,fft_telugu_002.wav,4,10
b699e182a2e15ed5674c2b37f9af4295,telugu,fake,fft,fft_telugu_002.wav,5,10
16bf6548fa18a038d11bc63109e5f3f0,telugu,fake,fft,fft_telugu_002.wav,6,10
942d99bcc19f215116e0d6cc06d6ba9e,telugu,fake,fft,fft_telugu_002.wav,7,10
d1145d336552207e587144d39f160c65,telugu,fake,fft,fft_telugu_002.wav,8,10
62f7a72559d6223bbde320407390ea5e,telugu,fake,fft,fft_telugu_002.wav,9,10
a04efd2664a7fa9d3967ddc7db5d2ebb,telugu,fake,fft,fft_telugu_002.wav,10,10
d44dc8368a0eeccd9115c5c4cee6ad23,telugu,fake,fft,fft_telugu_002.wav,11,10
877547747f7b3b32cb56d75fe3a3795e,telugu,fake,fft,fft_telugu_002.wav,12,10
f5e84a6b02258acfbb5ad7fecfd5ee8b,telugu,fake,fft,fft_telugu_002.wav,13,10
83b72af5ccc81768b8a6d803c2155bb3,telugu,fake,fft,fft_telugu_002.wav,14,10
dde616626034415a11dde16959a86ab5,telugu,fake,fft,fft_telugu_002.wav,15,10
cde9ccab627601d25794321c62ba278b,telugu,fake,fft,fft_telugu_002.wav,16,10
6e8a20f976004c4369b765679542f448,telugu,fake,fft,fft_telugu_002.wav,17,10
e8ef5d7dc4fa2fcf5a4279c094bed872,telugu,fake,fft,fft_telugu_002.wav,18,10
c140dcb1c1ac2157a1e6c3f331eba5ce,telugu,fake,fft,fft_telugu_002.wav,19,10
cd78325b48cb2ca621e0a9b56adb1711,telugu,fake,fft,fft_telugu_002.wav,20,10
d5175a221c27df499aac121d170d2bee,telugu,fake,fft,fft_telugu_002.wav,21,10
f8c57a0ac4698d55bffab7cd25eec4e6,telugu,fake,fft,fft_telugu_003.wav,0,10
2fa5acb4fd51f2980ebb9e01674ffc23,telugu,fake,fft,fft_telugu_003.wav,1,10
602311e58f387983e33e9ad8611cf4af,telugu,fake,fft,fft_telugu_003.wav,2,10
9f855f83669fe2d9315d5ef00a92cd85,telugu,fake,fft,fft_telugu_003.wav,3,10
383f6c9faff38ec0eb3f9bf97a2c335e,telugu,fake,fft,fft_telugu_003.wav,4,10
140ad0b6f5479c1da7ff2e43a75ec6ea,telugu,fake,fft,fft_telugu_003.wav,5,10
1ecfc2f15cc9cc35fb4bfebb314d76ea,telugu,fake,fft,fft_telugu_003.wav,6,10
cfd0f09a0a3170809d3055d402686243,telugu,fake,fft,fft_telugu_003.wav,7,10
4980b82b003a61ab5ff35b716cf6c624,telugu,fake,fft,fft_telugu_003.wav,8,10
2e4c62b564644b045cfc6409ab858239,telugu,fake,fft,fft_telugu_003.wav,9,10
fc79ad2d935d3c2b67166a93f1aeedb8,telugu,fake,fft,fft_telugu_003.wav,10,10
69bfa6bc237534d789df9758ed86513f,telugu,fake,fft,fft_telugu_003.wav,11,10
d7c8f4810d91e8b8c07ef49f614c8e65,telugu,fake,fft,fft_telugu_003.wav,12,10
2c1dc726c640e057d231fd3eb561b833,telugu,fake,fft,fft_telugu_003.wav,13,10
8a46e289a69172273aee2f9116a515f9,telugu,fake,fft,fft_telugu_003.wav,14,10
32e9f1a82ffa314b0970c2ed60ce0119,telugu,fake,fft,fft_telugu_003.wav,15,10
8e2e62f513915585b7bde42e95fd1e44,telugu,fake,fft,fft_telugu_003.wav,16,10
70dab4f22b1ae22d3172f2d0731a593b,telugu,fake,fft,fft_telugu_003.wav,17,10
db06b425b0161939d2438d43a8d4c9d0,telugu,fake,fft,fft_telugu_003.wav,18,10
54d06599ce98eae14a2fe7995e45b3d4,telugu,fake,fft,fft_telugu_003.wav,19,10
d7f6267023d8628245d77056aea73545,telugu,fake,fft,fft_telugu_003.wav,20,10
8dde4cda507b7b5bc55469a93c7b98c8,telugu,fake,fft,fft_telugu_003.wav,21,10
3482b7806d6efc38767c2703d0e0c553,telugu,fake,fft,fft_telugu_003.wav,22,10
5e0904aba998d20cc27dc0ff2bee2a27,telugu,fake,fft,fft_telugu_003.wav,23,10
d2b38b8a08c0e9938303f4424e90458e,telugu,fake,fft,fft_telugu_003.wav,24,10
70d74884160c2b44fa8b8caaa9f2b1c6,telugu,fake,fft,fft_telugu_003.wav,25,10
45746518f3265063d629e18d75cc5be1,telugu,fake,fft,fft_telugu_004.wav,0,10
016aa388d4631935ccfc25a0b49c0a74,telugu,fake,fft,fft_telugu_004.wav,1,10
deb0cb7b1394f071cbc3b438e0da983b,telugu,fake,fft,fft_telugu_004.wav,2,10
3c97b108c2638a58db1dc4bcea5fb55f,telugu,fake,fft,fft_telugu_004.wav,3,10
47228a9678d36774f1e249f922c83212,telugu,fake,fft,fft_telugu_004.wav,4,10
4b129d38436c04eb78b2252190032466,telugu,fake,fft,fft_telugu_004.wav,5,10
e792135e2566f40111db316d4ede90e4,telugu,fake,fft,fft_telugu_004.wav,6,10
be478930ee88a60d3b42bb0b4789bc9e,telugu,fake,fft,fft_telugu_004.wav,7,10
03a651719787bca9ee4ae2a01842140a,telugu,fake,fft,fft_telugu_004.wav,8,10
435a8a67f7c81c811350e00739b667f5,telugu,fake,fft,fft_telugu_005.wav,0,10
d4f591c98de33ff7718be19830e2053c,telugu,fake,fft,fft_telugu_005.wav,1,10
c635fa1ad68e8f5c7bfe271fcb8fb59d,telugu,fake,fft,fft_telugu_005.wav,2,10
65fc61b5ec73bff5083a852e368048c3,telugu,fake,fft,fft_telugu_005.wav,3,10
d5345f7ceca104e3380505b95c689159,telugu,fake,fft,fft_telugu_005.wav,4,10
7afd17348fd93cf76aeed9c01913880a,telugu,fake,fft,fft_telugu_005.wav,5,10
f37f26bce334f68270d94dd4cc51789f,telugu,fake,fft,fft_telugu_005.wav,6,10
e5c4a560ba3bb7c511e1864e0adfc5e3,telugu,fake,fft,fft_telugu_005.wav,7,10
2bfc61ac7b03108e18c6aa7218807923,telugu,fake,fft,fft_telugu_005.wav,8,10
79b46c5bdc28fdb91c92b751beb4e771,telugu,fake,fft,fft_telugu_005.wav,9,10
49ee02e1911aba92d2988c843a482edc,telugu,fake,fft,fft_telugu_005.wav,10,10
fc680849e0e5dba60ac258b93d531616,telugu,fake,fft,fft_telugu_005.wav,11,10
ce62839dc74ad95e081a0648ba1570eb,telugu,fake,fft,fft_telugu_005.wav,12,10
eed6da20bf1da6632873c6428cef1161,telugu,fake,fft,fft_telugu_005.wav,13,10
dfa6da21626fb8322b83be25d770f822,telugu,fake,fft,fft_telugu_005.wav,14,10
25607677d12cd8733630e364affa050b,telugu,fake,fft,fft_telugu_005.wav,15,10
23d54fad4ca404dd11edca15819779a1,telugu,fake,fft,fft_telugu_005.wav,16,10
c3686957baf1bcd1c0b4722f263153ca,telugu,fake,fft,fft_telugu_005.wav,17,10
9804e5e09bc56b3b8818db1f767ed0c3,telugu,fake,fft,fft_telugu_005.wav,18,10
b19fe83afe3b5a19ac2b0605569fb2fc,telugu,fake,fft,fft_telugu_005.wav,19,10
ad66cc066105f5e58596878c4c980d8e,telugu,fake,fft,fft_telugu_005.wav,20,10
6b05d0d283f47ece4cd71d22ed23438e,telugu,fake,fft,fft_telugu_005.wav,21,10
bb57f1183ba8937fc5cf804866df4573,telugu,fake,fft,fft_telugu_005.wav,22,10
c17e27de8d5303f52cfe96fcb96197c0,telugu,fake,fft,fft_telugu_005.wav,23,10
50e1d4b5319710d3fe093001edbd4fd3,telugu,fake,fft,fft_telugu_005.wav,24,10
9a759ddb648da706c668c3f3b18f7392,telugu,fake,fft,fft_telugu_005.wav,25,10
71eea55f2fc57d04c7e80c270f9874c0,telugu,fake,fft,fft_telugu_006.wav,0,10
940fa1b0662720cb18aef2ec45eef63a,telugu,fake,fft,fft_telugu_006.wav,1,10
b624332ddbc89359a8c4b0a9b464c772,telugu,fake,fft,fft_telugu_006.wav,2,10
11d4bdca117f2eeb14906f84fccffb72,telugu,fake,fft,fft_telugu_006.wav,3,10
fb22dc7def5d7656b28210affd823e35,telugu,fake,fft,fft_telugu_006.wav,4,10
82d87d57ec0d79c4ae1deb1f584676bf,telugu,fake,fft,fft_telugu_006.wav,5,10
6d6edde6851ff37718a897df64636e30,telugu,fake,fft,fft_telugu_006.wav,6,10
0d03c707e41fbb5368b0955d78c0b83e,telugu,fake,fft,fft_telugu_006.wav,7,10
f620ad9aff0cce8529e9723adfb17b4f,telugu,fake,fft,fft_telugu_006.wav,8,10
1009bb3d01a5f4fe7670f0a116eeb3e2,telugu,fake,fft,fft_telugu_006.wav,9,10
cdef21bc1454ac15b921e89f8dc62dd2,telugu,fake,fft,fft_telugu_006.wav,10,10
cfb8a7554c707705783fc10547cbcf9a,telugu,fake,fft,fft_telugu_006.wav,11,10
ffb755c77344ae7fe1a4cb128566c7b6,telugu,fake,fft,fft_telugu_006.wav,12,10
29c8153c76c3c5d145dc9622221aaef9,telugu,fake,fft,fft_telugu_006.wav,13,10
1985573e5ad282034ac7311611c2dd49,telugu,fake,fft,fft_telugu_006.wav,14,10
d3fade6734043c7b37b55a8f224f35cf,telugu,fake,fft,fft_telugu_006.wav,15,10
c79919ef95905396d03cacff5fcba3c8,telugu,fake,fft,fft_telugu_006.wav,16,10
a00010e9f50d93d3203ccdf313f74424,telugu,fake,fft,fft_telugu_006.wav,17,10
e071a7e568dacf832d44a968df3bf460,telugu,fake,fft,fft_telugu_006.wav,18,10
2c3a523e83f3b65cfa6028d80b68210b,telugu,fake,fft,fft_telugu_006.wav,19,10
f8e625d7d088faface34830dd5e157b0,telugu,fake,fft,fft_telugu_006.wav,20,10
03cd3cf441dc0bd253861d639d484d4b,telugu,fake,fft,fft_telugu_006.wav,21,10
a7fd583b95a5da6bf081438558e8509d,telugu,fake,fft,fft_telugu_006.wav,22,10
281eaff6e636116247c543ab5f67e25c,telugu,fake,fft,fft_telugu_006.wav,23,10
7035740517ba0292a290742d77da1d97,telugu,fake,fft,fft_telugu_007.wav,0,10
7b8318205424f2d45458f759dd951dd9,telugu,fake,fft,fft_telugu_007.wav,1,10
4c6e677aeb82379a0f4d32cbaa5a06ac,telugu,fake,fft,fft_telugu_007.wav,2,10
5088bf82df8c3c29e71a0fbe9f1a5923,telugu,fake,fft,fft_telugu_007.wav,3,10
2387e547054c55bf82db9699a9e4e963,telugu,fake,fft,fft_telugu_007.wav,4,10
eb3ab4066c9b29030c3ac9acbdb2d6ab,telugu,fake,fft,fft_telugu_007.wav,5,10
0565e027dd0b243c4b8b779d03ea2747,telugu,fake,fft,fft_telugu_007.wav,6,10
40eb24d57ea493b40d44ead1047dd873,telugu,fake,fft,fft_telugu_007.wav,7,10
3af197261b8538cb1efb9905eb1a53b4,telugu,fake,fft,fft_telugu_007.wav,8,10
68af8c6e2fb312b3f25bc43f9d35c113,telugu,fake,fft,fft_telugu_007.wav,9,10
e13cb3e9a9bfa386c1c563498e637248,telugu,fake,fft,fft_telugu_007.wav,10,10
faab8cf5b8b34c1395ca53b7ce605677,telugu,fake,fft,fft_telugu_007.wav,11,10
e1f41ccdf1cd4a8aa5ac60285881a7a9,telugu,fake,fft,fft_telugu_007.wav,12,10
17b6d63dd87ca3560eb4d00b88a52e5f,telugu,fake,fft,fft_telugu_007.wav,13,10
58049ff8991c65b244cf7d92015730ef,telugu,fake,fft,fft_telugu_007.wav,14,10
5294431da7fd04eb98d272a4a81214e7,telugu,fake,fft,fft_telugu_007.wav,15,10
2ea9922e385afd4c4471c91c9d6e35e3,telugu,fake,fft,fft_telugu_007.wav,16,10
f3571019425dc3a668b7e30eebbda06b,telugu,fake,fft,fft_telugu_007.wav,17,10
e8f46c459c867fdc11d4cdee1c1ef2d9,telugu,fake,fft,fft_telugu_007.wav,18,10
56d14d3056781ae63cec5e87664116c7,telugu,fake,fft,fft_telugu_007.wav,19,10
149f2732973589431e717ae59a19289b,telugu,fake,fft,fft_telugu_007.wav,20,10
fc10a08c08e4361bf67ba50678e44395,telugu,fake,fft,fft_telugu_007.wav,21,10
5663f84b3cc7d7f3711b951c2c58b77b,telugu,fake,fft,fft_telugu_008.wav,0,10
9c8b99103dff1c6b98f328c99ddc41f6,telugu,fake,fft,fft_telugu_008.wav,1,10
6cb6f113a043537bdda0f1825d0a04d0,telugu,fake,fft,fft_telugu_008.wav,2,10
daffeb9fec905a74bf108c04766a12f1,telugu,fake,fft,fft_telugu_008.wav,3,10
8208f0180caa5e0dfcbd32c7705352d5,telugu,fake,fft,fft_telugu_008.wav,4,10
b670f787a641dc081db006e48db090a3,telugu,fake,fft,fft_telugu_008.wav,5,10
ac6bbf44b97c9f9f4b8e9a199ba162c3,telugu,fake,fft,fft_telugu_008.wav,6,10
e79e262584cb36f435627ad08aecf53d,telugu,fake,fft,fft_telugu_008.wav,7,10
891ca9c5aa8c0c83db5371478a2ee2fd,telugu,fake,fft,fft_telugu_008.wav,8,10
bde9b3c3ee59e8f30d51b737ec8e50ea,telugu,fake,fft,fft_telugu_008.wav,9,10
35e2efd7fe1ac1085ab5d97902570488,telugu,fake,fft,fft_telugu_008.wav,10,10
92acd32de6990dbd6dc991be308826ae,telugu,fake,fft,fft_telugu_008.wav,11,10
274457e6837677a058d1d1ef1511ef47,telugu,fake,fft,fft_telugu_008.wav,12,10
7e30e4a59b8a8415107ba1181e48aef2,telugu,fake,fft,fft_telugu_008.wav,13,10
92e9574d5c1122a0deec87336d28dd82,telugu,fake,fft,fft_telugu_008.wav,14,10
e8fa48f3652b8ed216fc55e2ccfeb29c,telugu,fake,fft,fft_telugu_008.wav,15,10
1353cb0ecfa04a4cfb098d7c53f2ed33,telugu,fake,fft,fft_telugu_008.wav,16,10
4a97ea76271a246d927f8b98a1717e8a,telugu,fake,fft,fft_telugu_008.wav,17,10
fd3afa7efc98758f80ce95b9839e962e,telugu,fake,fft,fft_telugu_008.wav,18,10
c6ba75fb4003e7136cfc1382449f8a4b,telugu,fake,fft,fft_telugu_008.wav,19,10
0d58000f9b78413d1b37eefc1a205746,telugu,fake,fft,fft_telugu_008.wav,20,10
7ebfab35ec554c90d46f6d0a88e2d70a,telugu,fake,fft,fft_telugu_008.wav,21,10
47d8fbd16a820a72786363f0fd9c04a0,telugu,fake,fft,fft_telugu_008.wav,22,10
2dd3e1ed488898f505ee0e66e7a77bfe,telugu,fake,fft,fft_telugu_008.wav,23,10
07f3f651a17322bc50e8b2d72532652e,telugu,fake,fft,fft_telugu_008.wav,24,10
50a835b50d7a5b934cd507f03c70ff17,telugu,fake,fft,fft_telugu_008.wav,25,10
e3fe59dcc3b75f70c8d0a895bb33f903,telugu,fake,fft,fft_telugu_009.wav,0,10
e1f19fdc0329423eaaf6d194810eb75f,telugu,fake,fft,fft_telugu_009.wav,1,10
0c91ea43f8c0ef8f7ac046975eacc38c,telugu,fake,fft,fft_telugu_009.wav,2,10
d50e9c016105d3fe584014af1c5c6b18,telugu,fake,fft,fft_telugu_009.wav,3,10
00639efbb939ef0fc131b8136d7cc984,telugu,fake,fft,fft_telugu_009.wav,4,10
4f766300d821824ab1c6ea378ebe6111,telugu,fake,fft,fft_telugu_009.wav,5,10
4273cb93c1b712d3e32b5a6c142e973d,telugu,fake,fft,fft_telugu_009.wav,6,10
e593715b290369939ee055219455dfef,telugu,fake,fft,fft_telugu_009.wav,7,10
405534868aee5cd7a0bbae381f756fa9,telugu,fake,fft,fft_telugu_009.wav,8,10
733fc732143d25ab0c0a1b80e5c24d62,telugu,fake,fft,fft_telugu_009.wav,9,10
714c65dd59d62be7ab84081a3f622aaa,telugu,fake,fft,fft_telugu_009.wav,10,10
011b131ceaa83f6f2180671f4205b3e3,telugu,fake,fft,fft_telugu_009.wav,11,10
d7d18ccfa55c54e74ce2550560bfa105,telugu,fake,fft,fft_telugu_009.wav,12,10
2c6884dcee4b2be010336295c3e0f263,telugu,fake,fft,fft_telugu_009.wav,13,10
41b35497d70eb824f28d4a4d8cea67e7,telugu,fake,fft,fft_telugu_009.wav,14,10
400a1e0eced36fba3349e515d7c108b6,telugu,fake,fft,fft_telugu_009.wav,15,10
2c18ff6f646aab59c87a0226a5617c14,telugu,fake,fft,fft_telugu_010.wav,0,10
daab790c3b30dddb9efd7c5ff68007ee,telugu,fake,fft,fft_telugu_010.wav,1,10
ecd5c325ebfd7ec62a4b7188355f3312,telugu,fake,fft,fft_telugu_010.wav,2,10
0c0022789ccaf51f594e204bab06b878,telugu,fake,fft,fft_telugu_010.wav,3,10
50eab20807848eb13b494ca9e22c7818,telugu,fake,fft,fft_telugu_010.wav,4,10
375af9e6849aa3e89cd53bf2cf501702,telugu,fake,fft,fft_telugu_010.wav,5,10
f9f2953b31f5cd5bf9511e1a44251f1e,telugu,fake,fft,fft_telugu_010.wav,6,10
feee2ce1e8b8e5077610db016650aabc,telugu,fake,fft,fft_telugu_010.wav,7,10
6c11a206ee6cf310c09e814bd1552fc3,telugu,fake,fft,fft_telugu_010.wav,8,10
fa3beeeaabc0531906e157497e3749a5,telugu,fake,fft,fft_telugu_010.wav,9,10
599503e0f27ca28b812083378fd160cf,telugu,fake,fft,fft_telugu_010.wav,10,10
8b783410a8c9a787ac46763871de1fa7,telugu,fake,fft,fft_telugu_010.wav,11,10
dcf7530790e83ea439cf381e034598ad,telugu,fake,fft,fft_telugu_010.wav,12,10
e0418e01129f1e63ee34b2821fd13b99,telugu,fake,fft,fft_telugu_010.wav,13,10
4570e34e3e4371bd5facfb3241a988bd,telugu,fake,fft,fft_telugu_010.wav,14,10
80436009e7ea2f59b560379d7bbe8e3e,telugu,fake,fft,fft_telugu_010.wav,15,10
bbf96c7b933da6a0228f6812e255d806,telugu,fake,fft,fft_telugu_010.wav,16,10
eef88f43a9414e31fb5a41516ff26054,telugu,fake,fft,fft_telugu_010.wav,17,10
e14832dc93071cee6de721b238eba6c5,telugu,fake,fft,fft_telugu_010.wav,18,10
16676f04a279b70e3d191de21ca4be8d,telugu,fake,fft,fft_telugu_010.wav,19,10
e85648bcecb555dbaf2ce083b4be6d55,telugu,fake,fft,fft_telugu_010.wav,20,10
e0ea1dab29da03590a2a3e89ffcaeb73,telugu,fake,fft,fft_telugu_010.wav,21,10
9b98f2416b384cf4a08d47304e5229ae,telugu,fake,fft,fft_telugu_010.wav,22,10
f82cea0e2f070154921ffd25249137d1,telugu,fake,fft,fft_telugu_010.wav,23,10
2ae348ecebff1ba32b1d9d9e410cf30b,telugu,fake,fft,fft_telugu_010.wav,24,10
9d10a6dd4083873ac28058500b2bd0b6,telugu,fake,fft,fft_telugu_011.wav,0,10
3efd294131b0ebda62de996f880264cd,telugu,fake,fft,fft_telugu_011.wav,1,10
df6d032fb66ef47a07540dedca920069,telugu,fake,fft,fft_telugu_011.wav,2,10
e6309608acabedf856b0a1abe1d17ad6,telugu,fake,fft,fft_telugu_011.wav,3,10
5a338c09869fd5716a0041e593b52d2f,telugu,fake,fft,fft_telugu_011.wav,4,10
903fd9620e66403ef8b1325b1b57f8c5,telugu,fake,fft,fft_telugu_011.wav,5,10
765ccff1b3451a31ba84356c83ba6fbc,telugu,fake,fft,fft_telugu_011.wav,6,10
5acea29440ce455c658200857ae65fb5,telugu,fake,fft,fft_telugu_011.wav,7,10
fe3a9b9d5b59297145b5e688db6e4a61,telugu,fake,fft,fft_telugu_011.wav,8,10
8848a543815adcd049c45cbb0b8436f9,telugu,fake,fft,fft_telugu_011.wav,9,10
5fba196e0e07be9d19385b1462f133d6,telugu,fake,fft,fft_telugu_011.wav,10,10
6a9e913ecba80259eaa93b11d2ddaffb,telugu,fake,fft,fft_telugu_011.wav,11,10
4d49f07a8124bccaab8356a0e03ee354,telugu,fake,fft,fft_telugu_011.wav,12,10
0b4792c174d191dbd74b36840289bee6,telugu,fake,fft,fft_telugu_011.wav,13,10
c390963f99f7e625ecd3ce504bf0fe97,telugu,fake,fft,fft_telugu_011.wav,14,10
bd11ac49f1fe2007c01d8805c100d332,telugu,fake,fft,fft_telugu_011.wav,15,10
4fcc22a7bdd43e3e2e9ce4223270433c,telugu,fake,fft,fft_telugu_011.wav,16,10
ac5ae975fbfa1580c4ede33a60053ca6,telugu,fake,fft,fft_telugu_011.wav,17,10
109f09f791c84a048e53bc1b134975da,telugu,fake,fft,fft_telugu_012.wav,0,10
180c606495427cf334a7ac5ff9bacf0c,telugu,fake,fft,fft_telugu_012.wav,1,10
f089262e3a242c610824e572d6b4803a,telugu,fake,fft,fft_telugu_012.wav,2,10
c1c193c51bd270b3b6e634270a9a607e,telugu,fake,fft,fft_telugu_012.wav,3,10
2f0f1fc13455fca0b70abc7cf4012b1f,telugu,fake,fft,fft_telugu_012.wav,4,10
532a1e237acf81e3e9947321ab8010cd,telugu,fake,fft,fft_telugu_012.wav,5,10
64f3772270f1c09eeb066e31a0389b46,telugu,fake,fft,fft_telugu_012.wav,6,10
332e643a139c5f18cc142cff277684bd,telugu,fake,fft,fft_telugu_012.wav,7,10
3a2294141b1b531240bd9693e0623d02,telugu,fake,fft,fft_telugu_012.wav,8,10
b678f23134bccce2a5830dbe608e7867,telugu,fake,fft,fft_telugu_012.wav,9,10
5901384d90dcf8af97cb389125439718,telugu,fake,fft,fft_telugu_012.wav,10,10
01b64a80b0bbcb17f4e3b48a726f70b4,telugu,fake,fft,fft_telugu_012.wav,11,10
b09220526871fe52e3673b41c1fee807,telugu,fake,fft,fft_telugu_012.wav,12,10
bdaeb18fb6b951b622557846e4fc0f78,telugu,fake,fft,fft_telugu_012.wav,13,10
9de9e7ce01c2b4ad02dfcbb1d3f3792e,telugu,fake,fft,fft_telugu_012.wav,14,10
079eebda058bc3b2dbd3e56d072bfb70,telugu,fake,fft,fft_telugu_012.wav,15,10
a62c94b2d9a5cc4b28c3ff4318eaba93,telugu,fake,fft,fft_telugu_012.wav,16,10
470dd966c37bf1cdf883cbb21b2d4687,telugu,fake,fft,fft_telugu_012.wav,17,10
42b7dfddb4edd1c8c5cd77b40971d42d,telugu,fake,fft,fft_telugu_012.wav,18,10
dc948f89004e512b5016e67d57771505,telugu,fake,fft,fft_telugu_012.wav,19,10
d94f43e12a8c9b1403ed6bad33717f99,telugu,fake,fft,fft_telugu_012.wav,20,10
df06916b6f3a0b2468f246a100a52a4d,telugu,fake,fft,fft_telugu_012.wav,21,10
e7892b78198fa0d4d0ba1928e30be503,telugu,fake,fft,fft_telugu_012.wav,22,10
f62b4d796e299ae0f9a57d4d772727a2,telugu,fake,fft,fft_telugu_012.wav,23,10
b9353e7153d1a75cc47e0ff708c05eb9,telugu,fake,fft,fft_telugu_013.wav,0,10
bd904ab29cbfec3006b670a462c2e4aa,telugu,fake,fft,fft_telugu_013.wav,1,10
6250d0af1bb8605970732467cd53d155,telugu,fake,fft,fft_telugu_013.wav,2,10
9d8a7a6cf6ba3dd4433407708274cbe2,telugu,fake,fft,fft_telugu_013.wav,3,10
727efa1237b0fe963509e9274f864902,telugu,fake,fft,fft_telugu_013.wav,4,10
6fa34fe31333f8252a86c84d4e65aadb,telugu,fake,fft,fft_telugu_013.wav,5,10
f6b4f92ee4d98c11df4c4aeeb258171a,telugu,fake,fft,fft_telugu_013.wav,6,10
7b99a5846e34ce09c04431e87f8bec28,telugu,fake,fft,fft_telugu_013.wav,7,10
da7ed5365c1c96fc263fe196b0eb1636,telugu,fake,fft,fft_telugu_013.wav,8,10
6b7a9ebbe1fe7d78581ba2da77255b1f,telugu,fake,fft,fft_telugu_013.wav,9,10
6464d30533937c9b5753ebe04ea2b72e,telugu,fake,fft,fft_telugu_013.wav,10,10
ca786c47b3e895c545e9d08e895c07e9,telugu,fake,fft,fft_telugu_013.wav,11,10
1ad0a125aac6dd9b9f610d1a04f652f7,telugu,fake,fft,fft_telugu_013.wav,12,10
2384ad760d4162a00b8f960301b7a223,telugu,fake,fft,fft_telugu_013.wav,13,10
3af25416d91b23074de57e6c7c2ed07b,telugu,fake,fft,fft_telugu_013.wav,14,10
f73f8fa95a876283771ae8279726fa69,telugu,fake,fft,fft_telugu_013.wav,15,10
ee9a35ea8b731d937d7ae9de612e59e9,telugu,fake,fft,fft_telugu_013.wav,16,10
f041a7e3851f4f77f3824f3e819c0179,telugu,fake,fft,fft_telugu_013.wav,17,10
56e00868f70d7d50fc662480cafcdf35,telugu,fake,fft,fft_telugu_013.wav,18,10
8dcf36cca30ecd93c3c06883904b04cc,telugu,fake,fft,fft_telugu_013.wav,19,10
96643fc51bfc16b8af26036a97d3a320,telugu,fake,fft,fft_telugu_013.wav,20,10
83001173c9e822b4326f31acd99d31c6,telugu,fake,fft,fft_telugu_013.wav,21,10
b2475c4a299357478decd073a5fa0952,telugu,fake,fft,fft_telugu_013.wav,22,10
a2688c23b8c307433b7cafaf7be8dd07,telugu,fake,fft,fft_telugu_013.wav,23,10
4511a5f45ad28b1a1fe158cf9a213f62,telugu,fake,fft,fft_telugu_014.wav,0,10
72510e21bfa38ffacd2f92fa4231f0c5,telugu,fake,fft,fft_telugu_014.wav,1,10
30385d3039ec0f85d868022ccc540e8f,telugu,fake,fft,fft_telugu_014.wav,2,10
8ae7d999639a6a20e38e75e4a40b049e,telugu,fake,fft,fft_telugu_014.wav,3,10
aa78511f4672e246bf8e70f486ca1b40,telugu,fake,fft,fft_telugu_014.wav,4,10
86badd2e6a907f85c3fde9f35c1e279d,telugu,fake,fft,fft_telugu_014.wav,5,10
0846f65686ac55ac2d5ec04abf3ee66c,telugu,fake,fft,fft_telugu_014.wav,6,10
ad24752ebc9d0d8bc8270b716ced291e,telugu,fake,fft,fft_telugu_014.wav,7,10
2c9e7379abf9ad4bccec3a4df3b05114,telugu,fake,fft,fft_telugu_014.wav,8,10
acb4fa58c39239a3d23518d2bd608f6f,telugu,fake,fft,fft_telugu_014.wav,9,10
712b765ce575804f1c61c1ffa086616d,telugu,fake,fft,fft_telugu_014.wav,10,10
3172d578df4800a9d24d47930a8226f2,telugu,fake,fft,fft_telugu_014.wav,11,10
2a37441bf3e9c75bee88104830b4a85e,telugu,fake,fft,fft_telugu_014.wav,12,10
dfbc9bd20ceb68aa1cfd8d88fb09a671,telugu,fake,fft,fft_telugu_014.wav,13,10
317b944708106712bdc613fbb47927ba,telugu,fake,fft,fft_telugu_014.wav,14,10
f443a06530bcb5e92b38e4aaab743f18,telugu,fake,fft,fft_telugu_014.wav,15,10
90e63bdc077a58830d2b0b63c462fbdf,telugu,fake,fft,fft_telugu_014.wav,16,10
39888465aad996b2646cd7600b9d4340,telugu,fake,fft,fft_telugu_014.wav,17,10
91b7ec1bf5c05c6f49891042c78e9544,telugu,fake,fft,fft_telugu_014.wav,18,10
11ebe3d3bf62df913a92073b32bd2a05,telugu,fake,fft,fft_telugu_014.wav,19,10
e706e399543e7ab23157216de71cb7e1,telugu,fake,fft,fft_telugu_014.wav,20,10
1ca335db97c191b87c4bf7a9d81b4b7e,telugu,fake,fft,fft_telugu_014.wav,21,10
635bf5a167d568919edf45dfae7b1c9a,telugu,fake,fft,fft_telugu_014.wav,22,10
f97ce42724753ce8e2d62799985b4f12,telugu,fake,fft,fft_telugu_014.wav,23,10
5ae0e53123546b4a4e7732ead1926689,telugu,fake,fft,fft_telugu_014.wav,24,10
5faf6373c741fa4371065b9163799bb4,telugu,fake,fft,fft_telugu_014.wav,25,10
44e764d6e98d3966e37721d540c79df2,telugu,fake,fft,fft_telugu_014.wav,26,10
d15a7b780f11670c7dfdaf5af46979e1,telugu,fake,fft,fft_telugu_014.wav,27,10
f947206db7faaa7bd506cc1f63ef481c,telugu,fake,fft,fft_telugu_014.wav,28,10
1c87854351c6fb009983d4b1695b3550,telugu,fake,fft,fft_telugu_014.wav,29,10
d92315b793a28c8f1b726bcb508887da,telugu,fake,fft,fft_telugu_014.wav,30,10
ae61ab328e56599c31d502ec24cac7f5,telugu,fake,fft,fft_telugu_014.wav,31,10
ae4aa6c62d35107a3773fbd720fe1ae6,telugu,fake,fft,fft_telugu_014.wav,32,10
f7b010ae621545357d62a0ad6c096865,telugu,fake,fft,fft_telugu_014.wav,33,10
cc431a733e7628e5d577593549d2d390,telugu,fake,fft,fft_telugu_014.wav,34,10
f0847841013cfe98abdd8c175d680cc9,telugu,fake,fft,fft_telugu_014.wav,35,10
d4dffc3d40219c631d443a787f244d7e,telugu,fake,fft,fft_telugu_015.wav,0,10
4b2df1554c8802269c45a092848d783d,telugu,fake,fft,fft_telugu_015.wav,1,10
7a420684089cf8089c5ef8edef0a2437,telugu,fake,fft,fft_telugu_015.wav,2,10
a3ef54c016408b82863c43dd93c06cc3,telugu,fake,fft,fft_telugu_015.wav,3,10
26f9936c35efa86bd9178d69628fab3f,telugu,fake,fft,fft_telugu_015.wav,4,10
b2ad2f6979926862cb2b1026db2bbd5f,telugu,fake,fft,fft_telugu_015.wav,5,10
c0de04f9c813acca5a0f6aa283827550,telugu,fake,fft,fft_telugu_015.wav,6,10
895b9fc70a1a05bca8430d1e82c58ff2,telugu,fake,fft,fft_telugu_015.wav,7,10
5398558d9ebdf71c3794b9aed10103ea,telugu,fake,fft,fft_telugu_015.wav,8,10
0ed8243febb5a0d0be8d8c59d8e38171,telugu,fake,fft,fft_telugu_015.wav,9,10
2b09f8a023cceafe942ec712c7c7fb41,telugu,fake,fft,fft_telugu_015.wav,10,10
f27e89edbad6635123dc19d07b094678,telugu,fake,fft,fft_telugu_015.wav,11,10
9ba4558300a7ea6f6e94bae95e0e0626,telugu,fake,fft,fft_telugu_015.wav,12,10
363b5e6e9714ec70de6e494d940bf8e7,telugu,fake,fft,fft_telugu_015.wav,13,10
ab1a6a03fbb2b050ae7bcf996948db20,telugu,fake,fft,fft_telugu_015.wav,14,10
5e2e2477d92950d48cc7d28fce8f6f8a,telugu,fake,fft,fft_telugu_015.wav,15,10
3b57787b8f48bc45684685cce6ce921a,telugu,fake,fft,fft_telugu_015.wav,16,10
032de1b6c835472fccfd8dd2cfcb19fc,telugu,fake,fft,fft_telugu_015.wav,17,10
9f99e8d7c73498f8d3bb50f35a21a732,telugu,fake,fft,fft_telugu_015.wav,18,10
96d0804b0c261fbf4034328b5671110b,telugu,fake,fft,fft_telugu_015.wav,19,10
6a8ccf52501eb862128b767e1f5f174e,telugu,fake,fft,fft_telugu_015.wav,20,10
6e892198115fa538d270b8e0ed59308a,telugu,fake,fft,fft_telugu_015.wav,21,10
844b5bfbe4f015a22ed7b1ea9fe3fedd,telugu,fake,fft,fft_telugu_015.wav,22,10
d570566a5b940ad93dd2f2be59929b64,telugu,fake,fft,fft_telugu_015.wav,23,10
d1f7e96b23cf6c88f2e5d4b6570a683e,telugu,fake,fft,fft_telugu_015.wav,24,10
85a3531f4e0596c86d4595bab6489801,telugu,fake,fft,fft_telugu_015.wav,25,10
98f3f7fee4906cfb362b5a6a6eb21428,telugu,fake,fft,fft_telugu_016.wav,0,10
b041d476ac0fd48f84a41c1b3a262f2f,telugu,fake,fft,fft_telugu_016.wav,1,10
9d2bd7e7377131411f3f4ca6bbec6c88,telugu,fake,fft,fft_telugu_016.wav,2,10
678e3a4c0e650fc91fd8c9de4d0f5ae0,telugu,fake,fft,fft_telugu_016.wav,3,10
5702016c85eb1e8b06ecb5414312a95a,telugu,fake,fft,fft_telugu_016.wav,4,10
e474f8936802af66a003017f0b5eb910,telugu,fake,fft,fft_telugu_016.wav,5,10
ff1129ee39fe826f815cf297ff9a7172,telugu,fake,fft,fft_telugu_016.wav,6,10
91ab9c58dca837311582d6232c22163b,telugu,fake,fft,fft_telugu_016.wav,7,10
f7b6f2b29d441fbf71b4d5988fe9b89f,telugu,fake,fft,fft_telugu_016.wav,8,10
398d1903fa042bbce5f180c6597dadff,telugu,fake,fft,fft_telugu_016.wav,9,10
ad76786f80a59222adcce84c1a2b514b,telugu,fake,fft,fft_telugu_016.wav,10,10
4c194035ecc3c6129a8f245f7a60aeef,telugu,fake,fft,fft_telugu_016.wav,11,10
28b0831c65344d64375a01d09516b176,telugu,fake,fft,fft_telugu_016.wav,12,10
e26098e8bf57ae2febbcf2415dab61fc,telugu,fake,fft,fft_telugu_016.wav,13,10
91f4fd6c85ec5a7bc1bdb699325db1f0,telugu,fake,fft,fft_telugu_016.wav,14,10
1a21b6024050eab324683a1f862575bf,telugu,fake,fft,fft_telugu_016.wav,15,10
2d01f17c62fa2b4c278aef5bfe90a984,telugu,fake,fft,fft_telugu_016.wav,16,10
0564dd78839523792e96b440c7366809,telugu,fake,fft,fft_telugu_016.wav,17,10
a2f1dcaf282c39a820503e0561fd3671,telugu,fake,fft,fft_telugu_016.wav,18,10
791b44d5990771417f648d4228e909bd,telugu,fake,fft,fft_telugu_016.wav,19,10
e58c3d158ddd183baa990a7c5c6c6d64,telugu,fake,fft,fft_telugu_016.wav,20,10
0e758149b97e94e144e5de9375388506,telugu,fake,fft,fft_telugu_016.wav,21,10
8c6c2a91ff2e57c787f772c6f02db606,telugu,fake,fft,fft_telugu_016.wav,22,10
6986bdf8611b434132824adbd4148ef0,telugu,fake,fft,fft_telugu_016.wav,23,10
cd5a872e4ec1fa1e7af392376d4a0189,telugu,fake,fft,fft_telugu_016.wav,24,10
45d9541a04a20efc51880b2839b23cec,telugu,fake,fft,fft_telugu_016.wav,25,10
d3d8ea6f64601d528a62dbb74883ce4d,telugu,fake,fft,fft_telugu_016.wav,26,10
355bf218af7ba80fad6b0330fb4e346f,telugu,fake,fft,fft_telugu_016.wav,27,10
1b0cbdc02050d8c01013b1d3ecf356bf,telugu,fake,fft,fft_telugu_016.wav,28,10
2a90f6192d21b1357921f4d26d20e1a6,telugu,fake,fft,fft_telugu_016.wav,29,10
e1b863a363c76aa84bb952af71a17491,telugu,fake,fft,fft_telugu_016.wav,30,10
16113bf7eaecf9c6479cc0580ba2b453,telugu,fake,fft,fft_telugu_016.wav,31,10
3bc2f815754c310ca723e13e13a0531a,telugu,fake,fft,fft_telugu_016.wav,32,10
5ff01285c25be2a3986ad9cdda0ad355,telugu,fake,fft,fft_telugu_016.wav,33,10
3c03e04377ee413b9634287b815ce580,telugu,fake,fft,fft_telugu_016.wav,34,10
b344e4b2224d9297dc603b606c84da5b,telugu,fake,fft,fft_telugu_016.wav,35,10
a9939cf1630831fe3db4a698167d7e79,telugu,fake,fft,fft_telugu_016.wav,36,10
92584ebe9bdb18edc5f69c218292790b,telugu,fake,fft,fft_telugu_016.wav,37,10
e249daaa29d2edf3a255a9cb3db043bb,telugu,fake,fft,fft_telugu_016.wav,38,10
49b5cbe32abdd008a421cfea49a90b92,telugu,fake,fft,fft_telugu_016.wav,39,10
19dba07df60a4c9643ff09a78bfea4fc,telugu,fake,fft,fft_telugu_016.wav,40,10
e7bc08010090645825597e113f4e32c9,telugu,fake,fft,fft_telugu_016.wav,41,10
f32353348ffff58d536d10aff0cd0dd2,telugu,fake,fft,fft_telugu_016.wav,42,10
3a70e9b277d89aecac199b5f7beafd7c,telugu,fake,fft,fft_telugu_016.wav,43,10
1af13217bc8d2a07c2ffdb0efe024de7,telugu,fake,fft,fft_telugu_016.wav,44,10
efc7ff4336549d1130d46e8b1b72f2aa,telugu,fake,fft,fft_telugu_016.wav,45,10
157a8dd39425ae1034a6a8749414ba33,telugu,fake,fft,fft_telugu_016.wav,46,10
a78bc5c092658606c07dea61e0c302ae,telugu,fake,fft,fft_telugu_016.wav,47,10
72b2ebcb0599e5525287f24dfa1b4349,telugu,fake,fft,fft_telugu_016.wav,48,10
9f9d98811ee7f5d05bd9c5d46c462ad1,telugu,fake,fft,fft_telugu_016.wav,49,10
aa2826e861816f2b68e44d6df6ef3afe,telugu,fake,fft,fft_telugu_016.wav,50,10
3b58a4367b3ad72b2c7a766d53285c05,telugu,fake,fft,fft_telugu_016.wav,51,10
e4964e68453cf35f92e10d2fe0072b5d,telugu,fake,fft,fft_telugu_016.wav,52,10
e7fea887f122854bb21de68ad2845bad,telugu,fake,fft,fft_telugu_016.wav,53,10
0feffc2e4b45c95b19bd9324cdced8b3,telugu,fake,fft,fft_telugu_016.wav,54,10
299dcc7b0e16d4e429f8e8f244933af0,telugu,fake,fft,fft_telugu_016.wav,55,10
1d81add03b12baf2affbd63d6034ee3a,telugu,fake,fft,fft_telugu_016.wav,56,10
dc9a8aaea904cc56dfff5cc0f0188f2d,telugu,fake,fft,fft_telugu_016.wav,57,10
80de240b7143bf0932d55f1d4f001256,telugu,fake,fft,fft_telugu_016.wav,58,10
84b31c53647b25dd249c8dd04bd13ffe,telugu,fake,fft,fft_telugu_016.wav,59,10
8dab994b12ce9ab76eb38e37eb059295,telugu,fake,fft,fft_telugu_016.wav,60,10
89c259780c8f070b8ed45896b7511914,telugu,fake,fft,fft_telugu_016.wav,61,10
c19c1c888a462c76451b73f0a194aba6,telugu,fake,fft,fft_telugu_016.wav,62,10
b68358748a6c39552d8c7d58730bf4fa,telugu,fake,fft,fft_telugu_016.wav,63,10
1f12d49ae43b19a3d024cee8f8381261,telugu,fake,fft,fft_telugu_016.wav,64,10
faa513311f75725d37ed2213c82ac25b,telugu,fake,fft,fft_telugu_016.wav,65,10
f2bce2ac7ea35faa0ccd8b4d421c3896,telugu,fake,fft,fft_telugu_016.wav,66,10
1c58c84f6cbc39c27c4092c3943539d3,telugu,fake,fft,fft_telugu_016.wav,67,10
ca7b96a749e1018328b8b8c7ef6eb5db,telugu,fake,fft,fft_telugu_016.wav,68,10
02b4bae0b3c90eb56e23376a22667cd5,telugu,fake,fft,fft_telugu_016.wav,69,10
6c0727c605dbb686e2e7b510d8b863a6,telugu,fake,fft,fft_telugu_016.wav,70,10
8f444a7997096024eaf82f5b1acb1f97,telugu,fake,fft,fft_telugu_016.wav,71,10
66f5d1baaafe5452402b2b51424b6218,telugu,fake,fft,fft_telugu_016.wav,72,10
8839c9a044c1af3363a81ef20f94ff4c,telugu,fake,fft,fft_telugu_016.wav,73,10
ff5b673d1e28bbeae228cd8f20c79204,telugu,fake,fft,fft_telugu_016.wav,74,10
00511e0ba8786eefcb1ca9414b59aefe,telugu,fake,fft,fft_telugu_016.wav,75,10
e549018a72b93c3d44509636122751bf,telugu,fake,fft,fft_telugu_016.wav,76,10
4af6ac293392ec85385fd45351f64e4b,telugu,fake,fft,fft_telugu_016.wav,77,10
e2e5675ad8162abafb21e03ecc4871b8,telugu,fake,fft,fft_telugu_016.wav,78,10
7329e5bfebc24f8c654203a3b42d062d,telugu,fake,fft,fft_telugu_016.wav,79,10
8057421efed8fe4d1720e9a552b101a5,telugu,fake,fft,fft_telugu_016.wav,80,10
8480b333ee466d3d2146ae17a7f78078,telugu,fake,fft,fft_telugu_016.wav,81,10
3fa9693dda4cb9d25bbe859ed303b9e2,telugu,fake,fft,fft_telugu_016.wav,82,10
8d39dd2a87ef69521f61bec85efcc222,telugu,fake,fft,fft_telugu_016.wav,83,10
ff6949d63fab0f75aac81fbea5139ef7,telugu,fake,fft,fft_telugu_016.wav,84,10
31c889e3b089ae7755b0ec1f479c09b1,telugu,fake,fft,fft_telugu_016.wav,85,10
5075d615efafd5f4ea29747f81602e91,telugu,fake,fft,fft_telugu_016.wav,86,10
0adbad6bc222f76ee19e569acc90ca69,telugu,fake,fft,fft_telugu_016.wav,87,10
41be9f8db2fa5dd8c295ac6733e18a3c,telugu,fake,fft,fft_telugu_016.wav,88,10
67db718e5adf107de013a817e2d77375,telugu,fake,fft,fft_telugu_016.wav,89,10
3451df1db5748f9f1d8e3e372401812b,telugu,fake,fft,fft_telugu_016.wav,90,10
409eb9d574b29d257cd5ed3b020fb919,telugu,fake,fft,fft_telugu_016.wav,91,10
e338bea084c2e8d0937e61414aa6b237,telugu,fake,fft,fft_telugu_016.wav,92,10
3495a0530eb181d41fed98388e036884,telugu,fake,fft,fft_telugu_016.wav,93,10
3044924515b4d7e5117d2958dc5e28ec,telugu,fake,fft,fft_telugu_016.wav,94,10
c3ec147820cf72d5fd110b673408ad2d,telugu,fake,fft,fft_telugu_016.wav,95,10
ff883cdcc87388c732409a4215fd3de8,telugu,fake,fft,fft_telugu_016.wav,96,10
202888ffbd6a11f5844a96ad9d9c83ec,telugu,fake,fft,fft_telugu_016.wav,97,10
d7f64b6cad8cdf870a5265246690d38f,telugu,fake,fft,fft_telugu_016.wav,98,10
13c31e89bcbaee2bd01374ac1d3ae544,telugu,fake,fft,fft_telugu_016.wav,99,10
13b1f1690d108291ecea16a6d5797974,telugu,fake,fft,fft_telugu_016.wav,100,10
9d05296305866b251dc8d9bfbde53c85,telugu,fake,fft,fft_telugu_016.wav,101,10
57e93178564dd91a6bc7371246031b06,telugu,fake,fft,fft_telugu_016.wav,102,10
32237a2ea47f777d9f987cff721b140f,telugu,fake,fft,fft_telugu_016.wav,103,10
74babd63e307b8797928d262039d1306,telugu,fake,fft,fft_telugu_016.wav,104,10
6b390992fb62b25e6b64c77b255415dd,telugu,fake,fft,fft_telugu_016.wav,105,10
7dbe6f9df135914a7f39b2b421722ba1,telugu,fake,fft,fft_telugu_016.wav,106,10
62ad9795473b17185da4953529dc7fe1,telugu,fake,fft,fft_telugu_016.wav,107,10
f516f4a9fb7590bb19e3c31d5d6f34f1,telugu,fake,fft,fft_telugu_016.wav,108,10
49533dbbaf9de60b53762e3ceb903d4f,telugu,fake,fft,fft_telugu_016.wav,109,10
f3bb1534b262cc6b393c7d82fc171af9,telugu,fake,fft,fft_telugu_016.wav,110,10
15fea73d91ad740861ad1523f9ed4203,telugu,fake,fft,fft_telugu_016.wav,111,10
48547cd2ea875ee054d9faec447ba22f,telugu,fake,fft,fft_telugu_016.wav,112,10
0e94077309a80d344b3f584413a26e23,telugu,fake,fft,fft_telugu_016.wav,113,10
9a5b4ee08330197173d43db39918ea6f,telugu,fake,fft,fft_telugu_016.wav,114,10
b1f044319155dc3f8bf3c075ccbc0a65,telugu,fake,fft,fft_telugu_016.wav,115,10
4ea9d174947a0d17589e4d5fabfffa2b,telugu,fake,fft,fft_telugu_016.wav,116,10
e375355d4180b46f20487f4d29a61493,telugu,fake,fft,fft_telugu_016.wav,117,10
65c4b21cc3510f4c2777aaacfbd9f261,telugu,fake,fft,fft_telugu_016.wav,118,10
7ca73a80e79c36a51aebb47c8b76065e,telugu,fake,fft,fft_telugu_016.wav,119,10
9bd28451891a535d25040d6c849d5297,telugu,fake,fft,fft_telugu_016.wav,120,10
4804cee5e57c80694587e370dab57e03,telugu,fake,fft,fft_telugu_016.wav,121,10
ada59e6f2670c0a7a88ef944ab38bf68,telugu,fake,fft,fft_telugu_016.wav,122,10
ceed33f4b7c365bf7d518c29867094dd,telugu,fake,fft,fft_telugu_016.wav,123,10
e308e408d4e04aef162d54c52ea36cae,telugu,fake,fft,fft_telugu_016.wav,124,10
6a49ac8f3e7e0196f4c07e7bd8a86215,telugu,fake,fft,fft_telugu_016.wav,125,10
daa7073b160173d427317226ab6c7dd9,telugu,fake,fft,fft_telugu_016.wav,126,10
a29e0623c4aa95324662eb44f30e9426,telugu,fake,fft,fft_telugu_016.wav,127,10
da2824f85b1ce7710acef006917183b4,telugu,fake,fft,fft_telugu_016.wav,128,10
56203c6b103cc4c662b868471666a208,telugu,fake,fft,fft_telugu_016.wav,129,10
d8f2fa55829afc2de78b250b6b2cb588,telugu,fake,fft,fft_telugu_016.wav,130,10
2ec6491095485ddb146bc3e94f484234,telugu,fake,fft,fft_telugu_016.wav,131,10
c16b445faa0d29b677d4514fcdb811c6,telugu,fake,fft,fft_telugu_016.wav,132,10
5393a57e7d7743f18921a10eb004ffb5,telugu,fake,fft,fft_telugu_016.wav,133,10
670bf469dcd067bc13ad410b86dc29d0,telugu,fake,fft,fft_telugu_016.wav,134,10
afe69204e5d7e3fc4894262d77895b50,telugu,fake,fft,fft_telugu_016.wav,135,10
63ac27ed163e92b8c829f8df77ad2db4,telugu,fake,fft,fft_telugu_016.wav,136,10
0e966f1486851591dd2eaabd161c6479,telugu,fake,fft,fft_telugu_016.wav,137,10
f672a8c56a274b6c0ca7348d40c133c2,telugu,fake,fft,fft_telugu_017.wav,0,10
5036f32501b835e669388ea9811b5a50,telugu,fake,fft,fft_telugu_017.wav,1,10
b7da85eab079582f3a681898670ef9d3,telugu,fake,fft,fft_telugu_017.wav,2,10
336d153d48c1820bd9f4fbe2ebfe542a,telugu,fake,fft,fft_telugu_017.wav,3,10
6a476b91cc83bd2d596e81e220ade32a,telugu,fake,fft,fft_telugu_017.wav,4,10
ed39eacd9c97708eddcf87b6ca0bd20e,telugu,fake,fft,fft_telugu_017.wav,5,10
1e09a74d3099979ac9a7e73a3eac9497,telugu,fake,fft,fft_telugu_017.wav,6,10
d42cd02f9a22c7fa8dc7c3c2751c6b97,telugu,fake,fft,fft_telugu_017.wav,7,10
a1bf7501b450e88269b0ecbb9dc09d57,telugu,fake,fft,fft_telugu_017.wav,8,10
a58c0a91f8733091cda4f0844a81cbee,telugu,fake,fft,fft_telugu_017.wav,9,10
20286b7b4cb5809c562546ce144c399e,telugu,fake,fft,fft_telugu_017.wav,10,10
015bfdf4fd15f9fcba5ff82f2220321b,telugu,fake,fft,fft_telugu_017.wav,11,10
7d9820226ee2c238e25d681c274bb9c7,telugu,fake,fft,fft_telugu_017.wav,12,10
dc9d7f23ae0c03a38f28e253a749a1fb,telugu,fake,fft,fft_telugu_017.wav,13,10
fba3fb491add9e71d02976b33cc116b9,telugu,fake,fft,fft_telugu_017.wav,14,10
d7b7e37f58e945e6e4c357c5ed04aebb,telugu,fake,fft,fft_telugu_017.wav,15,10
215bff036d66d849ca253980741a2f8d,telugu,fake,fft,fft_telugu_017.wav,16,10
069fcb013b672644e0de136c682ed3e7,telugu,fake,fft,fft_telugu_017.wav,17,10
c866646eb33fb8e8542c81a1d8de82e5,telugu,fake,fft,fft_telugu_017.wav,18,10
9dafb1081b3dea15cf2f7bedea9880fc,telugu,fake,fft,fft_telugu_017.wav,19,10
0a5a1a02ff99e7fd7e493b9e83ab47f7,telugu,fake,fft,fft_telugu_017.wav,20,10
cee271e63609055282b103bb2c57f55a,telugu,fake,fft,fft_telugu_017.wav,21,10
47d62c6f1fa5d32f9721d279d2a42cb9,telugu,fake,fft,fft_telugu_017.wav,22,10
12a24f606e74471a0b55f891cdf57c6a,telugu,fake,fft,fft_telugu_017.wav,23,10
e41ed89a109d85b5406f89e60122b896,telugu,fake,fft,fft_telugu_017.wav,24,10
14b111d36d6ee8e68c39f8b5ec0b70fa,telugu,fake,fft,fft_telugu_017.wav,25,10
0801b6da89078c18f89ade6e4a35f129,telugu,fake,fft,fft_telugu_017.wav,26,10
57d1c4522d01b0973cb8c43e4987ea7f,telugu,fake,fft,fft_telugu_017.wav,27,10
0d7206b9f55fd0381a5feb345c23d98e,telugu,fake,fft,fft_telugu_017.wav,28,10
dbb6cbfe6e6b25a9ebba48a868854243,telugu,fake,fft,fft_telugu_018.wav,0,10
43d14cdce39d4099508b9d728497c2cc,telugu,fake,fft,fft_telugu_018.wav,1,10
dc1d6a4e9112451809cb070c111cb07f,telugu,fake,fft,fft_telugu_018.wav,2,10
d891910de05d586458dca0a9f8baca19,telugu,fake,fft,fft_telugu_018.wav,3,10
ff2ddc70b86b83153a7b3cabcc1fd66c,telugu,fake,fft,fft_telugu_018.wav,4,10
2cbf1c1aab7ad4afc6c587e6c7aa28e6,telugu,fake,fft,fft_telugu_018.wav,5,10
0a18c54e6593e2b24dc2e58edc0f91a2,telugu,fake,fft,fft_telugu_018.wav,6,10
3164cabb6091de25aad736522b80969c,telugu,fake,fft,fft_telugu_018.wav,7,10
b41ce7c1db32b5b70a82b2f590dc98bb,telugu,fake,fft,fft_telugu_018.wav,8,10
5a0a91b1aa694aee99812f662f6ebbcb,telugu,fake,fft,fft_telugu_018.wav,9,10
88aef0cbe7d8f4b8d29b29e86e2c2255,telugu,fake,fft,fft_telugu_018.wav,10,10
c9df4f901860e82425c1d85418533aaf,telugu,fake,fft,fft_telugu_018.wav,11,10
8af28ab10350b946acecf399fb6cf4f2,telugu,fake,fft,fft_telugu_018.wav,12,10
c8feb51ee6fdbca568335ad501fc0a3c,telugu,fake,fft,fft_telugu_018.wav,13,10
e9102df30024e5fbc617947ec2b218c5,telugu,fake,fft,fft_telugu_018.wav,14,10
5c47c5910ee73a3511c8aa43be344a7a,telugu,fake,fft,fft_telugu_018.wav,15,10
7f318d64dd50af945cb7b380d9e565f5,telugu,fake,fft,fft_telugu_018.wav,16,10
ca7df2fca53d434803b87623ec6fb192,telugu,fake,fft,fft_telugu_018.wav,17,10
cab05da409553b5a25a59227f17e4bcd,telugu,fake,fft,fft_telugu_018.wav,18,10
0bbac48eb62437ac3ba9031e1546d56c,telugu,fake,fft,fft_telugu_018.wav,19,10
246d972b34e08042b940d52fc0ee75fa,telugu,fake,fft,fft_telugu_018.wav,20,10
985792e764b144a52e4ef357e2e3ddf7,telugu,fake,fft,fft_telugu_018.wav,21,10
befe0d3e037f3396994b400105d14d5e,telugu,fake,fft,fft_telugu_018.wav,22,10
3589bff55e43458032f873d7fc188590,telugu,fake,fft,fft_telugu_018.wav,23,10
ce492e1167fd57cf907d8111d5b54ec4,telugu,fake,fft,fft_telugu_018.wav,24,10
eef2d435e49a677a33b2d8a37f678021,telugu,fake,fft,fft_telugu_018.wav,25,10
8a94c8a57ac0e7be276637c04c025661,telugu,fake,fft,fft_telugu_018.wav,26,10
f6d164e0b524e9e98e5a20fd8f70d1ec,telugu,fake,fft,fft_telugu_018.wav,27,10
cc90c5a94eb38006ea03836a5c62aac3,telugu,fake,fft,fft_telugu_018.wav,28,10
a28016f29efbaa6c00d8ee47e2929f97,telugu,fake,fft,fft_telugu_018.wav,29,10
e3e7f603c97b0d099c4ceb4bb96403b5,telugu,fake,fft,fft_telugu_018.wav,30,10
2e96ccf09e5701d0385321496cd9ef9c,telugu,fake,fft,fft_telugu_019.wav,0,10
be0ffe57cd1302cba7f30840d2cbce0b,telugu,fake,fft,fft_telugu_019.wav,1,10
ad792eeccb7c7a7e656c01428b2c6699,telugu,fake,fft,fft_telugu_019.wav,2,10
73cae89444c6407a0b7458e4e2ab7011,telugu,fake,fft,fft_telugu_019.wav,3,10
7af444bbbe823c197bdff5ab26e8792b,telugu,fake,fft,fft_telugu_019.wav,4,10
fa637807a4165c06ee297e90e53fa7f0,telugu,fake,fft,fft_telugu_019.wav,5,10
48c560f286ae4a05fd55a974f58e1cbf,telugu,fake,fft,fft_telugu_019.wav,6,10
6789f48da36c22140f9ce7a10b892a31,telugu,fake,fft,fft_telugu_019.wav,7,10
f26eec458a866d836dbb602a1a9e70a8,telugu,fake,fft,fft_telugu_019.wav,8,10
757da59a20120ab8dab42a1a8fc62ad0,telugu,fake,fft,fft_telugu_019.wav,9,10
a3aa107320bcb6fc90c1fd76d5b275d8,telugu,fake,fft,fft_telugu_019.wav,10,10
302f4a7bc462811a2964ac2642e4f2c7,telugu,fake,fft,fft_telugu_019.wav,11,10
c5a2ab14751bca20587798d570c1de89,telugu,fake,fft,fft_telugu_019.wav,12,10
c11d0d96a58b42243fcedf18f3fdafb2,telugu,fake,fft,fft_telugu_019.wav,13,10
b2afe9dacd27be65956a72b4d2f7f428,telugu,fake,fft,fft_telugu_019.wav,14,10
9d75b9424414b38434ede0d07d4083c2,telugu,fake,fft,fft_telugu_019.wav,15,10
5b41b6754bf66dd3028c3088029cc50b,telugu,fake,fft,fft_telugu_019.wav,16,10
cddba135fa7c5a9c07d97069748827e8,telugu,fake,fft,fft_telugu_019.wav,17,10
0b92be8a7c322140b02ec2a180a2146f,telugu,fake,fft,fft_telugu_019.wav,18,10
a5070ba69dcb13ba633228611a72df39,telugu,fake,fft,fft_telugu_019.wav,19,10
2941b7593f683034da51c401ed72bf17,telugu,fake,fft,fft_telugu_019.wav,20,10
c7831fc52d5149b8a063ccc1c64156a9,telugu,fake,fft,fft_telugu_019.wav,21,10
64b78912ffcab8b190921c6c1c90d254,telugu,fake,fft,fft_telugu_019.wav,22,10
b00c7dc53f41ce80d131205ec82d455c,telugu,fake,fft,fft_telugu_019.wav,23,10
41f7843af83216f028a8da87850fa576,telugu,fake,fft,fft_telugu_019.wav,24,10
a8517caa7909646ea43d114c56aa1914,telugu,fake,fft,fft_telugu_019.wav,25,10
2fed450918950ca2e8a109a90f62f3b0,telugu,fake,fft,fft_telugu_019.wav,26,10
436db1b39bbfa533370feb8a23ad06c6,telugu,fake,fft,fft_telugu_019.wav,27,10
c91d262664f5a242f6e535a145e8163c,telugu,fake,fft,fft_telugu_019.wav,28,10
8fd8aa6941054e4544daebd7f1c92df3,telugu,fake,fft,fft_telugu_019.wav,29,10
1373daf7733fecfdbf2827e6c10537fc,telugu,fake,fft,fft_telugu_020.wav,0,10
2b290249f19123703838e05511d5f611,telugu,fake,fft,fft_telugu_020.wav,1,10
a005d9ccfeb3baa671a8f7e127c5e168,telugu,fake,fft,fft_telugu_020.wav,2,10
dbf906296dd50bff15a15dc79657451d,telugu,fake,fft,fft_telugu_020.wav,3,10
ffc2f600ab46fd5d40691ff161680187,telugu,fake,fft,fft_telugu_020.wav,4,10
e0cbb9af0a75c2b83974703bd7be8343,telugu,fake,fft,fft_telugu_020.wav,5,10
93987ffd202c9ed1d062952d473887f5,telugu,fake,fft,fft_telugu_020.wav,6,10
f9023f0198ded62d7402aca3466c196a,telugu,fake,fft,fft_telugu_020.wav,7,10
ba5ee73e46b7261629697caf23adb29f,telugu,fake,fft,fft_telugu_020.wav,8,10
4b6a799c584721aa7c8596d4126eb4f2,telugu,fake,fft,fft_telugu_020.wav,9,10
3fff0e7f3a343efcebf82c7a6cca65b3,telugu,fake,fft,fft_telugu_020.wav,10,10
6c015b6437577e42587eda50c3f93b30,telugu,fake,fft,fft_telugu_020.wav,11,10
59a229b90cb3892b04e6f42063d4b2ca,telugu,fake,fft,fft_telugu_020.wav,12,10
e516b8552c3913fedf177c23d14614f6,telugu,fake,fft,fft_telugu_020.wav,13,10
c901f9c0b9b8413520fbfea5a250f2ba,telugu,fake,fft,fft_telugu_020.wav,14,10
26903efe4a5d2cb72847f4d26cac136a,telugu,fake,fft,fft_telugu_020.wav,15,10
432384281e5dc4c80314bc2a06041b3c,telugu,fake,fft,fft_telugu_020.wav,16,10
eb436dc574f0d7d16d77523e37bb77b8,telugu,fake,fft,fft_telugu_020.wav,17,10
3c0c3544a6ee59b5db8b22441d0e4ea0,telugu,fake,fft,fft_telugu_020.wav,18,10
b331dc45ac2cd56f3f4e33282bc9d7bf,telugu,fake,fft,fft_telugu_020.wav,19,10
cc8cd2e2f52c3175aca89b47396abf9a,telugu,fake,fft,fft_telugu_020.wav,20,10
e9062f0d6226247bac863429addefde3,telugu,fake,fft,fft_telugu_020.wav,21,10
18e6467e88d78926178987c1a4f8a03c,telugu,fake,fft,fft_telugu_021.wav,0,10
59a4e8d63f9b8e4f7c437318969658bd,telugu,fake,fft,fft_telugu_021.wav,1,10
46acd79ccb3ef9d86856c4a11d8fac72,telugu,fake,fft,fft_telugu_021.wav,2,10
f6567d4988167a51b7c2c4e3a873883f,telugu,fake,fft,fft_telugu_021.wav,3,10
f1563b74e749955e6742497db8504b37,telugu,fake,fft,fft_telugu_021.wav,4,10
89191a810d974d09e1e3f97b43a8a416,telugu,fake,fft,fft_telugu_021.wav,5,10
4c6be3acc94fb0bf830d32416f7c5b59,telugu,fake,fft,fft_telugu_021.wav,6,10
e2d11e977fe56a7f736ec1ccb9bd9abf,telugu,fake,fft,fft_telugu_021.wav,7,10
8b07abeef3c5fa13791a27e4d264dfef,telugu,fake,fft,fft_telugu_021.wav,8,10
af06a34ab7932207527aeacabba75ce3,telugu,fake,fft,fft_telugu_021.wav,9,10
aefe106a2404eb1901e1d62ba2f9923c,telugu,fake,fft,fft_telugu_021.wav,10,10
5cfde84a26650e7125766d46fd1a11f0,telugu,fake,fft,fft_telugu_021.wav,11,10
26024861b23d62bc86a49d96e63575ff,telugu,fake,fft,fft_telugu_021.wav,12,10
089d8cef8cb278f106eaab9e72e7a192,telugu,fake,fft,fft_telugu_021.wav,13,10
1c11aa4766c2da0797b101d8433c2162,telugu,fake,fft,fft_telugu_021.wav,14,10
386702ab1211b8eb986dd045eabeddc0,telugu,fake,fft,fft_telugu_021.wav,15,10
071a742ab58120cc33f69f79f1221a5e,telugu,fake,fft,fft_telugu_021.wav,16,10
f2a73bdeacbc84e756e1eff9f4042f01,telugu,fake,fft,fft_telugu_021.wav,17,10
846a43b04f4e8755d6971c0d1c21d6fe,telugu,fake,fft,fft_telugu_021.wav,18,10
bfceeab5c4e026ef93c5f3f80ecb7ed8,telugu,fake,fft,fft_telugu_021.wav,19,10
35c8eb21c88ecc84ec58f576bafaa461,telugu,fake,fft,fft_telugu_021.wav,20,10
905c4ffc2ca59050647d460582a2827f,telugu,fake,fft,fft_telugu_021.wav,21,10
92d012146db35a2d2d3fba9d3ced8512,telugu,fake,fft,fft_telugu_021.wav,22,10
ce600739d773be1a1b7d188cc2befc68,telugu,fake,fft,fft_telugu_021.wav,23,10
162a9dc18cdffb1912c18327609633cd,telugu,fake,fft,fft_telugu_021.wav,24,10
64ead84bec737791b8e3e9267ba86b86,telugu,fake,fft,fft_telugu_021.wav,25,10
b0178abbe3ba645bf277ffb2fe121fe3,telugu,fake,fft,fft_telugu_021.wav,26,10
0873948bb9428779641498c0aada93a0,telugu,fake,fft,fft_telugu_022.wav,0,10
5e4de08930ca58d3be8bd1c19ed1929d,telugu,fake,fft,fft_telugu_022.wav,1,10
aebb7bb09115a601e743b968903ee7e2,telugu,fake,fft,fft_telugu_022.wav,2,10
384ffed0984960251b28d8ad6bfdf95b,telugu,fake,fft,fft_telugu_022.wav,3,10
aef121fff8486f8fa484b926bfa9cdf0,telugu,fake,fft,fft_telugu_022.wav,4,10
4663676779b5968f43c309eaf150d21d,telugu,fake,fft,fft_telugu_022.wav,5,10
cd48007876030096ac5bdee8fa1def38,telugu,fake,fft,fft_telugu_022.wav,6,10
7f898877c596d2d8296e6d39cdd60ae1,telugu,fake,fft,fft_telugu_022.wav,7,10
22ea8ef6aba23f05d4e54d57bb99f321,telugu,fake,fft,fft_telugu_022.wav,8,10
60d81ebbb0aa6dd9ad049c4fa2703c36,telugu,fake,fft,fft_telugu_022.wav,9,10
e7189742b640884eeb2dffd8b9b0c745,telugu,fake,fft,fft_telugu_022.wav,10,10
46c44544e5b3a47512bafba795508399,telugu,fake,fft,fft_telugu_022.wav,11,10
77d317e7549c2d9962c3f026d8bac381,telugu,fake,fft,fft_telugu_022.wav,12,10
2785c4bacb55b1d5bc7f5cf7292ceab9,telugu,fake,fft,fft_telugu_022.wav,13,10
7dabbf8b81888974df229f6e9800ef25,telugu,fake,fft,fft_telugu_022.wav,14,10
fd0247907cf09c9440e54c57b3f50e4d,telugu,fake,fft,fft_telugu_022.wav,15,10
9c5a51f144ab363440ecbf40ad378822,telugu,fake,fft,fft_telugu_022.wav,16,10
8b736cb9af620040f6f695a8ac9446d2,telugu,fake,fft,fft_telugu_022.wav,17,10
8cd8aa40db0c1f58959cb7bb0dfc3aac,telugu,fake,fft,fft_telugu_022.wav,18,10
6bf5e9faab32d83f5ee60c3e17278a92,telugu,fake,fft,fft_telugu_022.wav,19,10
50e1050496c07fcafb4b6e1ae25f715d,telugu,fake,fft,fft_telugu_022.wav,20,10
9cd013b37871a6b8852842b62d4fbe2c,telugu,fake,fft,fft_telugu_022.wav,21,10
a33c374a9a0da587198b68c83d6256f9,telugu,fake,fft,fft_telugu_022.wav,22,10
e8d5aa2b1f89a4bfe13f1ee6b9987e85,telugu,fake,fft,fft_telugu_022.wav,23,10
5343055c51a27d4f55deb027abb5c042,telugu,fake,fft,fft_telugu_022.wav,24,10
c5f2563fb688944b5a3e14a038560633,telugu,fake,fft,fft_telugu_022.wav,25,10
1ff848c273b1b6b4c6b15a213d0fe9cb,telugu,fake,fft,fft_telugu_022.wav,26,10
cc2deb59ec625ac4171141f8329b935d,telugu,fake,fft,fft_telugu_022.wav,27,10
f399499dab9edafb058ba1c0fae892b6,telugu,fake,fft,fft_telugu_022.wav,28,10
94b8f934f550bd82dc2136a89d121487,telugu,fake,fft,fft_telugu_022.wav,29,10
26c58b8a2cd92f0e798cd6e2b01b5386,telugu,fake,fft,fft_telugu_022.wav,30,10
371e33ade4870d02f1115400836fd0df,telugu,fake,fft,fft_telugu_022.wav,31,10
a8ecb1e89e4d422239ebc5975ea78b9b,telugu,fake,fft,fft_telugu_022.wav,32,10
4c296008f168475b654908bfea24ab55,telugu,fake,fft,fft_telugu_022.wav,33,10
9c8eb8a940a1dfbd0b3ce3ad64799c27,telugu,fake,fft,fft_telugu_022.wav,34,10
b47e0acc26c6049fa12ec3ef05cb0066,telugu,fake,fft,fft_telugu_022.wav,35,10
33735583bb29eb3dac154660017ae6be,telugu,fake,fft,fft_telugu_022.wav,36,10
cc7ba45dcdc2fbc8bcb955756f878fb2,telugu,fake,fft,fft_telugu_022.wav,37,10
0d24b2c189d1ae5e55dd4c761768049d,telugu,fake,fft,fft_telugu_022.wav,38,10
73ed6a1f90cc76b935ddc43b0a959dd7,telugu,fake,fft,fft_telugu_022.wav,39,10
6a26348a0a3925363357997c925eafa3,telugu,fake,fft,fft_telugu_022.wav,40,10
8dfe51b80270bf9ebacbb099d279bb14,telugu,fake,fft,fft_telugu_022.wav,41,10
a9a90836b513536a89bb0d4c7168445c,telugu,fake,fft,fft_telugu_022.wav,42,10
4f50b2b6f54f92d5c3dab1ea388de41f,telugu,fake,fft,fft_telugu_022.wav,43,10
2d2c988cc5b4568597e6ef3e240e9d3f,telugu,fake,fft,fft_telugu_022.wav,44,10
4d27db5ff577a95c0dfb9fe073b19cf4,telugu,fake,fft,fft_telugu_022.wav,45,10
ad98bf6237e75583ac04644bcddd5fea,telugu,fake,fft,fft_telugu_022.wav,46,10
2ba4ce03ca94f454a43186b429603fbc,telugu,fake,fft,fft_telugu_022.wav,47,10
edbe3aa14f3c3e8c2d0e5e8612db1cd2,telugu,fake,fft,fft_telugu_022.wav,48,10
7116025c68640410108e1a5912787624,telugu,fake,fft,fft_telugu_022.wav,49,10
6aae20438dbd96f40befdabc912b813e,telugu,fake,fft,fft_telugu_022.wav,50,10
c0280305c0ce34c722b1e79702bd1636,telugu,fake,fft,fft_telugu_022.wav,51,10
a094e9ec02f5c9852554e57f0fc3c0cc,telugu,fake,fft,fft_telugu_022.wav,52,10
ebb5a0d55506abfc2643cab6148e2f98,telugu,fake,fft,fft_telugu_022.wav,53,10
1a717218be6a0c2d65eb4b5989a80e12,telugu,fake,fft,fft_telugu_022.wav,54,10
07bbc63159cc84037cb0d72307001179,telugu,fake,fft,fft_telugu_022.wav,55,10
2e287d9e9927aa72a1f6513d1a25238f,telugu,fake,fft,fft_telugu_022.wav,56,10
ec297d172067ec50e1f0ac0d41081f71,telugu,fake,fft,fft_telugu_022.wav,57,10
b38f3ae79dead01ab9f2112938536651,telugu,fake,fft,fft_telugu_022.wav,58,10
3f23db4ab44a58659080e7164c72eb51,telugu,fake,fft,fft_telugu_022.wav,59,10
ac3d08ef70fcc31506c18c5a0b24ad8f,telugu,fake,fft,fft_telugu_022.wav,60,10
6d6d558f5edc6ec55bc54ce18a384f09,telugu,fake,fft,fft_telugu_022.wav,61,10
601a4a8937f67096f5248380b0bc2f8f,telugu,fake,fft,fft_telugu_022.wav,62,10
2d7df309008e93322fbf670c753d6aea,telugu,fake,fft,fft_telugu_022.wav,63,10
f83a54bbf7014c1d35c762057934d5a3,telugu,fake,fft,fft_telugu_022.wav,64,10
80efbc99b4781dcc2cf867c08b92a0a4,telugu,fake,fft,fft_telugu_022.wav,65,10
3915e5141d92f21513d3d1bbd96b4779,telugu,fake,fft,fft_telugu_022.wav,66,10
390735c9a2710eb2c0340e568e383108,telugu,fake,fft,fft_telugu_022.wav,67,10
327aa27ae05119a93671e76e9e5e431b,telugu,fake,fft,fft_telugu_022.wav,68,10
738208ca32da13138442f27a99346bba,telugu,fake,fft,fft_telugu_022.wav,69,10
8c0a83752e0dde812ab9a5d8046e3d78,telugu,fake,fft,fft_telugu_022.wav,70,10
36ad3b2d74744cdf7c1ac1669776c357,telugu,fake,fft,fft_telugu_022.wav,71,10
063fc348ce7829be5e457b5935b70830,telugu,fake,fft,fft_telugu_022.wav,72,10
3f4f685f2c25d0c50120e0b20d6f05ae,telugu,fake,fft,fft_telugu_023.wav,0,10
365a85488821920482826916790bdc2a,telugu,fake,fft,fft_telugu_023.wav,1,10
bff41155b34f4f101e458002164a4d31,telugu,fake,fft,fft_telugu_023.wav,2,10
ee80bf72cc35e05819575f37739f6ef3,telugu,fake,fft,fft_telugu_023.wav,3,10
b9c80db2cc32561e6a8f522b188c1732,telugu,fake,fft,fft_telugu_023.wav,4,10
027dcd98d90a6f4bd081f1bbbfd42ffb,telugu,fake,fft,fft_telugu_023.wav,5,10
4545e4799481b67e57e6c4b0cc625fad,telugu,fake,fft,fft_telugu_023.wav,6,10
5325315c8889915b00809e5668527763,telugu,fake,fft,fft_telugu_023.wav,7,10
20a411ea1e4fd8603aa73e84cbb5a703,telugu,fake,fft,fft_telugu_023.wav,8,10
5b3ed97152481c94fc3c130223688415,telugu,fake,fft,fft_telugu_023.wav,9,10
f7195f05d80942caf00d41670421c2fc,telugu,fake,fft,fft_telugu_023.wav,10,10
2ad833f24a2162373084e0c1bc270fdb,telugu,fake,fft,fft_telugu_023.wav,11,10
26446ff65e0319974f97db5851743e7c,telugu,fake,fft,fft_telugu_023.wav,12,10
bcf174e71a38d2b8eadc8cf5288d05df,telugu,fake,fft,fft_telugu_023.wav,13,10
66b47307f733bb1228e7e2c2b514b179,telugu,fake,fft,fft_telugu_023.wav,14,10
6862a06a8de8bded17bd646a78c6e7f0,telugu,fake,fft,fft_telugu_023.wav,15,10
e89741005ea53128942b8fcc8c1534fc,telugu,fake,fft,fft_telugu_023.wav,16,10
760df09d1850a1a5f9b917fb615caa1a,telugu,fake,fft,fft_telugu_023.wav,17,10
bf2e6cb203fb6a6b4813e0efe993fb05,telugu,fake,fft,fft_telugu_023.wav,18,10
4cdd637e2016cdf464c80e1d6e7447e7,telugu,fake,fft,fft_telugu_023.wav,19,10
a01dbb880707e83a5fe6b5cd6959e6c5,telugu,fake,fft,fft_telugu_023.wav,20,10
7bb7a8a896d46ffce47f04afced7b0c2,telugu,fake,fft,fft_telugu_023.wav,21,10
c7897d5f7ba965d2f84ac8bfc05b5876,telugu,fake,fft,fft_telugu_023.wav,22,10
0f971a33fb5fd8156294ce5a78398b12,telugu,fake,fft,fft_telugu_023.wav,23,10
7c00f026cb7b687d9ba0a2647829c7cf,telugu,fake,fft,fft_telugu_023.wav,24,10
0df726bf5a54764c04bd0574601382da,telugu,fake,fft,fft_telugu_023.wav,25,10
28c5b9a06fd15aecf49dd2088d034dee,telugu,fake,fft,fft_telugu_023.wav,26,10
72d2fef10f27f587958dc5973389b3ae,telugu,fake,fft,fft_telugu_023.wav,27,10
ae2a3351597e264a7631e34ff581d5a5,telugu,fake,fft,fft_telugu_023.wav,28,10
3042d511a7d8b9e6652221fcf5dac449,telugu,fake,fft,fft_telugu_024.wav,0,10
b035ba95b1650ef5226465d790276ec0,telugu,fake,fft,fft_telugu_024.wav,1,10
dd0d705b7e9696cca4db672c2ac7dab9,telugu,fake,fft,fft_telugu_024.wav,2,10
1be210ea91e602d9a5ee2b0378388eb9,telugu,fake,fft,fft_telugu_024.wav,3,10
d3e01d3a8bd30c995d98531ada61d247,telugu,fake,fft,fft_telugu_024.wav,4,10
6af2b2e553212cdea090f0b4e69af95a,telugu,fake,fft,fft_telugu_024.wav,5,10
a73fc23b2c5aadd79dde257fb64abc6e,telugu,fake,fft,fft_telugu_024.wav,6,10
04d6a2f046114e65f1becb391f3842b5,telugu,fake,fft,fft_telugu_024.wav,7,10
f9e9f138ff2f9a4bee31e18eac426076,telugu,fake,fft,fft_telugu_024.wav,8,10
8b6c9c75ff537f0fd0ac710fc37f6b77,telugu,fake,fft,fft_telugu_024.wav,9,10
ee92065384552cd7fbd06e2b9736141c,telugu,fake,fft,fft_telugu_024.wav,10,10
622e38b1bc45b43e2b68086b978b5b5b,telugu,fake,fft,fft_telugu_024.wav,11,10
ffcd5f009b195a4882007f7257257187,telugu,fake,fft,fft_telugu_024.wav,12,10
278f55e455550dbf0121b3e6ca970c21,telugu,fake,fft,fft_telugu_024.wav,13,10
174964adeab6438e4cb265bd66f10405,telugu,fake,fft,fft_telugu_024.wav,14,10
778e98d7da5858a6ecf26c247f1f20cc,telugu,fake,fft,fft_telugu_024.wav,15,10
3523f4a01d46d9a232c3420bd1b9d46a,telugu,fake,fft,fft_telugu_024.wav,16,10
5066496c2b9402007bd852bd339634e7,telugu,fake,fft,fft_telugu_024.wav,17,10
f0cc38a77619516c615d12000e9d57e7,telugu,fake,fft,fft_telugu_024.wav,18,10
761b271f8da3551074973f0791e2dfa4,telugu,fake,fft,fft_telugu_024.wav,19,10
0febbf3fbc2a1a5834f9a4f104dcca75,telugu,fake,fft,fft_telugu_024.wav,20,10
bcc217d23adf8433db9ffccc1b0162a2,telugu,fake,fft,fft_telugu_024.wav,21,10
b16061d866ac4fd8460e40c4ed5207d3,telugu,fake,fft,fft_telugu_024.wav,22,10
df0f1e4db42639d0b28e009e4992667d,telugu,fake,fft,fft_telugu_024.wav,23,10
e18c2d50394a2e5c2f53d4c7a5b25401,telugu,fake,fft,fft_telugu_024.wav,24,10
c8442d31b0598de01101d9349c7cce63,telugu,fake,fft,fft_telugu_024.wav,25,10
cd89f0248554368f13f139c3aa50b40a,telugu,fake,fft,fft_telugu_024.wav,26,10
247e7b37486f5716e6d34f234cb90a91,telugu,fake,fft,fft_telugu_025.wav,0,10
1ddc72da340b3f81da1d37eb5c552d88,telugu,fake,fft,fft_telugu_025.wav,1,10
7fcbf72c249d47f3f7faf2a0852e998b,telugu,fake,fft,fft_telugu_025.wav,2,10
7455a5886be2408ccd5d7321f4e2c9e3,telugu,fake,fft,fft_telugu_025.wav,3,10
3fa69719bd3f8bccbaacd6f297520d08,telugu,fake,fft,fft_telugu_025.wav,4,10
39aa44a1cc284414b59f8577d49cda2a,telugu,fake,fft,fft_telugu_025.wav,5,10
10d7b2db083e23b783aadc7540bcd3f1,telugu,fake,fft,fft_telugu_025.wav,6,10
f3e2c095be2372b9fd88cef067e582f7,telugu,fake,fft,fft_telugu_025.wav,7,10
497dd58638e5c1c0e6815ac734e4413b,telugu,fake,fft,fft_telugu_025.wav,8,10
53bba2fe87fdd972c3cd481e5faf4b26,telugu,fake,fft,fft_telugu_025.wav,9,10
869ac7b62cfd930fc3fface02d297e31,telugu,fake,fft,fft_telugu_025.wav,10,10
c6c1a8c6b240d8f768968fc6348e787b,telugu,fake,fft,fft_telugu_025.wav,11,10
8a424039cda166183bfc2f3778447e57,telugu,fake,fft,fft_telugu_025.wav,12,10
54c64452a68680725742ba5ef999f099,telugu,fake,fft,fft_telugu_025.wav,13,10
051c0b9c420794fb13a9bc47d9400ebf,telugu,fake,fft,fft_telugu_025.wav,14,10
6ca398a46edc2372fc4253dce8695c26,telugu,fake,fft,fft_telugu_025.wav,15,10
b98a71feacfcee2f76713848e238ddde,telugu,fake,fft,fft_telugu_025.wav,16,10
1bb7a558360e2c13b881f9712fb33e47,telugu,fake,fft,fft_telugu_025.wav,17,10
7e0566aac5abfdaaf08274c359a3d2eb,telugu,fake,fft,fft_telugu_026.wav,0,10
1a3afe6ffcafdb4a196cb31d36e81100,telugu,fake,fft,fft_telugu_026.wav,1,10
cf000e771422fed44560e5d64c2aecd8,telugu,fake,fft,fft_telugu_026.wav,2,10
efcad9591304881c2bea7f6c8937faa8,telugu,fake,fft,fft_telugu_026.wav,3,10
bf4e9d804350d9afe88389ef693a4172,telugu,fake,fft,fft_telugu_026.wav,4,10
703b8c70c3a0a65664d7ecb6503dc52d,telugu,fake,fft,fft_telugu_026.wav,5,10
b0b80f3739875c9b59e1955dc905dff0,telugu,fake,fft,fft_telugu_026.wav,6,10
f22f98a633a2337dd1e748c42a31305a,telugu,fake,fft,fft_telugu_026.wav,7,10
98fab6a1dfad469e81868d0dc2acefd8,telugu,fake,fft,fft_telugu_026.wav,8,10
a056f0b7f43b8d0ada87b34ee59c9a01,telugu,fake,fft,fft_telugu_026.wav,9,10
084a7680465082e496fb04bb1a2cdb96,telugu,fake,fft,fft_telugu_026.wav,10,10
2d854eab9c6cd38aa6eda7555a33c80b,telugu,fake,fft,fft_telugu_026.wav,11,10
ae273880c6ebd06dfe2a1ac0ed524a1d,telugu,fake,fft,fft_telugu_026.wav,12,10
fba3b994da4cca7ef528d789442d71e9,telugu,fake,fft,fft_telugu_026.wav,13,10
da6ff370c274f57f8dc2841baabe5715,telugu,fake,fft,fft_telugu_026.wav,14,10
c83f40101bfff7d7d30d5a1f72f9a17d,telugu,fake,fft,fft_telugu_026.wav,15,10
ab475e94492ea905e16665e5a94b1903,telugu,fake,fft,fft_telugu_026.wav,16,10
aa11348f6226ffab2a42bd5bf98bc2bf,telugu,fake,fft,fft_telugu_026.wav,17,10
faef1374d3a163accf697b2ea63308ce,telugu,fake,fft,fft_telugu_026.wav,18,10
2ceb6f92cc10ee92ebeb0dc637bf8e84,telugu,fake,fft,fft_telugu_026.wav,19,10
d8d8079efce9e90b1836829ed686386c,telugu,fake,fft,fft_telugu_026.wav,20,10
50ddc1b1c4a3e0f6fd2cafc85f989b79,telugu,fake,fft,fft_telugu_026.wav,21,10
cb8c44a55a15d0ba073c6fce7c381326,telugu,fake,fft,fft_telugu_026.wav,22,10
adaef63e2d088774dbb8f80c11775d3f,telugu,fake,fft,fft_telugu_026.wav,23,10
684d51f9eea005900ec763224881310e,telugu,fake,fft,fft_telugu_026.wav,24,10
1d219f5397253b360288d1871ec5c395,telugu,fake,fft,fft_telugu_026.wav,25,10
d928a779f0a6d8db5aa21599a8f1027d,telugu,fake,fft,fft_telugu_026.wav,26,10
05a70d8bde702678f54522fabf504b7d,telugu,fake,fft,fft_telugu_026.wav,27,10
547388d2805e9b935f00b56191495ad1,telugu,fake,fft,fft_telugu_026.wav,28,10
cefbb1944c02148c6313274dae32c789,telugu,fake,fft,fft_telugu_026.wav,29,10
1408cf50dda6496d5237c6a955674f94,telugu,fake,fft,fft_telugu_026.wav,30,10
0edf7f0bb6355c8053befe3bfa009535,telugu,fake,fft,fft_telugu_027.wav,0,10
ed703f30796e151af67d159ba6dd83bd,telugu,fake,fft,fft_telugu_027.wav,1,10
1dff0b0301dc176848560ac0751a675e,telugu,fake,fft,fft_telugu_027.wav,2,10
7ec00eece6945de66f671dcb200dc3ef,telugu,fake,fft,fft_telugu_027.wav,3,10
01337597ab59ae069a644617d8309f6a,telugu,fake,fft,fft_telugu_027.wav,4,10
1ab1ef7ee6b0821da6f00098c76e5542,telugu,fake,fft,fft_telugu_027.wav,5,10
c5bf86d7852a10de62044a5bfd11a415,telugu,fake,fft,fft_telugu_027.wav,6,10
71d61672e4c34c8303b88e0093ac6835,telugu,fake,fft,fft_telugu_027.wav,7,10
a369f2f4909c339a793b6f2450ea209d,telugu,fake,fft,fft_telugu_027.wav,8,10
6892d77781d8b12e27cbc66e3b39ed81,telugu,fake,fft,fft_telugu_027.wav,9,10
6b77a0b61c0b6bac2ade40e663c8194d,telugu,fake,fft,fft_telugu_027.wav,10,10
a198b5ca69b106eac1101a38744ddf7a,telugu,fake,fft,fft_telugu_027.wav,11,10
a646a99efd85a37e90982dbdcea188cc,telugu,fake,fft,fft_telugu_027.wav,12,10
a42b792a9e03b174da82b87729b6b33d,telugu,fake,fft,fft_telugu_027.wav,13,10
005b05b65669165f989a06c0035bc168,telugu,fake,fft,fft_telugu_027.wav,14,10
dd5490b075dccc124d03b36e52f6bc6a,telugu,fake,fft,fft_telugu_027.wav,15,10
0f3c8146ca55b448c4fcfb2d7dbf3cea,telugu,fake,fft,fft_telugu_027.wav,16,10
ff44c042f2114d26188973b341933792,telugu,fake,fft,fft_telugu_027.wav,17,10
2740fb62d06bbf59a67a084c2ef7a928,telugu,fake,fft,fft_telugu_027.wav,18,10
0159b453f69ce70186be4baeda7e20ae,telugu,fake,fft,fft_telugu_027.wav,19,10
8113cb1ce1bb44b9616058811a5f63f0,telugu,fake,fft,fft_telugu_027.wav,20,10
ecf85a9582efb01b8d0535f653263e3e,telugu,fake,fft,fft_telugu_027.wav,21,10
93469138214d10df23456698cf13b433,telugu,fake,fft,fft_telugu_027.wav,22,10
bce2c9b888b972f1f86d305250c8b56f,telugu,fake,fft,fft_telugu_027.wav,23,10
bcf3a4a77562ff713c2cc73e5e279a48,telugu,fake,fft,fft_telugu_027.wav,24,10
908e013ed6a1d78dfbc0791916991cb7,telugu,fake,fft,fft_telugu_027.wav,25,10
167bf3f869c13728f415e97b42f3f55f,telugu,fake,fft,fft_telugu_027.wav,26,10
4f2bc540156712988f4bcd64508e3f53,telugu,fake,fft,fft_telugu_028.wav,0,10
52ebf81672b9c451ca25a9c81965b3bd,telugu,fake,fft,fft_telugu_028.wav,1,10
cb9329a222be0a7c630b58581267605d,telugu,fake,fft,fft_telugu_028.wav,2,10
6925c81646dff71540d2b67b8aa986bb,telugu,fake,fft,fft_telugu_028.wav,3,10
6a16772e4791ea1f8d0a909277e177e0,telugu,fake,fft,fft_telugu_028.wav,4,10
256ce4ab7e3b24dc6ab9e656dd6f46f2,telugu,fake,fft,fft_telugu_028.wav,5,10
956428dbbac68af1b02b4edbea8241d2,telugu,fake,fft,fft_telugu_028.wav,6,10
7f0218fddeb6a89c3b2991d6aa4dcd9f,telugu,fake,fft,fft_telugu_028.wav,7,10
3fa840c0e51235a4eff263b04aa2b31b,telugu,fake,fft,fft_telugu_028.wav,8,10
d8f4f676af73653dbc6c3b5a3e1f1a29,telugu,fake,fft,fft_telugu_028.wav,9,10
fb08324cb606eacb338f26c08b7ea28c,telugu,fake,fft,fft_telugu_028.wav,10,10
e53b84ce45d446c88bfa5b5625ade1c4,telugu,fake,fft,fft_telugu_028.wav,11,10
fa4828c5232e91977b4fb593816162d6,telugu,fake,fft,fft_telugu_028.wav,12,10
4f52269b9c7303d7c9ba8a1c8656ef6c,telugu,fake,fft,fft_telugu_028.wav,13,10
8448f15ae0a8853f26337d9864d74df5,telugu,fake,fft,fft_telugu_028.wav,14,10
44298ae2f75b863f4bd6d574c5ec6104,telugu,fake,fft,fft_telugu_028.wav,15,10
6f0beae8a70dc2b65fd1c9a1213b3763,telugu,fake,fft,fft_telugu_028.wav,16,10
ea0100b263d21b58937279668e30be9e,telugu,fake,fft,fft_telugu_028.wav,17,10
22d3709476cca637b6b8d7cfa675d5b1,telugu,fake,fft,fft_telugu_028.wav,18,10
90a7de9d8d46ecf545a219a1aa1fe003,telugu,fake,fft,fft_telugu_028.wav,19,10
8275959dc94a63fe2ffcaa5067e17caf,telugu,fake,fft,fft_telugu_028.wav,20,10
7f427226adc66218687aa69a4703f8f7,telugu,fake,fft,fft_telugu_028.wav,21,10
efcbf10f95499eff3510043105f38e5d,telugu,fake,fft,fft_telugu_028.wav,22,10
bdd10228f14ce990a0b1d66783f17c23,telugu,fake,fft,fft_telugu_028.wav,23,10
4a18a7861d0455f358a3a6d69057be83,telugu,fake,fft,fft_telugu_028.wav,24,10
f4a4585bea5918f7063c9ecb4066d904,telugu,fake,fft,fft_telugu_028.wav,25,10
3458b7ac01f0672d606fd654bacfce44,telugu,fake,fft,fft_telugu_028.wav,26,10
3a8ea594415e9c95c8181ae062c237e6,telugu,fake,fft,fft_telugu_028.wav,27,10
1c144ec90c667e20b2e4139df4a35118,telugu,fake,fft,fft_telugu_028.wav,28,10
52b718e52acc667578daa9b67e066ba3,telugu,fake,fft,fft_telugu_028.wav,29,10
4397582b7313af3f6ebc2eefb4d40840,telugu,fake,fft,fft_telugu_028.wav,30,10
ae28e59e5ab0c866d40deb50adcbe798,telugu,fake,fft,fft_telugu_028.wav,31,10
530ba11531546ac6d33166d8e16e18e6,telugu,fake,fft,fft_telugu_028.wav,32,10
cd85d14d6361e86b231b02d67c9fe55e,telugu,fake,fft,fft_telugu_028.wav,33,10
4e57a9ee9053c52310209bdba7c9c3b8,telugu,fake,fft,fft_telugu_028.wav,34,10
5cf009d040ad3119d80e4e5ea25767bd,telugu,fake,fft,fft_telugu_028.wav,35,10
5e054ed4ae34e65fca0138de74348ed8,telugu,fake,fft,fft_telugu_028.wav,36,10
8089f10f58aff7399796d07a9c51dab9,telugu,fake,fft,fft_telugu_029.wav,0,10
ddd761fc5eb05da952e964588bd1affe,telugu,fake,fft,fft_telugu_029.wav,1,10
e9d9aaf9e8ddc88286e77157c2611834,telugu,fake,fft,fft_telugu_029.wav,2,10
1d0cdd8ffe17d41a031e3a721de98874,telugu,fake,fft,fft_telugu_030.wav,0,10
b12d1a0044e956fcf0ae028d91926f8c,telugu,fake,fft,fft_telugu_030.wav,1,10
f222ded76a0bf4d3c2bcbb5631d5b685,telugu,fake,fft,fft_telugu_030.wav,2,10
cd12ce44b257aced17b62a1c6ff3ed1d,telugu,fake,fft,fft_telugu_030.wav,3,10
bc5fc13248876bf3cd8edef223d00632,telugu,fake,fft,fft_telugu_030.wav,4,10
4422ec7c5e87469556f302b88f49a2a2,telugu,fake,fft,fft_telugu_030.wav,5,10
1231a351d98f27ca8b2bdfd216c50f87,telugu,fake,fft,fft_telugu_030.wav,6,10
8f98aa7df42351ed099b1c2053778503,telugu,fake,fft,fft_telugu_030.wav,7,10
5f5cdeda1adb6b33e137bffce588286e,telugu,fake,fft,fft_telugu_030.wav,8,10
98ac631f161e6aa4e08fe24b7fa6ea3d,telugu,fake,fft,fft_telugu_030.wav,9,10
e46c2524950f93d4815992d2a9303b53,telugu,fake,fft,fft_telugu_030.wav,10,10
54ba588431375e9d0e09a75d80a394a3,telugu,fake,fft,fft_telugu_030.wav,11,10
d00ac745a319a0fe76a30b20164e17fd,telugu,fake,fft,fft_telugu_030.wav,12,10
c2b86201eb67f8e3712304a5338dde03,telugu,fake,fft,fft_telugu_030.wav,13,10
4bbd960a06b527a85df9c806d31dbbed,telugu,fake,fft,fft_telugu_030.wav,14,10
f69f84bb2e8718e2e0f21f6760e26d03,telugu,fake,fft,fft_telugu_030.wav,15,10
d20167303727f2229a21c0fd8a535072,telugu,fake,fft,fft_telugu_030.wav,16,10
bcdaad2d1d2f51d7c7b3847f85e62064,telugu,fake,fft,fft_telugu_030.wav,17,10
a7a3b5e430f3ad0a74b3b5839fd1c6cd,telugu,fake,fft,fft_telugu_030.wav,18,10
7735e41f9e5b89c731bb2a635d34b386,telugu,fake,fft,fft_telugu_030.wav,19,10
aa7b059424139cbacbc676c1f34de322,telugu,fake,fft,fft_telugu_030.wav,20,10
a70a1313ffa76407720ee7ad5c8172a1,telugu,fake,fft,fft_telugu_030.wav,21,10
49c927fc9082ffd0fb350abfbd97c3fd,telugu,fake,fft,fft_telugu_030.wav,22,10
84a187d1f31b1cefec397a6bcc2e9626,telugu,fake,fft,fft_telugu_030.wav,23,10
f4e6c2b727361a1aa94028b63a9c07ad,telugu,fake,fft,fft_telugu_030.wav,24,10
db58c687f418a97d16aaf1cbc0980c82,telugu,fake,fft,fft_telugu_030.wav,25,10
ca6cfdc374a608d1feb0403aa50432a9,telugu,fake,fft,fft_telugu_030.wav,26,10
24200c5393af8992510708ade1b2ec30,telugu,fake,fft,fft_telugu_030.wav,27,10
015f21c60e7e6f2eb419c5ad5dd0337f,telugu,fake,fft,fft_telugu_030.wav,28,10
20a277054115b46671f4010392cb24c0,telugu,fake,fft,fft_telugu_030.wav,29,10
882f26799c5079f63cb151a18047ebf2,telugu,fake,fft,fft_telugu_030.wav,30,10
5aebcb5d1c991ae91c071a9e85fcb06f,telugu,fake,fft,fft_telugu_030.wav,31,10
b3213693e90e1f0974bc4e1ee8f8ac54,telugu,fake,fft,fft_telugu_030.wav,32,10
eed46a8e04016acf077d8adeeee3598d,telugu,fake,fft,fft_telugu_031.wav,0,10
55e1e3f3e891c5cd17675011a7ca70b9,telugu,fake,fft,fft_telugu_031.wav,1,10
f5bd7f8e76d3542925c97a027acc62cf,telugu,fake,fft,fft_telugu_031.wav,2,10
912662fb490379e7119a2834328a30a3,telugu,fake,fft,fft_telugu_031.wav,3,10
e2a0db1e81c423c115ba92c945b27fae,telugu,fake,fft,fft_telugu_031.wav,4,10
83ebc6b7c773f1574297bfb7ee46f78f,telugu,fake,fft,fft_telugu_031.wav,5,10
0e6752b25ec6aeaf502e7092f123d674,telugu,fake,fft,fft_telugu_031.wav,6,10
fd745ba0376fad65e69208f78822aae4,telugu,fake,fft,fft_telugu_031.wav,7,10
190ab1819d4ebd6f1fc35e1c107477b8,telugu,fake,fft,fft_telugu_031.wav,8,10
858547e138d76a153459e11ecb8e6562,telugu,fake,fft,fft_telugu_031.wav,9,10
1e5dbe4e6e1322c5a4958ca54a75e659,telugu,fake,fft,fft_telugu_031.wav,10,10
75962f5f9c1bf03868c0a51018817b29,telugu,fake,fft,fft_telugu_031.wav,11,10
e17cad97c8a4b32624ec71f78e2332e6,telugu,fake,fft,fft_telugu_031.wav,12,10
6f395cf8e86be8c708d97ae47203777d,telugu,fake,fft,fft_telugu_031.wav,13,10
d396398d70d1a770bf2906d0021394ab,telugu,fake,fft,fft_telugu_031.wav,14,10
f58df84187efd6e41cbaeae1a16bc507,telugu,fake,fft,fft_telugu_031.wav,15,10
107e5a765d0bdfd1071be28c90dbd801,telugu,fake,fft,fft_telugu_031.wav,16,10
adaea36004c4d18e9abfa68d94ec6815,telugu,fake,fft,fft_telugu_031.wav,17,10
c70bc19e65a5398ca04d1e93844f2cb7,telugu,fake,fft,fft_telugu_031.wav,18,10
0a07009e4eabd90542165f2eac0f7d0d,telugu,fake,fft,fft_telugu_031.wav,19,10
d76b888c6b3f3136e812cb2cb096c5c6,telugu,fake,fft,fft_telugu_031.wav,20,10
93160a9d0b59b45e5080c2f59658b7c2,telugu,fake,fft,fft_telugu_031.wav,21,10
227675ef9cc6e3c3912e15616cad1b7f,telugu,fake,fft,fft_telugu_031.wav,22,10
2d1097692eb6d2dc84ea30e72f77fcb6,telugu,fake,fft,fft_telugu_031.wav,23,10
32b4b9961967ef922a071784193fc73a,telugu,fake,fft,fft_telugu_031.wav,24,10
5eb4cf037fa67cccd4d103e452936ec8,telugu,fake,fft,fft_telugu_032.wav,0,10
8593dc59c69795827fc5e3f1e247749b,telugu,fake,fft,fft_telugu_032.wav,1,10
d36965cb69b080b5ba204dcea38e79e8,telugu,fake,fft,fft_telugu_032.wav,2,10
4f6e2b7d1a5064d87f34f53551d7317f,telugu,fake,fft,fft_telugu_032.wav,3,10
b34d541f7facef4bc71e00004bd24ec1,telugu,fake,fft,fft_telugu_032.wav,4,10
e2f2ff8829004fa6b4b97ce3b6d6667d,telugu,fake,fft,fft_telugu_032.wav,5,10
acf30d4469cd9623bc1bfd57c9310cd0,telugu,fake,fft,fft_telugu_032.wav,6,10
2b08d26898b2d9bd25d6cc98e1590d37,telugu,fake,fft,fft_telugu_032.wav,7,10
1cf0f2a5ea4d7b0dc7e5a81c3b8e1dec,telugu,fake,fft,fft_telugu_032.wav,8,10
4b565821c3c492643f042491d9e3bf3a,telugu,fake,fft,fft_telugu_032.wav,9,10
44128144f7000c3d5783f5ccef26c51b,telugu,fake,fft,fft_telugu_032.wav,10,10
e8cd626e8f443adce8ab1ace698f0e08,telugu,fake,fft,fft_telugu_032.wav,11,10
57119da8d6a2e88a01b1854cc3800813,telugu,fake,fft,fft_telugu_032.wav,12,10
71063d02733f6735f2182287d7541b01,telugu,fake,fft,fft_telugu_032.wav,13,10
e237f208b34b1c58827cd2fdc32fdc97,telugu,fake,fft,fft_telugu_032.wav,14,10
b74b5d0b627ca4fbcaf187cddc9c6353,telugu,fake,fft,fft_telugu_032.wav,15,10
425cae6cc90b5eb83af01b66f2c680ef,telugu,fake,fft,fft_telugu_032.wav,16,10
493d8f03ac94ba60993fc414d1f46b23,telugu,fake,fft,fft_telugu_032.wav,17,10
011268b024d5d7ed0ddb5bc58d615727,telugu,fake,fft,fft_telugu_032.wav,18,10
d5ad7a0a4bdbfa3a07d845daac388046,telugu,fake,fft,fft_telugu_032.wav,19,10
101e0d0c14682f3281465209168ef868,telugu,fake,fft,fft_telugu_032.wav,20,10
9554499b77021fd99e6a2c9f7ee664dd,telugu,fake,fft,fft_telugu_032.wav,21,10
5ea3534a405861404316790f87641ac1,telugu,fake,fft,fft_telugu_032.wav,22,10
8a0758d2ce51e088451d291ca656f36a,telugu,fake,fft,fft_telugu_033.wav,0,10
7ae96be9bef1539b69a03cca4884897f,telugu,fake,fft,fft_telugu_033.wav,1,10
650c9cf57e3d77893a4279d995d4679d,telugu,fake,fft,fft_telugu_033.wav,2,10
9095d78b6602d0d21edd0d542ed26c9f,telugu,fake,fft,fft_telugu_033.wav,3,10
eed57462dd067e7225e7e0cee1b6d47f,telugu,fake,fft,fft_telugu_033.wav,4,10
c80c89c0c75634f1d236836a3cce7936,telugu,fake,fft,fft_telugu_033.wav,5,10
98630f9e97c465a9f88d566f0341658d,telugu,fake,fft,fft_telugu_033.wav,6,10
95f19a518efee138a010f6bbc3222e3e,telugu,fake,fft,fft_telugu_033.wav,7,10
0049e28ef8eb8db354b99a461779ddce,telugu,fake,fft,fft_telugu_033.wav,8,10
d4d7c00d0b7630850a194196373ead31,telugu,fake,fft,fft_telugu_033.wav,9,10
61a1d80dd7668648701b98085a01f078,telugu,fake,fft,fft_telugu_033.wav,10,10
10431ad10824194709111656a2612884,telugu,fake,fft,fft_telugu_033.wav,11,10
85030ae995ef09bdf25d0198b2dd9a29,telugu,fake,fft,fft_telugu_033.wav,12,10
6fa2511fa4cfa0d2a7dc30a32592df1a,telugu,fake,fft,fft_telugu_033.wav,13,10
5cbcfdcc1f97efd67a94a64f46c93296,telugu,fake,fft,fft_telugu_033.wav,14,10
87a75cfa520fdb54163d0a377a82e90b,telugu,fake,fft,fft_telugu_033.wav,15,10
4ef55bc5c14ce2b2525fd42395e8e0fe,telugu,fake,fft,fft_telugu_033.wav,16,10
0a12872a63868e8d8730ad7e20c34e13,telugu,fake,fft,fft_telugu_033.wav,17,10
c157836c5b5572cb64b84f918d7a8b1b,telugu,fake,fft,fft_telugu_033.wav,18,10
6e678b293fb5e713116665b111cedfea,telugu,fake,fft,fft_telugu_033.wav,19,10
d928570d0b1fd6675c05f94755cc3c86,telugu,fake,fft,fft_telugu_033.wav,20,10
b5ca9e637ef48b94f3b01dec06def154,telugu,fake,fft,fft_telugu_033.wav,21,10
5f43fe4fe55cef58c1fab3bce2ee1a90,telugu,fake,fft,fft_telugu_033.wav,22,10
e23288878ac90da83f1f99e2f1f01ff5,telugu,fake,fft,fft_telugu_033.wav,23,10
d84771a33231106e57a477cfab5b6bb5,telugu,fake,fft,fft_telugu_033.wav,24,10
99d41c701a910e5e5a002c34689364da,telugu,fake,fft,fft_telugu_033.wav,25,10
74dd31cb21e6a1c9763ba6926516d049,telugu,fake,fft,fft_telugu_033.wav,26,10
962df9da03f1156323f61b9ce0929258,telugu,fake,fft,fft_telugu_034.wav,0,10
1192f8764c04f43be6a89441faeeb0bc,telugu,fake,fft,fft_telugu_034.wav,1,10
7b8ad6345000d046c749dae9f75b82db,telugu,fake,fft,fft_telugu_034.wav,2,10
6851ed7f78285549cfc9b1f9bbf742bc,telugu,fake,fft,fft_telugu_034.wav,3,10
1a5e65a7b5bf8c9e08ab612912dcfff7,telugu,fake,fft,fft_telugu_034.wav,4,10
74867f24471731d3da01496b33bce70c,telugu,fake,fft,fft_telugu_034.wav,5,10
1f04efae401167343fe8edc7357cf8ba,telugu,fake,fft,fft_telugu_034.wav,6,10
e8bac4b1eda142130d07c51fe43eb340,telugu,fake,fft,fft_telugu_034.wav,7,10
382f8a2a3da66359a9239a8b164cc538,telugu,fake,fft,fft_telugu_034.wav,8,10
7e43258cc573f84dd97c4765f50c3dc9,telugu,fake,fft,fft_telugu_034.wav,9,10
54a381f29fbb53936a1b33b77bc88088,telugu,fake,fft,fft_telugu_034.wav,10,10
6abe29791b4eeaee026ced234b861700,telugu,fake,fft,fft_telugu_034.wav,11,10
a3d9113e40bef9d6aeb053fbbd93c850,telugu,fake,fft,fft_telugu_034.wav,12,10
0ccf3e97c9d6d2e2864ca2b51a5cf8b0,telugu,fake,fft,fft_telugu_034.wav,13,10
b1762f264e684fc7f239732bc9ae5b41,telugu,fake,fft,fft_telugu_034.wav,14,10
9a202e2258ec45cf83043c8de34cf7b3,telugu,fake,fft,fft_telugu_034.wav,15,10
ef2323a96489ccb41f8d71f9191b2f8f,telugu,fake,fft,fft_telugu_034.wav,16,10
f6e4b8138a04be3b51bf143f90965e17,telugu,fake,fft,fft_telugu_034.wav,17,10
6a39d87a6732ed4ee058697bf64c8662,telugu,fake,fft,fft_telugu_035.wav,0,10
7540b3527dcb22eb7bcc368b52b03cce,telugu,fake,fft,fft_telugu_035.wav,1,10
07d334927e9beba7b7f9c27b5f530504,telugu,fake,fft,fft_telugu_035.wav,2,10
7cddfc52f2af55e401d59a39f4c95306,telugu,fake,fft,fft_telugu_035.wav,3,10
ee16eecc35b34fa4b262fe658f69171b,telugu,fake,fft,fft_telugu_035.wav,4,10
e04b9d25c8094704a5e5cb7ad985eda4,telugu,fake,fft,fft_telugu_035.wav,5,10
4c1e60b933515f8aea4743c065185b68,telugu,fake,fft,fft_telugu_035.wav,6,10
a398ee3ba6757fd1d0b1c6c1ede45efa,telugu,fake,fft,fft_telugu_035.wav,7,10
6ae4ca1667d40bdc1dd9680b9b91445a,telugu,fake,fft,fft_telugu_035.wav,8,10
59aa94ccd3a524f183c55a59d9976ea8,telugu,fake,fft,fft_telugu_035.wav,9,10
007b71fe157fc3a2ccf9be751b348575,telugu,fake,fft,fft_telugu_035.wav,10,10
d8aba0a23a1346ecea8ea1236fd8b228,telugu,fake,fft,fft_telugu_035.wav,11,10
e86dad443e099445dea027907a0a6243,telugu,fake,fft,fft_telugu_035.wav,12,10
d412f96952173d753d01c82e0ac5862e,telugu,fake,fft,fft_telugu_035.wav,13,10
bd361d906c6d1cf9c33de71a806dba34,telugu,fake,fft,fft_telugu_035.wav,14,10
6294fc4f46e747608ec58348a34cb938,telugu,fake,fft,fft_telugu_035.wav,15,10
03fd89424f155be188d172d2c91213d5,telugu,fake,fft,fft_telugu_035.wav,16,10
ba40f9006fbd1b467a711c0c30ad960c,telugu,fake,fft,fft_telugu_035.wav,17,10
8ca342882fca24ab9eb1227bed56f3e8,telugu,fake,fft,fft_telugu_035.wav,18,10
ded9d2debc29eac7ffb7c91670dc7e1c,telugu,fake,fft,fft_telugu_035.wav,19,10
806aa1e5335020a71010eb4d59ded5ea,telugu,fake,fft,fft_telugu_035.wav,20,10
24352815608691094c9beff03ad08e30,telugu,fake,fft,fft_telugu_035.wav,21,10
5a6176f81d4715e4f899a921cc51747c,telugu,fake,fft,fft_telugu_036.wav,0,10
5a6e7b23c380d1914a924ea40cbc65d6,telugu,fake,fft,fft_telugu_036.wav,1,10
7dc7ced0b84e733d9b848640e77ceda7,telugu,fake,fft,fft_telugu_036.wav,2,10
84de5c1aadc14e5313a3ed827e9e84d9,telugu,fake,fft,fft_telugu_036.wav,3,10
ceadcbce6ab2cbd049a2b2aa7b838fe7,telugu,fake,fft,fft_telugu_036.wav,4,10
51e9616fe495786ab0aa598ab7a28144,telugu,fake,fft,fft_telugu_036.wav,5,10
a12a95f71945a144c45cde5ace4e98df,telugu,fake,fft,fft_telugu_036.wav,6,10
12f1d319deb56b06c1c6c187c4c16ab0,telugu,fake,fft,fft_telugu_036.wav,7,10
623cecdcde63db865bb2cf545b5bba3c,telugu,fake,fft,fft_telugu_036.wav,8,10
8a27459c69cbf339bf32edc3581d1ae4,telugu,fake,fft,fft_telugu_036.wav,9,10
a5c87f7e53c5decd35e99e2deaed4ebb,telugu,fake,fft,fft_telugu_036.wav,10,10
5998697e1fd72f902d73389d6def1afa,telugu,fake,fft,fft_telugu_036.wav,11,10
e2bf686707d8ff3ff1e8805bdbfca255,telugu,fake,fft,fft_telugu_036.wav,12,10
0df0da2885caf01121a78b8ecddbdad7,telugu,fake,fft,fft_telugu_036.wav,13,10
4e12e7b997395d7b85c9ef60822a823a,telugu,fake,fft,fft_telugu_036.wav,14,10
bf65b5e0fbbb89405d3f0eb961c4923a,telugu,fake,fft,fft_telugu_036.wav,15,10
445b653d1abcd636fa0d946e8e81fea0,telugu,fake,fft,fft_telugu_036.wav,16,10
d2485a555d268be07f04adf700ced34d,telugu,fake,fft,fft_telugu_036.wav,17,10
512bbe78686b7c7afb110d63de3f6be5,telugu,fake,fft,fft_telugu_036.wav,18,10
e9d1c2c2b8a5547e5c12b6088753ec51,telugu,fake,fft,fft_telugu_036.wav,19,10
b6d1b829b17660aa4901d4dd7b621e68,telugu,fake,fft,fft_telugu_036.wav,20,10
bf751473c4e426d7d5a5d89dd504d544,telugu,fake,fft,fft_telugu_036.wav,21,10
32b1b83557f9d2901a847fe484ea5563,telugu,fake,fft,fft_telugu_036.wav,22,10
147daeb601e715b2fdac49fe73a2f717,telugu,fake,fft,fft_telugu_036.wav,23,10
9778061c7640186fccf210367fb1d5a7,telugu,fake,fft,fft_telugu_036.wav,24,10
9a1304ed067066b7da5aac6fe33f43f9,telugu,fake,fft,fft_telugu_036.wav,25,10
b61dd45e0d7b96bd579f7c7261ea11ff,telugu,fake,fft,fft_telugu_036.wav,26,10
79ac559e157a1c3beca2f30bc4abe967,telugu,fake,fft,fft_telugu_036.wav,27,10
7c4a0e09352cb54f3ad4aaa7ffe5e328,telugu,fake,fft,fft_telugu_036.wav,28,10
147003d99adee0cd0444ca75b55f0b3d,telugu,fake,fft,fft_telugu_036.wav,29,10
95e80b15b8e939b9ecab0df25c026d11,telugu,fake,fft,fft_telugu_036.wav,30,10
b27ac3f915966474180a6b4c8acea203,telugu,fake,fft,fft_telugu_036.wav,31,10
20e7079fd9f5df62f2881284d9bd2ff1,telugu,fake,fft,fft_telugu_036.wav,32,10
a40c20d27aadd60811a34f8fa86bc0ea,telugu,fake,fft,fft_telugu_036.wav,33,10
19c6a28d7bd3f1cbaf6e149ddb505993,telugu,fake,fft,fft_telugu_036.wav,34,10
fd98a12437da2afadaebd6005cd605ab,telugu,fake,fft,fft_telugu_036.wav,35,10
835769a85a8fba93a2845a589fc63de2,telugu,fake,fft,fft_telugu_036.wav,36,10
70900f7ccaaecf567b7fa03a91e4bde9,telugu,fake,fft,fft_telugu_036.wav,37,10
7e0199b1242738e862769ae8c9cc35a1,telugu,fake,fft,fft_telugu_036.wav,38,10
d436940012ca924b60bdfa215f3c7315,telugu,fake,fft,fft_telugu_036.wav,39,10
3c7f23ac1aae8d4b5a8d34598d07ccd9,telugu,fake,fft,fft_telugu_036.wav,40,10
da94da1bcb481bbeb44662079967cb66,telugu,fake,fft,fft_telugu_037.wav,0,10
e9c09511b10b4f8937db3e85cac5a2ea,telugu,fake,fft,fft_telugu_037.wav,1,10
25e52b6e1e68cd27ee215a541f0a6248,telugu,fake,fft,fft_telugu_037.wav,2,10
1dd7981da3949be12bb889df59afecc3,telugu,fake,fft,fft_telugu_037.wav,3,10
353bf24e695d133a10d62a5a79e43e7b,telugu,fake,fft,fft_telugu_037.wav,4,10
8c41bfe3aa2071535d00b58a5b85154c,telugu,fake,fft,fft_telugu_037.wav,5,10
2b335389511945dde71dbf37c4a5f3e7,telugu,fake,fft,fft_telugu_037.wav,6,10
e4ed58aed1f15207ebe98395eabc25c5,telugu,fake,fft,fft_telugu_037.wav,7,10
55aee1e42669cc45a3d715af32ee1404,telugu,fake,fft,fft_telugu_037.wav,8,10
2add638ce312f9a8deebe9e3716674ed,telugu,fake,fft,fft_telugu_037.wav,9,10
efc317e4953bf2f1687100e9dff85c34,telugu,fake,fft,fft_telugu_037.wav,10,10
d9e191845c1d7654f92930dfbcac5c31,telugu,fake,fft,fft_telugu_037.wav,11,10
60d21d5cf0546f9fa475db482dd9992f,telugu,fake,fft,fft_telugu_037.wav,12,10
5e9d3695dfe2201098e3d622ff962eeb,telugu,fake,fft,fft_telugu_037.wav,13,10
e9f28cacfd6e0fe82ea3adb81e59ee75,telugu,fake,fft,fft_telugu_037.wav,14,10
754e15c0bb06f5ce349e389244cb1bda,telugu,fake,fft,fft_telugu_037.wav,15,10
c158abc0dfae04a89ddd10cb13c2f009,telugu,fake,fft,fft_telugu_037.wav,16,10
52f0b468ddb856e04002a5bf0431bce6,telugu,fake,fft,fft_telugu_037.wav,17,10
edf27e67dfe322116df1f7270c8cf2ab,telugu,fake,fft,fft_telugu_037.wav,18,10
95586801a452c18b244e25f8a2d01540,telugu,fake,fft,fft_telugu_037.wav,19,10
29d5841e36289f5eb1b62be02cddacde,telugu,fake,fft,fft_telugu_037.wav,20,10
3d6f913288b7a32f6a96b56f17d6e4e4,telugu,fake,fft,fft_telugu_037.wav,21,10
254b29eb6f14f4496a3eb4c8c5a03ed5,telugu,fake,fft,fft_telugu_037.wav,22,10
a945c3c431497aa52eea9cb8fc5c6454,telugu,fake,fft,fft_telugu_038.wav,0,10
3ed8d70617589b03e56527c8f6510018,telugu,fake,fft,fft_telugu_038.wav,1,10
7dfb85a33333d1f14ac58f56cf67b239,telugu,fake,fft,fft_telugu_038.wav,2,10
558597d3bae6936c52bfc4f68c682dfe,telugu,fake,fft,fft_telugu_038.wav,3,10
a77825a9a26acb2d559cb27a86c9b26a,telugu,fake,fft,fft_telugu_038.wav,4,10
25f80d991214af693a519fa0c604ec5e,telugu,fake,fft,fft_telugu_038.wav,5,10
83be98f5fb0f9b5d413b2224e5d2c27e,telugu,fake,fft,fft_telugu_038.wav,6,10
2c59d20f4c56c10c82c3795c7720a0a9,telugu,fake,fft,fft_telugu_038.wav,7,10
020945e88d302efab97d44351e8700d2,telugu,fake,fft,fft_telugu_038.wav,8,10
efa0f2ac33a9b476826bf5107710b236,telugu,fake,fft,fft_telugu_038.wav,9,10
b693dbcda32c8604c5996db6f0f4f015,telugu,fake,fft,fft_telugu_038.wav,10,10
50407871431585130a4135cd4fcc072c,telugu,fake,fft,fft_telugu_038.wav,11,10
a6d35509d1ef0899ac536d4ba49ffab3,telugu,fake,fft,fft_telugu_038.wav,12,10
a6704ccf67671787f7720a7096cba9a6,telugu,fake,fft,fft_telugu_038.wav,13,10
63ae79428913d83a968899c6df4088b5,telugu,fake,fft,fft_telugu_038.wav,14,10
6f2884f287faaf6602f47506fc8dedf3,telugu,fake,fft,fft_telugu_038.wav,15,10
ff4a238ee9b37ebb4d4836a4282818b0,telugu,fake,fft,fft_telugu_038.wav,16,10
345217f3008631ca36c93e7487d9ff3b,telugu,fake,fft,fft_telugu_038.wav,17,10
2385b6068e33a0ed07c478cf56a78c82,telugu,fake,fft,fft_telugu_038.wav,18,10
2a21109a3441bd2f189184fdea4e78c2,telugu,fake,fft,fft_telugu_038.wav,19,10
0c05bf6fae7dc9732c890c1542171353,telugu,fake,fft,fft_telugu_038.wav,20,10
d9c0e221356bd7425d8fbb366f50d8c9,telugu,fake,fft,fft_telugu_038.wav,21,10
fd162a0fa535ee1c85623491348132ff,telugu,fake,fft,fft_telugu_038.wav,22,10
6d21985207961f037ae7129d5eea6d25,telugu,fake,fft,fft_telugu_038.wav,23,10
6781f6dc33add06ee75fa6f471828302,telugu,fake,fft,fft_telugu_038.wav,24,10
24b7cd34f5e0cf90803ecc74efa5578b,telugu,fake,fft,fft_telugu_038.wav,25,10
f370d5185395caf978818b6cc4fafcaa,telugu,fake,fft,fft_telugu_038.wav,26,10
361b9316efde4fdf22fafba6292bfcb3,telugu,fake,fft,fft_telugu_038.wav,27,10
380afa315f639c281617b8713c2c4889,telugu,fake,fft,fft_telugu_038.wav,28,10
9841e1817f2f3fe22da4893e051fb0d1,telugu,fake,fft,fft_telugu_038.wav,29,10
b3e33d43a472a0c795a9497c5743d3c2,telugu,fake,fft,fft_telugu_038.wav,30,10
20253fed92acb61e3bc116e79346c203,telugu,fake,fft,fft_telugu_038.wav,31,10
6cea964324d6089949724c7b3fb559f1,telugu,fake,fft,fft_telugu_038.wav,32,10
1b7bf869c2427f72b798b66e8443c330,telugu,fake,fft,fft_telugu_038.wav,33,10
d2891621f7a705c1ca677344fb8c735e,telugu,fake,fft,fft_telugu_038.wav,34,10
eddd48e530e833635035ad7f194f498f,telugu,fake,fft,fft_telugu_038.wav,35,10
3abfd1cbef32c4ee92e4b11b734f5526,telugu,fake,fft,fft_telugu_038.wav,36,10
04da2a4608e8024b9c3b78ddf387a4e9,telugu,fake,fft,fft_telugu_038.wav,37,10
aa09b1cf5fa94416b8432db7d8392466,telugu,fake,fft,fft_telugu_038.wav,38,10
a006ae47d76d14af263432ab856d7226,telugu,fake,fft,fft_telugu_038.wav,39,10
b43e701b89d669bc5361705949ef7cb4,telugu,fake,fft,fft_telugu_038.wav,40,10
4cb9d31483287c5c5f5c0affb4269ba7,telugu,fake,fft,fft_telugu_038.wav,41,10
c34bb49fa535bf1853e46d67e5dba893,telugu,fake,fft,fft_telugu_038.wav,42,10
f999569fa87f07c34e3e544e25af4c73,telugu,fake,fft,fft_telugu_038.wav,43,10
9cf49f65e546f78565525b6c834bac39,telugu,fake,fft,fft_telugu_038.wav,44,10
dd577aee1908e500e0e926931b248e21,telugu,fake,fft,fft_telugu_038.wav,45,10
2e6d3b4db1010c36207b1a0411189a48,telugu,fake,fft,fft_telugu_038.wav,46,10
cd03b503f341f9befd3d42487e846461,telugu,fake,fft,fft_telugu_038.wav,47,10
0ac3b01ff33f478706bfda3bb273d904,telugu,fake,fft,fft_telugu_038.wav,48,10
8b801d4a17c1edabb45598c71d2aa44f,telugu,fake,fft,fft_telugu_038.wav,49,10
9095d2015fbe96cc8acdd620df224b92,telugu,fake,fft,fft_telugu_038.wav,50,10
b29dc5408e68f271873b61b94dbb6168,telugu,fake,fft,fft_telugu_038.wav,51,10
19ee3dc9da0b3fcb1b5bff339dc3cc84,telugu,fake,fft,fft_telugu_038.wav,52,10
f94f50437da5a5dd1d38dfd6e373c0d4,telugu,fake,fft,fft_telugu_038.wav,53,10
2986006b6f88b141501b7163ae1b7012,telugu,fake,fft,fft_telugu_038.wav,54,10
6f8e8bad1baed63b2a2f7d04c8b783cd,telugu,fake,fft,fft_telugu_038.wav,55,10
31ecc10a73af0fdf838f71c2dc9512cc,telugu,fake,fft,fft_telugu_038.wav,56,10
98cbd6ae36bd82007c61fa1913acf945,telugu,fake,fft,fft_telugu_038.wav,57,10
7fe59f5183ce802a6a1f87fd76a0e0af,telugu,fake,fft,fft_telugu_038.wav,58,10
cf63200cf0b3567df48798b7a23480d7,telugu,fake,fft,fft_telugu_038.wav,59,10
c33215dc2810218e5e4ce4aabd8316d4,telugu,fake,fft,fft_telugu_038.wav,60,10
e92e0636a7ac0ee2a93f121b855410cf,telugu,fake,fft,fft_telugu_038.wav,61,10
372bca7293e9d9d62ed466700648694b,telugu,fake,fft,fft_telugu_038.wav,62,10
499ebf045b480556974966c919a50e85,telugu,fake,fft,fft_telugu_038.wav,63,10
7d542f1694698b8900a17beaf543873d,telugu,fake,fft,fft_telugu_038.wav,64,10
2de9db1416400b249b71d912cff800b2,telugu,fake,fft,fft_telugu_038.wav,65,10
6ffc43de92cd3e22bf8c11e0a846e347,telugu,fake,fft,fft_telugu_038.wav,66,10
326259363652e83f4ab89f16426ee455,telugu,fake,fft,fft_telugu_038.wav,67,10
d5b984fa1917f4d613f01eff703c8049,telugu,fake,fft,fft_telugu_038.wav,68,10
223db929d53e5a5b8513b1df1901452a,telugu,fake,fft,fft_telugu_038.wav,69,10
eebc2a06cac9978f3f6305959eb27554,telugu,fake,fft,fft_telugu_038.wav,70,10
c0539bb37b552d6fdc18f959e8648649,telugu,fake,fft,fft_telugu_038.wav,71,10
2b7dc3557019f2d765302fbc12d94366,telugu,fake,fft,fft_telugu_038.wav,72,10
5af622f3c7b72dd5f058470c7811228e,telugu,fake,fft,fft_telugu_038.wav,73,10
997291221d4ee958217f6b38ac143069,telugu,fake,fft,fft_telugu_038.wav,74,10
f0978c3c2633c5389142a1f7edbcc3f0,telugu,fake,fft,fft_telugu_038.wav,75,10
4b2256acc6f207813ad5edc05b94d15e,telugu,fake,fft,fft_telugu_038.wav,76,10
3cbc93d082d553e4eda91910d6238e7a,telugu,fake,fft,fft_telugu_038.wav,77,10
56f102aea361ba7f4d4693b3bf14eb40,telugu,fake,fft,fft_telugu_038.wav,78,10
bdc9f6b1439a1ada68814b2ad7b2402d,telugu,fake,fft,fft_telugu_038.wav,79,10
7b58475af8eb28624a2549c2fc5c0090,telugu,fake,fft,fft_telugu_038.wav,80,10
9ff4e1876b794d478d61c4c679bfaa64,telugu,fake,fft,fft_telugu_038.wav,81,10
cd244f962ebc759f0e2498ad10beef7a,telugu,fake,fft,fft_telugu_038.wav,82,10
c8b389ef5dd387d76da227b52ef1f45d,telugu,fake,fft,fft_telugu_038.wav,83,10
ff32dbbc0c2c53b9a5b36d8909fe7349,telugu,fake,fft,fft_telugu_038.wav,84,10
65b23f4869dd649bd4500450a0dccfc1,telugu,fake,fft,fft_telugu_038.wav,85,10
d1842b18aaade525a5e64afb89b431dd,telugu,fake,fft,fft_telugu_038.wav,86,10
5d3b59286a8b045bac09e82312ceabe2,telugu,fake,fft,fft_telugu_038.wav,87,10
31500cadd4400a0f2057c0f2d49e1ac0,telugu,fake,fft,fft_telugu_038.wav,88,10
14b896ac90024b1ec7fe498d23bde8d0,telugu,fake,fft,fft_telugu_038.wav,89,10
840599f8cff062c322d203561d7526d6,telugu,fake,fft,fft_telugu_038.wav,90,10
615d738c6414c9d6697298f9864ebf8f,telugu,fake,fft,fft_telugu_038.wav,91,10
0f7db32015812b52a11760dda7f2bb69,telugu,fake,fft,fft_telugu_038.wav,92,10
f0186ea8c3188649a6aa5f8a2bd37c2d,telugu,fake,fft,fft_telugu_038.wav,93,10
1463abbf2b32ff4d070a5e86f8b6cc23,telugu,fake,fft,fft_telugu_038.wav,94,10
fcd6150616ef165190f8f67f287e2d05,telugu,fake,fft,fft_telugu_038.wav,95,10
47e605b633b0952d37e28eb3c1a89858,telugu,fake,fft,fft_telugu_038.wav,96,10
5c77b58f53316d824f0240a64a0e2a7a,telugu,fake,fft,fft_telugu_038.wav,97,10
071a3ee00a05d6f92d79ff39f628a888,telugu,fake,fft,fft_telugu_038.wav,98,10
eafe3093c3bbe0117d4c15ce565b3d59,telugu,fake,fft,fft_telugu_038.wav,99,10
1b1251de793cb1f7ac30707e612f9094,telugu,fake,fft,fft_telugu_038.wav,100,10
cf6d0a811dde449784e10d675e26b8eb,telugu,fake,fft,fft_telugu_038.wav,101,10
9e8649b8896d454e1acc75940c9d7141,telugu,fake,fft,fft_telugu_038.wav,102,10
64adbe0993232e329fd7cf6aaaa0b461,telugu,fake,fft,fft_telugu_038.wav,103,10
acc21a0f8d586e9303ded888efe8a296,telugu,fake,fft,fft_telugu_038.wav,104,10
703c33fd0524e55f5df209c974651048,telugu,fake,fft,fft_telugu_038.wav,105,10
040bf37f35af823059fc758858609712,telugu,fake,fft,fft_telugu_038.wav,106,10
a12aa083a9e65d72d7585e5e91222c4d,telugu,fake,fft,fft_telugu_038.wav,107,10
c573bed8afdbaf4b3e2c35526bec31e7,telugu,fake,fft,fft_telugu_038.wav,108,10
8d18053f59fc4d1777d93ba8134bbb32,telugu,fake,fft,fft_telugu_038.wav,109,10
88341109c251b28401c5afd8eff3048f,telugu,fake,fft,fft_telugu_038.wav,110,10
63c14c03b0fa2ef46007873b1f492021,telugu,fake,fft,fft_telugu_038.wav,111,10
c246fbbc7944478cbd2a3a0ed6e2288c,telugu,fake,fft,fft_telugu_038.wav,112,10
36dac8d33adc841471ed4b856f9c8f22,telugu,fake,fft,fft_telugu_038.wav,113,10
d146685b097f4ee6a840a2a69602dcba,telugu,fake,fft,fft_telugu_038.wav,114,10
2c0f25c7b2fe7ad518f24196f6741bf4,telugu,fake,fft,fft_telugu_038.wav,115,10
c53319df69efe2118cf1d62ba03bb858,telugu,fake,fft,fft_telugu_038.wav,116,10
9745b723620d1501a0249a4257a98d29,telugu,fake,fft,fft_telugu_038.wav,117,10
1427f0f2ae341c658a2c1abafc0b675d,telugu,fake,fft,fft_telugu_038.wav,118,10
6e863f3b537ad8a7cf9f66e985b68180,telugu,fake,fft,fft_telugu_038.wav,119,10
86a67c7ea408095ef939312f04492cfb,telugu,fake,fft,fft_telugu_038.wav,120,10
5e627ec64b405f8e52df32a981b0f3c1,telugu,fake,fft,fft_telugu_038.wav,121,10
18bba5eb19905cf123a3a75a55747460,telugu,fake,fft,fft_telugu_038.wav,122,10
30cc4975e4da7a4a4a971435885a958d,telugu,fake,fft,fft_telugu_038.wav,123,10
37d9bcfa85e3970c5c32b87c4ec38f26,telugu,fake,fft,fft_telugu_038.wav,124,10
7f3ae509141a3905a12b299e030d7f8c,telugu,fake,fft,fft_telugu_038.wav,125,10
1c6338593e1f0c04509327cb8a2d589c,telugu,fake,fft,fft_telugu_038.wav,126,10
1a3f75fe7140c4c70e48a5d924f4748a,telugu,fake,fft,fft_telugu_038.wav,127,10
25044be923bce7994a8f2902d95f0a85,telugu,fake,fft,fft_telugu_038.wav,128,10
444b05870c9d7fa7df25e1d81a17d009,telugu,fake,fft,fft_telugu_038.wav,129,10
0637bb4776de32cff48cc97ea7e8cb94,telugu,fake,fft,fft_telugu_038.wav,130,10
c16e6b509f4ff02228cca74e50a906c6,telugu,fake,fft,fft_telugu_038.wav,131,10
1b62198b77c5b24bba7d24337db385e3,telugu,fake,fft,fft_telugu_038.wav,132,10
4aa05820c7f26a6fd04ab0a8c89539d6,telugu,fake,fft,fft_telugu_038.wav,133,10
f97b323b62444fd5dda55b925a925cd9,telugu,fake,fft,fft_telugu_038.wav,134,10
432df71c8a9132094c5cbe6ba803149f,telugu,fake,fft,fft_telugu_038.wav,135,10
a3b811ea18015a906a10d7ded1fafd25,telugu,fake,fft,fft_telugu_038.wav,136,10
5515f0fd8085767a204bc8891318df69,telugu,fake,fft,fft_telugu_038.wav,137,10
66ccbb411cf2d4f3611e0026045d83bc,telugu,fake,fft,fft_telugu_038.wav,138,10
924b1256fc9c4995753f7e30f3ef5471,telugu,fake,fft,fft_telugu_038.wav,139,10
d2b6299640ff6894c6eafd26a873643b,telugu,fake,fft,fft_telugu_038.wav,140,10
24b02a5242c897fd98e867b46fa11419,telugu,fake,fft,fft_telugu_038.wav,141,10
68112b1f55963051ae1db598d1d1a905,telugu,fake,fft,fft_telugu_038.wav,142,10
6af4c3736854c8d64e47ba2c071e4728,telugu,fake,fft,fft_telugu_038.wav,143,10
9b2ad97aa984e8bd30a4648bd77f6a75,telugu,fake,fft,fft_telugu_038.wav,144,10
f6f664346027b08926fcd77134e53a60,telugu,fake,fft,fft_telugu_038.wav,145,10
ef2a4b258d68f2580bf05244515d9518,telugu,fake,fft,fft_telugu_038.wav,146,10
6d19037cb063f642b5179067c22ea779,telugu,fake,fft,fft_telugu_038.wav,147,10
b846e62fbbe0509d926c6e1496a1a0a9,telugu,fake,fft,fft_telugu_038.wav,148,10
73edca458153bceafce7faed3f59f7d5,telugu,fake,fft,fft_telugu_038.wav,149,10
a84911d12765e8033736ddc737588f99,telugu,fake,fft,fft_telugu_038.wav,150,10
bab1062d984e273b890fdecdb5a7d7a3,telugu,fake,fft,fft_telugu_038.wav,151,10
5f12e6043d400500e326933ea6f54d20,telugu,fake,fft,fft_telugu_038.wav,152,10
8d9394dfa773dc4919e4aacca513ebd3,telugu,fake,fft,fft_telugu_038.wav,153,10
3f4d237c05c3eb8bccdd203303df747b,telugu,fake,fft,fft_telugu_038.wav,154,10
2eaf632c6119c8af49dcc355074dc9c7,telugu,fake,fft,fft_telugu_038.wav,155,10
872f517a7dcd6e2d6ef8b87dde3aab80,telugu,fake,fft,fft_telugu_038.wav,156,10
e528e5687def1573e9f99ec9f8cf800e,telugu,fake,fft,fft_telugu_038.wav,157,10
fbcbd107a31f887710f1eeaafe6d011e,telugu,fake,fft,fft_telugu_038.wav,158,10
6a15157371375c889d3ecdfd718ce438,telugu,fake,fft,fft_telugu_038.wav,159,10
78bff3ffb465ee1a4b1fcd285b1322ae,telugu,fake,fft,fft_telugu_038.wav,160,10
af6bd53d5127c9f4f0dde96d1d4405f9,telugu,fake,fft,fft_telugu_038.wav,161,10
58d66c22eec9ed6de2a90bee5e752850,telugu,fake,fft,fft_telugu_038.wav,162,10
bdeb12d7f64ded78a6cc56e99b2088b5,telugu,fake,fft,fft_telugu_038.wav,163,10
a31b1cd1fd1b9f70cde55713cef18150,telugu,fake,fft,fft_telugu_038.wav,164,10
d0d56883cd54d35f07928f18c83b0329,telugu,fake,fft,fft_telugu_038.wav,165,10
42eb136c1f666ad3513a3582bdb2349b,telugu,fake,fft,fft_telugu_038.wav,166,10
3cdc7b3a755ac8caca3a20dcebd41987,telugu,fake,fft,fft_telugu_038.wav,167,10
24fcd4a670c0248b5654c577fed9e9aa,telugu,fake,fft,fft_telugu_038.wav,168,10
33561b40e2cc3eb9c9587a20b61e0fa9,telugu,fake,fft,fft_telugu_038.wav,169,10
440571d9774819463cf5cb5f4b9f457f,telugu,fake,fft,fft_telugu_038.wav,170,10
70fbb8075b8dcfa5e002da6572923a37,telugu,fake,fft,fft_telugu_038.wav,171,10
bf6d4334e4f0b5df24e9b6e8be079bc5,telugu,fake,fft,fft_telugu_038.wav,172,10
669ad98ed0bb5db19f7c6043b13fbeac,telugu,fake,fft,fft_telugu_038.wav,173,10
2ad18005ab44fadd8faa918a4043b70a,telugu,fake,fft,fft_telugu_038.wav,174,10
15ca9c5df3dd4fb0af461de7a78209d0,telugu,fake,fft,fft_telugu_038.wav,175,10
493f426bdeb40b5f95e8f19a3e2f278a,telugu,fake,fft,fft_telugu_038.wav,176,10
4aeed5e102220d9497fc1d908bf15872,telugu,fake,fft,fft_telugu_038.wav,177,10
04af5736939e55f2a17d1f7e4acd7260,telugu,fake,fft,fft_telugu_038.wav,178,10
485664bd12117abfc322d12689da1cfe,telugu,fake,fft,fft_telugu_038.wav,179,10
63afef3586ce67403b4fe983990ba549,telugu,fake,fft,fft_telugu_038.wav,180,10
5e6dfe1eb901a51abc2d273d6c135826,telugu,fake,fft,fft_telugu_038.wav,181,10
8ebd5ee66ee1c6b683d64d48f45c330e,telugu,fake,fft,fft_telugu_038.wav,182,10
1e9ca7af049050f8a22e9a2ccface974,telugu,fake,fft,fft_telugu_038.wav,183,10
9a245f6cc82a87813e4f01cd6af1820b,telugu,fake,fft,fft_telugu_038.wav,184,10
b33fda3ac2a9d8da658d6203b021ee48,telugu,fake,fft,fft_telugu_038.wav,185,10
2c2034caf0ba8be14df7e5f836363738,telugu,fake,fft,fft_telugu_038.wav,186,10
b4667d2f7e597c341875a837875ec7d1,telugu,fake,fft,fft_telugu_038.wav,187,10
c6c53544ef7a6c1a7a727ade4a308f35,telugu,fake,fft,fft_telugu_038.wav,188,10
7c72997cbd0b761a2e6a1d4e40c52a3f,telugu,fake,fft,fft_telugu_038.wav,189,10
54ad0ec005b46c6efab6d204953b258f,telugu,fake,fft,fft_telugu_038.wav,190,10
3a972e81bc3391b867fdb6aaaa88f403,telugu,fake,fft,fft_telugu_038.wav,191,10
4a3e717d2137a242b10130115b43c018,telugu,fake,fft,fft_telugu_038.wav,192,10
09158bd743874a532e1f3ef3ce818592,telugu,fake,fft,fft_telugu_038.wav,193,10
b5138be2d9e6a272d7a79e07a801548c,telugu,fake,fft,fft_telugu_038.wav,194,10
b64410a8b16e429737f200ed942527cf,telugu,fake,fft,fft_telugu_038.wav,195,10
220aed47b3b2afc48bc4bf7df8c30735,telugu,fake,fft,fft_telugu_038.wav,196,10
f97bcb7a28754d9bfd2930dc05f58c2f,telugu,fake,fft,fft_telugu_038.wav,197,10
687564525d75ae4222da737151b6cfc6,telugu,fake,fft,fft_telugu_038.wav,198,10
fdff37a638b3a79b22a84f20270f98b0,telugu,fake,fft,fft_telugu_038.wav,199,10
96f2c664b672f52052927169260b61e2,telugu,fake,fft,fft_telugu_038.wav,200,10
06d5d29a86c16994609a7c935027adb3,telugu,fake,fft,fft_telugu_038.wav,201,10
4a19275564ba96bac77c0e1d23a5c540,telugu,fake,fft,fft_telugu_038.wav,202,10
de807bd6396de388fbcd2c3d11a83c92,telugu,fake,fft,fft_telugu_038.wav,203,10
1a073e974d8038473d06812508ebaab3,telugu,fake,fft,fft_telugu_038.wav,204,10
ab38262ed0661ef9f1e24c7a647f7839,telugu,fake,fft,fft_telugu_038.wav,205,10
9fb0f3b340b5a0f62f7d14baec1ecb3d,telugu,fake,fft,fft_telugu_038.wav,206,10
941b25d0bcfa2c5e6db667d6d0d499aa,telugu,fake,fft,fft_telugu_038.wav,207,10
bf8175ec2a18eedd0414f31aae7a0331,telugu,fake,fft,fft_telugu_038.wav,208,10
a9830b62c4b74d70ad86ea9dd1617401,telugu,fake,fft,fft_telugu_038.wav,209,10
63e19be5fca03f8128256e7a6019fca0,telugu,fake,fft,fft_telugu_038.wav,210,10
55cb08283157f071b477a68ceccce094,telugu,fake,fft,fft_telugu_038.wav,211,10
b8397fa5108ab165bd1bddcf517e68f2,telugu,fake,fft,fft_telugu_038.wav,212,10
808f0db618f0a00d50e40b91f9490ee3,telugu,fake,fft,fft_telugu_038.wav,213,10
e23027ecfb67caaf06f11991e09bffa3,telugu,fake,fft,fft_telugu_038.wav,214,10
3c0fb00d9b05595cfac5915ecc58a9f5,telugu,fake,fft,fft_telugu_038.wav,215,10
ee4d84012dc403dae9c39a802db72535,telugu,fake,fft,fft_telugu_038.wav,216,10
ed99e82ffb11ffb285c66ea9c28eb00a,telugu,fake,fft,fft_telugu_038.wav,217,10
07817536764d44fe4f3a98bf40cdcc16,telugu,fake,fft,fft_telugu_038.wav,218,10
5466753a3d688bde4092d80ebf8399a4,telugu,fake,fft,fft_telugu_038.wav,219,10
8e6b9db1e29b6db075d4b7e5bd5be823,telugu,fake,fft,fft_telugu_038.wav,220,10
58433c815cade2d67d85f311f9b3542b,telugu,fake,fft,fft_telugu_038.wav,221,10
f7e2a299cfc890aee5d15d189fb3e2db,telugu,fake,fft,fft_telugu_038.wav,222,10
ef26de1be57f61c1b208e0b7ac50fba1,telugu,fake,fft,fft_telugu_038.wav,223,10
4a6bcf3101bcedf08d6badf2f5a2de46,telugu,fake,fft,fft_telugu_038.wav,224,10
7634e7b1a6fc7b61fb930aeec48c8341,telugu,fake,fft,fft_telugu_038.wav,225,10
3f894eeb5672f5c3999584bd5c879f15,telugu,fake,fft,fft_telugu_038.wav,226,10
995e413e8d8e22eddb904deadd7bb0fb,telugu,fake,fft,fft_telugu_038.wav,227,10
07b83956a8af0681ff92ee5060af1e04,telugu,fake,fft,fft_telugu_038.wav,228,10
aa1afe76fe1d7a13257a24002a852a06,telugu,fake,fft,fft_telugu_038.wav,229,10
412944b8b3054ae911eb37d7802581dc,telugu,fake,fft,fft_telugu_038.wav,230,10
8b71db91eb3e964c14d67f8d1bf1f10b,telugu,fake,fft,fft_telugu_038.wav,231,10
ca1c4aeb77341b3557a47b1fa9cbba73,telugu,fake,fft,fft_telugu_038.wav,232,10
56fb49a9774300de25694aeabe9c7d34,telugu,fake,fft,fft_telugu_038.wav,233,10
92e8eb80493fd8df7367d4a538bcd149,telugu,fake,fft,fft_telugu_038.wav,234,10
d2a2ec69b0c99b2e60a42d7b4a8a6ed4,telugu,fake,fft,fft_telugu_038.wav,235,10
83d75d0510257797d632484682368aa6,telugu,fake,fft,fft_telugu_038.wav,236,10
72f2e8fc2ea84e93472a1b88e93fb7a0,telugu,fake,fft,fft_telugu_038.wav,237,10
54fc78ee6514cb028bb764c27dfb7ae8,telugu,fake,fft,fft_telugu_038.wav,238,10
6a0f33c6bb3eb4b31690f00d3772f617,telugu,fake,fft,fft_telugu_038.wav,239,10
1b6c756b41cf3ac73f1479720f454899,telugu,fake,fft,fft_telugu_038.wav,240,10
821f375ac875184ad47078a9b3f6587a,telugu,fake,fft,fft_telugu_038.wav,241,10
f3d5209d627f85bdad584d4cf6f10cf9,telugu,fake,fft,fft_telugu_038.wav,242,10
5c70a6308f23d481ad50a906fe25384e,telugu,fake,fft,fft_telugu_038.wav,243,10
2a7d668f3db46f48328180c0da5f5175,telugu,fake,fft,fft_telugu_038.wav,244,10
0fb542ee91ece5e63183a49b3dc97d0a,telugu,fake,fft,fft_telugu_038.wav,245,10
b4cf94fd244710bd1ae73014afdcaa54,telugu,fake,fft,fft_telugu_038.wav,246,10
6e4bf68b0dee97450f6da15d02569335,telugu,fake,fft,fft_telugu_038.wav,247,10
ae3acffd602ebfa465eecd1d5a5e066e,telugu,fake,fft,fft_telugu_038.wav,248,10
f89b81c96341ef61ca81daffb8c7cd04,telugu,fake,fft,fft_telugu_038.wav,249,10
5c55ee2100b5a6d5d5c3d97aac566224,telugu,fake,fft,fft_telugu_038.wav,250,10
e78046058784cd68b64fb574693656f0,telugu,fake,fft,fft_telugu_038.wav,251,10
9d1a089d52b21c4934f8174bdf3c38e8,telugu,fake,fft,fft_telugu_038.wav,252,10
a7a81d225dc41bceb29f9886f0baa602,telugu,fake,fft,fft_telugu_038.wav,253,10
2f6a9d16e3efa49560f9d70cf9f2164f,telugu,fake,fft,fft_telugu_038.wav,254,10
cb13a5aa4f01128f39ad3decbd6a5c13,telugu,fake,fft,fft_telugu_038.wav,255,10
a92a8db9103615c01e8b3b0d5aea0aa0,telugu,fake,fft,fft_telugu_038.wav,256,10
b9525de049127bcf1fa6cc9458f81e95,telugu,fake,fft,fft_telugu_038.wav,257,10
d667af98f7da3ac94f1af863ae367f8f,telugu,fake,fft,fft_telugu_038.wav,258,10
5c64373e2a1a740ca8a6936f295ec030,telugu,fake,fft,fft_telugu_038.wav,259,10
23486fe607522ef850aca57dca107ab7,telugu,fake,fft,fft_telugu_038.wav,260,10
69bc9f34794f200377c4ce4ca3e61013,telugu,fake,fft,fft_telugu_038.wav,261,10
f188dcaa0ae5e40265587c54232b4a91,telugu,fake,fft,fft_telugu_038.wav,262,10
07d7a7845ba68c3ed2e39848d153e370,telugu,fake,fft,fft_telugu_038.wav,263,10
758d2dfaa0dc316ae19c6c307e8985e3,telugu,fake,fft,fft_telugu_038.wav,264,10
f2535d06195554d11ad2084198ba5bd8,telugu,fake,fft,fft_telugu_038.wav,265,10
b01fdbbd1b859fcc5c33117f94883e75,telugu,fake,fft,fft_telugu_038.wav,266,10
7e3428c464a3154a36446b763a5f6e8f,telugu,fake,fft,fft_telugu_038.wav,267,10
c139a75738cd25f0d9f53a86cbc05d95,telugu,fake,fft,fft_telugu_038.wav,268,10
5b05b9f2c06869540862447ba6056131,telugu,fake,fft,fft_telugu_038.wav,269,10
f09a7018ea0338a65b633bc81f3a1419,telugu,fake,fft,fft_telugu_038.wav,270,10
2e7d2d176d2674564302f6500b893e7a,telugu,fake,fft,fft_telugu_038.wav,271,10
96952b84cd6d98038ab6257d22d3bdda,telugu,fake,fft,fft_telugu_038.wav,272,10
a1128e3f40990ab21688be520f109047,telugu,fake,fft,fft_telugu_038.wav,273,10
c725365d003cfe01e3a92a0c159ca7a2,telugu,fake,fft,fft_telugu_038.wav,274,10
352c1f7a4d830b7614206fb5b16eb2af,telugu,fake,fft,fft_telugu_038.wav,275,10
e2effa3b2d8923741f2194947fbbd6a7,telugu,fake,fft,fft_telugu_038.wav,276,10
b591835e5fc32361b4aaf49726f35e67,telugu,fake,fft,fft_telugu_038.wav,277,10
f0740e14ceaf72627107d2e5f8ceb3a7,telugu,fake,fft,fft_telugu_038.wav,278,10
1b766d8b5e355c4f213c83470769f86e,telugu,fake,fft,fft_telugu_038.wav,279,10
c771f92e8b13a0ccc0706f3cbc68c60c,telugu,fake,fft,fft_telugu_039.wav,0,10
a99754286b90711f72b1ea51722c4fae,telugu,fake,fft,fft_telugu_039.wav,1,10
e23dae3d38ac3a2c68e28e7b2a333d98,telugu,fake,fft,fft_telugu_039.wav,2,10
d6364310846ae7bcf5af778b03051e6b,telugu,fake,fft,fft_telugu_039.wav,3,10
eba7ac962e31284e6579237e74ae8dc6,telugu,fake,fft,fft_telugu_039.wav,4,10
6b9ba7579539022a172738ed139a50cf,telugu,fake,fft,fft_telugu_039.wav,5,10
575187e976cca210fa466f177158255b,telugu,fake,fft,fft_telugu_039.wav,6,10
dc14c48ae443c48b5627668c4ce8b26d,telugu,fake,fft,fft_telugu_039.wav,7,10
d1f3e8e928a16d1b72dac0f50632807c,telugu,fake,fft,fft_telugu_039.wav,8,10
240f0b3c5d76e781727455c66abc1499,telugu,fake,fft,fft_telugu_039.wav,9,10
1b8a9c77f5be0477ef987dbd745388b7,telugu,fake,fft,fft_telugu_039.wav,10,10
4ca416d5334c5c16f7922e153a747348,telugu,fake,fft,fft_telugu_039.wav,11,10
60e31de4e8ba68b8d7af8061e44282ce,telugu,fake,fft,fft_telugu_039.wav,12,10
e48082baf27fbbec96126908766ca7dc,telugu,fake,fft,fft_telugu_039.wav,13,10
7edcd64411f935af3613d5656287f054,telugu,fake,fft,fft_telugu_039.wav,14,10
b59a43618cbd2bfd7995f470bae7168a,telugu,fake,fft,fft_telugu_039.wav,15,10
fee2368d52b0957cd5c5efb7a3424be2,telugu,fake,fft,fft_telugu_039.wav,16,10
3b2733fcee26e03a59409dd4b15255c9,telugu,fake,fft,fft_telugu_039.wav,17,10
73669d22d85902660251201e2a6c79fd,telugu,fake,fft,fft_telugu_039.wav,18,10
a8a26adeba6c1360454c64c78f149fbf,telugu,fake,fft,fft_telugu_039.wav,19,10
ab16dfb1328fd97da10368ba040147a9,telugu,fake,fft,fft_telugu_039.wav,20,10
500e06990946c4ba646e292b4e786d86,telugu,fake,fft,fft_telugu_039.wav,21,10
d2645e23fe41b3e1f1d586ac3918e658,telugu,fake,fft,fft_telugu_039.wav,22,10
5c8cb4be7bf387374e41ebf19cc9666d,telugu,fake,fft,fft_telugu_039.wav,23,10
046016b30c0a15ca4fd73a0377b86eee,telugu,fake,fft,fft_telugu_039.wav,24,10
8d7bf777686588e021201e6eb2302865,telugu,fake,fft,fft_telugu_039.wav,25,10
75e3c69556352f8ba922d0d19b590225,telugu,fake,fft,fft_telugu_039.wav,26,10
1f28b57b73b8b59da74eaae94277aa65,telugu,fake,fft,fft_telugu_040.wav,0,10
ec5b291236e621511f3844adf6932b7f,telugu,fake,fft,fft_telugu_040.wav,1,10
2b3cd5393418327a130bed62f599bc7f,telugu,fake,fft,fft_telugu_040.wav,2,10
e14ca8e544b8ca1cb38709714e9f0da6,telugu,fake,fft,fft_telugu_040.wav,3,10
e81a98c70a8b065d2cc8bf4524b17d90,telugu,fake,fft,fft_telugu_040.wav,4,10
5dbea710943e9ed5106e35645951a889,telugu,fake,fft,fft_telugu_040.wav,5,10
c9b8146f4b5ebadc2f030e58728daeb2,telugu,fake,fft,fft_telugu_040.wav,6,10
9306d62d4692bf88b7cc6e0bb6b05c36,telugu,fake,fft,fft_telugu_040.wav,7,10
34767af459ddfaa9da8ac736f7ccc911,telugu,fake,fft,fft_telugu_040.wav,8,10
4e12a7366c23705b1d239c3e7b224e59,telugu,fake,fft,fft_telugu_040.wav,9,10
38b2cd5030850083dfe1b2699e38718c,telugu,fake,fft,fft_telugu_040.wav,10,10
fe6bdded2b74bf01b144362d0fd3e61a,telugu,fake,fft,fft_telugu_040.wav,11,10
d2daaf30e6c3b60cfc80f6166f17007d,telugu,fake,fft,fft_telugu_040.wav,12,10
1323b2a01523c3b688fbe1e1d7c0b4a2,telugu,fake,fft,fft_telugu_040.wav,13,10
4825ffe14147385a7ea4e99a0503e58c,telugu,fake,fft,fft_telugu_040.wav,14,10
299c81ddba5722bdc792d7f49af8f915,telugu,fake,fft,fft_telugu_040.wav,15,10
20727248d9d09d2a01f85d3f21042f70,telugu,fake,fft,fft_telugu_040.wav,16,10
5585b657af50326e787058a12cd2b442,telugu,fake,fft,fft_telugu_040.wav,17,10
e14622f08b5574ca5e85c8254c2b69c4,telugu,fake,fft,fft_telugu_040.wav,18,10
debbcfde5fbdd24fe162c97984d17c2e,telugu,fake,fft,fft_telugu_040.wav,19,10
d78538c31c8ce0f7e0c1327b8c523dff,telugu,fake,fft,fft_telugu_040.wav,20,10
d407b733ca5702995785b7e8eaef4a1c,telugu,fake,fft,fft_telugu_040.wav,21,10
7288a5dc1bceda5ff8cc10252557c0a5,telugu,fake,fft,fft_telugu_040.wav,22,10
5aab2c186cc272d220754ebb23e8af97,telugu,fake,fft,fft_telugu_040.wav,23,10
66adc92c3d5f51f000320500d6439347,telugu,fake,fft,fft_telugu_040.wav,24,10
9bade653a948cc6111269f3c22f9cac1,telugu,fake,fft,fft_telugu_040.wav,25,10
0051d2bb50771e5f2d47f00ec0f4f9b7,telugu,fake,fft,fft_telugu_040.wav,26,10
cf2c32dc51f0973f645c7b04fcb20102,telugu,fake,fft,fft_telugu_040.wav,27,10
692e13c8b68dbfee675d6fe1a3d83a8f,telugu,fake,fft,fft_telugu_040.wav,28,10
7c6f3247267a5c83d011e67709b56601,telugu,fake,fft,fft_telugu_040.wav,29,10
10b4337c55537acf645f1ec6e0189597,telugu,fake,fft,fft_telugu_040.wav,30,10
0f471a0dbc0fe9f1ef14a00aada1aff8,telugu,fake,fft,fft_telugu_040.wav,31,10
0e156ebafa3c69307233d75f33a7efa9,telugu,fake,fft,fft_telugu_040.wav,32,10
a5aab33694d15cffaec3c90861fcad66,telugu,fake,fft,fft_telugu_040.wav,33,10
4a4978f16c6042c403b73891edb4ee93,telugu,fake,fft,fft_telugu_040.wav,34,10
270a0cb9479e1f565b7a4b5d0b6104a7,telugu,fake,fft,fft_telugu_040.wav,35,10
e0286ff6bb2bbed15c69055b58e0233b,telugu,fake,fft,fft_telugu_040.wav,36,10
f47de510d626a4dbf0ff2e9d08be6319,telugu,fake,fft,fft_telugu_040.wav,37,10
b1045cf340262719667e6f7bf86097cd,telugu,fake,fft,fft_telugu_040.wav,38,10
dc7445dde6d8db385e68aed3e9e3fd69,telugu,fake,fft,fft_telugu_040.wav,39,10
5d6980360f2c5de1757b69ac2c61adca,telugu,fake,fft,fft_telugu_040.wav,40,10
b70d338f8b2ebc7ad989e627bb73e31c,telugu,fake,fft,fft_telugu_040.wav,41,10
ba95717e1d1239bda103ab275aaaaf67,telugu,fake,fft,fft_telugu_040.wav,42,10
5cf0c7101b4fee19033a1d40456854f2,telugu,fake,fft,fft_telugu_040.wav,43,10
34b090995c52fdd00364fb87f2037845,telugu,fake,fft,fft_telugu_040.wav,44,10
818f934e43d362aad5d9bbcae5c70684,telugu,fake,fft,fft_telugu_040.wav,45,10
f85c25fbfac01a14100d27ca8722fbf0,telugu,fake,fft,fft_telugu_040.wav,46,10
26eace2227903cc90b727faa516b06ba,telugu,fake,fft,fft_telugu_040.wav,47,10
4e645db307e96b99d6e6739b68015123,telugu,fake,fft,fft_telugu_040.wav,48,10
bef518e05b0786049ac433e3a20aa14b,telugu,fake,fft,fft_telugu_040.wav,49,10
5249e6997919b4bd834eadec097aab05,telugu,fake,fft,fft_telugu_040.wav,50,10
19eb948a8524f42075205d9722e21a25,telugu,fake,fft,fft_telugu_040.wav,51,10
5bd2491fb09c3c701f7fc4f47bb1aa72,telugu,fake,fft,fft_telugu_040.wav,52,10
ca9da1db2721b08ad441a9ab772fac94,telugu,fake,fft,fft_telugu_040.wav,53,10
5ed093cfa64f10d48a70d69d64e94db3,telugu,fake,fft,fft_telugu_040.wav,54,10
63f7f842c1c82b83cf454392b0ff86aa,telugu,fake,fft,fft_telugu_040.wav,55,10
14e049941227d673ac777a3fda8863b8,telugu,fake,fft,fft_telugu_040.wav,56,10
38b87e6ae1ea76d79b9d694265ff8c92,telugu,fake,fft,fft_telugu_040.wav,57,10
6a5757e9119eb995e4d3188679155a23,telugu,fake,fft,fft_telugu_040.wav,58,10
773216730327b254ae6234dbb1e9941d,telugu,fake,fft,fft_telugu_040.wav,59,10
e30677a6dd11deca3ccf1f18f305d332,telugu,fake,fft,fft_telugu_040.wav,60,10
2c2149293d8c2647de4445bc352dd750,telugu,fake,fft,fft_telugu_040.wav,61,10
6783387ac909381e377a88ba8bf3545c,telugu,fake,fft,fft_telugu_040.wav,62,10
094eb00b50c9ec1e8f6a9ef647ddfa62,telugu,fake,fft,fft_telugu_040.wav,63,10
a4180122f81f0c17b66939132e693211,telugu,fake,fft,fft_telugu_040.wav,64,10
8aa366d75e34d97048ccf9f660bc7264,telugu,fake,fft,fft_telugu_040.wav,65,10
952e80bbb9509d804d2f04c021efd0ad,telugu,fake,fft,fft_telugu_040.wav,66,10
bf63311c2cb7e063f7dd40b7618d4583,telugu,fake,fft,fft_telugu_040.wav,67,10
9ad30feb0587bd2aea5bb06a53b56546,telugu,fake,fft,fft_telugu_040.wav,68,10
1fc8005bf4ad6c53df2fd7d139a14ef5,telugu,fake,fft,fft_telugu_040.wav,69,10
55dd0050a52bf8af4897aab1f267e06c,telugu,fake,fft,fft_telugu_040.wav,70,10
bc86ddd9443ec59786b27c1b75b844e3,telugu,fake,fft,fft_telugu_040.wav,71,10
8440e85520b6c270d748bd4028b5a730,telugu,fake,fft,fft_telugu_040.wav,72,10
84a3a47fef34767bb1349d85e66bb1ab,telugu,fake,fft,fft_telugu_040.wav,73,10
5a5e6cbdbc539930afd8576ddf6d029a,telugu,fake,fft,fft_telugu_040.wav,74,10
2a8f8c50effa8f5ef339dc73e661246c,telugu,fake,fft,fft_telugu_040.wav,75,10
5378efac77f42a402d7b786fe1702943,telugu,fake,fft,fft_telugu_040.wav,76,10
6338ca6f7de3a25d88dce31d712b47b3,telugu,fake,fft,fft_telugu_040.wav,77,10
db3d394ac45e4a1b7299a11a6ac9e6bf,telugu,fake,fft,fft_telugu_040.wav,78,10
b4b7a10476ae1c4de7a533eb92b856d2,telugu,fake,fft,fft_telugu_040.wav,79,10
522de12e9901ed970e3b786584b18318,telugu,fake,fft,fft_telugu_040.wav,80,10
2a2e508a168a2467efac6281ee75ec4c,telugu,fake,fft,fft_telugu_040.wav,81,10
6f97c1e9f77a4b9d44d5c2e4ca1ddbdb,telugu,fake,fft,fft_telugu_040.wav,82,10
2a5013eb64d59f9e5cb8ef8f541eaf33,telugu,fake,fft,fft_telugu_040.wav,83,10
a146833f702d675bc4ca01f705b22330,telugu,fake,fft,fft_telugu_040.wav,84,10
f53f6241e54662f2ddda82a5efa85e26,telugu,fake,fft,fft_telugu_040.wav,85,10
baabd88291f0c7abb000bc9074b09cd1,telugu,fake,fft,fft_telugu_040.wav,86,10
9d732937fa13ea8da0c4bc7aaf269cc1,telugu,fake,fft,fft_telugu_040.wav,87,10
7ba2c1b8c9e3179a901a9a685e6ed7bf,telugu,fake,fft,fft_telugu_040.wav,88,10
a41d71b504aaa734761899a1484bdd3f,telugu,fake,fft,fft_telugu_040.wav,89,10
2e35c2ced7ff99e52c728e776c172be6,telugu,fake,fft,fft_telugu_040.wav,90,10
90e23c76ef5233c39819a00b941aa6eb,telugu,fake,fft,fft_telugu_040.wav,91,10
8d377d4ad976be3603f37e651401bab9,telugu,fake,fft,fft_telugu_040.wav,92,10
8642e5803ddca89f69f2a314507a24fa,telugu,fake,fft,fft_telugu_040.wav,93,10
7763764a68b5d9472698830d93fc5ffa,telugu,fake,fft,fft_telugu_040.wav,94,10
c35da1f633af3311f271d90d6d424201,telugu,fake,fft,fft_telugu_040.wav,95,10
d079128f0c41f0be22b2f31abc7b8eb3,telugu,fake,fft,fft_telugu_040.wav,96,10
05433b15d8afd44b4653fe7061fc261c,telugu,fake,fft,fft_telugu_040.wav,97,10
6316d1f66fc1912bf19a255c9f53c883,telugu,fake,fft,fft_telugu_040.wav,98,10
f94782c419265bd4b92bbcb7cd435d9d,telugu,fake,fft,fft_telugu_040.wav,99,10
85d1de45db4aed739b5ee0bce6543f47,telugu,fake,fft,fft_telugu_040.wav,100,10
7b5fb528b181d37338b7ac164cca2fbe,telugu,fake,fft,fft_telugu_040.wav,101,10
e745620da0bd5e1603f3a2d09c07f2f5,telugu,fake,fft,fft_telugu_040.wav,102,10
ba58d846c6ab1f934acb8e4171d0804d,telugu,fake,fft,fft_telugu_040.wav,103,10
0c4a47875c1776aa563f324c74ccf140,telugu,fake,fft,fft_telugu_040.wav,104,10
fc1449dc780b3cc6fe02f9cf8bc3b2dc,telugu,fake,fft,fft_telugu_040.wav,105,10
8d012a67ff64eef0de428b8692f2c609,telugu,fake,fft,fft_telugu_040.wav,106,10
655c0a184774062e4e3d1339d608e3cb,telugu,fake,fft,fft_telugu_040.wav,107,10
a403cecfb0509e53c188c4fc3bd0bb5e,telugu,fake,fft,fft_telugu_040.wav,108,10
640c3560619ebcb5598dea5770b8fdb0,telugu,fake,fft,fft_telugu_040.wav,109,10
9c985b3243651e944224f136e20b2fe2,telugu,fake,fft,fft_telugu_040.wav,110,10
50bb01f5f186887ddfd894effbef15c2,telugu,fake,fft,fft_telugu_040.wav,111,10
f76fb5979dfdaca75b8077eb8ffb017d,telugu,fake,fft,fft_telugu_040.wav,112,10
cbe6709576dad7bd7620820008296fd1,telugu,fake,fft,fft_telugu_040.wav,113,10
201c0e7d50575c488889e72a168fb7b3,telugu,fake,fft,fft_telugu_040.wav,114,10
2fbb950274702ddc610368236082354d,telugu,fake,fft,fft_telugu_040.wav,115,10
78a4538f9676a479b8fd5a9b7965eae6,telugu,fake,fft,fft_telugu_040.wav,116,10
694c8aac7439653c87be116a9f9f76e2,telugu,fake,fft,fft_telugu_040.wav,117,10
9939f0076caaad179da8f8c668a32269,telugu,fake,fft,fft_telugu_040.wav,118,10
f5542defeb28aa89969d979ea83637a5,telugu,fake,fft,fft_telugu_040.wav,119,10
ee976e85c7835fe0feeebbe38b498167,telugu,fake,fft,fft_telugu_040.wav,120,10
498b1a358b101f7b7c84b982c8b05568,telugu,fake,fft,fft_telugu_040.wav,121,10
52c2bb8c5968f09307112b5b721221f5,telugu,fake,fft,fft_telugu_040.wav,122,10
07cd6affebd60bff8cd8e2a8acdd6330,telugu,fake,fft,fft_telugu_040.wav,123,10
884e1758a8f9633a26473aef9ac93880,telugu,fake,fft,fft_telugu_040.wav,124,10
9b7512c9ea3c487bb53f97b166286701,telugu,fake,fft,fft_telugu_040.wav,125,10
8a67509fda0445ea60e17740570a6514,telugu,fake,fft,fft_telugu_040.wav,126,10
e40ab92c5a707fefb931c20242f95f96,telugu,fake,fft,fft_telugu_040.wav,127,10
bc0d5edf87d15f84a02c247c371e8ccb,telugu,fake,fft,fft_telugu_040.wav,128,10
391965ce5f1435acb3cf594f02cd2eb3,telugu,fake,fft,fft_telugu_040.wav,129,10
8f968a35e1fdf4edeff01b71f6031bae,telugu,fake,fft,fft_telugu_040.wav,130,10
06b540171e337a32d3bc6a7c1d648291,telugu,fake,fft,fft_telugu_040.wav,131,10
7316ea0bf24edf4ad48acda7eae5fc75,telugu,fake,fft,fft_telugu_040.wav,132,10
7aeabb31b2a7aee2d03b4eb0a98caa0a,telugu,fake,fft,fft_telugu_040.wav,133,10
fb44f95106b6ea7b6896787194a1fa28,telugu,fake,fft,fft_telugu_040.wav,134,10
e111b2b26e0f9b21f57525eaa807b66e,telugu,fake,fft,fft_telugu_040.wav,135,10
33f1851db033dcf449674ec535b05bbd,telugu,fake,fft,fft_telugu_040.wav,136,10
f913a0c4053a7421238867a96bf80076,telugu,fake,fft,fft_telugu_040.wav,137,10
363e31133d8fa7c6980b9059e15f5a76,telugu,fake,fft,fft_telugu_040.wav,138,10
9172c2c12dc83bf3288e35cfb16b36aa,telugu,fake,fft,fft_telugu_040.wav,139,10
fd63f2b13321d877359405833d6a0116,telugu,fake,fft,fft_telugu_040.wav,140,10
8425efbebb34dd630842b08cf7c6c009,telugu,fake,fft,fft_telugu_040.wav,141,10
a69164788945a468f4439de774bedaf5,telugu,fake,fft,fft_telugu_040.wav,142,10
f140b908b1eacee6cf080ab1f15a258e,telugu,fake,fft,fft_telugu_040.wav,143,10
5ea168a4dbe987ae555442e8ef37904e,telugu,fake,fft,fft_telugu_040.wav,144,10
164adac784898a3aef05e2d1367a6a7f,telugu,fake,fft,fft_telugu_040.wav,145,10
63ee406e081fa64bdcd75b8127c0c4e9,telugu,fake,fft,fft_telugu_040.wav,146,10
3113654aea4aae6351d8234fc767de6e,telugu,fake,fft,fft_telugu_040.wav,147,10
2aeead63bc00a3153d4eeb78c03e71ac,telugu,fake,fft,fft_telugu_040.wav,148,10
a33ed864e45f6e4b4be5ccf9af294627,telugu,fake,fft,fft_telugu_040.wav,149,10
9047bf9b87790994f4813fad62617e2a,telugu,fake,fft,fft_telugu_040.wav,150,10
3bcb4467ccb46be72338cf33abf7a010,telugu,fake,fft,fft_telugu_040.wav,151,10
63af97bef3bfb228ff78fc16ad69ec70,telugu,fake,fft,fft_telugu_040.wav,152,10
f15f38752914414e45b1d6bd579c7c0e,telugu,fake,fft,fft_telugu_040.wav,153,10
5e39dd0f5b75282b92a63224643ea47a,telugu,fake,fft,fft_telugu_040.wav,154,10
b57be8741aadc81a243fc25a68209458,telugu,fake,fft,fft_telugu_040.wav,155,10
1ff65c3f62553ab0dd39ac5bef76a0cf,telugu,fake,fft,fft_telugu_040.wav,156,10
995dd20fa268fb148cfa0870c8b4703b,telugu,fake,fft,fft_telugu_040.wav,157,10
d2e74bf6dfd74d60cec9a221999cc81c,telugu,fake,fft,fft_telugu_040.wav,158,10
d63b75f51610d2cede100e6c32e066c6,telugu,fake,fft,fft_telugu_040.wav,159,10
549110ab917dc2bc305371afa27f3bd9,telugu,fake,fft,fft_telugu_040.wav,160,10
6c5320cb961dfc6ebcd4207804852897,telugu,fake,fft,fft_telugu_040.wav,161,10
30e9f78556445abe24b5c06917a2c86c,telugu,fake,fft,fft_telugu_040.wav,162,10
0df2e08efd6c79020306f40f1d4341aa,telugu,fake,fft,fft_telugu_040.wav,163,10
09707270fa4407c48cb96a8a93d63f29,telugu,fake,fft,fft_telugu_040.wav,164,10
ef6dd36e3e53a098d9a6bd81de6075ae,telugu,fake,fft,fft_telugu_040.wav,165,10
5e2711d8be5504d8bc68aa1c711fc0cf,telugu,fake,fft,fft_telugu_040.wav,166,10
b4342be43b560a380842abbc85331c03,telugu,fake,fft,fft_telugu_040.wav,167,10
6baee595ce29e775e1c92f1049fdd95e,telugu,fake,fft,fft_telugu_040.wav,168,10
e713e4b0348aa3976630bee9887242e3,telugu,fake,fft,fft_telugu_040.wav,169,10
2694386f41f2387659e261008c3a92b0,telugu,fake,fft,fft_telugu_040.wav,170,10
4773654a7668cb3ff24f53d0a2655178,telugu,fake,fft,fft_telugu_040.wav,171,10
b22a580b350654c0691806a87e0af8c6,telugu,fake,fft,fft_telugu_040.wav,172,10
70eee4eea9980dfd921c74a73d7b73c0,telugu,fake,fft,fft_telugu_040.wav,173,10
405a880a1ba4110d899df4efcde6d801,telugu,fake,fft,fft_telugu_040.wav,174,10
53718d84ca21d0da411fbca4c08fdfc5,telugu,fake,fft,fft_telugu_040.wav,175,10
0c38b615d4a04a2ffda7856753ce529b,telugu,fake,fft,fft_telugu_040.wav,176,10
8f920285c10b22607bd56566142e6440,telugu,fake,fft,fft_telugu_040.wav,177,10
066fe0ebcbe032e99ed285c48b3f3e0f,telugu,fake,fft,fft_telugu_040.wav,178,10
4aa69eca7cd6549be7995e2816c9b0db,telugu,fake,fft,fft_telugu_040.wav,179,10
08b8e544206e20d3e994b3628131b8e0,telugu,fake,fft,fft_telugu_040.wav,180,10
b33e416e3fea68a5c1b3141fc0fffa15,telugu,fake,fft,fft_telugu_040.wav,181,10
208b6d01cc7ba68259f418ff0f95960c,telugu,fake,fft,fft_telugu_040.wav,182,10
ef0c769d13856a1298e9f2edc216de96,telugu,fake,fft,fft_telugu_040.wav,183,10
19de946c233fa35e3da8c580adbe3cfb,telugu,fake,fft,fft_telugu_040.wav,184,10
ca975c1ec187f8517c1ac5dc18a52e82,telugu,fake,fft,fft_telugu_040.wav,185,10
021418a9edb1bc2f6ffa35843569184c,telugu,fake,fft,fft_telugu_040.wav,186,10
21cc5245ee16583c5ec83dd1a7faf929,telugu,fake,fft,fft_telugu_040.wav,187,10
5993b28d4dd01e5d7fe86c5995e3f866,telugu,fake,fft,fft_telugu_040.wav,188,10
0629ff5f8877f88ad6aa2c6eeab8d028,telugu,fake,fft,fft_telugu_040.wav,189,10
1e4ee8a55d90448174a23d70f5e23bf7,telugu,fake,fft,fft_telugu_040.wav,190,10
efcd1bfe5d4117f98d78f4ba719abe3f,telugu,fake,fft,fft_telugu_040.wav,191,10
73db5c1dae7befe06fdac747019c800f,telugu,fake,fft,fft_telugu_040.wav,192,10
550a40884a4f57686e8845bc1766e0b0,telugu,fake,fft,fft_telugu_040.wav,193,10
a2b6fd44f08604c9354375216683cf87,telugu,fake,fft,fft_telugu_040.wav,194,10
4eca17a68a5a7cc43630c554e02d79ba,telugu,fake,fft,fft_telugu_040.wav,195,10
a64f6b5b3745d77de30cac3823b7c727,telugu,fake,fft,fft_telugu_040.wav,196,10
b37b74fb18561b55924b64886e8e4424,telugu,fake,fft,fft_telugu_040.wav,197,10
8b42298c35d21bb7105bac4e79611476,telugu,fake,fft,fft_telugu_040.wav,198,10
626e865056077521c0fa7a061bc2f00d,telugu,fake,fft,fft_telugu_040.wav,199,10
3c09ac4849b5e79e90df7d2f2bb83604,telugu,fake,fft,fft_telugu_040.wav,200,10
81a9f93d33dd31de0e38ca2ba7c732ae,telugu,fake,fft,fft_telugu_040.wav,201,10
6b6f51cc8d6c757dfa2d03209991ef8b,telugu,fake,fft,fft_telugu_040.wav,202,10
66f2c0b7e2b8f0d6d540e04df3a519b2,telugu,fake,fft,fft_telugu_040.wav,203,10
821d00fb86ff45a1a133ad105c07bba3,telugu,fake,fft,fft_telugu_040.wav,204,10
189557bea99a1cb773dc63e49d014b35,telugu,fake,fft,fft_telugu_040.wav,205,10
68f08c16b10b4722eea469f5e7c5a910,telugu,fake,fft,fft_telugu_040.wav,206,10
9df48b3c7dbe0bf7927ef0878cf970ea,telugu,fake,fft,fft_telugu_040.wav,207,10
dc5cbd20336b23542e21c7309d3d7170,telugu,fake,fft,fft_telugu_040.wav,208,10
328f8839c197425d885f2e786db38b52,telugu,fake,fft,fft_telugu_040.wav,209,10
ca849c72322781b3452bd5b9e7ead6ec,telugu,fake,fft,fft_telugu_040.wav,210,10
6d4a2becb957418e30cc2655a8ed1c2d,telugu,fake,fft,fft_telugu_040.wav,211,10
972c7273a092b7642b63a6b3aff2bf80,telugu,fake,fft,fft_telugu_040.wav,212,10
2f9d3ae7869bd06bf40ae811ef95db6d,telugu,fake,fft,fft_telugu_040.wav,213,10
a79520c34c8dd0190106159c1c8624a6,telugu,fake,fft,fft_telugu_040.wav,214,10
47de06b5bb30f599a5076efa2dfbe192,telugu,fake,fft,fft_telugu_040.wav,215,10
dd5ca0602698d9f451f4ab7a0055b942,telugu,fake,fft,fft_telugu_040.wav,216,10
f1ee1ee5e3f1093ccd09ab5a2cceb592,telugu,fake,fft,fft_telugu_040.wav,217,10
c98f5d57a65a831ccaedae8aac1f78d2,telugu,fake,fft,fft_telugu_040.wav,218,10
66fb9d304aeba1fddc4a05d045226532,telugu,fake,fft,fft_telugu_040.wav,219,10
b70ca4905171047b64152de2cb1a7409,telugu,fake,fft,fft_telugu_040.wav,220,10
d515d07aa090de98e7f82459b99578e3,telugu,fake,fft,fft_telugu_040.wav,221,10
5754558f465dfab4d5aecf6c9662616c,telugu,fake,fft,fft_telugu_040.wav,222,10
90b57ccdb0d8fa6eee4abaf540816f53,telugu,fake,fft,fft_telugu_040.wav,223,10
eb83cdae6570676280b155572b24c211,telugu,fake,fft,fft_telugu_040.wav,224,10
31e21ad87e5070b76220e3bf3187d420,telugu,fake,fft,fft_telugu_040.wav,225,10
e0c51ac1880c3727f8807ecfa4957901,telugu,fake,fft,fft_telugu_040.wav,226,10
f4ab2c4e0c30b22523e3fc1e6d69a36e,telugu,fake,fft,fft_telugu_040.wav,227,10
3df475639edec7a1224b30846a5eae80,telugu,fake,fft,fft_telugu_040.wav,228,10
ef0db38ee75f9bb45647f2f21c1e03fe,telugu,fake,fft,fft_telugu_040.wav,229,10
d6bd74220088e65ca8f782d2f5a131d2,telugu,fake,fft,fft_telugu_040.wav,230,10
db447652164d53a4636e6d4567294055,telugu,fake,fft,fft_telugu_040.wav,231,10
6a7b3748c0c8628748bdb706a31e2c30,telugu,fake,fft,fft_telugu_040.wav,232,10
1d0ac11be96e785617350959d9406a21,telugu,fake,fft,fft_telugu_040.wav,233,10
307591f4da198f03d6986189c8562652,telugu,fake,fft,fft_telugu_040.wav,234,10
bf7eb8c6be254f176f4078206cad63cb,telugu,fake,fft,fft_telugu_040.wav,235,10
d055b848b3937f355cf7f124f6f5234c,telugu,fake,fft,fft_telugu_040.wav,236,10
f662142570d4bf353f5e54f195b3126f,telugu,fake,fft,fft_telugu_040.wav,237,10
ef213e02b756f3a227b4bb2e81e1f4ab,telugu,fake,fft,fft_telugu_040.wav,238,10
50d4e01dd53b6137bfad4a00c5fc6ed2,telugu,fake,fft,fft_telugu_040.wav,239,10
c9f512afd2e755eec87c345ba60059e9,telugu,fake,fft,fft_telugu_040.wav,240,10
a71c396c097a23b4cba9d78068f18852,telugu,fake,fft,fft_telugu_040.wav,241,10
cc60cb3baa57a7c33c303800d0f65c2f,telugu,fake,fft,fft_telugu_040.wav,242,10
8ea01a07355e6b543ab9b27b0f3a0fa3,telugu,fake,fft,fft_telugu_040.wav,243,10
d5e03052694f5d3cab906c83b38e9278,telugu,fake,fft,fft_telugu_040.wav,244,10
09a3d13a632067c15ba8b4291320e24f,telugu,fake,fft,fft_telugu_040.wav,245,10
c020ff0af85676219a04f7fc694ddb1f,telugu,fake,fft,fft_telugu_040.wav,246,10
4c700c21a54428940ec22afb335d3d13,telugu,fake,fft,fft_telugu_040.wav,247,10
e7bf4533c88c8f748a8b8f48046cc413,telugu,fake,fft,fft_telugu_040.wav,248,10
edbbccbca501962c533c66a70110e5c2,telugu,fake,fft,fft_telugu_040.wav,249,10
80bdf361735cce7ca123523d8f464008,telugu,fake,fft,fft_telugu_040.wav,250,10
833f734b5a4d79e08cce7a0baecfaee7,telugu,fake,fft,fft_telugu_040.wav,251,10
9c3b681f175850d602a5fe212c4bba93,telugu,fake,fft,fft_telugu_040.wav,252,10
28ed2608ebba3d0cf8ffd505069b3af5,telugu,fake,fft,fft_telugu_040.wav,253,10
a547535ffef70b98d210cfdb461acfd2,telugu,fake,fft,fft_telugu_040.wav,254,10
45c2897b8ac2e2b44e0e25d48a5334c3,telugu,fake,fft,fft_telugu_040.wav,255,10
6a5ba09f7000c1018ddcb37f9bfb475d,telugu,fake,fft,fft_telugu_040.wav,256,10
e226b585a3461405e9c67314461a304b,telugu,fake,fft,fft_telugu_040.wav,257,10
d2adb92b2e4c4f5604fdbdc69dd9380c,telugu,fake,fft,fft_telugu_040.wav,258,10
c5e78e402b13906a709bc48694862aff,telugu,fake,fft,fft_telugu_040.wav,259,10
864cb2c77e1564df2bac01004311279d,telugu,fake,fft,fft_telugu_040.wav,260,10
c74c5fdc82197f7631e263987bc28f9f,telugu,fake,fft,fft_telugu_040.wav,261,10
86b47a0952c3adb10bb4da072e9863af,telugu,fake,fft,fft_telugu_040.wav,262,10
0126493148b8e437906a5e4f55c45fd6,telugu,fake,fft,fft_telugu_040.wav,263,10
7afdb84c71094cc94b2e2195afa24b87,telugu,fake,fft,fft_telugu_040.wav,264,10
3ed72c4057624746125a0915cac883b8,telugu,fake,fft,fft_telugu_040.wav,265,10
63514da58244a3f7e10d9b083a0772be,telugu,fake,fft,fft_telugu_040.wav,266,10
d4f71e2973fb845f964b01109898032e,telugu,fake,fft,fft_telugu_040.wav,267,10
8ee61b98a1e46c4bf86e090581e2fe14,telugu,fake,fft,fft_telugu_040.wav,268,10
0a473155443d77a0a5d19d3e6ef189e7,telugu,fake,fft,fft_telugu_040.wav,269,10
e89ef24967f6128073482b966430ef37,telugu,fake,fft,fft_telugu_040.wav,270,10
0e29e8ab31dbd546c42f74f5383e196f,telugu,fake,fft,fft_telugu_040.wav,271,10
b5935023e911096974c92d4403803a4f,telugu,fake,fft,fft_telugu_040.wav,272,10
02e27cbaceb6d4e07c1d38261382740b,telugu,fake,fft,fft_telugu_040.wav,273,10
4a44ed63b2f12f3bf281fa2355f99304,telugu,fake,fft,fft_telugu_040.wav,274,10
be2aed2a4c1f4675bee037e1c158c994,telugu,fake,fft,fft_telugu_040.wav,275,10
76e415f6f9ca196304cf036fabb6059c,telugu,fake,fft,fft_telugu_040.wav,276,10
11c1cbb1fcbb5cbafd5577d75be801e5,telugu,fake,fft,fft_telugu_040.wav,277,10
458032acee1bf8a230c2d22b68690d44,telugu,fake,fft,fft_telugu_040.wav,278,10
9252fee1c36c6e36e267821bffb20c7d,telugu,fake,fft,fft_telugu_040.wav,279,10
e3988a8be14f92eacdd581b932624b28,telugu,fake,fft,fft_telugu_041.wav,0,10
fc638f837eae4afaede0f518096aff72,telugu,fake,fft,fft_telugu_041.wav,1,10
0a7cdd94786471de3625e1da615bde1f,telugu,fake,fft,fft_telugu_041.wav,2,10
3a6091a7d49289956441d24c8f04db20,telugu,fake,fft,fft_telugu_041.wav,3,10
af4c0768e2f3ebab81c281d21f644785,telugu,fake,fft,fft_telugu_041.wav,4,10
7011fdfa52eb96094ff4c24c0542464f,telugu,fake,fft,fft_telugu_041.wav,5,10
fd9a9549c9bcd5f9dde52c2365da94b5,telugu,fake,fft,fft_telugu_041.wav,6,10
083d7021cf5eea2636c12602f09f2b1d,telugu,fake,fft,fft_telugu_041.wav,7,10
548879d346affe8a247b0759a8c1311a,telugu,fake,fft,fft_telugu_041.wav,8,10
f4e299d8120e7af1469a8d8a6bb26e01,telugu,fake,fft,fft_telugu_041.wav,9,10
8f8e698fbf76f476ea3bbd6527953c51,telugu,fake,fft,fft_telugu_041.wav,10,10
34d7d23949a2b6b1f588b9e8ee2928f5,telugu,fake,fft,fft_telugu_041.wav,11,10
71236e25a1d0da0e7b500a50b07b34a6,telugu,fake,fft,fft_telugu_041.wav,12,10
036d80d4b7e656018664a10bd1df6b1b,telugu,fake,fft,fft_telugu_041.wav,13,10
9b7020c6be7c2278ad6906387da82089,telugu,fake,fft,fft_telugu_041.wav,14,10
15d5b3ee8dbeca8491f7173d03bec410,telugu,fake,fft,fft_telugu_041.wav,15,10
a93ead4074cdf9abe5603d4a060aa1ee,telugu,fake,fft,fft_telugu_041.wav,16,10
5cffee71c40c4d0d63355215a4d909f7,telugu,fake,fft,fft_telugu_041.wav,17,10
6134899772bb8bce105b1230c034c0b5,telugu,fake,fft,fft_telugu_041.wav,18,10
6df25fd8a1adec38411268ed9ac135ad,telugu,fake,fft,fft_telugu_041.wav,19,10
e62414292ebb9a8ee73d2ca1c064acd2,telugu,fake,fft,fft_telugu_041.wav,20,10
6cf5cc2e75c4320044c7bc9f752d923b,telugu,fake,fft,fft_telugu_041.wav,21,10
029b0f42521c58106a07831e22a99fae,telugu,fake,fft,fft_telugu_041.wav,22,10
b1eb0c9ce3879e29efb4d553ed6b1940,telugu,fake,fft,fft_telugu_041.wav,23,10
1baef553276388cf8585eda651053eac,telugu,fake,fft,fft_telugu_041.wav,24,10
5235bb73bff965e1b5804bf06c57f033,telugu,fake,fft,fft_telugu_041.wav,25,10
2268c3e1ee8d93ad74228fcfd0dc430d,telugu,fake,fft,fft_telugu_041.wav,26,10
1cba9dadf4e442a57c8f0e06f79797a3,telugu,fake,fft,fft_telugu_041.wav,27,10
d61f7e3a2e87068550bdbc7c3dda80f3,telugu,fake,fft,fft_telugu_041.wav,28,10
783b5f714b9b39647524a240d3aeb5d2,telugu,fake,fft,fft_telugu_041.wav,29,10
d4e2b920a1d377bef64c961411f45f96,telugu,fake,fft,fft_telugu_041.wav,30,10
5b75d660a49901c1f69dd7faabdf4db7,telugu,fake,fft,fft_telugu_041.wav,31,10
b47cd715dea633a7b3dba28f4588931e,telugu,fake,fft,fft_telugu_041.wav,32,10
dacf0b09c4efd28e2607e8635df185ee,telugu,fake,fft,fft_telugu_041.wav,33,10
0230b38d111461366b5999c7a22c480e,telugu,fake,fft,fft_telugu_041.wav,34,10
36a30667adab9854ed6e260d3a67c87c,telugu,fake,fft,fft_telugu_041.wav,35,10
85da59978a9913584f4f2b16ede148e4,telugu,fake,fft,fft_telugu_041.wav,36,10
55058402a96c08159c6a2358ee4bbe61,telugu,fake,fft,fft_telugu_041.wav,37,10
f8505768d04d80a4838a16959f966057,telugu,fake,fft,fft_telugu_041.wav,38,10
241f5d0a5f6dc1fefe36167e6eb6da30,telugu,fake,fft,fft_telugu_041.wav,39,10
ca94f78ed4bb3a52ec3ce68b503e6f2d,telugu,fake,fft,fft_telugu_041.wav,40,10
fc6b7c60cf30d44dbba35e23c197deb1,telugu,fake,fft,fft_telugu_041.wav,41,10
942445a21e03268d99628daef4a81656,telugu,fake,fft,fft_telugu_041.wav,42,10
b57b86c814180ade50e122f1a4f9b7e7,telugu,fake,fft,fft_telugu_041.wav,43,10
e5d43d4994c4b28eafc1e562f5d6a07b,telugu,fake,fft,fft_telugu_041.wav,44,10
86fa52a1e285739cf5fd51750a55f1e2,telugu,fake,fft,fft_telugu_041.wav,45,10
74d88daae504ea341c5eef611a4fb15e,telugu,fake,fft,fft_telugu_041.wav,46,10
0babdc36e98971446ad0d94ace0bda1f,telugu,fake,fft,fft_telugu_041.wav,47,10
9cc0d4de3d6505e1d3e16af99dc19d6b,telugu,fake,fft,fft_telugu_041.wav,48,10
1f283270dc0010d94162a6c9cf932d62,telugu,fake,fft,fft_telugu_041.wav,49,10
162cf9da2bd91636d7f78bd187773c65,telugu,fake,fft,fft_telugu_041.wav,50,10
12976050302603c9f446f567d2bee1bb,telugu,fake,fft,fft_telugu_041.wav,51,10
ec6d7257de7f23780329d1bf71389a51,telugu,fake,fft,fft_telugu_041.wav,52,10
1c1004aec4fa073f87455ead90376948,telugu,fake,fft,fft_telugu_041.wav,53,10
b6b5f0e35371ceac4bae09f9b92a4ac3,telugu,fake,fft,fft_telugu_041.wav,54,10
cdfb1452bea56922c49bd18cee657eb8,telugu,fake,fft,fft_telugu_041.wav,55,10
8de25b80311ee00603d6277435ae60f8,telugu,fake,fft,fft_telugu_041.wav,56,10
d540464ea9eaa6b93e2ed6dff70a67f9,telugu,fake,fft,fft_telugu_041.wav,57,10
f5631d3a1e6d582f6c69d6b943b8b184,telugu,fake,fft,fft_telugu_041.wav,58,10
5e3ec56022d7f8ab691af4a789a30561,telugu,fake,fft,fft_telugu_041.wav,59,10
935680c7cb0ad7a3533c5243db131d95,telugu,fake,fft,fft_telugu_041.wav,60,10
e31ec13b5135ea30c919944861c97838,telugu,fake,fft,fft_telugu_041.wav,61,10
eaae72989cad62ba5e8c8be72520c4c4,telugu,fake,fft,fft_telugu_041.wav,62,10
b1f5b6ecfc565fa0b322522f70601b9c,telugu,fake,fft,fft_telugu_041.wav,63,10
f5ed9d6eab752d708921a6b00739d844,telugu,fake,fft,fft_telugu_041.wav,64,10
ad0e43b9b0c46c0865f213e169ac254e,telugu,fake,fft,fft_telugu_041.wav,65,10
668f62d1ae104967b3fc8e28575902a7,telugu,fake,fft,fft_telugu_041.wav,66,10
97c8c07ec64bc519470f30dbdc9a871e,telugu,fake,fft,fft_telugu_041.wav,67,10
f431c2dccd696f009a15e3e88e307e43,telugu,fake,fft,fft_telugu_041.wav,68,10
05755a9c2adf3890ad14e2fd7ccd202b,telugu,fake,fft,fft_telugu_041.wav,69,10
7af15e46af560b3f96fa8bb2bbf65053,telugu,fake,fft,fft_telugu_041.wav,70,10
38d5d87cac47c1f54f377115d4917d99,telugu,fake,fft,fft_telugu_041.wav,71,10
3bc37c348468b67fe792de4b28e80d83,telugu,fake,fft,fft_telugu_041.wav,72,10
8e39ef9f886392165b064eae64ef38bb,telugu,fake,fft,fft_telugu_041.wav,73,10
161df3f541098f4d63ff080517a57f62,telugu,fake,fft,fft_telugu_041.wav,74,10
36efd4bee3b8a36ef1fb2f3ce4c20ecc,telugu,fake,fft,fft_telugu_041.wav,75,10
0521641bf5014a3ec5d188315c7dc248,telugu,fake,fft,fft_telugu_041.wav,76,10
89a96c68a0e9c780172e71ae7fba7e31,telugu,fake,fft,fft_telugu_041.wav,77,10
bfff2bca714b27149ed504c346402936,telugu,fake,fft,fft_telugu_041.wav,78,10
56925d040fe100d95f7292f84c61991a,telugu,fake,fft,fft_telugu_041.wav,79,10
f04545ff2dcd4d36c89478e2adb51432,telugu,fake,fft,fft_telugu_041.wav,80,10
3d02ce3f978404bc0ed79fa41b4bdd26,telugu,fake,fft,fft_telugu_041.wav,81,10
a3d9786bc687627bc4b3b94b1bd20e6a,telugu,fake,fft,fft_telugu_041.wav,82,10
f64f8c11178405c5c23a354dca96fdc0,telugu,fake,fft,fft_telugu_041.wav,83,10
57a8e152760f0af6cbc93e9fe1bc352d,telugu,fake,fft,fft_telugu_041.wav,84,10
61e5eb50712514bfd6d00f2ebff4715e,telugu,fake,fft,fft_telugu_041.wav,85,10
3d84a70314556d8a1a3f88f048fc941c,telugu,fake,fft,fft_telugu_041.wav,86,10
173ec7472e5ba224012b2f80a843461e,telugu,fake,fft,fft_telugu_041.wav,87,10
9349f4464c0ecd579df7bf19fa650236,telugu,fake,fft,fft_telugu_041.wav,88,10
92b252bc735728317c0620310604665e,telugu,fake,fft,fft_telugu_041.wav,89,10
f4110e5393f759eef9611c67fb6aa836,telugu,fake,fft,fft_telugu_041.wav,90,10
0fee6b19665b41b930e95c91fea7fb06,telugu,fake,fft,fft_telugu_041.wav,91,10
cbadf5a52c244a569e70874a0068c3ec,telugu,fake,fft,fft_telugu_041.wav,92,10
bfff5c86dff40e5d630039da3fd62998,telugu,fake,fft,fft_telugu_041.wav,93,10
041432811a28f1e011b36cb4fbca87bf,telugu,fake,fft,fft_telugu_041.wav,94,10
c8c9da06bcfc41e9519a0aa11dc07829,telugu,fake,fft,fft_telugu_041.wav,95,10
673f03d5aca81251a99860a36afe4f05,telugu,fake,fft,fft_telugu_041.wav,96,10
d37e0be96a9d2f4ea7013a03d41ea050,telugu,fake,fft,fft_telugu_041.wav,97,10
e7c61808b3d386779ab264b2836f2e9f,telugu,fake,fft,fft_telugu_041.wav,98,10
f419a67016b006706a186f1ba39331c6,telugu,fake,fft,fft_telugu_041.wav,99,10
45980647e4fe25102149873a1103f206,telugu,fake,fft,fft_telugu_041.wav,100,10
681dc08c0354783f2107d39b11f047fb,telugu,fake,fft,fft_telugu_041.wav,101,10
8163f185f78ec6d4511deaa49137ef9a,telugu,fake,fft,fft_telugu_041.wav,102,10
07df57a95753355436517d23e864327f,telugu,fake,fft,fft_telugu_041.wav,103,10
fd41c1afc8442d9d6f02267c8e6a4a02,telugu,fake,fft,fft_telugu_041.wav,104,10
68ac64064a6f808d0f3be6e28e713fef,telugu,fake,fft,fft_telugu_041.wav,105,10
beb5006f3355bb302a04e62935362d97,telugu,fake,fft,fft_telugu_041.wav,106,10
9d3ab93152b7917d1e920ec49dd65d06,telugu,fake,fft,fft_telugu_041.wav,107,10
2662df969840d390f8c0402985604aca,telugu,fake,fft,fft_telugu_041.wav,108,10
ee48ec65c55804bbb5e5e79febe3be11,telugu,fake,fft,fft_telugu_041.wav,109,10
70648cce8564c0938342d11a12b185e5,telugu,fake,fft,fft_telugu_041.wav,110,10
8d67dc6d2313820c90c2c931ddcab1d3,telugu,fake,fft,fft_telugu_041.wav,111,10
ee4f9ca60dac1f3b0f67871e7049d2b4,telugu,fake,fft,fft_telugu_041.wav,112,10
4a033f4a7c641a7ec513511bbf966f2c,telugu,fake,fft,fft_telugu_041.wav,113,10
55c17d3dae4a84f43152e5d4ac05464d,telugu,fake,fft,fft_telugu_041.wav,114,10
a6aeaa9470ab61b68a222a3174fa3408,telugu,fake,fft,fft_telugu_041.wav,115,10
3e776453af56a8ffeab546b51a2af84a,telugu,fake,fft,fft_telugu_041.wav,116,10
407302f26b3f633ddf4be43b7118c313,telugu,fake,fft,fft_telugu_041.wav,117,10
43955424f581eb6255db7ba37e7c5f8c,telugu,fake,fft,fft_telugu_041.wav,118,10
a07a558f558c859b72bf4a3ff2c3ab8a,telugu,fake,fft,fft_telugu_041.wav,119,10
fe221589b3085d87361cde611df7b553,telugu,fake,fft,fft_telugu_041.wav,120,10
42c4a9a620d49b4b03e806f22a75d7bd,telugu,fake,fft,fft_telugu_041.wav,121,10
50d4e3aee4916ee04d210f719a2c834c,telugu,fake,fft,fft_telugu_041.wav,122,10
20257d91671d355d8edfe04b603bc71b,telugu,fake,fft,fft_telugu_041.wav,123,10
e4a8cad7dbe84b0c8f50b21a118469fe,telugu,fake,fft,fft_telugu_041.wav,124,10
5f15ced3b8613c43e1c19500187d3a06,telugu,fake,fft,fft_telugu_041.wav,125,10
12d70b4c3c0f4543b99d6a3361ce380a,telugu,fake,fft,fft_telugu_041.wav,126,10
842c14eb4b27982c4ab4566be9c73f52,telugu,fake,fft,fft_telugu_041.wav,127,10
e7900c5191bd80b4745e2d3b11667ed4,telugu,fake,fft,fft_telugu_041.wav,128,10
a627d20e05cd8c5d5aa29bfbd3db167a,telugu,fake,fft,fft_telugu_041.wav,129,10
aad0b7d7a402ca74fd863eda4ff8fb28,telugu,fake,fft,fft_telugu_041.wav,130,10
bfa8a55a6d03acfd2a5889ae68b8f0de,telugu,fake,fft,fft_telugu_041.wav,131,10
8ce45d8887c9e96383ec0e544185473f,telugu,fake,fft,fft_telugu_041.wav,132,10
0d5dcebc866e5f11cb4d2e0430a00c14,telugu,fake,fft,fft_telugu_041.wav,133,10
e6da309084120537defd567ca4448df3,telugu,fake,fft,fft_telugu_041.wav,134,10
f20197434dcee96697e2c9f5d25b52cd,telugu,fake,fft,fft_telugu_041.wav,135,10
4a2950cdafc273b27a908475469776fd,telugu,fake,fft,fft_telugu_041.wav,136,10
7f61d29c786d2686d201a27de07b3c95,telugu,fake,fft,fft_telugu_041.wav,137,10
ac4b5b32b6211a26486ad8e990273074,telugu,fake,fft,fft_telugu_041.wav,138,10
2798c7e718107209934da75bbdf9f6eb,telugu,fake,fft,fft_telugu_041.wav,139,10
ae202ed2a857b1b71815b1ad55245828,telugu,fake,fft,fft_telugu_041.wav,140,10
7d9aa6a55f68252f47c8f5f7499cd4ee,telugu,fake,fft,fft_telugu_041.wav,141,10
4d7549cd1aecf980cf68e78e9ea288a5,telugu,fake,fft,fft_telugu_041.wav,142,10
6a46636d43e60faa41b2a485c710c525,telugu,fake,fft,fft_telugu_041.wav,143,10
490c35186a873ee2ad9a21f6eb98b6a3,telugu,fake,fft,fft_telugu_041.wav,144,10
da60debcf818813355e9b91711e5ad9a,telugu,fake,fft,fft_telugu_041.wav,145,10
ea4817d5159876917962365501359be9,telugu,fake,fft,fft_telugu_041.wav,146,10
c21b9729c3682718aada56fda4a9e9b5,telugu,fake,fft,fft_telugu_041.wav,147,10
8562c44a8b6b7dfee4b3e81c4d5428c4,telugu,fake,fft,fft_telugu_041.wav,148,10
1b1edee9948f5cbf697ef153be26f252,telugu,fake,fft,fft_telugu_041.wav,149,10
9151b3c84f2d85e3aca12dd8d3791187,telugu,fake,fft,fft_telugu_041.wav,150,10
c4111562823cf2f6f75101f124d7a38b,telugu,fake,fft,fft_telugu_041.wav,151,10
1a0ca4863296a220f6cc2741f5bc978f,telugu,fake,fft,fft_telugu_041.wav,152,10
d6c209e77d4ef5fa029a019d2678b748,telugu,fake,fft,fft_telugu_041.wav,153,10
58e54af71c45b6bf9b8e7bf07b36de92,telugu,fake,fft,fft_telugu_041.wav,154,10
bc529a63e678df2414ba6b88c0282bb3,telugu,fake,fft,fft_telugu_041.wav,155,10
aaffc8f3edc9b768b0397bd9360fffdf,telugu,fake,fft,fft_telugu_041.wav,156,10
d92a321f585bdcb72764ec371b04d2ba,telugu,fake,fft,fft_telugu_041.wav,157,10
09b393a67d7f02cc62ffa93fa0c65680,telugu,fake,fft,fft_telugu_041.wav,158,10
2e938b37e359cf01c0c80b9669296593,telugu,fake,fft,fft_telugu_041.wav,159,10
313aa8e559beab6e67f28df6869714a6,telugu,fake,fft,fft_telugu_041.wav,160,10
3c3b7c93b762106db5d8187d1d27da46,telugu,fake,fft,fft_telugu_041.wav,161,10
44057720e95de67a970e19edff91c2ae,telugu,fake,fft,fft_telugu_041.wav,162,10
0f2128d8bc7e7eb0fd876d3b3dde9f5c,telugu,fake,fft,fft_telugu_041.wav,163,10
fe82c4bf44b89142cc16175c48ee1a45,telugu,fake,fft,fft_telugu_041.wav,164,10
469c9381e824a5e789657ee39e30e0c7,telugu,fake,fft,fft_telugu_041.wav,165,10
7098efcc1c9073a7f4f69667b9a0adc2,telugu,fake,fft,fft_telugu_041.wav,166,10
3120fd8ca865c3d3b7fcce9059df806a,telugu,fake,fft,fft_telugu_041.wav,167,10
85db8be94bd2b4f59852b4825633a352,telugu,fake,fft,fft_telugu_041.wav,168,10
678e323fa53bc363cab44e6f68cb2e80,telugu,fake,fft,fft_telugu_041.wav,169,10
4c7dc139bc0c10e6178fec8873b3c382,telugu,fake,fft,fft_telugu_041.wav,170,10
6f23f03cd1ba25fbf783719557d9985c,telugu,fake,fft,fft_telugu_041.wav,171,10
e44886cc7af3543e0468fff116815d66,telugu,fake,fft,fft_telugu_041.wav,172,10
03910090e4c0b69dfe5a0d8c5e34b01f,telugu,fake,fft,fft_telugu_041.wav,173,10
6398805bf5317b8453984d0eae969645,telugu,fake,fft,fft_telugu_041.wav,174,10
e7765f5637c15a2f568315e1be673bec,telugu,fake,fft,fft_telugu_041.wav,175,10
2a1aac3bb5d58c26881c2b70d53f47a5,telugu,fake,fft,fft_telugu_041.wav,176,10
c2d61a6d03a0c733b23e093b0abbaf77,telugu,fake,fft,fft_telugu_041.wav,177,10
eb390299ea8e63932f41958dc66e9505,telugu,fake,fft,fft_telugu_041.wav,178,10
4c13328329cff7b306d35d1143ffd29b,telugu,fake,fft,fft_telugu_041.wav,179,10
2350683703347411e57199c342598c8d,telugu,fake,fft,fft_telugu_041.wav,180,10
f285532d0935cb2645471e9d50eff714,telugu,fake,fft,fft_telugu_041.wav,181,10
bde91c1066cf5f0c23a1621c3dbccce4,telugu,fake,fft,fft_telugu_041.wav,182,10
788feb9b5e0e7482f1b6a02961d87e53,telugu,fake,fft,fft_telugu_041.wav,183,10
8db11951b8bd805faff85b35d194d63c,telugu,fake,fft,fft_telugu_041.wav,184,10
cd1eb3452d697afee44c3818b818caac,telugu,fake,fft,fft_telugu_041.wav,185,10
7d446605bbbd90e3247cde0e73057cc3,telugu,fake,fft,fft_telugu_041.wav,186,10
ea3b746a057552056c7377fca6abfc3e,telugu,fake,fft,fft_telugu_041.wav,187,10
751999c519aea6f05a6516a83b0158c7,telugu,fake,fft,fft_telugu_041.wav,188,10
0a02daf39da57ed99cb1c14892466c47,telugu,fake,fft,fft_telugu_041.wav,189,10
4ea1b4f1e09dee6dd4c0be3ea6694ce0,telugu,fake,fft,fft_telugu_041.wav,190,10
83fcd853044ca5ff80471c4708bc5689,telugu,fake,fft,fft_telugu_041.wav,191,10
2e1e19c4e01f54c63c103039a1067366,telugu,fake,fft,fft_telugu_041.wav,192,10
e1593f736a866e2e513c34e44245a477,telugu,fake,fft,fft_telugu_041.wav,193,10
f097c487aed34674b065b26b1d36de3a,telugu,fake,fft,fft_telugu_041.wav,194,10
55788ba3f8b8a32b90be31fae9d1fcaf,telugu,fake,fft,fft_telugu_041.wav,195,10
b3d59405dc1c8027f4e2283b9f3b6479,telugu,fake,fft,fft_telugu_041.wav,196,10
57835c0bbff2508ac3d7e7cb410e4e68,telugu,fake,fft,fft_telugu_041.wav,197,10
3c2533a8924e940101635e95d6d30cfd,telugu,fake,fft,fft_telugu_041.wav,198,10
bf8f268550d329c2de9375f0a0c6d4ef,telugu,fake,fft,fft_telugu_041.wav,199,10
3fadcb94bcf0d7e8385b91f7063e0331,telugu,fake,fft,fft_telugu_041.wav,200,10
7bc1c1aeef690f6b136677139e60652b,telugu,fake,fft,fft_telugu_041.wav,201,10
9be815d991ece6ce479a9c13092b0edc,telugu,fake,fft,fft_telugu_041.wav,202,10
e7ceb2e4a21583688360f04e3cf572e2,telugu,fake,fft,fft_telugu_041.wav,203,10
0dbfea9299f6d1e1a370cd1bf50438b6,telugu,fake,fft,fft_telugu_041.wav,204,10
fe694be5fe1a1736ff85ef13ddbd2442,telugu,fake,fft,fft_telugu_041.wav,205,10
90a102b4eb93661cd7d354fa88b0c709,telugu,fake,fft,fft_telugu_041.wav,206,10
bc339de21e10d0c65431f505e0a26d83,telugu,fake,fft,fft_telugu_041.wav,207,10
723067a35be4e16a18bc92422de1efdb,telugu,fake,fft,fft_telugu_041.wav,208,10
8a2d949b8ff7b0a1a891dc5c220cc7e8,telugu,fake,fft,fft_telugu_041.wav,209,10
84585394968e1f95650af518b21725c2,telugu,fake,fft,fft_telugu_041.wav,210,10
4e891578f729b6cc869f1480d8ba64d9,telugu,fake,fft,fft_telugu_041.wav,211,10
19d424d4626726ad049a749ddb8b24e0,telugu,fake,fft,fft_telugu_041.wav,212,10
b9ae2583fd9e61dde6fe0b0466913ee5,telugu,fake,fft,fft_telugu_041.wav,213,10
5b568a44948dda006919020d2b638565,telugu,fake,fft,fft_telugu_041.wav,214,10
55f12e537a40a800141233785f55d967,telugu,fake,fft,fft_telugu_041.wav,215,10
25f7bbd3bcac1325ae5b26c441c3e43b,telugu,fake,fft,fft_telugu_041.wav,216,10
8c4e0e6dfcbdc0e30203ac57b59667b3,telugu,fake,fft,fft_telugu_041.wav,217,10
2a20d92ad7cd083a5a101e24b1e60748,telugu,fake,fft,fft_telugu_041.wav,218,10
4aaba3bb997f92fd43411cc0be565f2a,telugu,fake,fft,fft_telugu_041.wav,219,10
c75881e2e4638294612b90ce842d1501,telugu,fake,fft,fft_telugu_041.wav,220,10
c4e52ad8863ea6d46d2ea4f626facd22,telugu,fake,fft,fft_telugu_041.wav,221,10
9dcdbfed40de2b90fcbf875dea3a5e33,telugu,fake,fft,fft_telugu_041.wav,222,10
90aa36015aed0a870437707743c228d9,telugu,fake,fft,fft_telugu_041.wav,223,10
5fef9bba7ce653dded114934f332e8d4,telugu,fake,fft,fft_telugu_041.wav,224,10
4a5ac7fc7e3e018b50f16bad75e13f04,telugu,fake,fft,fft_telugu_041.wav,225,10
3043c646457345d806a9491c309c1c48,telugu,fake,fft,fft_telugu_041.wav,226,10
4886e1210bdecceebbfc4936730ece94,telugu,fake,fft,fft_telugu_041.wav,227,10
2f5f3cc74cfd1bad93d30f037135735a,telugu,fake,fft,fft_telugu_041.wav,228,10
a1cb67a51e30fc75c9f21af346c583f9,telugu,fake,fft,fft_telugu_041.wav,229,10
cd5829f02a83af1800fe0eff362d2156,telugu,fake,fft,fft_telugu_041.wav,230,10
1b05a57f1c465d2e64f1c04e1c888b20,telugu,fake,fft,fft_telugu_041.wav,231,10
c098caaba388f6707569251b7024b0cd,telugu,fake,fft,fft_telugu_041.wav,232,10
c6df74ef5551aa1b072458f8b8e515b5,telugu,fake,fft,fft_telugu_041.wav,233,10
7b4eaa45907f0f241b66be389984fa29,telugu,fake,fft,fft_telugu_041.wav,234,10
5ff8846147172fe1dbb34cede6c0abc4,telugu,fake,fft,fft_telugu_041.wav,235,10
239e5a067f9d3ad085a204ae740bba4b,telugu,fake,fft,fft_telugu_041.wav,236,10
0355029777f69602917c20e6cf419881,telugu,fake,fft,fft_telugu_041.wav,237,10
577faa69202748fb6ce494a67bf956a9,telugu,fake,fft,fft_telugu_041.wav,238,10
e0ff4b137d5228d9c989d5ca437973b3,telugu,fake,fft,fft_telugu_041.wav,239,10
89417f79a347c7c81cc10ef12492208f,telugu,fake,fft,fft_telugu_041.wav,240,10
9cf045e000940cfa579a5e5e907d6ec3,telugu,fake,fft,fft_telugu_041.wav,241,10
18d370e5b8f4d178bc09593be92f36f4,telugu,fake,fft,fft_telugu_041.wav,242,10
7dd2355d7593da20ea8bef392b832f5a,telugu,fake,fft,fft_telugu_041.wav,243,10
a0f5c6c5858d1f6d1d60292f76fc4e18,telugu,fake,fft,fft_telugu_041.wav,244,10
a0f72e07773c8c7bfe350cd1277e4455,telugu,fake,fft,fft_telugu_041.wav,245,10
f1272be53df0b93a5d7160bfe21d9e80,telugu,fake,fft,fft_telugu_041.wav,246,10
48c7d0bb1f7bfba233af7b3cf33018c7,telugu,fake,fft,fft_telugu_041.wav,247,10
b732ff9181297270920e22a36fc917d5,telugu,fake,fft,fft_telugu_041.wav,248,10
cec428df8eb5666b7ad39f2d74ed7592,telugu,fake,fft,fft_telugu_041.wav,249,10
53c67a1186a8b9362d3d6eba29a0d08d,telugu,fake,fft,fft_telugu_041.wav,250,10
448988b80a13dbd59f63510ae7c0b216,telugu,fake,fft,fft_telugu_041.wav,251,10
436637f917d6012484bc0d48af8937f4,telugu,fake,fft,fft_telugu_041.wav,252,10
a24180a21aa82f06aa9a725de5f552c3,telugu,fake,fft,fft_telugu_041.wav,253,10
3859138672665f4219a6b151555fefd8,telugu,fake,fft,fft_telugu_041.wav,254,10
387ced0621a60c5995adcd938a272691,telugu,fake,fft,fft_telugu_041.wav,255,10
ff32394035dd57048678e83dcce547fc,telugu,fake,fft,fft_telugu_041.wav,256,10
fe4fd10547d42ad611975d89f951ace1,telugu,fake,fft,fft_telugu_041.wav,257,10
f242c33734d827bdf7b00f765eba0a36,telugu,fake,fft,fft_telugu_041.wav,258,10
7df029fc959d6dabe652bf83ea9d468e,telugu,fake,fft,fft_telugu_041.wav,259,10
beacedb6aaf9c02ba461aa0319f76c66,telugu,fake,fft,fft_telugu_041.wav,260,10
af837283c596a66a22ca37a89104c731,telugu,fake,fft,fft_telugu_041.wav,261,10
82ee88ea9b470e20c076ec54a1666f08,telugu,fake,fft,fft_telugu_041.wav,262,10
5ba06dd12c01c17081c6d5fc7548a704,telugu,fake,fft,fft_telugu_041.wav,263,10
18a7abf96fe91854b5dccc134928f5f0,telugu,fake,fft,fft_telugu_041.wav,264,10
08cbaa2cafc6a63f4c9d2e517cf99f93,telugu,fake,fft,fft_telugu_042.wav,0,10
967ecfa5b0568d0683abf0ed3383b7ed,telugu,fake,fft,fft_telugu_042.wav,1,10
2836336be5d3137e6602193ffaf45109,telugu,fake,fft,fft_telugu_042.wav,2,10
e89059868b6706d85f7d4602f296829e,telugu,fake,fft,fft_telugu_042.wav,3,10
52a0aa8a341bec511ea0961b326b58e6,telugu,fake,fft,fft_telugu_042.wav,4,10
54a4b77be5e5c0f8f1f3754c24863933,telugu,fake,fft,fft_telugu_042.wav,5,10
06118911c65bf93704dd3276b48d84d0,telugu,fake,fft,fft_telugu_042.wav,6,10
86cf45a220155306b9fd96bacaa98520,telugu,fake,fft,fft_telugu_042.wav,7,10
703f4e412b4f730b54f22d12f0b76909,telugu,fake,fft,fft_telugu_042.wav,8,10
6596a626994ef393a609fc4f71bfab3b,telugu,fake,fft,fft_telugu_042.wav,9,10
16c6f71aa7efd2759cb0017df84c6c0c,telugu,fake,fft,fft_telugu_042.wav,10,10
9fb06c809232ab2173a15fd739e9b783,telugu,fake,fft,fft_telugu_042.wav,11,10
fd88fb1f6e5e24e2f7ca7ecd3d885023,telugu,fake,fft,fft_telugu_042.wav,12,10
431aa10deaf4fcff0f2a7d952a27fc0b,telugu,fake,fft,fft_telugu_042.wav,13,10
625d74881c60883804b87ecd4bc7521b,telugu,fake,fft,fft_telugu_042.wav,14,10
74c24c8e4742bbaa6b2d169c372480de,telugu,fake,fft,fft_telugu_042.wav,15,10
d051d72750bbc8cbcd25699958d0e34b,telugu,fake,fft,fft_telugu_042.wav,16,10
37ff2b78f7392c0b136ddd6eb868e7e5,telugu,fake,fft,fft_telugu_042.wav,17,10
7c0e43a40390009cd4aced6833a571a5,telugu,fake,fft,fft_telugu_042.wav,18,10
cfab593fd4936429fc097409ce3cba73,telugu,fake,fft,fft_telugu_042.wav,19,10
bf7b8f1a743b6a302d855d6c8c9bedeb,telugu,fake,fft,fft_telugu_042.wav,20,10
9929298688d2039808822a98a29d0d1f,telugu,fake,fft,fft_telugu_042.wav,21,10
379d7e788dff2a7e0e7b85020629aae4,telugu,fake,fft,fft_telugu_042.wav,22,10
40dedabb9c90734ddba7683f66f0802e,telugu,fake,fft,fft_telugu_042.wav,23,10
13edc805a32871cbb14a3f85acf6f046,telugu,fake,fft,fft_telugu_042.wav,24,10
a0b48a60ecc65d90a621389c350d8bf9,telugu,fake,fft,fft_telugu_042.wav,25,10
d17eddd077ea3172018aabd04d6c814f,telugu,fake,fft,fft_telugu_042.wav,26,10
dce906812a5e1ce8e76c8cc54312ffcc,telugu,fake,fft,fft_telugu_042.wav,27,10
83e73db6a0a84f90405dee92a62a1e7b,telugu,fake,fft,fft_telugu_042.wav,28,10
53a7857ea04d9cccea3c29c331ca3b7e,telugu,fake,fft,fft_telugu_042.wav,29,10
e65bc8fc331548c38deb9bce2d260f8c,telugu,fake,fft,fft_telugu_042.wav,30,10
c2be64e0c6b006881e8ebcf554becc89,telugu,fake,fft,fft_telugu_042.wav,31,10
a5b98539ee9dde7758aa945be9b9b07e,telugu,fake,fft,fft_telugu_042.wav,32,10
36410bde75cca9f272181633d78a07a3,telugu,fake,fft,fft_telugu_042.wav,33,10
2bd1494807786c0614446a90ab470bdd,telugu,fake,fft,fft_telugu_042.wav,34,10
c44f88a5564940a13a8cdcb0ee3c0fea,telugu,fake,fft,fft_telugu_042.wav,35,10
cdff0c83ee0e729d46d63096935e6369,telugu,fake,fft,fft_telugu_042.wav,36,10
e09e06c556adfd5bdff7cffc33a3a22a,telugu,fake,fft,fft_telugu_042.wav,37,10
f84a73d07a046cf870f9450b6c28e924,telugu,fake,fft,fft_telugu_042.wav,38,10
d31ce74d7650fa743d0f0961f84849b3,telugu,fake,fft,fft_telugu_042.wav,39,10
0a1e20af6edd30f0b6104c46822534b1,telugu,fake,fft,fft_telugu_042.wav,40,10
52aa8fe78356e3f27debfa622ffdd8ae,telugu,fake,fft,fft_telugu_042.wav,41,10
a29bac7d7b84fd5e494925ee515f842c,telugu,fake,fft,fft_telugu_042.wav,42,10
46f2ff4ad6386e203cc68ed9e33ac011,telugu,fake,fft,fft_telugu_042.wav,43,10
164afe479155390877b20654038d2123,telugu,fake,fft,fft_telugu_042.wav,44,10
8ff3afb543ec8a905c48febbd780a1f2,telugu,fake,fft,fft_telugu_042.wav,45,10
514fc8c6e3d2c7ca04394b4b65c0598f,telugu,fake,fft,fft_telugu_042.wav,46,10
98fe2c7b654152aea3c2c92b7db04575,telugu,fake,fft,fft_telugu_042.wav,47,10
cde884231c159ce95e04668fd9fe254b,telugu,fake,fft,fft_telugu_042.wav,48,10
e132757b7496159d356cb992ef1e6e0e,telugu,fake,fft,fft_telugu_042.wav,49,10
fc05255062272c4f0c2455b044e126ff,telugu,fake,fft,fft_telugu_042.wav,50,10
bc98bc264411493e9c483199600fe5be,telugu,fake,fft,fft_telugu_042.wav,51,10
321dec9adc4295e44751bc45e68caf00,telugu,fake,fft,fft_telugu_042.wav,52,10
094c983f3118658e37cba1915643df0a,telugu,fake,fft,fft_telugu_042.wav,53,10
f1472dc9057fb673a9973d85a0871412,telugu,fake,fft,fft_telugu_042.wav,54,10
2fab0fdddba4ea729afcae2a421c35ae,telugu,fake,fft,fft_telugu_042.wav,55,10
5e46fc4da984031beef3147caa07673e,telugu,fake,fft,fft_telugu_042.wav,56,10
1d3ca701e1a15ff69ea9ba2b20f3d745,telugu,fake,fft,fft_telugu_042.wav,57,10
d1f5f60a6b9dc616aa7e4eb5d5808959,telugu,fake,fft,fft_telugu_042.wav,58,10
ce464d453932166a3525c3c3ffe3032b,telugu,fake,fft,fft_telugu_042.wav,59,10
0c80d2815dd4016713eaf46195400c31,telugu,fake,fft,fft_telugu_042.wav,60,10
0d2b0ffd62b2f28571eba3e8fd20ebec,telugu,fake,fft,fft_telugu_042.wav,61,10
a9ae8a36c565b9600077b55ac60ba185,telugu,fake,fft,fft_telugu_042.wav,62,10
dd4a7afe887591bc48a74974bea10c4c,telugu,fake,fft,fft_telugu_042.wav,63,10
1966f36f7db897dd0d0134d187431cfa,telugu,fake,fft,fft_telugu_042.wav,64,10
3db8837a1ff24bd2ee121339512bea27,telugu,fake,fft,fft_telugu_042.wav,65,10
79153fd62254c78bbe1c23e075619195,telugu,fake,fft,fft_telugu_042.wav,66,10
1a978c3dee4dba43210aa43d11bd9dac,telugu,fake,fft,fft_telugu_042.wav,67,10
7d919ae58ba9c3606a860c5c023c7f09,telugu,fake,fft,fft_telugu_042.wav,68,10
600f463bc39efff4cb49c0eb52c0f114,telugu,fake,fft,fft_telugu_042.wav,69,10
ee5bc566356eddc534bf9faf5c12554f,telugu,fake,fft,fft_telugu_042.wav,70,10
d4ce5b54c0a4c1bfec81d67c7f593b36,telugu,fake,fft,fft_telugu_042.wav,71,10
98cb4e4f3cbd3fb8db4a9e7c09d0034b,telugu,fake,fft,fft_telugu_042.wav,72,10
3b96a72bb1a214bd06e86af2596c88c3,telugu,fake,fft,fft_telugu_042.wav,73,10
1157155a61ea6fcd4ec730c426520ef4,telugu,fake,fft,fft_telugu_042.wav,74,10
942ce91fb949c357e0fffeebec783044,telugu,fake,fft,fft_telugu_042.wav,75,10
911aeaf0ea3433ec1b9f800631ae0ac6,telugu,fake,fft,fft_telugu_042.wav,76,10
c3ed0b47ac29c2cfea7e13ca613c2362,telugu,fake,fft,fft_telugu_042.wav,77,10
f8e56bbd5ccd8ebe38018d53b40cbb34,telugu,fake,fft,fft_telugu_042.wav,78,10
f5dd6926bfbf21487daf07629a64e982,telugu,fake,fft,fft_telugu_042.wav,79,10
68f392655b4bfa3d03fcd5fdcdacf331,telugu,fake,fft,fft_telugu_042.wav,80,10
8d56ee0047e9d8fffec8c7fefc3a1913,telugu,fake,fft,fft_telugu_042.wav,81,10
387fed0c8f744ca0d73beecdbefa7a62,telugu,fake,fft,fft_telugu_042.wav,82,10
5145a65b01e95a77884ef3b6bfd5df2a,telugu,fake,fft,fft_telugu_042.wav,83,10
c98816363748766cbaf4d7065abcf825,telugu,fake,fft,fft_telugu_042.wav,84,10
12d7f054c7f89708311f339ebd055c45,telugu,fake,fft,fft_telugu_042.wav,85,10
a44babc304310fff73b3b8eb5ea6dbe8,telugu,fake,fft,fft_telugu_042.wav,86,10
7942ffbecd4a40af1475940595e31ece,telugu,fake,fft,fft_telugu_042.wav,87,10
ed43876c02504d19c5366c6653ccd396,telugu,fake,fft,fft_telugu_042.wav,88,10
b4f17664e42110f8e8b0dc8499ef3949,telugu,fake,fft,fft_telugu_042.wav,89,10
0e160ce3a88cb90a29d710cc56925536,telugu,fake,fft,fft_telugu_042.wav,90,10
bff8b7d45a75c08a873a4c3215ba7a03,telugu,fake,fft,fft_telugu_042.wav,91,10
0fbfa38de2fef2bba307380867da6cb4,telugu,fake,fft,fft_telugu_042.wav,92,10
c756b0cf60e7f2aa1ef6c7f543f57a44,telugu,fake,fft,fft_telugu_042.wav,93,10
81db72838d4157d52cd064c890417fd9,telugu,fake,fft,fft_telugu_042.wav,94,10
82eec22f834bc4f6a14a1bf3ff480132,telugu,fake,fft,fft_telugu_042.wav,95,10
fa719e7ed4cb00efb53b99c27884ecba,telugu,fake,fft,fft_telugu_042.wav,96,10
f9a7da1016ee18b68ac56ffd76f3992c,telugu,fake,fft,fft_telugu_042.wav,97,10
55c4a340048df8f105646756c16d9b85,telugu,fake,fft,fft_telugu_042.wav,98,10
5e7649a7c8063ea3200965d70166bb7f,telugu,fake,fft,fft_telugu_042.wav,99,10
73b5c7b374607528accb0124ed492bbc,telugu,fake,fft,fft_telugu_042.wav,100,10
a2d396386f153cbf7d028190f773e7d8,telugu,fake,fft,fft_telugu_042.wav,101,10
643f41c8648f6f12bd7b8f42878fa800,telugu,fake,fft,fft_telugu_043.wav,0,10
77c2598cb306113106ae46f7087d6258,telugu,fake,fft,fft_telugu_043.wav,1,10
653becff9f99b45a4048b63378ca5701,telugu,fake,fft,fft_telugu_043.wav,2,10
d943e0cd26abb352e7801b27a934b552,telugu,fake,fft,fft_telugu_043.wav,3,10
fe32f4f7bcaf71516afce55a89eb0be1,telugu,fake,fft,fft_telugu_043.wav,4,10
399beab7cd35122e3371ba2994e94429,telugu,fake,fft,fft_telugu_044.wav,0,10
36419ed363d966f611512065c9fec781,telugu,fake,fft,fft_telugu_044.wav,1,10
6f69bf73df35696ed9274ac24d375cfd,telugu,fake,fft,fft_telugu_044.wav,2,10
248ee6e4b030fa21b51c108fe2fad963,telugu,fake,fft,fft_telugu_044.wav,3,10
c3dead6ab2557ac751571283053a7574,telugu,fake,fft,fft_telugu_044.wav,4,10
55946a5957c4b23bce78809cd8d80e49,vocals,fake,fft,001_Lachimi Na Chinni Lachimi.mp3_vocals.wav,0,10
70ca3969c23d5f442ced71e4b383539c,vocals,fake,fft,001_Lachimi Na Chinni Lachimi.mp3_vocals.wav,1,10
5ba12278875e69aa3508b2aebee3444d,vocals,fake,fft,001_Lachimi Na Chinni Lachimi.mp3_vocals.wav,2,10
85a2fc587a54cb2cbcd9264e247c0b8c,vocals,fake,fft,001_Lachimi Na Chinni Lachimi.mp3_vocals.wav,3,10
ea81682d0d45683bd98487586d6e5d14,vocals,fake,fft,001_Lachimi Na Chinni Lachimi.mp3_vocals.wav,4,10
62542b2e12e31d331ecb349fc7d417ff,vocals,fake,fft,001_Lachimi Na Chinni Lachimi.mp3_vocals.wav,5,10
4a7dc6911c8c3882d0012089760a31f8,vocals,fake,fft,001_Lachimi Na Chinni Lachimi.mp3_vocals.wav,6,10
eade93f9ca8c68f87886835a8335c1ea,vocals,fake,fft,001_Lachimi Na Chinni Lachimi.mp3_vocals.wav,7,10
3a81f8cefe64e9ce9101c8f60d624722,vocals,fake,fft,001_Lachimi Na Chinni Lachimi.mp3_vocals.wav,8,10
e22fdf4a62fae81067ee03ea89523f25,vocals,fake,fft,001_Lachimi Na Chinni Lachimi.mp3_vocals.wav,9,10
89e4cdf4261339cdd3f8edfa678df0c6,vocals,fake,fft,001_Lachimi Na Chinni Lachimi.mp3_vocals.wav,10,10
0668b373793a90723599478c6db4ddfb,vocals,fake,fft,001_Lachimi Na Chinni Lachimi.mp3_vocals.wav,11,10
ff9a3319b8768eea010ce35d9108c145,vocals,fake,fft,001_Lachimi Na Chinni Lachimi.mp3_vocals.wav,12,10
56fa23aec463dddf30e98ea9186526d2,vocals,fake,fft,001_Lachimi Na Chinni Lachimi.mp3_vocals.wav,13,10
1cb87d3c1ed0b75282ae2e62d629c7a0,vocals,fake,fft,001_Lachimi Na Chinni Lachimi.mp3_vocals.wav,14,10
144c01d86e21a0237c6042f32d257c7c,vocals,fake,fft,001_Lachimi Na Chinni Lachimi.mp3_vocals.wav,15,10
85061479845f82b76f08e351910adc61,vocals,fake,fft,001_Lachimi Na Chinni Lachimi.mp3_vocals.wav,16,10
4cc0f881017db6152d6760767cc72242,vocals,fake,fft,001_Lachimi Na Chinni Lachimi.mp3_vocals.wav,17,10
31f545013a9962e161ed5afb78caaf77,vocals,fake,fft,001_Lachimi Na Chinni Lachimi.mp3_vocals.wav,18,10
76f26d86289fb82b84e7a9194b4bbaa8,vocals,fake,fft,001_Lachimi Na Chinni Lachimi.mp3_vocals.wav,19,10
8932af35ea3e3f6b6a53179f28060ed0,vocals,fake,fft,001_Lachimi Na Chinni Lachimi.mp3_vocals.wav,20,10
4de5b0142aec34b68fc714293870dbf9,vocals,fake,fft,001_Lachimi Na Chinni Lachimi.mp3_vocals.wav,21,10
b69bdcd311e90dc45b3a092c1fe6c082,vocals,fake,fft,001_Lachimi Na Chinni Lachimi.mp3_vocals.wav,22,10
dde7ca291ebe844fe3c26a7cb08bbde6,vocals,fake,fft,001_Lachimi Na Chinni Lachimi.mp3_vocals.wav,23,10
c3fe30d8e0069420a2189f6dfe930dad,vocals,fake,fft,001_Lachimi Na Chinni Lachimi.mp3_vocals.wav,24,10
d85c5ec3283612557e8a65c338b192a5,vocals,fake,fft,001_Lachimi Na Chinni Lachimi.mp3_vocals.wav,25,10
d793d018186cc92693f4d2d169cf1068,vocals,fake,fft,001_Lachimi Na Chinni Lachimi.mp3_vocals.wav,26,10
f2919ebd812b4b40166e61b714d3f15c,vocals,fake,fft,002_Nee Valla O Pilla.mp3_vocals.wav,0,10
ddae2b59e68cf9aa56b7844b8ec33ab4,vocals,fake,fft,002_Nee Valla O Pilla.mp3_vocals.wav,1,10
919328ce2ea95737573adfcc714da7e7,vocals,fake,fft,002_Nee Valla O Pilla.mp3_vocals.wav,2,10
f38d72a21c8fc7186d621652637134c6,vocals,fake,fft,002_Nee Valla O Pilla.mp3_vocals.wav,3,10
4b9510b25b67cfcc878bdb97ebcf3146,vocals,fake,fft,004_Bavalla Na Bavalla.mp3_vocals.wav,0,10
6071457c5f86f75e0e3f0574f7870eeb,vocals,fake,fft,004_Bavalla Na Bavalla.mp3_vocals.wav,1,10
94d30e13d7ba205e6dcd25a7fb63acaf,vocals,fake,fft,004_Bavalla Na Bavalla.mp3_vocals.wav,2,10
158a63ffdcfd0ce1ac43291bdde44343,vocals,fake,fft,004_Bavalla Na Bavalla.mp3_vocals.wav,3,10
bc635ed256c00d1bcb9309ad85c9ed49,vocals,fake,fft,004_Bavalla Na Bavalla.mp3_vocals.wav,4,10
6b58ecb7177dc98ded10dcaf94e2cab6,vocals,fake,fft,004_Bavalla Na Bavalla.mp3_vocals.wav,5,10
410c4c431264168dff5f7f8452b3f9c6,vocals,fake,fft,004_Bavalla Na Bavalla.mp3_vocals.wav,6,10
1e0b58fb728b5c78c2ed47dbffe9875e,vocals,fake,fft,004_Bavalla Na Bavalla.mp3_vocals.wav,7,10
b16f9a669364ddcdb9c13c76c45baa23,vocals,fake,fft,004_Bavalla Na Bavalla.mp3_vocals.wav,8,10
d88f470368840ea40392dd56a855e944,vocals,fake,fft,004_Bavalla Na Bavalla.mp3_vocals.wav,9,10
4322d1a7cc02d1172205efb778fb113a,vocals,fake,fft,004_Bavalla Na Bavalla.mp3_vocals.wav,10,10
7bd304712538b5f18336b0d89b30652b,vocals,fake,fft,004_Bavalla Na Bavalla.mp3_vocals.wav,11,10
b33f7e045b68883c684a651cd74d1f45,vocals,fake,fft,004_Bavalla Na Bavalla.mp3_vocals.wav,12,10
097aae64430feefcb1cf9226f61e7cce,vocals,fake,fft,004_Bavalla Na Bavalla.mp3_vocals.wav,13,10
557869de07e60b1480fe314f16e83bda,vocals,fake,fft,004_Bavalla Na Bavalla.mp3_vocals.wav,14,10
af0532454a6c9b7118d7884e80e56967,vocals,fake,fft,004_Bavalla Na Bavalla.mp3_vocals.wav,15,10
84e2e3202c58782262d0d0cecb2ff9d3,vocals,fake,fft,004_Bavalla Na Bavalla.mp3_vocals.wav,16,10
710b16b37840a37ab3b1a67273fbe4dc,vocals,fake,fft,004_Bavalla Na Bavalla.mp3_vocals.wav,17,10
50472442c9fd096cc7ca2cbc80b7097c,vocals,fake,fft,004_Bavalla Na Bavalla.mp3_vocals.wav,18,10
c0d66976b796f5276db0730c8c90e160,vocals,fake,fft,004_Bavalla Na Bavalla.mp3_vocals.wav,19,10
b170302310269c036b93b718f33b5116,vocals,fake,fft,004_Bavalla Na Bavalla.mp3_vocals.wav,20,10
31f98cc5d664577903698a24c4a82047,vocals,fake,fft,004_Bavalla Na Bavalla.mp3_vocals.wav,21,10
5e419f7137aa66ac7cedd5778342db2e,vocals,fake,fft,009_Allahe Allaha.mp3_vocals.wav,0,10
492ae0f9c71f11e05ad7ee304a023a83,vocals,fake,fft,009_Allahe Allaha.mp3_vocals.wav,1,10
e46f8e20e157525c93a1693be3e50872,vocals,fake,fft,009_Allahe Allaha.mp3_vocals.wav,2,10
86a9a5e9cdf5512eaf7688f751668b5f,vocals,fake,fft,009_Allahe Allaha.mp3_vocals.wav,3,10
ef0f2e26a82844284191b38d1da2da34,vocals,fake,fft,009_Allahe Allaha.mp3_vocals.wav,4,10
33dc6ae1fffe0d873caac2142f528f57,vocals,fake,fft,009_Allahe Allaha.mp3_vocals.wav,5,10
f89c4fdcb70d2602fdaa00667eaf69b9,vocals,fake,fft,009_Allahe Allaha.mp3_vocals.wav,6,10
b0e9c2eabee972d81beb07902ddd4cc2,vocals,fake,fft,009_Allahe Allaha.mp3_vocals.wav,7,10
e3ae604923017266a19a51b2a44783ff,vocals,fake,fft,009_Allahe Allaha.mp3_vocals.wav,8,10
90e6319071f70703c1a70135ab7c0e38,vocals,fake,fft,009_Allahe Allaha.mp3_vocals.wav,9,10
87fcaee4651d625131942358d35f9e0e,vocals,fake,fft,009_Allahe Allaha.mp3_vocals.wav,10,10
6ff9ea2ac5c1098dcf30a35df3e054e6,vocals,fake,fft,009_Allahe Allaha.mp3_vocals.wav,11,10
4652cda48884f7ab81fd4510c4d27976,vocals,fake,fft,009_Allahe Allaha.mp3_vocals.wav,12,10
d4c8b88931964940a8b428d940a41b44,vocals,fake,fft,009_Allahe Allaha.mp3_vocals.wav,13,10
1642c6dad66bfbdce7f3ecf67449abba,vocals,fake,fft,009_Allahe Allaha.mp3_vocals.wav,14,10
0e0497990ef719a376a29e4403db770f,vocals,fake,fft,009_Allahe Allaha.mp3_vocals.wav,15,10
8bc6eaff4078dc709b58752eea1bbba7,vocals,fake,fft,009_Allahe Allaha.mp3_vocals.wav,16,10
ab98304f90793506ef7d3f25db846eca,vocals,fake,fft,009_Allahe Allaha.mp3_vocals.wav,17,10
540982b9384b1d9451d6db493dfedde1,vocals,fake,fft,009_Allahe Allaha.mp3_vocals.wav,18,10
999b934008f1e125cf9f857f77c99202,vocals,fake,fft,009_Allahe Allaha.mp3_vocals.wav,19,10
6fd2645b26dd9db1321fc152c74ea745,vocals,fake,fft,009_Allahe Allaha.mp3_vocals.wav,20,10
8452ca6bd7e8a3e809a2dc849bdc1e5d,vocals,fake,fft,009_Allahe Allaha.mp3_vocals.wav,21,10
cd9d91acc26cbdd4b0837c29de2875fd,vocals,fake,fft,009_Allahe Allaha.mp3_vocals.wav,22,10
be3adeb522131e8d8268e517337b9daa,vocals,fake,fft,009_Allahe Allaha.mp3_vocals.wav,23,10
3443670b2dfd64f0155924027f3a033a,vocals,fake,fft,009_Allahe Allaha.mp3_vocals.wav,24,10
d3ae799d9ab1afccbb4ba53835bd5961,vocals,fake,fft,009_Allahe Allaha.mp3_vocals.wav,25,10
4b22b0a600a61234f13027ab3de5c211,vocals,fake,fft,010_Nindu Punammi Vela.mp3_vocals.wav,0,10
46fdb1df68a0fbd7249dd82db8ef5021,vocals,fake,fft,010_Nindu Punammi Vela.mp3_vocals.wav,1,10
2794c312a1d5887889cffccfccf855f4,vocals,fake,fft,010_Nindu Punammi Vela.mp3_vocals.wav,2,10
7f93e227e7d0fe1a435c14a18391ab47,vocals,fake,fft,010_Nindu Punammi Vela.mp3_vocals.wav,3,10
fc038b552eca64b05dbb5753b4a2b951,vocals,fake,fft,010_Nindu Punammi Vela.mp3_vocals.wav,4,10
308fd390082ec86d02f30ac0ad4d0ca9,vocals,fake,fft,010_Nindu Punammi Vela.mp3_vocals.wav,5,10
e52f440199f9361001467a20319a2200,vocals,fake,fft,010_Nindu Punammi Vela.mp3_vocals.wav,6,10
e633d1d3f0a2a352c8022930dbd5bfb4,vocals,fake,fft,010_Nindu Punammi Vela.mp3_vocals.wav,7,10
c22826e49142bb2fdec445a7e934df8c,vocals,fake,fft,010_Nindu Punammi Vela.mp3_vocals.wav,8,10
9f5d25900f523a869acddadc3270eacd,vocals,fake,fft,011_Vintunna O Pilla.mp3_vocals.wav,0,10
b59df06fd319520118c391c11ab24474,vocals,fake,fft,011_Vintunna O Pilla.mp3_vocals.wav,1,10
975e9b3278a43642d59fdda8eea1c9dc,vocals,fake,fft,011_Vintunna O Pilla.mp3_vocals.wav,2,10
fd877a9be8fc1f70f1f03e74097ebbd3,vocals,fake,fft,011_Vintunna O Pilla.mp3_vocals.wav,3,10
56b40ab7a924f2ee23a8378061d36cdc,vocals,fake,fft,011_Vintunna O Pilla.mp3_vocals.wav,4,10
6989ba76f5c011fad9f357bfc8d89c00,vocals,fake,fft,011_Vintunna O Pilla.mp3_vocals.wav,5,10
a08f7b4bd8887b2b95a71645bd658507,vocals,fake,fft,011_Vintunna O Pilla.mp3_vocals.wav,6,10
2e341e1e992a95f063fcf89ab3ef2dc5,vocals,fake,fft,011_Vintunna O Pilla.mp3_vocals.wav,7,10
bdf4f42212cb940eebfe113d1a247282,vocals,fake,fft,011_Vintunna O Pilla.mp3_vocals.wav,8,10
f9589400721d9f6be05213a2bac44a99,vocals,fake,fft,011_Vintunna O Pilla.mp3_vocals.wav,9,10
dbe3496e44f6578fbe437e535c1fe352,vocals,fake,fft,011_Vintunna O Pilla.mp3_vocals.wav,10,10
09d4f785c80aac4e84fe8b7e1a7107da,vocals,fake,fft,011_Vintunna O Pilla.mp3_vocals.wav,11,10
dd7e619b71b76fd7078b8d2f0b156037,vocals,fake,fft,011_Vintunna O Pilla.mp3_vocals.wav,12,10
fb8f5f4b7fc7f1d1a5bc2d54af037d1c,vocals,fake,fft,011_Vintunna O Pilla.mp3_vocals.wav,13,10
2ccf4d3434f284873dbe5bfc373aeb15,vocals,fake,fft,011_Vintunna O Pilla.mp3_vocals.wav,14,10
68ad9693db5d92d1e6e832adf10450d2,vocals,fake,fft,011_Vintunna O Pilla.mp3_vocals.wav,15,10
281daf2565a785db3bfa800c32437459,vocals,fake,fft,011_Vintunna O Pilla.mp3_vocals.wav,16,10
8a249da783b359dddfec03c750471baf,vocals,fake,fft,011_Vintunna O Pilla.mp3_vocals.wav,17,10
c053a5c4935dee901e5f4052ef26c5d9,vocals,fake,fft,011_Vintunna O Pilla.mp3_vocals.wav,18,10
6eff36dea3f9612526bf18ec870caa3d,vocals,fake,fft,011_Vintunna O Pilla.mp3_vocals.wav,19,10
5ee9a9146d37a71dedc09daa92d6478c,vocals,fake,fft,011_Vintunna O Pilla.mp3_vocals.wav,20,10
ea5b15b9f9c3d76e6f7c6f080604abd3,vocals,fake,fft,011_Vintunna O Pilla.mp3_vocals.wav,21,10
3d6acb40841472998c7575480bc481f4,vocals,fake,fft,011_Vintunna O Pilla.mp3_vocals.wav,22,10
8f05d092e716f1084dda89408d0a7fa6,vocals,fake,fft,011_Vintunna O Pilla.mp3_vocals.wav,23,10
f64234335ad0958bb4e882934c683c42,vocals,fake,fft,011_Vintunna O Pilla.mp3_vocals.wav,24,10
6738f9f2601f792dea7582efb78fed57,vocals,fake,fft,011_Vintunna O Pilla.mp3_vocals.wav,25,10
5a579c7dcca97c3bb55bd7c74344cafb,vocals,fake,fft,012_Sinna Sinnaga.mp3_vocals.wav,0,10
d950d3871eb561a6ee8778ab36409d0a,vocals,fake,fft,012_Sinna Sinnaga.mp3_vocals.wav,1,10
8f00e8f4dc248890f3a906b2f6a3341a,vocals,fake,fft,012_Sinna Sinnaga.mp3_vocals.wav,2,10
f4b99ba518eb0608b9380a04a2e4b25c,vocals,fake,fft,012_Sinna Sinnaga.mp3_vocals.wav,3,10
9153c9b6636031e0304f19768a93ff22,vocals,fake,fft,012_Sinna Sinnaga.mp3_vocals.wav,4,10
73500481112d664359835ae0572804ae,vocals,fake,fft,012_Sinna Sinnaga.mp3_vocals.wav,5,10
a79bd37efb81571f470b9b6bf18b364f,vocals,fake,fft,012_Sinna Sinnaga.mp3_vocals.wav,6,10
15c3349beb34c27def728091b0e035ec,vocals,fake,fft,012_Sinna Sinnaga.mp3_vocals.wav,7,10
d6b73e9829837a5f74d31dd9658ee761,vocals,fake,fft,012_Sinna Sinnaga.mp3_vocals.wav,8,10
41966db3b069663616882a5bf1caa6f4,vocals,fake,fft,012_Sinna Sinnaga.mp3_vocals.wav,9,10
0f5f78eaaafdd7160c4be48e1260210a,vocals,fake,fft,012_Sinna Sinnaga.mp3_vocals.wav,10,10
1e46ec6642194f6d1b64630842508cfb,vocals,fake,fft,012_Sinna Sinnaga.mp3_vocals.wav,11,10
0bed1ba1c47f1c191f8fd266b859d57d,vocals,fake,fft,012_Sinna Sinnaga.mp3_vocals.wav,12,10
6a936a499e41c8aa9dff956e2b362de3,vocals,fake,fft,012_Sinna Sinnaga.mp3_vocals.wav,13,10
3f81a4425d88a3e03c5b1e7cc5588d3c,vocals,fake,fft,012_Sinna Sinnaga.mp3_vocals.wav,14,10
9bbd85d14a4c77d33de3561b6d9b016b,vocals,fake,fft,012_Sinna Sinnaga.mp3_vocals.wav,15,10
666f8ba01a031caa7faec90cbffd54ab,vocals,fake,fft,012_Sinna Sinnaga.mp3_vocals.wav,16,10
4268839e67fe11c350e0bbf7b4acdee7,vocals,fake,fft,012_Sinna Sinnaga.mp3_vocals.wav,17,10
762bf6482edc6a6584bd8e7ad59c56cc,vocals,fake,fft,012_Sinna Sinnaga.mp3_vocals.wav,18,10
2a9d80854bde6afc353cb2b943946f49,vocals,fake,fft,012_Sinna Sinnaga.mp3_vocals.wav,19,10
b05d7efba87cb7a3dfef479e0eadf320,vocals,fake,fft,012_Sinna Sinnaga.mp3_vocals.wav,20,10
92612f11bfae99e06656f3db132db477,vocals,fake,fft,012_Sinna Sinnaga.mp3_vocals.wav,21,10
2b84d5e4ebda4592cd709cfc14f46cb8,vocals,fake,fft,012_Sinna Sinnaga.mp3_vocals.wav,22,10
d9ae81256458c57e3c5a94c1152b1909,vocals,fake,fft,012_Sinna Sinnaga.mp3_vocals.wav,23,10
ef7c34c5ad5c72ccd3d4b0c9a0f5a2ab,vocals,fake,fft,016_Rave Bangaru Bomma.mp3_vocals.wav,0,10
e2f21afe67f468ec6e973134379a167a,vocals,fake,fft,016_Rave Bangaru Bomma.mp3_vocals.wav,1,10
6900cde910166326d654d67f11b680a4,vocals,fake,fft,016_Rave Bangaru Bomma.mp3_vocals.wav,2,10
4b2e76d00af0f8dd1a48b31f7601271e,vocals,fake,fft,016_Rave Bangaru Bomma.mp3_vocals.wav,3,10
5c4b9817c3982f5ba244e27fceb9e4cc,vocals,fake,fft,016_Rave Bangaru Bomma.mp3_vocals.wav,4,10
efbc158ebdb536ebb166e5864a089c92,vocals,fake,fft,016_Rave Bangaru Bomma.mp3_vocals.wav,5,10
7ff9e123382804520116e2b9e7296732,vocals,fake,fft,016_Rave Bangaru Bomma.mp3_vocals.wav,6,10
3291b0aab790c6d9c03051bd8021c1e7,vocals,fake,fft,016_Rave Bangaru Bomma.mp3_vocals.wav,7,10
b2e25764fd77fc245dc11a44720b985b,vocals,fake,fft,016_Rave Bangaru Bomma.mp3_vocals.wav,8,10
1611504d004e5e878ebce667d0b6fa6a,vocals,fake,fft,016_Rave Bangaru Bomma.mp3_vocals.wav,9,10
7b1a9824e258b686092ca9a7c03b5a91,vocals,fake,fft,016_Rave Bangaru Bomma.mp3_vocals.wav,10,10
7f14e0e5fc3c6df955b061812c575c27,vocals,fake,fft,016_Rave Bangaru Bomma.mp3_vocals.wav,11,10
cd2ad49e7d006443b45bb4f10fa21fb7,vocals,fake,fft,016_Rave Bangaru Bomma.mp3_vocals.wav,12,10
7197766dfae842c65b5b77c50d03db87,vocals,fake,fft,016_Rave Bangaru Bomma.mp3_vocals.wav,13,10
f713cf6e025a77dd80f4fff90ec139e3,vocals,fake,fft,016_Rave Bangaru Bomma.mp3_vocals.wav,14,10
b25225eda340fb8f58a4a9d60afd4291,vocals,fake,fft,016_Rave Bangaru Bomma.mp3_vocals.wav,15,10
768a0372f94623df932f2828ddcab831,vocals,fake,fft,016_Rave Bangaru Bomma.mp3_vocals.wav,16,10
67de058092ccc7d993a200d92a554cdf,vocals,fake,fft,016_Rave Bangaru Bomma.mp3_vocals.wav,17,10
1dca574272402cf693f6173067183ee8,vocals,fake,fft,016_Rave Bangaru Bomma.mp3_vocals.wav,18,10
af7e070214f84fa418d1cd80f794caa4,vocals,fake,fft,016_Rave Bangaru Bomma.mp3_vocals.wav,19,10
6367329af4c00f873a69278352bc16ec,vocals,fake,fft,016_Rave Bangaru Bomma.mp3_vocals.wav,20,10
64d884e61bc55eeac942cb107a4efe3d,vocals,fake,fft,016_Rave Bangaru Bomma.mp3_vocals.wav,21,10
9887a6832a4b7def9a1914a269357a3d,vocals,fake,fft,018_Sudaradhe Prameela.mp3_vocals.wav,0,10
9c84795f607e3bc1d6d3ef3368bb3b45,vocals,fake,fft,018_Sudaradhe Prameela.mp3_vocals.wav,1,10
8d1d92b47d392faa014846713f165623,vocals,fake,fft,018_Sudaradhe Prameela.mp3_vocals.wav,2,10
f2c094f1cd77fa8dc3deec45df18a6d3,vocals,fake,fft,018_Sudaradhe Prameela.mp3_vocals.wav,3,10
6690fc9a09a29b51a08f1635f4350858,vocals,fake,fft,018_Sudaradhe Prameela.mp3_vocals.wav,4,10
9ffe18c8dbb61e06d86e99bd3796a2f6,vocals,fake,fft,018_Sudaradhe Prameela.mp3_vocals.wav,5,10
b089636efa2e155cfc5631dc1eebd562,vocals,fake,fft,018_Sudaradhe Prameela.mp3_vocals.wav,6,10
a2a94424aed75d1b2069d14bfe3e01ea,vocals,fake,fft,018_Sudaradhe Prameela.mp3_vocals.wav,7,10
fa83b40cd55e66130039e188bc781768,vocals,fake,fft,018_Sudaradhe Prameela.mp3_vocals.wav,8,10
411959c947694b2c734e8b5609c5bff1,vocals,fake,fft,018_Sudaradhe Prameela.mp3_vocals.wav,9,10
a4bb5179d01adb70b0f171f2e90e96f7,vocals,fake,fft,018_Sudaradhe Prameela.mp3_vocals.wav,10,10
a8b19bd6fad71c88693aca6470ee22ba,vocals,fake,fft,018_Sudaradhe Prameela.mp3_vocals.wav,11,10
465ea0b0604aee3cefebff2c04cc9ed4,vocals,fake,fft,018_Sudaradhe Prameela.mp3_vocals.wav,12,10
2caab2390cdd5546b183ac5789690ea0,vocals,fake,fft,018_Sudaradhe Prameela.mp3_vocals.wav,13,10
5b77202bea61cc4079fc0cf585e8323d,vocals,fake,fft,018_Sudaradhe Prameela.mp3_vocals.wav,14,10
f62802de7befb269ac9e949236343f2d,vocals,fake,fft,018_Sudaradhe Prameela.mp3_vocals.wav,15,10
7d3f91dca56aae1cf10c6b700ae1aaae,vocals,fake,fft,018_Sudaradhe Prameela.mp3_vocals.wav,16,10
d53e35e770b58803e143877ec54999db,vocals,fake,fft,018_Sudaradhe Prameela.mp3_vocals.wav,17,10
73fc927b13f4e6b90ef34e788add0fb3,vocals,fake,fft,018_Sudaradhe Prameela.mp3_vocals.wav,18,10
d67be50762a0f5d3ea7a9cae8c7b726e,vocals,fake,fft,018_Sudaradhe Prameela.mp3_vocals.wav,19,10
49e9a8edbf400d0ce24348e46d697e7c,vocals,fake,fft,018_Sudaradhe Prameela.mp3_vocals.wav,20,10
491166df27c9618bd2e56b7158c9b86e,vocals,fake,fft,018_Sudaradhe Prameela.mp3_vocals.wav,21,10
df25bdb9603d8f74a8ebc80102891eb6,vocals,fake,fft,018_Sudaradhe Prameela.mp3_vocals.wav,22,10
04a3f0faf6ecf17d3e074072450080af,vocals,fake,fft,018_Sudaradhe Prameela.mp3_vocals.wav,23,10
bb924da2e7d236dddd41e0235ed2fd8c,vocals,fake,fft,018_Sudaradhe Prameela.mp3_vocals.wav,24,10
b78f343d85f126318eb2ba2e920c91c8,vocals,fake,fft,018_Sudaradhe Prameela.mp3_vocals.wav,25,10
87b33d3115fc0846c3d5fa86e738f853,vocals,fake,fft,020_Pushpa.mp3_vocals.wav,0,10
c9eab3c1e9610fdf63155835ab47bcbc,vocals,fake,fft,020_Pushpa.mp3_vocals.wav,1,10
e870a388fe8edb3b0e46d69f6a3aa181,vocals,fake,fft,020_Pushpa.mp3_vocals.wav,2,10
651a9eddfea2f5b6e07b64043153d5ed,vocals,fake,fft,020_Pushpa.mp3_vocals.wav,3,10
a967d8e659b7e255586cd005af596c04,vocals,fake,fft,020_Pushpa.mp3_vocals.wav,4,10
99d16166496c4e4f212ea1d4a584d11b,vocals,fake,fft,020_Pushpa.mp3_vocals.wav,5,10
50d2a7871f19a3eef111979a0bde45ff,vocals,fake,fft,020_Pushpa.mp3_vocals.wav,6,10
42de3945976c8328f955687326a54655,vocals,fake,fft,020_Pushpa.mp3_vocals.wav,7,10
8cd8b7fd5ba17763abc2e2e631b55e04,vocals,fake,fft,020_Pushpa.mp3_vocals.wav,8,10
234b5e500d9481c4867ac4e7aef9d726,vocals,fake,fft,020_Pushpa.mp3_vocals.wav,9,10
79829f1621dd4d521454199d6461df7e,vocals,fake,fft,020_Pushpa.mp3_vocals.wav,10,10
67708535ae0c2c3fbf0be4655aff07f9,vocals,fake,fft,020_Pushpa.mp3_vocals.wav,11,10
da6d2ff506f643aeb9a011c7f5d52425,vocals,fake,fft,020_Pushpa.mp3_vocals.wav,12,10
db2d0469db7407e62ff0dd027ad2b925,vocals,fake,fft,020_Pushpa.mp3_vocals.wav,13,10
a7fdb349fd2d15b5554181436b003303,vocals,fake,fft,020_Pushpa.mp3_vocals.wav,14,10
64075dded31d7d6505d3c51e4b5aff08,vocals,fake,fft,020_Pushpa.mp3_vocals.wav,15,10
86ba5686ed3c86cbe9b908ff3a3cde56,vocals,fake,fft,022_SENIGA CHENLA NILABADI CHETHULIYAVE.mp3_vocals.wav,0,10
2409715d81b83cbd33733c14949ab98b,vocals,fake,fft,022_SENIGA CHENLA NILABADI CHETHULIYAVE.mp3_vocals.wav,1,10
8b7d9cd07e66db649975bf737f7bf0c5,vocals,fake,fft,022_SENIGA CHENLA NILABADI CHETHULIYAVE.mp3_vocals.wav,2,10
dcf0cf2e1f6e9a3da9ad5145fc477b50,vocals,fake,fft,022_SENIGA CHENLA NILABADI CHETHULIYAVE.mp3_vocals.wav,3,10
f15a6facb7226de3770aababd26e4740,vocals,fake,fft,022_SENIGA CHENLA NILABADI CHETHULIYAVE.mp3_vocals.wav,4,10
6c57767dfb5f43c6db1bf472da2db28f,vocals,fake,fft,022_SENIGA CHENLA NILABADI CHETHULIYAVE.mp3_vocals.wav,5,10
52eeaf5da9adbd9ae2d4e3ef967ec5e5,vocals,fake,fft,022_SENIGA CHENLA NILABADI CHETHULIYAVE.mp3_vocals.wav,6,10
da700f4b56ee170e8d0ddc08adb703b5,vocals,fake,fft,022_SENIGA CHENLA NILABADI CHETHULIYAVE.mp3_vocals.wav,7,10
b87e443b1ec963ba2e392e03fb5c1911,vocals,fake,fft,022_SENIGA CHENLA NILABADI CHETHULIYAVE.mp3_vocals.wav,8,10
7fa1c3c3d814809de4376a5f9c036c82,vocals,fake,fft,022_SENIGA CHENLA NILABADI CHETHULIYAVE.mp3_vocals.wav,9,10
3c63f238cfc5bdf2f43e0ed5844fe9b5,vocals,fake,fft,022_SENIGA CHENLA NILABADI CHETHULIYAVE.mp3_vocals.wav,10,10
9b26c552c50b094ee7ea4f00b4b1cb82,vocals,fake,fft,022_SENIGA CHENLA NILABADI CHETHULIYAVE.mp3_vocals.wav,11,10
293ce5ede070dcce0b79c6057aac9a00,vocals,fake,fft,022_SENIGA CHENLA NILABADI CHETHULIYAVE.mp3_vocals.wav,12,10
e5c785c50b191f9597d648bca55b6d38,vocals,fake,fft,022_SENIGA CHENLA NILABADI CHETHULIYAVE.mp3_vocals.wav,13,10
b4922392202bbe93e48494829b5b7376,vocals,fake,fft,022_SENIGA CHENLA NILABADI CHETHULIYAVE.mp3_vocals.wav,14,10
8a439fad2836f7f3598bfba9a7a594d8,vocals,fake,fft,022_SENIGA CHENLA NILABADI CHETHULIYAVE.mp3_vocals.wav,15,10
0b509f7d7b430f79c9cde2cb3d071f22,vocals,fake,fft,022_SENIGA CHENLA NILABADI CHETHULIYAVE.mp3_vocals.wav,16,10
0b89f03e50e94740366e34d1cc2e6cf2,vocals,fake,fft,022_SENIGA CHENLA NILABADI CHETHULIYAVE.mp3_vocals.wav,17,10
c1516926a4b8379952d8ca7237102b37,vocals,fake,fft,022_SENIGA CHENLA NILABADI CHETHULIYAVE.mp3_vocals.wav,18,10
4c8f514297873bf4cb57e3481cb4109d,vocals,fake,fft,022_SENIGA CHENLA NILABADI CHETHULIYAVE.mp3_vocals.wav,19,10
642395155db5d09d20edbb5e6576b094,vocals,fake,fft,022_SENIGA CHENLA NILABADI CHETHULIYAVE.mp3_vocals.wav,20,10
768dbde99c73eec258e5f6f39f3ffd73,vocals,fake,fft,022_SENIGA CHENLA NILABADI CHETHULIYAVE.mp3_vocals.wav,21,10
192db618fb5648f72764a7004fbbbf56,vocals,fake,fft,022_SENIGA CHENLA NILABADI CHETHULIYAVE.mp3_vocals.wav,22,10
b58854590ffb7c045e6034339653c513,vocals,fake,fft,022_SENIGA CHENLA NILABADI CHETHULIYAVE.mp3_vocals.wav,23,10
a6e0813da9c50560255b42be339132bb,vocals,fake,fft,022_SENIGA CHENLA NILABADI CHETHULIYAVE.mp3_vocals.wav,24,10
e9f3e6389dfb7a595512d3176c120144,vocals,fake,fft,023_UDUKUDUKU ROTTELU.mp3_vocals.wav,0,10
de28d73e735737963fe5355d0d884c0a,vocals,fake,fft,023_UDUKUDUKU ROTTELU.mp3_vocals.wav,1,10
f46c54789550f610791a6299e0d0c5f8,vocals,fake,fft,023_UDUKUDUKU ROTTELU.mp3_vocals.wav,2,10
d591f33af1492d715e85f3b2762c779c,vocals,fake,fft,023_UDUKUDUKU ROTTELU.mp3_vocals.wav,3,10
4778798ae25a004c9c7d0fd344a13bb3,vocals,fake,fft,023_UDUKUDUKU ROTTELU.mp3_vocals.wav,4,10
30b912e22eb34f0977a4a6be592b9214,vocals,fake,fft,023_UDUKUDUKU ROTTELU.mp3_vocals.wav,5,10
a6ed21765fb918e292d436bbce0cfaf3,vocals,fake,fft,023_UDUKUDUKU ROTTELU.mp3_vocals.wav,6,10
75a1d092292d0d9b223cfe35c9b8e59f,vocals,fake,fft,023_UDUKUDUKU ROTTELU.mp3_vocals.wav,7,10
a956758a8b18a6993354749f8190ebbe,vocals,fake,fft,023_UDUKUDUKU ROTTELU.mp3_vocals.wav,8,10
93d3b64306534ed031fd043dd5d4c69d,vocals,fake,fft,023_UDUKUDUKU ROTTELU.mp3_vocals.wav,9,10
4ef79aa3d90867bfc7b5fd76b81bc39b,vocals,fake,fft,023_UDUKUDUKU ROTTELU.mp3_vocals.wav,10,10
a47b2d160574daeb09c607bba82e7b26,vocals,fake,fft,023_UDUKUDUKU ROTTELU.mp3_vocals.wav,11,10
f54080cf2afdd03905aca608eef78e7d,vocals,fake,fft,023_UDUKUDUKU ROTTELU.mp3_vocals.wav,12,10
d60509d5318a971f76b68aebfa2d37c3,vocals,fake,fft,023_UDUKUDUKU ROTTELU.mp3_vocals.wav,13,10
d8154122e3b1acad9755a4eb4b08845b,vocals,fake,fft,023_UDUKUDUKU ROTTELU.mp3_vocals.wav,14,10
4ade3679d01bca5b22c4cc6a9ac3be14,vocals,fake,fft,023_UDUKUDUKU ROTTELU.mp3_vocals.wav,15,10
7bf9e7fd52b16d93f0f7a26477b70b63,vocals,fake,fft,023_UDUKUDUKU ROTTELU.mp3_vocals.wav,16,10
067f2818f37bb589fe0b4e7e92fe3ef4,vocals,fake,fft,023_UDUKUDUKU ROTTELU.mp3_vocals.wav,17,10
7efff71440c4c46a68f8cff9ce8d295f,vocals,fake,fft,024_Andala Aparanji.mp3_vocals.wav,0,10
906b48c8364db4f077ce91fd3db74097,vocals,fake,fft,024_Andala Aparanji.mp3_vocals.wav,1,10
966834e616e30a199d7fc69f5f550338,vocals,fake,fft,024_Andala Aparanji.mp3_vocals.wav,2,10
fe2bd75a5a6c16bc7bc3653e7099fb49,vocals,fake,fft,024_Andala Aparanji.mp3_vocals.wav,3,10
50b3e7812fc870d1e69abd7704f50c3c,vocals,fake,fft,024_Andala Aparanji.mp3_vocals.wav,4,10
5501e9662721f2be003934eeda19532e,vocals,fake,fft,024_Andala Aparanji.mp3_vocals.wav,5,10
17184528c7cc15f98cd75d2aec377445,vocals,fake,fft,024_Andala Aparanji.mp3_vocals.wav,6,10
16673f9fc591aec8d13a3ebd367b1e71,vocals,fake,fft,024_Andala Aparanji.mp3_vocals.wav,7,10
870566035b8eb849f56656b366051256,vocals,fake,fft,024_Andala Aparanji.mp3_vocals.wav,8,10
5c2c04150f9fc7924cc4393d044b58a5,vocals,fake,fft,024_Andala Aparanji.mp3_vocals.wav,9,10
71e655ff6d97a173f85b97535efa36ee,vocals,fake,fft,024_Andala Aparanji.mp3_vocals.wav,10,10
ec9d50f8d678de8c2c8bbe195dad5568,vocals,fake,fft,024_Andala Aparanji.mp3_vocals.wav,11,10
2bd2cd53e31f7e781246f6370925aeea,vocals,fake,fft,024_Andala Aparanji.mp3_vocals.wav,12,10
c400c73cc1df7509faf11e280dbdea9f,vocals,fake,fft,024_Andala Aparanji.mp3_vocals.wav,13,10
fbd86b5bda6115d8ea1edec3619811a3,vocals,fake,fft,024_Andala Aparanji.mp3_vocals.wav,14,10
95f4d852515bd6724f6effbc2d04da21,vocals,fake,fft,024_Andala Aparanji.mp3_vocals.wav,15,10
e2d7ce6f3d8061d55e03ad55fa5b8e7b,vocals,fake,fft,024_Andala Aparanji.mp3_vocals.wav,16,10
677af68714e56912b79b81867a6cd533,vocals,fake,fft,024_Andala Aparanji.mp3_vocals.wav,17,10
337ce81f6ae5e8ec532e882e368d70e8,vocals,fake,fft,024_Andala Aparanji.mp3_vocals.wav,18,10
1a8764f9bcf399cf7e9f37e03330bdda,vocals,fake,fft,024_Andala Aparanji.mp3_vocals.wav,19,10
8f9a7bd6b3903011b052af7d5747b4b1,vocals,fake,fft,024_Andala Aparanji.mp3_vocals.wav,20,10
e64975451e117d1965f08517a6cf08e7,vocals,fake,fft,024_Andala Aparanji.mp3_vocals.wav,21,10
bea969806e3d043467f1eef35de919e3,vocals,fake,fft,024_Andala Aparanji.mp3_vocals.wav,22,10
21bc003664b4e5c01ef278fdd3c82ae4,vocals,fake,fft,024_Andala Aparanji.mp3_vocals.wav,23,10
bde0ede5db9a705cd34df93a4177fd98,vocals,fake,fft,025_Ma Gallilo Okkadu Poradu.mp3_vocals.wav,0,10
d8062b9baf191abf1936de9a52243efb,vocals,fake,fft,025_Ma Gallilo Okkadu Poradu.mp3_vocals.wav,1,10
7a74a64dc4fcaa3abc3a8571a0855650,vocals,fake,fft,025_Ma Gallilo Okkadu Poradu.mp3_vocals.wav,2,10
7c823a337cb34e0c10cc92db91709835,vocals,fake,fft,025_Ma Gallilo Okkadu Poradu.mp3_vocals.wav,3,10
15a9bab3749ec1e6cb336c24c62e57b3,vocals,fake,fft,025_Ma Gallilo Okkadu Poradu.mp3_vocals.wav,4,10
21a3921a510c36291a0120ee1cc7b8f0,vocals,fake,fft,025_Ma Gallilo Okkadu Poradu.mp3_vocals.wav,5,10
5b5ec0258b2c91d75eacb08e9aa64878,vocals,fake,fft,025_Ma Gallilo Okkadu Poradu.mp3_vocals.wav,6,10
c294b3671989dc522aca5c71a6e1ac42,vocals,fake,fft,025_Ma Gallilo Okkadu Poradu.mp3_vocals.wav,7,10
d2d94bb714bc02578b64e60b4740269e,vocals,fake,fft,025_Ma Gallilo Okkadu Poradu.mp3_vocals.wav,8,10
e8aaae8bb403f8c29a131c1c61a4b662,vocals,fake,fft,025_Ma Gallilo Okkadu Poradu.mp3_vocals.wav,9,10
5db6ee6ffd62b7191d6bcbecc9a1829d,vocals,fake,fft,025_Ma Gallilo Okkadu Poradu.mp3_vocals.wav,10,10
2e43ec6978e9ada9d723a645f9215678,vocals,fake,fft,025_Ma Gallilo Okkadu Poradu.mp3_vocals.wav,11,10
cf152e427bcfeb7aa0fe4004b31b6479,vocals,fake,fft,025_Ma Gallilo Okkadu Poradu.mp3_vocals.wav,12,10
43846a745ddf121f1f486c2afd0245ad,vocals,fake,fft,025_Ma Gallilo Okkadu Poradu.mp3_vocals.wav,13,10
334b10408a8282c12a224e488204c9d1,vocals,fake,fft,025_Ma Gallilo Okkadu Poradu.mp3_vocals.wav,14,10
74f9e980bbfa610f951ec0198c0c699f,vocals,fake,fft,025_Ma Gallilo Okkadu Poradu.mp3_vocals.wav,15,10
17741c96ca13144d19bd526c928a8725,vocals,fake,fft,025_Ma Gallilo Okkadu Poradu.mp3_vocals.wav,16,10
d74c80a85b862ab0122731d711632dfe,vocals,fake,fft,025_Ma Gallilo Okkadu Poradu.mp3_vocals.wav,17,10
87f7894a82178c352a05c3c47e87f1ae,vocals,fake,fft,025_Ma Gallilo Okkadu Poradu.mp3_vocals.wav,18,10
8309b80e03866dcd502fb0f6e9ee94f3,vocals,fake,fft,025_Ma Gallilo Okkadu Poradu.mp3_vocals.wav,19,10
ccc5d5f50613d9e0b91221abdde17d01,vocals,fake,fft,025_Ma Gallilo Okkadu Poradu.mp3_vocals.wav,20,10
db52deb4e9a3b59ed8fb1014f2413fb1,vocals,fake,fft,025_Ma Gallilo Okkadu Poradu.mp3_vocals.wav,21,10
7614c4b367cf6233fe8b8171acb3a01c,vocals,fake,fft,025_Ma Gallilo Okkadu Poradu.mp3_vocals.wav,22,10
697f8d687ae3b53d1c9217ff5635704e,vocals,fake,fft,025_Ma Gallilo Okkadu Poradu.mp3_vocals.wav,23,10
937a7abf0305586fae0615b0b265db55,vocals,fake,fft,028_Nagamani.mp3_vocals.wav,0,10
8b07217b233209bdc2bc71c95b70ea47,vocals,fake,fft,028_Nagamani.mp3_vocals.wav,1,10
9c2a4a362d6d7a89f6839b3305fd7dd0,vocals,fake,fft,028_Nagamani.mp3_vocals.wav,2,10
0baac8ce6768e8f8c51f9aab5b017c24,vocals,fake,fft,028_Nagamani.mp3_vocals.wav,3,10
c418dd15f39b0e9cdb0e71b03c7bf2c1,vocals,fake,fft,028_Nagamani.mp3_vocals.wav,4,10
cd71d64bc634e36b220a512cad098c97,vocals,fake,fft,028_Nagamani.mp3_vocals.wav,5,10
729cc127c63c2e5eb1b961726afd81ed,vocals,fake,fft,028_Nagamani.mp3_vocals.wav,6,10
776a5df232f80de0f82852486120fb43,vocals,fake,fft,028_Nagamani.mp3_vocals.wav,7,10
5da1901ade85049dd63c075339473f76,vocals,fake,fft,028_Nagamani.mp3_vocals.wav,8,10
95bd879fc481618d3297b9fecec5a158,vocals,fake,fft,028_Nagamani.mp3_vocals.wav,9,10
bd553ba6be6e33c90b0e7ccb487ed83c,vocals,fake,fft,028_Nagamani.mp3_vocals.wav,10,10
37f4b5ab63976a4abc57f714d48bc674,vocals,fake,fft,028_Nagamani.mp3_vocals.wav,11,10
8571e412e5acf92c429f8fdb26099494,vocals,fake,fft,028_Nagamani.mp3_vocals.wav,12,10
91880edf9f9ca9b9b40b2e7348b3b15e,vocals,fake,fft,028_Nagamani.mp3_vocals.wav,13,10
abd8483d2c01e851712935a7aa65db9c,vocals,fake,fft,028_Nagamani.mp3_vocals.wav,14,10
3cd9a16412f470f17b8889fef62155b3,vocals,fake,fft,028_Nagamani.mp3_vocals.wav,15,10
98a74013586b6bcad4c1639b7a5b4bb6,vocals,fake,fft,028_Nagamani.mp3_vocals.wav,16,10
78f409eb4faad33a1dce76d57c8e9823,vocals,fake,fft,028_Nagamani.mp3_vocals.wav,17,10
c7e07221a42aff30b6c3cb213fc9da3c,vocals,fake,fft,028_Nagamani.mp3_vocals.wav,18,10
cb701a5f152bce8192a0dadd972e576a,vocals,fake,fft,028_Nagamani.mp3_vocals.wav,19,10
6e8c5087e69fb507a76ccd1ec17cfe2c,vocals,fake,fft,028_Nagamani.mp3_vocals.wav,20,10
6b057fb936ee28d104ef1b5aa6d03a42,vocals,fake,fft,028_Nagamani.mp3_vocals.wav,21,10
9da1ca514ad420bd938aafc4ab9b777a,vocals,fake,fft,028_Nagamani.mp3_vocals.wav,22,10
757448b511b46d84e515bf4696e8e395,vocals,fake,fft,028_Nagamani.mp3_vocals.wav,23,10
ad3e149cddc0683de6462594530ba68f,vocals,fake,fft,028_Nagamani.mp3_vocals.wav,24,10
da66a0bea28d42f5d1edb2dfbf2acb89,vocals,fake,fft,028_Nagamani.mp3_vocals.wav,25,10
8c0726f2e041502aff3b5bbe31465498,vocals,fake,fft,028_Nagamani.mp3_vocals.wav,26,10
81a324616ff3e41ba466f989ce062ba9,vocals,fake,fft,028_Nagamani.mp3_vocals.wav,27,10
36da89f0897e9964a7b94dbb7a0c782c,vocals,fake,fft,028_Nagamani.mp3_vocals.wav,28,10
34e06a2aab93fc8313e7e2cbe55ef21d,vocals,fake,fft,028_Nagamani.mp3_vocals.wav,29,10
7bb7fa036cad49178bad44daca2e8dff,vocals,fake,fft,028_Nagamani.mp3_vocals.wav,30,10
b8758f9da12385794793958813bd95b1,vocals,fake,fft,028_Nagamani.mp3_vocals.wav,31,10
6dbeee7fe33fb4c9c6c8320a702ee8b8,vocals,fake,fft,028_Nagamani.mp3_vocals.wav,32,10
35a07ce5cfe2efa2202feaae55491fc7,vocals,fake,fft,028_Nagamani.mp3_vocals.wav,33,10
9de8aa6e830ffb9c0c74f5045691dc94,vocals,fake,fft,028_Nagamani.mp3_vocals.wav,34,10
c61c6ab1c9fe8cd18ab2224e8ebb0ddb,vocals,fake,fft,028_Nagamani.mp3_vocals.wav,35,10
efc6ea467a666e2c56ec649b757b5592,vocals,fake,fft,030_Kammari Thirupathi.mp3_vocals.wav,0,10
4f32fa7e9a0ccca83ae54f2db34c0b19,vocals,fake,fft,030_Kammari Thirupathi.mp3_vocals.wav,1,10
8809a07f8d2c1d4e7cfcbcb7066f662d,vocals,fake,fft,030_Kammari Thirupathi.mp3_vocals.wav,2,10
05ddec3849aeadcb7eaea49be11e37cc,vocals,fake,fft,030_Kammari Thirupathi.mp3_vocals.wav,3,10
4d7f26f3811904d6dc9f576ae84e2c5d,vocals,fake,fft,030_Kammari Thirupathi.mp3_vocals.wav,4,10
64e53b6fe07cc74080130384fe01af06,vocals,fake,fft,030_Kammari Thirupathi.mp3_vocals.wav,5,10
749c54ab4cf559953d6b7ed7461f468b,vocals,fake,fft,030_Kammari Thirupathi.mp3_vocals.wav,6,10
4b92ebf4447446546ebb7376b842e684,vocals,fake,fft,030_Kammari Thirupathi.mp3_vocals.wav,7,10
cf5bf828bf4faf880a4ce886a9659f99,vocals,fake,fft,030_Kammari Thirupathi.mp3_vocals.wav,8,10
fd1aac620c43c9a4c101ddee628f511b,vocals,fake,fft,030_Kammari Thirupathi.mp3_vocals.wav,9,10
4441725f9c87aba438f37008cb3154c2,vocals,fake,fft,030_Kammari Thirupathi.mp3_vocals.wav,10,10
e000058e3b41fb4ef0568eeb46633afe,vocals,fake,fft,030_Kammari Thirupathi.mp3_vocals.wav,11,10
3c7dd372b64d2730cc43216ade819b1b,vocals,fake,fft,030_Kammari Thirupathi.mp3_vocals.wav,12,10
cb3838b15fdd91009c98669579562af9,vocals,fake,fft,030_Kammari Thirupathi.mp3_vocals.wav,13,10
52a467cd2e74c44851b1a6a2da255068,vocals,fake,fft,030_Kammari Thirupathi.mp3_vocals.wav,14,10
c91b35352e2721e6d32cd3adc5069e95,vocals,fake,fft,030_Kammari Thirupathi.mp3_vocals.wav,15,10
2b1ea3f9234390083f6d06d1b7299334,vocals,fake,fft,030_Kammari Thirupathi.mp3_vocals.wav,16,10
14356359065783e3c2f22605a5b60fdc,vocals,fake,fft,030_Kammari Thirupathi.mp3_vocals.wav,17,10
f3f6a5116d193b538af767ab64683af5,vocals,fake,fft,030_Kammari Thirupathi.mp3_vocals.wav,18,10
a6abd35fe5f4c4b751426928947c6bcf,vocals,fake,fft,030_Kammari Thirupathi.mp3_vocals.wav,19,10
7d66d703c20c3081d6fc6f61468e8a86,vocals,fake,fft,030_Kammari Thirupathi.mp3_vocals.wav,20,10
c9a47db21a522b774801943c72d8ac62,vocals,fake,fft,030_Kammari Thirupathi.mp3_vocals.wav,21,10
05b27e531e054d6f0819a72df0cc8105,vocals,fake,fft,030_Kammari Thirupathi.mp3_vocals.wav,22,10
4a78abc84cd6e8903012c931b62ce40f,vocals,fake,fft,030_Kammari Thirupathi.mp3_vocals.wav,23,10
f626e43e74d938be26be65533a83b669,vocals,fake,fft,030_Kammari Thirupathi.mp3_vocals.wav,24,10
4da250b0743ffb92b32992f2fab3cf3a,vocals,fake,fft,030_Kammari Thirupathi.mp3_vocals.wav,25,10
211cf38a7f099bdf3b8534ed1255a4a3,vocals,fake,fft,034_Paligiri Rajendar.mp3_vocals.wav,0,10
4c5ff5bc69857a5b9598ce54a4fb5f30,vocals,fake,fft,034_Paligiri Rajendar.mp3_vocals.wav,1,10
a89ebad28ae6906899a74c0b2da1902d,vocals,fake,fft,034_Paligiri Rajendar.mp3_vocals.wav,2,10
1c83b14599b92faed4c7292aacc02174,vocals,fake,fft,034_Paligiri Rajendar.mp3_vocals.wav,3,10
cf3d1ac5fcb104cf5678d99114878a5c,vocals,fake,fft,034_Paligiri Rajendar.mp3_vocals.wav,4,10
49cfd922e5c611e0b59fe3257d85ae89,vocals,fake,fft,034_Paligiri Rajendar.mp3_vocals.wav,5,10
49c36abeae9e626b9aa3bfb0dd320b97,vocals,fake,fft,034_Paligiri Rajendar.mp3_vocals.wav,6,10
383f851f975897279829c210a17bda3d,vocals,fake,fft,034_Paligiri Rajendar.mp3_vocals.wav,7,10
8ca9367af14d02ccac33d6511d96e3cc,vocals,fake,fft,034_Paligiri Rajendar.mp3_vocals.wav,8,10
18673fc6bbf1b077bf744c2a0b5c6b8f,vocals,fake,fft,034_Paligiri Rajendar.mp3_vocals.wav,9,10
d7e84db90f6d598fbe77ecbadc55a7e8,vocals,fake,fft,034_Paligiri Rajendar.mp3_vocals.wav,10,10
b4b1f1da5475fc5a644c166bbb7314fc,vocals,fake,fft,034_Paligiri Rajendar.mp3_vocals.wav,11,10
603ac7189a6512ff0defac218bcaa73e,vocals,fake,fft,034_Paligiri Rajendar.mp3_vocals.wav,12,10
727401aa33b95aa057256498d070d1b5,vocals,fake,fft,034_Paligiri Rajendar.mp3_vocals.wav,13,10
3cafddfd3cff392970f6b6a4a3897078,vocals,fake,fft,034_Paligiri Rajendar.mp3_vocals.wav,14,10
b60e431d7c1025d25b7b2f543d8f9bb1,vocals,fake,fft,034_Paligiri Rajendar.mp3_vocals.wav,15,10
dad34ccdf09b388f89d73520f8f7e9db,vocals,fake,fft,034_Paligiri Rajendar.mp3_vocals.wav,16,10
1b5c0ccf796332d773b0d84b45748d4b,vocals,fake,fft,034_Paligiri Rajendar.mp3_vocals.wav,17,10
ed8d09324785a10bea4b46e222e72e26,vocals,fake,fft,034_Paligiri Rajendar.mp3_vocals.wav,18,10
88637f0b7083393e60bf4c756e3fa7b9,vocals,fake,fft,034_Paligiri Rajendar.mp3_vocals.wav,19,10
44604cb190e254ccbc98d7ede06a8c2d,vocals,fake,fft,034_Paligiri Rajendar.mp3_vocals.wav,20,10
172b69ddcc6c6257ee3869db3559a899,vocals,fake,fft,034_Paligiri Rajendar.mp3_vocals.wav,21,10
12bb485f7ff7d06b1cd5e5b348ded230,vocals,fake,fft,034_Paligiri Rajendar.mp3_vocals.wav,22,10
6da3a64a56ed09018b33faf0ad927616,vocals,fake,fft,034_Paligiri Rajendar.mp3_vocals.wav,23,10
26e740a139921e132e1869a1350d4d9f,vocals,fake,fft,034_Paligiri Rajendar.mp3_vocals.wav,24,10
5d6f9e9735ed62f4f3e3c5a098f95758,vocals,fake,fft,034_Paligiri Rajendar.mp3_vocals.wav,25,10
df3862e09a9f4351c17e7d08b5b01442,vocals,fake,fft,034_Paligiri Rajendar.mp3_vocals.wav,26,10
78efba6dfd49eec08804563ea64bcbd6,vocals,fake,fft,034_Paligiri Rajendar.mp3_vocals.wav,27,10
328d8d3fffd2b341cecaa1f6e12de506,vocals,fake,fft,034_Paligiri Rajendar.mp3_vocals.wav,28,10
f01a335869af1f7e00cb713aa99e7141,vocals,fake,fft,034_Paligiri Rajendar.mp3_vocals.wav,29,10
4919fd49c01445d591a0099a335b2510,vocals,fake,fft,034_Paligiri Rajendar.mp3_vocals.wav,30,10
5876f0db071b3948763a8cea89421f8d,vocals,fake,fft,034_Paligiri Rajendar.mp3_vocals.wav,31,10
ab864fa7c8b0b253d54d261ba1c1cb98,vocals,fake,fft,034_Paligiri Rajendar.mp3_vocals.wav,32,10
2410b57ca4517c061c962f3e841b8fba,vocals,fake,fft,034_Paligiri Rajendar.mp3_vocals.wav,33,10
eef7425bd62918ae910dd43d04240778,vocals,fake,fft,034_Paligiri Rajendar.mp3_vocals.wav,34,10
ab337e8bab4c1bf452f2249d7880e7a3,vocals,fake,fft,034_Paligiri Rajendar.mp3_vocals.wav,35,10
8e1aca22947200ca87844737831171b8,vocals,fake,fft,034_Paligiri Rajendar.mp3_vocals.wav,36,10
14b08a10c1663b48b724e2177bb7cdf1,vocals,fake,fft,034_Paligiri Rajendar.mp3_vocals.wav,37,10
e6127382657cdd759e1ecf5b77ce18fb,vocals,fake,fft,034_Paligiri Rajendar.mp3_vocals.wav,38,10
11c940ace6bf8c0e547382690de6e126,vocals,fake,fft,034_Paligiri Rajendar.mp3_vocals.wav,39,10
98b820f7a61d4b78ee8b8f4416a36e3f,vocals,fake,fft,034_Paligiri Rajendar.mp3_vocals.wav,40,10
6c6fd09e56f1a102c07e3bfeb09f6f9a,vocals,fake,fft,034_Paligiri Rajendar.mp3_vocals.wav,41,10
3928f45cc0ed5e9cfdf4b526753715b2,vocals,fake,fft,034_Paligiri Rajendar.mp3_vocals.wav,42,10
6e4bd9f3bc0d83205f48476c6f289f4b,vocals,fake,fft,034_Paligiri Rajendar.mp3_vocals.wav,43,10
2ebe17fa0a1b1e5378181d8eed146252,vocals,fake,fft,034_Paligiri Rajendar.mp3_vocals.wav,44,10
fae4022950e5ee4713f650e8e5368154,vocals,fake,fft,034_Paligiri Rajendar.mp3_vocals.wav,45,10
e149cbae263d2b0790f01a297d7231fd,vocals,fake,fft,034_Paligiri Rajendar.mp3_vocals.wav,46,10
c9e245be616054cb969a1107f635072c,vocals,fake,fft,034_Paligiri Rajendar.mp3_vocals.wav,47,10
c9a68dfb213bc083712a1fb88f7efb87,vocals,fake,fft,034_Paligiri Rajendar.mp3_vocals.wav,48,10
34544cd507c98a55c145fbbbfa58c6cb,vocals,fake,fft,034_Paligiri Rajendar.mp3_vocals.wav,49,10
d9f3f51626b708cbd4fb875a57c69300,vocals,fake,fft,034_Paligiri Rajendar.mp3_vocals.wav,50,10
eeb6fa5ec645ef2a199a2daa5cb8ead7,vocals,fake,fft,034_Paligiri Rajendar.mp3_vocals.wav,51,10
3e8a9487888819c8daec98e6e5d80228,vocals,fake,fft,034_Paligiri Rajendar.mp3_vocals.wav,52,10
1ca39a354c9400c4d8b83a3cf11a67e1,vocals,fake,fft,034_Paligiri Rajendar.mp3_vocals.wav,53,10
1388a21115ed9d78e5799ccbb78c866d,vocals,fake,fft,034_Paligiri Rajendar.mp3_vocals.wav,54,10
e0332a97e1ea4b28ff64dfbe13c392d5,vocals,fake,fft,034_Paligiri Rajendar.mp3_vocals.wav,55,10
f970863585095981e592f51199e4d972,vocals,fake,fft,034_Paligiri Rajendar.mp3_vocals.wav,56,10
fc35fc072ad1b2dad5abcd5ee30da060,vocals,fake,fft,034_Paligiri Rajendar.mp3_vocals.wav,57,10
e9833373797ab40433de42c77d44e64d,vocals,fake,fft,034_Paligiri Rajendar.mp3_vocals.wav,58,10
2206b890858812681b59332b5a8f2489,vocals,fake,fft,034_Paligiri Rajendar.mp3_vocals.wav,59,10
8f9f7c247457767e5bff1f6f0c28c024,vocals,fake,fft,034_Paligiri Rajendar.mp3_vocals.wav,60,10
f6a35513c6d0e1936008b6860d1287bc,vocals,fake,fft,034_Paligiri Rajendar.mp3_vocals.wav,61,10
24c2c9130d3d288453beb0855f7a8776,vocals,fake,fft,034_Paligiri Rajendar.mp3_vocals.wav,62,10
6807fde96232409420f1a2198afb0f7b,vocals,fake,fft,034_Paligiri Rajendar.mp3_vocals.wav,63,10
e9bda87f2f6674f0b444a166c6883227,vocals,fake,fft,034_Paligiri Rajendar.mp3_vocals.wav,64,10
79874ea4f6f89c8538b3973ed00ff84c,vocals,fake,fft,034_Paligiri Rajendar.mp3_vocals.wav,65,10
aa65bb68493177cd073ee8401e0977e5,vocals,fake,fft,034_Paligiri Rajendar.mp3_vocals.wav,66,10
3af7711eab62412964d96c832fffc4e8,vocals,fake,fft,034_Paligiri Rajendar.mp3_vocals.wav,67,10
79980c278101a60c66e5a331d1da5f1a,vocals,fake,fft,034_Paligiri Rajendar.mp3_vocals.wav,68,10
790e2773b04db6e8cf790228c3e27dc5,vocals,fake,fft,034_Paligiri Rajendar.mp3_vocals.wav,69,10
b74205b5036a236dbdaed24f2eedef96,vocals,fake,fft,034_Paligiri Rajendar.mp3_vocals.wav,70,10
5f813b41300e1877ce3f51294ce5cecd,vocals,fake,fft,034_Paligiri Rajendar.mp3_vocals.wav,71,10
16df17f4a31a9619907cf8b376ecbba0,vocals,fake,fft,034_Paligiri Rajendar.mp3_vocals.wav,72,10
25cf20ad4e054ae596f38fb05b55e05a,vocals,fake,fft,034_Paligiri Rajendar.mp3_vocals.wav,73,10
584f6329418ff6f15805f749dd812bcf,vocals,fake,fft,034_Paligiri Rajendar.mp3_vocals.wav,74,10
20c46a2ab76bc7bdf4c5c3660e0ffd26,vocals,fake,fft,034_Paligiri Rajendar.mp3_vocals.wav,75,10
596e23e65343786f5e3c6e0925e83807,vocals,fake,fft,034_Paligiri Rajendar.mp3_vocals.wav,76,10
7346b63c697155448421519a2636850d,vocals,fake,fft,034_Paligiri Rajendar.mp3_vocals.wav,77,10
3a7f9fa9da14be917dc92c96ca111715,vocals,fake,fft,034_Paligiri Rajendar.mp3_vocals.wav,78,10
4bef37f81c730a703d9612937482dfad,vocals,fake,fft,034_Paligiri Rajendar.mp3_vocals.wav,79,10
76c00f373be2f631a026e2397d56de1b,vocals,fake,fft,034_Paligiri Rajendar.mp3_vocals.wav,80,10
3e362ef14ce86fe73a0b224724d451c7,vocals,fake,fft,034_Paligiri Rajendar.mp3_vocals.wav,81,10
2e9842a4f4b653c9508f0971b8d4ca39,vocals,fake,fft,034_Paligiri Rajendar.mp3_vocals.wav,82,10
8f9d80d1bbd339c4a426bb811446d0ef,vocals,fake,fft,034_Paligiri Rajendar.mp3_vocals.wav,83,10
d415f3b31f606c651940c1cca7b1129b,vocals,fake,fft,034_Paligiri Rajendar.mp3_vocals.wav,84,10
9767a824070cacc8f19f495bc7e5ed89,vocals,fake,fft,034_Paligiri Rajendar.mp3_vocals.wav,85,10
481fd2326d8c7fc040b90af759a71fb2,vocals,fake,fft,034_Paligiri Rajendar.mp3_vocals.wav,86,10
644127a5274f167f362bbf27b1ba275e,vocals,fake,fft,034_Paligiri Rajendar.mp3_vocals.wav,87,10
a11c142aa4a4bb09beb86049224b2871,vocals,fake,fft,034_Paligiri Rajendar.mp3_vocals.wav,88,10
d47cbfc6d9e666ece6f202274d20bc44,vocals,fake,fft,034_Paligiri Rajendar.mp3_vocals.wav,89,10
9a6be3ee9b7c7d66fb8c4a962cf1a799,vocals,fake,fft,034_Paligiri Rajendar.mp3_vocals.wav,90,10
89e103734524d182949755a84add2e0f,vocals,fake,fft,034_Paligiri Rajendar.mp3_vocals.wav,91,10
7d77526f7174c2e1fd1fe29654aec631,vocals,fake,fft,034_Paligiri Rajendar.mp3_vocals.wav,92,10
3a1d63de2bb798e69ae4c350ac1c0cc0,vocals,fake,fft,034_Paligiri Rajendar.mp3_vocals.wav,93,10
40f96e116e1c21ea5dbda19878bd9512,vocals,fake,fft,034_Paligiri Rajendar.mp3_vocals.wav,94,10
4c2d0bc5a541030599ce0aff9f4ddd9e,vocals,fake,fft,034_Paligiri Rajendar.mp3_vocals.wav,95,10
766ef4cf5ee23190ad62fd1b098fb6e3,vocals,fake,fft,034_Paligiri Rajendar.mp3_vocals.wav,96,10
6644cf713e0308c7020ce8dd9b10b273,vocals,fake,fft,034_Paligiri Rajendar.mp3_vocals.wav,97,10
bfa3f1e1385190c74e57906016653200,vocals,fake,fft,034_Paligiri Rajendar.mp3_vocals.wav,98,10
93518fba8f0ac756d4391dc091291029,vocals,fake,fft,034_Paligiri Rajendar.mp3_vocals.wav,99,10
1a58134e23e89a18a6faa2ceae5b40a6,vocals,fake,fft,034_Paligiri Rajendar.mp3_vocals.wav,100,10
410671441d71b2527dd5d0f556a6ef93,vocals,fake,fft,034_Paligiri Rajendar.mp3_vocals.wav,101,10
028e3dbf388f4a8e8b0a5471f0bb0c8d,vocals,fake,fft,034_Paligiri Rajendar.mp3_vocals.wav,102,10
4a0e313784ad580dc1fc58bae7357e12,vocals,fake,fft,034_Paligiri Rajendar.mp3_vocals.wav,103,10
c7a928da6fbad1b8b7206903c85c11b0,vocals,fake,fft,034_Paligiri Rajendar.mp3_vocals.wav,104,10
f0ced4e3b133297c79f9931b0b91f4f1,vocals,fake,fft,034_Paligiri Rajendar.mp3_vocals.wav,105,10
2442ed7323298663c53301c7aea7078c,vocals,fake,fft,034_Paligiri Rajendar.mp3_vocals.wav,106,10
b861ae1f079ef3db814ac692eeda1b87,vocals,fake,fft,034_Paligiri Rajendar.mp3_vocals.wav,107,10
432561cd05fa4c5ae2482c40d3863359,vocals,fake,fft,034_Paligiri Rajendar.mp3_vocals.wav,108,10
ad8f68de7a0f06972cc9ffa3b0445ea8,vocals,fake,fft,034_Paligiri Rajendar.mp3_vocals.wav,109,10
3ee96251c231fda7788c2aa3dc65f3cd,vocals,fake,fft,034_Paligiri Rajendar.mp3_vocals.wav,110,10
25ebbdffa759cfa21a0e4dee350a8298,vocals,fake,fft,034_Paligiri Rajendar.mp3_vocals.wav,111,10
4eb0e4923c4b8b9b12130a807adef70b,vocals,fake,fft,034_Paligiri Rajendar.mp3_vocals.wav,112,10
33c26c8d140fc607f573207b393ef5bd,vocals,fake,fft,034_Paligiri Rajendar.mp3_vocals.wav,113,10
decaf9d8982eaaf24998d2783da55f77,vocals,fake,fft,034_Paligiri Rajendar.mp3_vocals.wav,114,10
8496b1cab38f661bfc84e83d3b783a23,vocals,fake,fft,034_Paligiri Rajendar.mp3_vocals.wav,115,10
55f77fe8d7850671a404e48f7190d465,vocals,fake,fft,034_Paligiri Rajendar.mp3_vocals.wav,116,10
5a5c816a1dab208bd3334ee34d26b4a5,vocals,fake,fft,034_Paligiri Rajendar.mp3_vocals.wav,117,10
840dda53408b7deef2159f3f058f615a,vocals,fake,fft,034_Paligiri Rajendar.mp3_vocals.wav,118,10
c4d2bfdacc4ea36530983c71fbc738ff,vocals,fake,fft,034_Paligiri Rajendar.mp3_vocals.wav,119,10
2527523cdb516813dc2b545170784199,vocals,fake,fft,034_Paligiri Rajendar.mp3_vocals.wav,120,10
1922fb03085776590d7fd7696b281a8e,vocals,fake,fft,034_Paligiri Rajendar.mp3_vocals.wav,121,10
3f96597e26b71a091001751b770f94db,vocals,fake,fft,034_Paligiri Rajendar.mp3_vocals.wav,122,10
71afa84dfc6ab5b1f6aa8c2dd4b6731b,vocals,fake,fft,034_Paligiri Rajendar.mp3_vocals.wav,123,10
6e81ddbef159accaffdee28ec7997333,vocals,fake,fft,034_Paligiri Rajendar.mp3_vocals.wav,124,10
ec6649bb7355cd2218d00224c48112ce,vocals,fake,fft,034_Paligiri Rajendar.mp3_vocals.wav,125,10
e97be9a823304593364a8e364b4bea58,vocals,fake,fft,034_Paligiri Rajendar.mp3_vocals.wav,126,10
9fea233ecb1aab27b9b4c9317fef7022,vocals,fake,fft,034_Paligiri Rajendar.mp3_vocals.wav,127,10
d14c5184743d760ddc94f54eddca58eb,vocals,fake,fft,034_Paligiri Rajendar.mp3_vocals.wav,128,10
6cf8ac06babd5c8bd504502e4f92ee0f,vocals,fake,fft,034_Paligiri Rajendar.mp3_vocals.wav,129,10
612a8349bcb8a187f7b784e10e084f9a,vocals,fake,fft,034_Paligiri Rajendar.mp3_vocals.wav,130,10
692096178a94f2762b2e5df37b227df9,vocals,fake,fft,034_Paligiri Rajendar.mp3_vocals.wav,131,10
3437c693742811f84737d5530ca9a15e,vocals,fake,fft,034_Paligiri Rajendar.mp3_vocals.wav,132,10
129058f2fd014f9c0d4d7b205568006d,vocals,fake,fft,034_Paligiri Rajendar.mp3_vocals.wav,133,10
dd4a5e335f039d84be2ac7dc790e4f44,vocals,fake,fft,034_Paligiri Rajendar.mp3_vocals.wav,134,10
9355408050fe3252fe63f44861b6d031,vocals,fake,fft,034_Paligiri Rajendar.mp3_vocals.wav,135,10
0ea072112b1dd9fcb93caca2ba7d5a7f,vocals,fake,fft,034_Paligiri Rajendar.mp3_vocals.wav,136,10
9a3768809e13e086a99f149f0ed704a4,vocals,fake,fft,034_Paligiri Rajendar.mp3_vocals.wav,137,10
ab13ec7c5a08a4673b48815eaa45703f,vocals,fake,fft,034_Paligiri Rajendar.mp3_vocals.wav,138,10
c82db4fac6333952935997906fdce6aa,vocals,fake,fft,034_Paligiri Rajendar.mp3_vocals.wav,139,10
ac644395ec7ce2699628957a21cac6ca,vocals,fake,fft,034_Paligiri Rajendar.mp3_vocals.wav,140,10
733b83ccd4e44df7b4a008bcc4073e84,vocals,fake,fft,034_Paligiri Rajendar.mp3_vocals.wav,141,10
8ce226310f894040a75eead66be09a2a,vocals,fake,fft,034_Paligiri Rajendar.mp3_vocals.wav,142,10
2e3964598a62e8b9cd1c3c8ae89aae1e,vocals,fake,fft,034_Paligiri Rajendar.mp3_vocals.wav,143,10
f74c5fe92ce16e98e21bce645d50f496,vocals,fake,fft,034_Paligiri Rajendar.mp3_vocals.wav,144,10
b88ece3dd2fc0c1e8a2606686f7eb9bd,vocals,fake,fft,034_Paligiri Rajendar.mp3_vocals.wav,145,10
5bb03d0dc921b72bae81b1c64451453f,vocals,fake,fft,034_Paligiri Rajendar.mp3_vocals.wav,146,10
603279a6b10465bce1cecbb5ffb5eb9f,vocals,fake,fft,034_Paligiri Rajendar.mp3_vocals.wav,147,10
fc3297a74a82c92f9f9ad4d0c6423a34,vocals,fake,fft,034_Paligiri Rajendar.mp3_vocals.wav,148,10
e9e802f01b37a049ca03dbd88cb9a35c,vocals,fake,fft,034_Paligiri Rajendar.mp3_vocals.wav,149,10
a80f40da1384cabb6d8ef3d36df9f92f,vocals,fake,fft,034_Paligiri Rajendar.mp3_vocals.wav,150,10
c7142f1b6a358b1f1d7554738260d4ce,vocals,fake,fft,034_Paligiri Rajendar.mp3_vocals.wav,151,10
444cb7347579c0c979bf7daab533be51,vocals,fake,fft,034_Paligiri Rajendar.mp3_vocals.wav,152,10
f6568a0443be76e90e386e6ab422fbe7,vocals,fake,fft,034_Paligiri Rajendar.mp3_vocals.wav,153,10
65fcbcb564f829264812d74d595dd492,vocals,fake,fft,034_Paligiri Rajendar.mp3_vocals.wav,154,10
b19d2fd59e48d824a73a8858e2d4719c,vocals,fake,fft,034_Paligiri Rajendar.mp3_vocals.wav,155,10
fa1fff0353978b96c3b78c1c531408c8,vocals,fake,fft,034_Paligiri Rajendar.mp3_vocals.wav,156,10
fcd68057bbac592178757500b4efd0ee,vocals,fake,fft,034_Paligiri Rajendar.mp3_vocals.wav,157,10
4e4cfe25b141fd69886bdfe0d5f3a087,vocals,fake,fft,034_Paligiri Rajendar.mp3_vocals.wav,158,10
06745636663d15b31e6ed470a7d1d22e,vocals,fake,fft,034_Paligiri Rajendar.mp3_vocals.wav,159,10
28407dd49994f9ac25e9ca07f0bcea2c,vocals,fake,fft,034_Paligiri Rajendar.mp3_vocals.wav,160,10
4aec51db6139df588586ba73f5a2a1c2,vocals,fake,fft,034_Paligiri Rajendar.mp3_vocals.wav,161,10
c60ae24377ebaab502e0193c2c9d84f6,vocals,fake,fft,034_Paligiri Rajendar.mp3_vocals.wav,162,10
0a65b832aaede07c618001f25b357fa3,vocals,fake,fft,034_Paligiri Rajendar.mp3_vocals.wav,163,10
d78c331eb8e5795bf9bcb7586efd1786,vocals,fake,fft,034_Paligiri Rajendar.mp3_vocals.wav,164,10
c6b824ddd22118f2b21039d978b1b67b,vocals,fake,fft,034_Paligiri Rajendar.mp3_vocals.wav,165,10
70b6427896e48c5a361c993d955efcd9,vocals,fake,fft,034_Paligiri Rajendar.mp3_vocals.wav,166,10
44799a7c8855589ea7dc559a936911a0,vocals,fake,fft,034_Paligiri Rajendar.mp3_vocals.wav,167,10
1bc5c392d1cd3a20b1c3ae5c16a5653a,vocals,fake,fft,034_Paligiri Rajendar.mp3_vocals.wav,168,10
081b1985c6ad642a95bc8235ccd431a7,vocals,fake,fft,034_Paligiri Rajendar.mp3_vocals.wav,169,10
52e8c2dcfc04623eac7c36b17b469050,vocals,fake,fft,034_Paligiri Rajendar.mp3_vocals.wav,170,10
85dd4693598d2c7083b4b2f0d270e136,vocals,fake,fft,034_Paligiri Rajendar.mp3_vocals.wav,171,10
f62df4128db7b161b627cdcb67f7757e,vocals,fake,fft,034_Paligiri Rajendar.mp3_vocals.wav,172,10
fe0aac639ff90b9c24b1c84d5d40750d,vocals,fake,fft,034_Paligiri Rajendar.mp3_vocals.wav,173,10
5884d03ba4903ad15613089c02d86878,vocals,fake,fft,034_Paligiri Rajendar.mp3_vocals.wav,174,10
20bd7969a1f48607bf2831aee4f04621,vocals,fake,fft,034_Paligiri Rajendar.mp3_vocals.wav,175,10
edaf905116b1a15018affef934cb3320,vocals,fake,fft,034_Paligiri Rajendar.mp3_vocals.wav,176,10
460355384716147e9bd2d9aea74f1ef5,vocals,fake,fft,034_Paligiri Rajendar.mp3_vocals.wav,177,10
b4fe485145abbc0ac7021293b0236f52,vocals,fake,fft,034_Paligiri Rajendar.mp3_vocals.wav,178,10
d065ee8292726528ca343d4a7cbbe6c0,vocals,fake,fft,034_Paligiri Rajendar.mp3_vocals.wav,179,10
caafc9589fd297d74f90e41c4b9fa3fa,vocals,fake,fft,034_Paligiri Rajendar.mp3_vocals.wav,180,10
25b11b66159a0e4657e1bb2577afecb4,vocals,fake,fft,034_Paligiri Rajendar.mp3_vocals.wav,181,10
c40625706522dc581927fe501b9ca141,vocals,fake,fft,034_Paligiri Rajendar.mp3_vocals.wav,182,10
1cb7e62f2b84f12f3d25c502f2060bbf,vocals,fake,fft,034_Paligiri Rajendar.mp3_vocals.wav,183,10
d38df8bcedf38893f161181965859265,vocals,fake,fft,034_Paligiri Rajendar.mp3_vocals.wav,184,10
5c8a597ee27a13dbed30845114cc013b,vocals,fake,fft,034_Paligiri Rajendar.mp3_vocals.wav,185,10
72c0799d0487aa7e48959496f84fc7ea,vocals,fake,fft,034_Paligiri Rajendar.mp3_vocals.wav,186,10
59189862493c51f2020f7bcdfa3fba05,vocals,fake,fft,034_Paligiri Rajendar.mp3_vocals.wav,187,10
bfa77ea788cdcfd5ea86970edb07412f,vocals,fake,fft,034_Paligiri Rajendar.mp3_vocals.wav,188,10
ab6e03ba9656b522b3df44df16351f21,vocals,fake,fft,034_Paligiri Rajendar.mp3_vocals.wav,189,10
20956a480556668335aa8164808af02d,vocals,fake,fft,034_Paligiri Rajendar.mp3_vocals.wav,190,10
e238f9ae8eae2e213a37d1e6375cb302,vocals,fake,fft,034_Paligiri Rajendar.mp3_vocals.wav,191,10
93860c7dd2c70af23873cff5ff6a5775,vocals,fake,fft,034_Paligiri Rajendar.mp3_vocals.wav,192,10
97ea10a75969a2125e089a8a213ac44d,vocals,fake,fft,034_Paligiri Rajendar.mp3_vocals.wav,193,10
73c468e76b10bef2304ad3eda1421306,vocals,fake,fft,034_Paligiri Rajendar.mp3_vocals.wav,194,10
86ad13bfd1e3c5da03f0646ddfccf97b,vocals,fake,fft,034_Paligiri Rajendar.mp3_vocals.wav,195,10
6584a18f13dd3b7efc6610799be7a5ec,vocals,fake,fft,034_Paligiri Rajendar.mp3_vocals.wav,196,10
da1cfecd178e20a0ac8e4a713f6a2a68,vocals,fake,fft,034_Paligiri Rajendar.mp3_vocals.wav,197,10
372d45d8b25d540d5c52c4e2d7daffe2,vocals,fake,fft,034_Paligiri Rajendar.mp3_vocals.wav,198,10
b5524e92cc460338a5f060c0de574e55,vocals,fake,fft,034_Paligiri Rajendar.mp3_vocals.wav,199,10
02e4c71b4f4454dd5102cded3e920a45,vocals,fake,fft,034_Paligiri Rajendar.mp3_vocals.wav,200,10
96e2933947b6f97378f9fcc6ec0c0017,vocals,fake,fft,034_Paligiri Rajendar.mp3_vocals.wav,201,10
3245f9f50533f032b101f2200a84c768,vocals,fake,fft,034_Paligiri Rajendar.mp3_vocals.wav,202,10
cbb9228429e0a813de69aaab4d677830,vocals,fake,fft,034_Paligiri Rajendar.mp3_vocals.wav,203,10
6b508ec25bccf47bb36e37981a707e71,vocals,fake,fft,034_Paligiri Rajendar.mp3_vocals.wav,204,10
487b7d25f318f284fb411ed409addcb9,vocals,fake,fft,034_Paligiri Rajendar.mp3_vocals.wav,205,10
6934a17f3fc4fc2d6a6159b2a6f93ef9,vocals,fake,fft,034_Paligiri Rajendar.mp3_vocals.wav,206,10
e9fdbc6f267a3acd509df847e9687dd4,vocals,fake,fft,034_Paligiri Rajendar.mp3_vocals.wav,207,10
4d40e236717842e9ca2633bd006966a8,vocals,fake,fft,034_Paligiri Rajendar.mp3_vocals.wav,208,10
95836c6c3a22fc4af89739720db17edf,vocals,fake,fft,034_Paligiri Rajendar.mp3_vocals.wav,209,10
c5bfaa2d67b940f42ac100dd340d8be1,vocals,fake,fft,034_Paligiri Rajendar.mp3_vocals.wav,210,10
4e63479398ade7799c9b27b3a1bfa39d,vocals,fake,fft,034_Paligiri Rajendar.mp3_vocals.wav,211,10
0ecf4cea5f154cd9e3bade98b64427ea,vocals,fake,fft,034_Paligiri Rajendar.mp3_vocals.wav,212,10
886183a2407edb6836c785adca2a5320,vocals,fake,fft,034_Paligiri Rajendar.mp3_vocals.wav,213,10
505641d30cc4d20e700aa9253f11ebfe,vocals,fake,fft,034_Paligiri Rajendar.mp3_vocals.wav,214,10
2f8fef220bd3db64ed7477ca0e8a3302,vocals,fake,fft,034_Paligiri Rajendar.mp3_vocals.wav,215,10
eeb5c36365ca89f1567472513df5c41c,vocals,fake,fft,034_Paligiri Rajendar.mp3_vocals.wav,216,10
06ea2175728a4340ec9a13d2264c24e1,vocals,fake,fft,034_Paligiri Rajendar.mp3_vocals.wav,217,10
b64ca0667067c37203d3309189c58c2b,vocals,fake,fft,034_Paligiri Rajendar.mp3_vocals.wav,218,10
1882de5bbd8023cb8a2300334fd8107d,vocals,fake,fft,034_Paligiri Rajendar.mp3_vocals.wav,219,10
a6196e4d4b28a0263a99cad17d38c097,vocals,fake,fft,034_Paligiri Rajendar.mp3_vocals.wav,220,10
8a1ddbc0ea0aacf63b736533949bf7db,vocals,fake,fft,034_Paligiri Rajendar.mp3_vocals.wav,221,10
c60f49b7e801852eefa7d945183b53eb,vocals,fake,fft,034_Paligiri Rajendar.mp3_vocals.wav,222,10
2b4094effdef4bddbd03d7fcb6484f1f,vocals,fake,fft,034_Paligiri Rajendar.mp3_vocals.wav,223,10
a87cf9d681bf00afd2632975bef54713,vocals,fake,fft,034_Paligiri Rajendar.mp3_vocals.wav,224,10
b6ab379d9c4ad0624d25bfe22a5626d0,vocals,fake,fft,034_Paligiri Rajendar.mp3_vocals.wav,225,10
649046c6adb1f80fca9c80ca0a865f4d,vocals,fake,fft,034_Paligiri Rajendar.mp3_vocals.wav,226,10
2ec9ddd349cb5ee5193a1a5fd0aaf063,vocals,fake,fft,034_Paligiri Rajendar.mp3_vocals.wav,227,10
daea94a3c7a3b6883264af8a1b4aeefd,vocals,fake,fft,034_Paligiri Rajendar.mp3_vocals.wav,228,10
338f2a1f0456e5abd374ff10cfa61cc2,vocals,fake,fft,034_Paligiri Rajendar.mp3_vocals.wav,229,10
7e550cd1fd4c62d7d5e0ab9b64ed322f,vocals,fake,fft,034_Paligiri Rajendar.mp3_vocals.wav,230,10
627d2d37b0a599f7147721e5720bd08a,vocals,fake,fft,034_Paligiri Rajendar.mp3_vocals.wav,231,10
cb311008464a2c40449522f64e96de55,vocals,fake,fft,034_Paligiri Rajendar.mp3_vocals.wav,232,10
3eb4112079f81cda50198dad837fa776,vocals,fake,fft,034_Paligiri Rajendar.mp3_vocals.wav,233,10
dede88be13dfd3b09c6e589255fe4633,vocals,fake,fft,034_Paligiri Rajendar.mp3_vocals.wav,234,10
6c4bf3ae10fbbfae2b9f428d35594cd1,vocals,fake,fft,034_Paligiri Rajendar.mp3_vocals.wav,235,10
1379e6d6825767d81a152d71de625c8d,vocals,fake,fft,034_Paligiri Rajendar.mp3_vocals.wav,236,10
211835f503b2c18f542c17eabce33339,vocals,fake,fft,034_Paligiri Rajendar.mp3_vocals.wav,237,10
c494df17c46a5b18ebc4aa64fe44f51e,vocals,fake,fft,034_Paligiri Rajendar.mp3_vocals.wav,238,10
195e6edeb8bbf215c54194a7ec96d397,vocals,fake,fft,034_Paligiri Rajendar.mp3_vocals.wav,239,10
7e6c14762a68037b2b2af7c11b0ea6be,vocals,fake,fft,034_Paligiri Rajendar.mp3_vocals.wav,240,10
519acbd70ae8870b1b22e5e4db4750e7,vocals,fake,fft,034_Paligiri Rajendar.mp3_vocals.wav,241,10
48143e22a811d2ad1a6c9998eb1ff94d,vocals,fake,fft,034_Paligiri Rajendar.mp3_vocals.wav,242,10
edf91fea45a1d482de542ec75730d6b4,vocals,fake,fft,034_Paligiri Rajendar.mp3_vocals.wav,243,10
2429638b022ddb973365095593d93fbe,vocals,fake,fft,034_Paligiri Rajendar.mp3_vocals.wav,244,10
7dc881db37ccfdce824f63fe35a027a0,vocals,fake,fft,034_Paligiri Rajendar.mp3_vocals.wav,245,10
186375e6294563a1d6a25e6b5b4bd06f,vocals,fake,fft,034_Paligiri Rajendar.mp3_vocals.wav,246,10
af9d3bc243aea5c331d12b5f5c0bc216,vocals,fake,fft,034_Paligiri Rajendar.mp3_vocals.wav,247,10
dceb8d0ecb3d25b713587d9efd37f344,vocals,fake,fft,034_Paligiri Rajendar.mp3_vocals.wav,248,10
486938f98ff797461554e8cafdde2fc7,vocals,fake,fft,034_Paligiri Rajendar.mp3_vocals.wav,249,10
19f21961492be3dcaaabf2d8be9ca36f,vocals,fake,fft,034_Paligiri Rajendar.mp3_vocals.wav,250,10
a4bd5b62968c99d9853c74b5ef20fd9c,vocals,fake,fft,034_Paligiri Rajendar.mp3_vocals.wav,251,10
347c7c0fd4f0bb1c555037c8e3cb7cba,vocals,fake,fft,034_Paligiri Rajendar.mp3_vocals.wav,252,10
1252a45a4b5c1a9f3ba9507dc19723ca,vocals,fake,fft,034_Paligiri Rajendar.mp3_vocals.wav,253,10
4207aae62cd0884d495c0ac6e4762d78,vocals,fake,fft,034_Paligiri Rajendar.mp3_vocals.wav,254,10
faa5b67b20d9daa55d22d0f6844a200d,vocals,fake,fft,034_Paligiri Rajendar.mp3_vocals.wav,255,10
566702fba27cc8a77c2d17e66dbabf81,vocals,fake,fft,034_Paligiri Rajendar.mp3_vocals.wav,256,10
b5d53a961e1787634b077ce9aa2ff5a1,vocals,fake,fft,039_Sandhya Koyyada.mp3_vocals.wav,0,10
eb6f7bdc4234d15a0ef90687cdb5234e,vocals,fake,fft,039_Sandhya Koyyada.mp3_vocals.wav,1,10
1fe108f01759cbf9161c08c2f3bb3fbb,vocals,fake,fft,039_Sandhya Koyyada.mp3_vocals.wav,2,10
42d89e3cf01d996470a23ebc80a66198,vocals,fake,fft,039_Sandhya Koyyada.mp3_vocals.wav,3,10
d0b3dc6cc2439dcb02b0653f7dd5f856,vocals,fake,fft,039_Sandhya Koyyada.mp3_vocals.wav,4,10
930b775a921fd12a87a0318d2217f61a,vocals,fake,fft,039_Sandhya Koyyada.mp3_vocals.wav,5,10
d04d2afa7dc35937c636ddd8e0bb8099,vocals,fake,fft,039_Sandhya Koyyada.mp3_vocals.wav,6,10
10fa8b350e9f568e4a2b8fcb471999b2,vocals,fake,fft,039_Sandhya Koyyada.mp3_vocals.wav,7,10
171b0c7aacd9a2254a4009952cce649f,vocals,fake,fft,039_Sandhya Koyyada.mp3_vocals.wav,8,10
e14cf917f290098a85f2f9a14cc192fa,vocals,fake,fft,039_Sandhya Koyyada.mp3_vocals.wav,9,10
a1f87f7e215697bed269b746b051211c,vocals,fake,fft,039_Sandhya Koyyada.mp3_vocals.wav,10,10
b82bbafbfd3045035c610a97a79542cb,vocals,fake,fft,039_Sandhya Koyyada.mp3_vocals.wav,11,10
881e937f13a56fcfd1088edfe248d1d5,vocals,fake,fft,039_Sandhya Koyyada.mp3_vocals.wav,12,10
0e40d8bc7301480767e097464e141c99,vocals,fake,fft,039_Sandhya Koyyada.mp3_vocals.wav,13,10
4003ea70bf801f40a6a0eac08ec42d22,vocals,fake,fft,039_Sandhya Koyyada.mp3_vocals.wav,14,10
9ca1782826f9acf6343cdf9af3fc3cc4,vocals,fake,fft,039_Sandhya Koyyada.mp3_vocals.wav,15,10
77cf6e1e7b3484b434046019abbc242e,vocals,fake,fft,039_Sandhya Koyyada.mp3_vocals.wav,16,10
3864251ba7c2b4412c3f1a8111ac6e47,vocals,fake,fft,039_Sandhya Koyyada.mp3_vocals.wav,17,10
1261d8d3de2545e05366982f3c27703a,vocals,fake,fft,039_Sandhya Koyyada.mp3_vocals.wav,18,10
69f6bcb69e0a50ac2085740539a73031,vocals,fake,fft,039_Sandhya Koyyada.mp3_vocals.wav,19,10
25d96f40fde7574ff8b075f017afe60f,vocals,fake,fft,039_Sandhya Koyyada.mp3_vocals.wav,20,10
aa96730c925964f62aa746fd88cc77af,vocals,fake,fft,039_Sandhya Koyyada.mp3_vocals.wav,21,10
e4165f60fb989d50def88adc01affc18,vocals,fake,fft,039_Sandhya Koyyada.mp3_vocals.wav,22,10
28e7bd87c84b62dd597074a03aa1e00c,vocals,fake,fft,039_Sandhya Koyyada.mp3_vocals.wav,23,10
605bdb695f9917cf0b95696892b93bdd,vocals,fake,fft,039_Sandhya Koyyada.mp3_vocals.wav,24,10
12dcfd6dab1d4194ddf1c73fe50c7ae7,vocals,fake,fft,039_Sandhya Koyyada.mp3_vocals.wav,25,10
13a95c98ddde43b2af9be0f8846154d1,vocals,fake,fft,039_Sandhya Koyyada.mp3_vocals.wav,26,10
e1e814b769658f50af064dfffecd7ca6,vocals,fake,fft,039_Sandhya Koyyada.mp3_vocals.wav,27,10
3461a4f5031687d4797f778f7c3a6b93,vocals,fake,fft,039_Sandhya Koyyada.mp3_vocals.wav,28,10
52055855b4adc3f593651ee1fbe5bde5,vocals,fake,fft,040_Mounika Reddy.mp3_vocals.wav,0,10
b1569ff5da76859857001f4304b6ed6c,vocals,fake,fft,040_Mounika Reddy.mp3_vocals.wav,1,10
e4ed30e92799dea950338eb2d49da8bf,vocals,fake,fft,040_Mounika Reddy.mp3_vocals.wav,2,10
b4e4ad3dd8b360203b041784d5064095,vocals,fake,fft,040_Mounika Reddy.mp3_vocals.wav,3,10
c0681eb822d6d3dedc1efbf7c2090a6d,vocals,fake,fft,040_Mounika Reddy.mp3_vocals.wav,4,10
04c968942e8b7a08578f2a6817d1867a,vocals,fake,fft,040_Mounika Reddy.mp3_vocals.wav,5,10
1fe432c15bd14800d46790d761f4cdb7,vocals,fake,fft,040_Mounika Reddy.mp3_vocals.wav,6,10
123bfd78c6575fb0ce44bbf2f37f4054,vocals,fake,fft,040_Mounika Reddy.mp3_vocals.wav,7,10
3f3ca41bc5574935442eeca9d0b6b04e,vocals,fake,fft,040_Mounika Reddy.mp3_vocals.wav,8,10
fef5947c9fbfbd9cfba00c66de57fad6,vocals,fake,fft,040_Mounika Reddy.mp3_vocals.wav,9,10
caa212a8ed723ba98fa3354cc7e5c445,vocals,fake,fft,040_Mounika Reddy.mp3_vocals.wav,10,10
2ef6f64eadb3ec1257d83be29a55d6bd,vocals,fake,fft,040_Mounika Reddy.mp3_vocals.wav,11,10
1a4f5a2d65fd00b3fd2052f837573106,vocals,fake,fft,040_Mounika Reddy.mp3_vocals.wav,12,10
37de89444fb9e0e61d5abc599300259b,vocals,fake,fft,040_Mounika Reddy.mp3_vocals.wav,13,10
bfe2443b99360f41efcb52519d7779bb,vocals,fake,fft,040_Mounika Reddy.mp3_vocals.wav,14,10
2b372985c7d1cf4d5c7c48b4f715cba2,vocals,fake,fft,040_Mounika Reddy.mp3_vocals.wav,15,10
d08af58fca7132056e8dd9bba55589c1,vocals,fake,fft,040_Mounika Reddy.mp3_vocals.wav,16,10
15d87e365ec4ad817d0e0ed135f80827,vocals,fake,fft,040_Mounika Reddy.mp3_vocals.wav,17,10
8207577cb2f330e9bbebb94cc8053fd2,vocals,fake,fft,040_Mounika Reddy.mp3_vocals.wav,18,10
5c2000544c42583f75b6c50b96e3edfe,vocals,fake,fft,040_Mounika Reddy.mp3_vocals.wav,19,10
28eb054762e03470a0f537f64202fb10,vocals,fake,fft,040_Mounika Reddy.mp3_vocals.wav,20,10
80df2e96f0bb2fda0f55524f670261e6,vocals,fake,fft,040_Mounika Reddy.mp3_vocals.wav,21,10
84bd495c34d9fdd763079f06771711b1,vocals,fake,fft,040_Mounika Reddy.mp3_vocals.wav,22,10
8d0e7ec10a5a0fc957892bab4332ba0c,vocals,fake,fft,040_Mounika Reddy.mp3_vocals.wav,23,10
057cfe6debe1bc821af1d7e498f0c6d8,vocals,fake,fft,040_Mounika Reddy.mp3_vocals.wav,24,10
390c4b06a98352fb1fae8ae0fe49815d,vocals,fake,fft,040_Mounika Reddy.mp3_vocals.wav,25,10
a5a0dd76ca081a028879d252915f88d1,vocals,fake,fft,040_Mounika Reddy.mp3_vocals.wav,26,10
9545034db3d86186d07f60e3fb57d37e,vocals,fake,fft,040_Mounika Reddy.mp3_vocals.wav,27,10
a2580d08371bdead43fc7d9439006de1,vocals,fake,fft,040_Mounika Reddy.mp3_vocals.wav,28,10
ecafade45520d00b90d13153c2d92a5f,vocals,fake,fft,040_Mounika Reddy.mp3_vocals.wav,29,10
64a8b04e6b97e283931affa3e5515808,vocals,fake,fft,040_Mounika Reddy.mp3_vocals.wav,30,10
12ae2b4d1d1d053a8517ad3964cc511b,vocals,fake,fft,042_Vandemataram Srinivas.mp3_vocals.wav,0,10
44d87c236cbea112a3fca0bb48c07b07,vocals,fake,fft,042_Vandemataram Srinivas.mp3_vocals.wav,1,10
e00db0c5686c0e173b0acb049eceefe6,vocals,fake,fft,042_Vandemataram Srinivas.mp3_vocals.wav,2,10
565f1980710a219e36b8e0ec293fa424,vocals,fake,fft,042_Vandemataram Srinivas.mp3_vocals.wav,3,10
02f2259cf61de606c563ca547790634e,vocals,fake,fft,042_Vandemataram Srinivas.mp3_vocals.wav,4,10
b9ccfa301c56745e288245ba4f56fde6,vocals,fake,fft,042_Vandemataram Srinivas.mp3_vocals.wav,5,10
8e26f28ef11e9e09e24badab8499c208,vocals,fake,fft,042_Vandemataram Srinivas.mp3_vocals.wav,6,10
1ac4e582faaedee30b1b02c1f69967f4,vocals,fake,fft,042_Vandemataram Srinivas.mp3_vocals.wav,7,10
e0e7a554e0417f975a1508483614d856,vocals,fake,fft,042_Vandemataram Srinivas.mp3_vocals.wav,8,10
48e406f902933f27ddb7a3e286fa8a79,vocals,fake,fft,042_Vandemataram Srinivas.mp3_vocals.wav,9,10
aa2caff9a146bb8bb9e301839a101f6d,vocals,fake,fft,042_Vandemataram Srinivas.mp3_vocals.wav,10,10
ac40290b2a51898dcf807ae1642eac17,vocals,fake,fft,042_Vandemataram Srinivas.mp3_vocals.wav,11,10
e170ce802e68ebcd2dcf73381fde9f67,vocals,fake,fft,042_Vandemataram Srinivas.mp3_vocals.wav,12,10
977a169f713009127ce3217ae130bb86,vocals,fake,fft,042_Vandemataram Srinivas.mp3_vocals.wav,13,10
b8c8b1d4bc80998fc8035b93a8d39ad9,vocals,fake,fft,042_Vandemataram Srinivas.mp3_vocals.wav,14,10
532e5c12b0f0bfa790fb3814197a3c89,vocals,fake,fft,042_Vandemataram Srinivas.mp3_vocals.wav,15,10
dbfacd40d277a6c0ac1931fd50958224,vocals,fake,fft,042_Vandemataram Srinivas.mp3_vocals.wav,16,10
f05cfa7aafdf3880719101232e5559dd,vocals,fake,fft,042_Vandemataram Srinivas.mp3_vocals.wav,17,10
65fcf5de8bd5e67bb308b37f5a00d93c,vocals,fake,fft,042_Vandemataram Srinivas.mp3_vocals.wav,18,10
d9e568a9864586b456c56d3f5f66b365,vocals,fake,fft,042_Vandemataram Srinivas.mp3_vocals.wav,19,10
5c38c6605177bbd88cdd9879da24562c,vocals,fake,fft,042_Vandemataram Srinivas.mp3_vocals.wav,20,10
372c318ab1f884acd2dfd6f5b5b19ede,vocals,fake,fft,042_Vandemataram Srinivas.mp3_vocals.wav,21,10
45622471329245616852b0b2e47932ad,vocals,fake,fft,042_Vandemataram Srinivas.mp3_vocals.wav,22,10
ebd9d92999a97dc154d45174af7d65b0,vocals,fake,fft,042_Vandemataram Srinivas.mp3_vocals.wav,23,10
c5e69ffe0cb27a0fed7dbfaf0cd55b0b,vocals,fake,fft,042_Vandemataram Srinivas.mp3_vocals.wav,24,10
690a8d1482212464047c14bfbbdc1e85,vocals,fake,fft,042_Vandemataram Srinivas.mp3_vocals.wav,25,10
0424a67fdbaeecb4d8e9c1723cc8133f,vocals,fake,fft,042_Vandemataram Srinivas.mp3_vocals.wav,26,10
4521ed1874eb19d68dc6e209a0e38953,vocals,fake,fft,042_Vandemataram Srinivas.mp3_vocals.wav,27,10
d06ea07c350d7facee7614a690313258,vocals,fake,fft,042_Vandemataram Srinivas.mp3_vocals.wav,28,10
015169a0be3fd270140fc22fd0b98ebd,vocals,fake,fft,042_Vandemataram Srinivas.mp3_vocals.wav,29,10
17c27aae4d1561228191037f0d58287f,vocals,fake,fft,046_Ashwini Rathod.mp3_vocals.wav,0,10
81fde29a95fb8a42805025485b27eda4,vocals,fake,fft,046_Ashwini Rathod.mp3_vocals.wav,1,10
a2d246c1a3051cd9b84594bbaeba7987,vocals,fake,fft,046_Ashwini Rathod.mp3_vocals.wav,2,10
efbf2df629c94e8fd662b4959c95608c,vocals,fake,fft,046_Ashwini Rathod.mp3_vocals.wav,3,10
c9e586319ec81a3c194680f4594da655,vocals,fake,fft,046_Ashwini Rathod.mp3_vocals.wav,4,10
4b973fcfd25a01a316dffaa5ad9a3daf,vocals,fake,fft,046_Ashwini Rathod.mp3_vocals.wav,5,10
848c336563e545661a3e9ab27088c35b,vocals,fake,fft,046_Ashwini Rathod.mp3_vocals.wav,6,10
77e143d0e7534a1e1a1d696ff70b9267,vocals,fake,fft,046_Ashwini Rathod.mp3_vocals.wav,7,10
96cdc69fd66f67a80b4cbf8e97024a59,vocals,fake,fft,046_Ashwini Rathod.mp3_vocals.wav,8,10
1c11bd0916a0f29c0421109c098f96fb,vocals,fake,fft,046_Ashwini Rathod.mp3_vocals.wav,9,10
4aa0903b14da6d3bad0149859f1c891e,vocals,fake,fft,046_Ashwini Rathod.mp3_vocals.wav,10,10
922dcfe4201f558e1643acbad7e6d352,vocals,fake,fft,046_Ashwini Rathod.mp3_vocals.wav,11,10
59e9f0d5800b894ed661e8d59d470516,vocals,fake,fft,046_Ashwini Rathod.mp3_vocals.wav,12,10
e8623ed2576697fcbe09d1a152f07275,vocals,fake,fft,046_Ashwini Rathod.mp3_vocals.wav,13,10
6ca291adc6aec7183aa305161677beb9,vocals,fake,fft,046_Ashwini Rathod.mp3_vocals.wav,14,10
6b81ea38856499c2bebd133dba736ecd,vocals,fake,fft,046_Ashwini Rathod.mp3_vocals.wav,15,10
7e52cff110351b064224cf7dadbf3c44,vocals,fake,fft,046_Ashwini Rathod.mp3_vocals.wav,16,10
8e46013b9eb930a6963926b78516cbc9,vocals,fake,fft,046_Ashwini Rathod.mp3_vocals.wav,17,10
7d5ee49df453be9bb47d8abea472abcd,vocals,fake,fft,046_Ashwini Rathod.mp3_vocals.wav,18,10
7bc344fec3bcfb33cc413bc19451c796,vocals,fake,fft,046_Ashwini Rathod.mp3_vocals.wav,19,10
6e015d9758e181d53f7c1a1de1b64568,vocals,fake,fft,046_Ashwini Rathod.mp3_vocals.wav,20,10
e497fb1b6a82fb6bb8440a2770559e85,vocals,fake,fft,046_Ashwini Rathod.mp3_vocals.wav,21,10
b154e0a42f78e44c238bccf73620cdd5,vocals,fake,fft,047_Ranu Bombai Ki Ranu.mp3_vocals.wav,0,10
170a72aa2ffc11fc64ab4f24df3c2f84,vocals,fake,fft,047_Ranu Bombai Ki Ranu.mp3_vocals.wav,1,10
03c908b695e59b35201111d78ea505bc,vocals,fake,fft,047_Ranu Bombai Ki Ranu.mp3_vocals.wav,2,10
f96ae38b4bf16dc67305c09f382ef2c9,vocals,fake,fft,047_Ranu Bombai Ki Ranu.mp3_vocals.wav,3,10
ed9c16b312b7586863759fe0663dd908,vocals,fake,fft,047_Ranu Bombai Ki Ranu.mp3_vocals.wav,4,10
d638b40699423bb2628166c0f1cfe59e,vocals,fake,fft,047_Ranu Bombai Ki Ranu.mp3_vocals.wav,5,10
b7f6e7d1fb96f6899d5c0ff52a891936,vocals,fake,fft,047_Ranu Bombai Ki Ranu.mp3_vocals.wav,6,10
2e4d889478086152d8b6fa017ded92b3,vocals,fake,fft,047_Ranu Bombai Ki Ranu.mp3_vocals.wav,7,10
b1ca719f901de4436ef8841e5ea0d437,vocals,fake,fft,047_Ranu Bombai Ki Ranu.mp3_vocals.wav,8,10
2823bdda9ed9ea2c94684603b2f7771e,vocals,fake,fft,047_Ranu Bombai Ki Ranu.mp3_vocals.wav,9,10
dc63eea0f80199a8e627b01ac20fdf16,vocals,fake,fft,047_Ranu Bombai Ki Ranu.mp3_vocals.wav,10,10
ae0c4580c7c6f3acd45d80fec491fef5,vocals,fake,fft,047_Ranu Bombai Ki Ranu.mp3_vocals.wav,11,10
e01bca86cc9c2a97da36e5031c427be8,vocals,fake,fft,047_Ranu Bombai Ki Ranu.mp3_vocals.wav,12,10
f329d425113f5e7c722a5adbc978018e,vocals,fake,fft,047_Ranu Bombai Ki Ranu.mp3_vocals.wav,13,10
93cf4b33889ed253a02d60dc4c791ee9,vocals,fake,fft,047_Ranu Bombai Ki Ranu.mp3_vocals.wav,14,10
03ef0bbabe615bac2cf918468326caf2,vocals,fake,fft,047_Ranu Bombai Ki Ranu.mp3_vocals.wav,15,10
113e3e80b7a34b59f0f2e798f59de59e,vocals,fake,fft,047_Ranu Bombai Ki Ranu.mp3_vocals.wav,16,10
f46847582de3db4eb603af354630ed2d,vocals,fake,fft,047_Ranu Bombai Ki Ranu.mp3_vocals.wav,17,10
1332f3b080206c2b237403a6449cda12,vocals,fake,fft,047_Ranu Bombai Ki Ranu.mp3_vocals.wav,18,10
fa2134c713e2c878a53f8c60167eadc1,vocals,fake,fft,047_Ranu Bombai Ki Ranu.mp3_vocals.wav,19,10
3cf99270d58baef798f25a9dbe57955f,vocals,fake,fft,047_Ranu Bombai Ki Ranu.mp3_vocals.wav,20,10
2a61ebf8d7b6856927297e9591f4485f,vocals,fake,fft,047_Ranu Bombai Ki Ranu.mp3_vocals.wav,21,10
1a8e4f85f06bd8f1a97cd23680c24e04,vocals,fake,fft,047_Ranu Bombai Ki Ranu.mp3_vocals.wav,22,10
3f29563fa5111e0c27cd3591a28bf3eb,vocals,fake,fft,047_Ranu Bombai Ki Ranu.mp3_vocals.wav,23,10
bde7698d358c23643f9a600c154224cf,vocals,fake,fft,047_Ranu Bombai Ki Ranu.mp3_vocals.wav,24,10
d5d212c1ef26ae35a6831c75dfd538a9,vocals,fake,fft,047_Ranu Bombai Ki Ranu.mp3_vocals.wav,25,10
cd8dc993d933c46721ea281736cdf205,vocals,fake,fft,047_Ranu Bombai Ki Ranu.mp3_vocals.wav,26,10
53658d61e93c7eddee448c35964fe326,vocals,fake,fft,048_Sommasilli Pothunnave O Chinna Ramulamma.mp3_vocals.wav,0,10
bfe979df36694361e3bef08d685c1093,vocals,fake,fft,048_Sommasilli Pothunnave O Chinna Ramulamma.mp3_vocals.wav,1,10
73aef4a703c15d4326cc25775593e77e,vocals,fake,fft,048_Sommasilli Pothunnave O Chinna Ramulamma.mp3_vocals.wav,2,10
37a3eac1628367ce3d290f4d3606cee2,vocals,fake,fft,048_Sommasilli Pothunnave O Chinna Ramulamma.mp3_vocals.wav,3,10
4138000bb3f38f856b7eeabbd560ee8a,vocals,fake,fft,048_Sommasilli Pothunnave O Chinna Ramulamma.mp3_vocals.wav,4,10
4b323a79b4105cebb6f2cb729aeff67a,vocals,fake,fft,048_Sommasilli Pothunnave O Chinna Ramulamma.mp3_vocals.wav,5,10
eb32e9301b7e245f2030d9d6b68a7bfe,vocals,fake,fft,048_Sommasilli Pothunnave O Chinna Ramulamma.mp3_vocals.wav,6,10
0f00c4618ff4bf416b0fa91424c8f04a,vocals,fake,fft,048_Sommasilli Pothunnave O Chinna Ramulamma.mp3_vocals.wav,7,10
27bdfbda88e899cc163f6485a827d921,vocals,fake,fft,048_Sommasilli Pothunnave O Chinna Ramulamma.mp3_vocals.wav,8,10
0f45ceee25dcc7ec036c4c3dcf3df796,vocals,fake,fft,048_Sommasilli Pothunnave O Chinna Ramulamma.mp3_vocals.wav,9,10
2451e789722c0a7c8835fdefc2cd78b4,vocals,fake,fft,048_Sommasilli Pothunnave O Chinna Ramulamma.mp3_vocals.wav,10,10
7576a7fbe60681ebb8db79332d684fdf,vocals,fake,fft,048_Sommasilli Pothunnave O Chinna Ramulamma.mp3_vocals.wav,11,10
d55987322c5815da7910344eade63b98,vocals,fake,fft,048_Sommasilli Pothunnave O Chinna Ramulamma.mp3_vocals.wav,12,10
aa2ef090b5021ee5d24526a757bb560e,vocals,fake,fft,048_Sommasilli Pothunnave O Chinna Ramulamma.mp3_vocals.wav,13,10
0dcef814e6c924ff7ef9d278473f359b,vocals,fake,fft,048_Sommasilli Pothunnave O Chinna Ramulamma.mp3_vocals.wav,14,10
0c8888032e1d5c393b813465794ab9a5,vocals,fake,fft,048_Sommasilli Pothunnave O Chinna Ramulamma.mp3_vocals.wav,15,10
724d09783cbfccec69f56d075948f672,vocals,fake,fft,048_Sommasilli Pothunnave O Chinna Ramulamma.mp3_vocals.wav,16,10
19de18c4b93c64588582639e83a4d9c1,vocals,fake,fft,048_Sommasilli Pothunnave O Chinna Ramulamma.mp3_vocals.wav,17,10
ce65d5a099008110856b05cd494bbf44,vocals,fake,fft,048_Sommasilli Pothunnave O Chinna Ramulamma.mp3_vocals.wav,18,10
0f91f8ac6ac312e5fe807fb306a2d58a,vocals,fake,fft,048_Sommasilli Pothunnave O Chinna Ramulamma.mp3_vocals.wav,19,10
7eacaac5a5760fce3533f794a66db16d,vocals,fake,fft,048_Sommasilli Pothunnave O Chinna Ramulamma.mp3_vocals.wav,20,10
1089650321cc1ce7f5733283d438fcf0,vocals,fake,fft,048_Sommasilli Pothunnave O Chinna Ramulamma.mp3_vocals.wav,21,10
a4a580d56df5a850d9f8f65e18698028,vocals,fake,fft,048_Sommasilli Pothunnave O Chinna Ramulamma.mp3_vocals.wav,22,10
2f9ccd1b4d31e3879c93983f645a9768,vocals,fake,fft,048_Sommasilli Pothunnave O Chinna Ramulamma.mp3_vocals.wav,23,10
61cb93d5f1d22b0b554a463286480c66,vocals,fake,fft,048_Sommasilli Pothunnave O Chinna Ramulamma.mp3_vocals.wav,24,10
778a78252e00336426d36520d98bc58f,vocals,fake,fft,048_Sommasilli Pothunnave O Chinna Ramulamma.mp3_vocals.wav,25,10
d9ddc48f0bcc656a9eaff84734eef6d1,vocals,fake,fft,048_Sommasilli Pothunnave O Chinna Ramulamma.mp3_vocals.wav,26,10
78995413e3dc99bd57446c7da841a9d8,vocals,fake,fft,048_Sommasilli Pothunnave O Chinna Ramulamma.mp3_vocals.wav,27,10
17e3029a9d6a5093e1386bb093645a6c,vocals,fake,fft,048_Sommasilli Pothunnave O Chinna Ramulamma.mp3_vocals.wav,28,10
aa1a8476c53de295a7b4d93e23efb2a4,vocals,fake,fft,048_Sommasilli Pothunnave O Chinna Ramulamma.mp3_vocals.wav,29,10
ba879fd3f84f2b5316709d5f2b7a9deb,vocals,fake,fft,048_Sommasilli Pothunnave O Chinna Ramulamma.mp3_vocals.wav,30,10
b9d5163813fb3fa696e7541aa8d8e2a5,vocals,fake,fft,048_Sommasilli Pothunnave O Chinna Ramulamma.mp3_vocals.wav,31,10
ffcee270d4a36b993a4ee2f37449b250,vocals,fake,fft,048_Sommasilli Pothunnave O Chinna Ramulamma.mp3_vocals.wav,32,10
64d9977f729c348e884a3b707ff84b2e,vocals,fake,fft,048_Sommasilli Pothunnave O Chinna Ramulamma.mp3_vocals.wav,33,10
cad7f599b3af0932497648a0756f6f1a,vocals,fake,fft,048_Sommasilli Pothunnave O Chinna Ramulamma.mp3_vocals.wav,34,10
d36e70fc530af59b3dcf1e1e9a95f371,vocals,fake,fft,048_Sommasilli Pothunnave O Chinna Ramulamma.mp3_vocals.wav,35,10
489277552d6d0eea91e68bc8adef67cb,vocals,fake,fft,048_Sommasilli Pothunnave O Chinna Ramulamma.mp3_vocals.wav,36,10
0fe9a3b9a8e85de5c05ce0983ae4ecf3,vocals,fake,fft,048_Sommasilli Pothunnave O Chinna Ramulamma.mp3_vocals.wav,37,10
f258819ee1f44cad8bbadf5a2581f700,vocals,fake,fft,048_Sommasilli Pothunnave O Chinna Ramulamma.mp3_vocals.wav,38,10
fa6a7ed515937151a336a44514e7f571,vocals,fake,fft,048_Sommasilli Pothunnave O Chinna Ramulamma.mp3_vocals.wav,39,10
44cc2a394816ca12f5020f72b56abbca,vocals,fake,fft,048_Sommasilli Pothunnave O Chinna Ramulamma.mp3_vocals.wav,40,10
0f4f4f06de26d3c1660a4bccc0a29a7e,vocals,fake,fft,048_Sommasilli Pothunnave O Chinna Ramulamma.mp3_vocals.wav,41,10
07a6577e85e1ca50c83507fb8447a5cf,vocals,fake,fft,048_Sommasilli Pothunnave O Chinna Ramulamma.mp3_vocals.wav,42,10
cb968f35046da28ceae5afa47748d5af,vocals,fake,fft,048_Sommasilli Pothunnave O Chinna Ramulamma.mp3_vocals.wav,43,10
6ff9c9690f8781ace563a60df8ae3db1,vocals,fake,fft,048_Sommasilli Pothunnave O Chinna Ramulamma.mp3_vocals.wav,44,10
0052e5b0e6516800c5dba2ca94d23c6e,vocals,fake,fft,048_Sommasilli Pothunnave O Chinna Ramulamma.mp3_vocals.wav,45,10
69627bcd8ee7cf122bbd499f5f8de454,vocals,fake,fft,048_Sommasilli Pothunnave O Chinna Ramulamma.mp3_vocals.wav,46,10
fba7a3b0c183239e27a276347c45a29d,vocals,fake,fft,048_Sommasilli Pothunnave O Chinna Ramulamma.mp3_vocals.wav,47,10
1601adb1aeac12d4fa5972f70c25f3fc,vocals,fake,fft,048_Sommasilli Pothunnave O Chinna Ramulamma.mp3_vocals.wav,48,10
9494d2bf3d87800d7c7a6e5fc700a698,vocals,fake,fft,048_Sommasilli Pothunnave O Chinna Ramulamma.mp3_vocals.wav,49,10
9c494ec73e73eebc006d57cd4c561de9,vocals,fake,fft,048_Sommasilli Pothunnave O Chinna Ramulamma.mp3_vocals.wav,50,10
eeedf23a6968e21a69938ae5c0573dfb,vocals,fake,fft,048_Sommasilli Pothunnave O Chinna Ramulamma.mp3_vocals.wav,51,10
c75059edb8f729c32adcf7e00d0ed81e,vocals,fake,fft,048_Sommasilli Pothunnave O Chinna Ramulamma.mp3_vocals.wav,52,10
8e32ff04ea13003fb85a9e2ea5139428,vocals,fake,fft,048_Sommasilli Pothunnave O Chinna Ramulamma.mp3_vocals.wav,53,10
9f6d7c27797631a87d3fbad75dac77f2,vocals,fake,fft,048_Sommasilli Pothunnave O Chinna Ramulamma.mp3_vocals.wav,54,10
7fa643fbb7d41e3b9fcdac1dd4b460d2,vocals,fake,fft,048_Sommasilli Pothunnave O Chinna Ramulamma.mp3_vocals.wav,55,10
b271b55b40046872d5129c7b9c16ded3,vocals,fake,fft,048_Sommasilli Pothunnave O Chinna Ramulamma.mp3_vocals.wav,56,10
d499edb70d114841217cd02d4360b1a5,vocals,fake,fft,048_Sommasilli Pothunnave O Chinna Ramulamma.mp3_vocals.wav,57,10
edb837e2a35918a62dee8d4c107804d5,vocals,fake,fft,048_Sommasilli Pothunnave O Chinna Ramulamma.mp3_vocals.wav,58,10
2aa9233bf8a45856f6292ac335a83645,vocals,fake,fft,048_Sommasilli Pothunnave O Chinna Ramulamma.mp3_vocals.wav,59,10
d2c728ed6979f51187923649e2f5b8a9,vocals,fake,fft,048_Sommasilli Pothunnave O Chinna Ramulamma.mp3_vocals.wav,60,10
2e9de8dfe4c853b93e442547612739e5,vocals,fake,fft,048_Sommasilli Pothunnave O Chinna Ramulamma.mp3_vocals.wav,61,10
0c63db64f0195e5df7f0b51fc4cd1c39,vocals,fake,fft,048_Sommasilli Pothunnave O Chinna Ramulamma.mp3_vocals.wav,62,10
4eebbb468809df571b10f1e2f576583f,vocals,fake,fft,048_Sommasilli Pothunnave O Chinna Ramulamma.mp3_vocals.wav,63,10
3a776fa936baf4412a4a515fe70c3473,vocals,fake,fft,048_Sommasilli Pothunnave O Chinna Ramulamma.mp3_vocals.wav,64,10
911bb5b612cc9fe091e8019ca9acf8e6,vocals,fake,fft,048_Sommasilli Pothunnave O Chinna Ramulamma.mp3_vocals.wav,65,10
25ef0f1ac38d310402d041d376f78756,vocals,fake,fft,048_Sommasilli Pothunnave O Chinna Ramulamma.mp3_vocals.wav,66,10
d8fce512f1c278eb24ce29f440bb9699,vocals,fake,fft,048_Sommasilli Pothunnave O Chinna Ramulamma.mp3_vocals.wav,67,10
260c715294f822f7012854ab5b9e5d68,vocals,fake,fft,048_Sommasilli Pothunnave O Chinna Ramulamma.mp3_vocals.wav,68,10
60919eef526c656958152a39be42c81f,vocals,fake,fft,048_Sommasilli Pothunnave O Chinna Ramulamma.mp3_vocals.wav,69,10
7decafb58b2aed535493ee7d73339421,vocals,fake,fft,048_Sommasilli Pothunnave O Chinna Ramulamma.mp3_vocals.wav,70,10
c8b9cbc29bbc4a970bcf81c2277f8d9e,vocals,fake,fft,048_Sommasilli Pothunnave O Chinna Ramulamma.mp3_vocals.wav,71,10
3d829a8fb5ec48e47ee441b2e72cc511,vocals,fake,fft,048_Sommasilli Pothunnave O Chinna Ramulamma.mp3_vocals.wav,72,10
349075d3a1bd42809eb2e8acc04aeaa8,vocals,fake,fft,049_Ringu Ringula Juttudhana.mp3_vocals.wav,0,10
17500aedc1d26bb0bb9573302caec98c,vocals,fake,fft,049_Ringu Ringula Juttudhana.mp3_vocals.wav,1,10
a0fe13e97117a8a5a9c8c84a6ac6aee5,vocals,fake,fft,049_Ringu Ringula Juttudhana.mp3_vocals.wav,2,10
a39c8be890768b1e5c6069b548ed3e47,vocals,fake,fft,049_Ringu Ringula Juttudhana.mp3_vocals.wav,3,10
d8c6b2f009059fb39358599f5bb5f14c,vocals,fake,fft,049_Ringu Ringula Juttudhana.mp3_vocals.wav,4,10
a906ffffb9b484d09a955dfaf8cc3fbb,vocals,fake,fft,049_Ringu Ringula Juttudhana.mp3_vocals.wav,5,10
283b99692d8c6356736b393bcfadf822,vocals,fake,fft,049_Ringu Ringula Juttudhana.mp3_vocals.wav,6,10
76118050a1c37010499ff03f0eae77e8,vocals,fake,fft,049_Ringu Ringula Juttudhana.mp3_vocals.wav,7,10
b6aeadf48db343f7b192db3ae54f9e32,vocals,fake,fft,049_Ringu Ringula Juttudhana.mp3_vocals.wav,8,10
b0e5ca8b4b18dee445cb7d88fdaa34b1,vocals,fake,fft,049_Ringu Ringula Juttudhana.mp3_vocals.wav,9,10
77f3cf313c00c158339f738ce0c6971f,vocals,fake,fft,049_Ringu Ringula Juttudhana.mp3_vocals.wav,10,10
a9a9f1cd6f04c7de0d5f4779a70b9f45,vocals,fake,fft,049_Ringu Ringula Juttudhana.mp3_vocals.wav,11,10
fc83d5a4e8f4a19a6c8ad6dcc776102a,vocals,fake,fft,049_Ringu Ringula Juttudhana.mp3_vocals.wav,12,10
d0294e941763da3d682449984f36c9aa,vocals,fake,fft,049_Ringu Ringula Juttudhana.mp3_vocals.wav,13,10
620e083c314957020e463af2365f046e,vocals,fake,fft,049_Ringu Ringula Juttudhana.mp3_vocals.wav,14,10
e9b688d811feec3177a3f62f24a320ca,vocals,fake,fft,049_Ringu Ringula Juttudhana.mp3_vocals.wav,15,10
eda9abc6d6ab3a84b5ffd4db4d7d17ee,vocals,fake,fft,049_Ringu Ringula Juttudhana.mp3_vocals.wav,16,10
7bd6858b0d0bd6f812ed45e007b60431,vocals,fake,fft,049_Ringu Ringula Juttudhana.mp3_vocals.wav,17,10
79a9633a5a18afbd45cbd0b50762a95a,vocals,fake,fft,049_Ringu Ringula Juttudhana.mp3_vocals.wav,18,10
25fbcf459244647428f3fd06359fa32c,vocals,fake,fft,049_Ringu Ringula Juttudhana.mp3_vocals.wav,19,10
509a03e02d5ec586419b75b9025571de,vocals,fake,fft,049_Ringu Ringula Juttudhana.mp3_vocals.wav,20,10
b73bbf3647b3c9615f971d4cfe34932d,vocals,fake,fft,049_Ringu Ringula Juttudhana.mp3_vocals.wav,21,10
70114b9530c981f06c3a0587f157416b,vocals,fake,fft,049_Ringu Ringula Juttudhana.mp3_vocals.wav,22,10
af6118379a7c5d1a3d2c6811e9502288,vocals,fake,fft,049_Ringu Ringula Juttudhana.mp3_vocals.wav,23,10
e432848e791321cfff3d823d7c4e5855,vocals,fake,fft,049_Ringu Ringula Juttudhana.mp3_vocals.wav,24,10
431a4c68b8a1f6d5b4687a96da4b46b6,vocals,fake,fft,049_Ringu Ringula Juttudhana.mp3_vocals.wav,25,10
b79ced15b39404bc31cef968cc67a825,vocals,fake,fft,049_Ringu Ringula Juttudhana.mp3_vocals.wav,26,10
e8e4d8bf96fb96741ca45c783e962e65,vocals,fake,fft,049_Ringu Ringula Juttudhana.mp3_vocals.wav,27,10
3fc63865a94e2620f601b837a186be4d,vocals,fake,fft,049_Ringu Ringula Juttudhana.mp3_vocals.wav,28,10
15e55a0f65e8c1a5b89588027214ba0b,vocals,fake,fft,050_Yedikelli Vachinaave.mp3_vocals.wav,0,10
cce0d3ff4456ec849fb07e2aebf448c2,vocals,fake,fft,050_Yedikelli Vachinaave.mp3_vocals.wav,1,10
2d0f1471c5c2d3b394bd4795395914b2,vocals,fake,fft,050_Yedikelli Vachinaave.mp3_vocals.wav,2,10
d7f7587fef251e0b251c25980d1cd8ab,vocals,fake,fft,050_Yedikelli Vachinaave.mp3_vocals.wav,3,10
ae77047706bb1f475cdffca0065eb79b,vocals,fake,fft,050_Yedikelli Vachinaave.mp3_vocals.wav,4,10
598d79b3de3a8a96f998a60d6d74f29f,vocals,fake,fft,050_Yedikelli Vachinaave.mp3_vocals.wav,5,10
2f8f44411c83c684e4e0fa0c1165fa5f,vocals,fake,fft,050_Yedikelli Vachinaave.mp3_vocals.wav,6,10
3e83f4ab08523115c45e5367b9c72aa0,vocals,fake,fft,050_Yedikelli Vachinaave.mp3_vocals.wav,7,10
7f76df1bdc9a461c45cbcf3bd041df11,vocals,fake,fft,050_Yedikelli Vachinaave.mp3_vocals.wav,8,10
78c31c800669134aea1b726540948e72,vocals,fake,fft,050_Yedikelli Vachinaave.mp3_vocals.wav,9,10
e6aff64007ef67e7ad180cdcf3885320,vocals,fake,fft,050_Yedikelli Vachinaave.mp3_vocals.wav,10,10
014f493627a442def58bc8f7d6a0dde9,vocals,fake,fft,050_Yedikelli Vachinaave.mp3_vocals.wav,11,10
6147ff240a72fe4f229ca9a9a099925a,vocals,fake,fft,050_Yedikelli Vachinaave.mp3_vocals.wav,12,10
7b66b5203334eb4da935c10e471baa2b,vocals,fake,fft,050_Yedikelli Vachinaave.mp3_vocals.wav,13,10
9d6492b6ff19665cf4fde7682919bb05,vocals,fake,fft,050_Yedikelli Vachinaave.mp3_vocals.wav,14,10
f3fc790f1aa3c96a37a68ecdf41e1f14,vocals,fake,fft,050_Yedikelli Vachinaave.mp3_vocals.wav,15,10
42a476c452cb9b9d2ac2697e019be346,vocals,fake,fft,050_Yedikelli Vachinaave.mp3_vocals.wav,16,10
914246a06578e343e2a396f3d9877c77,vocals,fake,fft,050_Yedikelli Vachinaave.mp3_vocals.wav,17,10
83745ad24d66999d56875bddf7ae0127,vocals,fake,fft,050_Yedikelli Vachinaave.mp3_vocals.wav,18,10
11c70f913d2464d6c0ca363dc98f677f,vocals,fake,fft,050_Yedikelli Vachinaave.mp3_vocals.wav,19,10
e38878bbf3c572272e68d36f441a63af,vocals,fake,fft,050_Yedikelli Vachinaave.mp3_vocals.wav,20,10
d5d6d19b41f0ac66cf9cba87bfa59833,vocals,fake,fft,050_Yedikelli Vachinaave.mp3_vocals.wav,21,10
eaa2afca06455fe3c0e92ed6a1ee3445,vocals,fake,fft,050_Yedikelli Vachinaave.mp3_vocals.wav,22,10
2ca38fffa95c02243b18e30d89f16265,vocals,fake,fft,050_Yedikelli Vachinaave.mp3_vocals.wav,23,10
6016d3f3546fc80c31a02b07e60142ad,vocals,fake,fft,050_Yedikelli Vachinaave.mp3_vocals.wav,24,10
067be710a48ecfc68141b96e92eaf8be,vocals,fake,fft,050_Yedikelli Vachinaave.mp3_vocals.wav,25,10
9cb3e645b313d4b3fe3023930159bf39,vocals,fake,fft,050_Yedikelli Vachinaave.mp3_vocals.wav,26,10
d10b0a2d4f8f2cba03ac65934ccf8e80,vocals,fake,fft,051_Are Emainde Pilla.mp3_vocals.wav,0,10
4afdf767c03772a132c62a4838449067,vocals,fake,fft,051_Are Emainde Pilla.mp3_vocals.wav,1,10
da9b4fa387dc8b74b0f13a750688f5c7,vocals,fake,fft,051_Are Emainde Pilla.mp3_vocals.wav,2,10
c736a2b30f1368a5597eb3104ffc8731,vocals,fake,fft,051_Are Emainde Pilla.mp3_vocals.wav,3,10
eb253895998895139968d13b1359b65e,vocals,fake,fft,051_Are Emainde Pilla.mp3_vocals.wav,4,10
7612de5dc013c5e0875a1f4cb9bc9fc6,vocals,fake,fft,051_Are Emainde Pilla.mp3_vocals.wav,5,10
fad910ddbfabc5385925420e38719417,vocals,fake,fft,051_Are Emainde Pilla.mp3_vocals.wav,6,10
5fa60d8a2aac9a3ebf11066d1b2f0700,vocals,fake,fft,051_Are Emainde Pilla.mp3_vocals.wav,7,10
ae22e0ac3da5a6d376d02d696517d174,vocals,fake,fft,051_Are Emainde Pilla.mp3_vocals.wav,8,10
87ab577a328dc9c07e6be9eca261e4b0,vocals,fake,fft,051_Are Emainde Pilla.mp3_vocals.wav,9,10
863a23fab96c6e032d161409ba191428,vocals,fake,fft,051_Are Emainde Pilla.mp3_vocals.wav,10,10
619a1faeb93257f8202869fb64f1f4d5,vocals,fake,fft,051_Are Emainde Pilla.mp3_vocals.wav,11,10
c59a1ece3797532bc9b117778035c668,vocals,fake,fft,051_Are Emainde Pilla.mp3_vocals.wav,12,10
8f888b093b71d92e73ce181adb676226,vocals,fake,fft,051_Are Emainde Pilla.mp3_vocals.wav,13,10
9a08937b20453596c53fb271f2cab956,vocals,fake,fft,051_Are Emainde Pilla.mp3_vocals.wav,14,10
b9fe88d184cf3a418c9cdf8ed247bbac,vocals,fake,fft,051_Are Emainde Pilla.mp3_vocals.wav,15,10
0aa25145621b7c9cfebda8ce108b8ce8,vocals,fake,fft,051_Are Emainde Pilla.mp3_vocals.wav,16,10
9997cf71ac5419ae1ffbd91d5c9b79fb,vocals,fake,fft,051_Are Emainde Pilla.mp3_vocals.wav,17,10
d1c08cfe5d8d38076c3bd357662b815a,vocals,fake,fft,051_Are Emainde Pilla.mp3_vocals.wav,18,10
7f4692355dcdf98634e168a5b4508de3,vocals,fake,fft,052_Atha Oyatha.mp3_vocals.wav,0,10
1aa9108109cea3da8afd90b9159219c6,vocals,fake,fft,052_Atha Oyatha.mp3_vocals.wav,1,10
753f1c3dbb1a9ee4161c33327537cf50,vocals,fake,fft,052_Atha Oyatha.mp3_vocals.wav,2,10
c022faebb1b5788afd953f980ab5efb9,vocals,fake,fft,052_Atha Oyatha.mp3_vocals.wav,3,10
46fda50a355077dc6acc51eabc575a59,vocals,fake,fft,052_Atha Oyatha.mp3_vocals.wav,4,10
82743af6e2234b3753c4bce986af39eb,vocals,fake,fft,052_Atha Oyatha.mp3_vocals.wav,5,10
83e6b12b62ab84cac61a308ff3ffe7e2,vocals,fake,fft,052_Atha Oyatha.mp3_vocals.wav,6,10
f47800f2d0720cdcb64033689d2a6c6a,vocals,fake,fft,052_Atha Oyatha.mp3_vocals.wav,7,10
4492d9cc35268c41a6af576bd81cbd56,vocals,fake,fft,052_Atha Oyatha.mp3_vocals.wav,8,10
f6ac0fd0c7c181e70b1b7c2b5bc6bae6,vocals,fake,fft,052_Atha Oyatha.mp3_vocals.wav,9,10
cd1846c8bfcce3d38197780b791780fb,vocals,fake,fft,052_Atha Oyatha.mp3_vocals.wav,10,10
01c9ac9013f139ca7c0792a6540f4759,vocals,fake,fft,052_Atha Oyatha.mp3_vocals.wav,11,10
ed8f1350b2db9c79c2b3893067cce2ec,vocals,fake,fft,052_Atha Oyatha.mp3_vocals.wav,12,10
fd0ac34cd7c4f9439e1d42e052c815b6,vocals,fake,fft,052_Atha Oyatha.mp3_vocals.wav,13,10
0a92e85fd81c0edc4bc798988d46b869,vocals,fake,fft,052_Atha Oyatha.mp3_vocals.wav,14,10
79ea35b07aa465353a2301f3998b9df1,vocals,fake,fft,052_Atha Oyatha.mp3_vocals.wav,15,10
bc4820ee6e04ecdd08da5f083056da78,vocals,fake,fft,052_Atha Oyatha.mp3_vocals.wav,16,10
ae123f138060c394b7f563f1c2db7a3b,vocals,fake,fft,052_Atha Oyatha.mp3_vocals.wav,17,10
f0f305dc15c98be17b9cb6d535b20468,vocals,fake,fft,052_Atha Oyatha.mp3_vocals.wav,18,10
fcad9bc7d48bb08a9b67ecfa714a5a17,vocals,fake,fft,052_Atha Oyatha.mp3_vocals.wav,19,10
df6fa85787f9f1d3f7b80f7e1f228682,vocals,fake,fft,052_Atha Oyatha.mp3_vocals.wav,20,10
0103bf0d1d3e4058cdd5d8d74712377f,vocals,fake,fft,052_Atha Oyatha.mp3_vocals.wav,21,10
9b6274d267d26c7544115f0cab0a8c07,vocals,fake,fft,052_Atha Oyatha.mp3_vocals.wav,22,10
41d4c171ce77ab9977db6b6b36c19088,vocals,fake,fft,052_Atha Oyatha.mp3_vocals.wav,23,10
b0c00dbb5b5abcbf35b8602dcb0e16f5,vocals,fake,fft,052_Atha Oyatha.mp3_vocals.wav,24,10
be9bce05b274498ec569f07b29e6bbcc,vocals,fake,fft,052_Atha Oyatha.mp3_vocals.wav,25,10
c2495cd5e4f6e0c894bb5cbcd45cb6cd,vocals,fake,fft,052_Atha Oyatha.mp3_vocals.wav,26,10
d7ec07f787b889cabb95d335138e9e0a,vocals,fake,fft,052_Atha Oyatha.mp3_vocals.wav,27,10
346e13f29a682fa791b445a4c92984f0,vocals,fake,fft,052_Atha Oyatha.mp3_vocals.wav,28,10
279e20dfb00102dd8787166cbf92c365,vocals,fake,fft,052_Atha Oyatha.mp3_vocals.wav,29,10
57ff1bae9be4a7feb7168581620c3f50,vocals,fake,fft,052_Atha Oyatha.mp3_vocals.wav,30,10
c513f9ff8ad4bfb02728c85d5c0d421d,vocals,fake,fft,053_Mogudu Pellala.mp3_vocals.wav,0,10
778a99b5d99ae98ee93e355014ad3493,vocals,fake,fft,053_Mogudu Pellala.mp3_vocals.wav,1,10
0fb4b6ac202b6df791116dfd1ae6520a,vocals,fake,fft,053_Mogudu Pellala.mp3_vocals.wav,2,10
15ecbd1748c4fb1c113f9e5f431ecd1d,vocals,fake,fft,053_Mogudu Pellala.mp3_vocals.wav,3,10
ce4432967b34b41f7ba29ba0316c4c00,vocals,fake,fft,053_Mogudu Pellala.mp3_vocals.wav,4,10
9ea5380f87ddd26eb3b6397d0e2fb58a,vocals,fake,fft,053_Mogudu Pellala.mp3_vocals.wav,5,10
42d253a91bbdbc30bc80ff20fa13d47d,vocals,fake,fft,053_Mogudu Pellala.mp3_vocals.wav,6,10
1cd0ba34efbe13b187cec206cea0ca5d,vocals,fake,fft,053_Mogudu Pellala.mp3_vocals.wav,7,10
25f8d703cf218917bf60cc0e4881a38c,vocals,fake,fft,053_Mogudu Pellala.mp3_vocals.wav,8,10
a647c442655e8ed96c8d96e359d09237,vocals,fake,fft,053_Mogudu Pellala.mp3_vocals.wav,9,10
aaba43994d7e4994984b7bd39c826d56,vocals,fake,fft,053_Mogudu Pellala.mp3_vocals.wav,10,10
224be07d5bf48863ac61f1199f567942,vocals,fake,fft,053_Mogudu Pellala.mp3_vocals.wav,11,10
0413d4eb1b82987a0cb01e3e7e9dcd1e,vocals,fake,fft,053_Mogudu Pellala.mp3_vocals.wav,12,10
23ac4d0b37d31769195d595e5aaa60ef,vocals,fake,fft,053_Mogudu Pellala.mp3_vocals.wav,13,10
8c9f43154c8586874f3df7252acd80e6,vocals,fake,fft,053_Mogudu Pellala.mp3_vocals.wav,14,10
2c4f814e1ccea593d432e5f4ce2b6fa4,vocals,fake,fft,053_Mogudu Pellala.mp3_vocals.wav,15,10
5763b3f48457f3dedc64d121a35ad724,vocals,fake,fft,053_Mogudu Pellala.mp3_vocals.wav,16,10
47a8a568604b70bb9dc2e74744f322a6,vocals,fake,fft,053_Mogudu Pellala.mp3_vocals.wav,17,10
560370b670b7fd3c0348085a1172b4a1,vocals,fake,fft,053_Mogudu Pellala.mp3_vocals.wav,18,10
5fab1abc449ce376caccf841bbb159cb,vocals,fake,fft,053_Mogudu Pellala.mp3_vocals.wav,19,10
4fe931cea5d3005b75e70ff743ff1594,vocals,fake,fft,053_Mogudu Pellala.mp3_vocals.wav,20,10
325f7d30a97ea036b5e22ee8c5c66b6f,vocals,fake,fft,053_Mogudu Pellala.mp3_vocals.wav,21,10
223c029c34c9e601630f568d29d56909,vocals,fake,fft,053_Mogudu Pellala.mp3_vocals.wav,22,10
215c3f4dfea8728d288755dd83acd731,vocals,fake,fft,053_Mogudu Pellala.mp3_vocals.wav,23,10
7cb8034bc308639d52f51b75e9065fe6,vocals,fake,fft,053_Mogudu Pellala.mp3_vocals.wav,24,10
c2d5c35663107675edfe3cc248143758,vocals,fake,fft,053_Mogudu Pellala.mp3_vocals.wav,25,10
e633fe9265df3219adc025ef52510ee4,vocals,fake,fft,053_Mogudu Pellala.mp3_vocals.wav,26,10
b0476224c59fa140b710cb36bf453e8d,vocals,fake,fft,053_Mogudu Pellala.mp3_vocals.wav,27,10
674f45b9f6ad6dfd3ce7e9be504c35db,vocals,fake,fft,053_Mogudu Pellala.mp3_vocals.wav,28,10
1caa2cb006ae5039b43f18c59b20d3b3,vocals,fake,fft,053_Mogudu Pellala.mp3_vocals.wav,29,10
dd764c14428982217f63c4269d493688,vocals,fake,fft,053_Mogudu Pellala.mp3_vocals.wav,30,10
cc5427de88482e66dd551813d618fed8,vocals,fake,fft,053_Mogudu Pellala.mp3_vocals.wav,31,10
09a7b84105ef65e28a1e90c97ae666fb,vocals,fake,fft,053_Mogudu Pellala.mp3_vocals.wav,32,10
c04f75aab515315fde06fcd5ef0a8db8,vocals,fake,fft,053_Mogudu Pellala.mp3_vocals.wav,33,10
14c073a3db4c060602511a4dd1bd6d66,vocals,fake,fft,053_Mogudu Pellala.mp3_vocals.wav,34,10
75fa36ea8817064ee3b49a6ca5a02b76,vocals,fake,fft,053_Mogudu Pellala.mp3_vocals.wav,35,10
65c7ec7fe1eba71d769202c8bfda519f,vocals,fake,fft,053_Mogudu Pellala.mp3_vocals.wav,36,10
d869bba896e5458cb6d4206ce451544f,vocals,fake,fft,053_Mogudu Pellala.mp3_vocals.wav,37,10
6af0cbb6ab935fcedf138940da88d952,vocals,fake,fft,053_Mogudu Pellala.mp3_vocals.wav,38,10
1ce81b858b692a97f14f07b2a4956875,vocals,fake,fft,053_Mogudu Pellala.mp3_vocals.wav,39,10
f5c1d6cc1e2abe1d6c64ec4daf7b6335,vocals,fake,fft,053_Mogudu Pellala.mp3_vocals.wav,40,10
e5f233000f201643083edffdc1683325,vocals,fake,fft,053_Mogudu Pellala.mp3_vocals.wav,41,10
36588f28a528bedaa5c3460b7805e460,vocals,fake,fft,053_Mogudu Pellala.mp3_vocals.wav,42,10
072fa16d443ac8858048205de1064b8d,vocals,fake,fft,053_Mogudu Pellala.mp3_vocals.wav,43,10
bd5eb79b3e2d841c13703c0bc6a56702,vocals,fake,fft,053_Mogudu Pellala.mp3_vocals.wav,44,10
9dc3091454c143214606f181af200b71,vocals,fake,fft,053_Mogudu Pellala.mp3_vocals.wav,45,10
ea3cabfc1cb07fd4c25318c0f24c5e5d,vocals,fake,fft,053_Mogudu Pellala.mp3_vocals.wav,46,10
fcd63ef5a04c25889fe8015927c299a1,vocals,fake,fft,053_Mogudu Pellala.mp3_vocals.wav,47,10
423975aa1996fb3c11575ddfade3c736,vocals,fake,fft,053_Mogudu Pellala.mp3_vocals.wav,48,10
e24b360a7c7cce7f4a9eb1ccfdd10fca,vocals,fake,fft,053_Mogudu Pellala.mp3_vocals.wav,49,10
88e907aa5aff58e1f402b5a217ba0e83,vocals,fake,fft,053_Mogudu Pellala.mp3_vocals.wav,50,10
aa95a69a60e530d819f052f900124185,vocals,fake,fft,053_Mogudu Pellala.mp3_vocals.wav,51,10
2409cb85fdf0a7a27bf20cbc54baa099,vocals,fake,fft,053_Mogudu Pellala.mp3_vocals.wav,52,10
407eac725aa4ae1ec8caa941eacda0f2,vocals,fake,fft,053_Mogudu Pellala.mp3_vocals.wav,53,10
d032d2859c64e0eb30e4a027c9d07302,vocals,fake,fft,053_Mogudu Pellala.mp3_vocals.wav,54,10
529d615736e06eed9a41459300465056,vocals,fake,fft,053_Mogudu Pellala.mp3_vocals.wav,55,10
cb56748f54b9f1ee3ef4eb39311f7b75,vocals,fake,fft,053_Mogudu Pellala.mp3_vocals.wav,56,10
67f1adc3b9d117f4405762fc6652f8ea,vocals,fake,fft,053_Mogudu Pellala.mp3_vocals.wav,57,10
f1a7fdafb2ab271a20e3695f9355cd41,vocals,fake,fft,053_Mogudu Pellala.mp3_vocals.wav,58,10
ee37ccab5bbb6fd44c8d1027682d3691,vocals,fake,fft,053_Mogudu Pellala.mp3_vocals.wav,59,10
962493d2b8e924fcd90c766cf6389060,vocals,fake,fft,053_Mogudu Pellala.mp3_vocals.wav,60,10
907a82f3609a53cac3c97536daa5bd00,vocals,fake,fft,053_Mogudu Pellala.mp3_vocals.wav,61,10
3cd5faf6d622b79b11890e543ea87245,vocals,fake,fft,053_Mogudu Pellala.mp3_vocals.wav,62,10
9bf5e49e429278b5616983fa63ccf585,vocals,fake,fft,053_Mogudu Pellala.mp3_vocals.wav,63,10
f4bef5b520a4cfcef3c8f39f9a0a5854,vocals,fake,fft,053_Mogudu Pellala.mp3_vocals.wav,64,10
a9e3ad01f4161c7ebad730be49ccfd8e,vocals,fake,fft,053_Mogudu Pellala.mp3_vocals.wav,65,10
8065e9585369ca29c62c203cbc7ecda4,vocals,fake,fft,053_Mogudu Pellala.mp3_vocals.wav,66,10
d6a90892a8d11d025d1459a59f7d69a3,vocals,fake,fft,053_Mogudu Pellala.mp3_vocals.wav,67,10
27064b28dad9494af7d10fc36e363a73,vocals,fake,fft,053_Mogudu Pellala.mp3_vocals.wav,68,10
a9d58d0dea892ab9463941cc9d8ada3e,vocals,fake,fft,053_Mogudu Pellala.mp3_vocals.wav,69,10
3cb0d42aea7a5153d36c621bd5e1c0ac,vocals,fake,fft,054_Kuliki Vastava Raghu Mallelo Rama.mp3_vocals.wav,0,10
f60b5f721473f62955a4af7a873051eb,vocals,fake,fft,054_Kuliki Vastava Raghu Mallelo Rama.mp3_vocals.wav,1,10
d177b742ff1025ea32cf2f9f233b849a,vocals,fake,fft,054_Kuliki Vastava Raghu Mallelo Rama.mp3_vocals.wav,2,10
76bad47cbfebcd3d44df931803b78e37,vocals,fake,fft,054_Kuliki Vastava Raghu Mallelo Rama.mp3_vocals.wav,3,10
011a9dd3b5721989c01e980c20654633,vocals,fake,fft,054_Kuliki Vastava Raghu Mallelo Rama.mp3_vocals.wav,4,10
50d0d006f7a881844925eaf5603c6e46,vocals,fake,fft,054_Kuliki Vastava Raghu Mallelo Rama.mp3_vocals.wav,5,10
04e8aad760b9aaaab85b5bea175a4b43,vocals,fake,fft,054_Kuliki Vastava Raghu Mallelo Rama.mp3_vocals.wav,6,10
412798c81346416f46bbbd235ecf5d03,vocals,fake,fft,054_Kuliki Vastava Raghu Mallelo Rama.mp3_vocals.wav,7,10
1d51aaf139d8b4cce63c4681d9a878fe,vocals,fake,fft,054_Kuliki Vastava Raghu Mallelo Rama.mp3_vocals.wav,8,10
c7f9088d992fbdb7fae6a005838febeb,vocals,fake,fft,054_Kuliki Vastava Raghu Mallelo Rama.mp3_vocals.wav,9,10
2dc0da69e724c45012029560aec1640e,vocals,fake,fft,054_Kuliki Vastava Raghu Mallelo Rama.mp3_vocals.wav,10,10
f53b9c0b1e8bbe508b79047978fae469,vocals,fake,fft,054_Kuliki Vastava Raghu Mallelo Rama.mp3_vocals.wav,11,10
d6de66de18f76cde35dfe6b68b8f2e1e,vocals,fake,fft,054_Kuliki Vastava Raghu Mallelo Rama.mp3_vocals.wav,12,10
aadd18d9e578e4f1a7fb80da6b1bad04,vocals,fake,fft,054_Kuliki Vastava Raghu Mallelo Rama.mp3_vocals.wav,13,10
9b78a08f8314488d2fd7bf18de6f4b61,vocals,fake,fft,054_Kuliki Vastava Raghu Mallelo Rama.mp3_vocals.wav,14,10
d9992a04302df1e16aaa28282f86f556,vocals,fake,fft,054_Kuliki Vastava Raghu Mallelo Rama.mp3_vocals.wav,15,10
30fae4644f87b2aeddf32ee030b12519,vocals,fake,fft,054_Kuliki Vastava Raghu Mallelo Rama.mp3_vocals.wav,16,10
0e32ebca96e1c8cf1e5ce7966c57e98a,vocals,fake,fft,054_Kuliki Vastava Raghu Mallelo Rama.mp3_vocals.wav,17,10
e0b7908c5e699b94f51e21ca5dc1653f,vocals,fake,fft,054_Kuliki Vastava Raghu Mallelo Rama.mp3_vocals.wav,18,10
5c552cd1d5fb8e36ba78301c2a8c304d,vocals,fake,fft,054_Kuliki Vastava Raghu Mallelo Rama.mp3_vocals.wav,19,10
feabf81df46851a29f19019a7c27e99f,vocals,fake,fft,054_Kuliki Vastava Raghu Mallelo Rama.mp3_vocals.wav,20,10
394d66afe728a46783dd8587d8391814,vocals,fake,fft,054_Kuliki Vastava Raghu Mallelo Rama.mp3_vocals.wav,21,10
6857cbd3ad34166b13e578ec73efc340,vocals,fake,fft,054_Kuliki Vastava Raghu Mallelo Rama.mp3_vocals.wav,22,10
554e80055a27ae049239a50cbce15bf2,vocals,fake,fft,054_Kuliki Vastava Raghu Mallelo Rama.mp3_vocals.wav,23,10
961258358133b80946b476baabfd629c,vocals,fake,fft,054_Kuliki Vastava Raghu Mallelo Rama.mp3_vocals.wav,24,10
f4efc24be5963aff8f997e133e44fdc2,vocals,fake,fft,054_Kuliki Vastava Raghu Mallelo Rama.mp3_vocals.wav,25,10
e1c988c3f24f03bd677bd6854447b095,vocals,fake,fft,054_Kuliki Vastava Raghu Mallelo Rama.mp3_vocals.wav,26,10
17f526b26c01342e37ba3c48def7551e,vocals,fake,fft,054_Kuliki Vastava Raghu Mallelo Rama.mp3_vocals.wav,27,10
90da917da8a181b975fb7473f493d857,vocals,fake,fft,054_Kuliki Vastava Raghu Mallelo Rama.mp3_vocals.wav,28,10
45411487b0d33ea59a185b1f09934d40,vocals,fake,fft,054_Kuliki Vastava Raghu Mallelo Rama.mp3_vocals.wav,29,10
532d7733a2bcd200183b6cd286b98e83,vocals,fake,fft,054_Kuliki Vastava Raghu Mallelo Rama.mp3_vocals.wav,30,10
30c3085b059e4929673705cb74bf4518,vocals,fake,fft,054_Kuliki Vastava Raghu Mallelo Rama.mp3_vocals.wav,31,10
3dbeb29631db12f7416f61ffae21dbd3,vocals,fake,fft,054_Kuliki Vastava Raghu Mallelo Rama.mp3_vocals.wav,32,10
af10012786ecffa5f07ad331384e71fc,vocals,fake,fft,054_Kuliki Vastava Raghu Mallelo Rama.mp3_vocals.wav,33,10
7d05f7d90ac83450341b8c7835cd4cdb,vocals,fake,fft,054_Kuliki Vastava Raghu Mallelo Rama.mp3_vocals.wav,34,10
b0d3ae1347146fd5390331bc20c85174,vocals,fake,fft,054_Kuliki Vastava Raghu Mallelo Rama.mp3_vocals.wav,35,10
3d52c6706ace831e25c3fd9af6d6a67a,vocals,fake,fft,054_Kuliki Vastava Raghu Mallelo Rama.mp3_vocals.wav,36,10
31d326d16447f74fcbc5c003b4d48517,vocals,fake,fft,055_SIRIPURAM ANGATLA.mp3_vocals.wav,0,10
e5cdff8a6228c0fc712296486b654e10,vocals,fake,fft,055_SIRIPURAM ANGATLA.mp3_vocals.wav,1,10
85d25e31edd4c9a6198b86f8dfc8bdfd,vocals,fake,fft,055_SIRIPURAM ANGATLA.mp3_vocals.wav,2,10
f533a86c290ead46c48f21f28220697a,vocals,fake,fft,056_Sharanu Sharanu Maayamma.mp3_vocals.wav,0,10
56b345042f54d9b6ae2764abbbcc7a9d,vocals,fake,fft,056_Sharanu Sharanu Maayamma.mp3_vocals.wav,1,10
8840ecda72d6527faa94583cacecc477,vocals,fake,fft,056_Sharanu Sharanu Maayamma.mp3_vocals.wav,2,10
77acee627617fc441e8965790576de2d,vocals,fake,fft,056_Sharanu Sharanu Maayamma.mp3_vocals.wav,3,10
3dea54892e240c9aa9c08856ef963783,vocals,fake,fft,056_Sharanu Sharanu Maayamma.mp3_vocals.wav,4,10
918e8f6b3415e3044ebc00bf0d79a53d,vocals,fake,fft,056_Sharanu Sharanu Maayamma.mp3_vocals.wav,5,10
69a257eb425c15b04bbd8ebeec9cb322,vocals,fake,fft,056_Sharanu Sharanu Maayamma.mp3_vocals.wav,6,10
86dda801ff19f03d76b7eb358349800e,vocals,fake,fft,056_Sharanu Sharanu Maayamma.mp3_vocals.wav,7,10
157b0767999e6bbdd0522700140d6971,vocals,fake,fft,056_Sharanu Sharanu Maayamma.mp3_vocals.wav,8,10
5d1450c56b5d50dd11eb1259a3bcf773,vocals,fake,fft,056_Sharanu Sharanu Maayamma.mp3_vocals.wav,9,10
14fad408510ccd9e5f82c425dddc61ec,vocals,fake,fft,056_Sharanu Sharanu Maayamma.mp3_vocals.wav,10,10
7ff57d662a66af08c2a4ac6360bd7bf8,vocals,fake,fft,056_Sharanu Sharanu Maayamma.mp3_vocals.wav,11,10
993a6767916f7e254cc9e58286b88cad,vocals,fake,fft,056_Sharanu Sharanu Maayamma.mp3_vocals.wav,12,10
72bd2ab6edb341b713e8ee98c8ee10d6,vocals,fake,fft,056_Sharanu Sharanu Maayamma.mp3_vocals.wav,13,10
10da3c30d46d4d9dcefdc347e8b99eef,vocals,fake,fft,056_Sharanu Sharanu Maayamma.mp3_vocals.wav,14,10
a1b000e082eae0cbc4dc7e0311203acb,vocals,fake,fft,056_Sharanu Sharanu Maayamma.mp3_vocals.wav,15,10
11fa9cb1bbc5bd6b03fdaa43d8c3503c,vocals,fake,fft,056_Sharanu Sharanu Maayamma.mp3_vocals.wav,16,10
9d3a486948793ef7a04979cfd22611d0,vocals,fake,fft,056_Sharanu Sharanu Maayamma.mp3_vocals.wav,17,10
30d45b245d4d3498bfce3d59c6153a80,vocals,fake,fft,056_Sharanu Sharanu Maayamma.mp3_vocals.wav,18,10
5b59bb0862e4711c215d33ebd1aff8f2,vocals,fake,fft,056_Sharanu Sharanu Maayamma.mp3_vocals.wav,19,10
ce52961f1bf0bc7506de5b13b7a1c723,vocals,fake,fft,056_Sharanu Sharanu Maayamma.mp3_vocals.wav,20,10
5706bf60cd44c65df293cef9ba8742c8,vocals,fake,fft,056_Sharanu Sharanu Maayamma.mp3_vocals.wav,21,10
3b986322dea5d18411aa17cb5857dcb1,vocals,fake,fft,056_Sharanu Sharanu Maayamma.mp3_vocals.wav,22,10
6cefce4abece0be7e5ef215c989d974f,vocals,fake,fft,056_Sharanu Sharanu Maayamma.mp3_vocals.wav,23,10
da2550eb87ba63b58ae5b2920694fc66,vocals,fake,fft,056_Sharanu Sharanu Maayamma.mp3_vocals.wav,24,10
28affaee253bbafe6a5ac2e510968cb0,vocals,fake,fft,056_Sharanu Sharanu Maayamma.mp3_vocals.wav,25,10
d77d52a82454b496238990f110e9b6e9,vocals,fake,fft,056_Sharanu Sharanu Maayamma.mp3_vocals.wav,26,10
917713bb88c92d7c451569dc20bdf3e0,vocals,fake,fft,056_Sharanu Sharanu Maayamma.mp3_vocals.wav,27,10
3335a0ad6050160b0ee84b2b57085444,vocals,fake,fft,056_Sharanu Sharanu Maayamma.mp3_vocals.wav,28,10
c70ded0cfbad284381f045df7c414680,vocals,fake,fft,056_Sharanu Sharanu Maayamma.mp3_vocals.wav,29,10
f7afce2f4d0236a101d4e64f0920887a,vocals,fake,fft,056_Sharanu Sharanu Maayamma.mp3_vocals.wav,30,10
2456a89496f7bf6dd7b2c562101e66ec,vocals,fake,fft,056_Sharanu Sharanu Maayamma.mp3_vocals.wav,31,10
e49de84000a835beb0e3055056ad3913,vocals,fake,fft,056_Sharanu Sharanu Maayamma.mp3_vocals.wav,32,10
0f99f11a81534499022c3d9148637321,vocals,fake,fft,057_Ammamma Yedabothe.mp3_vocals.wav,0,10
457c0549a69273a3377d59316dc3095c,vocals,fake,fft,057_Ammamma Yedabothe.mp3_vocals.wav,1,10
768c76631bb751cb4e6267d2f27f9388,vocals,fake,fft,057_Ammamma Yedabothe.mp3_vocals.wav,2,10
e73fe7e5d9befeb2bbe356f131b10f64,vocals,fake,fft,057_Ammamma Yedabothe.mp3_vocals.wav,3,10
915090fd54c4afc2c6531feafdf9b4c1,vocals,fake,fft,057_Ammamma Yedabothe.mp3_vocals.wav,4,10
7c170bae67ffbeaebdb302973204b0e7,vocals,fake,fft,057_Ammamma Yedabothe.mp3_vocals.wav,5,10
ce8058ac1c5cd90af55c8082a0d8dc5f,vocals,fake,fft,057_Ammamma Yedabothe.mp3_vocals.wav,6,10
d3d76c728a40c951dfb8df811041fa31,vocals,fake,fft,057_Ammamma Yedabothe.mp3_vocals.wav,7,10
ee7094b292c2cffab695645cddd619c3,vocals,fake,fft,057_Ammamma Yedabothe.mp3_vocals.wav,8,10
34a52633948030d933984dd2c853a13c,vocals,fake,fft,057_Ammamma Yedabothe.mp3_vocals.wav,9,10
03b4b2d05b10c84d857acbddfef73025,vocals,fake,fft,057_Ammamma Yedabothe.mp3_vocals.wav,10,10
bd6f4d7d34c6c2ce2720f3e03857c5f2,vocals,fake,fft,057_Ammamma Yedabothe.mp3_vocals.wav,11,10
e99f2e3e3a2a74bcc460f8da3c60cb77,vocals,fake,fft,057_Ammamma Yedabothe.mp3_vocals.wav,12,10
dac63dff7f7a11f9f9790836df6aacac,vocals,fake,fft,057_Ammamma Yedabothe.mp3_vocals.wav,13,10
48639ebcac6501ad914fd6cf743a4643,vocals,fake,fft,057_Ammamma Yedabothe.mp3_vocals.wav,14,10
6691324e28576e2db5792f19b012e6c5,vocals,fake,fft,057_Ammamma Yedabothe.mp3_vocals.wav,15,10
c43fbf40b52dbc749de69b9936beef6d,vocals,fake,fft,057_Ammamma Yedabothe.mp3_vocals.wav,16,10
a072ee6bf6c7bc4b4e92ffc91126647a,vocals,fake,fft,057_Ammamma Yedabothe.mp3_vocals.wav,17,10
c3b81e01ddcb0ef21f80ca4ddc986162,vocals,fake,fft,057_Ammamma Yedabothe.mp3_vocals.wav,18,10
2d1b87752069550dee788176b68874de,vocals,fake,fft,057_Ammamma Yedabothe.mp3_vocals.wav,19,10
8850ece89c00de1e704e280e3c57d53c,vocals,fake,fft,057_Ammamma Yedabothe.mp3_vocals.wav,20,10
7ffbf2052ebd285ab301d1d6a5146ab6,vocals,fake,fft,057_Ammamma Yedabothe.mp3_vocals.wav,21,10
ead526b46587b63d72763f577c37f79e,vocals,fake,fft,057_Ammamma Yedabothe.mp3_vocals.wav,22,10
d2955bf8820b471060367595e026fe7c,vocals,fake,fft,057_Ammamma Yedabothe.mp3_vocals.wav,23,10
bd11e27633077b452a5beb25ccd24390,vocals,fake,fft,057_Ammamma Yedabothe.mp3_vocals.wav,24,10
3409203246f130b6fb7a6969cc4c623a,vocals,fake,fft,059_Swamulara Babu.mp3_vocals.wav,0,10
592e092deabcd22b66831cd3d6973c7a,vocals,fake,fft,059_Swamulara Babu.mp3_vocals.wav,1,10
d112cce97a0fd847d33c3037a0d2fb79,vocals,fake,fft,059_Swamulara Babu.mp3_vocals.wav,2,10
d11008edce70aa979ae85f16979e7a9b,vocals,fake,fft,059_Swamulara Babu.mp3_vocals.wav,3,10
0a9135fac0b80178bb379b41f675092a,vocals,fake,fft,059_Swamulara Babu.mp3_vocals.wav,4,10
891274e45a2af18780154390ec6fe7e1,vocals,fake,fft,059_Swamulara Babu.mp3_vocals.wav,5,10
56ae0c66be14c1a9d26294aefa4b27a1,vocals,fake,fft,059_Swamulara Babu.mp3_vocals.wav,6,10
59644336c474eba70cca3ec9ffa49709,vocals,fake,fft,059_Swamulara Babu.mp3_vocals.wav,7,10
501e7ff713fe1ef5d881f81abc929495,vocals,fake,fft,059_Swamulara Babu.mp3_vocals.wav,8,10
d7da78bb9a79370f4388fdc9a7d65346,vocals,fake,fft,059_Swamulara Babu.mp3_vocals.wav,9,10
2afa80ff287614f3fe646f976f608e16,vocals,fake,fft,059_Swamulara Babu.mp3_vocals.wav,10,10
fef30a814ef1eed2b032f8e94e24b6f5,vocals,fake,fft,059_Swamulara Babu.mp3_vocals.wav,11,10
45a27afb693d9b41c91c55cc17d56695,vocals,fake,fft,059_Swamulara Babu.mp3_vocals.wav,12,10
140478e257d693d6d1535d6d4ce0b73b,vocals,fake,fft,059_Swamulara Babu.mp3_vocals.wav,13,10
8b2cc5b5277e53792fe3c081244dadff,vocals,fake,fft,059_Swamulara Babu.mp3_vocals.wav,14,10
49a1622f65d8058c759c271998420e7a,vocals,fake,fft,059_Swamulara Babu.mp3_vocals.wav,15,10
00f3230e9c12a3a8d9156c8b5c1460ad,vocals,fake,fft,059_Swamulara Babu.mp3_vocals.wav,16,10
66354e4aaa6ccbbff698da4679f4e98e,vocals,fake,fft,059_Swamulara Babu.mp3_vocals.wav,17,10
ce101032173eacd27bc3caa9d42f4478,vocals,fake,fft,059_Swamulara Babu.mp3_vocals.wav,18,10
ca4a70070fcbd642882d3b842c9c2246,vocals,fake,fft,059_Swamulara Babu.mp3_vocals.wav,19,10
75c4d7e349a55285f355d9daa1ab228b,vocals,fake,fft,059_Swamulara Babu.mp3_vocals.wav,20,10
9752da0e87bdde3b5361766247fb5510,vocals,fake,fft,059_Swamulara Babu.mp3_vocals.wav,21,10
68efda6f2abf28ec484ba7c75b3f20e4,vocals,fake,fft,059_Swamulara Babu.mp3_vocals.wav,22,10
eabc8e0fcecb79c144384f86a60e56d4,vocals,fake,fft,060_Appe Chestavo.mp3_vocals.wav,0,10
35bbf735fc6d39d69def355741abec70,vocals,fake,fft,060_Appe Chestavo.mp3_vocals.wav,1,10
392162f2f9175f423aaa77ebc6e9bb84,vocals,fake,fft,060_Appe Chestavo.mp3_vocals.wav,2,10
530b9b3215518975440185da568245da,vocals,fake,fft,060_Appe Chestavo.mp3_vocals.wav,3,10
dc4089cfebbb2c67faa2f456f0ec9681,vocals,fake,fft,060_Appe Chestavo.mp3_vocals.wav,4,10
9ee3c776991a4c8794060be94d071c88,vocals,fake,fft,060_Appe Chestavo.mp3_vocals.wav,5,10
c55d343ffc1a8b9b4adea6193313e9eb,vocals,fake,fft,060_Appe Chestavo.mp3_vocals.wav,6,10
c11b014526ece7b7520d7933be242ffb,vocals,fake,fft,060_Appe Chestavo.mp3_vocals.wav,7,10
fc1c96b26819643b6fc87201c4451767,vocals,fake,fft,060_Appe Chestavo.mp3_vocals.wav,8,10
2958e53753089c5cf7ece441bb9e36b5,vocals,fake,fft,060_Appe Chestavo.mp3_vocals.wav,9,10
28c0335699cc2cf40a2caad5b7b898a5,vocals,fake,fft,060_Appe Chestavo.mp3_vocals.wav,10,10
2e3b1f722b4c64d90ef0a04e421adee9,vocals,fake,fft,060_Appe Chestavo.mp3_vocals.wav,11,10
e221bd32feebd9dc87d159460ba714ca,vocals,fake,fft,060_Appe Chestavo.mp3_vocals.wav,12,10
a89532ba1c32e89bdd70068b2130c02c,vocals,fake,fft,060_Appe Chestavo.mp3_vocals.wav,13,10
dbd3d245e613d8a3a97203a110212360,vocals,fake,fft,060_Appe Chestavo.mp3_vocals.wav,14,10
15a0a1fde4d07c161e7ddd312816c25e,vocals,fake,fft,060_Appe Chestavo.mp3_vocals.wav,15,10
19a944f2184bfac9347434723b3823b1,vocals,fake,fft,060_Appe Chestavo.mp3_vocals.wav,16,10
4472d5ba7e6244349fbfa80ebf3e641f,vocals,fake,fft,060_Appe Chestavo.mp3_vocals.wav,17,10
8019cd6f3579413dfa3a24499c3fb0b8,vocals,fake,fft,060_Appe Chestavo.mp3_vocals.wav,18,10
ba13fec67f31a9028f3f166501454121,vocals,fake,fft,060_Appe Chestavo.mp3_vocals.wav,19,10
4ba69d186fd62b502634e2426e80dcce,vocals,fake,fft,060_Appe Chestavo.mp3_vocals.wav,20,10
9343622930989701d7a1416361522714,vocals,fake,fft,060_Appe Chestavo.mp3_vocals.wav,21,10
fff58119f0f7f847a51e4858d49c30a6,vocals,fake,fft,060_Appe Chestavo.mp3_vocals.wav,22,10
bb2b1c39893a19736490bfdd126a4067,vocals,fake,fft,060_Appe Chestavo.mp3_vocals.wav,23,10
60c7879641295c2d38cc7cc63ec59c87,vocals,fake,fft,060_Appe Chestavo.mp3_vocals.wav,24,10
3212f4badff1c2d9e49c36128a5a017c,vocals,fake,fft,060_Appe Chestavo.mp3_vocals.wav,25,10
3916c04beb4487f487b0394b1fe8a282,vocals,fake,fft,060_Appe Chestavo.mp3_vocals.wav,26,10
d3fc8698d0ef76c943fb534e84b5c430,vocals,fake,fft,061_Pachhani Mana Pally.mp3_vocals.wav,0,10
4c4938a669761992b308eb0067a21f4e,vocals,fake,fft,061_Pachhani Mana Pally.mp3_vocals.wav,1,10
5f9b2dd4134c5cba2c65698a1b001a1c,vocals,fake,fft,061_Pachhani Mana Pally.mp3_vocals.wav,2,10
533aa19037f88ce10ddf5aff9351fdde,vocals,fake,fft,061_Pachhani Mana Pally.mp3_vocals.wav,3,10
abae6fc91e2ae3839479e2ae6a018294,vocals,fake,fft,061_Pachhani Mana Pally.mp3_vocals.wav,4,10
f52d6d067d5a32b9b8061ae919a07fad,vocals,fake,fft,061_Pachhani Mana Pally.mp3_vocals.wav,5,10
acbff979345f75efb2958101509d550a,vocals,fake,fft,061_Pachhani Mana Pally.mp3_vocals.wav,6,10
28b8e39c001fbed71c0ca16f2b1f0619,vocals,fake,fft,061_Pachhani Mana Pally.mp3_vocals.wav,7,10
da0bf8fae01cf7d7f6f72b82f4b95e7b,vocals,fake,fft,061_Pachhani Mana Pally.mp3_vocals.wav,8,10
aa0fe3572f070850914eae7dbc309658,vocals,fake,fft,061_Pachhani Mana Pally.mp3_vocals.wav,9,10
e671006f6008b0e8015337f9d2c0f2bc,vocals,fake,fft,061_Pachhani Mana Pally.mp3_vocals.wav,10,10
6f0fd18a1ec2d11cc8dd1bea145f2244,vocals,fake,fft,061_Pachhani Mana Pally.mp3_vocals.wav,11,10
e24ba5de1645f624b79b7ed23a05a20b,vocals,fake,fft,061_Pachhani Mana Pally.mp3_vocals.wav,12,10
52d6e7c6334a9949e40dbfe7ab6dfac4,vocals,fake,fft,061_Pachhani Mana Pally.mp3_vocals.wav,13,10
07370f0b8db28e738e0a253111f4675a,vocals,fake,fft,061_Pachhani Mana Pally.mp3_vocals.wav,14,10
e85b3dd9da65a4f88dfbbd5c1743aad5,vocals,fake,fft,061_Pachhani Mana Pally.mp3_vocals.wav,15,10
f9f4d239931bc904fa61c90068cc2490,vocals,fake,fft,061_Pachhani Mana Pally.mp3_vocals.wav,16,10
7fa09d257384c02eae081bcc6b28a4fe,vocals,fake,fft,061_Pachhani Mana Pally.mp3_vocals.wav,17,10
ddce53fb23208f0973f164abbe30dc12,vocals,fake,fft,062_Ayyori Mogada.mp3_vocals.wav,0,10
ff3e55d8078e6db05b822f0c6a10a33c,vocals,fake,fft,062_Ayyori Mogada.mp3_vocals.wav,1,10
a5c3dca3a68807a4dd2815c7cb74ab70,vocals,fake,fft,062_Ayyori Mogada.mp3_vocals.wav,2,10
7fcf5a0cd91caddd30c9f4024873f0c4,vocals,fake,fft,062_Ayyori Mogada.mp3_vocals.wav,3,10
e8bcd9615743ee98e8673a1a01733102,vocals,fake,fft,062_Ayyori Mogada.mp3_vocals.wav,4,10
fa659bea70627dd4defe3454687f7785,vocals,fake,fft,062_Ayyori Mogada.mp3_vocals.wav,5,10
6aa6d72d8aa27092aed645008800a776,vocals,fake,fft,062_Ayyori Mogada.mp3_vocals.wav,6,10
dd6c298f97c270c64782bfe4beccfa81,vocals,fake,fft,062_Ayyori Mogada.mp3_vocals.wav,7,10
70a20451ec82498a4ea17a8fe9a12197,vocals,fake,fft,062_Ayyori Mogada.mp3_vocals.wav,8,10
d0b60378f24e87dcb506870f3d717ecd,vocals,fake,fft,062_Ayyori Mogada.mp3_vocals.wav,9,10
00973e0f643bc6e8af7ba0ec51ce247f,vocals,fake,fft,062_Ayyori Mogada.mp3_vocals.wav,10,10
c298b8677d3aaaaa8eb06f2838df32c6,vocals,fake,fft,062_Ayyori Mogada.mp3_vocals.wav,11,10
37c602cc5b2a11a4f5ba14f7a4651c3e,vocals,fake,fft,062_Ayyori Mogada.mp3_vocals.wav,12,10
4f7e0c4dce281eb5e38ccc03e7b0db1d,vocals,fake,fft,062_Ayyori Mogada.mp3_vocals.wav,13,10
c1a1b7ee67c125c30b8ff81c074be2af,vocals,fake,fft,062_Ayyori Mogada.mp3_vocals.wav,14,10
4689650cf2876f9c4077b843a3c0683a,vocals,fake,fft,062_Ayyori Mogada.mp3_vocals.wav,15,10
df4d54cfe890132d23bf337e268504c9,vocals,fake,fft,062_Ayyori Mogada.mp3_vocals.wav,16,10
032cef3f725154ae9109e59685c372b4,vocals,fake,fft,062_Ayyori Mogada.mp3_vocals.wav,17,10
8600263fcb015bccf504f086d32461ce,vocals,fake,fft,062_Ayyori Mogada.mp3_vocals.wav,18,10
80a7c528514e003e2b1d0cb12ec351fb,vocals,fake,fft,062_Ayyori Mogada.mp3_vocals.wav,19,10
e3658b45275a4b4dee1d188cbc0842e2,vocals,fake,fft,062_Ayyori Mogada.mp3_vocals.wav,20,10
cc4af8ddf1a4866350890c8c7bb9ef6c,vocals,fake,fft,062_Ayyori Mogada.mp3_vocals.wav,21,10
de7e5b9de3669e3a93ddc749cad7c10d,vocals,fake,fft,063_Yemi Rajakiyalo.mp3_vocals.wav,0,10
7119ec68c720e244aad4080e55f1230e,vocals,fake,fft,063_Yemi Rajakiyalo.mp3_vocals.wav,1,10
81959f5f16562aad5e5d8dab8b3218d6,vocals,fake,fft,063_Yemi Rajakiyalo.mp3_vocals.wav,2,10
0399f2580d84988b6e96b61512336d60,vocals,fake,fft,063_Yemi Rajakiyalo.mp3_vocals.wav,3,10
d0f644951392f872d556534b791996af,vocals,fake,fft,063_Yemi Rajakiyalo.mp3_vocals.wav,4,10
5055cb0e4e0fcbde682ed63a8cc34db3,vocals,fake,fft,063_Yemi Rajakiyalo.mp3_vocals.wav,5,10
6d86b6b65b79405e49e0b37232975bbe,vocals,fake,fft,063_Yemi Rajakiyalo.mp3_vocals.wav,6,10
6ab51479a1bc7185fc67f04f6551501f,vocals,fake,fft,063_Yemi Rajakiyalo.mp3_vocals.wav,7,10
0fd52ecebc77127f1d16092d2b3e8903,vocals,fake,fft,063_Yemi Rajakiyalo.mp3_vocals.wav,8,10
9e9d14fb59ddd779870f9e89362a09a8,vocals,fake,fft,063_Yemi Rajakiyalo.mp3_vocals.wav,9,10
85f13298db03e783725b623067577100,vocals,fake,fft,063_Yemi Rajakiyalo.mp3_vocals.wav,10,10
b8b43b9114412bb72db4be685c63d8bb,vocals,fake,fft,063_Yemi Rajakiyalo.mp3_vocals.wav,11,10
52c6471333b670f1cfccaadf0964edca,vocals,fake,fft,063_Yemi Rajakiyalo.mp3_vocals.wav,12,10
7833a6414af31da87968b07c1a7fd3fc,vocals,fake,fft,063_Yemi Rajakiyalo.mp3_vocals.wav,13,10
31abfde0e96b2426452a17cf53f05f19,vocals,fake,fft,063_Yemi Rajakiyalo.mp3_vocals.wav,14,10
f774b2b0522004251fbd248e05aae2ef,vocals,fake,fft,063_Yemi Rajakiyalo.mp3_vocals.wav,15,10
33e59f1625daf02308af161dea3d68c9,vocals,fake,fft,063_Yemi Rajakiyalo.mp3_vocals.wav,16,10
71d8ae3c3f0c2012584350caa19b572a,vocals,fake,fft,063_Yemi Rajakiyalo.mp3_vocals.wav,17,10
f5a1c630df468033919adbb88687aee2,vocals,fake,fft,063_Yemi Rajakiyalo.mp3_vocals.wav,18,10
93362689597c7e67b72c22bbc75f6364,vocals,fake,fft,063_Yemi Rajakiyalo.mp3_vocals.wav,19,10
a140f480ca5fbd1aac5e9b7632b93e7a,vocals,fake,fft,063_Yemi Rajakiyalo.mp3_vocals.wav,20,10
ef635b46b2bf8ca75972f1ea9ec04e38,vocals,fake,fft,063_Yemi Rajakiyalo.mp3_vocals.wav,21,10
478dd6cfb4d3c99ad9e3800f6e79f704,vocals,fake,fft,063_Yemi Rajakiyalo.mp3_vocals.wav,22,10
d57a0cba819bd297f2b37aae3c81287b,vocals,fake,fft,063_Yemi Rajakiyalo.mp3_vocals.wav,23,10
d293d2fc6fd1c23c1bf683ea4e7fd790,vocals,fake,fft,063_Yemi Rajakiyalo.mp3_vocals.wav,24,10
655372e5a9a0949c70c08bc6a2f5f186,vocals,fake,fft,063_Yemi Rajakiyalo.mp3_vocals.wav,25,10
724e808441249e67d2fa3ba69be0fb02,vocals,fake,fft,063_Yemi Rajakiyalo.mp3_vocals.wav,26,10
d7a48dec09dd79b2401aabbbe2368b6c,vocals,fake,fft,063_Yemi Rajakiyalo.mp3_vocals.wav,27,10
23a12da36dfc1cb82ce00104ebc24bdb,vocals,fake,fft,063_Yemi Rajakiyalo.mp3_vocals.wav,28,10
66732ad209f78fc9aeafc71b0ca1f8fc,vocals,fake,fft,063_Yemi Rajakiyalo.mp3_vocals.wav,29,10
5b7f2175e1ce4faefcdf433aca764ffa,vocals,fake,fft,063_Yemi Rajakiyalo.mp3_vocals.wav,30,10
d7fdc2c3d6e440a038257cc52f1c8e23,vocals,fake,fft,063_Yemi Rajakiyalo.mp3_vocals.wav,31,10
3d902753a278a80a194e9e9ca6a67c34,vocals,fake,fft,063_Yemi Rajakiyalo.mp3_vocals.wav,32,10
f5c16cd2775bbc5c3ff8caf2b1b49a6b,vocals,fake,fft,063_Yemi Rajakiyalo.mp3_vocals.wav,33,10
02f4475e20bed28575aa44a8e13582ce,vocals,fake,fft,063_Yemi Rajakiyalo.mp3_vocals.wav,34,10
0120a116dc10a597fb27cbdb7d301059,vocals,fake,fft,063_Yemi Rajakiyalo.mp3_vocals.wav,35,10
fcc96c7621fdc4c40a36c7b4ce9b28e2,vocals,fake,fft,063_Yemi Rajakiyalo.mp3_vocals.wav,36,10
d04a189affd825c6db2a82a4864b7882,vocals,fake,fft,063_Yemi Rajakiyalo.mp3_vocals.wav,37,10
1e0c66a804afc955d0692ad4587fe6e9,vocals,fake,fft,063_Yemi Rajakiyalo.mp3_vocals.wav,38,10
1824e673eb49b446eeadd4d03adac162,vocals,fake,fft,063_Yemi Rajakiyalo.mp3_vocals.wav,39,10
5f8cb3f3dbbecea8ade0a025c51738e2,vocals,fake,fft,063_Yemi Rajakiyalo.mp3_vocals.wav,40,10
55e455e81ea1ec8eaef67a87823db008,vocals,fake,fft,066_Bonala Patalu.mp3_vocals.wav,0,10
617e28ff9c153ba08c1f28bba16cc019,vocals,fake,fft,066_Bonala Patalu.mp3_vocals.wav,1,10
1fb076159b23cebd548b5fcbc04b4b3c,vocals,fake,fft,066_Bonala Patalu.mp3_vocals.wav,2,10
9624b57e032c3355fb8f8355d965defb,vocals,fake,fft,066_Bonala Patalu.mp3_vocals.wav,3,10
90e656491d2c68693fa465041b220c1e,vocals,fake,fft,066_Bonala Patalu.mp3_vocals.wav,4,10
063afe750959efd3517d36a87a867381,vocals,fake,fft,066_Bonala Patalu.mp3_vocals.wav,5,10
a65fe459511b48a4ba5637809faae5da,vocals,fake,fft,066_Bonala Patalu.mp3_vocals.wav,6,10
a661b7b8ac91520c35e75339525014c4,vocals,fake,fft,066_Bonala Patalu.mp3_vocals.wav,7,10
158d583c36cc9feb60fe65b33dc5b61a,vocals,fake,fft,066_Bonala Patalu.mp3_vocals.wav,8,10
b02e65e24c36758a207626059641a106,vocals,fake,fft,066_Bonala Patalu.mp3_vocals.wav,9,10
3d806d03cbb1efcc0cf5bef1dff6b157,vocals,fake,fft,066_Bonala Patalu.mp3_vocals.wav,10,10
eaaf6ce8dfbe4ae181fa9d1868aed301,vocals,fake,fft,066_Bonala Patalu.mp3_vocals.wav,11,10
cd53fdc4fe8085981262ed97d5ef9e66,vocals,fake,fft,066_Bonala Patalu.mp3_vocals.wav,12,10
d4d43e51163336cbd4f9d0d75e884fb8,vocals,fake,fft,066_Bonala Patalu.mp3_vocals.wav,13,10
93ac76823390442d07c8eb40a50f390d,vocals,fake,fft,066_Bonala Patalu.mp3_vocals.wav,14,10
25804b6ff81f1711879b55a1cbc11704,vocals,fake,fft,066_Bonala Patalu.mp3_vocals.wav,15,10
ac8199ae0b362b4a27e378f1a402ac26,vocals,fake,fft,066_Bonala Patalu.mp3_vocals.wav,16,10
ef7d255825069faae0f5ff3e117e1752,vocals,fake,fft,066_Bonala Patalu.mp3_vocals.wav,17,10
477450a8625d5a6d27d78277f673473b,vocals,fake,fft,066_Bonala Patalu.mp3_vocals.wav,18,10
5514f66fd9ae4623d80a564f91c7e3e8,vocals,fake,fft,066_Bonala Patalu.mp3_vocals.wav,19,10
dbceca9a1326a16e0e73750b298edd36,vocals,fake,fft,066_Bonala Patalu.mp3_vocals.wav,20,10
3da86ea2eb807feb387d3711fd82d952,vocals,fake,fft,066_Bonala Patalu.mp3_vocals.wav,21,10
0df98cb38d6bbde9c7b361c5e12fd449,vocals,fake,fft,066_Bonala Patalu.mp3_vocals.wav,22,10
133678e0dbaa2b9428e5c076373b585f,vocals,fake,fft,069_Palle Kanneru Peduthundo.mp3_vocals.wav,0,10
28a01529ae7aeb693d0f350411c9e38d,vocals,fake,fft,069_Palle Kanneru Peduthundo.mp3_vocals.wav,1,10
5d23c9ecbfa5d71c123051d36f3d100e,vocals,fake,fft,069_Palle Kanneru Peduthundo.mp3_vocals.wav,2,10
a4958de11038006d69741416acce7ef6,vocals,fake,fft,069_Palle Kanneru Peduthundo.mp3_vocals.wav,3,10
bf8f77216f851d2247f55f948b7b9d3a,vocals,fake,fft,069_Palle Kanneru Peduthundo.mp3_vocals.wav,4,10
34ec4a3101dbd7f8829b92f22cabf0c0,vocals,fake,fft,069_Palle Kanneru Peduthundo.mp3_vocals.wav,5,10
7f6641667a1ebc73e7096634030a940c,vocals,fake,fft,069_Palle Kanneru Peduthundo.mp3_vocals.wav,6,10
b2962f7935c07f4a6564cb1df50c0040,vocals,fake,fft,069_Palle Kanneru Peduthundo.mp3_vocals.wav,7,10
a2291524b8a0308afa6fc509d2ad3d38,vocals,fake,fft,069_Palle Kanneru Peduthundo.mp3_vocals.wav,8,10
0daf85c28bcabe7efd04ce813ea18e88,vocals,fake,fft,069_Palle Kanneru Peduthundo.mp3_vocals.wav,9,10
e3ae5941397f5c5e0ad1a028289ee58e,vocals,fake,fft,069_Palle Kanneru Peduthundo.mp3_vocals.wav,10,10
13928ebf3a9bf1ff9be6639b31830bab,vocals,fake,fft,069_Palle Kanneru Peduthundo.mp3_vocals.wav,11,10
41a783b41645af61bdb175c42faa87b4,vocals,fake,fft,069_Palle Kanneru Peduthundo.mp3_vocals.wav,12,10
c0c67ba7a0f4ae61d4399b552e53a21e,vocals,fake,fft,069_Palle Kanneru Peduthundo.mp3_vocals.wav,13,10
77b820535a9ade7b71da6b7dd06211c6,vocals,fake,fft,069_Palle Kanneru Peduthundo.mp3_vocals.wav,14,10
ed623dc8c60bf0f86c0cd428274dfa17,vocals,fake,fft,069_Palle Kanneru Peduthundo.mp3_vocals.wav,15,10
d16821a641bd6cd274be81da8a175b03,vocals,fake,fft,069_Palle Kanneru Peduthundo.mp3_vocals.wav,16,10
8bcabdff57c1980e9f155694d34fbcc1,vocals,fake,fft,069_Palle Kanneru Peduthundo.mp3_vocals.wav,17,10
33a54dd22d63f6140b7e70d4e9a66965,vocals,fake,fft,069_Palle Kanneru Peduthundo.mp3_vocals.wav,18,10
286cde97c0f1b91965c7a93fcb14b544,vocals,fake,fft,069_Palle Kanneru Peduthundo.mp3_vocals.wav,19,10
89e876ab460e1fb35d7eb1f03d45146f,vocals,fake,fft,069_Palle Kanneru Peduthundo.mp3_vocals.wav,20,10
de8663e6c8bd569e66155a853a4f0a1a,vocals,fake,fft,069_Palle Kanneru Peduthundo.mp3_vocals.wav,21,10
214c8c7651f6314c6fcae5826ef8b27b,vocals,fake,fft,069_Palle Kanneru Peduthundo.mp3_vocals.wav,22,10
3c0910e580c3519d3c15d8a14a8e1624,vocals,fake,fft,069_Palle Kanneru Peduthundo.mp3_vocals.wav,23,10
85d48126c47ae5334326d2d92254d637,vocals,fake,fft,069_Palle Kanneru Peduthundo.mp3_vocals.wav,24,10
ecb5be8398f38c70a129631e1291cec7,vocals,fake,fft,069_Palle Kanneru Peduthundo.mp3_vocals.wav,25,10
25478686ee304d70c77ad603cd73a380,vocals,fake,fft,069_Palle Kanneru Peduthundo.mp3_vocals.wav,26,10
c189d7ad3a43561b4bad6ab036b87053,vocals,fake,fft,069_Palle Kanneru Peduthundo.mp3_vocals.wav,27,10
2b495e23ff61af4049c28338d31d9a26,vocals,fake,fft,069_Palle Kanneru Peduthundo.mp3_vocals.wav,28,10
7c449c893469aedfd575b389bd8b2641,vocals,fake,fft,069_Palle Kanneru Peduthundo.mp3_vocals.wav,29,10
fdbd0abd6441eb9a5cb77557fbce5a74,vocals,fake,fft,069_Palle Kanneru Peduthundo.mp3_vocals.wav,30,10
8c477c2580ba159a6c53652c8399496f,vocals,fake,fft,069_Palle Kanneru Peduthundo.mp3_vocals.wav,31,10
82e71da4c2fd50fe8e4cd3edb8affde9,vocals,fake,fft,069_Palle Kanneru Peduthundo.mp3_vocals.wav,32,10
84989922aa0acbf2b62360b0ef103c7c,vocals,fake,fft,069_Palle Kanneru Peduthundo.mp3_vocals.wav,33,10
e402300fc59a756797c493c1d97fd959,vocals,fake,fft,069_Palle Kanneru Peduthundo.mp3_vocals.wav,34,10
b02ef3c7a5a002001b25f87e474b8810,vocals,fake,fft,069_Palle Kanneru Peduthundo.mp3_vocals.wav,35,10
fc431bbe8e7810c51f8c58c7b9ba086b,vocals,fake,fft,069_Palle Kanneru Peduthundo.mp3_vocals.wav,36,10
f3653be9ff6b79444113952c2564609f,vocals,fake,fft,069_Palle Kanneru Peduthundo.mp3_vocals.wav,37,10
06ab3adfa009f3cadee8bd5981b02357,vocals,fake,fft,069_Palle Kanneru Peduthundo.mp3_vocals.wav,38,10
48588687780af9b5f21a2aa679de579f,vocals,fake,fft,069_Palle Kanneru Peduthundo.mp3_vocals.wav,39,10
d611a3c0ba986c4c30637b2e05a61742,vocals,fake,fft,069_Palle Kanneru Peduthundo.mp3_vocals.wav,40,10
76e564ac9ba2136092cb96524532b196,vocals,fake,fft,069_Palle Kanneru Peduthundo.mp3_vocals.wav,41,10
0700e29c2d75a5c2a1043b278b2ee391,vocals,fake,fft,069_Palle Kanneru Peduthundo.mp3_vocals.wav,42,10
ec8f938dbf39abe22f3056d350e8b3b8,vocals,fake,fft,069_Palle Kanneru Peduthundo.mp3_vocals.wav,43,10
e49bd85f980103a2437409b74d033d9a,vocals,fake,fft,069_Palle Kanneru Peduthundo.mp3_vocals.wav,44,10
8a79fb4dded1dc450b6e7d5ab31a354e,vocals,fake,fft,069_Palle Kanneru Peduthundo.mp3_vocals.wav,45,10
3eb6e6f09e7b63fd94726157c638edf0,vocals,fake,fft,069_Palle Kanneru Peduthundo.mp3_vocals.wav,46,10
8472fe06607a95bb914abfcd75a1dab4,vocals,fake,fft,069_Palle Kanneru Peduthundo.mp3_vocals.wav,47,10
465be9fa10dedbf9dd1c7da03eacd986,vocals,fake,fft,069_Palle Kanneru Peduthundo.mp3_vocals.wav,48,10
71cc6bb46ee006f0fff0f209d90dd08e,vocals,fake,fft,069_Palle Kanneru Peduthundo.mp3_vocals.wav,49,10
78a82c08385a00a88ffe57f00a20b07c,vocals,fake,fft,069_Palle Kanneru Peduthundo.mp3_vocals.wav,50,10
6710df8fe3f7612ec7419d9d5c1d6b50,vocals,fake,fft,069_Palle Kanneru Peduthundo.mp3_vocals.wav,51,10
eb0ce8c0ffc17a7aceb4da1de8cf26df,vocals,fake,fft,069_Palle Kanneru Peduthundo.mp3_vocals.wav,52,10
e440b23dca1d6d8c2efb9f2a4e335f5b,vocals,fake,fft,069_Palle Kanneru Peduthundo.mp3_vocals.wav,53,10
d665262a9bf09f4dd76c8af7020f6708,vocals,fake,fft,069_Palle Kanneru Peduthundo.mp3_vocals.wav,54,10
9d35b5ad57cb7f648c08391de59dc335,vocals,fake,fft,069_Palle Kanneru Peduthundo.mp3_vocals.wav,55,10
f4a4d354899b059c3fe0192874fb09fa,vocals,fake,fft,069_Palle Kanneru Peduthundo.mp3_vocals.wav,56,10
fa3c4b40f40b3b6752cb5b727fe17565,vocals,fake,fft,069_Palle Kanneru Peduthundo.mp3_vocals.wav,57,10
f2bdf585f2bb60b1f03315d58199c9c6,vocals,fake,fft,069_Palle Kanneru Peduthundo.mp3_vocals.wav,58,10
bd90b20ecd550c007e5890636f22308c,vocals,fake,fft,069_Palle Kanneru Peduthundo.mp3_vocals.wav,59,10
540901406c492aa2b6bbe1c6024e96dc,vocals,fake,fft,069_Palle Kanneru Peduthundo.mp3_vocals.wav,60,10
546200eb6db39afb877f3f502f04f5ea,vocals,fake,fft,069_Palle Kanneru Peduthundo.mp3_vocals.wav,61,10
71bdce237d45d68aa97f94f165e536d7,vocals,fake,fft,069_Palle Kanneru Peduthundo.mp3_vocals.wav,62,10
d3835eae005cee7e7d02499f784070bd,vocals,fake,fft,069_Palle Kanneru Peduthundo.mp3_vocals.wav,63,10
fbc7014dd4379897d9dfcb75ea426a46,vocals,fake,fft,069_Palle Kanneru Peduthundo.mp3_vocals.wav,64,10
0eb4fe6372aebf291b535aad352cf778,vocals,fake,fft,069_Palle Kanneru Peduthundo.mp3_vocals.wav,65,10
99a1663f52a025d9cdb4c59ed24a146a,vocals,fake,fft,069_Palle Kanneru Peduthundo.mp3_vocals.wav,66,10
dd698cdb25fe6bc14d2e91aaaa8f70da,vocals,fake,fft,069_Palle Kanneru Peduthundo.mp3_vocals.wav,67,10
b29574c0946965d795c85567f16ed684,vocals,fake,fft,069_Palle Kanneru Peduthundo.mp3_vocals.wav,68,10
8eb3575d9f090392b68f8bfe6d7f31f1,vocals,fake,fft,069_Palle Kanneru Peduthundo.mp3_vocals.wav,69,10
d2bca8f7de12ce44e74b94bd54db409a,vocals,fake,fft,069_Palle Kanneru Peduthundo.mp3_vocals.wav,70,10
be14b72bb55c47e800b238aee8c3f346,vocals,fake,fft,069_Palle Kanneru Peduthundo.mp3_vocals.wav,71,10
8470173047a9b0c7cc135a1e8304e83b,vocals,fake,fft,069_Palle Kanneru Peduthundo.mp3_vocals.wav,72,10
f064dff9f801349f8fe11faadc673d74,vocals,fake,fft,069_Palle Kanneru Peduthundo.mp3_vocals.wav,73,10
01d564d1f553936822416f83c2d67399,vocals,fake,fft,069_Palle Kanneru Peduthundo.mp3_vocals.wav,74,10
0881509799a9f263f3604f23058455a7,vocals,fake,fft,069_Palle Kanneru Peduthundo.mp3_vocals.wav,75,10
baf735e65bda9d62263de9897ff1f1ee,vocals,fake,fft,069_Palle Kanneru Peduthundo.mp3_vocals.wav,76,10
a2bd4e9579eb8685735d2ed9c307ad20,vocals,fake,fft,069_Palle Kanneru Peduthundo.mp3_vocals.wav,77,10
d3ff7cdfe68ad4e265ede517c4bed9d6,vocals,fake,fft,069_Palle Kanneru Peduthundo.mp3_vocals.wav,78,10
3448ae9cc7a3a973167afb35fa83d315,vocals,fake,fft,069_Palle Kanneru Peduthundo.mp3_vocals.wav,79,10
ea6d5b5bee076d421be87a773fd29ea2,vocals,fake,fft,069_Palle Kanneru Peduthundo.mp3_vocals.wav,80,10
ba2f01da0cf6da2d27384a83b0be022c,vocals,fake,fft,069_Palle Kanneru Peduthundo.mp3_vocals.wav,81,10
541a30f46afb1b6994364740afa3d53a,vocals,fake,fft,069_Palle Kanneru Peduthundo.mp3_vocals.wav,82,10
8ce2eba7b05af8f82e7a59b365042566,vocals,fake,fft,069_Palle Kanneru Peduthundo.mp3_vocals.wav,83,10
a5434cd0dda1b8d855b52ec8da0dc50b,vocals,fake,fft,069_Palle Kanneru Peduthundo.mp3_vocals.wav,84,10
c725e5116582697b38135d67e8e9d1e4,vocals,fake,fft,069_Palle Kanneru Peduthundo.mp3_vocals.wav,85,10
20876a3c61483f997ed944e421e31f40,vocals,fake,fft,069_Palle Kanneru Peduthundo.mp3_vocals.wav,86,10
a19256bb4f13972bf35644c336c3d383,vocals,fake,fft,069_Palle Kanneru Peduthundo.mp3_vocals.wav,87,10
7ce048bddb44e59aa48341385351de77,vocals,fake,fft,069_Palle Kanneru Peduthundo.mp3_vocals.wav,88,10
fc4bff5662ffa9a98465ddff7400016c,vocals,fake,fft,069_Palle Kanneru Peduthundo.mp3_vocals.wav,89,10
b0014fee4d0bd7db2eacf94e2d668253,vocals,fake,fft,069_Palle Kanneru Peduthundo.mp3_vocals.wav,90,10
b7d0425d44214956116c09f60dade3ed,vocals,fake,fft,069_Palle Kanneru Peduthundo.mp3_vocals.wav,91,10
e1bf4a6bd53c7aa49b0a5d0c79d5c580,vocals,fake,fft,069_Palle Kanneru Peduthundo.mp3_vocals.wav,92,10
537e084bc7c9771ec64d9d07096ca6f8,vocals,fake,fft,069_Palle Kanneru Peduthundo.mp3_vocals.wav,93,10
9acca07cc88a43e66b9a7bc822cfb334,vocals,fake,fft,069_Palle Kanneru Peduthundo.mp3_vocals.wav,94,10
ce3241f4ecaa4718b2981ca6baa1c8e0,vocals,fake,fft,069_Palle Kanneru Peduthundo.mp3_vocals.wav,95,10
94c15bab767f2b84ee474af2824e66b3,vocals,fake,fft,069_Palle Kanneru Peduthundo.mp3_vocals.wav,96,10
1fce742f588ff91759744227ba30057b,vocals,fake,fft,069_Palle Kanneru Peduthundo.mp3_vocals.wav,97,10
63c4e4836c0e504c521764868322f783,vocals,fake,fft,069_Palle Kanneru Peduthundo.mp3_vocals.wav,98,10
04625001e0b9c3009d06fabfd478f7e6,vocals,fake,fft,069_Palle Kanneru Peduthundo.mp3_vocals.wav,99,10
862c8169390d88a9c8f92db4ee06464f,vocals,fake,fft,069_Palle Kanneru Peduthundo.mp3_vocals.wav,100,10
08d098daf0a23b19e28aa720a3520646,vocals,fake,fft,069_Palle Kanneru Peduthundo.mp3_vocals.wav,101,10
bc28eb00e1189138b9541775fb3fd7c1,vocals,fake,fft,069_Palle Kanneru Peduthundo.mp3_vocals.wav,102,10
0445036424ebc32524591ab810f90a5f,vocals,fake,fft,069_Palle Kanneru Peduthundo.mp3_vocals.wav,103,10
74b1845e5e090a99e11323f03bfd623f,vocals,fake,fft,069_Palle Kanneru Peduthundo.mp3_vocals.wav,104,10
6cca3b0c1b49efa6bfe556dc26701c93,vocals,fake,fft,069_Palle Kanneru Peduthundo.mp3_vocals.wav,105,10
decbbae8a3c2b3fd359687beeebce83e,vocals,fake,fft,069_Palle Kanneru Peduthundo.mp3_vocals.wav,106,10
2710a16e3cb4428e168bfee60c0d8320,vocals,fake,fft,069_Palle Kanneru Peduthundo.mp3_vocals.wav,107,10
182684a0652c06a5b57fdb3fd315c58b,vocals,fake,fft,069_Palle Kanneru Peduthundo.mp3_vocals.wav,108,10
6050cfdabf2640300dc184ace74b17a0,vocals,fake,fft,069_Palle Kanneru Peduthundo.mp3_vocals.wav,109,10
33a7e70815b4985a0789824e384c1d4c,vocals,fake,fft,069_Palle Kanneru Peduthundo.mp3_vocals.wav,110,10
c7436f60c048b63897ae02ffb6a4b87d,vocals,fake,fft,069_Palle Kanneru Peduthundo.mp3_vocals.wav,111,10
af7fab59fd7b5fdf205dc80745897ec6,vocals,fake,fft,069_Palle Kanneru Peduthundo.mp3_vocals.wav,112,10
37d75e36e9665bf5131b62bb8a9078f4,vocals,fake,fft,069_Palle Kanneru Peduthundo.mp3_vocals.wav,113,10
36389b43b579270bc08daabf3cb67b70,vocals,fake,fft,069_Palle Kanneru Peduthundo.mp3_vocals.wav,114,10
9e88cdfc9120fde07874382b77e9eb33,vocals,fake,fft,069_Palle Kanneru Peduthundo.mp3_vocals.wav,115,10
bcb2d45ed96c2815410c2c7a7c5e6dfe,vocals,fake,fft,069_Palle Kanneru Peduthundo.mp3_vocals.wav,116,10
38bf151b4a183e5b31a46474f9263ab8,vocals,fake,fft,069_Palle Kanneru Peduthundo.mp3_vocals.wav,117,10
d05ef6a6ccffb542682b34a62a94e7da,vocals,fake,fft,069_Palle Kanneru Peduthundo.mp3_vocals.wav,118,10
aae421abf337e8eebdf4a90d5e21a413,vocals,fake,fft,069_Palle Kanneru Peduthundo.mp3_vocals.wav,119,10
28eccfb652151ce9904f970776067caa,vocals,fake,fft,069_Palle Kanneru Peduthundo.mp3_vocals.wav,120,10
95b4b29c78808a16f7bbe26f4854c95d,vocals,fake,fft,069_Palle Kanneru Peduthundo.mp3_vocals.wav,121,10
1f1c1449f8a54a710e5ce87db012a4b6,vocals,fake,fft,069_Palle Kanneru Peduthundo.mp3_vocals.wav,122,10
a2c83748bafd9ad910191676bb4fdf91,vocals,fake,fft,069_Palle Kanneru Peduthundo.mp3_vocals.wav,123,10
62895386cbd14b57329ce6123811c5b2,vocals,fake,fft,069_Palle Kanneru Peduthundo.mp3_vocals.wav,124,10
2bc8844dc46b4db4c6fda1c6c212c765,vocals,fake,fft,069_Palle Kanneru Peduthundo.mp3_vocals.wav,125,10
88bdaf7b557703acd20dc3a9297a61e9,vocals,fake,fft,069_Palle Kanneru Peduthundo.mp3_vocals.wav,126,10
d88c0c2077f569ba4663557a5e441f70,vocals,fake,fft,069_Palle Kanneru Peduthundo.mp3_vocals.wav,127,10
b703c8cdf32aa350a480b4d9bd9236be,vocals,fake,fft,069_Palle Kanneru Peduthundo.mp3_vocals.wav,128,10
4a1506258c452c0100196583202d4ac6,vocals,fake,fft,069_Palle Kanneru Peduthundo.mp3_vocals.wav,129,10
f9a4f04e288948e38440fae242b4655d,vocals,fake,fft,069_Palle Kanneru Peduthundo.mp3_vocals.wav,130,10
6185d0f5a1a343b57bd27d6a18433e88,vocals,fake,fft,069_Palle Kanneru Peduthundo.mp3_vocals.wav,131,10
58c4b88eebf88405894967ee23351a67,vocals,fake,fft,069_Palle Kanneru Peduthundo.mp3_vocals.wav,132,10
51b3863544293f09889268bd5eb4afdd,vocals,fake,fft,069_Palle Kanneru Peduthundo.mp3_vocals.wav,133,10
300c7357c89cbd3423962b549edb5191,vocals,fake,fft,069_Palle Kanneru Peduthundo.mp3_vocals.wav,134,10
6698266bdc692aa31c003cf7116aa58f,vocals,fake,fft,069_Palle Kanneru Peduthundo.mp3_vocals.wav,135,10
23dfbd23cb1b22f050ea32b24c30f92d,vocals,fake,fft,069_Palle Kanneru Peduthundo.mp3_vocals.wav,136,10
e6ad3349779ffd24a61b083599cc8bc5,vocals,fake,fft,069_Palle Kanneru Peduthundo.mp3_vocals.wav,137,10
be68c2157cc54fc7b8663c27898f3710,vocals,fake,fft,069_Palle Kanneru Peduthundo.mp3_vocals.wav,138,10
a23b186804303edc73c0fc8a97d94dc1,vocals,fake,fft,069_Palle Kanneru Peduthundo.mp3_vocals.wav,139,10
8771d8bca4ff79d29754c69dbb433ba4,vocals,fake,fft,069_Palle Kanneru Peduthundo.mp3_vocals.wav,140,10
ef9528f25050a8a5f4b871b988906bd7,vocals,fake,fft,069_Palle Kanneru Peduthundo.mp3_vocals.wav,141,10
4e1516e249964b6e0eb44858f037fec8,vocals,fake,fft,069_Palle Kanneru Peduthundo.mp3_vocals.wav,142,10
578957a1efd8ad34e6beb5895e6799ec,vocals,fake,fft,069_Palle Kanneru Peduthundo.mp3_vocals.wav,143,10
52c7d9c6907a5bcc6013f795417d4a56,vocals,fake,fft,069_Palle Kanneru Peduthundo.mp3_vocals.wav,144,10
693893a79cd9bece110765b503e09028,vocals,fake,fft,069_Palle Kanneru Peduthundo.mp3_vocals.wav,145,10
674016da15f978acfaf765613caf3e33,vocals,fake,fft,069_Palle Kanneru Peduthundo.mp3_vocals.wav,146,10
8f4d346dee5cf3837420d9f3ffbe580f,vocals,fake,fft,069_Palle Kanneru Peduthundo.mp3_vocals.wav,147,10
e34d42794a285bbd12920a2fc9af83d4,vocals,fake,fft,069_Palle Kanneru Peduthundo.mp3_vocals.wav,148,10
20e9a68a4889a746b1f62885c78f0550,vocals,fake,fft,069_Palle Kanneru Peduthundo.mp3_vocals.wav,149,10
faa2a8d7f82ef2f91cce6eec025b29b4,vocals,fake,fft,069_Palle Kanneru Peduthundo.mp3_vocals.wav,150,10
59aacefd0a9beb29ab3aeb9a9e1b0280,vocals,fake,fft,069_Palle Kanneru Peduthundo.mp3_vocals.wav,151,10
12a96f870ea5a3a8da64a2fa86e24d79,vocals,fake,fft,069_Palle Kanneru Peduthundo.mp3_vocals.wav,152,10
4e453fcf4b7ff3f0bb2216160d340ec6,vocals,fake,fft,069_Palle Kanneru Peduthundo.mp3_vocals.wav,153,10
727b8de1a2204a5833bedc3e7b273d82,vocals,fake,fft,069_Palle Kanneru Peduthundo.mp3_vocals.wav,154,10
3bd811171058d26f917e9d7bc3b30bc3,vocals,fake,fft,069_Palle Kanneru Peduthundo.mp3_vocals.wav,155,10
41beaf46fb635e7afce64651f65adfe1,vocals,fake,fft,069_Palle Kanneru Peduthundo.mp3_vocals.wav,156,10
22d9b243ef3761979b6c8e8c0f94c150,vocals,fake,fft,069_Palle Kanneru Peduthundo.mp3_vocals.wav,157,10
b73b4cd9c81c8af08a905648daf94551,vocals,fake,fft,069_Palle Kanneru Peduthundo.mp3_vocals.wav,158,10
7fd3714cd18ed129aa953e2d93e814d1,vocals,fake,fft,069_Palle Kanneru Peduthundo.mp3_vocals.wav,159,10
125649208fd1f18e9d7d0cdebb616462,vocals,fake,fft,069_Palle Kanneru Peduthundo.mp3_vocals.wav,160,10
1ac7f997e3acffdcf209eea13c715389,vocals,fake,fft,069_Palle Kanneru Peduthundo.mp3_vocals.wav,161,10
04ade467cde415692f9a59da51f12cf9,vocals,fake,fft,069_Palle Kanneru Peduthundo.mp3_vocals.wav,162,10
d4ee612613d757bf278e4b96ddf05285,vocals,fake,fft,069_Palle Kanneru Peduthundo.mp3_vocals.wav,163,10
7462ac2ca14b9dc4cc27a1b8ed99b1dc,vocals,fake,fft,069_Palle Kanneru Peduthundo.mp3_vocals.wav,164,10
4c73016b03f565d9565106f9f6b9892e,vocals,fake,fft,069_Palle Kanneru Peduthundo.mp3_vocals.wav,165,10
255238a6725d78be73ea14e6084e45fc,vocals,fake,fft,069_Palle Kanneru Peduthundo.mp3_vocals.wav,166,10
1733f426002fefdd60f0e638669758ce,vocals,fake,fft,069_Palle Kanneru Peduthundo.mp3_vocals.wav,167,10
311436ca8f37bcf2683b2d1ca25bc5d5,vocals,fake,fft,069_Palle Kanneru Peduthundo.mp3_vocals.wav,168,10
50b35cb0bbc0109b31b7dcf11ecfcbcc,vocals,fake,fft,069_Palle Kanneru Peduthundo.mp3_vocals.wav,169,10
e9b9d6ae0533754a2ba21d7ed2b8327b,vocals,fake,fft,069_Palle Kanneru Peduthundo.mp3_vocals.wav,170,10
3135e947d719098df5f8bf243b7e4d7d,vocals,fake,fft,069_Palle Kanneru Peduthundo.mp3_vocals.wav,171,10
e4e7c742c908e378c58f66435c9a24b6,vocals,fake,fft,069_Palle Kanneru Peduthundo.mp3_vocals.wav,172,10
acd856924e833561085f337b08a63339,vocals,fake,fft,069_Palle Kanneru Peduthundo.mp3_vocals.wav,173,10
659def00164ef7661624c774cb5e9c12,vocals,fake,fft,069_Palle Kanneru Peduthundo.mp3_vocals.wav,174,10
6c0a8b154917a73cff86530c3fb72dc7,vocals,fake,fft,069_Palle Kanneru Peduthundo.mp3_vocals.wav,175,10
7ed580668eb507b25c9aeb1ed18c8788,vocals,fake,fft,069_Palle Kanneru Peduthundo.mp3_vocals.wav,176,10
5aa3a93c821ff0a012981a381fb3b1a9,vocals,fake,fft,069_Palle Kanneru Peduthundo.mp3_vocals.wav,177,10
8991bee85ecb4e319fe82df2c4ae6209,vocals,fake,fft,069_Palle Kanneru Peduthundo.mp3_vocals.wav,178,10
32b53264ea3eff0aa1070062dc3fc12f,vocals,fake,fft,069_Palle Kanneru Peduthundo.mp3_vocals.wav,179,10
499b60c1b3ccdc27ab34ba04ed6970a4,vocals,fake,fft,069_Palle Kanneru Peduthundo.mp3_vocals.wav,180,10
58e20013a8e9de50a06137310034c0de,vocals,fake,fft,069_Palle Kanneru Peduthundo.mp3_vocals.wav,181,10
426765427132d12cbcbe7c9b2a035597,vocals,fake,fft,069_Palle Kanneru Peduthundo.mp3_vocals.wav,182,10
6228d219d725b6e4b8f93e329b8ec0ed,vocals,fake,fft,069_Palle Kanneru Peduthundo.mp3_vocals.wav,183,10
f0234f06152126d81ba9dd842ba7d69d,vocals,fake,fft,069_Palle Kanneru Peduthundo.mp3_vocals.wav,184,10
b3d5d774f762158eaea66030411170a6,vocals,fake,fft,069_Palle Kanneru Peduthundo.mp3_vocals.wav,185,10
3dc1edab5135927fef361c4a5cc4a6cc,vocals,fake,fft,069_Palle Kanneru Peduthundo.mp3_vocals.wav,186,10
da5c328dfa2fd58f7e398aeee53488b6,vocals,fake,fft,069_Palle Kanneru Peduthundo.mp3_vocals.wav,187,10
11a0e454983f720163c15a303c8be017,vocals,fake,fft,069_Palle Kanneru Peduthundo.mp3_vocals.wav,188,10
33824b6f9888097aba365ad3dc3d63b5,vocals,fake,fft,069_Palle Kanneru Peduthundo.mp3_vocals.wav,189,10
6ef7a8f666bd20e2976b02e66784fe00,vocals,fake,fft,069_Palle Kanneru Peduthundo.mp3_vocals.wav,190,10
dad22e5431a4321d30798ff4780571d4,vocals,fake,fft,069_Palle Kanneru Peduthundo.mp3_vocals.wav,191,10
6d49a99ada57d40337a64a9e8a1dccb2,vocals,fake,fft,069_Palle Kanneru Peduthundo.mp3_vocals.wav,192,10
65089e8f6ee02887e2086119c671bc24,vocals,fake,fft,069_Palle Kanneru Peduthundo.mp3_vocals.wav,193,10
0deb3e57e41ddbda6c90826dc34da820,vocals,fake,fft,069_Palle Kanneru Peduthundo.mp3_vocals.wav,194,10
d549b0c06f951d4e2d53c73ed9d5ac97,vocals,fake,fft,069_Palle Kanneru Peduthundo.mp3_vocals.wav,195,10
4287e731ea3dfc9c7bd3b1c5f8957932,vocals,fake,fft,069_Palle Kanneru Peduthundo.mp3_vocals.wav,196,10
755a4a8c1db916e6aec11fcca6c4914d,vocals,fake,fft,069_Palle Kanneru Peduthundo.mp3_vocals.wav,197,10
dc1e3f5c7d7910138c4920c71b91c398,vocals,fake,fft,069_Palle Kanneru Peduthundo.mp3_vocals.wav,198,10
5f2e1ab4d367dd2e95597f9e7b7dea67,vocals,fake,fft,069_Palle Kanneru Peduthundo.mp3_vocals.wav,199,10
0e66c31edd690b36810f6dc13fb06f72,vocals,fake,fft,069_Palle Kanneru Peduthundo.mp3_vocals.wav,200,10
eb3854dedea62ae2ff6e2efe74e85d42,vocals,fake,fft,069_Palle Kanneru Peduthundo.mp3_vocals.wav,201,10
26f4beaf4f92e96950046436ed74d05a,vocals,fake,fft,069_Palle Kanneru Peduthundo.mp3_vocals.wav,202,10
f51dd6021453c880de5fb2830896bb54,vocals,fake,fft,069_Palle Kanneru Peduthundo.mp3_vocals.wav,203,10
6dbafa1d04a623a7cd72eee4eef70589,vocals,fake,fft,069_Palle Kanneru Peduthundo.mp3_vocals.wav,204,10
41d982473c23f62b1ccffa99d0c49fc0,vocals,fake,fft,069_Palle Kanneru Peduthundo.mp3_vocals.wav,205,10
91a69a24090f837aef39eebc15e28916,vocals,fake,fft,069_Palle Kanneru Peduthundo.mp3_vocals.wav,206,10
fd8a68df388c16ddded6fdea89c782ac,vocals,fake,fft,069_Palle Kanneru Peduthundo.mp3_vocals.wav,207,10
bcfd1ca3f37a007ae10fac2fbf3f4007,vocals,fake,fft,069_Palle Kanneru Peduthundo.mp3_vocals.wav,208,10
6e08c5bbf67849fa8829bd2b6355005c,vocals,fake,fft,069_Palle Kanneru Peduthundo.mp3_vocals.wav,209,10
45ceacab12e86ff4f833eacba1cbc92c,vocals,fake,fft,069_Palle Kanneru Peduthundo.mp3_vocals.wav,210,10
d209985148fc873b9ecde19fc6a7f0ea,vocals,fake,fft,069_Palle Kanneru Peduthundo.mp3_vocals.wav,211,10
c6eefb70bc7e74ebd1b10d8dd186627d,vocals,fake,fft,069_Palle Kanneru Peduthundo.mp3_vocals.wav,212,10
83f680a62eabaf3d12e06cf65da4a435,vocals,fake,fft,069_Palle Kanneru Peduthundo.mp3_vocals.wav,213,10
b8501e5913314d516979700bfc7380f4,vocals,fake,fft,069_Palle Kanneru Peduthundo.mp3_vocals.wav,214,10
d7b9053ef1a56bf4eaa00c9fd6db487a,vocals,fake,fft,069_Palle Kanneru Peduthundo.mp3_vocals.wav,215,10
71c87195ae49d0cd16c0f9d712034cc1,vocals,fake,fft,069_Palle Kanneru Peduthundo.mp3_vocals.wav,216,10
35ea43b3ca9a0251576664f7ad24662d,vocals,fake,fft,069_Palle Kanneru Peduthundo.mp3_vocals.wav,217,10
ecb06c69b2b283eef4a586671c5ffba6,vocals,fake,fft,069_Palle Kanneru Peduthundo.mp3_vocals.wav,218,10
32d6b7e735176bd4e79308e72e74e5ea,vocals,fake,fft,069_Palle Kanneru Peduthundo.mp3_vocals.wav,219,10
616ad79efc2f19694ecece477dddf701,vocals,fake,fft,069_Palle Kanneru Peduthundo.mp3_vocals.wav,220,10
58b189d76ea3ae7397ede4c32924c596,vocals,fake,fft,069_Palle Kanneru Peduthundo.mp3_vocals.wav,221,10
4c21f5f931b3215ce2abc5e88fdb0054,vocals,fake,fft,069_Palle Kanneru Peduthundo.mp3_vocals.wav,222,10
490a7ca70b73f453b6f09d90a9398f0b,vocals,fake,fft,069_Palle Kanneru Peduthundo.mp3_vocals.wav,223,10
9546303819f902997a2a2af7e73dcec1,vocals,fake,fft,069_Palle Kanneru Peduthundo.mp3_vocals.wav,224,10
841953fb9d6f4b4b5d8314c426721b26,vocals,fake,fft,069_Palle Kanneru Peduthundo.mp3_vocals.wav,225,10
00fd7621374176cf234d55ad88a0d5c1,vocals,fake,fft,069_Palle Kanneru Peduthundo.mp3_vocals.wav,226,10
5eaa7238c4cce5647a42aeaefb57305d,vocals,fake,fft,069_Palle Kanneru Peduthundo.mp3_vocals.wav,227,10
3ecde6505ff0451d87d850af9364ca76,vocals,fake,fft,069_Palle Kanneru Peduthundo.mp3_vocals.wav,228,10
21149b911a8029e9f43be7fffe8c18fa,vocals,fake,fft,069_Palle Kanneru Peduthundo.mp3_vocals.wav,229,10
1f8bb285eb711498d872d899c6bc07d3,vocals,fake,fft,069_Palle Kanneru Peduthundo.mp3_vocals.wav,230,10
7def7379ef2f519dac0ed193bb834bf0,vocals,fake,fft,069_Palle Kanneru Peduthundo.mp3_vocals.wav,231,10
708e4f373192d06b1ce2c7b9cc164ac8,vocals,fake,fft,069_Palle Kanneru Peduthundo.mp3_vocals.wav,232,10
809b2204539f330eb506f6b5402dd033,vocals,fake,fft,069_Palle Kanneru Peduthundo.mp3_vocals.wav,233,10
93a8591ec2abf0a6770606dacbd7ee06,vocals,fake,fft,069_Palle Kanneru Peduthundo.mp3_vocals.wav,234,10
3a3b57760a090cd8762287ae4c47467e,vocals,fake,fft,069_Palle Kanneru Peduthundo.mp3_vocals.wav,235,10
1d8d43ff471efd78cc917d5ef5505888,vocals,fake,fft,069_Palle Kanneru Peduthundo.mp3_vocals.wav,236,10
da57049e027fbd290c62fe9797762253,vocals,fake,fft,069_Palle Kanneru Peduthundo.mp3_vocals.wav,237,10
76d0f6b8997526e3d1ca636cd721530d,vocals,fake,fft,069_Palle Kanneru Peduthundo.mp3_vocals.wav,238,10
da931f4454ef649ba954bf8b77a046fe,vocals,fake,fft,069_Palle Kanneru Peduthundo.mp3_vocals.wav,239,10
cca18a82e9e5a362fa6d45cc4a04dd30,vocals,fake,fft,069_Palle Kanneru Peduthundo.mp3_vocals.wav,240,10
6ed5ef3d5c01711eb05f54b5f22a0016,vocals,fake,fft,069_Palle Kanneru Peduthundo.mp3_vocals.wav,241,10
6f718340c13e70eba09694655deb7b55,vocals,fake,fft,069_Palle Kanneru Peduthundo.mp3_vocals.wav,242,10
ae994fa09ec4cc85018fc70458d3f2bc,vocals,fake,fft,069_Palle Kanneru Peduthundo.mp3_vocals.wav,243,10
e9444dfe8a5e306cc9def711f807ff0c,vocals,fake,fft,069_Palle Kanneru Peduthundo.mp3_vocals.wav,244,10
05d97bceea2bbcbf3c1827f8297500f8,vocals,fake,fft,069_Palle Kanneru Peduthundo.mp3_vocals.wav,245,10
6b0149f0a532653e1514dd8ca60735bc,vocals,fake,fft,069_Palle Kanneru Peduthundo.mp3_vocals.wav,246,10
a717bbd4258b385af39da3b1a26ca5ed,vocals,fake,fft,069_Palle Kanneru Peduthundo.mp3_vocals.wav,247,10
332202366d3d324f758e307276ca1d92,vocals,fake,fft,069_Palle Kanneru Peduthundo.mp3_vocals.wav,248,10
316e831d450746782f2c3020011b1026,vocals,fake,fft,069_Palle Kanneru Peduthundo.mp3_vocals.wav,249,10
bd5b8f302a372f8fbeb98f6ca94b5dcf,vocals,fake,fft,069_Palle Kanneru Peduthundo.mp3_vocals.wav,250,10
bc6ef2a17326fc7ae9aa275864879639,vocals,fake,fft,069_Palle Kanneru Peduthundo.mp3_vocals.wav,251,10
84852b9a9f765e1072b65afb49e793ec,vocals,fake,fft,069_Palle Kanneru Peduthundo.mp3_vocals.wav,252,10
69dd7a73d61c894a3b330ad2750cb115,vocals,fake,fft,069_Palle Kanneru Peduthundo.mp3_vocals.wav,253,10
99a1a00f56cc54d8bd195204d23f2076,vocals,fake,fft,069_Palle Kanneru Peduthundo.mp3_vocals.wav,254,10
dc814117bfb955b8d33693e9f2aca538,vocals,fake,fft,069_Palle Kanneru Peduthundo.mp3_vocals.wav,255,10
891ce89e0f99d7ffe2654d0a90cbcde8,vocals,fake,fft,069_Palle Kanneru Peduthundo.mp3_vocals.wav,256,10
8b97df13ab37a51f959d679445b02fc5,vocals,fake,fft,069_Palle Kanneru Peduthundo.mp3_vocals.wav,257,10
bf61318bed3fcab2e25d1b9b06cef3c8,vocals,fake,fft,069_Palle Kanneru Peduthundo.mp3_vocals.wav,258,10
4af9138e85c80295584dc61cfa166bca,vocals,fake,fft,069_Palle Kanneru Peduthundo.mp3_vocals.wav,259,10
f4d92456997aa5cce8ac235c69838e85,vocals,fake,fft,069_Palle Kanneru Peduthundo.mp3_vocals.wav,260,10
6179ed2a7cd8264666d13ea0c0dfc630,vocals,fake,fft,069_Palle Kanneru Peduthundo.mp3_vocals.wav,261,10
d2f4ac11ddfa45e78e3c6f45b7584198,vocals,fake,fft,069_Palle Kanneru Peduthundo.mp3_vocals.wav,262,10
40e385d1c3066af3e4dc8f9e6ba1cbbc,vocals,fake,fft,069_Palle Kanneru Peduthundo.mp3_vocals.wav,263,10
1379ace1322c0f3cad56fd8ffcdecbe2,vocals,fake,fft,069_Palle Kanneru Peduthundo.mp3_vocals.wav,264,10
0c60418c07043c0d9147ae3b89812787,vocals,fake,fft,069_Palle Kanneru Peduthundo.mp3_vocals.wav,265,10
84dea752e1e164eaae245a44a95cb896,vocals,fake,fft,069_Palle Kanneru Peduthundo.mp3_vocals.wav,266,10
4334c0d86610883de7fc5ec7f74b9601,vocals,fake,fft,069_Palle Kanneru Peduthundo.mp3_vocals.wav,267,10
e206d12a6cf70b8c73ba120f18d72772,vocals,fake,fft,069_Palle Kanneru Peduthundo.mp3_vocals.wav,268,10
422faf9aebee86abc1db6a5fbd61d249,vocals,fake,fft,069_Palle Kanneru Peduthundo.mp3_vocals.wav,269,10
a45ac1678e8f2b15b6d1e7bc58349476,vocals,fake,fft,069_Palle Kanneru Peduthundo.mp3_vocals.wav,270,10
74f5d41915b1f424bf0fbf5ff000bca1,vocals,fake,fft,069_Palle Kanneru Peduthundo.mp3_vocals.wav,271,10
61b0382655f30426481ddc24a7b0e031,vocals,fake,fft,069_Palle Kanneru Peduthundo.mp3_vocals.wav,272,10
9642bf7b95e0d4f730653474aebf4a47,vocals,fake,fft,069_Palle Kanneru Peduthundo.mp3_vocals.wav,273,10
737cfbb0a741309b50f59755e6cff1ef,vocals,fake,fft,069_Palle Kanneru Peduthundo.mp3_vocals.wav,274,10
2255d405dbe8cbb6840877da52d7abf4,vocals,fake,fft,069_Palle Kanneru Peduthundo.mp3_vocals.wav,275,10
f26c6624e17859ca3a08a48f933e2917,vocals,fake,fft,069_Palle Kanneru Peduthundo.mp3_vocals.wav,276,10
eee577ba5ca6fb6ad88f20a87cfabc8c,vocals,fake,fft,069_Palle Kanneru Peduthundo.mp3_vocals.wav,277,10
5c26d7d889f35b5883718511217d8302,vocals,fake,fft,069_Palle Kanneru Peduthundo.mp3_vocals.wav,278,10
3c43475cae46d9cc2beefc1da1eeab85,vocals,fake,fft,069_Palle Kanneru Peduthundo.mp3_vocals.wav,279,10
d13aeccbb0a8baaac4eaa7495626b0a4,vocals,fake,fft,069_Palle Kanneru Peduthundo.mp3_vocals.wav,280,10
8e886defea6580e1aae677d958f3eac5,vocals,fake,fft,074_Orugalluna Akshara Vruksham.mp3_vocals.wav,0,10
2f9e3cabaa06d31a53cf491985c564e0,vocals,fake,fft,074_Orugalluna Akshara Vruksham.mp3_vocals.wav,1,10
3960ba59cb93590693813435d22806b0,vocals,fake,fft,074_Orugalluna Akshara Vruksham.mp3_vocals.wav,2,10
9c11b5580f07d8a6e6c7f96f5d72c555,vocals,fake,fft,074_Orugalluna Akshara Vruksham.mp3_vocals.wav,3,10
321f2b402c0b009292a942b09938bcc1,vocals,fake,fft,074_Orugalluna Akshara Vruksham.mp3_vocals.wav,4,10
d3ffdc2667a3f421d1f8b571489fc78f,vocals,fake,fft,074_Orugalluna Akshara Vruksham.mp3_vocals.wav,5,10
e1e142151eb9e9a2cfac5e66395bfaeb,vocals,fake,fft,074_Orugalluna Akshara Vruksham.mp3_vocals.wav,6,10
33c05eca34fb00001810085dc731de2c,vocals,fake,fft,074_Orugalluna Akshara Vruksham.mp3_vocals.wav,7,10
7a1efb9255f676da8e7c8e5ab291037f,vocals,fake,fft,074_Orugalluna Akshara Vruksham.mp3_vocals.wav,8,10
9a7ebe4c46988b5410ee7bc53ae256b9,vocals,fake,fft,074_Orugalluna Akshara Vruksham.mp3_vocals.wav,9,10
5bf5a579bd649902b066863eee42fef0,vocals,fake,fft,074_Orugalluna Akshara Vruksham.mp3_vocals.wav,10,10
d03558682a85877fb6162665b2e28dfb,vocals,fake,fft,074_Orugalluna Akshara Vruksham.mp3_vocals.wav,11,10
5a50bdd0fb772023eb990f83498623b4,vocals,fake,fft,074_Orugalluna Akshara Vruksham.mp3_vocals.wav,12,10
4b0ed780bd355c356622139fc05bd9e6,vocals,fake,fft,074_Orugalluna Akshara Vruksham.mp3_vocals.wav,13,10
abcb43a9ca36ba05466f794e77867b35,vocals,fake,fft,074_Orugalluna Akshara Vruksham.mp3_vocals.wav,14,10
db9161779712e9ab499f56f1fd03ca9f,vocals,fake,fft,074_Orugalluna Akshara Vruksham.mp3_vocals.wav,15,10
349d78eef451d8550294048ad92d8fd8,vocals,fake,fft,074_Orugalluna Akshara Vruksham.mp3_vocals.wav,16,10
76dc3bd3463fcc94d4f8f463a52204ca,vocals,fake,fft,074_Orugalluna Akshara Vruksham.mp3_vocals.wav,17,10
026c71c2f20a099130a01c20b584f675,vocals,fake,fft,074_Orugalluna Akshara Vruksham.mp3_vocals.wav,18,10
c9d1060520c8aabbbf68f27c227b17f8,vocals,fake,fft,074_Orugalluna Akshara Vruksham.mp3_vocals.wav,19,10
fd5fba72d2411d19e28f60393da2511a,vocals,fake,fft,074_Orugalluna Akshara Vruksham.mp3_vocals.wav,20,10
0ddd8f11338e05d805f11bf135b30cf7,vocals,fake,fft,074_Orugalluna Akshara Vruksham.mp3_vocals.wav,21,10
1778f9063d6b7ef9c7a684d7887f5405,vocals,fake,fft,074_Orugalluna Akshara Vruksham.mp3_vocals.wav,22,10
9f9963b3d911fca096c4d603a5cd7840,vocals,fake,fft,074_Orugalluna Akshara Vruksham.mp3_vocals.wav,23,10
71cdef5ce3adde31498e7a9b324825db,vocals,fake,fft,074_Orugalluna Akshara Vruksham.mp3_vocals.wav,24,10
a7b40816b5accd7eb99e06a80584fb00,vocals,fake,fft,074_Orugalluna Akshara Vruksham.mp3_vocals.wav,25,10
46960f6db0e40bc11fa3f4319ed81c64,vocals,fake,fft,074_Orugalluna Akshara Vruksham.mp3_vocals.wav,26,10
9f17f601d740b8edb876899e5159574f,vocals,fake,fft,075_Melukonna Telangana Chudara.mp3_vocals.wav,0,10
e28ca2e005c7d0b6256241c19872a5d0,vocals,fake,fft,075_Melukonna Telangana Chudara.mp3_vocals.wav,1,10
14f84e056cb7ff6bd1c9de5d0d7f3655,vocals,fake,fft,075_Melukonna Telangana Chudara.mp3_vocals.wav,2,10
d7aba201c3c24809286a4dbcfe90654e,vocals,fake,fft,075_Melukonna Telangana Chudara.mp3_vocals.wav,3,10
21aaff7f2ab6778cbbbbc2aacaf14c46,vocals,fake,fft,075_Melukonna Telangana Chudara.mp3_vocals.wav,4,10
7d209a75f74ed81b49ee59d6f7eabdcc,vocals,fake,fft,075_Melukonna Telangana Chudara.mp3_vocals.wav,5,10
1b9ef1611bf50293c463a4474038dcd0,vocals,fake,fft,075_Melukonna Telangana Chudara.mp3_vocals.wav,6,10
18b930239673d4fc695ace24d1125437,vocals,fake,fft,075_Melukonna Telangana Chudara.mp3_vocals.wav,7,10
e48d4598b5e47f8429cc9f3d752e06cf,vocals,fake,fft,075_Melukonna Telangana Chudara.mp3_vocals.wav,8,10
89b4679199b78f4beb31f8088cb09362,vocals,fake,fft,075_Melukonna Telangana Chudara.mp3_vocals.wav,9,10
62359a639c9429cf39040218d320abc2,vocals,fake,fft,075_Melukonna Telangana Chudara.mp3_vocals.wav,10,10
f9219ad6c9f5018baad73924d2bd109e,vocals,fake,fft,075_Melukonna Telangana Chudara.mp3_vocals.wav,11,10
aa08f9f0f8b6a9d2013ff2265c7c140d,vocals,fake,fft,075_Melukonna Telangana Chudara.mp3_vocals.wav,12,10
6157f60425528453d6c55eecb778dc08,vocals,fake,fft,075_Melukonna Telangana Chudara.mp3_vocals.wav,13,10
5be8f85a6e0f65e9a2b6f0f77f9cdb5b,vocals,fake,fft,075_Melukonna Telangana Chudara.mp3_vocals.wav,14,10
c3d5adb973dc8f557cc36521e591bd2f,vocals,fake,fft,075_Melukonna Telangana Chudara.mp3_vocals.wav,15,10
fb10860f53a0ad78d45b1cfd91d40b63,vocals,fake,fft,075_Melukonna Telangana Chudara.mp3_vocals.wav,16,10
b8bc222bdd419c44656a60eaf1b52d28,vocals,fake,fft,075_Melukonna Telangana Chudara.mp3_vocals.wav,17,10
607ecdb33872ef5706dd9cc6e05e813a,vocals,fake,fft,075_Melukonna Telangana Chudara.mp3_vocals.wav,18,10
b248eb940bb59981c92282083fe4f72a,vocals,fake,fft,075_Melukonna Telangana Chudara.mp3_vocals.wav,19,10
038de5b7af3ea426f13868ff1fd8d3ac,vocals,fake,fft,075_Melukonna Telangana Chudara.mp3_vocals.wav,20,10
41724f1fc6d8c1d501b455b3e13e2544,vocals,fake,fft,075_Melukonna Telangana Chudara.mp3_vocals.wav,21,10
0596634b61831ebd2ee39af1c2ba08c1,vocals,fake,fft,075_Melukonna Telangana Chudara.mp3_vocals.wav,22,10
b3294671bb2f42dfbdce3a6799d983d5,vocals,fake,fft,075_Melukonna Telangana Chudara.mp3_vocals.wav,23,10
97c0774340ab1760b99160f22071b81a,vocals,fake,fft,075_Melukonna Telangana Chudara.mp3_vocals.wav,24,10
b6f5b7839a27c93952c4f740d27ec6a5,vocals,fake,fft,075_Melukonna Telangana Chudara.mp3_vocals.wav,25,10
172ef637deef852d9b22051bc48227bc,vocals,fake,fft,075_Melukonna Telangana Chudara.mp3_vocals.wav,26,10
0c74bef339fd35fd87d1fb68c9648a45,vocals,fake,fft,075_Melukonna Telangana Chudara.mp3_vocals.wav,27,10
cf9cb221b4208f222f88a6dcd0e8bfb7,vocals,fake,fft,075_Melukonna Telangana Chudara.mp3_vocals.wav,28,10
2049782da147e06130630864219e3d08,vocals,fake,fft,075_Melukonna Telangana Chudara.mp3_vocals.wav,29,10
f67776a688025b4004e476a1df90f83d,vocals,fake,fft,075_Melukonna Telangana Chudara.mp3_vocals.wav,30,10
bd19169875462b103e953c59e2831599,vocals,fake,fft,075_Melukonna Telangana Chudara.mp3_vocals.wav,31,10
ce22b3991338af45b2aaab5f63fc5a17,vocals,fake,fft,075_Melukonna Telangana Chudara.mp3_vocals.wav,32,10
63452e32e3064d0d0c0b502cd4d78b8c,vocals,fake,fft,075_Melukonna Telangana Chudara.mp3_vocals.wav,33,10
4cd3b73027628bb375da4c304b44da57,vocals,fake,fft,075_Melukonna Telangana Chudara.mp3_vocals.wav,34,10
0d1f0b2249a0d33d5929c1d14e48f948,vocals,fake,fft,075_Melukonna Telangana Chudara.mp3_vocals.wav,35,10
2d5ec3cc40b84a83baa0fa8ac83a4a6b,vocals,fake,fft,075_Melukonna Telangana Chudara.mp3_vocals.wav,36,10
d906569cacaeccf65f5b04d7c7aa208e,vocals,fake,fft,075_Melukonna Telangana Chudara.mp3_vocals.wav,37,10
a5450ce38da2d3cd937851b28bd7c358,vocals,fake,fft,075_Melukonna Telangana Chudara.mp3_vocals.wav,38,10
f476b32e00183e5ddcace4775ec599fc,vocals,fake,fft,075_Melukonna Telangana Chudara.mp3_vocals.wav,39,10
6246b57383871fcc8e8dbdece112fdcb,vocals,fake,fft,075_Melukonna Telangana Chudara.mp3_vocals.wav,40,10
edb003b9199d44084327519dc4ff852d,vocals,fake,fft,075_Melukonna Telangana Chudara.mp3_vocals.wav,41,10
eddc5c48428f709149bfbddabd675c54,vocals,fake,fft,075_Melukonna Telangana Chudara.mp3_vocals.wav,42,10
7fb45a4325ca50f8c058c95ceb9466e9,vocals,fake,fft,075_Melukonna Telangana Chudara.mp3_vocals.wav,43,10
38c7ffd448205d54520958082688bf8b,vocals,fake,fft,075_Melukonna Telangana Chudara.mp3_vocals.wav,44,10
269472239bb2cf09abfa97f26a328c59,vocals,fake,fft,075_Melukonna Telangana Chudara.mp3_vocals.wav,45,10
200e5950d809ceb276ceda24aef8c571,vocals,fake,fft,075_Melukonna Telangana Chudara.mp3_vocals.wav,46,10
e3eedff1459de0fc7cc4f4295e3a04cf,vocals,fake,fft,075_Melukonna Telangana Chudara.mp3_vocals.wav,47,10
54c7b2f0ff691fe3c18e317b080a3f48,vocals,fake,fft,075_Melukonna Telangana Chudara.mp3_vocals.wav,48,10
68deb9b6ee2d53a38ac7637f8fce5622,vocals,fake,fft,075_Melukonna Telangana Chudara.mp3_vocals.wav,49,10
4feb2694f99517246189e061efcb0956,vocals,fake,fft,075_Melukonna Telangana Chudara.mp3_vocals.wav,50,10
a1632ebba4e40a876f036d5592c81b5a,vocals,fake,fft,075_Melukonna Telangana Chudara.mp3_vocals.wav,51,10
08f8bb3a33741e6bb9fd9f33b31a770e,vocals,fake,fft,075_Melukonna Telangana Chudara.mp3_vocals.wav,52,10
237c9ad8687cb6a3529cde379ead9696,vocals,fake,fft,075_Melukonna Telangana Chudara.mp3_vocals.wav,53,10
052c0898804dc688d85d34d90e4c0530,vocals,fake,fft,075_Melukonna Telangana Chudara.mp3_vocals.wav,54,10
ba70f92070daf70c0145443c13aea0ea,vocals,fake,fft,075_Melukonna Telangana Chudara.mp3_vocals.wav,55,10
3e7b1b1bfe395b084ee28d04f70158eb,vocals,fake,fft,075_Melukonna Telangana Chudara.mp3_vocals.wav,56,10
5320f1752691ba30e53a3db2ec512637,vocals,fake,fft,075_Melukonna Telangana Chudara.mp3_vocals.wav,57,10
560b515ceb2a348898f234b2254e7f19,vocals,fake,fft,075_Melukonna Telangana Chudara.mp3_vocals.wav,58,10
bebb6567df89419a6fe201b940039701,vocals,fake,fft,075_Melukonna Telangana Chudara.mp3_vocals.wav,59,10
8c3548de8f15d913e01812fb644fcfde,vocals,fake,fft,075_Melukonna Telangana Chudara.mp3_vocals.wav,60,10
9cc5d74af2228f24e548c2d09b2176d6,vocals,fake,fft,075_Melukonna Telangana Chudara.mp3_vocals.wav,61,10
6a4e96968da081950a7a6839c60cd87f,vocals,fake,fft,075_Melukonna Telangana Chudara.mp3_vocals.wav,62,10
0c5f94ebf8e4c9cc29acf98108af2829,vocals,fake,fft,075_Melukonna Telangana Chudara.mp3_vocals.wav,63,10
e067180ac200e567292d75ab6ab0a507,vocals,fake,fft,075_Melukonna Telangana Chudara.mp3_vocals.wav,64,10
87744251dbeb7c86ff6307b73f9f719a,vocals,fake,fft,075_Melukonna Telangana Chudara.mp3_vocals.wav,65,10
b8f16033983b29748b566e09c09047a9,vocals,fake,fft,075_Melukonna Telangana Chudara.mp3_vocals.wav,66,10
7d5a11e701d54d2eb45bf2a47aa62780,vocals,fake,fft,075_Melukonna Telangana Chudara.mp3_vocals.wav,67,10
0b02d2eefc829d1d1a6807f827a3e2fa,vocals,fake,fft,075_Melukonna Telangana Chudara.mp3_vocals.wav,68,10
2554e1b2c75c7221deb171062e8c8718,vocals,fake,fft,075_Melukonna Telangana Chudara.mp3_vocals.wav,69,10
60069144976de05e16007d5c9802b417,vocals,fake,fft,075_Melukonna Telangana Chudara.mp3_vocals.wav,70,10
4ed99d11bd144013a32df2d7bdefdf28,vocals,fake,fft,075_Melukonna Telangana Chudara.mp3_vocals.wav,71,10
8ea116c39b45e439c9850512047659b7,vocals,fake,fft,075_Melukonna Telangana Chudara.mp3_vocals.wav,72,10
e3c00803ca2b91fd4a83d272dc9cbf13,vocals,fake,fft,075_Melukonna Telangana Chudara.mp3_vocals.wav,73,10
f28f195385042e5e0f82df51ee9e1e75,vocals,fake,fft,075_Melukonna Telangana Chudara.mp3_vocals.wav,74,10
7f8d3e5b901accc4548b01d053a59ca0,vocals,fake,fft,075_Melukonna Telangana Chudara.mp3_vocals.wav,75,10
3e53c1952bc41f45592c9c95d02edcd4,vocals,fake,fft,075_Melukonna Telangana Chudara.mp3_vocals.wav,76,10
4189001d9f1e7d86de26cf058926067c,vocals,fake,fft,075_Melukonna Telangana Chudara.mp3_vocals.wav,77,10
1d8060b5e5ac5a657dc3f6a7cc5638a6,vocals,fake,fft,075_Melukonna Telangana Chudara.mp3_vocals.wav,78,10
d0611a90ebae5af5b83222f89bca2e58,vocals,fake,fft,075_Melukonna Telangana Chudara.mp3_vocals.wav,79,10
da90fe19dafef4e037c231adbd083348,vocals,fake,fft,075_Melukonna Telangana Chudara.mp3_vocals.wav,80,10
e1eb2fb34cd1f307b3ea3ea4495498bc,vocals,fake,fft,075_Melukonna Telangana Chudara.mp3_vocals.wav,81,10
f514d62042cbcf72078ac3070c331fe8,vocals,fake,fft,075_Melukonna Telangana Chudara.mp3_vocals.wav,82,10
d5fb8dd06cf071bec861a0f2cb80ed49,vocals,fake,fft,075_Melukonna Telangana Chudara.mp3_vocals.wav,83,10
0d62af9dc957ce8f54a8b8ae7c1a2974,vocals,fake,fft,075_Melukonna Telangana Chudara.mp3_vocals.wav,84,10
60bd065c30fcaf9dddacc9ad258a7552,vocals,fake,fft,075_Melukonna Telangana Chudara.mp3_vocals.wav,85,10
cc19ac647de08211824183658df7bcda,vocals,fake,fft,075_Melukonna Telangana Chudara.mp3_vocals.wav,86,10
3dd82fe22449273554744fef0e61e491,vocals,fake,fft,075_Melukonna Telangana Chudara.mp3_vocals.wav,87,10
b12b291a1c97f7da73ff0a69c2410da8,vocals,fake,fft,075_Melukonna Telangana Chudara.mp3_vocals.wav,88,10
68657e8d2c8ba6e28626eefef0f809b8,vocals,fake,fft,075_Melukonna Telangana Chudara.mp3_vocals.wav,89,10
a898255f309b74e43a85f32b86396639,vocals,fake,fft,075_Melukonna Telangana Chudara.mp3_vocals.wav,90,10
8b5e39af5d31b11023e7cefb7dd10f63,vocals,fake,fft,075_Melukonna Telangana Chudara.mp3_vocals.wav,91,10
2a2e6fcb14eed1060a029fd9e5301768,vocals,fake,fft,075_Melukonna Telangana Chudara.mp3_vocals.wav,92,10
63313232934f7afe01e65873f6c7562c,vocals,fake,fft,075_Melukonna Telangana Chudara.mp3_vocals.wav,93,10
6f77527c3e3bff84cc1fa28a31143b42,vocals,fake,fft,075_Melukonna Telangana Chudara.mp3_vocals.wav,94,10
9b3f610eae217f2e3fd83c0cdf08b1f6,vocals,fake,fft,075_Melukonna Telangana Chudara.mp3_vocals.wav,95,10
89162d163e9d9254392fb3aa23813122,vocals,fake,fft,075_Melukonna Telangana Chudara.mp3_vocals.wav,96,10
ab0c669ecb7900a520baac527049b21b,vocals,fake,fft,075_Melukonna Telangana Chudara.mp3_vocals.wav,97,10
05e793d1fde74f7425d0284e8a3e1e90,vocals,fake,fft,075_Melukonna Telangana Chudara.mp3_vocals.wav,98,10
4dfe20fd5bd70b0a19d9a24e7d131d8c,vocals,fake,fft,075_Melukonna Telangana Chudara.mp3_vocals.wav,99,10
5a3b12ee3a0945e767675ae34d88a633,vocals,fake,fft,075_Melukonna Telangana Chudara.mp3_vocals.wav,100,10
bf29b9834d1dddd22a657de132e3ca72,vocals,fake,fft,075_Melukonna Telangana Chudara.mp3_vocals.wav,101,10
ae1440b6a371f2c4329bacd7bdd75fb4,vocals,fake,fft,075_Melukonna Telangana Chudara.mp3_vocals.wav,102,10
349e5548f1e32254408e9b20dc81dd71,vocals,fake,fft,075_Melukonna Telangana Chudara.mp3_vocals.wav,103,10
f5b946a4b45adf5b006d33b8e8a2f060,vocals,fake,fft,075_Melukonna Telangana Chudara.mp3_vocals.wav,104,10
cfc572260a1b16bbf9d1bee4722da361,vocals,fake,fft,075_Melukonna Telangana Chudara.mp3_vocals.wav,105,10
3d197cbf92cf9bc506404818a29be0d8,vocals,fake,fft,075_Melukonna Telangana Chudara.mp3_vocals.wav,106,10
090de8d05ac9532961fb9d8def245028,vocals,fake,fft,075_Melukonna Telangana Chudara.mp3_vocals.wav,107,10
783d3574ec524466121c649af72d5be9,vocals,fake,fft,075_Melukonna Telangana Chudara.mp3_vocals.wav,108,10
9d2a8b3634d772bdffcf215919c29e70,vocals,fake,fft,075_Melukonna Telangana Chudara.mp3_vocals.wav,109,10
e95cf3532479a22a1926d1759a8161c5,vocals,fake,fft,075_Melukonna Telangana Chudara.mp3_vocals.wav,110,10
71f72b6a878b60b464f807a8b413ff56,vocals,fake,fft,075_Melukonna Telangana Chudara.mp3_vocals.wav,111,10
71cb25ed8a1273a7f8f4ffd05552356d,vocals,fake,fft,075_Melukonna Telangana Chudara.mp3_vocals.wav,112,10
31f8f1f91ae6c0ea47d08d8ae76407e3,vocals,fake,fft,075_Melukonna Telangana Chudara.mp3_vocals.wav,113,10
c43dd375f1437fe92f22f46d8dd45582,vocals,fake,fft,075_Melukonna Telangana Chudara.mp3_vocals.wav,114,10
a1f39a72ecf3a77c9854fb6f96d31e43,vocals,fake,fft,075_Melukonna Telangana Chudara.mp3_vocals.wav,115,10
3afbafac703ecc56f79d10ed3352c3ff,vocals,fake,fft,075_Melukonna Telangana Chudara.mp3_vocals.wav,116,10
0b3cc75300ae31e1ff631c4053f7a332,vocals,fake,fft,075_Melukonna Telangana Chudara.mp3_vocals.wav,117,10
389e67a4e1860d6423a5b586536ed560,vocals,fake,fft,075_Melukonna Telangana Chudara.mp3_vocals.wav,118,10
89e634802b0ae5080950ad862b2eb432,vocals,fake,fft,075_Melukonna Telangana Chudara.mp3_vocals.wav,119,10
b1a5ee2b37d7f736d1f423431cbe47a2,vocals,fake,fft,075_Melukonna Telangana Chudara.mp3_vocals.wav,120,10
462f6eabe9fab399e820e7ecca7b450d,vocals,fake,fft,075_Melukonna Telangana Chudara.mp3_vocals.wav,121,10
dd086d5bf17bc59beed3476a0beefe52,vocals,fake,fft,075_Melukonna Telangana Chudara.mp3_vocals.wav,122,10
0dee8336ef91bf6c84f0ec2d060a9bfb,vocals,fake,fft,075_Melukonna Telangana Chudara.mp3_vocals.wav,123,10
d2d75a3c059266a694509a8030459607,vocals,fake,fft,075_Melukonna Telangana Chudara.mp3_vocals.wav,124,10
dbe9e381092db4d839eb64e9d375c3ba,vocals,fake,fft,075_Melukonna Telangana Chudara.mp3_vocals.wav,125,10
d80f411aeb389c037494d8f698807736,vocals,fake,fft,075_Melukonna Telangana Chudara.mp3_vocals.wav,126,10
bb5f6fb3c861ce2faa659b03f6de1232,vocals,fake,fft,075_Melukonna Telangana Chudara.mp3_vocals.wav,127,10
22643eb63264bbc803ab05c9d79fa36a,vocals,fake,fft,075_Melukonna Telangana Chudara.mp3_vocals.wav,128,10
84d7f137f159b2414334789255cc15f6,vocals,fake,fft,075_Melukonna Telangana Chudara.mp3_vocals.wav,129,10
d7ff96b8d2c379ae4fe5aa1ba60da725,vocals,fake,fft,075_Melukonna Telangana Chudara.mp3_vocals.wav,130,10
33c0fb9635cbb2e8dcd78fd15e5ae5d1,vocals,fake,fft,075_Melukonna Telangana Chudara.mp3_vocals.wav,131,10
529bef5fe8e7054f4d3d5c94735c0570,vocals,fake,fft,075_Melukonna Telangana Chudara.mp3_vocals.wav,132,10
f4007e667b752cfde4c1c7fcf3ac0ec5,vocals,fake,fft,075_Melukonna Telangana Chudara.mp3_vocals.wav,133,10
6f057f376d49928e83a1a39cf8a29dde,vocals,fake,fft,075_Melukonna Telangana Chudara.mp3_vocals.wav,134,10
ac5143efa62903adbd01d2550d7c043b,vocals,fake,fft,075_Melukonna Telangana Chudara.mp3_vocals.wav,135,10
515e48ef406c28da5ce388d1ec29878f,vocals,fake,fft,075_Melukonna Telangana Chudara.mp3_vocals.wav,136,10
499408baafcf62d8793787b58bf1722d,vocals,fake,fft,075_Melukonna Telangana Chudara.mp3_vocals.wav,137,10
e2e4181f0e88240765434e4424440f37,vocals,fake,fft,075_Melukonna Telangana Chudara.mp3_vocals.wav,138,10
cdb37fe1b98403184043c63459b552df,vocals,fake,fft,075_Melukonna Telangana Chudara.mp3_vocals.wav,139,10
3aca2d18a863ee114c1047721c2f8eb9,vocals,fake,fft,075_Melukonna Telangana Chudara.mp3_vocals.wav,140,10
6160254f41605f179917f5c58dff5d2a,vocals,fake,fft,075_Melukonna Telangana Chudara.mp3_vocals.wav,141,10
c2c7a72580e250916e87fbe57d727054,vocals,fake,fft,075_Melukonna Telangana Chudara.mp3_vocals.wav,142,10
5baeea20d8a49f57b87916a63ea42822,vocals,fake,fft,075_Melukonna Telangana Chudara.mp3_vocals.wav,143,10
2db263d1324eba170ec409ec99dd3818,vocals,fake,fft,075_Melukonna Telangana Chudara.mp3_vocals.wav,144,10
78c1428b1bb71268a082eac65031e0bd,vocals,fake,fft,075_Melukonna Telangana Chudara.mp3_vocals.wav,145,10
8681e4e0e5cb4853ea3adf557396418f,vocals,fake,fft,075_Melukonna Telangana Chudara.mp3_vocals.wav,146,10
aa06d645769b94043b4799b783711922,vocals,fake,fft,075_Melukonna Telangana Chudara.mp3_vocals.wav,147,10
1666f9487a0a311f215c6207f0f5ef3a,vocals,fake,fft,075_Melukonna Telangana Chudara.mp3_vocals.wav,148,10
47ba78752683e839ebc9b91a94adbb1a,vocals,fake,fft,075_Melukonna Telangana Chudara.mp3_vocals.wav,149,10
5096a4eb80ed4fe258f5464586b946fd,vocals,fake,fft,075_Melukonna Telangana Chudara.mp3_vocals.wav,150,10
07f98d80017fba7ffc85e047b6cbfa45,vocals,fake,fft,075_Melukonna Telangana Chudara.mp3_vocals.wav,151,10
074520a2bbb9a3e7216a4ae0fa66ac56,vocals,fake,fft,075_Melukonna Telangana Chudara.mp3_vocals.wav,152,10
64041501f0d0a72e16ad2a30d4733f9d,vocals,fake,fft,075_Melukonna Telangana Chudara.mp3_vocals.wav,153,10
db180c0c983eba55bf7235609a792eae,vocals,fake,fft,075_Melukonna Telangana Chudara.mp3_vocals.wav,154,10
3941af4c2cf207c5d160c0b63a93cd66,vocals,fake,fft,075_Melukonna Telangana Chudara.mp3_vocals.wav,155,10
f77a7cf6382830d10964a96b6c1c5877,vocals,fake,fft,075_Melukonna Telangana Chudara.mp3_vocals.wav,156,10
be2058936ebe62b2a58fc7fdda18b71a,vocals,fake,fft,075_Melukonna Telangana Chudara.mp3_vocals.wav,157,10
4ea8890115c0c30127731cf543a045ef,vocals,fake,fft,075_Melukonna Telangana Chudara.mp3_vocals.wav,158,10
74fe08ce74939cc43ada15ed89b506e7,vocals,fake,fft,075_Melukonna Telangana Chudara.mp3_vocals.wav,159,10
901d335dfec588a1f302e9e50dabc182,vocals,fake,fft,075_Melukonna Telangana Chudara.mp3_vocals.wav,160,10
d5145c1bfeb5829f99ea56c9a92bf803,vocals,fake,fft,075_Melukonna Telangana Chudara.mp3_vocals.wav,161,10
5ff78b70334599e626ce689f5e964cc7,vocals,fake,fft,075_Melukonna Telangana Chudara.mp3_vocals.wav,162,10
ed9d8a46b5c3f3380ddc36aeeb12f073,vocals,fake,fft,075_Melukonna Telangana Chudara.mp3_vocals.wav,163,10
c12daa67ebc3b921c3260ff2488c0b42,vocals,fake,fft,075_Melukonna Telangana Chudara.mp3_vocals.wav,164,10
dc3add1b52ee5e8fcecc50d9983f79b2,vocals,fake,fft,075_Melukonna Telangana Chudara.mp3_vocals.wav,165,10
16d7f8a6d4baaebce1f0695ce46b9e0a,vocals,fake,fft,075_Melukonna Telangana Chudara.mp3_vocals.wav,166,10
031c6781afd57e6b0d4b65e6ee54c44e,vocals,fake,fft,075_Melukonna Telangana Chudara.mp3_vocals.wav,167,10
28940637b2c2818c4ce170f1bd8cd0f5,vocals,fake,fft,075_Melukonna Telangana Chudara.mp3_vocals.wav,168,10
ddecb2ba560a513511a9985130512003,vocals,fake,fft,075_Melukonna Telangana Chudara.mp3_vocals.wav,169,10
f5ea7524c8b66940bd7d64063c3edaad,vocals,fake,fft,075_Melukonna Telangana Chudara.mp3_vocals.wav,170,10
510e75aac4af310d971b15e94f54c10b,vocals,fake,fft,075_Melukonna Telangana Chudara.mp3_vocals.wav,171,10
902628c3c09113b97ac97ebb3bfefdce,vocals,fake,fft,075_Melukonna Telangana Chudara.mp3_vocals.wav,172,10
51eaf519ada980b3306cb0cb4b63e600,vocals,fake,fft,075_Melukonna Telangana Chudara.mp3_vocals.wav,173,10
8028d159f8c4ecfc3305f5562055f69d,vocals,fake,fft,075_Melukonna Telangana Chudara.mp3_vocals.wav,174,10
4dcb5f26b8fa0426c1817c60c98356a6,vocals,fake,fft,075_Melukonna Telangana Chudara.mp3_vocals.wav,175,10
ece84f7ddea15d4f86ffeb6954bee878,vocals,fake,fft,075_Melukonna Telangana Chudara.mp3_vocals.wav,176,10
4cf058be7f5d2a905f61644b47b9f92d,vocals,fake,fft,075_Melukonna Telangana Chudara.mp3_vocals.wav,177,10
e9f9e96e51bafa1c9025c5143dcf0e58,vocals,fake,fft,075_Melukonna Telangana Chudara.mp3_vocals.wav,178,10
ea487f9a861eff1b0ccb1e2163f73f43,vocals,fake,fft,075_Melukonna Telangana Chudara.mp3_vocals.wav,179,10
f8dc601435b61f95d30e9e877610c81e,vocals,fake,fft,075_Melukonna Telangana Chudara.mp3_vocals.wav,180,10
672a92a45ac24306628ad3dfd18f43c5,vocals,fake,fft,075_Melukonna Telangana Chudara.mp3_vocals.wav,181,10
9948c0f107faddc052534092f158f5a9,vocals,fake,fft,075_Melukonna Telangana Chudara.mp3_vocals.wav,182,10
bf53eec63d6343d46afd6a1a1b053e74,vocals,fake,fft,075_Melukonna Telangana Chudara.mp3_vocals.wav,183,10
7634216b6e73fdae91d5e6dee3f381e4,vocals,fake,fft,075_Melukonna Telangana Chudara.mp3_vocals.wav,184,10
f04089563ce61189e236f4cde60b0708,vocals,fake,fft,075_Melukonna Telangana Chudara.mp3_vocals.wav,185,10
31dff8ad2f167380d3911dc62a1682ac,vocals,fake,fft,075_Melukonna Telangana Chudara.mp3_vocals.wav,186,10
0d3710befa2b1829f2a73d81280519fa,vocals,fake,fft,075_Melukonna Telangana Chudara.mp3_vocals.wav,187,10
894ca7393876c961cd203d8f8ab6b838,vocals,fake,fft,075_Melukonna Telangana Chudara.mp3_vocals.wav,188,10
e9c7e566ae2e6a033e3545df05f4a3da,vocals,fake,fft,075_Melukonna Telangana Chudara.mp3_vocals.wav,189,10
a5814f18cf50f928da4b7605fe85cd5c,vocals,fake,fft,075_Melukonna Telangana Chudara.mp3_vocals.wav,190,10
6b3f2bb5b9c3709cdc95276d97e49f57,vocals,fake,fft,075_Melukonna Telangana Chudara.mp3_vocals.wav,191,10
df8e871018dd31ac3bc8a6a30c8a56ac,vocals,fake,fft,075_Melukonna Telangana Chudara.mp3_vocals.wav,192,10
1b3615fcec0b353a340fcbffa0c6fef7,vocals,fake,fft,075_Melukonna Telangana Chudara.mp3_vocals.wav,193,10
61441bfc41a758ae6500f592e1112202,vocals,fake,fft,075_Melukonna Telangana Chudara.mp3_vocals.wav,194,10
3cbc448e1a91d3139f2c8db9f855d608,vocals,fake,fft,075_Melukonna Telangana Chudara.mp3_vocals.wav,195,10
c26bfc958e16850cc4bb0ef87e6c5df5,vocals,fake,fft,075_Melukonna Telangana Chudara.mp3_vocals.wav,196,10
3257df4525aa2c01a7a4e491247e7c8a,vocals,fake,fft,075_Melukonna Telangana Chudara.mp3_vocals.wav,197,10
2c644752c3555c4783b07156b8c5c11e,vocals,fake,fft,075_Melukonna Telangana Chudara.mp3_vocals.wav,198,10
a71d8bcc4604d645157ee78b1a73c031,vocals,fake,fft,075_Melukonna Telangana Chudara.mp3_vocals.wav,199,10
5e90888db74549af6e89b6eec6eda7c1,vocals,fake,fft,075_Melukonna Telangana Chudara.mp3_vocals.wav,200,10
f8003d01489caaeaa68c77ffdfbefa9e,vocals,fake,fft,075_Melukonna Telangana Chudara.mp3_vocals.wav,201,10
a82f21385bd4eb372d2d60372f8b81a2,vocals,fake,fft,075_Melukonna Telangana Chudara.mp3_vocals.wav,202,10
9564fe68441587c251681d5c45775b77,vocals,fake,fft,075_Melukonna Telangana Chudara.mp3_vocals.wav,203,10
7dc405fe7c6e47d6fce9eb9e96525162,vocals,fake,fft,075_Melukonna Telangana Chudara.mp3_vocals.wav,204,10
94a0de762198bd749b8f064bf9c9cdc8,vocals,fake,fft,075_Melukonna Telangana Chudara.mp3_vocals.wav,205,10
c886da3441b012dd62b037087d6e692e,vocals,fake,fft,075_Melukonna Telangana Chudara.mp3_vocals.wav,206,10
a704b43ad07eaeb930f34d69412d8553,vocals,fake,fft,075_Melukonna Telangana Chudara.mp3_vocals.wav,207,10
db971725f49d976b37feb642b04f1424,vocals,fake,fft,075_Melukonna Telangana Chudara.mp3_vocals.wav,208,10
f44e70c15888d68ab1551bf614145971,vocals,fake,fft,075_Melukonna Telangana Chudara.mp3_vocals.wav,209,10
afd76cef0772708e927345a9ff3f8ebf,vocals,fake,fft,075_Melukonna Telangana Chudara.mp3_vocals.wav,210,10
2a336d2cea516d4ab48f693bd7dcb82c,vocals,fake,fft,075_Melukonna Telangana Chudara.mp3_vocals.wav,211,10
f9b3e023fc5412652d7aef877fbac361,vocals,fake,fft,075_Melukonna Telangana Chudara.mp3_vocals.wav,212,10
204fe3f879a6578ecda8b63d1f07b20c,vocals,fake,fft,075_Melukonna Telangana Chudara.mp3_vocals.wav,213,10
73f459e229cee3ca9f19048943580a50,vocals,fake,fft,075_Melukonna Telangana Chudara.mp3_vocals.wav,214,10
a39cf5c214e6af63b7bb3740428b438e,vocals,fake,fft,075_Melukonna Telangana Chudara.mp3_vocals.wav,215,10
98a39c59c4aaf3c965b191ce3323813f,vocals,fake,fft,075_Melukonna Telangana Chudara.mp3_vocals.wav,216,10
26a1298807dbb5597cebc16536442ccc,vocals,fake,fft,075_Melukonna Telangana Chudara.mp3_vocals.wav,217,10
06c151271784369d07e20c0d247c125f,vocals,fake,fft,075_Melukonna Telangana Chudara.mp3_vocals.wav,218,10
655e8d6eb302039aa29b7af390a1116e,vocals,fake,fft,075_Melukonna Telangana Chudara.mp3_vocals.wav,219,10
d9c028bbc77807804b2aa36fc24e0d07,vocals,fake,fft,075_Melukonna Telangana Chudara.mp3_vocals.wav,220,10
4663a09805e47580a7a687f9be803fe2,vocals,fake,fft,075_Melukonna Telangana Chudara.mp3_vocals.wav,221,10
40be2de598de91005cd4e5471120bec7,vocals,fake,fft,075_Melukonna Telangana Chudara.mp3_vocals.wav,222,10
d8417d34c296a7d2bd9c5324c2424911,vocals,fake,fft,075_Melukonna Telangana Chudara.mp3_vocals.wav,223,10
3556bfadc13cd481115675b1ee4482d2,vocals,fake,fft,075_Melukonna Telangana Chudara.mp3_vocals.wav,224,10
fc426361826734e72de07d8f41d5ae9d,vocals,fake,fft,075_Melukonna Telangana Chudara.mp3_vocals.wav,225,10
9b091faaf3ec2450587ff69b4abc890f,vocals,fake,fft,075_Melukonna Telangana Chudara.mp3_vocals.wav,226,10
5522c27f0b155de4ae9562337ddfe146,vocals,fake,fft,075_Melukonna Telangana Chudara.mp3_vocals.wav,227,10
a3a81dfbae17880b3a23e1ec7b942b61,vocals,fake,fft,075_Melukonna Telangana Chudara.mp3_vocals.wav,228,10
18d898beef3e69bb900a9369bfc4deaa,vocals,fake,fft,075_Melukonna Telangana Chudara.mp3_vocals.wav,229,10
ac86f474cd62fe8d3bd1350399d36bda,vocals,fake,fft,075_Melukonna Telangana Chudara.mp3_vocals.wav,230,10
493a80230e04b17e1cfea16f14302cf5,vocals,fake,fft,075_Melukonna Telangana Chudara.mp3_vocals.wav,231,10
b4a59119d01eebf3df3c2f6e38adcca7,vocals,fake,fft,075_Melukonna Telangana Chudara.mp3_vocals.wav,232,10
267dd033af5394c047daa6c6faa16d84,vocals,fake,fft,075_Melukonna Telangana Chudara.mp3_vocals.wav,233,10
9352a72a737954f54902f2096d084a0c,vocals,fake,fft,075_Melukonna Telangana Chudara.mp3_vocals.wav,234,10
5229fa9b23caa04a7964e30171ab59a4,vocals,fake,fft,075_Melukonna Telangana Chudara.mp3_vocals.wav,235,10
121151be1483ed342d866f6fd3286381,vocals,fake,fft,075_Melukonna Telangana Chudara.mp3_vocals.wav,236,10
2537df4358ace013de489eeb59cc200c,vocals,fake,fft,075_Melukonna Telangana Chudara.mp3_vocals.wav,237,10
03e122a5648495eea47b4572f1a5f50a,vocals,fake,fft,075_Melukonna Telangana Chudara.mp3_vocals.wav,238,10
d68e7d0c91288637f55116f7d6c2fc6e,vocals,fake,fft,075_Melukonna Telangana Chudara.mp3_vocals.wav,239,10
2e56bc9e52314806a6d06ca0913b0bc6,vocals,fake,fft,075_Melukonna Telangana Chudara.mp3_vocals.wav,240,10
203c5c0afc2203cfe01677c016142b91,vocals,fake,fft,075_Melukonna Telangana Chudara.mp3_vocals.wav,241,10
9db96a2441342ff29893ede1592a8e5d,vocals,fake,fft,075_Melukonna Telangana Chudara.mp3_vocals.wav,242,10
62ab4661f10d5203ca1a461ceaac4f16,vocals,fake,fft,075_Melukonna Telangana Chudara.mp3_vocals.wav,243,10
349895637bbf4d33f0b54617a14ad1c7,vocals,fake,fft,075_Melukonna Telangana Chudara.mp3_vocals.wav,244,10
b08964ac0d7c7dccbfc4752eb3037eed,vocals,fake,fft,075_Melukonna Telangana Chudara.mp3_vocals.wav,245,10
91940085b3500e1b8db61971df38ac75,vocals,fake,fft,075_Melukonna Telangana Chudara.mp3_vocals.wav,246,10
909249e90e9c2a84975ed0df0be92d42,vocals,fake,fft,075_Melukonna Telangana Chudara.mp3_vocals.wav,247,10
b789a7e2afd8361b61055c730b736719,vocals,fake,fft,075_Melukonna Telangana Chudara.mp3_vocals.wav,248,10
a8abdba4d7e25b1a48c9471965bb8fb2,vocals,fake,fft,075_Melukonna Telangana Chudara.mp3_vocals.wav,249,10
ebbbdc72e125f5bb84e2c4c009b9e928,vocals,fake,fft,075_Melukonna Telangana Chudara.mp3_vocals.wav,250,10
f7b614c73d669cac94f2b5c5758841fa,vocals,fake,fft,075_Melukonna Telangana Chudara.mp3_vocals.wav,251,10
11baa6a555d1c7439e0b20f06c504568,vocals,fake,fft,075_Melukonna Telangana Chudara.mp3_vocals.wav,252,10
c1622439d2795700f27794afecec66de,vocals,fake,fft,075_Melukonna Telangana Chudara.mp3_vocals.wav,253,10
4bcaafc08709dbadd84382ccfb985121,vocals,fake,fft,075_Melukonna Telangana Chudara.mp3_vocals.wav,254,10
b437f48f9267837748e88d7f8fce9ff3,vocals,fake,fft,075_Melukonna Telangana Chudara.mp3_vocals.wav,255,10
e0447617218f1ca482c2e8334380f2cc,vocals,fake,fft,075_Melukonna Telangana Chudara.mp3_vocals.wav,256,10
d9d5fa1b97b1e453890ff2e36fbad245,vocals,fake,fft,075_Melukonna Telangana Chudara.mp3_vocals.wav,257,10
021aef4b53e5c5f6b095f7e71cbd6da2,vocals,fake,fft,075_Melukonna Telangana Chudara.mp3_vocals.wav,258,10
d75ec2f0261d49a0a15964f6c6c92d0f,vocals,fake,fft,075_Melukonna Telangana Chudara.mp3_vocals.wav,259,10
cbbef7e8e910b531f93b689e5af975ec,vocals,fake,fft,075_Melukonna Telangana Chudara.mp3_vocals.wav,260,10
76f036a94de1215e79df06a4e6fe3b04,vocals,fake,fft,075_Melukonna Telangana Chudara.mp3_vocals.wav,261,10
6762b4a29022c7ba863fad8ab4dbd99a,vocals,fake,fft,075_Melukonna Telangana Chudara.mp3_vocals.wav,262,10
1fc86d7df6bbbc5a58686d1b822189b6,vocals,fake,fft,075_Melukonna Telangana Chudara.mp3_vocals.wav,263,10
c780c06d67fd8fe2b55fb73df77acce5,vocals,fake,fft,075_Melukonna Telangana Chudara.mp3_vocals.wav,264,10
e2a757a6faaaea37f703911dd1ecbee7,vocals,fake,fft,075_Melukonna Telangana Chudara.mp3_vocals.wav,265,10
2cb699375024302f2a36dd4922de2c64,vocals,fake,fft,075_Melukonna Telangana Chudara.mp3_vocals.wav,266,10
b55861c3b7efb247e5e3514494866011,vocals,fake,fft,075_Melukonna Telangana Chudara.mp3_vocals.wav,267,10
204bd69a232839dc91b8d20e238cfcbe,vocals,fake,fft,075_Melukonna Telangana Chudara.mp3_vocals.wav,268,10
5cbc81bc83c2b37d96dc1bb88682cb51,vocals,fake,fft,075_Melukonna Telangana Chudara.mp3_vocals.wav,269,10
25d4954815d1cdf5cd86e656f4cffd1c,vocals,fake,fft,075_Melukonna Telangana Chudara.mp3_vocals.wav,270,10
0ef7e21cdf56ce6178e2e5853063de74,vocals,fake,fft,075_Melukonna Telangana Chudara.mp3_vocals.wav,271,10
f98224e90a2ee2facead18c9acdee6cc,vocals,fake,fft,075_Melukonna Telangana Chudara.mp3_vocals.wav,272,10
ab7337b5538f61e2310723a02915cddd,vocals,fake,fft,075_Melukonna Telangana Chudara.mp3_vocals.wav,273,10
8daf7f1272610b2ca0cbd728710368b1,vocals,fake,fft,075_Melukonna Telangana Chudara.mp3_vocals.wav,274,10
50e4bf87548944eb1d705f56810e5bba,vocals,fake,fft,075_Melukonna Telangana Chudara.mp3_vocals.wav,275,10
f319ff9279d01c9aed1ac51436c34bde,vocals,fake,fft,075_Melukonna Telangana Chudara.mp3_vocals.wav,276,10
fadb75c6f963ff86b576bb31bdcadff9,vocals,fake,fft,075_Melukonna Telangana Chudara.mp3_vocals.wav,277,10
62ecb642e27f639f0f44bead98aff1fa,vocals,fake,fft,075_Melukonna Telangana Chudara.mp3_vocals.wav,278,10
6861b4cfd91bc0970510930a76d48fc6,vocals,fake,fft,075_Melukonna Telangana Chudara.mp3_vocals.wav,279,10
9b06528fc9c3466b40f177bc2bc9fea9,vocals,fake,fft,075_Melukonna Telangana Chudara.mp3_vocals.wav,280,10
8edecabe851cf1e11a81142c52ec1f03,vocals,fake,fft,077_Garibolla Kanneeti Gaadhalu.mp3_vocals.wav,0,10
8f9104f86b35130e7fcab5eb13e5af1c,vocals,fake,fft,077_Garibolla Kanneeti Gaadhalu.mp3_vocals.wav,1,10
34a2de66d84f29eb337afd0f3040ea4c,vocals,fake,fft,077_Garibolla Kanneeti Gaadhalu.mp3_vocals.wav,2,10
39acbe23cafb49eab2d11428edfc3f5c,vocals,fake,fft,077_Garibolla Kanneeti Gaadhalu.mp3_vocals.wav,3,10
779cf8608bc28c9808e7eb9edf883cbb,vocals,fake,fft,077_Garibolla Kanneeti Gaadhalu.mp3_vocals.wav,4,10
97b7eb2c2e2d801ed353d1b5c42e0bdb,vocals,fake,fft,077_Garibolla Kanneeti Gaadhalu.mp3_vocals.wav,5,10
ad6373e67b4d4300c6b5397970bf3375,vocals,fake,fft,077_Garibolla Kanneeti Gaadhalu.mp3_vocals.wav,6,10
6b93666005733b401ef89b01b79c12cd,vocals,fake,fft,077_Garibolla Kanneeti Gaadhalu.mp3_vocals.wav,7,10
16898955d72118741e6f958ffd194d8b,vocals,fake,fft,077_Garibolla Kanneeti Gaadhalu.mp3_vocals.wav,8,10
8ee4b1a0d6af7fe9a97d9fba40d6d850,vocals,fake,fft,077_Garibolla Kanneeti Gaadhalu.mp3_vocals.wav,9,10
b8ef7c9f9db16a63c6e3b69573ba0cf0,vocals,fake,fft,077_Garibolla Kanneeti Gaadhalu.mp3_vocals.wav,10,10
420eb59fbdc0047f3f6fd23c90d1a986,vocals,fake,fft,077_Garibolla Kanneeti Gaadhalu.mp3_vocals.wav,11,10
9866db56c350c0faf86929a201d9df29,vocals,fake,fft,077_Garibolla Kanneeti Gaadhalu.mp3_vocals.wav,12,10
97d74ad52609c5c4db026d260644c0af,vocals,fake,fft,077_Garibolla Kanneeti Gaadhalu.mp3_vocals.wav,13,10
0bd3f6fecb11d2e88b55565712116fe5,vocals,fake,fft,077_Garibolla Kanneeti Gaadhalu.mp3_vocals.wav,14,10
a538648df4d28c3fc4144de7b9250242,vocals,fake,fft,077_Garibolla Kanneeti Gaadhalu.mp3_vocals.wav,15,10
c696491db5649474eb56de43543c8e7b,vocals,fake,fft,077_Garibolla Kanneeti Gaadhalu.mp3_vocals.wav,16,10
2dbdf92bf7c00b69ae2c91fcaa0ebcdf,vocals,fake,fft,077_Garibolla Kanneeti Gaadhalu.mp3_vocals.wav,17,10
06eb6191c25a6f77da79ee73ed36e965,vocals,fake,fft,077_Garibolla Kanneeti Gaadhalu.mp3_vocals.wav,18,10
4c0fde279e12984400fe07543a66d05f,vocals,fake,fft,077_Garibolla Kanneeti Gaadhalu.mp3_vocals.wav,19,10
81dd9c43a65b7d96eab09dd1dbadec72,vocals,fake,fft,077_Garibolla Kanneeti Gaadhalu.mp3_vocals.wav,20,10
dbf89db216c484a14d1f39a17f554484,vocals,fake,fft,077_Garibolla Kanneeti Gaadhalu.mp3_vocals.wav,21,10
dc9e3843f3235e85703c9931c058eac5,vocals,fake,fft,077_Garibolla Kanneeti Gaadhalu.mp3_vocals.wav,22,10
c6f12b130c2f85cd4d2e35b3c8cbd12f,vocals,fake,fft,077_Garibolla Kanneeti Gaadhalu.mp3_vocals.wav,23,10
629db03288d4c4a72c853a9221629958,vocals,fake,fft,077_Garibolla Kanneeti Gaadhalu.mp3_vocals.wav,24,10
310ad62e592ffee7f93cf0314a06e53c,vocals,fake,fft,077_Garibolla Kanneeti Gaadhalu.mp3_vocals.wav,25,10
cec247e6556e6a7face8edd13430a351,vocals,fake,fft,077_Garibolla Kanneeti Gaadhalu.mp3_vocals.wav,26,10
aef4cdf91cf266203a7128bfc134a5d6,vocals,fake,fft,077_Garibolla Kanneeti Gaadhalu.mp3_vocals.wav,27,10
d0390c53bac08dce1f531c04b369787a,vocals,fake,fft,077_Garibolla Kanneeti Gaadhalu.mp3_vocals.wav,28,10
9ea787c8378b187a1d89f2201a2cd1eb,vocals,fake,fft,077_Garibolla Kanneeti Gaadhalu.mp3_vocals.wav,29,10
1893cf92836558aabf166a89f33ae8fb,vocals,fake,fft,077_Garibolla Kanneeti Gaadhalu.mp3_vocals.wav,30,10
d8080f1d1ed8af85228ab624f4e29a69,vocals,fake,fft,077_Garibolla Kanneeti Gaadhalu.mp3_vocals.wav,31,10
3035563742e18d3a90c5b3f3e46af18f,vocals,fake,fft,077_Garibolla Kanneeti Gaadhalu.mp3_vocals.wav,32,10
ddccdb98ad8271d8da35ae2c5d82da5e,vocals,fake,fft,077_Garibolla Kanneeti Gaadhalu.mp3_vocals.wav,33,10
f1511f57c574387e879d314999fa4b3c,vocals,fake,fft,077_Garibolla Kanneeti Gaadhalu.mp3_vocals.wav,34,10
22de2348eae28cdc469436c22d832ebf,vocals,fake,fft,077_Garibolla Kanneeti Gaadhalu.mp3_vocals.wav,35,10
47220a85e08d446d32140315c9067041,vocals,fake,fft,077_Garibolla Kanneeti Gaadhalu.mp3_vocals.wav,36,10
6006a9026b14d317164763099720a319,vocals,fake,fft,077_Garibolla Kanneeti Gaadhalu.mp3_vocals.wav,37,10
86228f2e30458ceb2c2b5f8535102a25,vocals,fake,fft,077_Garibolla Kanneeti Gaadhalu.mp3_vocals.wav,38,10
e71d6a97f84b56f85dfa1ec50cc0f06b,vocals,fake,fft,077_Garibolla Kanneeti Gaadhalu.mp3_vocals.wav,39,10
188b46d3a1c4ed845d99ed83781813d3,vocals,fake,fft,077_Garibolla Kanneeti Gaadhalu.mp3_vocals.wav,40,10
797135bf42921d0193a101c1b66669f0,vocals,fake,fft,077_Garibolla Kanneeti Gaadhalu.mp3_vocals.wav,41,10
ea865e26bc08c95a1691569d6158559d,vocals,fake,fft,077_Garibolla Kanneeti Gaadhalu.mp3_vocals.wav,42,10
b59b0c0959e16594263120d91765c375,vocals,fake,fft,077_Garibolla Kanneeti Gaadhalu.mp3_vocals.wav,43,10
6398d10eb13d94cb2e65f1acecef348f,vocals,fake,fft,077_Garibolla Kanneeti Gaadhalu.mp3_vocals.wav,44,10
79cd678bbc1c878b97c963cd3798b385,vocals,fake,fft,077_Garibolla Kanneeti Gaadhalu.mp3_vocals.wav,45,10
440645efee507868bc7caa4209b24cf0,vocals,fake,fft,077_Garibolla Kanneeti Gaadhalu.mp3_vocals.wav,46,10
a07563546fe40639214b827edae010ec,vocals,fake,fft,077_Garibolla Kanneeti Gaadhalu.mp3_vocals.wav,47,10
7fc7aa8304ab3755502fd69023af06ac,vocals,fake,fft,077_Garibolla Kanneeti Gaadhalu.mp3_vocals.wav,48,10
aa963e00c4cd3b81b71b8dab28334904,vocals,fake,fft,077_Garibolla Kanneeti Gaadhalu.mp3_vocals.wav,49,10
73818bfa4554193a5f0fe420603453f9,vocals,fake,fft,077_Garibolla Kanneeti Gaadhalu.mp3_vocals.wav,50,10
6311b2e975aa30c2e0365871be685c04,vocals,fake,fft,077_Garibolla Kanneeti Gaadhalu.mp3_vocals.wav,51,10
ffb16f91ff56ba4d629e354261b7ac80,vocals,fake,fft,077_Garibolla Kanneeti Gaadhalu.mp3_vocals.wav,52,10
ee4df5f1510bfa6f190e9033e43bd55a,vocals,fake,fft,077_Garibolla Kanneeti Gaadhalu.mp3_vocals.wav,53,10
2431cd64d8779d166231d2cf5b2b5ffe,vocals,fake,fft,077_Garibolla Kanneeti Gaadhalu.mp3_vocals.wav,54,10
dd0aedf945dae891ba714d4300f1044f,vocals,fake,fft,077_Garibolla Kanneeti Gaadhalu.mp3_vocals.wav,55,10
37803b41e5f88a03b293d738219578a0,vocals,fake,fft,077_Garibolla Kanneeti Gaadhalu.mp3_vocals.wav,56,10
75ec464a2cb7f70201f6e3df1a3984d8,vocals,fake,fft,077_Garibolla Kanneeti Gaadhalu.mp3_vocals.wav,57,10
a4f1f578f5044283a3de06cc4f6ec9ea,vocals,fake,fft,077_Garibolla Kanneeti Gaadhalu.mp3_vocals.wav,58,10
c325461d9eccd4995cc23cf4adfa0684,vocals,fake,fft,077_Garibolla Kanneeti Gaadhalu.mp3_vocals.wav,59,10
ffc31e67e8ec9b63c20b3368b90b0237,vocals,fake,fft,077_Garibolla Kanneeti Gaadhalu.mp3_vocals.wav,60,10
bda2ae4d629d9ac922d36e721be61878,vocals,fake,fft,077_Garibolla Kanneeti Gaadhalu.mp3_vocals.wav,61,10
f930ecdd49880d9ca9b09f045e81824b,vocals,fake,fft,077_Garibolla Kanneeti Gaadhalu.mp3_vocals.wav,62,10
c014d42d0f14b9c7d6df1a7c7f518470,vocals,fake,fft,077_Garibolla Kanneeti Gaadhalu.mp3_vocals.wav,63,10
21c5baba710148fcfde7b712f2b9c547,vocals,fake,fft,077_Garibolla Kanneeti Gaadhalu.mp3_vocals.wav,64,10
7cb1a2c8e99544549499b9e83506250c,vocals,fake,fft,077_Garibolla Kanneeti Gaadhalu.mp3_vocals.wav,65,10
ecfe114f786add8f5802e395d2357639,vocals,fake,fft,077_Garibolla Kanneeti Gaadhalu.mp3_vocals.wav,66,10
4484b4e0ba5c5aeb76d1254134923909,vocals,fake,fft,077_Garibolla Kanneeti Gaadhalu.mp3_vocals.wav,67,10
cabb52206fdc819a291ef5ad1b2370fa,vocals,fake,fft,077_Garibolla Kanneeti Gaadhalu.mp3_vocals.wav,68,10
cd923cfd026e6ac8ab3f0ed0b5ee4c1c,vocals,fake,fft,077_Garibolla Kanneeti Gaadhalu.mp3_vocals.wav,69,10
2dbf1e6ab32268afb435d212114f0a77,vocals,fake,fft,077_Garibolla Kanneeti Gaadhalu.mp3_vocals.wav,70,10
61fd091647a000e96c1b00595eff2835,vocals,fake,fft,077_Garibolla Kanneeti Gaadhalu.mp3_vocals.wav,71,10
e1d51e76c34256cb8fb428e95315c80e,vocals,fake,fft,077_Garibolla Kanneeti Gaadhalu.mp3_vocals.wav,72,10
a8ebbcbfa8c694b176ac2ca50db35e41,vocals,fake,fft,077_Garibolla Kanneeti Gaadhalu.mp3_vocals.wav,73,10
a4cb3d0bb2f9ea1f17e503585e6bcbe6,vocals,fake,fft,077_Garibolla Kanneeti Gaadhalu.mp3_vocals.wav,74,10
f930794bbaff5cfae407e0b1776f1793,vocals,fake,fft,077_Garibolla Kanneeti Gaadhalu.mp3_vocals.wav,75,10
e53658c8313a6bc56f9fece548e41a76,vocals,fake,fft,077_Garibolla Kanneeti Gaadhalu.mp3_vocals.wav,76,10
62cce8641187ea4cdbe714815f3ad5ef,vocals,fake,fft,077_Garibolla Kanneeti Gaadhalu.mp3_vocals.wav,77,10
64d59f85a3af08e25e3896a4062f555d,vocals,fake,fft,077_Garibolla Kanneeti Gaadhalu.mp3_vocals.wav,78,10
25021f9273d988c38b3aba94e5e7e204,vocals,fake,fft,077_Garibolla Kanneeti Gaadhalu.mp3_vocals.wav,79,10
1b45aa11a7afee9042d47781c2e5a1e4,vocals,fake,fft,077_Garibolla Kanneeti Gaadhalu.mp3_vocals.wav,80,10
590294568e1912041253d4100954ce49,vocals,fake,fft,077_Garibolla Kanneeti Gaadhalu.mp3_vocals.wav,81,10
d4a341e988acb55a638bad40bbc669ff,vocals,fake,fft,077_Garibolla Kanneeti Gaadhalu.mp3_vocals.wav,82,10
2000d95f56a6a367bfee2c5fca4a0206,vocals,fake,fft,077_Garibolla Kanneeti Gaadhalu.mp3_vocals.wav,83,10
7602bb8df2a73948a39f1809bba7b4ef,vocals,fake,fft,077_Garibolla Kanneeti Gaadhalu.mp3_vocals.wav,84,10
e3a7d3e1c13bcfd9b9fcdf824975af56,vocals,fake,fft,077_Garibolla Kanneeti Gaadhalu.mp3_vocals.wav,85,10
14ffa26e5a840290d1ef56c98e5e28dc,vocals,fake,fft,077_Garibolla Kanneeti Gaadhalu.mp3_vocals.wav,86,10
d4452b87a057c4d3910f34aee38ed7eb,vocals,fake,fft,077_Garibolla Kanneeti Gaadhalu.mp3_vocals.wav,87,10
16587510fbed6769d633331022b530de,vocals,fake,fft,077_Garibolla Kanneeti Gaadhalu.mp3_vocals.wav,88,10
f3f3a84f85b19de92fea4a0297e5ee6a,vocals,fake,fft,077_Garibolla Kanneeti Gaadhalu.mp3_vocals.wav,89,10
b3638e006542f3ef764831a7f159fa1f,vocals,fake,fft,077_Garibolla Kanneeti Gaadhalu.mp3_vocals.wav,90,10
fb5a6c6d5d6e642e484938e587375ce9,vocals,fake,fft,077_Garibolla Kanneeti Gaadhalu.mp3_vocals.wav,91,10
1a02c1e2f7d29ac8971227c1fcf772f2,vocals,fake,fft,077_Garibolla Kanneeti Gaadhalu.mp3_vocals.wav,92,10
b2104af248401aa8b5ae52411cd9fced,vocals,fake,fft,077_Garibolla Kanneeti Gaadhalu.mp3_vocals.wav,93,10
66ee56412094c7d9329c8b7fc8a38a18,vocals,fake,fft,077_Garibolla Kanneeti Gaadhalu.mp3_vocals.wav,94,10
549aaf7926db43891b3d3b0646924f30,vocals,fake,fft,077_Garibolla Kanneeti Gaadhalu.mp3_vocals.wav,95,10
4cc447caf7a1a6b0dfdb33061ff9822d,vocals,fake,fft,077_Garibolla Kanneeti Gaadhalu.mp3_vocals.wav,96,10
2ffc1b88fb72b19ec654ea9cec9fa3ab,vocals,fake,fft,077_Garibolla Kanneeti Gaadhalu.mp3_vocals.wav,97,10
ae546fb27ee871a591b6c3129962a5fc,vocals,fake,fft,077_Garibolla Kanneeti Gaadhalu.mp3_vocals.wav,98,10
5f437b34842fb9b9eb7d7395bcb124e8,vocals,fake,fft,077_Garibolla Kanneeti Gaadhalu.mp3_vocals.wav,99,10
adc504a98f4a6632786e75cd4a2ac5e3,vocals,fake,fft,077_Garibolla Kanneeti Gaadhalu.mp3_vocals.wav,100,10
e35259378b2815d40c498b5dbd476d0c,vocals,fake,fft,077_Garibolla Kanneeti Gaadhalu.mp3_vocals.wav,101,10
f5e53e333ff5e591b862f6c1b9885c80,vocals,fake,fft,077_Garibolla Kanneeti Gaadhalu.mp3_vocals.wav,102,10
5fc2792e63aea8c95686179a230aca61,vocals,fake,fft,077_Garibolla Kanneeti Gaadhalu.mp3_vocals.wav,103,10
44ea3afed938b6b8251c22595bd35ce3,vocals,fake,fft,077_Garibolla Kanneeti Gaadhalu.mp3_vocals.wav,104,10
7ef0decd895e4b93cd749e970d53827a,vocals,fake,fft,077_Garibolla Kanneeti Gaadhalu.mp3_vocals.wav,105,10
f447f6a076dd4321ab55a7aa56771d17,vocals,fake,fft,077_Garibolla Kanneeti Gaadhalu.mp3_vocals.wav,106,10
55336e0dae207ba13dfc37bbdfe87be7,vocals,fake,fft,077_Garibolla Kanneeti Gaadhalu.mp3_vocals.wav,107,10
473890820b21f45823f786d7528ab52d,vocals,fake,fft,077_Garibolla Kanneeti Gaadhalu.mp3_vocals.wav,108,10
b6e775747c477313d89b4937ae7b36e6,vocals,fake,fft,077_Garibolla Kanneeti Gaadhalu.mp3_vocals.wav,109,10
9a5f95f01bb4fb397cbadd1f9f0e7189,vocals,fake,fft,077_Garibolla Kanneeti Gaadhalu.mp3_vocals.wav,110,10
ff26538270dd3f414fbbfbd14f115edc,vocals,fake,fft,077_Garibolla Kanneeti Gaadhalu.mp3_vocals.wav,111,10
d7981ee200834cfdac47450960179190,vocals,fake,fft,077_Garibolla Kanneeti Gaadhalu.mp3_vocals.wav,112,10
9a96c233efad6d226fd04b87ca0fbce0,vocals,fake,fft,077_Garibolla Kanneeti Gaadhalu.mp3_vocals.wav,113,10
d5486716e44e51a4a58207b22be3dcb6,vocals,fake,fft,077_Garibolla Kanneeti Gaadhalu.mp3_vocals.wav,114,10
6d004db18766d3c3ea1d60ca3a45070f,vocals,fake,fft,077_Garibolla Kanneeti Gaadhalu.mp3_vocals.wav,115,10
677165414b23a19755a0bc29aeb18d1a,vocals,fake,fft,077_Garibolla Kanneeti Gaadhalu.mp3_vocals.wav,116,10
964cc9c1db14e34dce0d5449877b0edd,vocals,fake,fft,077_Garibolla Kanneeti Gaadhalu.mp3_vocals.wav,117,10
e7162ab84c0f2fc1ccd227cc894fd53c,vocals,fake,fft,077_Garibolla Kanneeti Gaadhalu.mp3_vocals.wav,118,10
6e132d1deb15fdf69ba57ec36e2f01eb,vocals,fake,fft,077_Garibolla Kanneeti Gaadhalu.mp3_vocals.wav,119,10
20792a6b3f94305dc0c2e2de6c2b049f,vocals,fake,fft,077_Garibolla Kanneeti Gaadhalu.mp3_vocals.wav,120,10
cb878a3b7ec849c47a46f196bd98eecd,vocals,fake,fft,077_Garibolla Kanneeti Gaadhalu.mp3_vocals.wav,121,10
1f4efe633cebdb3491f0e955f0570699,vocals,fake,fft,077_Garibolla Kanneeti Gaadhalu.mp3_vocals.wav,122,10
0bfe7473ad88ef8a7a529190a16e0afa,vocals,fake,fft,077_Garibolla Kanneeti Gaadhalu.mp3_vocals.wav,123,10
2d5376d7c90fb3770e3d8370e16f9624,vocals,fake,fft,077_Garibolla Kanneeti Gaadhalu.mp3_vocals.wav,124,10
aac23d5b7897aaa8ce0fb2b40fa620dd,vocals,fake,fft,077_Garibolla Kanneeti Gaadhalu.mp3_vocals.wav,125,10
07bc54d03ac16a19e8c3f979c61e30e3,vocals,fake,fft,077_Garibolla Kanneeti Gaadhalu.mp3_vocals.wav,126,10
7ce078ea6799aaec78bba685a53ff9f5,vocals,fake,fft,077_Garibolla Kanneeti Gaadhalu.mp3_vocals.wav,127,10
3f08ba5cbe9d0dc590da7725b463c8df,vocals,fake,fft,077_Garibolla Kanneeti Gaadhalu.mp3_vocals.wav,128,10
067174623df8d72256b2618498e7ba6e,vocals,fake,fft,077_Garibolla Kanneeti Gaadhalu.mp3_vocals.wav,129,10
e703ad242934a511a815877056832171,vocals,fake,fft,077_Garibolla Kanneeti Gaadhalu.mp3_vocals.wav,130,10
45f92f8ddcac02c3baf44b47286f4e5f,vocals,fake,fft,077_Garibolla Kanneeti Gaadhalu.mp3_vocals.wav,131,10
b261113e92c0e1c21915a4ceb07dbc79,vocals,fake,fft,077_Garibolla Kanneeti Gaadhalu.mp3_vocals.wav,132,10
9ac9c24c663792368932310253886ec1,vocals,fake,fft,077_Garibolla Kanneeti Gaadhalu.mp3_vocals.wav,133,10
6b2953ca8f641d64875cf93ffad4e205,vocals,fake,fft,077_Garibolla Kanneeti Gaadhalu.mp3_vocals.wav,134,10
5d96a754e3424892a10d56dd32c924ab,vocals,fake,fft,077_Garibolla Kanneeti Gaadhalu.mp3_vocals.wav,135,10
49cd72430029b6259e739d977c2b3235,vocals,fake,fft,077_Garibolla Kanneeti Gaadhalu.mp3_vocals.wav,136,10
02ca39094673df4822e379b7294faab9,vocals,fake,fft,077_Garibolla Kanneeti Gaadhalu.mp3_vocals.wav,137,10
d23344e856ef6a4ab58e72f698f7376f,vocals,fake,fft,077_Garibolla Kanneeti Gaadhalu.mp3_vocals.wav,138,10
b29a688dbfd23becdc991324fd4c23c6,vocals,fake,fft,077_Garibolla Kanneeti Gaadhalu.mp3_vocals.wav,139,10
630b58145154c694bea966411a4f70a6,vocals,fake,fft,077_Garibolla Kanneeti Gaadhalu.mp3_vocals.wav,140,10
0e10449ff819fea94b688a9db724760c,vocals,fake,fft,077_Garibolla Kanneeti Gaadhalu.mp3_vocals.wav,141,10
036ade1bb606e0ec43011e1765b5795e,vocals,fake,fft,077_Garibolla Kanneeti Gaadhalu.mp3_vocals.wav,142,10
5e5f16cac511e0bdac0608f10f0cceb4,vocals,fake,fft,077_Garibolla Kanneeti Gaadhalu.mp3_vocals.wav,143,10
a2d65cda0b28752e836a587cbf01cb4c,vocals,fake,fft,077_Garibolla Kanneeti Gaadhalu.mp3_vocals.wav,144,10
bb6db9b381fefcd67ada9269ecab1b18,vocals,fake,fft,077_Garibolla Kanneeti Gaadhalu.mp3_vocals.wav,145,10
e634b5af88b3108dca2621ce408bfa1b,vocals,fake,fft,077_Garibolla Kanneeti Gaadhalu.mp3_vocals.wav,146,10
0bc1770e3738e13ae873af6b930b556f,vocals,fake,fft,077_Garibolla Kanneeti Gaadhalu.mp3_vocals.wav,147,10
b9d7f1486996986a7e8ad61fb0d1f281,vocals,fake,fft,077_Garibolla Kanneeti Gaadhalu.mp3_vocals.wav,148,10
b591da1dcc4faf10e5d965b1d158b401,vocals,fake,fft,077_Garibolla Kanneeti Gaadhalu.mp3_vocals.wav,149,10
8cad797eb5f76f4152328f9405a014e5,vocals,fake,fft,077_Garibolla Kanneeti Gaadhalu.mp3_vocals.wav,150,10
7e2eebb34d3bb0c2a269f10449498158,vocals,fake,fft,077_Garibolla Kanneeti Gaadhalu.mp3_vocals.wav,151,10
d2957b0d6e09db2d2811d1426faf5a51,vocals,fake,fft,077_Garibolla Kanneeti Gaadhalu.mp3_vocals.wav,152,10
19e59979091d00b91525c9a9d1b58dc0,vocals,fake,fft,077_Garibolla Kanneeti Gaadhalu.mp3_vocals.wav,153,10
f06fc5db745fbdf5db3fe19e6754eca5,vocals,fake,fft,077_Garibolla Kanneeti Gaadhalu.mp3_vocals.wav,154,10
f2069d3f5719bf5ccafef9cba49fe4d4,vocals,fake,fft,077_Garibolla Kanneeti Gaadhalu.mp3_vocals.wav,155,10
84a22e2ba38fc703efa50ed85fa24d55,vocals,fake,fft,077_Garibolla Kanneeti Gaadhalu.mp3_vocals.wav,156,10
7eabb5e847920203d46e7727d78fd692,vocals,fake,fft,077_Garibolla Kanneeti Gaadhalu.mp3_vocals.wav,157,10
4a92b1983f0bd5b24c3b5f8ea1d0a46b,vocals,fake,fft,077_Garibolla Kanneeti Gaadhalu.mp3_vocals.wav,158,10
b1e6cd2423a22d65cd3c3a9035d0ccc9,vocals,fake,fft,077_Garibolla Kanneeti Gaadhalu.mp3_vocals.wav,159,10
b7425c5322409ff2dc824e95deab6e15,vocals,fake,fft,077_Garibolla Kanneeti Gaadhalu.mp3_vocals.wav,160,10
fe2dec4704f2e942827fb87571b63f1b,vocals,fake,fft,077_Garibolla Kanneeti Gaadhalu.mp3_vocals.wav,161,10
4dcc9a8a517440a0292cf04c5deb9b9c,vocals,fake,fft,077_Garibolla Kanneeti Gaadhalu.mp3_vocals.wav,162,10
aebb5437a2348a504d7e607e7bf87fbd,vocals,fake,fft,077_Garibolla Kanneeti Gaadhalu.mp3_vocals.wav,163,10
6ef6c0ec687131a42bbbe98ada7b161c,vocals,fake,fft,077_Garibolla Kanneeti Gaadhalu.mp3_vocals.wav,164,10
7e682f9fa5fb1bc68537a82b78f495c7,vocals,fake,fft,077_Garibolla Kanneeti Gaadhalu.mp3_vocals.wav,165,10
1d274049db19d313bb22cbeb59d2b06c,vocals,fake,fft,077_Garibolla Kanneeti Gaadhalu.mp3_vocals.wav,166,10
04abe3c4337548b5ad46af9c2d7d5137,vocals,fake,fft,077_Garibolla Kanneeti Gaadhalu.mp3_vocals.wav,167,10
071f4e79d96e41685eecbf2ecdd405cc,vocals,fake,fft,077_Garibolla Kanneeti Gaadhalu.mp3_vocals.wav,168,10
c97f3c64ec90621b2f2d6ec20604a7c6,vocals,fake,fft,077_Garibolla Kanneeti Gaadhalu.mp3_vocals.wav,169,10
490de701370f46d83bf341d293d4090e,vocals,fake,fft,077_Garibolla Kanneeti Gaadhalu.mp3_vocals.wav,170,10
54dee28ccb7d9a1e0cebbdbbc2e71164,vocals,fake,fft,077_Garibolla Kanneeti Gaadhalu.mp3_vocals.wav,171,10
1b2fb7ad07f445283ef2753f81541d45,vocals,fake,fft,077_Garibolla Kanneeti Gaadhalu.mp3_vocals.wav,172,10
8083fb93f201e4eee40dc9c8e0826dda,vocals,fake,fft,077_Garibolla Kanneeti Gaadhalu.mp3_vocals.wav,173,10
a37d3bf8d433657afdb0f15c3f87fe5d,vocals,fake,fft,077_Garibolla Kanneeti Gaadhalu.mp3_vocals.wav,174,10
24e20519ec8ed11d04d3b63bb1647d44,vocals,fake,fft,077_Garibolla Kanneeti Gaadhalu.mp3_vocals.wav,175,10
75196d16cf2b8d38e15a223739e6fd57,vocals,fake,fft,077_Garibolla Kanneeti Gaadhalu.mp3_vocals.wav,176,10
9533a771c30f0d3b294c305b5425a570,vocals,fake,fft,077_Garibolla Kanneeti Gaadhalu.mp3_vocals.wav,177,10
ed8b3d8f365284d6f3485fd4a0eb3372,vocals,fake,fft,077_Garibolla Kanneeti Gaadhalu.mp3_vocals.wav,178,10
d579e682e1a17e06db60975ba6a17e13,vocals,fake,fft,077_Garibolla Kanneeti Gaadhalu.mp3_vocals.wav,179,10
7e7066f92b5869afc9b0bf65511d88f8,vocals,fake,fft,077_Garibolla Kanneeti Gaadhalu.mp3_vocals.wav,180,10
2137babfb9e5176ff11d8772c7310441,vocals,fake,fft,077_Garibolla Kanneeti Gaadhalu.mp3_vocals.wav,181,10
f0fe1f4cbb514d13c4ccac85a3ad4a9b,vocals,fake,fft,077_Garibolla Kanneeti Gaadhalu.mp3_vocals.wav,182,10
bda2914488467a3eda816c0774121272,vocals,fake,fft,077_Garibolla Kanneeti Gaadhalu.mp3_vocals.wav,183,10
ee8244ab82beb946ce1ec0e6c493f543,vocals,fake,fft,077_Garibolla Kanneeti Gaadhalu.mp3_vocals.wav,184,10
3a9f7c436d9a6ddd693bd225ddd6ff00,vocals,fake,fft,077_Garibolla Kanneeti Gaadhalu.mp3_vocals.wav,185,10
9cdc7ec93cf52595704990adfdf141ee,vocals,fake,fft,077_Garibolla Kanneeti Gaadhalu.mp3_vocals.wav,186,10
faa3b721ec683e05b1273efb0029d1a4,vocals,fake,fft,077_Garibolla Kanneeti Gaadhalu.mp3_vocals.wav,187,10
d9375ba9bd7d14da157a96ff2ce5acff,vocals,fake,fft,077_Garibolla Kanneeti Gaadhalu.mp3_vocals.wav,188,10
ee2be9fa4749498cd5f4b8189c5b1c79,vocals,fake,fft,077_Garibolla Kanneeti Gaadhalu.mp3_vocals.wav,189,10
c2e62fb3947d5e18b3393cb5369be90e,vocals,fake,fft,077_Garibolla Kanneeti Gaadhalu.mp3_vocals.wav,190,10
ca4df892e7a57179cc54ab6d77bbf4a5,vocals,fake,fft,077_Garibolla Kanneeti Gaadhalu.mp3_vocals.wav,191,10
3b7e653ea56779cdcda6a73e1127f26d,vocals,fake,fft,077_Garibolla Kanneeti Gaadhalu.mp3_vocals.wav,192,10
9a91b6e2ae96afb472200e18da090094,vocals,fake,fft,077_Garibolla Kanneeti Gaadhalu.mp3_vocals.wav,193,10
f6920d27e73e659a9115492f39fb40e7,vocals,fake,fft,077_Garibolla Kanneeti Gaadhalu.mp3_vocals.wav,194,10
e532852508680313d5b87cb89eb998ff,vocals,fake,fft,077_Garibolla Kanneeti Gaadhalu.mp3_vocals.wav,195,10
45d19a490aeafe4b04f6a46af57257f8,vocals,fake,fft,077_Garibolla Kanneeti Gaadhalu.mp3_vocals.wav,196,10
7b3545c18080dd2cf6bc54c75e921b5f,vocals,fake,fft,077_Garibolla Kanneeti Gaadhalu.mp3_vocals.wav,197,10
bb870fb197c51614bef7124fd8aeb42f,vocals,fake,fft,077_Garibolla Kanneeti Gaadhalu.mp3_vocals.wav,198,10
44e20811180ce74583b71c96bc78ed65,vocals,fake,fft,077_Garibolla Kanneeti Gaadhalu.mp3_vocals.wav,199,10
d24745bba3371a840b9301f1cc587252,vocals,fake,fft,077_Garibolla Kanneeti Gaadhalu.mp3_vocals.wav,200,10
3ba4f2d8c6c2fc37db7bb75236053e70,vocals,fake,fft,077_Garibolla Kanneeti Gaadhalu.mp3_vocals.wav,201,10
ff3b86221b18bf0431cf4e49b9058da4,vocals,fake,fft,077_Garibolla Kanneeti Gaadhalu.mp3_vocals.wav,202,10
4e01cf5d8e615fb5a5854ddc5e4ea72e,vocals,fake,fft,077_Garibolla Kanneeti Gaadhalu.mp3_vocals.wav,203,10
bfcd83ec62eb6deca8e6888d51a70631,vocals,fake,fft,077_Garibolla Kanneeti Gaadhalu.mp3_vocals.wav,204,10
699ebce13b30297bf925b1129b3a2f24,vocals,fake,fft,077_Garibolla Kanneeti Gaadhalu.mp3_vocals.wav,205,10
a6526392b38f5f7f25760071098ff50f,vocals,fake,fft,077_Garibolla Kanneeti Gaadhalu.mp3_vocals.wav,206,10
c522f76aacbfcad2caae4cc02d0d6bb8,vocals,fake,fft,077_Garibolla Kanneeti Gaadhalu.mp3_vocals.wav,207,10
6017f48394495e0045787285ab0094f9,vocals,fake,fft,077_Garibolla Kanneeti Gaadhalu.mp3_vocals.wav,208,10
f43aba52fb4b2e7533867c849b23de83,vocals,fake,fft,077_Garibolla Kanneeti Gaadhalu.mp3_vocals.wav,209,10
2f6e13d83708bdadda4297c2befb1c50,vocals,fake,fft,077_Garibolla Kanneeti Gaadhalu.mp3_vocals.wav,210,10
b29070b4528de46d19d70e88e1840d70,vocals,fake,fft,077_Garibolla Kanneeti Gaadhalu.mp3_vocals.wav,211,10
3521cf9fedbc1cd36664ae8ce236e3ab,vocals,fake,fft,077_Garibolla Kanneeti Gaadhalu.mp3_vocals.wav,212,10
c7f3c7f9443038bbf3e30a60707c1abf,vocals,fake,fft,077_Garibolla Kanneeti Gaadhalu.mp3_vocals.wav,213,10
c955ad88a1623f4f0ca9897f57937e39,vocals,fake,fft,077_Garibolla Kanneeti Gaadhalu.mp3_vocals.wav,214,10
bc4952c28b8d02d749416b53e6062ec9,vocals,fake,fft,077_Garibolla Kanneeti Gaadhalu.mp3_vocals.wav,215,10
0ea7fe41b216dfa5bc87de56161bbfdd,vocals,fake,fft,077_Garibolla Kanneeti Gaadhalu.mp3_vocals.wav,216,10
89b0d6d3431aa11450d63f06e044f8bc,vocals,fake,fft,077_Garibolla Kanneeti Gaadhalu.mp3_vocals.wav,217,10
ecdf4eb5d4d728c74aeafc7363bc89c4,vocals,fake,fft,077_Garibolla Kanneeti Gaadhalu.mp3_vocals.wav,218,10
ceb50f0083f3da3c1be3544f6375fd8b,vocals,fake,fft,077_Garibolla Kanneeti Gaadhalu.mp3_vocals.wav,219,10
6ea7aef85032d3ce0137b7e6ccf34e40,vocals,fake,fft,077_Garibolla Kanneeti Gaadhalu.mp3_vocals.wav,220,10
af05b59c9da659ea8185023c76962846,vocals,fake,fft,077_Garibolla Kanneeti Gaadhalu.mp3_vocals.wav,221,10
a408aeadf351a2f974ef681be1fef04f,vocals,fake,fft,077_Garibolla Kanneeti Gaadhalu.mp3_vocals.wav,222,10
d1d7124d4e1ed164e731fa308b1ab6fc,vocals,fake,fft,077_Garibolla Kanneeti Gaadhalu.mp3_vocals.wav,223,10
23e864274fa85ab939156454e6191770,vocals,fake,fft,077_Garibolla Kanneeti Gaadhalu.mp3_vocals.wav,224,10
01d70e1ecc912e77dd315ac7679b2951,vocals,fake,fft,077_Garibolla Kanneeti Gaadhalu.mp3_vocals.wav,225,10
845dc1c0f206e32762823059f4fdf857,vocals,fake,fft,077_Garibolla Kanneeti Gaadhalu.mp3_vocals.wav,226,10
9fb71de3bd53711aee466273f5d08b38,vocals,fake,fft,077_Garibolla Kanneeti Gaadhalu.mp3_vocals.wav,227,10
7c747f7687609cfc509e912f4004957c,vocals,fake,fft,077_Garibolla Kanneeti Gaadhalu.mp3_vocals.wav,228,10
e48df59ffca7f08e46be15743973e500,vocals,fake,fft,077_Garibolla Kanneeti Gaadhalu.mp3_vocals.wav,229,10
01f6ab22328d9bcdce80af6809eeef30,vocals,fake,fft,077_Garibolla Kanneeti Gaadhalu.mp3_vocals.wav,230,10
f3b7b6578d7fb2448543e6373084321d,vocals,fake,fft,077_Garibolla Kanneeti Gaadhalu.mp3_vocals.wav,231,10
4033c7b5c75a761052b6d7a086da711e,vocals,fake,fft,077_Garibolla Kanneeti Gaadhalu.mp3_vocals.wav,232,10
8ca0f482fdffa15f59106fb33c3c900f,vocals,fake,fft,077_Garibolla Kanneeti Gaadhalu.mp3_vocals.wav,233,10
38d262ddc7bdecbf26d9879b65084655,vocals,fake,fft,077_Garibolla Kanneeti Gaadhalu.mp3_vocals.wav,234,10
dbd95c83e6f093ed6142baf7ece8c9b7,vocals,fake,fft,077_Garibolla Kanneeti Gaadhalu.mp3_vocals.wav,235,10
ecc6926ac7f0974c520e1f6f3c3d4a49,vocals,fake,fft,077_Garibolla Kanneeti Gaadhalu.mp3_vocals.wav,236,10
0a08389f290525fa0ce9f1a26bb5716c,vocals,fake,fft,077_Garibolla Kanneeti Gaadhalu.mp3_vocals.wav,237,10
5ce23118cb7b4c730e1ac6ed35edd45a,vocals,fake,fft,077_Garibolla Kanneeti Gaadhalu.mp3_vocals.wav,238,10
731f6217c31fb660bd8876fd7268027b,vocals,fake,fft,077_Garibolla Kanneeti Gaadhalu.mp3_vocals.wav,239,10
76d08d3e0b5477c57ab0999937fc5e54,vocals,fake,fft,077_Garibolla Kanneeti Gaadhalu.mp3_vocals.wav,240,10
31b20ba0a2cfda60d3b3296636944fa2,vocals,fake,fft,077_Garibolla Kanneeti Gaadhalu.mp3_vocals.wav,241,10
73b5b473a3993a6a0e32392931ff5274,vocals,fake,fft,077_Garibolla Kanneeti Gaadhalu.mp3_vocals.wav,242,10
c8be97a293c65a1e105524d32c6b617c,vocals,fake,fft,077_Garibolla Kanneeti Gaadhalu.mp3_vocals.wav,243,10
03c6790e61e5324e558101c6be2b4799,vocals,fake,fft,077_Garibolla Kanneeti Gaadhalu.mp3_vocals.wav,244,10
371840b1029c27449d110d207e63be78,vocals,fake,fft,077_Garibolla Kanneeti Gaadhalu.mp3_vocals.wav,245,10
676a177c7e2bfd63082b39e304faf604,vocals,fake,fft,077_Garibolla Kanneeti Gaadhalu.mp3_vocals.wav,246,10
3b12ca95844717a3c0cbb71a2f509974,vocals,fake,fft,077_Garibolla Kanneeti Gaadhalu.mp3_vocals.wav,247,10
726d7db683e1f5535c2147b57a5fb40a,vocals,fake,fft,077_Garibolla Kanneeti Gaadhalu.mp3_vocals.wav,248,10
cf43881a5597c889a5fae011bb285ce1,vocals,fake,fft,077_Garibolla Kanneeti Gaadhalu.mp3_vocals.wav,249,10
51affb125f7f69ddb87cdb3b5508740c,vocals,fake,fft,077_Garibolla Kanneeti Gaadhalu.mp3_vocals.wav,250,10
443d890cd6fd834f2ee90a18a4342dd6,vocals,fake,fft,077_Garibolla Kanneeti Gaadhalu.mp3_vocals.wav,251,10
c3c58af30e2219545a4b945656ad04f9,vocals,fake,fft,077_Garibolla Kanneeti Gaadhalu.mp3_vocals.wav,252,10
3a4b0ece9684586f5dedbd926bcb4f1f,vocals,fake,fft,077_Garibolla Kanneeti Gaadhalu.mp3_vocals.wav,253,10
fc7393a32dea9aa9f6103f262cd5df1f,vocals,fake,fft,077_Garibolla Kanneeti Gaadhalu.mp3_vocals.wav,254,10
765777a847d0e326acdc505d8d6b92dc,vocals,fake,fft,077_Garibolla Kanneeti Gaadhalu.mp3_vocals.wav,255,10
97dbe86aa2cac495af516ad9d22fa7e3,vocals,fake,fft,077_Garibolla Kanneeti Gaadhalu.mp3_vocals.wav,256,10
0c6b9700df0ea2f20279498f73c1d09b,vocals,fake,fft,077_Garibolla Kanneeti Gaadhalu.mp3_vocals.wav,257,10
9c57a59ca38fb35424e6abe62a454b4b,vocals,fake,fft,077_Garibolla Kanneeti Gaadhalu.mp3_vocals.wav,258,10
ec2a5d1def4b42f658574cff7947ff6a,vocals,fake,fft,077_Garibolla Kanneeti Gaadhalu.mp3_vocals.wav,259,10
ce6236ee53bdc06dc189d73100261014,vocals,fake,fft,077_Garibolla Kanneeti Gaadhalu.mp3_vocals.wav,260,10
05a6bb1e9f122b98b025a735f38845a2,vocals,fake,fft,077_Garibolla Kanneeti Gaadhalu.mp3_vocals.wav,261,10
1d238200533800ba9a8330380110ccc2,vocals,fake,fft,077_Garibolla Kanneeti Gaadhalu.mp3_vocals.wav,262,10
9257796fbb77187e05d70741cbc2cc0d,vocals,fake,fft,077_Garibolla Kanneeti Gaadhalu.mp3_vocals.wav,263,10
c0f16966a58e0dad8495acfeefc1be82,vocals,fake,fft,077_Garibolla Kanneeti Gaadhalu.mp3_vocals.wav,264,10
cc9dc40e4fcea3adaae52ce17d3de89a,vocals,fake,fft,079_Rasamayi Daruvu.mp3_vocals.wav,0,10
38a1b736ee52f6ac2636eb6fe76eb7ba,vocals,fake,fft,079_Rasamayi Daruvu.mp3_vocals.wav,1,10
1b4bff8341791f1760a21f71ad021979,vocals,fake,fft,079_Rasamayi Daruvu.mp3_vocals.wav,2,10
e972b93d24a2912bda621168a7d23362,vocals,fake,fft,079_Rasamayi Daruvu.mp3_vocals.wav,3,10
65c50eaf17beffe1307dd634c8da4665,vocals,fake,fft,079_Rasamayi Daruvu.mp3_vocals.wav,4,10
c61ac31b24213f16bdbb2d30eb92f49b,vocals,fake,fft,079_Rasamayi Daruvu.mp3_vocals.wav,5,10
6b7174af57d38d563a8eb55a87e656a4,vocals,fake,fft,079_Rasamayi Daruvu.mp3_vocals.wav,6,10
3cea09450e9d6ea7ed66d4b9a7019c0c,vocals,fake,fft,079_Rasamayi Daruvu.mp3_vocals.wav,7,10
5ebfdc31f558220f2a4c1c9cb8cf8913,vocals,fake,fft,079_Rasamayi Daruvu.mp3_vocals.wav,8,10
7b68662d02a3b0aecca99ce49f3c5e1d,vocals,fake,fft,079_Rasamayi Daruvu.mp3_vocals.wav,9,10
038a33296549feeae2f3000898e87fe2,vocals,fake,fft,079_Rasamayi Daruvu.mp3_vocals.wav,10,10
9aaa25f69ff2c3e4d84120597e8e460b,vocals,fake,fft,079_Rasamayi Daruvu.mp3_vocals.wav,11,10
c89f0090898d784eb28dde4c50c88d53,vocals,fake,fft,079_Rasamayi Daruvu.mp3_vocals.wav,12,10
dab51fa42abaa26c4f22201367e3209a,vocals,fake,fft,079_Rasamayi Daruvu.mp3_vocals.wav,13,10
25125eb11da660565ca56d888d65204a,vocals,fake,fft,079_Rasamayi Daruvu.mp3_vocals.wav,14,10
78f94b36047942b29c4322c2e810c52b,vocals,fake,fft,079_Rasamayi Daruvu.mp3_vocals.wav,15,10
e7710500f08b59a37f25bc5da09c0b7b,vocals,fake,fft,079_Rasamayi Daruvu.mp3_vocals.wav,16,10
d1e474e7c028faf7cf4a3c91dcbe1e32,vocals,fake,fft,079_Rasamayi Daruvu.mp3_vocals.wav,17,10
1faa3055454e75ed788012b997ba66e8,vocals,fake,fft,079_Rasamayi Daruvu.mp3_vocals.wav,18,10
01ca3ddc55f99bf6922cc7d385cd4864,vocals,fake,fft,079_Rasamayi Daruvu.mp3_vocals.wav,19,10
678aecc0548dc536809a7530d499dc9c,vocals,fake,fft,079_Rasamayi Daruvu.mp3_vocals.wav,20,10
35cd61f61cac5ab6f36857a1db530a9e,vocals,fake,fft,079_Rasamayi Daruvu.mp3_vocals.wav,21,10
49eb1165da134097963bd1bba4ec3e7f,vocals,fake,fft,079_Rasamayi Daruvu.mp3_vocals.wav,22,10
dbea3c08c70a8014338d07031359851f,vocals,fake,fft,079_Rasamayi Daruvu.mp3_vocals.wav,23,10
a479b99e022f7b6632e56215f7e4900d,vocals,fake,fft,079_Rasamayi Daruvu.mp3_vocals.wav,24,10
6033bf90f4f4b58bad9bea09299848cf,vocals,fake,fft,079_Rasamayi Daruvu.mp3_vocals.wav,25,10
383e9cccdd0678148b985ccc99b69028,vocals,fake,fft,079_Rasamayi Daruvu.mp3_vocals.wav,26,10
e7a820c5e86b30f47ebed953668ed228,vocals,fake,fft,079_Rasamayi Daruvu.mp3_vocals.wav,27,10
1c5f10043349a5e17c84d2ebd5229682,vocals,fake,fft,079_Rasamayi Daruvu.mp3_vocals.wav,28,10
c8ba5279ddbc0bf7d8fffe93e10d7e5d,vocals,fake,fft,079_Rasamayi Daruvu.mp3_vocals.wav,29,10
147305dd6797e88546625f11b6b955be,vocals,fake,fft,079_Rasamayi Daruvu.mp3_vocals.wav,30,10
d18570b94e2f7f79fef29ae767a0fa8c,vocals,fake,fft,079_Rasamayi Daruvu.mp3_vocals.wav,31,10
d0450dc224713103db39e2d61bd19d38,vocals,fake,fft,079_Rasamayi Daruvu.mp3_vocals.wav,32,10
1e7a7f650edf7856df5decd0e731d7a1,vocals,fake,fft,079_Rasamayi Daruvu.mp3_vocals.wav,33,10
83718087de850b820cebac24d91fac1d,vocals,fake,fft,079_Rasamayi Daruvu.mp3_vocals.wav,34,10
4f373bd5008706b0e959a30a1b010cc8,vocals,fake,fft,079_Rasamayi Daruvu.mp3_vocals.wav,35,10
8a6187eeb20e2f7b4a8817143b5d99cf,vocals,fake,fft,079_Rasamayi Daruvu.mp3_vocals.wav,36,10
e5acd210c1dbd3e36e8f1d1ba8e6339f,vocals,fake,fft,079_Rasamayi Daruvu.mp3_vocals.wav,37,10
0f1709e7743bbc59a992d69e2a60657a,vocals,fake,fft,079_Rasamayi Daruvu.mp3_vocals.wav,38,10
cce2561fa53a7758f8f9f4dc6c5ad3c9,vocals,fake,fft,079_Rasamayi Daruvu.mp3_vocals.wav,39,10
4aa188a4730e8e630742edd99f666b83,vocals,fake,fft,079_Rasamayi Daruvu.mp3_vocals.wav,40,10
33595114dc810c45fc9c21c9c1820999,vocals,fake,fft,079_Rasamayi Daruvu.mp3_vocals.wav,41,10
5c30529cb84446fc18382e5551859aab,vocals,fake,fft,079_Rasamayi Daruvu.mp3_vocals.wav,42,10
2254f4fb68dfb8241480ce6047676bec,vocals,fake,fft,079_Rasamayi Daruvu.mp3_vocals.wav,43,10
413460eae310cd6dcd6b14cb2dc6bf57,vocals,fake,fft,079_Rasamayi Daruvu.mp3_vocals.wav,44,10
0e55e77f68a8038f4d1dce330b071290,vocals,fake,fft,079_Rasamayi Daruvu.mp3_vocals.wav,45,10
81f0d447455fb5379cc4f429e5effae1,vocals,fake,fft,079_Rasamayi Daruvu.mp3_vocals.wav,46,10
54eee162f2da285bf898244fa969689c,vocals,fake,fft,079_Rasamayi Daruvu.mp3_vocals.wav,47,10
c615592819c68197112f3fefcefdeac6,vocals,fake,fft,079_Rasamayi Daruvu.mp3_vocals.wav,48,10
f3abba59d3d32f4f3cd64c95c6b17825,vocals,fake,fft,079_Rasamayi Daruvu.mp3_vocals.wav,49,10
d4b92046c6334b32d3989a90ddba1968,vocals,fake,fft,079_Rasamayi Daruvu.mp3_vocals.wav,50,10
a329d62fa14c1b0f201902cdc9ae18c3,vocals,fake,fft,079_Rasamayi Daruvu.mp3_vocals.wav,51,10
ccaa6c23ee57269250b668c047d679d6,vocals,fake,fft,079_Rasamayi Daruvu.mp3_vocals.wav,52,10
7e1e3a7dacd59bbf32dd03f744178d72,vocals,fake,fft,079_Rasamayi Daruvu.mp3_vocals.wav,53,10
ba49422f63d87f95931f321a031f4e99,vocals,fake,fft,079_Rasamayi Daruvu.mp3_vocals.wav,54,10
72dacbd11fe72910037ae6712d88da6f,vocals,fake,fft,079_Rasamayi Daruvu.mp3_vocals.wav,55,10
43494425c6da65a0fe3d766d9f160b6c,vocals,fake,fft,079_Rasamayi Daruvu.mp3_vocals.wav,56,10
a6abd03dc0508c44f7ad53235b48043d,vocals,fake,fft,079_Rasamayi Daruvu.mp3_vocals.wav,57,10
008e68a9bdc6f6fefe61042487404b43,vocals,fake,fft,079_Rasamayi Daruvu.mp3_vocals.wav,58,10
67a1c83bf4882a9542e2e4bc22e33632,vocals,fake,fft,079_Rasamayi Daruvu.mp3_vocals.wav,59,10
270d3e608436b68f8299dc00341d4a79,vocals,fake,fft,079_Rasamayi Daruvu.mp3_vocals.wav,60,10
98923b1636102e0882e601e4e37dc29a,vocals,fake,fft,079_Rasamayi Daruvu.mp3_vocals.wav,61,10
3b0371c1916a77acd148c533755053bd,vocals,fake,fft,079_Rasamayi Daruvu.mp3_vocals.wav,62,10
66935f07204973a0b70b2bae8e01acfa,vocals,fake,fft,079_Rasamayi Daruvu.mp3_vocals.wav,63,10
23b49ee604b069cc51ee691076bcf671,vocals,fake,fft,079_Rasamayi Daruvu.mp3_vocals.wav,64,10
78341ee75c1c9f940db8ea11080266a0,vocals,fake,fft,079_Rasamayi Daruvu.mp3_vocals.wav,65,10
77b5c371556381eb8d197c5b1f65beff,vocals,fake,fft,079_Rasamayi Daruvu.mp3_vocals.wav,66,10
2422bd894103c1c48ad2fe6c135e2771,vocals,fake,fft,079_Rasamayi Daruvu.mp3_vocals.wav,67,10
ce542d7d6d61835affa9445b2b7d6d66,vocals,fake,fft,079_Rasamayi Daruvu.mp3_vocals.wav,68,10
99c59fee1d74407cc77daa96bbe44a0e,vocals,fake,fft,079_Rasamayi Daruvu.mp3_vocals.wav,69,10
3731ad15f1500d37c2e81b28df783f1e,vocals,fake,fft,079_Rasamayi Daruvu.mp3_vocals.wav,70,10
2891d0de8945ba6bf123443d04bd55b6,vocals,fake,fft,079_Rasamayi Daruvu.mp3_vocals.wav,71,10
77090a045a611f628ae004cfd3e72c9c,vocals,fake,fft,079_Rasamayi Daruvu.mp3_vocals.wav,72,10
f012b4ee2ea4e998a0426da2e5b35ce7,vocals,fake,fft,079_Rasamayi Daruvu.mp3_vocals.wav,73,10
89f314a9633d877c67621c13c9215c93,vocals,fake,fft,079_Rasamayi Daruvu.mp3_vocals.wav,74,10
c410a09f8e18cdd21941c6dfc6bc9ebf,vocals,fake,fft,079_Rasamayi Daruvu.mp3_vocals.wav,75,10
e2d6e9b132cb51fcaf0ba2886b41524e,vocals,fake,fft,079_Rasamayi Daruvu.mp3_vocals.wav,76,10
a51317a387724ba51138c8aebb8d6c28,vocals,fake,fft,079_Rasamayi Daruvu.mp3_vocals.wav,77,10
88069a94bf5a4ab5271ca2b884719bcd,vocals,fake,fft,079_Rasamayi Daruvu.mp3_vocals.wav,78,10
1243d9208ebff808bce0e7dccf35fa0d,vocals,fake,fft,079_Rasamayi Daruvu.mp3_vocals.wav,79,10
8f2568cf4376359becabdd48b43092c1,vocals,fake,fft,079_Rasamayi Daruvu.mp3_vocals.wav,80,10
0a8ab3720c2130e554d7fff2c52ad1c0,vocals,fake,fft,079_Rasamayi Daruvu.mp3_vocals.wav,81,10
a2b4673db1e0cf1f36af7f399387f135,vocals,fake,fft,079_Rasamayi Daruvu.mp3_vocals.wav,82,10
cd1c9b5d64be307849d9cc82c8f35693,vocals,fake,fft,079_Rasamayi Daruvu.mp3_vocals.wav,83,10
75af4b501886cd381bd32f7fb7131019,vocals,fake,fft,079_Rasamayi Daruvu.mp3_vocals.wav,84,10
1b0f35851c0b8bee59a0dc3dff30e636,vocals,fake,fft,079_Rasamayi Daruvu.mp3_vocals.wav,85,10
83f85d0684ac5b42acc930ff0453c39d,vocals,fake,fft,079_Rasamayi Daruvu.mp3_vocals.wav,86,10
776ea497842f9bfa7e825b6e215fb3cf,vocals,fake,fft,079_Rasamayi Daruvu.mp3_vocals.wav,87,10
a26e2524a3cf230a343f4964af2ba0f2,vocals,fake,fft,079_Rasamayi Daruvu.mp3_vocals.wav,88,10
34b5f2c5ff525ffbf82979d68dd154d7,vocals,fake,fft,079_Rasamayi Daruvu.mp3_vocals.wav,89,10
fc9be52556a74b9f47eff7505fcb12a5,vocals,fake,fft,079_Rasamayi Daruvu.mp3_vocals.wav,90,10
4813e58f235e36d5b8d44205a3cd3fcc,vocals,fake,fft,079_Rasamayi Daruvu.mp3_vocals.wav,91,10
ae45780d917eebb5f455548209eed0f6,vocals,fake,fft,079_Rasamayi Daruvu.mp3_vocals.wav,92,10
5c2045671cb28fc25979bdf3fe428d90,vocals,fake,fft,079_Rasamayi Daruvu.mp3_vocals.wav,93,10
12b169b92b0be0f8d26f2ed603be52d1,vocals,fake,fft,079_Rasamayi Daruvu.mp3_vocals.wav,94,10
162add0eeebeb8a9b1c13fd874a913e5,vocals,fake,fft,079_Rasamayi Daruvu.mp3_vocals.wav,95,10
5e5eb94f3527e65c8e4c0671119382e3,vocals,fake,fft,079_Rasamayi Daruvu.mp3_vocals.wav,96,10
3749a42c191147330a9395369b57bfbf,vocals,fake,fft,079_Rasamayi Daruvu.mp3_vocals.wav,97,10
288628c50a10adb8d4ca8c2be1462a42,vocals,fake,fft,079_Rasamayi Daruvu.mp3_vocals.wav,98,10
46239d0549eea4c0037619d78af2c04e,vocals,fake,fft,079_Rasamayi Daruvu.mp3_vocals.wav,99,10
2012a375b08c1df24a6ddb96449db39d,vocals,fake,fft,079_Rasamayi Daruvu.mp3_vocals.wav,100,10
dad501dd539ac335c0756232ff3071d7,vocals,fake,fft,079_Rasamayi Daruvu.mp3_vocals.wav,101,10
8171092a06ca7f17c9120ecb978dd6ce,vocals,fake,fft,080_AYYO RAMA RAMA BAALI.mp3_vocals.wav,0,10
55fa6a508295fc921fed1b66008b805a,vocals,fake,fft,080_AYYO RAMA RAMA BAALI.mp3_vocals.wav,1,10
acdd00c2ac126aea32344836ac49d067,vocals,fake,fft,080_AYYO RAMA RAMA BAALI.mp3_vocals.wav,2,10
4e494d21cf002befac4bf78f17835db7,vocals,fake,fft,080_AYYO RAMA RAMA BAALI.mp3_vocals.wav,3,10
fc0ddcecb445449a60ed80a2d68aa69c,vocals,fake,fft,080_AYYO RAMA RAMA BAALI.mp3_vocals.wav,4,10
c79e636ff4367d4bda6d9c0f04a42a08,vocals,fake,fft,082_Jamukula Buduku Music.mp3_vocals.wav,0,10
cf923a4e101b8aea89f2cbee7fdd6149,vocals,fake,fft,082_Jamukula Buduku Music.mp3_vocals.wav,1,10
82344ba2ac47579c20a09392d709a0d8,vocals,fake,fft,082_Jamukula Buduku Music.mp3_vocals.wav,2,10
b74a3e842d29fd8770e26d052dd7ddbe,vocals,fake,fft,082_Jamukula Buduku Music.mp3_vocals.wav,3,10
4b00fdb0612afea7b7225702eef40fa3,vocals,fake,fft,082_Jamukula Buduku Music.mp3_vocals.wav,4,10
9848670de4d56c691800f6ad80e5f472,references,fake,fft,telugu_reference.wav,0,10
