sample_id,language,label,method,original_filename,clip_index,duration_seconds
552da1f18e5210306743954840891711,hindi,real,real,Raga Yaman.mp3,0,10
9e84487513b2b5d75f196caff1938dc1,hindi,real,real,Raga Yaman.mp3,1,10
227b5917a9616e642a66f9493a741560,hindi,real,real,Raga Yaman.mp3,2,10
5ff343e94e09bd4867d13742ed8610cd,hindi,real,real,Raga Yaman.mp3,3,10
9fac86d61c7091b07834cafe4be9d9a5,hindi,real,real,Raga Yaman.mp3,4,10
2cd3b29ad5bb1f80214503272766762b,hindi,real,real,Raga Yaman.mp3,5,10
4882ec65a1014f4bfe5de10decd87a7e,hindi,real,real,Raga Yaman.mp3,6,10
4508c0b5ef88eba1511940130e846833,hindi,real,real,Raga Yaman.mp3,7,10
c03a57592f0e94236fea7b9933a46447,hindi,real,real,Raga Yaman.mp3,8,10
ab89544d77212ae5b93f02e6c848e1be,hindi,real,real,Raga Yaman.mp3,9,10
1ac0450ab1ae65c6bc3abe1662bf48e6,hindi,real,real,Raga Yaman.mp3,10,10
04072723ebd6f4bef04328718977b855,hindi,real,real,Raga Yaman.mp3,11,10
6f33bc55220920e7fbcca528a4871f9a,hindi,real,real,Raga Yaman.mp3,12,10
0c04b98674fdcb99e04d71252502b8cf,hindi,real,real,Raga Yaman.mp3,13,10
c86b14f3c0bf59abfc45671b5e642a12,hindi,real,real,Raga Yaman.mp3,14,10
0b3c3ed8885ff92f7abfcf8163384201,hindi,real,real,Raga Yaman.mp3,15,10
b5ffad22d249d6ed68268f4a4017b46e,hindi,real,real,Raga Yaman.mp3,16,10
68d7ada8b1cfa6ba29f06dca13fb1acf,hindi,real,real,Raga Yaman.mp3,17,10
40484cbaa76c98ef457f626e1e5ec489,hindi,real,real,Raga Yaman.mp3,18,10
fa48989400991dcdda95e367d87ff20d,hindi,real,real,Raga Yaman.mp3,19,10
dc8afc913f15fe03b5696c3e37efe39a,hindi,real,real,Raga Yaman.mp3,20,10
5f7e6fa0cf2dc818671427da599f491a,hindi,real,real,Raga Yaman.mp3,21,10
0f67e98afc7cc5f26fb17b3fa4f6645f,hindi,real,real,Raga Yaman.mp3,22,10
46fc674d4dccd0d0f099a58a0d453bc4,hindi,real,real,Raga Yaman.mp3,23,10
ab5561542d987844f092856b46504839,hindi,real,real,Raga Yaman.mp3,24,10
8f9c18faaf93c93f221214d44fae5392,hindi,real,real,Raga Yaman.mp3,25,10
258d1b087d7ff26c02ff6fadb85066ca,hindi,real,real,Raga Yaman.mp3,26,10
ea461f598a03ef96af107f8440b2e6c4,hindi,real,real,Raga Yaman.mp3,27,10
3c79f8c7363fd871f06dcedd373d6c78,hindi,real,real,Raga Yaman.mp3,28,10
124ebafdc09ebeb9395ea23deba6a04c,hindi,real,real,Raga Yaman.mp3,29,10
2b21165e1bd6ed62501b6c21cede5510,hindi,real,real,Raga Yaman.mp3,30,10
422d510d8ae2d5e1a2f165141801b695,hindi,real,real,Raga Yaman.mp3,31,10
6528dea9ad069ffd3a78f1c2b106d0e3,hindi,real,real,Raga Yaman.mp3,32,10
e8302a8b959135b3679d584a3d233b27,hindi,real,real,Raga Yaman.mp3,33,10
7cdd74ff013098619636f93549adb35a,hindi,real,real,Raga Yaman.mp3,34,10
95c422a920fd0b96a580f5013a2b1c4e,hindi,real,real,Raga Yaman.mp3,35,10
9a159f737668d7dedd6c5aef2b1f7185,hindi,real,real,Raga Yaman.mp3,36,10
33a37254eb2eb0dbef21848791e20d6a,hindi,real,real,Raga Yaman.mp3,37,10
75a3454f9c0c5dace395a76171a51db7,hindi,real,real,Raga Yaman.mp3,38,10
ea56a1403e22d09236538e0553f52e40,hindi,real,real,Raga Yaman.mp3,39,10
9da5854b9740114059b876009383b649,hindi,real,real,Raga Yaman.mp3,40,10
0f7e88fdbc2f8d18bbefa69b2278ea76,hindi,real,real,Raga Bhairav.mp3,0,10
0a059903aa30de6a32552747e391c695,hindi,real,real,Raga Bhairav.mp3,1,10
d363f4f32f2328825d1838799640e178,hindi,real,real,Raga Bhairav.mp3,2,10
e4c735059eebc91117bf8bebf2544db3,hindi,real,real,Raga Bhairav.mp3,3,10
963a47909e1f98ff9492986574ab88ff,hindi,real,real,Raga Bhairav.mp3,4,10
eb56664d9fc6d75a079bf8ceef963a0e,hindi,real,real,Raga Bhairav.mp3,5,10
59174b1ed14f6d06ac12c9c33b766b2e,hindi,real,real,Raga Bhairav.mp3,6,10
3c126b77afcfe182fadfe90193ed960f,hindi,real,real,Raga Bhairav.mp3,7,10
3e333a8e559d7e4e7fcdd08c635460f6,hindi,real,real,Raga Bhairav.mp3,8,10
ad3131f31ae22e1d9fefa4ac3429f520,hindi,real,real,Raga Bhairav.mp3,9,10
30760595e093278f10ad557b8c415392,hindi,real,real,Raga Bhairav.mp3,10,10
0b73f72a7bde747ce10e92ed7e1217a8,hindi,real,real,Raga Bhairav.mp3,11,10
e4ce4ea41e994bcb4dfca27fe3e73497,hindi,real,real,Raga Bhairav.mp3,12,10
7c89878585de22b87d2fadee7d852d7a,hindi,real,real,Raga Bhairav.mp3,13,10
5c5068079f7330acd7fa144294d559b9,hindi,real,real,Raga Bhairav.mp3,14,10
f4189c6a6348988489289deac30e90d1,hindi,real,real,Raga Bhairav.mp3,15,10
0bf1735b0e5e0e594bbce147ee555789,hindi,real,real,Raga Bhairav.mp3,16,10
062ae050cba1c16f847dcbac0cab3852,hindi,real,real,Raga Bhairav.mp3,17,10
3451035fb1347757cfbdf144b1fd5b79,hindi,real,real,Raga Bhairav.mp3,18,10
ddcb8358f270d442da3511cd4585637c,hindi,real,real,Raga Bhairav.mp3,19,10
91027fa7a3820a1df261efa20e0c50a9,hindi,real,real,Raga Bhairav.mp3,20,10
a8a759410635ba42002dafbf27b4660c,hindi,real,real,Raga Bhairav.mp3,21,10
3667d5f1b578fa8ed84a0da79c8980c4,hindi,real,real,Raga Bhairav.mp3,22,10
9df013a0d568dbc098465bebcfe71906,hindi,real,real,Raga Bhairav.mp3,23,10
171bc92440935372cf2ad956b41424a7,hindi,real,real,Raga Bhairav.mp3,24,10
6852a339f94594148925827470d952e4,hindi,real,real,Raga Bhairav.mp3,25,10
45886159580ea2298f55294fc7cd8bda,hindi,real,real,Raga Bhairav.mp3,26,10
411293201cf3effdaa357c5d910e2116,hindi,real,real,Raga Bhairav.mp3,27,10
12f33e8cbc0bbb9c9a86fdc5bd034ff6,hindi,real,real,Raga Bhairav.mp3,28,10
1577d5f09ebce5df33b9900577867df2,hindi,real,real,Raga Bhairav.mp3,29,10
6e610568844dd668967261cad993c6e2,hindi,real,real,Raga Bhairav.mp3,30,10
c7c7ea0c6806365f320c373d625be9d5,hindi,real,real,Raga Bhairav.mp3,31,10
3fbb6216cbb6bf3bd63210b83ebdb436,hindi,real,real,Raga Bhairav.mp3,32,10
5f8855829f11a0ef7711e2703fc2e67e,hindi,real,real,Raga Bhairav.mp3,33,10
5fa669d564aa1211c7016551825a1388,hindi,real,real,Raga Bhairav.mp3,34,10
258027be3b9e7d05682e438b391acb0c,hindi,real,real,Raga Bhairav.mp3,35,10
9b4b9ac991ed448dbe22c73ae89c54b1,hindi,real,real,Raga Bhairav.mp3,36,10
ba76a884f138e664ad9eacca1f29dc8c,hindi,real,real,Raga Bhairav.mp3,37,10
f85a5aebe2c60c1c146838fd60002e64,hindi,real,real,Raga Bhairav.mp3,38,10
2b9961a6ac47446e5dc13e0dc047da02,hindi,real,real,Raga Bhairav.mp3,39,10
692b468648dfb0b8c250191de74b7d37,hindi,real,real,Raga Bhairav.mp3,40,10
46d0a143f91fb6c0c7b3f412b2378d54,hindi,real,real,Raga Bhairav.mp3,41,10
d2f042b6b97315ca50e7a0f8cd41975a,hindi,real,real,Raga Bhairav.mp3,42,10
6b0070ee5df9453de263d2520ba53528,hindi,real,real,Raga Bhairav.mp3,43,10
137ad82480fdb0c81e8bf1d9ee18b14f,hindi,real,real,Raga Bhairav.mp3,44,10
52d5eade880bbee59607683a59db109b,hindi,real,real,Raga Bhairav.mp3,45,10
72968bd8c2b39693c785cf385fb5c1c7,hindi,real,real,Raga Bhairav.mp3,46,10
9d8d2f42edc6cfb7e3f9aceb8c4e14d6,hindi,real,real,Raga Bhairav.mp3,47,10
bf5857ea22d0f64826390f1ebcfcfdc4,hindi,real,real,Raga Bhairav.mp3,48,10
1f4cc73fc41825cdecd10e19a0db7002,hindi,real,real,Raga Bhairav.mp3,49,10
974503988c0bb2830a5d5324ce9b02a5,hindi,real,real,Raga Bhairav.mp3,50,10
b4536dc99cbf6cf415c3439837472778,hindi,real,real,Raga Bhairav.mp3,51,10
128243ed2ff84033d72a0cc721acfd79,hindi,real,real,Raga Bhairav.mp3,52,10
30f9288bc3e397c1e3a57715ca789749,hindi,real,real,Raga Bhairav.mp3,53,10
e58ced12f084e014164e490864873441,hindi,real,real,Raga Bhairav.mp3,54,10
01ebf17c0cb8b560638d3950da04c914,hindi,real,real,Raga Bhairav.mp3,55,10
de69847da9583b132146069b1ca6c543,hindi,real,real,Raga Bhairav.mp3,56,10
f61e4f4cb53d664add8e4810df6820be,hindi,real,real,Raga Bhairav.mp3,57,10
c8c99494119b6948b90d24dbc267f926,hindi,real,real,Raga Bhairav.mp3,58,10
2ac69c90a6939af54e064a493d243d2c,hindi,real,real,Raga Bhairav.mp3,59,10
8c37e24ccc379f39278ef38b2602a085,hindi,real,real,Raga Bhairav.mp3,60,10
afc44aa9a21831c35fa1adec881a866c,hindi,real,real,Raga Bhairav.mp3,61,10
2225ad760e6e08bb7ee082c73aea23e8,hindi,real,real,Raga Bhairav.mp3,62,10
082106f797682e70f0d1bcc509455837,hindi,real,real,Raga Bhairav.mp3,63,10
f37886f7d67ecdf83bcdc04268c27941,hindi,real,real,Raga Bhairav.mp3,64,10
fd64fd3bd045f24d8049b20102c4f26b,hindi,real,real,Raga Bhairav.mp3,65,10
8dbcf3ac209b520b000b51c983fc2cd8,hindi,real,real,Raga Bhairav.mp3,66,10
d3d5b1ec5437551bcb9e9d78c1e5b34e,hindi,real,real,Raga Bhairav.mp3,67,10
af6c943672682346f57ce686651f342e,hindi,real,real,Raga Bhairav.mp3,68,10
3759da9fe9d8cb7e4886d153af1cc988,hindi,real,real,Raga Bhairav.mp3,69,10
c77661d3b04f4d5e40e8427adf73008c,hindi,real,real,Raga Bhairav.mp3,70,10
5b5d6ec3a351380c515e49f44f96d73a,hindi,real,real,Raga Bhairav.mp3,71,10
1dd9ec5c81589066b4c38c1a3eb58d5a,hindi,real,real,Raga Bhairav.mp3,72,10
b2014b014132a1bc4dd0ae3314b9e60b,hindi,real,real,Raga Bhairav.mp3,73,10
c1719e7b92bb4d58ef8a24064bae007f,hindi,real,real,Raga Bhairav.mp3,74,10
c3116085819439470935d00978e45d36,hindi,real,real,Raga Bhairav.mp3,75,10
aaf147c0cb247d086cc77ede2d1f29dc,hindi,real,real,Raga Bhairav.mp3,76,10
ec7181f7aaaa1db305a268be720fdaf4,hindi,real,real,Raga Bhairav.mp3,77,10
6152c986df28c34b77934aba853ed94d,hindi,real,real,Raga Bhairav.mp3,78,10
eda561bc7425f8f778fe1e16cad0f601,hindi,real,real,Raga Bhairav.mp3,79,10
67400a47b0a36149fad2791cbf858155,hindi,real,real,Raga Bhairav.mp3,80,10
b6f18c9222f1e68e5aa9b0d039304a2d,hindi,real,real,Raga Bhairav.mp3,81,10
a8ff5884aeaab72b4074ad097f444cbd,hindi,real,real,Raga Bhairav.mp3,82,10
9837d88dadb978f3b0dd589ef7734c8d,hindi,real,real,Raga Bhairav.mp3,83,10
691c9dc0c14901a217f92735a310cf56,hindi,real,real,Raga Bhairav.mp3,84,10
cff02e30d7aade45fb53b3948ddfa99e,hindi,real,real,Raga Bhairav.mp3,85,10
ac4df623e18b9ec3e87e02fc9025750c,hindi,real,real,Raga Bhairav.mp3,86,10
2350ba79b3f827429db843f61ba10226,hindi,real,real,Raga Bhairav.mp3,87,10
8ef47bbe6c4e9becc34ae58060f71d3b,hindi,real,real,Raga Bhairav.mp3,88,10
455be17e31a450acfd48b95e265d577d,hindi,real,real,Raga Bhairav.mp3,89,10
c4c94b1a051a10a406f213eb34e53af4,hindi,real,real,Raga Bhairav.mp3,90,10
b344bed8c6635d76c7b4e3713b402700,hindi,real,real,Raga Bhairav.mp3,91,10
172ccf901a0b912f9d5bbf4b6788f538,hindi,real,real,Raga Bhairav.mp3,92,10
dfa13ea37184c400251e46f8cdba6c0b,hindi,real,real,Raga Bhairav.mp3,93,10
207205361481fb6ff17936618a40d369,hindi,real,real,Raga Bhairav.mp3,94,10
75cf6177399aca49fbe32c29e6f108fa,hindi,real,real,Raga Bhairav.mp3,95,10
7f913e73ba22513d577d8293ecaba15c,hindi,real,real,Raga Bhairav.mp3,96,10
83dd9dda0424782e84a787b49c812c93,hindi,real,real,Raga Bhairav.mp3,97,10
8c5cc3d950fa458c8ab8750e520c466e,hindi,real,real,Raga Bhairav.mp3,98,10
b3ea2ee7db81bbd6c8eb27b2e7bfc0ab,hindi,real,real,Raga Bhairav.mp3,99,10
59676ca72a328329a466819596db5f56,hindi,real,real,Raga Bhairav.mp3,100,10
3add88ee453b69e07b1809cd753bb4e3,hindi,real,real,Raga Bhairav.mp3,101,10
399b389ab66e9cadc02987660e3f9a0b,hindi,real,real,Raga Bhairav.mp3,102,10
600c2dfe7fae08b2517340e8d37a7d2e,hindi,real,real,Raga Bhairav.mp3,103,10
d7e1e79b835312edd3360fbed0fc00a6,hindi,real,real,Raga Bhairav.mp3,104,10
393ea0f8f7dc1ffa42730de8fc513f8f,hindi,real,real,Raga Bhairav.mp3,105,10
ebc48c9a305b95dbe2940b70d885cb93,hindi,real,real,Raga Bhairav.mp3,106,10
9c7768881cfbae3cba8c3b1a88fcf03d,hindi,real,real,Raga Bhairav.mp3,107,10
69fad6ff540640a997aa5bc5a8611c31,hindi,real,real,Raga Bhairav.mp3,108,10
333b5cc6c846d4244dadb65fc2fa8bf2,hindi,real,real,Raga Bhairav.mp3,109,10
ba462670167f47e3d4332d442bde866e,hindi,real,real,Raga Bhairav.mp3,110,10
7f2183022e30a561d43e88575078623e,hindi,real,real,Raga Bhairav.mp3,111,10
9e60b5397ac0803bc42f77c566c32851,hindi,real,real,Raga Bhairav.mp3,112,10
f03548a9aa14238d4facd826332f8b68,hindi,real,real,Raga Bhairav.mp3,113,10
ba1e6bc34f4367d3b89d48b22a868e4c,hindi,real,real,Raga Bhairav.mp3,114,10
0716fa8630cdc86de867a157f51e2d42,hindi,real,real,Raga Bhairav.mp3,115,10
8ab57ce5d9989dc729fe17750da41c4f,hindi,real,real,Raga Bhairav.mp3,116,10
0e1c3b6d7c8956a8e475f3a67cbc1d5f,hindi,real,real,Raga Bhairav.mp3,117,10
8f84b1b6055a7878e2e9e700f0215fef,hindi,real,real,Raga Bhairav.mp3,118,10
f5df63cdb119d91cf6fadd0bec34f5c2,hindi,real,real,Raga Bhairav.mp3,119,10
34c337a18860710297e8efdb40fb474f,hindi,real,real,Raga Bhairav.mp3,120,10
f698fa6f32a2c3fcda18bd5f22907e69,hindi,real,real,Raga Bhairav.mp3,121,10
d5bfa73df2aabbcae228404849da9e39,hindi,real,real,Raga Bhairav.mp3,122,10
0cc44cab1cf35711c8eccc5d4673365d,hindi,real,real,Raga Bhairav.mp3,123,10
750b5a40b385043ab008945a76a242ad,hindi,real,real,Raga Bhairav.mp3,124,10
10bc7b01bf1ffe4a90c2581ad02389ed,hindi,real,real,Raga Bhairav.mp3,125,10
ee99757b7064eeea5d1d4fe542a7ad76,hindi,real,real,Raga Bhairav.mp3,126,10
68b0b13a866f37c21d45a2ef83004548,hindi,real,real,Raga Bhairav.mp3,127,10
ed1b491fe2b96293ae9d166d8c687c2f,hindi,real,real,Raga Bhairav.mp3,128,10
898533fa72bdf4ecfb07a9365469b354,hindi,real,real,Raga Bhairav.mp3,129,10
ad36011b102050e7f3964a1c0f1e040b,hindi,real,real,Raga Bhairav.mp3,130,10
991b00fcb50e02443fd90b7ad2ea61ab,hindi,real,real,Raga Bhairav.mp3,131,10
0aecb7832e195155ae5fc32f5d8ce078,hindi,real,real,Raga Bhairav.mp3,132,10
e013d70304f08679b5c5cdd8cfea1be0,hindi,real,real,Raga Bhairav.mp3,133,10
8532da984efe7e3826fc29d4db9bedfb,hindi,real,real,Raga Bhairav.mp3,134,10
0d0e9468a0d0e9c2eb997a8d43aa66db,hindi,real,real,Raga Bhairav.mp3,135,10
8b2e10b1713e51d5c22ee10deceef82d,hindi,real,real,Raga Bhairav.mp3,136,10
5a7b0d1cfc561dcf1a409eed4e41ab75,hindi,real,real,Raga Bhairav.mp3,137,10
12f932a1ba77d69b5188380d6b5b20cf,hindi,real,real,Raga Bhairav.mp3,138,10
a02b7d84192fbcdbdc0384eaa459c1dc,hindi,real,real,Raga Bhairav.mp3,139,10
ae1aeb436db1252e5dfa9cc538503001,hindi,real,real,Raga Bhairav.mp3,140,10
3ff3d9f9d0eb8a3223250c05f9e7431d,hindi,real,real,Raga Bhairav.mp3,141,10
1efe7a171e4a1e4a86a9b85164b5179c,hindi,real,real,Raga Bhairav.mp3,142,10
0855484118d4a633083fd02ada3a71ef,hindi,real,real,Raga Bhairav.mp3,143,10
12d15b86f7e9eb236832fef8835f35c6,hindi,real,real,Raga Bhairav.mp3,144,10
be4f6d37dd9606b93a6f391b2c94ce48,hindi,real,real,Raga Bhairav.mp3,145,10
cff50b83895e652946948bca0c619b87,hindi,real,real,Raga Bhairav.mp3,146,10
d8611bea5e21a71460a79230e156c9ff,hindi,real,real,Raga Bhairav.mp3,147,10
812e83cd3e326e5e8dbc696f0894444d,hindi,real,real,Raga Bhairav.mp3,148,10
86086f5de675d756358a23f454ebedb7,hindi,real,real,Raga Bhairav.mp3,149,10
ce19cc57be080298d61ce5030b9edc15,hindi,real,real,Raga Bhairav.mp3,150,10
6f907fa2b74d883bf3dd8cf2c262d844,hindi,real,real,Raga Bhairav.mp3,151,10
89bac56ccb84515a5a9991ad2ea6b26b,hindi,real,real,Raga Bhairav.mp3,152,10
16d4462a9eade1e30527d08231cefe36,hindi,real,real,Raga Bhairav.mp3,153,10
597053d940709a81d8756dcac483ddad,hindi,real,real,Raga Bhairav.mp3,154,10
dfa21b3b8f64986b241d8757840992ac,hindi,real,real,Raga Bhairav.mp3,155,10
45c9e336806a7815bb063971c9cc8eda,hindi,real,real,Raga Bhairav.mp3,156,10
6ff52c386a24a1669b93a3c2e0871e69,hindi,real,real,Raga Bhairav.mp3,157,10
c8450f32a983b36dbc22dc4980fcbf3b,hindi,real,real,Raga Bhairav.mp3,158,10
29c44ae80635b75fceb42ebcb6d5dacf,hindi,real,real,Raga Bhairav.mp3,159,10
55a0b8a1939305ef409597c65497629c,hindi,real,real,Raga Bhairav.mp3,160,10
38b83051c1087739001ffb4efec0d6ee,hindi,real,real,Raga Bhairav.mp3,161,10
72edbea613175f574a298c0370a7dc7a,hindi,real,real,Raga Bhairav.mp3,162,10
f27ec1cb6c595be75bd8c13a7b3adb81,hindi,real,real,Raga Bhairav.mp3,163,10
7462b80eac8b7ab3146cc00b6e7f2618,hindi,real,real,Raga Bhairav.mp3,164,10
c964e56093d4f8d31c66ac08c3e65437,hindi,real,real,Raga Bhairav.mp3,165,10
99beb3641c65ceed68d6301564d5090d,hindi,real,real,Raga Bhairav.mp3,166,10
1cff41a4da6125ebc4b6d922c69cf2f1,hindi,real,real,Raga Bhairav.mp3,167,10
8548f38825161e296e8eb408f290a1f3,hindi,real,real,Raga Bhairav.mp3,168,10
2121e47500f5ff8824f2856437267da1,hindi,real,real,Raga Bhairav.mp3,169,10
a3a744f9abdbb1460c339c8877af09fc,hindi,real,real,Raga Bhairav.mp3,170,10
a1a60de2eb3f37465c28aa8df4bdd86b,hindi,real,real,Raga Bhairav.mp3,171,10
360b02ed35f7570ba72cddcafb376401,hindi,real,real,Raga Bhairav.mp3,172,10
ff17abced068a26d61a457830db6fa98,hindi,real,real,Raga Bhairav.mp3,173,10
26b601e60bb9100152e905dc38f8cfb9,hindi,real,real,Raga Bhairav.mp3,174,10
1904eb3a0139aff6d7d29b45c634c452,hindi,real,real,Raga Bhairav.mp3,175,10
4967349fb6815fdb1e585ea56afb2eab,hindi,real,real,Raga Bhairav.mp3,176,10
5bb076cb511bba0516507a79469e47ea,hindi,real,real,Raga Bhairav.mp3,177,10
015205c550ca4505b1fdf681198f4246,hindi,real,real,Raga Bhairav.mp3,178,10
98c60277824e8bbc8ebbdb3c8ccef3fa,hindi,real,real,Raga Bhairav.mp3,179,10
6d9e42ce04f3a36e7c8193d1b9d2be22,hindi,real,real,Raga Bhairav.mp3,180,10
0d7984cb6cadb5c7c397b4f3221e6224,hindi,real,real,Raga Bhairav.mp3,181,10
ac653569b18e52e02ec98200c8c723be,hindi,real,real,Raga Bhairav.mp3,182,10
365600b6f89896cac1243118aafce4e7,hindi,real,real,Raga Bhairav.mp3,183,10
244fca63ccef388f17f9cf5333f56e50,hindi,real,real,Raga Bhairav.mp3,184,10
0b604452c8155b95e020ec07a2263973,hindi,real,real,Raga Bhairav.mp3,185,10
0a92824e9640c8d22648b5a6af6b6787,hindi,real,real,Raga Bhairav.mp3,186,10
79a625ab5445068b02ddb978d8dd3d84,hindi,real,real,Raga Bhairav.mp3,187,10
31953523839f75caf1c766237c5177de,hindi,real,real,Raga Bhairav.mp3,188,10
0a96f79165db89a267ba67426569c102,hindi,real,real,Raga Bhairav.mp3,189,10
31dacbf54e1c6e9e8382fe4b8d1dedcd,hindi,real,real,Raga Bhairav.mp3,190,10
dae9639c88759e3c965695009e8b2f56,hindi,real,real,Raga Bhairav.mp3,191,10
6101f6afa5138144037c3e921c39d92a,hindi,real,real,Raga Bhairav.mp3,192,10
3aaba32514c87f600bcc28d07c2eee8a,hindi,real,real,Raga Bhairav.mp3,193,10
9dc42dac31273ebcd61c63f4e88b99de,hindi,real,real,Raga Bhairav.mp3,194,10
698e5349054fd11e39be25eb6823dda5,hindi,real,real,Raga Bhairav.mp3,195,10
3b958f98351707ac772a0d78b4a1c58b,hindi,real,real,Raga Bhairav.mp3,196,10
3ece391b0ab14b97a59e2da6cd9fce10,hindi,real,real,Raga Bhairav.mp3,197,10
49072d46ca46fc2079616b5b05843c63,hindi,real,real,Raga Bhairav.mp3,198,10
2270f3f2785e338ef30deb2fd2f0797d,hindi,real,real,Raga Bhairav.mp3,199,10
d1487b6d99d83a25f22d12e05ec22135,hindi,real,real,Raga Bhairav.mp3,200,10
dbee3838d515bd440efa8bcdfaf223c2,hindi,real,real,Raga Bhairav.mp3,201,10
47b8cdbcc1a04fef93458a4778f3c339,hindi,real,real,Raga Bhairav.mp3,202,10
c50372151fe6ca12553e82e6cc673b3f,hindi,real,real,Raga Bhairav.mp3,203,10
6832d8a41a1c2f011c63dc533c90f4d4,hindi,real,real,Raga Bhairav.mp3,204,10
4e024cbad7ecb2f084007e2da2c5db05,hindi,real,real,Raga Bhairav.mp3,205,10
d4a00b541567534c1b1d7b42c78d0290,hindi,real,real,Raga Bhairav.mp3,206,10
244189161a4bafc13c4f6f56f37f3b69,hindi,real,real,Raga Bhairav.mp3,207,10
033c954f3a7339f6953c6e2fd3630769,hindi,real,real,Raga Bhairav.mp3,208,10
f6c2c3ac0df17708246bf56d922afa82,hindi,real,real,Raga Bhairav.mp3,209,10
9e3e76f0bb1026f5b5b0147143f2d6dd,hindi,real,real,Raga Bhairav.mp3,210,10
0539d5d3fa63c7244b6452a4fa1f9683,hindi,real,real,Raga Bhairav.mp3,211,10
9933167353fdec906403db29193b375c,hindi,real,real,Raga Bhairav.mp3,212,10
9400e4c194b80a41a97e0e7e7cf7853f,hindi,real,real,Raga Bhairav.mp3,213,10
9544f6b9a93bfa6945576174b84e5519,hindi,real,real,Raga Bhairav.mp3,214,10
fa80f7a56ea897fdb6f169cdb53ccc6b,hindi,real,real,Raga Bhairav.mp3,215,10
6cd8da7a3410e745ca3b0a411e80d524,hindi,real,real,Raga Bhairav.mp3,216,10
8a9c1ae4e0080e0b4ed1f4b44e071275,hindi,real,real,Raga Bhairav.mp3,217,10
607368782eae8e0943f7193cb1ec9995,hindi,real,real,Raga Bhairav.mp3,218,10
6a7f3fa8c147044c7ee9e4db15681f6c,hindi,real,real,Raga Bhairav.mp3,219,10
7b0f4437d61e99f59d9310f0db896780,hindi,real,real,Raga Bhairav.mp3,220,10
9d49cfa0b67267b921e6300047c37433,hindi,real,real,Raga Bhairav.mp3,221,10
616f0bf128755a45568cb70eb77f6299,hindi,real,real,Raga Bhairav.mp3,222,10
0450f28c24203d76d2193a86bf44ac1c,hindi,real,real,Raga Bhairav.mp3,223,10
a9a850eb3c83de96675f31b1909fd550,hindi,real,real,Raga Bhairav.mp3,224,10
a57726b76cd61686641e062be7737b75,hindi,real,real,Raga Bhairav.mp3,225,10
1f2968a82c80ee50fc0a511bbf21b1e9,hindi,real,real,Raga Bhairav.mp3,226,10
9f087ec61777d1417b7ce6538d2bcf0b,hindi,real,real,Raga Bhairav.mp3,227,10
bc547fd410f552ea571d921f9bd156f9,hindi,real,real,Raga Bhairav.mp3,228,10
5511edecf58db3851c9f06383a4598ee,hindi,real,real,Raga Bhairav.mp3,229,10
39ec8cea4111d0b3fc9aeb7f3be65087,hindi,real,real,Raga Bhairav.mp3,230,10
56cc8799a6e409ba7aacc64fe33d7886,hindi,real,real,Raga Bhairav.mp3,231,10
a53c4d0dca57434e531949a9fc703f65,hindi,real,real,Raga Bhairav.mp3,232,10
1caf46a97d5e387ae290752fe52ccde9,hindi,real,real,Raga Bhairav.mp3,233,10
e60734f3f8427de63c897da196f12a51,hindi,real,real,Raga Bhairav.mp3,234,10
cee745e76dc1c86b0ba6d18c794802dc,hindi,real,real,Raga Bhairav.mp3,235,10
69b10b69078e82d763af1bd1259dfc88,hindi,real,real,Raga Bhairav.mp3,236,10
6413809f6a142393ac5b33f070b84631,hindi,real,real,Raga Bhairav.mp3,237,10
87296c31f2c0e1673ae59715d017583f,hindi,real,real,Raga Bhairav.mp3,238,10
be257c76209f85f5b9881c67bb8d93bc,hindi,real,real,Raga Bhairav.mp3,239,10
9aeaac841e6552f9be427c350ce538e8,hindi,real,real,Raga Bhairav.mp3,240,10
aeed41143399de593038259475d4b499,hindi,real,real,Raga Bhairav.mp3,241,10
1f0f8ca80bf9939382c952b40c28e52d,hindi,real,real,Raga Bhairav.mp3,242,10
03e71538692a0654c6064e6394ab4e65,hindi,real,real,Raga Bhairav.mp3,243,10
1d3071df72d4691128ac90f9c11ae06c,hindi,real,real,Raga Bhairav.mp3,244,10
3a05f43cab17e0cdff3ffce6115c3ab9,hindi,real,real,Raga Bhairav.mp3,245,10
0d82b94e54f729a1c82a96e9d9efb328,hindi,real,real,Raga Bhairav.mp3,246,10
353fabaea7f1f7895d9adef39ced53ab,hindi,real,real,Raga Bhairav.mp3,247,10
0860b8a040147460e4307ab1e33d99dc,hindi,real,real,Raga Bhairav.mp3,248,10
5ff1094d8cce2dcc244ec98977b14b71,hindi,real,real,Raga Bhairav.mp3,249,10
9709e075f17b5320eb2eba0af7d5ee96,hindi,real,real,Raga Bhairav.mp3,250,10
a9b00bbad0086a04ff62b17ebc7c277a,hindi,real,real,Raga Bhairav.mp3,251,10
f2971d11219016a7238b9c2b175c39bc,hindi,real,real,Raga Bhairav.mp3,252,10
9257bcd3eb57123acd7a43830c7970d4,hindi,real,real,Raga Bhairav.mp3,253,10
8375bffdaff344845ff8515da070a41c,hindi,real,real,Raga Bhairav.mp3,254,10
e3d9dc59b6c3576fa5de957abc04c19e,hindi,real,real,Raga Bhairav.mp3,255,10
6526aa09941ad146d01d2f938eb35679,hindi,real,real,Raga Bhairav.mp3,256,10
e2fdcd1eacd2eda49df0479de6822001,hindi,real,real,Raga Bhairav.mp3,257,10
6157a2dbef3f99ee6f1ca41aebe972c9,hindi,real,real,Raga Bhairav.mp3,258,10
058c5f7df8ffe3c469f9370be19eda9c,hindi,real,real,Raga Bhairav.mp3,259,10
31d925e126af81213d884be1f5407771,hindi,real,real,Raga Bhairav.mp3,260,10
60c07dc6fb25398359fc7a53246758e6,hindi,real,real,Raga Bhairav.mp3,261,10
f75219cdd461ad20602868a0291fd970,hindi,real,real,Raga Bhairav.mp3,262,10
b0112068082a5fa80a763c4fbd6266e1,hindi,real,real,Raga Bhairav.mp3,263,10
a874a83a6c811aa848d97e753f8ad560,hindi,real,real,Raga Bhairav.mp3,264,10
4f2fa326b8a2f3883e9a8a1aa6d300f5,hindi,real,real,Raga Bhairav.mp3,265,10
c44023a2e2c32f4cc3d6bfb7a78bdd97,hindi,real,real,Raga Bhairav.mp3,266,10
c224e3e1dcfd153e3d898dff2dcd4c9d,hindi,real,real,Raga Bhairav.mp3,267,10
8f3463c015f6b7db24e1a5659288a721,hindi,real,real,Raga Bhairav.mp3,268,10
c3bf21ca8edb755830a063fc2ec760dc,hindi,real,real,Raga Bhairav.mp3,269,10
38bde282d4c716b5bf280578d917176e,hindi,real,real,Raga Bhairav.mp3,270,10
d8c82a20f0c07859e709684ba1e7bbd7,hindi,real,real,Raga Bhairav.mp3,271,10
cbbff877029841551d9c9feaff427497,hindi,real,real,Raga Bhairav.mp3,272,10
00878a62bd072005b741f864398dce1b,hindi,real,real,Raga Bhairav.mp3,273,10
cd73dfe75eb1f2c48bcdfdde4ac4171d,hindi,real,real,Raga Bhairav.mp3,274,10
af1fa6d1ea17635dd4bf536049a4793a,hindi,real,real,Raga Bhairav.mp3,275,10
ccea8ab949bcbdf941e95f0b2773062a,hindi,real,real,Raga Bhairav.mp3,276,10
b780399506fdc141ef3d5cb42cb19773,hindi,real,real,Raga Bhairav.mp3,277,10
91721a8445da23690069a947fc159403,hindi,real,real,Raga Bhairav.mp3,278,10
c26c57b899a606dd86e6cc2787132068,hindi,real,real,Raga Bhairav.mp3,279,10
7b5c58fb7ed4343488b1e9b8c3ee0a36,hindi,real,real,Raga Bhairav.mp3,280,10
f1ffc41662631a6bd2fdeb0b7c4df475,hindi,real,real,Raga Bhairav.mp3,281,10
c0a75dd7b35cd4f64ab3849a96caabcd,hindi,real,real,Raga Bhairav.mp3,282,10
e24161691bb46f97779df2bbc220256d,hindi,real,real,Raga Bhairav.mp3,283,10
d15588f6b7d78ba15d6743fc9aeec66c,hindi,real,real,Raga Bhairav.mp3,284,10
a4f099ef8d6319c3012799f049680b54,hindi,real,real,Raga Bhairav.mp3,285,10
e37f94acfba4aa5103b7751401ba311e,hindi,real,real,Raga Bhairav.mp3,286,10
b0cab352ce4e95257cbb727620797621,hindi,real,real,Raga Bhairav.mp3,287,10
8a2975d0f9772fe0b16a896d2213ba85,hindi,real,real,Raga Bhairav.mp3,288,10
9c6ac467e39f3add9265aa3687ced287,hindi,real,real,Raga Bhairav.mp3,289,10
967911b55cd910c6735542f8a2f11d01,hindi,real,real,Raga Bhairav.mp3,290,10
b9509d61077accb39caad7d0e591394b,hindi,real,real,Raga Bhairav.mp3,291,10
75247bbc45615b68d14bf72a8f03f199,hindi,real,real,Raga Bhairav.mp3,292,10
f8e3331fad156a4fc2394231b24843aa,hindi,real,real,Raga Bhairav.mp3,293,10
65240d066035502843a27c4ab6a3d748,hindi,real,real,Raga Bhairav.mp3,294,10
58c934a382b170c312780b4523e16173,hindi,real,real,Raga Bhairav.mp3,295,10
7a59fd0a2e2b4a324a029f3abb4a4ef6,hindi,real,real,Raga Bhairav.mp3,296,10
754f6422dd88f57acdd35536752f984b,hindi,real,real,Raga Bhairav.mp3,297,10
6e001bab6d554c071690184af1e3dc1a,hindi,real,real,Raga Bhairav.mp3,298,10
45438a3d41bcee01e35ee100ea734c0d,hindi,real,real,Raga Bhairav.mp3,299,10
5f4c99821393aeb6b956c7a8f072d28e,hindi,real,real,Raga Bhairav.mp3,300,10
bbccd35b358fdc73ec44c11242c80a66,hindi,real,real,Raga Bhairav.mp3,301,10
8383685c88cc613ff0d5f5ed67c86827,hindi,real,real,Raga Bhairav.mp3,302,10
ef19b1604119faf502b5d21dbdc4a0e1,hindi,real,real,Raga Bhairav.mp3,303,10
5494b0ea0a02021533c382d43a53e50d,hindi,real,real,Raga Bhairav.mp3,304,10
701d5c54f60989b3ccbae0b093698862,hindi,real,real,Raga Bhairav.mp3,305,10
476d6a925526b3a07a6791b856f4a9fd,hindi,real,real,Raga Bhairav.mp3,306,10
83574e28fd989154bcdaca4afba06b72,hindi,real,real,Raga Bhairav.mp3,307,10
ee6cc747287c7afafe03b43aa5f57849,hindi,real,real,Raga Bhairav.mp3,308,10
dbeb374736071a61cfd52d44d702103d,hindi,real,real,Raga Bhairav.mp3,309,10
4cb1bd97cdfc4b9cf011b1cac4315192,hindi,real,real,Raga Bhairav.mp3,310,10
ec022d5fd1d4bd88f452513217cc19f9,hindi,real,real,Raga Bhairav.mp3,311,10
44f158be3a24c993f754f6d479ae3c75,hindi,real,real,Raga Bhairav.mp3,312,10
077cfc70826e15714f15867e198bde4b,hindi,real,real,Raga Bhairav.mp3,313,10
f379a7917d876a87d81009e96b3a14cc,hindi,real,real,Raga Bhairav.mp3,314,10
21dda51bb67a567ee740476226b9d7b7,hindi,real,real,Raga Bhairav.mp3,315,10
83bc7b491aeb45237dc7e7ef2b0a1dcd,hindi,real,real,Raga Bhairav.mp3,316,10
b170d2d375aa4804394bd56c4d9e6af7,hindi,real,real,Raga Bhairav.mp3,317,10
7b858a9f73e5ec5da3c13cb725d5f9e7,hindi,real,real,Raga Bhairav.mp3,318,10
0c20b37344ec0d5d23c284eac9ebd281,hindi,real,real,Raga Bhairav.mp3,319,10
8841649958d8d646a360a96ac0e7bcc5,hindi,real,real,Raga Bhairav.mp3,320,10
6863dae7c4137782de13cf719e694334,hindi,real,real,Raga Bhairav.mp3,321,10
a5bf54a59d6bf29c9245010bd40279e8,hindi,real,real,Raga Bhairav.mp3,322,10
68cde1cc2d733d7bcaf829b62e9de389,hindi,real,real,Raga Bhairav.mp3,323,10
e238eb15f6323c65b56100db310600a4,hindi,real,real,Raga Bhairav.mp3,324,10
02e336682c68be4e8960edbecafdc5b5,hindi,real,real,Raga Bhairav.mp3,325,10
6fb0e9caa4c0f5aa81912ef9b027d725,hindi,real,real,Raga Bhairav.mp3,326,10
49ff6611266cb0347f1c252dc54f3ca6,hindi,real,real,Raga Malkauns.mp3,0,10
5f5ec74dfbfc61dcd9791f1c38bf1aa3,hindi,real,real,Raga Malkauns.mp3,1,10
2d3e77d2036763811755e1d8fcf46ffb,hindi,real,real,Raga Malkauns.mp3,2,10
a1f417b77c3242a2f5306f2ad9c0aeac,hindi,real,real,Raga Malkauns.mp3,3,10
4d40eb29f45649336341f9027063e87d,hindi,real,real,Raga Malkauns.mp3,4,10
3055bd56dddc5049cbd96067c9389e3b,hindi,real,real,Raga Malkauns.mp3,5,10
7d29c501ef30d293e97b04265e6b5e6a,hindi,real,real,Raga Malkauns.mp3,6,10
ea95b6aa30329752026d2d0d30c448b1,hindi,real,real,Raga Malkauns.mp3,7,10
df530c39b2f1eb590d3f2cd0d1249080,hindi,real,real,Raga Malkauns.mp3,8,10
0418edb66e0ba2ce737190c456a9bdcc,hindi,real,real,Raga Malkauns.mp3,9,10
1cbf806a7903cff642c63ede0b1f1d9b,hindi,real,real,Raga Malkauns.mp3,10,10
262ed874faa46dbef6ebe663791dae58,hindi,real,real,Raga Malkauns.mp3,11,10
4dc70ed78ad5c7cfb652a2a74bd5f9cf,hindi,real,real,Raga Malkauns.mp3,12,10
121a62f61909268963dd83d6326f7ffa,hindi,real,real,Raga Malkauns.mp3,13,10
46189bceb7ef903ef6d26558ac365040,hindi,real,real,Raga Malkauns.mp3,14,10
1168ba1ceabac5e6bfb0ad24026fb4dc,hindi,real,real,Raga Malkauns.mp3,15,10
75c427df6002571618452d0d2be3b370,hindi,real,real,Raga Malkauns.mp3,16,10
238f83853763579f7efd38f6affe68b9,hindi,real,real,Raga Malkauns.mp3,17,10
8bc94f75aadc4950cb2eb5ba3a50fbc4,hindi,real,real,Raga Malkauns.mp3,18,10
38e383183fba06b907699a0e995262b9,hindi,real,real,Raga Malkauns.mp3,19,10
0a9d7ae1de3a604187130c9aa11a5209,hindi,real,real,Raga Malkauns.mp3,20,10
1d02e63af3c3e4a2d7bea1933aed6789,hindi,real,real,Raga Malkauns.mp3,21,10
6acbd7106886d79dcef8364c76951c5d,hindi,real,real,Raga Malkauns.mp3,22,10
6d8c509c5d40a2dcbbfc897c7dcb62a7,hindi,real,real,Raga Malkauns.mp3,23,10
b21bc4d7f5fec0279f0c8f5ef76ef62c,hindi,real,real,Raga Malkauns.mp3,24,10
a08536168dc150e3f4b17124efe65f51,hindi,real,real,Raga Malkauns.mp3,25,10
9cf53b49826b18847c6bd91d3fb3027b,hindi,real,real,Raga Malkauns.mp3,26,10
e075e2a5928643523c3030ef8316b102,hindi,real,real,Raga Malkauns.mp3,27,10
0591ccc9c80f8482dae5428b2787bc16,hindi,real,real,Raga Malkauns.mp3,28,10
e11ad49a7471d1f534aa765a9bb6f54d,hindi,real,real,Raga Malkauns.mp3,29,10
57c376adc44bab0c71152a6ca1e272eb,hindi,real,real,Raga Malkauns.mp3,30,10
4214c82b2a6b179542a7bd5783257459,hindi,real,real,Raga Malkauns.mp3,31,10
0fe33a1404efa6b74526436fea1c8263,hindi,real,real,Raga Malkauns.mp3,32,10
7fd8c10fcde4c21dd51461b40f627938,hindi,real,real,Raga Malkauns.mp3,33,10
d584ea9dc28a2d3cbbe093cb0fc7874b,hindi,real,real,Raga Malkauns.mp3,34,10
67a8164974ba0eb7fb1bb68fdc054e75,hindi,real,real,Raga Malkauns.mp3,35,10
07417ab9832b8daf95ce7c9b0d121974,hindi,real,real,Raga Malkauns.mp3,36,10
55dd35dfe8ca78e3b8c25fed4a21acb0,hindi,real,real,Raga Malkauns.mp3,37,10
72774ae088ac127d577643dd606fa7fa,hindi,real,real,Raga Malkauns.mp3,38,10
37b4506c23c175c4a8a140e7b735d77e,hindi,real,real,Raga Malkauns.mp3,39,10
1f0a62ae78b46d15a454b4c3306e6c79,hindi,real,real,Raga Malkauns.mp3,40,10
061b58ae4ec038c962518d37e2540f64,hindi,real,real,Raga Malkauns.mp3,41,10
37b88a7c55fd54eafc0aebbf2adfe91d,hindi,real,real,Raga Malkauns.mp3,42,10
44257d1180e4ee194a130ceec04f8ad2,hindi,real,real,Raga Malkauns.mp3,43,10
97cafa1c58900ac4a26b89af6e8a1641,hindi,real,real,Raga Malkauns.mp3,44,10
8aaaa406bc008b777ab9b6cd66473ad1,hindi,real,real,Raga Malkauns.mp3,45,10
2b5dfbff2d64f2b3867d76474c952721,hindi,real,real,Raga Malkauns.mp3,46,10
55ecd85aa8b9a84aed39c90c091d4e7b,hindi,real,real,Raga Malkauns.mp3,47,10
686e9f70351457639ac2c8b1ddf23acc,hindi,real,real,Raga Malkauns.mp3,48,10
61bb4d90d498f6cc2e7060e0f8408390,hindi,real,real,Raga Malkauns.mp3,49,10
dc4b63d82999034a26fad4d321b30589,hindi,real,real,Raga Malkauns.mp3,50,10
20c7ba3ba7e8537ec30e6b634ffea49d,hindi,real,real,Raga Malkauns.mp3,51,10
f761627af0747966c383b9599248973a,hindi,real,real,Raga Malkauns.mp3,52,10
3d30111d77ba44140b0788ab104e6708,hindi,real,real,Raga Malkauns.mp3,53,10
8ac5a411fa4efa4897669db7eba4dc8c,hindi,real,real,Raga Malkauns.mp3,54,10
be4af3a5e10268a77cde92f7442bd271,hindi,real,real,Raga Malkauns.mp3,55,10
d7c82021854b5e272e08f202e2133824,hindi,real,real,Raga Malkauns.mp3,56,10
db16e4cb403019bc196f34bac3f2379d,hindi,real,real,Raga Malkauns.mp3,57,10
84255576ea4dccad58c3ca648d7fd95c,hindi,real,real,Raga Malkauns.mp3,58,10
0933eed0a36d55dd7baac8a33a0e8a64,hindi,real,real,Raga Malkauns.mp3,59,10
d24e5747e981d334e93b55e28010c065,hindi,real,real,Raga Malkauns.mp3,60,10
791d76d0bff44d26721cef7732a5e701,hindi,real,real,Raga Malkauns.mp3,61,10
741302d648c82df38204238cc64e25be,hindi,real,real,Raga Malkauns.mp3,62,10
83631c44fed30227070238e15cb9ce22,hindi,real,real,Raga Malkauns.mp3,63,10
4762770e2d7c3e447dfc898a392d48b2,hindi,real,real,Raga Malkauns.mp3,64,10
b0adb2a6c920e16d3b47fb00c9aacf8c,hindi,real,real,Raga Malkauns.mp3,65,10
8494a9b6d96a14cee529360f896803ea,hindi,real,real,Raga Malkauns.mp3,66,10
2a0abf8d4bcc83f1565f8cbc1a7b22f4,hindi,real,real,Raga Malkauns.mp3,67,10
fcd7944c6d95894403a13b1e58aaf16f,hindi,real,real,Raga Malkauns.mp3,68,10
936946e99317485dc913653766162a25,hindi,real,real,Raga Malkauns.mp3,69,10
3d5c115331f139f5c9cef9f741b9823c,hindi,real,real,Raga Malkauns.mp3,70,10
a93a2f26f871bf85674224762e4ee480,hindi,real,real,Raga Malkauns.mp3,71,10
aab485ab8c1d2ad552c9afd7f748edec,hindi,real,real,Raga Malkauns.mp3,72,10
39cbb9f0a74f8e44a22709538b6fd584,hindi,real,real,Raga Malkauns.mp3,73,10
784fb6a6ebac1c72c11eb38c455b19b6,hindi,real,real,Raga Malkauns.mp3,74,10
2d9505c46719bab101ed45d68ae41d6c,hindi,real,real,Raga Malkauns.mp3,75,10
7fdc8b7d1406e066ec21bc821613e4a9,hindi,real,real,Raga Malkauns.mp3,76,10
1f883909d2b8519fdf0d088ec0fc865c,hindi,real,real,Raga Malkauns.mp3,77,10
22c4c2a748efdf2a7cb239d28b62b2cf,hindi,real,real,Raga Malkauns.mp3,78,10
712632a2ef26c93c8113b5048270854b,hindi,real,real,Raga Malkauns.mp3,79,10
df328f3ff0faa5ee41b892840592fd63,hindi,real,real,Raga Malkauns.mp3,80,10
b2137c5df3a756ccbe649c7036f3db9a,hindi,real,real,Raga Malkauns.mp3,81,10
4a95169a3e97a6278676250dda646886,hindi,real,real,Raga Malkauns.mp3,82,10
326e52ebcae795a9ac21723068b783cc,hindi,real,real,Raga Malkauns.mp3,83,10
b927cfd9c6b065a421d967ff5f4312d8,hindi,real,real,Raga Malkauns.mp3,84,10
699b1cbf230aa99abcc49e4506a53b62,hindi,real,real,Raga Malkauns.mp3,85,10
9f5d833e74c178d7e5c38065adc2cc3b,hindi,real,real,Raga Malkauns.mp3,86,10
242a732edc9558a91f14f2223565ae01,hindi,real,real,Raga Malkauns.mp3,87,10
a6b117e905240642fa1f124822424c77,hindi,real,real,Raga Malkauns.mp3,88,10
9b672ddfc5b880ef2531b6b122add6da,hindi,real,real,Raga Malkauns.mp3,89,10
cc54751ba1a4d5e0938e4c3d1b0509e5,hindi,real,real,Raga Malkauns.mp3,90,10
d1f1814207bda40e53739310f2b9464b,hindi,real,real,Raga Malkauns.mp3,91,10
41d1ef59fb5f279e01e2c217202e0b68,hindi,real,real,Raga Malkauns.mp3,92,10
01688316596ca65e3cb866ca3c70929e,hindi,real,real,Raga Malkauns.mp3,93,10
c5b9b3dd3eb2791319e9202dc9335fc5,hindi,real,real,Raga Malkauns.mp3,94,10
9a272989acdff0601225f7802b43d246,hindi,real,real,Raga Malkauns.mp3,95,10
feb0eee144f0b2235e81a7bc61891bf3,hindi,real,real,Raga Malkauns.mp3,96,10
9fd4ac9fed83fb8abb5159d4271a4ecd,hindi,real,real,Raga Malkauns.mp3,97,10
6e4f241c5fe5d9928d5139e915138fff,hindi,real,real,Raga Malkauns.mp3,98,10
46c34ab859f5657bcfe2fb4d1987d5f0,hindi,real,real,Raga Malkauns.mp3,99,10
693d001cdd367d358fef7c0edf42833f,hindi,real,real,Raga Malkauns.mp3,100,10
cbd1d02aff8c83ef60e6519281c6886d,hindi,real,real,Raga Malkauns.mp3,101,10
30e048c93761436afa795f30e3bd7a19,hindi,real,real,Raga Malkauns.mp3,102,10
6fd43d76e535cf65b327793029b7afdd,hindi,real,real,Raga Malkauns.mp3,103,10
c90ea3ff6fbe462c676d79b32d95e8ac,hindi,real,real,Raga Malkauns.mp3,104,10
773920ac88a736f31e42a7e4d1787245,hindi,real,real,Raga Malkauns.mp3,105,10
c25bf74ce53b04eb779fd627c482c2cd,hindi,real,real,Raga Malkauns.mp3,106,10
73c6230a548d4a8e67580c727067ae6d,hindi,real,real,Raga Malkauns.mp3,107,10
65712adf1e5616f99af3cd36830e358d,hindi,real,real,Raga Malkauns.mp3,108,10
7aa2c14a26bf432d62af2f754a192b49,hindi,real,real,Raga Malkauns.mp3,109,10
efa04a1fb3fdf512ca52eab962238e02,hindi,real,real,Raga Malkauns.mp3,110,10
9dbc7f6d6fd0139fbb72c61bfb240ad1,hindi,real,real,Raga Malkauns.mp3,111,10
e57d7b776401acc5aa7b490310dad96a,hindi,real,real,Raga Malkauns.mp3,112,10
691dffb3d1510d69b8520f273ad37d9e,hindi,real,real,Raga Malkauns.mp3,113,10
452ea858a172b4b00ee63ea77ed313d0,hindi,real,real,Raga Malkauns.mp3,114,10
4fb213cea627de88a20af5dcee2d2b1c,hindi,real,real,Raga Malkauns.mp3,115,10
f9c65f9e3f0901e51d833e9028b32340,hindi,real,real,Raga Malkauns.mp3,116,10
cd8648a6a204ac4f6f50f53fada419ac,hindi,real,real,Raga Malkauns.mp3,117,10
8d9e6cefbed7119b74e3f614336429ef,hindi,real,real,Raga Malkauns.mp3,118,10
28860cf8b8b10308ae353fb17f670d48,hindi,real,real,Raga Malkauns.mp3,119,10
07f8eaf246f8d26033d569a26a0559db,hindi,real,real,Raga Malkauns.mp3,120,10
1b4a9285123988c1cba390ec9f69bc6c,hindi,real,real,Raga Malkauns.mp3,121,10
438c598d878488dbe006d8097a58f61a,hindi,real,real,Raga Malkauns.mp3,122,10
044e029b8236ee5c1a53c96da1f3894a,hindi,real,real,Raga Malkauns.mp3,123,10
982e752e3eb98254f81d7b8d10d0decd,hindi,real,real,Raga Malkauns.mp3,124,10
8407b619d7465ecac1591ae26638fbbe,hindi,real,real,Raga Malkauns.mp3,125,10
68ef0c669317ab1d76741e293713d085,hindi,real,real,Raga Malkauns.mp3,126,10
9d5dffe5e9ea60bbdb530fd7a91fbe6a,hindi,real,real,Raga Darbari Kanada.mp3,0,10
3af44b0f23c46c79b1319229c3b51da1,hindi,real,real,Raga Darbari Kanada.mp3,1,10
2131d474457459716f7a85034c8cde99,hindi,real,real,Raga Darbari Kanada.mp3,2,10
1d6bf1a2046652be0b7555334c6f4633,hindi,real,real,Raga Darbari Kanada.mp3,3,10
fd2024adcce35c181fcc889d82c72bf6,hindi,real,real,Raga Darbari Kanada.mp3,4,10
7dbe6a2e025df3fe1fedbbfbccdc128a,hindi,real,real,Raga Darbari Kanada.mp3,5,10
a0f4a5adb2f0255ad79c68fce0a6714c,hindi,real,real,Raga Darbari Kanada.mp3,6,10
4238f867d31c53d90afc856bbdb07742,hindi,real,real,Raga Darbari Kanada.mp3,7,10
ecbac529aac1cb1718283bb10febd062,hindi,real,real,Raga Darbari Kanada.mp3,8,10
0dfda37389e4bbb651d8b709644e47b2,hindi,real,real,Raga Darbari Kanada.mp3,9,10
eff582bde693297804f7fee4448b9d4c,hindi,real,real,Raga Darbari Kanada.mp3,10,10
d1f2b59fe77b891aaf2f5c0a5a7f1311,hindi,real,real,Raga Darbari Kanada.mp3,11,10
0e77db9ae16cd1a89bd00a8b1ec39105,hindi,real,real,Raga Darbari Kanada.mp3,12,10
041f0f095f821fa7bc5b931f960a225d,hindi,real,real,Raga Darbari Kanada.mp3,13,10
932a387a6e3b6aeb1825fafafccb0a8b,hindi,real,real,Raga Darbari Kanada.mp3,14,10
aedef90ac48697796282377b5de0fda4,hindi,real,real,Raga Darbari Kanada.mp3,15,10
5abba05baf0a606c5199b8ea469dfb1f,hindi,real,real,Raga Darbari Kanada.mp3,16,10
0839e0240d885242dd951f46d8a462d5,hindi,real,real,Raga Darbari Kanada.mp3,17,10
126494bad9ca20a0762c4181c17d97c4,hindi,real,real,Raga Darbari Kanada.mp3,18,10
533d6d3937cb66966a76ed1175f29d5c,hindi,real,real,Raga Darbari Kanada.mp3,19,10
51e35b4f93999cafb64d0d5e6b1544eb,hindi,real,real,Raga Darbari Kanada.mp3,20,10
cd8264a0fbd93cc8219bb5cddab43921,hindi,real,real,Raga Darbari Kanada.mp3,21,10
15828f84a3b23a4dc3ffa02ef7101319,hindi,real,real,Raga Darbari Kanada.mp3,22,10
aae275fc3956275af380a7244f007e6f,hindi,real,real,Raga Darbari Kanada.mp3,23,10
dab9c7364d115cb1c5ec0b71e8c80390,hindi,real,real,Raga Darbari Kanada.mp3,24,10
7711bbfefc05749b43f72fc22a2aa8d2,hindi,real,real,Raga Darbari Kanada.mp3,25,10
280f7d6f325c08c3e3e9f4d9af628a3d,hindi,real,real,Raga Darbari Kanada.mp3,26,10
ef709b1d30c5fb8a60a91e969fba7dfd,hindi,real,real,Raga Darbari Kanada.mp3,27,10
c6d416b5884a27068db7e503fe8a1174,hindi,real,real,Raga Darbari Kanada.mp3,28,10
28b75e42d478b1ab9a885c5f9ac28186,hindi,real,real,Raga Darbari Kanada.mp3,29,10
3129ffe9cd5d04bf55fbcd9ddd7417f5,hindi,real,real,Raga Darbari Kanada.mp3,30,10
003c32f75ec8a8fee57b9a6f55467665,hindi,real,real,Raga Darbari Kanada.mp3,31,10
d2af65bee09699e1ec222a51ba1448a1,hindi,real,real,Raga Darbari Kanada.mp3,32,10
42f9e52fd379da197ee369036ef45198,hindi,real,real,Raga Darbari Kanada.mp3,33,10
fe641659190db86a1bc0dd66dcd1ef76,hindi,real,real,Raga Darbari Kanada.mp3,34,10
14314705640ca7600e51d4919f3c4007,hindi,real,real,Raga Darbari Kanada.mp3,35,10
0531c5b19e98eb046096c9300ed7d154,hindi,real,real,Raga Darbari Kanada.mp3,36,10
8016412ac8541b7244fdbd60101dea99,hindi,real,real,Raga Darbari Kanada.mp3,37,10
d15e2ea5cca7eb10da0738758702209b,hindi,real,real,Raga Darbari Kanada.mp3,38,10
96786c5a5cb98fa885a9e0967209c0f8,hindi,real,real,Raga Darbari Kanada.mp3,39,10
d9c53101d707e8dd4e81f0f09c0052a5,hindi,real,real,Raga Darbari Kanada.mp3,40,10
af6b19749a97727cf9a5349017cda688,hindi,real,real,Raga Darbari Kanada.mp3,41,10
47c1a91d64124a5b6306ae5c4f5b6938,hindi,real,real,Raga Darbari Kanada.mp3,42,10
234d324f303cc052e84dee8342a64e93,hindi,real,real,Raga Darbari Kanada.mp3,43,10
38007a6bf4aa36adcd23e5fa9572fbbb,hindi,real,real,Raga Darbari Kanada.mp3,44,10
7749bb4e3f8b49e8616a805e35194872,hindi,real,real,Raga Darbari Kanada.mp3,45,10
25251185d4bfdb7b6cb836e739e9f45a,hindi,real,real,Raga Darbari Kanada.mp3,46,10
3f28082aecac1f9ca6e61007771e8ce1,hindi,real,real,Raga Darbari Kanada.mp3,47,10
70082093e39189aa09855daed4269224,hindi,real,real,Raga Darbari Kanada.mp3,48,10
9fd5730acdb54fa57da83949c402f40f,hindi,real,real,Raga Darbari Kanada.mp3,49,10
4ca46d961915069f39ed5dcc97ef58f6,hindi,real,real,Raga Darbari Kanada.mp3,50,10
aedfe9ff97e5607e591989708d9aa13d,hindi,real,real,Raga Darbari Kanada.mp3,51,10
5e30dd8cfddeb7bec643ce5e9fdd9fa9,hindi,real,real,Raga Darbari Kanada.mp3,52,10
98aca20e8ac29f06bfa37bea1a64880b,hindi,real,real,Raga Darbari Kanada.mp3,53,10
d2b100ea564e12f955931bc1d57b3b6a,hindi,real,real,Raga Darbari Kanada.mp3,54,10
e810462a5b2159d6b441b9c98a1f73d6,hindi,real,real,Raga Darbari Kanada.mp3,55,10
32339b6403b5be6d676d874294e3aa2d,hindi,real,real,Raga Darbari Kanada.mp3,56,10
bcca673bfcf51aea9a3d6a37657ed896,hindi,real,real,Raga Darbari Kanada.mp3,57,10
7211ccd27256a12c7860d3bbc7c2031a,hindi,real,real,Raga Darbari Kanada.mp3,58,10
d0ab887ce87d1d74358cc00d0b3c829e,hindi,real,real,Raga Darbari Kanada.mp3,59,10
a4fb8b743a14f7341754cfb111907070,hindi,real,real,Raga Darbari Kanada.mp3,60,10
9ee7994ef125556ca4f60fab7d8b4125,hindi,real,real,Raga Darbari Kanada.mp3,61,10
5b43c858b7acdd9d606f8c0bcd71c975,hindi,real,real,Raga Darbari Kanada.mp3,62,10
68c75f8d6d39481d2be0fdd053807dc9,hindi,real,real,Raga Darbari Kanada.mp3,63,10
e5861a55452122f93fcfbefcc7b41715,hindi,real,real,Raga Darbari Kanada.mp3,64,10
16c5f3108d22c777a507058d7e88dd63,hindi,real,real,Raga Darbari Kanada.mp3,65,10
e35139a16941539160b3e959ef627cff,hindi,real,real,Raga Darbari Kanada.mp3,66,10
d864126ea542e80d1aeb73014deb2563,hindi,real,real,Raga Darbari Kanada.mp3,67,10
d9ee65a83b992a4d7c1bb5d3f8b20cc8,hindi,real,real,Raga Darbari Kanada.mp3,68,10
9b6f26cf456bb2c15073eee881f0fc69,hindi,real,real,Raga Darbari Kanada.mp3,69,10
2f8870a7e6a1646dfeeb0e8ea4ad2613,hindi,real,real,Raga Darbari Kanada.mp3,70,10
62663fa0420f7b1369c291b8baa608b7,hindi,real,real,Raga Darbari Kanada.mp3,71,10
83f03c2f5f450bea80138e1881911e3a,hindi,real,real,Raga Darbari Kanada.mp3,72,10
271a11e4c9fff683f617f5e75f9340a7,hindi,real,real,Raga Darbari Kanada.mp3,73,10
7b5752eb54eb394bbc397bb03a577b29,hindi,real,real,Raga Darbari Kanada.mp3,74,10
fc75c34371d75eb3aec1652981e587ca,hindi,real,real,Raga Darbari Kanada.mp3,75,10
d5bb8f8255527e2d4a6b125d5669efa7,hindi,real,real,Raga Darbari Kanada.mp3,76,10
0f324c9e93075f45470fabf5b63e9731,hindi,real,real,Raga Darbari Kanada.mp3,77,10
095b702c5285cf9b398ca88cd4fd3731,hindi,real,real,Raga Darbari Kanada.mp3,78,10
076f7f284d5fdd4dbca558c85cb90897,hindi,real,real,Raga Darbari Kanada.mp3,79,10
d17afc60d216375f9a9cb1f1d5f0ab77,hindi,real,real,Raga Darbari Kanada.mp3,80,10
27c6d5141891cfa6ed1ecbcd14a63eb8,hindi,real,real,Raga Darbari Kanada.mp3,81,10
56954148bf4345ee50db1c5de2852ff9,hindi,real,real,Raga Darbari Kanada.mp3,82,10
71c9bcc2051200f24045d958a8b87daf,hindi,real,real,Raga Darbari Kanada.mp3,83,10
2b054bf18c9b9e4e13eb841a615da7bc,hindi,real,real,Raga Darbari Kanada.mp3,84,10
7e471f0f6e06c8a08774966163a24e3c,hindi,real,real,Raga Darbari Kanada.mp3,85,10
b85e1adbba3fa3e3285fdf0e04b149a2,hindi,real,real,Raga Darbari Kanada.mp3,86,10
9946077440ccfd5b6037cf22fb4d9a36,hindi,real,real,Raga Darbari Kanada.mp3,87,10
750439386b2d7e32fe589f0319881c11,hindi,real,real,Raga Darbari Kanada.mp3,88,10
3aec75afffcbc2448f085ecf97272a0b,hindi,real,real,Raga Darbari Kanada.mp3,89,10
269120697ec96f28e1b4faf6f08ad713,hindi,real,real,Raga Darbari Kanada.mp3,90,10
ce99f5f0223e5202a3c7117ab1b3b11e,hindi,real,real,Raga Darbari Kanada.mp3,91,10
44fd66bd951f9cd63e3ca61fd19cd656,hindi,real,real,Raga Darbari Kanada.mp3,92,10
482a173dbbe531d4518bc0fdb59fef94,hindi,real,real,Raga Darbari Kanada.mp3,93,10
ab81a4669f37c67e327c39bcb400890c,hindi,real,real,Raga Darbari Kanada.mp3,94,10
d6d033b18831ec9541741e65e1fde10c,hindi,real,real,Raga Darbari Kanada.mp3,95,10
3c29e226c133df803c7649dbb10ebf06,hindi,real,real,Raga Darbari Kanada.mp3,96,10
8bf801e814fc19ef0ffbc61496d8b10d,hindi,real,real,Raga Darbari Kanada.mp3,97,10
b4b16e046696bb0eb030dccdc89da3cf,hindi,real,real,Raga Darbari Kanada.mp3,98,10
886a6f57f1d9dc7a1fe6a29c886b3f92,hindi,real,real,Raga Darbari Kanada.mp3,99,10
63ea4481ec43a5c999e42f4d30b33d7a,hindi,real,real,Raga Darbari Kanada.mp3,100,10
3aa9568384cffdcb040b971cbb4ec624,hindi,real,real,Raga Darbari Kanada.mp3,101,10
d8318ba38449a813d7c98631511737e0,hindi,real,real,Raga Darbari Kanada.mp3,102,10
bc5ec6e1b19385b5964ed254e6120f13,hindi,real,real,Raga Darbari Kanada.mp3,103,10
644911c353336b644078c25eed0226bc,hindi,real,real,Raga Darbari Kanada.mp3,104,10
1c5c19c68596d9e324f32aacba715e25,hindi,real,real,Raga Darbari Kanada.mp3,105,10
0d2afdb16a5479c216bf2042251b28ad,hindi,real,real,Raga Darbari Kanada.mp3,106,10
3a6ed3be126b02c11ddd66c7b1ce5213,hindi,real,real,Raga Darbari Kanada.mp3,107,10
ff6d9982ca175a63ddba6271b57579d1,hindi,real,real,Raga Darbari Kanada.mp3,108,10
ddaffe3b1513562b38824a9d8b068c0a,hindi,real,real,Raga Darbari Kanada.mp3,109,10
bc8c176fdbc31696c345ba5e382be694,hindi,real,real,Raga Darbari Kanada.mp3,110,10
0433aed02f778720bd243c8ff6f50eb5,hindi,real,real,Raga Darbari Kanada.mp3,111,10
cb01b8013555a7e170b5b6d77fb2aff0,hindi,real,real,Raga Darbari Kanada.mp3,112,10
ea0060710c952607ac60eeb5a6bf8762,hindi,real,real,Raga Darbari Kanada.mp3,113,10
5beda425795d5cd5b1818fe6bfd2174e,hindi,real,real,Raga Darbari Kanada.mp3,114,10
87cb5055d4190d01f3762fe7800f125a,hindi,real,real,Raga Darbari Kanada.mp3,115,10
6f0891f3bee4b9504b4968a337ebd029,hindi,real,real,Raga Darbari Kanada.mp3,116,10
3c06b9286b06060531c193e2b95f5cbf,hindi,real,real,Raga Darbari Kanada.mp3,117,10
da3d1e0822db861bccc1aed487e04d82,hindi,real,real,Raga Darbari Kanada.mp3,118,10
c9038da7fe8e17de5cd35133ca6e857e,hindi,real,real,Raga Darbari Kanada.mp3,119,10
bc43265722d941de5ec91abdb440360a,hindi,real,real,Raga Darbari Kanada.mp3,120,10
4a4f2206d1fb0d1df349ce436cf953a4,hindi,real,real,Raga Darbari Kanada.mp3,121,10
2b6f6a8df5d4d806938463f62fcb9c72,hindi,real,real,Raga Darbari Kanada.mp3,122,10
d827c2b1ff4cb9fe8cc92a1d41c18bdc,hindi,real,real,Raga Darbari Kanada.mp3,123,10
4135fba7f28cb9eeff08572e08c4c995,hindi,real,real,Raga Darbari Kanada.mp3,124,10
62661061e7760db1df549bad394567bd,hindi,real,real,Raga Darbari Kanada.mp3,125,10
9adc36c39a88545445c9d7a8960fc543,hindi,real,real,Raga Darbari Kanada.mp3,126,10
8b187c0a10958690dfc9af86749fb66b,hindi,real,real,Raga Darbari Kanada.mp3,127,10
814a1dfe7fd004b3ca77946efbf00b62,hindi,real,real,Raga Darbari Kanada.mp3,128,10
6e5f0f1352765b506beb5864d51eb5ce,hindi,real,real,Raga Darbari Kanada.mp3,129,10
38eee9f5b3563b5ea81005833516549a,hindi,real,real,Raga Darbari Kanada.mp3,130,10
90eaa5ab5560f977a3aec9f35eb7beab,hindi,real,real,Raga Darbari Kanada.mp3,131,10
aa645eb728b75cd31dff10295437b3fc,hindi,real,real,Raga Darbari Kanada.mp3,132,10
2065142131ffebe512764b5dd88a9939,hindi,real,real,Raga Darbari Kanada.mp3,133,10
bdfd27c67d86d27a9411e0f08fcf3115,hindi,real,real,Raga Darbari Kanada.mp3,134,10
2409b0e654e49a0b005f83af9dd60e0f,hindi,real,real,Raga Darbari Kanada.mp3,135,10
d8aabe480fe88e470cc219adc8c7c15f,hindi,real,real,Raga Darbari Kanada.mp3,136,10
d963163c310b94763f95f62a4bf5bce7,hindi,real,real,Raga Darbari Kanada.mp3,137,10
3a781651e76a63f22d46cfdd9a40783a,hindi,real,real,Raga Darbari Kanada.mp3,138,10
8f7facf882775006dcc4b61ae3291528,hindi,real,real,Raga Darbari Kanada.mp3,139,10
e265800768591e3d3b281eac2a6e15e3,hindi,real,real,Raga Darbari Kanada.mp3,140,10
6eeadc5774f7bb51cfac841204b11a4b,hindi,real,real,Raga Darbari Kanada.mp3,141,10
788b1908d61d3fad9904a82150bc97e3,hindi,real,real,Raga Darbari Kanada.mp3,142,10
65f08ec803c5d57e4f24543883e52afe,hindi,real,real,Raga Darbari Kanada.mp3,143,10
a1dd405eea5fc3ec50d662f61858e80c,hindi,real,real,Raga Darbari Kanada.mp3,144,10
37f99e9c2e81872297095b539628634b,hindi,real,real,Raga Darbari Kanada.mp3,145,10
8b4a8b253102a55a2c9475fc533c4264,hindi,real,real,Raga Darbari Kanada.mp3,146,10
d436935bd1194bd82c667a2ccf24b5a8,hindi,real,real,Raga Darbari Kanada.mp3,147,10
c5584dc2fa6523ae473c1e60ee0af806,hindi,real,real,Raga Darbari Kanada.mp3,148,10
4c8bee833263aa6427b56d8bdcfb899c,hindi,real,real,Raga Darbari Kanada.mp3,149,10
e4452bde7aa4bc8ed7d5abcb6aaf0da0,hindi,real,real,Raga Darbari Kanada.mp3,150,10
4874c14453b7eebf3512a596e52df5b6,hindi,real,real,Raga Darbari Kanada.mp3,151,10
39a02456eac9e88ab5701e6441540b20,hindi,real,real,Raga Darbari Kanada.mp3,152,10
452b7852e970f4271fa4648db10c599c,hindi,real,real,Raga Darbari Kanada.mp3,153,10
71ebcc5e222f2ba98e5fa8eed17a296d,hindi,real,real,Raga Darbari Kanada.mp3,154,10
ae3ac62a35935ff156e8a2c6284e0c00,hindi,real,real,Raga Darbari Kanada.mp3,155,10
cb9f974239981302b332869a2169c04b,hindi,real,real,Raga Darbari Kanada.mp3,156,10
bbe8a937ba488f6a7eae8af132af32a9,hindi,real,real,Raga Darbari Kanada.mp3,157,10
42bb9cf67b9c692a0f867274e8ba97fa,hindi,real,real,Raga Darbari Kanada.mp3,158,10
9b492fe32bd5c94795339e7a660e04a2,hindi,real,real,Raga Darbari Kanada.mp3,159,10
87391d56d0f0f091f079a91c4c440cfa,hindi,real,real,Raga Darbari Kanada.mp3,160,10
db7e16d88c51fb202409313306486d98,hindi,real,real,Raga Darbari Kanada.mp3,161,10
8d71bd80dc299160b4b201b26e2d026e,hindi,real,real,Raga Darbari Kanada.mp3,162,10
f69f5bc9de3fc01d7642bf2c4b9a1b82,hindi,real,real,Raga Darbari Kanada.mp3,163,10
e3b1065b004da55624095b2a6408ad5e,hindi,real,real,Raga Darbari Kanada.mp3,164,10
c381a83056a4c67dedc64b256016cf8f,hindi,real,real,Raga Darbari Kanada.mp3,165,10
2952276cce89d06fafee717ed6ec9f5a,hindi,real,real,Raga Darbari Kanada.mp3,166,10
a6c3d23d4a2c3b6b4fdb28477787de11,hindi,real,real,Raga Darbari Kanada.mp3,167,10
05657bcc89726dacf2345e6b3f256f5c,hindi,real,real,Raga Darbari Kanada.mp3,168,10
3776685012bd18b4504629519d39709c,hindi,real,real,Raga Darbari Kanada.mp3,169,10
e12aab6097a2479cab649bdb3cb52067,hindi,real,real,Raga Darbari Kanada.mp3,170,10
0c858e572146045c69411775cff7365f,hindi,real,real,Raga Darbari Kanada.mp3,171,10
521394a9158df173915a4e04d6e249d8,hindi,real,real,Raga Darbari Kanada.mp3,172,10
823ea6fb8135619416c036d0349d85b1,hindi,real,real,Raga Darbari Kanada.mp3,173,10
f1452f3269b5e4ee322b96c7d78024f2,hindi,real,real,Raga Darbari Kanada.mp3,174,10
df1551ad608172b77eb9da5135d911b4,hindi,real,real,Raga Darbari Kanada.mp3,175,10
08785b8a00e2207ff5444aa24c66d4b0,hindi,real,real,Raga Darbari Kanada.mp3,176,10
77ab6eb662c05dcfb3fdec31177425a6,hindi,real,real,Raga Darbari Kanada.mp3,177,10
26d4ef2d9fa8878573644915fbffd065,hindi,real,real,Raga Darbari Kanada.mp3,178,10
a049b74ff0c4fd095310e2c214faf37c,hindi,real,real,Raga Darbari Kanada.mp3,179,10
6a5811a77175220a7af452fcb25c4092,hindi,real,real,Raga Darbari Kanada.mp3,180,10
216d968a02e592e04b744f564f4309f7,hindi,real,real,Raga Darbari Kanada.mp3,181,10
902d86e914c4acb70eb013eaddb6ae96,hindi,real,real,Raga Darbari Kanada.mp3,182,10
a2d7aa2e5a7cf9eb0ac08f75ccf449b2,hindi,real,real,Raga Darbari Kanada.mp3,183,10
d2d8cfabe186ab7fdbd541e967575324,hindi,real,real,Raga Darbari Kanada.mp3,184,10
4dc294910be21c843b946129c3ae887d,hindi,real,real,Raga Darbari Kanada.mp3,185,10
7eb29e3df7b0dc1fe694c869b3186a2d,hindi,real,real,Raga Darbari Kanada.mp3,186,10
9b1661826869ca0a11b7033df5024922,hindi,real,real,Raga Darbari Kanada.mp3,187,10
24b42c24727a5a4f9bd9cb659e32e8f3,hindi,real,real,Raga Darbari Kanada.mp3,188,10
fe94bccadb4a33106b1d063cf3afa3b9,hindi,real,real,Raga Darbari Kanada.mp3,189,10
dcbc982d462aff633d9ad4667cb551df,hindi,real,real,Raga Darbari Kanada.mp3,190,10
172c2dd3eca64ce5c351aba4b83ee959,hindi,real,real,Raga Darbari Kanada.mp3,191,10
072851e896d8492e46d0680421ae6169,hindi,real,real,Raga Darbari Kanada.mp3,192,10
2b1c0a8b05eda1a541a961381adf99fb,hindi,real,real,Raga Darbari Kanada.mp3,193,10
4668603273ce09c8c9edd6931ff32a98,hindi,real,real,Raga Darbari Kanada.mp3,194,10
c6a458a11ee391f047302bec316dddb1,hindi,real,real,Raga Darbari Kanada.mp3,195,10
c87bf8e4e3dba9b39cd83d82e68b1909,hindi,real,real,Raga Darbari Kanada.mp3,196,10
4c4adf987bd875638265054574e729bb,hindi,real,real,Raga Darbari Kanada.mp3,197,10
d14fc3cc7c4117e07f1b7264c02cc253,hindi,real,real,Raga Darbari Kanada.mp3,198,10
1088fe53b7f1a1b2b5414ca98c08c392,hindi,real,real,Raga Darbari Kanada.mp3,199,10
7c514d82086d063e89fcf84690192919,hindi,real,real,Raga Darbari Kanada.mp3,200,10
1065b35c757502ec2b9799f3de104bcf,hindi,real,real,Raga Darbari Kanada.mp3,201,10
ed49059c724ad574e909909d5d5a30de,hindi,real,real,Raga Darbari Kanada.mp3,202,10
9bf622803164e1ebbc9c1e3495c0900f,hindi,real,real,Raga Darbari Kanada.mp3,203,10
93165aea8bc7a985d48a02a16f81748d,hindi,real,real,Raga Darbari Kanada.mp3,204,10
88a44a3126fcd34fff86385ee8e28949,hindi,real,real,Raga Darbari Kanada.mp3,205,10
dff08648afecd06ea7fb931492cbe474,hindi,real,real,Raga Darbari Kanada.mp3,206,10
3b54e47674f540d9c6e256547f814964,hindi,real,real,Raga Darbari Kanada.mp3,207,10
41efb4febbc2edcb60635a3d9c8261fb,hindi,real,real,Raga Darbari Kanada.mp3,208,10
286b835615d552095405c0b9435c8bef,hindi,real,real,Raga Darbari Kanada.mp3,209,10
a950732dc5f12b8d69d35d158878748a,hindi,real,real,Raga Darbari Kanada.mp3,210,10
4557422307e1eeb368bcd88f9519f8d1,hindi,real,real,Raga Darbari Kanada.mp3,211,10
2becc96b8bfec0305a8cbd40dfe029ac,hindi,real,real,Raga Darbari Kanada.mp3,212,10
88b1e3d330aca07f4db2bbc365f63634,hindi,real,real,Raga Darbari Kanada.mp3,213,10
ac8a2b376c396916a23d9b850521838f,hindi,real,real,Raga Darbari Kanada.mp3,214,10
3be114ff199e2cc9207e27b5622fe45d,hindi,real,real,Raga Darbari Kanada.mp3,215,10
609d5631d76b4d40f66416ae24677c68,hindi,real,real,Raga Darbari Kanada.mp3,216,10
ab53624a2872b1c72d41918a56348fc7,hindi,real,real,Raga Darbari Kanada.mp3,217,10
4eeb4945cbd1b86589f1fc785ba5dd71,hindi,real,real,Raga Darbari Kanada.mp3,218,10
e38727089e4826557b643dec7b455c96,hindi,real,real,Raga Darbari Kanada.mp3,219,10
8f231fcaccee62e7a64bd645fdfca17d,hindi,real,real,Raga Darbari Kanada.mp3,220,10
2ea2d951a8f84593489a15dcefb6f4be,hindi,real,real,Raga Darbari Kanada.mp3,221,10
3416286d1dd9a33500b6931adb7c8ed7,hindi,real,real,Raga Darbari Kanada.mp3,222,10
4ec531cccfe80385a465de8c6059f635,hindi,real,real,Raga Darbari Kanada.mp3,223,10
1d4aaf67e3043db03040aabb5418491a,hindi,real,real,Raga Darbari Kanada.mp3,224,10
8bf88a5b89fdc704ac4caa044a5d3eab,hindi,real,real,Raga Darbari Kanada.mp3,225,10
a9005f61b055988bf394ff9104b43614,hindi,real,real,Raga Darbari Kanada.mp3,226,10
be5592cbdef70880be108132f9aeedde,hindi,real,real,Raga Darbari Kanada.mp3,227,10
5e76815dbc6dca4ccac5ff35933329af,hindi,real,real,Raga Darbari Kanada.mp3,228,10
922d4e2fd53693ff60a627fe31df5b57,hindi,real,real,Raga Darbari Kanada.mp3,229,10
5135109148dc51d32fbc58e1b2f25807,hindi,real,real,Raga Darbari Kanada.mp3,230,10
97b5567045bff3e73ad10a9496b36edf,hindi,real,real,Raga Darbari Kanada.mp3,231,10
4d0d5b31e67856c474ee45ed35457065,hindi,real,real,Raga Darbari Kanada.mp3,232,10
c7c44047534183a0721e9aab67e6f26c,hindi,real,real,Raga Darbari Kanada.mp3,233,10
af450221c429d055f6e29761b81de5b6,hindi,real,real,Raga Darbari Kanada.mp3,234,10
9744a36a001720f19279f29352154b3f,hindi,real,real,Raga Darbari Kanada.mp3,235,10
018860ed249400bb1d83c0ad18143886,hindi,real,real,Raga Darbari Kanada.mp3,236,10
6cc73f8bcef59c12787e30264056568b,hindi,real,real,Raga Darbari Kanada.mp3,237,10
18881b9920550cddacd9ded87546fc4f,hindi,real,real,Raga Darbari Kanada.mp3,238,10
743e9b46b5d6d9fa4cd1e0bbda1004f2,hindi,real,real,Raga Darbari Kanada.mp3,239,10
60512d2f43bc45014520530a95103de3,hindi,real,real,Raga Darbari Kanada.mp3,240,10
3e92160aae81a95053c93b11647ca124,hindi,real,real,Raga Darbari Kanada.mp3,241,10
9733abd27bdbab16a49d60c72de88d22,hindi,real,real,Raga Darbari Kanada.mp3,242,10
e6f8a42a0ca1933912ef8d154b12cf61,hindi,real,real,Raga Darbari Kanada.mp3,243,10
db5cf90c328d14858f844ca2fcedbdb1,hindi,real,real,Raga Darbari Kanada.mp3,244,10
1e135acbbcd334de1dabdb1578d04868,hindi,real,real,Raga Darbari Kanada.mp3,245,10
17e4646b57c2bb3b557c10baf0830c14,hindi,real,real,Raga Darbari Kanada.mp3,246,10
6768fc0ff06a3ab89203e7b2c8f0803c,hindi,real,real,Raga Darbari Kanada.mp3,247,10
4e90976cd93c40cbc2bd884798d45853,hindi,real,real,Raga Darbari Kanada.mp3,248,10
32c89dc5063f41669c9aed154d09583a,hindi,real,real,Raga Darbari Kanada.mp3,249,10
55edad0f77b8b06dbc1308628f5dac8d,hindi,real,real,Raga Darbari Kanada.mp3,250,10
7f7983940ea7dacaa0a0842283936071,hindi,real,real,Raga Darbari Kanada.mp3,251,10
1352a1c24522ae4745b2012af84b8d6c,hindi,real,real,Raga Darbari Kanada.mp3,252,10
8242fc1efd9a573b854a90e3596748bb,hindi,real,real,Raga Darbari Kanada.mp3,253,10
de6a69019bae2bb752abc2b21a4281ca,hindi,real,real,Raga Darbari Kanada.mp3,254,10
72f81c874153048befe9df85e37bfd66,hindi,real,real,Raga Darbari Kanada.mp3,255,10
8a90baa0779eec14d73a5b1fe0521362,hindi,real,real,Raga Darbari Kanada.mp3,256,10
ff1918ba338ac9a54eb27c109c7465b3,hindi,real,real,Raga Darbari Kanada.mp3,257,10
7897bb87c30583e56242e3d3bec947c3,hindi,real,real,Raga Darbari Kanada.mp3,258,10
0c91ce6ed3a9f57be262b83f72c04484,hindi,real,real,Raga Darbari Kanada.mp3,259,10
708f6f06236ef11ca4b63bd8421ec633,hindi,real,real,Raga Darbari Kanada.mp3,260,10
91405c29a98c798510eadeba2b0fbf95,hindi,real,real,Raga Darbari Kanada.mp3,261,10
100e34e4da9d943af03c5ae4ae98df10,hindi,real,real,Raga Darbari Kanada.mp3,262,10
4d1c3328d4eb25dc3a8e95d62a828009,hindi,real,real,Raga Darbari Kanada.mp3,263,10
701cbbdc3aed171f3db6778773428da1,hindi,real,real,Raga Darbari Kanada.mp3,264,10
39a2a5e90d7bdd91195e2466b41e7b17,hindi,real,real,Raga Darbari Kanada.mp3,265,10
3ef057554144092bfb8b1fc4822e6e27,hindi,real,real,Raga Darbari Kanada.mp3,266,10
55e12e687e56e1f597ab08ee20ae8701,hindi,real,real,Raga Darbari Kanada.mp3,267,10
d25fb63dfc28e1d1ebc205742c2da751,hindi,real,real,Raga Darbari Kanada.mp3,268,10
cfb8702a76917039640fee9d08727dd6,hindi,real,real,Raga Darbari Kanada.mp3,269,10
da9a433a7f2c278b59d1487c78145bba,hindi,real,real,Raga Darbari Kanada.mp3,270,10
a0854dc37af35fe34e0f9a7b272f86ec,hindi,real,real,Raga Darbari Kanada.mp3,271,10
0800e9d3968763840890cb7ce150d248,hindi,real,real,Raga Darbari Kanada.mp3,272,10
51b89b28abcb0b38ad429bf408e78e87,hindi,real,real,Raga Darbari Kanada.mp3,273,10
7c55f5830f3f632b0ed6c1bca2b24ff7,hindi,real,real,Raga Darbari Kanada.mp3,274,10
1cff7c6b1a90e98038adee15810e2e59,hindi,real,real,Raga Darbari Kanada.mp3,275,10
3be40063eeb4691ccf9feaf62d7a016e,hindi,real,real,Raga Darbari Kanada.mp3,276,10
18014f12b5de5cc9dc866b7a3f3a8291,hindi,real,real,Raga Darbari Kanada.mp3,277,10
dbd44d28e6cb91a1a24ab1f15d5d2f51,hindi,real,real,Raga Darbari Kanada.mp3,278,10
a79fe80a5bfb91d2382a9d1fef13db47,hindi,real,real,Raga Darbari Kanada.mp3,279,10
c7d74ef9e7674429f34ccf890d307466,hindi,real,real,Raga Darbari Kanada.mp3,280,10
bd348464fb86ef316f70bd58a3f71917,hindi,real,real,Raga Darbari Kanada.mp3,281,10
40785d19115ad18bb065fa342407a256,hindi,real,real,Raga Darbari Kanada.mp3,282,10
a52af3922a44e4c280f14e7dbee65faa,hindi,real,real,Raga Darbari Kanada.mp3,283,10
d1dd60c10e1f33a728ca2705352c359d,hindi,real,real,Raga Darbari Kanada.mp3,284,10
f5e577788554119765370a9695cfa728,hindi,real,real,Raga Darbari Kanada.mp3,285,10
6f31efa1f8320a21e72a7210aa24489c,hindi,real,real,Raga Darbari Kanada.mp3,286,10
27aa54ffca00a060d926d652834e30e2,hindi,real,real,Raga Darbari Kanada.mp3,287,10
31e712dfe2a191e385864ca769a83496,hindi,real,real,Raga Darbari Kanada.mp3,288,10
35af40d1058d6bd1b5780e23a71b49d9,hindi,real,real,Thumri - Kaahe Chhed Mohe.mp3,0,10
f1388f2b2803d477757bcf4ba845a5b2,hindi,real,real,Thumri - Kaahe Chhed Mohe.mp3,1,10
b7ab1b42fb52d3a0c3df49baa46efe41,hindi,real,real,Thumri - Kaahe Chhed Mohe.mp3,2,10
b848898acd46077a5b251a2b0079287d,hindi,real,real,Thumri - Kaahe Chhed Mohe.mp3,3,10
77878932d7c456315f355d91a793dcad,hindi,real,real,Thumri - Kaahe Chhed Mohe.mp3,4,10
abf7e3cb51bb0c64d9fa36f7ba776cce,hindi,real,real,Thumri - Kaahe Chhed Mohe.mp3,5,10
8846b5681737684ea6dfd5d654dfac93,hindi,real,real,Thumri - Kaahe Chhed Mohe.mp3,6,10
7071dc76f38b3510408b1c0a48f7d67d,hindi,real,real,Thumri - Kaahe Chhed Mohe.mp3,7,10
3cdeb4430c186e852c003f4715b2451b,hindi,real,real,Thumri - Kaahe Chhed Mohe.mp3,8,10
13cce7bebad4c0b24352a37e527e5154,hindi,real,real,Thumri - Kaahe Chhed Mohe.mp3,9,10
7ad00afe9091b3b88dd485b48284b7c2,hindi,real,real,Thumri - Kaahe Chhed Mohe.mp3,10,10
9d143666ba859607bba17decdd424328,hindi,real,real,Thumri - Kaahe Chhed Mohe.mp3,11,10
df949d6292a472682b7b0ea87704a799,hindi,real,real,Thumri - Kaahe Chhed Mohe.mp3,12,10
0cf7699006b8725ed3e998613acb01c8,hindi,real,real,Thumri - Kaahe Chhed Mohe.mp3,13,10
d3a6b08e316571cae0414d6d8c0eff06,hindi,real,real,Thumri - Kaahe Chhed Mohe.mp3,14,10
3641c24c3852e3157a4f324acb3b2e11,hindi,real,real,Thumri - Kaahe Chhed Mohe.mp3,15,10
de36b63f0bbf55235f092cd221cbd00a,hindi,real,real,Thumri - Kaahe Chhed Mohe.mp3,16,10
9cdd5cac925b05bddd5acf40add07c8a,hindi,real,real,Thumri - Kaahe Chhed Mohe.mp3,17,10
c726df92da985195a62412fa80fa31e5,hindi,real,real,Thumri - Kaahe Chhed Mohe.mp3,18,10
465c5627099c640d6e88d5503e164220,hindi,real,real,Thumri - Kaahe Chhed Mohe.mp3,19,10
253f2bd835c7a8a80b9b323f62eaf65f,hindi,real,real,Thumri - Kaahe Chhed Mohe.mp3,20,10
22ab0985b156d2287ba513dcbc7f6442,hindi,real,real,Thumri - Kaahe Chhed Mohe.mp3,21,10
6233d566732098a8b9e4500649afdc43,hindi,real,real,Thumri - Kaahe Chhed Mohe.mp3,22,10
5f8f8d93707c9c6aae875ab558e8c9cd,hindi,real,real,Thumri - Kaahe Chhed Mohe.mp3,23,10
ebddc601b2a61e183ca6f83924768127,hindi,real,real,Thumri - Kaahe Chhed Mohe.mp3,24,10
e64fb4aa66f5b27362392adae1990279,hindi,real,real,Thumri - Kaahe Chhed Mohe.mp3,25,10
a89373dc82024b357861ce74181dd63b,hindi,real,real,Thumri - Kaahe Chhed Mohe.mp3,26,10
2fb784534ee203d08d74fc48089e556e,hindi,real,real,Thumri - Kaahe Chhed Mohe.mp3,27,10
8b2b0983e2a981e26cab835ca6bfca0d,hindi,real,real,Thumri - Kaahe Chhed Mohe.mp3,28,10
52c5cc96a24469b41269ae4d552f796e,hindi,real,real,Thumri - Kaahe Chhed Mohe.mp3,29,10
51d51ce06eb24a36ff2198b46c8a4027,hindi,real,real,Thumri - Kaahe Chhed Mohe.mp3,30,10
5ff174aeb01c8462c5547dd6d30e799b,hindi,real,real,Babul Mora Naihar Chhooto Jaye.mp3,0,10
32157c3e5aa59c0421e6a958a82d91e9,hindi,real,real,Babul Mora Naihar Chhooto Jaye.mp3,1,10
30652a9ff6f611bc578b914e4009156a,hindi,real,real,Babul Mora Naihar Chhooto Jaye.mp3,2,10
79e32721cec976efe6b84127b691f486,hindi,real,real,Babul Mora Naihar Chhooto Jaye.mp3,3,10
78df8479aed891f107d07644c5fd3266,hindi,real,real,Babul Mora Naihar Chhooto Jaye.mp3,4,10
5df7d4cafbfd3b20a10ae97f7668cfeb,hindi,real,real,Babul Mora Naihar Chhooto Jaye.mp3,5,10
b6e6aaecaacdfafd1821476fceac1474,hindi,real,real,Babul Mora Naihar Chhooto Jaye.mp3,6,10
00fe46636ac162e5fd3b21e1883f4b4f,hindi,real,real,Babul Mora Naihar Chhooto Jaye.mp3,7,10
97709659e68483c11098a5cf3dc82298,hindi,real,real,Babul Mora Naihar Chhooto Jaye.mp3,8,10
84142635ac16aa0e870adb326ceba52f,hindi,real,real,Babul Mora Naihar Chhooto Jaye.mp3,9,10
483642580de4974e38b605345ded92f2,hindi,real,real,Babul Mora Naihar Chhooto Jaye.mp3,10,10
147d92f3f52dc1f26e0ab5a256f9607a,hindi,real,real,Babul Mora Naihar Chhooto Jaye.mp3,11,10
3ef4e77b31db992b3e70574bbd6d43fa,hindi,real,real,Babul Mora Naihar Chhooto Jaye.mp3,12,10
d3381a1b9136294b686b1446794d7c94,hindi,real,real,Babul Mora Naihar Chhooto Jaye.mp3,13,10
e0559e4ff4d04ee2cbeb7ae8847f8a91,hindi,real,real,Babul Mora Naihar Chhooto Jaye.mp3,14,10
c6919fa314119816cdc3b4bec5e8d045,hindi,real,real,Babul Mora Naihar Chhooto Jaye.mp3,15,10
542bf00820d00e9a6b148c0a904179e8,hindi,real,real,Babul Mora Naihar Chhooto Jaye.mp3,16,10
38b99c2683e8b1eb949b9745bfa3600e,hindi,real,real,Babul Mora Naihar Chhooto Jaye.mp3,17,10
5162fb7d4339662216572addd3b61435,hindi,real,real,Babul Mora Naihar Chhooto Jaye.mp3,18,10
a8f29798ff28dd6d0a5e7ead4882839f,hindi,real,real,Babul Mora Naihar Chhooto Jaye.mp3,19,10
9645653a50fa527e162bdff9ff32ed18,hindi,real,real,Babul Mora Naihar Chhooto Jaye.mp3,20,10
38276263de5ec18258d0012e232ae3a6,hindi,real,real,Babul Mora Naihar Chhooto Jaye.mp3,21,10
3dc8965c9a510f4152a9e564f5ee253b,hindi,real,real,Babul Mora Naihar Chhooto Jaye.mp3,22,10
b6b76ef19198136fb76892c47f40cfb9,hindi,real,real,Babul Mora Naihar Chhooto Jaye.mp3,23,10
057426381b47d740bc512acc007a8a9d,hindi,real,real,Babul Mora Naihar Chhooto Jaye.mp3,24,10
6a9283ebc1669036d846be7790f22a87,hindi,real,real,Babul Mora Naihar Chhooto Jaye.mp3,25,10
7394ee17477ca4bc5b4fa478cd1029c5,hindi,real,real,Babul Mora Naihar Chhooto Jaye.mp3,26,10
6f682c81507443b8120957c54a47b078,hindi,real,real,Babul Mora Naihar Chhooto Jaye.mp3,27,10
d9de06b61d44ec3e72c8fee9c8115e66,hindi,real,real,Babul Mora Naihar Chhooto Jaye.mp3,28,10
28e071ff94866712a7e0458bde6ea3cd,hindi,real,real,Babul Mora Naihar Chhooto Jaye.mp3,29,10
0d4c5168c83560bc582f763cf6d11b39,hindi,real,real,Babul Mora Naihar Chhooto Jaye.mp3,30,10
4ce95516d392f7facf2ce3b893ce6318,hindi,real,real,Babul Mora Naihar Chhooto Jaye.mp3,31,10
68c5f329c5910b91923ac88f5c4dcdd8,hindi,real,real,Babul Mora Naihar Chhooto Jaye.mp3,32,10
cae1c6195b450cc14bb4f1797f2a098a,hindi,real,real,Babul Mora Naihar Chhooto Jaye.mp3,33,10
41638b844d70ac20464c26c8464c706b,hindi,real,real,Babul Mora Naihar Chhooto Jaye.mp3,34,10
7f1321efcc743540312bc70c063b3811,hindi,real,real,Babul Mora Naihar Chhooto Jaye.mp3,35,10
e45c4c489d7eab57c45e82bb6f703e72,hindi,real,real,Babul Mora Naihar Chhooto Jaye.mp3,36,10
28fc0f1b8df094fb20172f5f40fe3d6f,hindi,real,real,Babul Mora Naihar Chhooto Jaye.mp3,37,10
3a8e151fcb924d869801751871f708e8,hindi,real,real,Babul Mora Naihar Chhooto Jaye.mp3,38,10
2971f7a8179396ef4ded4e99717cb57b,hindi,real,real,Babul Mora Naihar Chhooto Jaye.mp3,39,10
0b98f6a5fb63263cbd90b038247fd90c,hindi,real,real,Babul Mora Naihar Chhooto Jaye.mp3,40,10
40afced7838b46144b5f7ab0f9657892,hindi,real,real,Babul Mora Naihar Chhooto Jaye.mp3,41,10
3a93762f04e6abd27f81a1e5a9957470,hindi,real,real,Babul Mora Naihar Chhooto Jaye.mp3,42,10
d47542215f593ef1a8f87a3b8c213789,hindi,real,real,Babul Mora Naihar Chhooto Jaye.mp3,43,10
7c6c42851fd1d58c9f222c6cadcbef08,hindi,real,real,Babul Mora Naihar Chhooto Jaye.mp3,44,10
1c63b31359b8966c3ef018880173d7f8,hindi,real,real,Babul Mora Naihar Chhooto Jaye.mp3,45,10
e9a66a18524037bccbd3de7cc8554f11,hindi,real,real,Babul Mora Naihar Chhooto Jaye.mp3,46,10
e95a63fe3a1b5b6796477ba57b99545f,hindi,real,real,Babul Mora Naihar Chhooto Jaye.mp3,47,10
f10a88cc3ad3d5f19496fbaad43a1fc4,hindi,real,real,Babul Mora Naihar Chhooto Jaye.mp3,48,10
cc0ab98f76ef8febd895485a69cbb4ff,hindi,real,real,Babul Mora Naihar Chhooto Jaye.mp3,49,10
521dd667a56e5dac80be69afa62bf99f,hindi,real,real,Babul Mora Naihar Chhooto Jaye.mp3,50,10
f15e7f7fe04310a19e5f64ffd8179bba,hindi,real,real,Babul Mora Naihar Chhooto Jaye.mp3,51,10
62b1ae8b63520f4328267ed4600e8d5f,hindi,real,real,Babul Mora Naihar Chhooto Jaye.mp3,52,10
c89847c872cb046aaf4b920787cbfbfa,hindi,real,real,Babul Mora Naihar Chhooto Jaye.mp3,53,10
fb92af1261fdaedde421cdf17128f3b0,hindi,real,real,Babul Mora Naihar Chhooto Jaye.mp3,54,10
b3e90b82a382222cdcc1d415c8c15039,hindi,real,real,Babul Mora Naihar Chhooto Jaye.mp3,55,10
8369953094603ac9567ffd072d7c5074,hindi,real,real,Babul Mora Naihar Chhooto Jaye.mp3,56,10
a42bad2626f093de6d00702a19ae68bf,hindi,real,real,Raag Bhimpalasi.mp3,0,10
cf12ba3bc1e1d2e560f90fa1afad81f4,hindi,real,real,Raag Bhimpalasi.mp3,1,10
0ed551b751979bb5a0670b82f89d9b92,hindi,real,real,Raag Bhimpalasi.mp3,2,10
778333a0fa4f430fd219fc60c7aa95e2,hindi,real,real,Raag Bhimpalasi.mp3,3,10
b1696d8e03cd02c2fbefe8e6958c4427,hindi,real,real,Raag Bhimpalasi.mp3,4,10
ac094cd4e0dd6012ca7c08e9b6872ba9,hindi,real,real,Raag Bhimpalasi.mp3,5,10
7e1667405db7bd25ee30e1a63c6eb3c7,hindi,real,real,Raag Bhimpalasi.mp3,6,10
7b0c60ad45299de25020d7bcd8753c50,hindi,real,real,Raag Bhimpalasi.mp3,7,10
26b664cc61a4ac3cb7d2448e863415ef,hindi,real,real,Raag Bhimpalasi.mp3,8,10
dac25dd59569a983b74b92bc304a9b72,hindi,real,real,Raag Bhimpalasi.mp3,9,10
77f3b3e31dc8a983bcdbbb72de5a9a6c,hindi,real,real,Raag Bhimpalasi.mp3,10,10
1bac690f4e93c1d6ee0813cda5665b71,hindi,real,real,Raag Bhimpalasi.mp3,11,10
9598f73bfabd67c933424448a884e6a4,hindi,real,real,Raag Bhimpalasi.mp3,12,10
61d683986e21fd5dd010deeaa97ce1b9,hindi,real,real,Raag Bhimpalasi.mp3,13,10
080393d409495c5aa5363a328beb43e5,hindi,real,real,Raag Bhimpalasi.mp3,14,10
837f2b7408060ae1cf3d3057b3afa3d0,hindi,real,real,Raag Bhimpalasi.mp3,15,10
58148c6b9a2945901363c087c45c9818,hindi,real,real,Raag Bhimpalasi.mp3,16,10
075fc6e8fc02f2bdf11026386385b9eb,hindi,real,real,Raag Bhimpalasi.mp3,17,10
edfacffdee1a1339eaaa26a811705f56,hindi,real,real,Raag Bhimpalasi.mp3,18,10
5b74e912dbbe64f4dc9889d3a5afee36,hindi,real,real,Raag Bhimpalasi.mp3,19,10
068380aac7682ea3193c9dde99b49e9f,hindi,real,real,Raag Bhimpalasi.mp3,20,10
30c7d4cd3969e92b1e966b9abfeefaac,hindi,real,real,Raag Bhimpalasi.mp3,21,10
f4c0574dd7b5ad9bb952ed2dd11c8f6f,hindi,real,real,Raag Bhimpalasi.mp3,22,10
c32abf19dd971ee399550d06c2e2b1e8,hindi,real,real,Raag Bhimpalasi.mp3,23,10
5715dfba88a6e62f7fee81b735f00f88,hindi,real,real,Raag Bhimpalasi.mp3,24,10
fff54bf85454e432e6c617daa4be1a34,hindi,real,real,Raag Bhimpalasi.mp3,25,10
59705c78b3c27f9270b99ccddec15c57,hindi,real,real,Raag Bhimpalasi.mp3,26,10
de3ecf7a48127c3a49774601a9c5ba4b,hindi,real,real,Raag Bhimpalasi.mp3,27,10
8e8aa3b896422030a0898d36da23e0eb,hindi,real,real,Raag Bhimpalasi.mp3,28,10
01d75e07d6ce0e3ef06b96ce4d18cd09,hindi,real,real,Raag Bhimpalasi.mp3,29,10
dd61c858b9544d1d2bbbb05b24b0af14,hindi,real,real,Raag Bhimpalasi.mp3,30,10
f40412c4d36460df69f3310278b0c2be,hindi,real,real,Raag Bhimpalasi.mp3,31,10
e63e2c8561df12c4f7d0ef214fac6ad9,hindi,real,real,Raag Bhimpalasi.mp3,32,10
6ac1ce19e60fabe6c4e1560f58569ed5,hindi,real,real,Raag Bhimpalasi.mp3,33,10
eda522df7c7e18f8da55a523e4e49e39,hindi,real,real,Raag Bhimpalasi.mp3,34,10
dc2cedc36bd5d9f94d0b7956709f4c61,hindi,real,real,Raag Bhimpalasi.mp3,35,10
cdadbbe405cad1564b9bd7498481b139,hindi,real,real,Raag Bhimpalasi.mp3,36,10
e739e4585e10c32b90be45d861ee830e,hindi,real,real,Raag Bhimpalasi.mp3,37,10
8b6be68c6c8a12562c491bf10850e166,hindi,real,real,Raag Bhimpalasi.mp3,38,10
cbef0d6758348ee9e8e676c9082bc82d,hindi,real,real,Raag Bhimpalasi.mp3,39,10
481f9b33daae47c4eac49da47ec821d9,hindi,real,real,Raag Bhimpalasi.mp3,40,10
51e7a0c3fad5277fb0e27a8a570678a7,hindi,real,real,Raag Bhimpalasi.mp3,41,10
f1613678a29b6b191a8b5bb79020108c,hindi,real,real,Raag Bhimpalasi.mp3,42,10
9b0643c74c6ef69d2e92d4d4c92e9baa,hindi,real,real,Raag Bhimpalasi.mp3,43,10
b193aeb75fd16c38408e1e2e6109ab91,hindi,real,real,Raag Bhimpalasi.mp3,44,10
a6386bc9455f6fe6dc690a8ad48f8839,hindi,real,real,Raag Bhimpalasi.mp3,45,10
41397b07b355bd906ab2c2df88c971ab,hindi,real,real,Raag Bhimpalasi.mp3,46,10
92f5fee6562a8ab159dabfd25f36a377,hindi,real,real,Raag Bhimpalasi.mp3,47,10
0d2c084a821293543d48a53b05c4d76b,hindi,real,real,Raag Bhimpalasi.mp3,48,10
46d427f350409679c4eceab130a081f9,hindi,real,real,Raag Bhimpalasi.mp3,49,10
08ca810e75b804c4f3095d8c5d09daba,hindi,real,real,Raag Bhimpalasi.mp3,50,10
9bef4f5e2b736f45e503a8fd23069f82,hindi,real,real,Raag Bhimpalasi.mp3,51,10
536366816c663797661293c7f03ebe5f,hindi,real,real,Raag Bhimpalasi.mp3,52,10
140e363c9dee81fda9c097feb812905e,hindi,real,real,Raag Bhimpalasi.mp3,53,10
17b02ccd8fa4f0d5b4f38d9d8ad2729d,hindi,real,real,Raag Bhimpalasi.mp3,54,10
9730a861df0669ade641f943b920dc5c,hindi,real,real,Raag Bhimpalasi.mp3,55,10
da2861b6c975ed9b06fbba1ec12b34d7,hindi,real,real,Raag Bhimpalasi.mp3,56,10
41bb8587fa25236c4638d48b33cd09da,hindi,real,real,Raag Bhimpalasi.mp3,57,10
3c807208054e0c7fc79383640e30dc3b,hindi,real,real,Raag Bhimpalasi.mp3,58,10
16d1e0d6495c885080f008d8236dae9f,hindi,real,real,Raag Bhimpalasi.mp3,59,10
d1f5f707a82f32e40fa705ed166823a0,hindi,real,real,Raag Bhimpalasi.mp3,60,10
9889c8bffda080cc6859d586399d0a79,hindi,real,real,Raag Bhimpalasi.mp3,61,10
42c7928e734884d05ed86d5027803cf0,hindi,real,real,Raag Bhimpalasi.mp3,62,10
6d153576d0b07ef97a76962ab518d5e3,hindi,real,real,Raag Bhimpalasi.mp3,63,10
e7e1c10cfea6e2f7e0b01a3bcc7e3b69,hindi,real,real,Raag Bhimpalasi.mp3,64,10
ed6547b0cdb394305736b6d6b04b9d22,hindi,real,real,Raag Bhimpalasi.mp3,65,10
9e9f8cc2d0d544aa76e2bebe63e571f2,hindi,real,real,Raag Bhimpalasi.mp3,66,10
46ecdd53f406fdddd07bef43a30b16ad,hindi,real,real,Raag Bhimpalasi.mp3,67,10
3e9d89bc7a31683297c87c817cfd51ec,hindi,real,real,Raag Bhimpalasi.mp3,68,10
60f34f82e876231215fb074cd22999dc,hindi,real,real,Raag Bhimpalasi.mp3,69,10
590c49bdc7422d021a1f8c98e546c41f,hindi,real,real,Raag Bhimpalasi.mp3,70,10
eba2cdc8973f596a6ac46aab730454f7,hindi,real,real,Raag Bhimpalasi.mp3,71,10
2540ea3f9f5489d38efbbc178fefb3f9,hindi,real,real,Raag Bhimpalasi.mp3,72,10
1566288b56012cb259024d1fb98ff282,hindi,real,real,Raag Bhimpalasi.mp3,73,10
ee126c9373fcd0cce979fc80b6e6cd6a,hindi,real,real,Raag Bhimpalasi.mp3,74,10
8280c297954dc20b2c1969f31c6ca1b3,hindi,real,real,Raag Bhimpalasi.mp3,75,10
02b7345dad29b2d39d5ae3fbf7201326,hindi,real,real,Raag Bhimpalasi.mp3,76,10
c8e406fa72fe40d2dc00dd8f30015294,hindi,real,real,Raag Bhimpalasi.mp3,77,10
1de26012f16dc3ac64fc1978d52e0398,hindi,real,real,Raag Bhimpalasi.mp3,78,10
36ec1b68695120db98f65a6d0d82dd2a,hindi,real,real,Raag Bhimpalasi.mp3,79,10
af4b1880ae3d7ac9fcbe723b4a5a194d,hindi,real,real,Raag Bhimpalasi.mp3,80,10
9fb759863bd4305cb649bb9f914d935e,hindi,real,real,Raag Bhimpalasi.mp3,81,10
fbf69b590608ec2e482e022a7f12206f,hindi,real,real,Raag Bhimpalasi.mp3,82,10
0082dfa2ea7c5c1cffdc077d271d1657,hindi,real,real,Raag Bhimpalasi.mp3,83,10
160f35f1814b4f23fd2bc34d9bebb792,hindi,real,real,Raag Bhimpalasi.mp3,84,10
91c34ec025d5b728d2ed7f69ca1467e6,hindi,real,real,Raag Bhimpalasi.mp3,85,10
f9fd9c2dfae52fbca74ac9a0df725a78,hindi,real,real,Raag Bhimpalasi.mp3,86,10
70422b1c799f8228db70807d0160f379,hindi,real,real,Raag Bhimpalasi.mp3,87,10
c5c27d60e0ea11bfb7a7c9464acffdc2,hindi,real,real,Raag Bhimpalasi.mp3,88,10
22302ea7a37c643239ff082076e390bc,hindi,real,real,Raag Bhimpalasi.mp3,89,10
fed2b49a258d0fe434c63192eb73257d,hindi,real,real,Raag Bhimpalasi.mp3,90,10
bcb6d7aaabd4f4bf3c47774134d21d5b,hindi,real,real,Raag Bhimpalasi.mp3,91,10
20691f8d8ff353a9a7f6d49105876436,hindi,real,real,Raag Bhimpalasi.mp3,92,10
b45d4ccb51d04154e1b03d1820de8aef,hindi,real,real,Raag Bhimpalasi.mp3,93,10
f6ff397948d8175b2fd2798b84214366,hindi,real,real,Raag Bhimpalasi.mp3,94,10
9b010a365ca685df43ac4b61ff85220f,hindi,real,real,Raag Bhimpalasi.mp3,95,10
87bed4f3b82d85858d1c131e98969b75,hindi,real,real,Raag Bhimpalasi.mp3,96,10
c3d2d333df9c1c4ba6f23bde69076e2e,hindi,real,real,Raag Bhimpalasi.mp3,97,10
aeeecd3c91e1911967af719eb2a3b874,hindi,real,real,Raag Bhimpalasi.mp3,98,10
5e608f60efe27195cff49dad9e8a3e65,hindi,real,real,Raag Bhimpalasi.mp3,99,10
97a4c8584ea2425aef64ca65aa9c10e4,hindi,real,real,Raag Bhimpalasi.mp3,100,10
a74ba26eee919ad907dc6b475470455b,hindi,real,real,Raag Bhimpalasi.mp3,101,10
eeee323308fa6d0f31969e52e9898e2a,hindi,real,real,Raag Bhimpalasi.mp3,102,10
8c4c0ca62885243572817cbe8c27e5a2,hindi,real,real,Raag Bhimpalasi.mp3,103,10
80fabf60f34646e62a83024cb9e749f9,hindi,real,real,Raag Bhimpalasi.mp3,104,10
fe660e6cb4b20fdbd97407033536bc56,hindi,real,real,Raag Bhimpalasi.mp3,105,10
a295d550e4d405b1f51ff478166a981d,hindi,real,real,Raag Bhimpalasi.mp3,106,10
5ace2d5a16ad1115e9f2fd30243421fe,hindi,real,real,Raag Bhimpalasi.mp3,107,10
bcc485da99b5b6af19f3fb432dcd7f4c,hindi,real,real,Raag Bhimpalasi.mp3,108,10
4841268054a6b90f4122ca96885cc010,hindi,real,real,Raag Bhimpalasi.mp3,109,10
feee62dd793701e6adde077b1422db73,hindi,real,real,Raag Bhimpalasi.mp3,110,10
d26559818f493edd67142846b5706da6,hindi,real,real,Raag Bhimpalasi.mp3,111,10
15c66c814e517fc54d45f2b7b5a944d6,hindi,real,real,Raag Bhimpalasi.mp3,112,10
ba0925c192b1e7b458ef0f6a06160202,hindi,real,real,Raag Bhimpalasi.mp3,113,10
1e900f6b3b79356ca6b698cbb9be83c2,hindi,real,real,Raag Bhimpalasi.mp3,114,10
820731b929f71673099d9e0fe9ae3708,hindi,real,real,Raag Bhimpalasi.mp3,115,10
497971edcba46b563dbe02c562d776fc,hindi,real,real,Raag Bhimpalasi.mp3,116,10
c0cea9875692123102f1c7460e4b7f20,hindi,real,real,Raag Bhimpalasi.mp3,117,10
b40ee23aa7d5523712c7395db5c84dc1,hindi,real,real,Raag Bhimpalasi.mp3,118,10
9ee6ac8135f79c9d12a3a54e9ab6e22b,hindi,real,real,Raag Bhimpalasi.mp3,119,10
f3064855b73e0d0de6b10efb8c48a4a8,hindi,real,real,Raag Bhimpalasi.mp3,120,10
f886bf5f98c6a2de9c903a0ff64e2b10,hindi,real,real,Raag Bhimpalasi.mp3,121,10
e20bd900eeff41fbe3f6ee39dd2d53b3,hindi,real,real,Raag Bhimpalasi.mp3,122,10
e60d0d670f729b60bbebdd52dffa978c,hindi,real,real,Raag Bhimpalasi.mp3,123,10
51a47b2acff4d1d13726026d6816ccc5,hindi,real,real,Raag Bhimpalasi.mp3,124,10
76e65d7676e33d304d944d00923b00cd,hindi,real,real,Raag Bhimpalasi.mp3,125,10
eb891d0ff7cd8c187abf19a0c09fab90,hindi,real,real,Raag Bhimpalasi.mp3,126,10
a7d48091921c73c33713abca8cfe9556,hindi,real,real,Raag Bhimpalasi.mp3,127,10
78e07b556cff67d1cd0f88ff8ed3d606,hindi,real,real,Raag Bhimpalasi.mp3,128,10
57f31c1360c031b6fcdebdeef92f61b1,hindi,real,real,Raag Bhimpalasi.mp3,129,10
d2ce7b5f4f864123377c7840463f929b,hindi,real,real,Raag Bhimpalasi.mp3,130,10
a5a439f4181ed02bb3072e777eba1326,hindi,real,real,Raag Bhimpalasi.mp3,131,10
8e286a1c78900409ffc270f9a60e0471,hindi,real,real,Raag Bhimpalasi.mp3,132,10
e7f670007104ec7a8601a87657d21b23,hindi,real,real,Raag Bhimpalasi.mp3,133,10
29aa73e2d92472368592395ed3aaf996,hindi,real,real,Raag Bhimpalasi.mp3,134,10
2b72c2594d60de1b8add319e0cca2626,hindi,real,real,Raag Bhimpalasi.mp3,135,10
73fbf7f1b936bca75d5c8fb5f23d9432,hindi,real,real,Raag Bhimpalasi.mp3,136,10
7c0f18940b56f7fc0f3147cac4cb825f,hindi,real,real,Raag Bhimpalasi.mp3,137,10
b79d31a5c22fac5dd1588e82182d732f,hindi,real,real,Raag Bhimpalasi.mp3,138,10
115f550c5a84bdb9d77078c67217e856,hindi,real,real,Raag Bhimpalasi.mp3,139,10
9795558af9b33f565d70a51aed4eaff9,hindi,real,real,Raag Bhimpalasi.mp3,140,10
f1f0fa8fd41e1eede06a14927286cb3f,hindi,real,real,Raag Bhimpalasi.mp3,141,10
80b5b265c54e15ae4fd9f7d0fe174c9e,hindi,real,real,Raag Bhimpalasi.mp3,142,10
b9ab003e1ceff3b6e6ae66c9660a57d2,hindi,real,real,Raag Bhimpalasi.mp3,143,10
2f647999370b4332f54d5500f476a385,hindi,real,real,Raag Bhimpalasi.mp3,144,10
be9804989fe553172064571565ff2eb8,hindi,real,real,Raag Bhimpalasi.mp3,145,10
6ccfb8ef255e5a645c570e557f395386,hindi,real,real,Raag Bhimpalasi.mp3,146,10
a70a0278d71fab9b1f519d699ee163e0,hindi,real,real,Raag Bhimpalasi.mp3,147,10
9e3e1b3e85d788edc9be189e8762ac39,hindi,real,real,Raag Bhimpalasi.mp3,148,10
d857b1f44ac8d1568f79d9dc89595848,hindi,real,real,Raag Bhimpalasi.mp3,149,10
583bc2082e6161e64a4ab74622c62842,hindi,real,real,Raag Bhimpalasi.mp3,150,10
7acb60d7c3ed3e940a42b51205addc84,hindi,real,real,Raag Bhimpalasi.mp3,151,10
643646b3742f8cb918ae36524083c2c8,hindi,real,real,Raag Bhimpalasi.mp3,152,10
9a5b52a2670e31526235a80a3250b8ad,hindi,real,real,Raag Bhimpalasi.mp3,153,10
1d2d88b8b03944577724a22b81902e0f,hindi,real,real,Raag Bhimpalasi.mp3,154,10
a4e0a3b437ea806d590aa66e7fce918f,hindi,real,real,Raag Bhimpalasi.mp3,155,10
0afb466d112862436ea8b1b1fd577c27,hindi,real,real,Raag Bhimpalasi.mp3,156,10
d948cf357f1134785a7704449bfef4cc,hindi,real,real,Raag Bhimpalasi.mp3,157,10
d5ca9214aee6be562dbda98526d9b169,hindi,real,real,Raag Bhimpalasi.mp3,158,10
983d4863ea037ad208c8bc57a9391843,hindi,real,real,Raag Bhimpalasi.mp3,159,10
4eae8524b0d7f715c2cd38092612fe59,hindi,real,real,Raag Bhimpalasi.mp3,160,10
77b9cff2129295d183a18c8126a9c4f1,hindi,real,real,Raag Bhimpalasi.mp3,161,10
cfe120cfe6468f3e3361579003a1a171,hindi,real,real,Raag Bhimpalasi.mp3,162,10
51696bc21fe052bd96771b3b91d36cb9,hindi,real,real,Raag Bhimpalasi.mp3,163,10
978a9214e8caad2bf8bba1341c225fa1,hindi,real,real,Raag Bhimpalasi.mp3,164,10
087462beaa10077d83cf3d008e79dd32,hindi,real,real,Raag Bhimpalasi.mp3,165,10
4249b7e984b9b400d8d164fe6f21ea00,hindi,real,real,Raag Bhimpalasi.mp3,166,10
1926a3516e6d2cd638c2ca5acc071ff6,hindi,real,real,Raag Bhimpalasi.mp3,167,10
5de58e800376361130769b87513d6268,hindi,real,real,Raag Bhimpalasi.mp3,168,10
3222c6b649ed4dccab4cde2b19900ae9,hindi,real,real,Raag Bhimpalasi.mp3,169,10
8ed2c7fd8a03bb74409a103902cfcea1,hindi,real,real,Raag Bhimpalasi.mp3,170,10
17de5414b066279e21b6aea663ac4c7a,hindi,real,real,Raag Bhimpalasi.mp3,171,10
0384675d13e2c8b98ec1d439de576e0e,hindi,real,real,Raag Bhimpalasi.mp3,172,10
938e0a11e54bf08faed772ddaf289596,hindi,real,real,Raag Bhimpalasi.mp3,173,10
d382b7225976f5c07be6aa30a8572173,hindi,real,real,Raag Bhimpalasi.mp3,174,10
f124ef2396d887fe989980cf52799629,hindi,real,real,Raag Bhimpalasi.mp3,175,10
65bbaff50a4b05888d8fb1ddbe3eed09,hindi,real,real,Raag Bhimpalasi.mp3,176,10
31676e94a44f2207b70f154ac4d12ebf,hindi,real,real,Raag Bhimpalasi.mp3,177,10
0477dd5232b813e4e30bbdfa67550eac,hindi,real,real,Raag Bhimpalasi.mp3,178,10
b6e9940e62385fe619629eed35224be7,hindi,real,real,Raag Bhimpalasi.mp3,179,10
a2ddf2b53bbb4bb4b2d7b89b71bffd71,hindi,real,real,Raag Bhimpalasi.mp3,180,10
5502ea0676ff1bcd5e7319fa3fc73b60,hindi,real,real,Raag Bhimpalasi.mp3,181,10
391044b484fb2c8fb8a5672cc3e6d024,hindi,real,real,Raag Bhimpalasi.mp3,182,10
8bf4b59d67cfb6440249b941a5fe860e,hindi,real,real,Raag Bhimpalasi.mp3,183,10
793bd59b4aa43dd0a3befb8851d5a7c1,hindi,real,real,Raag Bhimpalasi.mp3,184,10
933123d63677cea1d5e3487320329bcd,hindi,real,real,Raag Bhimpalasi.mp3,185,10
6c1d2149d61fa1d5df7df9a2c3cf751b,hindi,real,real,Raag Bhimpalasi.mp3,186,10
35faacb2f692271b8c3c1e6cb4503b18,hindi,real,real,Raag Bhimpalasi.mp3,187,10
ac3f5a56b992755daf6b417e4e0041cb,hindi,real,real,Raag Bhimpalasi.mp3,188,10
de4733cd2dd19979b387f4344ab5078d,hindi,real,real,Raag Bhimpalasi.mp3,189,10
ec45ba5ed501f551c32c71f150e83a7b,hindi,real,real,Raag Bhimpalasi.mp3,190,10
67166f2f04bde8de9d9a79dd8ca6062b,hindi,real,real,Raag Bhimpalasi.mp3,191,10
4f5f88aa3184bc16f70ab809ac8d9eee,hindi,real,real,Raag Bhimpalasi.mp3,192,10
708921e391fff40c49d58d36e93326f6,hindi,real,real,Raag Bhimpalasi.mp3,193,10
b11bb7ade7f56e587d3852a471fc809c,hindi,real,real,Raag Bhimpalasi.mp3,194,10
e65290a9d6c026f5a53db8660d66dd81,hindi,real,real,Raag Bhimpalasi.mp3,195,10
a759efe1390983b2c43d54e47d33fdef,hindi,real,real,Raag Bhimpalasi.mp3,196,10
2069eaa32c7d8e42ae4e42323bfb4a2a,hindi,real,real,Raag Bhimpalasi.mp3,197,10
b99822909e699b5880d7841fc21bd182,hindi,real,real,Raag Bhimpalasi.mp3,198,10
d3157e371fb9486d6d7cda1e514d801f,hindi,real,real,Raag Bhimpalasi.mp3,199,10
71cf85aa7ddde2bf93a07dcb3128831b,hindi,real,real,Raag Bhimpalasi.mp3,200,10
714c712c97b3a97f5ffe75cd047e0abb,hindi,real,real,Raag Bhimpalasi.mp3,201,10
2e7df46ce6346127ec29e1cdc0c89897,hindi,real,real,Raag Bhimpalasi.mp3,202,10
901d4705a2bd9a807756cf5866374094,hindi,real,real,Raag Bhimpalasi.mp3,203,10
4cd567690edaffc748782116d25debc7,hindi,real,real,Raag Bhimpalasi.mp3,204,10
dd87c14af52e4a86424422590609cc06,hindi,real,real,Raag Bhimpalasi.mp3,205,10
8014dcd5baa100d2efbbe5b588121260,hindi,real,real,Raag Bhimpalasi.mp3,206,10
f23a2af692813eb0466c9c5ca6f4ffa3,hindi,real,real,Raag Bhimpalasi.mp3,207,10
d855431bd8632e8bb48a5967a0c2c551,hindi,real,real,Raag Bhimpalasi.mp3,208,10
4a8de7fdc943dae73755a1f08552f39f,hindi,real,real,Raag Bhimpalasi.mp3,209,10
9b34f675f5bde9ff5d648773acf11061,hindi,real,real,Raag Bhimpalasi.mp3,210,10
d032475ebe03aa912b5b33d1293922fc,hindi,real,real,Raag Bhimpalasi.mp3,211,10
864251473dd118f572b4121d4b1e5789,hindi,real,real,Raag Bhimpalasi.mp3,212,10
82ad9628b79c58a6d10fea74dddb4d3f,hindi,real,real,Raag Bhimpalasi.mp3,213,10
a82c56bf57c117f0d569b2b19cf40127,hindi,real,real,Raag Bhimpalasi.mp3,214,10
4c0673e039a983dfd3a1d7052c212bcd,hindi,real,real,Raag Bhimpalasi.mp3,215,10
e87cc5f5efeb703f6ca93e0d2f7b2640,hindi,real,real,Raag Bhimpalasi.mp3,216,10
e18ce01bb9b70acbc39539137571c312,hindi,real,real,Raag Bhimpalasi.mp3,217,10
8b5f51e6581a827d857d280b2efcb566,hindi,real,real,Raag Bhimpalasi.mp3,218,10
00f0f9b008127d26a5f3b55b4445a76e,hindi,real,real,Raag Bhimpalasi.mp3,219,10
604fa2a13621a7351d41fa5527577250,hindi,real,real,Raag Bhimpalasi.mp3,220,10
b19a1abd3a1a4c21f27b1fd02b54ac7f,hindi,real,real,Raag Bhimpalasi.mp3,221,10
fa3d44bdd059ae3e1bf212a0b8313ca7,hindi,real,real,Raag Bhimpalasi.mp3,222,10
d6e4dd27e6c89ebaea250ef42a714724,hindi,real,real,Raag Bhimpalasi.mp3,223,10
933a90c8d81493a1beb3f37c82d942c9,hindi,real,real,Raag Bhimpalasi.mp3,224,10
d354a7610366c7f5db3363af8cef488f,hindi,real,real,Raag Bhimpalasi.mp3,225,10
75df1bd7dfa687c7886a43e459168276,hindi,real,real,Raag Bhimpalasi.mp3,226,10
1a988b889816525da9ab4d78b5f8ee8d,hindi,real,real,Raag Bhimpalasi.mp3,227,10
3be59b982f804516c243984163e1d79a,hindi,real,real,Raag Bhimpalasi.mp3,228,10
ef72ad5c047f04c5e094aa5773b68f19,hindi,real,real,Raag Bhimpalasi.mp3,229,10
fab4e98a9226e1c3e045d1169aadb5be,hindi,real,real,Raag Bhimpalasi.mp3,230,10
1d000d2ab7a556cc8d232d14c07f3ffc,hindi,real,real,Raag Bhimpalasi.mp3,231,10
4b2f9c2dcde5cfaa464c11dbb330e4bb,hindi,real,real,Raag Bhimpalasi.mp3,232,10
6d3e01881e06424ec7cbe48e606206ad,hindi,real,real,Raag Bhimpalasi.mp3,233,10
f27e15a7421108099e4e0d9a92c9b618,hindi,real,real,Raag Bhimpalasi.mp3,234,10
1da5ac5811cb42992f39210c2ef56193,hindi,real,real,Raag Bhimpalasi.mp3,235,10
2a7227f25c8ad3301d299fb2beed712c,hindi,real,real,Raag Bhimpalasi.mp3,236,10
57cea91deb3c506bcaed808c0dc5e34a,hindi,real,real,Raag Bhimpalasi.mp3,237,10
6c33cf2b43fb0206a42a427173a8ec57,hindi,real,real,Raag Bhimpalasi.mp3,238,10
a32b0366aed5401d932dd707a9c80540,hindi,real,real,Raag Bhimpalasi.mp3,239,10
21c5a0757bdea5fb20b0e5ad520dd4f9,hindi,real,real,Raag Bhimpalasi.mp3,240,10
1fa07b09df0ab75343c79968bed7943c,hindi,real,real,Raag Bhimpalasi.mp3,241,10
e674aa6671c1d907561607e0ae471943,hindi,real,real,Raag Bhimpalasi.mp3,242,10
ac46913c95f2f7f338d2127221b54fcc,hindi,real,real,Raag Bhimpalasi.mp3,243,10
b846046e68ca6aae6ace41f84706c85e,hindi,real,real,Raag Bhimpalasi.mp3,244,10
ceb56061d42b4533178424d9668f50f4,hindi,real,real,Raag Bhimpalasi.mp3,245,10
390d3eab41b1c79d07b18a197640cd3e,hindi,real,real,Raag Bhimpalasi.mp3,246,10
0a388bed4ff9e4f6c908282c02574f2e,hindi,real,real,Raag Bhimpalasi.mp3,247,10
fce6da143bfb06fed65b18abfbd51eec,hindi,real,real,Raag Bhimpalasi.mp3,248,10
8533dcd5b45e8f3ec35b42d46f4b5689,hindi,real,real,Raag Bhimpalasi.mp3,249,10
df6764bd74b21a085be43068c99e0571,hindi,real,real,Raag Bhimpalasi.mp3,250,10
09b0cfb86e072a3ea779133549beefc8,hindi,real,real,Raag Bhimpalasi.mp3,251,10
192e2ea8c1701b7394adf69bffa70eea,hindi,real,real,Raag Bhimpalasi.mp3,252,10
3d1eef7904bc6748a234837983e6db06,hindi,real,real,Raag Bhimpalasi.mp3,253,10
32fc0288a16314ed378754a96fdf7c20,hindi,real,real,Raag Bhimpalasi.mp3,254,10
b226871099fbe0b7f639b0565c9d0e5c,hindi,real,real,Raag Bhimpalasi.mp3,255,10
b150119f22492cd3cd8af3aa8752dbdf,hindi,real,real,Raag Bhimpalasi.mp3,256,10
5cf02e6ca8aed8d91a33531d98014be8,hindi,real,real,Raag Bhimpalasi.mp3,257,10
4cbb62945a474678f52c4157268dc6dc,hindi,real,real,Raag Bhimpalasi.mp3,258,10
e263411335fae2161ca4af9463e579ad,hindi,real,real,Raag Bhimpalasi.mp3,259,10
e622d4f7127dff914b9a4cf11e137d78,hindi,real,real,Raag Bhimpalasi.mp3,260,10
19d47767e6e5acac099907a4da5ad40f,hindi,real,real,Raag Bhimpalasi.mp3,261,10
e1e2ddeaae43d8bb543e302304fa3a9a,hindi,real,real,Raag Bhimpalasi.mp3,262,10
be949e491690a71182dcb12af03dcd0b,hindi,real,real,Raag Bhimpalasi.mp3,263,10
0e2323af894c7e7eb835afbf4df110c2,hindi,real,real,Raag Bhimpalasi.mp3,264,10
45a4bb2063275e1fc4628bbfb7115505,hindi,real,real,Raag Bhimpalasi.mp3,265,10
4ee7209f61c11d8e730c7c49b8a2f829,hindi,real,real,Raag Bhimpalasi.mp3,266,10
2fd4a19df4b550582c7306b3a0b26085,hindi,real,real,Raag Bhimpalasi.mp3,267,10
2f8b0b9945cbc68bb086bbcfb1b7c910,hindi,real,real,Raag Bhimpalasi.mp3,268,10
2cedc90a0b80abb4b49438aa11185197,hindi,real,real,Raag Bhimpalasi.mp3,269,10
4b2e70a0e3910ce6988af0759f496d87,hindi,real,real,Raag Bhimpalasi.mp3,270,10
60a05ddad7949d9f0ca6ed6ffa9baef0,hindi,real,real,Raag Bhimpalasi.mp3,271,10
6d7b22081c8709bf7224ca31aef13280,hindi,real,real,Raag Bhimpalasi.mp3,272,10
40a6dbf2d70ae6c465289392c26f83a1,hindi,real,real,Raag Bhimpalasi.mp3,273,10
813b9d7026a68779bddcbbc7858d4b0e,hindi,real,real,Raag Bhimpalasi.mp3,274,10
aca7d68df7454d2506a9697896a55aa0,hindi,real,real,Raag Bhimpalasi.mp3,275,10
60e8f409d3622d59f655114736ee99f1,hindi,real,real,Raag Bhimpalasi.mp3,276,10
821922933f8e4d2f708dfc4060b1c34b,hindi,real,real,Raag Bhimpalasi.mp3,277,10
3fe3a9a78499a2975a9d0cca26de7ea3,hindi,real,real,Raag Bhimpalasi.mp3,278,10
4cf05e5ea214598d84ef7299646ba142,hindi,real,real,Raag Bhimpalasi.mp3,279,10
eb3c463ecf813e127f256502aa951a25,hindi,real,real,Raag Bhimpalasi.mp3,280,10
762d1fa0d59b9eed257254a63d263d64,hindi,real,real,Raag Bhimpalasi.mp3,281,10
59fdf11fd7f60813a21a9daf15534950,hindi,real,real,Raag Bhimpalasi.mp3,282,10
584eb3e5ec81c7892700dd558ce93b17,hindi,real,real,Raag Bhimpalasi.mp3,283,10
ecddafad64603977a949f597211e6473,hindi,real,real,Raag Bhimpalasi.mp3,284,10
4e68e99cdf6b2440172b76f84346fd44,hindi,real,real,Raag Bhimpalasi.mp3,285,10
e9c37a0f69d3509e80458f4a848031b4,hindi,real,real,Raag Bhimpalasi.mp3,286,10
261bdb7e0b23fce43edb7da233071c80,hindi,real,real,Raag Bhimpalasi.mp3,287,10
f4997ecde392470b6457ef547e35f67d,hindi,real,real,Raag Bhimpalasi.mp3,288,10
fae8625c7ceb62234a7ecf4be82993f2,hindi,real,real,Raag Bhimpalasi.mp3,289,10
0f72a6cb92b49e9f7f498c6fb830f732,hindi,real,real,Raag Bhimpalasi.mp3,290,10
521d94cc2e3cec3e1bbc00dbb29d5437,hindi,real,real,Raag Bhimpalasi.mp3,291,10
5c4b8c4b6432d19e937fedc8a074259c,hindi,real,real,Raag Bhimpalasi.mp3,292,10
4446109c8ad6f5f44671468d689c618e,hindi,real,real,Raag Bhimpalasi.mp3,293,10
5f8da029f4cd45586208c02d5f106cb8,hindi,real,real,Raag Bhimpalasi.mp3,294,10
2c263b74adfbc74f8685994d619bf24e,hindi,real,real,Raag Bhimpalasi.mp3,295,10
e80593816144999c4121b00cee8629b3,hindi,real,real,Raag Bhimpalasi.mp3,296,10
16bcfdd9eea54c65b2fde290e6a7dd71,hindi,real,real,Raag Bhimpalasi.mp3,297,10
53a78d0c2511d13a84bec5fdf3fefe8d,hindi,real,real,Raag Bhimpalasi.mp3,298,10
5c0fa2e130c64477f905e1e24746cb84,hindi,real,real,Raag Bhimpalasi.mp3,299,10
77053828528df1e54f06c0c2a3cd9abe,hindi,real,real,Raag Bhimpalasi.mp3,300,10
93bd88eb9acf27436b0be1292a18df0c,hindi,real,real,Raag Bhimpalasi.mp3,301,10
254dfc71c07b762d4e373c10bd11d33d,hindi,real,real,Raag Bhimpalasi.mp3,302,10
f49057e3174b95550a4eaeb3c48ee6fd,hindi,real,real,Raag Bhimpalasi.mp3,303,10
4fb248e9975f58e8523118ccf1d50989,hindi,real,real,Raag Bhimpalasi.mp3,304,10
1b19ea1be66646082618ee99f0cda266,hindi,real,real,Raag Bhimpalasi.mp3,305,10
83fd4cd5ea177609a6c697c8ef20e1d6,hindi,real,real,Raag Bhimpalasi.mp3,306,10
f8526b733e6988da83a4b69a6acc826a,hindi,real,real,Raag Bhimpalasi.mp3,307,10
5cd2041b58c47e447cee3459f9ba0cae,hindi,real,real,Raag Bhimpalasi.mp3,308,10
bd094dbe7f78c563bfd2402f15173712,hindi,real,real,Raag Bhimpalasi.mp3,309,10
73f79c49b1c88953f935ff3f300b74e3,hindi,real,real,Raag Bhimpalasi.mp3,310,10
6cf883eda7dc1dbfa3cef445c547d351,hindi,real,real,Raag Bhimpalasi.mp3,311,10
ff1617e363ae62941e03c5599f50b4a1,hindi,real,real,Raag Bhimpalasi.mp3,312,10
727453f55b94dce242a535df6ae26ad5,hindi,real,real,Raag Bhimpalasi.mp3,313,10
0eb79282964a39c5b6c84b430d0923d6,hindi,real,real,Raag Bhimpalasi.mp3,314,10
c03391926780f29bf865785e62d5528f,hindi,real,real,Raga Bageshri.mp3,0,10
a3e70dace3556663812771a100293a0f,hindi,real,real,Raga Bageshri.mp3,1,10
3edca9dece720c71dea01de6b70470c7,hindi,real,real,Raga Bageshri.mp3,2,10
6d980cc76b3f7df497eefc0511c22b55,hindi,real,real,Raga Bageshri.mp3,3,10
c3503f4d843096cc4b6476269c200293,hindi,real,real,Raga Bageshri.mp3,4,10
0294582379e2cd5540a86ccd3335ecaf,hindi,real,real,Raga Bageshri.mp3,5,10
01dcfc88798a121a9d8c5b8c8be55108,hindi,real,real,Raga Bageshri.mp3,6,10
a0be9643a3793cac69446e5679d6c2cc,hindi,real,real,Raga Bageshri.mp3,7,10
9a34d7a985e762cdfd635e5c0fbb8d84,hindi,real,real,Raga Bageshri.mp3,8,10
94449fe686dab50ffef8a2e9c4675a6b,hindi,real,real,Raga Bageshri.mp3,9,10
88fe02ba9e034637f463294060ad09f9,hindi,real,real,Raga Bageshri.mp3,10,10
3c3186bf512cd31cee594ee3a2c37e33,hindi,real,real,Raga Bageshri.mp3,11,10
58ddae13c2d156e3136b7b8c50f3a834,hindi,real,real,Raga Bageshri.mp3,12,10
612ad8f3acfa08f7dbf7e4a92320ab6e,hindi,real,real,Raga Bageshri.mp3,13,10
965144c52011493ed23841c87be02693,hindi,real,real,Raga Bageshri.mp3,14,10
93492880590d948bdc911f36ec5b7654,hindi,real,real,Raga Bageshri.mp3,15,10
73b92813c1d2d7ffefcdb20e9bec8cde,hindi,real,real,Raga Bageshri.mp3,16,10
a94f4e10b9c4abbdfb9e0feac8dc52c4,hindi,real,real,Raga Bageshri.mp3,17,10
3a20f425046fb1720b917d154febfe1c,hindi,real,real,Raga Bageshri.mp3,18,10
e7605b8a6f5b4025a4ecc836507d48ac,hindi,real,real,Raga Bageshri.mp3,19,10
c0515d458527fdd61788f069fa3f3767,hindi,real,real,Raga Bageshri.mp3,20,10
9bfc316b605e856fd3c3aeb0a265cc34,hindi,real,real,Raga Bageshri.mp3,21,10
1b9b954e27497cd07d02b0b6176d91e4,hindi,real,real,Raga Bageshri.mp3,22,10
a58d47039fb4043fe17aedbb2b432bbc,hindi,real,real,Raga Bageshri.mp3,23,10
3d9f9f5da59495080b6e8c874b3d8c72,hindi,real,real,Raga Bageshri.mp3,24,10
473f66381a1d241111622b8410c73559,hindi,real,real,Raga Bageshri.mp3,25,10
0907bd923933213043ee38737a4511d6,hindi,real,real,Raga Bageshri.mp3,26,10
8f940801c92c9d2addc3eb0ec3c7ff62,hindi,real,real,Raga Bageshri.mp3,27,10
3d20b79fadf794d4793dc2f5149dcb2f,hindi,real,real,Raga Bageshri.mp3,28,10
9f185c950839ef21a35a62d20c3d12de,hindi,real,real,Raga Bageshri.mp3,29,10
9ffcf9298bf4b33980aaab393b1d20bf,hindi,real,real,Raga Bageshri.mp3,30,10
18fb29451a1d679f7f36e20c8d534f2c,hindi,real,real,Raga Bageshri.mp3,31,10
5d07ddc0f0c7fb3ade75c42fc9a8f262,hindi,real,real,Raga Bageshri.mp3,32,10
1b332a43fbb652f59cdd1970bf28e175,hindi,real,real,Raga Bageshri.mp3,33,10
5398cc8ecfa5beddce9c2375b753a407,hindi,real,real,Raga Bageshri.mp3,34,10
f7c993003504fdca0f277b299129c7aa,hindi,real,real,Raga Bageshri.mp3,35,10
47405a934ae12a5de8e724291d80cc85,hindi,real,real,Raga Bageshri.mp3,36,10
8066d0107f30e630c8582a76b3bef5a6,hindi,real,real,Raga Bageshri.mp3,37,10
8efac62f91e34746eef0a35837c055d5,hindi,real,real,Raga Bageshri.mp3,38,10
093860718019b4e0a6cbf1b2989a625a,hindi,real,real,Raga Bageshri.mp3,39,10
60a4a7c71419eca1a2c994a2b31c0d4f,hindi,real,real,Raga Bageshri.mp3,40,10
a01d140b04eb10bc3d40e60b9ea9d9ff,hindi,real,real,Raga Bageshri.mp3,41,10
e229366aa3a5fe155629c8c974142542,hindi,real,real,Raga Bageshri.mp3,42,10
d2232901a86b58949f3284159525d583,hindi,real,real,Raga Bageshri.mp3,43,10
a4b5a9a363f025f246c0ad7a588aa293,hindi,real,real,Raga Bageshri.mp3,44,10
1dd053e16204f2d90dc6acb7eb84452b,hindi,real,real,Raga Bageshri.mp3,45,10
659293e553aeae6cd049b21e05213cfe,hindi,real,real,Raga Bageshri.mp3,46,10
9fcf373390c58f963e85b48388c9d842,hindi,real,real,Raga Bageshri.mp3,47,10
466a08735323285a0b061adcba600710,hindi,real,real,Raga Bageshri.mp3,48,10
163e50a07dc01ef607900f11c9849621,hindi,real,real,Raga Bageshri.mp3,49,10
ed509aa7dd502769805299b789018466,hindi,real,real,Raga Bageshri.mp3,50,10
9f2b9d963601deedb613529997952cf2,hindi,real,real,Raga Bageshri.mp3,51,10
0b85225939d802fc4d69bee0c7e50917,hindi,real,real,Raga Bageshri.mp3,52,10
b9bc9a065659f878ad0a753cc22634f3,hindi,real,real,Raga Bageshri.mp3,53,10
3e391351b21577ca65ecba2904ccbf65,hindi,real,real,Raga Bageshri.mp3,54,10
13d1c103d4ccc9099ea8d6908a3bcd80,hindi,real,real,Raga Bageshri.mp3,55,10
ddb441c5f9c108644578329765d13ad8,hindi,real,real,Raga Bageshri.mp3,56,10
bf05e4af158c419e72ee27914c3a20ee,hindi,real,real,Raga Bageshri.mp3,57,10
eb0459fee3bbd31cc17117ad39bc6471,hindi,real,real,Raga Bageshri.mp3,58,10
edefaaf89dfa2a90c2f5c18251573273,hindi,real,real,Raga Bageshri.mp3,59,10
bfe449411680eccffdfdc6107fb0d5df,hindi,real,real,Raga Bageshri.mp3,60,10
db095347abec8cc68bfb939121a79f0e,hindi,real,real,Raga Bageshri.mp3,61,10
cf5e61d1e0e2046455255f726c2809f3,hindi,real,real,Raga Bageshri.mp3,62,10
7b249f35333e7912ddb3cf5cd73b43eb,hindi,real,real,Raga Bageshri.mp3,63,10
bff11b93d342efe249bda30a8519d12e,hindi,real,real,Raga Bageshri.mp3,64,10
eace0c39013476c6d1edff90d5ce96ac,hindi,real,real,Raga Bageshri.mp3,65,10
3b7001496036038a51a61b9a34ff9e8d,hindi,real,real,Raga Bageshri.mp3,66,10
0373c466ac11beaa949a740e39721563,hindi,real,real,Raga Bageshri.mp3,67,10
0abea20936ac0d34bcf40c22e079efba,hindi,real,real,Raga Bageshri.mp3,68,10
3dcd4fef1dafe362d60ceccbadc69bd7,hindi,real,real,Raga Bageshri.mp3,69,10
a7e2cd40a74affd4052a7f091ccb41eb,hindi,real,real,Raga Bageshri.mp3,70,10
1f5f5dee350eedef2455d7c4c37f9dff,hindi,real,real,Raga Bageshri.mp3,71,10
3fc9378af76ccd2fe32a930be25dc39e,hindi,real,real,Raga Bageshri.mp3,72,10
074689dd01bc335ebb6cf3f0286b6a63,hindi,real,real,Raga Bageshri.mp3,73,10
8d01192115db01c3264f2f5f8e626232,hindi,real,real,Raga Bageshri.mp3,74,10
bbe0640ed16842eddadce009b92da354,hindi,real,real,Raga Bageshri.mp3,75,10
e185e6ff1cb140b6ae4d1c015c5f921a,hindi,real,real,Raga Bageshri.mp3,76,10
2aed04c44e92e62cf366d41855464593,hindi,real,real,Raga Bageshri.mp3,77,10
757b3299cc0cc6c9515ef1689d20a8f2,hindi,real,real,Raga Bageshri.mp3,78,10
506295620493f1fca91f8402953a8715,hindi,real,real,Raga Bageshri.mp3,79,10
fc2571bb3c899eac6887625f3ce761bb,hindi,real,real,Raga Bageshri.mp3,80,10
c068926e62e29e9d56f1c09b0859ebfa,hindi,real,real,Raga Bageshri.mp3,81,10
0a28500068f9d87967eb5b3918b4bef3,hindi,real,real,Raga Bageshri.mp3,82,10
b7d1f2fde944907775c851c38947e690,hindi,real,real,Raga Bageshri.mp3,83,10
5ffde5a9a7f0381164457ceb5c9ba610,hindi,real,real,Raga Bageshri.mp3,84,10
be31587626036ce5bb64f942886aa50f,hindi,real,real,Raga Bageshri.mp3,85,10
2d24b1c79d7bcac10e578ccc80e86d26,hindi,real,real,Raga Bageshri.mp3,86,10
5f28a595acab475adff3872dba526894,hindi,real,real,Raga Bageshri.mp3,87,10
2fbb249becb1ec34aeadc573077d6de2,hindi,real,real,Raga Bageshri.mp3,88,10
ab64f8e8959450050934e4191bdbcc92,hindi,real,real,Raga Bageshri.mp3,89,10
c5707cd8068a4c40994d9faec2747337,hindi,real,real,Raga Bageshri.mp3,90,10
a1b080b3e8a2bbd7be87b1bacd593347,hindi,real,real,Raga Bageshri.mp3,91,10
667967161e8499494767b4f8f9e969b9,hindi,real,real,Raga Bageshri.mp3,92,10
c6965d8bade5a3ad80176e69d5ee80f5,hindi,real,real,Raga Bageshri.mp3,93,10
c2f4de17710e24c9b913cc4c5c94b13f,hindi,real,real,Raga Bageshri.mp3,94,10
665332faf9abb08c196ac22154722df2,hindi,real,real,Raga Bageshri.mp3,95,10
1fc95b2a457dea4937fcb338b568da5e,hindi,real,real,Raga Bageshri.mp3,96,10
5ef0b01801c1cfb8e7e7b0f9a05d80de,hindi,real,real,Raga Bageshri.mp3,97,10
1ade7c315cbdd2adf72769f3d9f54ff4,hindi,real,real,Raga Bageshri.mp3,98,10
d33129cb7b28c0a06182b4536dfb06d3,hindi,real,real,Raga Bageshri.mp3,99,10
66152bd2bd72fa7ef858b8a96af3aa71,hindi,real,real,Raga Bageshri.mp3,100,10
5beede558362d782d1ef7a5d3a293e92,hindi,real,real,Raga Bageshri.mp3,101,10
5e85b7a2bca2a85e6bb9cf11630f79ae,hindi,real,real,Raga Bageshri.mp3,102,10
0af023798e8fa10d519aa92213e37053,hindi,real,real,Raga Bageshri.mp3,103,10
0c6c3d946ab62f820800b809596f8a77,hindi,real,real,Raga Bageshri.mp3,104,10
4e7323868d524bc58bfd2a16385cd455,hindi,real,real,Raga Bageshri.mp3,105,10
64f7f46368e3041140242caecfc88c9c,hindi,real,real,Raga Bageshri.mp3,106,10
0610231e9dde3b76957da18d699102a1,hindi,real,real,Raga Bageshri.mp3,107,10
a919620283b5e833b2c275651912018c,hindi,real,real,Raga Bageshri.mp3,108,10
30db6d5d2909a30186ec7ec28b082bab,hindi,real,real,Raga Bageshri.mp3,109,10
0e407565c155d159886866ddacc43867,hindi,real,real,Raga Bageshri.mp3,110,10
37fed349c5abcea6f622a32be5029092,hindi,real,real,Raga Bageshri.mp3,111,10
03a114c7649613abd6f0bc7c52698867,hindi,real,real,Raga Bageshri.mp3,112,10
088959e5a0369a9eca1850efb6ab977c,hindi,real,real,Raga Bageshri.mp3,113,10
61d1deb70a6983fb01017ca22a926a5e,hindi,real,real,Raga Bageshri.mp3,114,10
aad85e4f21868d41153cfaa57f61cccb,hindi,real,real,Raga Bageshri.mp3,115,10
244d8f64266edecf21ae6993eeeb10f8,hindi,real,real,Raga Bageshri.mp3,116,10
14a82fdfcacf3106abbf5fec9b38c02c,hindi,real,real,Raga Bageshri.mp3,117,10
5f573693e01b7574004f58e776558b44,hindi,real,real,Raga Bageshri.mp3,118,10
50846f963073077687fdf2fa23e441b2,hindi,real,real,Raga Bageshri.mp3,119,10
14434d9aa4dcca115b593156262d446e,hindi,real,real,Raga Bageshri.mp3,120,10
5faa3b9ab6f21fe981471d6585a813b1,hindi,real,real,Raga Bageshri.mp3,121,10
17ed4caf8761bc06150e4eee7fb93320,hindi,real,real,Raga Bageshri.mp3,122,10
d7ae2c429ddc0826951c57914bed9a96,hindi,real,real,Raga Bageshri.mp3,123,10
8ec111564c823ea8e56d9203273da3da,hindi,real,real,Raga Bageshri.mp3,124,10
4cbde28c5d0e9403e2bac60f5fb85208,hindi,real,real,Raga Bageshri.mp3,125,10
de08b39fafa54428b28c5fce102c7f11,hindi,real,real,Raga Bageshri.mp3,126,10
d9ea0776f081c7fada6fc82f4c0ba3ad,hindi,real,real,Raga Bageshri.mp3,127,10
36002fd346e0579d2c80465cb40418b4,hindi,real,real,Raga Bageshri.mp3,128,10
436ce108a5392802c89981405b120394,hindi,real,real,Raga Bageshri.mp3,129,10
7230ce205c44746a28a7d60facfa4f1a,hindi,real,real,Raga Bageshri.mp3,130,10
6a7abf6f578e730a5c1f34127d4a2bb5,hindi,real,real,Raga Bageshri.mp3,131,10
d9d7e6f96fbfeceb2ecb7d802b6c32ab,hindi,real,real,Raga Bageshri.mp3,132,10
d92dc6a3ff9b0a758bcbe483b1d237c9,hindi,real,real,Raga Bageshri.mp3,133,10
37b856ce20e4534ecc84763fe3c0e1be,hindi,real,real,Raga Bageshri.mp3,134,10
46d735398f732ff83b547a0254563468,hindi,real,real,Raga Bageshri.mp3,135,10
45f03c1cb6e0261e8a887bad39e2cb0b,hindi,real,real,Raga Bageshri.mp3,136,10
8aa9966f311186284842e02eb67e72af,hindi,real,real,Raga Bageshri.mp3,137,10
d129f94911284351c78e55ce50dacf64,hindi,real,real,Raga Bageshri.mp3,138,10
114b7cb1ff92fdc700cf9a5382a6534d,hindi,real,real,Raga Bageshri.mp3,139,10
ed9a97a0fff3c8244c71fe9af827bdd5,hindi,real,real,Raga Bageshri.mp3,140,10
4e66e7987aaac4907a29aecf3a230437,hindi,real,real,Raga Bageshri.mp3,141,10
3cef71b148cac3604f579697104646d1,hindi,real,real,Raga Bageshri.mp3,142,10
f1350cfb7d77af4c83ff9d414fd5d20c,hindi,real,real,Raga Bageshri.mp3,143,10
72598b47c12834179793710c6bd08080,hindi,real,real,Raga Bageshri.mp3,144,10
97e6eae39a09b653a6486d0abca9f517,hindi,real,real,Raga Bageshri.mp3,145,10
9c9b01b5dd7dcf353aab4791634d4e5e,hindi,real,real,Raga Bageshri.mp3,146,10
976c219fdc5a2346e8ebc68d6f37f8c1,hindi,real,real,Raga Bageshri.mp3,147,10
0a65cb0a541192c0478539eba8f84234,hindi,real,real,Raga Bageshri.mp3,148,10
df8d3b99d210461c4c29e69304b0ee13,hindi,real,real,Raga Bageshri.mp3,149,10
1fe55210aebbded0ad890c01312089ca,hindi,real,real,Raga Bageshri.mp3,150,10
a7800a778a687369af3d03a8f5d28be8,hindi,real,real,Raga Bageshri.mp3,151,10
55d0398048efe987af6d66d2d1019ee6,hindi,real,real,Raga Bageshri.mp3,152,10
c9ca44b408e8d3c67b74fafc0a625457,hindi,real,real,Raga Bageshri.mp3,153,10
edcd2ad1cc3fec86622c3372c310ac49,hindi,real,real,Raga Bageshri.mp3,154,10
e36fc5bdd8bc8c7082b20882756d657a,hindi,real,real,Raga Bageshri.mp3,155,10
0b8ffdf10ea9477c4a361b3a46a4d5a6,hindi,real,real,Raga Bageshri.mp3,156,10
5f332b3dd43b141e8d2f8c0a6d489610,hindi,real,real,Raga Bageshri.mp3,157,10
3d1f4ddfeb3a786ea924fe078937428a,hindi,real,real,Raga Bageshri.mp3,158,10
1f7663b20ebeb001753adaad368c79a3,hindi,real,real,Raga Bageshri.mp3,159,10
757f5b6aee9207566235f979595838bf,hindi,real,real,Raga Bageshri.mp3,160,10
a27194d05bfbee31dfc9f73939766800,hindi,real,real,Raga Bageshri.mp3,161,10
d1fca372f0e98324b04d56a5a2c8b939,hindi,real,real,Raga Bageshri.mp3,162,10
da225c3ba502fc43f3a8b76b0cd0c706,hindi,real,real,Raga Bageshri.mp3,163,10
8a355fcf8d6d1fe069496088ad942e22,hindi,real,real,Raga Bageshri.mp3,164,10
5adad34f4556c48cb1042524c24d9ffe,hindi,real,real,Raga Bageshri.mp3,165,10
2277b75154038646f9c7fe4f5a27319a,hindi,real,real,Raga Bageshri.mp3,166,10
434eea3917ea82debde1cfd63bb5b86f,hindi,real,real,Raga Bageshri.mp3,167,10
8f64a3985333fb6481f72d840b9b4aa5,hindi,real,real,Raga Bageshri.mp3,168,10
a8cd07e3674f43f04a5d23cdefcfe6df,hindi,real,real,Raga Bageshri.mp3,169,10
722f287cca7dea09c1e3f226ac92bfd2,hindi,real,real,Raga Bageshri.mp3,170,10
b67618bd447a40e5d0c9e7b054fc5710,hindi,real,real,Raga Bageshri.mp3,171,10
878dfd3be0a51905c07cb01ad8d23a4e,hindi,real,real,Raga Bageshri.mp3,172,10
76b195c518ba7e0fb399404dee772bb4,hindi,real,real,Raga Bageshri.mp3,173,10
862cc7951db8fd6a94f7bda8853b106f,hindi,real,real,Raga Bageshri.mp3,174,10
4e97ece25acdd0ed0b0f027c0981063f,hindi,real,real,Raga Bageshri.mp3,175,10
71b062fcc02d0a7dc264dd925db7625c,hindi,real,real,Raga Bageshri.mp3,176,10
f2486868c3cede7f6fd7935109ae42fc,hindi,real,real,Raga Bageshri.mp3,177,10
7934c504a84278a163449511558b41d2,hindi,real,real,Raga Bageshri.mp3,178,10
c32e335f661b75f60e18f3747e006d9d,hindi,real,real,Raga Bageshri.mp3,179,10
d496dbcb5154b0877565b0779cc96c33,hindi,real,real,Raga Bageshri.mp3,180,10
a736218d12ee71854db3128fa11cb954,hindi,real,real,Raga Bageshri.mp3,181,10
585effbc63e8d30a8977ccb42a4a442c,hindi,real,real,Raga Bageshri.mp3,182,10
eda6aebbc2949a509b1acdffd88fa063,hindi,real,real,Raga Bageshri.mp3,183,10
529f51cddba67d3774ed2c7bd0c87806,hindi,real,real,Raga Bageshri.mp3,184,10
9b000ff91739d46547cda792a95b9964,hindi,real,real,Raga Bageshri.mp3,185,10
b463c9f69fa22fd268d28f0e25eb3919,hindi,real,real,Raga Bageshri.mp3,186,10
23f0b0538dfdc86e00badfe8e402c505,hindi,real,real,Raga Bageshri.mp3,187,10
a95a72bf29dddc731a60775f256f3ca0,hindi,real,real,Raga Bageshri.mp3,188,10
9ad10f22c5c5bb7b0cf118ca5f5eb36d,hindi,real,real,Raga Bageshri.mp3,189,10
9b87e8e45c67cb1422129c8ab182ec84,hindi,real,real,Raga Bageshri.mp3,190,10
0d48975de050b993d4b9474c485b52c1,hindi,real,real,Raga Bageshri.mp3,191,10
563c2d192a02405b2154f969134636d7,hindi,real,real,Raga Bageshri.mp3,192,10
32a9a4c34c6ff7e1f3ed965aab0221c6,hindi,real,real,Raga Bageshri.mp3,193,10
588f78e025aa4c6be014b67d31c17cb7,hindi,real,real,Raga Bageshri.mp3,194,10
d46d8adcc733fabbe504e37b8803fe07,hindi,real,real,Raga Bageshri.mp3,195,10
2b4b31fc3b7ab0e5d825ea86f228cbcf,hindi,real,real,Raga Bageshri.mp3,196,10
b15430ec61466ae14c391330e4b603be,hindi,real,real,Raga Bageshri.mp3,197,10
b262b0043ed534a1733fb6b25ea51270,hindi,real,real,Raga Bageshri.mp3,198,10
c8fc7f13a9232139d810adc432c9031c,hindi,real,real,Raga Bageshri.mp3,199,10
4fed92bd61cb701144f7e6eb35411b34,hindi,real,real,Raga Bageshri.mp3,200,10
a027a8df400a0927dddf51f2090b0a63,hindi,real,real,Raga Bageshri.mp3,201,10
2f033f4d0fe4ff07328dbbc2c506e558,hindi,real,real,Raga Bageshri.mp3,202,10
ca16381135aac47d84e0d33d41279c5b,hindi,real,real,Raga Bageshri.mp3,203,10
4b894cbb96c8f54ad9ff2bfac882c87b,hindi,real,real,Raga Bageshri.mp3,204,10
7469caa6d5dceabeb554574b260a68f2,hindi,real,real,Raga Bageshri.mp3,205,10
03cb05e447074abfc668eb3593906aea,hindi,real,real,Raga Bageshri.mp3,206,10
bc8836d9ccdeae35d99e52b51889c05d,hindi,real,real,Raga Bageshri.mp3,207,10
2929113c286033c17d528ce3d07a9e83,hindi,real,real,Raga Bageshri.mp3,208,10
7b0454350ec8d15a7339fb9454d8da5b,hindi,real,real,Raga Bageshri.mp3,209,10
68b753e71e07fd763f8a35e8c3281c10,hindi,real,real,Raga Bageshri.mp3,210,10
c9b0b5d9fa1308c436e9b5de83740f32,hindi,real,real,Raga Bageshri.mp3,211,10
d2274fae20b0bbc590a6857df1963215,hindi,real,real,Raga Bageshri.mp3,212,10
fb8857a78fb8d3df628fbe848907b095,hindi,real,real,Raga Bageshri.mp3,213,10
8e308cf411290c3a4bf1d5f51ca3f750,hindi,real,real,Raga Bageshri.mp3,214,10
ce0f3cbf211b91490d9190ce7db046fe,hindi,real,real,Raga Bageshri.mp3,215,10
7553acd31f4dafb5a19efed2e87f7069,hindi,real,real,Raga Bageshri.mp3,216,10
6cb5b6ba42a26d3efbdb8b69fb01d441,hindi,real,real,Raga Bageshri.mp3,217,10
dccb781edb15cfece6749de3b65c3e08,hindi,real,real,Raga Bageshri.mp3,218,10
eab8f73b3ac970f080371b7bc9315df8,hindi,real,real,Raga Bageshri.mp3,219,10
cf9e2a8d4682f338e61cdd2ae1fc4f29,hindi,real,real,Raga Bageshri.mp3,220,10
05659fa92bb852e3700210231e8ad548,hindi,real,real,Raga Bageshri.mp3,221,10
cf66c669dd97df637a8072e991b11c47,hindi,real,real,Raga Bageshri.mp3,222,10
97025c20e5188c377bad0f12a26e80cc,hindi,real,real,Raga Bageshri.mp3,223,10
0767fe3b0f9eb786719778104e791bd3,hindi,real,real,Raga Bageshri.mp3,224,10
f5907d11d016ec7745186e68c118e814,hindi,real,real,Raga Bageshri.mp3,225,10
70af4a43bd8d168bc828ad7360dd5a9a,hindi,real,real,Raga Bageshri.mp3,226,10
bedabf638441334c78d905f4fee029de,hindi,real,real,Raga Bageshri.mp3,227,10
22145a3d24c5a68a30e02eb93eeea49f,hindi,real,real,Raga Bageshri.mp3,228,10
aab372dc2916b75a95a55ecc7c05cb99,hindi,real,real,Raga Bageshri.mp3,229,10
aac985e55a0c97c2f7d393b56146feb6,hindi,real,real,Raga Bageshri.mp3,230,10
c34807df7c894b97557bd15f60a2831d,hindi,real,real,Raga Bageshri.mp3,231,10
98c33cc31c171d7e05668ff9237aedb7,hindi,real,real,Raga Bageshri.mp3,232,10
f418b0b7f2a477155e63d90f0230cef7,hindi,real,real,Raga Bageshri.mp3,233,10
2f3c547e0815040352ea4323da60f544,hindi,real,real,Raga Bageshri.mp3,234,10
fbe607c5e56a06f21423d064c9057028,hindi,real,real,Raga Bageshri.mp3,235,10
376f1f4877557f5f2a2dc9088913d301,hindi,real,real,Raga Bageshri.mp3,236,10
f80a6fdf9e86403356d1071a825d527b,hindi,real,real,Raga Bageshri.mp3,237,10
6b02bcc778b13dfefdda2cb54a485062,hindi,real,real,Raga Bageshri.mp3,238,10
290e00da14ce742585c617a9f6f323fc,hindi,real,real,Raga Bageshri.mp3,239,10
4b2ff6fcd43558f256e8f058d67e6a8e,hindi,real,real,Raga Bageshri.mp3,240,10
e5d597940dc6ee1be96b89dd9709324e,hindi,real,real,Raga Bageshri.mp3,241,10
fefe34168995d8033d104b5a582e0746,hindi,real,real,Raga Bageshri.mp3,242,10
3f3e691a6c15808751ed25d027c1b14b,hindi,real,real,Raga Bageshri.mp3,243,10
bf76abeece7c00615d2b6139e1d2f3a1,hindi,real,real,Raga Bageshri.mp3,244,10
d75ebce3705e41151461516a6ef2343f,hindi,real,real,Raga Bageshri.mp3,245,10
25c6c5c9b49648bed559a0ad8ba8bc82,hindi,real,real,Raga Bageshri.mp3,246,10
147fc01a34636333e24b95f869830f04,hindi,real,real,Raga Bageshri.mp3,247,10
d729e8966274a992c9a6d8b63f5a975b,hindi,real,real,Raga Bageshri.mp3,248,10
17ab87e26c924cf35e4c8ddcc3b95f36,hindi,real,real,Raga Bageshri.mp3,249,10
14a305121818c9d39a246158d1deb184,hindi,real,real,Raga Bageshri.mp3,250,10
37df6060bc0e1f426a438e0f939b877c,hindi,real,real,Raga Bageshri.mp3,251,10
3e82d233a9714c2b684a7955801a04db,hindi,real,real,Raga Bageshri.mp3,252,10
29f0299374625ac3a0987104df659df3,hindi,real,real,Raga Bageshri.mp3,253,10
87ff90d5e7d031f84a39bad068ef6567,hindi,real,real,Raga Bageshri.mp3,254,10
2aba237ba72bb14349d80bc546bc49af,hindi,real,real,Raga Bageshri.mp3,255,10
703500da0042cdfbf20273264a8dbe66,hindi,real,real,Raga Bageshri.mp3,256,10
ecca640fc90f75158c972fdb3e7fb919,hindi,real,real,Raga Bageshri.mp3,257,10
64defbfff54114e772a87a47c120af38,hindi,real,real,Raga Bageshri.mp3,258,10
9dda2d02ddd5b40030ebb3d93edd3a48,hindi,real,real,Raga Bageshri.mp3,259,10
a24ef6f46a205cb2a5a6462a75322fca,hindi,real,real,Raga Bageshri.mp3,260,10
02ef7d10df6421164ad7c65c5b874463,hindi,real,real,Raga Bageshri.mp3,261,10
eac3ae79d7c0b463a8eb52f1a5ef24e6,hindi,real,real,Raga Bageshri.mp3,262,10
cbb0db363f6c9f53299133efdb0a561b,hindi,real,real,Raga Bageshri.mp3,263,10
1bbde17be9ef9d9a0863eac6f397ddfe,hindi,real,real,Raga Bageshri.mp3,264,10
6b12ed2b35aa120bd82bda665b4b02f5,hindi,real,real,Raga Bageshri.mp3,265,10
d56946ebe7a30b87ba00dbe58cc1c7c8,hindi,real,real,Raga Bageshri.mp3,266,10
a3fd6f51c1129586add62fe79cfca30d,hindi,real,real,Raga Bageshri.mp3,267,10
49fd5471aacd5168f556c9e9d2976db7,hindi,real,real,Raga Bageshri.mp3,268,10
9535f9c509004da71f875ee40a76e3ff,hindi,real,real,Ab Ke Sajan Sawan Mein.mp3,0,10
583d557375873375d26c3e346fef21c7,hindi,real,real,Ab Ke Sajan Sawan Mein.mp3,1,10
391f76950df6b0867e7171eb7f081c34,hindi,real,real,Ab Ke Sajan Sawan Mein.mp3,2,10
ba1a2015e42d84110d10866b5b4f475b,hindi,real,real,Ab Ke Sajan Sawan Mein.mp3,3,10
ee881f7d664f1ba1752626de34de3e28,hindi,real,real,Ab Ke Sajan Sawan Mein.mp3,4,10
c94b44820cf8ff91ae35471bce0f4f7b,hindi,real,real,Ab Ke Sajan Sawan Mein.mp3,5,10
4c74496cef3971566704abec1ec1a87e,hindi,real,real,Ab Ke Sajan Sawan Mein.mp3,6,10
a7646140c76e67da15a1a3b2585902a2,hindi,real,real,Ab Ke Sajan Sawan Mein.mp3,7,10
5f964ee32bee2f3ef3ae3cc5c87416d5,hindi,real,real,Ab Ke Sajan Sawan Mein.mp3,8,10
76b2a617db88d977846c0710f5e11b2e,hindi,real,real,Ab Ke Sajan Sawan Mein.mp3,9,10
7972b300ae8ef33d8d564b5e201c0331,hindi,real,real,Ab Ke Sajan Sawan Mein.mp3,10,10
385d32405dc0d48a17308c891faad7d5,hindi,real,real,Ab Ke Sajan Sawan Mein.mp3,11,10
8763c847e99ae793eb1741244dd09a2d,hindi,real,real,Ab Ke Sajan Sawan Mein.mp3,12,10
74481127d9851c9b6bd09917220729ec,hindi,real,real,Ab Ke Sajan Sawan Mein.mp3,13,10
3386ef27aea1db6f10b27f32fc05870b,hindi,real,real,Ab Ke Sajan Sawan Mein.mp3,14,10
4f6f72417260339700124bfa90bcc780,hindi,real,real,Ab Ke Sajan Sawan Mein.mp3,15,10
d7f91cfc275950b0683d98ded0ed96bf,hindi,real,real,Ab Ke Sajan Sawan Mein.mp3,16,10
ee663bbb4820f9f784bc4edbb4e1c42e,hindi,real,real,Ab Ke Sajan Sawan Mein.mp3,17,10
7691097819121f2986b0cff6d6af2b7f,hindi,real,real,Ab Ke Sajan Sawan Mein.mp3,18,10
80c837e833ca71effa91edd36231d43a,hindi,real,real,Ab Ke Sajan Sawan Mein.mp3,19,10
6c02e984c4e6889bc902155e02d21dda,hindi,real,real,Ab Ke Sajan Sawan Mein.mp3,20,10
c9465ccb199d713769a726a50e1f1c18,hindi,real,real,Ab Ke Sajan Sawan Mein.mp3,21,10
d1e4d97521605dc07f211d13b3dabe93,hindi,real,real,Ab Ke Sajan Sawan Mein.mp3,22,10
4e858eeb084e248daa36fb3c7bb28802,hindi,real,real,Ab Ke Sajan Sawan Mein.mp3,23,10
6b17de7c763875cf165acb984693ec7d,hindi,real,real,Ab Ke Sajan Sawan Mein.mp3,24,10
6e75ef236cee85a2a3d6470ae0fe5508,hindi,real,real,Ab Ke Sajan Sawan Mein.mp3,25,10
a3fa24db9ca2f65938873e3043541f21,hindi,real,real,Ab Ke Sajan Sawan Mein.mp3,26,10
00f2ec53a91df9ecb655baafc95335a1,hindi,real,real,Saajan Bin.mp3,0,10
ce9afc5f6d8057c1943c52753dc2645b,hindi,real,real,Saajan Bin.mp3,1,10
2e9fd838923bc89eb228a967ca9e5715,hindi,real,real,Saajan Bin.mp3,2,10
92539e01f9ab87d21288a5241a5eb8e7,hindi,real,real,Saajan Bin.mp3,3,10
362c05dc472d8b32dbe482107e4745ab,hindi,real,real,Saajan Bin.mp3,4,10
8510133ffdc11fbef5a43a3d4e895a46,hindi,real,real,Saajan Bin.mp3,5,10
4bc22d94a9fe3a80d26cfb770b4fae51,hindi,real,real,Saajan Bin.mp3,6,10
adf0bdc139d0e21ef6ed0851dd7ab0ae,hindi,real,real,Saajan Bin.mp3,7,10
c2f55468f1f465be7d2d44475569736b,hindi,real,real,Saajan Bin.mp3,8,10
607ff6b6ba48663d0006f70512472e60,hindi,real,real,Saajan Bin.mp3,9,10
271d9dbb9beea76f553f818f5ee7d2c4,hindi,real,real,Saajan Bin.mp3,10,10
ac5c6a1a2422bff1c124b333e8ee926b,hindi,real,real,Saajan Bin.mp3,11,10
3fa08cf1ef2ed933af9d74f4163c261f,hindi,real,real,Saajan Bin.mp3,12,10
329341f1f892ece4e5c056829644acbb,hindi,real,real,Saajan Bin.mp3,13,10
665274e511ebf888b48425cc1f0af1c9,hindi,real,real,Saajan Bin.mp3,14,10
d5d2eaa480c6149cd98c6c973cd7677b,hindi,real,real,Saajan Bin.mp3,15,10
d8b96ed17210b2ed6fca90aff297da3d,hindi,real,real,Saajan Bin.mp3,16,10
5b86b8bb81f91bfc4886ca186d5605e3,hindi,real,real,Saajan Bin.mp3,17,10
a9eb44081939581137e9d00f20343587,hindi,real,real,Saajan Bin.mp3,18,10
f02d7579384e2dfe4e60870ea229ecef,hindi,real,real,Piya Bin Nahi Aavat.mp3,0,10
8be1a5311f45b82da2b6231041da65b9,hindi,real,real,Piya Bin Nahi Aavat.mp3,1,10
0c85ba9f4a5452415886a83596c71a39,hindi,real,real,Piya Bin Nahi Aavat.mp3,2,10
f4867118fd4f594cb232e9631e31e20e,hindi,real,real,Piya Bin Nahi Aavat.mp3,3,10
6914e3ab2d07bee2fe25bd49fe316919,hindi,real,real,Piya Bin Nahi Aavat.mp3,4,10
14cfc1f8a0124375935deafb585c8b3f,hindi,real,real,Piya Bin Nahi Aavat.mp3,5,10
5b1745a41cf33b59b76d93c590027a97,hindi,real,real,Piya Bin Nahi Aavat.mp3,6,10
ad27a0bb153cc7848a1877f9e33496f6,hindi,real,real,Piya Bin Nahi Aavat.mp3,7,10
a25a8ee44b270d98045f93acb9f28611,hindi,real,real,Piya Bin Nahi Aavat.mp3,8,10
c4f7cf36c3424edbf63ddfd33e3af464,hindi,real,real,Piya Bin Nahi Aavat.mp3,9,10
03f0124f3c3df54f88b0b7e01bd4108b,hindi,real,real,Piya Bin Nahi Aavat.mp3,10,10
fcc1475c875f34beea7d752e0e67bb88,hindi,real,real,Piya Bin Nahi Aavat.mp3,11,10
a8a2ee24249313238a94ec93beabf883,hindi,real,real,Piya Bin Nahi Aavat.mp3,12,10
4b13dbcaa8dca251e71ce7a4ed886b82,hindi,real,real,Piya Bin Nahi Aavat.mp3,13,10
0e4af302eaa75e34df184ee869fdee9e,hindi,real,real,Piya Bin Nahi Aavat.mp3,14,10
07f6a6bfb37d81c3897bbf28a69c495d,hindi,real,real,Piya Bin Nahi Aavat.mp3,15,10
ed983a68b8fced0340520bfb9bc82e94,hindi,real,real,Piya Bin Nahi Aavat.mp3,16,10
cd3e47c2c19af14b620ec7c12236281d,hindi,real,real,Piya Bin Nahi Aavat.mp3,17,10
3c6442b6927859147540d8794dc31835,hindi,real,real,Piya Bin Nahi Aavat.mp3,18,10
af056f9d8120445a8d89efa04fd4d482,hindi,real,real,Piya Bin Nahi Aavat.mp3,19,10
c12820cecdd62307cf4502e94188a580,hindi,real,real,Piya Bin Nahi Aavat.mp3,20,10
f1469736c03211ae0e842d014551a421,hindi,real,real,Piya Bin Nahi Aavat.mp3,21,10
a5f16c9a9c6a4e7674ab881649e46726,hindi,real,real,Piya Bin Nahi Aavat.mp3,22,10
ecdb33224e8a88bdfb039b88a85c95e1,hindi,real,real,Piya Bin Nahi Aavat.mp3,23,10
a5fee1e7661384345247878f990e6497,hindi,real,real,Piya Bin Nahi Aavat.mp3,24,10
ec06e5347ff83209a33deea7a2679a85,hindi,real,real,Piya Bin Nahi Aavat.mp3,25,10
ab868753e755cfbe482b0b9c59e4389b,hindi,real,real,Piya Bin Nahi Aavat.mp3,26,10
8cc8da6559db504ad5b90c2fccde18c3,hindi,real,real,Piya Bin Nahi Aavat.mp3,27,10
7d917867e9c37085e60352e08d61e268,hindi,real,real,Piya Bin Nahi Aavat.mp3,28,10
f9b795baec2e45888f8f106ccc2b8633,hindi,real,real,Piya Bin Nahi Aavat.mp3,29,10
64403b52d839b1978b1c26a9949d27e1,hindi,real,real,Piya Bin Nahi Aavat.mp3,30,10
7ae57af3a400af1e1f816ebbc6536696,hindi,real,real,Piya Bin Nahi Aavat.mp3,31,10
04d549cc8f5c8f77b7a872adb25d2a6e,hindi,real,real,Piya Bin Nahi Aavat.mp3,32,10
585cad784484dc50fbdbb9a67dd6fbc9,hindi,real,real,Piya Bin Nahi Aavat.mp3,33,10
5b11786b46758c84bda0b646ffcb8a97,hindi,real,real,Piya Bin Nahi Aavat.mp3,34,10
fb316088583657b564b393b0d4631394,hindi,real,real,Piya Bin Nahi Aavat.mp3,35,10
2da8fe6ee5fce9af07d4daf8d122296e,hindi,real,real,Piya Bin Nahi Aavat.mp3,36,10
2ea885aa18eb8da84fdbb89d500070a1,hindi,real,real,Piya Bin Nahi Aavat.mp3,37,10
b6d233612cb073d841f42cd8d8ac3bec,hindi,real,real,Piya Bin Nahi Aavat.mp3,38,10
e576148ecd7c605ddc869453bd871fb5,hindi,real,real,Piya Bin Nahi Aavat.mp3,39,10
9278fda3e41a156cf4358ed5ee91df40,hindi,real,real,Piya Bin Nahi Aavat.mp3,40,10
450ea3ec09870290f344a3dd5deae389,hindi,real,real,Piya Bin Nahi Aavat.mp3,41,10
a1e3ea15cd845bf0ffc040a618b227bc,hindi,real,real,Piya Bin Nahi Aavat.mp3,42,10
0e35a0b5d455fa4f141c4975b94e7882,hindi,real,real,Piya Bin Nahi Aavat.mp3,43,10
4ad73857f76af98837eaf0f3fdcd927e,hindi,real,real,Piya Bin Nahi Aavat.mp3,44,10
e071c537f3497a11646aa57f87f3077b,hindi,real,real,Piya Bin Nahi Aavat.mp3,45,10
df4a3ce117a8e880dbc0e5076a2eb10f,hindi,real,real,Piya Bin Nahi Aavat.mp3,46,10
bf3fb11f3612d618b4cd1beb6029a44f,hindi,real,real,Piya Bin Nahi Aavat.mp3,47,10
0866cab06fc02fc4ef998d97aab7643e,hindi,real,real,Piya Bin Nahi Aavat.mp3,48,10
683dca02d227c417920b203d6aa4b643,hindi,real,real,Piya Bin Nahi Aavat.mp3,49,10
c4433c0d54aa242f2fda04789a070f05,hindi,real,real,Piya Bin Nahi Aavat.mp3,50,10
ca661d917f836bd7a75cdace7228b064,hindi,real,real,Piya Bin Nahi Aavat.mp3,51,10
3be403757933b95d4cb9394ec5b94b7e,hindi,real,real,Piya Bin Nahi Aavat.mp3,52,10
923e568e1fc9a3c06a589325ac2de743,hindi,real,real,Raga Yaman Alap.mp3,0,10
07beba7cc52f186d52ec266696435ecc,hindi,real,real,Raga Yaman Alap.mp3,1,10
25cc2ec3b50e90d490329c4de15c504e,hindi,real,real,Raga Yaman Alap.mp3,2,10
04ef990426b95bf601bb524833ed32ca,hindi,real,real,Raga Yaman Alap.mp3,3,10
90a5bcb16a31ab3b024067d0da9196b4,hindi,real,real,Raga Yaman Alap.mp3,4,10
de95649143c1ffc8628665857a57956c,hindi,real,real,Raga Yaman Alap.mp3,5,10
f77cbacfed4cf3a816a34689f4fb2b5a,hindi,real,real,Raga Yaman Alap.mp3,6,10
d1f7a084b764be6fc3923e2904ddb7aa,hindi,real,real,Raga Yaman Alap.mp3,7,10
265e4834405ccee8c65074d1f452ecca,hindi,real,real,Raga Yaman Alap.mp3,8,10
39745c604cee7cd086d0c801b32007b1,hindi,real,real,Raga Yaman Alap.mp3,9,10
801b0aee09ee3d77e2ce6120b08047b7,hindi,real,real,Raga Yaman Alap.mp3,10,10
10c5c14a3349a3430c75d9e3af5572bf,hindi,real,real,Raga Yaman Alap.mp3,11,10
f23f1986b44aa9ea68868c1d14d6fdde,hindi,real,real,Raga Yaman Alap.mp3,12,10
637b578c919b22eed2dbf50d49adec24,hindi,real,real,Raga Yaman Alap.mp3,13,10
cf26d2824e7bebdbe3baad7875ec1be4,hindi,real,real,Raga Yaman Alap.mp3,14,10
f6049e224a42b7a58b0a05fd4bc09efc,hindi,real,real,Raga Yaman Alap.mp3,15,10
f33832c8aab4ece1c816e9af454438fe,hindi,real,real,Raga Yaman Alap.mp3,16,10
8b964ae47554f8a50a82ef9acf531f39,hindi,real,real,Raga Yaman Alap.mp3,17,10
e5ae9041583710fbf0b9160f4e03f9b8,hindi,real,real,Raga Yaman Alap.mp3,18,10
943701f0b68c848bded3e81ac83ec8c8,hindi,real,real,Raga Yaman Alap.mp3,19,10
06beafe652e0ba59553684907555f624,hindi,real,real,Raga Yaman Alap.mp3,20,10
dd9fa3dba0074c5d26d04050fa1d8b54,hindi,real,real,Raga Yaman Alap.mp3,21,10
2b14b5bfdf691ffacbddb6637a9010d5,hindi,real,real,Raga Yaman Alap.mp3,22,10
801751f46e8c47806bddeaa529bb93c5,hindi,real,real,Raga Yaman Alap.mp3,23,10
f4865821c069e6cddbfa1f9bd3dffd87,hindi,real,real,Raga Yaman Alap.mp3,24,10
dbc6eadcfae4eb7e827856c0890f38e4,hindi,real,real,Raga Yaman Alap.mp3,25,10
bec2f3d8e23c031e7cc088e251241b05,hindi,real,real,Raga Yaman Alap.mp3,26,10
71bd688c4f450628ac1be141e6bb7115,hindi,real,real,Raga Yaman Alap.mp3,27,10
c888d92f7d097b6ad074dcf3092d425a,hindi,real,real,Raga Yaman Alap.mp3,28,10
23d0d2962d448a280c5e79a88cc3e217,hindi,real,real,Raga Yaman Alap.mp3,29,10
caeb1f2452f3f8b33dc8b16425729c98,hindi,real,real,Raga Yaman Alap.mp3,30,10
99f63b0da63bae1fdff00b453b94f08b,hindi,real,real,Raga Yaman Alap.mp3,31,10
3dc48c781848712a109dc5dce1c5dc15,hindi,real,real,Raga Yaman Alap.mp3,32,10
2af33b609029822954218a2cc6f7dc99,hindi,real,real,Raga Yaman Alap.mp3,33,10
e93cf0c6b5295334f6d6dddf1e57a767,hindi,real,real,Raga Yaman Alap.mp3,34,10
b8549073dd427ea025d6fcf68b1df4b3,hindi,real,real,Raga Yaman Alap.mp3,35,10
f907dc83e241b414f294819b0aff4137,hindi,real,real,Raga Yaman Alap.mp3,36,10
4d0d021793322b20d49c5d2bcc3ca748,hindi,real,real,Raga Yaman Alap.mp3,37,10
a50272b0002d21229e0a4faae83994d1,hindi,real,real,Raga Yaman Alap.mp3,38,10
90dc2a762729924acfe251eb513a9aea,hindi,real,real,Raga Yaman Alap.mp3,39,10
827695eee6090122bac80d2b7a66c44d,hindi,real,real,Raga Yaman Alap.mp3,40,10
54a03c0e18ab458b5b58923853899571,hindi,real,real,Raga Bhairav Alap.mp3,0,10
11567d662521c31c68da2d7b3386470b,hindi,real,real,Raga Bhairav Alap.mp3,1,10
cf04674b03ba8440fac463b3e1a1e1e3,hindi,real,real,Raga Bhairav Alap.mp3,2,10
5e980d9733943d75c4cc07abd3430c42,hindi,real,real,Raga Bhairav Alap.mp3,3,10
808027b3525ecd35fa417b6ea09aed42,hindi,real,real,Raga Bhairav Alap.mp3,4,10
6e174ae5fdf809466430e8320595dea9,hindi,real,real,Raga Bhairav Alap.mp3,5,10
f6847474b80fe72a28700c0ebd1607e0,hindi,real,real,Raga Bhairav Alap.mp3,6,10
e9aa763d51ade1b1ea531e9558b90dd7,hindi,real,real,Raga Bhairav Alap.mp3,7,10
63ada23cb0c3fe37ea85e5fae09d206a,hindi,real,real,Raga Bhairav Alap.mp3,8,10
fc1e8da91a8abf6d225b0658910309d0,hindi,real,real,Raga Bhairav Alap.mp3,9,10
103687e8abc6709c97033513620ab30b,hindi,real,real,Raga Bhairav Alap.mp3,10,10
dba4ff54f335498b8436db9e07f8041d,hindi,real,real,Raga Bhairav Alap.mp3,11,10
671937c8b919e946bf5b1b919a47317b,hindi,real,real,Raga Bhairav Alap.mp3,12,10
c0148a00fb47e14c8e4160f943928d97,hindi,real,real,Raga Bhairav Alap.mp3,13,10
8500e3828b912359067173dfd72720a3,hindi,real,real,Raga Bhairav Alap.mp3,14,10
0e5e152a1b581075f6198c08a416c0b7,hindi,real,real,Raga Bhairav Alap.mp3,15,10
a84bd9446319351016a533ebe1ee6436,hindi,real,real,Raga Bhairav Alap.mp3,16,10
3bb6e635a0edc4cfba432d79101d600e,hindi,real,real,Raga Bhairav Alap.mp3,17,10
414bc74f870b56bc7fbd6656135eb300,hindi,real,real,Raga Bhairav Alap.mp3,18,10
54c489a29b7f8390736bc7c441446ba8,hindi,real,real,Raga Bhairav Alap.mp3,19,10
1df342ad84badfafdfaf5fb762ff14db,hindi,real,real,Raga Bhairav Alap.mp3,20,10
307efee292fa2868cb5f0b599703024e,hindi,real,real,Raga Bhairav Alap.mp3,21,10
8a3dae6dce484584f121a876e6cf02a6,hindi,real,real,Raga Bhairav Alap.mp3,22,10
f43dc01bcf269347f341570114ad36e6,hindi,real,real,Raga Bhairav Alap.mp3,23,10
7750ee525400acbdea2b4a0a8de15fd7,hindi,real,real,Raga Bhairav Alap.mp3,24,10
a2b38e2542059e05a88fd238be834e7d,hindi,real,real,Raga Bhairav Alap.mp3,25,10
2b9638e91808975a10a0339c5db97746,hindi,real,real,Raga Bhairav Alap.mp3,26,10
154474e2325ed78cda16c2b5b2216d0a,hindi,real,real,Raga Bhairav Alap.mp3,27,10
802c7ec1e7e761234e15cddd4a2b58f2,hindi,real,real,Raga Bhairav Alap.mp3,28,10
ec11dfd76eda62d81555be37d0af1bfa,hindi,real,real,Raga Bhairav Alap.mp3,29,10
41d2800a8457a11ae43cae38f7ec7971,hindi,real,real,Raga Bhairav Alap.mp3,30,10
dd2c1afa6e1ca47a94cd356a2ca32607,hindi,real,real,Raga Bhairav Alap.mp3,31,10
7eb49cb3005796f97eabf36b9a81e709,hindi,real,real,Raga Bhairav Alap.mp3,32,10
8bae71e004561cb1ccc8093da061e275,hindi,real,real,Raga Bhairav Alap.mp3,33,10
7e5314871d8f7cc5a13a534d53988856,hindi,real,real,Raga Bhairav Alap.mp3,34,10
6a258f5e465bb1b9c2ee90baa1a36b55,hindi,real,real,Raga Bhairav Alap.mp3,35,10
e9466afc7fb704010226d100ca7068a2,hindi,real,real,Raga Bhairav Alap.mp3,36,10
b6ab3ee31f66cf28f2c39033a0d86ae7,hindi,real,real,Raga Bhairav Alap.mp3,37,10
c18de55bd4ad1081d4fa54681d0de97d,hindi,real,real,Raga Bhairav Alap.mp3,38,10
7438c4ea286ed50eda8c38ccaa1e9443,hindi,real,real,Raga Bhairav Alap.mp3,39,10
76d644d4808aaa1d015fb8914e16ed79,hindi,real,real,Raga Bhairav Alap.mp3,40,10
eebbf421618afe07197f9eb66d28bbca,hindi,real,real,Raga Bhairav Alap.mp3,41,10
78b8396fb958b54d7a2943227f928b12,hindi,real,real,Raga Bhairav Alap.mp3,42,10
c8b5948b6ba0457f7aef26ad226b4dd1,hindi,real,real,Raga Bhairav Alap.mp3,43,10
8316354a9050376bea2d1b3f11eefa6c,hindi,real,real,Raga Bhairav Alap.mp3,44,10
a17ec149f991433afe04c582c393bc18,hindi,real,real,Raga Bhairav Alap.mp3,45,10
cf6447ace63bcbab8f3fd90f63436471,hindi,real,real,Raga Bhairav Alap.mp3,46,10
e1337b06c38f284eec1c72b5ae871af0,hindi,real,real,Raga Bhairav Alap.mp3,47,10
b18db7ed0744337f521261c8202655c6,hindi,real,real,Raga Bhairav Alap.mp3,48,10
52044a50c7844b262de1be890a9f506c,hindi,real,real,Raga Bhairav Alap.mp3,49,10
336eb029a609d14e4745907cad595638,hindi,real,real,Raga Bhairav Alap.mp3,50,10
a7f63c9c331cb43216635ca70a26c2e2,hindi,real,real,Raga Bhairav Alap.mp3,51,10
2f2abc7be0722fb716bcee09a66599dc,hindi,real,real,Raga Bhairav Alap.mp3,52,10
947b2ffe2f4b41fc643fb2d097164541,hindi,real,real,Raga Bhairav Alap.mp3,53,10
17059f6901230ff53d291e0355a8a96a,hindi,real,real,Raga Bhairav Alap.mp3,54,10
cce7913fb1741842cd3bf88a78599704,hindi,real,real,Raga Bhairav Alap.mp3,55,10
3207ca0856ba50df283757d01b251588,hindi,real,real,Raga Bhairav Alap.mp3,56,10
5542d9c9084f4deeeccd9c082866edad,hindi,real,real,Raga Bhairav Alap.mp3,57,10
2ef5e940a7773e7533ddaed5dd2b2a22,hindi,real,real,Raga Bhairav Alap.mp3,58,10
81fa52f4e8ee5a83f71776827e2a832c,hindi,real,real,Raga Bhairav Alap.mp3,59,10
93eb451e4c25a1d415d327843dd78244,hindi,real,real,Raga Bhairav Alap.mp3,60,10
214c492247ae2c80fea852dd0a598b18,hindi,real,real,Raga Bhairav Alap.mp3,61,10
93a622cad7ab5409271f1a0681fb011a,hindi,real,real,Raga Bhairav Alap.mp3,62,10
30232d863a322ab902a10756953192b8,hindi,real,real,Raga Bhairav Alap.mp3,63,10
ccdd20c3911262f5c762f67dde18a3c7,hindi,real,real,Raga Bhairav Alap.mp3,64,10
2de6585daff5c633fc40b8fafbb5ab40,hindi,real,real,Raga Bhairav Alap.mp3,65,10
bfecff266a97fcdb371a52cd5ed56394,hindi,real,real,Raga Bhairav Alap.mp3,66,10
85bcfa2b1d7027010a42cd93630c16b6,hindi,real,real,Raga Bhairav Alap.mp3,67,10
a8746faac541ad3f1ea132937839f02c,hindi,real,real,Raga Bhairav Alap.mp3,68,10
368ddb53464b69f35fa712c02f75b852,hindi,real,real,Raga Bhairav Alap.mp3,69,10
fa0959ac866c5e7b6bcd99df3796b7d8,hindi,real,real,Raga Bhairav Alap.mp3,70,10
ecff330e0634391b4cdb836380695aa3,hindi,real,real,Raga Bhairav Alap.mp3,71,10
fa2179402816f06fa1e998efe5859987,hindi,real,real,Raga Bhairav Alap.mp3,72,10
43b34184e8670c060857557924bcf60a,hindi,real,real,Raga Bhairav Alap.mp3,73,10
ff1d52f667dc00f75ff901c4efa9de20,hindi,real,real,Raga Bhairav Alap.mp3,74,10
9781894d0a0519ac3b6bff181d5e9b5f,hindi,real,real,Raga Bhairav Alap.mp3,75,10
32d911ae463ac68d802492bbb553bbd0,hindi,real,real,Raga Bhairav Alap.mp3,76,10
18c93f1bdc4b80f47ec0c01fa485d8ee,hindi,real,real,Raga Bhairav Alap.mp3,77,10
ab267a3875ebe356086bd2c36df2758f,hindi,real,real,Raga Bhairav Alap.mp3,78,10
1093d7f26149ed4d4b4f574664684fac,hindi,real,real,Raga Bhairav Alap.mp3,79,10
9235864344c3eea237d2a97cd9e7a78c,hindi,real,real,Raga Bhairav Alap.mp3,80,10
27f22a05c6283706d5d3cdc5a739a609,hindi,real,real,Raga Bhairav Alap.mp3,81,10
248eaa816a6c18e8ecaeb0fe7c39ae5a,hindi,real,real,Raga Bhairav Alap.mp3,82,10
0a324df03cf4405cc838853454ce6aad,hindi,real,real,Raga Bhairav Alap.mp3,83,10
cdd935d647ed78aa8fcd1793f8016fe9,hindi,real,real,Raga Bhairav Alap.mp3,84,10
96f9c865340aa2a76ed4ac7c8fb8b436,hindi,real,real,Raga Bhairav Alap.mp3,85,10
8e588860f4f3dd6d111f0372b132604d,hindi,real,real,Raga Bhairav Alap.mp3,86,10
f7cb459ed48214f8ad87995f8471d8a0,hindi,real,real,Raga Bhairav Alap.mp3,87,10
263741a5a14249c4d6812aec32c19f7c,hindi,real,real,Raga Bhairav Alap.mp3,88,10
5fea3f1aa7015db516016b975f7a778b,hindi,real,real,Raga Bhairav Alap.mp3,89,10
25420df4bd9c4e7c71b4b9d774bfeafe,hindi,real,real,Raga Bhairav Alap.mp3,90,10
b071e54eb4c336fc43d4f89715329bb0,hindi,real,real,Raga Bhairav Alap.mp3,91,10
d1e608388e05436dfaec6696761552c9,hindi,real,real,Raga Bhairav Alap.mp3,92,10
1097996e015c005bf31ff0da4126a8bb,hindi,real,real,Raga Bhairav Alap.mp3,93,10
321d3112b96579c50dfe44fbffe7d678,hindi,real,real,Raga Bhairav Alap.mp3,94,10
d574ad04b5681ba8ed3829d34cf94aff,hindi,real,real,Raga Bhairav Alap.mp3,95,10
7412dbf771ff61ef10fd6e4461421020,hindi,real,real,Raga Bhairav Alap.mp3,96,10
a5d93f096985a3ac0653061e1b6d51e8,hindi,real,real,Raga Bhairav Alap.mp3,97,10
210bbc461d7700a72d2eeaff64a989ac,hindi,real,real,Raga Bhairav Alap.mp3,98,10
3ca5ded412f435d5536bb3b4effcfe9a,hindi,real,real,Raga Bhairav Alap.mp3,99,10
659d7f3e3b18ba1878fc450e9de4a830,hindi,real,real,Raga Bhairav Alap.mp3,100,10
478d2aa752c241bb05d8497801db0202,hindi,real,real,Raga Bhairav Alap.mp3,101,10
af926f1cf6166cf6b5d1ca87157e3dfd,hindi,real,real,Raga Bhairav Alap.mp3,102,10
e7607339951f54370c6ad53f2a718af9,hindi,real,real,Raga Bhairav Alap.mp3,103,10
a80487136fb244bb3e80d37a86cfecaa,hindi,real,real,Raga Bhairav Alap.mp3,104,10
56496b6ea8c0e0ea64b426bb3b7a5fe1,hindi,real,real,Raga Bhairav Alap.mp3,105,10
c17bdee95d0338262fa490bb97e04035,hindi,real,real,Raga Bhairav Alap.mp3,106,10
5fa850dd1441c4cf926e6bfc11387b10,hindi,real,real,Raga Bhairav Alap.mp3,107,10
a1f13a25c75b0ccca8c6f0a77afcaeb8,hindi,real,real,Raga Bhairav Alap.mp3,108,10
3c3259b8823c7e2a307bb8b18367e311,hindi,real,real,Raga Bhairav Alap.mp3,109,10
229e29814627c8bd7d35d99fd4d47fa2,hindi,real,real,Raga Bhairav Alap.mp3,110,10
ba5328de9d91042e7647a52b12e03771,hindi,real,real,Raga Bhairav Alap.mp3,111,10
be80d846b1d592b6288db4256efd1490,hindi,real,real,Raga Bhairav Alap.mp3,112,10
67035d29fa2677406317718954e2df95,hindi,real,real,Raga Bhairav Alap.mp3,113,10
52d17181b9e5eb2c924dd5b3d7a6851d,hindi,real,real,Raga Bhairav Alap.mp3,114,10
403b1446a90ce7c5d93d5a3f4d8766a3,hindi,real,real,Raga Bhairav Alap.mp3,115,10
36d956e0c209bf077852b4d42451779b,hindi,real,real,Raga Bhairav Alap.mp3,116,10
72b409c45f8bb6e95c852f665e93a3fb,hindi,real,real,Raga Bhairav Alap.mp3,117,10
713f7b27ecdd9712b1cebdcf309575d8,hindi,real,real,Raga Bhairav Alap.mp3,118,10
f89dad269a3948ab64cec292d11b9244,hindi,real,real,Raga Bhairav Alap.mp3,119,10
d1741099f7c143cc10d367ecc8650acc,hindi,real,real,Raga Bhairav Alap.mp3,120,10
e10eacc1626c8fdab9b45e19e277da06,hindi,real,real,Raga Bhairav Alap.mp3,121,10
4bb1e697b3fe0f054123df02cc28d952,hindi,real,real,Raga Bhairav Alap.mp3,122,10
576845b54ec03c0a50360eadaff84f00,hindi,real,real,Raga Bhairav Alap.mp3,123,10
673bf12a46c19bf8524fd7dd0e281a79,hindi,real,real,Raga Bhairav Alap.mp3,124,10
f589378b5e42108cf6995dc5d838a6c5,hindi,real,real,Raga Bhairav Alap.mp3,125,10
ff66451ce7eefabc6462419c1fc99d38,hindi,real,real,Raga Bhairav Alap.mp3,126,10
2164fd3876f7e48c186ccc1f818367c4,hindi,real,real,Raga Bhairav Alap.mp3,127,10
55e672a4db0aceb0406d5d5e9a388d2d,hindi,real,real,Raga Bhairav Alap.mp3,128,10
dfe371ec507604784cfc82344fe54212,hindi,real,real,Raga Bhairav Alap.mp3,129,10
2c08d188084a1c1c0ceb144b43b106a0,hindi,real,real,Raga Bhairav Alap.mp3,130,10
feb82e1abdd68c987e846dd6af7600a8,hindi,real,real,Raga Bhairav Alap.mp3,131,10
d9ea0bd4e231117b169c7beb775c4ab7,hindi,real,real,Raga Bhairav Alap.mp3,132,10
242727d3a6462a7b9865273e79798bb1,hindi,real,real,Raga Bhairav Alap.mp3,133,10
102de327f5b5d29db4aedeb045bc2792,hindi,real,real,Raga Bhairav Alap.mp3,134,10
70b0d806fe67c898e788eaf8bdbefe09,hindi,real,real,Raga Bhairav Alap.mp3,135,10
2b9d88f7545a5d7d2a379ff1c676f7c1,hindi,real,real,Raga Bhairav Alap.mp3,136,10
dd509c3d18a5e2c39d13fe9d26e66b43,hindi,real,real,Raga Bhairav Alap.mp3,137,10
f4965266272f6a89eae487a728b47a3d,hindi,real,real,Raga Bhairav Alap.mp3,138,10
127d59575d8b91118876aca8d645fa54,hindi,real,real,Raga Bhairav Alap.mp3,139,10
3ac3028910983ab6889994eb9d421a75,hindi,real,real,Raga Bhairav Alap.mp3,140,10
baad347007483b1320fe1543b2da0ba7,hindi,real,real,Raga Bhairav Alap.mp3,141,10
00f038ee4e4667c0346540899b6d0c5b,hindi,real,real,Raga Bhairav Alap.mp3,142,10
7e82053105bb4ca475cbd2368d9bb42d,hindi,real,real,Raga Bhairav Alap.mp3,143,10
d3fc4f16f983c08417d6a9882bb7e8ad,hindi,real,real,Raga Bhairav Alap.mp3,144,10
8b80ee11c72008c6b1071fdb11417372,hindi,real,real,Raga Bhairav Alap.mp3,145,10
6d83e63e611655f9907554a1b97823f8,hindi,real,real,Raga Bhairav Alap.mp3,146,10
16d25430577d2a125069ef6906632677,hindi,real,real,Raga Bhairav Alap.mp3,147,10
d6ea8d9ef9db8202331dfe93a5029aa4,hindi,real,real,Raga Bhairav Alap.mp3,148,10
1ed8f33b9fa2dfe26b74f273d0e41779,hindi,real,real,Raga Bhairav Alap.mp3,149,10
a374324a4866a7d4a6a4a90e70224ae9,hindi,real,real,Raga Bhairav Alap.mp3,150,10
c27bb1590bc8a6f304af7ac09e4e023b,hindi,real,real,Raga Bhairav Alap.mp3,151,10
e6af7e71f2fb814c40abaff623deb43e,hindi,real,real,Raga Bhairav Alap.mp3,152,10
000741a31ad29cf7f7c3395b9e0c98da,hindi,real,real,Raga Bhairav Alap.mp3,153,10
ee7eea49d27da01fa1174e8cef6461ca,hindi,real,real,Raga Bhairav Alap.mp3,154,10
29f1f53e58d31f2bbf731b5a22feab8f,hindi,real,real,Raga Bhairav Alap.mp3,155,10
2d7d5c3e0fed261251cdac839cde8c5c,hindi,real,real,Raga Bhairav Alap.mp3,156,10
b6a2dfd05dbb9b3a936d4e8678c791ce,hindi,real,real,Raga Bhairav Alap.mp3,157,10
2ef05daea4deee1132b684b8abbd4485,hindi,real,real,Raga Bhairav Alap.mp3,158,10
1c73f30c800d335330f490da43ee320c,hindi,real,real,Raga Bhairav Alap.mp3,159,10
74eb44cb79e53b8ef32abab9cfc3d3b6,hindi,real,real,Raga Bhairav Alap.mp3,160,10
a7bc5e602a2bf893ab28e03d141f3598,hindi,real,real,Raga Bhairav Alap.mp3,161,10
c041ee56ec3036da3bf07c8cd35b64a0,hindi,real,real,Raga Bhairav Alap.mp3,162,10
d9bcfb35524b929d02e1bb1a80de8fda,hindi,real,real,Raga Bhairav Alap.mp3,163,10
e7bbc5e7feb9151a056a01b1fadda574,hindi,real,real,Raga Bhairav Alap.mp3,164,10
10c54a6bd8ce87c4de3df407217bb7e7,hindi,real,real,Raga Bhairav Alap.mp3,165,10
ba8bda8148b94608ff03aae19a149f3d,hindi,real,real,Raga Bhairav Alap.mp3,166,10
54754dc364ffa6e233379b9585c7a0c3,hindi,real,real,Raga Bhairav Alap.mp3,167,10
7bbcd7fc6fb5ca291a1082aa78d3b914,hindi,real,real,Raga Bhairav Alap.mp3,168,10
b2cdfaf9f4ce08ebd89490b1743f9378,hindi,real,real,Raga Bhairav Alap.mp3,169,10
d08fde6cb9d9d04968824d5512541842,hindi,real,real,Raga Bhairav Alap.mp3,170,10
f6e790e48090c0ffe135712857fd31d5,hindi,real,real,Raga Bhairav Alap.mp3,171,10
e95e0fc4759ef24e4a59296deb94eda7,hindi,real,real,Raga Bhairav Alap.mp3,172,10
c0d5cf5d7fabb22b39b6d960ac2d508d,hindi,real,real,Raga Bhairav Alap.mp3,173,10
99de434a1eb4fb5540f3c2cf70c9bf96,hindi,real,real,Raga Bhairav Alap.mp3,174,10
d0632749d3d01fd2a63eff04888245b3,hindi,real,real,Raga Bhairav Alap.mp3,175,10
4b28da89b71d3e5d1fa04b77fbee5a06,hindi,real,real,Raga Bhairav Alap.mp3,176,10
a34808a9799ee28a9bbe4439f8ba2a28,hindi,real,real,Raga Bhairav Alap.mp3,177,10
bd9d3c14d47240cd460bb8dc95c6d905,hindi,real,real,Raga Bhairav Alap.mp3,178,10
ac1d10928413382bc0d861fbab4b60f9,hindi,real,real,Raga Bhairav Alap.mp3,179,10
17ffc614c01db602509ff979bc66419a,hindi,real,real,Raga Bhairav Alap.mp3,180,10
feb26e7601a7400dcf5316453c83da0a,hindi,real,real,Raga Bhairav Alap.mp3,181,10
32da476d6b68b0d91a574477e2dcce8b,hindi,real,real,Raga Bhairav Alap.mp3,182,10
4ef6b659f763220ceced576a7fcdfdcb,hindi,real,real,Raga Bhairav Alap.mp3,183,10
96e1bbd0b2144793f0d20b849a443724,hindi,real,real,Raga Bhairav Alap.mp3,184,10
490f8e44dd4a6a780257ce632ab1baed,hindi,real,real,Raga Bhairav Alap.mp3,185,10
4eb3bc23da801363d7e508464d1282e8,hindi,real,real,Raga Bhairav Alap.mp3,186,10
468b7fc392bd46a77e01b1d517666f6e,hindi,real,real,Raga Bhairav Alap.mp3,187,10
54fed2987b242a2cfec0b6f131f5e902,hindi,real,real,Raga Bhairav Alap.mp3,188,10
0ee563c8bdea01d3658165d8639fe638,hindi,real,real,Raga Bhairav Alap.mp3,189,10
cbf966a1f90b551e6fc0abca0ae1c476,hindi,real,real,Raga Bhairav Alap.mp3,190,10
6cbfc2d3f4d7241120eecfc3d53ab6bd,hindi,real,real,Raga Bhairav Alap.mp3,191,10
31cfc680d34cd3168a249e347c91d6c4,hindi,real,real,Raga Bhairav Alap.mp3,192,10
7903a5d408ef65a72e3c1f51bd6e23bf,hindi,real,real,Raga Bhairav Alap.mp3,193,10
1c8bf5baaf466f0fd14c61dd47b185a5,hindi,real,real,Raga Bhairav Alap.mp3,194,10
d32c67aad0b9843ed3aef66e06b95aff,hindi,real,real,Raga Bhairav Alap.mp3,195,10
1641d55e810c9f02fa2eba52a03f402b,hindi,real,real,Raga Bhairav Alap.mp3,196,10
f9b04eda606f87a42a76f26a6b0b7554,hindi,real,real,Raga Bhairav Alap.mp3,197,10
c84eb55f0dd77ce093cc40ae9b3fe4d4,hindi,real,real,Raga Bhairav Alap.mp3,198,10
bb6bc6966322bb6b3b4fb93976fa2725,hindi,real,real,Raga Bhairav Alap.mp3,199,10
c408de72afa939885442280f2f52c089,hindi,real,real,Raga Bhairav Alap.mp3,200,10
8cfb69c518c8dc8b0e0dd1f855822cc4,hindi,real,real,Raga Bhairav Alap.mp3,201,10
02d828bb65ca21e247f3b609b8fda3f3,hindi,real,real,Raga Bhairav Alap.mp3,202,10
6098cb1b31241912da003b3b8c76947a,hindi,real,real,Raga Bhairav Alap.mp3,203,10
6cace16607f351431c65134201bbfa44,hindi,real,real,Raga Bhairav Alap.mp3,204,10
df7ed13057f92a91d32bbdf99d15faf3,hindi,real,real,Raga Bhairav Alap.mp3,205,10
2b54c88fdf9cf5d7dd50b362c298f8b4,hindi,real,real,Raga Bhairav Alap.mp3,206,10
68b67245f64802984571518fc7f8f75c,hindi,real,real,Raga Bhairav Alap.mp3,207,10
c628182f45e252994fd481ecfe9e5958,hindi,real,real,Raga Bhairav Alap.mp3,208,10
cb19df67ea1dc1693b134a2530f698fe,hindi,real,real,Raga Bhairav Alap.mp3,209,10
e895060e37b5de6e03b7b86e8e049e33,hindi,real,real,Raga Bhairav Alap.mp3,210,10
e1f867c5e586aa67f57ff71c9901a7e4,hindi,real,real,Raga Bhairav Alap.mp3,211,10
cf1150ed0fb4d34689cb2b70f4be4ece,hindi,real,real,Raga Bhairav Alap.mp3,212,10
16b1054302d67810d476be13c52167a3,hindi,real,real,Raga Bhairav Alap.mp3,213,10
3d6fc693212847b29af8b9ab13826d61,hindi,real,real,Raga Bhairav Alap.mp3,214,10
03865b633d3917860be1a81656d8dcad,hindi,real,real,Raga Bhairav Alap.mp3,215,10
0e02e28b2d2c9d63bf4ad0ac88f8788c,hindi,real,real,Raga Bhairav Alap.mp3,216,10
c59fae5375e862e1fe89e59a67bd2be9,hindi,real,real,Raga Bhairav Alap.mp3,217,10
b7e5d1d7a54ac943bbedb5696880ebe9,hindi,real,real,Raga Bhairav Alap.mp3,218,10
67a7ff04ad95f30e065843b95b189521,hindi,real,real,Raga Bhairav Alap.mp3,219,10
06ce8bf1a13e09d94485ef44488fb87b,hindi,real,real,Raga Bhairav Alap.mp3,220,10
2c222d193d5ff80e6633f0c4220f3345,hindi,real,real,Raga Bhairav Alap.mp3,221,10
2e5e86ab7c8a94aa6a47950a587cb255,hindi,real,real,Raga Bhairav Alap.mp3,222,10
aec4446fba078f046696c6b46819078c,hindi,real,real,Raga Bhairav Alap.mp3,223,10
8b0b6d341062a0d8f4dc44258b78cc71,hindi,real,real,Raga Bhairav Alap.mp3,224,10
a6a95b7dfc9c21eb3af28a9e8b2f9c09,hindi,real,real,Raga Bhairav Alap.mp3,225,10
fced2be7c9b00a4480009ec8748b2d4a,hindi,real,real,Raga Bhairav Alap.mp3,226,10
bc2912ef21f836b0071229dc3c41906d,hindi,real,real,Raga Bhairav Alap.mp3,227,10
f2acd685de3852dc85d1eb6d38d6a237,hindi,real,real,Raga Bhairav Alap.mp3,228,10
78d509c27518aaf55914d6ae018ea8b1,hindi,real,real,Raga Bhairav Alap.mp3,229,10
65c62012124eb4a6aadf818990531578,hindi,real,real,Raga Bhairav Alap.mp3,230,10
38fc5e80926ad81b2b3999b601783873,hindi,real,real,Raga Bhairav Alap.mp3,231,10
d44da3e4ec02a11d87cd0c82eefe12bb,hindi,real,real,Raga Bhairav Alap.mp3,232,10
7ccf559123de3a1b2bb06061cf002e39,hindi,real,real,Raga Bhairav Alap.mp3,233,10
56f3bda1d2509781332b4a2e89a85821,hindi,real,real,Raga Bhairav Alap.mp3,234,10
8a958f8fdf30ac4322185791738a9d73,hindi,real,real,Raga Bhairav Alap.mp3,235,10
373960319c4819ffc550c916fb7dabad,hindi,real,real,Raga Bhairav Alap.mp3,236,10
9800c9d0ed65abcea2d2fc0d1b7b73b5,hindi,real,real,Raga Bhairav Alap.mp3,237,10
1a1fb939560d5949d8fc8962ceb732e6,hindi,real,real,Raga Bhairav Alap.mp3,238,10
ab6cc589214d0163e06094e594b9df0c,hindi,real,real,Raga Bhairav Alap.mp3,239,10
b4f6a7ce3479aa49bee5554d70dd0828,hindi,real,real,Raga Bhairav Alap.mp3,240,10
3e635f9cedd76985cff256438f338b32,hindi,real,real,Raga Bhairav Alap.mp3,241,10
095c6a7229bc8e9f5873fd4e9be5b84a,hindi,real,real,Raga Bhairav Alap.mp3,242,10
f44114e9a31f1568043b3418c71a34a0,hindi,real,real,Raga Bhairav Alap.mp3,243,10
6b0c4d1f04e3152aa3c6849dfb044ada,hindi,real,real,Raga Bhairav Alap.mp3,244,10
51cc3e1bd368fc76cd3b93b3837c74ae,hindi,real,real,Raga Bhairav Alap.mp3,245,10
3826fef54323aeee59282725cf5a644c,hindi,real,real,Raga Bhairav Alap.mp3,246,10
e4d9cab70d3f12eebf3b82aa36a05348,hindi,real,real,Raga Bhairav Alap.mp3,247,10
0c9339fe5b991327e69ef78c4aa4a8cc,hindi,real,real,Raga Bhairav Alap.mp3,248,10
74143ee441951b92931fb842220215eb,hindi,real,real,Raga Bhairav Alap.mp3,249,10
cb640f720e0c59a673ea80307697db3d,hindi,real,real,Raga Bhairav Alap.mp3,250,10
fc16c5c707daab636fdb2bf5bb48c71f,hindi,real,real,Raga Bhairav Alap.mp3,251,10
87f75d9eb023bd7c03df0871b3c53d18,hindi,real,real,Raga Bhairav Alap.mp3,252,10
21b79b3da5dcac6edacc234f3c8db995,hindi,real,real,Raga Bhairav Alap.mp3,253,10
5b98e23ab3359785cc34c43d0c008c32,hindi,real,real,Raga Bhairav Alap.mp3,254,10
e6bf84b57668feccca5c352b86c6e75d,hindi,real,real,Raga Bhairav Alap.mp3,255,10
9b21d9a5d0eb55d1d888cdaa719555ec,hindi,real,real,Raga Bhairav Alap.mp3,256,10
8ec94092a1a4bf3d797c346419910c6f,hindi,real,real,Raga Bhairav Alap.mp3,257,10
7baed2251aa358245713f6d644b92e20,hindi,real,real,Raga Bhairav Alap.mp3,258,10
cf0eac2d61bd5ca999cd4d7440c70809,hindi,real,real,Raga Bhairav Alap.mp3,259,10
3fbbd0692ec6263454ddbbba3c72f8db,hindi,real,real,Raga Bhairav Alap.mp3,260,10
799f380927ae345d93b3651d10d932ab,hindi,real,real,Raga Bhairav Alap.mp3,261,10
1efa6b6da34115f422e07678e07f84bc,hindi,real,real,Raga Bhairav Alap.mp3,262,10
5c9b0b1b7c94f46180fdb2cbeed95348,hindi,real,real,Raga Bhairav Alap.mp3,263,10
0dbe047cfde2da92e53b55c5091f59f9,hindi,real,real,Raga Bhairav Alap.mp3,264,10
628f1bed960f81e3c6c464a90d1cc960,hindi,real,real,Raga Bhairav Alap.mp3,265,10
c25035ca28d23293852027d304b2a14a,hindi,real,real,Raga Bhairav Alap.mp3,266,10
4bab691e60a6f6089ea62ef6f058f3f6,hindi,real,real,Raga Bhairav Alap.mp3,267,10
2a58bf9064817e0621ee7cb5b3111550,hindi,real,real,Raga Bhairav Alap.mp3,268,10
e8bd33d3d8bcc4cc5b43e51ec6648ee3,hindi,real,real,Raga Bhairav Alap.mp3,269,10
0bee7e9015e0d04162eae4b2185cdfd4,hindi,real,real,Raga Bhairav Alap.mp3,270,10
14b4bb009df4577c2d15a3fa19db36f0,hindi,real,real,Raga Bhairav Alap.mp3,271,10
d4313a55987c523a8c1682654e8e1b00,hindi,real,real,Raga Bhairav Alap.mp3,272,10
7ea2e78d72df5353ce80373507352eeb,hindi,real,real,Raga Bhairav Alap.mp3,273,10
4e6473d8555807e6222cb51e7d891866,hindi,real,real,Raga Bhairav Alap.mp3,274,10
199df26fa7653ec65417335080f0c937,hindi,real,real,Raga Bhairav Alap.mp3,275,10
594bbd4889fb40b803b83468c57195a6,hindi,real,real,Raga Bhairav Alap.mp3,276,10
0f6c22fd9420eeec7da068096314904d,hindi,real,real,Raga Bhairav Alap.mp3,277,10
61d54ec3718fe9e86e9c29476c0f143a,hindi,real,real,Raga Bhairav Alap.mp3,278,10
fe453ace30b435784018dbcf6f6ce2b8,hindi,real,real,Raga Bhairav Alap.mp3,279,10
d385cd070673118622e99eba97803bc0,hindi,real,real,Raga Bhairav Alap.mp3,280,10
cb7565f89fbaf404282c7a9acf776eaa,hindi,real,real,Raga Bhairav Alap.mp3,281,10
dd861daac9bde17e968745c38a5e58f1,hindi,real,real,Raga Bhairav Alap.mp3,282,10
fdd945a0b790bc91b03632ca65284bea,hindi,real,real,Raga Bhairav Alap.mp3,283,10
bdb226b393c472025991858e3863e581,hindi,real,real,Raga Bhairav Alap.mp3,284,10
25c4b702c04b80dde26dd9749f408e03,hindi,real,real,Raga Bhairav Alap.mp3,285,10
63a9b5aaf031ecb2f14317807597609b,hindi,real,real,Raga Bhairav Alap.mp3,286,10
ffe7b85436695b64af313b53432e30b2,hindi,real,real,Raga Bhairav Alap.mp3,287,10
aadae716ef74f25517b21b080214b7c4,hindi,real,real,Raga Bhairav Alap.mp3,288,10
c9cc42b39cdd26908f881edcd8e0679e,hindi,real,real,Raga Bhairav Alap.mp3,289,10
756653afd3a67dafcf471972f8c9230b,hindi,real,real,Raga Bhairav Alap.mp3,290,10
20e47de8170f8b4c4fd1dc73cb3fd90d,hindi,real,real,Raga Bhairav Alap.mp3,291,10
84a210e7c19507ff605da80ac00e1d0c,hindi,real,real,Raga Bhairav Alap.mp3,292,10
9be7c719c986db77a94802043e65954e,hindi,real,real,Raga Bhairav Alap.mp3,293,10
5826f611936e01b92500b7a0b84925c9,hindi,real,real,Raga Bhairav Alap.mp3,294,10
dcad8508fde42d5ca776d65fc404a273,hindi,real,real,Raga Bhairav Alap.mp3,295,10
494983d879f758b42a73ddd3f7107437,hindi,real,real,Raga Bhairav Alap.mp3,296,10
570d320a3150f2bef745bc4e3f188c79,hindi,real,real,Raga Bhairav Alap.mp3,297,10
6fafa9a1a8db4edb94788df12b5d1ef8,hindi,real,real,Raga Bhairav Alap.mp3,298,10
2bf88bbfd8d9dadc77bd9a260139cf48,hindi,real,real,Raga Bhairav Alap.mp3,299,10
6a6d88ca2974b8af2f8a3696659474af,hindi,real,real,Raga Bhairav Alap.mp3,300,10
d704834d61c67dc429d7bfd24721ad5e,hindi,real,real,Raga Bhairav Alap.mp3,301,10
d19a643cac92beb26826e665e4ab62bc,hindi,real,real,Raga Bhairav Alap.mp3,302,10
60b20335f488594adbf73b697eeaf533,hindi,real,real,Raga Bhairav Alap.mp3,303,10
0c59fc5de9bb20f98a0fe32934f96fb9,hindi,real,real,Raga Bhairav Alap.mp3,304,10
982d0e112f1442c887297cda8e5a9ba7,hindi,real,real,Raga Bhairav Alap.mp3,305,10
cd8b00d8c6405293645261c7b22c67d4,hindi,real,real,Raga Bhairav Alap.mp3,306,10
a6350cf2aac6fb0172801347d26939b2,hindi,real,real,Raga Bhairav Alap.mp3,307,10
146d22a583e3c4c7788f05c273992ddb,hindi,real,real,Raga Bhairav Alap.mp3,308,10
892a18367c98eb3dd6f2f1095f444e4a,hindi,real,real,Raga Bhairav Alap.mp3,309,10
5f3ca02b5affcf21a364426d69aa308e,hindi,real,real,Raga Bhairav Alap.mp3,310,10
c479a05655d4e6271cc7951d9773c8ee,hindi,real,real,Raga Bhairav Alap.mp3,311,10
6e98e8dab235e2e1ffaad4e9239bdfc0,hindi,real,real,Raga Bhairav Alap.mp3,312,10
03610dcddb4d02cff257f35b410f2a01,hindi,real,real,Raga Bhairav Alap.mp3,313,10
bcd9c0893702529fa6400ad4b144cb13,hindi,real,real,Raga Bhairav Alap.mp3,314,10
07c0bffb0e301e9dcba5a439ae1d6eeb,hindi,real,real,Raga Bhairav Alap.mp3,315,10
b7465e9872954f763f09b1175b4a0562,hindi,real,real,Raga Bhairav Alap.mp3,316,10
08c8de76ecf8dcfaa267111be299fb2c,hindi,real,real,Raga Bhairav Alap.mp3,317,10
1f7fdffd254269de7b356fdabea47a08,hindi,real,real,Raga Bhairav Alap.mp3,318,10
e498f818f9036b74d2b1cde3f10c19c5,hindi,real,real,Raga Bhairav Alap.mp3,319,10
846d6767d7118e31e97a239e519399a9,hindi,real,real,Raga Bhairav Alap.mp3,320,10
9ecfe6fcda499b2c1ac9514567970b2a,hindi,real,real,Raga Bhairav Alap.mp3,321,10
a79d17a75a9e91d97a14fd4d2be84545,hindi,real,real,Raga Bhairav Alap.mp3,322,10
3ba421f40f5774b6de066f8de085256f,hindi,real,real,Raga Bhairav Alap.mp3,323,10
39f35516cd5edaae0be48a33ab1cbc6d,hindi,real,real,Raga Bhairav Alap.mp3,324,10
fd5187c6f2cc98737060c382c3b677a7,hindi,real,real,Raga Bhairav Alap.mp3,325,10
030d3dda2cfdf9eda7e01b94001aa897,hindi,real,real,Raga Bhairav Alap.mp3,326,10
9855b884e76457723a266b666097dd04,hindi,real,real,Raga Bhairav Alap.mp3,327,10
83227704fcb6674e7dcda00ff8ae777d,hindi,real,real,Raga Bhairav Alap.mp3,328,10
b240f9136b4de24c5116744f0da4feec,hindi,real,real,Raga Bhairav Alap.mp3,329,10
067da0b127e1e852c3554e53defd444a,hindi,real,real,Raga Bhairav Alap.mp3,330,10
d202222246aad42b14fa5797411e8479,hindi,real,real,Raga Bhairav Alap.mp3,331,10
f06ca3f22075f7ff6a24d8b9a9e46cb0,hindi,real,real,Raga Bhairav Alap.mp3,332,10
51dafc6c0cbd1f59ee6533fd1af3dc78,hindi,real,real,Raga Bhairav Alap.mp3,333,10
197c1a16edb863430d0379957c4c8797,hindi,real,real,Raga Bhairav Alap.mp3,334,10
b5e1db89c9385b8aed7c85211264eaae,hindi,real,real,Raga Bhairav Alap.mp3,335,10
8435753599d66784b13171cad4b03e59,hindi,real,real,Raga Bhairav Alap.mp3,336,10
2cc1816653936461a431ee211f3376ae,hindi,real,real,Raga Bhairav Alap.mp3,337,10
9d0887bd7ecf7c39c13768477d7d132e,hindi,real,real,Raga Bhairav Alap.mp3,338,10
25d2f371eee2d329d2447c86f8ad03ec,hindi,real,real,Raga Bhairav Alap.mp3,339,10
85f6ae4d63706f1fb1de203a430c25ee,hindi,real,real,Raga Bhairav Alap.mp3,340,10
9ec337e6ef89370a56090e54f3fb054d,hindi,real,real,Raga Desh.mp3,0,10
5d9a78578d0dc91dbb2fc0dec9cf4c6a,hindi,real,real,Raga Desh.mp3,1,10
8d28eaa10dbad77e1268525e9d60c276,hindi,real,real,Raga Desh.mp3,2,10
464e3ec152f811c002be1d43488f5737,hindi,real,real,Raga Desh.mp3,3,10
41a794fa3c282b7fa018de18f343fa42,hindi,real,real,Raga Desh.mp3,4,10
dd93181a975352c5bbd9435b6b93483f,hindi,real,real,Raga Desh.mp3,5,10
74a6b6d18786064a7250357960196bcb,hindi,real,real,Raga Desh.mp3,6,10
180e00282842bf64a9541c63be9586b3,hindi,real,real,Raga Desh.mp3,7,10
10fed3da277fd4583a70ca63ab4ae9ce,hindi,real,real,Raga Desh.mp3,8,10
f8dccaff4aa3d3ae46737148ec9ce4e0,hindi,real,real,Raga Desh.mp3,9,10
4d487395386086e98c3751319ea142a3,hindi,real,real,Raga Desh.mp3,10,10
a0be776028276c3b89b5a81cbf64578b,hindi,real,real,Raga Desh.mp3,11,10
120529a2f8e7191082e19fa6ee490b95,hindi,real,real,Raga Desh.mp3,12,10
aebb458884050ac8d8352f2788871b35,hindi,real,real,Raga Desh.mp3,13,10
3d25e4ba6a42a3ba515b917e1d399746,hindi,real,real,Raga Desh.mp3,14,10
c14525e21750ef2c1edb02e039778beb,hindi,real,real,Raga Desh.mp3,15,10
b4688140bcc9a2a019bb082b208364a3,hindi,real,real,Raga Desh.mp3,16,10
00a0f51ec5c420297558cab0c0be0a9d,hindi,real,real,Raga Desh.mp3,17,10
86b71d7fc41961b24c53c018e3ba20bd,hindi,real,real,Raga Desh.mp3,18,10
285b680177b82de06da5422fddf0ede4,hindi,real,real,Raga Desh.mp3,19,10
b1b96d7754bf02ac8454e5cd4e51591f,hindi,real,real,Raga Desh.mp3,20,10
925a73a0d92dec63d8ca0e6e4f184a58,hindi,real,real,Raga Desh.mp3,21,10
dfffd30c1aab91094546099916a52051,hindi,real,real,Raga Desh.mp3,22,10
bbf8be9c2e9b0c788c84dc6328b4dca9,hindi,real,real,Raga Desh.mp3,23,10
3df1dc5de823db21955c726f00754b96,hindi,real,real,Raga Desh.mp3,24,10
d574f731a7f8ba0909d02c051a6a185e,hindi,real,real,Raga Desh.mp3,25,10
5eb5eabae5676bc3b1b57eca6e73a72d,hindi,real,real,Raga Desh.mp3,26,10
bf3f265e06e86b89987a2532285b33c5,hindi,real,real,Raga Desh.mp3,27,10
f8b30743fed29ea531bceb55a72efd42,hindi,real,real,Raga Desh.mp3,28,10
9e4be018ec99353aacd971a473a5eae1,hindi,real,real,Raga Desh.mp3,29,10
da848ec2df9f024bc12580de39d24e79,hindi,real,real,Raga Desh.mp3,30,10
f722d540f36b422ac5ca343607df220b,hindi,real,real,Raga Desh.mp3,31,10
f40189c8e71e1fb8c7a7881d576ca3f1,hindi,real,real,Raga Desh.mp3,32,10
3bbd302bbf53ec631fc1efedb101c13a,hindi,real,real,Raga Desh.mp3,33,10
770c30247631cb867fb2a2ea3f2a4f25,hindi,real,real,Raga Desh.mp3,34,10
744d64853a7bc11817875e1b6fdd52b6,hindi,real,real,Raga Desh.mp3,35,10
bf65b841938a3b4b8c339ad2e117cd9e,hindi,real,real,Raga Desh.mp3,36,10
97a8bbbf7d0707b4aeae9d7a25cfeccc,hindi,real,real,Raga Desh.mp3,37,10
22254782d5e2c64942f97ed3fe61b41f,hindi,real,real,Raga Desh.mp3,38,10
b89c93393b04d0fdb3af50ee33710425,hindi,real,real,Raga Desh.mp3,39,10
2ee35e826cf1e403d3d6c475a06e0866,hindi,real,real,Raga Desh.mp3,40,10
1ffce38047d6bae2ed923a78b8ba0af0,hindi,real,real,Raga Desh.mp3,41,10
288323d8a122ff620ab0e8bd04517c5f,hindi,real,real,Raga Desh.mp3,42,10
8c81dacd3e63fc46513b0a030ae09d4e,hindi,real,real,Raga Desh.mp3,43,10
da5703d969f9f11d33e2d4180c5aac38,hindi,real,real,Raga Desh.mp3,44,10
adcfb56ac2c9a4c87ebe177703b7437a,hindi,real,real,Raga Desh.mp3,45,10
1e913f7e0f6ed5c4e8eb2b91eb68b2c1,hindi,real,real,Raga Desh.mp3,46,10
97ddda619ac11dfc31890acad5ae0bf2,hindi,real,real,Raga Desh.mp3,47,10
0917b780486869a5e3c455004661fb2b,hindi,real,real,Raga Desh.mp3,48,10
263f025238c70df0c6bdb595982170d7,hindi,real,real,Raga Desh.mp3,49,10
3806fdface939b3c4ad3c527e79dd9fe,hindi,real,real,Raga Desh.mp3,50,10
fa85761241df9722eba200a1fe482592,hindi,real,real,Raga Desh.mp3,51,10
4e3aef6cbef6c376bff80180b1775e1c,hindi,real,real,Raga Desh.mp3,52,10
c69cbd965c9b106ba98123a7125673e8,hindi,real,real,Raga Desh.mp3,53,10
f4f0d380ac169a0708d6dbd881ebab24,hindi,real,real,Raga Desh.mp3,54,10
4a244ee005b016793a6a7ba90b34c5d5,hindi,real,real,Raga Desh.mp3,55,10
30412f69c8dbdc12f9816efb5deb4d3e,hindi,real,real,Raga Desh.mp3,56,10
23a9d9ae82131e5d671f8312294bdb48,hindi,real,real,Raga Desh.mp3,57,10
f9c21701c44ea8830ebff80f88213266,hindi,real,real,Raga Desh.mp3,58,10
ac98cfbf768ced50196e4e24f75fac46,hindi,real,real,Raga Desh.mp3,59,10
e2a88fe07ad5e57972badedd57fd5df6,hindi,real,real,Raga Desh.mp3,60,10
063f9375fb74d824313a14f2e970a429,hindi,real,real,Raga Desh.mp3,61,10
bafa150e6be7d1d3464f19c58cddc136,hindi,real,real,Raga Desh.mp3,62,10
7a4ad78a92eb5abaccd5aabb6ae3ae0f,hindi,real,real,Raga Desh.mp3,63,10
31421184e62dcc8117f6ead45a77d436,hindi,real,real,Raga Desh.mp3,64,10
232c8410f9c35ea902ca7983c6fb9488,hindi,real,real,Raga Desh.mp3,65,10
c703de8de8686fa635e1ea9d447e0913,hindi,real,real,Raga Desh.mp3,66,10
9b60383f9879de8fc1d1c7444d50539c,hindi,real,real,Raga Desh.mp3,67,10
156456fca0a839c68ef1769d3829efe8,hindi,real,real,Raga Desh.mp3,68,10
a379c5e199b6c3f098d9e52c71a10abb,hindi,real,real,Raga Desh.mp3,69,10
8bce9da5b0966e3b04a9074751625feb,hindi,real,real,Raga Desh.mp3,70,10
df8046ed36ac3ec02cb71eb428e80326,hindi,real,real,Raga Desh.mp3,71,10
d0db9247107ec1951228712914071cf8,hindi,real,real,Raga Desh.mp3,72,10
03ff95449ca6334bd26e74d73420a332,hindi,real,real,Raga Desh.mp3,73,10
c833e3ce7835333b5245cb1d5c435733,hindi,real,real,Raga Desh.mp3,74,10
d05cb4a06965d2272975c5dce095d647,hindi,real,real,Raga Desh.mp3,75,10
f8b5a49926c55cde6a41bbcefa6ef6dd,hindi,real,real,Raga Desh.mp3,76,10
c94ca02f9bdaf8353e23e3bbea07030f,hindi,real,real,Raga Desh.mp3,77,10
7731c4e3819abaa139b745c7c982f733,hindi,real,real,Raga Desh.mp3,78,10
4898833f383783f98efd9f49a3380165,hindi,real,real,Raga Desh.mp3,79,10
2d7e3c6ffbb8b7f548da27149a2e49d7,hindi,real,real,Raga Desh.mp3,80,10
21e8f461deca2ca352f9d13c1460927f,hindi,real,real,Raga Desh.mp3,81,10
49ef647fb8e846330364aac2190cd55f,hindi,real,real,Raga Desh.mp3,82,10
37a4482911a74a537be489204128ace6,hindi,real,real,Raga Desh.mp3,83,10
480755543682025e1d64202dd4344cab,hindi,real,real,Raga Desh.mp3,84,10
1d429b5afeefa205d5f1f7091bf86f6e,hindi,real,real,Raga Desh.mp3,85,10
2cfdb781a6b8328faa992da30f5d7afc,hindi,real,real,Raga Desh.mp3,86,10
6d3834f46c1aa8746d8298f2025daa72,hindi,real,real,Raga Desh.mp3,87,10
d8b17683d19a7261bdbfd9113c1873d8,hindi,real,real,Raga Desh.mp3,88,10
5f6daab3179f8ceb66d07148331a3362,hindi,real,real,Raga Desh.mp3,89,10
40f234c7d2f6b4446849d7a61c462e0c,hindi,real,real,Raga Desh.mp3,90,10
eb85f272c92e5d6f0391e93d566c2cba,hindi,real,real,Raga Desh.mp3,91,10
789d641c51c9f8c2de353b376a8ba93c,hindi,real,real,Raga Desh.mp3,92,10
c441d556f71752d319816da85db44361,hindi,real,real,Raga Desh.mp3,93,10
44a14dba5ca9e5b53514c7dbba10a24b,hindi,real,real,Raga Desh.mp3,94,10
825a32831716819a41025360ce4cd36f,hindi,real,real,Raga Desh.mp3,95,10
e908f5cb2adbb24333bd7edabc9de9be,hindi,real,real,Raga Desh.mp3,96,10
ae55f5849faaedc011c25ac65f1f3bbb,hindi,real,real,Raga Desh.mp3,97,10
035d9c9f91cd675fc070d88c1d8afae8,hindi,real,real,Raga Desh.mp3,98,10
d2426d8dc370659490a361c944fb3b0a,hindi,real,real,Raga Desh.mp3,99,10
8ba72ed4f53c8658364fd8f4bcec40cd,hindi,real,real,Raga Desh.mp3,100,10
4b65706689ff241ba21667865ea2f249,hindi,real,real,Raga Desh.mp3,101,10
f87c2cba5204e08564e1222d3612925f,hindi,real,real,Raga Desh.mp3,102,10
efe7ab43554e719223dbac4fd39b2a27,hindi,real,real,Raga Desh.mp3,103,10
52348793bca6db50ad53b492595cb9a7,hindi,real,real,Raga Desh.mp3,104,10
365232f0d9fab6436031cd4d5b79157e,hindi,real,real,Raga Desh.mp3,105,10
13c2807a63aa6914748d93f598e4b7a8,hindi,real,real,Raga Desh.mp3,106,10
1d8ce1881a0b2d270b714ee15e5516cd,hindi,real,real,Raga Desh.mp3,107,10
77b99677a8db4863639e4f13360cb156,hindi,real,real,Raga Desh.mp3,108,10
21830bd913a3f00942ac8e11df44ef67,hindi,real,real,Raga Desh.mp3,109,10
986d8ebe7ba419a02f73c317884288e9,hindi,real,real,Raga Desh.mp3,110,10
73ce5cef21a1e3e3d190c6ec436bc325,hindi,real,real,Raga Desh.mp3,111,10
ed5b211f0f8b409ad05de6e9c42ee18d,hindi,real,real,Raga Desh.mp3,112,10
49f52e451d839a3c17f5621901342fe0,hindi,real,real,Raga Desh.mp3,113,10
9f4ce631d7f0d191873d7ddd10f45b21,hindi,real,real,Raga Desh.mp3,114,10
36bf87ae9419625dadab1ca7a08342c8,hindi,real,real,Raga Desh.mp3,115,10
a744d2a434693b4115e0ce273e2aea42,hindi,real,real,Raga Desh.mp3,116,10
0917fd670efec2bc467e38b50e8a8992,hindi,real,real,Raga Desh.mp3,117,10
356a98142b20740b200dd95bee816cea,hindi,real,real,Raga Desh.mp3,118,10
53ab63b1763419d5752680d2f9f4fc17,hindi,real,real,Raga Desh.mp3,119,10
0c0435187c6b35c7e5221f9b39b1d62c,hindi,real,real,Raga Desh.mp3,120,10
1d77d358819724f3c98d66f552f9c7ac,hindi,real,real,Raga Desh.mp3,121,10
9a3c3859240545034fc4e9248cd41eb6,hindi,real,real,Raga Desh.mp3,122,10
bf575c79f3c594c2a2f174a0df650125,hindi,real,real,Raga Desh.mp3,123,10
1c12736ad757165ae53485ca00753efd,hindi,real,real,Raga Desh.mp3,124,10
d141a27f004cfff39e1afc0dfda9cec0,hindi,real,real,Raga Desh.mp3,125,10
30eb711e3ac76a84c6f3714c344d6cd6,hindi,real,real,Raga Desh.mp3,126,10
12f904b9f7d37634c9d5b94f046d9c16,hindi,real,real,Raga Desh.mp3,127,10
ca73a2e36fee15d40d08776765626260,hindi,real,real,Raga Desh.mp3,128,10
6dd7e294747dfb6e714f030e45e1d7f0,hindi,real,real,Raga Desh.mp3,129,10
028c67500fc838f3621029f96fc50651,hindi,real,real,Raga Desh.mp3,130,10
532ee8f40a2abea076d880da7bae146d,hindi,real,real,Raga Desh.mp3,131,10
22b01ad98f6244b6fbe0cb33a5b4d85a,hindi,real,real,Raga Desh.mp3,132,10
0712e312ecd5c7ae77366f87c7da3106,hindi,real,real,Raga Desh.mp3,133,10
168133b5d9bd2837643a3125fc7d487c,hindi,real,real,Raga Desh.mp3,134,10
63b698a548ad8ae30e076b6593f412aa,hindi,real,real,Raga Marwa.mp3,0,10
240b9426aa317dec7b5451bf24c812ee,hindi,real,real,Raga Marwa.mp3,1,10
151645ace8d427780dc8034af8689a1d,hindi,real,real,Raga Marwa.mp3,2,10
5f77959d377cc7efbf67824f9a3968d7,hindi,real,real,Raga Marwa.mp3,3,10
9262d64a432f4ece323f3896ff83832b,hindi,real,real,Raga Marwa.mp3,4,10
28c43c4e0e7eb6249787a3254a53a737,hindi,real,real,Raga Marwa.mp3,5,10
24860f1e846bc8ef95ba37e2c7559a28,hindi,real,real,Raga Marwa.mp3,6,10
5390f04507c859c4d63d146032553238,hindi,real,real,Raga Marwa.mp3,7,10
8ed7e446e42c0f63be2e189f02b5d20d,hindi,real,real,Raga Marwa.mp3,8,10
0bff47bd08f944a7b9dd684794c55286,hindi,real,real,Raga Marwa.mp3,9,10
d72dd905510181df5520029acbcf136a,hindi,real,real,Raga Marwa.mp3,10,10
c26f18518862efd96c05e9ec16e5f85d,hindi,real,real,Raga Marwa.mp3,11,10
897004b1dcb0134aa91feeab48fb0238,hindi,real,real,Raga Marwa.mp3,12,10
9b5b4b5141fac894843dc130266c5e63,hindi,real,real,Raga Marwa.mp3,13,10
48c949cb3cf93300dad3f6b81797d8f9,hindi,real,real,Raga Marwa.mp3,14,10
746b341188fdf92e684d23e8ddee3534,hindi,real,real,Raga Marwa.mp3,15,10
6952192162201fb42d8aeec0ecf14d5a,hindi,real,real,Raga Marwa.mp3,16,10
dce08aec05d1f51f5ac535425290af3c,hindi,real,real,Raga Marwa.mp3,17,10
53ceca259f49e320d9578026f668164a,hindi,real,real,Raga Marwa.mp3,18,10
f72389ff5d2c84f16919a8c4fabef16b,hindi,real,real,Raga Marwa.mp3,19,10
ad283186964c67c11e341b0b683b09c7,hindi,real,real,Raga Marwa.mp3,20,10
be2146f5cc2a8825a9f0dbb83703dfb4,hindi,real,real,Raga Marwa.mp3,21,10
ef3c67ca1f8284cf56a3ecac9172bdfe,hindi,real,real,Raga Marwa.mp3,22,10
e29635190eeddcaacc5aa56c4c513341,hindi,real,real,Raga Marwa.mp3,23,10
035f1408ffd7be1e0362e1520699440f,hindi,real,real,Raga Marwa.mp3,24,10
4751aa0b12233ebbe249f4ce9cafa1fc,hindi,real,real,Raga Marwa.mp3,25,10
8011c199082c29ef78f847ec3a0e64e7,hindi,real,real,Raga Marwa.mp3,26,10
01ffaef2a6a3775e8deed32030c46053,hindi,real,real,Raga Marwa.mp3,27,10
febbfb55cfc43fd95aa796e971d7d9d4,hindi,real,real,Raga Marwa.mp3,28,10
dcf84e1127740d7bf589d48efe5acfea,hindi,real,real,Raga Marwa.mp3,29,10
dec745c27940507bfe6f772f5cfeaff9,hindi,real,real,Raga Marwa.mp3,30,10
e79c226d77c6dc16f123eddab43d87f2,hindi,real,real,Raga Marwa.mp3,31,10
c0fb15ed385880e85304cfb44e3448cf,hindi,real,real,Raga Marwa.mp3,32,10
bec0a50ee4ada98dd7c75f2680cd2e86,hindi,real,real,Raga Marwa.mp3,33,10
ad1fe469490fdddad1099f4d2f7758d6,hindi,real,real,Raga Marwa.mp3,34,10
82f3586f21e2f676f98f1c1838d55ac4,hindi,real,real,Raga Marwa.mp3,35,10
51190818092a479015b88921bf6e6253,hindi,real,real,Raga Marwa.mp3,36,10
e29fb0a4ad1f00167327c8f994d79f16,hindi,real,real,Raga Marwa.mp3,37,10
733d47cc434a514bc7671e84e57aba6b,hindi,real,real,Raga Marwa.mp3,38,10
f3b2c1d28294582f034cb88216cd47c5,hindi,real,real,Raga Marwa.mp3,39,10
ccf912c85fac9f039e5324003468a67b,hindi,real,real,Raga Marwa.mp3,40,10
5250be4efa999ba9e02c24f2050aac4b,hindi,real,real,Raga Marwa.mp3,41,10
bad43132afef605c5468fce9c7a84d36,hindi,real,real,Raga Marwa.mp3,42,10
3c3a0d244d18ecb4e1724a166bab6a69,hindi,real,real,Raga Marwa.mp3,43,10
eab3110f6617d7bc82004890e4e3c175,hindi,real,real,Raga Marwa.mp3,44,10
652628bcf7ad375a7e782589f4ff49bd,hindi,real,real,Raga Marwa.mp3,45,10
6d4319589b022542d6ee58c64a1899b3,hindi,real,real,Raga Marwa.mp3,46,10
2d083b3109f9bcb9f2fef9f74f625973,hindi,real,real,Raga Marwa.mp3,47,10
161f9bb112836fdf7f836d9fb9fe07b6,hindi,real,real,Raga Marwa.mp3,48,10
f32b837936a9a69056557c0ff7cb924f,hindi,real,real,Raga Marwa.mp3,49,10
151059d108f5835fed10aa94d71f92c6,hindi,real,real,Raga Marwa.mp3,50,10
f4bf8e09195432ce6bdcc2e366a3d583,hindi,real,real,Raga Marwa.mp3,51,10
a4a0068f2c34fa08c6550d405fad50e9,hindi,real,real,Raga Marwa.mp3,52,10
3d53a6e7fba2e302cc4a872b46f26116,hindi,real,real,Raga Marwa.mp3,53,10
25bcab33278e1d9df8b107be7eb7b40a,hindi,real,real,Raga Marwa.mp3,54,10
fd0af1a3695f44090b39cbd4fdd029ea,hindi,real,real,Raga Marwa.mp3,55,10
4623dfbc5c95faaad1c91457228c47d1,hindi,real,real,Raga Marwa.mp3,56,10
b3b65c50d1661269a028909329551734,hindi,real,real,Raga Marwa.mp3,57,10
ac3c36662b7c27210bc039c6a4b8509b,hindi,real,real,Raga Marwa.mp3,58,10
59ea1dc8b5ce41f17b5f6c13467d63bd,hindi,real,real,Raga Marwa.mp3,59,10
14d3f21ac24789e3d334380e66f7bf95,hindi,real,real,Raga Marwa.mp3,60,10
0defa23d12057b3295b4fe69b836e111,hindi,real,real,Raga Marwa.mp3,61,10
296aebce1f153d7141e136e3e32c6bbf,hindi,real,real,Raga Marwa.mp3,62,10
cf35248edd8592685a855c11a9e4504e,hindi,real,real,Raga Marwa.mp3,63,10
f5b8fdd926582296f60e64d39c74f515,hindi,real,real,Raga Marwa.mp3,64,10
975dadbb54804aba4168118bbac950b5,hindi,real,real,Raga Marwa.mp3,65,10
037c62812b41a063f78c5ced460a5356,hindi,real,real,Raga Marwa.mp3,66,10
931706e4599830e438be339392350a80,hindi,real,real,Raga Marwa.mp3,67,10
db99be154f50c22d25e269ec2970848b,hindi,real,real,Raga Marwa.mp3,68,10
39f7d08986bfea97c5b784f8a1479db5,hindi,real,real,Raga Marwa.mp3,69,10
e3e6902c85aaf11704515970a953d688,hindi,real,real,Raga Marwa.mp3,70,10
5d5a18b05a76fd3d44233163ea5530b6,hindi,real,real,Raga Marwa.mp3,71,10
07fe694aaa686b2685ca3afd936523b2,hindi,real,real,Raga Marwa.mp3,72,10
870374e7bb9ddfb3769605ce2a158be3,hindi,real,real,Raga Marwa.mp3,73,10
994de3bdd526d18fda6477ca510f22d6,hindi,real,real,Raga Marwa.mp3,74,10
ab4517682079b603e1bb6577a7878991,hindi,real,real,Raga Marwa.mp3,75,10
73fbc9e01a747bff082407c3536d4ad8,hindi,real,real,Raga Marwa.mp3,76,10
9231c231861b05d2c0f2cdcad0eb5301,hindi,real,real,Raga Marwa.mp3,77,10
67fbd4ecff4da1bfc3173b4fb8c4cae4,hindi,real,real,Raga Marwa.mp3,78,10
80e69d79813c86c5a707ed765e14ce95,hindi,real,real,Raga Marwa.mp3,79,10
b9cb5213ad41d16f9575d70c77b3a929,hindi,real,real,Raga Marwa.mp3,80,10
6310f903a44b7d87e9e2317f5bde8718,hindi,real,real,Raga Marwa.mp3,81,10
23178d17e63492f373ebc2fba6aaabcd,hindi,real,real,Raga Marwa.mp3,82,10
bccef8f1de33a454805ddf03e35fdb95,hindi,real,real,Raga Marwa.mp3,83,10
1fdb36b18fc82fed3337456abf35e14c,hindi,real,real,Raga Marwa.mp3,84,10
696da2280fceb70772589bc3b2461e6e,hindi,real,real,Raga Marwa.mp3,85,10
b01316544a9d6640d05322fe3ec9d063,hindi,real,real,Raga Marwa.mp3,86,10
b3800350df47745a277848ed37b1de64,hindi,real,real,Raga Marwa.mp3,87,10
35a62261984694827760fd68a7d10f3a,hindi,real,real,Raga Marwa.mp3,88,10
054734834798d39b6200b69531d3ed40,hindi,real,real,Raga Marwa.mp3,89,10
4af61e314e5be2786ff2d716959e3741,hindi,real,real,Raga Marwa.mp3,90,10
e6726421037500c5f20c5df4350f925a,hindi,real,real,Raga Marwa.mp3,91,10
c9b5d1c904b2dd76856a340b7ff7fc39,hindi,real,real,Raga Marwa.mp3,92,10
8f30571001420501e0cdcadab097c099,hindi,real,real,Raga Marwa.mp3,93,10
bc2651aca7e4fc79f6491afe1ca1d5ba,hindi,real,real,Raga Marwa.mp3,94,10
9c7b53cb002bebffcb6f09d734f6aaa5,hindi,real,real,Raga Marwa.mp3,95,10
ec44e80e64935b68a99ef46ed44cce26,hindi,real,real,Raga Marwa.mp3,96,10
bec77e11cdec2b19b1b69b24ad06e8c3,hindi,real,real,Raga Marwa.mp3,97,10
74cfe2e623d431d8d7638cda588449a5,hindi,real,real,Raga Marwa.mp3,98,10
20142995f26e0f44409d55794c4dcae9,hindi,real,real,Raga Marwa.mp3,99,10
42896deb362b4d2e46854cd3f46e3db2,hindi,real,real,Raga Marwa.mp3,100,10
37e70647e730d3237f4a225e2185e49d,hindi,real,real,Raga Marwa.mp3,101,10
ccfa413e02771061943b314fbe8a5664,hindi,real,real,Raga Marwa.mp3,102,10
60ae8645a94975e4602c07e51d83e97e,hindi,real,real,Raga Marwa.mp3,103,10
32bbc33d845826f9e5ca6074d18714a8,hindi,real,real,Raga Marwa.mp3,104,10
15ab1f2f5379aed0003e6b7f1e906c79,hindi,real,real,Raga Marwa.mp3,105,10
76b2fbd53603002bddc098250a34d869,hindi,real,real,Raga Marwa.mp3,106,10
406cb9c7fab01644d233014a35adf0a5,hindi,real,real,Raga Marwa.mp3,107,10
ac4e06bbd8a1e50fc3101d408b2f5d3d,hindi,real,real,Raga Marwa.mp3,108,10
aa0770c878ff8d24da6db8260473cb13,hindi,real,real,Raga Marwa.mp3,109,10
ade1009e54c7da7ecdab16979ec413ab,hindi,real,real,Raga Marwa.mp3,110,10
8c357dc4107bc0f60c308946abbbf3e7,hindi,real,real,Raga Marwa.mp3,111,10
3a17c19394acd25e2181a7351c2dab32,hindi,real,real,Raga Marwa.mp3,112,10
38343de862255536165df985286ed06d,hindi,real,real,Raga Marwa.mp3,113,10
2aa60a080587504c40e50f99f096b471,hindi,real,real,Raga Marwa.mp3,114,10
f1966a687da39af20c6827c03e21dda2,hindi,real,real,Raga Marwa.mp3,115,10
7911a3a789cb60d1ee9617a9ffc302d4,hindi,real,real,Raga Marwa.mp3,116,10
ef516cbe31bbbad6b153e37f5e5729b9,hindi,real,real,Raga Marwa.mp3,117,10
7a9c30fd7038e7ff335c89c90671a9e9,hindi,real,real,Raga Marwa.mp3,118,10
f60427f3c395c4da6c180a2c22ad59f2,hindi,real,real,Raga Marwa.mp3,119,10
4e68ebf65d277534c757b266ccb99f43,hindi,real,real,Raga Marwa.mp3,120,10
c1292ac684d374e4ecb5874bdd3ba664,hindi,real,real,Raga Marwa.mp3,121,10
bb3a555586e9d1e3ffa18f569a67187b,hindi,real,real,Raga Marwa.mp3,122,10
8a2077fa739b4bd98d116d879e1ecfdb,hindi,real,real,Raga Marwa.mp3,123,10
5419e81150edaa194c6f284e72028b98,hindi,real,real,Raga Marwa.mp3,124,10
b22d5fe33c86564eb091749b671d3ce0,hindi,real,real,Raga Marwa.mp3,125,10
51e5f26fde34ebaba39b1a4cb4761d1f,hindi,real,real,Raga Marwa.mp3,126,10
acee823c27bbe90838b531738d85541e,hindi,real,real,Raga Marwa.mp3,127,10
828b6e60b9a80035bbcd1c3941425db8,hindi,real,real,Raga Marwa.mp3,128,10
d8cdc4b7c7dc09fe10018e7cf14945e2,hindi,real,real,Raga Marwa.mp3,129,10
a6474a4adf4e457c2421c65ba0fe6c40,hindi,real,real,Raga Marwa.mp3,130,10
0c9d7e4f27007b6095d72f18015cd7a7,hindi,real,real,Raga Marwa.mp3,131,10
cdd11ff1522b745ca8798ee0c826790c,hindi,real,real,Raga Marwa.mp3,132,10
d91581fa8d4615ecf022aad2bd2754d1,hindi,real,real,Raga Marwa.mp3,133,10
efe9ff93e663369784b605de9af7bbbe,hindi,real,real,Raga Marwa.mp3,134,10
b27c264c5f027e17193029fa5148f75e,hindi,real,real,Raga Marwa.mp3,135,10
bf44b876dfebd1f470d48152bfcd62ef,hindi,real,real,Raga Marwa.mp3,136,10
9246e205b4eec11b5f8590fe06a515dc,hindi,real,real,Raga Marwa.mp3,137,10
ad0935394b1b3074faa069a5b7c96fdc,hindi,real,real,Raga Marwa.mp3,138,10
ec280544cd9c4f83d6376c6320ad43e9,hindi,real,real,Raga Marwa.mp3,139,10
9c70f5ae16a156e1fd114f2efa4daa06,hindi,real,real,Raga Marwa.mp3,140,10
62efebc6a207a8b65512f6403ed0b2f8,hindi,real,real,Raga Marwa.mp3,141,10
0a9df342c8e0b22f8c678ae3e44ac74a,hindi,real,real,Raga Marwa.mp3,142,10
e5059c55eedcaed8826399462a051fe4,hindi,real,real,Raga Marwa.mp3,143,10
72a8224608c39759ed39a439f815a6b8,hindi,real,real,Raga Marwa.mp3,144,10
700d492f726b63744f47991b89f0e9a4,hindi,real,real,Raga Marwa.mp3,145,10
94e9e5a050f4cc2078c072a82522bbb4,hindi,real,real,Raga Marwa.mp3,146,10
b8b40395e5a2f99190dc5875dd540b23,hindi,real,real,Raga Marwa.mp3,147,10
f27a47385b50ea83789241cb5d72358e,hindi,real,real,Raga Marwa.mp3,148,10
3d2a1dd5371cc4092322ca451a648383,hindi,real,real,Raga Marwa.mp3,149,10
de2d93f187d16422cbb7063ea8867759,hindi,real,real,Raga Marwa.mp3,150,10
6eff47cacb34db6315e63e350412b19c,hindi,real,real,Raga Marwa.mp3,151,10
036da825bdb2b1fc5a8059445ff392a2,hindi,real,real,Raga Marwa.mp3,152,10
5ea23ee7636f8a76a056f450e1cd3077,hindi,real,real,Raga Marwa.mp3,153,10
0add77b77db0f7e0357eccb054cc479d,hindi,real,real,Raga Marwa.mp3,154,10
8974900b299eaa239015be996cccbc0d,hindi,real,real,Raga Marwa.mp3,155,10
1da8c481fe4b80650af6db1a866fe13d,hindi,real,real,Raga Marwa.mp3,156,10
4ae60cc7e7743a835ca6f4ebca2bbf18,hindi,real,real,Raga Marwa.mp3,157,10
f52cfc9f4d352a451ebd807d223962c7,hindi,real,real,Raga Marwa.mp3,158,10
fdfa66f6149a267cbe3c8a297fd1cfe1,hindi,real,real,Raga Marwa.mp3,159,10
6ed23d06b42507d65945cf07feea37e3,hindi,real,real,Raga Marwa.mp3,160,10
ff4305eafa72fe4e52d33f2bf5c0cd99,hindi,real,real,Raga Marwa.mp3,161,10
370effa00cecba072b996b0c0207dd41,hindi,real,real,Raga Marwa.mp3,162,10
30d82e5028ff5a93c4be495e378242e0,hindi,real,real,Raga Marwa.mp3,163,10
393983c916d7f715e466083eb082f5e6,hindi,real,real,Raga Marwa.mp3,164,10
1915941ade2480531974f88489ec6137,hindi,real,real,Raga Marwa.mp3,165,10
0eba96f57a8eab409b6f1cb89f428321,hindi,real,real,Raga Marwa.mp3,166,10
a22663784c36b137db45333e71c7df10,hindi,real,real,Raga Marwa.mp3,167,10
e679233ee31d4618deb9ad8f632a5f33,hindi,real,real,Raga Marwa.mp3,168,10
1ee16e29bec2f0123214e3dbc074f004,hindi,real,real,Raga Marwa.mp3,169,10
b33871769c2d5127f9713b3e0ddeb315,hindi,real,real,Raga Marwa.mp3,170,10
5ea7b1819d2c9cd92ee834a982cc0771,hindi,real,real,Raga Marwa.mp3,171,10
54198cead3eca8093744ab9a5618667e,hindi,real,real,Raga Marwa.mp3,172,10
d586af2dc297af55ff27cbe57234a524,hindi,real,real,Raga Marwa.mp3,173,10
685027d2c2bcc6a282f24f21009ec4ad,hindi,real,real,Raga Marwa.mp3,174,10
765b5224f8130a800b81e5af273bcb67,hindi,real,real,Raga Marwa.mp3,175,10
983a37d940def66b4512569f4cb007ce,hindi,real,real,Raga Marwa.mp3,176,10
718af743e51e6bd42c5c05ce8354f9be,hindi,real,real,Raga Marwa.mp3,177,10
191541e0947599dd306061ac0dd2a74b,hindi,real,real,Raga Marwa.mp3,178,10
8c0c7d3ec50f0f69da8be117e25b7152,hindi,real,real,Raga Marwa.mp3,179,10
51ff93b5833b7cbbcb087f24b95733fe,hindi,real,real,Raga Marwa.mp3,180,10
06ebd1e6d7b69d141b55b804d434b021,hindi,real,real,Raga Marwa.mp3,181,10
a451205053c168e31d0258bbfb07a5f3,hindi,real,real,Raga Marwa.mp3,182,10
b987aa4f22f2858793ff639b9f9cb974,hindi,real,real,Raga Marwa.mp3,183,10
d550312706c51b0b675c1171afb01961,hindi,real,real,Raga Marwa.mp3,184,10
71154c65bce5a408b328f70b329fddbe,hindi,real,real,Raga Marwa.mp3,185,10
0b60d1280c3ccd6446e418ccb67556eb,hindi,real,real,Raga Marwa.mp3,186,10
8d1a7c6b57d66035ecb064a61bf62456,hindi,real,real,Raga Marwa.mp3,187,10
f9d999401e6adb3e1bfc75735ff29ab7,hindi,real,real,Raga Marwa.mp3,188,10
a90b9b2d0b8e859b2f6669e0b7cc95fd,hindi,real,real,Raga Marwa.mp3,189,10
517477aca0af24d36f64ff2dcef8b50a,hindi,real,real,Raga Marwa.mp3,190,10
1f2d9399a293db3f0b98f711606c533a,hindi,real,real,Raga Marwa.mp3,191,10
722bb84129b0c3adb4f297559ae13ce6,hindi,real,real,Raga Marwa.mp3,192,10
16bf56e9185bc58fed0de22d7cc79bd5,hindi,real,real,Raga Marwa.mp3,193,10
e2d0389d2044212b43749614be8e8439,hindi,real,real,Raga Marwa.mp3,194,10
e8320ab5069a4a1ca330d216f105c0f9,hindi,real,real,Raga Marwa.mp3,195,10
6152a592ceb2e715d5003278871fbe32,hindi,real,real,Raga Marwa.mp3,196,10
08adf52bae1308bce4a84d3fbcdbba70,hindi,real,real,Raga Marwa.mp3,197,10
f07495f3fa928279bfd91952f50d5829,hindi,real,real,Raga Marwa.mp3,198,10
f7962d3548f0ab5f9e959b3a70fa181b,hindi,real,real,Raga Marwa.mp3,199,10
b155eccb77cb7356b203e04d7c653e40,hindi,real,real,Raga Marwa.mp3,200,10
a095571c0bd162403f519e02a5f1208c,hindi,real,real,Raga Marwa.mp3,201,10
4ec1e81ef3f46ec01cf99a10a44ed026,hindi,real,real,Raga Marwa.mp3,202,10
b2678330923f7e9a0c983e1fcae7c73c,hindi,real,real,Raga Marwa.mp3,203,10
d23de1ee3e05e517fe31caefcc0aa11c,hindi,real,real,Raga Marwa.mp3,204,10
66845315af6fd1b0de3364cf7d96d702,hindi,real,real,Raga Marwa.mp3,205,10
a1b58bec09aef9eecedb11436021d088,hindi,real,real,Raga Marwa.mp3,206,10
72d7bedae690ad84ded373ddfdbdfdb0,hindi,real,real,Raga Marwa.mp3,207,10
b9fe5a2538eaaf3997445e8df30c45f6,hindi,real,real,Raga Marwa.mp3,208,10
afc0cccdb16ce4ccfe02739902229c07,hindi,real,real,Raga Marwa.mp3,209,10
82fa029e359fd1c42a3a53753fb9fb3c,hindi,real,real,Raga Marwa.mp3,210,10
226012c7eaaa4b1a987cd7b8aff0b979,hindi,real,real,Raga Marwa.mp3,211,10
be2eeaa4db39b3f7e309fd58f211ab29,hindi,real,real,Raga Marwa.mp3,212,10
ce2e9bab27b6c498493628b9ad3cdc46,hindi,real,real,Raga Marwa.mp3,213,10
3a7fc8f750836899ad0333ac45b60c94,hindi,real,real,Raga Marwa.mp3,214,10
be3cb4a7e11aab2b5bf6d266df776d3e,hindi,real,real,Raga Marwa.mp3,215,10
664d8cc578e5cd9359b055684c13d5e2,hindi,real,real,Raga Marwa.mp3,216,10
b73f3297180869726188ba0b9c85d43c,hindi,real,real,Raga Marwa.mp3,217,10
0964eb85644526a3431531c39c6fe406,hindi,real,real,Raga Marwa.mp3,218,10
ca6034ae96de212b9668fe785a621e8c,hindi,real,real,Raga Marwa.mp3,219,10
d08911a3b1bbf205cc37be51a07a58f6,hindi,real,real,Raga Marwa.mp3,220,10
aced49152e7e38b722d66ac2eae4f493,hindi,real,real,Raga Marwa.mp3,221,10
98b08dd38c721d5e34f2da740046d4cf,hindi,real,real,Raga Marwa.mp3,222,10
8bb5180cf3dd3968d9d5a9f6ffc378fe,hindi,real,real,Raga Marwa.mp3,223,10
4f9281a67644b8020654af87d4ed5ea1,hindi,real,real,Raga Marwa.mp3,224,10
85b280e834a559116e85039b5ed66813,hindi,real,real,Raga Marwa.mp3,225,10
06f04ac83d2925c3fe00242ab8f35980,hindi,real,real,Raga Marwa.mp3,226,10
c2e004183b3fff8d7ef1ef5776f57aac,hindi,real,real,Raga Marwa.mp3,227,10
425cd88d9032ddd5a8bf2f7c163b6fa9,hindi,real,real,Raga Marwa.mp3,228,10
e075d23329d50551ac159d4b7ef91062,hindi,real,real,Raga Marwa.mp3,229,10
22521ccc819fee1006bd6436a823259a,hindi,real,real,Raga Marwa.mp3,230,10
dd7b30196f0c04238ab39838d217e557,hindi,real,real,Raga Marwa.mp3,231,10
fc6a37345af015cc7b75fdfcd8b9da5a,hindi,real,real,Raga Marwa.mp3,232,10
38b78a76a7f8eb74047d48f815766ec4,hindi,real,real,Raga Marwa.mp3,233,10
56dcc9e99ae310e9536a8375172ad26a,hindi,real,real,Raga Marwa.mp3,234,10
80107bc82265ec7dcdba6e65e02b03b8,hindi,real,real,Raga Marwa.mp3,235,10
0cf09cf4ff6e8e42ecbeebadc8d45f13,hindi,real,real,Raga Marwa.mp3,236,10
361be63288c6f47d5bf7ab60df9a2342,hindi,real,real,Raga Marwa.mp3,237,10
b618ce0be57d14a46c49c1bf1d62a702,hindi,real,real,Raga Marwa.mp3,238,10
d106e75515098a4379e3c53accf99dbd,hindi,real,real,Raga Marwa.mp3,239,10
b6c676ea2a8314bb3337c060a867eeb5,hindi,real,real,Raga Marwa.mp3,240,10
c1916f50779f8ce366af313713483356,hindi,real,real,Raga Marwa.mp3,241,10
c05399bd58d6c6839c2365c16d22e47e,hindi,real,real,Raga Marwa.mp3,242,10
560081b20800ddcce49692dfa297f282,hindi,real,real,Raga Marwa.mp3,243,10
cd100368e57c6972fa7762380b123d7a,hindi,real,real,Raga Marwa.mp3,244,10
caddd4702216137ed54eb2af614ea741,hindi,real,real,Raga Marwa.mp3,245,10
a797f4bab275c4c7c18a895589c2d5aa,hindi,real,real,Raga Marwa.mp3,246,10
7eb379f166193d89e7730963e506d920,hindi,real,real,Raga Marwa.mp3,247,10
e81acc3c31469d670ea68f3af9a9c0bb,hindi,real,real,Raga Marwa.mp3,248,10
aaa64b88da2c5cd07557b0323fe9d579,hindi,real,real,Raga Marwa.mp3,249,10
aff30ce976cabb020e7262f6687c4b8e,hindi,real,real,Raga Marwa.mp3,250,10
91b8d0cc89e56359038eebf656ce0acd,hindi,real,real,Raga Marwa.mp3,251,10
6126a3b88589cf391c2b0361803f624b,hindi,real,real,Raga Marwa.mp3,252,10
2ff42ca885aca2aac21f5bd1bdb4597e,hindi,real,real,Raga Marwa.mp3,253,10
e2e9ddea7205280cb2565e981de679dc,hindi,real,real,Raga Marwa.mp3,254,10
8315fe8e0f3c96f3fbc774dbf0e77238,hindi,real,real,Raga Marwa.mp3,255,10
662f2c9050f68575aa1ea08a7edb388f,hindi,real,real,Raga Marwa.mp3,256,10
094e80d08fb6fbee1c34bc9a8e3aae5c,hindi,real,real,Raga Marwa.mp3,257,10
0056ce6ac99669b4ff4859d1f3261597,hindi,real,real,Raga Marwa.mp3,258,10
30eef546d6a79a9ffa4269ee951ee410,hindi,real,real,Raga Marwa.mp3,259,10
eb449cac1637cf665fe1ac35b4cee5b2,hindi,real,real,Raga Marwa.mp3,260,10
e6717008ddcf0f1c9d68ef2bb06c9ca2,hindi,real,real,Raga Marwa.mp3,261,10
670ef8abf131f191b3d754508d21d61b,hindi,real,real,Raga Marwa.mp3,262,10
fa8d322cde97bff670d45233a6d54867,hindi,real,real,Raga Marwa.mp3,263,10
4cb46732019779c7ec188ba6684e17a7,hindi,real,real,Raga Marwa.mp3,264,10
7e26c3057122e77541c17e0441eb9cc9,hindi,real,real,Raga Marwa.mp3,265,10
a42e4662f476ef7f5a1a2d27c4dd8421,hindi,real,real,Raga Marwa.mp3,266,10
584e36c44d8d2460fa81d0d80c94924d,hindi,real,real,Raga Marwa.mp3,267,10
26255362d0a3bd6ad1a7b5b6cb4a1235,hindi,real,real,Raga Marwa.mp3,268,10
fa95b93575d650268187b2f63443609d,hindi,real,real,Raga Marwa.mp3,269,10
fa00f8688423818549590d4a9010eff4,hindi,real,real,Raga Marwa.mp3,270,10
ea39b566029d3ce02517a116e191ec86,hindi,real,real,Raga Marwa.mp3,271,10
1403de868d23dbe6bdde2a3d2f07d6a3,hindi,real,real,Raga Marwa.mp3,272,10
4931f9d7a4fd7479b0783cfe8550ec9d,hindi,real,real,Thumri - Chaiti.mp3,0,10
f75c7c2f7bdb890afb5c30b0518c5ee2,hindi,real,real,Thumri - Chaiti.mp3,1,10
4fd919e9d658b591b37534e51e322f0c,hindi,real,real,Thumri - Chaiti.mp3,2,10
8f269b484f546601369ff2e0cc7b642b,hindi,real,real,Thumri - Chaiti.mp3,3,10
fa0f8c6ab90da5799ed8fe01b5c14783,hindi,real,real,Thumri - Chaiti.mp3,4,10
750afbfa6a9e4b76b13cb7173c63a303,hindi,real,real,Thumri - Chaiti.mp3,5,10
af5bb59b8efa1489738e2c875ad2e72b,hindi,real,real,Thumri - Chaiti.mp3,6,10
4bf4aaa82068c7351f14033b0cab4254,hindi,real,real,Thumri - Chaiti.mp3,7,10
96838f93168028dca2f2db02bd72d9e8,hindi,real,real,Thumri - Chaiti.mp3,8,10
4bb3a006915a913dd7528ee0dd69fb42,hindi,real,real,Thumri - Chaiti.mp3,9,10
5f23e4a21f47a4b8c924d0d2ae598590,hindi,real,real,Thumri - Chaiti.mp3,10,10
1c85711e28b96915e9d3ced66948814a,hindi,real,real,Thumri - Chaiti.mp3,11,10
9091a0c301a5d44e7086b380a42780f4,hindi,real,real,Thumri - Chaiti.mp3,12,10
d551c6eecbfc1a8eed9fc4f36fe7c74d,hindi,real,real,Thumri - Chaiti.mp3,13,10
e0ec5e6abbb1a2ee2872e910a6f07d5b,hindi,real,real,Thumri - Chaiti.mp3,14,10
5ad33cc5ac7a253539ccc80f5c1ed5a1,hindi,real,real,Thumri - Chaiti.mp3,15,10
8f9377923fc3b86f505dbaba51879625,hindi,real,real,Thumri - Chaiti.mp3,16,10
02d85dd3b29927d0810d51a2e644ff27,hindi,real,real,Thumri - Chaiti.mp3,17,10
536753d63ad7ccb90c136f60ff7cbf99,hindi,real,real,Thumri - Chaiti.mp3,18,10
49dbffcbb60de9d65568f3a2e3bc435f,hindi,real,real,Thumri - Chaiti.mp3,19,10
5856ac940bfdbb87070d5182552219af,hindi,real,real,Thumri - Chaiti.mp3,20,10
89665464aa8716561a0410b5bb6ebf49,hindi,real,real,Thumri - Chaiti.mp3,21,10
59b881535ca9682dda512553c8acebba,hindi,real,real,Thumri - Chaiti.mp3,22,10
1f64570913b4d98fa65eb1ccfdffa2f7,hindi,real,real,Thumri - Chaiti.mp3,23,10
e5384669184c18ca7357afe43c078070,hindi,real,real,Thumri - Chaiti.mp3,24,10
5ba5c22a5eec2c68a6bf80b13fa02782,hindi,real,real,Thumri - Chaiti.mp3,25,10
d3e24145b951b7cdef848e4305c4d8d0,hindi,real,real,Raga Kafi.mp3,0,10
490c901996e1163d402f83dbf30e5f94,hindi,real,real,Raga Kafi.mp3,1,10
1759ce0b7a71ddfc3d581ab6172da749,hindi,real,real,Raga Kafi.mp3,2,10
796e16a3a3ab8bc47536dcc1bd26507d,hindi,real,real,Raga Kafi.mp3,3,10
31fa2e8d69acbb3b30af627a3f09eec4,hindi,real,real,Raga Kafi.mp3,4,10
74f3016930b15979c643aeeae9b95ffa,hindi,real,real,Raga Kafi.mp3,5,10
479938019d61f4c6610eca46a5dd2826,hindi,real,real,Raga Kafi.mp3,6,10
af468cfd524b7b896672dba809701236,hindi,real,real,Raga Kafi.mp3,7,10
cc9096aa10d45e3b93c894f3c6dd8344,hindi,real,real,Raga Kafi.mp3,8,10
b9364f85255be3a9c6fba95dfe8bf6d4,hindi,real,real,Raga Kafi.mp3,9,10
87bffa75d622bee2259e1596e47f0919,hindi,real,real,Raga Kafi.mp3,10,10
a3a0f7ea2d0bd6817edc8fb93d9f2fc0,hindi,real,real,Raga Kafi.mp3,11,10
401d918d3fa6abd4b06fea9288eb0470,hindi,real,real,Raga Kafi.mp3,12,10
8f25a4a12c1b0af17b6ce3c6dc365e79,hindi,real,real,Raga Kafi.mp3,13,10
effaee41e6530c9c2cb8134293786bb6,hindi,real,real,Raga Kafi.mp3,14,10
32459667b29f4b0ad727566dce07d9af,hindi,real,real,Raga Kafi.mp3,15,10
c72a8a3df81779e892bcf146f2c49cf3,hindi,real,real,Raga Kafi.mp3,16,10
4d8759f553dc734b8337a9c1144ebbf3,hindi,real,real,Raga Kafi.mp3,17,10
a7dfbd3025294959b42a04f3daa6ecfc,hindi,real,real,Raga Kafi.mp3,18,10
f292e567674b75841202d8d225b590f7,hindi,real,real,Raga Kafi.mp3,19,10
0d5a73f06ad3b16459a276fc195a6afc,hindi,real,real,Raga Kafi.mp3,20,10
94388bf815d2374ff23892118164e310,hindi,real,real,Raga Kafi.mp3,21,10
ab5a2cd4a2125f8dea92bf40c195efb1,hindi,real,real,Raga Kafi.mp3,22,10
517fad6b7f5abbe4339b23ceef97fca8,hindi,real,real,Raga Kafi.mp3,23,10
bf54cffc6364cf3ae8ca0e70e95120ae,hindi,real,real,Raga Kafi.mp3,24,10
2d8711153540a64dd4f0ce2b294b8239,hindi,real,real,Raga Kafi.mp3,25,10
0fe82538ef0fce800ca20cec7de672c9,hindi,real,real,Raga Kafi.mp3,26,10
90e4bc96c0f1f193b6a9971db3c873e5,hindi,real,real,Raga Kafi.mp3,27,10
7e72c88a944230d5f6d94da741bcd7c7,hindi,real,real,Raga Kafi.mp3,28,10
ec971c2a1145cb1314c2a0ca3d7ee762,hindi,real,real,Raga Kafi.mp3,29,10
436e9fd2303a72279715ec9520592deb,hindi,real,real,Raga Kafi.mp3,30,10
9bf629bf1aaa5a487ffc1b6f9473b934,hindi,real,real,Raga Kafi.mp3,31,10
2b12217b931d64e18e96fd23053c4a06,hindi,real,real,Raga Kafi.mp3,32,10
5bb3d56906a0c61f592b0d5e12a8cfe9,hindi,real,real,Raga Kafi.mp3,33,10
74620b7d4812b1321706d2069d86813a,hindi,real,real,Raga Kafi.mp3,34,10
bc578fb98597b555272987325bc8b8ad,hindi,real,real,Raga Kafi.mp3,35,10
0bb1391f079d1fb4b1e5feb7d3f9229a,hindi,real,real,Raga Kafi.mp3,36,10
a1123c93aa279d7639723e2dc9a8fb4e,hindi,real,real,Raga Kafi.mp3,37,10
de5d52acea5fcbf781e162f7a02c0126,hindi,real,real,Raga Kafi.mp3,38,10
6e0077039060348e5f1144dd65c6e7d4,hindi,real,real,Raga Kafi.mp3,39,10
d09855e57306b06dc6f98368ab9dc239,hindi,real,real,Raga Kafi.mp3,40,10
2f8efd188b067189f8fc07ea4dde24dc,hindi,real,real,Raga Kafi.mp3,41,10
2c667e70a59a5f7da969ccb4fef2d173,hindi,real,real,Raga Kafi.mp3,42,10
1e214505d9f161c185a4e908e789ea7e,hindi,real,real,Raga Kafi.mp3,43,10
068980ab61cb17d7f988e14a4fa291f8,hindi,real,real,Raga Kafi.mp3,44,10
c6d32cb174474dfabf004a884ce0153a,hindi,real,real,Raga Kafi.mp3,45,10
4cb710f27433ed005eaae14573bb4fb1,hindi,real,real,Raga Kafi.mp3,46,10
68b2fca90a53466b6d2b9928c412125f,hindi,real,real,Raga Kafi.mp3,47,10
5fc4138df952741b40a1a1e0f0183eb1,hindi,real,real,Raga Kafi.mp3,48,10
807574f54ce3862e9fcf411c62f77e1b,hindi,real,real,Raga Kafi.mp3,49,10
88136306bd8e103dfd45573af97b1653,hindi,real,real,Raga Kafi.mp3,50,10
3feb746d0d8d31ba9e8a37f7116a2bb3,hindi,real,real,Raga Kafi.mp3,51,10
c30ee2318cdb76ad823d40ded5e56dfc,hindi,real,real,Raga Kafi.mp3,52,10
38007c5db9cf28ea5cb63159a5dbe600,hindi,real,real,Raga Kafi.mp3,53,10
b3d51d7d44d9addaf2513abc3944f984,hindi,real,real,Raga Kafi.mp3,54,10
8331007e2d4356eadfcc187ecff2e470,hindi,real,real,Raga Kafi.mp3,55,10
22ece8a1ecc99e7cc75bbdcc1853b939,hindi,real,real,Raga Kafi.mp3,56,10
3bd218f2304244217d75541fe1781967,hindi,real,real,Raga Kafi.mp3,57,10
72a304e0c2e1b55a1eff904a50eb38e0,hindi,real,real,Raga Kafi.mp3,58,10
61e44e74ea15203948d80770529604ba,hindi,real,real,Raga Kafi.mp3,59,10
4edd300a72a7e3e56ed7a7f04a0a7878,hindi,real,real,Raga Kafi.mp3,60,10
e085c6d34d6d932a4fcc877807b2e600,hindi,real,real,Raga Kafi.mp3,61,10
d6d636faa6dd00b80b1a82a208779477,hindi,real,real,Raga Kafi.mp3,62,10
003d14f8831669dc968860ae49a6aa76,hindi,real,real,Raga Kafi.mp3,63,10
fc3e3cb9bd8e9a418b7a23536a83eb69,hindi,real,real,Raga Kafi.mp3,64,10
a7dc32c804ee9ff0422c02223b054380,hindi,real,real,Raga Kafi.mp3,65,10
84abf625549a1509ffafcaec2b9402cf,hindi,real,real,Raga Kafi.mp3,66,10
b59a354ec0af2ed8be0506810b87f035,hindi,real,real,Raga Kafi.mp3,67,10
77f772c26f85ea3f614c50dcd4024703,hindi,real,real,Raga Kafi.mp3,68,10
a23df05b649574cc757135655bab49b8,hindi,real,real,Raga Kafi.mp3,69,10
c7ed262c98c14f76207fab5353b2fea9,hindi,real,real,Raga Kafi.mp3,70,10
07fcce15c7de84260b5d8827f69ab536,hindi,real,real,Raga Kafi.mp3,71,10
64b2ed45866cbec0b08e3239f0e233ff,hindi,real,real,Raga Kafi.mp3,72,10
eb92567178c3d341b788632954df7838,hindi,real,real,Raga Kafi.mp3,73,10
170744743e4a5d8b9921e719ac3f7633,hindi,real,real,Raga Kafi.mp3,74,10
994ee0be16dcd25868e9e4a7351cfed6,hindi,real,real,Raga Kafi.mp3,75,10
7bff39546d438016ac6a48da5c5a6a86,hindi,real,real,Raga Kafi.mp3,76,10
550a34c80c63dcf10a2c6f919519088c,hindi,real,real,Raga Kafi.mp3,77,10
62787a235ea4192c06da2589d5bf2587,hindi,real,real,Raga Kafi.mp3,78,10
9dd47d8d4f228ed7fa806560f4fd5d2a,hindi,real,real,Raga Kafi.mp3,79,10
8e8135a9e39bf005a523aed3eacd2128,hindi,real,real,Raga Kafi.mp3,80,10
0295f033b5dacea6c2ce15a5ccfc1ffd,hindi,real,real,Raga Kafi.mp3,81,10
07924332d1cdf26643073814e61b8eda,hindi,real,real,Raga Kafi.mp3,82,10
bd41355adba9311db55cc8597ba6b199,hindi,real,real,Raga Kafi.mp3,83,10
6c0bfeb72a0c8b8ecb0f6b376770ce06,hindi,real,real,Raga Kafi.mp3,84,10
6772704cc870af2aa4c6ee55a315eb90,hindi,real,real,Raga Kafi.mp3,85,10
113a09dd450886c1ab2b01902c3443c7,hindi,real,real,Raga Kafi.mp3,86,10
4c68ce183e2c35f513175dcb5fb4d429,hindi,real,real,Raga Kafi.mp3,87,10
6a4962fdb6906195d7d0dacd0faef943,hindi,real,real,Raga Kafi.mp3,88,10
56af4e34dd0434b899791b20c8ebf261,hindi,real,real,Raga Kafi.mp3,89,10
6db55de6408d2ac29c1ecff33531ec99,hindi,real,real,Raga Kafi.mp3,90,10
e31d42d3494274f875f62b69bc53a3cf,hindi,real,real,Raga Kafi.mp3,91,10
36d1f006ebee631ee30b3118cf5a2489,hindi,real,real,Raga Kafi.mp3,92,10
adec704e27de45a8d8ad66443491093a,hindi,real,real,Raga Kafi.mp3,93,10
a1822688796f7684833ee29ba8d4f885,hindi,real,real,Raga Kafi.mp3,94,10
9674d4fdb96a7cba27f79fea0ae00323,hindi,real,real,Raga Kafi.mp3,95,10
b5b50cb08dcf230c5cdd20474d2c6f66,hindi,real,real,Raga Kafi.mp3,96,10
47dcf462d407254d07d71af3852fd6d5,hindi,real,real,Raga Kafi.mp3,97,10
0812c226d1b478f930ff4e665068538c,hindi,real,real,Raga Kafi.mp3,98,10
f650570257b42061067ea3965dafd291,hindi,real,real,Raga Kafi.mp3,99,10
0fb48f01d8bf4cf121515c15013b36a8,hindi,real,real,Raga Kafi.mp3,100,10
ebb090cd4dd9e1bd439f60bd82668441,hindi,real,real,Raga Kafi.mp3,101,10
cfeba274bf9bdbf641fc05529e76c79b,hindi,real,real,Raga Kafi.mp3,102,10
67376967bb52f66709d8afbcee1f5e96,hindi,real,real,Raga Kafi.mp3,103,10
bf16835241d702692e2d3f213d76568a,hindi,real,real,Raga Kafi.mp3,104,10
608509bffec41388f091d6a5f802d0b2,hindi,real,real,Raga Kafi.mp3,105,10
eda64c3c9d60de909ca5ad7e763eb097,hindi,real,real,Raga Kafi.mp3,106,10
87349ea2cf81855beef5db50d3702aa1,hindi,real,real,Raga Kafi.mp3,107,10
3547b65bb3476477388ff998df5cc1c6,hindi,real,real,Raga Kafi.mp3,108,10
76ceb5c17597a8c71daf1ccb2fdede71,hindi,real,real,Raga Kafi.mp3,109,10
bc75ff10892b42192bea0431f00788d8,hindi,real,real,Raga Kafi.mp3,110,10
c204840e6a08b261668d9cb3dd207241,hindi,real,real,Raga Kafi.mp3,111,10
5c1c02ac9142826f502a25d464acb4d8,hindi,real,real,Raga Kafi.mp3,112,10
d0746e1092031ecbb220500a345eac7b,hindi,real,real,Raga Kafi.mp3,113,10
d99df0eaef9cb8a96afaff48850ba8f1,hindi,real,real,Raga Kafi.mp3,114,10
6fd2338dba29e8b799667da1e44011f1,hindi,real,real,Raga Kafi.mp3,115,10
079eaa7afca26de8768893dfe5772128,hindi,real,real,Raga Kafi.mp3,116,10
e01fea86d7916428a6fb00206d5fae45,hindi,real,real,Raga Kafi.mp3,117,10
d4639e71197f0ac191e0c4da534c101e,hindi,real,real,Raga Kafi.mp3,118,10
0531c5bbf5d19542c599a777bca5fd9b,hindi,real,real,Raga Kafi.mp3,119,10
c22213e809ea3d841012379cc9456602,hindi,real,real,Raga Kafi.mp3,120,10
5baed6f529cd11c8bacafc743c34595e,hindi,real,real,Raga Kafi.mp3,121,10
43f00ac59eb1aa07eac48566d43f8517,hindi,real,real,Raga Kafi.mp3,122,10
3496d54dd1320a55a5aa84e5a9393cb2,hindi,real,real,Raga Kafi.mp3,123,10
a51665d0683d02894a79941456675193,hindi,real,real,Raga Kafi.mp3,124,10
aa720b06e5c3be55e85dee6b9a20bb6d,hindi,real,real,Raga Kafi.mp3,125,10
e2b844513db91938e74a5beaa073cfa7,hindi,real,real,Raga Kafi.mp3,126,10
5733babf3595a7b0700a43b0775ffea4,hindi,real,real,Raga Kafi.mp3,127,10
515ae207e47665d093e07e5dc129b7f8,hindi,real,real,Raga Kafi.mp3,128,10
283b45d21d435cf8adefd9f0d54d2080,hindi,real,real,Raga Kafi.mp3,129,10
64c0f696544f209bcb206823ea61204c,hindi,real,real,Raga Kafi.mp3,130,10
abf9462b7200825b83f6009d1396fa34,hindi,real,real,Raga Kafi.mp3,131,10
6e760489c98e41df8d22d5a1e6f7e607,hindi,real,real,Raga Kafi.mp3,132,10
26e28284055c5b647cf4f04720376ec9,hindi,real,real,Raga Kafi.mp3,133,10
42a06c33e4f16ec939c747fe52aeec3a,hindi,real,real,Raga Kafi.mp3,134,10
b757fe72ec4eea0268138aaf4afffe12,hindi,real,real,Raga Kafi.mp3,135,10
dcd715b18746277fffbc3fa11714ad21,hindi,real,real,Raga Kafi.mp3,136,10
ece78eaf5eea9206258e23823bf0c0d9,hindi,real,real,Raga Kafi.mp3,137,10
417c2a589df44a0331970fe1436df022,hindi,real,real,Raga Kafi.mp3,138,10
8b8fd7bbc373c71b50e9ecd4eab5a4b2,hindi,real,real,Raga Kafi.mp3,139,10
67eadf35e00e1024a48ae6771c2b9598,hindi,real,real,Raga Kafi.mp3,140,10
6fb72b96768ff8b481499aa325018ca0,hindi,real,real,Raga Kafi.mp3,141,10
848ce34ea585e1142d2d837cf7f343ae,hindi,real,real,Raga Kafi.mp3,142,10
bc5eac255282c5ba678ed774de70be1e,hindi,real,real,Raga Kafi.mp3,143,10
2220345c99c7b5edf60085a329067cea,hindi,real,real,Raga Kafi.mp3,144,10
af621f1e0980d78afe935dcac481a514,hindi,real,real,Raga Kafi.mp3,145,10
f14c046619792749d2ebd28c5bcd1769,hindi,real,real,Raga Kafi.mp3,146,10
8aaae486261c4c659d74757eadd0c969,hindi,real,real,Raag Durga.mp3,0,10
48f7f169b1e97d9b0f329a4e03e75150,hindi,real,real,Raag Durga.mp3,1,10
5b011ece2fe6f871feeb9f205166afbd,hindi,real,real,Raag Durga.mp3,2,10
2bbb2830e9c2e6ea37acff9bef4b4e74,hindi,real,real,Raag Durga.mp3,3,10
b0898d5e5ddd5f8b25c7da96a893f221,hindi,real,real,Raag Durga.mp3,4,10
0763e86ab08b739f2b4b027c4a37fb07,hindi,real,real,Raag Durga.mp3,5,10
1083066f52d7f711818891ffce8c228b,hindi,real,real,Raag Durga.mp3,6,10
5d087d2d2d896b85f82e020be796063a,hindi,real,real,Raag Durga.mp3,7,10
3fb4cfe53cfa435aaec0b2157ddf890b,hindi,real,real,Raag Durga.mp3,8,10
07c4681b464da0f1527dde49b315aa72,hindi,real,real,Raag Durga.mp3,9,10
b671783694423407a53fce35fd4824b8,hindi,real,real,Raag Durga.mp3,10,10
4b8e4c77d7437212c3669b58f0f1f136,hindi,real,real,Raag Durga.mp3,11,10
55778e0b1ce0c59659adb535224ed340,hindi,real,real,Raag Durga.mp3,12,10
f06a76a449ae9858393d7b708129782c,hindi,real,real,Raag Durga.mp3,13,10
09465425b61f11f0df0eb8183007aeda,hindi,real,real,Raag Durga.mp3,14,10
6b932f221c2adff8efa97d47b7cdc9ac,hindi,real,real,Raag Durga.mp3,15,10
647707028640f2fd3d75c6a0909e160b,hindi,real,real,Raag Durga.mp3,16,10
0b98ac2e66dc32c210a88c816f34f8a2,hindi,real,real,Raag Durga.mp3,17,10
7083da35acdfc0352a7ebfaec0e7da9e,hindi,real,real,Raag Durga.mp3,18,10
22d6c6781283d1d3648c575b6090695e,hindi,real,real,Raag Durga.mp3,19,10
788c98de28c1f503fec8b6aab4aae8f0,hindi,real,real,Raga Deshkar.mp3,0,10
5ef6cb81aa60af404ebe7a656958baef,hindi,real,real,Raga Deshkar.mp3,1,10
75ff05b6a99e5dc8f2570244fc113407,hindi,real,real,Raga Deshkar.mp3,2,10
b3b4eb589a391274efccd9df1cda61ea,hindi,real,real,Raga Deshkar.mp3,3,10
fa5c6a683b2c19009002368819a0c3cd,hindi,real,real,Raga Deshkar.mp3,4,10
0dfd7469524c077fdc5d70ff2fd217ba,hindi,real,real,Raga Deshkar.mp3,5,10
d2c12e1f3201e259f33c74eb55f4da81,hindi,real,real,Raga Deshkar.mp3,6,10
211639c655a50f1b8abbda1f0f6b14be,hindi,real,real,Raga Deshkar.mp3,7,10
775971a3cc8ec974e9b8eed766a681e2,hindi,real,real,Raga Deshkar.mp3,8,10
eaf5cec757f99f3034bf8ef09db7115e,hindi,real,real,Raga Deshkar.mp3,9,10
a6a2c554d12fcf0e0bfcacb3531d02f4,hindi,real,real,Raga Deshkar.mp3,10,10
1134ff615a68ba1132be90c09b44346b,hindi,real,real,Raga Deshkar.mp3,11,10
4c5dcd28b8f4c9518db4641e159b8d2d,hindi,real,real,Raga Deshkar.mp3,12,10
900c7a24761eba08a4764bd24ca90fcb,hindi,real,real,Raga Deshkar.mp3,13,10
7dae8c49026765ba6846ffc89e727202,hindi,real,real,Raga Deshkar.mp3,14,10
097b74e3559e6fb51b2280baf2020930,hindi,real,real,Raga Deshkar.mp3,15,10
4efebe0c7400163722f43822af69dcbf,hindi,real,real,Raga Deshkar.mp3,16,10
8d636264fc2f384ce2370cd28ead5355,hindi,real,real,Raga Deshkar.mp3,17,10
19308250ba46ddeb4a6068411b034f18,hindi,real,real,Raga Deshkar.mp3,18,10
cea915c8606e6e0492a1f5b59a1994b2,hindi,real,real,Raga Deshkar.mp3,19,10
dd4737050a1ac714987558236f0d0f29,hindi,real,real,Raga Deshkar.mp3,20,10
db56a85e4d918070a611e0deba87cb51,hindi,real,real,Raga Deshkar.mp3,21,10
85409cde42248790ed88a00a311033c4,hindi,real,real,Raga Deshkar.mp3,22,10
c7bc425e8f5d5af98748a19298dc076f,hindi,real,real,Raga Deshkar.mp3,23,10
9d40c056cba44ee208c3ab982af2986b,hindi,real,real,Raga Deshkar.mp3,24,10
7289e5edfc939fa79f990e4d3835caa8,hindi,real,real,Raga Deshkar.mp3,25,10
3d296515f8d91934381d14950312003b,hindi,real,real,Raga Deshkar.mp3,26,10
7298844ac40667e8ca268b815e2e524f,hindi,real,real,Raga Deshkar.mp3,27,10
aa9a1c3b7c6049ba8372f9e52f073466,hindi,real,real,Raga Deshkar.mp3,28,10
8747fbcf1062e452ee1baa7501294da5,hindi,real,real,Raga Deshkar.mp3,29,10
29da5344056edc6ccc98ead1a4a7ed47,hindi,real,real,Raga Deshkar.mp3,30,10
5028a5481f7150e8d2f88f82d2a54c62,hindi,real,real,Raga Deshkar.mp3,31,10
bf71e1139abba6ae94f782e45ba3008b,hindi,real,real,Raga Deshkar.mp3,32,10
dba467c7e8753f02ee9f2b6969007b1e,hindi,real,real,Raga Deshkar.mp3,33,10
65aa5c1655f8b56cbe4072e5d25eb62f,hindi,real,real,Raga Deshkar.mp3,34,10
ee35eb5cd2788eb2101139722734aa28,hindi,real,real,Raga Deshkar.mp3,35,10
a804107c52134dec876a79de026b8289,hindi,real,real,Raga Deshkar.mp3,36,10
d99af5956ecc7b286bf3a56406b9a81a,hindi,real,real,Raga Deshkar.mp3,37,10
01a40f6593336d3b9ef58ad54c47718a,hindi,real,real,Raga Deshkar.mp3,38,10
edcecfeae87c033a5f1b0a8a89c5caa1,hindi,real,real,Raga Deshkar.mp3,39,10
15b3d7252182d5e5091df503412c749b,hindi,real,real,Raga Deshkar.mp3,40,10
7e7ec73d3201d4140932be1a68c6e87f,hindi,real,real,Raga Deshkar.mp3,41,10
deb96f3e6df228a4502c5c63b6408007,hindi,real,real,Raga Deshkar.mp3,42,10
7f3845fcfceda8796c865f5d134ef835,hindi,real,real,Raga Deshkar.mp3,43,10
4a8fab07e7636a9f51950cb362011584,hindi,real,real,Raga Deshkar.mp3,44,10
814627c39e2e2717d54609cbd4170862,hindi,real,real,Raga Deshkar.mp3,45,10
ca3bd0bd03445caacbc76d3140d645a7,hindi,real,real,Raga Deshkar.mp3,46,10
2c94a48f876e94603fcc58e112e03724,hindi,real,real,Raga Deshkar.mp3,47,10
9bc2855921dba2207bb3832b47b36a8b,hindi,real,real,Raga Deshkar.mp3,48,10
980123e52012d54959c51129ef90373c,hindi,real,real,Raga Deshkar.mp3,49,10
e7b9d23a1554550cf4af2517d1aa6157,hindi,real,real,Raga Deshkar.mp3,50,10
c1f6eb69504fba22a4f5acf479cfbb9e,hindi,real,real,Raga Deshkar.mp3,51,10
1e200ff89aa5c922dbbf563ce574a4da,hindi,real,real,Raga Deshkar.mp3,52,10
8aa236eacc256a1fea3dd94e0f5e2741,hindi,real,real,Raga Deshkar.mp3,53,10
576aab5f1a68296651cac5f6d320b751,hindi,real,real,Raga Deshkar.mp3,54,10
06af15e405792e1fef068b6aae3eec9b,hindi,real,real,Raga Deshkar.mp3,55,10
2fc94b0c3ce640e0f6f10c067a2de324,hindi,real,real,Raga Deshkar.mp3,56,10
c923c36aaa546b4214c3f095b50310f9,hindi,real,real,Raga Deshkar.mp3,57,10
06c9d0e584940df09166e8b6a5815e50,hindi,real,real,Raga Deshkar.mp3,58,10
b1d9d036f9ff4ca7577ddd63495940f7,hindi,real,real,Raga Deshkar.mp3,59,10
3ee50f09049e74aa058af85868632f04,hindi,real,real,Raga Deshkar.mp3,60,10
85ffecf76684f1868ef5eab15f53c77b,hindi,real,real,Raga Deshkar.mp3,61,10
3420bdc96ef2cfb73767f7d5484d7578,hindi,real,real,Raga Deshkar.mp3,62,10
f3136424e9dfc0a34f7063d9b377d4a0,hindi,real,real,Raga Deshkar.mp3,63,10
9faf49f7abccfd453289e7ee67937c9e,hindi,real,real,Raga Deshkar.mp3,64,10
c8e41a2e0cfeb4db41dabc012e4fe3b8,hindi,real,real,Raga Deshkar.mp3,65,10
11829e09a77399c18980c9a51288e3a7,hindi,real,real,Raga Deshkar.mp3,66,10
f72bc1630730bc700d45d128022dc496,hindi,real,real,Raga Deshkar.mp3,67,10
433e34f2a8b91ee13e6cb6bdc0fed45d,hindi,real,real,Raga Bhimpalasi Alap.mp3,0,10
3bad151e4a8bf06af04d0cff486a2f45,hindi,real,real,Raga Bhimpalasi Alap.mp3,1,10
d9e0861606ed88d37bc8d33394c64c0d,hindi,real,real,Raga Bhimpalasi Alap.mp3,2,10
b0329817e54d7da5ac3d0d93c45a3950,hindi,real,real,Raga Bhimpalasi Alap.mp3,3,10
b313736bbfeda58d94107c57d8a996d4,hindi,real,real,Raga Bhimpalasi Alap.mp3,4,10
bc83c28e18241572efa0049f042d1984,hindi,real,real,Raga Bhimpalasi Alap.mp3,5,10
7dcdc47553a07848cc6baff75cbe9be5,hindi,real,real,Raga Bhimpalasi Alap.mp3,6,10
2130037489db7f46afc9a6c7a1b8e474,hindi,real,real,Raga Bhimpalasi Alap.mp3,7,10
595524ed7bb31d0b7cc4343b73c90571,hindi,real,real,Raga Bhimpalasi Alap.mp3,8,10
65d2fa44ed3b40ea50f034b92e906b23,hindi,real,real,Raga Bhimpalasi Alap.mp3,9,10
2ff290dddcff007d072ebdd3e2a51110,hindi,real,real,Raga Bhimpalasi Alap.mp3,10,10
acb21d23e6b0933aebe62aa0b4882386,hindi,real,real,Raga Bhimpalasi Alap.mp3,11,10
1c2e5547f2e1438ef0d1028e14b96d45,hindi,real,real,Raga Bhimpalasi Alap.mp3,12,10
e95ee1f7bbefd8530486f4b31f748218,hindi,real,real,Raga Bhimpalasi Alap.mp3,13,10
58ec629b51a5f5cc71a41b9a031f1e75,hindi,real,real,Raga Bhimpalasi Alap.mp3,14,10
3534fccc4875c8f5909d3db9859a9b5b,hindi,real,real,Raga Bhimpalasi Alap.mp3,15,10
482320802dd6a1d55088c998a4af9e6e,hindi,real,real,Raga Bhimpalasi Alap.mp3,16,10
9705c785e662ad79e170b1e83a9035f8,hindi,real,real,Raga Bhimpalasi Alap.mp3,17,10
7069986691c99ae312b4d8e933ad3037,hindi,real,real,Raga Bhimpalasi Alap.mp3,18,10
a9354afb8ac73a5f5a12494be3da004b,hindi,real,real,Raga Bhimpalasi Alap.mp3,19,10
377371822ca668c268cba79f66925c88,hindi,real,real,Raga Bhimpalasi Alap.mp3,20,10
9cd36c876cc766a7829478e85a3945dc,hindi,real,real,Raga Bhimpalasi Alap.mp3,21,10
f509f0f87430ad9468785ae7b81f655b,hindi,real,real,Raga Bhimpalasi Alap.mp3,22,10
d8a69a3bcfb820e6eb65ddfca87bbc49,hindi,real,real,Raga Bhimpalasi Alap.mp3,23,10
4f96d403cdfc5e27a2ece6a87a2b0d0b,hindi,real,real,Raga Bhimpalasi Alap.mp3,24,10
aa9699fff35a319bb4f632f3276582e2,hindi,real,real,Raga Bhimpalasi Alap.mp3,25,10
8410594f7f4427142a68f551bb689e4c,hindi,real,real,Raga Bhimpalasi Alap.mp3,26,10
bd696ca31bb3ec74f4145dbd3d6f600e,hindi,real,real,Raga Bhimpalasi Alap.mp3,27,10
4784851ed37b65acb67bc3fa01a6fae5,hindi,real,real,Raga Bhimpalasi Alap.mp3,28,10
5003191bf20d724b1fae0d3f3c239ba0,hindi,real,real,Raga Bhimpalasi Alap.mp3,29,10
0611df5807426c3dd99fb4be979b6809,hindi,real,real,Raga Bhimpalasi Alap.mp3,30,10
d9a3bab5bd6d1c27c8b8555a658f8188,hindi,real,real,Raga Bhimpalasi Alap.mp3,31,10
82f39dcab579fb473d2fa4d4a3bdd0b6,hindi,real,real,Raga Bhimpalasi Alap.mp3,32,10
6a6d2941f2e6d2dda1296947126c2285,hindi,real,real,Raga Bhimpalasi Alap.mp3,33,10
e807853a7e03bbd78609c6eca4b50820,hindi,real,real,Raga Bhimpalasi Alap.mp3,34,10
32fb01e6ae248b36f979493c3b9b271d,hindi,real,real,Raga Bhimpalasi Alap.mp3,35,10
2b0dac76f8668d439edf97a58ddd7ca3,hindi,real,real,Raga Bhimpalasi Alap.mp3,36,10
ec5ab3a285810df97ad1c0abb767a068,hindi,real,real,Raga Bhimpalasi Alap.mp3,37,10
5a161a5363affc00fc3d5724a3581074,hindi,real,real,Raga Bhimpalasi Alap.mp3,38,10
96d18da47dd3bca1c857a6b2d96ff2e9,hindi,real,real,Raga Bhimpalasi Alap.mp3,39,10
933fc73e1ba4ad2d9f79c3cf384e8719,hindi,real,real,Raga Bhimpalasi Alap.mp3,40,10
29f21af400fd876fddd70b99ad6866a4,hindi,real,real,Raga Bhimpalasi Alap.mp3,41,10
78fd972b5e4b358db11a6c6efec32e50,hindi,real,real,Raga Bhimpalasi Alap.mp3,42,10
fcc47ea57a119425c8912d7a92ea58b2,hindi,real,real,Raga Bhimpalasi Alap.mp3,43,10
8b763922ad3a78f53ce89ac25801a997,hindi,real,real,Raga Bhimpalasi Alap.mp3,44,10
113af224d88f1c38b497b217c5b7ba1a,hindi,real,real,Raga Bhimpalasi Alap.mp3,45,10
b12788addc8545a41856b803fb37120d,hindi,real,real,Raga Bhimpalasi Alap.mp3,46,10
4e2d0a442c382a5567c4438c891bdd79,hindi,real,real,Raga Bhimpalasi Alap.mp3,47,10
5006fe4392594ed04b8947c1211f1d4b,hindi,real,real,Raga Bhimpalasi Alap.mp3,48,10
4d2028cac4f104ae174b8f94d0cf6040,hindi,real,real,Raga Bhimpalasi Alap.mp3,49,10
1bb646b82f197d0106fe81a6cb320297,hindi,real,real,Raga Bhimpalasi Alap.mp3,50,10
9ed8e2232dda0a0964e1b170daeac5e4,hindi,real,real,Raga Bhimpalasi Alap.mp3,51,10
e4614dea2a291ae8f686a9416ad1c791,hindi,real,real,Raga Bhimpalasi Alap.mp3,52,10
b42af20062c8d824ef3c5580663703e9,hindi,real,real,Raga Bhimpalasi Alap.mp3,53,10
9ec5b8373797a8b885b562e0cf59676e,hindi,real,real,Raga Bhimpalasi Alap.mp3,54,10
b4373a3fee134bf5385f862211508824,hindi,real,real,Raga Bhimpalasi Alap.mp3,55,10
7d180b1c90efa41f819fc9f5667df8ae,hindi,real,real,Raga Bhimpalasi Alap.mp3,56,10
86e66d0fad6ba16a75301f017263e205,hindi,real,real,Raga Bhimpalasi Alap.mp3,57,10
daa5bd6b8c2a91b3a225103829373b94,hindi,real,real,Raga Bhimpalasi Alap.mp3,58,10
7560972b193571fdfff0778241fdffa7,hindi,real,real,Raga Bhimpalasi Alap.mp3,59,10
ac2e781a34449447deb6d9edbd1277ee,hindi,real,real,Raga Bhimpalasi Alap.mp3,60,10
c9c232f73a4daab0886ba1faa9abcf18,hindi,real,real,Raga Bhimpalasi Alap.mp3,61,10
c72947847a26e99900dbe47db8474dbf,hindi,real,real,Raga Bhimpalasi Alap.mp3,62,10
eccda3efbdc39ca2fcfbb44faf648339,hindi,real,real,Raga Bhimpalasi Alap.mp3,63,10
471364d38cd7ad21cf6b71dee88e23cb,hindi,real,real,Raga Bhimpalasi Alap.mp3,64,10
df31d07f2241f1aa89c0c4ef19088073,hindi,real,real,Raga Bhimpalasi Alap.mp3,65,10
8eb9e211dd8586fa70cf9af1ae637387,hindi,real,real,Raga Bhimpalasi Alap.mp3,66,10
8c31cbe6584475d1a567672b0c337350,hindi,real,real,Raga Bhimpalasi Alap.mp3,67,10
a5affcac11dac44942ce97f042acb164,hindi,real,real,Raga Bhimpalasi Alap.mp3,68,10
8c7efdddfe31e336b03a312f87749492,hindi,real,real,Raga Bhimpalasi Alap.mp3,69,10
1b5dea20c1ca087f226b3e7a411922a5,hindi,real,real,Raga Bhimpalasi Alap.mp3,70,10
a4722602f18e80b2b97887e011f52c3d,hindi,real,real,Raga Bhimpalasi Alap.mp3,71,10
c0e33c7e304b76c795dfce6d6fdeefa6,hindi,real,real,Raga Bhimpalasi Alap.mp3,72,10
0c70e248496d1b341fac0e59007c0bec,hindi,real,real,Raga Bhimpalasi Alap.mp3,73,10
9e8d8da731b63669e38fea19b98773fd,hindi,real,real,Raga Bhimpalasi Alap.mp3,74,10
c49f8a9e18e562dc5d92aec6cb7a9fca,hindi,real,real,Raga Bhimpalasi Alap.mp3,75,10
ab0c1d00393842503c310f765c90edcf,hindi,real,real,Raga Bhimpalasi Alap.mp3,76,10
be655440e89279b34c7c84dcde6d8d24,hindi,real,real,Raga Bhimpalasi Alap.mp3,77,10
74d6759fe492605e8e487c4ff3c28337,hindi,real,real,Raga Bhimpalasi Alap.mp3,78,10
c4c6e9c8ad7de42ecfb486b20f61b273,hindi,real,real,Raga Bhimpalasi Alap.mp3,79,10
097780fd11f6c5e930f40920186719ad,hindi,real,real,Raga Bhimpalasi Alap.mp3,80,10
5bf8735240ecd64e8b5d0106bebdf2c8,hindi,real,real,Raga Bhimpalasi Alap.mp3,81,10
918ff39aa80c7b24283dbbdb9de401f4,hindi,real,real,Raga Bhimpalasi Alap.mp3,82,10
a854c631e327c3fb81495c70c98edcdb,hindi,real,real,Raga Bhimpalasi Alap.mp3,83,10
484aadff745ba946c8e3a7cbc8ede318,hindi,real,real,Raga Bhimpalasi Alap.mp3,84,10
50bec2ea19de47de174d6c90b2323f4b,hindi,real,real,Raga Bhimpalasi Alap.mp3,85,10
4060a72a58760eef5685207f7680a011,hindi,real,real,Raga Bhimpalasi Alap.mp3,86,10
1929e75746f0fae18eb9a75167cca929,hindi,real,real,Raga Bhimpalasi Alap.mp3,87,10
c89167ad41bed9b62f1a73690342c752,hindi,real,real,Raga Bhimpalasi Alap.mp3,88,10
1d41d2b0717b2327b2207dcd6955f5ed,hindi,real,real,Raga Bhimpalasi Alap.mp3,89,10
eff439efb788f0397604106368fbf6ea,hindi,real,real,Raga Bhimpalasi Alap.mp3,90,10
7c278e6a239d5afb23cfc0d35214d7e2,hindi,real,real,Raga Bhimpalasi Alap.mp3,91,10
f24fbc5907a8b089e03ad2dab084f6af,hindi,real,real,Raga Bhimpalasi Alap.mp3,92,10
1199f255511693c6ba00a8fb7f75ae34,hindi,real,real,Raga Bhimpalasi Alap.mp3,93,10
c4d2cfdcb57a989bdbcbee8f3bb9e08c,hindi,real,real,Raga Bhimpalasi Alap.mp3,94,10
8a0bfbc05446cba829feb19ab90ef4f2,hindi,real,real,Raga Bhimpalasi Alap.mp3,95,10
fb5c7618e42b9d7f460b5ca64579e0fb,hindi,real,real,Raga Bhimpalasi Alap.mp3,96,10
eee7cf8d2e5a4e16c7a3fb5a95526203,hindi,real,real,Raga Bhimpalasi Alap.mp3,97,10
62debeb699487680d8e55a6593244227,hindi,real,real,Raga Bhimpalasi Alap.mp3,98,10
02cbc47e787e476da1776ff60074caad,hindi,real,real,Raga Bhimpalasi Alap.mp3,99,10
daa5fe459abd6063b050f152b282206c,hindi,real,real,Raga Bhimpalasi Alap.mp3,100,10
14e4b4762b01008ef1db1f9ad0701b3b,hindi,real,real,Raga Bhimpalasi Alap.mp3,101,10
a6c89de338b3b0d8f6cd5d82e7137445,hindi,real,real,Raga Bhimpalasi Alap.mp3,102,10
dccd08dc3304e45d44c7990ad506943a,hindi,real,real,Raga Bhimpalasi Alap.mp3,103,10
59abb1362d5fd55f67fbafec3ceac4db,hindi,real,real,Raga Bhimpalasi Alap.mp3,104,10
e2dfb8cfd2fdf7b38c766171ed5a597d,hindi,real,real,Raga Bhimpalasi Alap.mp3,105,10
e28691890f6620842e61477a94820148,hindi,real,real,Raga Bhimpalasi Alap.mp3,106,10
5aef91f2d11b26ec3de09d07e2bf77a8,hindi,real,real,Raga Bhimpalasi Alap.mp3,107,10
8ea2b4ea4125ccf85d7c8b5eb1218a29,hindi,real,real,Raga Bhimpalasi Alap.mp3,108,10
ee0a982371a619dd16c17c01c47940dd,hindi,real,real,Raga Bhimpalasi Alap.mp3,109,10
d4c3b84a69ba5dfd0556d42d4e83b0eb,hindi,real,real,Raga Bhimpalasi Alap.mp3,110,10
d1f33733add7aee13bb10e2639e87910,hindi,real,real,Raga Bhimpalasi Alap.mp3,111,10
3eef78a74ad8f519eb057f70cc26ee63,hindi,real,real,Raga Bhimpalasi Alap.mp3,112,10
27aeab23a13e165bd63e00ff64c32928,hindi,real,real,Raga Bhimpalasi Alap.mp3,113,10
1b7fbcf6a85ad50b136d1cc6ed3e8735,hindi,real,real,Raga Bhimpalasi Alap.mp3,114,10
5f9bfefae81bc92a70dba596285f7af2,hindi,real,real,Raga Bhimpalasi Alap.mp3,115,10
d02a66537a99bb4ce29005bc8cb60ced,hindi,real,real,Raga Bhimpalasi Alap.mp3,116,10
ea5bf3d31ce34db0057c26fb91314b29,hindi,real,real,Raga Bhimpalasi Alap.mp3,117,10
f1b644cc5174986694ad8276bed9c1e6,hindi,real,real,Raga Bhimpalasi Alap.mp3,118,10
a6f2c561973037b94dd339a3acdf8115,hindi,real,real,Raga Bhimpalasi Alap.mp3,119,10
a37543c8f7b207ca1dec15e6efe55631,hindi,real,real,Raga Bhimpalasi Alap.mp3,120,10
0c9d6bb3279f8d5e88d001b1b359ea82,hindi,real,real,Raga Bhimpalasi Alap.mp3,121,10
0ccbb86348bdd246049f4eed333853e5,hindi,real,real,Raga Bhimpalasi Alap.mp3,122,10
75aaebaffc17d02479b32c4c6eb1ce42,hindi,real,real,Raga Bhimpalasi Alap.mp3,123,10
3c81dd1cb2bd73bcaeebbf7d9ea8dda9,hindi,real,real,Raga Bhimpalasi Alap.mp3,124,10
4edd6ee43cecbe0b69157f5d1b09987e,hindi,real,real,Raga Bhimpalasi Alap.mp3,125,10
c34110e67a4f9d0ba2f8dac13394271c,hindi,real,real,Raga Bhimpalasi Alap.mp3,126,10
da784870cf9dd7dcbd146372313c2615,hindi,real,real,Raga Bhimpalasi Alap.mp3,127,10
d03a577cabe126aeeb66b914741eb2f3,hindi,real,real,Raga Bhimpalasi Alap.mp3,128,10
4e45c8271447199a32f8be992b43cf31,hindi,real,real,Raga Bhimpalasi Alap.mp3,129,10
adceae1dd60c37fe29395f4c414c9d46,hindi,real,real,Raga Bhimpalasi Alap.mp3,130,10
fa0e13741a77ceeb9f70d909e03719b1,hindi,real,real,Raga Bhimpalasi Alap.mp3,131,10
ce8b12bf7612222d465699da66f10145,hindi,real,real,Raga Bhimpalasi Alap.mp3,132,10
5a59cd34e1176f0eb193ff1916c1d2e5,hindi,real,real,Raga Bhimpalasi Alap.mp3,133,10
66e62333b310cda46079da032dacf85c,hindi,real,real,Raga Bhimpalasi Alap.mp3,134,10
0441f2c0ac838dc67dfac73709b1ad75,hindi,real,real,Raga Bhimpalasi Alap.mp3,135,10
3c7b9993dd0964f4e36b083993b6bd02,hindi,real,real,Raga Bhimpalasi Alap.mp3,136,10
08a15ccc109dec069a73bd9eeda37c44,hindi,real,real,Raga Bhimpalasi Alap.mp3,137,10
cd03c244f4b44f15f2e02e85a1ed9acf,hindi,real,real,Raga Bhimpalasi Alap.mp3,138,10
7ccf92a64bf2f3f335b6d3b8ab168745,hindi,real,real,Raga Bhimpalasi Alap.mp3,139,10
568da18abb0dd5a3c823b13d061ab1cd,hindi,real,real,Raga Bhimpalasi Alap.mp3,140,10
1079fa63cc7bd83260ccd5c30e0a00f6,hindi,real,real,Raga Bhimpalasi Alap.mp3,141,10
c0ce8d46d2ee54d89a5459df2501e384,hindi,real,real,Raga Bhimpalasi Alap.mp3,142,10
f765c0c5d62d75ea74920e2d76c318cc,hindi,real,real,Raga Bhimpalasi Alap.mp3,143,10
3098d69dc347ee9775e8cd719a4768fa,hindi,real,real,Raga Bhimpalasi Alap.mp3,144,10
aa02cbb3a6fda5ee98fc6fcb1a68237f,hindi,real,real,Raga Bhimpalasi Alap.mp3,145,10
8290ef9976fa2d2823b8a10c7dcbab7c,hindi,real,real,Raga Bhimpalasi Alap.mp3,146,10
a5368cfd11c8b983088b0093628f66c4,hindi,real,real,Raga Bhimpalasi Alap.mp3,147,10
0004a1033b6908557e57e8d14e525b4c,hindi,real,real,Raga Bhimpalasi Alap.mp3,148,10
35609addf6cb3728219d7e81e01ea27d,hindi,real,real,Raga Bhimpalasi Alap.mp3,149,10
aba55acffa8be8f040388ae09530459d,hindi,real,real,Raga Bhimpalasi Alap.mp3,150,10
e04b6d06be4e9dd918d3c3a3272b388f,hindi,real,real,Raga Bhimpalasi Alap.mp3,151,10
47eb7be8c1b72f073fd93a077656e97c,hindi,real,real,Raga Bhimpalasi Alap.mp3,152,10
a8e9ebb962d247354c30386bed8bc141,hindi,real,real,Raga Bhimpalasi Alap.mp3,153,10
4829cb67070129f3028b18b8a84e1f67,hindi,real,real,Raga Bhimpalasi Alap.mp3,154,10
e159d9d5e2f5b5299639aca1f7e9d990,hindi,real,real,Raga Bhimpalasi Alap.mp3,155,10
27a74c71fd1540fa8b784cadbb875460,hindi,real,real,Raga Bhimpalasi Alap.mp3,156,10
09298208f0626a1014790f399e3aefab,hindi,real,real,Raga Bhimpalasi Alap.mp3,157,10
aeab7db9875d44d56d3ac9e06bd5d6ed,hindi,real,real,Raga Bhimpalasi Alap.mp3,158,10
1ce6c7631e20a31d66906a8b1a5aaca8,hindi,real,real,Raga Bhimpalasi Alap.mp3,159,10
f3c62fa4c12a4741d67769a754e84d9b,hindi,real,real,Raga Bhimpalasi Alap.mp3,160,10
1a8a8d2352801595ece9d67c927c0ea4,hindi,real,real,Raga Bhimpalasi Alap.mp3,161,10
a83ae3bb0a398b626ef16e12c5e37f34,hindi,real,real,Raga Bhimpalasi Alap.mp3,162,10
880e60d9df0fd246623961c1618ad398,hindi,real,real,Raga Bhimpalasi Alap.mp3,163,10
75a5e07d9f984baee5e2d84ea9824828,hindi,real,real,Raga Bhimpalasi Alap.mp3,164,10
784617a6577e8a5b154a28e1d363658d,hindi,real,real,Raga Bhimpalasi Alap.mp3,165,10
300a3e22b1057267b33f4f3cfcd3408f,hindi,real,real,Raga Bhimpalasi Alap.mp3,166,10
4f9fcec12ac84a851d56e2a89618b60e,hindi,real,real,Raga Bhimpalasi Alap.mp3,167,10
fa9396afd0bcfde2bf8645c8e885c3eb,hindi,real,real,Raga Bhimpalasi Alap.mp3,168,10
02de75c3f862ed0e020deb433f98d41c,hindi,real,real,Raga Bhimpalasi Alap.mp3,169,10
1158bb1d9704a15e5b56d8534bd86906,hindi,real,real,Raga Bhimpalasi Alap.mp3,170,10
b7fac2c3f57fc5173302aadcb7220af3,hindi,real,real,Raga Bhimpalasi Alap.mp3,171,10
3c3e45c2ec8b8e5ff008d01d590bdbe7,hindi,real,real,Raga Bhimpalasi Alap.mp3,172,10
9d96d46362fbe773973ac7754ffdbbc2,hindi,real,real,Raga Bhimpalasi Alap.mp3,173,10
618c804fa5c2c91fede4c8b6f8848b07,hindi,real,real,Raga Bhimpalasi Alap.mp3,174,10
ebacacd31d870c921d0a949a08071e62,hindi,real,real,Raga Bhimpalasi Alap.mp3,175,10
8f15c78a8f318e937ebc645fbeaf3e7a,hindi,real,real,Raga Bhimpalasi Alap.mp3,176,10
91a2739a60d4458263b81855e803b29f,hindi,real,real,Raga Bhimpalasi Alap.mp3,177,10
199c454f349a4089885b3467e2eef562,hindi,real,real,Raga Bhimpalasi Alap.mp3,178,10
816812eea85a71a0713045bf08cc25e8,hindi,real,real,Raga Bhimpalasi Alap.mp3,179,10
7302743cb28f313cc3f28d3cb1af6f70,hindi,real,real,Raga Bhimpalasi Alap.mp3,180,10
a0ed0e5aa33c56ddf89a6d54691d636e,hindi,real,real,Raga Bhimpalasi Alap.mp3,181,10
99b00e5cccd32845007bbe5c73a204df,hindi,real,real,Raga Bhimpalasi Alap.mp3,182,10
6e3d706013d9e4379e187522ce84d3b7,hindi,real,real,Raga Bhimpalasi Alap.mp3,183,10
60e60815885f1331ceb17142b26397f5,hindi,real,real,Raga Bhimpalasi Alap.mp3,184,10
bf05a08b96d3ffe32ff42e3ca678dcf0,hindi,real,real,Raga Bhimpalasi Alap.mp3,185,10
93c464de492fcd99ccba4b0fcf4d6e52,hindi,real,real,Raga Bhimpalasi Alap.mp3,186,10
d2b7ee8b0c8246e8a6e9efac0c0720ec,hindi,real,real,Raga Bhimpalasi Alap.mp3,187,10
c8cb25e0e4ee9cbfb9e7dde3661afa78,hindi,real,real,Raga Bhimpalasi Alap.mp3,188,10
23c98d9658ab49d2ed94172ede8801a6,hindi,real,real,Raga Bhimpalasi Alap.mp3,189,10
f50d1d8b7af6f1d3559c9c83445ef0a3,hindi,real,real,Raga Bhimpalasi Alap.mp3,190,10
9a448ea182de13454240965cec7e93c6,hindi,real,real,Raga Bhimpalasi Alap.mp3,191,10
c25dec8dc4738bf921f1aaee57764b44,hindi,real,real,Raga Bhimpalasi Alap.mp3,192,10
9e8559fdd4d4c82f4a0702dc2ef02956,hindi,real,real,Raga Bhimpalasi Alap.mp3,193,10
45e04d535a5f5909248cf44fb20ad7cb,hindi,real,real,Raga Bhimpalasi Alap.mp3,194,10
435e15166eead083fcda7fca213212bd,hindi,real,real,Raga Bhimpalasi Alap.mp3,195,10
b89db4090b275be6c652fb3cf29fb905,hindi,real,real,Raga Bhimpalasi Alap.mp3,196,10
9a829ee16eefb46514c99905c07a405a,hindi,real,real,Raga Bhimpalasi Alap.mp3,197,10
7ec956eb10b9af5957868dc5504fe794,hindi,real,real,Raga Bhimpalasi Alap.mp3,198,10
79206fceacc1e20c544429dd8fe742c3,hindi,real,real,Raga Bhimpalasi Alap.mp3,199,10
fb1eb9b687bd02b7888a5a3832100d7d,hindi,real,real,Raga Bhimpalasi Alap.mp3,200,10
0396aebd266a72d674ade17656ee6211,hindi,real,real,Raga Bhimpalasi Alap.mp3,201,10
f007442d957f9ca8cf397033f9ca9b3c,hindi,real,real,Raga Bhimpalasi Alap.mp3,202,10
a4a366acca5b94bd0b122afb43098ca0,hindi,real,real,Raga Bhimpalasi Alap.mp3,203,10
c14c7a348383fff54f1c050d2b100d6a,hindi,real,real,Raga Bhimpalasi Alap.mp3,204,10
1758d66d59c82f2c60a14548edf674bd,hindi,real,real,Raga Bhimpalasi Alap.mp3,205,10
913d26e027f825f38168fe8ee1044025,hindi,real,real,Raga Bhimpalasi Alap.mp3,206,10
1480e567c9533c912e29dd2f54ebce37,hindi,real,real,Raga Bhimpalasi Alap.mp3,207,10
b790bcd636ee8cc41c4bac0587551312,hindi,real,real,Raga Bhimpalasi Alap.mp3,208,10
2d69b9d58ef79ce246f1c3d332fda72e,hindi,real,real,Raga Bhimpalasi Alap.mp3,209,10
441fd2fb203f221827a941dff1b859c8,hindi,real,real,Raga Bhimpalasi Alap.mp3,210,10
d64d59aabb11f12145c3266543201572,hindi,real,real,Raga Bhimpalasi Alap.mp3,211,10
3eb77de19d60a49b15456e362dc53329,hindi,real,real,Raga Bhimpalasi Alap.mp3,212,10
167d9c89021daa147cfb191fe9397b76,hindi,real,real,Raga Bhimpalasi Alap.mp3,213,10
87ac11e1712ac889fa51f2c6389da03e,hindi,real,real,Raga Bhimpalasi Alap.mp3,214,10
b517fcfbca93d5f4c665bc765e91ee0d,hindi,real,real,Raga Bhimpalasi Alap.mp3,215,10
3b8ca2e4fd689e733b7c1b709562de0c,hindi,real,real,Raga Bhimpalasi Alap.mp3,216,10
e1afcc9a049423c2ab793ec850eac5a9,hindi,real,real,Raga Bhimpalasi Alap.mp3,217,10
84df750d693f490d6584ea497651b006,hindi,real,real,Raga Bhimpalasi Alap.mp3,218,10
a163d7c7916db70a9216f9dd2dd6ef0e,hindi,real,real,Raga Bhimpalasi Alap.mp3,219,10
1535a05a7bf31c63f960eb02219b160a,hindi,real,real,Raga Bhimpalasi Alap.mp3,220,10
e6f14c758589630be82e779eb91f3f01,hindi,real,real,Raga Bhimpalasi Alap.mp3,221,10
378d7a86fcd7b59864aaa22287d27569,hindi,real,real,Raga Bhimpalasi Alap.mp3,222,10
8e51b9d720a9b7ad6d10baafb81e998b,hindi,real,real,Raga Bhimpalasi Alap.mp3,223,10
3f6cf03819a028a2bc76ba49666283bc,hindi,real,real,Raga Bhimpalasi Alap.mp3,224,10
9e06bd999a147f5b8963301af64a0af9,hindi,real,real,Raga Bhimpalasi Alap.mp3,225,10
7cb51407f6fec54e91b172c6e89cf348,hindi,real,real,Raga Bhimpalasi Alap.mp3,226,10
89767b90fc8780bc9d4ec2d87ae16ab2,hindi,real,real,Raga Bhimpalasi Alap.mp3,227,10
a61b9208b03113fcbff9cb4a531f899e,hindi,real,real,Raga Bhimpalasi Alap.mp3,228,10
3b0b0bcd4c54a3d790baed7843489c0e,hindi,real,real,Raga Bhimpalasi Alap.mp3,229,10
e2cf1b25b9ee42726f8e00c4de8e6446,hindi,real,real,Raga Bhimpalasi Alap.mp3,230,10
6bacc6fd3eacf85b7d03d5438fe1ac15,hindi,real,real,Raga Bhimpalasi Alap.mp3,231,10
d91b2a5e5034d42c24a8539b4d4170c1,hindi,real,real,Raga Bhimpalasi Alap.mp3,232,10
3980d2da609bba3967bd9027cea1090a,hindi,real,real,Raga Bhimpalasi Alap.mp3,233,10
089d4790686eb21f3cf9f50477e30ab0,hindi,real,real,Raga Bhimpalasi Alap.mp3,234,10
8d77d97ba873b92d5670ca38f8f75f2a,hindi,real,real,Raga Bhimpalasi Alap.mp3,235,10
352c28c0e400d2eddb61f41a2282d69f,hindi,real,real,Raga Bhimpalasi Alap.mp3,236,10
7c903da718109e1b723210c69681c9f6,hindi,real,real,Raga Bhimpalasi Alap.mp3,237,10
8b856449f3d64d8fd56ede5d256c068d,hindi,real,real,Raga Bhimpalasi Alap.mp3,238,10
9df67ec91997364a07e5f65cb26951db,hindi,real,real,Raga Bhimpalasi Alap.mp3,239,10
3155a3509187419a459a6c5c82cb5b09,hindi,real,real,Raga Bhimpalasi Alap.mp3,240,10
34226b6be753b6af123e868a27d04e29,hindi,real,real,Raga Bhimpalasi Alap.mp3,241,10
13c6dd62984bbd26425a5d16d2122516,hindi,real,real,Raga Bhimpalasi Alap.mp3,242,10
38f2d03e78c4c9c212dbdde112e50de1,hindi,real,real,Raga Bhimpalasi Alap.mp3,243,10
4eb601f5e25ca05e8fe42756cdd0d2b0,hindi,real,real,Raga Bhimpalasi Alap.mp3,244,10
854ac24cd91fd8a03e47ef0e664e26c2,hindi,real,real,Raga Bhimpalasi Alap.mp3,245,10
d82c9c4a3c743e51b5eac86ff4c369f4,hindi,real,real,Raga Bhimpalasi Alap.mp3,246,10
297baef33174dee11a26cee8b8e1df5e,hindi,real,real,Raga Bhimpalasi Alap.mp3,247,10
d8ca8f3a500af6f608b1888aaaaaf361,hindi,real,real,Raga Bhimpalasi Alap.mp3,248,10
4594b526aef156fc035e8f62224a597d,hindi,real,real,Raga Bhimpalasi Alap.mp3,249,10
b8398e55c351cb303f5a541ccecdbfb7,hindi,real,real,Raga Bhimpalasi Alap.mp3,250,10
7d8c688e9506da737934e139a970a255,hindi,real,real,Raga Bhimpalasi Alap.mp3,251,10
f77cb47f66997f8a993e76e914e9ee81,hindi,real,real,Raga Bhimpalasi Alap.mp3,252,10
886705f77e18add0cd8c6fdee9781b21,hindi,real,real,Raga Bhimpalasi Alap.mp3,253,10
09b99cc8b06a780bf096e79a4611f0c7,hindi,real,real,Raga Bhimpalasi Alap.mp3,254,10
69d319c72055444dd8a1837c9e5ec0b5,hindi,real,real,Raga Bhimpalasi Alap.mp3,255,10
7fdcafbb251327520c93a46b6c27afca,hindi,real,real,Raga Bhimpalasi Alap.mp3,256,10
9cc07644424e1a0eaaa4e8cf616b4393,hindi,real,real,Raga Bhimpalasi Alap.mp3,257,10
0e241d257a154cfe54077ce26cd33f89,hindi,real,real,Raga Bhimpalasi Alap.mp3,258,10
b1a7b04f2e2d064c2c55fe7351f368a4,hindi,real,real,Raga Bhimpalasi Alap.mp3,259,10
f71b655d91bbb7d43735d9a7e79eda81,hindi,real,real,Raga Bhimpalasi Alap.mp3,260,10
4b5e334c99e611dc8d661bb7b2e73d9d,hindi,real,real,Raga Bhimpalasi Alap.mp3,261,10
2ce7a7fc9295b9f68298925b6bf32f0a,hindi,real,real,Raga Bhimpalasi Alap.mp3,262,10
4fd65cddfb97d43272e44cd7c8d64d3c,hindi,real,real,Raga Bhimpalasi Alap.mp3,263,10
1ffd825e0c90530c16e7b6dd073f5006,hindi,real,real,Raga Bhimpalasi Alap.mp3,264,10
d2100a6687376b8dbe013b90ec70bc6d,hindi,real,real,Raga Bhimpalasi Alap.mp3,265,10
f898fc8764cb8797a26bf624dd9252d9,hindi,real,real,Raga Bhimpalasi Alap.mp3,266,10
baebeaabd42e7304291951773af8ba9d,hindi,real,real,Raga Bhimpalasi Alap.mp3,267,10
f5d8e72a3eb10be5d94f291942259a43,hindi,real,real,Raga Bhimpalasi Alap.mp3,268,10
9c5fc5f0442202b124b685ffa29b7623,hindi,real,real,Raga Bhimpalasi Alap.mp3,269,10
8f88834757e246a2316c604eb66963fc,hindi,real,real,Raga Bhimpalasi Alap.mp3,270,10
a4dc9c10e3341bfb6668a9b33c8be6ac,hindi,real,real,Raga Bhimpalasi Alap.mp3,271,10
5480afa41ef570cbf7c663b8a4729be2,hindi,real,real,Raga Bhimpalasi Alap.mp3,272,10
3b12ec05a88a9038d1d9959e2bf83825,hindi,real,real,Raga Bhimpalasi Alap.mp3,273,10
3ff99ea7e8f72c9524417757acfd5d43,hindi,real,real,Raga Bhimpalasi Alap.mp3,274,10
f05e6638cfa46970470f8fcaca1a2ff9,hindi,real,real,Raga Bhimpalasi Alap.mp3,275,10
048400e520bdf0e81a4cb65ebc61226c,hindi,real,real,Raga Bhimpalasi Alap.mp3,276,10
d84db9f82e02acb7839f7eafb2c11bfa,hindi,real,real,Raga Bhimpalasi Alap.mp3,277,10
bbbfa7089df42640f4ddeb04f000e001,hindi,real,real,Raga Bhimpalasi Alap.mp3,278,10
af0f2bcb692d52588165c328c38607f4,hindi,real,real,Raga Bhimpalasi Alap.mp3,279,10
2082808ee465a18e65eae74426e61efa,hindi,real,real,Raga Bhimpalasi Alap.mp3,280,10
543ca3efe22a470590cd406d126ed185,hindi,real,real,Raga Bhimpalasi Alap.mp3,281,10
1188e97c5d6eeeeb1500538f96de0fae,hindi,real,real,Raga Bhimpalasi Alap.mp3,282,10
d52d16c6fa4ab4752a645ad9ae420884,hindi,real,real,Raga Bhimpalasi Alap.mp3,283,10
9b8fc58b44c87d8536b87311529d4557,hindi,real,real,Raga Bhimpalasi Alap.mp3,284,10
58ea5ad139db741d001d643cbc2f41d5,hindi,real,real,Raga Bhimpalasi Alap.mp3,285,10
06eeda8c21935aafc366df43998a6f7d,hindi,real,real,Raga Bhimpalasi Alap.mp3,286,10
d861a733f8ba2d6ceee2b76a47544137,hindi,real,real,Raga Bhimpalasi Alap.mp3,287,10
625af195ab2b4d5059f9e6bd77cd5519,hindi,real,real,Raga Bhimpalasi Alap.mp3,288,10
a878de1f4e66a4c1d6b31bd0901332a8,hindi,real,real,Raga Bhimpalasi Alap.mp3,289,10
a000f776ff39c33f3a67fb62ccb2406f,hindi,real,real,Raga Bhimpalasi Alap.mp3,290,10
d38040483c4b86cd802ba74c277dfab4,hindi,real,real,Raga Bhimpalasi Alap.mp3,291,10
c8f0ba3ceaf7f054173b0f81d09ca654,hindi,real,real,Raga Bhimpalasi Alap.mp3,292,10
112c6284041d2e25d8f6b42c4e982a85,hindi,real,real,Raga Bhimpalasi Alap.mp3,293,10
a86e422cabc956a7911d49446b582cfa,hindi,real,real,Raga Bhimpalasi Alap.mp3,294,10
8f3dc8084da95cfa9ac0be9b038d776f,hindi,real,real,Raga Bhimpalasi Alap.mp3,295,10
5fd60ec131adc46dc7b6c4f0a28b4d4b,hindi,real,real,Raga Bhimpalasi Alap.mp3,296,10
6420b78f5fb7c79af855ebcd05293229,hindi,real,real,Raga Bhimpalasi Alap.mp3,297,10
2d095f7b78448880e81cfaccc89b85b8,hindi,real,real,Raga Bhimpalasi Alap.mp3,298,10
6c4bcc2826111731d1408a4f6f0082e4,hindi,real,real,Raga Bhimpalasi Alap.mp3,299,10
228d53a535cde15efb216bd418627fa6,hindi,real,real,Raga Bhimpalasi Alap.mp3,300,10
6393f4eb8c602ad3c9d634395f08f9b9,hindi,real,real,Raga Bhimpalasi Alap.mp3,301,10
85a494b3609131ab7cf5c5e9c272d3af,hindi,real,real,Raga Bhimpalasi Alap.mp3,302,10
b2aac9ec89db48d8087658de951b56af,hindi,real,real,Raga Bhimpalasi Alap.mp3,303,10
4616e1317bcd1cbe4c115179344c07a8,hindi,real,real,Raga Bhimpalasi Alap.mp3,304,10
892ce9b699793122cb77dbe731fef447,hindi,real,real,Raga Bhimpalasi Alap.mp3,305,10
767afc27d66215b49788b4fbeb232ac7,hindi,real,real,Raga Bhimpalasi Alap.mp3,306,10
027294b4ada2c841160489ee4b7e1252,hindi,real,real,Raga Bhimpalasi Alap.mp3,307,10
dc7236af4cb44762d65abedc20a2b327,hindi,real,real,Raga Bhimpalasi Alap.mp3,308,10
6bd0d28ae440b3fa4f536693d84d739d,hindi,real,real,Raga Bhimpalasi Alap.mp3,309,10
f5be2e5b340b31e6df1904c6d08a52c8,hindi,real,real,Raga Bhimpalasi Alap.mp3,310,10
7f06d9bd8194ed858c7d55e5f631b3ec,hindi,real,real,Raga Bhimpalasi Alap.mp3,311,10
44afd4cbe2f2f261363a4e57d34088ae,hindi,real,real,Raga Bhimpalasi Alap.mp3,312,10
d86d4f149c77cda9cc33b1ccb590c019,hindi,real,real,Raga Bhimpalasi Alap.mp3,313,10
520d40b78e9c606acf1e057c8ccd5e49,hindi,real,real,Raga Bhimpalasi Alap.mp3,314,10
aee953d03aab9b735803000be4f78456,hindi,real,real,Raga Bhimpalasi Alap.mp3,315,10
e4f1df5ef2f1af2d914bfdb0a04e037a,hindi,real,real,Raga Bhimpalasi Alap.mp3,316,10
827ab36d785b8f7b6e4ad7986fdfc184,hindi,real,real,Raga Bhimpalasi Alap.mp3,317,10
6675efe4f692a28e800324a5167bd096,hindi,real,real,Raga Bhimpalasi Alap.mp3,318,10
aab689a054fa0dd2001fe8037938041d,hindi,real,real,Raga Bhimpalasi Alap.mp3,319,10
51b14275bd17feaef416aa5f6977df64,hindi,real,real,Raga Bhimpalasi Alap.mp3,320,10
2b08c0d2346b16d4804a07012a4cd8b5,hindi,real,real,Raga Bhimpalasi Alap.mp3,321,10
20d2bba252b3dd0f955440e488e1d41a,hindi,real,real,Raga Bhimpalasi Alap.mp3,322,10
e50c9dde3fe06e5806b7e91726333344,hindi,real,real,Raga Bhimpalasi Alap.mp3,323,10
92038cb8ad426f13ff1a1ded9fc165cf,hindi,real,real,Raga Bhimpalasi Alap.mp3,324,10
d3062a536437fe25e66bf09d599be442,hindi,real,real,Raga Bhimpalasi Alap.mp3,325,10
1b58e81900161f50fc220e1facbbfee2,hindi,real,real,Raga Bhimpalasi Alap.mp3,326,10
737aae64548784d5081eeafc1637f1bb,hindi,real,real,Raga Bhimpalasi Alap.mp3,327,10
b21e768ea65bab6af7838de613ed848b,hindi,real,real,Raga Bhimpalasi Alap.mp3,328,10
be9afc16e6140c3f79f65759a29c26db,hindi,real,real,Raga Bhimpalasi Alap.mp3,329,10
93cb0462bc527cd4c76bed787d8be2a1,hindi,real,real,Raga Bhimpalasi Alap.mp3,330,10
be42bf41543b9a0b1aa4f382ee6c48eb,hindi,real,real,Raga Bhimpalasi Alap.mp3,331,10
adb2b6fc93e6131c00d8acfabcd6d5e1,hindi,real,real,Raga Bhimpalasi Alap.mp3,332,10
8dbf6830331ebbf1ddad019d73e87cb2,hindi,real,real,Raga Bhimpalasi Alap.mp3,333,10
f1b4a3398aa6f6616fd59c464281e32a,hindi,real,real,Raga Bhimpalasi Alap.mp3,334,10
1e7acb61cf221a2b1428a1c0ea5e6ac4,hindi,real,real,Raga Bhimpalasi Alap.mp3,335,10
0e143ba2641bb073ecd905e2df3023a1,hindi,real,real,Raga Bhimpalasi Alap.mp3,336,10
ef2832cb69eeebab299451b31da3d87b,hindi,real,real,Raga Bhimpalasi Alap.mp3,337,10
fa584485a462b3e9f921e38178ff8617,hindi,real,real,Raga Bhimpalasi Alap.mp3,338,10
de3bc748a6f6e87aa5e782f48d567ac1,hindi,real,real,Raga Bhimpalasi Alap.mp3,339,10
ae723765ddc2cb705901bef4548decfc,hindi,real,real,Raga Bhimpalasi Alap.mp3,340,10
063db70b3c9b7c578a94a6a7eccb9241,hindi,real,real,Raga Bhimpalasi Alap.mp3,341,10
7a06fed78cc32aed9439612d27fd095d,hindi,real,real,Raga Bhimpalasi Alap.mp3,342,10
352b6656ed020ffb01b89bf12ffd0286,hindi,real,real,Raga Bhimpalasi Alap.mp3,343,10
97588631f3e57e3ae6158c4e7fc3dce2,hindi,real,real,Raga Bhimpalasi Alap.mp3,344,10
3cea06571e25bf59846c990261fe17c7,hindi,real,real,Raga Bhimpalasi Alap.mp3,345,10
9c403c67099bd7119cc43303c68a0b4c,hindi,real,real,Raga Bhimpalasi Alap.mp3,346,10
6842eb2dd9549e80ab22c3fe87c80ec9,hindi,real,real,Raga Bhimpalasi Alap.mp3,347,10
136d84511b322e2b6f1ec34f714a4195,hindi,real,real,Raga Bhimpalasi Alap.mp3,348,10
9829a94b89875a25231ef2a01955392d,hindi,real,real,Raga Bhimpalasi Alap.mp3,349,10
fff28eecf270cbce3b384c6e1f13bdbc,hindi,real,real,Raga Bhimpalasi Alap.mp3,350,10
2bc2b33ba7575d6185937a0cc3efb5c8,hindi,real,real,Raga Bhimpalasi Alap.mp3,351,10
0f215339e09cebfa1d14fb5843f2dee5,hindi,real,real,Raga Bhimpalasi Alap.mp3,352,10
8c5729a60a5e44ae69f4d0e717d1fc9d,hindi,real,real,Raga Bhimpalasi Alap.mp3,353,10
b3e3a53aef463cc61c2c4bcb13844479,hindi,real,real,Raga Bhimpalasi Alap.mp3,354,10
fb3a3ec542b672eeb2c51523bf0a56e9,hindi,real,real,Raga Bhimpalasi Alap.mp3,355,10
6c1c329e713a31d436d24227fc6a0423,hindi,real,real,Raga Bhimpalasi Alap.mp3,356,10
8e3d47a97edc2fde43d36f16c0f64ce9,hindi,real,real,Raga Bhimpalasi Alap.mp3,357,10
03903af866a680ff8a514e33bb29f1cd,hindi,real,real,Raga Bhimpalasi Alap.mp3,358,10
d1e2e0a4aa017db462d0aabd32ba810c,hindi,real,real,Raga Bhimpalasi Alap.mp3,359,10
f6ffb81747f11c2da6e74758fa3505a7,hindi,real,real,Raga Bhimpalasi Alap.mp3,360,10
7ccebf67f00e1279d0a1cd126757e14f,hindi,real,real,Raga Bhimpalasi Alap.mp3,361,10
00b01ec7d55ce791830c90c5b761779c,hindi,real,real,Raga Bhimpalasi Alap.mp3,362,10
b0477eb6d45235ae38c37c3a626feb2c,hindi,real,real,Raga Bhimpalasi Alap.mp3,363,10
bc9d9a8341d40dfc9b8985ea53185434,hindi,real,real,Raga Bhimpalasi Alap.mp3,364,10
0d2ffed0129e5d56812412ea35b5a80d,hindi,real,real,Raga Bhimpalasi Alap.mp3,365,10
6263390dbbde876b4f0dd3568c7526d3,hindi,real,real,Raga Bhimpalasi Alap.mp3,366,10
39b3548f4f354bde575116cafd829701,hindi,real,real,Raga Bhimpalasi Alap.mp3,367,10
9d15bd81739acb36fdd2048a68db4dce,hindi,real,real,Raga Bhimpalasi Alap.mp3,368,10
4e967f76f355b7dcf29a8a54353170f9,hindi,real,real,Raga Bhimpalasi Alap.mp3,369,10
b2c65d63b04bdea0795c3a3e6c4e85ef,hindi,real,real,Raga Bhimpalasi Alap.mp3,370,10
4ac3d2a3214fac13b268ae2495fa45c2,hindi,real,real,Raga Bhimpalasi Alap.mp3,371,10
1275c3a8503a5dd1e632133f4c701732,hindi,real,real,Raga Bhimpalasi Alap.mp3,372,10
9a278c8f55c4ec8bc03d73c48d9a60b5,hindi,real,real,Raga Bhimpalasi Alap.mp3,373,10
c8b657c5c84602eb7fecf3aedfb33675,hindi,real,real,Raga Bhimpalasi Alap.mp3,374,10
c746535e2fd2651c00646bb46d9698cd,hindi,real,real,Raga Bhimpalasi Alap.mp3,375,10
872247a3a7e056b5757235dd6d19cc5e,hindi,real,real,Thumri - Madhuban Mein Radhika.mp3,0,10
2161203b79e814d310ae672437ebae49,hindi,real,real,Thumri - Madhuban Mein Radhika.mp3,1,10
b4fcf33dfe639a7b1c900a9e00b88e09,hindi,real,real,Thumri - Madhuban Mein Radhika.mp3,2,10
160445ad88269ccf397da78fed28edb2,hindi,real,real,Thumri - Madhuban Mein Radhika.mp3,3,10
dbcd86e1b77fa5959e12fcaf61ac0951,hindi,real,real,Thumri - Madhuban Mein Radhika.mp3,4,10
f09a650eb7d13287cf6f8a1f1bbc69e3,hindi,real,real,Thumri - Madhuban Mein Radhika.mp3,5,10
385b2c2cc4d230263f6f2878458bf00b,hindi,real,real,Thumri - Madhuban Mein Radhika.mp3,6,10
e0faf4aeaa31011e695b0ce3a8edfc4a,hindi,real,real,Thumri - Madhuban Mein Radhika.mp3,7,10
a008148d8b2e0d3ee15893bc133711d0,hindi,real,real,Thumri - Madhuban Mein Radhika.mp3,8,10
92dbfe2fb4469b2d043ee512d12ccdc1,hindi,real,real,Thumri - Madhuban Mein Radhika.mp3,9,10
27bac6aa43307fcf0ad2b47319787d69,hindi,real,real,Thumri - Madhuban Mein Radhika.mp3,10,10
28302b1f6350c618b1eed336147f3a83,hindi,real,real,Thumri - Madhuban Mein Radhika.mp3,11,10
79be08beb69f900fd79d2defe643ad97,hindi,real,real,Thumri - Madhuban Mein Radhika.mp3,12,10
6adb5174c0008a39cf6e13a95ab22a84,hindi,real,real,Thumri - Madhuban Mein Radhika.mp3,13,10
0fc83686009be0e32c195b19c996752c,hindi,real,real,Thumri - Madhuban Mein Radhika.mp3,14,10
b4b15d554365e30d8232f7e35e7b69b2,hindi,real,real,Thumri - Madhuban Mein Radhika.mp3,15,10
4e6282af2a36683a82155979b7445b88,hindi,real,real,Thumri - Madhuban Mein Radhika.mp3,16,10
9cb59a9487f9bff0356f2703f16a8b08,hindi,real,real,Thumri - Madhuban Mein Radhika.mp3,17,10
d0b3ae9efa05d86e7b193ac4348606ed,hindi,real,real,Thumri - Madhuban Mein Radhika.mp3,18,10
e6a695c6535a98979e685cd7790850a7,hindi,real,real,Thumri - Madhuban Mein Radhika.mp3,19,10
bad4aedf54658d7f9e320c2548b0a92c,hindi,real,real,Thumri - Madhuban Mein Radhika.mp3,20,10
1f9055b6420178a7fd91581ac450eff2,hindi,real,real,Thumri - Madhuban Mein Radhika.mp3,21,10
28bdd2bb786191ad7b6c65510dc6d031,hindi,real,real,Thumri - Madhuban Mein Radhika.mp3,22,10
5281e8968ee335ad1b99be21db53b56e,hindi,real,real,Thumri - Madhuban Mein Radhika.mp3,23,10
3a3d41bc5eca87c72a11db9242b5e18a,hindi,real,real,Thumri - Madhuban Mein Radhika.mp3,24,10
30af09e847c46363a14857bd955aab99,hindi,real,real,Thumri - Madhuban Mein Radhika.mp3,25,10
10980d3423d7764ae4d545c205b64d25,hindi,real,real,Thumri - Madhuban Mein Radhika.mp3,26,10
99ae3ca4ccf9118c56123d8a4a8b08e4,hindi,real,real,Thumri - Madhuban Mein Radhika.mp3,27,10
baaefe3fceeacafe7b9052dfb83801c7,hindi,real,real,Thumri - Madhuban Mein Radhika.mp3,28,10
286f917459b201adf0e3ba09966deff3,hindi,real,real,Thumri - Madhuban Mein Radhika.mp3,29,10
eef98e7beff09ebfc27fae7eb1a7bfbe,hindi,real,real,Thumri - Madhuban Mein Radhika.mp3,30,10
8836eab53cb9a68543d2f6e073f0a851,hindi,real,real,Thumri - Madhuban Mein Radhika.mp3,31,10
d7e6c423f565043a9417fe09efb6e59e,hindi,real,real,Thumri - Madhuban Mein Radhika.mp3,32,10
10de7219d74947dae5c46b8da17675c0,hindi,real,real,Dadra Geet.mp3,0,10
e6e6e84c0edbfdd1036f82b758c3055e,hindi,real,real,Dadra Geet.mp3,1,10
08e6f1a6674ee939524fd6ffdb1eb0e4,hindi,real,real,Dadra Geet.mp3,2,10
214cca1afd380305fd50f3b47772a43f,hindi,real,real,Dadra Geet.mp3,3,10
f5a18535e0ce28011bc575f8e573f980,hindi,real,real,Dadra Geet.mp3,4,10
d0ac15383e7894104e567b3992d39aaa,hindi,real,real,Dadra Geet.mp3,5,10
0b25f81f2c3abdc985726e8d75d21109,hindi,real,real,Dadra Geet.mp3,6,10
087966b551d9bb6a4162185a55f18782,hindi,real,real,Dadra Geet.mp3,7,10
b729a839b2fbf7aee7c931fe72557d07,hindi,real,real,Dadra Geet.mp3,8,10
9567a8417eb76abd55f9959e99637c6b,hindi,real,real,Dadra Geet.mp3,9,10
eedfaaee9d811c0ccc4415c539ffa105,hindi,real,real,Dadra Geet.mp3,10,10
ebd59d7b293d08418fde4044da87081d,hindi,real,real,Dadra Geet.mp3,11,10
463c210ae6ae516683ee83d72b984c08,hindi,real,real,Dadra Geet.mp3,12,10
f912395a55ef2b3fba5417bf41c73181,hindi,real,real,Dadra Geet.mp3,13,10
645894a9e095f0d9f1a52fafeb594ddc,hindi,real,real,Dadra Geet.mp3,14,10
c52a410d89b59c6b7c22f7acf0d87a46,hindi,real,real,Dadra Geet.mp3,15,10
8216ab837c5b4f0b67b18defb2474ecd,hindi,real,real,Dadra Geet.mp3,16,10
8d03bdf42f3de504e51f082832803ffa,hindi,real,real,Dadra Geet.mp3,17,10
31c88674174601f1ac3dae50cddff964,hindi,real,real,Dadra Geet.mp3,18,10
500389dcd6bf599f126128fb2f2cf22b,hindi,real,real,Dadra Geet.mp3,19,10
94f9124b4d3cb3d3ca3cb9941df2d4ed,hindi,real,real,Dadra Geet.mp3,20,10
a0c5b5e00674b50d1c488c89dd90678d,hindi,real,real,Dadra Geet.mp3,21,10
55391f59935533a7c2f51e53e52b57f9,hindi,real,real,Dadra Geet.mp3,22,10
566543a72fa07cbff3f349a9ce8d5ba0,hindi,real,real,Dadra Geet.mp3,23,10
015f7184b89ac44bcd40a5e7e22e60e9,hindi,real,real,Dadra Geet.mp3,24,10
d0150c1a843709af6b23caaed1708fea,hindi,real,real,Dadra Geet.mp3,25,10
26a6395d82187f578518265d34327a50,hindi,real,real,Dadra Geet.mp3,26,10
76ab9c7334ce8b067ff70bdf9cdb9949,hindi,real,real,Dadra Geet.mp3,27,10
8efa67d8af43b43a8689e68c19b5ec80,hindi,real,real,Dadra Geet.mp3,28,10
5d03765a21c8f9e81025611e1c8b22f3,hindi,real,real,Dadra Geet.mp3,29,10
469f8a9fd8f3331347a9bee9f646d8e4,hindi,real,real,Dadra Geet.mp3,30,10
463284ba57f504fd3f4183e12073cff4,hindi,real,real,Dadra Geet.mp3,31,10
b95ef899bafb598613843ba90093b9b5,hindi,real,real,Dadra Geet.mp3,32,10
424ee8845fd353d7224023b70eeabce6,hindi,real,real,Dadra Geet.mp3,33,10
f11f8274d74d0cb444e877aee104b4b9,hindi,real,real,Dadra Geet.mp3,34,10
5f19936276960773d4db3ec5197f497b,hindi,real,real,Dadra Geet.mp3,35,10
3c0e329c274cde207efbb0c689fa83ce,hindi,real,real,Dadra Geet.mp3,36,10
aae5593202125f61a3fbdcabcc69fd66,hindi,real,real,Dadra Geet.mp3,37,10
a481a75cdf7df94fbf46dcd5a41967fa,hindi,real,real,Dadra Geet.mp3,38,10
bba3d60e5f9095fa225f0fda7554f85f,hindi,real,real,Dadra Geet.mp3,39,10
9b492a2afcaa5a2fff1b490126214059,hindi,real,real,Dadra Geet.mp3,40,10
54c88882d8e7f056cd1b65da62a4a62f,hindi,real,real,Dadra Geet.mp3,41,10
54770863e296505769b8d796bc569979,hindi,real,real,Saawan Ke Geet Ritu Ke Geet.mp3,0,10
77a05757c97a93c4811fdf5f211638a3,hindi,real,real,Saawan Ke Geet Ritu Ke Geet.mp3,1,10
081f31d2abc0a68423c4fd0789b5627f,hindi,real,real,Saawan Ke Geet Ritu Ke Geet.mp3,2,10
a09d86aa1846cbe2506cb81688a9d61c,hindi,real,real,Saawan Ke Geet Ritu Ke Geet.mp3,3,10
64e81083dd43ce013a31b326b4d9cabe,hindi,real,real,Saawan Ke Geet Ritu Ke Geet.mp3,4,10
32a2ab19f276805680bd52a39a6e6cc6,hindi,real,real,Saawan Ke Geet Ritu Ke Geet.mp3,5,10
a99a203a2c0a403675e666d220883da6,hindi,real,real,Saawan Ke Geet Ritu Ke Geet.mp3,6,10
9f5d4520b792f291da9609ada70f11df,hindi,real,real,Saawan Ke Geet Ritu Ke Geet.mp3,7,10
17c1c74a4b5a3e4ac6576097de04c127,hindi,real,real,Saawan Ke Geet Ritu Ke Geet.mp3,8,10
b22abf87796ebdca82a0c408162c9c15,hindi,real,real,Saawan Ke Geet Ritu Ke Geet.mp3,9,10
26d3e2b148e18be9bcb845e2d76b4335,hindi,real,real,Saawan Ke Geet Ritu Ke Geet.mp3,10,10
18a55f5cd1c78b5ab71d93ab0f88aaac,hindi,real,real,Saawan Ke Geet Ritu Ke Geet.mp3,11,10
d5206a4cb08f8ef92901640a59858cbe,hindi,real,real,Saawan Ke Geet Ritu Ke Geet.mp3,12,10
aa10b1fa583a6c53adc9410a2d438d79,hindi,real,real,Saawan Ke Geet Ritu Ke Geet.mp3,13,10
43e8de1b8f91309148787e9c2266ef15,hindi,real,real,Saawan Ke Geet Ritu Ke Geet.mp3,14,10
eeecc6e6330521216bc632cdab1cd564,hindi,real,real,Saawan Ke Geet Ritu Ke Geet.mp3,15,10
97de33853029327c85fe0837fd01db34,hindi,real,real,Saawan Ke Geet Ritu Ke Geet.mp3,16,10
232f67b0fc184a1a23d890d1beaab75b,hindi,real,real,Saawan Ke Geet Ritu Ke Geet.mp3,17,10
a02895591960f80a30c34f0541d1f08a,hindi,real,real,Saawan Ke Geet Ritu Ke Geet.mp3,18,10
c38279c99acc2ee76452d1a6a593f28b,hindi,real,real,Saawan Ke Geet Ritu Ke Geet.mp3,19,10
dfa9ecfc8a9feaf8964270b341854999,hindi,real,real,Saawan Ke Geet Ritu Ke Geet.mp3,20,10
4c142576cdabecdbc7b6fdc61afaab9c,hindi,real,real,Saawan Ke Geet Ritu Ke Geet.mp3,21,10
575e1c8767cb24f09d79b20970663224,hindi,real,real,Saawan Ke Geet Ritu Ke Geet.mp3,22,10
b9f661c8702a83fb15f6fc275059153a,hindi,real,real,Saawan Ke Geet Ritu Ke Geet.mp3,23,10
b2dfb26667c506634620ba85db5e9188,hindi,real,real,Saawan Ke Geet Ritu Ke Geet.mp3,24,10
3afd921ffef895948d966bed96e0d147,hindi,real,real,Saawan Ke Geet Ritu Ke Geet.mp3,25,10
b78aea122670519b1caa20d2d04fde9d,hindi,real,real,Saawan Ke Geet Ritu Ke Geet.mp3,26,10
f529413ed4f22aba06bfabaebcfe7b5d,hindi,real,real,Saawan Ke Geet Ritu Ke Geet.mp3,27,10
1c72c4daf4b5184a40a2b343dfee6733,hindi,real,real,Saawan Ke Geet Ritu Ke Geet.mp3,28,10
2f88ec583b8dfe1f370f3acfba7c015e,hindi,real,real,Saawan Ke Geet Ritu Ke Geet.mp3,29,10
abc8730b2ab3c39b233095ff40c9dac1,hindi,real,real,Saawan Ke Geet Ritu Ke Geet.mp3,30,10
2446247e2e3bed9b5a8102d490e5807a,hindi,real,real,Saawan Ke Geet Ritu Ke Geet.mp3,31,10
28383b13a7ee866155f8b7862e6c384e,hindi,real,real,Saawan Ke Geet Ritu Ke Geet.mp3,32,10
48b4e9c97ff594ce27ff47bc4636088e,hindi,real,real,Saawan Ke Geet Ritu Ke Geet.mp3,33,10
22e3004e37a013edab3219f991c54b41,hindi,real,real,Saawan Ke Geet Ritu Ke Geet.mp3,34,10
524e1b650f62647aec45764811f0ec7d,hindi,real,real,Saawan Ke Geet Ritu Ke Geet.mp3,35,10
64402e9ffa8e192bc0f6650662839f60,hindi,real,real,Saawan Ke Geet Ritu Ke Geet.mp3,36,10
ea193f05d6366caa667ba9566f8f83b6,hindi,real,real,Saawan Ke Geet Ritu Ke Geet.mp3,37,10
3458e6a7bff7f3d9c28add0c76912a1a,hindi,real,real,Saawan Ke Geet Ritu Ke Geet.mp3,38,10
e5007aaf49716f7dba930b75ab0a9010,hindi,real,real,Saawan Ke Geet Ritu Ke Geet.mp3,39,10
692d4482ff34830e0b8c3e930880a4bb,hindi,real,real,Saawan Ke Geet Ritu Ke Geet.mp3,40,10
27947fc26a1ee443625e52d632590ca5,hindi,real,real,Saawan Ke Geet Ritu Ke Geet.mp3,41,10
73e1c2bd3529366cdd9e227478f04bf0,hindi,real,real,Saawan Ke Geet Ritu Ke Geet.mp3,42,10
7e841b3d589e1eedbef7a0870472cd6e,hindi,real,real,Saawan Ke Geet Ritu Ke Geet.mp3,43,10
cf3b0db49d092fcee9cc448bfd5c014e,hindi,real,real,Saawan Ke Geet Ritu Ke Geet.mp3,44,10
85537625228c364a65e75d97f5b9c392,hindi,real,real,Saawan Ke Geet Ritu Ke Geet.mp3,45,10
960854eaa4c30d8bc2f8fa461f1b4b10,hindi,real,real,Saawan Ke Geet Ritu Ke Geet.mp3,46,10
adfc0489fcc3d0be4090dd9920b767f2,hindi,real,real,Saawan Ke Geet Ritu Ke Geet.mp3,47,10
015968ce4ab3708bf48628b2d818ebbb,hindi,real,real,Saawan Ke Geet Ritu Ke Geet.mp3,48,10
f0fbd56363de61425cb414a1c3271a0b,hindi,real,real,Saawan Ke Geet Ritu Ke Geet.mp3,49,10
4e9c03c93986e3fbf8f109c0d9d189b4,hindi,real,real,Saawan Ke Geet Ritu Ke Geet.mp3,50,10
8babf7886425672c6912dc79900df20d,hindi,real,real,Saawan Ke Geet Ritu Ke Geet.mp3,51,10
135ff19e7b408683aa1f0927496858cb,hindi,real,real,Saawan Ke Geet Ritu Ke Geet.mp3,52,10
7749100f347dd047975a9fcb85a28eac,hindi,real,real,Saawan Ke Geet Ritu Ke Geet.mp3,53,10
7ead648644753425766047ff000b2e76,hindi,real,real,Saawan Ke Geet Ritu Ke Geet.mp3,54,10
f705101871a378d27e66a27dc0321111,hindi,real,real,Saawan Ke Geet Ritu Ke Geet.mp3,55,10
12e57091ce1034b42164995f51d5c444,hindi,real,real,Saawan Ke Geet Ritu Ke Geet.mp3,56,10
f7efef0f1ac83407c79c851da65934bc,hindi,real,real,Saawan Ke Geet Ritu Ke Geet.mp3,57,10
5a300a80233a7768b424457a485a495f,hindi,real,real,Saawan Ke Geet Ritu Ke Geet.mp3,58,10
2d52ef01a1ad4d681f2f05ed6c254a6f,hindi,real,real,Saawan Ke Geet Ritu Ke Geet.mp3,59,10
a3e33f133195be1d67fa24f05bc34299,hindi,real,real,Saawan Ke Geet Ritu Ke Geet.mp3,60,10
f54f94227e3923ba7fec4ca42147b13b,hindi,real,real,Saawan Ke Geet Ritu Ke Geet.mp3,61,10
73699b43634a77a4cca8bb943a4e630c,hindi,real,real,Saawan Ke Geet Ritu Ke Geet.mp3,62,10
a2e7c12faea647f2f2474d3ca4574f0e,hindi,real,real,Saawan Ke Geet Ritu Ke Geet.mp3,63,10
c54d368248d46614412a9352139d5560,hindi,real,real,Saawan Ke Geet Ritu Ke Geet.mp3,64,10
6487762dd97eee0c3bf3058a497d6538,hindi,real,real,Saawan Ke Geet Ritu Ke Geet.mp3,65,10
c73d807357ab1b99a0e6d44b4e693ee8,hindi,real,real,Saawan Ke Geet Ritu Ke Geet.mp3,66,10
f414c692e94980f4bc2aa492fa3ba53d,hindi,real,real,Saawan Ke Geet Ritu Ke Geet.mp3,67,10
c76b449b331750a4a1517463da12c42f,hindi,real,real,Saawan Ke Geet Ritu Ke Geet.mp3,68,10
f8d1d0a9968ceaed7166baeb8d81dbd0,hindi,real,real,Saawan Ke Geet Ritu Ke Geet.mp3,69,10
f82ffe378ff8fc4f4f36fd40ce926d82,hindi,real,real,Saawan Ke Geet Ritu Ke Geet.mp3,70,10
d249abc49596d4f8f902d25b65de0cc4,hindi,real,real,Saawan Ke Geet Ritu Ke Geet.mp3,71,10
40ea8311aad1e46ff12a8b275e26a2c4,hindi,real,real,Saawan Ke Geet Ritu Ke Geet.mp3,72,10
82f998bd4d8d696851b61c89a32ec58d,hindi,real,real,Saawan Ke Geet Ritu Ke Geet.mp3,73,10
621019d7fffcd36748828cbfb3022a6c,hindi,real,real,Saawan Ke Geet Ritu Ke Geet.mp3,74,10
2049bd875bae28b0e48b0b045f486df2,hindi,real,real,Saawan Ke Geet Ritu Ke Geet.mp3,75,10
e0b69cdf5b3eefda887202df40b1ec6a,hindi,real,real,Saawan Ke Geet Ritu Ke Geet.mp3,76,10
63da8feb5154a80b523b76dcb2d33898,hindi,real,real,Saawan Ke Geet Ritu Ke Geet.mp3,77,10
24f85b09d73643802fb3ad5dc04f4ffc,hindi,real,real,Saawan Ke Geet Ritu Ke Geet.mp3,78,10
bf4ee7187d1bae6d4a2a5d6f71aa17d3,hindi,real,real,Saawan Ke Geet Ritu Ke Geet.mp3,79,10
6eab04d902de4d59d93985e465f50a51,hindi,real,real,Saawan Ke Geet Ritu Ke Geet.mp3,80,10
ca149c9aefbac9e75a00835654155264,hindi,real,real,Saawan Ke Geet Ritu Ke Geet.mp3,81,10
5dea0a761be6aeb2d956eb43a8c24c19,hindi,real,real,Saawan Ke Geet Ritu Ke Geet.mp3,82,10
13cef1977f22dbd8dec40ac9ac40e76b,hindi,real,real,Saawan Ke Geet Ritu Ke Geet.mp3,83,10
3fb0bdc4e60663b15fc1e059bfe96aeb,hindi,real,real,Saawan Ke Geet Ritu Ke Geet.mp3,84,10
35919ad6fcf441a48cd8805adadff5f3,hindi,real,real,Saawan Ke Geet Ritu Ke Geet.mp3,85,10
c958c73c599bf25cfffc39ad5dda23f6,hindi,real,real,Saawan Ke Geet Ritu Ke Geet.mp3,86,10
fce29b40a2ed38ddd4a6c9476ebb0246,hindi,real,real,Saawan Ke Geet Ritu Ke Geet.mp3,87,10
bfd90dc40add9d23fd8da45ee2ca0042,hindi,real,real,Saawan Ke Geet Ritu Ke Geet.mp3,88,10
d82487a195ff3d5940ecf43d816ea7f3,hindi,real,real,Saawan Ke Geet Ritu Ke Geet.mp3,89,10
b41d1867089caef726e5d1670bd9481f,hindi,real,real,Saawan Ke Geet Ritu Ke Geet.mp3,90,10
3334b20429d1865da0ac607d3ddfcda7,hindi,real,real,Saawan Ke Geet Ritu Ke Geet.mp3,91,10
aa090fe4423da782c2dd6c5e9861f727,hindi,real,real,Saawan Ke Geet Ritu Ke Geet.mp3,92,10
8a1ad99fe01e1e2e8068f875e889b107,hindi,real,real,Saawan Ke Geet Ritu Ke Geet.mp3,93,10
a3401a23b5f11e3adb045028492e6b1b,hindi,real,real,Saawan Ke Geet Ritu Ke Geet.mp3,94,10
d2af195a6df27c9481bbfc35a559d043,hindi,real,real,Saawan Ke Geet Ritu Ke Geet.mp3,95,10
86fdbad7b7261c02b291a1c5b975a051,hindi,real,real,Saawan Ke Geet Ritu Ke Geet.mp3,96,10
5661ca59513f75b48eaa7ef45d312213,hindi,real,real,Saawan Ke Geet Ritu Ke Geet.mp3,97,10
ab884748955dba8e4bde83ca9882f493,hindi,real,real,Saawan Ke Geet Ritu Ke Geet.mp3,98,10
9507484d5cb2b2604b8faf198d8ec99d,hindi,real,real,Saawan Ke Geet Ritu Ke Geet.mp3,99,10
f68e13b71e58fd7ce879c6b7130f2ff1,hindi,real,real,Saawan Ke Geet Ritu Ke Geet.mp3,100,10
7a43463095dfc18f02c9ecade6a40384,hindi,real,real,Saawan Ke Geet Ritu Ke Geet.mp3,101,10
52c6cb60cd5197504f50f24179e471f6,hindi,real,real,Saawan Ke Geet Ritu Ke Geet.mp3,102,10
8e7ddf37e5cae2cb099e3481384b0ff3,hindi,real,real,Saawan Ke Geet Ritu Ke Geet.mp3,103,10
ca64bcf27b2db5d2b81e721f5e287dd3,hindi,real,real,Saawan Ke Geet Ritu Ke Geet.mp3,104,10
8d90f050016c3acd5f6be02f825437e3,hindi,real,real,Saawan Ke Geet Ritu Ke Geet.mp3,105,10
4ce34070281eb3493a5417a2d845d263,hindi,real,real,Saawan Ke Geet Ritu Ke Geet.mp3,106,10
8ebfb0583668cdebfbf6d18a2f177216,hindi,real,real,Saawan Ke Geet Ritu Ke Geet.mp3,107,10
57fe8e5e22867698c95454933485dabf,hindi,real,real,Saawan Ke Geet Ritu Ke Geet.mp3,108,10
33d24f62346f7a655515c2a4aacf71ac,hindi,real,real,Saawan Ke Geet Ritu Ke Geet.mp3,109,10
c418b900ad48151162e66acf29344a27,hindi,real,real,Saawan Ke Geet Ritu Ke Geet.mp3,110,10
74e9257442fb77182f1e3cbe12baa486,hindi,real,real,Saawan Ke Geet Ritu Ke Geet.mp3,111,10
e708e3b35ff9b798cd6711b6dd84d923,hindi,real,real,Saawan Ke Geet Ritu Ke Geet.mp3,112,10
6c93d6ab3a8e86fdd8ac81a04bfea804,hindi,real,real,Saawan Ke Geet Ritu Ke Geet.mp3,113,10
288d4ba4aecc06d72293fd34695a8613,hindi,real,real,Saawan Ke Geet Ritu Ke Geet.mp3,114,10
0b87810dea3bedb2695f618716ea367e,hindi,real,real,Saawan Ke Geet Ritu Ke Geet.mp3,115,10
77b21e5caafd5f7c758d937a4896370b,hindi,real,real,Saawan Ke Geet Ritu Ke Geet.mp3,116,10
2a90d4baf5e1bc865d5ba2d0495d555b,hindi,real,real,Kabhi Ram Banke Kabhi Shyam Banke.mp3,0,10
476e8f91d35800c859af4a63d63a4344,hindi,real,real,Kabhi Ram Banke Kabhi Shyam Banke.mp3,1,10
9fa135a9d2302fa1e885ce3a0d77c3ca,hindi,real,real,Kabhi Ram Banke Kabhi Shyam Banke.mp3,2,10
6f7e4a2824a5a962889410428f633bd2,hindi,real,real,Kabhi Ram Banke Kabhi Shyam Banke.mp3,3,10
a98b5214bcbc43b069a9d133e5466295,hindi,real,real,Kabhi Ram Banke Kabhi Shyam Banke.mp3,4,10
24bee8218715f5bb6bc0e3023de5f84a,hindi,real,real,Kabhi Ram Banke Kabhi Shyam Banke.mp3,5,10
534cd341df9e2ea91faa3b246e28e9f0,hindi,real,real,Kabhi Ram Banke Kabhi Shyam Banke.mp3,6,10
5183b7dfedf4c31696a0beb0e466fcc0,hindi,real,real,Kabhi Ram Banke Kabhi Shyam Banke.mp3,7,10
4ab88bfec622c521e9dda8aae8d5eea7,hindi,real,real,Kabhi Ram Banke Kabhi Shyam Banke.mp3,8,10
840afa3ffecd3b733dba244115546f9c,hindi,real,real,Kabhi Ram Banke Kabhi Shyam Banke.mp3,9,10
322b875dbd2690f065363ccc2db2f7c3,hindi,real,real,Kabhi Ram Banke Kabhi Shyam Banke.mp3,10,10
f32a2f094dd009c0073f545b7ac5d198,hindi,real,real,Kabhi Ram Banke Kabhi Shyam Banke.mp3,11,10
d716c84996ef52df89d2e196ac4a8adf,hindi,real,real,Kabhi Ram Banke Kabhi Shyam Banke.mp3,12,10
c00ff7f9a4e922600fd36c23b9c4fa7e,hindi,real,real,Kabhi Ram Banke Kabhi Shyam Banke.mp3,13,10
75b72961ba49ef208ef0ae4b844f74b6,hindi,real,real,Kabhi Ram Banke Kabhi Shyam Banke.mp3,14,10
54b1c2bb685a54bf8e28c0e296ac76b9,hindi,real,real,Kabhi Ram Banke Kabhi Shyam Banke.mp3,15,10
7534ff30c55af61cd4d0336072a4757e,hindi,real,real,Kabhi Ram Banke Kabhi Shyam Banke.mp3,16,10
516aff01e261ee8a99dfb2129d36947a,hindi,real,real,Kabhi Ram Banke Kabhi Shyam Banke.mp3,17,10
dc6a80943aaac16c74673677b56baa06,hindi,real,real,Kabhi Ram Banke Kabhi Shyam Banke.mp3,18,10
7ad3108364b5527fd1a0665773d26576,hindi,real,real,Kabhi Ram Banke Kabhi Shyam Banke.mp3,19,10
1bafae53685aa7a455e69b46a2e81eb3,hindi,real,real,Kabhi Ram Banke Kabhi Shyam Banke.mp3,20,10
cea91d93393902f9fcbb66f944b93461,hindi,real,real,Kabhi Ram Banke Kabhi Shyam Banke.mp3,21,10
aa4bb31d775133a197ac17a859313c3c,hindi,real,real,Kabhi Ram Banke Kabhi Shyam Banke.mp3,22,10
078aeeee43bfc0303490f6333a4aa732,hindi,real,real,Kabhi Ram Banke Kabhi Shyam Banke.mp3,23,10
13584b77ffa62aca390fd19345ba74c7,hindi,real,real,Kabhi Ram Banke Kabhi Shyam Banke.mp3,24,10
7e238ff0ca9a27de08301ddaf7edf9f1,hindi,real,real,Kabhi Ram Banke Kabhi Shyam Banke.mp3,25,10
382f7fa710c275860147161a02e07cdf,hindi,real,real,Kabhi Ram Banke Kabhi Shyam Banke.mp3,26,10
a8f7c70c2305cc18cb46ccba532a1545,hindi,real,real,Kabhi Ram Banke Kabhi Shyam Banke.mp3,27,10
bdd34ca076d27753864ee409073199a9,hindi,real,real,Kabhi Ram Banke Kabhi Shyam Banke.mp3,28,10
ef7ee015c646a17f470ae41b22f69a76,hindi,real,real,Kabhi Ram Banke Kabhi Shyam Banke.mp3,29,10
3490dfb26cb225d3bfd24466d2427b3a,hindi,real,real,Kabhi Ram Banke Kabhi Shyam Banke.mp3,30,10
87c9d1813304e5ddd61747078271cbc2,hindi,real,real,Kabhi Ram Banke Kabhi Shyam Banke.mp3,31,10
930f37ee08282180f2a983669a4d04f4,hindi,real,real,Kabhi Ram Banke Kabhi Shyam Banke.mp3,32,10
00eb2f6d2b2bdcef603443e7e1581c9c,hindi,real,real,Kabhi Ram Banke Kabhi Shyam Banke.mp3,33,10
47ab959384abff5d1d7059b8f37d11c4,hindi,real,real,Kabhi Ram Banke Kabhi Shyam Banke.mp3,34,10
1168d8447348ec5167dd72b356eff532,hindi,real,real,Kabhi Ram Banke Kabhi Shyam Banke.mp3,35,10
975eef0d274aa23625e8745ee36a2c65,hindi,real,real,Kabhi Ram Banke Kabhi Shyam Banke.mp3,36,10
3c2a165c19b38a14f7ec9356f55bbe01,hindi,real,real,Kabhi Ram Banke Kabhi Shyam Banke.mp3,37,10
90c8c4d998e5ebb240bf453ffd96d21d,hindi,real,real,Kabhi Ram Banke Kabhi Shyam Banke.mp3,38,10
5a524409ca52d382a6cff67ff32027ea,hindi,real,real,Kabhi Ram Banke Kabhi Shyam Banke.mp3,39,10
75a6c64f77d69b0be5a2ed525542b400,hindi,real,real,Kabhi Ram Banke Kabhi Shyam Banke.mp3,40,10
2f74e9295e15585eba8e972a29afc7b2,hindi,real,real,Kabhi Ram Banke Kabhi Shyam Banke.mp3,41,10
435e7b92fc646d0a39ae63e13bcf8141,hindi,real,real,Kabhi Ram Banke Kabhi Shyam Banke.mp3,42,10
21628b9c7f4b3668c794d4c1950edb8f,hindi,real,real,Kabhi Ram Banke Kabhi Shyam Banke.mp3,43,10
84e974366bb4ec63c0afa1713f473226,hindi,real,real,Kabhi Ram Banke Kabhi Shyam Banke.mp3,44,10
83012e33b52d2101b9ebab1c4305049a,hindi,real,real,Kabhi Ram Banke Kabhi Shyam Banke.mp3,45,10
b889451c6e7888df95950a5663ffe726,hindi,real,real,Kabhi Ram Banke Kabhi Shyam Banke.mp3,46,10
224f8bae2cb5c335c592770612d81764,hindi,real,real,Kabhi Ram Banke Kabhi Shyam Banke.mp3,47,10
f3f835f8c8b52a7ea346a6996ccd3e4f,hindi,real,real,Kabhi Ram Banke Kabhi Shyam Banke.mp3,48,10
00c5168cebb3ccd13b975e809fb6d592,hindi,real,real,Jai Jai Shiv Shankar.mp3,0,10
17ae1f7dbd251c8d6cbf685799233e56,hindi,real,real,Jai Jai Shiv Shankar.mp3,1,10
3593d4be215271f88e2c44a2a6f3390e,hindi,real,real,Jai Jai Shiv Shankar.mp3,2,10
b10201e8476783cd8fdc44811e6fc769,hindi,real,real,Jai Jai Shiv Shankar.mp3,3,10
d0acd47e3aeddb1b668df01b41e84dff,hindi,real,real,Jai Jai Shiv Shankar.mp3,4,10
8b6428ef9a75fbaa507f17440a3cb219,hindi,real,real,Jai Jai Shiv Shankar.mp3,5,10
14ead5bcd538947455e59b0a3830196b,hindi,real,real,Jai Jai Shiv Shankar.mp3,6,10
fd263633603cf791edf6c972736d8f26,hindi,real,real,Jai Jai Shiv Shankar.mp3,7,10
fb7b7878b7810fd59afd95622882dcb5,hindi,real,real,Jai Jai Shiv Shankar.mp3,8,10
5fedd2cc42ed188cc9546450fef4f1b5,hindi,real,real,Jai Jai Shiv Shankar.mp3,9,10
92b91bef6329517e1480117d9e8a7927,hindi,real,real,Jai Jai Shiv Shankar.mp3,10,10
5df4d5ab79efa5a520dc398126d90f51,hindi,real,real,Jai Jai Shiv Shankar.mp3,11,10
05b9e6d92dadd6e988c21e3eac7603cb,hindi,real,real,Jai Jai Shiv Shankar.mp3,12,10
9372bd19becbcb8f103c0e81958e9ce9,hindi,real,real,Jai Jai Shiv Shankar.mp3,13,10
6960ea6c904eb08e98a1869b33f25186,hindi,real,real,Jai Jai Shiv Shankar.mp3,14,10
55f3c0d9098699bdaacea2e973f7d460,hindi,real,real,Jai Jai Shiv Shankar.mp3,15,10
c059668477affe8bf36864037a68e850,hindi,real,real,Jai Jai Shiv Shankar.mp3,16,10
5e5cd7aff026f3d81a806e5d14e5817f,hindi,real,real,Jai Jai Shiv Shankar.mp3,17,10
50e7db10436630d3c287fb8a4ec6c500,hindi,real,real,Jai Jai Shiv Shankar.mp3,18,10
4176db2d2d25e77628db58d09b144cef,hindi,real,real,Jai Jai Shiv Shankar.mp3,19,10
de10f929aab1c24feebf701d4c7a1217,hindi,real,real,Jai Jai Shiv Shankar.mp3,20,10
b1e4b1755a8e00b9b6121d4b52588abd,hindi,real,real,Jai Jai Shiv Shankar.mp3,21,10
66bdd2cc51b24dd793ee78ad4c3a27a8,hindi,real,real,Jai Jai Shiv Shankar.mp3,22,10
6f2968c408a8e44c2b25094eeff0e89e,hindi,real,real,Jai Jai Shiv Shankar.mp3,23,10
abf4be858b24bc711c1c70a790eac0a0,hindi,real,real,Jai Jai Shiv Shankar.mp3,24,10
a85d823368ec443b8f4fa46a68fbc16f,hindi,real,real,Jai Jai Shiv Shankar.mp3,25,10
bfa5fae9491b90524df7f5768c0890dd,hindi,real,real,Jai Jai Shiv Shankar.mp3,26,10
989e1e51040fc6022afeee422aecf70b,hindi,real,real,Jai Jai Shiv Shankar.mp3,27,10
606f4ad605501797b0f903fa97a1d693,hindi,real,real,Jai Jai Shiv Shankar.mp3,28,10
e193832ba35a37f318f17202a212cfc6,hindi,real,real,Jai Jai Shiv Shankar.mp3,29,10
a277d539931a045ed0f792b53c5fb113,hindi,real,real,Jai Jai Shiv Shankar.mp3,30,10
39238d4129e7c9081aae76fef19a1744,hindi,real,real,Jai Jai Shiv Shankar.mp3,31,10
31d7bc7c3dfbf2533c7bddb653182ba8,hindi,real,real,Jai Jai Shiv Shankar.mp3,32,10
f220307188b04fe3f35fa06c15370f27,hindi,real,real,Jai Jai Shiv Shankar.mp3,33,10
77779c92be652be2c630a5bf16369e50,hindi,real,real,Jai Jai Shiv Shankar.mp3,34,10
1d7d5f95896a7693797acfe8dcf5b290,hindi,real,real,Jai Jai Shiv Shankar.mp3,35,10
9ffdf3097223923d1ae5b28d1ab4534d,hindi,real,real,Jai Jai Shiv Shankar.mp3,36,10
5238a2d189eb189ee7472106ddce75da,hindi,real,real,Jai Jai Shiv Shankar.mp3,37,10
2365bfdf720577f540f155962c001972,hindi,real,real,Jai Jai Shiv Shankar.mp3,38,10
3922cadc6ddc25fc4ddcd7b897f34be2,hindi,real,real,Jai Jai Shiv Shankar.mp3,39,10
45397d5ab2ce15161d6d292a23df5d17,hindi,real,real,Jai Jai Shiv Shankar.mp3,40,10
16fd7cc06a9931a8e97dfc5455bc42d0,hindi,real,real,Jai Jai Shiv Shankar.mp3,41,10
64815c0167b721c7578df2875f244452,hindi,real,real,Jai Jai Shiv Shankar.mp3,42,10
f597ca5bb1a26618cbb2d11ccf9c93b2,hindi,real,real,Jai Jai Shiv Shankar.mp3,43,10
18c1dbabd9c913681112f07b66a72f42,hindi,real,real,Jai Jai Shiv Shankar.mp3,44,10
0c81c5f6b7867dfbeb385eb426d30d3e,hindi,real,real,Jai Jai Shiv Shankar.mp3,45,10
ff3842edb17f35185a7004e311f40e79,hindi,real,real,Jai Jai Shiv Shankar.mp3,46,10
c56d4a4856681233f5609fce105dbbe3,hindi,real,real,Jai Jai Shiv Shankar.mp3,47,10
6088d76a3aed05cf529e596a6ba84bb6,hindi,real,real,Jai Jai Shiv Shankar.mp3,48,10
d5b00d755caf5435e48ac1d31e93e824,hindi,real,real,Jai Jai Shiv Shankar.mp3,49,10
169a2ed91cfd3cc0a4372c17e8210167,hindi,real,real,Jai Jai Shiv Shankar.mp3,50,10
be267929479adf1782b144d3338e4158,hindi,real,real,Raga Durga Alap.mp3,0,10
dc93e6635acbfb008c454953c913ca4d,hindi,real,real,Raga Durga Alap.mp3,1,10
b54ac0c5be9f3892c17eea78a2314bb0,hindi,real,real,Raga Durga Alap.mp3,2,10
106ec878d9b58452cc82b3752c3d557a,hindi,real,real,Raga Durga Alap.mp3,3,10
d351fded346ddcb06d686ebcba0347c4,hindi,real,real,Raga Durga Alap.mp3,4,10
5175e2d062953895ad5716ea9d5cca77,hindi,real,real,Raga Durga Alap.mp3,5,10
e41f4c1710ef7c776a845171d0c0fdd2,hindi,real,real,Raga Durga Alap.mp3,6,10
83884aa7aaa66c0ea6e4b510984f4e73,hindi,real,real,Raga Durga Alap.mp3,7,10
0a30df4785f30768e9c37db324d935ed,hindi,real,real,Raga Durga Alap.mp3,8,10
c5ff4d30b3f3ad5566706e938330869c,hindi,real,real,Raga Durga Alap.mp3,9,10
373563cc0f2ed600cccdca723eb83ad4,hindi,real,real,Raga Durga Alap.mp3,10,10
27991afadbf899add2e37e90489e0fe0,hindi,real,real,Raga Durga Alap.mp3,11,10
1f833079a50180d0b4388809411b8be8,hindi,real,real,Raga Durga Alap.mp3,12,10
ab0285fee0e781512a828acf8f6da83b,hindi,real,real,Raga Durga Alap.mp3,13,10
6dbd960903098b2f24b1da946f30e47d,hindi,real,real,Raga Durga Alap.mp3,14,10
5d74f6120aec4cee9532cb23c085d998,hindi,real,real,Raga Durga Alap.mp3,15,10
88859eb23915fca9cc0e83b36a6ca007,hindi,real,real,Raga Durga Alap.mp3,16,10
7c20af5e70ca51aa318988aa60117a29,hindi,real,real,Raga Durga Alap.mp3,17,10
611ffd4a1b5b017e40cd62799cd1af19,hindi,real,real,Raga Durga Alap.mp3,18,10
f073d5aa128f5457af946d24319c86a0,hindi,real,real,Ghar Aaja Ghir Aaja.mp3,0,10
f1efc1e1f3be0621f450e4299c30fd5b,hindi,real,real,Ghar Aaja Ghir Aaja.mp3,1,10
43187e40873fa099997798eb4d6a1f73,hindi,real,real,Ghar Aaja Ghir Aaja.mp3,2,10
a05212cf440b5f7dcec3fe9c6223cf54,hindi,real,real,Ghar Aaja Ghir Aaja.mp3,3,10
d64ca80f6c436ff0cfd7104143b58c08,hindi,real,real,Ghar Aaja Ghir Aaja.mp3,4,10
11df80f9ecae4350cd70acad20e495fc,hindi,real,real,Ghar Aaja Ghir Aaja.mp3,5,10
afc81dbeb81f0300cf623ae20665c7c7,hindi,real,real,Ghar Aaja Ghir Aaja.mp3,6,10
72939efa9b6efcb97a097375111c9ac6,hindi,real,real,Ghar Aaja Ghir Aaja.mp3,7,10
9de4e05cd4b731b18cfca3dda54bb21d,hindi,real,real,Ghar Aaja Ghir Aaja.mp3,8,10
37dca9f87966ff236b90e0f48149e60c,hindi,real,real,Ghar Aaja Ghir Aaja.mp3,9,10
b4cd87f1bec0163587f5e1a4beccb1af,hindi,real,real,Ghar Aaja Ghir Aaja.mp3,10,10
6011f7362d26ce92e3c7e0c7f6d7c995,hindi,real,real,Ghar Aaja Ghir Aaja.mp3,11,10
7ced4cc2a2f8aab50d92a76e3c8c1e1c,hindi,real,real,Ghar Aaja Ghir Aaja.mp3,12,10
6d913376a83e549d94c8d6aac5f467a4,hindi,real,real,Ghar Aaja Ghir Aaja.mp3,13,10
85ab732912ac259044425019dc8e5abc,hindi,real,real,Ghar Aaja Ghir Aaja.mp3,14,10
9a697c02a3334c24a17165ce9446f00d,hindi,real,real,Ghar Aaja Ghir Aaja.mp3,15,10
c8ab1ff0bada360a8821c762a24a971d,hindi,real,real,Ghar Aaja Ghir Aaja.mp3,16,10
7fb513df737480000df1fc8d623a2626,hindi,real,real,Ghar Aaja Ghir Aaja.mp3,17,10
9ce3cfb34ac953bf9558ae4fa93d6216,hindi,real,real,Ghar Aaja Ghir Aaja.mp3,18,10
c8aa4ef4f728402e45f1d31fc79035bf,hindi,real,real,Ghar Aaja Ghir Aaja.mp3,19,10
8500513deb4b6845cd2cc356b2ccd530,hindi,real,real,Ghar Aaja Ghir Aaja.mp3,20,10
3eec465ceab3c25e875fb38b67ea4947,hindi,real,real,Ghar Aaja Ghir Aaja.mp3,21,10
6f89780b7ace44b1ea800449f602c24a,hindi,real,real,Ghar Aaja Ghir Aaja.mp3,22,10
36648ba9e8a327a6fb236439d22a9a05,hindi,real,real,Ghar Aaja Ghir Aaja.mp3,23,10
474894ac528ece902029aa39d7a817c6,hindi,real,real,Ghar Aaja Ghir Aaja.mp3,24,10
727ddba8bc98e8fef2c0dc0fd3217b57,hindi,real,real,Ghar Aaja Ghir Aaja.mp3,25,10
12ad4c713a2acb4b121c4dfe8b2f5ce3,hindi,real,real,Ghar Aaja Ghir Aaja.mp3,26,10
f3b23a0cdf95a8dacdaa5158a2584a49,hindi,real,real,Ghar Aaja Ghir Aaja.mp3,27,10
cc73192afca1c7e95ca0d9377dacd23b,hindi,real,real,Ghar Aaja Ghir Aaja.mp3,28,10
90abe4c7878f26627f10b35c0df40b3a,hindi,real,real,Ghar Aaja Ghir Aaja.mp3,29,10
bec3c6121ae23585b4e710b9d558d616,hindi,real,real,Ghar Aaja Ghir Aaja.mp3,30,10
71945829450fef32e834d318e931b962,hindi,real,real,Ghar Aaja Ghir Aaja.mp3,31,10
e9ea84e7541b6496192f7bd577651d03,hindi,real,real,Ghar Aaja Ghir Aaja.mp3,32,10
901f487099d095b976dd08621df8adf6,hindi,real,real,Ghar Aaja Ghir Aaja.mp3,33,10
a5df39fd3c3157d1563e11a2970a828a,hindi,real,real,Ghar Aaja Ghir Aaja.mp3,34,10
8c9076586dbdc1f052a0d17d6eb41601,hindi,real,real,Ghar Aaja Ghir Aaja.mp3,35,10
8edd074ac44a89c51009ccb03901e100,hindi,real,real,Ghar Aaja Ghir Aaja.mp3,36,10
e14478e60b318911856e17e469a76286,hindi,real,real,Sajan Bin Nahi Aavat Chain.mp3,0,10
2370939b73c7897703ea3dcdd849ed37,hindi,real,real,Sajan Bin Nahi Aavat Chain.mp3,1,10
674c83f82f5ac4bdc9d6068d7d1eaca5,hindi,real,real,Sajan Bin Nahi Aavat Chain.mp3,2,10
a10b3e77018505f7ae531a565d564bdf,hindi,real,real,Sajan Bin Nahi Aavat Chain.mp3,3,10
86c5283f49059a48205f6fcc04f68647,hindi,real,real,Sajan Bin Nahi Aavat Chain.mp3,4,10
97363068d4f827d2f8ec2a4370252d11,hindi,real,real,Sajan Bin Nahi Aavat Chain.mp3,5,10
0d9f7932b380ff5387f0d3a1f9ddcb59,hindi,real,real,Sajan Bin Nahi Aavat Chain.mp3,6,10
91736cfa80911a6c00653d7326afc2d2,hindi,real,real,Kajari - Sawan Aayo Re.mp3,0,10
af33aa4e29e9c4417bb410241b41338e,hindi,real,real,Kajari - Sawan Aayo Re.mp3,1,10
3c4ae7e99fc8d3681dd0dc84519986cc,hindi,real,real,Kajari - Sawan Aayo Re.mp3,2,10
e911776ef944566c8667237be2ed1e54,hindi,real,real,Kajari - Sawan Aayo Re.mp3,3,10
41c97d69e4496f5bd91776f9f53ed38e,hindi,real,real,Kajari - Sawan Aayo Re.mp3,4,10
95a2ef61489c4d4566ddb4803e30a0e1,hindi,real,real,Kajari - Sawan Aayo Re.mp3,5,10
40eff69a9c508adfb215ae592882ac1d,hindi,real,real,Kajari - Sawan Aayo Re.mp3,6,10
590c2b39c574a6b7e9b651e589895f0f,hindi,real,real,Kajari - Sawan Aayo Re.mp3,7,10
233dd84f8bd38c33864d601f9285afdc,hindi,real,real,Kajari - Sawan Aayo Re.mp3,8,10
d3a2e19b9c735cc32ada83772a8ec779,hindi,real,real,Kajari - Sawan Aayo Re.mp3,9,10
6f64247b8f1cf2004a707f1ad26b3ba6,hindi,real,real,Kajari - Sawan Aayo Re.mp3,10,10
957fa782845a7eddc65ad15e1ac9bf81,hindi,real,real,Kajari - Sawan Aayo Re.mp3,11,10
91ffa04d2140924fca87ad01d5572308,hindi,real,real,Kajari - Sawan Aayo Re.mp3,12,10
97243defa00919f65b9aa7650ce14dc0,hindi,real,real,Kajari - Sawan Aayo Re.mp3,13,10
1cc25afd478b904175a7fec1cab721bc,hindi,real,real,Kajari - Sawan Aayo Re.mp3,14,10
c6754ef949aed2168fe2803f1da4a76f,hindi,real,real,Kajari - Sawan Aayo Re.mp3,15,10
8ae39b3bdd349a10815da4a16a2f1f76,hindi,real,real,Kajari - Sawan Aayo Re.mp3,16,10
47e60c8b42f1f1672ba9d2adcd4fc4b4,hindi,real,real,Kajari - Sawan Aayo Re.mp3,17,10
673231342205ee1fcb09168ccef4b285,hindi,real,real,Kajari - Sawan Aayo Re.mp3,18,10
773608324c6e7d3994cd94b3e2c07b4b,hindi,real,real,Kajari - Sawan Aayo Re.mp3,19,10
6d296d3fa6d142992cc5f0f2b5af0dc9,hindi,real,real,Kajari - Sawan Aayo Re.mp3,20,10
9af148515af9f43064fc795e11caa94a,hindi,real,real,Kajari - Sawan Aayo Re.mp3,21,10
2bb3b36f311b8fb05db3370967a400fe,hindi,real,real,Kajari - Sawan Aayo Re.mp3,22,10
2223c8834080389ba05168977998e00e,hindi,real,real,Kajari - Sawan Aayo Re.mp3,23,10
ed092b56320b26c95afd2fab8ac845b4,hindi,real,real,Kajari - Sawan Aayo Re.mp3,24,10
e9fe3726ba95b1f2abd985a3e404a4ba,hindi,real,real,Kajari - Sawan Aayo Re.mp3,25,10
faf7c50cf16ac4d46e83547e76134b4a,hindi,real,real,Kajari - Sawan Aayo Re.mp3,26,10
71b156abaa9eaecd0a1efca002198f87,hindi,real,real,Kajari - Sawan Aayo Re.mp3,27,10
b151d4514818eac8a0e214acf5882045,hindi,real,real,Kajari - Sawan Aayo Re.mp3,28,10
1d9ca0cfd4c04c086cfb996d3573716d,hindi,real,real,Kajari - Sawan Aayo Re.mp3,29,10
a22f0025872d2e0e53797d92bf055bca,hindi,real,real,Kajari - Sawan Aayo Re.mp3,30,10
fb6980eda71ab87818067a641d7b213a,hindi,real,real,Kajari - Sawan Aayo Re.mp3,31,10
a6e849c5f79876c866c33549467e84d7,hindi,real,real,Kajari - Sawan Aayo Re.mp3,32,10
d6acf7cf638413a05761d39895d4b031,hindi,real,real,Kajari - Sawan Aayo Re.mp3,33,10
536110d6bf7ff02f2e70cdf7cd12e9e9,hindi,real,real,Kajari - Sawan Aayo Re.mp3,34,10
a9319a4548237ee087b4432a638e340c,hindi,real,real,Kajari - Sawan Aayo Re.mp3,35,10
4503f215cf35e0594a970b2fff8f979e,hindi,real,real,Kajari - Sawan Aayo Re.mp3,36,10
0f2b44371467e4ce7bb3d163fddb5f3c,hindi,real,real,Kajari - Sawan Aayo Re.mp3,37,10
ef7f9d796917df338fee09584de24d0a,hindi,real,real,Kajari - Sawan Aayo Re.mp3,38,10
2c294ff61e7a181fc752d289bbbc10d2,hindi,real,real,Kajari - Sawan Aayo Re.mp3,39,10
6eff9e0655b0571a17b3f600f91e578f,hindi,real,real,Kajari - Sawan Aayo Re.mp3,40,10
d9e924792e97e8a1c9e8c5058e78e56f,hindi,real,real,Kajari - Sawan Aayo Re.mp3,41,10
55b10bf4144b9757084396ff6cc2ca13,hindi,real,real,Kajari - Sawan Aayo Re.mp3,42,10
5411e67b10e61b083fb9a8dda63e374a,hindi,real,real,Kajari - Sawan Aayo Re.mp3,43,10
f979a5312697b4849f44a634feaa6327,hindi,real,real,Kajari - Sawan Aayo Re.mp3,44,10
ecc098598be0075c45a6e78e1cea64a1,hindi,real,real,Kajari - Sawan Aayo Re.mp3,45,10
0106c9a4b2c870a68d4e17d1ed383f0a,hindi,real,real,Kajari - Sawan Aayo Re.mp3,46,10
fc55e89b515507372fd9b7d78042b17c,hindi,real,real,Kajari - Sawan Aayo Re.mp3,47,10
aec6e712021890ba2bffeb5108f35bc6,hindi,real,real,Kajari - Sawan Aayo Re.mp3,48,10
4ef009729f6a90f8ba3f7ae8077b5e9c,hindi,real,real,Kajari - Sawan Aayo Re.mp3,49,10
d782644a5cc015bc5585bcee8d873948,hindi,real,real,Kajari - Sawan Aayo Re.mp3,50,10
139ddd94d9875b7dba932d5db8831919,hindi,real,real,Kajari - Sawan Aayo Re.mp3,51,10
710fc7653d22bad9c9677dd4582d0897,hindi,real,real,Kajari - Sawan Aayo Re.mp3,52,10
68f9b77d86f5185fe6ad40990bccc2a3,hindi,real,real,Kajari - Sawan Aayo Re.mp3,53,10
0b6e5c52ddea30522dbfea03e287017c,hindi,real,real,Kajari - Sawan Aayo Re.mp3,54,10
d7fd56c482bb9ecf360e32b38fa5df5f,hindi,real,real,Kajari - Sawan Aayo Re.mp3,55,10
71d386862ea6d2a0d6796678519b03c2,hindi,real,real,Kajari - Sawan Aayo Re.mp3,56,10
3991f493a1c570d4959988906ed39cb7,hindi,real,real,Kajari - Sawan Aayo Re.mp3,57,10
458f32e17dab3ccbb057cbfccbace013,hindi,real,real,Kajari - Sawan Aayo Re.mp3,58,10
b712257102ed2cf118f55df36347f235,hindi,real,real,Kajari - Sawan Aayo Re.mp3,59,10
53fd15f7683c50934cdc50dc0596b758,hindi,real,real,Kajari - Sawan Aayo Re.mp3,60,10
29b1f764378f5ce3bfef4f031b148b15,hindi,real,real,Kajari - Sawan Aayo Re.mp3,61,10
255935f0eb34040c704343d1a11edbe9,hindi,real,real,Kajari - Sawan Aayo Re.mp3,62,10
504847c2908a76be0a7511220057f2fb,hindi,real,real,Kajari - Sawan Aayo Re.mp3,63,10
b52ef093a37fb841de6dc1fe6f8268de,hindi,real,real,Kajari - Sawan Aayo Re.mp3,64,10
759015ae155e359526c067cb2b160157,hindi,real,real,Kajari - Sawan Aayo Re.mp3,65,10
f5e694f3cee989b331e304a168e6ff87,hindi,real,real,Kajari - Sawan Aayo Re.mp3,66,10
7c3890089835d76f0964d10d50492733,hindi,real,real,Kajari - Sawan Aayo Re.mp3,67,10
35b0efd521548ee78cf5881b8f73285f,hindi,real,real,Kajari - Sawan Aayo Re.mp3,68,10
d25b55ed165dccd1f0a73709e3108ea4,hindi,real,real,Kajari - Sawan Aayo Re.mp3,69,10
63e194b11c42e137d58b0196c3b6f458,hindi,real,real,Kajari - Sawan Aayo Re.mp3,70,10
28f4a64c2c94182119c1e95b9a3982e4,hindi,real,real,Kajari - Sawan Aayo Re.mp3,71,10
9f7d2ffa46c0b9d0bd65c39b602dff97,hindi,real,real,Kajari - Sawan Aayo Re.mp3,72,10
9e7eb24a043ff3f8a6861af60d517a59,hindi,real,real,Kajari - Sawan Aayo Re.mp3,73,10
cbea7e195c17321563d029409b231fc3,hindi,real,real,Kajari - Sawan Aayo Re.mp3,74,10
36519040e5911718c39951a55e2f420d,hindi,real,real,Kajari - Sawan Aayo Re.mp3,75,10
6ddabd0780a948d15348d4d2f3314708,hindi,real,real,Kajari - Sawan Aayo Re.mp3,76,10
121debdb9186ca6a41e28be1997cf8fc,hindi,real,real,Kajari - Sawan Aayo Re.mp3,77,10
4d85857ae8b10add184cf9285fe913d5,hindi,real,real,Kajari - Sawan Aayo Re.mp3,78,10
831892c646afcc4c77b31169c767dc82,hindi,real,real,Kajari - Sawan Aayo Re.mp3,79,10
593105bc14d7789355674678149d02d5,hindi,real,real,Kajari - Sawan Aayo Re.mp3,80,10
56697a791d880bc4d45611911a3cd730,hindi,real,real,Kajari - Sawan Aayo Re.mp3,81,10
f0e21cd8e3a6a8645c225b36cf54f5d9,hindi,real,real,Kajari - Sawan Aayo Re.mp3,82,10
ad82d5e74a3cf0a3eeae91958df41c16,hindi,real,real,Kajari - Sawan Aayo Re.mp3,83,10
dbade78b9a3caca2104b1875689e3707,hindi,real,real,Kajari - Sawan Aayo Re.mp3,84,10
82e1166e3440a1c64d58657504b45c0a,hindi,real,real,Kajari - Sawan Aayo Re.mp3,85,10
874afc1235e93194ff1fba6b06cb949f,hindi,real,real,Kajari - Sawan Aayo Re.mp3,86,10
77025f2f1ca4c34259fb0c06df7c5fb6,hindi,real,real,Kajari - Sawan Aayo Re.mp3,87,10
ba169b1daf8302af89bb500da5b6d477,hindi,real,real,Kajari - Sawan Aayo Re.mp3,88,10
6d909f74b3419dc0b45239915dfc70c8,hindi,real,real,Kajari - Sawan Aayo Re.mp3,89,10
e22a5d5e0c5e5193716d28d137fe3fcc,hindi,real,real,Kajari - Sawan Aayo Re.mp3,90,10
a133c2d18f49710079ede9a96a89e267,hindi,real,real,Kajari - Sawan Aayo Re.mp3,91,10
606cf9f3b3a38ce8baf74e3cb0de4296,hindi,real,real,Kajari - Sawan Aayo Re.mp3,92,10
aee51d22a0c08457ff7f98a238462ab7,hindi,real,real,Kajari - Sawan Aayo Re.mp3,93,10
088f73b6409e732726a0a499bf59c7fd,hindi,real,real,Kajari - Sawan Aayo Re.mp3,94,10
978b8f482f70672baf1cc6919c1f1225,hindi,real,real,Kajari - Sawan Aayo Re.mp3,95,10
61b8f911e0f9bf19d749db1da74b36dd,hindi,real,real,Kajari - Sawan Aayo Re.mp3,96,10
3bd203900423c1612084f04ca28ae189,hindi,real,real,Kajari - Sawan Aayo Re.mp3,97,10
ee25fa3f967d1679b017273e4e3e9231,hindi,real,real,Kajari - Sawan Aayo Re.mp3,98,10
6da9f87a0798095b7bff00b96d02dc8d,hindi,real,real,Kajari - Sawan Aayo Re.mp3,99,10
ccc988518bcf6e538d7b13299ef41820,hindi,real,real,Kajari - Sawan Aayo Re.mp3,100,10
8a730e6b1108bcb87c1b7fdc9d8e37df,hindi,real,real,Kajari - Sawan Aayo Re.mp3,101,10
6a4c81dab67f983534412603a2372fe8,hindi,real,real,Kajari - Sawan Aayo Re.mp3,102,10
ab72b63d15de4c257b6e1c2bfd7e65db,hindi,real,real,Kajari - Sawan Aayo Re.mp3,103,10
e9e1f7a050cc0aec2088e2b9b14fc867,hindi,real,real,Kajari - Sawan Aayo Re.mp3,104,10
fc8c09747db365b39e96dd4f0c4eaea1,hindi,real,real,Kajari - Sawan Aayo Re.mp3,105,10
0fe27cec5557d3ce84a70c491f9053c5,hindi,real,real,Kajari - Sawan Aayo Re.mp3,106,10
aad55fd121e2e4e7b4dd60487621299b,hindi,real,real,Kajari - Sawan Aayo Re.mp3,107,10
3661d0bf57ccee9266e5bbabe47a2e3d,hindi,real,real,Kajari - Sawan Aayo Re.mp3,108,10
e5bbd6b64677e69adb0014cbd98a448d,hindi,real,real,Kajari - Sawan Aayo Re.mp3,109,10
485428f255512bbef137582998b8b590,hindi,real,real,Kajari - Sawan Aayo Re.mp3,110,10
7de0fba0559ce95ef16015c84893adae,hindi,real,real,Kajari - Sawan Aayo Re.mp3,111,10
2a34de600e25393b96e9061779bcc2e8,hindi,real,real,Kajari - Sawan Aayo Re.mp3,112,10
68a5f33771c882583037197d645a5031,hindi,real,real,Kajari - Sawan Aayo Re.mp3,113,10
fe994250bde3731130ff01c2ea2569e1,hindi,real,real,Kajari - Sawan Aayo Re.mp3,114,10
86e278d66a90fff6332ba25a5e8f902f,hindi,real,real,Kajari - Sawan Aayo Re.mp3,115,10
4f0733e65c03d16bfe4093cb1447ec02,hindi,real,real,Kajari - Sawan Aayo Re.mp3,116,10
a9cc7a1ea10605345fcc5ce0bf1c3eda,hindi,real,real,Kajari - Sawan Aayo Re.mp3,117,10
c8c2106753fd974b0da4c1d31e1966e3,hindi,real,real,Kajari - Sawan Aayo Re.mp3,118,10
17694e2841555c9d029b356b5880c595,hindi,real,real,Kajari - Sawan Aayo Re.mp3,119,10
36f2aaf572f14456c2848c85e4eb9b58,hindi,real,real,Kajari - Sawan Aayo Re.mp3,120,10
e64cac5299301a4321087eee7d3d89ee,hindi,real,real,Kajari - Sawan Aayo Re.mp3,121,10
c3e00ef090cecea3e7ed2f405c7597a8,hindi,real,real,Kajari - Sawan Aayo Re.mp3,122,10
d7413e880ca3b57c7712e4fb10941950,hindi,real,real,Kajari - Sawan Aayo Re.mp3,123,10
12c2abe21f8d747baa9f3edd69834cc3,hindi,real,real,Kajari - Sawan Aayo Re.mp3,124,10
3190902292c7b364079687412a8f72c2,hindi,real,real,Kajari - Sawan Aayo Re.mp3,125,10
3db4c29ed5e467b349240f2e55434eaa,hindi,real,real,Kajari - Sawan Aayo Re.mp3,126,10
9daf1039ea3d4e4a9a9d3fd7d4ec631a,hindi,real,real,Kajari - Sawan Aayo Re.mp3,127,10
995108f34e2e35ee3add0578b8cd94d0,hindi,real,real,Kajari - Sawan Aayo Re.mp3,128,10
7e4d04f33b7b99fe8529c2f4ac4914f4,hindi,real,real,Kajari - Sawan Aayo Re.mp3,129,10
732de1db8e6836b8770b7b0b9c514b8f,hindi,real,real,Kajari - Sawan Aayo Re.mp3,130,10
1f7b1ac1ec7e7c345a76598104c81dab,hindi,real,real,Kajari - Sawan Aayo Re.mp3,131,10
384970cb1c8f4e42f282d0b7bb78f126,hindi,real,real,Kajari - Sawan Aayo Re.mp3,132,10
64c02644eeaf36d6995ed85dcc4720e6,hindi,real,real,Kajari - Sawan Aayo Re.mp3,133,10
547ff03f5a97b9d4be619115c1cc89f0,hindi,real,real,Kajari - Sawan Aayo Re.mp3,134,10
71899d586c22188ad19b4e64e9422daa,hindi,real,real,Kajari - Sawan Aayo Re.mp3,135,10
32d1dac35e96d9ba916ebba336c4a88f,hindi,real,real,Kajari - Sawan Aayo Re.mp3,136,10
9681fb20be0fb7cd65f0eb738c187321,hindi,real,real,Kajari - Sawan Aayo Re.mp3,137,10
37aae861579532734e0696f0ec69ebec,hindi,real,real,Kajari - Sawan Aayo Re.mp3,138,10
54361e7cf889a254456ad75b1e4e1070,hindi,real,real,Kajari - Sawan Aayo Re.mp3,139,10
515a48e838f7f55f96adc4ddb9b0a18a,hindi,real,real,Kajari - Sawan Aayo Re.mp3,140,10
5e42d6161d534e7be90aedd50bd704f2,hindi,real,real,Kajari - Sawan Aayo Re.mp3,141,10
c00764aa618f5489a1ef71cb0521c509,hindi,real,real,Kajari - Sawan Aayo Re.mp3,142,10
2cd9d9d2b57b06b9d935ab36c720668a,hindi,real,real,Kajari - Sawan Aayo Re.mp3,143,10
14a222334d5a84d78b17930907acacdb,hindi,real,real,Kajari - Sawan Aayo Re.mp3,144,10
026a0ede3ff8ab72df2336eccef4cd51,hindi,real,real,Kajari - Sawan Aayo Re.mp3,145,10
ef981f8943d0f5b925dc821736f16f05,hindi,real,real,Kajari - Sawan Aayo Re.mp3,146,10
86c3b31be5bfe50fbb958f619412bf78,hindi,real,real,Kajari - Sawan Aayo Re.mp3,147,10
ffe786845923e510e9dccc2277111a97,hindi,real,real,Kajari - Sawan Aayo Re.mp3,148,10
f45b5705d8c4c9ad6ea6e1003e42eac2,hindi,real,real,Kajari - Sawan Aayo Re.mp3,149,10
fdf1e2031c519a8092a531fbaa6b9ded,hindi,real,real,Kajari - Sawan Aayo Re.mp3,150,10
0701294438da52d31457054f46246d90,hindi,real,real,Kajari - Sawan Aayo Re.mp3,151,10
d6f309a4c6b4f3f787c6c7196453c762,hindi,real,real,Kajari - Sawan Aayo Re.mp3,152,10
d8f07398c9cef39b450b7130088ec264,hindi,real,real,Kajari - Sawan Aayo Re.mp3,153,10
4bc815c42ac31fbff1882d845a11038f,hindi,real,real,Kajari - Sawan Aayo Re.mp3,154,10
fe81673652d103f1fc565a568a2b2ded,hindi,real,real,Kajari - Sawan Aayo Re.mp3,155,10
9c9be88b0246df48c702571cc27d0926,hindi,real,real,Kajari - Sawan Aayo Re.mp3,156,10
88a1f243d78e34413f76c998eddf94f0,hindi,real,real,Kajari - Sawan Aayo Re.mp3,157,10
0e98b38d4318e81422601ff026eab685,hindi,real,real,Kajari - Sawan Aayo Re.mp3,158,10
22bb245c9a84f2b9995c55de591df4f9,hindi,real,real,Kajari - Sawan Aayo Re.mp3,159,10
be576ff1c41ec9a12c75a059f019e2bf,hindi,real,real,Kajari - Sawan Aayo Re.mp3,160,10
2ee525f6d707445280f0116057c78b01,hindi,real,real,Kajari - Sawan Aayo Re.mp3,161,10
d709dd557adc4b38b31cf8c3d54d1d7d,hindi,real,real,Kajari - Sawan Aayo Re.mp3,162,10
101946b0b9b7b72c7b80052948f57cd9,hindi,real,real,Kajari - Sawan Aayo Re.mp3,163,10
3496d68e51f45270b15fc4e3ca2ace76,hindi,real,real,Kajari - Sawan Aayo Re.mp3,164,10
674e940d6ec6a19ad6ddff82a23afd34,hindi,real,real,Kajari - Sawan Aayo Re.mp3,165,10
7682550bfb1c6f8e395497a9b893a8ac,hindi,real,real,Kajari - Sawan Aayo Re.mp3,166,10
fa651b16e239b78711b986a52b537f0a,hindi,real,real,Kajari - Sawan Aayo Re.mp3,167,10
f943c146ce0b198adac489ba12199cdc,hindi,real,real,Kajari - Sawan Aayo Re.mp3,168,10
993b38c90a169792c345fdd24dffa698,hindi,real,real,Kajari - Sawan Aayo Re.mp3,169,10
35941b1d095bcbadb6d0962f659a6349,hindi,real,real,Kajari - Sawan Aayo Re.mp3,170,10
6d82a78b7444b619296454c0f8052a37,hindi,real,real,Kajari - Sawan Aayo Re.mp3,171,10
cf33bf002af97fee62fce53cb4172359,hindi,real,real,Kajari - Sawan Aayo Re.mp3,172,10
54753f829516a5f421350955ed09ed95,hindi,real,real,Kajari - Sawan Aayo Re.mp3,173,10
ca7a5f0973249af6d2e42123da73a67c,hindi,real,real,Kajari - Sawan Aayo Re.mp3,174,10
c4ec0b2b0fb3783c28db61921b7c3610,hindi,real,real,Kajari - Sawan Aayo Re.mp3,175,10
f34365c4fc0971b9cd74feabcf2061e8,hindi,real,real,Kajari - Sawan Aayo Re.mp3,176,10
5b22dc49e8ce1e9faa25a411c9eef633,hindi,real,real,Kajari - Sawan Aayo Re.mp3,177,10
6951fb5667e1b1080d65e17590a60bbd,hindi,real,real,Kajari - Sawan Aayo Re.mp3,178,10
725f5d6928252d4982d381a8cdf5c695,hindi,real,real,Kajari - Sawan Aayo Re.mp3,179,10
73b4370ccbd4e066c1114d49ca3ca0c6,hindi,real,real,Kajari - Sawan Aayo Re.mp3,180,10
4f6d4bf88d3d8fcd443e74b775b6f935,hindi,real,real,Kajari - Sawan Aayo Re.mp3,181,10
6a331cd321d8581cc520d617ba5eee8d,hindi,real,real,Kajari - Sawan Aayo Re.mp3,182,10
18d5d9eb7c0740ea825aa3a20339dd6f,hindi,real,real,Kajari - Sawan Aayo Re.mp3,183,10
5d71e83807ab35a77294cbc24b4c819b,hindi,real,real,Kajari - Sawan Aayo Re.mp3,184,10
5374e668c7100ce883afaaedfe221122,hindi,real,real,Kajari - Sawan Aayo Re.mp3,185,10
f61c028c0be4a4f3de057f10af425d52,hindi,real,real,Kajari - Sawan Aayo Re.mp3,186,10
830d3deba99725ec95683bb4b6cdf950,hindi,real,real,Kajari - Sawan Aayo Re.mp3,187,10
6ccd831e97253c160b865de16ab5d770,hindi,real,real,Kajari - Sawan Aayo Re.mp3,188,10
511560681f09e90a582b018b511f55ee,hindi,real,real,Kajari - Sawan Aayo Re.mp3,189,10
04b2c4a33e30727ed01cec2a2715eaa5,hindi,real,real,Kajari - Sawan Aayo Re.mp3,190,10
db68866492f0a4592d082d1ce576c207,hindi,real,real,Kajari - Sawan Aayo Re.mp3,191,10
74efe0a5d11be4c96df5476bd3306793,hindi,real,real,Kajari - Sawan Aayo Re.mp3,192,10
a56298a4d161ffc81324afe14d57e091,hindi,real,real,Kajari - Sawan Aayo Re.mp3,193,10
ddf765a2c77b2e55cfb986b4168335da,hindi,real,real,Kajari - Sawan Aayo Re.mp3,194,10
3f1bb380f4b1ed2616988689da226708,hindi,real,real,Kajari - Sawan Aayo Re.mp3,195,10
76bab4403e278d57cddf4acccd06fa91,hindi,real,real,Kajari - Sawan Aayo Re.mp3,196,10
4d700be1a0c9ce84a15a86974f77973d,hindi,real,real,Kajari - Sawan Aayo Re.mp3,197,10
aca003af25b4e698f2f8525149d10a3d,hindi,real,real,Kajari - Sawan Aayo Re.mp3,198,10
1ef4876510306fe0b03148211e3b6f33,hindi,real,real,Kajari - Sawan Aayo Re.mp3,199,10
d60f55d805f97181540d1f72d69a87e8,hindi,real,real,Kajari - Sawan Aayo Re.mp3,200,10
cd6d9773f3503227c5a5ce4531c2bd0d,hindi,real,real,Kajari - Sawan Aayo Re.mp3,201,10
b5311e23cb5ead67ccf3f95f7035cadd,hindi,real,real,Kajari - Sawan Aayo Re.mp3,202,10
832ea2c0c4013f8c573ba6a4d4c717f2,hindi,real,real,Kajari - Sawan Aayo Re.mp3,203,10
5fd870a31d6e763819ea223572fa2c73,hindi,real,real,Kajari - Sawan Aayo Re.mp3,204,10
38bba74c33d5dc9237b76714e25ba6bc,hindi,real,real,Kajari - Sawan Aayo Re.mp3,205,10
fe4a1a9e9508aba9b37189c025c2be04,hindi,real,real,Kajari - Sawan Aayo Re.mp3,206,10
87b6ff8385f4db0a3d8bb503a6a3e464,hindi,real,real,Kajari - Sawan Aayo Re.mp3,207,10
c5f329e4216266a04855f57c1383fc96,hindi,real,real,Kajari - Sawan Aayo Re.mp3,208,10
6295361e6cd1ef1a307c9d6e953edb09,hindi,real,real,Kajari - Sawan Aayo Re.mp3,209,10
929e40b61896f92e45464dbadaf44500,hindi,real,real,Kajari - Sawan Aayo Re.mp3,210,10
56b359601fd3d4237ec57f81fbf68cb4,hindi,real,real,Kajari - Sawan Aayo Re.mp3,211,10
bd4f64b54f684a3ad1f5c8279b037782,hindi,real,real,Kajari - Sawan Aayo Re.mp3,212,10
0fa9ef8a6b4068407e0f5ca28e29738f,hindi,real,real,Kajari - Sawan Aayo Re.mp3,213,10
807c260af7cae1f65e0bbbd73819a8b4,hindi,real,real,Kajari - Sawan Aayo Re.mp3,214,10
c75b99f8d722a658a41710547f4aae17,hindi,real,real,Kajari - Sawan Aayo Re.mp3,215,10
e71a4f57935f06cbb3ecd0dbd200e7c2,hindi,real,real,Kajari - Sawan Aayo Re.mp3,216,10
7a27bc77e9b253721650468459faa5b8,hindi,real,real,Kajari - Sawan Aayo Re.mp3,217,10
f4a752098792503d69075f67132dde07,hindi,real,real,Kajari - Sawan Aayo Re.mp3,218,10
651ec37dc92aa2bd6f595a499346bd31,hindi,real,real,Kajari - Sawan Aayo Re.mp3,219,10
3dd5f4300804433305ff9ea68808133f,hindi,real,real,Kajari - Sawan Aayo Re.mp3,220,10
5fe958e964575c1270a33f67abfabff9,hindi,real,real,Kajari - Sawan Aayo Re.mp3,221,10
9421321c2f7ac8e1a2deea4fe8c9b892,hindi,real,real,Kajari - Sawan Aayo Re.mp3,222,10
1eee3960317364b1dda0feb2c0299e62,hindi,real,real,Kajari - Sawan Aayo Re.mp3,223,10
6bfa63b30a082f1cc86b93441b928c8d,hindi,real,real,Kajari - Sawan Aayo Re.mp3,224,10
21372e7cb42e8d012b45c1fcedb92f1b,hindi,real,real,Kajari - Sawan Aayo Re.mp3,225,10
d73b395c413bed6a2f5b5c98cd51ebc9,hindi,real,real,Kajari - Sawan Aayo Re.mp3,226,10
9c136ff16e72ef89a1bc9abdceadb111,hindi,real,real,Kajari - Sawan Aayo Re.mp3,227,10
8665c5c4e65cd235cf35454af77e3fc4,hindi,real,real,Kajari - Sawan Aayo Re.mp3,228,10
798eeffad42eb71ccb9a57897511e0d0,hindi,real,real,Kajari - Sawan Aayo Re.mp3,229,10
6859f3abf6dd6ecbaf623990f269789c,hindi,real,real,Kajari - Sawan Aayo Re.mp3,230,10
4a2488f190bd93ffc5dc75c10b3c84bb,hindi,real,real,Kajari - Sawan Aayo Re.mp3,231,10
467a5c03caf55ec40a15ec62b47a3008,hindi,real,real,Kajari - Sawan Aayo Re.mp3,232,10
fc216b3eb7e32a475a20703bdf62de02,hindi,real,real,Kajari - Sawan Aayo Re.mp3,233,10
8090545f0dd9a46899f91e881ec27133,hindi,real,real,Kajari - Sawan Aayo Re.mp3,234,10
38d2001bb7e393cebb2fa437991e5cea,hindi,real,real,Kajari - Sawan Aayo Re.mp3,235,10
81bfafdf3fc01f35c3efcbf9c3086ebe,hindi,real,real,Kajari - Sawan Aayo Re.mp3,236,10
367dd3a117fe8b81391d50c65dfe1907,hindi,real,real,Kajari - Sawan Aayo Re.mp3,237,10
83b34a41304a69740eb8fb7507ca253e,hindi,real,real,Kajari - Sawan Aayo Re.mp3,238,10
4976d8eb4d5aea554b141842f58f1f21,hindi,real,real,Kajari - Sawan Aayo Re.mp3,239,10
fcadd4a696becc36644d674f90c84dc4,hindi,real,real,Kajari - Sawan Aayo Re.mp3,240,10
7b7b29c30512a7df0d0ec06a67ce445d,hindi,real,real,Kajari - Sawan Aayo Re.mp3,241,10
e5216062decfa8bf984e41f40f2d1f90,hindi,real,real,Kajari - Sawan Aayo Re.mp3,242,10
2663d8e5d606259cf332898a30b6cb14,hindi,real,real,Kajari - Sawan Aayo Re.mp3,243,10
459ba6881c0de8167f717e111f35ba83,hindi,real,real,Kajari - Sawan Aayo Re.mp3,244,10
701836200c6da13975bbb530de9d33d9,hindi,real,real,Kajari - Sawan Aayo Re.mp3,245,10
ed2735b24a8ad7369737f5c64f6e5c36,hindi,real,real,Kajari - Sawan Aayo Re.mp3,246,10
8e4796a7e6d24c26a3a573b3107b3f22,hindi,real,real,Kajari - Sawan Aayo Re.mp3,247,10
22a7dd8e9bcd8cef36c85281e5ce45c4,hindi,real,real,Kajari - Sawan Aayo Re.mp3,248,10
c357c34e749a7919c6d983a60dca507f,hindi,real,real,Kajari - Sawan Aayo Re.mp3,249,10
2e7419e419a5fabbd57921276006e2ff,hindi,real,real,Kajari - Sawan Aayo Re.mp3,250,10
2113c7ca1e61857506e8e1fe50fdb00c,hindi,real,real,Kajari - Sawan Aayo Re.mp3,251,10
308ddb4664a9e6cace56e9973ea3f61b,hindi,real,real,Kajari - Sawan Aayo Re.mp3,252,10
86795c578c8730c82feddb2008d7a51c,hindi,real,real,Kajari - Sawan Aayo Re.mp3,253,10
85d95860cbf9e2e7ce7d015e856c61b8,hindi,real,real,Kajari - Sawan Aayo Re.mp3,254,10
c970fbedb9ac5909f0690c7bd4224386,hindi,real,real,Kajari - Sawan Aayo Re.mp3,255,10
0d85771740abf1dcf597cc852348d5c8,hindi,real,real,Kajari - Sawan Aayo Re.mp3,256,10
a158267fd2e373861da7d1e0165a492a,hindi,real,real,Kajari - Sawan Aayo Re.mp3,257,10
caedbedd5bdbe84a48f4fa721d371fc1,hindi,real,real,Kajari - Sawan Aayo Re.mp3,258,10
583ca9f1fc01686eb96ea64dbc108f6a,hindi,real,real,Kajari - Sawan Aayo Re.mp3,259,10
2d1a039cb5a6df89bd4b3ed87ccc01ce,hindi,real,real,Kajari - Sawan Aayo Re.mp3,260,10
d3d976d13a989a6f0b274e730ad460ee,hindi,real,real,Kajari - Sawan Aayo Re.mp3,261,10
1e22b3e0f1232a19c59045f84d046c0b,hindi,real,real,Kajari - Sawan Aayo Re.mp3,262,10
5b44e1d9e76cbf2bf011dff4684012c7,hindi,real,real,Kajari - Sawan Aayo Re.mp3,263,10
6147b10bf0b527c0545f5089ff1d47e1,hindi,real,real,Kajari - Sawan Aayo Re.mp3,264,10
2574e9aa048f0a697875d8987d5cc91f,hindi,real,real,Kajari - Sawan Aayo Re.mp3,265,10
1e5c70b199a60ba847666e1a75437ae5,hindi,real,real,Kajari - Sawan Aayo Re.mp3,266,10
aaa02f75b09a68d88fff3d2f18173863,hindi,real,real,Kajari - Sawan Aayo Re.mp3,267,10
ef32fa67badefde64ccd81887fac9d5e,hindi,real,real,Kajari - Sawan Aayo Re.mp3,268,10
a482670912ff35b620e87d92633176a0,hindi,real,real,Kajari - Sawan Aayo Re.mp3,269,10
4619906bf8dd7bad0bb96a95b909cf8c,hindi,real,real,Kajari - Sawan Aayo Re.mp3,270,10
e493b9899fe0552871760e09d513348b,hindi,real,real,Kajari - Sawan Aayo Re.mp3,271,10
8bd2d290e4353c4c4da662531b914a30,hindi,real,real,Kajari - Sawan Aayo Re.mp3,272,10
4d31107da8c8d4e3f0f029ba4ac0a054,hindi,real,real,Kajari - Sawan Aayo Re.mp3,273,10
741b409e34821a7ff36e8f2a2eb28b00,hindi,real,real,Kajari - Sawan Aayo Re.mp3,274,10
4dc2f9315294908c2eff52770470cb48,hindi,real,real,Kajari - Sawan Aayo Re.mp3,275,10
2f3191d2d05d7a24831031cf63720a17,hindi,real,real,Kajari - Sawan Aayo Re.mp3,276,10
a10fd5ad83abaede39762e22f9dfebaa,hindi,real,real,Kajari - Sawan Aayo Re.mp3,277,10
3197681f2b533d20d6e9d133f79e182c,hindi,real,real,Kajari - Sawan Aayo Re.mp3,278,10
0a60d4501f343969c65751884af43720,hindi,real,real,Kajari - Sawan Aayo Re.mp3,279,10
b8da6c53263e542e96e0460fd509eff6,hindi,real,real,Kajari - Sawan Aayo Re.mp3,280,10
01f4d059373b81913ffb8b9198b640de,hindi,real,real,Kajari - Sawan Aayo Re.mp3,281,10
f157a00ce970b6ece6fd426556540351,hindi,real,real,Kajari - Sawan Aayo Re.mp3,282,10
2cd7f968e77fdeed76a8dc95405a47b2,hindi,real,real,Kajari - Sawan Aayo Re.mp3,283,10
fdd18e3226cf51810a1fc06fe186dc0c,hindi,real,real,Kajari - Sawan Aayo Re.mp3,284,10
4055de80fcd3942510cd5ffb9a5381fc,hindi,real,real,Kajari - Sawan Aayo Re.mp3,285,10
f44ff88f58ce72a04435fd021b6e002c,hindi,real,real,Kajari - Sawan Aayo Re.mp3,286,10
ae7533f70548482a953d408d7cd1cfa7,hindi,real,real,Kajari - Sawan Aayo Re.mp3,287,10
950aa905a5227872aef3a7c7e4051e13,hindi,real,real,Kajari - Sawan Aayo Re.mp3,288,10
9a55d8ba886db6ebf94bb310eff7ca44,hindi,real,real,Kajari - Sawan Aayo Re.mp3,289,10
1bf328de50e9ac77b7752735c5ebfe01,hindi,real,real,Kajari - Sawan Aayo Re.mp3,290,10
c5a886010591edec642e4435ec5fc3f8,hindi,real,real,Kajari - Sawan Aayo Re.mp3,291,10
b1f273550b00c316a33013b2b788e6eb,hindi,real,real,Kajari - Sawan Aayo Re.mp3,292,10
79db9bb030b2cfd8227fe88af2e2fa08,hindi,real,real,Kajari - Sawan Aayo Re.mp3,293,10
8a8259b2f4af08a139c1ce2feb075052,hindi,real,real,Kajari - Sawan Aayo Re.mp3,294,10
499fdba01476c583d66b9b96701f4ef1,hindi,real,real,Kajari - Sawan Aayo Re.mp3,295,10
c4b700eee6015c2dc72b8da5506a6593,hindi,real,real,Kajari - Sawan Aayo Re.mp3,296,10
b33c7bd2b6866020f408a80ac23ba5bb,hindi,real,real,Kajari - Sawan Aayo Re.mp3,297,10
89103d8f5f66d34f6343c86ced4a21b9,hindi,real,real,Kajari - Sawan Aayo Re.mp3,298,10
b0ab03c19fcf10285386544cc8eebc9c,hindi,real,real,Kajari - Sawan Aayo Re.mp3,299,10
94404aa36ae9a6179a366b8bedce17c2,hindi,real,real,Kajari - Sawan Aayo Re.mp3,300,10
fd45a3b3bb2c5c08dd62dc5eecdbb34d,hindi,real,real,Kajari - Sawan Aayo Re.mp3,301,10
630065dd8bc57924f109e77d40c1e325,hindi,real,real,Kajari - Sawan Aayo Re.mp3,302,10
fc01922377a7a0036a4ae9339c24617a,hindi,real,real,Kajari - Sawan Aayo Re.mp3,303,10
f8bd4db4416758c13cd92a1bfdee3bf4,hindi,real,real,Kajari - Sawan Aayo Re.mp3,304,10
bc6d6fa8edeff7f70a3436f05cf4b1f5,hindi,real,real,Kajari - Sawan Aayo Re.mp3,305,10
17bc327c806a73430bbb4996cc352bcf,hindi,real,real,Kajari - Sawan Aayo Re.mp3,306,10
f6d3b22204bc98e284d87fc71f836e41,hindi,real,real,Kajari - Sawan Aayo Re.mp3,307,10
7da6b5da995b5d3390fbc9d73d0781f1,hindi,real,real,Kajari - Sawan Aayo Re.mp3,308,10
f2c08b3efe6875af7a7613a9b76b1af7,hindi,real,real,Kajari - Sawan Aayo Re.mp3,309,10
ff80987634feb2d28cb22c5d7e5ba61e,hindi,real,real,Kajari - Sawan Aayo Re.mp3,310,10
0ba92bcee9d255eb38b43b6e50a70ab0,hindi,real,real,Kajari - Sawan Aayo Re.mp3,311,10
1d2f170761048767d4b50a9b5bde04b0,hindi,real,real,Kajari - Sawan Aayo Re.mp3,312,10
7d7040c206fe94c8f5134708e9287899,hindi,real,real,Kajari - Sawan Aayo Re.mp3,313,10
74369636c1367ebe186db64fbedd83ed,hindi,real,real,Kajari - Sawan Aayo Re.mp3,314,10
2a373e2e69d7e6b8f9d6a55971b99de8,hindi,real,real,Kajari - Sawan Aayo Re.mp3,315,10
ca7dec742226729204bb74c4a2c8ff66,hindi,real,real,Kajari - Sawan Aayo Re.mp3,316,10
c639c2fc5d9c67bfdd49782e9a0a61af,hindi,real,real,Kajari - Sawan Aayo Re.mp3,317,10
8d7b7fc0495fdd3f735a0ab7067bc3be,hindi,real,real,Kajari - Sawan Aayo Re.mp3,318,10
be0ef859fdd23df75894b9373d644383,hindi,real,real,Kajari - Sawan Aayo Re.mp3,319,10
6536a5e59f32dcb8afb3f1b9d39807df,hindi,real,real,Kajari - Sawan Aayo Re.mp3,320,10
712e11672ea18cb76808cb06d16d8165,hindi,real,real,Kajari - Sawan Aayo Re.mp3,321,10
897519977eaf5e4f97f4fedd7bde0f21,hindi,real,real,Kajari - Sawan Aayo Re.mp3,322,10
d2350a801f8c6828360aabb2fbf7517f,hindi,real,real,Kajari - Sawan Aayo Re.mp3,323,10
ba531fb4485caa63f93543e8cea3a3d5,hindi,real,real,Kajari - Sawan Aayo Re.mp3,324,10
965cffdabb0ab481bebdef486d4b9cb8,hindi,real,real,Kajari - Sawan Aayo Re.mp3,325,10
2984a09c6ce58a509d4491952cf0c5d1,hindi,real,real,Kajari - Sawan Aayo Re.mp3,326,10
d522cac89614c9170e3b7626e6ba04d7,hindi,real,real,Kajari - Sawan Aayo Re.mp3,327,10
29f92f681777a173d937df4ae55c4233,hindi,real,real,Kajari - Sawan Aayo Re.mp3,328,10
513768b173721f8262fc0e55ebf7573a,hindi,real,real,Kajari - Sawan Aayo Re.mp3,329,10
87ab8d1fd9beadbfc0cb03af1b3f8ae5,hindi,real,real,Kajari - Sawan Aayo Re.mp3,330,10
a6734bd06b45b17d4b3f894d2b50963c,hindi,real,real,Kajari - Sawan Aayo Re.mp3,331,10
7dc7b70fb22d314267b696cb9e7b3120,hindi,real,real,Kajari - Sawan Aayo Re.mp3,332,10
8775380a684638a43ebe548dcefce3e5,hindi,real,real,Kajari - Sawan Aayo Re.mp3,333,10
5b2c86336d16162a308d7d65a94dce0d,hindi,real,real,Kajari - Sawan Aayo Re.mp3,334,10
ae4ab4966e18880b957b72883e7edaca,hindi,real,real,Kajari - Sawan Aayo Re.mp3,335,10
725d547d1ab54dbb6bacef1834be5ace,hindi,real,real,Kajari - Sawan Aayo Re.mp3,336,10
a88f4189b717f8569536dc5009266ee8,hindi,real,real,Kajari - Sawan Aayo Re.mp3,337,10
4c7a96d675da6eef48db54b8c7093c06,hindi,real,real,Kajari - Sawan Aayo Re.mp3,338,10
cf1a3a0d3fbcd29f8f74ff6357b0334f,hindi,real,real,Kajari - Sawan Aayo Re.mp3,339,10
2a02dfba28e01cc8325ee650c5ef80d2,hindi,real,real,Kajari - Sawan Aayo Re.mp3,340,10
6432cb862ad87f5a2ed2f6ccdb4570e4,hindi,real,real,Kajari - Sawan Aayo Re.mp3,341,10
a9e49e21a19e6ac890a6aff6e8b1d2db,hindi,real,real,Kajari - Sawan Aayo Re.mp3,342,10
e03eae5ca14a7ae4b2edcabed5835e13,hindi,real,real,Kajari - Sawan Aayo Re.mp3,343,10
d0bcb862fdc9d075f9041ae53d350764,hindi,real,real,Kajari - Sawan Aayo Re.mp3,344,10
dcd464e3da159902d55f401f51ba49c1,hindi,real,real,Kajari - Sawan Aayo Re.mp3,345,10
763a9ecd107502ba56cb68616e6038b1,hindi,real,real,Kajari - Sawan Aayo Re.mp3,346,10
3227078bdacb19b7d56f6a81a731473e,hindi,real,real,Kajari - Sawan Aayo Re.mp3,347,10
94b63836a31536fb9b1e1e65dc93c88c,hindi,real,real,Kajari - Sawan Aayo Re.mp3,348,10
05628e4560b7f9d70a6c5da24d51997d,hindi,real,real,Kajari - Sawan Aayo Re.mp3,349,10
ac0148f348d4d1c02e9ea768a0558d5e,hindi,real,real,Kajari - Sawan Aayo Re.mp3,350,10
d52c0283aa93be7368f7f6669e2019a9,hindi,real,real,Kajari - Sawan Aayo Re.mp3,351,10
a27fe886fa3c7bb72cb39fc9b2d56b46,hindi,real,real,Kajari - Sawan Aayo Re.mp3,352,10
2da0cf899c9bfe2f95c8dbb21d5f75aa,hindi,real,real,Kajari - Sawan Aayo Re.mp3,353,10
afa5486fe8211845452ae9d1abdbef3e,hindi,real,real,Kajari - Sawan Aayo Re.mp3,354,10
610117ae4dc4df6d17a770a1ff9672c8,hindi,real,real,Kajari - Sawan Aayo Re.mp3,355,10
d98cb95aa5e9f8c5dff18c48b9c13458,hindi,real,real,Kajari - Sawan Aayo Re.mp3,356,10
b46b96810b66f0922aba3b327fc6f461,hindi,real,real,Kajari - Sawan Aayo Re.mp3,357,10
df19903eb057a12d4700eff8d03a2a64,hindi,real,real,Kajari - Sawan Aayo Re.mp3,358,10
900311ac4bd81bf8349ac1575abcdb98,hindi,real,real,Kajari - Sawan Aayo Re.mp3,359,10
4cb6ef54e4fb28fcf8fe89e409e5ee39,hindi,real,real,Kajari - Sawan Aayo Re.mp3,360,10
dfd6936275d54fe55fb493a9d15aee22,hindi,real,real,Kajari - Sawan Aayo Re.mp3,361,10
a605a66c5c86063bf56ccc0b215a9b41,hindi,real,real,Kajari - Sawan Aayo Re.mp3,362,10
121a8c286de55da4106016be0ee201c1,hindi,real,real,Kajari - Sawan Aayo Re.mp3,363,10
46e12f763cc673811fed2571de39635b,hindi,real,real,Kajari - Sawan Aayo Re.mp3,364,10
484d2f5200f1fcf782e55ace0665bd33,hindi,real,real,Kajari - Sawan Aayo Re.mp3,365,10
232c44e929ba651da2958602cd534ac4,hindi,real,real,Kajari - Sawan Aayo Re.mp3,366,10
4c104a903c262920dc3faf54f9215936,hindi,real,real,Kajari - Sawan Aayo Re.mp3,367,10
7ea0131bdcab772ebeed046f87c3d2f0,hindi,real,real,Kajari - Sawan Aayo Re.mp3,368,10
ec9001b1a6d1a7bdcc42dcac4af67951,hindi,real,real,Kajari - Sawan Aayo Re.mp3,369,10
4274e795bbd42e220faf79cf24b85ca0,hindi,real,real,Kajari - Sawan Aayo Re.mp3,370,10
30fee6affa667deed1652e633cd6bc9e,hindi,real,real,Kajari - Sawan Aayo Re.mp3,371,10
df26cd21a4f2396baa57da1c923fa713,hindi,real,real,Kajari - Sawan Aayo Re.mp3,372,10
9c937216ea37ee13cd9f4ca5162ae275,hindi,real,real,Kajari - Sawan Aayo Re.mp3,373,10
2d5dabf3dd09338806c66dec62e34a9d,hindi,real,real,Kajari - Sawan Aayo Re.mp3,374,10
ad63cd2c74612e2758b8a46aeed77c79,hindi,real,real,Kajari - Sawan Aayo Re.mp3,375,10
6b48061287daebf73c61cca04e333ab4,hindi,real,real,Kajari - Sawan Aayo Re.mp3,376,10
6b26b4766572f9e32d8d9ea7b809cbb7,hindi,real,real,Kajari - Sawan Aayo Re.mp3,377,10
e4119d517172d0f5e3998e5d69ef50da,hindi,real,real,Kajari - Sawan Aayo Re.mp3,378,10
b10f12742b9316cfec1b26c192135954,hindi,real,real,Kajari - Sawan Aayo Re.mp3,379,10
22e86c943b7356e1a273299b40f6c27b,hindi,real,real,Kajari - Sawan Aayo Re.mp3,380,10
fb34e871ec62e0779a07a7931c95b5b8,hindi,real,real,Kajari - Sawan Aayo Re.mp3,381,10
b6359446cee14fc9eb9823eb3b91e57e,hindi,real,real,Kajari - Sawan Aayo Re.mp3,382,10
d5f3afbf4b8f0939ae8fb264c88bc405,hindi,real,real,Kajari - Sawan Aayo Re.mp3,383,10
f3a6b15a97996ad6e5c83dd51641fdb5,hindi,real,real,Kajari - Sawan Aayo Re.mp3,384,10
3022919b9e4c45128a96bafea8448e63,hindi,real,real,Kajari - Sawan Aayo Re.mp3,385,10
e36e9019f896adb04f60dcc212ea495f,hindi,real,real,Kajari - Sawan Aayo Re.mp3,386,10
86005b43219285d4cb96a7e69bfbba64,hindi,real,real,Kajari - Sawan Aayo Re.mp3,387,10
984506320b99843171b316388b6dbd73,hindi,real,real,Kajari - Sawan Aayo Re.mp3,388,10
dcd247f8972815e1472d80067146cd90,hindi,real,real,Kajari - Sawan Aayo Re.mp3,389,10
12926d108a6b5200a95e5f6c4da0284e,hindi,real,real,Kajari - Sawan Aayo Re.mp3,390,10
3586fb76dd917b43c676dc704bb3447c,hindi,real,real,Kajari - Sawan Aayo Re.mp3,391,10
cbd69065008c89d589510e60a3932e6c,hindi,real,real,Kajari - Sawan Aayo Re.mp3,392,10
13d1a2576521f51c41f2fa0d0a9697a6,hindi,real,real,Kajari - Sawan Aayo Re.mp3,393,10
1834964c58417c74d94cdb1c97b73a54,hindi,real,real,Kajari - Sawan Aayo Re.mp3,394,10
362d3a078afa5623ee265b72e1b3265a,hindi,real,real,Kajari - Sawan Aayo Re.mp3,395,10
a6f890ea7f44726708b47bb80c128376,hindi,real,real,Kajari - Sawan Aayo Re.mp3,396,10
7c7b167fd308f297ef68f3250644b2e4,hindi,real,real,Kajari - Sawan Aayo Re.mp3,397,10
a43e2b48029699db8f835c7608478ef5,hindi,real,real,Kajari - Sawan Aayo Re.mp3,398,10
c2eb764484e0aeb71134bdcefd23be2b,hindi,real,real,Kajari - Sawan Aayo Re.mp3,399,10
2dee1c0c5716ce0b8990eb3612108e3d,hindi,real,real,Kajari - Sawan Aayo Re.mp3,400,10
8a4156a307c3f36b9a85da5d31017d42,hindi,real,real,Kajari - Sawan Aayo Re.mp3,401,10
25e1c6fc2f5b306fe3298e44f09b430b,hindi,real,real,Kajari - Sawan Aayo Re.mp3,402,10
5ccc5289446619a4a5231f0b9f358647,hindi,real,real,Kajari - Sawan Aayo Re.mp3,403,10
3bdacd1021acd0082dfd3c22d2cac67d,hindi,real,real,Kajari - Sawan Aayo Re.mp3,404,10
f3a1c2def34575fcdd2b7e31554fe02a,hindi,real,real,Kajari - Sawan Aayo Re.mp3,405,10
8fa94544181b80dd19085a671756a0a1,hindi,real,real,Kajari - Sawan Aayo Re.mp3,406,10
c4b40b23a1f731dd9ffaf4eb5977eb47,hindi,real,real,Kajari - Sawan Aayo Re.mp3,407,10
572dbcc68d0d31140cd1f23a3f9bbb1e,hindi,real,real,Kajari - Sawan Aayo Re.mp3,408,10
110e3e03faee0ba737b29a69e2df8884,hindi,real,real,Kajari - Sawan Aayo Re.mp3,409,10
a8904e5b7d1272e3bbc5bd37884f7280,hindi,real,real,Kajari - Sawan Aayo Re.mp3,410,10
6c88ed4f04a253f086b47a1a6d1ac5cd,hindi,real,real,Kajari - Sawan Aayo Re.mp3,411,10
23d9b3657bfad74a48a7304e45a63776,hindi,real,real,Kajari - Sawan Aayo Re.mp3,412,10
cee7c078af66c4ce22fbe1f7e9869a48,hindi,real,real,Kajari - Sawan Aayo Re.mp3,413,10
44e72ba3a4a5505db9f9aab2318dc9df,hindi,real,real,Kajari - Sawan Aayo Re.mp3,414,10
63d435a5e1bee53f54aa219de4083f0c,hindi,real,real,Kajari - Sawan Aayo Re.mp3,415,10
23fa6049681b7af39c9e50abfd76ef6b,hindi,real,real,Kajari - Sawan Aayo Re.mp3,416,10
09472798deb14435c432b755758bd4be,hindi,real,real,Kajari - Sawan Aayo Re.mp3,417,10
f6aabdb1d558353b8adcb7ea5b323208,hindi,real,real,Kajari - Sawan Aayo Re.mp3,418,10
3c0311e58cb74eae594f8d18532597a4,hindi,real,real,Kajari - Sawan Aayo Re.mp3,419,10
d43fa8116c62899edd4d8543c1825f53,hindi,real,real,Kajari - Sawan Aayo Re.mp3,420,10
09fdf31a418b072646f1cb7c9c61d478,hindi,real,real,Kajari - Sawan Aayo Re.mp3,421,10
4d6df5782063406eea35f15a4a31e154,hindi,real,real,Kajari - Sawan Aayo Re.mp3,422,10
055364504cef46399713b3e92e69e7b8,hindi,real,real,Kajari - Sawan Aayo Re.mp3,423,10
eaac4f5a9d8aaa94664dbda4db77ecce,hindi,real,real,Kajari - Sawan Aayo Re.mp3,424,10
b84c40c27e0d04e840b612e6ffc1232e,hindi,real,real,Kajari - Sawan Aayo Re.mp3,425,10
4482e6c73d1fc2eb2cc339dbaf7d7758,hindi,real,real,Kajari - Sawan Aayo Re.mp3,426,10
b3f3b27d52718a16da81a80007d5d5cb,hindi,real,real,Kajari - Sawan Aayo Re.mp3,427,10
64cdb36b4d3e2586e9d17740676f0d3a,hindi,real,real,Kajari - Sawan Aayo Re.mp3,428,10
f6bd983c53d81af4c1d45de1482d4162,hindi,real,real,Kajari - Sawan Aayo Re.mp3,429,10
9fb68d036514faca6f75f4adcf720749,hindi,real,real,Kajari - Sawan Aayo Re.mp3,430,10
de95d9d89d55b26d3d497cf49e2c7376,hindi,real,real,Kajari - Sawan Aayo Re.mp3,431,10
7d4c3ac770abe11cf859826db4245d05,hindi,real,real,Kajari - Sawan Aayo Re.mp3,432,10
c0d3d0541270d514a484fc1ef9df179b,hindi,real,real,Kajari - Sawan Aayo Re.mp3,433,10
37ed070c0cdcd503a0bf82285508118d,hindi,real,real,Kajari - Sawan Aayo Re.mp3,434,10
e2f079ec71b47a98bf391b0691e7356a,hindi,real,real,Kajari - Sawan Aayo Re.mp3,435,10
ab4a559471be02960114e9b6316d700b,hindi,real,real,Kajari - Sawan Aayo Re.mp3,436,10
1881b05dba232beb8548734eb722ed47,hindi,real,real,Kajari - Sawan Aayo Re.mp3,437,10
72057634274bef3374a8d9df1fd64b84,hindi,real,real,Kajari - Sawan Aayo Re.mp3,438,10
2e4d14b6f0b37504f3ec58baca4d014e,hindi,real,real,Kajari - Sawan Aayo Re.mp3,439,10
3341303a2a731f2d2acd76b5121a466e,hindi,real,real,Kajari - Sawan Aayo Re.mp3,440,10
b7216aeca5fedfe00117527bd1829e63,hindi,real,real,Kajari - Sawan Aayo Re.mp3,441,10
3a10622d1a1f6162db5ed39e29cf1b01,hindi,real,real,Kajari - Sawan Aayo Re.mp3,442,10
06508e190661dc60d941af75b2835034,hindi,real,real,Kajari - Sawan Aayo Re.mp3,443,10
4abd3da96a863895743ecb1e13aca52c,hindi,real,real,Kajari - Sawan Aayo Re.mp3,444,10
4ea5529017b62b89396c208a7380d51b,hindi,real,real,Kajari - Sawan Aayo Re.mp3,445,10
1bd436cf8512326788b954ae12901949,hindi,real,real,Kajari - Sawan Aayo Re.mp3,446,10
bffe210b8c3807ae977668c8f8a559fc,hindi,real,real,Kajari - Sawan Aayo Re.mp3,447,10
74f67c122828ef0114f9dc4485d0b4cc,hindi,real,real,Kajari - Sawan Aayo Re.mp3,448,10
1e13b2fa2bb93a9e11d2b17bff8cca18,hindi,real,real,Kajari - Sawan Aayo Re.mp3,449,10
5c92a0cabd6952068e135520d45a4c5d,hindi,real,real,Kajari - Sawan Aayo Re.mp3,450,10
bdeca5f7d375075eb82147f942176bf9,hindi,real,real,Kajari - Sawan Aayo Re.mp3,451,10
bfc1debf13094044f50879acdd0abe28,hindi,real,real,Kajari - Sawan Aayo Re.mp3,452,10
99236ac5342b7696a7a59caa7dcadd67,hindi,real,real,Kajari - Sawan Aayo Re.mp3,453,10
ad037ecc9ded91caf41a3a07b24d25e3,hindi,real,real,Kajari - Sawan Aayo Re.mp3,454,10
2d03ea467adc6c538235989b819a0e4e,hindi,real,real,Kajari - Sawan Aayo Re.mp3,455,10
4d3d7e4ca2a1b6ba76429cdade244a56,hindi,real,real,Kajari - Sawan Aayo Re.mp3,456,10
82bcdcb8730d342fbeebaa438d9f864d,hindi,real,real,Kajari - Sawan Aayo Re.mp3,457,10
5fcc6a4915b4a78a7e608f2cdd86993c,hindi,real,real,Kajari - Sawan Aayo Re.mp3,458,10
36f83443de8df58a797409f2787d6064,hindi,real,real,Kajari - Sawan Aayo Re.mp3,459,10
a88f2043aa7c42f01a30eb5ba18a0ed7,hindi,real,real,Kajari - Sawan Aayo Re.mp3,460,10
a13c3e23532b5e9559a3300119ed0eed,hindi,real,real,Kajari - Sawan Aayo Re.mp3,461,10
2b929c00e7cdf04ad99d26b427b05988,hindi,real,real,Kajari - Sawan Aayo Re.mp3,462,10
8118d7264499e5172da45ce6c982bf8e,hindi,real,real,Kajari - Sawan Aayo Re.mp3,463,10
bed60e0d099143164d83b0219ceb9530,hindi,real,real,Kajari - Sawan Aayo Re.mp3,464,10
ba5a137707dff13fbde72f5834d20b88,hindi,real,real,Kajari - Sawan Aayo Re.mp3,465,10
bc2cdf6510dcc26ad63fcb27fe37281e,hindi,real,real,Kajari - Sawan Aayo Re.mp3,466,10
153fcb41920436916fcd808171571636,hindi,real,real,Kajari - Sawan Aayo Re.mp3,467,10
89df63c8d8ce41230997949c5e8e4cdc,hindi,real,real,Kajari - Sawan Aayo Re.mp3,468,10
42096f48870b7d623e2c621e6935ffb5,hindi,real,real,Kajari - Sawan Aayo Re.mp3,469,10
baed57e4374d6f4bb9a7cc37fcd09ecd,hindi,real,real,Kajari - Sawan Aayo Re.mp3,470,10
b9dc0d633478f9da33efc869bc295a65,hindi,real,real,Kajari - Sawan Aayo Re.mp3,471,10
e754ae52d0bc1c76ed75c23d005881b2,hindi,real,real,Kajari - Sawan Aayo Re.mp3,472,10
821494433c1e4df94b07c2e669579691,hindi,real,real,Kajari - Sawan Aayo Re.mp3,473,10
0912c1b4d2c8a6dab3371393749bc7fa,hindi,real,real,Kajari - Sawan Aayo Re.mp3,474,10
5f91495624c6fcf528325bc029a7e9d4,hindi,real,real,Kajari - Sawan Aayo Re.mp3,475,10
aa717805bc3e804904cd9e14d6d3342e,hindi,real,real,Kajari - Sawan Aayo Re.mp3,476,10
de09c76d529f156aa3791492be81df39,hindi,real,real,Kajari - Sawan Aayo Re.mp3,477,10
55e150eb216c29e70859a87759a90481,hindi,real,real,Kajari - Sawan Aayo Re.mp3,478,10
562354925a7dd0ec181243849141165c,hindi,real,real,Kajari - Sawan Aayo Re.mp3,479,10
28cb4f4a80d35e134338045aaa1ee8df,hindi,real,real,Kajari - Sawan Aayo Re.mp3,480,10
de223b44540ba60a27cd541df78493fd,hindi,real,real,Kajari - Sawan Aayo Re.mp3,481,10
e9ae24d7e1abbebc0458514a6ab11829,hindi,real,real,Kajari - Sawan Aayo Re.mp3,482,10
664700c778f5e0fdaf6b8ba7a3541a8d,hindi,real,real,Kajari - Sawan Aayo Re.mp3,483,10
5c1c06ba4ec924f982552ef43e31e0a5,hindi,real,real,Kajari - Sawan Aayo Re.mp3,484,10
20314c4220b49e6190feb59824facbec,hindi,real,real,Kajari - Sawan Aayo Re.mp3,485,10
227c05be79f766438bb552f38ccee479,hindi,real,real,Kajari - Sawan Aayo Re.mp3,486,10
b4468c0c18dd3116cc6d6d1b754b48e7,hindi,real,real,Kajari - Sawan Aayo Re.mp3,487,10
dbfb555b3ced5cce20d7b8ebd0c03fc5,hindi,real,real,Kajari - Sawan Aayo Re.mp3,488,10
c5391d8da3cfcd56dc05f1abf611e0bf,hindi,real,real,Kajari - Sawan Aayo Re.mp3,489,10
a863a91e709279f241a38703f6b8d1ce,hindi,real,real,Kajari - Sawan Aayo Re.mp3,490,10
8d0ed682e52a99bd48306e9f9bfce8a0,hindi,real,real,Kajari - Sawan Aayo Re.mp3,491,10
77d9d462e43311a112db31dd3d6951d5,hindi,real,real,Kajari - Sawan Aayo Re.mp3,492,10
d89b710c642e10684f1a8b8c4bee5e99,hindi,real,real,Kajari - Sawan Aayo Re.mp3,493,10
2f62493a206d2ba60e2310ad7a794a3d,hindi,real,real,Kajari - Sawan Aayo Re.mp3,494,10
2f5cf155ade2c1387543c98e70c41080,hindi,real,real,Kajari - Sawan Aayo Re.mp3,495,10
ba3e6e09b624a1fe60f2f4c1c62308f7,hindi,real,real,Kajari - Sawan Aayo Re.mp3,496,10
d7effd78d3f085639a5c208c4b6785f2,hindi,real,real,Kajari - Sawan Aayo Re.mp3,497,10
06c8a168ae9094da4fb3189314125e53,hindi,real,real,Kajari - Sawan Aayo Re.mp3,498,10
067019c6edcb49179589ae0c8ca6efcd,hindi,real,real,Kajari - Sawan Aayo Re.mp3,499,10
8a425f40c2997b4916a24907705643a9,hindi,real,real,Kajari - Sawan Aayo Re.mp3,500,10
ac98ad4379c8c82252ca1a04131f905d,hindi,real,real,Kajari - Sawan Aayo Re.mp3,501,10
b88772825ade10bcac729079a09267e9,hindi,real,real,Kajari - Sawan Aayo Re.mp3,502,10
d20178d548ce27e27b6414dd52827a26,hindi,real,real,Kajari - Sawan Aayo Re.mp3,503,10
fc220b91a711ea600fd718372498e0b0,hindi,real,real,Kajari - Sawan Aayo Re.mp3,504,10
6b77e4592658338b0aff1aa40bdf7d3f,hindi,real,real,Kajari - Sawan Aayo Re.mp3,505,10
b88c855326cb7bf69bba8f81905c18d5,hindi,real,real,Kajari - Sawan Aayo Re.mp3,506,10
0456bd727da25d8ed2ad7375df08cdf7,hindi,real,real,Kajari - Sawan Aayo Re.mp3,507,10
766210e9e26cbdeb66575e8cb4be06c8,hindi,real,real,Kajari - Sawan Aayo Re.mp3,508,10
045dc2d884553ad5a9139d5d2c6a3951,hindi,real,real,Kajari - Sawan Aayo Re.mp3,509,10
bec9df5717ab2bb888f5f5b7dc7f0deb,hindi,real,real,Kajari - Sawan Aayo Re.mp3,510,10
ffae80226436e3c0c60710bb65b5ea2a,hindi,real,real,Kajari - Sawan Aayo Re.mp3,511,10
d5ee426b80f3491b9962871c1043611a,hindi,real,real,Kajari - Sawan Aayo Re.mp3,512,10
37d01435f867a3db5bd21aa9ce5e673c,hindi,real,real,Kajari - Sawan Aayo Re.mp3,513,10
c76eb4f7016540cc2ce737aca0370ac6,hindi,real,real,Kajari - Sawan Aayo Re.mp3,514,10
624853504202941fa155d1beae2751c3,hindi,real,real,Kajari - Sawan Aayo Re.mp3,515,10
9c51fc149a005d6b823dc67a713caf5a,hindi,real,real,Kajari - Sawan Aayo Re.mp3,516,10
212b66a5acc7ab03819146a8b8644f3d,hindi,real,real,Kajari - Sawan Aayo Re.mp3,517,10
0437b312bebc2412ee9866051ce6705f,hindi,real,real,Kajari - Sawan Aayo Re.mp3,518,10
47d86229274793eb818720d24f12c85e,hindi,real,real,Kajari - Sawan Aayo Re.mp3,519,10
b2c0b4d80ccea235278b974082befc5a,hindi,real,real,Kajari - Sawan Aayo Re.mp3,520,10
29a224d14c7b9b17cc90a4b5a6e8340b,hindi,real,real,Kajari - Sawan Aayo Re.mp3,521,10
eb7bf628d3c0276efa82d5d4724fc532,hindi,real,real,Kajari - Sawan Aayo Re.mp3,522,10
a5c55f0b0e439e9e8572f863de937f27,hindi,real,real,Kajari - Sawan Aayo Re.mp3,523,10
d8631733678fef14ee30963d42d7914e,hindi,real,real,Kajari - Sawan Aayo Re.mp3,524,10
8ab61e19ee8aedae1702a6de8bea5d32,hindi,real,real,Kajari - Sawan Aayo Re.mp3,525,10
33d55e2b0bf76727f28d31e3c7dfc548,hindi,real,real,Kajari - Sawan Aayo Re.mp3,526,10
00ba0518dccf82bf4b85955be6898f31,hindi,real,real,Kajari - Sawan Aayo Re.mp3,527,10
807b9cf310371ce052a7dacf8a5eb6d7,hindi,real,real,Kajari - Sawan Aayo Re.mp3,528,10
580895b079aa4fd4165875983d139e81,hindi,real,real,Kajari - Sawan Aayo Re.mp3,529,10
c432ca584eac9ff9a2b846e40d9748ed,hindi,real,real,Kajari - Sawan Aayo Re.mp3,530,10
51bb89b60443a9783f691e5d28295f7b,hindi,real,real,Kajari - Sawan Aayo Re.mp3,531,10
25f29bc964df3027e3d1b75787b2820a,hindi,real,real,Kajari - Sawan Aayo Re.mp3,532,10
5484d26a057d58ae3cbc1990ad26c986,hindi,real,real,Kajari - Sawan Aayo Re.mp3,533,10
05f10489d8d65787eff818eec89fc0ce,hindi,real,real,Kajari - Sawan Aayo Re.mp3,534,10
fae7596f43cd8b9e839d19a8cbadef15,hindi,real,real,Kajari - Sawan Aayo Re.mp3,535,10
cb600113fa2368076b5db294bc001b94,hindi,real,real,Kajari - Sawan Aayo Re.mp3,536,10
712b992f90bb71f3472d964e03ce8942,hindi,real,real,Kajari - Sawan Aayo Re.mp3,537,10
01720803db1d6c5a13e4e5c9e831c970,hindi,real,real,Kajari - Sawan Aayo Re.mp3,538,10
576f7c82c80649558acc2311437efbc6,hindi,real,real,Kajari - Sawan Aayo Re.mp3,539,10
838bf89a2187825d7fae5e129a2cc53b,hindi,real,real,Kajari - Sawan Aayo Re.mp3,540,10
7530b466e4b9a20f3bb6cc154e0edd40,hindi,real,real,Kajari - Sawan Aayo Re.mp3,541,10
167b93c6b16f2d8eaeef5d10f2e2e1ab,hindi,real,real,Kajari - Sawan Aayo Re.mp3,542,10
c80129099b85e720ddbea761275fdb00,hindi,real,real,Kajari - Sawan Aayo Re.mp3,543,10
25fae6fb522c5a53beaad7deaecac3b4,hindi,real,real,Kajari - Sawan Aayo Re.mp3,544,10
dbf255c532194e07cb2c7185250f6e94,hindi,real,real,Chaiti Geet.mp3,0,10
2c19d81cd6fae4abf08e660eb209a8b5,hindi,real,real,Chaiti Geet.mp3,1,10
10b4c565195598a64777da569f51b6bc,hindi,real,real,Chaiti Geet.mp3,2,10
ad99f41691c245b065f0456ebbac9f83,hindi,real,real,Chaiti Geet.mp3,3,10
b8b9c77a3d957e7cc3e06826bd8cd49b,hindi,real,real,Chaiti Geet.mp3,4,10
1989e2a25c5ae18a713703a9f1e2840c,hindi,real,real,Chaiti Geet.mp3,5,10
fb8e40be88cd6690b31285bdf6ae578c,hindi,real,real,Chaiti Geet.mp3,6,10
192257167b0898ace5727e10f24373db,hindi,real,real,Chaiti Geet.mp3,7,10
4528112124f9ec6c5b89e239bd1af725,hindi,real,real,Chaiti Geet.mp3,8,10
17ae37feb1584948028558de821194b5,hindi,real,real,Chaiti Geet.mp3,9,10
7cbe10851da025058efcbc392bc37d1f,hindi,real,real,Chaiti Geet.mp3,10,10
69d36f02d4237c228e0d59035217b05c,hindi,real,real,Chaiti Geet.mp3,11,10
1406cc61f9d3f76c5777d628d284af68,hindi,real,real,Chaiti Geet.mp3,12,10
0f4158d70afbcaa91fb714bb3d68657e,hindi,real,real,Chaiti Geet.mp3,13,10
7712efc3fa97d28d1c95beea98720c77,hindi,real,real,Chaiti Geet.mp3,14,10
5ef8e067fd0bc2bb70e589808b40c400,hindi,real,real,Chaiti Geet.mp3,15,10
a20a3867ee65b79653da5cca12c02adb,hindi,real,real,Chaiti Geet.mp3,16,10
6e7d45be1d6a7243e81fc12813dfe1d6,hindi,real,real,Chaiti Geet.mp3,17,10
f721ba6376e6cb59f9fae99ba42e920c,hindi,real,real,Chaiti Geet.mp3,18,10
2fba1f9f2caec338c2f64a6fe3db8287,hindi,real,real,Chaiti Geet.mp3,19,10
bb209bd29a1d7fac434074b611fd171d,hindi,real,real,Chaiti Geet.mp3,20,10
809b2a5710ee9d839361161cf26ef9ea,hindi,real,real,Chaiti Geet.mp3,21,10
c0f8cafbcb0566dd99588f04b8f3932e,hindi,real,real,Holi Ke Geet.mp3,0,10
c81d51909b493ad680e14d4d2832455e,hindi,real,real,Holi Ke Geet.mp3,1,10
f590c373608881aa4337d04d1b9d18e1,hindi,real,real,Holi Ke Geet.mp3,2,10
ef695750985f7155b8491dc3c2749466,hindi,real,real,Holi Ke Geet.mp3,3,10
1ebcae22a1fd95d7c6704b0a34eb9fa4,hindi,real,real,Holi Ke Geet.mp3,4,10
fd54e74d287f0cad9b7be5da02121d69,hindi,real,real,Holi Ke Geet.mp3,5,10
af1fb1db9d3f709d65ae5c0aa32cb3d7,hindi,real,real,Holi Ke Geet.mp3,6,10
4c3699b76f07d0b99a4b17340edd0a3d,hindi,real,real,Holi Ke Geet.mp3,7,10
abfa0843ddc3797498caa1e50481de94,hindi,real,real,Holi Ke Geet.mp3,8,10
c83a2a8f6f0b42737a7cdca046839a1a,hindi,real,real,Holi Ke Geet.mp3,9,10
4a69babe83298b70f86b3495b1af21b5,hindi,real,real,Holi Ke Geet.mp3,10,10
0afa804afdd42699bb955f3d6561fa5d,hindi,real,real,Holi Ke Geet.mp3,11,10
f546c138411e87eb876495f99970321c,hindi,real,real,Holi Ke Geet.mp3,12,10
5c9a37b9b969b7f345a149159aececed,hindi,real,real,Holi Ke Geet.mp3,13,10
0e695a44420a6eaab4ccd61602fe53ae,hindi,real,real,Holi Ke Geet.mp3,14,10
e8607a84255d9ab5cef6f9f31bd9f921,hindi,real,real,Holi Ke Geet.mp3,15,10
8a30733734caf742593e26c9fa8d0fd2,hindi,real,real,Holi Ke Geet.mp3,16,10
f60aefd5f4ad8d40eb3891b195e1c24d,hindi,real,real,Holi Ke Geet.mp3,17,10
914a40f267ca4179a19bde4e3b0ef049,hindi,real,real,Holi Ke Geet.mp3,18,10
0f2cd7b08419c1c65e719c86633a19e3,hindi,real,real,Holi Ke Geet.mp3,19,10
e63111f2e32c836698dce7af67df98fe,hindi,real,real,Holi Ke Geet.mp3,20,10
1146305221b3848e8dc0791cd242e489,hindi,real,real,Holi Ke Geet.mp3,21,10
4f82aabe73b079fdfb9b0c13a9e2c11a,hindi,real,real,Holi Ke Geet.mp3,22,10
73bfaa985e9c76ce05257589475badae,hindi,real,real,Holi Ke Geet.mp3,23,10
f4ae3e6064676a2a8cd0ed847e8c8507,hindi,real,real,Holi Ke Geet.mp3,24,10
2ddfa06d46174e9468b0bd743d6d7e90,hindi,real,real,Holi Ke Geet.mp3,25,10
71505c1da7ae4fbbe860535fc17605c4,hindi,real,real,Holi Ke Geet.mp3,26,10
de59ab46dda35e601437324c7591b124,hindi,real,real,Holi Ke Geet.mp3,27,10
4cc857ac35c21cb311ab30a55be3b9c9,hindi,real,real,Holi Ke Geet.mp3,28,10
5f9d9907e4308d5ad0b6687ba209df04,hindi,real,real,Holi Ke Geet.mp3,29,10
1c435fb85de0604904c05cd8d0a7ba2f,hindi,real,real,Holi Ke Geet.mp3,30,10
4a227bae31b1db090a5e44dae5164442,hindi,real,real,Holi Ke Geet.mp3,31,10
944184c8d7f373fd1705ea62d2209311,hindi,real,real,Holi Ke Geet.mp3,32,10
39135b1c8f081793893044a5a637ddf5,hindi,real,real,Rajasthani Folk Song.mp3,0,10
cd19b6b34921beb268b58ebacae2b795,hindi,real,real,Rajasthani Folk Song.mp3,1,10
eb2fbd6dfacac0633e7736906e9f193c,hindi,real,real,Rajasthani Folk Song.mp3,2,10
2d53acc5fe1487d5fb6a8567bb6006cd,hindi,real,real,Rajasthani Folk Song.mp3,3,10
478345bea64b78482072de021b5113b3,hindi,real,real,Rajasthani Folk Song.mp3,4,10
cd10e0ac841dee26c304182c97ed9efe,hindi,real,real,Rajasthani Folk Song.mp3,5,10
7f8aa84a175e788174f0e95f52027d41,hindi,real,real,Rajasthani Folk Song.mp3,6,10
d88caf87054ab828a18e59cf7d6c2d2d,hindi,real,real,Rajasthani Folk Song.mp3,7,10
81c7c7b2748c0f1c5ab39d00408dc290,hindi,real,real,Rajasthani Folk Song.mp3,8,10
3465d4fe684bf1c742f1550d68f58c90,hindi,real,real,Rajasthani Folk Song.mp3,9,10
8429c5298c588b36f89f6ae2d804e5c0,hindi,real,real,Rajasthani Folk Song.mp3,10,10
db6cb2f837da916919aac4c2a8bf742c,hindi,real,real,Rajasthani Folk Song.mp3,11,10
831fd907df94f41ea42c312bd57adb70,hindi,real,real,Rajasthani Folk Song.mp3,12,10
08f950699aa4e958ca1ecbad508367ab,hindi,real,real,Rajasthani Folk Song.mp3,13,10
74143109b124847438671c89c2cea0e9,hindi,real,real,Rajasthani Folk Song.mp3,14,10
bda35da17e4fd3fcdec16d00023e5e11,hindi,real,real,Rajasthani Folk Song.mp3,15,10
c2dc8ffb9a5b4a607555c6c1bd30ed0d,hindi,real,real,Rajasthani Folk Song.mp3,16,10
59e06da4c374d75d92893b8cb1c5ae5c,hindi,real,real,Rajasthani Folk Song.mp3,17,10
8032c5031f3b8b27b645e22654f8c64f,hindi,real,real,Rajasthani Folk Song.mp3,18,10
6ffa023a5aaa40b5da0580e7ba1d7f0e,hindi,real,real,Rajasthani Folk Song.mp3,19,10
f07bb319f6176a496c95e14f042e2a00,hindi,real,real,Bihari Folk Geet.mp3,0,10
629532e8e26fee4395217061983cc5cc,hindi,real,real,Bihari Folk Geet.mp3,1,10
1f799554a2a6a0167dfd822a6b7c2ad9,hindi,real,real,Bihari Folk Geet.mp3,2,10
bd5da2f415f0be1bee00855f98471485,hindi,real,real,Bihari Folk Geet.mp3,3,10
477cedc99b340c7acf39f9d8295f449a,hindi,real,real,Bihari Folk Geet.mp3,4,10
b3939c3aaf019351b19bb87f809d2180,hindi,real,real,Bihari Folk Geet.mp3,5,10
334504f5e4ec4de4ac79a448702dbc60,hindi,real,real,Bihari Folk Geet.mp3,6,10
2bd8c5fe0057f4842bf1dc4f08ab62a4,hindi,real,real,Bihari Folk Geet.mp3,7,10
14e124f55656d79155087c769f37c715,hindi,real,real,Bihari Folk Geet.mp3,8,10
41a53207f1e5dbae2ffc3cc831a5fe2b,hindi,real,real,Bihari Folk Geet.mp3,9,10
107010a3b7fde7c300f513f64dce8d64,hindi,real,real,Bihari Folk Geet.mp3,10,10
ceb4b559e89a14f19e777abb713a3df8,hindi,real,real,Bihari Folk Geet.mp3,11,10
d7114af20f92a47cabf6978d7a5f64fc,hindi,real,real,Bihari Folk Geet.mp3,12,10
e1a3e3eb83c2844ba2db1f174f187a94,hindi,real,real,Bihari Folk Geet.mp3,13,10
829ad32944e391e3d58cc63f957410f2,hindi,real,real,Bihari Folk Geet.mp3,14,10
942b8e82eabf5b5136f0d4e4a4686635,hindi,real,real,Bihari Folk Geet.mp3,15,10
eebea3fb67723e2068f1359fd149e997,hindi,real,real,Bihari Folk Geet.mp3,16,10
46a943f9219518765536f2886d91356a,hindi,real,real,Bihari Folk Geet.mp3,17,10
c1aac85143721c5f339c5bd47c875ef8,hindi,real,real,Bihari Folk Geet.mp3,18,10
9f643984d1e004bb4d972368cacdc9fb,hindi,real,real,Bihari Folk Geet.mp3,19,10
db0fd76556e5de66eb5f66d3de825565,hindi,real,real,Bihari Folk Geet.mp3,20,10
7f7a4225d7fb9b5072dfdf3716da33de,hindi,real,real,Bihari Folk Geet.mp3,21,10
f996cd7ad8c2e230b9bea6541eaac69f,hindi,real,real,Bihari Folk Geet.mp3,22,10
a2545b60dd12c6377c175bf004d90da9,hindi,real,real,Bihari Folk Geet.mp3,23,10
0c2ff93b848b3789c5377a27b129e55d,hindi,real,real,Bihari Folk Geet.mp3,24,10
df5aab2ac24f39757c6d2f8edb5d6ff4,hindi,real,real,Bihari Folk Geet.mp3,25,10
e99643c77ccd8d9ed6b4c81c2586d8c1,hindi,real,real,Bihari Folk Geet.mp3,26,10
376872582f49110bd9316ae322b99427,hindi,real,real,Bihari Folk Geet.mp3,27,10
f3360b9a7ad9e3a261ecf8b1c4b50c69,hindi,real,real,Bihari Folk Geet.mp3,28,10
4240b911d11c2ed10ee3c1ede7bd94bc,hindi,real,real,Bihari Folk Geet.mp3,29,10
b8e8eca4967a9e8dc84b93d6df632aa4,hindi,real,real,Bihari Folk Geet.mp3,30,10
b9a786b3b03893cd7e3ef0cbe8a06a5f,hindi,real,real,Bihari Folk Geet.mp3,31,10
a0c02f3364603f41859965c27fd3de91,hindi,real,real,Bihari Folk Geet.mp3,32,10
e9947e14366b7a66f307dcd1f7486f7c,hindi,real,real,Awadhi Geet.mp3,0,10
b54b8239ae1a51be367eac9d5ebdd4f6,hindi,real,real,Awadhi Geet.mp3,1,10
40b5c8b047e9b4bb03e4589e76b0d7e8,hindi,real,real,Awadhi Geet.mp3,2,10
7a1fbb22baf74e8a43ecdf692a877a25,hindi,real,real,Awadhi Geet.mp3,3,10
ee17e708e6ef7cac860174e0c5f8529b,hindi,real,real,Awadhi Geet.mp3,4,10
956c2791f6d5ea5637277e37c5b965b8,hindi,real,real,Awadhi Geet.mp3,5,10
b58a5631979e021990cde07e093f25d8,hindi,real,real,Awadhi Geet.mp3,6,10
10e811deabd9c6ccb779b55059ef4c67,hindi,real,real,Awadhi Geet.mp3,7,10
c1f5cb558cf4f529c9cd98ce449ebf3c,hindi,real,real,Awadhi Geet.mp3,8,10
f7365f608d21a5c5e5edfe0369b7540d,hindi,real,real,Awadhi Geet.mp3,9,10
253954ff3a01a991d724721a08a10489,hindi,real,real,Awadhi Geet.mp3,10,10
01d54bf58b3a9c89ea72ab8252bb0f17,hindi,real,real,Awadhi Geet.mp3,11,10
00de9d1290b154ace8f018d3104eaeb5,hindi,real,real,Awadhi Geet.mp3,12,10
350cba2fb0a807c460e6256141ae06a4,hindi,real,real,Awadhi Geet.mp3,13,10
9fc684925be2a26e95c41cfb7e7c114b,hindi,real,real,Awadhi Geet.mp3,14,10
701592bb4a715e8c90e11fa00271602d,hindi,real,real,Awadhi Geet.mp3,15,10
f4d3c33ebe30e024f6c1cbeae3a52cd3,hindi,real,real,Awadhi Geet.mp3,16,10
9fb17da6efdfd1e60f96906da317dcaf,hindi,real,real,Awadhi Geet.mp3,17,10
b596a09d7220639ff22302de6a3b3ee1,hindi,real,real,Awadhi Geet.mp3,18,10
7b624aac5704fe37772162d15ed607a2,hindi,real,real,Awadhi Geet.mp3,19,10
052a4c9454f6be14cb94dbf3edfa04b3,hindi,real,real,Awadhi Geet.mp3,20,10
0c53713850858baee5ee23ae64714a53,hindi,real,real,Awadhi Geet.mp3,21,10
21d3e87f6131cd97ac20b3664461361d,hindi,real,real,Braj Bhasha Geet.mp3,0,10
ae72128e02bc2ac6c4448fbf88541218,hindi,real,real,Braj Bhasha Geet.mp3,1,10
ca7d77e63f49d2b58f489945a004b20d,hindi,real,real,Braj Bhasha Geet.mp3,2,10
00ea16538cb8e055983c1103aed92941,hindi,real,real,Braj Bhasha Geet.mp3,3,10
dc9ccfa7fc30d8af391b14b36267cf56,hindi,real,real,Braj Bhasha Geet.mp3,4,10
2436278ba23975afd6cd53454c3ee4c3,hindi,real,real,Braj Bhasha Geet.mp3,5,10
6528aba722cda7b72e05b8749f90cf06,hindi,real,real,Braj Bhasha Geet.mp3,6,10
11196b28c48baf1add7c551a4da295d6,hindi,real,real,Braj Bhasha Geet.mp3,7,10
9266545aa56554d1e1e55e101e8d3b83,hindi,real,real,Braj Bhasha Geet.mp3,8,10
e79f04ddf1ade301337ecf7f4081b234,hindi,real,real,Braj Bhasha Geet.mp3,9,10
7cbc830d2f58289cde5c58cf495e4807,hindi,real,real,Braj Bhasha Geet.mp3,10,10
5fa3c08c1c470b80518f24c7ea97a6d4,hindi,real,real,Braj Bhasha Geet.mp3,11,10
c846d951d6aa2a2938cc55956c22c62c,hindi,real,real,Braj Bhasha Geet.mp3,12,10
1b3338aa37baee0f8325ad1d51cddf6b,hindi,real,real,Braj Bhasha Geet.mp3,13,10
345340231bf591c6b8f074882a6b2e8c,hindi,real,real,Braj Bhasha Geet.mp3,14,10
1e9f50a533d4dd3801ff98cb6b7082ce,hindi,real,real,Braj Bhasha Geet.mp3,15,10
bf61dc7c45735c9fc325f8392027b2dd,hindi,real,real,Braj Bhasha Geet.mp3,16,10
8c49af46603fd7d244a6247ffc6faeb8,hindi,real,real,Braj Bhasha Geet.mp3,17,10
d52e62d2042449a07c3cf7e9cd4c7c56,hindi,real,real,Braj Bhasha Geet.mp3,18,10
5586369000f9a77d7391f8a9ab50841b,hindi,real,real,Braj Bhasha Geet.mp3,19,10
3500d00a812441d009c88494d7ee3085,hindi,real,real,Braj Bhasha Geet.mp3,20,10
d2b209df118a0de4e3065512e8bcfca0,hindi,real,real,Braj Bhasha Geet.mp3,21,10
aa75028871de9f8a56bdc703a7887034,hindi,real,real,Braj Bhasha Geet.mp3,22,10
9c1a27cda3a4111db15ce5c9f604ac69,hindi,real,real,Braj Bhasha Geet.mp3,23,10
8baed2a61d9cd09a0ec8026756da6b01,hindi,real,real,Braj Bhasha Geet.mp3,24,10
a43213f02232b38ba315efc99515644d,hindi,real,real,Braj Bhasha Geet.mp3,25,10
a430ae5d5c05f4373d21b1bdb2ab3e24,hindi,real,real,Braj Bhasha Geet.mp3,26,10
ba86b6c81efaca8328eb702943db2fce,hindi,real,real,Braj Bhasha Geet.mp3,27,10
a085350f5e198e2edc6bd624b1f1ccf3,hindi,real,real,Braj Bhasha Geet.mp3,28,10
ad8b0b7815b3b3f7c6b2665361f370bf,hindi,real,real,Braj Bhasha Geet.mp3,29,10
ff029640abd4e1904871a49cbe0192ff,hindi,real,real,Braj Bhasha Geet.mp3,30,10
3da4077c60b63328681abc9774a2a2a2,hindi,real,real,Braj Bhasha Geet.mp3,31,10
b4e0a5a2fa968b9bc287625dfa6dc081,hindi,real,real,Braj Bhasha Geet.mp3,32,10
a28f6419011d361f61cb4be3afd0f9ba,hindi,real,real,Braj Bhasha Geet.mp3,33,10
92ecef2d00cb684b7b55d90c21624361,hindi,real,real,Braj Bhasha Geet.mp3,34,10
1fb7670a7314d5440fc9c259af547bb1,hindi,real,real,Braj Bhasha Geet.mp3,35,10
3abb83bf9618a722a5e8ca8b4536df84,hindi,real,real,Braj Bhasha Geet.mp3,36,10
470562675c6ba9f208e8d851e4942813,hindi,real,real,Braj Bhasha Geet.mp3,37,10
c7f1d5335845ac33e8427ec7f6318160,hindi,real,real,Braj Bhasha Geet.mp3,38,10
9eb5e131dd923ad01658b65733c0b3f1,hindi,real,real,Haryanvi Geet.mp3,0,10
024358e040b7b1da594b9d7c5d7af8ae,hindi,real,real,Haryanvi Geet.mp3,1,10
c8a9dc316086a4b3c2491e059efa0ab3,hindi,real,real,Haryanvi Geet.mp3,2,10
1ce0747448c7e79f18b97958eace29fd,hindi,real,real,Haryanvi Geet.mp3,3,10
8c99f0677c843e1a889730afc1e57186,hindi,real,real,Haryanvi Geet.mp3,4,10
bba755fe8aba1815c24662be1935628b,hindi,real,real,Haryanvi Geet.mp3,5,10
0a209b5877921210fe2d853c1a91c0c8,hindi,real,real,Haryanvi Geet.mp3,6,10
4c533615535169bf3630bc50c7c99d78,hindi,real,real,Haryanvi Geet.mp3,7,10
67e239290cd8d02dd78586d498810c91,hindi,real,real,Haryanvi Geet.mp3,8,10
16f423e1cb2e1c98893bb34d709889f0,hindi,real,real,Haryanvi Geet.mp3,9,10
b1d573c71d10ec166cb27cfc27d0a4a6,hindi,real,real,Haryanvi Geet.mp3,10,10
4225c6f67f12c627b6fb3e832c385d5c,hindi,real,real,Haryanvi Geet.mp3,11,10
9b9bc8621e46d30b235e40ff668d5179,hindi,real,real,Haryanvi Geet.mp3,12,10
906fa87835a7668eb4cca3756f78f0de,hindi,real,real,Haryanvi Geet.mp3,13,10
f9664659e336ef165347aa8d990ba275,hindi,real,real,Haryanvi Geet.mp3,14,10
2f069e20f0c08770de49697dc68421f7,hindi,real,real,Haryanvi Geet.mp3,15,10
7f5208a1d2761dc4c711ab40d22dec93,hindi,real,real,Haryanvi Geet.mp3,16,10
33c9e469be1049f24c65f9df2cf9dcb4,hindi,real,real,Haryanvi Geet.mp3,17,10
e42a39cd164483dbdd482cb3c4149f70,hindi,real,real,Kajri.mp3,0,10
2c46afd6952d7439e4166136d6d97879,hindi,real,real,Kajri.mp3,1,10
8ba1d8e8db56586fa5ddffafe3714ad0,hindi,real,real,Kajri.mp3,2,10
da69d4692761673a998cda471e55ac55,hindi,real,real,Kajri.mp3,3,10
5e71e85ce2951634ae91f9040b65cdf6,hindi,real,real,Kajri.mp3,4,10
25fc14cab360616b7358f472907cbb0b,hindi,real,real,Kajri.mp3,5,10
d7795faf5d058013991289564388f159,hindi,real,real,Kajri.mp3,6,10
9ace4e67ee9037579d395f69ed722dc1,hindi,real,real,Kajri.mp3,7,10
abc422fea28faf32db3d615580f17faf,hindi,real,real,Kajri.mp3,8,10
a6a242dc50763d980b91ba36bc32a143,hindi,real,real,Kajri.mp3,9,10
15d5aa228b7112c19b0480ea6fe2c67d,hindi,real,real,Kajri.mp3,10,10
22a7accd6cf9d1cb5f66a3c0119447a6,hindi,real,real,Kajri.mp3,11,10
3d3b0684fb6fcf4f507869f70c964135,hindi,real,real,Kajri.mp3,12,10
9e04fbdd0a7d37fbca59fa05863be054,hindi,real,real,Kajri.mp3,13,10
35df70cc89179748acfaf8ac3dc962c3,hindi,real,real,Kajri.mp3,14,10
49e0a845bd62300ea7b33c18c58f1e26,hindi,real,real,Kajri.mp3,15,10
c32574bdb8980ffe3ba3bd626586eb2b,hindi,real,real,Kajri.mp3,16,10
9a3cc9eaec4d24e1909cbc2f83dd20c1,hindi,real,real,Kajri.mp3,17,10
11731f787b268233ebf8b8e7531ea83c,hindi,real,real,Kajri.mp3,18,10
6dc6764a1dfc248c9d27a3adbe5c0b96,hindi,real,real,Kajri.mp3,19,10
15a07ff0000485cc194773da2a977782,hindi,real,real,Kajri.mp3,20,10
f8ce0d9d65aed8a283e3508e0d68248d,hindi,real,real,Kajri.mp3,21,10
34c9594af178f8375751915993299248,hindi,real,real,Kajri.mp3,22,10
414092a87de3d4c676ba215b4d95a088,hindi,real,real,Kajri.mp3,23,10
7de23ba15e1b0aadfc24b4a15dcf549a,hindi,real,real,Kajri.mp3,24,10
612d3c8085e6b5c61afdfbc1f331eaa0,hindi,real,real,Kajri.mp3,25,10
fa6ba364c7e644cf80904c352f30c96d,hindi,real,real,Kajri.mp3,26,10
2ac55fb9c87b29d19c55ef667f64eea0,hindi,real,real,Kajri.mp3,27,10
151a423a2a8ba79e582cf927d31c3eb9,hindi,real,real,Kajri.mp3,28,10
a0c0dab04b8f34436c5b4e27eb18ebaf,hindi,real,real,Kajri.mp3,29,10
2e7293d32e646bf1bffb802426907c8a,hindi,real,real,Kajri.mp3,30,10
75213b90a11fed010599a5ffa1bf17dc,hindi,real,real,Kajri.mp3,31,10
f5c43b36275713ce30256a1a99b00a9e,hindi,real,real,Kajri.mp3,32,10
ed4228e354471aefae2000ad237aa71c,hindi,real,real,Kajri.mp3,33,10
99e721f14ec2555cffc8f99a9d1da9c3,hindi,real,real,Kajri.mp3,34,10
fcd48b34a2be1baf585d36da2f338fa7,hindi,real,real,Kajri.mp3,35,10
9d631beaaf94836b6d0a2cbd080be091,hindi,real,real,Kajri.mp3,36,10
6b735ff80ee8c772017337a98c884d5c,hindi,real,real,Kajri.mp3,37,10
546e3853c57b096ebce11f7274112118,hindi,real,real,Kajri.mp3,38,10
738bf10e625b2cdca1ffb48533aaf4f0,hindi,real,real,Kajri.mp3,39,10
b19fef471cfbbf584fcbb3dc189c6e9e,hindi,real,real,Kajri.mp3,40,10
8a90e4a1f3df74f859fa567e47f3e8b3,hindi,real,real,Kajri.mp3,41,10
0fbe54c1f1029c48023b965b8e3d7dc1,hindi,real,real,Kajri.mp3,42,10
559ed905d6dcf63d5578dde1da83fc40,hindi,real,real,Kajri.mp3,43,10
ecef8251bf3155b155bb7cf9e68327c0,hindi,real,real,Kajri.mp3,44,10
ce3b78c624c5f10b54f474c46f6c1285,hindi,real,real,Kajri.mp3,45,10
c2c606ebc349dce8111c28cce896db07,hindi,real,real,Kajri.mp3,46,10
773f84eab5f3086d206f54d45b69d4b2,hindi,real,real,Kajri.mp3,47,10
c8e4861510d14643f07f12a38fc237de,hindi,real,real,Kajri.mp3,48,10
169f25576df02cea529178d896074150,hindi,real,real,Kajri.mp3,49,10
5647d8e4059c88756ea910a6e23e6e42,hindi,real,real,Kajri.mp3,50,10
5dc5371aeab3bbd17961e221462fc662,hindi,real,real,Kajri.mp3,51,10
194ef175c9da750a6c0f415f219a259a,hindi,real,real,Kajri.mp3,52,10
09d7e3aea25d0e17d34413ba42b23d53,hindi,real,real,Kajri.mp3,53,10
51367ecd5a65606df749a11a091263a9,hindi,real,real,Kajri.mp3,54,10
8588c7fda9f6e490886861fa4f16241c,hindi,real,real,Kajri.mp3,55,10
bdbd585633a558a5456107ec2ace28e8,hindi,real,real,Kajri.mp3,56,10
fe8cdf38690ca28214a61b0dd592d2ed,hindi,real,real,Kajri.mp3,57,10
7bbc0da908ea892460eb88f6325e6716,hindi,real,real,Kajri.mp3,58,10
247ff98d1b9d585b34f272f1b8f6fd78,hindi,real,real,Kajri.mp3,59,10
f2a23b992fcb302d4e379ed8d6be0128,hindi,real,real,Kajri.mp3,60,10
d8ae637491edfaa078c5817507aea132,hindi,real,real,Kajri.mp3,61,10
815e131ddf0de31714628f7b02f6fcd8,hindi,real,real,Kajri.mp3,62,10
2917832613ccf109e84611024d6d88f7,hindi,real,real,Kajri.mp3,63,10
412915a5685ead40731cda2c3f156a7e,hindi,real,real,Kajri.mp3,64,10
b649f52fd8a3422e270a7f12687cbc43,hindi,real,real,Kajri.mp3,65,10
2aadbc3c0cc3a554d2974e9dee6902f3,hindi,real,real,Kajri.mp3,66,10
eb569dbff44a24c91d88eb50a4a01731,hindi,real,real,Kajri.mp3,67,10
a4e207ae2feaf9d5769231c41745a69f,hindi,real,real,Kajri.mp3,68,10
93947eca8fba00aafc8f5b49a9953201,hindi,real,real,Kajri.mp3,69,10
b6ec3fd91fbd8ebb62b2989af6f1b9a4,hindi,real,real,Kajri.mp3,70,10
bf4bea9795fbcf22b66063514c3b055b,hindi,real,real,Kajri.mp3,71,10
d12edbd8dcae4199726f36331a21983a,hindi,real,real,Kajri.mp3,72,10
5cd6b3d6ad79d29693ac732de8099457,hindi,real,real,Kajri.mp3,73,10
7130f5d869411fc4fc8e3d7fe90b4b7f,hindi,real,real,Kajri.mp3,74,10
0b358f178dd0aecb4ef32b09e5e119a1,hindi,real,real,Kajri.mp3,75,10
1f3ba5d85c77108fce5e8005e980de3c,hindi,real,real,Kajri.mp3,76,10
cd280b077d1c557c0b03d438d05f0402,hindi,real,real,Kajri.mp3,77,10
e5d7861b7fad7120705939bea732c56d,hindi,real,real,Kajri.mp3,78,10
0dec7186c2bbb23f9bc503a580dd92af,hindi,real,real,Kajri.mp3,79,10
da6bf2f697ad379d783df677fd863858,hindi,real,real,Kajri.mp3,80,10
87770136556bcb84243bb943f19b0aa8,hindi,real,real,Kajri.mp3,81,10
7d7b51ec0c0f9ad15a83343c77989bd5,hindi,real,real,Kajri.mp3,82,10
db2787d92ad479f4b0b62408e436ad61,hindi,real,real,Kajri.mp3,83,10
b87e0c7e77bd9fcf07b2e64a565604cb,hindi,real,real,Kajri.mp3,84,10
5e6e3bf3dd2c27daaeb27ecdd7af6394,hindi,real,real,Kajri.mp3,85,10
b81e10c9114af6d6f8baa7749470930c,hindi,real,real,Kajri.mp3,86,10
833a943eb939130fba8b42f7c96d7a65,hindi,real,real,Kajri.mp3,87,10
25617dcafc4e0e1f32a3c30964afbca9,hindi,real,real,Kajri.mp3,88,10
2fde1b75d00592cf2d18f7630a413bb8,hindi,real,real,Kajri.mp3,89,10
85ab3654a6f8462110ce5f68099b1d08,hindi,real,real,Kajri.mp3,90,10
387eb05cfd40c583dab0428f36213569,hindi,real,real,Kajri.mp3,91,10
406943442bdb679ef1d93222986571ea,hindi,real,real,Kajri.mp3,92,10
cb812d56621848ee1d46cd73c293e365,hindi,real,real,Kajri.mp3,93,10
92cf7e50776f4e9ec1e4fb6f2b5be446,hindi,real,real,Kajri.mp3,94,10
ab43d296e5f64e37f22fd815d280bc4f,hindi,real,real,Kajri.mp3,95,10
c2f7b74515f1ca58ada68bac9b5425d5,hindi,real,real,Kajri.mp3,96,10
4691f00ebb528be3a893b1a47f2c847c,hindi,real,real,Kajri.mp3,97,10
963bbb7a714b33dc7be75bba30eda75b,hindi,real,real,Kajri.mp3,98,10
1f56f4f6c0e1cd29990536ac13314eba,hindi,real,real,Kajri.mp3,99,10
897f72629fb6d8f8ceeef232b747cd7f,hindi,real,real,Kajri.mp3,100,10
09cd0d059cace33f7acd6ce9d9f6ffc6,hindi,real,real,Kajri.mp3,101,10
5a32b53961fdabae121f197d170ccbe6,hindi,real,real,Kajri.mp3,102,10
eb1c4c4203fe17c34f0db073d4dddcd4,hindi,real,real,Kajri.mp3,103,10
1a119ac3bb2c7f76c659defabac0017f,hindi,real,real,Kajri.mp3,104,10
87216563f4ff85e4d8dd450d663fc42b,hindi,real,real,Kajri.mp3,105,10
00a0b310c4b7a7719bc6dd132ea0c861,hindi,real,real,Kajri.mp3,106,10
8195d23e4b152cad5324317d825f1230,hindi,real,real,Kajri.mp3,107,10
de925ab6f1c2b7484c577fe3c15178a4,hindi,real,real,Kajri.mp3,108,10
da8d64f029f4b68596abdb960a9261b1,hindi,real,real,Kajri.mp3,109,10
a1e494e7f3a064600d9a3689a134834a,hindi,real,real,Kajri.mp3,110,10
00f84fc1557bcd5822dc3559ee2425ec,hindi,real,real,Kajri.mp3,111,10
8485da3fc86020794dd3668a22777b4e,hindi,real,real,Kajri.mp3,112,10
2d77866af4517debd85f13f4f4a5d2d8,hindi,real,real,Kajri.mp3,113,10
c50a53428797f7219d22721bc71210c5,hindi,real,real,Kajri.mp3,114,10
1cfe011a55eb818fa34142ff2b06d230,hindi,real,real,Kajri.mp3,115,10
216bf3a4bec2f196d324a8cfb5828ecb,hindi,real,real,Kajri.mp3,116,10
7cd0240f01a4dd7f0f174d90b231907b,hindi,real,real,Kajri.mp3,117,10
cd65ae02686fb11a294012a11db9518f,hindi,real,real,Kajri.mp3,118,10
32221ca402bc2a94f27775dfdece5bce,hindi,real,real,Kajri.mp3,119,10
c2355998b3c92b2738f331e0913cd9f6,hindi,real,real,Kajri.mp3,120,10
3c174e228c7d504d97aac9da9ae2d5fe,hindi,real,real,Kajri.mp3,121,10
3eafe26c17ab458cffcb171d2b8bdb4b,hindi,real,real,Kajri.mp3,122,10
274518fdec845e8d788bba74244b9389,hindi,real,real,Kajri.mp3,123,10
e32a4d2a96ba90d05ca192f1845b37b8,hindi,real,real,Kajri.mp3,124,10
75ab7a0f762382b8538e90eb690b3299,hindi,real,real,Kajri.mp3,125,10
85869cb2ac1c50f355e5e0aec9f3e7c2,hindi,real,real,Kajri.mp3,126,10
dd8e852ab0621c1b9974c2a9162520e4,hindi,real,real,Kajri.mp3,127,10
a9e6d4dec6e839fb5cdfaf940d073045,hindi,real,real,Kajri.mp3,128,10
4ab1769b80bcd5f90b807f07e408f7f4,hindi,real,real,Kajri.mp3,129,10
91d6320bcf40d036ed80b1215ff44898,hindi,real,real,Kajri.mp3,130,10
0b14a74cd73ffaaa93fa9f757bf94538,hindi,real,real,Kajri.mp3,131,10
a5b0c82ff1c9e6a60e0fbe554ec08bc8,hindi,real,real,Kajri.mp3,132,10
ebcdad597b3c78bffc27d72eca6daf81,hindi,real,real,Kajri.mp3,133,10
86cde4c085e5d397bbbc18e9e8ce86af,hindi,real,real,Kajri.mp3,134,10
1c8cbc54203acce3de66acb76b4cc5a2,hindi,real,real,Kajri.mp3,135,10
54f062cee03c68b74ee264924c22d0ba,hindi,real,real,Kajri.mp3,136,10
706342e71ca2f16d1055530e797e53a4,hindi,real,real,Kajri.mp3,137,10
04ec8a88f9ae6352a15ff62551e30817,hindi,real,real,Kajri.mp3,138,10
57edbbdeb91a12a8b4660248344f0e03,hindi,real,real,Kajri.mp3,139,10
675c1469931eda66a0bb2c6301005c11,hindi,real,real,Kajri.mp3,140,10
962e07b740a14351f5a4c51f73ae57cb,hindi,real,real,Kajri.mp3,141,10
13a40e6255e9ba6e5180dc1e959a58bc,hindi,real,real,Kajri.mp3,142,10
2fffff741dc2dd9beaa436b7181183c5,hindi,real,real,Kajri.mp3,143,10
7d2ce0881d2e8662e90813eade49360a,hindi,real,real,Kajri.mp3,144,10
d5148ea97139b8c4ca29b6d023bbf3c9,hindi,real,real,Kajri.mp3,145,10
9057802681047a84c2c67e2285ce3521,hindi,real,real,Kajri.mp3,146,10
d013d271f5ea8e835af90d6e78df8d6b,hindi,real,real,Kajri.mp3,147,10
98f372c2f987b4d87218f61662e81c3b,hindi,real,real,Kajri.mp3,148,10
183cb612a6f98e61d9f8b1af00fc5b12,hindi,real,real,Kajri.mp3,149,10
16a39ba93e2e6dad09b363e116a3788b,hindi,real,real,Kajri.mp3,150,10
b5551d2a69d03575d655e4f3ce6adcb8,hindi,real,real,Kajri.mp3,151,10
9274fa3b7e9c6ab6822d5ad53305e7a7,hindi,real,real,Kajri.mp3,152,10
3a5b924035eaa3d31ef1bdc8b5d30ebf,hindi,real,real,Kajri.mp3,153,10
3ab55a74822b24b97e854c814e851709,hindi,real,real,Kajri.mp3,154,10
374089feaaf2b116a7748f3933c30064,hindi,real,real,Kajri.mp3,155,10
43a7edd134fb0faf4128cb8ccd153286,hindi,real,real,Kajri.mp3,156,10
e0bba159b734b706d2adc193e0556eef,hindi,real,real,Kajri.mp3,157,10
7cddf01589b4b6aaf37791fc7be8dae9,hindi,real,real,Kajri.mp3,158,10
5544225d5b5a57a83cf6fdece79e46cb,hindi,real,real,Kajri.mp3,159,10
3d455b21145ff7bccd13e92399a4025a,hindi,real,real,Kajri.mp3,160,10
628759a415a40303cbd888f2e89d78d0,hindi,real,real,Kajri.mp3,161,10
8625c5383988f4dd9b10d667d93f01eb,hindi,real,real,Kajri.mp3,162,10
a374358b8c032c02fc290c22b597ca8e,hindi,real,real,Kajri.mp3,163,10
690176b42934ef11fb9ad50db87d09e0,hindi,real,real,Kajri.mp3,164,10
0f7d785b8744f078ba0361bf0d358698,hindi,real,real,Kajri.mp3,165,10
ab5f9b99132ac266c00fee979024e015,hindi,real,real,Kajri.mp3,166,10
a15887fc1e3ed6f068826d38bcf6eb27,hindi,real,real,Kajri.mp3,167,10
31fd14be126958883db3fc6ab84de64c,hindi,real,real,Kajri.mp3,168,10
314c1bc8d0e0cecca9e6e6504a6acdb6,hindi,real,real,Kajri.mp3,169,10
93f32f6dc40d8ada16406252bedf9297,hindi,real,real,Kajri.mp3,170,10
c48c300b06c86184d7304eb67ff43f7f,hindi,real,real,Kajri.mp3,171,10
b36aacf765f699b4457b9630a7d629b1,hindi,real,real,Kajri.mp3,172,10
9f4c77914e425b177e54166f5ce47a0a,hindi,real,real,Kajri.mp3,173,10
75f7c8458a8c7508ed9c72b8dd83904c,hindi,real,real,Kajri.mp3,174,10
4358dbe2f66dc5c889c5f4848e61b94f,hindi,real,real,Kajri.mp3,175,10
af52ace11145e42ba1125308f29e268c,hindi,real,real,Kajri.mp3,176,10
9da800e7dff55e77b131e2fe21333ce9,hindi,real,real,Kajri.mp3,177,10
0118f0b707031bc0176c097166f4eccd,hindi,real,real,Kajri.mp3,178,10
ff6576dfdd2417fe4992320cd1ddce21,hindi,real,real,Kajri.mp3,179,10
20f77a314f23677bc7cf0d4c63deb37b,hindi,real,real,Kajri.mp3,180,10
92d572e2a6d63b2cdcb7239188396111,hindi,real,real,Kajri.mp3,181,10
a440c115d24774ec7e22103df6cc5cd9,hindi,real,real,Kajri.mp3,182,10
ccce82794d178930b048910a18a241e1,hindi,real,real,Kajri.mp3,183,10
b36e9a9c67f8345aabfc35c00268e607,hindi,real,real,Kajri.mp3,184,10
a13b2168db49ab036189a4a0dc27a621,hindi,real,real,Kajri.mp3,185,10
077f2e48fb2763728ea7dc3782326b23,hindi,real,real,Kajri.mp3,186,10
58e966f74b5e9adc7c8358eca439964a,hindi,real,real,Kajri.mp3,187,10
64d6a3592d2c11786c42b690c1867501,hindi,real,real,Kajri.mp3,188,10
9dc3493f179bad7e148b3f7df88a08a9,hindi,real,real,Kajri.mp3,189,10
052a98bea9fe8562af1b27728628c783,hindi,real,real,Kajri.mp3,190,10
760f067e65ddd7793073216b90211c89,hindi,real,real,Kajri.mp3,191,10
d56181d2dbf3d14fbb861b76a9259cd7,hindi,real,real,Kajri.mp3,192,10
248ee1b58045b9ccf073e3557093fcf9,hindi,real,real,Kajri.mp3,193,10
105c29f949462e20e77ce2500400995c,hindi,real,real,Kajri.mp3,194,10
98ba07f55da117a86fa97b4d2be174e9,hindi,real,real,Kajri.mp3,195,10
7bb3839e13b41e56ca9be96c50ca0912,hindi,real,real,Kajri.mp3,196,10
aa2d8bd3271018f73bba6a50bcaf5e95,hindi,real,real,Kajri.mp3,197,10
78b99cc0f67e41900e385f122b3181b7,hindi,real,real,Kajri.mp3,198,10
d9d4e54ed9c13ef7aa87a36af69f1180,hindi,real,real,Kajri.mp3,199,10
7f498e16c852dc71faa72c0c2bcc5fe4,hindi,real,real,Kajri.mp3,200,10
516f1a370527405b93df949dda4135a0,hindi,real,real,Kajri.mp3,201,10
d93cefcb56738365e81776b4934de976,hindi,real,real,Kajri.mp3,202,10
d7cfefbee0a481687f1389b32be6eb9f,hindi,real,real,Kajri.mp3,203,10
a9c36143a663ca33a8fbea22c78f8e9a,hindi,real,real,Kajri.mp3,204,10
a33a0bb0e22f38d446e0174fe79b2165,hindi,real,real,Kajri.mp3,205,10
356f8018e4295afa3f624f077d1b8110,hindi,real,real,Kajri.mp3,206,10
b47ab724728e978c75794aa5b05871bc,hindi,real,real,Kajri.mp3,207,10
2ecd0431dd22c3d025cae840315826d3,hindi,real,real,Kajri.mp3,208,10
d372a04f9a5a7d5629e4d491b6b96a10,hindi,real,real,Kajri.mp3,209,10
cec4f2985d7517b5d782e6bd1bcbcfc0,hindi,real,real,Kajri.mp3,210,10
9eb395df6842e78654e39b7dde0c5473,hindi,real,real,Kajri.mp3,211,10
a46c20a7df0f0eb05d4697dad10c1e5f,hindi,real,real,Kajri.mp3,212,10
7b97d40ff3db8f28e4df04e6dcb052d3,hindi,real,real,Kajri.mp3,213,10
2c8430bd288ba7172beffb6e3e9b394b,hindi,real,real,Kajri.mp3,214,10
9b0daedc19e6fdc97b888c4a4f31d4df,hindi,real,real,Kajri.mp3,215,10
28cd95b7b9c3664c26bf46c3c1539151,hindi,real,real,Kajri.mp3,216,10
8291645d2012e05b625ef3b12739edc8,hindi,real,real,Kajri.mp3,217,10
fddd267e36ad4eb001222cea6f194155,hindi,real,real,Kajri.mp3,218,10
4957f7b3794008353d855954f54291de,hindi,real,real,Kajri.mp3,219,10
bf5f20af0e1c52ebbfbe71c9c5ed8772,hindi,real,real,Kajri.mp3,220,10
170bcfcc34773df847b4ddc953663cbe,hindi,real,real,Kajri.mp3,221,10
62d9803aa0589e107cdd3c8e98657d55,hindi,real,real,Kajri.mp3,222,10
fb8dbb190f1ff260e7e91ad94c8603e0,hindi,real,real,Kajri.mp3,223,10
d4bb328ffe1bb54a5f39eaa6bc28cff8,hindi,real,real,Kajri.mp3,224,10
1cba62f2abd12b6a471a5197917896fa,hindi,real,real,Kajri.mp3,225,10
091552189d7181ba0df0c19b4963587e,hindi,real,real,Kajri.mp3,226,10
88f611f555af7cdfd16e0d95ab417893,hindi,real,real,Kajri.mp3,227,10
e0233909774088cc17a371261f6d9d6b,hindi,real,real,Kajri.mp3,228,10
2a8acdcfdd7856ebf3c8d72a129ff19c,hindi,real,real,Kajri.mp3,229,10
9f506b113c70892b81dd81ade2dd3b37,hindi,real,real,Kajri.mp3,230,10
6f37d529c38c3bbabd316d0a9d73be97,hindi,real,real,Kajri.mp3,231,10
16f7f53c1c181e60da81b66c0fddcc80,hindi,real,real,Kajri.mp3,232,10
d1901de439c650cac4010ec78f604edb,hindi,real,real,Kajri.mp3,233,10
336f3d734e97f572e447e643aeb31fc1,hindi,real,real,Kajri.mp3,234,10
e1f1f0e24aac3545911425e1447af23c,hindi,real,real,Kajri.mp3,235,10
4da4ec7901784aa35b5ae05189b80ba0,hindi,real,real,Kajri.mp3,236,10
14b4a0298bd0bdabe8d44bd8e805d62d,hindi,real,real,Kajri.mp3,237,10
a3172a96bf94d9a62603262870f19e66,hindi,real,real,Kajri.mp3,238,10
ad60253d353ce7cb0b01cc6fafecb6f5,hindi,real,real,Kajri.mp3,239,10
6ba28aa582cc980b007cfccda7adbd82,hindi,real,real,Kajri.mp3,240,10
c0481ed82e2d6fb5f480e74ce6818aed,hindi,real,real,Kajri.mp3,241,10
085094eabf3540d58130d83b4ba4dfbe,hindi,real,real,Kajri.mp3,242,10
c595bef8e58f0c31ceddb806ab85c14e,hindi,real,real,Kajri.mp3,243,10
49d69e5f1a90128e305ace4f7eb236ba,hindi,real,real,Kajri.mp3,244,10
d9a9fbfc973af57d15f49828dae9b8d0,hindi,real,real,Kajri.mp3,245,10
4cc52f1720a7b180dae48d0debd4d221,hindi,real,real,Kajri.mp3,246,10
ffb1ef65948e8433e3431067dce97f40,hindi,real,real,Kajri.mp3,247,10
4528ba1ece62d6502e695d0145ae8467,hindi,real,real,Kajri.mp3,248,10
5efee356cfc4673a082bf3a4004e49cc,hindi,real,real,Kajri.mp3,249,10
27b76fe249dfb8fd841a57a74d2ef31f,hindi,real,real,Kajri.mp3,250,10
5cec028e595783700af57de32a93cdfa,hindi,real,real,Kajri.mp3,251,10
4421a35ca6fe4980a71f7c1584ea5536,hindi,real,real,Kajri.mp3,252,10
c9a123638f7cb7593a30ce3b5095fa1a,hindi,real,real,Kajri.mp3,253,10
8f24966c79dae3b3d507bb8b7f5b6572,hindi,real,real,Kajri.mp3,254,10
f1423363a81d4f913bc22e9a0bc1235c,hindi,real,real,Kajri.mp3,255,10
70e03ebd6ef4dd7bb2b41e6c5aebdc1a,hindi,real,real,Kajri.mp3,256,10
fb99892ad8727538b6ac187819eae38e,hindi,real,real,Kajri.mp3,257,10
7f32017af61ea853caf8da6f5321bf2d,hindi,real,real,Kajri.mp3,258,10
596a22d9655b920fa7590e05b2d4757b,hindi,real,real,Kajri.mp3,259,10
36cbed8f461b4a25c76ae6965d06dcd7,hindi,real,real,Kajri.mp3,260,10
437e62d48437d1727d1c66128acf5cd1,hindi,real,real,Kajri.mp3,261,10
3b5a0b875878f914861e06f54616f902,hindi,real,real,Kajri.mp3,262,10
fe0e3d8dc673c9fc341e1650952975ca,hindi,real,real,Kajri.mp3,263,10
08b925889ead0e6c09a61a416fa2b85c,hindi,real,real,Kajri.mp3,264,10
eefe4afd29784baeff269f4720e7b586,hindi,real,real,Kajri.mp3,265,10
3a0fc7b846f88185d6c377a45d9f81a6,hindi,real,real,Kajri.mp3,266,10
95b0c91ef2b97b28478e3fd2c92b8446,hindi,real,real,Kajri.mp3,267,10
b39af402d223e436d9d36454bad0bc0e,hindi,real,real,Kajri.mp3,268,10
60d79f892bd08668764b2d41dabcebb8,hindi,real,real,Kajri.mp3,269,10
2e53b7b21ae93b8db9f864d9a89abed5,hindi,real,real,Kajri.mp3,270,10
2aac8225ab07958d4b217c9e4d920ca2,hindi,real,real,Kajri.mp3,271,10
59706696126909ea832a370933331760,hindi,real,real,Kajri.mp3,272,10
470ba7d7d6005b9dbedaddfea3d9ab82,hindi,real,real,Kajri.mp3,273,10
b6d169bdb6d88a33805b0071f736a61c,hindi,real,real,Kajri.mp3,274,10
5d2e8c37cdea63ac0f401c7e04c79e21,hindi,real,real,Kajri.mp3,275,10
8da01967b51fa28be164a45a17fc43ce,hindi,real,real,Kajri.mp3,276,10
6348bd0352e9603cf2c58e850ff4b3a5,hindi,real,real,Kajri.mp3,277,10
f8941f65d2384a76708d587122064512,hindi,real,real,Kajri.mp3,278,10
7711557cf211b8af421e95a7f479b183,hindi,real,real,Kajri.mp3,279,10
2dcc86f704468a5c57fa4d37a695cae0,hindi,real,real,Kajri.mp3,280,10
1f587257d4c9d31fbd4c0ab8eb14c2fc,hindi,real,real,Kajri.mp3,281,10
197c2e4a59dba65d124c1950fe6134d1,hindi,real,real,Kajri.mp3,282,10
f6f8acf8c086f1cecf196e158202cbc3,hindi,real,real,Kajri.mp3,283,10
a843853baec1db4426b0625964a57c9e,hindi,real,real,Kajri.mp3,284,10
63e8f5937f7b266caf164042da531c25,hindi,real,real,Kajri.mp3,285,10
96605502a3ab564d0b045807dfd2b795,hindi,real,real,Kajri.mp3,286,10
84f1beaed2a6e60fc99ae9f3fa316dc4,hindi,real,real,Kajri.mp3,287,10
f54bff7cc1a03648c549412a2d98360b,hindi,real,real,Kajri.mp3,288,10
f29f2d659a6b81685f3540a67ec54ad3,hindi,real,real,Kajri.mp3,289,10
c90a039b64e466a9533148daf76841f5,hindi,real,real,Kajri.mp3,290,10
b3df3603013368f5cdc5bc9b567fcb19,hindi,real,real,Kajri.mp3,291,10
e1902d1045ba26c24734caa1839e3c71,hindi,real,real,Kajri.mp3,292,10
8790c9dbb35fe7032551563b2fa9fcb7,hindi,real,real,Kajri.mp3,293,10
3b6505f08a16a86b5146e2c918b6c5d5,hindi,real,real,Kajri.mp3,294,10
2914275ed15d1c5b0c7094ad006a5993,hindi,real,real,Kajri.mp3,295,10
fed3d28bf7afe1ad54707eddf4d98c8d,hindi,real,real,Kajri.mp3,296,10
b431a9afce05a5c2707d778f64582eb7,hindi,real,real,Kajri.mp3,297,10
704def00aad251eec06f04ee18895497,hindi,real,real,Kajri.mp3,298,10
4e8ac3e7593b53b1f9ebc32bf280125c,hindi,real,real,Kajri.mp3,299,10
699d2c44e542548b31631d61f6a480fe,hindi,real,real,Kajri.mp3,300,10
6089239b6177fc163c13147cf9c2b6ed,hindi,real,real,Kajri.mp3,301,10
eacbd6b80e45ef4f97387ab8800e6796,hindi,real,real,Kajri.mp3,302,10
fe1be5262acf6d4ff85599e2195671ea,hindi,real,real,Kajri.mp3,303,10
dad00c05432f52d1fbd261fbfea427eb,hindi,real,real,Kajri.mp3,304,10
78266ab83723d89db07786903d4e0e35,hindi,real,real,Kajri.mp3,305,10
83ca6d4be8d23536f6c2670167f73892,hindi,real,real,Kajri.mp3,306,10
eacb406ac07e444ba351099a5a1eec70,hindi,real,real,Kajri.mp3,307,10
f3dde5641c6ad46412db0e7cc554d476,hindi,real,real,Bhajan Folk Song.mp3,0,10
c0384ed4474bac989078c117ad58758a,hindi,real,real,Bhajan Folk Song.mp3,1,10
c5fdca815c213aad395c8ce906db7efb,hindi,real,real,Bhajan Folk Song.mp3,2,10
88167c8e43497307b4a1662ad337ab61,hindi,real,real,Bhajan Folk Song.mp3,3,10
20e7d4764687064edbae05d83958a547,hindi,real,real,Bhajan Folk Song.mp3,4,10
5ec122c8c2178c472ad2439d1210cc30,hindi,real,real,Bhajan Folk Song.mp3,5,10
af904c2e301c3b19d67dc03d9196be1d,hindi,real,real,Bhajan Folk Song.mp3,6,10
5a4d444d62cb29b5295bf915505b06d1,hindi,real,real,Bhajan Folk Song.mp3,7,10
0c4f5853ffbf46e22d77e57b16d048d3,hindi,real,real,Bhajan Folk Song.mp3,8,10
ccefad82fbe70586e7e5739d08912b3e,hindi,real,real,Bhajan Folk Song.mp3,9,10
6ce84c6799df900a5aa1205745422ff3,hindi,real,real,Bhajan Folk Song.mp3,10,10
334846e48cb5795e35914b1f408a9164,hindi,real,real,Bhajan Folk Song.mp3,11,10
2e8bbc372e01a860dd67c34970c3dd46,hindi,real,real,Bhajan Folk Song.mp3,12,10
3d76444cbf6c2d90ebecc5e95dacb2ef,hindi,real,real,Bhajan Folk Song.mp3,13,10
2af1bdf4bba2d7a955b2da485ce61816,hindi,real,real,Bhajan Folk Song.mp3,14,10
e5167a432776a904a570f532f7837dca,hindi,real,real,Bhajan Folk Song.mp3,15,10
b0b87ae35f6ba553cbcc5e15b9f71086,hindi,real,real,Bhajan Folk Song.mp3,16,10
f397b596421fee5f10b7c8a1e8379646,hindi,real,real,Bhajan Folk Song.mp3,17,10
001c0304ce3cbbd218e17a708bd66446,hindi,real,real,Bhajan Folk Song.mp3,18,10
9f412fbcdb01ce177d616b10242e0922,hindi,real,real,Bhajan Folk Song.mp3,19,10
621491536ff32bfff4b37a473bd7cb81,hindi,real,real,Bhajan Folk Song.mp3,20,10
aa42823fb12436a54c3586aafddad11d,hindi,real,real,Bhajan Folk Song.mp3,21,10
9b3cfdd430e8dfc2f4326ca25f41dfd3,hindi,real,real,Bhajan Folk Song.mp3,22,10
f55aa5b7610ff20209f5e57cb87d0f6c,hindi,real,real,Bhajan Folk Song.mp3,23,10
6fa7ee8b60d9e9fc31e81f1ab531ffa8,hindi,real,real,Bhajan Folk Song.mp3,24,10
05095a1eb3dff0864b217d6f52eabb7d,hindi,real,real,Bhajan Folk Song.mp3,25,10
ab19043a831440c8ab0ce3a730f1d8fc,hindi,real,real,Bhajan Folk Song.mp3,26,10
1b2cbc7840c7bdcf8111c622b24bcb17,hindi,real,real,Bhajan Folk Song.mp3,27,10
fa5cafddad778184bc8f69d51075cd3e,hindi,real,real,Bhajan Folk Song.mp3,28,10
d3fd826af5d083771189bec63c5f15b4,hindi,real,real,Bhajan Folk Song.mp3,29,10
19cd4d35f3aa187e1408c80ca55a46ff,hindi,real,real,Bhajan Folk Song.mp3,30,10
c56fce6b7184057d88d9aba7f57edf8d,hindi,real,real,Rajasthani Maand.mp3,0,10
9b24ec180ad65de8621e182becce5a3a,hindi,real,real,Rajasthani Maand.mp3,1,10
4b2127a07a8c9181d120a952004b0ec1,hindi,real,real,Bundeli Folk Song.mp3,0,10
fc143f96d08b2e6ee12f3c481095aa07,hindi,real,real,Bundeli Folk Song.mp3,1,10
169ec1dd0066fbc800f4a47c77aa7635,hindi,real,real,Bundeli Folk Song.mp3,2,10
a2cdcaae6ff93503908703e199a50a29,hindi,real,real,Bundeli Folk Song.mp3,3,10
5c327df647e4de80f28289dd1590816c,hindi,real,real,Bundeli Folk Song.mp3,4,10
e5d9675186c2120995036ba45e73c58b,hindi,real,real,Bundeli Folk Song.mp3,5,10
b0922db2130a30c50f815c1829c9d655,hindi,real,real,Bundeli Folk Song.mp3,6,10
db41675b9400cbfa79757b2dac8affe1,hindi,real,real,Bundeli Folk Song.mp3,7,10
481b66f282409ca1a03f09aa921001f6,hindi,real,real,Bundeli Folk Song.mp3,8,10
64324be0cfd557809499cd9c92951804,hindi,real,real,Bundeli Folk Song.mp3,9,10
15800274beb69711f732f9398e365782,hindi,real,real,Bundeli Folk Song.mp3,10,10
5b77fcb9e3d3f6fa5ef2d2792f85d5f6,hindi,real,real,Bundeli Folk Song.mp3,11,10
584d8df558e8f98234fc0907353fa9c8,hindi,real,real,Bundeli Folk Song.mp3,12,10
992441d7bd4a15a4ee853bbbbcc2a757,hindi,real,real,Bundeli Folk Song.mp3,13,10
7d9f67f24c44e4c8a6573deedbb133cf,hindi,real,real,Bundeli Folk Song.mp3,14,10
920a406a74e8eecdd3ad5d0106cb7e61,hindi,real,real,Bundeli Folk Song.mp3,15,10
7673a7a2912457f0e5cf753e76b56616,hindi,real,real,Bundeli Folk Song.mp3,16,10
23cedbbde35e2b3f6f90308c58b5f753,hindi,real,real,Bundeli Folk Song.mp3,17,10
e907041654790cd8d9648636eab2cc1d,hindi,real,real,Bundeli Folk Song.mp3,18,10
328c0ff4c5185a85dfe643b4c357ac54,hindi,real,real,Bundeli Folk Song.mp3,19,10
19ed12d88ec66fea8cf1996970f64431,hindi,real,real,Bundeli Folk Song.mp3,20,10
3c13590a8de17f98ebbd7dbc6ed7da03,hindi,real,real,Bundeli Folk Song.mp3,21,10
a81389f32c56aafef93c108d4aa9dacc,hindi,real,real,Bundeli Folk Song.mp3,22,10
52ab2f58f0668b67a929e42fc5a2127f,hindi,real,real,Bundeli Folk Song.mp3,23,10
3907e02cc50e639496dec87860db3e9c,hindi,real,real,Bundeli Folk Song.mp3,24,10
66ff98b94f0d5cef43e2ce363a27e2b0,hindi,real,real,Bundeli Folk Song.mp3,25,10
92add829a363223b54c9da2471b51895,hindi,real,real,Bundeli Folk Song.mp3,26,10
9b3d01bac4a374e49b9b7050c6160023,hindi,real,real,Bundeli Folk Song.mp3,27,10
d1c813ff2cad9f3e40ada5966af46de3,hindi,real,real,Bundeli Folk Song.mp3,28,10
54e8d1c85da41dbd70b6c5b78a66e597,hindi,real,real,Bundeli Folk Song.mp3,29,10
1ba560e229e3bca4a862019c2f9c36bd,hindi,real,real,Bundeli Folk Song.mp3,30,10
58feb050477a5772d4214a81222069e4,hindi,real,real,Bundeli Folk Song.mp3,31,10
38b3ad7f74239814d681298455c822e1,hindi,real,real,Bundeli Folk Song.mp3,32,10
60892aca3a464bddac393dce90c7b92c,hindi,real,real,Bundeli Folk Song.mp3,33,10
aad6eea7d54c1c293458cdad2738af3c,hindi,real,real,Bundeli Folk Song.mp3,34,10
c4a628b11dc7ca75423ecf4a56a44a04,hindi,real,real,Bundeli Folk Song.mp3,35,10
0ce390fd2c820ae87fc2c08e10ff1450,hindi,real,real,Bundeli Folk Song.mp3,36,10
c8ffbe57772c9727af4564f772565cba,hindi,real,real,Bundeli Folk Song.mp3,37,10
4821673e29fcee34a876634eef0e8a48,hindi,real,real,Bundeli Folk Song.mp3,38,10
95201d3baa56aeff59534eb83dbb5603,hindi,real,real,Bundeli Folk Song.mp3,39,10
e0fc172df3a40a97da89f056640c14be,hindi,real,real,Bundeli Folk Song.mp3,40,10
b5839ecd1500cc2e3c03aea90f232f3c,hindi,real,real,Bundeli Folk Song.mp3,41,10
0d7088ed67040296022e8df47594912f,hindi,real,real,Bundeli Folk Song.mp3,42,10
d64963089d555318df2572571f7cf75c,hindi,real,real,Bundeli Folk Song.mp3,43,10
f23db3fa4c2ff98f942ff1e03d8499aa,hindi,real,real,Bundeli Folk Song.mp3,44,10
75246b00664888e208841db55e0aeb2d,hindi,real,real,Bundeli Folk Song.mp3,45,10
311facbb17a5cc955c8ec9ab07196a6f,hindi,real,real,Bundeli Folk Song.mp3,46,10
d81dd2547125ca8dcc38b795b9941bb1,hindi,real,real,Bundeli Folk Song.mp3,47,10
0c5ea0e257598cab35980f58d18716dd,hindi,real,real,Bundeli Folk Song.mp3,48,10
d4fcdd7ce5a519397eee142150d40847,hindi,real,real,Bundeli Folk Song.mp3,49,10
8edc77eaf8c08f93745fa7fc0a13d024,hindi,real,real,Bundeli Folk Song.mp3,50,10
8f63a98e95633fc9485c163823865e44,hindi,real,real,Bundeli Folk Song.mp3,51,10
734820c677b0590b788c853d5d3e7dc2,hindi,real,real,Bundeli Folk Song.mp3,52,10
102fb426c14102e1afbad9b5a8ba1640,hindi,real,real,Bundeli Folk Song.mp3,53,10
84f1208f881a6c8a6167cb812b1a7507,hindi,real,real,Bundeli Folk Song.mp3,54,10
819a454a88df041f3275b2fed659b73d,hindi,real,real,Bundeli Folk Song.mp3,55,10
6fcaa951512757a67d39e6e22e3ad394,hindi,real,real,Bundeli Folk Song.mp3,56,10
2a8cb4174d6a6b3bc9b492705e360755,hindi,real,real,Bundeli Folk Song.mp3,57,10
7403849fc81f982ff96a73dd35ee4c84,hindi,real,real,Bundeli Folk Song.mp3,58,10
4556441e5457e29f9c289983abf9e7bd,hindi,real,real,Bundeli Folk Song.mp3,59,10
0a6da1fe01e11cf254774f3646954041,hindi,real,real,Bundeli Folk Song.mp3,60,10
3445659881afbf1984b51b6b5bf6d29e,hindi,real,real,Bundeli Folk Song.mp3,61,10
62239137f908517f4daa16313afcc1c6,hindi,real,real,Bundeli Folk Song.mp3,62,10
f966e1155139073ca3555c2744bc06d8,hindi,real,real,Bundeli Folk Song.mp3,63,10
fcb55e2ea611a3be6a82f5de7dd81354,hindi,real,real,Bundeli Folk Song.mp3,64,10
8b46e9ef534badc677e91aec617b56e7,hindi,real,real,Bundeli Folk Song.mp3,65,10
2225fa9be83c7c3ef87b951c6f8cee25,hindi,real,real,Bundeli Folk Song.mp3,66,10
726775ac8ac0110663ba1034ae9f2705,hindi,real,real,Bundeli Folk Song.mp3,67,10
2f6ed5226bb012b0bcdf3619a784b12c,hindi,real,real,Bundeli Folk Song.mp3,68,10
73ef908ede64c6f9664796775a1b9464,hindi,real,real,Bundeli Folk Song.mp3,69,10
2e656b9ce6166abb60dd7f5763e9b890,hindi,real,real,Bundeli Folk Song.mp3,70,10
a177ee4b039b172c6d513363085f4f0d,hindi,real,real,Bundeli Folk Song.mp3,71,10
216de9f9b7bb936d6c09e26b1d7c0461,hindi,real,real,Bundeli Folk Song.mp3,72,10
74c02dddcfc11e03bf047137580d8402,hindi,real,real,Bundeli Folk Song.mp3,73,10
09d3721c5d829c54afa0896f5dbf399c,hindi,real,real,Bundeli Folk Song.mp3,74,10
620024a107c869604e1ee16a77ac5af6,hindi,real,real,Bundeli Folk Song.mp3,75,10
3300826e03633f3b81a4ace392494c81,hindi,real,real,Bundeli Folk Song.mp3,76,10
c957dc4be2b2e53dcf9d42893e2a776c,hindi,real,real,Bundeli Folk Song.mp3,77,10
9f6678fc7e7ad3a0a113b7eaa3087344,hindi,real,real,Bundeli Folk Song.mp3,78,10
33e385c61097dc6bc650cc518e021d8a,hindi,real,real,Bundeli Folk Song.mp3,79,10
87ccd06f02a7c7de60cce41745e0a0b0,hindi,real,real,Bundeli Folk Song.mp3,80,10
f2d4486a6a6931661ddf7c48232d8dc0,hindi,real,real,Bundeli Folk Song.mp3,81,10
c2ef2094f19ac3ececac0d3073abe3a7,hindi,real,real,Bundeli Folk Song.mp3,82,10
9f114cf04fa79d3b050b579294d03cd0,hindi,real,real,Purabi Geet.mp3,0,10
dc8767c9f89294b30663b0726fa962c2,hindi,real,real,Purabi Geet.mp3,1,10
9180f708f42de2eac50915001757fa92,hindi,real,real,Purabi Geet.mp3,2,10
5fb45a820be1eff5c496d1b98ca7c484,hindi,real,real,Purabi Geet.mp3,3,10
4420afb380923d7882b3090c4f1a2f9c,hindi,real,real,Purabi Geet.mp3,4,10
b83b82b31571b598770ae90226a9a0b7,hindi,real,real,Purabi Geet.mp3,5,10
4c01c1346704251728afef71d3db9024,hindi,real,real,Purabi Geet.mp3,6,10
8e92b162380b91051921b6a6be8884de,hindi,real,real,Purabi Geet.mp3,7,10
04ed0e254be590a23d9523d66eebdb34,hindi,real,real,Purabi Geet.mp3,8,10
a66fd097ab78f1729997cb216d4d2e26,hindi,real,real,Purabi Geet.mp3,9,10
bcf71e50f58af408a07d99b07dd4ee34,hindi,real,real,Purabi Geet.mp3,10,10
31be66eb13b2dd1643d500458b4ce6c5,hindi,real,real,Purabi Geet.mp3,11,10
bc5ad14a0230dfc959bebec764fea9ed,hindi,real,real,Purabi Geet.mp3,12,10
a6335726b382fd73d7f11b97f88f7ccf,hindi,real,real,Purabi Geet.mp3,13,10
ffc1507eb8f5acfeeffbf72c5f4b412f,hindi,real,real,Purabi Geet.mp3,14,10
ce33a537d29a95520d4a825be238f9e7,hindi,real,real,Purabi Geet.mp3,15,10
c04290962ba090fdf490048e1decfe2b,hindi,real,real,Purabi Geet.mp3,16,10
5bcdc26a4d780fc8b42debb55c3689c0,hindi,real,real,Purabi Geet.mp3,17,10
3cc92202170cb76de57cbc3960a21174,hindi,real,real,Purabi Geet.mp3,18,10
cab141776a4b3e4b2d7c1f9bc29ac250,hindi,real,real,Purabi Geet.mp3,19,10
9038e55955a7e226910b167abe7479b3,hindi,real,real,Purabi Geet.mp3,20,10
812a3e65dd20665aabae643fc539ceb0,hindi,real,real,Purabi Geet.mp3,21,10
cff225447481ee06779b475813349c8b,hindi,real,real,Purabi Geet.mp3,22,10
cbd80cdb0bdd0f272854f318439c9e4f,hindi,real,real,Purabi Geet.mp3,23,10
83a4183aefacc4a11a00a78c8c691a3b,hindi,real,real,Purabi Geet.mp3,24,10
51bff414ff578d72e928f881580866d1,hindi,real,real,Purabi Geet.mp3,25,10
92cdf0e846508073c834a1ef79d286ba,hindi,real,real,Purabi Geet.mp3,26,10
424e9cdba429a9217ae0fb3ee9f18670,hindi,real,real,Purabi Geet.mp3,27,10
302a45820b522076b1cefc82fff3c9f5,hindi,real,real,Purabi Geet.mp3,28,10
cca046cfee2f22b58975f8a178dc3705,hindi,real,real,Purabi Geet.mp3,29,10
06ef7aa4f1d37e9ffa3608525d97b313,hindi,real,real,Purabi Geet.mp3,30,10
fbc413d181e9999ea7da7eb8dc3d0536,hindi,real,real,Purabi Geet.mp3,31,10
2e9b752d65cfbd7b35fa8e0f08918b93,hindi,real,real,Purabi Geet.mp3,32,10
9c40e5828a4a48c9b7d5cff805a66cee,hindi,real,real,Purabi Geet.mp3,33,10
a97f84ba9640b84309eb41c77f0fc769,hindi,real,real,Purabi Geet.mp3,34,10
4dd37c2d653873a72a202d725eb56274,hindi,real,real,Purabi Geet.mp3,35,10
1cdf6dba817e7553bb8148f355a21e86,hindi,real,real,Purabi Geet.mp3,36,10
15a59243cfdd162809f7abbb0553933b,hindi,real,real,Purabi Geet.mp3,37,10
a59849eaa74c1966356aa57496d971df,hindi,real,real,Purabi Geet.mp3,38,10
bc2d5de65e71c6edeca823ce68b7df31,hindi,real,real,Purabi Geet.mp3,39,10
76c6324a7b26ba714252e173ed1fb94c,hindi,real,real,Purabi Geet.mp3,40,10
a4e0c98b1de01ba3ee20545acd386a83,hindi,real,real,Purabi Geet.mp3,41,10
d253578baa1a37387d4401c4047b236f,hindi,real,real,Purabi Geet.mp3,42,10
38c70882a40f87f4503234c623157a25,hindi,real,real,Purabi Geet.mp3,43,10
4f7c39848f68578f8159b2d9c507a29f,hindi,real,real,Purabi Geet.mp3,44,10
c8e0efe09d992165878b5d688b2ee940,hindi,real,real,Purabi Geet.mp3,45,10
b11b265a9f5249e7fde04eb837d9fc18,hindi,real,real,Purabi Geet.mp3,46,10
7f49284c486f4212625b659ef84fc04d,hindi,real,real,Purabi Geet.mp3,47,10
da0395bb73c0c06a66d0513188269544,hindi,real,real,Purabi Geet.mp3,48,10
c0b3beaac0fb7f5b0f95993fb167fd86,hindi,real,real,Purabi Geet.mp3,49,10
5c6f02696b5477850e3e32e187c2a315,hindi,real,real,Purabi Geet.mp3,50,10
d05399e10b890ab78e15a0df907b3302,hindi,real,real,Purabi Geet.mp3,51,10
e49db713effbc321119a0c64ce868643,hindi,real,real,Purabi Geet.mp3,52,10
b0478d2b74efc6dc40621a669b16eedd,hindi,real,real,Purabi Geet.mp3,53,10
9182eecd14cf2205043c5866943cb427,hindi,real,real,Purabi Geet.mp3,54,10
5c42bc24a0a19777dce5c879d3c6f984,hindi,real,real,Purabi Geet.mp3,55,10
63ced7f29eb90e9756733e629562234f,hindi,real,real,Purabi Geet.mp3,56,10
8a9c4bf9bb07d5f727f23dfd6ee75ccb,hindi,real,real,Purabi Geet.mp3,57,10
8dd068afad689190dd6c6441c3197675,hindi,real,real,Purabi Geet.mp3,58,10
60e4b8c06b868a8e32eab2912a86e1a4,hindi,real,real,Purabi Geet.mp3,59,10
789d648ab40f50bab40d5a3e2b9946d7,hindi,real,real,Purabi Geet.mp3,60,10
a3bda0eb2368d2adb32306c55a44738b,hindi,real,real,Purabi Geet.mp3,61,10
345999854cff09c0c8ecd79192365bbc,hindi,real,real,Purabi Geet.mp3,62,10
49fd0b54c68ffa67745dc151de64fbe7,hindi,real,real,Purabi Geet.mp3,63,10
fc8ed1546c94f1a9c28847aa5d67284c,hindi,real,real,Purabi Geet.mp3,64,10
5cb90a1f1da1071bf56d95326dfd33ae,hindi,real,real,Purabi Geet.mp3,65,10
e93d547cc6a204ffb215ef40477c08c7,hindi,real,real,Purabi Geet.mp3,66,10
73772107dc93f45bfbb989f307e07267,hindi,real,real,Purabi Geet.mp3,67,10
3673bdb7ba1f18a68209ed11ad22ced8,hindi,real,real,Purabi Geet.mp3,68,10
3a2363a876d138996b818bfcb72b2cd2,hindi,real,real,Purabi Geet.mp3,69,10
c5cbd5c047b6337bc9e56609e6e32855,hindi,real,real,Purabi Geet.mp3,70,10
824f1d868101663fd38705d7cff1a4fc,hindi,real,real,Purabi Geet.mp3,71,10
f38d96d16aa1ef653a05ae1c3321c241,hindi,real,real,Purabi Geet.mp3,72,10
922f0e5fff6ba576d7ae9df4c775deff,hindi,real,real,Purabi Geet.mp3,73,10
d9db4847bdddc9afb9ccbdd8da873968,hindi,real,real,Purabi Geet.mp3,74,10
7959b1a6775a9f8adf27c9e1453830f0,hindi,real,real,Purabi Geet.mp3,75,10
979c0bc588654ae15f28eb6681eb25ec,hindi,real,real,Purabi Geet.mp3,76,10
27db8a73f61671a29ecf42f380de63de,hindi,real,real,Purabi Geet.mp3,77,10
91b09ebdcc8cd2abe96f71cc364442d6,hindi,real,real,Purabi Geet.mp3,78,10
5bb32732143076476d1f7e578dee3322,hindi,real,real,Purabi Geet.mp3,79,10
8935357f5e694dc6db29e45d48904556,hindi,real,real,Purabi Geet.mp3,80,10
c7bede04634975a4fbf775fbac0d93c5,hindi,real,real,Purabi Geet.mp3,81,10
9578ca334d0f09e2d340c0073a13999b,hindi,real,real,Purabi Geet.mp3,82,10
e03432a893687df525fce2c8d2838462,hindi,real,real,Purabi Geet.mp3,83,10
b9bf5d31d3b5913865b6f5964e6f914a,hindi,real,real,Purabi Geet.mp3,84,10
6eee58cdbf36ed7cc5a7818bbf2be306,hindi,real,real,Purabi Geet.mp3,85,10
902060d2970b657ba7cc22700b335de5,hindi,real,real,Purabi Geet.mp3,86,10
c92a4fffdb8505cb413b72961eb53bb7,hindi,real,real,Purabi Geet.mp3,87,10
718d68abba846907b260d480dae0156f,hindi,real,real,Purabi Geet.mp3,88,10
f72b912d143fa9c2ad502c030c983658,hindi,real,real,Purabi Geet.mp3,89,10
0c8a51c9c0d30cc694c603264a8e69b2,hindi,real,real,Purabi Geet.mp3,90,10
d30d627a47855188557834e7e16f5683,hindi,real,real,Purabi Geet.mp3,91,10
89528bda2c8d6ab16eb2af92814d2092,hindi,real,real,Purabi Geet.mp3,92,10
843512959d0097804fca334a5aec6af0,hindi,real,real,Purabi Geet.mp3,93,10
a38894ac7f397a2b99f2542d83e7d559,hindi,real,real,Purabi Geet.mp3,94,10
ea336dfcddb2a2a5622aeb22947f51ae,hindi,real,real,Purabi Geet.mp3,95,10
638f81e566b050084965e36d47b1f3b3,hindi,real,real,Purabi Geet.mp3,96,10
9afc5cab1f260d61d26d906a85309b94,hindi,real,real,Purabi Geet.mp3,97,10
900bd375b95ec9ef04b670a0a04ea555,hindi,real,real,Purabi Geet.mp3,98,10
f52895ede3c2e0198cf03f04add48ad5,hindi,real,real,Purabi Geet.mp3,99,10
dfa10987a1a241d25f5c338226e550a4,hindi,real,real,Purabi Geet.mp3,100,10
69dbd04f7bc6378844b3f6d41c2d8511,hindi,real,real,Purabi Geet.mp3,101,10
226e318f73e5211d91f1a4cc59c8fe66,hindi,real,real,Purabi Geet.mp3,102,10
763b5cdad40ab864ebc2d2dfb93a6066,hindi,real,real,Purabi Geet.mp3,103,10
96b10f5defb87653122a57105fcc6fa1,hindi,real,real,Purabi Geet.mp3,104,10
ed765d4992a558b2990c10129324f384,hindi,real,real,Purabi Geet.mp3,105,10
5dad9dc500abdcdd6d054247721bf377,hindi,real,real,Purabi Geet.mp3,106,10
be1e896b1f3092917d48b10289b24639,hindi,real,real,Purabi Geet.mp3,107,10
efb4007fb91f00b665d12d35f842e437,hindi,real,real,Purabi Geet.mp3,108,10
8fd1e41e946c0bfdf8d61d3cf8ab733a,hindi,real,real,Purabi Geet.mp3,109,10
3ada0f632b558af565891e5cc36c9c70,hindi,real,real,Purabi Geet.mp3,110,10
e05b895946b3cd08e5f556c71326e768,hindi,real,real,Purabi Geet.mp3,111,10
b602d43043aeb5b9fd78e701f8121879,hindi,real,real,Purabi Geet.mp3,112,10
4384008ae50a0fa9870d58d2d645ef7e,hindi,real,real,Purabi Geet.mp3,113,10
4b40af6ebbbf39209bbc92acbcd6baf8,hindi,real,real,Purabi Geet.mp3,114,10
edc0b22ef464fcc97c20d59581c5aaf4,hindi,real,real,Purabi Geet.mp3,115,10
63c674b068cd1950c8a78519470c5e29,hindi,real,real,Purabi Geet.mp3,116,10
f9496fecc4f21b97794bf01cc60a7f36,hindi,real,real,Purabi Geet.mp3,117,10
408935de61e78ca91bcf5e030d5d75c0,hindi,real,real,Purabi Geet.mp3,118,10
0b52ca1f363e7956a5a01e5163f5f3d9,hindi,real,real,Purabi Geet.mp3,119,10
7a78902ce91364aa7b0c50f6310c12bc,hindi,real,real,Purabi Geet.mp3,120,10
1910113a89ea6ddfad5af7cf77ddc3fe,hindi,real,real,Chhattisgarhi Song.mp3,0,10
edb23811852336c140a7766f4551aa68,hindi,real,real,Chhattisgarhi Song.mp3,1,10
cb437c3ac7292a0b06f6c49c4ffe4f34,hindi,real,real,Chhattisgarhi Song.mp3,2,10
6298d9b4b2722eb0ab3ebe748dfb2578,hindi,real,real,Chhattisgarhi Song.mp3,3,10
d4b66f080e7679d684a5dbf45ff1e75b,hindi,real,real,Chhattisgarhi Song.mp3,4,10
e8a8bdcfb10d1f150eb29f120df62f72,hindi,real,real,Chhattisgarhi Song.mp3,5,10
c644e1db2fc80a034486e0aefd602725,hindi,real,real,Chhattisgarhi Song.mp3,6,10
d9170f9ce495d55c54c56f9d3485906a,hindi,real,real,Chhattisgarhi Song.mp3,7,10
6183eb8a6a3550631d403896cd7dcf8e,hindi,real,real,Chhattisgarhi Song.mp3,8,10
391b65b0f3c1d6351cda9c8ced650830,hindi,real,real,Chhattisgarhi Song.mp3,9,10
b19c4928b1f33cadddd840b7d262963d,hindi,real,real,Chhattisgarhi Song.mp3,10,10
a316974b676381c8f08ca33b9ea2fb65,hindi,real,real,Chhattisgarhi Song.mp3,11,10
a849d9086a3810b487e5cbc2c27c2d54,hindi,real,real,Chhattisgarhi Song.mp3,12,10
1b0c9f37271986fb2d6a260bd6ba9c30,hindi,real,real,Chhattisgarhi Song.mp3,13,10
e937df5c70db85fdfd975815cc711154,hindi,real,real,Chhattisgarhi Song.mp3,14,10
5f841e604234e7b96096ed8b25bc24e2,hindi,real,real,Chhattisgarhi Song.mp3,15,10
8bef0c651c0844ee292550982d209f24,hindi,real,real,Chhattisgarhi Song.mp3,16,10
2e2314cb9cd1591dc780cdbd00ebdc18,hindi,real,real,Chhattisgarhi Song.mp3,17,10
9913895926d51587107cc8a3a59e7020,hindi,real,real,Chhattisgarhi Song.mp3,18,10
43d1effc0a6126bcf802e5ea237dd57f,hindi,real,real,Chhattisgarhi Song.mp3,19,10
9319a901ddbe1b897e122c7eb144e063,hindi,real,real,Chhattisgarhi Song.mp3,20,10
742717af694541cbcdba7c83f4f81af4,hindi,real,real,Chhattisgarhi Song.mp3,21,10
97883dcd45a370df91b1702608e74bf8,hindi,real,real,Chhattisgarhi Song.mp3,22,10
cf8188b4ed4cb6228676a7c6c877d8ba,hindi,real,real,Chhattisgarhi Song.mp3,23,10
6be5d9c2931642641961d24badee3eaf,hindi,real,real,Chhattisgarhi Song.mp3,24,10
b7db37c68e627414a6d1e483c377ee77,hindi,real,real,Chhattisgarhi Song.mp3,25,10
974cb5e06307d09c35aa47915ae6bc16,hindi,real,real,Chhattisgarhi Song.mp3,26,10
46ad68710ea8279aa951bfc3b1d66294,hindi,real,real,Chhattisgarhi Song.mp3,27,10
99e0906c8561c9a167be5544f20d478d,hindi,real,real,Chhattisgarhi Song.mp3,28,10
789ab69cb8fd198e65a0b1b523d97c8d,hindi,real,real,Chhattisgarhi Song.mp3,29,10
336359644855e00adcf7b4ba3c18f32f,hindi,real,real,Chhattisgarhi Song.mp3,30,10
873ac1bf3f828196f7947462e8d84f6d,hindi,real,real,Chhattisgarhi Song.mp3,31,10
230c85aaf9e41964ad57dc63ff8de266,hindi,real,real,Chhattisgarhi Song.mp3,32,10
8436a4aa9f6fda22801fa033e41c89a3,hindi,real,real,Chhattisgarhi Song.mp3,33,10
42826ce5bd6d0ae4befb5622d618fdef,hindi,real,real,Chhattisgarhi Song.mp3,34,10
3786a76e2cf63c5dd7001ef9bac52356,hindi,real,real,Chhattisgarhi Song.mp3,35,10
2986ad0588eb38c779ef4c7f1d6784f4,hindi,real,real,Chhattisgarhi Song.mp3,36,10
73edae2f56bccd172a460d89d73bb65a,hindi,real,real,Chhattisgarhi Song.mp3,37,10
dfd98342eefea563f0b884b623dc555c,hindi,real,real,Chhattisgarhi Song.mp3,38,10
70690f68401c402205a05bf3f2f1ef97,hindi,real,real,Chhattisgarhi Song.mp3,39,10
f2a7d2dde019ba9c427745b5d8dace1f,hindi,real,real,Chhattisgarhi Song.mp3,40,10
d9086de6cc652056834b7c803e6b635a,hindi,real,real,Chhattisgarhi Song.mp3,41,10
c3926aed1ac57c45761d1947830cbed8,hindi,real,real,Chhattisgarhi Song.mp3,42,10
22edd4f8754cf441efbedadf8e397d4d,hindi,real,real,Chhattisgarhi Song.mp3,43,10
4d3af4363173ef16fc64fb0234bf8c54,hindi,real,real,Chhattisgarhi Song.mp3,44,10
f43fa9a4528c566e6fcd10c4b51d2ac3,hindi,real,real,Chhattisgarhi Song.mp3,45,10
7c5d988b9ac5d625c2893972644dcbf9,hindi,real,real,Chhattisgarhi Song.mp3,46,10
207cdef050eaea1d1ebc1297b91ed6d2,hindi,real,real,Chhattisgarhi Song.mp3,47,10
bd23f20a02bfa49545ea3860cb2ded24,hindi,real,real,Chhattisgarhi Song.mp3,48,10
81698274a34fcc05c994a5b972229e13,hindi,real,real,Chhattisgarhi Song.mp3,49,10
5e8087bda119aa234ad5a528f821b71a,hindi,real,real,Chhattisgarhi Song.mp3,50,10
625c10883f60c9da25753d95b12e648b,hindi,real,real,Chhattisgarhi Song.mp3,51,10
a2b156e77b75e330dd2f4628e9cbb0d5,hindi,real,real,Chhattisgarhi Song.mp3,52,10
4732728d7207e7188c588cf795199fd5,hindi,real,real,Chhattisgarhi Song.mp3,53,10
a8d7a543ed933946b336a07b4e4f20bb,hindi,real,real,Chhattisgarhi Song.mp3,54,10
13179aac1c013094598ef540cc565d83,hindi,real,real,Chhattisgarhi Song.mp3,55,10
c05b4e52690aca9ccaab405a9c548625,hindi,real,real,Chhattisgarhi Song.mp3,56,10
dae338ef5ccdeafef29d1a5929871999,hindi,real,real,Chhattisgarhi Song.mp3,57,10
e18a2221cbddbce5d1d72945fbbd8b37,hindi,real,real,Chhattisgarhi Song.mp3,58,10
9dc9c1a61335bb8b64c0eb98104f826c,hindi,real,real,Chhattisgarhi Song.mp3,59,10
71a09fee9c4af57c9be1cf818789d375,hindi,real,real,Chhattisgarhi Song.mp3,60,10
1622b2396338036d01fdcda84ae1e5e0,hindi,real,real,Chhattisgarhi Song.mp3,61,10
faf02eb080d63f1e962dd999028a3ae2,hindi,real,real,Chhattisgarhi Song.mp3,62,10
bf9dba2ac53f4cab918a73327e0d09d6,hindi,real,real,Chhattisgarhi Song.mp3,63,10
93725a5e5f9876fbe554d51be0793365,hindi,real,real,Chhattisgarhi Song.mp3,64,10
592c5a190e566cef9fb99ee53bcd805b,hindi,real,real,Chhattisgarhi Song.mp3,65,10
35f89da0bcc3a57eb6848d872ee09012,hindi,real,real,Chhattisgarhi Song.mp3,66,10
91192d8e0d4b6897d553c722b13d077a,hindi,real,real,Chhattisgarhi Song.mp3,67,10
4fc0fd8dd8d0d1ff0a8634af0c8e0085,hindi,real,real,Chhattisgarhi Song.mp3,68,10
92d2aaeda9d6733c34771b5641d49d4f,hindi,real,real,Chhattisgarhi Song.mp3,69,10
936d86da758423f300b687c34f735486,hindi,real,real,Chhattisgarhi Song.mp3,70,10
1feb61ea1187641ff267db186c41989c,hindi,real,real,Chhattisgarhi Song.mp3,71,10
2ba8ee9f4964509bed9207a9bd463fd3,hindi,real,real,Chhattisgarhi Song.mp3,72,10
34e713cebcc7c62bd3096990462710ba,hindi,real,real,Chhattisgarhi Song.mp3,73,10
f3c6aabca37882fffba680200868d136,hindi,real,real,Chhattisgarhi Song.mp3,74,10
e2052a96b9764445cb0bfc3cd226321a,hindi,real,real,Chhattisgarhi Song.mp3,75,10
baf78414c144dcf0c73e0a11f79271c4,hindi,real,real,Chhattisgarhi Song.mp3,76,10
e5c9f8c18efb0bfbd33fece44ec7d02a,hindi,real,real,Chhattisgarhi Song.mp3,77,10
01e04578ce83d0cc217beaf2297f3000,hindi,real,real,Chhattisgarhi Song.mp3,78,10
18864d1444210e0948a0f821f1ab6ceb,hindi,real,real,Punjabi Folk.mp3,0,10
ffffc1e70090c5efc5e513f8f3b86cfb,hindi,real,real,Punjabi Folk.mp3,1,10
9e73e423874d1e998692a73cbea9310d,hindi,real,real,Punjabi Folk.mp3,2,10
5d269c6d6d68bb623ff73e6858c43a4d,hindi,real,real,Punjabi Folk.mp3,3,10
ae8fde709c4074eecce9994b16cef023,hindi,real,real,Punjabi Folk.mp3,4,10
9afc63c74793fad54c500f2bff42d3cc,hindi,real,real,Punjabi Folk.mp3,5,10
2f5c52af72b8f726016494d248e8a5f8,hindi,real,real,Punjabi Folk.mp3,6,10
cc84dd549f5d40d38e78d569192ad41d,hindi,real,real,Punjabi Folk.mp3,7,10
d4970c8d65676fe297b389753d9eaa53,hindi,real,real,Punjabi Folk.mp3,8,10
3ad48182216558361bdd58e1e6edb42d,hindi,real,real,Punjabi Folk.mp3,9,10
f816cfb55cdb68c97a2212a5f5214031,hindi,real,real,Punjabi Folk.mp3,10,10
8e541708762bbc7c661297231d614cc5,hindi,real,real,Punjabi Folk.mp3,11,10
cd464dee41369301d8cea3aacad73cba,hindi,real,real,Punjabi Folk.mp3,12,10
b991f8997d5d34431aee21cb5b7468ea,hindi,real,real,Punjabi Folk.mp3,13,10
293f20a79ebcb40fe90785a86b9686b2,hindi,real,real,Punjabi Folk.mp3,14,10
06c7acc1b6b61b15a07c87ec561f945b,hindi,real,real,Punjabi Folk.mp3,15,10
c50241cf2b5b26be049e20f99fc07a1c,hindi,real,real,Punjabi Folk.mp3,16,10
52501f5097eb757c511611324b0e83de,hindi,real,real,Punjabi Folk.mp3,17,10
c4488dc253c7974258f5a026050816d9,hindi,real,real,Punjabi Folk.mp3,18,10
6c58c4782633d042aa3e07845e2c0a3b,hindi,real,real,Punjabi Folk.mp3,19,10
9eb4559fae72521bd1f12a0fdf297aeb,hindi,real,real,Punjabi Folk.mp3,20,10
bea7083f4b78d2192292e0914aff06ce,hindi,real,real,Punjabi Folk.mp3,21,10
a6ed44885460858f745b5857b8499821,hindi,real,real,Punjabi Folk.mp3,22,10
68cdf5787c39011cb2faa909e69cf63c,hindi,real,real,Punjabi Folk.mp3,23,10
abc354206efd1f082cd8ebaa25a22804,hindi,real,real,Punjabi Folk.mp3,24,10
ab2f5313e4974c58c0b819627abfecae,hindi,real,real,Punjabi Folk.mp3,25,10
0de1a39c8dd03f697ca64412c8330a55,hindi,real,real,Punjabi Folk.mp3,26,10
2f88b75e982bfed131bd3b0f1ce989ba,hindi,real,real,Punjabi Folk.mp3,27,10
130872f85bb86b239dfcdf06b9dbc557,hindi,real,real,Punjabi Folk.mp3,28,10
77ed70d2f3772472022e29d1aa24d4ec,hindi,real,real,Punjabi Folk.mp3,29,10
5bf1226bef5bb95db41c81b7b3f11502,hindi,real,real,Punjabi Folk.mp3,30,10
877ce2c3ebe393cc4e6b401e474ceb77,hindi,real,real,Punjabi Folk.mp3,31,10
63a1831b559ff0bba0664dee82b7e359,hindi,real,real,Garhwali Geet.mp3,0,10
363b35f29c309840cf69194cbb4c6426,hindi,real,real,Garhwali Geet.mp3,1,10
740f166e4f8b312e78c8de445d8b0958,hindi,real,real,Kumaoni Folk Song.mp3,0,10
d25e1f0c7630f18d73001891ca587877,hindi,real,real,Kumaoni Folk Song.mp3,1,10
9cb888c660bdd11678ead6e107e04488,hindi,real,real,Kumaoni Folk Song.mp3,2,10
ebd3318ea8a9128b92e7d6a213dcdad6,hindi,real,real,Kumaoni Folk Song.mp3,3,10
261f29b41f612c1a5219133da3f52cce,hindi,real,real,Uttar Pradesh Folk.mp3,0,10
f4f508ef1ef6c5c6e6e3e380f8ec2715,hindi,real,real,Uttar Pradesh Folk.mp3,1,10
54f2daffdfcdde378980e64c4141b115,hindi,real,real,Uttar Pradesh Folk.mp3,2,10
317d0dd96b55f90d9f101a01e135a34b,hindi,real,real,Uttar Pradesh Folk.mp3,3,10
bf3065d0a62e60050e20b0e7724767d3,hindi,real,real,Uttar Pradesh Folk.mp3,4,10
fbcb6de0752c779d07f005d97d48e3a4,hindi,real,real,Uttar Pradesh Folk.mp3,5,10
0d9079e3e0cd8384ff4c5eeaeb155e6c,hindi,real,real,Uttar Pradesh Folk.mp3,6,10
9faffccd3f0717cb619b9c8a37153338,hindi,real,real,Uttar Pradesh Folk.mp3,7,10
458e1da16862a1cea8e7d5dde072d087,hindi,real,real,Uttar Pradesh Folk.mp3,8,10
1392501707981b2c2d74f932dbee4b5d,hindi,real,real,Uttar Pradesh Folk.mp3,9,10
d92a32968c92d47b2816ebf5fc956063,hindi,real,real,Uttar Pradesh Folk.mp3,10,10
ed856c4147aeb7e7591fecbbaa6d4e73,hindi,real,real,Uttar Pradesh Folk.mp3,11,10
89da2fb0fca98bbe0f54184e60620bb1,hindi,real,real,Uttar Pradesh Folk.mp3,12,10
558f7f2921950b5fcc0dc0dbed7c573f,hindi,real,real,Uttar Pradesh Folk.mp3,13,10
c1f237798498c44ae9bfe80122c4ba8d,hindi,real,real,Uttar Pradesh Folk.mp3,14,10
0ecd0d2bd12a99a01304623f89cb5e0c,hindi,real,real,Uttar Pradesh Folk.mp3,15,10
3bbe3d6ecf04bc1f695a08e53101516b,hindi,real,real,Uttar Pradesh Folk.mp3,16,10
ac55601d767a3b4c4b7c61e1c4f011a2,hindi,real,real,Uttar Pradesh Folk.mp3,17,10
664bb2de8fbc94a97b029c60aa09fa79,hindi,real,real,Uttar Pradesh Folk.mp3,18,10
cdec3381c514289fec4e4cd6d0e26a8a,hindi,real,real,Uttar Pradesh Folk.mp3,19,10
41b514b0af1198b286fb9208cf1d7cb3,hindi,real,real,Uttar Pradesh Folk.mp3,20,10
f687784f099066a9a0c85509ae77fa7f,hindi,real,real,Uttar Pradesh Folk.mp3,21,10
fd264926c94d98e13414011f1e5754a1,hindi,real,real,Uttar Pradesh Folk.mp3,22,10
340691ac8dd84856235f26cd9fd5290a,hindi,real,real,Uttar Pradesh Folk.mp3,23,10
0c84fd6e06d7fb3af118fcaf44abaf36,hindi,real,real,Uttar Pradesh Folk.mp3,24,10
ad882fecf0b6c8b960e87103a7220d32,hindi,real,real,Uttar Pradesh Folk.mp3,25,10
6e5f4241b49e1eb2a0eb4ed1c8fa95a5,hindi,real,real,Uttar Pradesh Folk.mp3,26,10
3d824f07d56d4692fd122ccc980a6176,hindi,real,real,Uttar Pradesh Folk.mp3,27,10
d104778fae5df005bd1088dd8325af89,hindi,real,real,Uttar Pradesh Folk.mp3,28,10
a001d18f72997186ebc9f67dcdda88ed,hindi,real,real,Uttar Pradesh Folk.mp3,29,10
4cb4795adcb52052daae143ba0ac375f,hindi,real,real,Uttar Pradesh Folk.mp3,30,10
c2ea827e39a198cf6bc74d796b69a498,hindi,real,real,Uttar Pradesh Folk.mp3,31,10
7a68ee01130790fc799969991d0d1e80,hindi,real,real,Uttar Pradesh Folk.mp3,32,10
d6a19c23aabf2f3ba9bcfb002a8bf10f,hindi,real,real,Uttar Pradesh Folk.mp3,33,10
464f8bffbad9f13ffa2be36df108ce6d,hindi,real,real,Uttar Pradesh Folk.mp3,34,10
4eb7406f4d65b49a3ee70cc568062a9d,hindi,real,real,Rajasthan Folk Ballad.mp3,0,10
0d9f52cd2722572bd1bcff4c714b2dff,hindi,real,real,Rajasthan Folk Ballad.mp3,1,10
386155b32e40c6819493d702070a9690,hindi,real,real,Rajasthan Folk Ballad.mp3,2,10
6fd1b21ffe8057729d04bff3bccb53af,hindi,real,real,Rajasthan Folk Ballad.mp3,3,10
7d57b13090523576809ce527e9dccfe1,hindi,real,real,Rajasthan Folk Ballad.mp3,4,10
e9f73b7a3ee791aecd95d57721a12ca0,hindi,real,real,Rajasthan Folk Ballad.mp3,5,10
0aad2b9e2148097c9ce12e59e3a89f4c,hindi,real,real,Folk Song from Bihar.mp3,0,10
ecfcdc0b8da9640cde62838cd5bd1429,hindi,real,real,Folk Song from Bihar.mp3,1,10
7b76d49c9dd8eb3854f5752c10b29542,hindi,real,real,Folk Song from Bihar.mp3,2,10
8ed8994a49952b5d09c33dfc4e21686f,hindi,real,real,Folk Song from Bihar.mp3,3,10
fdca32fc1dfd16f7b6fd224bfdcc0484,hindi,real,real,Folk Song from Bihar.mp3,4,10
ab77bbe5bfce3c4fa7ad39241ca1ae07,hindi,real,real,Folk Song from Bihar.mp3,5,10
27cfece52feb639f079ad6833112fe88,hindi,real,real,Folk Song from Bihar.mp3,6,10
e7d01eec3e2733827efdb87a66cab357,hindi,real,real,Folk Song from Bihar.mp3,7,10
749c6f70c7049690d16888134be117b7,hindi,real,real,Folk Song from Bihar.mp3,8,10
ecbe23901a4e68ff98f040ec5df62095,hindi,real,real,Folk Song from Bihar.mp3,9,10
9649601a587c30473b7ec43e3251df8f,hindi,real,real,Folk Song from Bihar.mp3,10,10
0b3759deab18f80b40b72f25a5b034e9,hindi,real,real,Folk Song from Bihar.mp3,11,10
7cbfb4233bfad7cedde62f3b396de803,hindi,real,real,Folk Song from Bihar.mp3,12,10
762838ed2bc3700bcb7ca0addd4457bc,hindi,real,real,Folk Song from Bihar.mp3,13,10
30eb92917aa35b98974e90bba7ab6bc1,hindi,real,real,Folk Song from Bihar.mp3,14,10
c2166c7e2277019c2a6d984d7601d3b6,hindi,real,real,Folk Song from Bihar.mp3,15,10
32987aaaa007f731e49aa46aa8af0dad,hindi,real,real,Folk Song from Bihar.mp3,16,10
b08abf4016559cb3ab8de75bf6a95a2e,hindi,real,real,Folk Song from Bihar.mp3,17,10
f06d03dd68b3c9703b30fe1454c6bc4e,hindi,real,real,Folk Song from Bihar.mp3,18,10
d1a09fa21b10af72ca5f3d8dbb286303,hindi,real,real,Folk Song from Bihar.mp3,19,10
a792bf054d7feb21b12c2baa15251474,hindi,real,real,Folk Song from Bihar.mp3,20,10
657f7d6c787df7ce04029d33d1cd6442,hindi,real,real,Folk Song from Bihar.mp3,21,10
1c6e2b48f6553a04a6121d72d725e9ff,hindi,real,real,Folk Song from Bihar.mp3,22,10
34b391fd6a5383e253987b9dcdcd8c09,hindi,real,real,Folk Song from Bihar.mp3,23,10
a8cc2222eeb9f43ef521baaa9d764d3e,hindi,real,real,Folk Song from Bihar.mp3,24,10
285f9c6fa972099465e83d9cf98203f3,hindi,real,real,Folk Song from Bihar.mp3,25,10
6189642cf1b1eae56f5702170dfd788f,hindi,real,real,Folk Song from Bihar.mp3,26,10
fd6c75b5940b0c8dcdd8764329d80f53,hindi,real,real,Folk Song from Bihar.mp3,27,10
601def278fb9aedac487f58922b32045,hindi,real,real,Folk Song from Bihar.mp3,28,10
36fe8a094ad2dd51a383232a5cb4e27a,hindi,real,real,Folk Song from Bihar.mp3,29,10
955a3953fcefacd3fe6f8da0164f1dbc,hindi,real,real,Folk Song from Bihar.mp3,30,10
6e6347216e62c1356c65b12d15cde69a,hindi,real,real,Folk Song from Bihar.mp3,31,10
84bf59287b26ff694ba7e11115ed4215,hindi,real,real,Folk Song from Bihar.mp3,32,10
2811884a835fa328bec0ab891045c07e,hindi,real,real,Folk Song from Bihar.mp3,33,10
ac652519244e99215d3110be460178ac,hindi,real,real,Folk Song from Bihar.mp3,34,10
e44773bea3efc7347cf68fc346e27755,hindi,real,real,Folk Song from Bihar.mp3,35,10
a4b0d7c33408de05ac985be366c9080d,hindi,real,real,Folk Song from Bihar.mp3,36,10
e4856c10c10ff70039cebf76585559f2,hindi,real,real,Folk Song from Bihar.mp3,37,10
284bd5836ce14fff38e9d49e0bdf31fe,hindi,real,real,Folk Song from Bihar.mp3,38,10
afeb46b30077aa09e76298f6c9acddfc,hindi,real,real,Folk Song from Bihar.mp3,39,10
4a30d98534e7a8a381d5f31e9e8defee,hindi,real,real,Folk Song from Bihar.mp3,40,10
1ee8ad49e2f13079c604e98132ec709e,hindi,real,real,Folk Song from Bihar.mp3,41,10
47e5a6a6bebc251d6d76508a57dc9368,hindi,real,real,Folk Song from Bihar.mp3,42,10
e8fd9bdaf0925e33b4c847b833505d2a,hindi,real,real,Folk Song from Bihar.mp3,43,10
29bc1d4237d605c0be5c23963c3ccb1f,hindi,real,real,Folk Song from Bihar.mp3,44,10
6d8d06db24c3328919a5cd7790e43186,hindi,real,real,Folk Song from Bihar.mp3,45,10
feb295d9dceb471c03cb075705217fe7,hindi,real,real,Folk Song from Bihar.mp3,46,10
d0bd8e549521829d628b57ac5571abd7,hindi,real,real,Folk Song from Bihar.mp3,47,10
57ef649ff916de2c333a7062be313314,hindi,real,real,Folk Song from Bihar.mp3,48,10
d37902bc4dd7d88a255c4d2933752f3b,hindi,real,real,Folk Song from Bihar.mp3,49,10
f9ecf0359a07da8a670859e2692075d7,hindi,real,real,Folk Song from Bihar.mp3,50,10
615ddff0b8357a8ef04b886154f785b4,hindi,real,real,Folk Song from Bihar.mp3,51,10
a464ea73406960f372838f032076da63,hindi,real,real,Folk Song from Bihar.mp3,52,10
9919223764bea200a61adbb22b9f9a54,hindi,real,real,Folk Song from Bihar.mp3,53,10
8aec2c40f66b0552179cd84b8f7c50e2,hindi,real,real,Folk Song from Bihar.mp3,54,10
e866b724e865ca844dba75cccbae302d,hindi,real,real,Folk Song from Bihar.mp3,55,10
2afd89de3e5fd0d0ef163bb805e7dd67,hindi,real,real,Folk Song from Bihar.mp3,56,10
0247404e37b531ff8aecae1740020aae,hindi,real,real,Folk Song from Bihar.mp3,57,10
d1fdad539f4a1be8299974aab48c32ab,hindi,real,real,Folk Song from Bihar.mp3,58,10
68ef6ee52e86e368a70c0cdec562aa1a,hindi,real,real,Himachali Folk Song.mp3,0,10
fe250e9289696879ce8f0d046c2328bb,hindi,real,real,Himachali Folk Song.mp3,1,10
d27034a3fb613245028c1da6ad7fd5b5,hindi,real,real,Himachali Folk Song.mp3,2,10
6067d2540c67833ff8be97d1b6339f40,hindi,real,real,Himachali Folk Song.mp3,3,10
fab988f4a42b68f65a15b6a85ac88637,hindi,real,real,Himachali Folk Song.mp3,4,10
ade396d7194a0c363e62b7200f32beaa,hindi,real,real,Himachali Folk Song.mp3,5,10
2682297547affe151958efb2879c8f83,hindi,real,real,Himachali Folk Song.mp3,6,10
c095df6632fe9cf314820fc4b2260860,hindi,real,real,Himachali Folk Song.mp3,7,10
5c2ab765dca98c6b19b2aa7bfdf43a01,hindi,real,real,Himachali Folk Song.mp3,8,10
b04b151067cef63fb1e693294f455403,hindi,real,real,Himachali Folk Song.mp3,9,10
08a4cea222243233f363950064311c70,hindi,real,real,Himachali Folk Song.mp3,10,10
620c9b638debe4671e94ba8da3315553,hindi,real,real,Himachali Folk Song.mp3,11,10
952d4394958a20db43c86a9b2cc983fa,hindi,real,real,Himachali Folk Song.mp3,12,10
4606d467ea930c0cff68f968637018e2,hindi,real,real,Himachali Folk Song.mp3,13,10
562f82c1c0eb68aff73272238ccb0899,hindi,real,real,Himachali Folk Song.mp3,14,10
b0a2ec57267dae5e9b39bc5ee0bcd111,hindi,real,real,Himachali Folk Song.mp3,15,10
3ab1cf63b3a627a346636544f1dc1187,hindi,real,real,Himachali Folk Song.mp3,16,10
f0394d23d84ba4777adc78b487bb1e86,hindi,real,real,Himachali Folk Song.mp3,17,10
4eb4b8273021d33fbed19252eb93c6fb,hindi,real,real,Himachali Folk Song.mp3,18,10
d69a12df0346adbec46cfbb32bccec60,hindi,real,real,Himachali Folk Song.mp3,19,10
48d62febbf7782307c470b8067373cc3,hindi,real,real,Himachali Folk Song.mp3,20,10
2ff603b7671b94a621d81047fac34a3e,hindi,real,real,Himachali Folk Song.mp3,21,10
071d523a1dba8673c92686ad7f346d10,hindi,real,real,Himachali Folk Song.mp3,22,10
0940d642f6b4936e179cf6506ce7dd04,hindi,real,real,Himachali Folk Song.mp3,23,10
64017d5820104ef5bdd9cd91c43440fe,hindi,real,real,Himachali Folk Song.mp3,24,10
1833cf898af572c96eef113dc5957cb1,hindi,real,real,Himachali Folk Song.mp3,25,10
4bd21c27e65e1cc6a14f06b9a3f062b4,hindi,real,real,Himachali Folk Song.mp3,26,10
7ddc334b5ae1f1103793d38a3941d2f7,hindi,real,real,Himachali Folk Song.mp3,27,10
5fe07d284fdcb70adf4495521ae06b89,hindi,real,real,Himachali Folk Song.mp3,28,10
5e8fbd78f32a30452f677b2638b0b40e,hindi,real,real,Himachali Folk Song.mp3,29,10
6f0fc7cdc285b4256f2a192cc163600a,hindi,real,real,Himachali Folk Song.mp3,30,10
e9a50ebf3c3023c34e4586fc9f493aec,hindi,real,real,Himachali Folk Song.mp3,31,10
827e71db9da659bc3fbe726829418e96,hindi,real,real,Himachali Folk Song.mp3,32,10
2a40c0a133703333be1dec4c08214f16,hindi,real,real,Himachali Folk Song.mp3,33,10
03b4f103c880f11767cb5e8a402c6a2c,hindi,real,real,Himachali Folk Song.mp3,34,10
27576695a57baf5e7ba8e1b3b6c3aacc,hindi,real,real,Himachali Folk Song.mp3,35,10
c3e64ff8da2156c1c90b3abefe1026a1,hindi,real,real,Himachali Folk Song.mp3,36,10
c88615b748b36aa3f6473595fb7b9170,hindi,real,real,Himachali Folk Song.mp3,37,10
4c593c310c81be01a19a8a5f8e0715f1,hindi,real,real,Himachali Folk Song.mp3,38,10
cbbf3ebdb67b251eed68a07370b15143,hindi,real,real,Himachali Folk Song.mp3,39,10
3756f2287b170f3999d587a306cdb804,hindi,real,real,Himachali Folk Song.mp3,40,10
89f1cb43fd370f5452104eb8141ad4c2,hindi,real,real,Himachali Folk Song.mp3,41,10
abdb500629186e5d576fb9c8ac6547dd,hindi,real,real,Himachali Folk Song.mp3,42,10
b1bede20fbfd73de260a56a59d73b418,hindi,real,real,Himachali Folk Song.mp3,43,10
1024ba5d660222ad056dc19ef1d16dbb,hindi,real,real,Himachali Folk Song.mp3,44,10
776074b7379009a53cf7e72c8abec8f7,hindi,real,real,Himachali Folk Song.mp3,45,10
e82c57856ceed209e28b67540676914d,hindi,real,real,Himachali Folk Song.mp3,46,10
9f25ff68a8e4bf37d6be55ea301ea128,hindi,real,real,Himachali Folk Song.mp3,47,10
062ea53bac2f7766c5d7582b7a57d295,hindi,real,real,Himachali Folk Song.mp3,48,10
80c0c579edccba36e2c1742083434a48,hindi,real,real,Himachali Folk Song.mp3,49,10
f9d823ad155e698970b57d3180128fef,hindi,real,real,Himachali Folk Song.mp3,50,10
3458a94a63dd16320c266fb9ada04b78,hindi,real,real,Himachali Folk Song.mp3,51,10
ef44cccc77e0f37e483263aa8e1bbd1d,hindi,real,real,Himachali Folk Song.mp3,52,10
3ea7a1d5853318a418bd8a32008fbaf8,hindi,real,real,Himachali Folk Song.mp3,53,10
e1fd88ed3116c481ad723ac8e0439f08,hindi,real,real,Himachali Folk Song.mp3,54,10
a23d96aaa52cebd6b18e0f0797dc61ad,hindi,real,real,Himachali Folk Song.mp3,55,10
8c3445313cc258613d8f12244e5f935a,hindi,real,real,Himachali Folk Song.mp3,56,10
0f7c347a5c7c867eb93d06024936877c,hindi,real,real,Himachali Folk Song.mp3,57,10
8d70bac1b58d448355b3354aceb94324,hindi,real,real,Himachali Folk Song.mp3,58,10
e53b1c17ce9dd32851d2f009e31c60f6,hindi,real,real,Himachali Folk Song.mp3,59,10
0bb5c85056829ffbae7fd316c351f06b,hindi,real,real,Himachali Folk Song.mp3,60,10
3881db7880753e17032373f8089bdd7f,hindi,real,real,Himachali Folk Song.mp3,61,10
7f07f6534151495a05a17a003d461df6,hindi,real,real,Himachali Folk Song.mp3,62,10
443072e0b10ec6d5a42b7acc8450ac3c,hindi,real,real,Himachali Folk Song.mp3,63,10
6fe38065e250059604bb42f4e7d2d956,hindi,real,real,Himachali Folk Song.mp3,64,10
a15c8f8b070cef20f8c885a0f5209041,hindi,real,real,Himachali Folk Song.mp3,65,10
e929925051e255573b748f71ff3ff182,hindi,real,real,Himachali Folk Song.mp3,66,10
c66ce5841cdf280da5ca4c58ab9eff7e,hindi,real,real,Himachali Folk Song.mp3,67,10
00215a340a19daff509a6e9844815e0c,hindi,real,real,Himachali Folk Song.mp3,68,10
501d8539519f0bd1319cd07f703d3758,hindi,real,real,Himachali Folk Song.mp3,69,10
7645ef16ca7254a70ab3398d7ee43ac9,hindi,real,real,Himachali Folk Song.mp3,70,10
7609585346afddf569013f8a816b00b3,hindi,real,real,Himachali Folk Song.mp3,71,10
1b5e959e89463a451e33274afa2f435e,hindi,real,real,Himachali Folk Song.mp3,72,10
a03d040f4075b7a14935570832f3c68e,hindi,real,real,Himachali Folk Song.mp3,73,10
8693d12c209dfc201814ca214d9832c1,hindi,real,real,Himachali Folk Song.mp3,74,10
27f636eacb4d5bb661a3a49c4ce6889f,hindi,real,real,Himachali Folk Song.mp3,75,10
2a81eaaa51aec66d0542d22c0256523e,hindi,real,real,Himachali Folk Song.mp3,76,10
5326ad6a3cf84e095f1f0201a7f47aae,hindi,real,real,Himachali Folk Song.mp3,77,10
37a18a09de2abf85e4378e0532131a9f,hindi,real,real,Himachali Folk Song.mp3,78,10
de58f35e483580df17f6765f514a8367,hindi,real,real,Himachali Folk Song.mp3,79,10
70cc394bec80c4db16cb4a4dae25dea3,hindi,real,real,Himachali Folk Song.mp3,80,10
c832cf17e5eb87e52e63335f0555ae53,hindi,real,real,Himachali Folk Song.mp3,81,10
ef6f56fcbabee2b4fbae2608c12771d3,hindi,real,real,Himachali Folk Song.mp3,82,10
b8a258aeb7ba7e82975a99dfbe06b052,hindi,real,real,Himachali Folk Song.mp3,83,10
c1a511abef16708a9f57687995d7f63e,hindi,real,real,Himachali Folk Song.mp3,84,10
f94da6b94691fc19388ae7dfca00eea8,hindi,real,real,Marathi Folk Song.mp3,0,10
7c8f193f3b5d626a53fe1c3abcad6980,hindi,real,real,Marathi Folk Song.mp3,1,10
c0959e4674d3f3b571fc97d2973db429,hindi,real,real,Marathi Folk Song.mp3,2,10
1f20111f37e0b4bbc914f017ad66f7f0,hindi,real,real,Marathi Folk Song.mp3,3,10
e26699651361c3fb5d7bf451e3888d44,hindi,real,real,Marathi Folk Song.mp3,4,10
dc6214f2c0001a45265d8930d3db5ec4,hindi,real,real,Marathi Folk Song.mp3,5,10
2639a0420cd6f6284bdc58a5fbbfaf8a,hindi,real,real,Marathi Folk Song.mp3,6,10
69d8e78332e59a1cf21e02f8bb23cd10,hindi,real,real,Marathi Folk Song.mp3,7,10
4aae27b30954e55726ee58b80c3219de,hindi,real,real,Marathi Folk Song.mp3,8,10
bf0543515f72082fd9ed9c40a1dfe454,hindi,real,real,Marathi Folk Song.mp3,9,10
8f12749b23cfbbcf9f9a4b5b6b7c40b4,hindi,real,real,Marathi Folk Song.mp3,10,10
2386ba820c3ea4fb23cfc20ced416a52,hindi,real,real,Marathi Folk Song.mp3,11,10
1aadf82772637bca489bd4c8242819fd,hindi,real,real,Marathi Folk Song.mp3,12,10
ad4a0265e309be19923abb9400a665c8,hindi,real,real,Marathi Folk Song.mp3,13,10
9deeccad26ea5b09fb7a34595ccc6592,hindi,real,real,Marathi Folk Song.mp3,14,10
2ff5da2c63a984e70c62cc2151889237,hindi,real,real,Marathi Folk Song.mp3,15,10
455e98525b0d4b6d2fae2b6961c436b6,hindi,real,real,Marathi Folk Song.mp3,16,10
5bc93d9ee67cbc1a0b64853894718acc,hindi,real,real,Marathi Folk Song.mp3,17,10
e8f0c67dcbff78bfb987ae7c3dfc1fee,hindi,real,real,Marathi Folk Song.mp3,18,10
b1889324b71f2b1ac57f7c85ca07b902,hindi,real,real,Marathi Folk Song.mp3,19,10
6d1a154386a4c17958b29ee06aa6caa3,hindi,real,real,Marathi Folk Song.mp3,20,10
45895131645e25bb3da4622fac7f7cf2,hindi,real,real,Marathi Folk Song.mp3,21,10
c842ddb22470325ce891a765e0886b64,hindi,real,real,Marathi Folk Song.mp3,22,10
c6409ad2210b69e25e4989f89936fdfa,hindi,real,real,Marathi Folk Song.mp3,23,10
deae2513d278b353829138b45a5d1d65,hindi,real,real,Bhojpuri Folk Song.mp3,0,10
f511a176c18531e4caab3b375e0b9caf,hindi,real,real,Bhojpuri Folk Song.mp3,1,10
8dc3891ca52c828953927059fbbefe33,hindi,real,real,Bhojpuri Folk Song.mp3,2,10
cf0abce144e49866fbc5cffab7389c97,hindi,real,real,Bhojpuri Folk Song.mp3,3,10
ce7f3a01cb81ba3943db2e62756ad92c,hindi,real,real,Bhojpuri Folk Song.mp3,4,10
143871cd1062987137651064a354870f,hindi,real,real,Bhojpuri Folk Song.mp3,5,10
66769baa3f98d4f85b341bda17fa8a01,hindi,real,real,Bhojpuri Folk Song.mp3,6,10
70617e1abf67feb5be6f46b4eb2bac98,hindi,real,real,Bhojpuri Folk Song.mp3,7,10
4d55e20180b0cdc47c1ec805edc46219,hindi,real,real,Bhojpuri Folk Song.mp3,8,10
5657ad47240cf2835676d558cbe35de0,hindi,real,real,Bhojpuri Folk Song.mp3,9,10
82d0ad740558419caf29d8ca2ca23333,hindi,real,real,Bhojpuri Folk Song.mp3,10,10
8274bd899134dbaae86ec7d942f9b5de,hindi,real,real,Bhojpuri Folk Song.mp3,11,10
391e20023cb226c4765ebbcdb69b26da,hindi,real,real,Bhojpuri Folk Song.mp3,12,10
c9cfa9d726e36803042e78e7447aee68,hindi,real,real,Bhojpuri Folk Song.mp3,13,10
de4908cf3c04843ba7317173ec519af1,hindi,real,real,Bhojpuri Folk Song.mp3,14,10
a62a0081949d0280dd8a7413267e7942,hindi,real,real,Bhojpuri Folk Song.mp3,15,10
e30a41e26a8212de855a97cf1c84f753,hindi,real,real,Bhojpuri Folk Song.mp3,16,10
fe131df00f1d58d8fbea3f7f123778d9,hindi,real,real,Bhojpuri Folk Song.mp3,17,10
8196f9630232932d55d66659e39308d8,hindi,real,real,Bhojpuri Folk Song.mp3,18,10
54b2b337dd13966a10be5d37a6fd4618,hindi,real,real,Bhojpuri Folk Song.mp3,19,10
9415cc7294dcf851be6c350243ab6d1a,hindi,real,real,Bhojpuri Folk Song.mp3,20,10
b6b2cdae6ce43354da4c2457dc9a0b9d,hindi,real,real,Bhojpuri Folk Song.mp3,21,10
a74a9529ed1669d7baf93b1051113d88,hindi,real,real,Bhojpuri Folk Song.mp3,22,10
71509b60f74c5132183d89a5ae7d6b7e,hindi,real,real,Bhojpuri Folk Song.mp3,23,10
d9e084d798df55a923817b820653ae32,hindi,real,real,Garhwali Bhajan Folk.mp3,0,10
986312eeda36d530c7a13fc5b5380511,hindi,real,real,Garhwali Bhajan Folk.mp3,1,10
7a6da9601540ffe0aa8d46527125bec6,hindi,real,real,Garhwali Bhajan Folk.mp3,2,10
b3005a7e710637a9eb355faa334e0291,hindi,real,real,Garhwali Bhajan Folk.mp3,3,10
6cc41319393c97a01e39821e0d25a5ca,hindi,real,real,Garhwali Bhajan Folk.mp3,4,10
88ecebcfe6387a025644358ce8354674,hindi,real,real,Garhwali Bhajan Folk.mp3,5,10
c4f74e4fa0758f7ee5c3ad47f7c2a86c,hindi,real,real,Garhwali Bhajan Folk.mp3,6,10
70fb7516b6737398aff7fb76259e9507,hindi,real,real,Garhwali Bhajan Folk.mp3,7,10
1635714ab8b93d4f9f89e7317681ed1c,hindi,real,real,Garhwali Bhajan Folk.mp3,8,10
76d59adc3153eaddf43ae2e4ee1feca8,hindi,real,real,Garhwali Bhajan Folk.mp3,9,10
125c6b9b8d7772ef142a1f5b7282f0d7,hindi,real,real,Garhwali Bhajan Folk.mp3,10,10
e696d5748b665f71cd4e4ba451a4edb3,hindi,real,real,Garhwali Bhajan Folk.mp3,11,10
dce144164a9b1ccc5ddd47980a425c59,hindi,real,real,Garhwali Bhajan Folk.mp3,12,10
e930217cedd21fbb59eeddd21244d003,hindi,real,real,Garhwali Bhajan Folk.mp3,13,10
8178abc98ed4734e0213b67e9b260277,hindi,real,real,Garhwali Bhajan Folk.mp3,14,10
2a4d580d27d67263ea570174ded57e8d,hindi,real,real,Garhwali Bhajan Folk.mp3,15,10
789c56c842a1ea6dc5107475ad859009,hindi,real,real,Garhwali Bhajan Folk.mp3,16,10
157fd0e2373257ea43e8d94b57f0d23e,hindi,real,real,Garhwali Bhajan Folk.mp3,17,10
cfa6b1581bd30155e4e0e427099506de,hindi,real,real,Garhwali Bhajan Folk.mp3,18,10
1a2c01c8890bc2533dcf8403cf87db49,hindi,real,real,Garhwali Bhajan Folk.mp3,19,10
89c784f756b38722b12366a4e9349e01,hindi,real,real,Garhwali Bhajan Folk.mp3,20,10
efb1a71c21a69dba89e4af47570c41a9,hindi,real,real,Garhwali Bhajan Folk.mp3,21,10
4a25a5fe7a2aac5b4c9afd65fb665729,hindi,real,real,Garhwali Bhajan Folk.mp3,22,10
0ca08ee76a7a6726d27dac1fa063860a,hindi,real,real,Garhwali Bhajan Folk.mp3,23,10
68b31e1ce814110355b2f73d2ed88535,hindi,real,real,Garhwali Bhajan Folk.mp3,24,10
f8615ebc970a65e3d26de71630185195,hindi,real,real,Garhwali Bhajan Folk.mp3,25,10
2ba23854b6180fe7e6463668e8a786a8,hindi,real,real,Haryanvi Dance Folk.mp3,0,10
609beabc7114a15079e1b3522385d09e,hindi,real,real,Haryanvi Dance Folk.mp3,1,10
1244c524741c446b8f481cc50597e3ca,hindi,real,real,Haryanvi Dance Folk.mp3,2,10
be86f6ecf550053e45fd5ce2798dddf0,hindi,real,real,Haryanvi Dance Folk.mp3,3,10
81e1e2c0f410a570f62c40237bbe7155,hindi,real,real,Haryanvi Dance Folk.mp3,4,10
8fc3582fe14302507bfb836b0a37ab28,hindi,real,real,Haryanvi Dance Folk.mp3,5,10
f0bbc6a1079298584721ec871360f34c,hindi,real,real,Haryanvi Dance Folk.mp3,6,10
b5d078ffc5a2f64c935b7da94545ffd3,hindi,real,real,Haryanvi Dance Folk.mp3,7,10
4c720457de2b6a049f1eb1b6453947ba,hindi,real,real,Haryanvi Dance Folk.mp3,8,10
717a12ad46ec1043f92af2a57c6dad90,hindi,real,real,Haryanvi Dance Folk.mp3,9,10
5a08922690cca95f0a9966264e79f647,hindi,real,real,Haryanvi Dance Folk.mp3,10,10
4d8c6ddce6f07c2278c76ce7aacc7ce6,hindi,real,real,Haryanvi Dance Folk.mp3,11,10
95ad7153740482a072ff4e9b44bd1cd3,hindi,real,real,Haryanvi Dance Folk.mp3,12,10
4620f7e3098ff60d5f91061cc3d8c078,hindi,real,real,Haryanvi Dance Folk.mp3,13,10
a3a565c5e0b086ddd7701f98a2d50b6d,hindi,real,real,Haryanvi Dance Folk.mp3,14,10
b33aecc237453f8d073fae992b3fbbe2,hindi,real,real,Haryanvi Dance Folk.mp3,15,10
bad79f0c0a40e84ff96f4bd9680ea1c9,hindi,real,real,Haryanvi Dance Folk.mp3,16,10
a67462b00f4deb700ceb002a6a1f7d61,hindi,real,real,Haryanvi Dance Folk.mp3,17,10
efa0347bae37ee141387a71678d707be,hindi,real,real,Haryanvi Dance Folk.mp3,18,10
ca79dd995bf0d3f78a9be92245dacf36,hindi,real,real,Haryanvi Dance Folk.mp3,19,10
d4f060cc0122f6dea0b85c9efa180471,hindi,real,real,Haryanvi Dance Folk.mp3,20,10
b317c96a7473fffe24a6f1888b824a78,hindi,real,real,Haryanvi Dance Folk.mp3,21,10
6411faee19ea40ef1c12dc2fa41b5b08,hindi,real,real,Haryanvi Dance Folk.mp3,22,10
e0cef97edf3db5b09cc9a139d4385786,hindi,real,real,Haryanvi Dance Folk.mp3,23,10
27fef2444aaf4839ff9132e49a3692d5,hindi,real,real,Haryanvi Dance Folk.mp3,24,10
a8a499193adf4fba13e4310ea5a2c6d5,hindi,real,real,Haryanvi Dance Folk.mp3,25,10
377cd4af4bec4d6a47180f4d101f68f0,hindi,real,real,Haryanvi Dance Folk.mp3,26,10
450a584cc1ccfbb95c02c7e167ef9bda,hindi,real,real,Haryanvi Dance Folk.mp3,27,10
cb21c2db1fc4420a61691e9a84754dbf,hindi,real,real,Awadhi Traditional Song.mp3,0,10
f2c60b7b400efae475f4124158478230,hindi,real,real,Awadhi Traditional Song.mp3,1,10
2c3ccea30755cb9a2dc308a8ed0dee80,hindi,real,real,Awadhi Traditional Song.mp3,2,10
d3e7e2d264ba0105e1f9bee57db185eb,hindi,real,real,Awadhi Traditional Song.mp3,3,10
4999f2f5008cb5949fe43153faebbfc1,hindi,real,real,Awadhi Traditional Song.mp3,4,10
c1ffeefa26e4fd0dae7909f33c1b7af6,hindi,real,real,Awadhi Traditional Song.mp3,5,10
a70b4d6cf3fd26847d6667fe3fa0a3e2,hindi,real,real,Awadhi Traditional Song.mp3,6,10
8f5dd12d4d2c186f55133aecd05f5945,hindi,real,real,Awadhi Traditional Song.mp3,7,10
f4c3b89d088afc21d10159a9884eb918,hindi,real,real,Awadhi Traditional Song.mp3,8,10
62415603da97fb60fef76940bef0a7de,hindi,real,real,Awadhi Traditional Song.mp3,9,10
700329561c1910742397d4d3d46d4ead,hindi,real,real,Awadhi Traditional Song.mp3,10,10
f4e2f045fca99aa9e1967090f810cc6e,hindi,real,real,Awadhi Traditional Song.mp3,11,10
332b966e33fbbc90b6808ba47cae84e0,hindi,real,real,Awadhi Traditional Song.mp3,12,10
8d032c9b10049888eaa64507d09a254b,hindi,real,real,Awadhi Traditional Song.mp3,13,10
06de358eaad154fdaabe80e142957e80,hindi,real,real,Awadhi Traditional Song.mp3,14,10
28b2dca9088be43bb4d2419662dd03fe,hindi,real,real,Awadhi Traditional Song.mp3,15,10
e5073075e0d47896b2f6397a51e0e32d,hindi,real,real,Awadhi Traditional Song.mp3,16,10
4940f2ce358d445d81d5e7988123caac,hindi,real,real,Awadhi Traditional Song.mp3,17,10
5325352835f387ead366989a5c09728a,hindi,real,real,Awadhi Traditional Song.mp3,18,10
164b180f11caf7f3b3bdf4e7a17bd792,hindi,real,real,Awadhi Traditional Song.mp3,19,10
3a41ae31349c511f96b6f63ba44ad892,hindi,real,real,Awadhi Traditional Song.mp3,20,10
a4c2bbe3ee4cf49f5bda098aa19559e2,hindi,real,real,Awadhi Traditional Song.mp3,21,10
c7a116c09b9f21e56d46e0944092562e,hindi,real,real,Awadhi Traditional Song.mp3,22,10
3e2bf9690dfde39d199e63d0ca444aa9,hindi,real,real,Awadhi Traditional Song.mp3,23,10
5acb1f8446bff6b61b4d341b8c848153,hindi,real,real,Awadhi Traditional Song.mp3,24,10
aaf2adaa24b3ca7efa92958f289b3781,hindi,real,real,Awadhi Traditional Song.mp3,25,10
8dc7f81ab3060f54a4a6695dacc3b4bb,hindi,real,real,Maithili Folk Song.mp3,0,10
26d5dcf24178c995e983f65e59dd989f,hindi,real,real,Maithili Folk Song.mp3,1,10
1d8fb25dc70aaf935701c3521276751f,hindi,real,real,Maithili Folk Song.mp3,2,10
d2c524fb1a971d0bdc379a257c8cc303,hindi,real,real,Maithili Folk Song.mp3,3,10
491f20c9277b802e270f7eac328aa8ea,hindi,real,real,Maithili Folk Song.mp3,4,10
3dba86f76da8618ed150042749adbc48,hindi,real,real,Maithili Folk Song.mp3,5,10
f2026adb760d6d346a915f86771ed4c7,hindi,real,real,Maithili Folk Song.mp3,6,10
b1960a39d0f3840549b52baddf469224,hindi,real,real,Maithili Folk Song.mp3,7,10
ec8311f5cb9d8799ff569da9ae10b111,hindi,real,real,Maithili Folk Song.mp3,8,10
68b605b1ac9628d0c42379834eda8405,hindi,real,real,Maithili Folk Song.mp3,9,10
2f986149224d1d75fff7b2069e41ca80,hindi,real,real,Maithili Folk Song.mp3,10,10
d3e60782dcac1ad8e1bac865ebf34d34,hindi,real,real,Maithili Folk Song.mp3,11,10
f0babcee89eda66228ceaeed5d124b64,hindi,real,real,Maithili Folk Song.mp3,12,10
59bb289e394d882b7750743479150209,hindi,real,real,Maithili Folk Song.mp3,13,10
faf8f23c8db5f972af8d109b18edc009,hindi,real,real,Maithili Folk Song.mp3,14,10
01539c6d71652ff9678f4142b474fb6d,hindi,real,real,Maithili Folk Song.mp3,15,10
654f6a9d5b465612ede011c7076b3298,hindi,real,real,Maithili Folk Song.mp3,16,10
ceecb847ea90c9c48e0bc3701d419961,hindi,real,real,Maithili Folk Song.mp3,17,10
3bbf06da892cd30eeb4c84039c9c2925,hindi,real,real,Maithili Folk Song.mp3,18,10
0e8a1af9c69de84796a4be6c00496bd2,hindi,real,real,Maithili Folk Song.mp3,19,10
88695aed37cff70f583e7b496a27f58e,hindi,real,real,Maithili Folk Song.mp3,20,10
e941833cebe164c09a1974e60eb9d33c,hindi,real,real,Maithili Folk Song.mp3,21,10
627978d18a44066fae95bc7129d2ed16,hindi,real,real,Maithili Folk Song.mp3,22,10
227b5cf916e4b40b062a80264d96e93c,hindi,real,real,Maithili Folk Song.mp3,23,10
052d16ad3b7a98141fb39284a1705942,hindi,real,real,Maithili Folk Song.mp3,24,10
13f8880ceb6aece7358c417cc5edf1db,hindi,real,real,Maithili Folk Song.mp3,25,10
448e67ed3d4d01168e5e32c4c5f74ac0,hindi,real,real,Maithili Folk Song.mp3,26,10
793600ea5c773fd8909855c88ab2d749,hindi,real,real,Maithili Folk Song.mp3,27,10
40eb1c5249009d9f5fc0e4af8d46c590,hindi,real,real,Maithili Folk Song.mp3,28,10
97325c95974df14eafae05704ddc1da6,hindi,real,real,Maithili Folk Song.mp3,29,10
6917d1e4a927795bafd3bb539dad8215,hindi,real,real,Maithili Folk Song.mp3,30,10
b6ee940530fbfd4092b6423ed782c6f3,hindi,real,real,Maithili Folk Song.mp3,31,10
57d433b6ddf85b04f5d0267591631bc0,hindi,real,real,Maithili Folk Song.mp3,32,10
afd2f84c83c4c949359a6eba5bc15f0d,hindi,real,real,Maithili Folk Song.mp3,33,10
b8378ed8f48b825e7d29de8659d03e0f,hindi,real,real,Maithili Folk Song.mp3,34,10
4a25da464509db61afe46deff705100f,hindi,real,real,Maithili Folk Song.mp3,35,10
ba588e4d32e56d850daa7e55ea84adf6,hindi,real,real,Maithili Folk Song.mp3,36,10
c1984a9e26358bd7b173251ce469bd66,hindi,real,real,Maithili Folk Song.mp3,37,10
9766a2b61aa47a2b35f44c19f70f720e,hindi,real,real,Maithili Folk Song.mp3,38,10
de20b9477b1a5202d6c640d760da25c3,hindi,real,real,Maithili Folk Song.mp3,39,10
12750e21a4812db76d60766b7996bac8,hindi,real,real,Maithili Folk Song.mp3,40,10
1aa42fdd785e6e004c72b60ec2beb597,hindi,real,real,Maithili Folk Song.mp3,41,10
141af030ee848f2c4b95da1ec8c34f61,hindi,real,real,Kashmiri Folk Song.mp3,0,10
2ec54aa7900b0bcca554e45279d7061d,hindi,real,real,Kashmiri Folk Song.mp3,1,10
cfaac6e8e96d9b69f266b5c7bb62c51d,hindi,real,real,Kashmiri Folk Song.mp3,2,10
695f2d8351445172cee8f0943b033d42,hindi,real,real,Kashmiri Folk Song.mp3,3,10
48378c1b8c50c0e93d02f6c11a0c1bb8,hindi,real,real,Kashmiri Folk Song.mp3,4,10
cefec6d25c412a1a0e3217276f9e8817,hindi,real,real,Kashmiri Folk Song.mp3,5,10
aa343eae978b4e6bc097283aa6f0854a,hindi,real,real,Kashmiri Folk Song.mp3,6,10
4a3a1749733b823a523ed0296b2a69ab,hindi,real,real,Kashmiri Folk Song.mp3,7,10
9412c3ac86f7eb374bb726c66b3db4c9,hindi,real,real,Kashmiri Folk Song.mp3,8,10
40791d2113b355e31641899db174a058,hindi,real,real,Kashmiri Folk Song.mp3,9,10
528d5caf475fa8a7834ea9171eb75590,hindi,real,real,Kashmiri Folk Song.mp3,10,10
1d2c9ce3e0d33739fc0ac05c6151922f,hindi,real,real,Kashmiri Folk Song.mp3,11,10
b10ca904ba90e3d08879c272f113c029,hindi,real,real,Kashmiri Folk Song.mp3,12,10
0a328ecd8bc4d058dd14f0adec65279a,hindi,real,real,Kashmiri Folk Song.mp3,13,10
e60a579599f345d6c81e192fa95de78d,hindi,real,real,Kashmiri Folk Song.mp3,14,10
2cfcc98444a357054233538be4f279b2,hindi,real,real,Kashmiri Folk Song.mp3,15,10
316fea0191f95daff31b42636ad0d258,hindi,real,real,Kashmiri Folk Song.mp3,16,10
1a3547f769d56b43f71fee94a60bb6c5,hindi,real,real,Kashmiri Folk Song.mp3,17,10
fa862f386d33ae32538c5b3a02b88345,hindi,real,real,Kashmiri Folk Song.mp3,18,10
30c4e7816b987b2001d778e85a7bec8b,hindi,real,real,Kashmiri Folk Song.mp3,19,10
e0065fda347f50f2aafe3c1993495429,hindi,real,real,Kashmiri Folk Song.mp3,20,10
f4841c400f5529beb5cf9713bebaab35,hindi,real,real,Kashmiri Folk Song.mp3,21,10
297203627a413221df88a9620cfe9f06,hindi,real,real,Kashmiri Folk Song.mp3,22,10
6cbae37773594d88481056e05519a55f,hindi,real,real,Kashmiri Folk Song.mp3,23,10
004784bfeddbd98a45550305279e9916,hindi,real,real,Kashmiri Folk Song.mp3,24,10
9127ebb908c5e1aa34971f8153ed764a,hindi,real,real,Kashmiri Folk Song.mp3,25,10
42a8458845958e2b394fa83c839e72b3,hindi,real,real,Kashmiri Folk Song.mp3,26,10
920f31df1ee9ef1322475d7463ae0bb5,hindi,real,real,Kashmiri Folk Song.mp3,27,10
7482742c4aaf65b18df780177b937b60,hindi,real,real,Kashmiri Folk Song.mp3,28,10
417829fb83c6ba9f5ad82ee334741ff8,hindi,real,real,Kashmiri Folk Song.mp3,29,10
986f4a3507d866f3af0b6cc1414b27d5,hindi,real,real,Kashmiri Folk Song.mp3,30,10
a8a568ccd30846bd5ad16bc34e9fddfc,hindi,real,real,Kashmiri Folk Song.mp3,31,10
50054d688eea2c30cc4da6b5c9ecc15a,hindi,real,real,Kashmiri Folk Song.mp3,32,10
3d0f9d7b3577881f69896b0ecc6e7ed4,hindi,real,real,Kashmiri Folk Song.mp3,33,10
b86ca56cba3eb805a1f41c237a224e65,hindi,real,real,Kashmiri Folk Song.mp3,34,10
8a3d9dcbc59486a0daa06954295b3e1a,hindi,real,real,Kashmiri Folk Song.mp3,35,10
27b36bd6263c7f5b2a1f2ddf6c336f1f,hindi,real,real,Kashmiri Folk Song.mp3,36,10
e039c9e4152ba3e0a285b427cef7881c,hindi,real,real,Kashmiri Folk Song.mp3,37,10
1b74de5124ba5769928e4301fd2537f6,hindi,real,real,Kashmiri Folk Song.mp3,38,10
d4db6f4d3c66f8a511b9beaab36d4fc2,hindi,real,real,Kashmiri Folk Song.mp3,39,10
c479dce61f60064decf3c8de2d59fb96,hindi,real,real,Kashmiri Folk Song.mp3,40,10
53f5360e4599826f3c85ef1a94026b49,hindi,real,real,Kashmiri Folk Song.mp3,41,10
d5ce082b71f068c7e20d4e636e4c0661,hindi,real,real,Kashmiri Folk Song.mp3,42,10
2af95a743b6bb4761d6f9095d2d431d2,hindi,real,real,Kashmiri Folk Song.mp3,43,10
0510a3d418d7a5445f6f814860cdb5ad,hindi,real,real,Kashmiri Folk Song.mp3,44,10
64ee61ada6164dc9fe71d79176003dd5,hindi,real,real,Kashmiri Folk Song.mp3,45,10
ab08aa2cced34c1ebdffae6c53997646,hindi,real,real,Kashmiri Folk Song.mp3,46,10
a3e519354922e6a04f505c0c41bb11d2,hindi,real,real,Kashmiri Folk Song.mp3,47,10
15210a3bf38d21955c5069e570645146,hindi,real,real,Kashmiri Folk Song.mp3,48,10
43a32c0a2f19f62295290078307b51bc,hindi,real,real,Kashmiri Folk Song.mp3,49,10
ece18902f7e731f50a8db6924476d515,hindi,real,real,Kashmiri Folk Song.mp3,50,10
c80bf1b1c29b6e7c19faa28cb377f215,hindi,real,real,Kashmiri Folk Song.mp3,51,10
0d50e916ae8b69d3aedf4e60c1c8adaf,hindi,real,real,Kashmiri Folk Song.mp3,52,10
04d231d78f197d7e07fc0585fbad1376,hindi,real,real,Kashmiri Folk Song.mp3,53,10
3199bb9aa944be7075160ad72e4da9c1,hindi,real,real,Kashmiri Folk Song.mp3,54,10
2868834cb910cccb9bc34f293db11cd9,hindi,real,real,Kashmiri Folk Song.mp3,55,10
a4c1e2b402cc8a6e82f890ee9554cf31,hindi,real,real,Kashmiri Folk Song.mp3,56,10
e122b9c89da55d9860d0a0a43f1e3858,hindi,real,real,Gujrati Folk Song.mp3,0,10
9713cfe7d393d2eef3916443382e67bc,hindi,real,real,Gujrati Folk Song.mp3,1,10
eae4d833fe7ef9d13ec22d2afcef7bc0,hindi,real,real,Gujrati Folk Song.mp3,2,10
afb73935c5d8145ff25ea4f0a0fe3d26,hindi,real,real,Gujrati Folk Song.mp3,3,10
fb6afc51f3054300de744148e9ada9ed,hindi,real,real,Gujrati Folk Song.mp3,4,10
1ada0dc056ba206988f57586d2255dcb,hindi,real,real,Gujrati Folk Song.mp3,5,10
ee33bb5d0846de0a2b52edd0c62d6955,hindi,real,real,Gujrati Folk Song.mp3,6,10
879518ac0259bc25b79e61f6b1270056,hindi,real,real,Gujrati Folk Song.mp3,7,10
f8c9d61da7df1c6220f8b00635cdf19b,hindi,real,real,Gujrati Folk Song.mp3,8,10
645dfade5bd9c5f8789ba21d3dc2b7ea,hindi,real,real,Gujrati Folk Song.mp3,9,10
b80652dffa08dadc880b51a073c8c6a4,hindi,real,real,Gujrati Folk Song.mp3,10,10
a88b0a8d3d9adc4d67611a32cb3df4e3,hindi,real,real,Gujrati Folk Song.mp3,11,10
191419d788d5f427be12495678457aa5,hindi,real,real,Gujrati Folk Song.mp3,12,10
d21cb37cd37c77a4a4a118963392afc3,hindi,real,real,Gujrati Folk Song.mp3,13,10
f0511b145bdbfa8152b59e1217317ed9,hindi,real,real,Gujrati Folk Song.mp3,14,10
dca0c173c0c22359cef1c75bd9992071,hindi,real,real,Gujrati Folk Song.mp3,15,10
547002d80e6fafdcd9ba462cfc9a174b,hindi,real,real,Gujrati Folk Song.mp3,16,10
c94f13616380718dff8264d95621ffb4,hindi,real,real,Gujrati Folk Song.mp3,17,10
c9480564bd8cbc2075537d6a55c2f769,hindi,real,real,Gujrati Folk Song.mp3,18,10
43f14f7509f20a9fa07efb4a2ea7b898,hindi,real,real,Gujrati Folk Song.mp3,19,10
20c42ead5ec024364306c716c56d2af0,hindi,real,real,Gujrati Folk Song.mp3,20,10
1bbeb56da1ff27bfdbdb6c57696b25b4,hindi,real,real,Gujrati Folk Song.mp3,21,10
43b532ce8e5adddf0b6f1828cfe80770,hindi,real,real,Gujrati Folk Song.mp3,22,10
086615830305bb9e11c5c9f149942c2e,hindi,real,real,Gujrati Folk Song.mp3,23,10
cabbfd54fb7521306aef7863bd3a2aa6,hindi,real,real,Gujrati Folk Song.mp3,24,10
3ae937600cf75b9098c85edc513925f8,hindi,real,real,Punjab Folk Song.mp3,0,10
acc78881521765bc8deccca0831300c6,hindi,real,real,Punjab Folk Song.mp3,1,10
ac3af38fff3cea01831a70ea6fcb7e62,hindi,real,real,Punjab Folk Song.mp3,2,10
860bcc444e7bdd1459ce4d2183c83635,hindi,real,real,Punjab Folk Song.mp3,3,10
5a407bfa677ceed064e68bf72c44a320,hindi,real,real,Punjab Folk Song.mp3,4,10
89b10ac5cab08c3f0449c02cd6090ffb,hindi,real,real,Punjab Folk Song.mp3,5,10
3e4cce478aaab1c15c1753aab2465044,hindi,real,real,Punjab Folk Song.mp3,6,10
b8630b614b75c187c8c5311c4093280f,hindi,real,real,Punjab Folk Song.mp3,7,10
5509f0cee07d6dd2ba495b04c92a10a7,hindi,real,real,Punjab Folk Song.mp3,8,10
ca81ed46b066c0fd9719d66aa7b7261e,hindi,real,real,Punjab Folk Song.mp3,9,10
3a2c0c4f3e85608cff261c80a55eeb33,hindi,real,real,Punjab Folk Song.mp3,10,10
8068af02e0ba5a4296c4ba13ee0c7201,hindi,real,real,Punjab Folk Song.mp3,11,10
de217231e8c40099dcff4e300b252c4e,hindi,real,real,Punjab Folk Song.mp3,12,10
0a877a76965cbad040f036594845a700,hindi,real,real,Punjab Folk Song.mp3,13,10
77ad6f15dbb381079b4bfa80f8a27d54,hindi,real,real,Punjab Folk Song.mp3,14,10
d65639c4e915228c1f6b8caab04bb8c0,hindi,real,real,Punjab Folk Song.mp3,15,10
e082d612297cd0cbc2e5ed6bc9b22968,hindi,real,real,Punjab Folk Song.mp3,16,10
da7f7a4531f45ec1b83d9caad8d97b97,hindi,real,real,Punjab Folk Song.mp3,17,10
3cf55ae433219531e56a20cb05987248,hindi,real,real,Punjab Folk Song.mp3,18,10
ca2291aa2e84a1e90b97d54667b3b67d,hindi,real,real,Punjab Folk Song.mp3,19,10
48dc30d200b1af8482595c1effe64bd3,hindi,real,real,Punjab Folk Song.mp3,20,10
fcdba328306bfccb97f70e2719f3b645,hindi,real,real,Punjab Folk Song.mp3,21,10
f504b995b3a67eff7638faf01a5b1c63,hindi,real,real,Punjab Folk Song.mp3,22,10
8be344fbcf05fee726e53dacb8a29424,hindi,real,real,Punjab Folk Song.mp3,23,10
dc4eb4be9b6dc2a27c05499a6ce010b8,hindi,real,real,Punjab Folk Song.mp3,24,10
77b12f759b28dd080172194c1e0647b9,hindi,real,real,Lag Ja Gale.mp3,0,10
13f3c5155af662c3401cf6cdbe5a3187,hindi,real,real,Lag Ja Gale.mp3,1,10
225c0b1bb93dccf1e0a5483e86167a98,hindi,real,real,Lag Ja Gale.mp3,2,10
af11a278fac6542963caa9b1f8a0583b,hindi,real,real,Lag Ja Gale.mp3,3,10
1ffdda9cc958f0b6afd169a4f65cbd90,hindi,real,real,Lag Ja Gale.mp3,4,10
8d11b5dd4ff29c4352827dc76c141ecb,hindi,real,real,Lag Ja Gale.mp3,5,10
753393a9cb695f269b25fdb073783860,hindi,real,real,Lag Ja Gale.mp3,6,10
5b3d5cf41ce631d2c86589b10e5714a4,hindi,real,real,Lag Ja Gale.mp3,7,10
6fe1fcd9f2d2f83ce77456f41f6600bb,hindi,real,real,Lag Ja Gale.mp3,8,10
36e5e9123bd40e4070216297555bbcf9,hindi,real,real,Lag Ja Gale.mp3,9,10
746641d72dd1d65299a9b4f3199fd7a8,hindi,real,real,Lag Ja Gale.mp3,10,10
3983fd98b2ef69cd5c9876c19ecf25e0,hindi,real,real,Lag Ja Gale.mp3,11,10
2dbf81a3995fba231fa2f4a24831fcf0,hindi,real,real,Lag Ja Gale.mp3,12,10
b0c507a041c1e5cd8301d4949c53ee9d,hindi,real,real,Lag Ja Gale.mp3,13,10
24b483c9ba7aa56af4f104cb2ec54fcb,hindi,real,real,Lag Ja Gale.mp3,14,10
1d64cee2dae905dd2da751aee51070a4,hindi,real,real,Lag Ja Gale.mp3,15,10
939b277ac5fbe2561606d826b30e0d2a,hindi,real,real,Lag Ja Gale.mp3,16,10
203f8cfe78c6b88f355b9a2552ef483a,hindi,real,real,Lag Ja Gale.mp3,17,10
8db1611c85b1cbbefe935db9ed585aa8,hindi,real,real,Lag Ja Gale.mp3,18,10
ca7155e3636adcdaa6418fe81d05c3c7,hindi,real,real,Lag Ja Gale.mp3,19,10
c636dad86add75466f9e48c3375cc8d7,hindi,real,real,Tere Bina Zindagi Se.mp3,0,10
e5c7d9be80e9cf5df5d7ab083a40721d,hindi,real,real,Tere Bina Zindagi Se.mp3,1,10
2a13cfe603c4835a7db77a194aa4eac4,hindi,real,real,Tere Bina Zindagi Se.mp3,2,10
ffbf968bea085d5f2ebd4a2526d5a240,hindi,real,real,Tere Bina Zindagi Se.mp3,3,10
ccd123237fc39b11b1c437d3a6af18de,hindi,real,real,Tere Bina Zindagi Se.mp3,4,10
b260881677ed14772e1f6d488ca18541,hindi,real,real,Tere Bina Zindagi Se.mp3,5,10
12d24806a03e589572b8d0d3db6cc305,hindi,real,real,Tere Bina Zindagi Se.mp3,6,10
5578fa1a62b77ba617b615fe53ec4af8,hindi,real,real,Tere Bina Zindagi Se.mp3,7,10
994d480ef236b0f76d68eb29c814451d,hindi,real,real,Tere Bina Zindagi Se.mp3,8,10
ca4cb89e91680a2ada64498485ff229b,hindi,real,real,Tere Bina Zindagi Se.mp3,9,10
955058245f7011360da4415907119156,hindi,real,real,Tere Bina Zindagi Se.mp3,10,10
b19e64e55fb9d7515e0ec4b3721c3e91,hindi,real,real,Tere Bina Zindagi Se.mp3,11,10
cac77b19be915f281cd56b1d00d29f9b,hindi,real,real,Tere Bina Zindagi Se.mp3,12,10
c14dc3fbc0c3d741c9f1e077ebc015ea,hindi,real,real,Tere Bina Zindagi Se.mp3,13,10
b33887a4cc9a7c2ce9d31542d6966c2d,hindi,real,real,Tere Bina Zindagi Se.mp3,14,10
d046b51f1275633c2db39e178cf034c5,hindi,real,real,Tere Bina Zindagi Se.mp3,15,10
fd3704c8b4ac7837493fa521fccfb12e,hindi,real,real,Tere Bina Zindagi Se.mp3,16,10
5a3d8bc1a4803ee5dd574a6aab2f7133,hindi,real,real,Tere Bina Zindagi Se.mp3,17,10
77dc667e426cc7bc15748af615efe363,hindi,real,real,Tere Bina Zindagi Se.mp3,18,10
927875386bbc7478a28fd06361c11503,hindi,real,real,Tere Bina Zindagi Se.mp3,19,10
5cfe0f6051d5c8079432e314b33c4363,hindi,real,real,Tere Bina Zindagi Se.mp3,20,10
b65f6447c1a7b97a93a8c59f44adb46d,hindi,real,real,Tere Bina Zindagi Se.mp3,21,10
0ac0861c7c7ec4b60fd6dea7f0d61cad,hindi,real,real,Tere Bina Zindagi Se.mp3,22,10
236d38b90b77e555a204ddf7dcc1ed0e,hindi,real,real,Tere Bina Zindagi Se.mp3,23,10
245b8f06efb95c851f95cc4327ca3550,hindi,real,real,Tere Bina Zindagi Se.mp3,24,10
e66b137f802d5c616a142779a2c62a6a,hindi,real,real,Tere Bina Zindagi Se.mp3,25,10
3bb715d0c3e6a15e26283e60a3fcce7e,hindi,real,real,Tere Bina Zindagi Se.mp3,26,10
cfecaea558b88639c96451eb4abb59a3,hindi,real,real,Tere Bina Zindagi Se.mp3,27,10
339ba304d124e0a4eeed5fec171d7503,hindi,real,real,Tere Bina Zindagi Se.mp3,28,10
08fea84cba38c8db035b08494a9f117e,hindi,real,real,Tere Bina Zindagi Se.mp3,29,10
eb4e0c127ff6948a123992a02920ed20,hindi,real,real,Tere Bina Zindagi Se.mp3,30,10
67f447d3ec9a58ae684523c82739ed6d,hindi,real,real,Tere Bina Zindagi Se.mp3,31,10
eb1e08a97eefbf7536e5bc52d0104ece,hindi,real,real,Tere Bina Zindagi Se.mp3,32,10
85dcfde82362c177184906b64af9cdb3,hindi,real,real,Tere Bina Zindagi Se.mp3,33,10
dccc221813e2889f01a9c8ef4a422986,hindi,real,real,Tere Bina Zindagi Se.mp3,34,10
2bc94ede552ace20d1eb81d4103a3d0e,hindi,real,real,Tere Bina Zindagi Se.mp3,35,10
22a7dd57296df2a9d7d44786a7afe758,hindi,real,real,Tere Bina Zindagi Se.mp3,36,10
e61699ccbab6d3d74be0620d3b10c7fa,hindi,real,real,Tere Bina Zindagi Se.mp3,37,10
8bcac5d97672202776c10deacd215276,hindi,real,real,Tere Bina Zindagi Se.mp3,38,10
25e5844e7e95156945359251c825c1b8,hindi,real,real,Tere Bina Zindagi Se.mp3,39,10
eeddf531254935ce5eb0289eb826b251,hindi,real,real,Tere Bina Zindagi Se.mp3,40,10
0aad9776086e03a1f2ef795fa690faa4,hindi,real,real,Tere Bina Zindagi Se.mp3,41,10
3e9d95678fce48e8321370ed371d19b7,hindi,real,real,Tere Bina Zindagi Se.mp3,42,10
acacc2800518fa3386f5329071db86dc,hindi,real,real,Tere Bina Zindagi Se.mp3,43,10
6c745fb9761060c4a11e5eeda402f9a6,hindi,real,real,Tere Bina Zindagi Se.mp3,44,10
0b4c66f77323533f2eac9a12db530ecc,hindi,real,real,Tere Bina Zindagi Se.mp3,45,10
aeacfa18e0a43f2dcd4c77f7b787912a,hindi,real,real,Tere Bina Zindagi Se.mp3,46,10
354945c8bd8da8926e4e1aec2dca6d6e,hindi,real,real,Tere Bina Zindagi Se.mp3,47,10
43bf9659308ad83f21a8d844b5bf500e,hindi,real,real,Tere Bina Zindagi Se.mp3,48,10
5c5718fe772e6d0e45183d4bfec31eec,hindi,real,real,Tere Bina Zindagi Se.mp3,49,10
8337770d5e8b72f9ec4f178afe33d00b,hindi,real,real,Tere Bina Zindagi Se.mp3,50,10
2715a6639a2aea0dfe4ffc0fa9bd7125,hindi,real,real,Tere Bina Zindagi Se.mp3,51,10
651972b037494be3e32e17f49bd4b250,hindi,real,real,Tere Bina Zindagi Se.mp3,52,10
ccd4dfb3fbabf4f00086896d854a5e25,hindi,real,real,Tere Bina Zindagi Se.mp3,53,10
160ea5128f1a541da65fb4badb823755,hindi,real,real,Tere Bina Zindagi Se.mp3,54,10
9a2a7e189e1405016fc4c1187d811141,hindi,real,real,Tere Bina Zindagi Se.mp3,55,10
ee5a343d4281a1cc057a8c4f144daa76,hindi,real,real,Tere Bina Zindagi Se.mp3,56,10
98953650a7544a1ff6fa4f80c4d629ac,hindi,real,real,Tere Bina Zindagi Se.mp3,57,10
1fea3cd9275e77578ee9cce0e1eea680,hindi,real,real,Tere Bina Zindagi Se.mp3,58,10
61380dc341081b48ba3bd9c401e1bba1,hindi,real,real,Tere Bina Zindagi Se.mp3,59,10
38141fb7c99e23ef696786ebd7793fc9,hindi,real,real,Tere Bina Zindagi Se.mp3,60,10
0831478f6996703ddf81a7714a138513,hindi,real,real,Tere Bina Zindagi Se.mp3,61,10
7ae6f4ccf7e6c299a315be86f1055aa7,hindi,real,real,Tere Bina Zindagi Se.mp3,62,10
ac0efc15c02815601ff6d2421bbd8f4d,hindi,real,real,Tere Bina Zindagi Se.mp3,63,10
c7edbd049bf6d7c94f84884b18186124,hindi,real,real,Tere Bina Zindagi Se.mp3,64,10
38e9b64d8562b5357fbf3d088c4aaf0d,hindi,real,real,Tere Bina Zindagi Se.mp3,65,10
8cdb15a8b8c3b45daf46e05922f7838b,hindi,real,real,Tere Bina Zindagi Se.mp3,66,10
5a8f8d8457c8b991f80f0dde2c727c04,hindi,real,real,Tere Bina Zindagi Se.mp3,67,10
6f9f7101ef6c15ad9aa6ad6761a60261,hindi,real,real,Ae Mere Watan Ke Logo.mp3,0,10
7adc217238ca23ef6c13c5fd88cb7fb2,hindi,real,real,Ae Mere Watan Ke Logo.mp3,1,10
853e72ae8e412a0377e41d2ef307a3af,hindi,real,real,Ae Mere Watan Ke Logo.mp3,2,10
c6c7a2f2e91922d5dbb12cba5ae2bfc7,hindi,real,real,Ae Mere Watan Ke Logo.mp3,3,10
990fae0d86895ef9bfbaf7c9e958b176,hindi,real,real,Ae Mere Watan Ke Logo.mp3,4,10
7d405cac8861e2eb8e2a3fb8c0213515,hindi,real,real,Ae Mere Watan Ke Logo.mp3,5,10
d5a433481d1d7afc0c9b26a79adfe9fd,hindi,real,real,Ae Mere Watan Ke Logo.mp3,6,10
f2cf83d7f19619103dd918c2aadea02c,hindi,real,real,Ae Mere Watan Ke Logo.mp3,7,10
0c9f2eb5dade0f1d78a908c0fbf93a4f,hindi,real,real,Ae Mere Watan Ke Logo.mp3,8,10
f6aedbcb9aab5f8f078f415513102234,hindi,real,real,Ae Mere Watan Ke Logo.mp3,9,10
48424a8cbcb6163840fed7debb1ec972,hindi,real,real,Ae Mere Watan Ke Logo.mp3,10,10
fd3ebd99d348061ba538d258ffaaccc1,hindi,real,real,Ae Mere Watan Ke Logo.mp3,11,10
f002423676637b78e4955bf24c649ee3,hindi,real,real,Ae Mere Watan Ke Logo.mp3,12,10
f91bfb1890d460430b6e55e28a24bf5d,hindi,real,real,Ae Mere Watan Ke Logo.mp3,13,10
cb9d93e29e80ffb7d4ff8bcbee6dfa83,hindi,real,real,Ae Mere Watan Ke Logo.mp3,14,10
c6289ee83d561677b6ac520c2bf2d5b5,hindi,real,real,Ae Mere Watan Ke Logo.mp3,15,10
6bd3376c6c0883ff9496355e905a60e6,hindi,real,real,Ae Mere Watan Ke Logo.mp3,16,10
2fdb1d7f9679537c7e7f5695e0b7cead,hindi,real,real,Ae Mere Watan Ke Logo.mp3,17,10
6ec48acc495f46d7e9d22641b432ec82,hindi,real,real,Ae Mere Watan Ke Logo.mp3,18,10
fcf1c06ce48bb416dd094fbdfa67a3d4,hindi,real,real,Ae Mere Watan Ke Logo.mp3,19,10
5d10a3e2c990d600dea0d9d72da13e04,hindi,real,real,Ae Mere Watan Ke Logo.mp3,20,10
c5433af55813f311054a43d50df9197d,hindi,real,real,Ae Mere Watan Ke Logo.mp3,21,10
5fe6b0014233cc9af9f1d074b6e4e378,hindi,real,real,Ae Mere Watan Ke Logo.mp3,22,10
afd9e9d628d8581bfceca9719443f832,hindi,real,real,Ae Mere Watan Ke Logo.mp3,23,10
43d62af35ab49c0a3fd1663ce618b0d2,hindi,real,real,Ae Mere Watan Ke Logo.mp3,24,10
4fce700a9a2c83c051dafbd307e51c84,hindi,real,real,Ae Mere Watan Ke Logo.mp3,25,10
25b73886be7065f1ca035651e0dd81a7,hindi,real,real,Ae Mere Watan Ke Logo.mp3,26,10
6ecdcbd1757d8706157d132ae49ada6d,hindi,real,real,Ae Mere Watan Ke Logo.mp3,27,10
df6a8191ba3042da9c6551d7bfa40352,hindi,real,real,Ae Mere Watan Ke Logo.mp3,28,10
b35fb19d8b3e2fc19325200377043a5d,hindi,real,real,Ae Mere Watan Ke Logo.mp3,29,10
aee555eb71fe1bc3b2a976e3fc147935,hindi,real,real,Ae Mere Watan Ke Logo.mp3,30,10
3b6edd169003ccbbc0598c2cf9789f01,hindi,real,real,Ae Mere Watan Ke Logo.mp3,31,10
aa0cd90a3b4df4f6d2d585c0182299f4,hindi,real,real,Ae Mere Watan Ke Logo.mp3,32,10
c3e5f25e6b5aab04b2688cf9f0aabf78,hindi,real,real,Ae Mere Watan Ke Logo.mp3,33,10
c908c4d243258b139724b82b2a5faa4f,hindi,real,real,Ae Mere Watan Ke Logo.mp3,34,10
4c1c8b71f8429c0d987994404ba1d1f6,hindi,real,real,Roop Tera Mastana.mp3,0,10
3d749e14c7a2964561f683180e555637,hindi,real,real,Roop Tera Mastana.mp3,1,10
9953f205ce822d02b16c47517edaebd4,hindi,real,real,Roop Tera Mastana.mp3,2,10
8394b6737b13e8f95cf49d257170ce61,hindi,real,real,Roop Tera Mastana.mp3,3,10
fd7ebcefead5b6a381dc76057191d228,hindi,real,real,Roop Tera Mastana.mp3,4,10
df2813450ede9209d13169c4a2254dba,hindi,real,real,Roop Tera Mastana.mp3,5,10
b540834f8eadb8c1818f38f87e86b216,hindi,real,real,Roop Tera Mastana.mp3,6,10
151037326d6bad85665e4bf8cfc68a51,hindi,real,real,Roop Tera Mastana.mp3,7,10
b38ca9330c011da3463b0c22f9538da0,hindi,real,real,Roop Tera Mastana.mp3,8,10
478bbc48ad52aa2d891663352d9f4595,hindi,real,real,Roop Tera Mastana.mp3,9,10
19ccf73a41f5a183bc91c31a50627685,hindi,real,real,Roop Tera Mastana.mp3,10,10
186a80e317980494476c1bb886584abc,hindi,real,real,Roop Tera Mastana.mp3,11,10
0e064374a0a5981375a8ca7580980a72,hindi,real,real,Roop Tera Mastana.mp3,12,10
8e3c22862a14a557aa9c35901ab68c9e,hindi,real,real,Roop Tera Mastana.mp3,13,10
18684e76977e58bb670890bb82bac8b2,hindi,real,real,Roop Tera Mastana.mp3,14,10
c41512a856e5a0bcad468fafc58d6abf,hindi,real,real,Roop Tera Mastana.mp3,15,10
7cf93f0ad34c721db32110d2e003acaf,hindi,real,real,Roop Tera Mastana.mp3,16,10
347771cb80053d067399497ecf0a458c,hindi,real,real,Roop Tera Mastana.mp3,17,10
1b995e11af4fab13f3f2dd47889cfdec,hindi,real,real,Roop Tera Mastana.mp3,18,10
a8b71597bac5a2e1efd1fe2bd95299e0,hindi,real,real,Roop Tera Mastana.mp3,19,10
ae1bd66243145ad4172e1cf8f04df24d,hindi,real,real,Roop Tera Mastana.mp3,20,10
dde515280a90af847162f04cf8d17082,hindi,real,real,Roop Tera Mastana.mp3,21,10
e378b6bac1a853863191de7c8dedaef8,hindi,real,real,Roop Tera Mastana.mp3,22,10
a49f6680c51f5a9692e4f264461c1c37,hindi,real,real,Roop Tera Mastana.mp3,23,10
8bb7646f483b6c7c74ba6dd8eb6f3f15,hindi,real,real,Roop Tera Mastana.mp3,24,10
2c3a8960105f4f8a7534459aa646ed8b,hindi,real,real,Roop Tera Mastana.mp3,25,10
9c132be3fe04f929b52707a9116be688,hindi,real,real,Roop Tera Mastana.mp3,26,10
de31546a50fe9063d060d59f2b7eabf6,hindi,real,real,Roop Tera Mastana.mp3,27,10
9ed4ac9c7b6019380f2dbddf88ffe2e4,hindi,real,real,Roop Tera Mastana.mp3,28,10
b49748f018e6c7ccc9d6d9b42f9387d1,hindi,real,real,Roop Tera Mastana.mp3,29,10
f9d95de313679c53b572d5c1d867b22f,hindi,real,real,Roop Tera Mastana.mp3,30,10
2e2a35ea0680349d35db1935371fe3b6,hindi,real,real,Roop Tera Mastana.mp3,31,10
7922832dd3aaa45faef5984a6ce56342,hindi,real,real,Roop Tera Mastana.mp3,32,10
44ff22097c908debda6420ff24820116,hindi,real,real,Roop Tera Mastana.mp3,33,10
e1846911c05be8e37036101062ad3d4b,hindi,real,real,Roop Tera Mastana.mp3,34,10
279ff000f17a0a2b3454defaff8140fe,hindi,real,real,Roop Tera Mastana.mp3,35,10
80279a240c07e49c698fdd780b471de1,hindi,real,real,Roop Tera Mastana.mp3,36,10
d1d056e106e15a3239e5d49975e9e262,hindi,real,real,Roop Tera Mastana.mp3,37,10
42004642a547086d1d834b1c02c1e557,hindi,real,real,Roop Tera Mastana.mp3,38,10
165e70dfb8a81faf9011860bf2b19dd2,hindi,real,real,Roop Tera Mastana.mp3,39,10
f0b1d1b69c06fcafd87fbaa4e5e0bacf,hindi,real,real,Roop Tera Mastana.mp3,40,10
3b1a3b5595a1c8b41661bda7d71fda2e,hindi,real,real,Roop Tera Mastana.mp3,41,10
6a1534ea934078048ae53bead0051f64,hindi,real,real,Roop Tera Mastana.mp3,42,10
b0d47fee2d5a505cdd5529651a2724b9,hindi,real,real,Roop Tera Mastana.mp3,43,10
8c76e63e11c638eb79d2aa26c5f5d3c8,hindi,real,real,Roop Tera Mastana.mp3,44,10
974882ccc1d6ab901b55df47a128c7d9,hindi,real,real,Roop Tera Mastana.mp3,45,10
5fc889c2ca920977747f3c74a50b1f80,hindi,real,real,Roop Tera Mastana.mp3,46,10
4a2b1bb4a30e06e9cb927520e48a997c,hindi,real,real,Roop Tera Mastana.mp3,47,10
2acc55156de6a33bc504e16b637c0642,hindi,real,real,Roop Tera Mastana.mp3,48,10
3a1d97523a4368e88d357d6261da9326,hindi,real,real,Roop Tera Mastana.mp3,49,10
db0f0e28fbc1a17be3f84440d64d88e9,hindi,real,real,Roop Tera Mastana.mp3,50,10
c99ca1c39f30cb96112691805c88ec19,hindi,real,real,Roop Tera Mastana.mp3,51,10
5b4130b3b8ad1805c1646bdd0f3d989a,hindi,real,real,Roop Tera Mastana.mp3,52,10
da0a39f1f32c3b23f7cdbb287ebab899,hindi,real,real,Roop Tera Mastana.mp3,53,10
8fe39b3fcf632433fb2537ce8c948c0b,hindi,real,real,Roop Tera Mastana.mp3,54,10
365ab8d04d369442e9620d1fa0ed58d5,hindi,real,real,Roop Tera Mastana.mp3,55,10
bff61cefbd2484652e81582f79d34ba0,hindi,real,real,Roop Tera Mastana.mp3,56,10
8ddd0adc03511740cc818efac7fce296,hindi,real,real,Roop Tera Mastana.mp3,57,10
2f5c2ea6552f3b4bb6d9476f679eeb26,hindi,real,real,Roop Tera Mastana.mp3,58,10
ccd9b52d9f247df0b1ebba9ce226870c,hindi,real,real,Roop Tera Mastana.mp3,59,10
7fb79ac6b9f6d88d1a6afa3fe1ca1aea,hindi,real,real,Roop Tera Mastana.mp3,60,10
c2dbb29fe600a4e166f4af427ad3ffd3,hindi,real,real,Roop Tera Mastana.mp3,61,10
64a61ef50419b6a03dac13e7dc730215,hindi,real,real,Roop Tera Mastana.mp3,62,10
9ba0157b6b087448f5af5082214c42e8,hindi,real,real,Roop Tera Mastana.mp3,63,10
319be6ebd03e746ef51e94e3052f0314,hindi,real,real,Roop Tera Mastana.mp3,64,10
0f9d2999cb895a7538c33d38e0a7d8f8,hindi,real,real,Roop Tera Mastana.mp3,65,10
7e6e37560f4f484994248e2a5b9ca6c4,hindi,real,real,Roop Tera Mastana.mp3,66,10
178caeb4ed033311df56667fc3831159,hindi,real,real,Roop Tera Mastana.mp3,67,10
53745f67b1ca98e3e5058fc6341269f5,hindi,real,real,Roop Tera Mastana.mp3,68,10
477f9ae92a0e68d5bde5e730d8d679d3,hindi,real,real,Roop Tera Mastana.mp3,69,10
860ab8933068acd6205658565f9c435e,hindi,real,real,Roop Tera Mastana.mp3,70,10
f498b2d40343e3d3639a775ab9974f3b,hindi,real,real,Roop Tera Mastana.mp3,71,10
555eff4720936503b255221df3be1e1c,hindi,real,real,Roop Tera Mastana.mp3,72,10
2dc3b1a85b6d6adc77d090e6dbffb9a1,hindi,real,real,Roop Tera Mastana.mp3,73,10
da9718b172b6ac9924158cfc56355095,hindi,real,real,Roop Tera Mastana.mp3,74,10
afbe199cbd3ae1d59f7c2fa668639175,hindi,real,real,Roop Tera Mastana.mp3,75,10
7d0f27ab8d254c523d558cea9955b816,hindi,real,real,Roop Tera Mastana.mp3,76,10
44162ce20db362b3ae0fc036756e1c97,hindi,real,real,Roop Tera Mastana.mp3,77,10
ead21f4a1cb78852cef916384a75719d,hindi,real,real,Roop Tera Mastana.mp3,78,10
ab637c1625b38cb077401a732f4e92a4,hindi,real,real,Roop Tera Mastana.mp3,79,10
dae397c03914994ee5a6a98b60a04403,hindi,real,real,Roop Tera Mastana.mp3,80,10
6237d60bc49b73e0334d91ec79a0f5ea,hindi,real,real,Roop Tera Mastana.mp3,81,10
5b431b36ae685bfe2d1d519b2a0b6174,hindi,real,real,Roop Tera Mastana.mp3,82,10
461cb00bb3982a3a107ce97066025f23,hindi,real,real,Roop Tera Mastana.mp3,83,10
a6b73ea3a3e7e8251ec8aaed56bb8f30,hindi,real,real,Roop Tera Mastana.mp3,84,10
e7ceb141eb7203acc4639b9fe6667868,hindi,real,real,Roop Tera Mastana.mp3,85,10
aaac11be99fd543cfed1ae08d249e933,hindi,real,real,Roop Tera Mastana.mp3,86,10
e19246007b8c103b5456e78cbeb221b6,hindi,real,real,Roop Tera Mastana.mp3,87,10
b9e94406769456ad495d9352f7917258,hindi,real,real,Roop Tera Mastana.mp3,88,10
ab4d5678eb28032358b0ea724dcce9ff,hindi,real,real,Roop Tera Mastana.mp3,89,10
ada1502b532962f212accb72fe2befb6,hindi,real,real,Roop Tera Mastana.mp3,90,10
a6c050f255c5cab3b21f2d8d1891829f,hindi,real,real,Roop Tera Mastana.mp3,91,10
e554c4f0d2159caec45a2ecb692efcac,hindi,real,real,Roop Tera Mastana.mp3,92,10
2d3ea4347a9de896f6e75daa479d51f5,hindi,real,real,Roop Tera Mastana.mp3,93,10
4f619844f3f45e34bc191a29358811b5,hindi,real,real,Roop Tera Mastana.mp3,94,10
08104fe414ed512fa55d01355c227b2e,hindi,real,real,Roop Tera Mastana.mp3,95,10
4c619fb6ca89a75632139a2e6bcd0c38,hindi,real,real,Roop Tera Mastana.mp3,96,10
4a5a167156df9873ba4bca0ac95292d4,hindi,real,real,Roop Tera Mastana.mp3,97,10
3e157beb32fa9bf7aa377e2aed8e9ea4,hindi,real,real,Roop Tera Mastana.mp3,98,10
5a18aed86a0bd2976c9c075fcb42d9c2,hindi,real,real,Roop Tera Mastana.mp3,99,10
3fc76576435210655c0237bc28d21c8d,hindi,real,real,Roop Tera Mastana.mp3,100,10
b035b5b18c971436be2f273a821ac792,hindi,real,real,Roop Tera Mastana.mp3,101,10
ed133ab3c1fec01503837fd2e1f9fd26,hindi,real,real,Roop Tera Mastana.mp3,102,10
951d9c44a30a5b637ef489b07bce9201,hindi,real,real,Roop Tera Mastana.mp3,103,10
bdccc4a6fa52a9d6c68e376f4f6896e6,hindi,real,real,Roop Tera Mastana.mp3,104,10
a548e8832762923ca75ee031ba3b9168,hindi,real,real,Roop Tera Mastana.mp3,105,10
8d3f8125117ade28fe71a4957839b8ce,hindi,real,real,Roop Tera Mastana.mp3,106,10
560713716f167095eedf431710500f1f,hindi,real,real,Roop Tera Mastana.mp3,107,10
0bd6d771b2f957d04a9f8f1c2c03f4b1,hindi,real,real,Roop Tera Mastana.mp3,108,10
1d7bdde8a4872d30c00d030943da9dee,hindi,real,real,Roop Tera Mastana.mp3,109,10
9f56164943d10f8ca89db8cf48821d0f,hindi,real,real,Roop Tera Mastana.mp3,110,10
7d6c6a7eeb43b480e633a5c441223434,hindi,real,real,Roop Tera Mastana.mp3,111,10
b072facd83767fc4937642b0fafccf5f,hindi,real,real,Roop Tera Mastana.mp3,112,10
e51413beffb3c3d396e84e7bd79ea6e3,hindi,real,real,Roop Tera Mastana.mp3,113,10
f4ee9a2102510b63be77c828a46fd97e,hindi,real,real,Roop Tera Mastana.mp3,114,10
0407efffc16b9529d33b6888b4cee77c,hindi,real,real,Roop Tera Mastana.mp3,115,10
b43868c56604e6052387b0c595661f8a,hindi,real,real,Roop Tera Mastana.mp3,116,10
81ab32847b7ee74f39bc3f62f0ca8407,hindi,real,real,Roop Tera Mastana.mp3,117,10
6cc1de10bde6596b8338b00200cd4a8e,hindi,real,real,Roop Tera Mastana.mp3,118,10
b6a603a7d762164abc8342dec9e0bb10,hindi,real,real,Roop Tera Mastana.mp3,119,10
b72cd664655e802a80cca0cd0bb4f47c,hindi,real,real,Roop Tera Mastana.mp3,120,10
d7085b9e7c58f67d69ab248d3b095c44,hindi,real,real,Roop Tera Mastana.mp3,121,10
0fa23a473105f491b080a276fc0ae463,hindi,real,real,Roop Tera Mastana.mp3,122,10
e437b99d145cf5b9223cad0ce6a26914,hindi,real,real,Roop Tera Mastana.mp3,123,10
31fca93005258b7a82c7b3c392df2b13,hindi,real,real,Roop Tera Mastana.mp3,124,10
ef3d8045641b843381263aa19e93775e,hindi,real,real,Roop Tera Mastana.mp3,125,10
bdaf16c288e9baa6fc2e518beb3cf04d,hindi,real,real,Roop Tera Mastana.mp3,126,10
73360b4f29e67af2c781afdbf8124d4d,hindi,real,real,Roop Tera Mastana.mp3,127,10
1b417decc5265709e3c05450d189107a,hindi,real,real,Roop Tera Mastana.mp3,128,10
483fd3a490848f29936dcb7bd7735743,hindi,real,real,Roop Tera Mastana.mp3,129,10
1deffce5a9ad67b029cf31684897a1ce,hindi,real,real,Roop Tera Mastana.mp3,130,10
bc9186c1be4e407cdd5a7caf08e48034,hindi,real,real,Roop Tera Mastana.mp3,131,10
83caed519e338968e976ddad3dad32ee,hindi,real,real,Roop Tera Mastana.mp3,132,10
b577e8d52aefc6019ad04b2139d18f6b,hindi,real,real,Roop Tera Mastana.mp3,133,10
6b8e1fbe950bbd7a68330b7e3a3a2463,hindi,real,real,Roop Tera Mastana.mp3,134,10
c5688caf958b9cede27d367483046f58,hindi,real,real,Roop Tera Mastana.mp3,135,10
5c1c03e040cfc60ad2a683c06591724f,hindi,real,real,Roop Tera Mastana.mp3,136,10
aa13423af6868da53e8622bf0c715fc5,hindi,real,real,Roop Tera Mastana.mp3,137,10
461486eab3bab98f831714670759d288,hindi,real,real,Roop Tera Mastana.mp3,138,10
f9163a38186e28134ae96cd91c10323f,hindi,real,real,Roop Tera Mastana.mp3,139,10
eb08f6fb176f938b8bd4cdb96146e0cc,hindi,real,real,Roop Tera Mastana.mp3,140,10
1b5103f4979cc101b28595c6200d4b15,hindi,real,real,Roop Tera Mastana.mp3,141,10
41549803f45485cbcc018bf54f187fe3,hindi,real,real,Roop Tera Mastana.mp3,142,10
cbe2b7c12287d0cdde42f83f1f160eab,hindi,real,real,Roop Tera Mastana.mp3,143,10
3ea1a4117790b5365e7b6f0ca881eebf,hindi,real,real,Roop Tera Mastana.mp3,144,10
a8bb257957d7b075ae8518a715c53120,hindi,real,real,Roop Tera Mastana.mp3,145,10
670380dd798559402d2ed9b891056c0a,hindi,real,real,Roop Tera Mastana.mp3,146,10
1ee41a50812618fe24379e91c201c4c9,hindi,real,real,Roop Tera Mastana.mp3,147,10
26f2797292fb2eae205cd94c25fa9693,hindi,real,real,Roop Tera Mastana.mp3,148,10
ff4801e3c5ad4d007983cb121f9bb536,hindi,real,real,Roop Tera Mastana.mp3,149,10
c29a77b12bc6f78318f0a4d05ac56333,hindi,real,real,Roop Tera Mastana.mp3,150,10
45237b45123ab4a31768477c86b06d64,hindi,real,real,Roop Tera Mastana.mp3,151,10
ab996939f3c3c5764521679f6f785c2e,hindi,real,real,Roop Tera Mastana.mp3,152,10
6542993d80dbd38bf9a197a04af01c5d,hindi,real,real,Roop Tera Mastana.mp3,153,10
9b5dca0ae14ca9a710610919752505d3,hindi,real,real,Roop Tera Mastana.mp3,154,10
0d9e168455b84d4a27cee777ebbe63cc,hindi,real,real,Roop Tera Mastana.mp3,155,10
f4fb87a5b3dbc3f57906e42dc69ed23c,hindi,real,real,Roop Tera Mastana.mp3,156,10
f89e3c00bba4d3a2e9e21a10be7cde13,hindi,real,real,Roop Tera Mastana.mp3,157,10
2de8a82fe32a63c6e668100d156bffda,hindi,real,real,Roop Tera Mastana.mp3,158,10
0f2009a39588f94a27f952c0787a939b,hindi,real,real,Roop Tera Mastana.mp3,159,10
02c4cb3a176acee80296776eb244c0fc,hindi,real,real,Roop Tera Mastana.mp3,160,10
c5c681b91ec39f7fc84b614ca21e7a18,hindi,real,real,Roop Tera Mastana.mp3,161,10
1fd6477fdff4d8f0fac069a23db47b20,hindi,real,real,Roop Tera Mastana.mp3,162,10
fa004192471a0a34eb8013bdb1f56d8a,hindi,real,real,Roop Tera Mastana.mp3,163,10
e1498ca9cb840fa2aa824e20371eef58,hindi,real,real,Roop Tera Mastana.mp3,164,10
12458a43ec36958849effdf92519522e,hindi,real,real,Roop Tera Mastana.mp3,165,10
3624af6dfd7e021f98d1ce5b73c346fe,hindi,real,real,Roop Tera Mastana.mp3,166,10
a59558cd935f51b212728ed2440e42a1,hindi,real,real,Roop Tera Mastana.mp3,167,10
9a69ed5a722d5c9f430fd1637f9c90ac,hindi,real,real,Roop Tera Mastana.mp3,168,10
14a951f92076e3193fbbf9980cfdd0b1,hindi,real,real,Roop Tera Mastana.mp3,169,10
ad9bc09c123a67384cf9cf97c43da172,hindi,real,real,Roop Tera Mastana.mp3,170,10
fc953f61bc2f96cdcc60a3b877fe2940,hindi,real,real,Roop Tera Mastana.mp3,171,10
502dc32113ab06c5282debaa5373b7ae,hindi,real,real,Roop Tera Mastana.mp3,172,10
3f8d3178bbf5f424af43dca92e504aca,hindi,real,real,Roop Tera Mastana.mp3,173,10
1c6562c0de60c44d5b6d731c3cfada02,hindi,real,real,Roop Tera Mastana.mp3,174,10
89cde5e7ecafa005330079a7fb1b78c6,hindi,real,real,Roop Tera Mastana.mp3,175,10
9d1b1abfaa693b3f7a7fa4469f403ff8,hindi,real,real,Roop Tera Mastana.mp3,176,10
db8644d05d1b8f84f78c4908e130cca3,hindi,real,real,Roop Tera Mastana.mp3,177,10
bb8817dfd40a8d4f8d140fab23d26561,hindi,real,real,Roop Tera Mastana.mp3,178,10
86686b8741718091991d8352c55471a5,hindi,real,real,Roop Tera Mastana.mp3,179,10
558bb62a30c8e206ec2ef0b6f16fa51b,hindi,real,real,Roop Tera Mastana.mp3,180,10
bcecf5acf17285da71a500326229f03d,hindi,real,real,Roop Tera Mastana.mp3,181,10
587490b5076814056a073434c84f46e9,hindi,real,real,Roop Tera Mastana.mp3,182,10
cbfbc091a67ba835d55623b8aee822d3,hindi,real,real,Roop Tera Mastana.mp3,183,10
f89d85abbac5dfede3207f8633bee83d,hindi,real,real,Roop Tera Mastana.mp3,184,10
e1b3dd369a851c911928c9afc64a8ba3,hindi,real,real,Roop Tera Mastana.mp3,185,10
f53eccd6b4c5f08a37124b505ab9bd23,hindi,real,real,Roop Tera Mastana.mp3,186,10
378e8324a9b95c22158fb9d782222b7f,hindi,real,real,Roop Tera Mastana.mp3,187,10
0a2f3ed6dfce3acad7e7c3dd4c788cd6,hindi,real,real,Roop Tera Mastana.mp3,188,10
22f455ed6ccf43fcba35666cf9d838e6,hindi,real,real,Roop Tera Mastana.mp3,189,10
1c1c17f99dcc6d0433a88bb603d14998,hindi,real,real,Roop Tera Mastana.mp3,190,10
820151312c605ea771328ba2eef1afa4,hindi,real,real,Roop Tera Mastana.mp3,191,10
2e70074a313c575e38fb1d339364e339,hindi,real,real,Roop Tera Mastana.mp3,192,10
e483d453606e15d9913241afd44b78f1,hindi,real,real,Roop Tera Mastana.mp3,193,10
ea352bb09fb55510f28a85fe03d5bdfe,hindi,real,real,Roop Tera Mastana.mp3,194,10
8fe20ebf0e1393acda736c3d650b0e0e,hindi,real,real,Roop Tera Mastana.mp3,195,10
af09329b44447e58f95a19225f6bee30,hindi,real,real,Roop Tera Mastana.mp3,196,10
a7dbfb7fe119df913e7f75f9da74906c,hindi,real,real,Roop Tera Mastana.mp3,197,10
a2334f25c508fd9f8ee657497d163922,hindi,real,real,Roop Tera Mastana.mp3,198,10
27105fede88f807fb60bdadafb2923bd,hindi,real,real,Roop Tera Mastana.mp3,199,10
2f81837b6656c1d9714d1642b4499870,hindi,real,real,Roop Tera Mastana.mp3,200,10
460e27afcafab0b4a5b212a72eb5deba,hindi,real,real,Roop Tera Mastana.mp3,201,10
5789fe2534b71420632abb00fe53700b,hindi,real,real,Roop Tera Mastana.mp3,202,10
6c1632072d70154caf5cc0ca536e9093,hindi,real,real,Roop Tera Mastana.mp3,203,10
d038b74fce14dd2d6383554da5a132c6,hindi,real,real,Roop Tera Mastana.mp3,204,10
f8364958d1dbbc14fbe758768718841a,hindi,real,real,Roop Tera Mastana.mp3,205,10
8b3693527517d18daff3ba5d550d23c0,hindi,real,real,Roop Tera Mastana.mp3,206,10
478cc44568214213ebc2cc181b424a22,hindi,real,real,Roop Tera Mastana.mp3,207,10
d99ef92935101730d74be00d3fd04fdd,hindi,real,real,Roop Tera Mastana.mp3,208,10
9f09fa5c3c1e2cae5698242f42c52488,hindi,real,real,Roop Tera Mastana.mp3,209,10
1c08843d67c58ee792642cadc5e7586a,hindi,real,real,Roop Tera Mastana.mp3,210,10
dd61dd6f4ad9b391056605e7df39343e,hindi,real,real,Roop Tera Mastana.mp3,211,10
66cc0cb24c03e81bfef26877d771ef10,hindi,real,real,Roop Tera Mastana.mp3,212,10
ee212c574a231cce8dda9bfafa73918e,hindi,real,real,Roop Tera Mastana.mp3,213,10
db5d05aae7d3cde0002cef7e747d5610,hindi,real,real,Roop Tera Mastana.mp3,214,10
ed37fdf0441328bd5b2e0913654ce746,hindi,real,real,Roop Tera Mastana.mp3,215,10
502c167032734511bc162144e7635db1,hindi,real,real,Roop Tera Mastana.mp3,216,10
035abb271ca0fd42a546a42d0f4cd9fe,hindi,real,real,Roop Tera Mastana.mp3,217,10
61c341ffd256c7b568da328f9458fff8,hindi,real,real,Roop Tera Mastana.mp3,218,10
dda949605e4d4f63353890910daf035a,hindi,real,real,Roop Tera Mastana.mp3,219,10
78dad07017237f9c1b3d730a5ab7c1ef,hindi,real,real,Roop Tera Mastana.mp3,220,10
86cc9c9a757613baaf21aa2ef15edcaf,hindi,real,real,Roop Tera Mastana.mp3,221,10
849503f1fe6481b985c227af48a6b2cb,hindi,real,real,Roop Tera Mastana.mp3,222,10
f7420c7e63f9d22a271970d7a2eb8333,hindi,real,real,Roop Tera Mastana.mp3,223,10
5fd14a478ddd4d39dd97cb0dd4ed261c,hindi,real,real,Roop Tera Mastana.mp3,224,10
2697ededf327e58c7829e17dd6ce5e77,hindi,real,real,Roop Tera Mastana.mp3,225,10
6b4375bbe9afbd61094562a84ab4ce8d,hindi,real,real,Roop Tera Mastana.mp3,226,10
8d83c030d7e89175b6a077fa166ec9c0,hindi,real,real,Roop Tera Mastana.mp3,227,10
45cf3bb46ef26a0bd9e6133e919c9b97,hindi,real,real,Roop Tera Mastana.mp3,228,10
b229aa46654d81cd9638d4101e760a6d,hindi,real,real,Roop Tera Mastana.mp3,229,10
61df61b75ddc3bd3bb879dfc58674b45,hindi,real,real,Roop Tera Mastana.mp3,230,10
0ea23c2fac94f21a4898dc116323e8b5,hindi,real,real,Roop Tera Mastana.mp3,231,10
d4aaecd7a4ea6b7c0581e22c3ad4b6b4,hindi,real,real,Roop Tera Mastana.mp3,232,10
d65937cc268d382ce22d91f44f5f024e,hindi,real,real,Roop Tera Mastana.mp3,233,10
045df89f427eeada996095ec44ff0128,hindi,real,real,Roop Tera Mastana.mp3,234,10
c41c454d14eb8fe5522a09f16ad04a82,hindi,real,real,Roop Tera Mastana.mp3,235,10
5915499e39a23567e8fc88b34e024763,hindi,real,real,Roop Tera Mastana.mp3,236,10
b7442edae498d71a68b80b2b030106fa,hindi,real,real,Roop Tera Mastana.mp3,237,10
4a325b074757dff1265c2cf4fdac6b1e,hindi,real,real,Roop Tera Mastana.mp3,238,10
f10468cb7888d2a701be0d9f5c31af0f,hindi,real,real,Roop Tera Mastana.mp3,239,10
f4f92b6d00884bb6227aee3e158ffebe,hindi,real,real,Roop Tera Mastana.mp3,240,10
e42445204defaff9a59d831620bc1181,hindi,real,real,Roop Tera Mastana.mp3,241,10
b1860847c58f53e4320d5410e568d805,hindi,real,real,Roop Tera Mastana.mp3,242,10
8c2d3a656c2f1ba25639fe538a7b3218,hindi,real,real,Roop Tera Mastana.mp3,243,10
3a4147f791cbf86b4e615b88984d1b09,hindi,real,real,Roop Tera Mastana.mp3,244,10
f3c95d7cd99f5f564df0118e5a5da138,hindi,real,real,Roop Tera Mastana.mp3,245,10
ac95136aedd609b89cf0730fe58c76fb,hindi,real,real,Roop Tera Mastana.mp3,246,10
dcb133f761187567354d7b670da6fbd9,hindi,real,real,Roop Tera Mastana.mp3,247,10
3aaad39921f105d25a37c728974b548a,hindi,real,real,Roop Tera Mastana.mp3,248,10
3b24e20b11564f75046f6060f50273bb,hindi,real,real,Roop Tera Mastana.mp3,249,10
450912e58f66c21dd4c4790050b0755f,hindi,real,real,Roop Tera Mastana.mp3,250,10
e2077bb0145e6c796d4aa27566557c70,hindi,real,real,Roop Tera Mastana.mp3,251,10
fbcf4d2c65da169785c13f6719d5a6a0,hindi,real,real,Roop Tera Mastana.mp3,252,10
ba122e2f8831e674bc66e4952ba40b13,hindi,real,real,Roop Tera Mastana.mp3,253,10
97a3c6fbc1eb943ff16829a287568f38,hindi,real,real,Roop Tera Mastana.mp3,254,10
3508210df1abf6ca772e24df00cf13f5,hindi,real,real,Roop Tera Mastana.mp3,255,10
5489f4afcabbc646f6186435872690fe,hindi,real,real,Roop Tera Mastana.mp3,256,10
fed4d83a9cfc745a18f022e006af47ac,hindi,real,real,Roop Tera Mastana.mp3,257,10
b0a1c2fbc04061a1a32e6fa06c1e9161,hindi,real,real,Roop Tera Mastana.mp3,258,10
753dacff320ddbca854bbd8cdce60017,hindi,real,real,Roop Tera Mastana.mp3,259,10
16820732d02205ad191a5d497a64b94d,hindi,real,real,Roop Tera Mastana.mp3,260,10
438623df8c6ca78c5761979a820ca881,hindi,real,real,Roop Tera Mastana.mp3,261,10
50a5833054e82f13293092cf569b3170,hindi,real,real,Roop Tera Mastana.mp3,262,10
bdb5fd973a174196d68a0591ea126c1c,hindi,real,real,Roop Tera Mastana.mp3,263,10
fe2afa5ed82c227e1ed194c686762585,hindi,real,real,Roop Tera Mastana.mp3,264,10
a4b34c8722d664714f8bb7916150fea9,hindi,real,real,Roop Tera Mastana.mp3,265,10
1eb6ed256935015a73de8a9ca443f9f6,hindi,real,real,Roop Tera Mastana.mp3,266,10
ce8897346ae5b888f1caff2cbdf9b1f1,hindi,real,real,Roop Tera Mastana.mp3,267,10
be516263262279a75c120c174233b02d,hindi,real,real,Roop Tera Mastana.mp3,268,10
2e9594e9240fcee29d844b854bafea4d,hindi,real,real,Roop Tera Mastana.mp3,269,10
56cbda2057073d75ec7e16d2c98883ae,hindi,real,real,Roop Tera Mastana.mp3,270,10
6e33c0d4ed0e5232f508dd3c29d04a82,hindi,real,real,Roop Tera Mastana.mp3,271,10
3560cd793f32b5223dd255dffe3f2cbc,hindi,real,real,Roop Tera Mastana.mp3,272,10
238e6037985e8f54846ea478dae8c7f6,hindi,real,real,Roop Tera Mastana.mp3,273,10
43e3ddfcff2bf4391298d765f3387fb3,hindi,real,real,Roop Tera Mastana.mp3,274,10
df70f586e379111f8d89e93e353dc6ac,hindi,real,real,Roop Tera Mastana.mp3,275,10
13005de981856c3d5ab9b80bee2d4f57,hindi,real,real,Roop Tera Mastana.mp3,276,10
2ae36cb2df12c91d19c4fff9cb210c67,hindi,real,real,Roop Tera Mastana.mp3,277,10
8aeca7110e8f801f917ec85ff510a307,hindi,real,real,Roop Tera Mastana.mp3,278,10
7f7e32a9f05599762d27720c9a4d8c02,hindi,real,real,Roop Tera Mastana.mp3,279,10
aadd7f49586a77d1cb012abe5f82b045,hindi,real,real,Roop Tera Mastana.mp3,280,10
a8b3f2f3517df64f92d82db12dbc95df,hindi,real,real,Roop Tera Mastana.mp3,281,10
165ab158ff380f822a62f633f93db93a,hindi,real,real,Roop Tera Mastana.mp3,282,10
e3ef30296d91b3db9ca7902301fc8c86,hindi,real,real,Roop Tera Mastana.mp3,283,10
fbf2844e2fffe07e181230da7f7ba8e4,hindi,real,real,Roop Tera Mastana.mp3,284,10
db0b9f3ee3dfa46d6e295103a099bdc2,hindi,real,real,Roop Tera Mastana.mp3,285,10
53f2ece0dee21cf91e873a9f06f98e6a,hindi,real,real,Roop Tera Mastana.mp3,286,10
5e7ee8b38e34f66e354493bff64501cf,hindi,real,real,Roop Tera Mastana.mp3,287,10
77a971fdd941d919eaacb2a0222bcf0c,hindi,real,real,Roop Tera Mastana.mp3,288,10
48c1c0e74b950bfa4ec5362a754621f2,hindi,real,real,Roop Tera Mastana.mp3,289,10
24815b61471f772953d78a69f658463f,hindi,real,real,Roop Tera Mastana.mp3,290,10
d9734f81b73fc8117350c7f3bebe66e1,hindi,real,real,Roop Tera Mastana.mp3,291,10
9ad7996e33da756f0003c3366bf52933,hindi,real,real,Roop Tera Mastana.mp3,292,10
9e0697b3b68d4ae57a083fc571fe5f39,hindi,real,real,Roop Tera Mastana.mp3,293,10
bb79fac5e8d91dfac69fb65408fb7f46,hindi,real,real,Roop Tera Mastana.mp3,294,10
9941f826329784a5e3b6bb4e6af1fa31,hindi,real,real,Roop Tera Mastana.mp3,295,10
33747002bc7c65c3b3ea3498765df0b6,hindi,real,real,Roop Tera Mastana.mp3,296,10
1eb9702496ee904b5a868cbe94b34543,hindi,real,real,Roop Tera Mastana.mp3,297,10
326ec511828638c1f2e57d068f154dc3,hindi,real,real,Roop Tera Mastana.mp3,298,10
6b4c59f882f9bdf724663d74c45b3810,hindi,real,real,Roop Tera Mastana.mp3,299,10
3133da0b2a630c4b126a363bcd605677,hindi,real,real,Roop Tera Mastana.mp3,300,10
d4dc0b187a16d053f70a231929e71d40,hindi,real,real,Roop Tera Mastana.mp3,301,10
725f02babc6b84d4e3475bd287f3c3b7,hindi,real,real,Roop Tera Mastana.mp3,302,10
8b9d9159e5435c9f4b8031324e06aa7b,hindi,real,real,Roop Tera Mastana.mp3,303,10
e8653ac59a8725d1e064b72e5542fe42,hindi,real,real,Roop Tera Mastana.mp3,304,10
5da654ffc05f23b74640b429fff38025,hindi,real,real,Roop Tera Mastana.mp3,305,10
bd8bdb1df4b73feace134d0866f315fe,hindi,real,real,Roop Tera Mastana.mp3,306,10
de9b230bc9fc6fa5dcd416b3eaeeab49,hindi,real,real,Roop Tera Mastana.mp3,307,10
d8469349802fc82a3a690b40fa5037f3,hindi,real,real,Roop Tera Mastana.mp3,308,10
29a43c45aaf1b974609e9cfc2e3fd6f8,hindi,real,real,Roop Tera Mastana.mp3,309,10
6b2423cc0cd7517b9a9f64e56f9d2127,hindi,real,real,Roop Tera Mastana.mp3,310,10
bf7c3890a4c7d4ca13e483abb10698f3,hindi,real,real,Roop Tera Mastana.mp3,311,10
7a4bd79bc5c75b9a1ba47bbe8a34efe2,hindi,real,real,Roop Tera Mastana.mp3,312,10
15856c0509a2598ac5bcf37d49723781,hindi,real,real,Roop Tera Mastana.mp3,313,10
1d01b472e1d47f25dae49cae4373acd0,hindi,real,real,Roop Tera Mastana.mp3,314,10
cad4eafcebda4154b27b4d6f37c201f9,hindi,real,real,Roop Tera Mastana.mp3,315,10
e5a1857039fc5a0df20e4d4c85bc6819,hindi,real,real,Roop Tera Mastana.mp3,316,10
b82b632341cc9fd7c3cda4d6246dc1f5,hindi,real,real,Roop Tera Mastana.mp3,317,10
8ded1894bb9e2f262fa17b0310d0c028,hindi,real,real,Roop Tera Mastana.mp3,318,10
6e01edfa2045ed05fca16fa1b5f52114,hindi,real,real,Roop Tera Mastana.mp3,319,10
b2eec3005e3366762d9b6b2485e51b9a,hindi,real,real,Roop Tera Mastana.mp3,320,10
c4d1f239a81fe3019dfa6473e7e7d027,hindi,real,real,Roop Tera Mastana.mp3,321,10
0b8f4a02c0ef41b60a6f0a65ad642e91,hindi,real,real,Roop Tera Mastana.mp3,322,10
e117fe65700d6a2dd4ef7625a2772d48,hindi,real,real,Roop Tera Mastana.mp3,323,10
5977f2293b8af70986a08675197130eb,hindi,real,real,Roop Tera Mastana.mp3,324,10
123fb4b6481ccf30d48fa85919b14b08,hindi,real,real,Roop Tera Mastana.mp3,325,10
218635c7a3c874e56f0d5a56fe008021,hindi,real,real,Roop Tera Mastana.mp3,326,10
6eec40fb855b767757ab2fc5ee2da2dd,hindi,real,real,Roop Tera Mastana.mp3,327,10
b32977f1c87ae789c4e6592c3404ca48,hindi,real,real,Roop Tera Mastana.mp3,328,10
e2bbeaa6cd97421434429332be8bd3d2,hindi,real,real,Roop Tera Mastana.mp3,329,10
0ff5ac140a58f08f6c21d5fb8d9dc615,hindi,real,real,Roop Tera Mastana.mp3,330,10
ff653c0270bc03b08a1425caa8ddfa66,hindi,real,real,Roop Tera Mastana.mp3,331,10
5f10e9369f50f4ad1945f6a33eab7c83,hindi,real,real,Roop Tera Mastana.mp3,332,10
a55ec1773324d2319e8b19bd481f36d7,hindi,real,real,Roop Tera Mastana.mp3,333,10
cd5c8a3a7ab4d5fd343059a4457ff15c,hindi,real,real,Roop Tera Mastana.mp3,334,10
ddc601f818cff8da11b31aa2f459ec77,hindi,real,real,Roop Tera Mastana.mp3,335,10
d2aa1730ee40d6a8028530d4a44e8c56,hindi,real,real,Roop Tera Mastana.mp3,336,10
015031412fb4b89fea89a4725706d8d5,hindi,real,real,Roop Tera Mastana.mp3,337,10
c3c6034a8098ac4a611d313c4b51d498,hindi,real,real,Roop Tera Mastana.mp3,338,10
2a332ab99f86c776983b3a82bcabe585,hindi,real,real,Roop Tera Mastana.mp3,339,10
995a6b220e6eafef25cfc11586860525,hindi,real,real,Roop Tera Mastana.mp3,340,10
a009aa152a937407c1c083d8ba1df76f,hindi,real,real,Roop Tera Mastana.mp3,341,10
32b042c483b12f5fb4245ac4e5e74812,hindi,real,real,Roop Tera Mastana.mp3,342,10
ab6eb2304b29ccddf0d8c59d74f4f52b,hindi,real,real,Roop Tera Mastana.mp3,343,10
a88a782d1be34b08c7c87afdbe1159e1,hindi,real,real,Roop Tera Mastana.mp3,344,10
80dfccd4d95db6aa8ef906ffd51aa818,hindi,real,real,Roop Tera Mastana.mp3,345,10
63c807931f808ef4f69518d33631d700,hindi,real,real,Roop Tera Mastana.mp3,346,10
79a83f4bb5686485b0601f4c08053eb3,hindi,real,real,Roop Tera Mastana.mp3,347,10
fa015aa2511c552f2812227b247623de,hindi,real,real,Roop Tera Mastana.mp3,348,10
2b941b31bd6eae97c7c3b180a8fb575b,hindi,real,real,Roop Tera Mastana.mp3,349,10
fa6010774ec36a4f43c4335d028d0143,hindi,real,real,Roop Tera Mastana.mp3,350,10
1298c2d03b76f2c2f7cac4f41b65dc3d,hindi,real,real,Roop Tera Mastana.mp3,351,10
985ff9bbbf8de9c046b51956b9825ae7,hindi,real,real,Roop Tera Mastana.mp3,352,10
3c2e0948865e5846c735bdd4a93d5433,hindi,real,real,Roop Tera Mastana.mp3,353,10
e27ab449258acdf1b0a47193cad9efbb,hindi,real,real,Roop Tera Mastana.mp3,354,10
445fa6aa33cc815bf583cbc42031a7aa,hindi,real,real,Roop Tera Mastana.mp3,355,10
975e1ab627f96848d9741e38adbe96fd,hindi,real,real,Roop Tera Mastana.mp3,356,10
39f08a767e89d6746ed2b12f8a83fc98,hindi,real,real,Roop Tera Mastana.mp3,357,10
d0a62820998bd07bb29af57168c6bd4f,hindi,real,real,Roop Tera Mastana.mp3,358,10
a65a7ede1f1bb33b7113a96604aadedf,hindi,real,real,Roop Tera Mastana.mp3,359,10
7dc16df563326bf290731c019fb59fee,hindi,real,real,Roop Tera Mastana.mp3,360,10
119aa63931b3470dc6c8b190f5fd37a9,hindi,real,real,Roop Tera Mastana.mp3,361,10
2234788f0cb290c0d84221b8cc3bccb8,hindi,real,real,Roop Tera Mastana.mp3,362,10
9c3d3f099d22e62b092ac55090498648,hindi,real,real,Roop Tera Mastana.mp3,363,10
86915f26d29aa12cba1f7b5805bca63e,hindi,real,real,Roop Tera Mastana.mp3,364,10
b26e2f6a740a1564839b667ef3db4f0b,hindi,real,real,Roop Tera Mastana.mp3,365,10
6ec5a5d077124e05b1c5e521252b6034,hindi,real,real,Roop Tera Mastana.mp3,366,10
4429d828c2c41aace556aa6c822cecd3,hindi,real,real,Roop Tera Mastana.mp3,367,10
82a6600289697d557742064f58f04419,hindi,real,real,Roop Tera Mastana.mp3,368,10
a6e8c5ba7356aac4f7cc88b68f500906,hindi,real,real,Roop Tera Mastana.mp3,369,10
94e9c01233d3c0db3092f903a15f61da,hindi,real,real,Roop Tera Mastana.mp3,370,10
1b67e66fb2292f035e23ecfc644fde81,hindi,real,real,Roop Tera Mastana.mp3,371,10
b9c614f0b8483d3664721de566264bc0,hindi,real,real,Roop Tera Mastana.mp3,372,10
6fe3627d3a78c61de02d6d13afdd028b,hindi,real,real,Roop Tera Mastana.mp3,373,10
a94ba8339160033002870cdaa0cbdddf,hindi,real,real,Roop Tera Mastana.mp3,374,10
734ebf12554c8fe0e5c576d905e2aa2d,hindi,real,real,Roop Tera Mastana.mp3,375,10
f1b204ea93de2b3d8ee5f03552b4f5da,hindi,real,real,Roop Tera Mastana.mp3,376,10
1c08dac9cc8a7f6e1d2bba1445d68f5e,hindi,real,real,Roop Tera Mastana.mp3,377,10
7032f253de610b555b9e6abed04d9c2b,hindi,real,real,Roop Tera Mastana.mp3,378,10
fcf4256049f04cd6cee02afb2494c301,hindi,real,real,Roop Tera Mastana.mp3,379,10
aa55dcc21c614f232b90471effb3338e,hindi,real,real,Roop Tera Mastana.mp3,380,10
5db185cb4bc0a6503bb8d3714a95ca46,hindi,real,real,Roop Tera Mastana.mp3,381,10
7f3c3a0bc2bc44de63b77ee73fc61728,hindi,real,real,Roop Tera Mastana.mp3,382,10
0eed58c7e6196c1480e71c03446b34b6,hindi,real,real,Roop Tera Mastana.mp3,383,10
15cca8edce40ca46fb2ee1ea4b1d22df,hindi,real,real,Roop Tera Mastana.mp3,384,10
bf6b97c94a5ebc1788c956970c9d8f29,hindi,real,real,Roop Tera Mastana.mp3,385,10
96e03edd82ded7a7aec4e7a5f2fde311,hindi,real,real,Roop Tera Mastana.mp3,386,10
513e6f745625fb4297e44632a953c897,hindi,real,real,Roop Tera Mastana.mp3,387,10
225969ec7951d9adf99da96009f9a929,hindi,real,real,Roop Tera Mastana.mp3,388,10
52d654e9c57b50e943b8f2825b160982,hindi,real,real,Roop Tera Mastana.mp3,389,10
3114c3127f6d6f1b836389ca805ac417,hindi,real,real,Roop Tera Mastana.mp3,390,10
9c306b2ce3d0733acfa243097fd5582f,hindi,real,real,Roop Tera Mastana.mp3,391,10
2ffa52056f27a552825230e892a0e422,hindi,real,real,Roop Tera Mastana.mp3,392,10
6934aa32b3f9b6d2f959002b514e52d2,hindi,real,real,Roop Tera Mastana.mp3,393,10
ab7d5d7f8cbff74abaea1552598dd3a8,hindi,real,real,Roop Tera Mastana.mp3,394,10
e12924af38353347dbf8d72a946f909d,hindi,real,real,Roop Tera Mastana.mp3,395,10
80c432f632552652d4c43ea4a7f13244,hindi,real,real,Roop Tera Mastana.mp3,396,10
534b6cc86163b8ca02943b9679df4d97,hindi,real,real,Roop Tera Mastana.mp3,397,10
34e8e2a5a5ae19c77aa77b4548a9c2e4,hindi,real,real,Roop Tera Mastana.mp3,398,10
eb9d74d1d5e13eb50f37fd2829aada4e,hindi,real,real,Roop Tera Mastana.mp3,399,10
dd84ac3332b9e7314d710b1a9a4b1671,hindi,real,real,Roop Tera Mastana.mp3,400,10
125a15b0623e7d3e89a865ae279c5340,hindi,real,real,Roop Tera Mastana.mp3,401,10
46fb6c00dcf4354d83c170aa34c90611,hindi,real,real,Roop Tera Mastana.mp3,402,10
24fd1ee5f3cbe8fbe4d863646108d356,hindi,real,real,Roop Tera Mastana.mp3,403,10
2b1a304683679f6ed1ab93fef1b89afd,hindi,real,real,Roop Tera Mastana.mp3,404,10
460081f24d31eaa354a77cb77a1157d5,hindi,real,real,Roop Tera Mastana.mp3,405,10
d8587087f7841d5571e2e8386fa92aee,hindi,real,real,Roop Tera Mastana.mp3,406,10
4fe9d03132c8a3ca60d7e107072dffc2,hindi,real,real,Roop Tera Mastana.mp3,407,10
dab6e8abb1d2cd217c4790636b095864,hindi,real,real,Roop Tera Mastana.mp3,408,10
8fb1473d1940427de8d96c7d9fce26cb,hindi,real,real,Roop Tera Mastana.mp3,409,10
73130b12dae1a3dc4b1a9ff89bcf8a7f,hindi,real,real,Roop Tera Mastana.mp3,410,10
80e81ee05265c29b5a7d7293f174c95c,hindi,real,real,Roop Tera Mastana.mp3,411,10
9813a880435c569905ac606f3d3a7d0c,hindi,real,real,Roop Tera Mastana.mp3,412,10
923828d13c36e2200f64ffbfaa0cec40,hindi,real,real,Roop Tera Mastana.mp3,413,10
642eb5e20e41a5f89de1f921ed8485e2,hindi,real,real,Roop Tera Mastana.mp3,414,10
3039aa8aa1c6d1482fbc380cda4ee82e,hindi,real,real,Roop Tera Mastana.mp3,415,10
dffd21d56f1c451d7a770b33e00d2699,hindi,real,real,Roop Tera Mastana.mp3,416,10
46ef8aa304b6dcdde1987b004a323dc7,hindi,real,real,Roop Tera Mastana.mp3,417,10
73f99c339f6c58c2d971ba69dda1cb89,hindi,real,real,Roop Tera Mastana.mp3,418,10
96187c5a1f1cbd44da312a496818b3b5,hindi,real,real,Roop Tera Mastana.mp3,419,10
d586d6b31fd649b2830194ce46a7b73e,hindi,real,real,Roop Tera Mastana.mp3,420,10
4e77bf8be54a5b88a97ecb1c58fb9bd1,hindi,real,real,Roop Tera Mastana.mp3,421,10
d821b5b6f7cb8a27b1a8c88409c9f921,hindi,real,real,Roop Tera Mastana.mp3,422,10
1edc0ceead9235780f8ea10763c0be13,hindi,real,real,Roop Tera Mastana.mp3,423,10
38bf680fe3abcfae53f2594386b065b7,hindi,real,real,Roop Tera Mastana.mp3,424,10
99248dcc42cfd3f976a888264ee8462f,hindi,real,real,Roop Tera Mastana.mp3,425,10
5717c64d3bb1b0fa94f0e8b6f62895e9,hindi,real,real,Roop Tera Mastana.mp3,426,10
f53b40389af70024cb0be3edbeb3b436,hindi,real,real,Roop Tera Mastana.mp3,427,10
717307869ad25283465e8d0c157cac7e,hindi,real,real,Roop Tera Mastana.mp3,428,10
93148273ca11823700579289da66666f,hindi,real,real,Roop Tera Mastana.mp3,429,10
f45819d044b35aa6be2f1404d1d1fef9,hindi,real,real,Roop Tera Mastana.mp3,430,10
facfde23e46f97f3eb4c890001d44c8c,hindi,real,real,Roop Tera Mastana.mp3,431,10
0480442920d62e5ba8ecc3410b9b3bbc,hindi,real,real,Roop Tera Mastana.mp3,432,10
7729c0b6261b7063b464f3ecdb20b15e,hindi,real,real,Roop Tera Mastana.mp3,433,10
684698f3c8a494c36983eb53edade655,hindi,real,real,Roop Tera Mastana.mp3,434,10
5386af19d7263d28b102a059e1240231,hindi,real,real,Roop Tera Mastana.mp3,435,10
96d9218575fa55128c42e494b6afe0de,hindi,real,real,Roop Tera Mastana.mp3,436,10
4cb05b22fb8c61f6fcf1b64268dee961,hindi,real,real,Roop Tera Mastana.mp3,437,10
487a72537ec62035aa8fe0a4293ad439,hindi,real,real,Roop Tera Mastana.mp3,438,10
0c8c734c502b654c5d0d1c045105a3f3,hindi,real,real,Roop Tera Mastana.mp3,439,10
a061bf9dbe4504f784b541f501a86cca,hindi,real,real,Roop Tera Mastana.mp3,440,10
c5c3358623126beae9cde4a35bc63972,hindi,real,real,Roop Tera Mastana.mp3,441,10
24538edede82f7b9c39a4c01eaa8ed97,hindi,real,real,Roop Tera Mastana.mp3,442,10
493d8db77f2b2169425734890338dcb0,hindi,real,real,Roop Tera Mastana.mp3,443,10
eea2943cbbfc75c3cafb2e913e74614e,hindi,real,real,Roop Tera Mastana.mp3,444,10
d18e3558d0bdc4fdf2753caa7f9cae82,hindi,real,real,Roop Tera Mastana.mp3,445,10
3c3a56aec63a1d25d9b7c8cb3416c2bd,hindi,real,real,Roop Tera Mastana.mp3,446,10
2fd05e7da9708ae6ab976df5549ae99e,hindi,real,real,Roop Tera Mastana.mp3,447,10
7fc17ec0f968383d10ba43034028f1e6,hindi,real,real,Roop Tera Mastana.mp3,448,10
6b4bb8fcb47a36115576cc15a31e820e,hindi,real,real,Roop Tera Mastana.mp3,449,10
f197b57d92b9ea53a02123a45ad0be74,hindi,real,real,Roop Tera Mastana.mp3,450,10
5e7440546a7be1bf518609a0f656e8ca,hindi,real,real,Roop Tera Mastana.mp3,451,10
eb627a141571df77abd8673fa8813ea3,hindi,real,real,Roop Tera Mastana.mp3,452,10
770c7342e03c7b2777c8ce4a536d5085,hindi,real,real,Roop Tera Mastana.mp3,453,10
2161b6a6910bc8062fdac9ffeebe2b80,hindi,real,real,Roop Tera Mastana.mp3,454,10
cf3dfb518100edf1443ed68468c96200,hindi,real,real,Roop Tera Mastana.mp3,455,10
ff1cf0ed6222c6bb253b2f3b79d269ba,hindi,real,real,Roop Tera Mastana.mp3,456,10
3808297072ef7ec03d077d680312a427,hindi,real,real,Roop Tera Mastana.mp3,457,10
da893204d5fdfc4c23830b2fd7b54f5b,hindi,real,real,Roop Tera Mastana.mp3,458,10
308d55f8e655295da5f9ccd0527f31f8,hindi,real,real,Roop Tera Mastana.mp3,459,10
83f8b96487969aa458c6afdd9e7cd6e3,hindi,real,real,Roop Tera Mastana.mp3,460,10
3daa8e567ff57920a3ba8f210af543e5,hindi,real,real,Roop Tera Mastana.mp3,461,10
34849f40d00c17f383e7477e6870141a,hindi,real,real,Roop Tera Mastana.mp3,462,10
d5020b4338e4eeda6f657b7618825586,hindi,real,real,Roop Tera Mastana.mp3,463,10
530998f5559e6c3aea72af87d39aef9f,hindi,real,real,Roop Tera Mastana.mp3,464,10
1b8591196e51681cda2582848d816171,hindi,real,real,Roop Tera Mastana.mp3,465,10
41561677ddefe54e60b6810cd027eac2,hindi,real,real,Roop Tera Mastana.mp3,466,10
905318550fbbf080a923a2921c576b82,hindi,real,real,Roop Tera Mastana.mp3,467,10
7960bdb06e87ec73edd0d3c1ff8c2104,hindi,real,real,Roop Tera Mastana.mp3,468,10
a4ca5a978beb449f5a3074c2a205a817,hindi,real,real,Roop Tera Mastana.mp3,469,10
31a8d85a819f3b370e6720c6b9399af0,hindi,real,real,Roop Tera Mastana.mp3,470,10
b27a900569679d4a863a3864329f963c,hindi,real,real,Roop Tera Mastana.mp3,471,10
f606e5451044f28ddd1a0ee3f8f6d689,hindi,real,real,Roop Tera Mastana.mp3,472,10
38b8386e11caad8bad54ceb92d272bb6,hindi,real,real,Roop Tera Mastana.mp3,473,10
6f10e94aa1f316ddeb26e84b769fc77b,hindi,real,real,Roop Tera Mastana.mp3,474,10
1f3e2d9afd71a84ec06704a65694324f,hindi,real,real,Roop Tera Mastana.mp3,475,10
0297e09163d6c57a634c939d8d1c8063,hindi,real,real,Roop Tera Mastana.mp3,476,10
ae5ecebb2fd12a023adc1bdb8d1fc049,hindi,real,real,Roop Tera Mastana.mp3,477,10
f18538404749168621b1d09433216562,hindi,real,real,Roop Tera Mastana.mp3,478,10
900b2075b5b264f0d0dffe04bb9fa7f6,hindi,real,real,Roop Tera Mastana.mp3,479,10
625729e297582431c389253cf2c66a7b,hindi,real,real,Roop Tera Mastana.mp3,480,10
0b1fdcf64734058fafe20991441064e6,hindi,real,real,Roop Tera Mastana.mp3,481,10
9238aee83981fb668227c6a7085b68f4,hindi,real,real,Roop Tera Mastana.mp3,482,10
a29b67ce4bafaffb1c7c07e0b088ee23,hindi,real,real,Roop Tera Mastana.mp3,483,10
f4a4ec44c603bdf03734730697639dda,hindi,real,real,Roop Tera Mastana.mp3,484,10
6dd2a715c11f972081b845a739b40dd9,hindi,real,real,Roop Tera Mastana.mp3,485,10
e43f689478587b06e82f44337a4fa982,hindi,real,real,Roop Tera Mastana.mp3,486,10
3b7292865f4444b1449c37acb2d73d0a,hindi,real,real,Roop Tera Mastana.mp3,487,10
ba02d7963162465a61442005a26bb3c7,hindi,real,real,Roop Tera Mastana.mp3,488,10
ae6d143f37df5e00592c0c48398da318,hindi,real,real,Roop Tera Mastana.mp3,489,10
3414cfa40dd7e751ba6e4332ba4bfa8a,hindi,real,real,Roop Tera Mastana.mp3,490,10
e4433b8d82007bc297d4c2aa008c06f5,hindi,real,real,Roop Tera Mastana.mp3,491,10
2e90bdf5669dd62e5056054adae87cdc,hindi,real,real,Roop Tera Mastana.mp3,492,10
5c6f4b66caabef9b33b09034dbe7b9f2,hindi,real,real,Roop Tera Mastana.mp3,493,10
2c8ca888e371f2a88a54c0dada1ace86,hindi,real,real,Roop Tera Mastana.mp3,494,10
6aafdcc38abc60201e675dc5bbccd419,hindi,real,real,Roop Tera Mastana.mp3,495,10
f3c6c8802ae24c20a4e33a443c6671fa,hindi,real,real,Roop Tera Mastana.mp3,496,10
ac8520985bf559f041bb1666f3cab8d6,hindi,real,real,Roop Tera Mastana.mp3,497,10
998d57930e1e18e518006e1173f89fe3,hindi,real,real,Roop Tera Mastana.mp3,498,10
1425d5d6390154ab4d6a36e0042e1f8d,hindi,real,real,Roop Tera Mastana.mp3,499,10
00d27c9ee6b46d8e321a7ecbab552651,hindi,real,real,Roop Tera Mastana.mp3,500,10
4a7f58630e2f7e3615d7a3f3a893e91e,hindi,real,real,Roop Tera Mastana.mp3,501,10
4e4cced944047470ccef7c4e312b6887,hindi,real,real,Roop Tera Mastana.mp3,502,10
3162265158aa9266c3acc3e155e58230,hindi,real,real,Roop Tera Mastana.mp3,503,10
284025b1dcaf4a75ac7a0c1d011d3d5b,hindi,real,real,Roop Tera Mastana.mp3,504,10
643c2808d33d4b3459c63796af7addb6,hindi,real,real,Roop Tera Mastana.mp3,505,10
ece9a6a29e70d6e0c2130503c3be32ed,hindi,real,real,Roop Tera Mastana.mp3,506,10
c4304c089263955bf4f41ff407eef2cc,hindi,real,real,Roop Tera Mastana.mp3,507,10
236b432ecc6bd78cab8c540a1623c23f,hindi,real,real,Roop Tera Mastana.mp3,508,10
f93a6b4adb4bd3e7018f4280342b29d8,hindi,real,real,Roop Tera Mastana.mp3,509,10
0b38ff361aac681ea691d1e223d2468a,hindi,real,real,Roop Tera Mastana.mp3,510,10
eb37148cae3b640baa2061d7bc99f055,hindi,real,real,Roop Tera Mastana.mp3,511,10
9ca13588325420279de24ecacb0e4541,hindi,real,real,Roop Tera Mastana.mp3,512,10
cf0ec490371d2d631a45b2b6c6ac5d0c,hindi,real,real,Roop Tera Mastana.mp3,513,10
2c9160a6d34d1d39a44faf75a72fdb32,hindi,real,real,Roop Tera Mastana.mp3,514,10
be9a66f59b0ad841df33c0f470bdc261,hindi,real,real,Roop Tera Mastana.mp3,515,10
3e00bc27bd07b2413304f69ce4125ec0,hindi,real,real,Roop Tera Mastana.mp3,516,10
91fe190a9c9da0480e7e0f98b449c7e6,hindi,real,real,Roop Tera Mastana.mp3,517,10
9ae04edf3c8c96b9c2df4de842169671,hindi,real,real,Roop Tera Mastana.mp3,518,10
190d779046468e0c643e15230939ec53,hindi,real,real,Roop Tera Mastana.mp3,519,10
9c595d4ecb1aa03511ad279d4063d1a9,hindi,real,real,Roop Tera Mastana.mp3,520,10
0bf0128dc0297481618ca44143bc3b4b,hindi,real,real,Roop Tera Mastana.mp3,521,10
c8fef00c241b47e99bf41498dc38ae27,hindi,real,real,Roop Tera Mastana.mp3,522,10
2ee2960b42ea35f6092d1ff1008d2565,hindi,real,real,Roop Tera Mastana.mp3,523,10
780985a9bb63c48dde3715f79fdc2854,hindi,real,real,Roop Tera Mastana.mp3,524,10
602a73f73a501538b0fd7eb6e6c3328c,hindi,real,real,Roop Tera Mastana.mp3,525,10
41572fd1b6c729b25d71fb24bc17b561,hindi,real,real,Roop Tera Mastana.mp3,526,10
f422ead8310b1a0bae1b36d18e0a6782,hindi,real,real,Roop Tera Mastana.mp3,527,10
6805d7f4d3493af7c0758a649943c40e,hindi,real,real,Roop Tera Mastana.mp3,528,10
531a0e781c6d9a84b4cbe47f642846de,hindi,real,real,Roop Tera Mastana.mp3,529,10
2ebf167120814fea0f02e11d613c8127,hindi,real,real,Roop Tera Mastana.mp3,530,10
5a66553e7d525463bc6d6bcb60f2f112,hindi,real,real,Roop Tera Mastana.mp3,531,10
b58e5ebeb9dc165e6a79666f132b7a24,hindi,real,real,Roop Tera Mastana.mp3,532,10
d1d46381f675889f8c3294cec2e852b1,hindi,real,real,Roop Tera Mastana.mp3,533,10
2cdf58e70438d91e08dea904218a3fbc,hindi,real,real,Roop Tera Mastana.mp3,534,10
46929868adff35a1b765d1f9ddc286fd,hindi,real,real,Roop Tera Mastana.mp3,535,10
76c3a622709ab67e3c93c7031ff14813,hindi,real,real,Roop Tera Mastana.mp3,536,10
715bfb50a18126979de4cf94d1a3d006,hindi,real,real,Roop Tera Mastana.mp3,537,10
6066593e6eb7426a43391c234b5754a4,hindi,real,real,Roop Tera Mastana.mp3,538,10
d27fffbabae1032c34776d532a377429,hindi,real,real,Roop Tera Mastana.mp3,539,10
b3e3fa73e870d2879e08871c5663bddd,hindi,real,real,Roop Tera Mastana.mp3,540,10
071a74c0bf2415d46e2c2aa559b4ddac,hindi,real,real,Roop Tera Mastana.mp3,541,10
eefd883a851b9f16478940f66125da6b,hindi,real,real,Roop Tera Mastana.mp3,542,10
4ad95745beac5077b3d54748ada4654b,hindi,real,real,Roop Tera Mastana.mp3,543,10
04773e9f4b3c3f3522ca90c388c574b5,hindi,real,real,Roop Tera Mastana.mp3,544,10
0f8b4bb6145d6e9bdacbb86d8748b161,hindi,real,real,Roop Tera Mastana.mp3,545,10
dfb12ade479f85cce0a839596ce7d7b2,hindi,real,real,Roop Tera Mastana.mp3,546,10
fc0dfc36f020b3f9b228ddba9c8afc22,hindi,real,real,Roop Tera Mastana.mp3,547,10
dc1a986c3f3054478f97b413aa071327,hindi,real,real,Roop Tera Mastana.mp3,548,10
73ab7f424d786ff97611431aed616f87,hindi,real,real,Roop Tera Mastana.mp3,549,10
3fb859633f9895a61dcf62208499d462,hindi,real,real,Roop Tera Mastana.mp3,550,10
bc9afbc1aaf798454576ad8211f41dbc,hindi,real,real,Roop Tera Mastana.mp3,551,10
488e5176ab52ee8c95121a81d1caa2db,hindi,real,real,Roop Tera Mastana.mp3,552,10
ce9f441f5ee5d37a49c05105a53934cf,hindi,real,real,Roop Tera Mastana.mp3,553,10
c009f5716f2f2d88252f145b36af4fd8,hindi,real,real,Roop Tera Mastana.mp3,554,10
9826f9a201f791bbe70d673866b49c6e,hindi,real,real,Roop Tera Mastana.mp3,555,10
05a1333222c1947a7fe3ab9dc13349f9,hindi,real,real,Roop Tera Mastana.mp3,556,10
d2cfa63ea9a3e04ed3c28bb1e956699f,hindi,real,real,Roop Tera Mastana.mp3,557,10
3f8c4761441af0c5d13ed1e4ba087117,hindi,real,real,Roop Tera Mastana.mp3,558,10
83002b6c08d733f19ccb83711c15d67f,hindi,real,real,Roop Tera Mastana.mp3,559,10
47e298475828cad6955fd99ee0cbacc0,hindi,real,real,Roop Tera Mastana.mp3,560,10
23e047f77f9bbdb217c672ee38fb9a0c,hindi,real,real,Roop Tera Mastana.mp3,561,10
3cefaae1c26b9aab6438d04b48ec74e7,hindi,real,real,Roop Tera Mastana.mp3,562,10
49e543ef6df323a002ecac7e99ca5047,hindi,real,real,Roop Tera Mastana.mp3,563,10
5d8741ffcbd57353be97ca98c8ef2bb4,hindi,real,real,Roop Tera Mastana.mp3,564,10
f3912fd49e38cecd72aa47bddea50a9b,hindi,real,real,Roop Tera Mastana.mp3,565,10
37af0e3b0bd8aa83342737e554c5293b,hindi,real,real,Roop Tera Mastana.mp3,566,10
5eff22c750a9f1fa57fac7b2330179b8,hindi,real,real,Roop Tera Mastana.mp3,567,10
e9a0bc5e675995643edf92c42a5da289,hindi,real,real,Roop Tera Mastana.mp3,568,10
f2e44166af682e1c40eb8191b3006d5f,hindi,real,real,Roop Tera Mastana.mp3,569,10
7ac200b0ec928318ce52fb0a72bac5be,hindi,real,real,Roop Tera Mastana.mp3,570,10
99208656178e1c9cf751a7ce86b267fa,hindi,real,real,Roop Tera Mastana.mp3,571,10
5a02fbf2a5148444d24b25981a6c74a0,hindi,real,real,Roop Tera Mastana.mp3,572,10
6c28ba93f6e11779bc27b91777285655,hindi,real,real,Roop Tera Mastana.mp3,573,10
2ac5a7d8d95864f42e13386b59932988,hindi,real,real,Roop Tera Mastana.mp3,574,10
9b2b5b69b18915089c5593751844bb5f,hindi,real,real,Roop Tera Mastana.mp3,575,10
98851720853d8e7763e3f9f228ba8894,hindi,real,real,Roop Tera Mastana.mp3,576,10
0923dbf12f31197ac472dcad90991a32,hindi,real,real,Roop Tera Mastana.mp3,577,10
0f053861cad80c7af450f7f4b8803ebf,hindi,real,real,Roop Tera Mastana.mp3,578,10
2d71adf0da832a82fccf1bc4f5e3e498,hindi,real,real,Roop Tera Mastana.mp3,579,10
fc09738f92ec03f3071ca1bf526c899d,hindi,real,real,Roop Tera Mastana.mp3,580,10
2bf574843d509edc0a532c5cd013f3be,hindi,real,real,Roop Tera Mastana.mp3,581,10
2c1f3a992c00c2e54b3ce08546c288ef,hindi,real,real,Roop Tera Mastana.mp3,582,10
8705f8f67af19f0518dc80f8e58c32e7,hindi,real,real,Roop Tera Mastana.mp3,583,10
f4021e9cce0a665206fd2786d9d032f1,hindi,real,real,Roop Tera Mastana.mp3,584,10
cf1903c32dcb9202c7a216e62f9e812f,hindi,real,real,Roop Tera Mastana.mp3,585,10
df3de769498bdffec58b2085dde75314,hindi,real,real,Roop Tera Mastana.mp3,586,10
0f70b882fb8b1d8bdda33d5e3201028f,hindi,real,real,Roop Tera Mastana.mp3,587,10
75503ab1b04b922a7b2304ac8815ff7b,hindi,real,real,Roop Tera Mastana.mp3,588,10
018e674772a48b7907eaaa8d00154195,hindi,real,real,Roop Tera Mastana.mp3,589,10
1ab3563f09d5bb51bc513a123703f4ee,hindi,real,real,Roop Tera Mastana.mp3,590,10
54036fed8bc911ffb6cb04b09887235e,hindi,real,real,Roop Tera Mastana.mp3,591,10
f0de4599e5f089c086dd3fa263afaafa,hindi,real,real,Roop Tera Mastana.mp3,592,10
eea6aba737c1c68d7273ae0a97c209d8,hindi,real,real,Roop Tera Mastana.mp3,593,10
4a2658e6d5d3c6c51f56ecc4746e3a4c,hindi,real,real,Roop Tera Mastana.mp3,594,10
698f9fd6c6cbeea25e6690efce2e0686,hindi,real,real,Roop Tera Mastana.mp3,595,10
be5447adff9083485479b4cc8aa9eed9,hindi,real,real,Roop Tera Mastana.mp3,596,10
c61e77e5593f36fd7af69ca910e63f57,hindi,real,real,Roop Tera Mastana.mp3,597,10
748658d7038f6a9672ce10d176870d32,hindi,real,real,Roop Tera Mastana.mp3,598,10
baad37b2c8df16a34ef18f89fa6b848f,hindi,real,real,Roop Tera Mastana.mp3,599,10
c7048a8e0c00e1d55ae0407970b07554,hindi,real,real,Roop Tera Mastana.mp3,600,10
57e43b932e8fd715fbbf560d87deac58,hindi,real,real,Roop Tera Mastana.mp3,601,10
ff424f3d3b19b6e215339c85e46efb97,hindi,real,real,Roop Tera Mastana.mp3,602,10
3d99508d3ff1fe2d5a945f2900a2fae4,hindi,real,real,Roop Tera Mastana.mp3,603,10
b89f10e4c9e3fc227332eabcdd2a2df2,hindi,real,real,Roop Tera Mastana.mp3,604,10
f07fe107813e106cb36d0f2eb4f4ba6d,hindi,real,real,Roop Tera Mastana.mp3,605,10
3f9c40fa4dc57278b364d2119e5a4113,hindi,real,real,Roop Tera Mastana.mp3,606,10
8736110e9f2e1a2001e97d560fc4fd5b,hindi,real,real,Roop Tera Mastana.mp3,607,10
f8002d3ef5ae3b95289d2a9ea53194bb,hindi,real,real,Roop Tera Mastana.mp3,608,10
0c3a70d0167d64363975b49089efc494,hindi,real,real,Roop Tera Mastana.mp3,609,10
d7e58b654b754721a36f24e31f25d9b0,hindi,real,real,Roop Tera Mastana.mp3,610,10
fc9b35442b0c52944bfed2f8945cb6e5,hindi,real,real,Roop Tera Mastana.mp3,611,10
758633df610f4145739b10ae49e6cc4c,hindi,real,real,Roop Tera Mastana.mp3,612,10
afc166f7cafbcb47945c73a35fb55247,hindi,real,real,Roop Tera Mastana.mp3,613,10
2ce83aa4af2616aac928af03b214d574,hindi,real,real,Roop Tera Mastana.mp3,614,10
adf0e1a753c827bd215c1c384344dbe5,hindi,real,real,Roop Tera Mastana.mp3,615,10
9c70380e91b3533ae1c7b07d9cb46342,hindi,real,real,Roop Tera Mastana.mp3,616,10
4eb921a0300b852b8ff1bd867033fa41,hindi,real,real,Roop Tera Mastana.mp3,617,10
960afba360fdb860bddd0606976a7c72,hindi,real,real,Roop Tera Mastana.mp3,618,10
232450fe03fc0f12ff3b110851b9f2cd,hindi,real,real,Roop Tera Mastana.mp3,619,10
c93cebf8de66a32de0e35c776c99a5d4,hindi,real,real,Roop Tera Mastana.mp3,620,10
148b73db2fcaabed02f9922bd743d3a9,hindi,real,real,Roop Tera Mastana.mp3,621,10
77ccd6b7dceaec86fc05b53584602ef2,hindi,real,real,Roop Tera Mastana.mp3,622,10
59de9f218a9132493a8646d23a8dae6e,hindi,real,real,Roop Tera Mastana.mp3,623,10
486ebe2a089557982e8dda4932251636,hindi,real,real,Roop Tera Mastana.mp3,624,10
5244bd62fcfe168cc85ea5c58d7019cb,hindi,real,real,Roop Tera Mastana.mp3,625,10
b73e418be69fc46293b933d8b6b4ccd4,hindi,real,real,Roop Tera Mastana.mp3,626,10
12484547fe8ae099ba7e52d43196252b,hindi,real,real,Roop Tera Mastana.mp3,627,10
e6c27b273a3c8d4cd20af24abb8b3e56,hindi,real,real,Roop Tera Mastana.mp3,628,10
88b3feb819b8b584e439ede23e364332,hindi,real,real,Roop Tera Mastana.mp3,629,10
af19848fd71d19d08a4762a6d25a5493,hindi,real,real,Roop Tera Mastana.mp3,630,10
13cccac555de322f647e901de91a0465,hindi,real,real,Roop Tera Mastana.mp3,631,10
60917f2e230e5be35940879fc480d8e9,hindi,real,real,Roop Tera Mastana.mp3,632,10
2f5ff64da2bb465c0c0b0ef018465fbf,hindi,real,real,Roop Tera Mastana.mp3,633,10
862c86d4ddd82c3af2f404f73096202d,hindi,real,real,Roop Tera Mastana.mp3,634,10
e2f0bb33874eb74f340983c3217d02dd,hindi,real,real,Roop Tera Mastana.mp3,635,10
bf6d7ccc6e3d466caf60ffb88e8469d3,hindi,real,real,Roop Tera Mastana.mp3,636,10
3bbf1adf6321c3a591e1e3351c9efe1c,hindi,real,real,Roop Tera Mastana.mp3,637,10
ee21817cf68fb0d449136092c7519142,hindi,real,real,Roop Tera Mastana.mp3,638,10
8bee0e3f2102637eebe8dd496196b823,hindi,real,real,Roop Tera Mastana.mp3,639,10
7f32d559501469694b4b0c3eda6aac2b,hindi,real,real,Roop Tera Mastana.mp3,640,10
6cc4a129beff328b062d7d28dacb7587,hindi,real,real,Roop Tera Mastana.mp3,641,10
965404a5fbf9765c424579c3280167bd,hindi,real,real,Roop Tera Mastana.mp3,642,10
c98f8f88a264ae2b999c0b9cadff97f7,hindi,real,real,Roop Tera Mastana.mp3,643,10
53477d4fccdc4fa94c8e4afbaae07a5c,hindi,real,real,Roop Tera Mastana.mp3,644,10
8cdc630489fc7cd86d2440a61b65eabb,hindi,real,real,Roop Tera Mastana.mp3,645,10
59c879b06519d0ea50825b6e3fc07039,hindi,real,real,Roop Tera Mastana.mp3,646,10
78f081f3904644da9db5fb429512143c,hindi,real,real,Roop Tera Mastana.mp3,647,10
f021d834a70f0e063f65c4c1daeb5d3e,hindi,real,real,Roop Tera Mastana.mp3,648,10
2b1c39e2df5fd860d89831aa84f75349,hindi,real,real,Roop Tera Mastana.mp3,649,10
9ce568704113b4b1fbf926eb9ec298d1,hindi,real,real,Roop Tera Mastana.mp3,650,10
acccab0e838d6766ef61d6c48320c3eb,hindi,real,real,Roop Tera Mastana.mp3,651,10
20ef52bf64f173809c5f51c07a06826a,hindi,real,real,Roop Tera Mastana.mp3,652,10
af32a0ef868c776a881906818f180bcc,hindi,real,real,Roop Tera Mastana.mp3,653,10
0f28db294e2234bb60cafa3794489a15,hindi,real,real,Roop Tera Mastana.mp3,654,10
deffb94d1f20ae7bbd3e249f329faab6,hindi,real,real,Roop Tera Mastana.mp3,655,10
c7be325dd06ea74a3e0193c1d30139c3,hindi,real,real,Roop Tera Mastana.mp3,656,10
200e4faacd8edb49b2a8c40f5e48ca8b,hindi,real,real,Roop Tera Mastana.mp3,657,10
5d09fdf31b4a532be57b748154afd36f,hindi,real,real,Roop Tera Mastana.mp3,658,10
11b7ffbc6a368dcbaa364fcade58bb4d,hindi,real,real,Roop Tera Mastana.mp3,659,10
8ea6c29a1388bb703d9e470733b17d0c,hindi,real,real,Roop Tera Mastana.mp3,660,10
cc786d8bfb191043e65cbdf9a4338d71,hindi,real,real,Roop Tera Mastana.mp3,661,10
6e503faeb391e7429e25fff8d8c12aa4,hindi,real,real,Zindagi Ek Safar.mp3,0,10
2dcae6353d63e86aefb452402b4571b5,hindi,real,real,Zindagi Ek Safar.mp3,1,10
e75997887f7fa351ceea7ccc633e6a4e,hindi,real,real,Zindagi Ek Safar.mp3,2,10
f8038f52f95f2c768a0bdcd31e21c01a,hindi,real,real,Zindagi Ek Safar.mp3,3,10
51b1fb0fd8bf66e8ffe16d80f8589e5a,hindi,real,real,Zindagi Ek Safar.mp3,4,10
68c2097f807772ed1f2b919430dbe829,hindi,real,real,Zindagi Ek Safar.mp3,5,10
23b4adadfc77c3f199d5be85c60e21b5,hindi,real,real,Zindagi Ek Safar.mp3,6,10
73cb1edd95a7b697c7227b112bc3320c,hindi,real,real,Zindagi Ek Safar.mp3,7,10
a5373df77d7c5bb770da693a568eaef6,hindi,real,real,Zindagi Ek Safar.mp3,8,10
673a4b5f3f9e02ee1940f0ec6459be24,hindi,real,real,Zindagi Ek Safar.mp3,9,10
4e3b0a5f2acc47aa5c07098dcf7858c1,hindi,real,real,Zindagi Ek Safar.mp3,10,10
042e61c4cbeee662ef17aad6c89a3c04,hindi,real,real,Zindagi Ek Safar.mp3,11,10
a5adf349721089cf3b3fa41336fbf147,hindi,real,real,Zindagi Ek Safar.mp3,12,10
1ead849c0e89b6c727ac8d00a45b2fb5,hindi,real,real,Zindagi Ek Safar.mp3,13,10
a36e30f9859cd18bd4fd973d4f5e4102,hindi,real,real,Zindagi Ek Safar.mp3,14,10
2044d4527f03c1c58e91793b97e912ff,hindi,real,real,Zindagi Ek Safar.mp3,15,10
eae0f35ba43df0dcf5f35df0314770af,hindi,real,real,Zindagi Ek Safar.mp3,16,10
1c0104b2622c17d2fd55d2c5aa54911e,hindi,real,real,Zindagi Ek Safar.mp3,17,10
b4ba9d3f4f3a34491c67faf350c44702,hindi,real,real,Zindagi Ek Safar.mp3,18,10
f296460ceab9f51298b4ad853b5c4c20,hindi,real,real,Zindagi Ek Safar.mp3,19,10
535bd1c50fc456472beff727140d2d52,hindi,real,real,Zindagi Ek Safar.mp3,20,10
af5e3b3d95cf7ba1322bb1933c4855ed,hindi,real,real,Zindagi Ek Safar.mp3,21,10
ea7d1ec8e3a2b5f156accf4256ebaf42,hindi,real,real,Zindagi Ek Safar.mp3,22,10
07ac112cba33166dc22ad6ce955c7483,hindi,real,real,Zindagi Ek Safar.mp3,23,10
84606f07efb52d67d01fedad0795db27,hindi,real,real,Zindagi Ek Safar.mp3,24,10
27a4f5eac4ed279babf1afe6f2969bd9,hindi,real,real,Chaudhvin Ka Chand.mp3,0,10
e925cbe2b0fe40b6d4677509d4e6fcaa,hindi,real,real,Chaudhvin Ka Chand.mp3,1,10
d5af5b347c4e405ab4b932be9bd78f23,hindi,real,real,Chaudhvin Ka Chand.mp3,2,10
401ac16fc3ac699384d83cbd824f8828,hindi,real,real,Chaudhvin Ka Chand.mp3,3,10
db3401e9f8826dbbc7080002c9bcf3af,hindi,real,real,Chaudhvin Ka Chand.mp3,4,10
34cf02fa42b3e5a2aa3749376bd74040,hindi,real,real,Chaudhvin Ka Chand.mp3,5,10
b8c70ca6f2bdff8f7019bf0644e10b76,hindi,real,real,Chaudhvin Ka Chand.mp3,6,10
9c192029f33571691ce0849d5b40fdaf,hindi,real,real,Chaudhvin Ka Chand.mp3,7,10
c00fab5a498f76658faeb2dcee135460,hindi,real,real,Chaudhvin Ka Chand.mp3,8,10
17191d9b636832a54a27dbbaa0ac9734,hindi,real,real,Chaudhvin Ka Chand.mp3,9,10
7157e4addd429c9ee4b8f2d90e10dd2e,hindi,real,real,Chaudhvin Ka Chand.mp3,10,10
333d06dc4aef00fe1d46b36cc051d74c,hindi,real,real,Chaudhvin Ka Chand.mp3,11,10
ca9fa2d44c557fbe9d11f62cdf629509,hindi,real,real,Chaudhvin Ka Chand.mp3,12,10
f9bd407aeba46bb48520c73a8fb7b2a4,hindi,real,real,Chaudhvin Ka Chand.mp3,13,10
c0675ce3b03a6f65fb7bc4253a1d6025,hindi,real,real,Chaudhvin Ka Chand.mp3,14,10
f1f4e58edebe50ccb58cb31b2f879388,hindi,real,real,Chaudhvin Ka Chand.mp3,15,10
3ec01553379e4447d241d69649d7ef89,hindi,real,real,Chaudhvin Ka Chand.mp3,16,10
f44a6150087cff22af5a5ad568427422,hindi,real,real,Chaudhvin Ka Chand.mp3,17,10
a628331c4d801489c861d5a4916344b6,hindi,real,real,Chaudhvin Ka Chand.mp3,18,10
a8d5e8bf9bed74de03448e0e11dfd985,hindi,real,real,Chaudhvin Ka Chand.mp3,19,10
7efa52b7fe33289a47313269647bcaaa,hindi,real,real,Chaudhvin Ka Chand.mp3,20,10
6482297696ce945726701fa89c8b191f,hindi,real,real,Chaudhvin Ka Chand.mp3,21,10
0cb04ed64375306f927c6d52d813908d,hindi,real,real,Chaudhvin Ka Chand.mp3,22,10
0bd73176441362514fcbedbeebb1e02b,hindi,real,real,Chaudhvin Ka Chand.mp3,23,10
a2c34857bc4c00c61e22e1beaae39b6e,hindi,real,real,Chaudhvin Ka Chand.mp3,24,10
35204f6eb054912c76352ce5e2c29d27,hindi,real,real,Chaudhvin Ka Chand.mp3,25,10
36ac9274ecf478d83ca1b671310b5402,hindi,real,real,Chaudhvin Ka Chand.mp3,26,10
a807df5e38ba8c12ece01f49de589f45,hindi,real,real,Madhuban Mein Radhika.mp3,0,10
e9d48a4e72496bba2ca27ca74069ee46,hindi,real,real,Madhuban Mein Radhika.mp3,1,10
faa1b8d4dad8aaa93d0f58f368335a32,hindi,real,real,Madhuban Mein Radhika.mp3,2,10
ecaf4cdb81ea6b14c38426dee8fc4528,hindi,real,real,Madhuban Mein Radhika.mp3,3,10
6217683fe0434db89adb0fd130175777,hindi,real,real,Madhuban Mein Radhika.mp3,4,10
60b74ed2ecdb522e649b93fcc5c84eef,hindi,real,real,Madhuban Mein Radhika.mp3,5,10
0844507ad6a06a94d8798b4a8c7c9d3f,hindi,real,real,Madhuban Mein Radhika.mp3,6,10
327b953ea2d51931e98040e28391ba8b,hindi,real,real,Madhuban Mein Radhika.mp3,7,10
3e60dcaa7a39113d0ee96dfdbe7027a6,hindi,real,real,Madhuban Mein Radhika.mp3,8,10
3de26dbe52a82f26db0ba0350ceaeb66,hindi,real,real,Madhuban Mein Radhika.mp3,9,10
271a95ccf683eef8c879998fca2a63af,hindi,real,real,Madhuban Mein Radhika.mp3,10,10
cf7206f94330b30f55f3c87bd5674c9b,hindi,real,real,Madhuban Mein Radhika.mp3,11,10
836654c36f7e2cd4137d1f6a9cbb3cfc,hindi,real,real,Madhuban Mein Radhika.mp3,12,10
e1d1e049f9ac17874b41c8317fbb5ef0,hindi,real,real,Madhuban Mein Radhika.mp3,13,10
8ed6898462a081d6f8e62d7f233f4962,hindi,real,real,Madhuban Mein Radhika.mp3,14,10
7d8173d7286bb6b72deb0c166dc5c45a,hindi,real,real,Madhuban Mein Radhika.mp3,15,10
c67219b1a4a10127f7cb304f2d4fd16d,hindi,real,real,Madhuban Mein Radhika.mp3,16,10
77bb8bd7b39d8322de2f8d99fd2f513e,hindi,real,real,Madhuban Mein Radhika.mp3,17,10
78eea393c8acff8417f4b4d6e7fe35d3,hindi,real,real,Madhuban Mein Radhika.mp3,18,10
7b1c4efe50f223171cc974238354c5f6,hindi,real,real,Madhuban Mein Radhika.mp3,19,10
04145f0bf4fca5863427382701ff9812,hindi,real,real,Madhuban Mein Radhika.mp3,20,10
601b1e2be872be0ee94fc462740f31f2,hindi,real,real,Madhuban Mein Radhika.mp3,21,10
ad33667ac7d056caa16a9310fe2919e1,hindi,real,real,Madhuban Mein Radhika.mp3,22,10
862fc47d6e0cac2ef5eb05ba5a345013,hindi,real,real,Madhuban Mein Radhika.mp3,23,10
ceedfb154b789d71b63b8169602179b5,hindi,real,real,Madhuban Mein Radhika.mp3,24,10
d9753410ddff5f562447ec421c299f78,hindi,real,real,Madhuban Mein Radhika.mp3,25,10
5076a56a997aa8a3eb3b8beb4319944b,hindi,real,real,Madhuban Mein Radhika.mp3,26,10
7d9d45b234e9aa00f4ae47b625dfee8f,hindi,real,real,Madhuban Mein Radhika.mp3,27,10
1b15ff8864bb3e04c98d2c545b87e79d,hindi,real,real,Madhuban Mein Radhika.mp3,28,10
8714af1e18cbe9f27435192471e6703e,hindi,real,real,Madhuban Mein Radhika.mp3,29,10
a9c92665c79cdb22500d820d6b22f877,hindi,real,real,Madhuban Mein Radhika.mp3,30,10
eadc482b7178accfd7564503d8da16c2,hindi,real,real,Albela Sajan.mp3,0,10
ab9e1da02b48b63a1be47d3f14a788d2,hindi,real,real,Albela Sajan.mp3,1,10
cf554c9590ad5352b8d64a4c26b80443,hindi,real,real,Albela Sajan.mp3,2,10
10991689305316019d8c85568e88a73a,hindi,real,real,Albela Sajan.mp3,3,10
d4cd63def3c4e8e8231c3d3af2cb19c8,hindi,real,real,Albela Sajan.mp3,4,10
4915876057aaf3dbb395ea707bd51e19,hindi,real,real,Albela Sajan.mp3,5,10
e8cb1c5621b6ad6df64195968f10ba13,hindi,real,real,Albela Sajan.mp3,6,10
bc5e796cb5c492194550257d2b447651,hindi,real,real,Albela Sajan.mp3,7,10
20bda604befa22b34decaf50b80d1af4,hindi,real,real,Albela Sajan.mp3,8,10
f10c2bee3c2983ba60875a5be42a3ffc,hindi,real,real,Albela Sajan.mp3,9,10
56463b2eed8b43f4316cdc81685f70b6,hindi,real,real,Albela Sajan.mp3,10,10
6c36363840700e15fbefbd43c7d6e4ca,hindi,real,real,Albela Sajan.mp3,11,10
f9bedf369a41133274aea88aa176a837,hindi,real,real,Albela Sajan.mp3,12,10
092d9bd6d358d1307b74d8303e0d5d20,hindi,real,real,Albela Sajan.mp3,13,10
d649b6c0f7dc083d78b85f0ae8053ffb,hindi,real,real,Albela Sajan.mp3,14,10
3aacfb17a2a8624ce24f2c9c3430c870,hindi,real,real,Albela Sajan.mp3,15,10
9a5646fe3e595f6dea83a491cce53e99,hindi,real,real,Albela Sajan.mp3,16,10
b463dae3d67d2ec4de779bf3779a6094,hindi,real,real,Albela Sajan.mp3,17,10
19241b05860aa05b150ab5564230d81c,hindi,real,real,Albela Sajan.mp3,18,10
99ce82860d7bcc997550d90cdf1a582b,hindi,real,real,Albela Sajan.mp3,19,10
5c2d2b7cf60e397f3295f2ddbfc5f97e,hindi,real,real,Albela Sajan.mp3,20,10
2aabf47d32ddb5ac1ec5b1ecf65e4763,hindi,real,real,Albela Sajan.mp3,21,10
74733199fed8f63a4e2f7964367a5e7b,hindi,real,real,Albela Sajan.mp3,22,10
ad995f65e9645b8852fe5404656ea04e,hindi,real,real,Albela Sajan.mp3,23,10
839043b602c91de291c701ce81c2ad76,hindi,real,real,Albela Sajan.mp3,24,10
0481ed30d45cd16cebd479a5b75af016,hindi,real,real,Albela Sajan.mp3,25,10
69da226f8a054b3081ca4cbd54aa6893,hindi,real,real,Albela Sajan.mp3,26,10
181dbbeb14de5973d5410f7080d8bf3c,hindi,real,real,Albela Sajan.mp3,27,10
867d934e10069becb1d15cde267d61fd,hindi,real,real,Tum Jo Mil Gaye Ho.mp3,0,10
71e1701b344e240f96ac5f61e50cd50a,hindi,real,real,Tum Jo Mil Gaye Ho.mp3,1,10
d939c8fd3682f193d5c84b5b20f17d86,hindi,real,real,Tum Jo Mil Gaye Ho.mp3,2,10
5a31ac9384b4662e985bf30a448c96b3,hindi,real,real,Tum Jo Mil Gaye Ho.mp3,3,10
fde78af7ebf335972e4ad1cd5dba8f77,hindi,real,real,Tum Jo Mil Gaye Ho.mp3,4,10
86f18a5758a2395a4edf90a1071094ad,hindi,real,real,Tum Jo Mil Gaye Ho.mp3,5,10
e30ef6c465e70051807258bcd2ed320c,hindi,real,real,Tum Jo Mil Gaye Ho.mp3,6,10
f9558cace82e07564ca68999943f08e2,hindi,real,real,Tum Jo Mil Gaye Ho.mp3,7,10
0e0e23a76fb6b954ada9e8ac188d2829,hindi,real,real,Tum Jo Mil Gaye Ho.mp3,8,10
2c6070606e57b44c3521e2157d86be84,hindi,real,real,Tum Jo Mil Gaye Ho.mp3,9,10
84d24cbe07d01440c67342bdcf7a93de,hindi,real,real,Tum Jo Mil Gaye Ho.mp3,10,10
3e2a93d511678e170844b2c7b94817a4,hindi,real,real,Tum Jo Mil Gaye Ho.mp3,11,10
97f79e9caf422730f47f6f7425e567ab,hindi,real,real,Tum Jo Mil Gaye Ho.mp3,12,10
fede38d26487c1b62de5c0134ea420da,hindi,real,real,Tum Jo Mil Gaye Ho.mp3,13,10
71ba68fe8525ed3221763ce91fd3151c,hindi,real,real,Tum Jo Mil Gaye Ho.mp3,14,10
175a3f967613bfd0bcf52b5278817d9e,hindi,real,real,Tum Jo Mil Gaye Ho.mp3,15,10
738dffc5221562d43cc982ee6fe5c762,hindi,real,real,Tum Jo Mil Gaye Ho.mp3,16,10
a1429b3a607c053f733d6e629f5ccdf8,hindi,real,real,Tum Jo Mil Gaye Ho.mp3,17,10
7ce330ba7f07538220c3faeee60bba00,hindi,real,real,Tum Jo Mil Gaye Ho.mp3,18,10
ae7220b4626237727f3c3a03df366293,hindi,real,real,Tum Jo Mil Gaye Ho.mp3,19,10
669a898c9df47823a39dbc27ffc3a064,hindi,real,real,Tum Jo Mil Gaye Ho.mp3,20,10
d623865be2b32d0a5884a22007717e42,hindi,real,real,Tum Jo Mil Gaye Ho.mp3,21,10
098a22877dd655299192d36978ddfe17,hindi,real,real,Tum Jo Mil Gaye Ho.mp3,22,10
8878a3360615e2f26c3773b19d56d759,hindi,real,real,Tum Jo Mil Gaye Ho.mp3,23,10
630bdca3aab5f4bb54a586a92ef33e4d,hindi,real,real,Piya Tose Naina Laage Re.mp3,0,10
b5124daf0f7e1244a30a604077fb3327,hindi,real,real,Piya Tose Naina Laage Re.mp3,1,10
51d4a013eb671eb439471e5fb7469bdf,hindi,real,real,Piya Tose Naina Laage Re.mp3,2,10
8344c72bcd885bf84b7c710c58b0d7a0,hindi,real,real,Piya Tose Naina Laage Re.mp3,3,10
be86b8e83a0391a0344a5c147dd2f7d2,hindi,real,real,Piya Tose Naina Laage Re.mp3,4,10
cb0e59e78586b35434c6368d2b7c8506,hindi,real,real,Piya Tose Naina Laage Re.mp3,5,10
c0743c3839d30e83debe29e56cfd2690,hindi,real,real,Piya Tose Naina Laage Re.mp3,6,10
7f4d74c68b289ddfb4d8c3103adf23c8,hindi,real,real,Piya Tose Naina Laage Re.mp3,7,10
fb46201f77e3e367e0a7e41b0243e655,hindi,real,real,Piya Tose Naina Laage Re.mp3,8,10
b6bc471503d1a58e648c2d11112153d1,hindi,real,real,Piya Tose Naina Laage Re.mp3,9,10
7128548561f0ccced5e619dd2ead7d32,hindi,real,real,Piya Tose Naina Laage Re.mp3,10,10
dab38a4f491abadd2a959f20f9964b8d,hindi,real,real,Piya Tose Naina Laage Re.mp3,11,10
94c022ed7540827cc6f7eb429f92baec,hindi,real,real,Piya Tose Naina Laage Re.mp3,12,10
fbd1790e4fd1ebdf94fb683e773d23c5,hindi,real,real,Piya Tose Naina Laage Re.mp3,13,10
4f5579dd9742a684ed53a20088a42ed6,hindi,real,real,Piya Tose Naina Laage Re.mp3,14,10
5f85de9e0a71302feefd53c3283d64d4,hindi,real,real,Piya Tose Naina Laage Re.mp3,15,10
a4559c16b9a8750f448084d73228e01d,hindi,real,real,Piya Tose Naina Laage Re.mp3,16,10
83e8d33b79dc105ff3bc3071641c40c3,hindi,real,real,Piya Tose Naina Laage Re.mp3,17,10
7526ba14e9d562fa4127c901fccb5a2f,hindi,real,real,Piya Tose Naina Laage Re.mp3,18,10
414c93751afe75d41dfa70d8e5ddf44d,hindi,real,real,Piya Tose Naina Laage Re.mp3,19,10
3e7d7139cf36d7dc0acf4972e189a507,hindi,real,real,Piya Tose Naina Laage Re.mp3,20,10
fd173a629f39e915a91781c36e2a6661,hindi,real,real,Piya Tose Naina Laage Re.mp3,21,10
c22d78421081e8dff4f42afe20262e86,hindi,real,real,Piya Tose Naina Laage Re.mp3,22,10
a705a3e0b9451304749fe7a4cab6ec7a,hindi,real,real,Piya Tose Naina Laage Re.mp3,23,10
6a68330f9bd5564d751a346cab75890d,hindi,real,real,Piya Tose Naina Laage Re.mp3,24,10
41f6e2405422ffddbf10942abfa1cc18,hindi,real,real,Piya Tose Naina Laage Re.mp3,25,10
ee000bbd4c03681a112fe9991327bf5f,hindi,real,real,Piya Tose Naina Laage Re.mp3,26,10
64f70bef78fe20c7953680144d720e11,hindi,real,real,Piya Tose Naina Laage Re.mp3,27,10
1d6bab20c99f03c39c7081a4c046678f,hindi,real,real,Piya Tose Naina Laage Re.mp3,28,10
c01bc08abfeca1743e700ba1a687f981,hindi,real,real,Piya Tose Naina Laage Re.mp3,29,10
876dd94f2be28945f99d54c4a7c18216,hindi,real,real,Piya Tose Naina Laage Re.mp3,30,10
0c976b943b8405751858818ad343d535,hindi,real,real,Piya Tose Naina Laage Re.mp3,31,10
5a6e54e4355b839fadc5d38b0059381c,hindi,real,real,Piya Tose Naina Laage Re.mp3,32,10
83f83dacbaef8134263ba8bf1405adb7,hindi,real,real,Piya Tose Naina Laage Re.mp3,33,10
4db852125cb0f260bd1ab4bcdfaec9a3,hindi,real,real,Piya Tose Naina Laage Re.mp3,34,10
fd403ed6f8a0ecc6e46cb5fd296656df,hindi,real,real,Piya Tose Naina Laage Re.mp3,35,10
0320c06bc0e377ccde41466a067fdfef,hindi,real,real,Piya Tose Naina Laage Re.mp3,36,10
c472f7f01644f0da82981b15258ebc5e,hindi,real,real,Piya Tose Naina Laage Re.mp3,37,10
89fdf74d59e2daead0a138ec9e626feb,hindi,real,real,Piya Tose Naina Laage Re.mp3,38,10
5f4aabdb248539b645791a42f1f0536f,hindi,real,real,Piya Tose Naina Laage Re.mp3,39,10
ad134510f48671acbcfe8cba6350cda0,hindi,real,real,Piya Tose Naina Laage Re.mp3,40,10
8d0dc67791f93f47b6905a2c5c0c5a16,hindi,real,real,Piya Tose Naina Laage Re.mp3,41,10
805291a9a609733dc8e3ea3ab6f04f5c,hindi,real,real,Chura Liya Hai Tumne.mp3,0,10
3bf382d064d5987cbd7e420507647935,hindi,real,real,Chura Liya Hai Tumne.mp3,1,10
1006751098945c1f8451d6e8cdc60e2b,hindi,real,real,Chura Liya Hai Tumne.mp3,2,10
71dec3df2d617b8fb47b6e15c2c3688b,hindi,real,real,Chura Liya Hai Tumne.mp3,3,10
d99e7b8d6e9df7ec22b286c64f67f10f,hindi,real,real,Chura Liya Hai Tumne.mp3,4,10
6a893f8091058b6f90ba7438d5fef265,hindi,real,real,Chura Liya Hai Tumne.mp3,5,10
08ef53fef6de67b1a4caefc908a3d18e,hindi,real,real,Chura Liya Hai Tumne.mp3,6,10
d669768da7bef0e5e6c6487ed7594508,hindi,real,real,Chura Liya Hai Tumne.mp3,7,10
e537407a89faa2a4ceda3670c8991fb3,hindi,real,real,Chura Liya Hai Tumne.mp3,8,10
cb822792954d2a5f8734c84066317008,hindi,real,real,Chura Liya Hai Tumne.mp3,9,10
c6300a1bde0f6f356e8ff5bf0de7f57e,hindi,real,real,Chura Liya Hai Tumne.mp3,10,10
b4451653f1eda1ad5cb1198cf895292f,hindi,real,real,Chura Liya Hai Tumne.mp3,11,10
53a0417581d8036deeb08c91be684ab4,hindi,real,real,Chura Liya Hai Tumne.mp3,12,10
b4251567960faab629e5e93724292d39,hindi,real,real,Chura Liya Hai Tumne.mp3,13,10
e88991aa42ecf8ab2fac341df91039e8,hindi,real,real,Chura Liya Hai Tumne.mp3,14,10
5458a3f955e63582f4639a100c9b3af3,hindi,real,real,Chura Liya Hai Tumne.mp3,15,10
eb80e79ea4c168be7f2a8a6232a22bc1,hindi,real,real,Chura Liya Hai Tumne.mp3,16,10
b995a58873bfd03ef6f6f15ec88bb6c4,hindi,real,real,Chura Liya Hai Tumne.mp3,17,10
9825b046089243531b0433b42acb7816,hindi,real,real,Chura Liya Hai Tumne.mp3,18,10
c7b5c383a6b0fd7e60a57de19bd7274c,hindi,real,real,Chura Liya Hai Tumne.mp3,19,10
7a6f333486109dc1b02972bee3d754ad,hindi,real,real,Chura Liya Hai Tumne.mp3,20,10
840569d1571eadc1015ffa858ef57240,hindi,real,real,Chura Liya Hai Tumne.mp3,21,10
f19872e1e632f30529cb333c2902305e,hindi,real,real,Chura Liya Hai Tumne.mp3,22,10
a919bb9e4d11927361fceb5983b63363,hindi,real,real,Chura Liya Hai Tumne.mp3,23,10
83b916ed9983fd01f2d3690c826acd41,hindi,real,real,Chura Liya Hai Tumne.mp3,24,10
7e7fc6d93ce120e6cb6347e92917ba5d,hindi,real,real,Chura Liya Hai Tumne.mp3,25,10
cf7c3e29d6d67bbf7c1c4acac8faa707,hindi,real,real,Chura Liya Hai Tumne.mp3,26,10
d27e7f1b1e13a592c5dc4ea97fb74c1a,hindi,real,real,Chura Liya Hai Tumne.mp3,27,10
6c71827491a9ec24fadaa8b828481faf,hindi,real,real,Chura Liya Hai Tumne.mp3,28,10
66da2c05f488263f4591211d7d460e16,hindi,real,real,Chura Liya Hai Tumne.mp3,29,10
4f19a19c6cc7bc1bbf43e3d52364aca8,hindi,real,real,Dil Deke Dekho.mp3,0,10
e497a4406213ac06be2f731963a938c9,hindi,real,real,Dil Deke Dekho.mp3,1,10
02d905b116a600e332be79e8f4329159,hindi,real,real,Dil Deke Dekho.mp3,2,10
ed388f66cfe799ba10e25c055dca03b6,hindi,real,real,Dil Deke Dekho.mp3,3,10
1d8c5e9d51e2d965723462e00c15e938,hindi,real,real,Dil Deke Dekho.mp3,4,10
e41f60848e63b3b4a392c8069daee0aa,hindi,real,real,Dil Deke Dekho.mp3,5,10
fc632ca2c072057a6ef1db47e35bbc32,hindi,real,real,Dil Deke Dekho.mp3,6,10
5be2665fde485e04129804646e164d27,hindi,real,real,Dil Deke Dekho.mp3,7,10
1ad0d184d4309f4c33e161a9122e28f7,hindi,real,real,Dil Deke Dekho.mp3,8,10
671513edac386ae3fd03fd6de57e3581,hindi,real,real,Dil Deke Dekho.mp3,9,10
94d3bee24c5e6cd33b733926f93a6607,hindi,real,real,Dil Deke Dekho.mp3,10,10
73967523d471e659314e6c03a7213c7d,hindi,real,real,Dil Deke Dekho.mp3,11,10
edf97192bbde69f04f13bb30b15de119,hindi,real,real,Dil Deke Dekho.mp3,12,10
eb34e8099fc49c1fc4e3c975b65e888a,hindi,real,real,Dil Deke Dekho.mp3,13,10
21fa6d392cc1d0bb16f974f00b38d6f8,hindi,real,real,Dil Deke Dekho.mp3,14,10
8e797dd9b9abbbaa08ebfcc08ca8ab74,hindi,real,real,Dil Deke Dekho.mp3,15,10
d5db1abfa9f8ce313511e6c3f6696513,hindi,real,real,Dil Deke Dekho.mp3,16,10
d131f27b42d546c4e5f6c12e917737dd,hindi,real,real,Dil Deke Dekho.mp3,17,10
bc343f3a792ebdc2a27d8d627febca56,hindi,real,real,Dil Deke Dekho.mp3,18,10
c028e9402643a77f8b3b0ac4df3977b0,hindi,real,real,Dil Deke Dekho.mp3,19,10
4a9438840e89d9e671c32eb33441e2e9,hindi,real,real,Dil Deke Dekho.mp3,20,10
ac5c86e968aa4c17d4d759f1c3dabb52,hindi,real,real,Dil Deke Dekho.mp3,21,10
d85a57ec281faf2f2f5e4317f366a2c5,hindi,real,real,Dil Deke Dekho.mp3,22,10
b1061398bc942fcd379c9e1af6648866,hindi,real,real,Dil Deke Dekho.mp3,23,10
378ddbd100992e50a90476d1e5e1987c,hindi,real,real,Dil Deke Dekho.mp3,24,10
e722b6b6d1b1768f651542cd926f5757,hindi,real,real,Dil Deke Dekho.mp3,25,10
b4cf0c8cf850f10463ac0308d11ddb10,hindi,real,real,Dil Deke Dekho.mp3,26,10
862a44efbf9026f9237a2952b8dceeb6,hindi,real,real,Kya Hua Tera Vaada.mp3,0,10
1d711e10d42e5e84329c6a7d2456ee59,hindi,real,real,Kya Hua Tera Vaada.mp3,1,10
6a6ea5c66e11d21667f802628f550fc1,hindi,real,real,Kya Hua Tera Vaada.mp3,2,10
6a3766613cffbb0fc68a6fdf08a85768,hindi,real,real,Kya Hua Tera Vaada.mp3,3,10
16c03fa99603da85e0abb9e902aaab18,hindi,real,real,Kya Hua Tera Vaada.mp3,4,10
2a1305303e66e2893dfaed8c8b64a611,hindi,real,real,Kya Hua Tera Vaada.mp3,5,10
274fbfafd1420ada31ac814537716126,hindi,real,real,Kya Hua Tera Vaada.mp3,6,10
41085212442b165665bf84e20296f8f9,hindi,real,real,Kya Hua Tera Vaada.mp3,7,10
f5eb965def0c113ebb6fc33377267597,hindi,real,real,Kya Hua Tera Vaada.mp3,8,10
a002dde9470323d557ff3930ff5d95cd,hindi,real,real,Kya Hua Tera Vaada.mp3,9,10
bc4f207b2125607ddb6124504c6497a4,hindi,real,real,Kya Hua Tera Vaada.mp3,10,10
7783356dd8f13d3c67fc4a1df29b3980,hindi,real,real,Kya Hua Tera Vaada.mp3,11,10
2e9f63e976e1a0f12897ed8ecdb13172,hindi,real,real,Kya Hua Tera Vaada.mp3,12,10
c13cbbc83a182c3ace6b65d06b462644,hindi,real,real,Kya Hua Tera Vaada.mp3,13,10
0ab0f40085fe7d30e05560fe5ba4b054,hindi,real,real,Kya Hua Tera Vaada.mp3,14,10
c32c0ba196c3dc8c53773e36d99829d5,hindi,real,real,Kya Hua Tera Vaada.mp3,15,10
f2c502c1f1790295be38239e281628eb,hindi,real,real,Kya Hua Tera Vaada.mp3,16,10
072dad2ba5e838a7ed70cbf2f1bc5776,hindi,real,real,Kya Hua Tera Vaada.mp3,17,10
502ed7d5d63f826d354f228b74a9a71f,hindi,real,real,Kya Hua Tera Vaada.mp3,18,10
35a1bfbbc61f1808e5cabc51c5f3a486,hindi,real,real,Kya Hua Tera Vaada.mp3,19,10
37aa2f4c89a1489d7094e977dba55a5f,hindi,real,real,Kya Hua Tera Vaada.mp3,20,10
357efe7343fbda3ac7694cb37292c400,hindi,real,real,Kya Hua Tera Vaada.mp3,21,10
85868e9b787be93de82a1289a102eb09,hindi,real,real,Kya Hua Tera Vaada.mp3,22,10
f0af31e52c622c4c2f58c6ed5f1b3de5,hindi,real,real,Kya Hua Tera Vaada.mp3,23,10
3d4d9281e3f23cc2d80b4e1fb86b0c37,hindi,real,real,Kya Hua Tera Vaada.mp3,24,10
3ff94a3068b4cd00cce0fb055cd2686f,hindi,real,real,Kya Hua Tera Vaada.mp3,25,10
8dcbef29a05e979b8657bbdda573b2d4,hindi,real,real,Kya Hua Tera Vaada.mp3,26,10
4c17236f237dd4e10aeea252a2f27394,hindi,real,real,Kya Hua Tera Vaada.mp3,27,10
7e25b2a42c3cc1cf0f8443cf7bc269e2,hindi,real,real,Kya Hua Tera Vaada.mp3,28,10
1fb5f409c6fffb9b2ab57c611baa0207,hindi,real,real,Kya Hua Tera Vaada.mp3,29,10
b40fb493e21d5d9347d6d8b4975878dd,hindi,real,real,Kya Hua Tera Vaada.mp3,30,10
15cd555ca5e7ffd72d12176ecc33daa4,hindi,real,real,Kya Hua Tera Vaada.mp3,31,10
32ceeb5d7746e9071a9498329dd9e546,hindi,real,real,Kya Hua Tera Vaada.mp3,32,10
50c525be360e7729fd7ab5282b901bda,hindi,real,real,Kya Hua Tera Vaada.mp3,33,10
6f6a7cbb0a2cf377c4a6f0cc72d6ebba,hindi,real,real,Kya Hua Tera Vaada.mp3,34,10
860f3012752c8a52255a1df855ed0dc6,hindi,real,real,Kya Hua Tera Vaada.mp3,35,10
dcf5f8480f3032430de43e148e250e72,hindi,real,real,Kya Hua Tera Vaada.mp3,36,10
c9c5028acff2692f61fd5d98f791238d,hindi,real,real,Kya Hua Tera Vaada.mp3,37,10
13dcac52d6f52e392d9cc599e513cb7f,hindi,real,real,Kya Hua Tera Vaada.mp3,38,10
f6e35c6c5b23393bf75b57e6bfea73d3,hindi,real,real,Kya Hua Tera Vaada.mp3,39,10
387666fcfa9742f8353d3102297369fa,hindi,real,real,Kya Hua Tera Vaada.mp3,40,10
034f64f62df3ccc5f77d6b37b797a72e,hindi,real,real,Kya Hua Tera Vaada.mp3,41,10
1173e6ca7e157dbaebaa412c471e25af,hindi,real,real,Kya Hua Tera Vaada.mp3,42,10
2d664a1544bfa39f3c5f47571997af22,hindi,real,real,Kya Hua Tera Vaada.mp3,43,10
72af52759ebf369d44a2290044087c7f,hindi,real,real,Kya Hua Tera Vaada.mp3,44,10
4da9d321dd0136d952a993d11b785f94,hindi,real,real,Kya Hua Tera Vaada.mp3,45,10
657a680092edaa5bfa8628e3a6d2e729,hindi,real,real,Kya Hua Tera Vaada.mp3,46,10
c738c2dfa1f42213aa9316fc02521966,hindi,real,real,Tujhe Dekha To.mp3,0,10
03b9bca52d068ded4a71a73c183808ba,hindi,real,real,Tujhe Dekha To.mp3,1,10
da252bb41aeb69da0d3a56cb6263c274,hindi,real,real,Tujhe Dekha To.mp3,2,10
1e4a1617f9c617c6e5138059352de88f,hindi,real,real,Tujhe Dekha To.mp3,3,10
26493ef8db3abe2833cbb4aada5b767f,hindi,real,real,Tujhe Dekha To.mp3,4,10
f8193a0ea96af2892d75ab55f8affb3a,hindi,real,real,Tujhe Dekha To.mp3,5,10
1fa3118e8c29d390ee6482bada9ddee7,hindi,real,real,Tujhe Dekha To.mp3,6,10
6a5c3e058554c387c323c3a2dbaa932a,hindi,real,real,Tujhe Dekha To.mp3,7,10
9947985017effba19074db2418c2f3b2,hindi,real,real,Tujhe Dekha To.mp3,8,10
b30694da66f5e4f972051bde32bedebb,hindi,real,real,Tujhe Dekha To.mp3,9,10
ad03a195ce04f6e8f2755d9ea6f96080,hindi,real,real,Tujhe Dekha To.mp3,10,10
c2adfb643dba356c92530f292fc03167,hindi,real,real,Tujhe Dekha To.mp3,11,10
eba7f25f023d352ce44a061f3b4a0758,hindi,real,real,Tujhe Dekha To.mp3,12,10
38b8c0526d31a299a3b3c5cc7161d2fb,hindi,real,real,Tujhe Dekha To.mp3,13,10
3be0f798ae24f27dd4d8715fcbdfa239,hindi,real,real,Tujhe Dekha To.mp3,14,10
13fbffc10975ef48ac8d9a03c5295b2a,hindi,real,real,Tujhe Dekha To.mp3,15,10
fc82923afc5a564fcae035c3ca547489,hindi,real,real,Tujhe Dekha To.mp3,16,10
7cdec1565ec317beb03c682ad4fbb68e,hindi,real,real,Tujhe Dekha To.mp3,17,10
183c01ec0088c92b4815249da5470536,hindi,real,real,Tujhe Dekha To.mp3,18,10
fc1a70677f0249fbb217c6878342c6b3,hindi,real,real,Tujhe Dekha To.mp3,19,10
998a989c00a9c7091c82e93d7f0e4067,hindi,real,real,Tujhe Dekha To.mp3,20,10
9aee7a52cbf849aee2051a71447612b0,hindi,real,real,Tujhe Dekha To.mp3,21,10
df8487a55b92b6154e5ad4a728e7ccc2,hindi,real,real,Tujhe Dekha To.mp3,22,10
bafaba97720c5e6d8b44fec660858022,hindi,real,real,Tujhe Dekha To.mp3,23,10
d4d28660ec226ec8b19e65ec6fd7f61e,hindi,real,real,Tujhe Dekha To.mp3,24,10
23238e4aad7f422078c8996da76f744f,hindi,real,real,Ek Ladki Ko Dekha.mp3,0,10
14e67968a7dfe77cb8ac1a3bdef7c1cf,hindi,real,real,Ek Ladki Ko Dekha.mp3,1,10
9802b35b43246eb68ce1ea7e262ee763,hindi,real,real,Ek Ladki Ko Dekha.mp3,2,10
9b4325525f6de1bb9a48197ea05e3c23,hindi,real,real,Ek Ladki Ko Dekha.mp3,3,10
5acd0e74c98077309b8fc7973a97f3a0,hindi,real,real,Ek Ladki Ko Dekha.mp3,4,10
b49d7701f739dc594c2e0ece0d7b2dbe,hindi,real,real,Ek Ladki Ko Dekha.mp3,5,10
a0c316666a7f7c541fe0e00a801f2f27,hindi,real,real,Ek Ladki Ko Dekha.mp3,6,10
2ed81fd095b7848373c9da50c9ad1fcd,hindi,real,real,Ek Ladki Ko Dekha.mp3,7,10
c79a0ce0a79cde136c86760f4a47d523,hindi,real,real,Ek Ladki Ko Dekha.mp3,8,10
519a06a8d5a31842ecf395d458681dba,hindi,real,real,Ek Ladki Ko Dekha.mp3,9,10
5d0c064282aa53c6870e80e7da90b98c,hindi,real,real,Ek Ladki Ko Dekha.mp3,10,10
1826e0b6ef646e640fcde40cb7479fd5,hindi,real,real,Ek Ladki Ko Dekha.mp3,11,10
3935c9d93653f22691a5e7f0984e9b0e,hindi,real,real,Ek Ladki Ko Dekha.mp3,12,10
b89b0bfd745c028e83cefb030ba778a5,hindi,real,real,Ek Ladki Ko Dekha.mp3,13,10
e5eed5c99eead0b3dcd15dfb75d1e321,hindi,real,real,Ek Ladki Ko Dekha.mp3,14,10
48c7ec3deb639bd63bb806b333ee4ff8,hindi,real,real,Ek Ladki Ko Dekha.mp3,15,10
0b867e011a33ecefa86490141a00f391,hindi,real,real,Ek Ladki Ko Dekha.mp3,16,10
3e3615008427029bd539a80ae496a0dc,hindi,real,real,Ek Ladki Ko Dekha.mp3,17,10
7367186ebe203736725d06c7d74f4c8c,hindi,real,real,Ek Ladki Ko Dekha.mp3,18,10
9540dc68f59f8ca53e8dee5508cea505,hindi,real,real,Ek Ladki Ko Dekha.mp3,19,10
1fa8ddd4de29167122a659ca37747cf2,hindi,real,real,Ek Ladki Ko Dekha.mp3,20,10
57b6c3658754c65239886f07d5c86d09,hindi,real,real,Ek Ladki Ko Dekha.mp3,21,10
9e2bdedb9b42a178b2d23d28ecac4756,hindi,real,real,Ek Ladki Ko Dekha.mp3,22,10
038f5fe457eecbddf1160cf992975658,hindi,real,real,Ek Ladki Ko Dekha.mp3,23,10
f512a2e4549605b70db7b85293f98b3f,hindi,real,real,Ek Ladki Ko Dekha.mp3,24,10
8ac686fc12e892d763423d60fab7e495,hindi,real,real,Ek Ladki Ko Dekha.mp3,25,10
6529e3a3b5844fe7f1ec8366b965873d,hindi,real,real,Ek Ladki Ko Dekha.mp3,26,10
acb17eb70d40d3318326e5cfb28e7f54,hindi,real,real,Ek Ladki Ko Dekha.mp3,27,10
935515b4905e9bd9e704a9c66f3c5fe0,hindi,real,real,Ek Ladki Ko Dekha.mp3,28,10
69a3b8b751adde69afb4683c4edf9e0b,hindi,real,real,Ek Ladki Ko Dekha.mp3,29,10
abcc437407db981693ca723b2f6e194b,hindi,real,real,Ek Ladki Ko Dekha.mp3,30,10
65420edb6a8a568c0f37eebd66da0d7a,hindi,real,real,Ek Ladki Ko Dekha.mp3,31,10
e2b3000c24a79fd27b119d6715d79f2b,hindi,real,real,Ek Ladki Ko Dekha.mp3,32,10
725232ff1595ec67abd2cd89dc1db67c,hindi,real,real,Ek Ladki Ko Dekha.mp3,33,10
1bf74a63cb79926b004794a9be41121e,hindi,real,real,Ek Ladki Ko Dekha.mp3,34,10
06c9bd189bc7e6152b9d1e5e046fe95d,hindi,real,real,Ek Ladki Ko Dekha.mp3,35,10
b0127708e54728cc3fce4dcd7941b226,hindi,real,real,Humko Humise Chura Lo.mp3,0,10
1e5f69c83cddb3b546b947bc7badee4b,hindi,real,real,Humko Humise Chura Lo.mp3,1,10
e64e28870a8ac36c05a48b41e516ae30,hindi,real,real,Humko Humise Chura Lo.mp3,2,10
a69a110f5a71f3f5de4ea722e796954b,hindi,real,real,Humko Humise Chura Lo.mp3,3,10
c183e5f76805dc5b1802cd0fbaecaeed,hindi,real,real,Humko Humise Chura Lo.mp3,4,10
e2f5e2a39f84d07133475cc653a44e55,hindi,real,real,Humko Humise Chura Lo.mp3,5,10
c3a220c5bf7bfd78afc44c88739f701f,hindi,real,real,Humko Humise Chura Lo.mp3,6,10
4c5a429c819b5f90ef3f59a8905571b0,hindi,real,real,Humko Humise Chura Lo.mp3,7,10
de061317b2d0095287e8cfd5d021965f,hindi,real,real,Humko Humise Chura Lo.mp3,8,10
8dd8b1c02c91d2a3cc0c47a10e0c894a,hindi,real,real,Humko Humise Chura Lo.mp3,9,10
2da39c846e0a42561ed6bf05f235a125,hindi,real,real,Humko Humise Chura Lo.mp3,10,10
f2f587a995296b055ec1674aec820177,hindi,real,real,Humko Humise Chura Lo.mp3,11,10
1b513c011f9bd991d0713963fbb899e0,hindi,real,real,Humko Humise Chura Lo.mp3,12,10
61016ccdd0a8e000c0af0fb469191725,hindi,real,real,Humko Humise Chura Lo.mp3,13,10
b7991f5ec00a30ffaefa67648e3aa30c,hindi,real,real,Humko Humise Chura Lo.mp3,14,10
2125f6735b368216853cf7bc9403eb5d,hindi,real,real,Humko Humise Chura Lo.mp3,15,10
56bb92af17c7b98fe9a3c53b259f5584,hindi,real,real,Humko Humise Chura Lo.mp3,16,10
5d4a66cda55a7a8f274dcd8df2704021,hindi,real,real,Humko Humise Chura Lo.mp3,17,10
23287b9dc8e4ffbfb9363aa053f670d5,hindi,real,real,Humko Humise Chura Lo.mp3,18,10
5f535675d98cd17030dce4aea134f3f6,hindi,real,real,Humko Humise Chura Lo.mp3,19,10
f5501e0d181b1cd55e6f471bc74fad99,hindi,real,real,Humko Humise Chura Lo.mp3,20,10
78f28d0350cb79315d23a361df390703,hindi,real,real,Humko Humise Chura Lo.mp3,21,10
8010c85794041f59ea51998534a6519a,hindi,real,real,Humko Humise Chura Lo.mp3,22,10
9ab6003fc9b59069eb2c32c2960401da,hindi,real,real,Humko Humise Chura Lo.mp3,23,10
d756967e5b3b750ac6d88c52c1439b4c,hindi,real,real,Humko Humise Chura Lo.mp3,24,10
1514c69287aca4e60f43145a18737d47,hindi,real,real,Humko Humise Chura Lo.mp3,25,10
edb91ec6cdf3bc99abf3ba004ff803b7,hindi,real,real,Humko Humise Chura Lo.mp3,26,10
b6c20eb1a75599f72d574e679dd2b35e,hindi,real,real,Humko Humise Chura Lo.mp3,27,10
caa692a42f760fd336cf105e6e000b60,hindi,real,real,Humko Humise Chura Lo.mp3,28,10
7f2809786c8a671c78a8bcb26e84ef27,hindi,real,real,Humko Humise Chura Lo.mp3,29,10
3049573cbce6cf509825da67d6f560ee,hindi,real,real,Humko Humise Chura Lo.mp3,30,10
ea922efd86fc8ae4e700a9f92fdfe4fc,hindi,real,real,Humko Humise Chura Lo.mp3,31,10
6221cd4c7a44e6197fc40e6dc4f80bbb,hindi,real,real,Humko Humise Chura Lo.mp3,32,10
4ef2e1ae29eb17e09cd575a8b4ad186f,hindi,real,real,Humko Humise Chura Lo.mp3,33,10
16a890951e66bf98a483ec8421ffcc7f,hindi,real,real,Humko Humise Chura Lo.mp3,34,10
7bdf7e341462f3fee829385d83aef4cc,hindi,real,real,Humko Humise Chura Lo.mp3,35,10
948705fb36f93f4d248a4f23dbdce43b,hindi,real,real,Bahon Mein Chale Aao.mp3,0,10
4f47d05be37693f596ff6336b6a3d415,hindi,real,real,Bahon Mein Chale Aao.mp3,1,10
0b672782388889307cfb4711bc9d139b,hindi,real,real,Bahon Mein Chale Aao.mp3,2,10
ba77bc4f06165e32f997fda6e59acf9b,hindi,real,real,Bahon Mein Chale Aao.mp3,3,10
1b409217ee5ca87583f6ca32d0117341,hindi,real,real,Bahon Mein Chale Aao.mp3,4,10
787a444830165c06fcf6b9079654c570,hindi,real,real,Bahon Mein Chale Aao.mp3,5,10
e6bc65ba2c2b1cd009891dcd12f01f28,hindi,real,real,Bahon Mein Chale Aao.mp3,6,10
2a6aebfdd41fcbc513c85b7a0897ef7e,hindi,real,real,Bahon Mein Chale Aao.mp3,7,10
e44cdd6586d40d17cda3034ce7f8edee,hindi,real,real,Bahon Mein Chale Aao.mp3,8,10
ba2edd39261f7d2acef6fbd44ff024de,hindi,real,real,Bahon Mein Chale Aao.mp3,9,10
cfa004cef6627801a3e09218969e23a8,hindi,real,real,Bahon Mein Chale Aao.mp3,10,10
d81f0eac9632b9e4044d2ce99ea93bdb,hindi,real,real,Bahon Mein Chale Aao.mp3,11,10
ec0af7e20d6079aabcefe247419d07cf,hindi,real,real,Bahon Mein Chale Aao.mp3,12,10
3d2772ea0bbb895692c75ae55237f7d6,hindi,real,real,Bahon Mein Chale Aao.mp3,13,10
4bb562a22bdbaffe3f54556b107b340f,hindi,real,real,Bahon Mein Chale Aao.mp3,14,10
cac9ba65dc36f5a43e706fce2611d517,hindi,real,real,Bahon Mein Chale Aao.mp3,15,10
5443f8092292f919e3d692fde6d0dd9a,hindi,real,real,Bahon Mein Chale Aao.mp3,16,10
0f9055ebe381d7371758bc69ac2f6e63,hindi,real,real,Bahon Mein Chale Aao.mp3,17,10
f9d2a040e62293e5e0d288607a16ad63,hindi,real,real,Bahon Mein Chale Aao.mp3,18,10
5d0ad5cedfb1bebf48edb612b8fc1fd5,hindi,real,real,Bahon Mein Chale Aao.mp3,19,10
ee2573ba7ea51c147cd6bbf6a8cd76d3,hindi,real,real,Bahon Mein Chale Aao.mp3,20,10
50d12ba2fa3ce342e1b713c2c8740cbf,hindi,real,real,Bahon Mein Chale Aao.mp3,21,10
28652dca4dfab6c0d6af06a95c22817e,hindi,real,real,Bahon Mein Chale Aao.mp3,22,10
7948fbc5776df0be0531a4d711ea3750,hindi,real,real,Bahon Mein Chale Aao.mp3,23,10
5ead666e69e60dc16c5be24cb6657835,hindi,real,real,Bahon Mein Chale Aao.mp3,24,10
450f37048920ba3c9af139a10325fd9e,hindi,real,real,Bahon Mein Chale Aao.mp3,25,10
65956a4e5a923b6e731f04c068f118b3,hindi,real,real,Bahon Mein Chale Aao.mp3,26,10
5ac6451b45bc3cdcddff8f20af8f4716,hindi,real,real,Bahon Mein Chale Aao.mp3,27,10
be4d4eb66f49a3661d158019a0420a3b,hindi,real,real,Bahon Mein Chale Aao.mp3,28,10
048e00d905631bb6452d80079d27b0b6,hindi,real,real,Bahon Mein Chale Aao.mp3,29,10
cc8b31a0df579ebc7f30506970b4d858,hindi,real,real,Bahon Mein Chale Aao.mp3,30,10
2684967e953e2c21e1a0124d914dc4f5,hindi,real,real,Bahon Mein Chale Aao.mp3,31,10
2c8f58568cde441bf03cef7f429ac15e,hindi,real,real,Bahon Mein Chale Aao.mp3,32,10
2c66686a3c3c6ed6565c08be8614eb0c,hindi,real,real,Bahon Mein Chale Aao.mp3,33,10
0c19390e10b2edf696e6fe71070e9b76,hindi,real,real,Pehla Nasha.mp3,0,10
a5c61b70a65a5f917cbf0b18e6ae3153,hindi,real,real,Pehla Nasha.mp3,1,10
6cdd34e2ff8c95e96592fb34830c9b99,hindi,real,real,Pehla Nasha.mp3,2,10
02c9694a93c32916b969eea7222094c5,hindi,real,real,Pehla Nasha.mp3,3,10
69d1da07c07d7e6f46b82c1fcfa0f5e9,hindi,real,real,Pehla Nasha.mp3,4,10
d0532be2bf123c52c673d11fade54c57,hindi,real,real,Pehla Nasha.mp3,5,10
52fc65a68f1c33162bc4f4717c7212d6,hindi,real,real,Pehla Nasha.mp3,6,10
4829b236eab73776efda514b74c65fd3,hindi,real,real,Pehla Nasha.mp3,7,10
2c3444b33e99fe02abba4b0784f87e50,hindi,real,real,Pehla Nasha.mp3,8,10
64bddde3efa9821a421b0834f6634eb8,hindi,real,real,Pehla Nasha.mp3,9,10
ba3f4e229edf86d3b587a15dc7555ae8,hindi,real,real,Pehla Nasha.mp3,10,10
5e6af3a3de4b6922b453d5fde7e11ef7,hindi,real,real,Pehla Nasha.mp3,11,10
54c61d2489a5272ff1bea8bd7725713f,hindi,real,real,Pehla Nasha.mp3,12,10
3e2dfdd5a12bdc9b98f0bc4f6de6ef48,hindi,real,real,Pehla Nasha.mp3,13,10
a2c2480d0b40fc8fb55fcd8feb65b26f,hindi,real,real,Pehla Nasha.mp3,14,10
d01da1368e9ddfa2ca08f27f5d0fa69a,hindi,real,real,Pehla Nasha.mp3,15,10
e4d58da64e341738fef0c5837df9a83d,hindi,real,real,Pehla Nasha.mp3,16,10
0367d2e0a2ebf61c2d079e68c02b7e3e,hindi,real,real,Pehla Nasha.mp3,17,10
afaed3ebf0fab8965e2f26cfa1d1cf9d,hindi,real,real,Pehla Nasha.mp3,18,10
bd353e7ddcc749b21e9d3c01f97b1437,hindi,real,real,Pehla Nasha.mp3,19,10
b92f9103239b2ff399967e91b54e8e6e,hindi,real,real,Pehla Nasha.mp3,20,10
723fe6fd321c4680ee91bdbcdbe09a1d,hindi,real,real,Pehla Nasha.mp3,21,10
debd0a0ad3184596d50731769a96032f,hindi,real,real,Pehla Nasha.mp3,22,10
f5a25150e77bb0f3cd61b9d84b75cbe7,hindi,real,real,Pehla Nasha.mp3,23,10
3e6befdb1cddfae884985f1f34eb00c5,hindi,real,real,Pehla Nasha.mp3,24,10
085f69602fdbc97da27e1a7e0e95b035,hindi,real,real,Pehla Nasha.mp3,25,10
7342d29b983de1277b30e692f73cec95,hindi,real,real,Pehla Nasha.mp3,26,10
96d65fee91e00828014e0c821ade7212,hindi,real,real,Pehla Nasha.mp3,27,10
826ebb37e25b8f4803ce99a2b75deec1,hindi,real,real,Pehla Nasha.mp3,28,10
11852692ca8281aeb632cac2d2bcfa1e,hindi,real,real,Pehla Nasha.mp3,29,10
67fd5304bb93e40e9f835c008fcf3d0c,hindi,real,real,Pehla Nasha.mp3,30,10
6d2bc4603c91e32130ff3310996ed833,hindi,real,real,Pehla Nasha.mp3,31,10
b9452c566ff7fb07676963d1fe65ff39,hindi,real,real,Pehla Nasha.mp3,32,10
5779ea95dcb5a7e8a714b0d4ae04e2e9,hindi,real,real,Pehla Nasha.mp3,33,10
dbd7fc6c103ba0b72b697907579514c3,hindi,real,real,Main Agar Kahoon.mp3,0,10
f5dfae0caadb1468f021bdd1c86dd346,hindi,real,real,Main Agar Kahoon.mp3,1,10
d0c127a7bae8c86e710c44a02c19161e,hindi,real,real,Main Agar Kahoon.mp3,2,10
101dab5194e7330ebdf4cc87f549ae63,hindi,real,real,Main Agar Kahoon.mp3,3,10
a8ffac3230ffdc4fc4332875910eef38,hindi,real,real,Main Agar Kahoon.mp3,4,10
beb03ed588067f8d3d4a19792c04cfe1,hindi,real,real,Main Agar Kahoon.mp3,5,10
25e531a93ff5f1ffcfe0b809be84f647,hindi,real,real,Main Agar Kahoon.mp3,6,10
443d0397aa9411931a6cbc10d3180ced,hindi,real,real,Main Agar Kahoon.mp3,7,10
47c7a0834609768f3cfe3f44db0320a5,hindi,real,real,Main Agar Kahoon.mp3,8,10
0ef6a1e27fa954d0267242b5c29c1bd6,hindi,real,real,Main Agar Kahoon.mp3,9,10
70ff16340ba01232dbf32034f8a3e658,hindi,real,real,Main Agar Kahoon.mp3,10,10
615c4d127c532615d55c2253e7952b37,hindi,real,real,Main Agar Kahoon.mp3,11,10
453286501fe19fc4c7e8ae9d773a09cd,hindi,real,real,Main Agar Kahoon.mp3,12,10
ac047b45fb4cd1d731d9ddcaefaee4a2,hindi,real,real,Main Agar Kahoon.mp3,13,10
5356d0582587764db5cc6dabb6774913,hindi,real,real,Main Agar Kahoon.mp3,14,10
83bdc7171487158c597dd2a8a5c93202,hindi,real,real,Main Agar Kahoon.mp3,15,10
e64d7cfe4909063c5b2071cd1b82b1f5,hindi,real,real,Main Agar Kahoon.mp3,16,10
4ee5396c4e4ee94232b2226ff4a5eb18,hindi,real,real,Main Agar Kahoon.mp3,17,10
678eb3e0b543c52edd8b3575b94694d8,hindi,real,real,Main Agar Kahoon.mp3,18,10
81957f69de99602ceac7f88877e8dbd8,hindi,real,real,Main Agar Kahoon.mp3,19,10
f287b72f3f92da49a795543ecd230990,hindi,real,real,Main Agar Kahoon.mp3,20,10
da71d70e461aa23f2c090e6e21b95681,hindi,real,real,Main Agar Kahoon.mp3,21,10
c2cd4faec4f7dca653832af6cead189e,hindi,real,real,Main Agar Kahoon.mp3,22,10
617290ff7250cc089e10794d03d9b46d,hindi,real,real,Main Agar Kahoon.mp3,23,10
609f05b9e99d70d8bcdbf1dff77d2e60,hindi,real,real,Main Agar Kahoon.mp3,24,10
ecf102fdf6c22bd7ef75292551d2a99f,hindi,real,real,Main Agar Kahoon.mp3,25,10
d0fcdbcd583006048c4c2d430e41e310,hindi,real,real,Main Agar Kahoon.mp3,26,10
16a40129f335ca4328b4d5ef9c8dd027,hindi,real,real,Main Agar Kahoon.mp3,27,10
dd49baced10256ee1964ec8f9fd76d2d,hindi,real,real,Suraj Hua Maddham.mp3,0,10
b64c14af6bee4de521c02b0457faf29e,hindi,real,real,Suraj Hua Maddham.mp3,1,10
be697af31b62e2fe427a6bf5392c58a4,hindi,real,real,Suraj Hua Maddham.mp3,2,10
19dc88975573bf96a7da99ef52c4c3a2,hindi,real,real,Suraj Hua Maddham.mp3,3,10
3734519ca35c428dffb6919169bc08f0,hindi,real,real,Suraj Hua Maddham.mp3,4,10
d1d233acc3d1639d65a31336f8d4c9bb,hindi,real,real,Suraj Hua Maddham.mp3,5,10
f8b8f12a00798fb744761000dc79aea7,hindi,real,real,Suraj Hua Maddham.mp3,6,10
af06b95e5a09996f0052c8e8fd4436c6,hindi,real,real,Suraj Hua Maddham.mp3,7,10
6e2c2fff2ba37a5f6fcb823d36473510,hindi,real,real,Suraj Hua Maddham.mp3,8,10
a08b81091532eac7922e707b3b0300b3,hindi,real,real,Suraj Hua Maddham.mp3,9,10
8679c0a7bd9543b99c9e207da8441c67,hindi,real,real,Suraj Hua Maddham.mp3,10,10
4f0f4f045273471b4c4ed92895a5b3a9,hindi,real,real,Suraj Hua Maddham.mp3,11,10
fc1d74fdc9c7207c95ee957a8c01c325,hindi,real,real,Suraj Hua Maddham.mp3,12,10
0467dd814e1a75e390f86212a1462ab4,hindi,real,real,Suraj Hua Maddham.mp3,13,10
d163a3ad906d97af9028b3b9ae2e4b79,hindi,real,real,Suraj Hua Maddham.mp3,14,10
3c94a248e7ac776bb698e9547da7aa0e,hindi,real,real,Suraj Hua Maddham.mp3,15,10
1eea8e26eaa04b9d82fbd7d95f98d1da,hindi,real,real,Suraj Hua Maddham.mp3,16,10
0ff7933e5e5487efbb46f3b06431aeb0,hindi,real,real,Suraj Hua Maddham.mp3,17,10
8fa745feead891ebdb746e9de25b51c3,hindi,real,real,Suraj Hua Maddham.mp3,18,10
e3146ac78bb14b8eaf6a6e4ea1d3509c,hindi,real,real,Suraj Hua Maddham.mp3,19,10
22c62e10b2a422e59b9d96505e882168,hindi,real,real,Suraj Hua Maddham.mp3,20,10
039095ef4f875cbd5a29bc7e996bcb3f,hindi,real,real,Suraj Hua Maddham.mp3,21,10
66324ef019a5f28c0e9ffc43fb4d67af,hindi,real,real,Suraj Hua Maddham.mp3,22,10
62925f4641dd73a57c06a66e687c800c,hindi,real,real,Suraj Hua Maddham.mp3,23,10
49ada64009fc6a43e5f41b41a0c926de,hindi,real,real,Suraj Hua Maddham.mp3,24,10
17c2937bdeeedeac03d8b52852d9b0c7,hindi,real,real,Suraj Hua Maddham.mp3,25,10
a3d5ed84ec11a9a2ede544fabd8de9db,hindi,real,real,Suraj Hua Maddham.mp3,26,10
562221583f4f4088b3ce41f333755ee9,hindi,real,real,Suraj Hua Maddham.mp3,27,10
f4c5404bcf2c8104450b4457a71f4d15,hindi,real,real,Suraj Hua Maddham.mp3,28,10
b84757921cef729beed36d951a9e8f90,hindi,real,real,Tera Ban Jaunga.mp3,0,10
20daf9ffa968573afaab15eac8b99a7e,hindi,real,real,Tera Ban Jaunga.mp3,1,10
178fb3788232b3e0cbe69eaca0b7d42d,hindi,real,real,Tera Ban Jaunga.mp3,2,10
bf29db18d9008af6f07015bfcc2b7b38,hindi,real,real,Tera Ban Jaunga.mp3,3,10
48d69b34dba010522890d71026dd0442,hindi,real,real,Tera Ban Jaunga.mp3,4,10
a5cc5d2082b61048a2d735f98a6b65c2,hindi,real,real,Tera Ban Jaunga.mp3,5,10
fa1454b0f7240ebcccfed182aba97927,hindi,real,real,Tera Ban Jaunga.mp3,6,10
d226cbcf645a5eb4b66142990493c438,hindi,real,real,Tera Ban Jaunga.mp3,7,10
e74d73ee5224dafb3ba05c3752cd84e4,hindi,real,real,Tera Ban Jaunga.mp3,8,10
18b20a9273d9f5b3ba914acdaaea34be,hindi,real,real,Tera Ban Jaunga.mp3,9,10
5db0df1fb0d8ea7ad5b7589374c176b1,hindi,real,real,Tera Ban Jaunga.mp3,10,10
74f4a8fc78bed9aa4ee23ab9bc70cdc6,hindi,real,real,Tera Ban Jaunga.mp3,11,10
d67ab2e64552593127f0eaba05110d07,hindi,real,real,Tera Ban Jaunga.mp3,12,10
45e0010ef4e098e8fa203936a35bed7d,hindi,real,real,Tera Ban Jaunga.mp3,13,10
c0bcacdec0b407e7f180e74e84daa546,hindi,real,real,Tera Ban Jaunga.mp3,14,10
3cbf65ac1f4451032d0713cf502a0180,hindi,real,real,Tera Ban Jaunga.mp3,15,10
5ec647317bc99517d7cff264cccb898e,hindi,real,real,Tera Ban Jaunga.mp3,16,10
7fa06fec1f15feb5b1f17513df18c8fc,hindi,real,real,Tera Ban Jaunga.mp3,17,10
f5b6db01bf00a1f505c7f6115f991ec4,hindi,real,real,Tera Ban Jaunga.mp3,18,10
8d66d16d086c592ded75d2c8fbeb98b3,hindi,real,real,Tera Ban Jaunga.mp3,19,10
427990d570eb716120041c5a67facbcd,hindi,real,real,Tera Ban Jaunga.mp3,20,10
6474edf5f867b3c1ab8af74138bf55e2,hindi,real,real,Tera Ban Jaunga.mp3,21,10
c5bdbdbc0393004035faa4992a8a3cb3,hindi,real,real,Tera Ban Jaunga.mp3,22,10
bb7a9207a293e9e13f3a5b30ca472756,hindi,real,real,Tera Ban Jaunga.mp3,23,10
b493107cfd93650a10679dba196aa824,hindi,real,real,Tera Ban Jaunga.mp3,24,10
7323ad4c6db510ccc0e577a97541a9ca,hindi,real,real,Tera Ban Jaunga.mp3,25,10
6f0d27639c0a7805eeda39b2ba8463c6,hindi,real,real,Tera Ban Jaunga.mp3,26,10
2989a2f024dfaafbfa5ccd6bfe6bfd1c,hindi,real,real,Tera Ban Jaunga.mp3,27,10
a9e723021c9643b4250a624895138542,hindi,real,real,Chalte Chalte.mp3,0,10
9a6d1d3aa62f6a88be2122d5f47d5876,hindi,real,real,Chalte Chalte.mp3,1,10
fd56982de2ad2d2576cd64ff007e9c83,hindi,real,real,Chalte Chalte.mp3,2,10
feba2711ae45d4b9d73f177f75084367,hindi,real,real,Chalte Chalte.mp3,3,10
188f54cdcf5ea3b6efd3ea54a3ed70ff,hindi,real,real,Chalte Chalte.mp3,4,10
b267778d8563bd50c823e952fd1977cb,hindi,real,real,Chalte Chalte.mp3,5,10
6a0126ff9a9ab7bc99ecfd01cae97f66,hindi,real,real,Chalte Chalte.mp3,6,10
ef652b8d556d1f8128532b36a9dfef95,hindi,real,real,Chalte Chalte.mp3,7,10
ca6f277df37f334d6a2a67488add6fd6,hindi,real,real,Chalte Chalte.mp3,8,10
e698fe741e00e27d76011310519e5aef,hindi,real,real,Chalte Chalte.mp3,9,10
aa116b66e9f80e8a9a8c5a7ef1046efd,hindi,real,real,Chalte Chalte.mp3,10,10
5377a2f9a3e869b21afa52c29cf5ece7,hindi,real,real,Chalte Chalte.mp3,11,10
ae454d2fdbde96b0dddbdef926c547d8,hindi,real,real,Chalte Chalte.mp3,12,10
c2d6deed0756c9015524711eaf6c097c,hindi,real,real,Chalte Chalte.mp3,13,10
bc30fc6c185e3fc730680608ec7994a8,hindi,real,real,Chalte Chalte.mp3,14,10
762009e3ac6a9a5e471219d53d9c2359,hindi,real,real,Chalte Chalte.mp3,15,10
db8110648c83577aceac3f88212038cd,hindi,real,real,Chalte Chalte.mp3,16,10
33bed02f8c3679e479324a47085da42b,hindi,real,real,Chalte Chalte.mp3,17,10
2b3b8024a42a8d30d6b1047753c66091,hindi,real,real,Chalte Chalte.mp3,18,10
623cf45717ab32d7f605bb2474048b5a,hindi,real,real,Chalte Chalte.mp3,19,10
26e2f45fff42e90a8373b8e54b333553,hindi,real,real,Chalte Chalte.mp3,20,10
75c2eeac746620248c33dbe52584a85d,hindi,real,real,Chalte Chalte.mp3,21,10
16a46ac73ed65b2928a451b4ce740367,hindi,real,real,Chalte Chalte.mp3,22,10
4a57028f87445bf96734186140e50dd3,hindi,real,real,Chalte Chalte.mp3,23,10
a016fe98806d54159669c908597d95ee,hindi,real,real,Chalte Chalte.mp3,24,10
2cdaea37d519553ef298b3dc0f3d9ce4,hindi,real,real,Chalte Chalte.mp3,25,10
e05c879396737d85a53942b8ded670fd,hindi,real,real,Kabhi Kabhi Mere Dil Mein.mp3,0,10
c5b45b226c9430d9a38ae9c9ccabaa8f,hindi,real,real,Kabhi Kabhi Mere Dil Mein.mp3,1,10
7e2df8154fcbb07db514b53ad583b74d,hindi,real,real,Kabhi Kabhi Mere Dil Mein.mp3,2,10
12ae183c04920bdb6c1786c63cd4c791,hindi,real,real,Kabhi Kabhi Mere Dil Mein.mp3,3,10
60e009930d6b95144711a7bc872d947c,hindi,real,real,Kabhi Kabhi Mere Dil Mein.mp3,4,10
5de995c9e3bf73b1b7ad11c1735b9dd9,hindi,real,real,Kabhi Kabhi Mere Dil Mein.mp3,5,10
d5f72c25b04f87edbef4a40501a20e50,hindi,real,real,Kabhi Kabhi Mere Dil Mein.mp3,6,10
50933fe385414ba667504951210036e7,hindi,real,real,Kabhi Kabhi Mere Dil Mein.mp3,7,10
9b09892cc4a92716c837b97de193150f,hindi,real,real,Kabhi Kabhi Mere Dil Mein.mp3,8,10
578d453febc2ba124a49be370a3952bb,hindi,real,real,Kabhi Kabhi Mere Dil Mein.mp3,9,10
96ddbfb70f827ec888a444db2fc54f02,hindi,real,real,Kabhi Kabhi Mere Dil Mein.mp3,10,10
997d9e0996aa93673361b299e8b026d5,hindi,real,real,Kabhi Kabhi Mere Dil Mein.mp3,11,10
6cd2bca5829f8c90eb81a9201ee289ad,hindi,real,real,Kabhi Kabhi Mere Dil Mein.mp3,12,10
f08d0b523c577d5b187a412d7826f39e,hindi,real,real,Kabhi Kabhi Mere Dil Mein.mp3,13,10
b26c4b2acc9b281af075e01ffeb2f1e2,hindi,real,real,Kabhi Kabhi Mere Dil Mein.mp3,14,10
7cc5fe662b76f32e3763d80b24684a81,hindi,real,real,Kabhi Kabhi Mere Dil Mein.mp3,15,10
a2a23c2c5f9ee065305b2993eed49afd,hindi,real,real,Kabhi Kabhi Mere Dil Mein.mp3,16,10
9ef925f4d93c3bfdb99ee6b6a0245048,hindi,real,real,Kabhi Kabhi Mere Dil Mein.mp3,17,10
604f64034f9d00369667e90db0a2eb3e,hindi,real,real,Kabhi Kabhi Mere Dil Mein.mp3,18,10
4e30bc201ec0215801f7a1849baa56e1,hindi,real,real,Kabhi Kabhi Mere Dil Mein.mp3,19,10
1715095909f2b79fe7b6f8012c4328f2,hindi,real,real,Kabhi Kabhi Mere Dil Mein.mp3,20,10
be39900beffdbbe0bf0a7ef4e658f4d8,hindi,real,real,Kabhi Kabhi Mere Dil Mein.mp3,21,10
e5db12c7522ae872b5b59f9492003642,hindi,real,real,Kabhi Kabhi Mere Dil Mein.mp3,22,10
a7286c6ff10776e1edeaef54c7c9752a,hindi,real,real,Kabhi Kabhi Mere Dil Mein.mp3,23,10
3f86967a3843711aeaf3ab76aee71a76,hindi,real,real,Kabhi Kabhi Mere Dil Mein.mp3,24,10
95bb9067308f3872cc34780bcc22003a,hindi,real,real,Kabhi Kabhi Mere Dil Mein.mp3,25,10
68ccf36c7fcac7746afecb93f587b988,hindi,real,real,Kabhi Kabhi Mere Dil Mein.mp3,26,10
812be2cc5791b48fd1fccbf0ca08d4a3,hindi,real,real,Kabhi Kabhi Mere Dil Mein.mp3,27,10
112c16b2b320e0b3427e2ae5d7dc243d,hindi,real,real,Agar Tum Saath Ho.mp3,0,10
13c18fdd802e0ca843f4bd34a0748d4f,hindi,real,real,Agar Tum Saath Ho.mp3,1,10
3a172ba97d105c3b67874bd2b19f5622,hindi,real,real,Agar Tum Saath Ho.mp3,2,10
c91fdff959e7bee51ada1180074bdc1d,hindi,real,real,Agar Tum Saath Ho.mp3,3,10
fee85d0b00e60446fe3ad693f03c7f78,hindi,real,real,Agar Tum Saath Ho.mp3,4,10
73e03f0ee15cf295f57959616aac0187,hindi,real,real,Agar Tum Saath Ho.mp3,5,10
dde54b826cf510174a341b3e654172e0,hindi,real,real,Agar Tum Saath Ho.mp3,6,10
cc46a598c903e5fca30f2123faaefa7a,hindi,real,real,Agar Tum Saath Ho.mp3,7,10
3be02148bbfffc6b3ce263bb4f16fff2,hindi,real,real,Agar Tum Saath Ho.mp3,8,10
6959921f34d03297f7262ffe676cf2a0,hindi,real,real,Agar Tum Saath Ho.mp3,9,10
bffbf734cdf05e76ff518ed5a20aab29,hindi,real,real,Agar Tum Saath Ho.mp3,10,10
ec03a1fc216a88bd9ab0a1af3a6b00be,hindi,real,real,Agar Tum Saath Ho.mp3,11,10
3132f45b98cbb8df8102c174691c537b,hindi,real,real,Agar Tum Saath Ho.mp3,12,10
eb166627c7fc4040fef10b4364323a89,hindi,real,real,Agar Tum Saath Ho.mp3,13,10
f8fab0a5996f4a4c31c1b8f4b6a24c23,hindi,real,real,Agar Tum Saath Ho.mp3,14,10
99840b4b2e39aead62e3606734611bde,hindi,real,real,Agar Tum Saath Ho.mp3,15,10
5a74e39f37a92f2290c52fc0cdce48c7,hindi,real,real,Agar Tum Saath Ho.mp3,16,10
c50851f403f4b41e22ac98503634abbe,hindi,real,real,Agar Tum Saath Ho.mp3,17,10
da58c895fc86ac113f5e7df9281fe768,hindi,real,real,Agar Tum Saath Ho.mp3,18,10
d051bbe3357cbc769ecd2a818a5c4190,hindi,real,real,Agar Tum Saath Ho.mp3,19,10
3bdb6899f7d1e4fdc83556562e382ae9,hindi,real,real,Agar Tum Saath Ho.mp3,20,10
ab71e4af6f673bdd3c6169526f5f9b20,hindi,real,real,Agar Tum Saath Ho.mp3,21,10
c6aad0716e4fcda1ae1aa62e7706766c,hindi,real,real,Agar Tum Saath Ho.mp3,22,10
81f276b875b650f3f27298d755f19eab,hindi,real,real,Agar Tum Saath Ho.mp3,23,10
9926050b52f5ee733e1080661e1cc09b,hindi,real,real,Agar Tum Saath Ho.mp3,24,10
3256a97d56de8e1ba33938eca392f5a0,hindi,real,real,Agar Tum Saath Ho.mp3,25,10
94107dc839a5c66542e27daa1b6225ee,hindi,real,real,Agar Tum Saath Ho.mp3,26,10
95f34aeb7c0a88254481af3c86f5cdae,hindi,real,real,Agar Tum Saath Ho.mp3,27,10
276a81938b3d25594607278dcc2506ca,hindi,real,real,Dil To Pagal Hai.mp3,0,10
462fa7469c4d8fe7cf723a606e1cf4ac,hindi,real,real,Dil To Pagal Hai.mp3,1,10
802bcf7494fbd539efc40a2521c42eb6,hindi,real,real,Dil To Pagal Hai.mp3,2,10
f9e7094ad607d9a35c72cec79b588177,hindi,real,real,Dil To Pagal Hai.mp3,3,10
8dfd51ed3cedf227694333afa3c0fb78,hindi,real,real,Dil To Pagal Hai.mp3,4,10
4b399f3b035a5ffc73127217d611b280,hindi,real,real,Dil To Pagal Hai.mp3,5,10
95b04d533e30c130a5c353aa7d5f32da,hindi,real,real,Dil To Pagal Hai.mp3,6,10
1e0db4f3fca70a47537634ee05a7dbd5,hindi,real,real,Dil To Pagal Hai.mp3,7,10
a9918055bae3808fd6f96e2cdbbbb1dc,hindi,real,real,Dil To Pagal Hai.mp3,8,10
3ff2fc69bbc5e25219fe50381584352e,hindi,real,real,Dil To Pagal Hai.mp3,9,10
4eb007428002e3c13cb15d821d86b0ed,hindi,real,real,Dil To Pagal Hai.mp3,10,10
6595dcc100fedc636ae23df12fe39c67,hindi,real,real,Dil To Pagal Hai.mp3,11,10
9abca48cea8d86086c38f18ac8c3bc10,hindi,real,real,Dil To Pagal Hai.mp3,12,10
89fb1beccb76795ab8de11c17cc8d7fc,hindi,real,real,Dil To Pagal Hai.mp3,13,10
54811095507f8891864420db080c2705,hindi,real,real,Dil To Pagal Hai.mp3,14,10
bc4aa4ff2186d66516d37ca914da0e05,hindi,real,real,Dil To Pagal Hai.mp3,15,10
df3ce0f5f28da6ca2d30631de1e8e221,hindi,real,real,Dil To Pagal Hai.mp3,16,10
b7eb1a340fdbdae62c8921c9dbe4516b,hindi,real,real,Dil To Pagal Hai.mp3,17,10
3c54e2b17afb519f31dc15c7a4bda55d,hindi,real,real,Dil To Pagal Hai.mp3,18,10
d1b9fd0ad0d3bdb2773bc6760993ad4e,hindi,real,real,Dil To Pagal Hai.mp3,19,10
d778f9969a114ae68874891d94b93cfd,hindi,real,real,Dil To Pagal Hai.mp3,20,10
43e250d47fea1566940617e271c7c494,hindi,real,real,Dil To Pagal Hai.mp3,21,10
3c8f690277d2f97311bab6fb23d5b0e9,hindi,real,real,Dil To Pagal Hai.mp3,22,10
638100b3734705e793412a637f75e519,hindi,real,real,Dil To Pagal Hai.mp3,23,10
7cf00e17a092d3c74cae064813dc4655,hindi,real,real,Tujh Mein Rab Dikhta Hai.mp3,0,10
f4af4836f5acb9f8fb9ae20eaf21db8b,hindi,real,real,Tujh Mein Rab Dikhta Hai.mp3,1,10
8eea6687d1de16d55a1de54002f75895,hindi,real,real,Tujh Mein Rab Dikhta Hai.mp3,2,10
e75d016335756342dbf18abc93fd3d4e,hindi,real,real,Tujh Mein Rab Dikhta Hai.mp3,3,10
b45b5d42d85305e7171602d01e1e8efb,hindi,real,real,Tujh Mein Rab Dikhta Hai.mp3,4,10
a819e506af33e2c177f57412e6f60690,hindi,real,real,Tujh Mein Rab Dikhta Hai.mp3,5,10
90bffb1c7cd3e4415a6d47797f52ed92,hindi,real,real,Tujh Mein Rab Dikhta Hai.mp3,6,10
1dab9884c343e53069a086aa3ea6c0cf,hindi,real,real,Tujh Mein Rab Dikhta Hai.mp3,7,10
352de279668907e40605a8b1ebc8d1df,hindi,real,real,Tujh Mein Rab Dikhta Hai.mp3,8,10
3237c368499651a5290d75dc27065dda,hindi,real,real,Tujh Mein Rab Dikhta Hai.mp3,9,10
12652d710139d085f70efffc4b5763ea,hindi,real,real,Tujh Mein Rab Dikhta Hai.mp3,10,10
e0e5517b7a3fa4ec0286b032b5607202,hindi,real,real,Tujh Mein Rab Dikhta Hai.mp3,11,10
251f00a3a5bbfc43a6eada55cd478218,hindi,real,real,Tujh Mein Rab Dikhta Hai.mp3,12,10
6e243284cf823e70018edaa109329eac,hindi,real,real,Tujh Mein Rab Dikhta Hai.mp3,13,10
71589f58e43e1ebb56f0a6b7d4b3f4ac,hindi,real,real,Tujh Mein Rab Dikhta Hai.mp3,14,10
f0bc3ab78518de4d998b92c43dfdf6ed,hindi,real,real,Tujh Mein Rab Dikhta Hai.mp3,15,10
c2d73b1032984150f69a260106dd3e1a,hindi,real,real,Tujh Mein Rab Dikhta Hai.mp3,16,10
b1f5a2b4a85b79dc7aad7943ae7b3671,hindi,real,real,Tujh Mein Rab Dikhta Hai.mp3,17,10
bf8aa327321f787affb47eff5a7e08b9,hindi,real,real,Tujh Mein Rab Dikhta Hai.mp3,18,10
