sample_id,language,label,method,original_filename,clip_index,duration_seconds
35560375d26a4154bcef0c57556780f0,bengali,real,real,001_Tomar Hridmajhare Rakhbo.mp3.mp3,0,10
830e5f27eb935866c12845af5bc82b29,bengali,real,real,001_Tomar Hridmajhare Rakhbo.mp3.mp3,1,10
9add9b6e79ad837d24f1cd9cf4a8ce41,bengali,real,real,001_Tomar Hridmajhare Rakhbo.mp3.mp3,2,10
7398c38695e31f5b9fadd6d5f22dce42,bengali,real,real,001_Tomar Hridmajhare Rakhbo.mp3.mp3,3,10
279553c64db4bbce60f12d2f504601b2,bengali,real,real,001_Tomar Hridmajhare Rakhbo.mp3.mp3,4,10
dbbd910e27320a122134146d3b40cb8e,bengali,real,real,001_Tomar Hridmajhare Rakhbo.mp3.mp3,5,10
ada31d494cb4c322bd5359c644deb869,bengali,real,real,001_Tomar Hridmajhare Rakhbo.mp3.mp3,6,10
bdbd11b852bba6940d2c5361f383cae4,bengali,real,real,001_Tomar Hridmajhare Rakhbo.mp3.mp3,7,10
62db7ccfecaef439277ea1fb0f46d0d1,bengali,real,real,001_Tomar Hridmajhare Rakhbo.mp3.mp3,8,10
9b42f8ac38274c1030870fc2fc22442e,bengali,real,real,001_Tomar Hridmajhare Rakhbo.mp3.mp3,9,10
4d81f5c06e7361c47da7f15b898eab3d,bengali,real,real,001_Tomar Hridmajhare Rakhbo.mp3.mp3,10,10
6cfe0e644da1cf687ebffb486389d9c9,bengali,real,real,001_Tomar Hridmajhare Rakhbo.mp3.mp3,11,10
0aab24413161244b7154527866d04e52,bengali,real,real,001_Tomar Hridmajhare Rakhbo.mp3.mp3,12,10
5580f408c381ee1a8250ef0931ae7376,bengali,real,real,001_Tomar Hridmajhare Rakhbo.mp3.mp3,13,10
44d44670f874915fafded51d932a6e19,bengali,real,real,001_Tomar Hridmajhare Rakhbo.mp3.mp3,14,10
88772a2a922ccf383026d1af343fc02f,bengali,real,real,001_Tomar Hridmajhare Rakhbo.mp3.mp3,15,10
2a1793e34cdfe60faf8a26bf2c523def,bengali,real,real,001_Tomar Hridmajhare Rakhbo.mp3.mp3,16,10
34ffac1e4a04975fbb74628bf1c7597d,bengali,real,real,001_Tomar Hridmajhare Rakhbo.mp3.mp3,17,10
196177cf0b2cfc7502dba5c689387a3a,bengali,real,real,001_Tomar Hridmajhare Rakhbo.mp3.mp3,18,10
8baf3904c28cf81b632f593a581c2573,bengali,real,real,001_Tomar Hridmajhare Rakhbo.mp3.mp3,19,10
4835a267ae728283e120cc413a76bbbe,bengali,real,real,001_Tomar Hridmajhare Rakhbo.mp3.mp3,20,10
3ac8d46d04c779e6e550444f6d2b3146,bengali,real,real,001_Tomar Hridmajhare Rakhbo.mp3.mp3,21,10
0fc103566eb6534ce583077416c88779,bengali,real,real,001_Tomar Hridmajhare Rakhbo.mp3.mp3,22,10
282a8df42e4916ffbfd1e055f22ca072,bengali,real,real,001_Tomar Hridmajhare Rakhbo.mp3.mp3,23,10
314623405192fe3278bbf9dc67158478,bengali,real,real,001_Tomar Hridmajhare Rakhbo.mp3.mp3,24,10
25e4a8dadb91bd73b716a8226f9fd217,bengali,real,real,001_Tomar Hridmajhare Rakhbo.mp3.mp3,25,10
fed5624afb5ec546c98d02da170e308a,bengali,real,real,001_Tomar Hridmajhare Rakhbo.mp3.mp3,26,10
6eed7cb588a12253eac2904b5cc60b12,bengali,real,real,001_Tomar Hridmajhare Rakhbo.mp3.mp3,27,10
a9be77be964890cf77c7424d9c0befe4,bengali,real,real,001_Tomar Hridmajhare Rakhbo.mp3.mp3,28,10
4b6d19f589cb6382af3bdc30ab094ce3,bengali,real,real,001_Tomar Hridmajhare Rakhbo.mp3.mp3,29,10
a1986adf74046e4bc6bd390302f195bf,bengali,real,real,001_Tomar Hridmajhare Rakhbo.mp3.mp3,30,10
803538d7e1044c58bc1f75e51d05c30a,bengali,real,real,001_Tomar Hridmajhare Rakhbo.mp3.mp3,31,10
152174c7168f8b8f0fd1cbe6b8cb1acf,bengali,real,real,001_Tomar Hridmajhare Rakhbo.mp3.mp3,32,10
5f39d00b904129452255336390b2d3e9,bengali,real,real,001_Tomar Hridmajhare Rakhbo.mp3.mp3,33,10
4bec698beea733c9cbb684aa33f83fe3,bengali,real,real,001_Tomar Hridmajhare Rakhbo.mp3.mp3,34,10
c6328c264b3103f5a29ef487d0ba8337,bengali,real,real,001_Tomar Hridmajhare Rakhbo.mp3.mp3,35,10
a5bbaa5e29e8b92bcae49147172cd6ba,bengali,real,real,001_Tomar Hridmajhare Rakhbo.mp3.mp3,36,10
6f515380851aae6c349d5cbd26fdc180,bengali,real,real,002_Bosonto Batase.mp3.mp3,0,10
0b1eb86662020b5edeb82f98c9225a55,bengali,real,real,002_Bosonto Batase.mp3.mp3,1,10
532c133e739bb0a63663735ccc9b5403,bengali,real,real,002_Bosonto Batase.mp3.mp3,2,10
bc84f0424fe1986054d1d8b349f92a76,bengali,real,real,002_Bosonto Batase.mp3.mp3,3,10
0803fff0f803256d8a2cf73ac9f40f96,bengali,real,real,002_Bosonto Batase.mp3.mp3,4,10
51770b02a453a5cbc6923ffcef2c5a6b,bengali,real,real,002_Bosonto Batase.mp3.mp3,5,10
930f7a8d158794581694a4967d775bf4,bengali,real,real,002_Bosonto Batase.mp3.mp3,6,10
aaa53e853b8dfb68beda5077396c2d0b,bengali,real,real,002_Bosonto Batase.mp3.mp3,7,10
68a9708fa0eca2328f5ae851c1300952,bengali,real,real,002_Bosonto Batase.mp3.mp3,8,10
817f79a116c110a0b477cd2107811780,bengali,real,real,002_Bosonto Batase.mp3.mp3,9,10
dbc17f9b2fcfd1ca62d1bc15274d2757,bengali,real,real,002_Bosonto Batase.mp3.mp3,10,10
15abe3fd1490aaa88d8649e8190e3315,bengali,real,real,002_Bosonto Batase.mp3.mp3,11,10
d7d8cc325edf7f3b43682f29b9dd9e1b,bengali,real,real,002_Bosonto Batase.mp3.mp3,12,10
3cb9a918152e656ae8a4437c2adcaa55,bengali,real,real,002_Bosonto Batase.mp3.mp3,13,10
52e201a997e4cf76f604156e9ad32682,bengali,real,real,002_Bosonto Batase.mp3.mp3,14,10
850730c086c5a71299345361e4ccb530,bengali,real,real,002_Bosonto Batase.mp3.mp3,15,10
30889dd80cfdc3dd4f479920313e4f18,bengali,real,real,002_Bosonto Batase.mp3.mp3,16,10
8bb709a5824d552175a8837a908b14eb,bengali,real,real,002_Bosonto Batase.mp3.mp3,17,10
fbeee47f75c79fa87832520ce582dbd7,bengali,real,real,002_Bosonto Batase.mp3.mp3,18,10
7dda212506b4e1031210e10c94971add,bengali,real,real,002_Bosonto Batase.mp3.mp3,19,10
fd866a62d7b99549d416c87ec0f0e7a9,bengali,real,real,002_Bosonto Batase.mp3.mp3,20,10
d447d55fd72042d41d31261944205f76,bengali,real,real,002_Bosonto Batase.mp3.mp3,21,10
e0d718a2e33a3ae68a74c9a0fa5af445,bengali,real,real,002_Bosonto Batase.mp3.mp3,22,10
6b0fda1d32dce875be2d175887197cf0,bengali,real,real,002_Bosonto Batase.mp3.mp3,23,10
7ae9ecdcfb48d7c58d06dcef13eb4323,bengali,real,real,002_Bosonto Batase.mp3.mp3,24,10
6053691ed3edfe8ea6cce380558dc5ec,bengali,real,real,002_Bosonto Batase.mp3.mp3,25,10
df7db16ae126537aa32228737364405c,bengali,real,real,002_Bosonto Batase.mp3.mp3,26,10
d9cdef7bf71f2337312a002eb2b4cacf,bengali,real,real,002_Bosonto Batase.mp3.mp3,27,10
2d240e000b7851d9707dc44386d9739d,bengali,real,real,002_Bosonto Batase.mp3.mp3,28,10
eacf65092a81c29c019aa3afe0521a67,bengali,real,real,002_Bosonto Batase.mp3.mp3,29,10
1b717444fdc4695a0681d486596016f6,bengali,real,real,002_Bosonto Batase.mp3.mp3,30,10
a51326eb687c677b25a8bc783e6bdcf7,bengali,real,real,002_Bosonto Batase.mp3.mp3,31,10
9fad217e919fcf9f0d9d3cc6026e75cb,bengali,real,real,002_Bosonto Batase.mp3.mp3,32,10
20bddf459322457dbd11ab7f0289b7f7,bengali,real,real,003_Kolonkini Radha.mp3.mp3,0,10
fa37551cea0d4042a5a73927320dfe41,bengali,real,real,003_Kolonkini Radha.mp3.mp3,1,10
f4d2da19856ac67a1d4301fdcf940340,bengali,real,real,003_Kolonkini Radha.mp3.mp3,2,10
df5e2dc7fb0d87a011a94ece9e20ae54,bengali,real,real,003_Kolonkini Radha.mp3.mp3,3,10
d473131efcc93eed228480926e67db91,bengali,real,real,003_Kolonkini Radha.mp3.mp3,4,10
0adb9943dbce524d30e0692b35fd27ac,bengali,real,real,003_Kolonkini Radha.mp3.mp3,5,10
07bd915153ed1473e3f7c6bc206f412b,bengali,real,real,003_Kolonkini Radha.mp3.mp3,6,10
b61b7a812f6d64e9df4b523a8c0338c4,bengali,real,real,003_Kolonkini Radha.mp3.mp3,7,10
66b1875ac027ad892e8b206c34334667,bengali,real,real,003_Kolonkini Radha.mp3.mp3,8,10
88ef1cfc7e692662d166ecd2f57b2eaf,bengali,real,real,003_Kolonkini Radha.mp3.mp3,9,10
4ecb2ec4094b9a6a85d6cb1900eb166f,bengali,real,real,003_Kolonkini Radha.mp3.mp3,10,10
09751506ba30fecb09a4348920ce43e8,bengali,real,real,003_Kolonkini Radha.mp3.mp3,11,10
da57162caf068866883459817e367f9c,bengali,real,real,003_Kolonkini Radha.mp3.mp3,12,10
cec75ee37bb17a39e7cf6f78d8fc5781,bengali,real,real,003_Kolonkini Radha.mp3.mp3,13,10
80c82b1820f38848c3c318048f462041,bengali,real,real,003_Kolonkini Radha.mp3.mp3,14,10
bd6cbe021334cff9d0b0ce3d97f0e40f,bengali,real,real,003_Kolonkini Radha.mp3.mp3,15,10
e103faa6a6212ad23ec710d5374b22e6,bengali,real,real,003_Kolonkini Radha.mp3.mp3,16,10
0d3d2d6c144b31e64e99182659273633,bengali,real,real,003_Kolonkini Radha.mp3.mp3,17,10
8b8a85951d1d79e154ab9c437daf2f17,bengali,real,real,003_Kolonkini Radha.mp3.mp3,18,10
7792e5ce7b93b23f7c43e1d38ab83a47,bengali,real,real,003_Kolonkini Radha.mp3.mp3,19,10
1a4c0b2c8a7f31b8c0fe3e299fc2b3d7,bengali,real,real,003_Kolonkini Radha.mp3.mp3,20,10
d4993c3b9324e791b08aa912ab944994,bengali,real,real,003_Kolonkini Radha.mp3.mp3,21,10
639aa3a3e594d85ef2b0dfa0ca3326cc,bengali,real,real,003_Kolonkini Radha.mp3.mp3,22,10
ffd6a7f7212b4c4a4bec2d806a92fac0,bengali,real,real,003_Kolonkini Radha.mp3.mp3,23,10
fb80222540e87161d2113bab45fbfc81,bengali,real,real,003_Kolonkini Radha.mp3.mp3,24,10
8a22d2af23e424af5ff9d761f92606d8,bengali,real,real,003_Kolonkini Radha.mp3.mp3,25,10
4825706339e4540c37b7ab0cd7929127,bengali,real,real,003_Kolonkini Radha.mp3.mp3,26,10
b137d9389e2aa3dfb47a21053bc293bd,bengali,real,real,003_Kolonkini Radha.mp3.mp3,27,10
e6a69da969a6832b54dfc0fc29832b38,bengali,real,real,003_Kolonkini Radha.mp3.mp3,28,10
62f9bea93c24431921c5b4d330e486bb,bengali,real,real,003_Kolonkini Radha.mp3.mp3,29,10
1156f225737c5469bd4257be5dc74de5,bengali,real,real,003_Kolonkini Radha.mp3.mp3,30,10
0b709dc330bc04cdf2493fed84ff2de9,bengali,real,real,003_Kolonkini Radha.mp3.mp3,31,10
e102287c0c061f036430016bec926a75,bengali,real,real,003_Kolonkini Radha.mp3.mp3,32,10
2837d4c0b6ab628e23292bbe6d2fd09d,bengali,real,real,003_Kolonkini Radha.mp3.mp3,33,10
da05762a690422583c2684743aae310b,bengali,real,real,003_Kolonkini Radha.mp3.mp3,34,10
33be95806c30fcfcede6557471a8aa32,bengali,real,real,003_Kolonkini Radha.mp3.mp3,35,10
1218a09a1f7cbc64ef88f2c86ddcb837,bengali,real,real,003_Kolonkini Radha.mp3.mp3,36,10
33b7e78366662c57a4b0d88eae216ee4,bengali,real,real,003_Kolonkini Radha.mp3.mp3,37,10
8e703f86257b31b8884dc69304743fa9,bengali,real,real,003_Kolonkini Radha.mp3.mp3,38,10
57635708463a887d46b4a3bc81eb77a5,bengali,real,real,003_Kolonkini Radha.mp3.mp3,39,10
90a9e683f9b23817bdc40014cc627d9d,bengali,real,real,003_Kolonkini Radha.mp3.mp3,40,10
6492c3ab26e4c698090aa31b728e7fd5,bengali,real,real,003_Kolonkini Radha.mp3.mp3,41,10
065807f4f27ec6b28b9b68041339af32,bengali,real,real,003_Kolonkini Radha.mp3.mp3,42,10
dbb2630435fbabc6b8a95f67273c35a0,bengali,real,real,003_Kolonkini Radha.mp3.mp3,43,10
d6ff6e6317ce8c4b46d59a1f5d780258,bengali,real,real,003_Kolonkini Radha.mp3.mp3,44,10
8a5cfb40d3af4b347a17ca37eca770f8,bengali,real,real,003_Kolonkini Radha.mp3.mp3,45,10
8fc9f62539496fdab23accfc4c4df2a9,bengali,real,real,003_Kolonkini Radha.mp3.mp3,46,10
da9490d38798268a4f673cb5218ddef5,bengali,real,real,003_Kolonkini Radha.mp3.mp3,47,10
43010084279104802e8e904e59b296f3,bengali,real,real,003_Kolonkini Radha.mp3.mp3,48,10
548c738f0a65b0b0266b36a73df14a8f,bengali,real,real,004_Kichudin Mone Mone.mp3.mp3,0,10
ba6a4d9cfd42b5ea6fcfbe5a37544c50,bengali,real,real,004_Kichudin Mone Mone.mp3.mp3,1,10
e45ee181d59831ad362e64d472d5457c,bengali,real,real,004_Kichudin Mone Mone.mp3.mp3,2,10
e264c819d8bddd15df7c3de4fd41bed7,bengali,real,real,004_Kichudin Mone Mone.mp3.mp3,3,10
fc26b777965f77eb9b0542adfc4baccd,bengali,real,real,004_Kichudin Mone Mone.mp3.mp3,4,10
76011bffc81d003fd6a232ba886f1ea5,bengali,real,real,004_Kichudin Mone Mone.mp3.mp3,5,10
28aa7de3fda8141e085b0dcb51807a19,bengali,real,real,004_Kichudin Mone Mone.mp3.mp3,6,10
dca83376fb426223dad67ddff696713f,bengali,real,real,004_Kichudin Mone Mone.mp3.mp3,7,10
fd8ec99769fc0ca699a94872e7e46d50,bengali,real,real,004_Kichudin Mone Mone.mp3.mp3,8,10
b03f2eb66717969c47c0b670d4630bbc,bengali,real,real,004_Kichudin Mone Mone.mp3.mp3,9,10
3a2ab5fa568406db65d5e42435007062,bengali,real,real,004_Kichudin Mone Mone.mp3.mp3,10,10
18fc1061ef0b81e9f736eb75e8ed2003,bengali,real,real,004_Kichudin Mone Mone.mp3.mp3,11,10
62469f4d715f7ff06e463d3023c03e96,bengali,real,real,004_Kichudin Mone Mone.mp3.mp3,12,10
23f2ee00069927c8deb0dd28d59984ad,bengali,real,real,004_Kichudin Mone Mone.mp3.mp3,13,10
a56e4dcaa1f3d9ab1530182e3860863e,bengali,real,real,004_Kichudin Mone Mone.mp3.mp3,14,10
95beb1affe690a70032a89cbb02bd02b,bengali,real,real,004_Kichudin Mone Mone.mp3.mp3,15,10
02b9402080db48dbd4ac819fd0ec4945,bengali,real,real,004_Kichudin Mone Mone.mp3.mp3,16,10
f0910c9c030a791ba1718ba17b246a5c,bengali,real,real,004_Kichudin Mone Mone.mp3.mp3,17,10
8baf28dc65a01a9a6154f4792e879748,bengali,real,real,004_Kichudin Mone Mone.mp3.mp3,18,10
f89b43378d15ab2befae1d675f1ff068,bengali,real,real,004_Kichudin Mone Mone.mp3.mp3,19,10
bb248bb58ac24d308f0acd9457b360d9,bengali,real,real,004_Kichudin Mone Mone.mp3.mp3,20,10
9cd3a10ed1793a80542177fd69b9d137,bengali,real,real,004_Kichudin Mone Mone.mp3.mp3,21,10
210a3b28e45288fd55297e31aa7df63f,bengali,real,real,004_Kichudin Mone Mone.mp3.mp3,22,10
596b569d26ab61f0ed8be71d28767f30,bengali,real,real,004_Kichudin Mone Mone.mp3.mp3,23,10
459bfa0af2f38ba545fd9aa950aa6b8e,bengali,real,real,004_Kichudin Mone Mone.mp3.mp3,24,10
8be31e7c300bdb45ab2c7ba995f4c2e2,bengali,real,real,004_Kichudin Mone Mone.mp3.mp3,25,10
bc1c8931aaa9f0839d3a7d642a3b3524,bengali,real,real,004_Kichudin Mone Mone.mp3.mp3,26,10
87a3ab4a39dd49d897df120acf7660fa,bengali,real,real,004_Kichudin Mone Mone.mp3.mp3,27,10
33c5c793dde88e13344af768593acd35,bengali,real,real,004_Kichudin Mone Mone.mp3.mp3,28,10
3440413cb573a716f3ae134d59c31ac1,bengali,real,real,004_Kichudin Mone Mone.mp3.mp3,29,10
659ce43f3ad42f3f61ca164f6fa1a642,bengali,real,real,004_Kichudin Mone Mone.mp3.mp3,30,10
6cbe5a7c3bd66bf6457093db9b4bc925,bengali,real,real,004_Kichudin Mone Mone.mp3.mp3,31,10
fa910f747f7011bc8e2edb74c9c3d32c,bengali,real,real,004_Kichudin Mone Mone.mp3.mp3,32,10
e40a2914170e10559d4a23ad6fcf4bf2,bengali,real,real,004_Kichudin Mone Mone.mp3.mp3,33,10
efd2a1a755df7753201bd39da556d020,bengali,real,real,005_Prem Sukho Nidhi Radhe.mp3.mp3,0,10
a7b44abf76e3c8e793c004868c89b256,bengali,real,real,005_Prem Sukho Nidhi Radhe.mp3.mp3,1,10
30c69a8b7ddebe2940ef7d1edc452785,bengali,real,real,005_Prem Sukho Nidhi Radhe.mp3.mp3,2,10
95a22303c235d7947aa9b057d7a7487a,bengali,real,real,005_Prem Sukho Nidhi Radhe.mp3.mp3,3,10
1bb5db94e113fc00b2d4f5bda5beabee,bengali,real,real,005_Prem Sukho Nidhi Radhe.mp3.mp3,4,10
83967ec453de5eb255cae670ab1e878d,bengali,real,real,005_Prem Sukho Nidhi Radhe.mp3.mp3,5,10
f385364a45a1261bf8b2d7ab3ef0a076,bengali,real,real,005_Prem Sukho Nidhi Radhe.mp3.mp3,6,10
c99617d4b000ce525693ebdb69f4154b,bengali,real,real,005_Prem Sukho Nidhi Radhe.mp3.mp3,7,10
9874ec92ce2ce8fd34587c8349ba289b,bengali,real,real,005_Prem Sukho Nidhi Radhe.mp3.mp3,8,10
93484ecbc28e9d11d398dedb78b76cee,bengali,real,real,005_Prem Sukho Nidhi Radhe.mp3.mp3,9,10
1c566faa90bbbd047cfe65f31d66175e,bengali,real,real,005_Prem Sukho Nidhi Radhe.mp3.mp3,10,10
29a87c62949d27d32124e5ea1b932c16,bengali,real,real,005_Prem Sukho Nidhi Radhe.mp3.mp3,11,10
364e1cc5ca56c64b226fcc22b3ae4d8c,bengali,real,real,005_Prem Sukho Nidhi Radhe.mp3.mp3,12,10
61468e171c486c14d8aefef66c6ea8d3,bengali,real,real,005_Prem Sukho Nidhi Radhe.mp3.mp3,13,10
0684e139f8788acd2ac2a7619fe8aca0,bengali,real,real,005_Prem Sukho Nidhi Radhe.mp3.mp3,14,10
8c7a347c43df5638d5a0caf320b43ecf,bengali,real,real,005_Prem Sukho Nidhi Radhe.mp3.mp3,15,10
fecd45b546e6ba1677bc829ba276c2e5,bengali,real,real,005_Prem Sukho Nidhi Radhe.mp3.mp3,16,10
26976bc5e0f799354b48ebea152c7552,bengali,real,real,005_Prem Sukho Nidhi Radhe.mp3.mp3,17,10
eeb9c71cd533afeeec61004d8b652d68,bengali,real,real,005_Prem Sukho Nidhi Radhe.mp3.mp3,18,10
0d4169e9bd7ec1a900b53a52b47c724d,bengali,real,real,005_Prem Sukho Nidhi Radhe.mp3.mp3,19,10
b753e3f44c75654a3bb9dffc6619c5df,bengali,real,real,005_Prem Sukho Nidhi Radhe.mp3.mp3,20,10
14b30f483137f1560277e235a0ce9d20,bengali,real,real,005_Prem Sukho Nidhi Radhe.mp3.mp3,21,10
8ad3af3045ab933ccd2121ab9d8f86e3,bengali,real,real,005_Prem Sukho Nidhi Radhe.mp3.mp3,22,10
06bcc57435c4656ed0a28751a94a8672,bengali,real,real,005_Prem Sukho Nidhi Radhe.mp3.mp3,23,10
b1f7548046a1172b1d9ad67d00ac43d5,bengali,real,real,005_Prem Sukho Nidhi Radhe.mp3.mp3,24,10
6bc8923fa48412be339bd2e2576a0650,bengali,real,real,005_Prem Sukho Nidhi Radhe.mp3.mp3,25,10
67a1044810a4c7a724aeab7276e07e90,bengali,real,real,005_Prem Sukho Nidhi Radhe.mp3.mp3,26,10
ccf679fcd8e20503d4d58c8a3ec14ed6,bengali,real,real,005_Prem Sukho Nidhi Radhe.mp3.mp3,27,10
e3814f18164a73b6393905d62ed4ab3e,bengali,real,real,005_Prem Sukho Nidhi Radhe.mp3.mp3,28,10
9107f633b8effdbd15ddd32f02be4ce5,bengali,real,real,005_Prem Sukho Nidhi Radhe.mp3.mp3,29,10
0f40ac80dff0263b02472f105d01ee0c,bengali,real,real,005_Prem Sukho Nidhi Radhe.mp3.mp3,30,10
17f5689509181bfc330afed806b9905a,bengali,real,real,005_Prem Sukho Nidhi Radhe.mp3.mp3,31,10
202001efeeff1f457573b498bd2cebd4,bengali,real,real,005_Prem Sukho Nidhi Radhe.mp3.mp3,32,10
f88e27425025e9d74691168081438e04,bengali,real,real,005_Prem Sukho Nidhi Radhe.mp3.mp3,33,10
222c241d3c5a59e57d00f5fcbdcd521c,bengali,real,real,006_Bare Bare Ke Jeno Dake.mp3.mp3,0,10
f20ecc7a50f89e31f744c0b39ba7ff3b,bengali,real,real,006_Bare Bare Ke Jeno Dake.mp3.mp3,1,10
71e7a50993c25db2fcb7e2df7db71fd9,bengali,real,real,006_Bare Bare Ke Jeno Dake.mp3.mp3,2,10
e37097b744be5923bb609b53f50a274b,bengali,real,real,006_Bare Bare Ke Jeno Dake.mp3.mp3,3,10
34019b63a531d42b368c5abf7d84e9bb,bengali,real,real,006_Bare Bare Ke Jeno Dake.mp3.mp3,4,10
23fe0aebafed7f36a799abaf6c1cc001,bengali,real,real,006_Bare Bare Ke Jeno Dake.mp3.mp3,5,10
75d0cbcd010b617e7d0675bbd9246a35,bengali,real,real,006_Bare Bare Ke Jeno Dake.mp3.mp3,6,10
3c7cfa649719df15047f9e4f39b465a2,bengali,real,real,006_Bare Bare Ke Jeno Dake.mp3.mp3,7,10
fdb8b987399c288466d0f9128da93e56,bengali,real,real,006_Bare Bare Ke Jeno Dake.mp3.mp3,8,10
d8d5f7616c6805a7b9bdf14ecd8a53e5,bengali,real,real,006_Bare Bare Ke Jeno Dake.mp3.mp3,9,10
eaa792a524739e5aec22f0ea8f0b80a3,bengali,real,real,006_Bare Bare Ke Jeno Dake.mp3.mp3,10,10
e12bce247c4ff2df0376e985e220ccad,bengali,real,real,006_Bare Bare Ke Jeno Dake.mp3.mp3,11,10
eb61512cf6099382e7b64dd72caaa6b0,bengali,real,real,006_Bare Bare Ke Jeno Dake.mp3.mp3,12,10
44fd5970b34a2ab0104cca7aa8650d2d,bengali,real,real,006_Bare Bare Ke Jeno Dake.mp3.mp3,13,10
c8113fa224e317aa145c092bc1ea2bec,bengali,real,real,006_Bare Bare Ke Jeno Dake.mp3.mp3,14,10
3892bd1cb4e507955be12a20a96a68dc,bengali,real,real,006_Bare Bare Ke Jeno Dake.mp3.mp3,15,10
0c7d16c48242cfb21fec26bd150e260a,bengali,real,real,006_Bare Bare Ke Jeno Dake.mp3.mp3,16,10
c55aea6a5e1ad9cf3430ecd1055c89b5,bengali,real,real,006_Bare Bare Ke Jeno Dake.mp3.mp3,17,10
bc3185c432a5eda6c92dc41ea1012899,bengali,real,real,006_Bare Bare Ke Jeno Dake.mp3.mp3,18,10
577ccfc993f7b1260b182537739a488f,bengali,real,real,007_Doyal Tomaro Lagiya.mp3.mp3,0,10
27b8c9926fa497e1901ef28cd38a3025,bengali,real,real,007_Doyal Tomaro Lagiya.mp3.mp3,1,10
fe4c0693322073a6a3abd9e3bccc5aca,bengali,real,real,007_Doyal Tomaro Lagiya.mp3.mp3,2,10
6f586a57010a39ace2b6b0558699dcd0,bengali,real,real,007_Doyal Tomaro Lagiya.mp3.mp3,3,10
943b3a3b9d48546b2986fc96451e120a,bengali,real,real,007_Doyal Tomaro Lagiya.mp3.mp3,4,10
4fa090eae8c365dde58e7a437eeef1c4,bengali,real,real,007_Doyal Tomaro Lagiya.mp3.mp3,5,10
1447b0e739d1dfa3dc60c84375da7394,bengali,real,real,007_Doyal Tomaro Lagiya.mp3.mp3,6,10
4688edabc2978153600a954bd7d08de7,bengali,real,real,007_Doyal Tomaro Lagiya.mp3.mp3,7,10
027d90bd10fe205c1ccc2bfde110fe3f,bengali,real,real,007_Doyal Tomaro Lagiya.mp3.mp3,8,10
a09f3983cea455964c8bbadcf2d29295,bengali,real,real,007_Doyal Tomaro Lagiya.mp3.mp3,9,10
68cbc351c727d89a6394b683e3d119e6,bengali,real,real,007_Doyal Tomaro Lagiya.mp3.mp3,10,10
17e28c373397ac5faa9f5c28cbe3816e,bengali,real,real,007_Doyal Tomaro Lagiya.mp3.mp3,11,10
629d1c9a778f02859a795e1d5c4e7beb,bengali,real,real,007_Doyal Tomaro Lagiya.mp3.mp3,12,10
ce11bb33e58c4c69970896b4cf987e60,bengali,real,real,007_Doyal Tomaro Lagiya.mp3.mp3,13,10
7c10902ecba3fed4f03201a90ed59501,bengali,real,real,007_Doyal Tomaro Lagiya.mp3.mp3,14,10
a790593c11296897156384ef3e753251,bengali,real,real,007_Doyal Tomaro Lagiya.mp3.mp3,15,10
38b0a2020684d9e666f12be5aafcb444,bengali,real,real,007_Doyal Tomaro Lagiya.mp3.mp3,16,10
95563c56ba20dd88eba54ad6d3e7c266,bengali,real,real,007_Doyal Tomaro Lagiya.mp3.mp3,17,10
623cd14bcc2610a9d40825b5a50bd9c8,bengali,real,real,007_Doyal Tomaro Lagiya.mp3.mp3,18,10
9d62ab56f293f74a7348ffbf0392b5f2,bengali,real,real,007_Doyal Tomaro Lagiya.mp3.mp3,19,10
865d2d67d458ff87cbc0d561210bfbe0,bengali,real,real,007_Doyal Tomaro Lagiya.mp3.mp3,20,10
df5dacb9da16a1abd9a9ddd6ea256c9d,bengali,real,real,007_Doyal Tomaro Lagiya.mp3.mp3,21,10
60cd3ff000ad1bcd269030f3324d8256,bengali,real,real,007_Doyal Tomaro Lagiya.mp3.mp3,22,10
c72e45c4422401581465aeb0af32ee32,bengali,real,real,007_Doyal Tomaro Lagiya.mp3.mp3,23,10
f25417a65abcf2ea14e486dd52753e7e,bengali,real,real,008_Bhromor.mp3.mp3,0,10
5bbd18fcabe754e44ac7e0e8de884302,bengali,real,real,008_Bhromor.mp3.mp3,1,10
21d46458f0dfbf10662a28e0fd6f72ad,bengali,real,real,008_Bhromor.mp3.mp3,2,10
b8c1cdeca2dccbd500500fc8448c667d,bengali,real,real,008_Bhromor.mp3.mp3,3,10
a95fa7e9830476634191cdd6f8d1d7e0,bengali,real,real,008_Bhromor.mp3.mp3,4,10
72ae783991ba550c9d8b5119c1f0ea66,bengali,real,real,008_Bhromor.mp3.mp3,5,10
be9bbb2fda8573de6ce8d47ef721240e,bengali,real,real,008_Bhromor.mp3.mp3,6,10
f376464da8bc2da9fa7dce1e1d2934d0,bengali,real,real,008_Bhromor.mp3.mp3,7,10
fbbaff2428fc37b3a8a1c3d2b3129f8d,bengali,real,real,008_Bhromor.mp3.mp3,8,10
4db35f405e474c495574296f9f717f25,bengali,real,real,008_Bhromor.mp3.mp3,9,10
461dc1f3c6df2f9a6dc6be140a2e9745,bengali,real,real,008_Bhromor.mp3.mp3,10,10
81fc0eea285ab8ec35b8ef55bc3c2ce0,bengali,real,real,008_Bhromor.mp3.mp3,11,10
9407a9cd3690e5ba6f638b2cf9b4e8f8,bengali,real,real,008_Bhromor.mp3.mp3,12,10
cf013fcdaa8eee9ada1b45b6681152c8,bengali,real,real,008_Bhromor.mp3.mp3,13,10
bbf6de7d27a98a623954670bfdbfa266,bengali,real,real,008_Bhromor.mp3.mp3,14,10
ff38184ec991120f178e4e3805c3869e,bengali,real,real,008_Bhromor.mp3.mp3,15,10
6be9d2369cf81d99ea2bfb1274dec51f,bengali,real,real,008_Bhromor.mp3.mp3,16,10
01dbccf554d83d55bc1d05d61fa69025,bengali,real,real,008_Bhromor.mp3.mp3,17,10
52efd5e2f8d50cbf249c59fc2f956032,bengali,real,real,008_Bhromor.mp3.mp3,18,10
6b60a22987d07a16cf5d8d43e28a4b0a,bengali,real,real,008_Bhromor.mp3.mp3,19,10
818ce717144f23c42051d309ec29ece2,bengali,real,real,008_Bhromor.mp3.mp3,20,10
1e49e18504a3678bea10fb3d8098917b,bengali,real,real,008_Bhromor.mp3.mp3,21,10
c36a96fb805a69022109b15a5c71fc14,bengali,real,real,008_Bhromor.mp3.mp3,22,10
a6a78fdaffc75fab5a7f000f398a9dec,bengali,real,real,008_Bhromor.mp3.mp3,23,10
ee615ab2407f7396b1d54134a5382bd8,bengali,real,real,008_Bhromor.mp3.mp3,24,10
bfc53765b9865a70947e93cea8955648,bengali,real,real,008_Bhromor.mp3.mp3,25,10
0a140b4626838f8dda1aba1dd35ab7c3,bengali,real,real,008_Bhromor.mp3.mp3,26,10
e439f547badf60ffe5ec147e20118dac,bengali,real,real,008_Bhromor.mp3.mp3,27,10
c9a2bf35a297e8e957e56af06d834337,bengali,real,real,008_Bhromor.mp3.mp3,28,10
1b34d3575dcebf594655f2b91820532b,bengali,real,real,008_Bhromor.mp3.mp3,29,10
d020d47ab4c3e1c5a4dec336a1979bfa,bengali,real,real,008_Bhromor.mp3.mp3,30,10
f7ec3ce480fd310dbbc9ed94439125dd,bengali,real,real,008_Bhromor.mp3.mp3,31,10
f4f2ffdd9a55933af2729977d53993b8,bengali,real,real,008_Bhromor.mp3.mp3,32,10
0ef08df2f7195ed59e66d0eb1d9b3b88,bengali,real,real,008_Bhromor.mp3.mp3,33,10
1697985ca388df86a1029c133c99d76c,bengali,real,real,008_Bhromor.mp3.mp3,34,10
aa7212a82ff9e728dc6f664a43c761e3,bengali,real,real,008_Bhromor.mp3.mp3,35,10
d4c966595f177db5dba5337b0e0c5944,bengali,real,real,009_Bareer Kachhe Arshinogor.mp3.mp3,0,10
3fee21369fb017c319acade21842de0c,bengali,real,real,009_Bareer Kachhe Arshinogor.mp3.mp3,1,10
46f4a2c78b8130da241423c92027c8b5,bengali,real,real,009_Bareer Kachhe Arshinogor.mp3.mp3,2,10
b430a89a5d7b1c385e9dcc08c349bc00,bengali,real,real,009_Bareer Kachhe Arshinogor.mp3.mp3,3,10
af3d516f10cf03083401bf35a73edd89,bengali,real,real,009_Bareer Kachhe Arshinogor.mp3.mp3,4,10
3c857b3a85779b16171ccabbe0a6c26e,bengali,real,real,009_Bareer Kachhe Arshinogor.mp3.mp3,5,10
40d0158f1c7a4420316cf45416c24083,bengali,real,real,009_Bareer Kachhe Arshinogor.mp3.mp3,6,10
9fe1c3be42c1e8b39bb60568de6802f7,bengali,real,real,009_Bareer Kachhe Arshinogor.mp3.mp3,7,10
da8551a3ba82b5b47300111b609cd7e3,bengali,real,real,009_Bareer Kachhe Arshinogor.mp3.mp3,8,10
5e9020717fcc19d7102a3c79c67b39e1,bengali,real,real,009_Bareer Kachhe Arshinogor.mp3.mp3,9,10
5e51c493c7203499ae40f31ce4920ae5,bengali,real,real,009_Bareer Kachhe Arshinogor.mp3.mp3,10,10
4b60536dcf48ea275e9b4ca342cf0474,bengali,real,real,009_Bareer Kachhe Arshinogor.mp3.mp3,11,10
7a98b9f8ed15884846d38009fb91a04c,bengali,real,real,009_Bareer Kachhe Arshinogor.mp3.mp3,12,10
85ff79f0f902f0f7bf9f01d65aba4d6b,bengali,real,real,009_Bareer Kachhe Arshinogor.mp3.mp3,13,10
9a6ca504ea9250adf7ab548d82c7109a,bengali,real,real,009_Bareer Kachhe Arshinogor.mp3.mp3,14,10
21c1a24e4519f2200c9b72c3aa4e9b60,bengali,real,real,009_Bareer Kachhe Arshinogor.mp3.mp3,15,10
e853fd22fb7b832a399bc317fd17af24,bengali,real,real,009_Bareer Kachhe Arshinogor.mp3.mp3,16,10
a982fb73b2e7e9aa42a5ae6cfd522288,bengali,real,real,009_Bareer Kachhe Arshinogor.mp3.mp3,17,10
731374d36243eacc6392296b4a65cbe6,bengali,real,real,009_Bareer Kachhe Arshinogor.mp3.mp3,18,10
8b39d0d16dcd86ca46b7bcb9b087369e,bengali,real,real,009_Bareer Kachhe Arshinogor.mp3.mp3,19,10
63750406c0b2aab3708ac9a6de042123,bengali,real,real,009_Bareer Kachhe Arshinogor.mp3.mp3,20,10
0e2932a313407ab595f7c00996b3dccb,bengali,real,real,009_Bareer Kachhe Arshinogor.mp3.mp3,21,10
231f667284b0d6cea03626308cd2d0d2,bengali,real,real,009_Bareer Kachhe Arshinogor.mp3.mp3,22,10
a0894e6d2538e5e9112c6317a62ffff6,bengali,real,real,009_Bareer Kachhe Arshinogor.mp3.mp3,23,10
4d9aae45cae73a7f6320e0cb44d9fef9,bengali,real,real,009_Bareer Kachhe Arshinogor.mp3.mp3,24,10
973eaafb9e2a7ff488c4c8bc64252d48,bengali,real,real,009_Bareer Kachhe Arshinogor.mp3.mp3,25,10
465361cbac1a7e5846dd21fed8261216,bengali,real,real,009_Bareer Kachhe Arshinogor.mp3.mp3,26,10
7e7a1041c09ca0127eb6068616db5f46,bengali,real,real,009_Bareer Kachhe Arshinogor.mp3.mp3,27,10
226514fb86d9ad926d67b69e05684827,bengali,real,real,009_Bareer Kachhe Arshinogor.mp3.mp3,28,10
209cce2ac68251a287091cd564d993ed,bengali,real,real,009_Bareer Kachhe Arshinogor.mp3.mp3,29,10
efec01fbe7e683b45e90e4950154f86d,bengali,real,real,009_Bareer Kachhe Arshinogor.mp3.mp3,30,10
167fb3807d27ec263e6eadf52d53625a,bengali,real,real,009_Bareer Kachhe Arshinogor.mp3.mp3,31,10
30d63ccc94f7924e9faea6862ee94291,bengali,real,real,009_Bareer Kachhe Arshinogor.mp3.mp3,32,10
03a4af15b82b83e4bafa8a4c7761d610,bengali,real,real,009_Bareer Kachhe Arshinogor.mp3.mp3,33,10
f691e3eddcbe93ac88ddd0b114f8724c,bengali,real,real,009_Bareer Kachhe Arshinogor.mp3.mp3,34,10
560eb7815fa8dd379fd4c65114743f8f,bengali,real,real,009_Bareer Kachhe Arshinogor.mp3.mp3,35,10
464444b956405517210fd45cc0e55009,bengali,real,real,009_Bareer Kachhe Arshinogor.mp3.mp3,36,10
bdc44ef2e7bac5bf4a7ef62976513110,bengali,real,real,009_Bareer Kachhe Arshinogor.mp3.mp3,37,10
4fdfbd06e1f926f8c89edbe81f006425,bengali,real,real,009_Bareer Kachhe Arshinogor.mp3.mp3,38,10
ef4f7724752291ff26b70752db115ce7,bengali,real,real,010_Moner Manush.mp3.mp3,0,10
6cc9ca00c92d0bb32078355a0e1d31c3,bengali,real,real,010_Moner Manush.mp3.mp3,1,10
affddc12920bd5d3bb01c126534f7786,bengali,real,real,010_Moner Manush.mp3.mp3,2,10
58f3f44785e4cf8e622109eb9a7c300f,bengali,real,real,010_Moner Manush.mp3.mp3,3,10
ff74082cf6faef1d232c5cef77827347,bengali,real,real,010_Moner Manush.mp3.mp3,4,10
529c33b619d497ded4fedf59a013d010,bengali,real,real,010_Moner Manush.mp3.mp3,5,10
96760392c338be779186e202a078b161,bengali,real,real,010_Moner Manush.mp3.mp3,6,10
6532eab54356a191d86ec7e331141801,bengali,real,real,010_Moner Manush.mp3.mp3,7,10
1aedece0a610c11e5b53137af1243329,bengali,real,real,010_Moner Manush.mp3.mp3,8,10
fa08c8b4f5531fd17ef3afca734222f8,bengali,real,real,010_Moner Manush.mp3.mp3,9,10
d9e76f515e843615d846b1718f41f17e,bengali,real,real,010_Moner Manush.mp3.mp3,10,10
f88860cd6483f7ce548550759b7fc8d9,bengali,real,real,010_Moner Manush.mp3.mp3,11,10
0ab03da149a6dbcb5c1ce2721c496a5f,bengali,real,real,010_Moner Manush.mp3.mp3,12,10
445dfe2c0ca22ea54f44a444ffc6af54,bengali,real,real,010_Moner Manush.mp3.mp3,13,10
8af68b60fa9acc93983a63c60bddbe05,bengali,real,real,010_Moner Manush.mp3.mp3,14,10
b97f7808fc1210f343011f4dfecf203a,bengali,real,real,010_Moner Manush.mp3.mp3,15,10
0c0bc05aa9e29cc613c14473923e2e4d,bengali,real,real,010_Moner Manush.mp3.mp3,16,10
5461b2bc4566e8b6223cd8053a53ea0d,bengali,real,real,010_Moner Manush.mp3.mp3,17,10
cb5213ff06dcdef2a216868c31e62ddc,bengali,real,real,010_Moner Manush.mp3.mp3,18,10
aad4f7d453b52dd8a6b7b3cce85daeb6,bengali,real,real,010_Moner Manush.mp3.mp3,19,10
de051f983b4faf5b361e48ad80a568cd,bengali,real,real,010_Moner Manush.mp3.mp3,20,10
bb9b702e3f5232ff51c665fd18a6b778,bengali,real,real,010_Moner Manush.mp3.mp3,21,10
275556df76c38ded6a1109e78e30e58f,bengali,real,real,010_Moner Manush.mp3.mp3,22,10
a56b78f917e9f10b628ad0604bb71539,bengali,real,real,010_Moner Manush.mp3.mp3,23,10
30f738ed5c16dcb3a442201dbbfd56c3,bengali,real,real,010_Moner Manush.mp3.mp3,24,10
9f4dfdd16f9f49256b1ad1d908b6becb,bengali,real,real,010_Moner Manush.mp3.mp3,25,10
3c02aef07473500a8fe730bf9977f6e0,bengali,real,real,010_Moner Manush.mp3.mp3,26,10
fee5f65fbdc5ee848cca947370a37a5d,bengali,real,real,010_Moner Manush.mp3.mp3,27,10
6c2391be9951d5321eeddd14181eab1b,bengali,real,real,010_Moner Manush.mp3.mp3,28,10
36b41817416e5c707c9e25920e51d1e7,bengali,real,real,010_Moner Manush.mp3.mp3,29,10
4732b14560d241887812fa7576f98e40,bengali,real,real,010_Moner Manush.mp3.mp3,30,10
53e478438db494a395460080b2b425df,bengali,real,real,010_Moner Manush.mp3.mp3,31,10
7815d80a9b5c5c987587c92b8a71a9dd,bengali,real,real,010_Moner Manush.mp3.mp3,32,10
f99d9dc8121e76e3c56db87b7dfd4dd2,bengali,real,real,010_Moner Manush.mp3.mp3,33,10
bcc1a53a91c58732c2d5ca6651c5e21e,bengali,real,real,010_Moner Manush.mp3.mp3,34,10
93d1dfeee294399a74231aafe5ef7be3,bengali,real,real,010_Moner Manush.mp3.mp3,35,10
ccc106a8bb22cb1332dca7378b069b8f,bengali,real,real,010_Moner Manush.mp3.mp3,36,10
2ae8214db4c2dffdbb61ca53fe73ac3f,bengali,real,real,010_Moner Manush.mp3.mp3,37,10
0c5aba3745406b63d08c2ddd2b77c7ed,bengali,real,real,010_Moner Manush.mp3.mp3,38,10
65abb771d9286dd8c257868819143ec3,bengali,real,real,010_Moner Manush.mp3.mp3,39,10
799199e9e823fc88c6484c48cc634b2a,bengali,real,real,010_Moner Manush.mp3.mp3,40,10
27a6b5bb6d412beafe50f45a126154f1,bengali,real,real,010_Moner Manush.mp3.mp3,41,10
c42bc7b649b7b15a4dfd474d17d29a8c,bengali,real,real,010_Moner Manush.mp3.mp3,42,10
835a95c826283efbbad72a71a54a6346,bengali,real,real,010_Moner Manush.mp3.mp3,43,10
d226aec5b732d3e92c27887c3595ebd3,bengali,real,real,010_Moner Manush.mp3.mp3,44,10
3247f2e74d377732df5ff9c1574f59e6,bengali,real,real,010_Moner Manush.mp3.mp3,45,10
863249b1a78099cf0ce8f82a8126036f,bengali,real,real,010_Moner Manush.mp3.mp3,46,10
f35dfd2d478eff6ca43e5fe0b78b9284,bengali,real,real,010_Moner Manush.mp3.mp3,47,10
b42933fa91dfee17d67f40b99402a55f,bengali,real,real,010_Moner Manush.mp3.mp3,48,10
6e4f7632e5b4441fed77993addb14e7f,bengali,real,real,010_Moner Manush.mp3.mp3,49,10
92e17863ee7056430ff580fb861f814d,bengali,real,real,010_Moner Manush.mp3.mp3,50,10
676d324ad4dc1b32abbc87ed6b20a615,bengali,real,real,011_Jao Pakhi Bolo Tare.mp3.mp3,0,10
8e0f054914b28df42369698fbbb222f3,bengali,real,real,011_Jao Pakhi Bolo Tare.mp3.mp3,1,10
84a73546fab0f896655efa0e4cf44b1a,bengali,real,real,011_Jao Pakhi Bolo Tare.mp3.mp3,2,10
c719f7c9577456f8e534609adf50d6b1,bengali,real,real,011_Jao Pakhi Bolo Tare.mp3.mp3,3,10
807748a04afcb27ed45745a24d8060ae,bengali,real,real,011_Jao Pakhi Bolo Tare.mp3.mp3,4,10
44418a7907a9ff60159670a91fdaa286,bengali,real,real,011_Jao Pakhi Bolo Tare.mp3.mp3,5,10
a134bf910ed5775f585be176081841f8,bengali,real,real,011_Jao Pakhi Bolo Tare.mp3.mp3,6,10
7914df423a81b34c3aa01020bc87b7e0,bengali,real,real,011_Jao Pakhi Bolo Tare.mp3.mp3,7,10
5cd6416527abcb7151ede7802472fc04,bengali,real,real,011_Jao Pakhi Bolo Tare.mp3.mp3,8,10
ab5528da81d8997d52c7ff3874a0cb1c,bengali,real,real,011_Jao Pakhi Bolo Tare.mp3.mp3,9,10
4844bbde4e2764037e729e87d120c3f9,bengali,real,real,011_Jao Pakhi Bolo Tare.mp3.mp3,10,10
d51bacbfc01f8f4d9ede678f6b009267,bengali,real,real,011_Jao Pakhi Bolo Tare.mp3.mp3,11,10
6555e5a4c3f3e381e6273caf45d40085,bengali,real,real,011_Jao Pakhi Bolo Tare.mp3.mp3,12,10
6ba9f7c857b74bf1cf7abf2853d94953,bengali,real,real,011_Jao Pakhi Bolo Tare.mp3.mp3,13,10
73f84628ed8eaf51e7ef6827cd710843,bengali,real,real,011_Jao Pakhi Bolo Tare.mp3.mp3,14,10
2e8efc2600988def8793e6c8bda9de25,bengali,real,real,011_Jao Pakhi Bolo Tare.mp3.mp3,15,10
16d5e1cbe5bba817e053fa1f0895767f,bengali,real,real,011_Jao Pakhi Bolo Tare.mp3.mp3,16,10
79b9c43e08a24c14ff274bd8f8751a6c,bengali,real,real,011_Jao Pakhi Bolo Tare.mp3.mp3,17,10
c0021af17fe517073fb9d4d91bec0a23,bengali,real,real,011_Jao Pakhi Bolo Tare.mp3.mp3,18,10
ae4e3debf6356ee4540bec6bbbcb9611,bengali,real,real,011_Jao Pakhi Bolo Tare.mp3.mp3,19,10
20e2569a430130324e25ff3962b95b8e,bengali,real,real,011_Jao Pakhi Bolo Tare.mp3.mp3,20,10
105d5a6944cf98fd6880b210b1a5d357,bengali,real,real,011_Jao Pakhi Bolo Tare.mp3.mp3,21,10
b08ba0d0820dbbaa47b5cf6ccfe7a087,bengali,real,real,011_Jao Pakhi Bolo Tare.mp3.mp3,22,10
3186e5e41f076d39b7b6079d27096799,bengali,real,real,011_Jao Pakhi Bolo Tare.mp3.mp3,23,10
eecc9ee53435f4718493334c6a13e53e,bengali,real,real,011_Jao Pakhi Bolo Tare.mp3.mp3,24,10
a4c9863379a9cc066b8552adfae7f58b,bengali,real,real,011_Jao Pakhi Bolo Tare.mp3.mp3,25,10
4b55999c44121c566b6d897a8fcf26a7,bengali,real,real,012_Khachar Bhitor Achin Pakhi.mp3.mp3,0,10
e58f377d321174bbd321b0d1f6e10ab4,bengali,real,real,012_Khachar Bhitor Achin Pakhi.mp3.mp3,1,10
6c7e0075187c03e556e3b563186a4e2e,bengali,real,real,012_Khachar Bhitor Achin Pakhi.mp3.mp3,2,10
4172deb294ed8cab5eb033e0e919a2f6,bengali,real,real,012_Khachar Bhitor Achin Pakhi.mp3.mp3,3,10
733e4ab4f161b99bf0fd759b70cf0bca,bengali,real,real,012_Khachar Bhitor Achin Pakhi.mp3.mp3,4,10
2916b610152e56c2edf4d7255af90437,bengali,real,real,012_Khachar Bhitor Achin Pakhi.mp3.mp3,5,10
d6ae5c6435d16901ca230869db2d444d,bengali,real,real,012_Khachar Bhitor Achin Pakhi.mp3.mp3,6,10
4e798598744fb3b3c34d791cc2c11107,bengali,real,real,012_Khachar Bhitor Achin Pakhi.mp3.mp3,7,10
02d1c82fb0c08c3cadb8406efe7310b7,bengali,real,real,012_Khachar Bhitor Achin Pakhi.mp3.mp3,8,10
c9810b738a675b4090495a02deb4be9c,bengali,real,real,012_Khachar Bhitor Achin Pakhi.mp3.mp3,9,10
2d9673609f38d38a42988c1bbeada4d3,bengali,real,real,012_Khachar Bhitor Achin Pakhi.mp3.mp3,10,10
8aedc73df567f8dac9a0699812d34a80,bengali,real,real,012_Khachar Bhitor Achin Pakhi.mp3.mp3,11,10
dced7fe31b043f2e1d85028af183a2ae,bengali,real,real,012_Khachar Bhitor Achin Pakhi.mp3.mp3,12,10
45aeae0d1deaf611dd634fd8011894a2,bengali,real,real,012_Khachar Bhitor Achin Pakhi.mp3.mp3,13,10
34d346466a170e674aea37b4e928dd06,bengali,real,real,012_Khachar Bhitor Achin Pakhi.mp3.mp3,14,10
c925dbc66856963895a2414c96aa41d7,bengali,real,real,012_Khachar Bhitor Achin Pakhi.mp3.mp3,15,10
8b000c804f7ce53041469209881a6495,bengali,real,real,012_Khachar Bhitor Achin Pakhi.mp3.mp3,16,10
0f6959c97f62b54e7ddff75bd46a866f,bengali,real,real,012_Khachar Bhitor Achin Pakhi.mp3.mp3,17,10
536c1fe7df2e1bda76fad77e33eee35c,bengali,real,real,012_Khachar Bhitor Achin Pakhi.mp3.mp3,18,10
67c8cc1f6c4ae72efe3a13bffc4e1844,bengali,real,real,012_Khachar Bhitor Achin Pakhi.mp3.mp3,19,10
259e31e38fcdbacdccee268a9aed71b7,bengali,real,real,012_Khachar Bhitor Achin Pakhi.mp3.mp3,20,10
5641e37d2bef432b458836b19066e332,bengali,real,real,012_Khachar Bhitor Achin Pakhi.mp3.mp3,21,10
1c006c5dd6d88da50ad84bc766fc71f5,bengali,real,real,012_Khachar Bhitor Achin Pakhi.mp3.mp3,22,10
9d1809c2bc7a330e505ba566566d8535,bengali,real,real,012_Khachar Bhitor Achin Pakhi.mp3.mp3,23,10
eb9b5e2beaaf5bfc5ccb71828e738c2c,bengali,real,real,012_Khachar Bhitor Achin Pakhi.mp3.mp3,24,10
c4847936c6ae4bceaca4c6d26f10b400,bengali,real,real,012_Khachar Bhitor Achin Pakhi.mp3.mp3,25,10
4b50bc0166d6b95e2bad241d5529dfe9,bengali,real,real,012_Khachar Bhitor Achin Pakhi.mp3.mp3,26,10
b977f81885da16329a0333293dc125c0,bengali,real,real,012_Khachar Bhitor Achin Pakhi.mp3.mp3,27,10
b9a9fc30d0f716e6d2b4a282b95b0d36,bengali,real,real,012_Khachar Bhitor Achin Pakhi.mp3.mp3,28,10
71a7803253f47f88eaa885be24b12081,bengali,real,real,012_Khachar Bhitor Achin Pakhi.mp3.mp3,29,10
3b77cbc2d7ae1e3c7fc409d450e7ff77,bengali,real,real,012_Khachar Bhitor Achin Pakhi.mp3.mp3,30,10
b8ee7c9051fe39f97ef805eea5726989,bengali,real,real,012_Khachar Bhitor Achin Pakhi.mp3.mp3,31,10
a4f580e2b9ff5cc6fd55cca505dd167a,bengali,real,real,012_Khachar Bhitor Achin Pakhi.mp3.mp3,32,10
7fc727e0bc82e380f033eff94162e326,bengali,real,real,012_Khachar Bhitor Achin Pakhi.mp3.mp3,33,10
991ea590a6ac814c4ba40e792b36cf26,bengali,real,real,012_Khachar Bhitor Achin Pakhi.mp3.mp3,34,10
061de92c26b41edcb464ad375c186c6c,bengali,real,real,012_Khachar Bhitor Achin Pakhi.mp3.mp3,35,10
7e80a5b6aac15af2d18b594b0c53fe35,bengali,real,real,012_Khachar Bhitor Achin Pakhi.mp3.mp3,36,10
7aacf82bccfdeda0d8d38a50b556eb42,bengali,real,real,012_Khachar Bhitor Achin Pakhi.mp3.mp3,37,10
c308ade44f7b9f304fe78af972ca873a,bengali,real,real,012_Khachar Bhitor Achin Pakhi.mp3.mp3,38,10
50bb6e0728d79a7382b771b3465113e6,bengali,real,real,012_Khachar Bhitor Achin Pakhi.mp3.mp3,39,10
18c5ea4ef9a8bcd7531836f04c205633,bengali,real,real,012_Khachar Bhitor Achin Pakhi.mp3.mp3,40,10
e86db3516d04139360dccd13513be843,bengali,real,real,012_Khachar Bhitor Achin Pakhi.mp3.mp3,41,10
c5232ee68d585af07f5b2d600dfe6771,bengali,real,real,012_Khachar Bhitor Achin Pakhi.mp3.mp3,42,10
8933d7681d3dfcb390f20e403e18c032,bengali,real,real,012_Khachar Bhitor Achin Pakhi.mp3.mp3,43,10
76a3398f7e571ff6fc7fdf5caf8be54f,bengali,real,real,012_Khachar Bhitor Achin Pakhi.mp3.mp3,44,10
5795b1faf893fb21e8102f9b0eed8542,bengali,real,real,012_Khachar Bhitor Achin Pakhi.mp3.mp3,45,10
5a189c844cfcc9b654db6bd089934c54,bengali,real,real,013_Age Ki Sundor Din Kataitam.mp3.mp3,0,10
5cba391fa984f4c1031e8bf1628c662d,bengali,real,real,013_Age Ki Sundor Din Kataitam.mp3.mp3,1,10
6c78246a1f0b87cf42c49e01516a7da9,bengali,real,real,013_Age Ki Sundor Din Kataitam.mp3.mp3,2,10
7cbaf6d5dc9729592ebc69e3060d6fde,bengali,real,real,013_Age Ki Sundor Din Kataitam.mp3.mp3,3,10
5fc58ed9499506856a331555778e2f4e,bengali,real,real,013_Age Ki Sundor Din Kataitam.mp3.mp3,4,10
85f88d71cb25e3ec0a6991910cadef3a,bengali,real,real,013_Age Ki Sundor Din Kataitam.mp3.mp3,5,10
e33c4b3b6bfc8de5c779a0a79833f23c,bengali,real,real,013_Age Ki Sundor Din Kataitam.mp3.mp3,6,10
25d8f1da7d6e92a5173a4f0dcf6261af,bengali,real,real,013_Age Ki Sundor Din Kataitam.mp3.mp3,7,10
b62ddd4900332e8a317a624af7a55605,bengali,real,real,013_Age Ki Sundor Din Kataitam.mp3.mp3,8,10
62cbe004183ebd12d5a2436a701e577a,bengali,real,real,013_Age Ki Sundor Din Kataitam.mp3.mp3,9,10
dc12dc7dcd63ecc4347afbd4477c564a,bengali,real,real,013_Age Ki Sundor Din Kataitam.mp3.mp3,10,10
507bd2af444f5272f1d8ddd73e6d940b,bengali,real,real,013_Age Ki Sundor Din Kataitam.mp3.mp3,11,10
e8d5ba989770b37318515a4cde7f2a07,bengali,real,real,013_Age Ki Sundor Din Kataitam.mp3.mp3,12,10
3de8b97d04edc8f8db860248ba2526e5,bengali,real,real,013_Age Ki Sundor Din Kataitam.mp3.mp3,13,10
b2d3d9c885e1033f4a26877f6252867e,bengali,real,real,013_Age Ki Sundor Din Kataitam.mp3.mp3,14,10
b1ca8ce7a52d96ccd9b3211500a33de8,bengali,real,real,013_Age Ki Sundor Din Kataitam.mp3.mp3,15,10
e9e8bb4acaae2a4e61485b9ed606c152,bengali,real,real,013_Age Ki Sundor Din Kataitam.mp3.mp3,16,10
ab31e9713da21b807a17c45b90e538aa,bengali,real,real,013_Age Ki Sundor Din Kataitam.mp3.mp3,17,10
5ef240e461a7980b29c2f6f0d2f0620f,bengali,real,real,013_Age Ki Sundor Din Kataitam.mp3.mp3,18,10
911a8786c91fc6efd6944a1b48fa81b6,bengali,real,real,013_Age Ki Sundor Din Kataitam.mp3.mp3,19,10
9bc5f65f81b68c6ae65741dd03d89500,bengali,real,real,013_Age Ki Sundor Din Kataitam.mp3.mp3,20,10
8ba6914101c30de841b1bb792345c1ff,bengali,real,real,013_Age Ki Sundor Din Kataitam.mp3.mp3,21,10
ae01820d8784c7aa43159e79c2378f5f,bengali,real,real,013_Age Ki Sundor Din Kataitam.mp3.mp3,22,10
08de6d0937458aaef989b84dddf02791,bengali,real,real,013_Age Ki Sundor Din Kataitam.mp3.mp3,23,10
fe290cb8e398c0353f6fb6ddb9233d4d,bengali,real,real,013_Age Ki Sundor Din Kataitam.mp3.mp3,24,10
4e021d76b8fc32ddd51a933ba4bd4ad8,bengali,real,real,013_Age Ki Sundor Din Kataitam.mp3.mp3,25,10
c3dc94a4075455b7e604c5b31bdcc73c,bengali,real,real,014_Pal Tule De.mp3.mp3,0,10
e7c9e04a0969b6de63470dabfa3aae27,bengali,real,real,014_Pal Tule De.mp3.mp3,1,10
4ac6148f366ada60c1a0c17a616f932e,bengali,real,real,014_Pal Tule De.mp3.mp3,2,10
2e0d55283448aa0d1c517ed84bdae59a,bengali,real,real,014_Pal Tule De.mp3.mp3,3,10
334b844931abacb9ce19c953ae09bae6,bengali,real,real,014_Pal Tule De.mp3.mp3,4,10
0868b3a0703d0322f15a2a2b61ed2a56,bengali,real,real,014_Pal Tule De.mp3.mp3,5,10
ba5f8a9a709eea73570cf68e00992ee6,bengali,real,real,014_Pal Tule De.mp3.mp3,6,10
c3f120e6b1f6217e5c17737ff82fa8b5,bengali,real,real,014_Pal Tule De.mp3.mp3,7,10
cce3f1fe7aaa8aad6b890cde89569ee8,bengali,real,real,014_Pal Tule De.mp3.mp3,8,10
b7841f2b4cd0e7fd68d6795769c72a9c,bengali,real,real,014_Pal Tule De.mp3.mp3,9,10
ed8d58b3b239bef547b5c716280951f7,bengali,real,real,014_Pal Tule De.mp3.mp3,10,10
8ca048c75b302dd0dc5070ea3180abf1,bengali,real,real,014_Pal Tule De.mp3.mp3,11,10
ecb9af6ea3b04f95b11e3c1e5d49d001,bengali,real,real,014_Pal Tule De.mp3.mp3,12,10
627ed858a1ab5215c4d23c64dd321eca,bengali,real,real,014_Pal Tule De.mp3.mp3,13,10
a88a7c377d825c9e58316aeaef4315a2,bengali,real,real,014_Pal Tule De.mp3.mp3,14,10
04264ad477853a5503bd94189f8b7ae4,bengali,real,real,014_Pal Tule De.mp3.mp3,15,10
c6f7f27a0814b7f222dc0cd12ec0b825,bengali,real,real,014_Pal Tule De.mp3.mp3,16,10
f56449f37bbd8ec8f61e14879da91814,bengali,real,real,014_Pal Tule De.mp3.mp3,17,10
ae35e38f26adc22473c767f9ce2b1f7a,bengali,real,real,014_Pal Tule De.mp3.mp3,18,10
63800e40a9fed7e154ccaf5a9f2a7faf,bengali,real,real,014_Pal Tule De.mp3.mp3,19,10
f00b91c80ed1011159bf9d749affbdf9,bengali,real,real,014_Pal Tule De.mp3.mp3,20,10
55d971a769a6dd5c189f1527fbc78367,bengali,real,real,014_Pal Tule De.mp3.mp3,21,10
9a6d7e40f7648fd0d8079b45e14bed63,bengali,real,real,014_Pal Tule De.mp3.mp3,22,10
123cbecec4d7379ba86fc1d693a28154,bengali,real,real,014_Pal Tule De.mp3.mp3,23,10
52d6a40ec624f655d1e4694f8193e38d,bengali,real,real,014_Pal Tule De.mp3.mp3,24,10
37ef23b777196a639050f38b99206e30,bengali,real,real,014_Pal Tule De.mp3.mp3,25,10
e874cadfecc574942828c087b48118d0,bengali,real,real,014_Pal Tule De.mp3.mp3,26,10
f69695423c9057f088a5c63bb3dece11,bengali,real,real,014_Pal Tule De.mp3.mp3,27,10
1c9d0f3bc69fea5aecbf2f7489db8f4c,bengali,real,real,014_Pal Tule De.mp3.mp3,28,10
07a40f9cba77ab4020d63192b91c1474,bengali,real,real,014_Pal Tule De.mp3.mp3,29,10
d5214cf0d2886b7bb741f759b1a566b2,bengali,real,real,014_Pal Tule De.mp3.mp3,30,10
715b5e06d148bf61edea401c6e4383d2,bengali,real,real,014_Pal Tule De.mp3.mp3,31,10
dd496a8d65e4978c6b68b450fc6ae839,bengali,real,real,014_Pal Tule De.mp3.mp3,32,10
ecf7071d5c2818128459db92170a637b,bengali,real,real,014_Pal Tule De.mp3.mp3,33,10
02e15662362e4781a7f137c602f1bca8,bengali,real,real,014_Pal Tule De.mp3.mp3,34,10
177251d2de9e587700272a6a7259e8e6,bengali,real,real,014_Pal Tule De.mp3.mp3,35,10
23326bd79c80d9e40fd2fa537a3c343e,bengali,real,real,014_Pal Tule De.mp3.mp3,36,10
825bd56056a32e32a1dbcec8fae2324b,bengali,real,real,014_Pal Tule De.mp3.mp3,37,10
7a4f8fc85203caea23a18c8fed4fe224,bengali,real,real,014_Pal Tule De.mp3.mp3,38,10
6ee5f9f9ca646c1b6acfaaf8c6a6de00,bengali,real,real,014_Pal Tule De.mp3.mp3,39,10
507a48816b0c70534e979128cac9bbee,bengali,real,real,014_Pal Tule De.mp3.mp3,40,10
21851d0aa37eb6580fa2499624cd38ea,bengali,real,real,015_Bala Nacho To Dekhi.mp3.mp3,0,10
4997ceee0a4c90f4609a3072cdbee91f,bengali,real,real,015_Bala Nacho To Dekhi.mp3.mp3,1,10
02152792a4aa7ec4827c10791ec449b9,bengali,real,real,015_Bala Nacho To Dekhi.mp3.mp3,2,10
d3e6bbe04018b88559b3c66b03356973,bengali,real,real,015_Bala Nacho To Dekhi.mp3.mp3,3,10
0bb57289e015ad8a1268833a81d5d471,bengali,real,real,015_Bala Nacho To Dekhi.mp3.mp3,4,10
a31ffb76c65831524129cd5e96978881,bengali,real,real,015_Bala Nacho To Dekhi.mp3.mp3,5,10
b15c9944d9888d92a1c8647804d9f523,bengali,real,real,015_Bala Nacho To Dekhi.mp3.mp3,6,10
5442f33c055108a2c473ba45c3781440,bengali,real,real,015_Bala Nacho To Dekhi.mp3.mp3,7,10
53021373fc33d884585a2b2de68dcdf3,bengali,real,real,015_Bala Nacho To Dekhi.mp3.mp3,8,10
d145c736d875ab9de14a9f8e570310b1,bengali,real,real,015_Bala Nacho To Dekhi.mp3.mp3,9,10
c6f93feff0e0a1c1b29f112f0e6f970a,bengali,real,real,015_Bala Nacho To Dekhi.mp3.mp3,10,10
e25f4833f2846ed20506bd356665e2b4,bengali,real,real,015_Bala Nacho To Dekhi.mp3.mp3,11,10
4025887ca2aeee181185905761fff0e7,bengali,real,real,015_Bala Nacho To Dekhi.mp3.mp3,12,10
70b3a934a4844f89677c14c31fe53ab2,bengali,real,real,015_Bala Nacho To Dekhi.mp3.mp3,13,10
4638be01e6ea26cb7ba31fbf5b02ba9f,bengali,real,real,015_Bala Nacho To Dekhi.mp3.mp3,14,10
941c8b421b206e9c89581bc50ba76a8a,bengali,real,real,015_Bala Nacho To Dekhi.mp3.mp3,15,10
5964099892aff99428e7dbf4a13b9144,bengali,real,real,015_Bala Nacho To Dekhi.mp3.mp3,16,10
90ed868b3057e4d1f19ef8550d0ab683,bengali,real,real,015_Bala Nacho To Dekhi.mp3.mp3,17,10
476057995e986449d9bae0bcb6a71141,bengali,real,real,015_Bala Nacho To Dekhi.mp3.mp3,18,10
4f96220ecdc2e474f8bc9640659410b7,bengali,real,real,015_Bala Nacho To Dekhi.mp3.mp3,19,10
12b7d7080774f2e0ed7c287e1c36bb08,bengali,real,real,015_Bala Nacho To Dekhi.mp3.mp3,20,10
3551100048fe85bbe147e7fcfd542f1d,bengali,real,real,015_Bala Nacho To Dekhi.mp3.mp3,21,10
b974b4e576fd9660fb223f52692eb209,bengali,real,real,015_Bala Nacho To Dekhi.mp3.mp3,22,10
29cbe527e4b7d462c246622cbfd4f142,bengali,real,real,016_Pindare Polasher Bon.mp3.mp3,0,10
806df01388e36900e90299032e2f3558,bengali,real,real,016_Pindare Polasher Bon.mp3.mp3,1,10
35ed679b13138a200699cb5445b08c84,bengali,real,real,016_Pindare Polasher Bon.mp3.mp3,2,10
a0fa91eba17b63b68ff5a75c8c0d31ce,bengali,real,real,016_Pindare Polasher Bon.mp3.mp3,3,10
3106437e1dde4770eaa0cf2a4e8670db,bengali,real,real,016_Pindare Polasher Bon.mp3.mp3,4,10
c242d324056bbda90ea116b117edb6ea,bengali,real,real,016_Pindare Polasher Bon.mp3.mp3,5,10
50c446fbada821a3f5e6482a33a4f20e,bengali,real,real,016_Pindare Polasher Bon.mp3.mp3,6,10
db079d6c5113fcf8540eb4694871b318,bengali,real,real,016_Pindare Polasher Bon.mp3.mp3,7,10
614bbd10d88b777cb45e243b86c3b038,bengali,real,real,016_Pindare Polasher Bon.mp3.mp3,8,10
9f5463e4a0c3e603d4dca61c94abd385,bengali,real,real,016_Pindare Polasher Bon.mp3.mp3,9,10
37c63629ee74ba1ced0cde5c6f0f67d3,bengali,real,real,016_Pindare Polasher Bon.mp3.mp3,10,10
c8076f071f25100601bff89bad2f9236,bengali,real,real,016_Pindare Polasher Bon.mp3.mp3,11,10
04a32e5ad8ca6af64ec7a9560956b938,bengali,real,real,016_Pindare Polasher Bon.mp3.mp3,12,10
b73cf4cd1f9144c596c408d532d572ca,bengali,real,real,016_Pindare Polasher Bon.mp3.mp3,13,10
7e928657548232ec5f6c090b3f2b905b,bengali,real,real,016_Pindare Polasher Bon.mp3.mp3,14,10
0c105987867115525d3609a299b7a948,bengali,real,real,016_Pindare Polasher Bon.mp3.mp3,15,10
f16b55b8cd055e2937648d9719b2baae,bengali,real,real,017_Sadher Lau Banaila More Bairagi.mp3.mp3,0,10
f58f3bee6374808c63e56920cd299e5d,bengali,real,real,017_Sadher Lau Banaila More Bairagi.mp3.mp3,1,10
9fc5cce5df79d50bbe3ea51aa8bbd59f,bengali,real,real,017_Sadher Lau Banaila More Bairagi.mp3.mp3,2,10
88344824f76edbb2aa56326c03ace2df,bengali,real,real,017_Sadher Lau Banaila More Bairagi.mp3.mp3,3,10
fe09144b580773a46b769d2ec82a9e0e,bengali,real,real,017_Sadher Lau Banaila More Bairagi.mp3.mp3,4,10
ff7bccf883a641e05172b4847563942a,bengali,real,real,017_Sadher Lau Banaila More Bairagi.mp3.mp3,5,10
7cea225184d60f7e2618731cd3e4db67,bengali,real,real,017_Sadher Lau Banaila More Bairagi.mp3.mp3,6,10
ae78439323eefa098dba0aa7e731cc0f,bengali,real,real,017_Sadher Lau Banaila More Bairagi.mp3.mp3,7,10
20bb323b4678f23b9929095d2d5e775e,bengali,real,real,017_Sadher Lau Banaila More Bairagi.mp3.mp3,8,10
9db76bd6e55da372c63044ecb891c60d,bengali,real,real,017_Sadher Lau Banaila More Bairagi.mp3.mp3,9,10
961ed0ff1a9148987391bd78d0bff112,bengali,real,real,017_Sadher Lau Banaila More Bairagi.mp3.mp3,10,10
24c4a743b37b40e8c49b078bee9c8c17,bengali,real,real,017_Sadher Lau Banaila More Bairagi.mp3.mp3,11,10
41781e7dafa492ee83bafe59c5610a86,bengali,real,real,017_Sadher Lau Banaila More Bairagi.mp3.mp3,12,10
d7b1a599a908a74b4edc20cd9bfea00e,bengali,real,real,017_Sadher Lau Banaila More Bairagi.mp3.mp3,13,10
946080e70ecd1b5911088b51d1110642,bengali,real,real,017_Sadher Lau Banaila More Bairagi.mp3.mp3,14,10
399eec156ab159bc1cabbb07e7feaeaf,bengali,real,real,017_Sadher Lau Banaila More Bairagi.mp3.mp3,15,10
493e7797765adf92b2cad9083c994403,bengali,real,real,017_Sadher Lau Banaila More Bairagi.mp3.mp3,16,10
629543dc2ccc73b1fee365dc60f4e606,bengali,real,real,017_Sadher Lau Banaila More Bairagi.mp3.mp3,17,10
74d7dbd6d9720500f2d36a5903ce0924,bengali,real,real,017_Sadher Lau Banaila More Bairagi.mp3.mp3,18,10
e9fc0d122c302534a95cbc45d512eecd,bengali,real,real,018_Sohag Chand Badani Dhani.mp3.mp3,0,10
338e8bc319aab3336a53cea93f616091,bengali,real,real,018_Sohag Chand Badani Dhani.mp3.mp3,1,10
bfeb7fe798422a1a4327190d009bf393,bengali,real,real,018_Sohag Chand Badani Dhani.mp3.mp3,2,10
fc4c05f4482c4b8d07425ded71c33c15,bengali,real,real,018_Sohag Chand Badani Dhani.mp3.mp3,3,10
d012a310f2984889dd7342eb1c039fc3,bengali,real,real,018_Sohag Chand Badani Dhani.mp3.mp3,4,10
da778a1290efc95ef976d57abd050dbb,bengali,real,real,018_Sohag Chand Badani Dhani.mp3.mp3,5,10
500ba155763bcb000e79f026f2b5f36e,bengali,real,real,018_Sohag Chand Badani Dhani.mp3.mp3,6,10
b7b2ba335aeaa2a53e145f369ecaf1e3,bengali,real,real,018_Sohag Chand Badani Dhani.mp3.mp3,7,10
e463e5ccad7730670d2c1a3e7db8f78b,bengali,real,real,018_Sohag Chand Badani Dhani.mp3.mp3,8,10
c39e6a9225a527f4c49b80796045171c,bengali,real,real,018_Sohag Chand Badani Dhani.mp3.mp3,9,10
b217ee15863508a7c2011eb80d9ad443,bengali,real,real,018_Sohag Chand Badani Dhani.mp3.mp3,10,10
a5f84ef1fbe5fc8f161089683baf0fa4,bengali,real,real,018_Sohag Chand Badani Dhani.mp3.mp3,11,10
f865fab030de76569e2ed2d05ee324e0,bengali,real,real,018_Sohag Chand Badani Dhani.mp3.mp3,12,10
8f23109c6954aadcc75e540f23868b65,bengali,real,real,018_Sohag Chand Badani Dhani.mp3.mp3,13,10
623ce277a29cae365bec683d47bbef99,bengali,real,real,018_Sohag Chand Badani Dhani.mp3.mp3,14,10
02229bae702b24eee54adeafe81f2413,bengali,real,real,018_Sohag Chand Badani Dhani.mp3.mp3,15,10
93b7a18c156e507eb43efb71facdec4b,bengali,real,real,019_Ami Eto Je Tomay Bhalobesechhi.mp3.mp3,0,10
9b9f13e50f66cbd5406ab22d09008bed,bengali,real,real,019_Ami Eto Je Tomay Bhalobesechhi.mp3.mp3,1,10
56ac651c8ce6536c49acb61eeec1371b,bengali,real,real,019_Ami Eto Je Tomay Bhalobesechhi.mp3.mp3,2,10
7b43e35a61560ee64253f2366b62ab13,bengali,real,real,019_Ami Eto Je Tomay Bhalobesechhi.mp3.mp3,3,10
be4b3f5fb6b54f4896db25aa41cf9203,bengali,real,real,019_Ami Eto Je Tomay Bhalobesechhi.mp3.mp3,4,10
ed88bb4285f8fc85233fd4a0feb3a0e3,bengali,real,real,019_Ami Eto Je Tomay Bhalobesechhi.mp3.mp3,5,10
27649908deff4f81ad8b9e9bcc683e1d,bengali,real,real,019_Ami Eto Je Tomay Bhalobesechhi.mp3.mp3,6,10
e0a6cb220aa91cd9d0cbfddb7ce492e2,bengali,real,real,019_Ami Eto Je Tomay Bhalobesechhi.mp3.mp3,7,10
46db1ed2196bb68d706c07d7d8531a21,bengali,real,real,019_Ami Eto Je Tomay Bhalobesechhi.mp3.mp3,8,10
69582e7d8562a5f901ec40d0205acb41,bengali,real,real,019_Ami Eto Je Tomay Bhalobesechhi.mp3.mp3,9,10
b33e58b4fa460358b858cb037130ce53,bengali,real,real,019_Ami Eto Je Tomay Bhalobesechhi.mp3.mp3,10,10
a6408d82a26214c78c84a11de1ce1edc,bengali,real,real,019_Ami Eto Je Tomay Bhalobesechhi.mp3.mp3,11,10
d1c2285af813ee0083bf34e8d240797e,bengali,real,real,019_Ami Eto Je Tomay Bhalobesechhi.mp3.mp3,12,10
09b77e19da4f6e88d7181bbf24796453,bengali,real,real,019_Ami Eto Je Tomay Bhalobesechhi.mp3.mp3,13,10
c3e085784dcfb379ab38233d81b8b62e,bengali,real,real,019_Ami Eto Je Tomay Bhalobesechhi.mp3.mp3,14,10
718ea4df7aa0befa4e31998be118fec3,bengali,real,real,019_Ami Eto Je Tomay Bhalobesechhi.mp3.mp3,15,10
a8933c3792f9b36904553d6b24dc1d3d,bengali,real,real,019_Ami Eto Je Tomay Bhalobesechhi.mp3.mp3,16,10
a7c4fc97e1eac3fc5dc716c1a9d1cd2a,bengali,real,real,019_Ami Eto Je Tomay Bhalobesechhi.mp3.mp3,17,10
df0c065752df8329098ec0eef7a50763,bengali,real,real,019_Ami Eto Je Tomay Bhalobesechhi.mp3.mp3,18,10
73fb60ff1e89f653e0d3f8467f79d7a9,bengali,real,real,019_Ami Eto Je Tomay Bhalobesechhi.mp3.mp3,19,10
2c95b1a118dd7aa5d2214ceb86940638,bengali,real,real,019_Ami Eto Je Tomay Bhalobesechhi.mp3.mp3,20,10
aed49094c5fa57d135f69b30883f1ace,bengali,real,real,019_Ami Eto Je Tomay Bhalobesechhi.mp3.mp3,21,10
0aa293af50dfed70aded23dc22985d92,bengali,real,real,019_Ami Eto Je Tomay Bhalobesechhi.mp3.mp3,22,10
64eea7813f51bc629dc502da1677bd40,bengali,real,real,019_Ami Eto Je Tomay Bhalobesechhi.mp3.mp3,23,10
f815503511b8e51f0092203105677351,bengali,real,real,019_Ami Eto Je Tomay Bhalobesechhi.mp3.mp3,24,10
eda00ba1e2f551a7a6944bc338593fea,bengali,real,real,019_Ami Eto Je Tomay Bhalobesechhi.mp3.mp3,25,10
6c48723018db9f90b4fed1d4950e51dc,bengali,real,real,019_Ami Eto Je Tomay Bhalobesechhi.mp3.mp3,26,10
594944cb9626c5248e4473c81ec4b63d,bengali,real,real,019_Ami Eto Je Tomay Bhalobesechhi.mp3.mp3,27,10
1c12a9200a2cbb241f37bd0840b459b1,bengali,real,real,019_Ami Eto Je Tomay Bhalobesechhi.mp3.mp3,28,10
2eef1de3820060fe4b0cabee43097ef7,bengali,real,real,019_Ami Eto Je Tomay Bhalobesechhi.mp3.mp3,29,10
438590fb9b7e5a984d13f73486929904,bengali,real,real,019_Ami Eto Je Tomay Bhalobesechhi.mp3.mp3,30,10
1cfe7972fb819aed44b62f2f9b8ff974,bengali,real,real,019_Ami Eto Je Tomay Bhalobesechhi.mp3.mp3,31,10
f20efadd0cd7ff7dfcd440619df4a395,bengali,real,real,019_Ami Eto Je Tomay Bhalobesechhi.mp3.mp3,32,10
5ac26d569e661b0c751272b4e452da79,bengali,real,real,019_Ami Eto Je Tomay Bhalobesechhi.mp3.mp3,33,10
89c2ade53c6d5268fec526ac669a2ec0,bengali,real,real,019_Ami Eto Je Tomay Bhalobesechhi.mp3.mp3,34,10
0c11387361fc674b729b52cf0e1ffa9f,bengali,real,real,019_Ami Eto Je Tomay Bhalobesechhi.mp3.mp3,35,10
c0a684e2f86bfeff9e726f82090fa56f,bengali,real,real,019_Ami Eto Je Tomay Bhalobesechhi.mp3.mp3,36,10
deb9f07f2f49165c8deb528efe1facca,bengali,real,real,019_Ami Eto Je Tomay Bhalobesechhi.mp3.mp3,37,10
22e067535098af294acc4f8cb1779baf,bengali,real,real,019_Ami Eto Je Tomay Bhalobesechhi.mp3.mp3,38,10
a79bdc7a42ccba4063c76fa328dd1cd4,bengali,real,real,019_Ami Eto Je Tomay Bhalobesechhi.mp3.mp3,39,10
92c4df14a1a0324b8a17451b9d21847f,bengali,real,real,019_Ami Eto Je Tomay Bhalobesechhi.mp3.mp3,40,10
aa23bc99d9aba1dd5af23b453df97332,bengali,real,real,019_Ami Eto Je Tomay Bhalobesechhi.mp3.mp3,41,10
3e4dccbd406ae8dd9004f62034441e8e,bengali,real,real,019_Ami Eto Je Tomay Bhalobesechhi.mp3.mp3,42,10
5bd856dc0286a2e2271fa7f72b85a822,bengali,real,real,019_Ami Eto Je Tomay Bhalobesechhi.mp3.mp3,43,10
70c39644151261b70a7573c36c461cf2,bengali,real,real,019_Ami Eto Je Tomay Bhalobesechhi.mp3.mp3,44,10
3dd772819d195d417e4b3a579335f6b2,bengali,real,real,019_Ami Eto Je Tomay Bhalobesechhi.mp3.mp3,45,10
061174df2e3af838343aaf311f84264f,bengali,real,real,019_Ami Eto Je Tomay Bhalobesechhi.mp3.mp3,46,10
2660a784dbd60092742836836738582d,bengali,real,real,019_Ami Eto Je Tomay Bhalobesechhi.mp3.mp3,47,10
2503bb65340b6b95665f92c2264d3ea0,bengali,real,real,019_Ami Eto Je Tomay Bhalobesechhi.mp3.mp3,48,10
3116b6a7594bbe7f9db0bf1013abb415,bengali,real,real,019_Ami Eto Je Tomay Bhalobesechhi.mp3.mp3,49,10
8161d6bc53c5b0fc927ab7f149e718df,bengali,real,real,019_Ami Eto Je Tomay Bhalobesechhi.mp3.mp3,50,10
4d4bff857fb41bc7ff96ab53d4fe2b75,bengali,real,real,019_Ami Eto Je Tomay Bhalobesechhi.mp3.mp3,51,10
092dcc622c93416213c460456aba28fa,bengali,real,real,019_Ami Eto Je Tomay Bhalobesechhi.mp3.mp3,52,10
87c00487eeec76c4df17966d7a0570c1,bengali,real,real,019_Ami Eto Je Tomay Bhalobesechhi.mp3.mp3,53,10
708586d64c425b5064d878e965919cbd,bengali,real,real,019_Ami Eto Je Tomay Bhalobesechhi.mp3.mp3,54,10
635d4a9da22bed6b1688476aac3a7375,bengali,real,real,019_Ami Eto Je Tomay Bhalobesechhi.mp3.mp3,55,10
1f766331c0f4e61d7185aac85b458c27,bengali,real,real,019_Ami Eto Je Tomay Bhalobesechhi.mp3.mp3,56,10
0f04cb256e15ffac8a4cbc7fd54025d1,bengali,real,real,019_Ami Eto Je Tomay Bhalobesechhi.mp3.mp3,57,10
9e1482608b1e4bcd264f68c6e80a9457,bengali,real,real,019_Ami Eto Je Tomay Bhalobesechhi.mp3.mp3,58,10
24d4e47910841b00a3dcdc41ff3269ff,bengali,real,real,019_Ami Eto Je Tomay Bhalobesechhi.mp3.mp3,59,10
4b021739cc66132e6746fab13ba081ea,bengali,real,real,019_Ami Eto Je Tomay Bhalobesechhi.mp3.mp3,60,10
487120fe87a056754f3d04706d8bb97d,bengali,real,real,019_Ami Eto Je Tomay Bhalobesechhi.mp3.mp3,61,10
1ecf9693ff75bef28ea3c8a7d7727c56,bengali,real,real,019_Ami Eto Je Tomay Bhalobesechhi.mp3.mp3,62,10
69334b2a6257e54ff2c7b4172a322644,bengali,real,real,019_Ami Eto Je Tomay Bhalobesechhi.mp3.mp3,63,10
6e6ffbfa96a32096adab765ff8321766,bengali,real,real,019_Ami Eto Je Tomay Bhalobesechhi.mp3.mp3,64,10
110930c8e53d21162867e82fdef5b41d,bengali,real,real,019_Ami Eto Je Tomay Bhalobesechhi.mp3.mp3,65,10
293769dd5c01ded5e114b61a11b935a5,bengali,real,real,019_Ami Eto Je Tomay Bhalobesechhi.mp3.mp3,66,10
1ed6505f7fc0e6fe3a89b27ae98bbf14,bengali,real,real,019_Ami Eto Je Tomay Bhalobesechhi.mp3.mp3,67,10
aff998b113b16c5beadabb264a5f98dd,bengali,real,real,019_Ami Eto Je Tomay Bhalobesechhi.mp3.mp3,68,10
1ae6c66646794c414f054e6fce4ef4f3,bengali,real,real,019_Ami Eto Je Tomay Bhalobesechhi.mp3.mp3,69,10
80028981ebca1676303584a156a6c1ed,bengali,real,real,019_Ami Eto Je Tomay Bhalobesechhi.mp3.mp3,70,10
5ef9050ab1cd3f9123e7b629867c6590,bengali,real,real,019_Ami Eto Je Tomay Bhalobesechhi.mp3.mp3,71,10
94a4f448fcca31d5f05fbaedf5d93cb4,bengali,real,real,019_Ami Eto Je Tomay Bhalobesechhi.mp3.mp3,72,10
9d56b616601569cbca5796a5275380db,bengali,real,real,019_Ami Eto Je Tomay Bhalobesechhi.mp3.mp3,73,10
5c57fc55b1a5cbd71cd07291418ecea0,bengali,real,real,019_Ami Eto Je Tomay Bhalobesechhi.mp3.mp3,74,10
dad1dfa6add7fa6c8069fd78183cb00a,bengali,real,real,019_Ami Eto Je Tomay Bhalobesechhi.mp3.mp3,75,10
b98cab5b625fc6b5571c1d474ae49b41,bengali,real,real,019_Ami Eto Je Tomay Bhalobesechhi.mp3.mp3,76,10
5e02a45f4903480fec91a7846dcd4738,bengali,real,real,019_Ami Eto Je Tomay Bhalobesechhi.mp3.mp3,77,10
6fd8db02b40787c8a32609447a182861,bengali,real,real,019_Ami Eto Je Tomay Bhalobesechhi.mp3.mp3,78,10
4523d9586ab94c53bd7574b7a09916f0,bengali,real,real,019_Ami Eto Je Tomay Bhalobesechhi.mp3.mp3,79,10
690307a59c991d45dc3803d0392a7ebf,bengali,real,real,019_Ami Eto Je Tomay Bhalobesechhi.mp3.mp3,80,10
84ccccf6893c3498889cc584a4296647,bengali,real,real,019_Ami Eto Je Tomay Bhalobesechhi.mp3.mp3,81,10
d8ec8d5a837cb497aa49b365cf911453,bengali,real,real,019_Ami Eto Je Tomay Bhalobesechhi.mp3.mp3,82,10
f83dd5c248d2eed1af29ab74605b8ba8,bengali,real,real,019_Ami Eto Je Tomay Bhalobesechhi.mp3.mp3,83,10
fd63db0fb8fc2534c5b254cfb4069b72,bengali,real,real,019_Ami Eto Je Tomay Bhalobesechhi.mp3.mp3,84,10
1868a1d4f93254dc0e694131bfa31fd2,bengali,real,real,019_Ami Eto Je Tomay Bhalobesechhi.mp3.mp3,85,10
8b6339b3a158da8d18420b7b0a7e2a23,bengali,real,real,019_Ami Eto Je Tomay Bhalobesechhi.mp3.mp3,86,10
6c75b6b343237a494e670e71bd9d64f7,bengali,real,real,019_Ami Eto Je Tomay Bhalobesechhi.mp3.mp3,87,10
ca774656239c6e4ce68bca3f25c6d735,bengali,real,real,019_Ami Eto Je Tomay Bhalobesechhi.mp3.mp3,88,10
80f924dadfab4c8266320ed9de937182,bengali,real,real,019_Ami Eto Je Tomay Bhalobesechhi.mp3.mp3,89,10
7595d4c506c959a21e8e905bd0037e78,bengali,real,real,019_Ami Eto Je Tomay Bhalobesechhi.mp3.mp3,90,10
3efdcef15008bcd962ee0be84171781e,bengali,real,real,019_Ami Eto Je Tomay Bhalobesechhi.mp3.mp3,91,10
c632a9a4afa213f0c8f2ada29a72d4ab,bengali,real,real,019_Ami Eto Je Tomay Bhalobesechhi.mp3.mp3,92,10
7eb7dde5c6550bbb271fdeeb1d07857e,bengali,real,real,019_Ami Eto Je Tomay Bhalobesechhi.mp3.mp3,93,10
fcfe7c27cb8c5882872cbd0ba38daa8b,bengali,real,real,019_Ami Eto Je Tomay Bhalobesechhi.mp3.mp3,94,10
9d2cfdf788d52f1ee6b0039426a9adc3,bengali,real,real,019_Ami Eto Je Tomay Bhalobesechhi.mp3.mp3,95,10
e7bcd8b1a29856ca68e170a160e690df,bengali,real,real,019_Ami Eto Je Tomay Bhalobesechhi.mp3.mp3,96,10
9181af32b11457690b83ea8d03a9284c,bengali,real,real,019_Ami Eto Je Tomay Bhalobesechhi.mp3.mp3,97,10
ce93c6741c982e673f16e82e717db94b,bengali,real,real,019_Ami Eto Je Tomay Bhalobesechhi.mp3.mp3,98,10
93bef1ea53816b178436ddc9950985b0,bengali,real,real,019_Ami Eto Je Tomay Bhalobesechhi.mp3.mp3,99,10
9412cf28e6f7ec71d546eeec305016fe,bengali,real,real,019_Ami Eto Je Tomay Bhalobesechhi.mp3.mp3,100,10
45a4027c6c26cf31a563f8060d7d502c,bengali,real,real,019_Ami Eto Je Tomay Bhalobesechhi.mp3.mp3,101,10
00e6a1a74103420fd802a80670225dca,bengali,real,real,019_Ami Eto Je Tomay Bhalobesechhi.mp3.mp3,102,10
1e210dc4a7b415cd8273612d8b45796d,bengali,real,real,019_Ami Eto Je Tomay Bhalobesechhi.mp3.mp3,103,10
f02d25b33463d4ce3ccbc98388edc0e7,bengali,real,real,019_Ami Eto Je Tomay Bhalobesechhi.mp3.mp3,104,10
d7c3c776bbaf8e0adfebc61e0ae111ac,bengali,real,real,019_Ami Eto Je Tomay Bhalobesechhi.mp3.mp3,105,10
d2efb0007ae6cf70151ac9bf34da9955,bengali,real,real,019_Ami Eto Je Tomay Bhalobesechhi.mp3.mp3,106,10
9f99f8119cb32987201b4594d2eb701e,bengali,real,real,019_Ami Eto Je Tomay Bhalobesechhi.mp3.mp3,107,10
7981d97ea1ee50532328cecd05e9e363,bengali,real,real,019_Ami Eto Je Tomay Bhalobesechhi.mp3.mp3,108,10
8a1913a7415770764bc97f10b3a3b5e6,bengali,real,real,019_Ami Eto Je Tomay Bhalobesechhi.mp3.mp3,109,10
d2661f8361454bef7eb3583219af3fda,bengali,real,real,019_Ami Eto Je Tomay Bhalobesechhi.mp3.mp3,110,10
a928530e10e86fb5ac8c9ba586825328,bengali,real,real,019_Ami Eto Je Tomay Bhalobesechhi.mp3.mp3,111,10
34bf082d77938351c0e8f1097f830d01,bengali,real,real,019_Ami Eto Je Tomay Bhalobesechhi.mp3.mp3,112,10
85a1a47d8aa88106c9eef0b2ba52191e,bengali,real,real,019_Ami Eto Je Tomay Bhalobesechhi.mp3.mp3,113,10
5b4471deef98dc8d3a3abda677798549,bengali,real,real,019_Ami Eto Je Tomay Bhalobesechhi.mp3.mp3,114,10
1938f93d28832c535285bc9ff24b7a07,bengali,real,real,019_Ami Eto Je Tomay Bhalobesechhi.mp3.mp3,115,10
2b29950630e21688eec8e12bc7de5588,bengali,real,real,019_Ami Eto Je Tomay Bhalobesechhi.mp3.mp3,116,10
e522f997233b549e116c3531a8ac1572,bengali,real,real,019_Ami Eto Je Tomay Bhalobesechhi.mp3.mp3,117,10
d5eea08cf027f9d80777175f07010b5b,bengali,real,real,019_Ami Eto Je Tomay Bhalobesechhi.mp3.mp3,118,10
f0b101b4baf685d02a750a038ae44b46,bengali,real,real,019_Ami Eto Je Tomay Bhalobesechhi.mp3.mp3,119,10
784b9a4d3329635d2faf75fabdf6ebb3,bengali,real,real,019_Ami Eto Je Tomay Bhalobesechhi.mp3.mp3,120,10
520dcf6cc9da7ddf345e185627b5aef5,bengali,real,real,019_Ami Eto Je Tomay Bhalobesechhi.mp3.mp3,121,10
c01fa4411bbb9624c86348e846aa35f6,bengali,real,real,019_Ami Eto Je Tomay Bhalobesechhi.mp3.mp3,122,10
504de176916bcda571d2a1c847a0511c,bengali,real,real,019_Ami Eto Je Tomay Bhalobesechhi.mp3.mp3,123,10
c21ec50d70de7bb3c120853c066da7f1,bengali,real,real,019_Ami Eto Je Tomay Bhalobesechhi.mp3.mp3,124,10
67eb261aa50c6bab6c68bc9dc1bdce38,bengali,real,real,019_Ami Eto Je Tomay Bhalobesechhi.mp3.mp3,125,10
d7bfca6dcc535d120d4aa2cb7887b17b,bengali,real,real,019_Ami Eto Je Tomay Bhalobesechhi.mp3.mp3,126,10
7fab7689a32e0a8d5a70b471af3057b4,bengali,real,real,019_Ami Eto Je Tomay Bhalobesechhi.mp3.mp3,127,10
af94cc8ed93cf315b27e58236acb7f2a,bengali,real,real,019_Ami Eto Je Tomay Bhalobesechhi.mp3.mp3,128,10
c2dd0b553b2d6cbe6dcca936a2490b1e,bengali,real,real,019_Ami Eto Je Tomay Bhalobesechhi.mp3.mp3,129,10
78bc6875067d80a4ccc1f7f9e8e03c30,bengali,real,real,019_Ami Eto Je Tomay Bhalobesechhi.mp3.mp3,130,10
73430d425dfae977aea651a0ec2430fe,bengali,real,real,019_Ami Eto Je Tomay Bhalobesechhi.mp3.mp3,131,10
26e95e5a952670766dfb66d4e5847eff,bengali,real,real,019_Ami Eto Je Tomay Bhalobesechhi.mp3.mp3,132,10
f82ed4f10b09ac17da465bca61cbd413,bengali,real,real,019_Ami Eto Je Tomay Bhalobesechhi.mp3.mp3,133,10
a2a4eff17e63a6a617c5eaa7063861b1,bengali,real,real,019_Ami Eto Je Tomay Bhalobesechhi.mp3.mp3,134,10
96989261f7dcaa7e531ce243ad40047d,bengali,real,real,019_Ami Eto Je Tomay Bhalobesechhi.mp3.mp3,135,10
1adff2115bfced367c8125bc451eeece,bengali,real,real,019_Ami Eto Je Tomay Bhalobesechhi.mp3.mp3,136,10
5f09505a02f9a7b2c7966da42fe02a22,bengali,real,real,019_Ami Eto Je Tomay Bhalobesechhi.mp3.mp3,137,10
da8f56b7d02d77ec2c386de107b3b91b,bengali,real,real,019_Ami Eto Je Tomay Bhalobesechhi.mp3.mp3,138,10
408dafbbb7ad9baf2f6ff7517c85cd8e,bengali,real,real,019_Ami Eto Je Tomay Bhalobesechhi.mp3.mp3,139,10
fbba14b1032047b10e3ec458f9033d50,bengali,real,real,019_Ami Eto Je Tomay Bhalobesechhi.mp3.mp3,140,10
074ee6dbfe1089102c90a8a706c224df,bengali,real,real,019_Ami Eto Je Tomay Bhalobesechhi.mp3.mp3,141,10
c03c959da68358408513514fa7a21e00,bengali,real,real,019_Ami Eto Je Tomay Bhalobesechhi.mp3.mp3,142,10
f5c4c947e6e328320df430575e05eada,bengali,real,real,019_Ami Eto Je Tomay Bhalobesechhi.mp3.mp3,143,10
ab37985f0b57531e2f8d269d42220abb,bengali,real,real,019_Ami Eto Je Tomay Bhalobesechhi.mp3.mp3,144,10
4784946d5eba1e645fa548a57af7d4ed,bengali,real,real,019_Ami Eto Je Tomay Bhalobesechhi.mp3.mp3,145,10
2d65015bdb8b15ec4d076d9fe3f4fbf5,bengali,real,real,019_Ami Eto Je Tomay Bhalobesechhi.mp3.mp3,146,10
d82efb6279d0ac4d75c83b76e6d597d8,bengali,real,real,019_Ami Eto Je Tomay Bhalobesechhi.mp3.mp3,147,10
ce21ccbb26ed312659a8b5889c5ae5ad,bengali,real,real,019_Ami Eto Je Tomay Bhalobesechhi.mp3.mp3,148,10
cbdf8f168f437410b0fa3e6581ad6e00,bengali,real,real,019_Ami Eto Je Tomay Bhalobesechhi.mp3.mp3,149,10
c0b41ed6d77d36eda157e0021b7968bc,bengali,real,real,019_Ami Eto Je Tomay Bhalobesechhi.mp3.mp3,150,10
e07b6c44ceb7c43b4d3a33a6a22e7d68,bengali,real,real,019_Ami Eto Je Tomay Bhalobesechhi.mp3.mp3,151,10
09db17ae32fe26102c200dd289d2d8b5,bengali,real,real,019_Ami Eto Je Tomay Bhalobesechhi.mp3.mp3,152,10
5cb2e06c95809ad057d550245a3202cd,bengali,real,real,019_Ami Eto Je Tomay Bhalobesechhi.mp3.mp3,153,10
e057ddd94bb827e5c35b4ca209515cdc,bengali,real,real,019_Ami Eto Je Tomay Bhalobesechhi.mp3.mp3,154,10
d30ab570a1d45e2b04567883a9cc5dc6,bengali,real,real,019_Ami Eto Je Tomay Bhalobesechhi.mp3.mp3,155,10
6654e9c147ecccb5cfa4457dd7f7f2f6,bengali,real,real,019_Ami Eto Je Tomay Bhalobesechhi.mp3.mp3,156,10
28003a4ced713882326c752928a127f4,bengali,real,real,019_Ami Eto Je Tomay Bhalobesechhi.mp3.mp3,157,10
b8f4de6d83fe44b7cff681f4aada1072,bengali,real,real,019_Ami Eto Je Tomay Bhalobesechhi.mp3.mp3,158,10
88828a943b05cc97bbbb49c3e288cdb3,bengali,real,real,019_Ami Eto Je Tomay Bhalobesechhi.mp3.mp3,159,10
181b843bbbf103705e0ebfd816512fc8,bengali,real,real,019_Ami Eto Je Tomay Bhalobesechhi.mp3.mp3,160,10
0d54d9729b7cb4bbd80e4cd80f222331,bengali,real,real,019_Ami Eto Je Tomay Bhalobesechhi.mp3.mp3,161,10
bda28f59404f9de2e9444a0e1c97d28b,bengali,real,real,019_Ami Eto Je Tomay Bhalobesechhi.mp3.mp3,162,10
97644923b829f8bf480ff3705ee9e9cd,bengali,real,real,019_Ami Eto Je Tomay Bhalobesechhi.mp3.mp3,163,10
3d4092a7113a620ec7709255760c1ab3,bengali,real,real,019_Ami Eto Je Tomay Bhalobesechhi.mp3.mp3,164,10
840ec05bac13979e4344521cafe2cea7,bengali,real,real,019_Ami Eto Je Tomay Bhalobesechhi.mp3.mp3,165,10
3a6d96f1f3fb2e8c712fdfb4c20e014f,bengali,real,real,019_Ami Eto Je Tomay Bhalobesechhi.mp3.mp3,166,10
ac3854ada3c2f2cd5e4bd29e1818c9e8,bengali,real,real,019_Ami Eto Je Tomay Bhalobesechhi.mp3.mp3,167,10
af18df756edddf9db225e53ae43172ea,bengali,real,real,019_Ami Eto Je Tomay Bhalobesechhi.mp3.mp3,168,10
77d3558211894018d32ba32bb4ab0995,bengali,real,real,019_Ami Eto Je Tomay Bhalobesechhi.mp3.mp3,169,10
6c3282e4b57d8fba7fee838a31476c89,bengali,real,real,019_Ami Eto Je Tomay Bhalobesechhi.mp3.mp3,170,10
5db68de0c1e8edf34c46a9e1e75c9431,bengali,real,real,019_Ami Eto Je Tomay Bhalobesechhi.mp3.mp3,171,10
fd92ee9a35bc380672bdf264a1f7d4fa,bengali,real,real,019_Ami Eto Je Tomay Bhalobesechhi.mp3.mp3,172,10
0f85474b946808894bb8596e8d9024b4,bengali,real,real,019_Ami Eto Je Tomay Bhalobesechhi.mp3.mp3,173,10
3b435587e14347e0ebc8ac6b39eede88,bengali,real,real,019_Ami Eto Je Tomay Bhalobesechhi.mp3.mp3,174,10
cab8f4951ef3632491710a424c1d2993,bengali,real,real,019_Ami Eto Je Tomay Bhalobesechhi.mp3.mp3,175,10
e4705c184bd1d95eb37f4762f5e944bd,bengali,real,real,019_Ami Eto Je Tomay Bhalobesechhi.mp3.mp3,176,10
8c2c8abd2ddd0ce333daa5e3ccd07741,bengali,real,real,019_Ami Eto Je Tomay Bhalobesechhi.mp3.mp3,177,10
dc58b966a266b21b12174f984ffb006b,bengali,real,real,019_Ami Eto Je Tomay Bhalobesechhi.mp3.mp3,178,10
803404a1097ef3c18e7f6811e6923580,bengali,real,real,019_Ami Eto Je Tomay Bhalobesechhi.mp3.mp3,179,10
25951065b1f3ef7c9c5743cb70d889d2,bengali,real,real,019_Ami Eto Je Tomay Bhalobesechhi.mp3.mp3,180,10
f091b0b54339e0305861d999a845e665,bengali,real,real,019_Ami Eto Je Tomay Bhalobesechhi.mp3.mp3,181,10
b4dca7d44eb1f7f8bb14d176efe50d93,bengali,real,real,019_Ami Eto Je Tomay Bhalobesechhi.mp3.mp3,182,10
36c2cc43fb697a126cf50b159ad3b312,bengali,real,real,019_Ami Eto Je Tomay Bhalobesechhi.mp3.mp3,183,10
31624a4afe63c97e309c13112135d767,bengali,real,real,019_Ami Eto Je Tomay Bhalobesechhi.mp3.mp3,184,10
c37baf0ec64a66f2291cc855a62d498d,bengali,real,real,019_Ami Eto Je Tomay Bhalobesechhi.mp3.mp3,185,10
7e94843eeb78ecc6f27a8d2483eda7a8,bengali,real,real,019_Ami Eto Je Tomay Bhalobesechhi.mp3.mp3,186,10
e4ff50882a83f76b5cfa16952092f505,bengali,real,real,019_Ami Eto Je Tomay Bhalobesechhi.mp3.mp3,187,10
4239ab85a86cf4cdc634bfedda264f6a,bengali,real,real,019_Ami Eto Je Tomay Bhalobesechhi.mp3.mp3,188,10
6a4111c63ff7d25ef688499bd05ef598,bengali,real,real,019_Ami Eto Je Tomay Bhalobesechhi.mp3.mp3,189,10
82e59fb5dfd9ae2128c8c4ec6e06f704,bengali,real,real,019_Ami Eto Je Tomay Bhalobesechhi.mp3.mp3,190,10
4f78a9905cefdc5bb3d291d03d839ca4,bengali,real,real,019_Ami Eto Je Tomay Bhalobesechhi.mp3.mp3,191,10
5ab354f7069c3c58a4384397145cac0b,bengali,real,real,019_Ami Eto Je Tomay Bhalobesechhi.mp3.mp3,192,10
b493df541fa27d8eec55effd98403ce0,bengali,real,real,019_Ami Eto Je Tomay Bhalobesechhi.mp3.mp3,193,10
de391d688ada9670b58caac0129ba1d3,bengali,real,real,019_Ami Eto Je Tomay Bhalobesechhi.mp3.mp3,194,10
7f341f12710ed6057475b848b3829a91,bengali,real,real,019_Ami Eto Je Tomay Bhalobesechhi.mp3.mp3,195,10
c56aadd8ed2726a1f856526926442e8f,bengali,real,real,019_Ami Eto Je Tomay Bhalobesechhi.mp3.mp3,196,10
9526a3aacd30c854e846985642716e5d,bengali,real,real,019_Ami Eto Je Tomay Bhalobesechhi.mp3.mp3,197,10
d8fa30018e3c3185f483cf4ef048637a,bengali,real,real,019_Ami Eto Je Tomay Bhalobesechhi.mp3.mp3,198,10
0a2cc1b9a1469672e2ffcd5023a5b34e,bengali,real,real,019_Ami Eto Je Tomay Bhalobesechhi.mp3.mp3,199,10
c8e5e6f614f3a92acf95038bbc5bc1da,bengali,real,real,019_Ami Eto Je Tomay Bhalobesechhi.mp3.mp3,200,10
89c2a2f351bb8d96490f72c6c9ce6b0f,bengali,real,real,019_Ami Eto Je Tomay Bhalobesechhi.mp3.mp3,201,10
54ff96a76accb5369052dc026f73166e,bengali,real,real,019_Ami Eto Je Tomay Bhalobesechhi.mp3.mp3,202,10
b3c08b5d78868c4a5bbc45acf38dbb9e,bengali,real,real,019_Ami Eto Je Tomay Bhalobesechhi.mp3.mp3,203,10
d4cf25a67c2d30444c66a2b1d7084db4,bengali,real,real,019_Ami Eto Je Tomay Bhalobesechhi.mp3.mp3,204,10
4677d9c3d9c1222f880ef64885c9bad4,bengali,real,real,019_Ami Eto Je Tomay Bhalobesechhi.mp3.mp3,205,10
270cdd3d7e9795b357d78f4a49443bb8,bengali,real,real,019_Ami Eto Je Tomay Bhalobesechhi.mp3.mp3,206,10
25659fe324f6415f090f33cdbd2937dd,bengali,real,real,019_Ami Eto Je Tomay Bhalobesechhi.mp3.mp3,207,10
7c85104fc253435f45b7022f6e4740d5,bengali,real,real,019_Ami Eto Je Tomay Bhalobesechhi.mp3.mp3,208,10
7e88b06d60e5137313840875697b7c31,bengali,real,real,019_Ami Eto Je Tomay Bhalobesechhi.mp3.mp3,209,10
7f3835aa0661f79b0572f6a0d65dfb79,bengali,real,real,019_Ami Eto Je Tomay Bhalobesechhi.mp3.mp3,210,10
964142755edf3bcec9f76faa1c87bdaf,bengali,real,real,019_Ami Eto Je Tomay Bhalobesechhi.mp3.mp3,211,10
277143b78eff3369bec20caaa7bd0293,bengali,real,real,019_Ami Eto Je Tomay Bhalobesechhi.mp3.mp3,212,10
4631831002f4604de016958d21eb0d18,bengali,real,real,019_Ami Eto Je Tomay Bhalobesechhi.mp3.mp3,213,10
a051a6359b877aae3ff989a681f0db3f,bengali,real,real,019_Ami Eto Je Tomay Bhalobesechhi.mp3.mp3,214,10
a6935ed8d242ffe8db7df65abdf430ac,bengali,real,real,019_Ami Eto Je Tomay Bhalobesechhi.mp3.mp3,215,10
3530cb813834a52db7a6b8742f36aba6,bengali,real,real,019_Ami Eto Je Tomay Bhalobesechhi.mp3.mp3,216,10
970803f20306f5c19d1b8b97ed3dc728,bengali,real,real,019_Ami Eto Je Tomay Bhalobesechhi.mp3.mp3,217,10
157dddc099cf4f8f234901d9c12a0196,bengali,real,real,019_Ami Eto Je Tomay Bhalobesechhi.mp3.mp3,218,10
3ab106cfc70d20f3e2b49efc1c9223e7,bengali,real,real,019_Ami Eto Je Tomay Bhalobesechhi.mp3.mp3,219,10
966b04adb1b11dbd41f5782fb4c3c832,bengali,real,real,019_Ami Eto Je Tomay Bhalobesechhi.mp3.mp3,220,10
c45f06dd84acb405159677042d79ce29,bengali,real,real,019_Ami Eto Je Tomay Bhalobesechhi.mp3.mp3,221,10
e97fc8be13a7489a35b0c4058a7b4a32,bengali,real,real,019_Ami Eto Je Tomay Bhalobesechhi.mp3.mp3,222,10
4705105fcc4024be103200fe49c21475,bengali,real,real,019_Ami Eto Je Tomay Bhalobesechhi.mp3.mp3,223,10
8c2af51ecd4142306e57c04382837dd8,bengali,real,real,019_Ami Eto Je Tomay Bhalobesechhi.mp3.mp3,224,10
1caaf2ae04ed88786cafd65e92b146c6,bengali,real,real,019_Ami Eto Je Tomay Bhalobesechhi.mp3.mp3,225,10
901426a48d2984a8f41d3711c290ad79,bengali,real,real,019_Ami Eto Je Tomay Bhalobesechhi.mp3.mp3,226,10
67e1ecc3a291086b5fce780f813d0bad,bengali,real,real,019_Ami Eto Je Tomay Bhalobesechhi.mp3.mp3,227,10
b99ec02c1202e6f5505bbdb21f073fe0,bengali,real,real,019_Ami Eto Je Tomay Bhalobesechhi.mp3.mp3,228,10
25b4042b05be4c7ac703f69a84b29812,bengali,real,real,019_Ami Eto Je Tomay Bhalobesechhi.mp3.mp3,229,10
96c69bd353e5f63d5fcb601c24c89344,bengali,real,real,019_Ami Eto Je Tomay Bhalobesechhi.mp3.mp3,230,10
57541e638b81a28e85f136a5830bc492,bengali,real,real,019_Ami Eto Je Tomay Bhalobesechhi.mp3.mp3,231,10
ca93a95eae4b5a5fb0bc05ed9a87b929,bengali,real,real,019_Ami Eto Je Tomay Bhalobesechhi.mp3.mp3,232,10
bd34a378ec98626fc0cbf3ebb1f620d0,bengali,real,real,019_Ami Eto Je Tomay Bhalobesechhi.mp3.mp3,233,10
a8ff29b4f3b47a8476e3fe6a35eed0c3,bengali,real,real,019_Ami Eto Je Tomay Bhalobesechhi.mp3.mp3,234,10
73e0fcdf119e1ad1a6352c168845c2c0,bengali,real,real,019_Ami Eto Je Tomay Bhalobesechhi.mp3.mp3,235,10
2fd0eaffbea547659b3d887c3c19a57a,bengali,real,real,019_Ami Eto Je Tomay Bhalobesechhi.mp3.mp3,236,10
471d86dd97658100515922cd8da95783,bengali,real,real,019_Ami Eto Je Tomay Bhalobesechhi.mp3.mp3,237,10
423d325419cda992794b1f73b8be1e31,bengali,real,real,019_Ami Eto Je Tomay Bhalobesechhi.mp3.mp3,238,10
29e0c40632aa84c95e714ea1fdf5806f,bengali,real,real,019_Ami Eto Je Tomay Bhalobesechhi.mp3.mp3,239,10
3db49ff96b6aef40cf690583a1d9677e,bengali,real,real,019_Ami Eto Je Tomay Bhalobesechhi.mp3.mp3,240,10
7364be1b3ddeec93c9442cf0ccd712a8,bengali,real,real,020_Bone Noy Mone Mor.mp3.mp3,0,10
e414e723692cf2462d2160d7d71993a4,bengali,real,real,020_Bone Noy Mone Mor.mp3.mp3,1,10
da538f9656f26296e43abe3ac15a7c02,bengali,real,real,020_Bone Noy Mone Mor.mp3.mp3,2,10
47a9696a09b5f45b10efa667215e146a,bengali,real,real,020_Bone Noy Mone Mor.mp3.mp3,3,10
cd0d75eb7a7e4b141e334ddab3edf2f1,bengali,real,real,020_Bone Noy Mone Mor.mp3.mp3,4,10
5962f7847c8796d06492817ebf20b9bb,bengali,real,real,020_Bone Noy Mone Mor.mp3.mp3,5,10
35dcf2fe55e2293dea252ae61d769985,bengali,real,real,020_Bone Noy Mone Mor.mp3.mp3,6,10
6a98a134a20ecf3301a5a4b6d61dd6f2,bengali,real,real,020_Bone Noy Mone Mor.mp3.mp3,7,10
edc53cdaa372a62579a04f21145fa176,bengali,real,real,020_Bone Noy Mone Mor.mp3.mp3,8,10
00bd80559c2a872a5d9cadb594177848,bengali,real,real,020_Bone Noy Mone Mor.mp3.mp3,9,10
40b26b0680535b5cd48128884a2d707a,bengali,real,real,020_Bone Noy Mone Mor.mp3.mp3,10,10
27dab4d95b44ba06c95fdc68bbaa6c1a,bengali,real,real,020_Bone Noy Mone Mor.mp3.mp3,11,10
2d5ee398c3c42a342afe40cdf1670ee1,bengali,real,real,020_Bone Noy Mone Mor.mp3.mp3,12,10
2cada70da88ab88203ae73c99b1cd63c,bengali,real,real,020_Bone Noy Mone Mor.mp3.mp3,13,10
33d55adc626153e78eb64c749a432039,bengali,real,real,020_Bone Noy Mone Mor.mp3.mp3,14,10
97f215cd480b056b201d91df72683497,bengali,real,real,020_Bone Noy Mone Mor.mp3.mp3,15,10
893325262910e0e68c1490620cf529d6,bengali,real,real,020_Bone Noy Mone Mor.mp3.mp3,16,10
dc78f4c8ef928fc9acd8a06d05f1e72a,bengali,real,real,020_Bone Noy Mone Mor.mp3.mp3,17,10
366ddcb64a88ba0823ac419c4ee118c9,bengali,real,real,020_Bone Noy Mone Mor.mp3.mp3,18,10
0f39241dcb11ddd3ed3adea35ea65a3f,bengali,real,real,023_Tabo Achintya Rupa - Charita - Mahima.mp3.mp3,0,10
29525960056fb596b75a6edac502beaa,bengali,real,real,023_Tabo Achintya Rupa - Charita - Mahima.mp3.mp3,1,10
d23a82ede6dfad2c1b73db26b76428d9,bengali,real,real,023_Tabo Achintya Rupa - Charita - Mahima.mp3.mp3,2,10
d2f9753a40a3eee15b6604454cc264c2,bengali,real,real,023_Tabo Achintya Rupa - Charita - Mahima.mp3.mp3,3,10
8aaebec237044c4658ec5aa47c41d2e6,bengali,real,real,023_Tabo Achintya Rupa - Charita - Mahima.mp3.mp3,4,10
7866093a33c8ea8fa41fbf56723ea492,bengali,real,real,023_Tabo Achintya Rupa - Charita - Mahima.mp3.mp3,5,10
892639fca1fee3e8d0152036a3766178,bengali,real,real,023_Tabo Achintya Rupa - Charita - Mahima.mp3.mp3,6,10
0143e90f6e8db078f10c5c287279a241,bengali,real,real,023_Tabo Achintya Rupa - Charita - Mahima.mp3.mp3,7,10
fc4994609647d83700a90d1d325e6ee0,bengali,real,real,023_Tabo Achintya Rupa - Charita - Mahima.mp3.mp3,8,10
45d72919d30aaf5d456e67fd4d0df750,bengali,real,real,023_Tabo Achintya Rupa - Charita - Mahima.mp3.mp3,9,10
02aa16efc3d9739f9f43ade262b2ec07,bengali,real,real,023_Tabo Achintya Rupa - Charita - Mahima.mp3.mp3,10,10
ea0611d5d27d7787e7ff2260ec59ec50,bengali,real,real,023_Tabo Achintya Rupa - Charita - Mahima.mp3.mp3,11,10
124eae1bdc3fa764027bc917ac4ba866,bengali,real,real,023_Tabo Achintya Rupa - Charita - Mahima.mp3.mp3,12,10
f3c749b490028372299e9410cd1c32fb,bengali,real,real,023_Tabo Achintya Rupa - Charita - Mahima.mp3.mp3,13,10
c199a7967cde84da3b66490c09834350,bengali,real,real,023_Tabo Achintya Rupa - Charita - Mahima.mp3.mp3,14,10
926f7c91aa2c81989fa766eeaed15a54,bengali,real,real,023_Tabo Achintya Rupa - Charita - Mahima.mp3.mp3,15,10
9b67f2f50aa9333911931cafd59a6d18,bengali,real,real,023_Tabo Achintya Rupa - Charita - Mahima.mp3.mp3,16,10
55ef16fff41b11b561dd7e953c5d819f,bengali,real,real,023_Tabo Achintya Rupa - Charita - Mahima.mp3.mp3,17,10
7bba2e19596d9b19c6d9a48f0370306e,bengali,real,real,023_Tabo Achintya Rupa - Charita - Mahima.mp3.mp3,18,10
7ae80be8b9eb8c07bd8f45580c160e7f,bengali,real,real,023_Tabo Achintya Rupa - Charita - Mahima.mp3.mp3,19,10
79f14f009121bbc826be200f9620efe3,bengali,real,real,023_Tabo Achintya Rupa - Charita - Mahima.mp3.mp3,20,10
1110209ad3675d5611aa94c4d44df107,bengali,real,real,023_Tabo Achintya Rupa - Charita - Mahima.mp3.mp3,21,10
ac8de8a634f56f9ee24f00ac5d57aad0,bengali,real,real,023_Tabo Achintya Rupa - Charita - Mahima.mp3.mp3,22,10
351ac1bcbd4175b3102fb78f7e03c4d7,bengali,real,real,024_Kotha He.mp3.mp3,0,10
94449c79faa2ebe066ad5e5d96439756,bengali,real,real,024_Kotha He.mp3.mp3,1,10
30217e75c4664b6dcede5f4a8024c6dc,bengali,real,real,024_Kotha He.mp3.mp3,2,10
92334a2484e8b05ef4c110bf87d30a77,bengali,real,real,024_Kotha He.mp3.mp3,3,10
d5454b3df8160d653e0dc96a1b8eedfe,bengali,real,real,024_Kotha He.mp3.mp3,4,10
bee2f8e5586b41a3862f480187aa0801,bengali,real,real,024_Kotha He.mp3.mp3,5,10
f9660be5fcc52da2f85b2151c10fba69,bengali,real,real,024_Kotha He.mp3.mp3,6,10
db2595f1ba39a9876e2641b5e644aa1e,bengali,real,real,024_Kotha He.mp3.mp3,7,10
cc5197301d378b34f9cc2bd8c376e9bb,bengali,real,real,024_Kotha He.mp3.mp3,8,10
bef42792c5a80713a1f31b6c96c8e4ba,bengali,real,real,024_Kotha He.mp3.mp3,9,10
e241f4532535085664ac009df014f719,bengali,real,real,024_Kotha He.mp3.mp3,10,10
2bd13bf97f469dc0f009673025f6b4f0,bengali,real,real,024_Kotha He.mp3.mp3,11,10
8852cf087c4b3c77830954f064f19268,bengali,real,real,024_Kotha He.mp3.mp3,12,10
00f40896b1acfe630580ed885bfa6fce,bengali,real,real,024_Kotha He.mp3.mp3,13,10
1ecc5346e81a9408e997e72235ae6c16,bengali,real,real,024_Kotha He.mp3.mp3,14,10
2f9d225641f48cfa0708c98609e44675,bengali,real,real,024_Kotha He.mp3.mp3,15,10
60327fba069a9bda7659daa4d72fe580,bengali,real,real,024_Kotha He.mp3.mp3,16,10
6d66ad0f08f82253f24b0e93a3ba2265,bengali,real,real,024_Kotha He.mp3.mp3,17,10
00c0ec80fbfe026ed3c4e2e5a4e76781,bengali,real,real,024_Kotha He.mp3.mp3,18,10
c27ca1016f0d6453efd43d77f3bda98f,bengali,real,real,024_Kotha He.mp3.mp3,19,10
9ab451d3bf5a3b078bd57c6f441a85b5,bengali,real,real,024_Kotha He.mp3.mp3,20,10
e4f0ac877841f0552360763f9ca915c4,bengali,real,real,024_Kotha He.mp3.mp3,21,10
f8d4fa325d9d3587f7a562bc1f49d294,bengali,real,real,024_Kotha He.mp3.mp3,22,10
6294a651b0cb9095c80d910d18df0559,bengali,real,real,024_Kotha He.mp3.mp3,23,10
36f065b79ca943be3537132987a9a12c,bengali,real,real,024_Kotha He.mp3.mp3,24,10
97dde5a97dfbdad6713a3f73d180e47d,bengali,real,real,024_Kotha He.mp3.mp3,25,10
97064001b492d8f40a9df3b1d025eed1,bengali,real,real,024_Kotha He.mp3.mp3,26,10
4bfb7a67e6cb0611b2b6967251039202,bengali,real,real,024_Kotha He.mp3.mp3,27,10
c392919301d168d576947046a99cd226,bengali,real,real,024_Kotha He.mp3.mp3,28,10
2dd58a52706f09ecd85a0afab36685b6,bengali,real,real,024_Kotha He.mp3.mp3,29,10
e8d46f844c3a23df59099a8c5e215ab5,bengali,real,real,024_Kotha He.mp3.mp3,30,10
4609ff29bf0bfcfd8a3ecc4fdcf1188c,bengali,real,real,024_Kotha He.mp3.mp3,31,10
1ce8cf3c9f9597a5e28ee4bd3e24664e,bengali,real,real,024_Kotha He.mp3.mp3,32,10
5dc76ed98e8640696faf79414e104000,bengali,real,real,024_Kotha He.mp3.mp3,33,10
3f7e4380383dfdf0f24acabab4e68a98,bengali,real,real,024_Kotha He.mp3.mp3,34,10
92adc31aee4898a086927db1a3fae0e4,bengali,real,real,024_Kotha He.mp3.mp3,35,10
c68ed0d5314f92ac43024a5de65fed80,bengali,real,real,024_Kotha He.mp3.mp3,36,10
10ddca61e59a1c181984caa797ebddf2,bengali,real,real,024_Kotha He.mp3.mp3,37,10
5111ccf2ad7a6f80fe6fb9cbef3e2651,bengali,real,real,025_Aj Noy Kaal Noy Roj Protidin.mp3.mp3,0,10
58f01b51a9db29066249ca4d0c32efb9,bengali,real,real,025_Aj Noy Kaal Noy Roj Protidin.mp3.mp3,1,10
9aab9744788c4575ac182b512dd84212,bengali,real,real,025_Aj Noy Kaal Noy Roj Protidin.mp3.mp3,2,10
85999d11a0b809eb7ab2e7ec4f3bb284,bengali,real,real,025_Aj Noy Kaal Noy Roj Protidin.mp3.mp3,3,10
8629ba4f0887cf509e60dafd76d78ffc,bengali,real,real,025_Aj Noy Kaal Noy Roj Protidin.mp3.mp3,4,10
1f1dd67dd78b9e5d4faca7bfed7b5926,bengali,real,real,025_Aj Noy Kaal Noy Roj Protidin.mp3.mp3,5,10
abde15ec528496b4be493073cec8681f,bengali,real,real,025_Aj Noy Kaal Noy Roj Protidin.mp3.mp3,6,10
d4a4a446e0704a51e0f30c9580252402,bengali,real,real,025_Aj Noy Kaal Noy Roj Protidin.mp3.mp3,7,10
b1f6943e4d50e57a116e47099115498c,bengali,real,real,025_Aj Noy Kaal Noy Roj Protidin.mp3.mp3,8,10
52836363c5d863432ed4eca29a0b5248,bengali,real,real,025_Aj Noy Kaal Noy Roj Protidin.mp3.mp3,9,10
acee82831f4d3ebd3d464b98853a4d3b,bengali,real,real,025_Aj Noy Kaal Noy Roj Protidin.mp3.mp3,10,10
650a4891eb48b00d2bf062282395aed2,bengali,real,real,025_Aj Noy Kaal Noy Roj Protidin.mp3.mp3,11,10
2b6e4789f3e7ff3edccd86e21b83fc76,bengali,real,real,025_Aj Noy Kaal Noy Roj Protidin.mp3.mp3,12,10
0bf9cb36849b247ce615c28887538728,bengali,real,real,025_Aj Noy Kaal Noy Roj Protidin.mp3.mp3,13,10
b94ce53de3181e40ca45d3d212e90c85,bengali,real,real,025_Aj Noy Kaal Noy Roj Protidin.mp3.mp3,14,10
e4f114d8782eb2ecf3fd6bb2480d5f68,bengali,real,real,025_Aj Noy Kaal Noy Roj Protidin.mp3.mp3,15,10
9dedd91f9eca31710a31e11d1a6a437e,bengali,real,real,025_Aj Noy Kaal Noy Roj Protidin.mp3.mp3,16,10
87ec4dca071c87df83fac780e746b014,bengali,real,real,025_Aj Noy Kaal Noy Roj Protidin.mp3.mp3,17,10
cf550ea57f7640a8b81525a6a3e2dcbe,bengali,real,real,025_Aj Noy Kaal Noy Roj Protidin.mp3.mp3,18,10
d6e8a631071c6fccc6bb1cd5d1669dbf,bengali,real,real,025_Aj Noy Kaal Noy Roj Protidin.mp3.mp3,19,10
44970d2a8f11f767cf8effa6851d32d6,bengali,real,real,025_Aj Noy Kaal Noy Roj Protidin.mp3.mp3,20,10
6036ab661544bf5c5572094c90c59393,bengali,real,real,025_Aj Noy Kaal Noy Roj Protidin.mp3.mp3,21,10
d45dfc54f2c1c1c28f341599cd434919,bengali,real,real,025_Aj Noy Kaal Noy Roj Protidin.mp3.mp3,22,10
7201ee0f626196eb82726988a5a3e16c,bengali,real,real,025_Aj Noy Kaal Noy Roj Protidin.mp3.mp3,23,10
eb219984ea5363754c8ce37f91e175a4,bengali,real,real,025_Aj Noy Kaal Noy Roj Protidin.mp3.mp3,24,10
5881936d81fdb87da55f55ba836096b5,bengali,real,real,025_Aj Noy Kaal Noy Roj Protidin.mp3.mp3,25,10
2f35d33c88dba569ce565d006319d8b9,bengali,real,real,025_Aj Noy Kaal Noy Roj Protidin.mp3.mp3,26,10
346edf5abb852b17c8e44ca00ade53bf,bengali,real,real,025_Aj Noy Kaal Noy Roj Protidin.mp3.mp3,27,10
392619fbec7084392c3f8cd13e148253,bengali,real,real,025_Aj Noy Kaal Noy Roj Protidin.mp3.mp3,28,10
9af5845788af53348418f94d2060f016,bengali,real,real,025_Aj Noy Kaal Noy Roj Protidin.mp3.mp3,29,10
ec98852398145aec1b84ea7bb50802b3,bengali,real,real,025_Aj Noy Kaal Noy Roj Protidin.mp3.mp3,30,10
370d9ae61bf06f6e2563d63c2c51783b,bengali,real,real,025_Aj Noy Kaal Noy Roj Protidin.mp3.mp3,31,10
e6fafab95b2085aefc85f6873bc48620,bengali,real,real,025_Aj Noy Kaal Noy Roj Protidin.mp3.mp3,32,10
157d20be7ad1656c3a5b3dde7d7b9ef3,bengali,real,real,025_Aj Noy Kaal Noy Roj Protidin.mp3.mp3,33,10
7e7ce08610778eed4134cc0494ca5eb2,bengali,real,real,025_Aj Noy Kaal Noy Roj Protidin.mp3.mp3,34,10
d9e7ddf58e03be02864b203eef7d0f25,bengali,real,real,027_Keno Phote Keno Kusum Jhare Jaay.mp3.mp3,0,10
3052c8b462fa88e0f864f45650cc2066,bengali,real,real,027_Keno Phote Keno Kusum Jhare Jaay.mp3.mp3,1,10
4348c0e4625399b1f2e34641f9b68efe,bengali,real,real,027_Keno Phote Keno Kusum Jhare Jaay.mp3.mp3,2,10
bf905378986aff10648acfa212689618,bengali,real,real,027_Keno Phote Keno Kusum Jhare Jaay.mp3.mp3,3,10
69b7a3d8ad1a8e882297c799f89c7d77,bengali,real,real,027_Keno Phote Keno Kusum Jhare Jaay.mp3.mp3,4,10
25c45cd13e473577179ccfb2d41d254f,bengali,real,real,027_Keno Phote Keno Kusum Jhare Jaay.mp3.mp3,5,10
877d2195bc2ae8afe4ecae2c32845705,bengali,real,real,027_Keno Phote Keno Kusum Jhare Jaay.mp3.mp3,6,10
e9028822d1a66edc0577dae7d715ece3,bengali,real,real,027_Keno Phote Keno Kusum Jhare Jaay.mp3.mp3,7,10
a6eeb9ca9c3f67e520f1cfb5c3791e0f,bengali,real,real,027_Keno Phote Keno Kusum Jhare Jaay.mp3.mp3,8,10
2a87324c3e9697d5e385b173f1696e8f,bengali,real,real,027_Keno Phote Keno Kusum Jhare Jaay.mp3.mp3,9,10
da0eb4a3b3cde8737bd2f5a1b430240d,bengali,real,real,027_Keno Phote Keno Kusum Jhare Jaay.mp3.mp3,10,10
6ba0d116f539e76a88d2a1e064a8a3d9,bengali,real,real,027_Keno Phote Keno Kusum Jhare Jaay.mp3.mp3,11,10
bc22cf7bf02551e4b62c6014f386af0a,bengali,real,real,027_Keno Phote Keno Kusum Jhare Jaay.mp3.mp3,12,10
6d9a38f75377f04e8b20965ac5096d23,bengali,real,real,027_Keno Phote Keno Kusum Jhare Jaay.mp3.mp3,13,10
395ef92f3ded90658695952fa268a9df,bengali,real,real,027_Keno Phote Keno Kusum Jhare Jaay.mp3.mp3,14,10
b2f2be41429634f36ab2faba3a49a835,bengali,real,real,027_Keno Phote Keno Kusum Jhare Jaay.mp3.mp3,15,10
e62b1c8917c723743da34420bbe1fb03,bengali,real,real,027_Keno Phote Keno Kusum Jhare Jaay.mp3.mp3,16,10
09398b81eb7bd87fa93d9d23641bfb87,bengali,real,real,027_Keno Phote Keno Kusum Jhare Jaay.mp3.mp3,17,10
1b4464a14d67f2fbcf385004fe519f0b,bengali,real,real,027_Keno Phote Keno Kusum Jhare Jaay.mp3.mp3,18,10
eebe8e4f4e410eb9e1a914a84a52e5fc,bengali,real,real,027_Keno Phote Keno Kusum Jhare Jaay.mp3.mp3,19,10
2e91982a9a909ba95b1dfdca645f6e8e,bengali,real,real,028_Mayur Ponkhi Louka.mp3.mp3,0,10
2ce37732520cd635bcd57b30e288f8cb,bengali,real,real,028_Mayur Ponkhi Louka.mp3.mp3,1,10
d0c76f4bb204ba1e9ed3ffa73d1e1c16,bengali,real,real,028_Mayur Ponkhi Louka.mp3.mp3,2,10
64a48af7bd2d0062b4318cf5b281a226,bengali,real,real,028_Mayur Ponkhi Louka.mp3.mp3,3,10
af7c83e8fd3c10bf2842d5ad512240cb,bengali,real,real,028_Mayur Ponkhi Louka.mp3.mp3,4,10
9f85e92e45e0023315abb4886337e7d1,bengali,real,real,028_Mayur Ponkhi Louka.mp3.mp3,5,10
dd122693845f6bd144c3cb848aae1aca,bengali,real,real,028_Mayur Ponkhi Louka.mp3.mp3,6,10
2778df0922796c37d2d211a14c435f0e,bengali,real,real,028_Mayur Ponkhi Louka.mp3.mp3,7,10
6f8190f858189691d9e9a3c1afbc703b,bengali,real,real,028_Mayur Ponkhi Louka.mp3.mp3,8,10
a2472e4dd3a07f5934a819e3c5246300,bengali,real,real,028_Mayur Ponkhi Louka.mp3.mp3,9,10
f05552fb22a23d7f50da999542c5eca1,bengali,real,real,028_Mayur Ponkhi Louka.mp3.mp3,10,10
f97fcd393cb7334762c2af23d7d6d94e,bengali,real,real,028_Mayur Ponkhi Louka.mp3.mp3,11,10
27624d0d199f9e3cb3be3841c13e1569,bengali,real,real,028_Mayur Ponkhi Louka.mp3.mp3,12,10
d3b83a1f6f534300dcd976e27944c6f1,bengali,real,real,028_Mayur Ponkhi Louka.mp3.mp3,13,10
113c3ef4da0d629422dc3268a95bbeb7,bengali,real,real,028_Mayur Ponkhi Louka.mp3.mp3,14,10
6a596d3bb3dafe5446784a9845865343,bengali,real,real,028_Mayur Ponkhi Louka.mp3.mp3,15,10
749bf1b9a57ca265b80d6f7027bebe1c,bengali,real,real,028_Mayur Ponkhi Louka.mp3.mp3,16,10
0b320f8fe2a9db1c26fc7258e0ddc306,bengali,real,real,028_Mayur Ponkhi Louka.mp3.mp3,17,10
71ec8afc51613a752bb7adc7ccd09b05,bengali,real,real,028_Mayur Ponkhi Louka.mp3.mp3,18,10
61298f59f95756476094fce68c1cdc28,bengali,real,real,028_Mayur Ponkhi Louka.mp3.mp3,19,10
faf41246fe54790997873d7fd1533edf,bengali,real,real,028_Mayur Ponkhi Louka.mp3.mp3,20,10
583e0fb05a06be478d2e364a944539ed,bengali,real,real,028_Mayur Ponkhi Louka.mp3.mp3,21,10
c997054e78f59fb5334295c55c8073e2,bengali,real,real,028_Mayur Ponkhi Louka.mp3.mp3,22,10
d3e5424d5e45a8468553173ae0ad648e,bengali,real,real,028_Mayur Ponkhi Louka.mp3.mp3,23,10
1f1ebf32fdf6592269352ef0605b0291,bengali,real,real,028_Mayur Ponkhi Louka.mp3.mp3,24,10
b87a990e06ea884382a9631ac4af463b,bengali,real,real,028_Mayur Ponkhi Louka.mp3.mp3,25,10
2c8d5762f0ce57dfd207158604e42f43,bengali,real,real,030_Arunkanti Ke Go Jogi.mp3.mp3,0,10
011b22acb5279139c1c6bc996d3cbd08,bengali,real,real,030_Arunkanti Ke Go Jogi.mp3.mp3,1,10
e9e7d0cc9db7cad5345dcc9efef14121,bengali,real,real,030_Arunkanti Ke Go Jogi.mp3.mp3,2,10
b1841fe2e7837f50d867d9b329b6f0c4,bengali,real,real,030_Arunkanti Ke Go Jogi.mp3.mp3,3,10
ff7f2fee79b90fba03a8e4c7032bad04,bengali,real,real,030_Arunkanti Ke Go Jogi.mp3.mp3,4,10
38ec9f69e0bacdba33817afce6ba5541,bengali,real,real,030_Arunkanti Ke Go Jogi.mp3.mp3,5,10
62a1949f3ba05e55d835280dfdff0c84,bengali,real,real,030_Arunkanti Ke Go Jogi.mp3.mp3,6,10
8ca531865875eaa9f83475f3b8e23f2f,bengali,real,real,030_Arunkanti Ke Go Jogi.mp3.mp3,7,10
7e0c4356adae472c40a1d37202ff1ecd,bengali,real,real,030_Arunkanti Ke Go Jogi.mp3.mp3,8,10
01adeb66d5088f2d3c8434f2a7a97678,bengali,real,real,030_Arunkanti Ke Go Jogi.mp3.mp3,9,10
88dec99e1cd2f1e4e3ea66f3a076a5be,bengali,real,real,030_Arunkanti Ke Go Jogi.mp3.mp3,10,10
1fa103a85132f63757aa661d0b003d47,bengali,real,real,030_Arunkanti Ke Go Jogi.mp3.mp3,11,10
b8948eafedc2bf0dccc712fffb895988,bengali,real,real,030_Arunkanti Ke Go Jogi.mp3.mp3,12,10
c3f02af99cfc185a012628ee919e5929,bengali,real,real,030_Arunkanti Ke Go Jogi.mp3.mp3,13,10
fa20bfb261e31205cf9e798c416cd32e,bengali,real,real,030_Arunkanti Ke Go Jogi.mp3.mp3,14,10
d4e94b20bf9e848283f3c6fd138a3675,bengali,real,real,030_Arunkanti Ke Go Jogi.mp3.mp3,15,10
f1d6e29f6f1b3f3ec2f202471e84249c,bengali,real,real,030_Arunkanti Ke Go Jogi.mp3.mp3,16,10
8a0c3d902cd5224c41feeb1392e7ce15,bengali,real,real,030_Arunkanti Ke Go Jogi.mp3.mp3,17,10
41a3d6187e1808e099f454d88f48dfe6,bengali,real,real,031_Bagichay Bulbuli Tui.mp3.mp3,0,10
4c1268134e1167955476518a2230f587,bengali,real,real,031_Bagichay Bulbuli Tui.mp3.mp3,1,10
5f3e5108a798f0590cd4b49b92e5d6c1,bengali,real,real,031_Bagichay Bulbuli Tui.mp3.mp3,2,10
e39742646307871b2d14f68790284745,bengali,real,real,031_Bagichay Bulbuli Tui.mp3.mp3,3,10
65e1982e3ad77b7f143373ed2c545720,bengali,real,real,031_Bagichay Bulbuli Tui.mp3.mp3,4,10
34f9e15b41217a7c9c1b6fbafd9e087b,bengali,real,real,031_Bagichay Bulbuli Tui.mp3.mp3,5,10
a1493ecea288a94150b1056162b63217,bengali,real,real,031_Bagichay Bulbuli Tui.mp3.mp3,6,10
8e9f90a319e37c71ab6e4d5d3dc1cbc6,bengali,real,real,031_Bagichay Bulbuli Tui.mp3.mp3,7,10
a7c3daf90e7b854d561065323d7270a8,bengali,real,real,031_Bagichay Bulbuli Tui.mp3.mp3,8,10
4e8463f071760394c4fb5a232dd28edc,bengali,real,real,031_Bagichay Bulbuli Tui.mp3.mp3,9,10
098794256a6e4ca2c2c4f57b560d14de,bengali,real,real,031_Bagichay Bulbuli Tui.mp3.mp3,10,10
9f7af47e2db01be8cadf0e960fcbb0bc,bengali,real,real,031_Bagichay Bulbuli Tui.mp3.mp3,11,10
1f3d7101011164b0ba853860c8bdc0ed,bengali,real,real,031_Bagichay Bulbuli Tui.mp3.mp3,12,10
08575163235badcfc1a3fcb4dfa6ebb1,bengali,real,real,031_Bagichay Bulbuli Tui.mp3.mp3,13,10
845c4f3dae0e7c570279ad0bc8fa9332,bengali,real,real,031_Bagichay Bulbuli Tui.mp3.mp3,14,10
f4be58c38097d25b8e35dc9da4f9c033,bengali,real,real,031_Bagichay Bulbuli Tui.mp3.mp3,15,10
8643d5fbd657edfc889fb08e8bbf6a66,bengali,real,real,031_Bagichay Bulbuli Tui.mp3.mp3,16,10
a5be9ff740ec2120d38357a849f78ac9,bengali,real,real,031_Bagichay Bulbuli Tui.mp3.mp3,17,10
097f5dc5c01a57f3e933ca3fa006cba7,bengali,real,real,031_Bagichay Bulbuli Tui.mp3.mp3,18,10
051d2ab36dcfa1f2df69034c7b3869c0,bengali,real,real,032_Akashta Kanpchhilo Kyan.mp3.mp3,0,10
3760484a18a6be5c4873f34cdf6d8c0a,bengali,real,real,032_Akashta Kanpchhilo Kyan.mp3.mp3,1,10
11eb19a136ee5640af19416fa21ebe19,bengali,real,real,032_Akashta Kanpchhilo Kyan.mp3.mp3,2,10
ef266284e36d6f67c48967ddeb418914,bengali,real,real,032_Akashta Kanpchhilo Kyan.mp3.mp3,3,10
0a1eea9424ba77a01edc70b1394df1da,bengali,real,real,032_Akashta Kanpchhilo Kyan.mp3.mp3,4,10
f50c815989ab1efad493d5e75a9de213,bengali,real,real,032_Akashta Kanpchhilo Kyan.mp3.mp3,5,10
85bb3be8c29ff67d3ab7cf2cad428f3e,bengali,real,real,032_Akashta Kanpchhilo Kyan.mp3.mp3,6,10
e2239c332e0d8a479cd484087328e547,bengali,real,real,032_Akashta Kanpchhilo Kyan.mp3.mp3,7,10
6254e494293c1920740629f6ea318eef,bengali,real,real,032_Akashta Kanpchhilo Kyan.mp3.mp3,8,10
e328f097f2faf3163e4a70d58ef91b9b,bengali,real,real,032_Akashta Kanpchhilo Kyan.mp3.mp3,9,10
d70352482677968c73153ba785027aa8,bengali,real,real,032_Akashta Kanpchhilo Kyan.mp3.mp3,10,10
ca865d9b563a397b3609bfe4553ce591,bengali,real,real,032_Akashta Kanpchhilo Kyan.mp3.mp3,11,10
d5e3432a5074dd3844a8194fcf5efcf3,bengali,real,real,032_Akashta Kanpchhilo Kyan.mp3.mp3,12,10
2be6ec991c0f2ea8e68111ae2aa692e0,bengali,real,real,032_Akashta Kanpchhilo Kyan.mp3.mp3,13,10
a4bc3508dda922802afa7cd59897cfbf,bengali,real,real,032_Akashta Kanpchhilo Kyan.mp3.mp3,14,10
da3cdba5bfea9280ee4632675f5b0eb3,bengali,real,real,032_Akashta Kanpchhilo Kyan.mp3.mp3,15,10
969e5940e6ad4bd8b460c75a2de92055,bengali,real,real,032_Akashta Kanpchhilo Kyan.mp3.mp3,16,10
68e597b81c5e6396d82804facb0c4356,bengali,real,real,032_Akashta Kanpchhilo Kyan.mp3.mp3,17,10
c03556da58bfa864fe8a7c9d46141f5e,bengali,real,real,032_Akashta Kanpchhilo Kyan.mp3.mp3,18,10
0d12b45755de7a8d55ccdedeaaa2f2a4,bengali,real,real,032_Akashta Kanpchhilo Kyan.mp3.mp3,19,10
3c28555d4c099141b2c48b0cae758803,bengali,real,real,032_Akashta Kanpchhilo Kyan.mp3.mp3,20,10
cdcea41e5c875f4d037ef7a82a6fc9b7,bengali,real,real,032_Akashta Kanpchhilo Kyan.mp3.mp3,21,10
afe258bee16ba9dfd51469907cefac9b,bengali,real,real,032_Akashta Kanpchhilo Kyan.mp3.mp3,22,10
482ac50cc08847c52e16bfb951b36c8d,bengali,real,real,032_Akashta Kanpchhilo Kyan.mp3.mp3,23,10
f2069314d31f279fd29834fcf78af875,bengali,real,real,032_Akashta Kanpchhilo Kyan.mp3.mp3,24,10
a5c35d4f345d571d033c4f4b799eb2e3,bengali,real,real,032_Akashta Kanpchhilo Kyan.mp3.mp3,25,10
1716ea5879fef804a66d18c71926310f,bengali,real,real,032_Akashta Kanpchhilo Kyan.mp3.mp3,26,10
db7303238b00eeaa14897f4e9caa6d23,bengali,real,real,032_Akashta Kanpchhilo Kyan.mp3.mp3,27,10
230acefaf6739b2574bda772ab445ce3,bengali,real,real,032_Akashta Kanpchhilo Kyan.mp3.mp3,28,10
001fb3635c5b049063201d2ea7061703,bengali,real,real,032_Akashta Kanpchhilo Kyan.mp3.mp3,29,10
03fccbe950517a70a14ba908281cbd00,bengali,real,real,035_Jani Amar Sadhana Nai.mp3.mp3,0,10
ea9cbd331ae8d2ed2858256d5c327613,bengali,real,real,035_Jani Amar Sadhana Nai.mp3.mp3,1,10
644a72cf0d66c1c5aec9ebfe684cff76,bengali,real,real,035_Jani Amar Sadhana Nai.mp3.mp3,2,10
b4f593a84b15418dbaa2d60c3b93bce6,bengali,real,real,035_Jani Amar Sadhana Nai.mp3.mp3,3,10
ae9b53c712486c2b44fe36912309a8dc,bengali,real,real,035_Jani Amar Sadhana Nai.mp3.mp3,4,10
f0dda991879a50b026d409865de6b329,bengali,real,real,035_Jani Amar Sadhana Nai.mp3.mp3,5,10
2aef6d5a2db6e366d3337421f3fcf808,bengali,real,real,035_Jani Amar Sadhana Nai.mp3.mp3,6,10
651b3528e425d20ee5ff33f5fde144b4,bengali,real,real,035_Jani Amar Sadhana Nai.mp3.mp3,7,10
db21a038a79782ed2c72fce29d8f47f3,bengali,real,real,035_Jani Amar Sadhana Nai.mp3.mp3,8,10
8b8c32085814e8f808ef6b08ce8058c6,bengali,real,real,035_Jani Amar Sadhana Nai.mp3.mp3,9,10
638a72c0c5b75a924af5fd4a4ed8a1e2,bengali,real,real,035_Jani Amar Sadhana Nai.mp3.mp3,10,10
0979627eafefb5938a44626bc2401c1a,bengali,real,real,035_Jani Amar Sadhana Nai.mp3.mp3,11,10
5d36364df431ffbf87f6dfbb9ea761f5,bengali,real,real,035_Jani Amar Sadhana Nai.mp3.mp3,12,10
874fb3ad8f8c37f00e8205f868d4847f,bengali,real,real,035_Jani Amar Sadhana Nai.mp3.mp3,13,10
3b5ad149f0428617ba13c0f564126dae,bengali,real,real,035_Jani Amar Sadhana Nai.mp3.mp3,14,10
9d65984dc51c4164c0a04e5f10339d24,bengali,real,real,035_Jani Amar Sadhana Nai.mp3.mp3,15,10
d8212ad3a63ef4deaa80243b0b67160d,bengali,real,real,035_Jani Amar Sadhana Nai.mp3.mp3,16,10
02b5a295ec28c7409bb4ea89d8bb682a,bengali,real,real,037_Kul Kolonko.mp3.mp3,0,10
fa76175143b57af7c8d7c41053cd605d,bengali,real,real,037_Kul Kolonko.mp3.mp3,1,10
ed4793cfbeca7877434253420a82ed48,bengali,real,real,037_Kul Kolonko.mp3.mp3,2,10
b1f497c242b67489cb74bdd5b49292cd,bengali,real,real,037_Kul Kolonko.mp3.mp3,3,10
33e3798da80deb6be8ba828dc8a0141b,bengali,real,real,037_Kul Kolonko.mp3.mp3,4,10
5016df2aec609e66c212184c14b7ab38,bengali,real,real,037_Kul Kolonko.mp3.mp3,5,10
3ddc194ac68a6928ec52b24302959101,bengali,real,real,037_Kul Kolonko.mp3.mp3,6,10
c2560fe868b080fd0d4ab94b339dbf98,bengali,real,real,037_Kul Kolonko.mp3.mp3,7,10
b9313f1e693cc65cb1c04f02436c042d,bengali,real,real,037_Kul Kolonko.mp3.mp3,8,10
519a97065aca8a652358483326a55840,bengali,real,real,037_Kul Kolonko.mp3.mp3,9,10
a7fd79e49eb3c7fb9beabb03ba732261,bengali,real,real,037_Kul Kolonko.mp3.mp3,10,10
a6c491423ba069ed55ffd07c51869603,bengali,real,real,037_Kul Kolonko.mp3.mp3,11,10
8c3723f113f4693d5b851955a7faa660,bengali,real,real,037_Kul Kolonko.mp3.mp3,12,10
2bded04aa8665676d66448d7a35eb1cd,bengali,real,real,037_Kul Kolonko.mp3.mp3,13,10
fb53c378184eb847cd671135ab655284,bengali,real,real,037_Kul Kolonko.mp3.mp3,14,10
66b364f93e94ba1b6eaa7afb7451a321,bengali,real,real,037_Kul Kolonko.mp3.mp3,15,10
bc34b7cb107c2f87cef61cb084372d64,bengali,real,real,037_Kul Kolonko.mp3.mp3,16,10
0cc0a543ca7fc71de4626522d5ed279a,bengali,real,real,037_Kul Kolonko.mp3.mp3,17,10
fc7746cdfec2996669769f3047533d49,bengali,real,real,037_Kul Kolonko.mp3.mp3,18,10
beb1fc06d133bc749a7b737f39de0542,bengali,real,real,037_Kul Kolonko.mp3.mp3,19,10
b143f004a38947c7531b8c4503f24546,bengali,real,real,037_Kul Kolonko.mp3.mp3,20,10
96e81e73eaa46bf51eed30537b9b6ba1,bengali,real,real,037_Kul Kolonko.mp3.mp3,21,10
ab01fb052dc8c3f44a7d08f849f134e6,bengali,real,real,037_Kul Kolonko.mp3.mp3,22,10
395ac5cef68ff467df25d05d238abe0f,bengali,real,real,037_Kul Kolonko.mp3.mp3,23,10
801d98d6b3202ba1901841a2528eb305,bengali,real,real,037_Kul Kolonko.mp3.mp3,24,10
79479e420f5c1f46680cf829a67279d5,bengali,real,real,037_Kul Kolonko.mp3.mp3,25,10
45fead0e2ef19f49a5064bc8f21768f6,bengali,real,real,037_Kul Kolonko.mp3.mp3,26,10
7d235f38f6c46e441d3b8fdbafb5bcb5,bengali,real,real,037_Kul Kolonko.mp3.mp3,27,10
8bc97eabd7e26fc168c617aba6632df1,bengali,real,real,037_Kul Kolonko.mp3.mp3,28,10
680b7220c062c4fd50cdbc8bce532321,bengali,real,real,037_Kul Kolonko.mp3.mp3,29,10
ebbaaf1bedc3a415bbdd429b2fa996da,bengali,real,real,037_Kul Kolonko.mp3.mp3,30,10
a4647dfaee825c4105e691c25118fc48,bengali,real,real,037_Kul Kolonko.mp3.mp3,31,10
ffa2b5a1e4d4669fcc6cb64e54ac578a,bengali,real,real,037_Kul Kolonko.mp3.mp3,32,10
8d0a35a3d5a1175a18af4732fe5cbb52,bengali,real,real,037_Kul Kolonko.mp3.mp3,33,10
e2a55aa5633d736bbd09ecfecf7578ad,bengali,real,real,037_Kul Kolonko.mp3.mp3,34,10
51ce1e5cae5bbb93cd9a1571a6d88aa6,bengali,real,real,037_Kul Kolonko.mp3.mp3,35,10
5556ab519822548dc1ca8418d184a631,bengali,real,real,037_Kul Kolonko.mp3.mp3,36,10
07c73fd4e05698ef798b7b7f6036a376,bengali,real,real,037_Kul Kolonko.mp3.mp3,37,10
c23d0fe0764944960c39f4ee207c23ad,bengali,real,real,037_Kul Kolonko.mp3.mp3,38,10
f00ca87f8342010653038f13ee12ad6c,bengali,real,real,037_Kul Kolonko.mp3.mp3,39,10
b94ca3718f36ded72fe1d7cece14ce14,bengali,real,real,037_Kul Kolonko.mp3.mp3,40,10
76fea7bfbae1f3ea9d0fa90f8defe27e,bengali,real,real,037_Kul Kolonko.mp3.mp3,41,10
612a8a305b9c4bd944e16a47e36d665f,bengali,real,real,037_Kul Kolonko.mp3.mp3,42,10
6d4e3d03d16e92c462ca830da989df6b,bengali,real,real,037_Kul Kolonko.mp3.mp3,43,10
1cd43e321583adc91abad4fb984d103e,bengali,real,real,037_Kul Kolonko.mp3.mp3,44,10
239039ff34d1b45d60d50ae1c8dc2b83,bengali,real,real,038_Bou Katha Kao.mp3.mp3,0,10
197838e1b43045dd48dc319b297a6d53,bengali,real,real,038_Bou Katha Kao.mp3.mp3,1,10
a49060cfb751c9608491dfc7663cc93f,bengali,real,real,038_Bou Katha Kao.mp3.mp3,2,10
beb4c616ea94f5f1786d0841da5c80fa,bengali,real,real,038_Bou Katha Kao.mp3.mp3,3,10
9156e67aaae65bd946632eb973645374,bengali,real,real,038_Bou Katha Kao.mp3.mp3,4,10
6ce162c55bff7773fc0e02b02ef778dc,bengali,real,real,038_Bou Katha Kao.mp3.mp3,5,10
8b8850e71c6177f0feee26d8538a106a,bengali,real,real,038_Bou Katha Kao.mp3.mp3,6,10
6e87159264b206b19387233a2e9b411d,bengali,real,real,038_Bou Katha Kao.mp3.mp3,7,10
e0df88494d5cbabdb90e551c5fe6a5b8,bengali,real,real,038_Bou Katha Kao.mp3.mp3,8,10
5ad9c6686e07aa85c4a756f3fc30db3c,bengali,real,real,038_Bou Katha Kao.mp3.mp3,9,10
31b4e7f3c2e7805c597118182e7ecace,bengali,real,real,038_Bou Katha Kao.mp3.mp3,10,10
070cffeaece15c51db98303c9fc0d161,bengali,real,real,038_Bou Katha Kao.mp3.mp3,11,10
3184b4769224d46b8467edcf9b3d80d5,bengali,real,real,038_Bou Katha Kao.mp3.mp3,12,10
df42201449d783feb11746352655bb2a,bengali,real,real,038_Bou Katha Kao.mp3.mp3,13,10
57f2c26ff25c837c37b060b832a9d0f5,bengali,real,real,038_Bou Katha Kao.mp3.mp3,14,10
743ef036f4d9ef1e8e7cd4f29c368e94,bengali,real,real,038_Bou Katha Kao.mp3.mp3,15,10
144dc1f38f40c11bd8d4a3dcbbdbbfc3,bengali,real,real,038_Bou Katha Kao.mp3.mp3,16,10
e0c9cd6053e21f74c43d82aa67ebcb61,bengali,real,real,038_Bou Katha Kao.mp3.mp3,17,10
0eda2544fc765cd92d866796448dffdd,bengali,real,real,038_Bou Katha Kao.mp3.mp3,18,10
92726317631f1de6fcc869edde8cb80f,bengali,real,real,038_Bou Katha Kao.mp3.mp3,19,10
1ceb7cf9d8321b10e9640f4a96326fd3,bengali,real,real,039_Andhakare Ese Tumi.mp3.mp3,0,10
a326246fd8fce97daec83661536439b8,bengali,real,real,039_Andhakare Ese Tumi.mp3.mp3,1,10
6adeba4707ea1d86e35fe208355d976f,bengali,real,real,039_Andhakare Ese Tumi.mp3.mp3,2,10
493696454ed7b98f9205c78ae2c53c2f,bengali,real,real,039_Andhakare Ese Tumi.mp3.mp3,3,10
31e5b974b60a5ae879c308e5e56b302d,bengali,real,real,039_Andhakare Ese Tumi.mp3.mp3,4,10
1281f96433d5315936f4cc8b983bcf13,bengali,real,real,039_Andhakare Ese Tumi.mp3.mp3,5,10
72a6a2409cd7bdf99d28d9d1c2f3a7e7,bengali,real,real,039_Andhakare Ese Tumi.mp3.mp3,6,10
b23bcb6a7fec4f9d6275fcc78d0f442c,bengali,real,real,039_Andhakare Ese Tumi.mp3.mp3,7,10
551163eb5cd0128c1d3fcf9fddecf21d,bengali,real,real,039_Andhakare Ese Tumi.mp3.mp3,8,10
1d6a355751a8878aef7aac9bf6f22825,bengali,real,real,039_Andhakare Ese Tumi.mp3.mp3,9,10
6ab088b79b04e5672f09412a47f8ca6c,bengali,real,real,039_Andhakare Ese Tumi.mp3.mp3,10,10
7d83e0b764393a2b675f9c27e731245a,bengali,real,real,039_Andhakare Ese Tumi.mp3.mp3,11,10
cfd612ebaadf330fb353dd0895d450e4,bengali,real,real,039_Andhakare Ese Tumi.mp3.mp3,12,10
779562b6c17bd17a317e78a8f94cf441,bengali,real,real,039_Andhakare Ese Tumi.mp3.mp3,13,10
dcfad1d976bc78721ef677c25a430c2c,bengali,real,real,039_Andhakare Ese Tumi.mp3.mp3,14,10
ee5bd28fd3c7f4bec7ec439da0908292,bengali,real,real,039_Andhakare Ese Tumi.mp3.mp3,15,10
22de431ada289ca3ff56927544c85e29,bengali,real,real,040_Keno Tomra Amai Dako.mp3.mp3,0,10
3c7689cc8fae188d01f2e983dae64fdb,bengali,real,real,040_Keno Tomra Amai Dako.mp3.mp3,1,10
0041a12337717d0362fd8b07643fbaa4,bengali,real,real,040_Keno Tomra Amai Dako.mp3.mp3,2,10
1a1b5aaa539ea58692c82a61069f0008,bengali,real,real,040_Keno Tomra Amai Dako.mp3.mp3,3,10
a2130e1000e15f0862e79c3aa953a3a2,bengali,real,real,040_Keno Tomra Amai Dako.mp3.mp3,4,10
f046e2e44eb0a1c1c1ec9a18070debaf,bengali,real,real,040_Keno Tomra Amai Dako.mp3.mp3,5,10
dcbcc12212831782731f26dfdebc37c2,bengali,real,real,040_Keno Tomra Amai Dako.mp3.mp3,6,10
664b5b8def92abdbe100bc7b0caa88ae,bengali,real,real,040_Keno Tomra Amai Dako.mp3.mp3,7,10
521b2e6ce4d8a7a7c735a4fea048b91b,bengali,real,real,040_Keno Tomra Amai Dako.mp3.mp3,8,10
aa86fdc021fec3b310e350d7b20d1837,bengali,real,real,040_Keno Tomra Amai Dako.mp3.mp3,9,10
44f0084d7989c236731f80f526f6a982,bengali,real,real,040_Keno Tomra Amai Dako.mp3.mp3,10,10
8ce93a6f69a47251a68ae0f255b0885c,bengali,real,real,040_Keno Tomra Amai Dako.mp3.mp3,11,10
c6d88ac4bde5474758a7e1e199efa237,bengali,real,real,040_Keno Tomra Amai Dako.mp3.mp3,12,10
1cbed2a4bfd45798ce1251724c444615,bengali,real,real,040_Keno Tomra Amai Dako.mp3.mp3,13,10
5e2701262beb37505792e99589575bd0,bengali,real,real,040_Keno Tomra Amai Dako.mp3.mp3,14,10
245b54e38e1debb9e7fdb8ed2ce8c547,bengali,real,real,040_Keno Tomra Amai Dako.mp3.mp3,15,10
08ff359e2f859c1d24bf05fc23975d2a,bengali,real,real,040_Keno Tomra Amai Dako.mp3.mp3,16,10
7296ece54e0a070de7678a81bf568a76,bengali,real,real,040_Keno Tomra Amai Dako.mp3.mp3,17,10
ee03ff0b630b599b8750717dc980a02b,bengali,real,real,040_Keno Tomra Amai Dako.mp3.mp3,18,10
c30277797e172145c2155941282f49c2,bengali,real,real,041_Tor Bhubane Jwale Eto Alo.mp3.mp3,0,10
8f24405687302773f12e73bc8d871b98,bengali,real,real,041_Tor Bhubane Jwale Eto Alo.mp3.mp3,1,10
84f06675e6799767f3b64b6f8ad50763,bengali,real,real,041_Tor Bhubane Jwale Eto Alo.mp3.mp3,2,10
9e29b0c431a15cd0d73d3e0cf9fd6741,bengali,real,real,041_Tor Bhubane Jwale Eto Alo.mp3.mp3,3,10
919294c9528d740446bf95ad12e20132,bengali,real,real,041_Tor Bhubane Jwale Eto Alo.mp3.mp3,4,10
be5c3c7f850bcb5d6cbde5b52c0c8d9e,bengali,real,real,041_Tor Bhubane Jwale Eto Alo.mp3.mp3,5,10
eb6de8a3fed419334a3124473d931f48,bengali,real,real,041_Tor Bhubane Jwale Eto Alo.mp3.mp3,6,10
168b16c7edce911b5f06cae90c0cb4d4,bengali,real,real,041_Tor Bhubane Jwale Eto Alo.mp3.mp3,7,10
dbd5689774e32d0e6c15b6c2a8e3e280,bengali,real,real,041_Tor Bhubane Jwale Eto Alo.mp3.mp3,8,10
d0ae9ff3a14b866b423559997bda6809,bengali,real,real,041_Tor Bhubane Jwale Eto Alo.mp3.mp3,9,10
d2c3e737c0bf1da22406553fabbd4537,bengali,real,real,041_Tor Bhubane Jwale Eto Alo.mp3.mp3,10,10
f895ebfa31ee327676a2dce8366a0359,bengali,real,real,041_Tor Bhubane Jwale Eto Alo.mp3.mp3,11,10
c850d74d773a5a7677e850a4a7ee8336,bengali,real,real,041_Tor Bhubane Jwale Eto Alo.mp3.mp3,12,10
00e97ceb3eaa139efcae1db089c12b54,bengali,real,real,041_Tor Bhubane Jwale Eto Alo.mp3.mp3,13,10
3ca457134ffe2a35c7bebbf1900eac33,bengali,real,real,041_Tor Bhubane Jwale Eto Alo.mp3.mp3,14,10
53256812067a313e0ac18cb007a6e1b4,bengali,real,real,041_Tor Bhubane Jwale Eto Alo.mp3.mp3,15,10
3b6934304f804581d0ec3e0aa116b7bf,bengali,real,real,041_Tor Bhubane Jwale Eto Alo.mp3.mp3,16,10
bbac0cc0b56dee3654f728117b8edcd8,bengali,real,real,041_Tor Bhubane Jwale Eto Alo.mp3.mp3,17,10
8a6f5c6fb88022f00d0b231739e0436f,bengali,real,real,041_Tor Bhubane Jwale Eto Alo.mp3.mp3,18,10
00a93a0de2a3efd80054457b2343ffa1,bengali,real,real,041_Tor Bhubane Jwale Eto Alo.mp3.mp3,19,10
532e12ed59ae1b80f9955b61c38fc256,bengali,real,real,041_Tor Bhubane Jwale Eto Alo.mp3.mp3,20,10
62eb7b610f9e8b02e71c1dd36d551a81,bengali,real,real,041_Tor Bhubane Jwale Eto Alo.mp3.mp3,21,10
3f7033a2db55957f3093651398af69e3,bengali,real,real,042_Amar Bhetor Ami Ke.mp3.mp3,0,10
2481f3dafd7766ca72e2abdfa36f708e,bengali,real,real,042_Amar Bhetor Ami Ke.mp3.mp3,1,10
f6445e4e2c591d5c5c9171ef98ae13e9,bengali,real,real,042_Amar Bhetor Ami Ke.mp3.mp3,2,10
48171d83cc1e1c50cf5de0205df5f716,bengali,real,real,042_Amar Bhetor Ami Ke.mp3.mp3,3,10
6758ee79878140d2b1820f0850695228,bengali,real,real,042_Amar Bhetor Ami Ke.mp3.mp3,4,10
a1c7417fe04a9120c70b0b617b27b1b1,bengali,real,real,042_Amar Bhetor Ami Ke.mp3.mp3,5,10
afbfeb9adfc715d30415fcacfa2925e7,bengali,real,real,042_Amar Bhetor Ami Ke.mp3.mp3,6,10
dcbeacadeb25c44350bf24f1f59b4d74,bengali,real,real,042_Amar Bhetor Ami Ke.mp3.mp3,7,10
de391989fcc6a3c1e00dbaa1c8b10fe6,bengali,real,real,042_Amar Bhetor Ami Ke.mp3.mp3,8,10
360b590c8ec55d8029fa5970ef9a14d6,bengali,real,real,042_Amar Bhetor Ami Ke.mp3.mp3,9,10
2a5231714cf21ec4da9f3c006b04314c,bengali,real,real,042_Amar Bhetor Ami Ke.mp3.mp3,10,10
1135c0b0ae1015d6a0b7901b2f8d03bd,bengali,real,real,042_Amar Bhetor Ami Ke.mp3.mp3,11,10
48bf09679409c63d5a54416b6571f816,bengali,real,real,042_Amar Bhetor Ami Ke.mp3.mp3,12,10
554737d41464eb9f328478205283fa4a,bengali,real,real,042_Amar Bhetor Ami Ke.mp3.mp3,13,10
e19dcccda33805882af0cc5515842b77,bengali,real,real,042_Amar Bhetor Ami Ke.mp3.mp3,14,10
55f856642bc382d50664221577ac189f,bengali,real,real,042_Amar Bhetor Ami Ke.mp3.mp3,15,10
abf1b983a284ea87980e3e8fdf3be64f,bengali,real,real,042_Amar Bhetor Ami Ke.mp3.mp3,16,10
432cbd36668ef90c495ab00ad953c39c,bengali,real,real,042_Amar Bhetor Ami Ke.mp3.mp3,17,10
2328b999a898a6d5164ccb849054b7b1,bengali,real,real,042_Amar Bhetor Ami Ke.mp3.mp3,18,10
e42cfc7a192f0a3b8d138b9936e7b4f2,bengali,real,real,042_Amar Bhetor Ami Ke.mp3.mp3,19,10
e851e2fa957518807d95fba5d38699c0,bengali,real,real,042_Amar Bhetor Ami Ke.mp3.mp3,20,10
74440d7a9a3db5ea9ecab1ddf67fb25c,bengali,real,real,042_Amar Bhetor Ami Ke.mp3.mp3,21,10
49697e88d61e4f5204953464f8c38976,bengali,real,real,042_Amar Bhetor Ami Ke.mp3.mp3,22,10
ce9a44f24fc152497e9c4acbffe5f228,bengali,real,real,042_Amar Bhetor Ami Ke.mp3.mp3,23,10
cc769cfee2c5d0d5c334bd0b1c8da778,bengali,real,real,042_Amar Bhetor Ami Ke.mp3.mp3,24,10
3970a514435c24591a03fc5b8ff7f7a4,bengali,real,real,042_Amar Bhetor Ami Ke.mp3.mp3,25,10
22e60a65617884132c4fb6945630254d,bengali,real,real,042_Amar Bhetor Ami Ke.mp3.mp3,26,10
5926772d2cf4f55d42bc316e6a88b2f7,bengali,real,real,042_Amar Bhetor Ami Ke.mp3.mp3,27,10
6d4e1214e348d3076225912c8453a5e4,bengali,real,real,042_Amar Bhetor Ami Ke.mp3.mp3,28,10
6226675fd523cb376f85ef202c28143c,bengali,real,real,042_Amar Bhetor Ami Ke.mp3.mp3,29,10
b1567c1cfde278a8f54cae3ad3a9edc8,bengali,real,real,042_Amar Bhetor Ami Ke.mp3.mp3,30,10
1a1491be28064d0288c834625cce4b8b,bengali,real,real,042_Amar Bhetor Ami Ke.mp3.mp3,31,10
5d95cb5fd2f8cbd90c861786a0bd6fcb,bengali,real,real,042_Amar Bhetor Ami Ke.mp3.mp3,32,10
87ea903b10a9c54a5bd8210f18c21716,bengali,real,real,042_Amar Bhetor Ami Ke.mp3.mp3,33,10
9a7b2ae46d11c0089abc07d8d682b4eb,bengali,real,real,042_Amar Bhetor Ami Ke.mp3.mp3,34,10
15916e5b3f79d74772fdff10dc6f5f73,bengali,real,real,042_Amar Bhetor Ami Ke.mp3.mp3,35,10
aad06a0ff0d98b7cb567a9b44f631b95,bengali,real,real,042_Amar Bhetor Ami Ke.mp3.mp3,36,10
1c496ef22185c9ffc88331deb2e456cb,bengali,real,real,042_Amar Bhetor Ami Ke.mp3.mp3,37,10
73c1940021e8f78226288c76a4d373fe,bengali,real,real,042_Amar Bhetor Ami Ke.mp3.mp3,38,10
0d70e16f0dfc3d7afafc9e8f8325d18f,bengali,real,real,042_Amar Bhetor Ami Ke.mp3.mp3,39,10
9486a03138970135eb3dc6bacd7a3fef,bengali,real,real,042_Amar Bhetor Ami Ke.mp3.mp3,40,10
f2bc203f7072e93c553f6d064b8d6b62,bengali,real,real,042_Amar Bhetor Ami Ke.mp3.mp3,41,10
5ca55b2cf6a6bf9adfc33cba8a40df8b,bengali,real,real,042_Amar Bhetor Ami Ke.mp3.mp3,42,10
d04a000ea30f056cd8f1bc9194f4f791,bengali,real,real,042_Amar Bhetor Ami Ke.mp3.mp3,43,10
f0ae8adbfdd6de76d7d06aa30e39ff05,bengali,real,real,042_Amar Bhetor Ami Ke.mp3.mp3,44,10
079e26950d67f09e221621c80d7faa2c,bengali,real,real,042_Amar Bhetor Ami Ke.mp3.mp3,45,10
1223d222ecad228492b210c723da8a59,bengali,real,real,042_Amar Bhetor Ami Ke.mp3.mp3,46,10
befda9b5c11745b6df2498207d933331,bengali,real,real,042_Amar Bhetor Ami Ke.mp3.mp3,47,10
59f568d78180c0d378937dd77916ee03,bengali,real,real,042_Amar Bhetor Ami Ke.mp3.mp3,48,10
c43eb48181228cb7eb80c884074bd066,bengali,real,real,042_Amar Bhetor Ami Ke.mp3.mp3,49,10
fd5642d9a8c1b31fa3312dfbc9a03d1f,bengali,real,real,042_Amar Bhetor Ami Ke.mp3.mp3,50,10
67be17bbd57174a330a318957e88438a,bengali,real,real,042_Amar Bhetor Ami Ke.mp3.mp3,51,10
f47e044093cab360ef64f00c7d2bc22d,bengali,real,real,042_Amar Bhetor Ami Ke.mp3.mp3,52,10
bca18270345822d1e6da11c4c82bc788,bengali,real,real,043_Ma Habi Na Meye Habi.mp3.mp3,0,10
1a3c0d98709158d580b1d9c0ed6a1ca7,bengali,real,real,043_Ma Habi Na Meye Habi.mp3.mp3,1,10
87e24a16d516fdc6d30a820c6644469a,bengali,real,real,043_Ma Habi Na Meye Habi.mp3.mp3,2,10
3641961d19533befad2d56f04baf92a8,bengali,real,real,043_Ma Habi Na Meye Habi.mp3.mp3,3,10
edd5a3a324292d84fcf05f09dffaa464,bengali,real,real,043_Ma Habi Na Meye Habi.mp3.mp3,4,10
c52477e2cb6708676802983de97578b4,bengali,real,real,043_Ma Habi Na Meye Habi.mp3.mp3,5,10
06a4e11d059927d2547c290654c19cee,bengali,real,real,043_Ma Habi Na Meye Habi.mp3.mp3,6,10
667b00e4c202e66b9a458131de1c0575,bengali,real,real,043_Ma Habi Na Meye Habi.mp3.mp3,7,10
e74ee2e57f2139a87e37eac089f261b8,bengali,real,real,043_Ma Habi Na Meye Habi.mp3.mp3,8,10
3e08bf5dd8f8f8fa75e58038a6ab9c6b,bengali,real,real,043_Ma Habi Na Meye Habi.mp3.mp3,9,10
632c7633a5f561b46ff541be8e92b11e,bengali,real,real,043_Ma Habi Na Meye Habi.mp3.mp3,10,10
cd9461976b8b2044122d3d2164278b14,bengali,real,real,043_Ma Habi Na Meye Habi.mp3.mp3,11,10
165034792820aab61e30883cc51726f6,bengali,real,real,043_Ma Habi Na Meye Habi.mp3.mp3,12,10
16181999def5246de32d5a6b60e59e2e,bengali,real,real,043_Ma Habi Na Meye Habi.mp3.mp3,13,10
ef4b8160f5a5e6f21625b08b8f4ff26c,bengali,real,real,043_Ma Habi Na Meye Habi.mp3.mp3,14,10
707ead6074108a37eaa1797fd9babc5e,bengali,real,real,043_Ma Habi Na Meye Habi.mp3.mp3,15,10
223eec154f224832c511afd19ae505b1,bengali,real,real,043_Ma Habi Na Meye Habi.mp3.mp3,16,10
1328e11343f38d647222e7d90be49e36,bengali,real,real,043_Ma Habi Na Meye Habi.mp3.mp3,17,10
14b6cdc9006187c8c4ed9104ad9d5988,bengali,real,real,043_Ma Habi Na Meye Habi.mp3.mp3,18,10
687e0d98f56827f4311fb3513bc096aa,bengali,real,real,043_Ma Habi Na Meye Habi.mp3.mp3,19,10
86cce1455130644765edd89a7264c82f,bengali,real,real,043_Ma Habi Na Meye Habi.mp3.mp3,20,10
78f20e6ab2f60c5b54d29edd27f122d4,bengali,real,real,043_Ma Habi Na Meye Habi.mp3.mp3,21,10
4372c9ea36864066e6774c0b04138133,bengali,real,real,043_Ma Habi Na Meye Habi.mp3.mp3,22,10
c59b57ca956f2a6cf59019af9d085ec1,bengali,real,real,043_Ma Habi Na Meye Habi.mp3.mp3,23,10
c6be6fdadb5bd52fbd315512af0167d8,bengali,real,real,043_Ma Habi Na Meye Habi.mp3.mp3,24,10
9398f5cc2fb64e1f086015a841bc7d6b,bengali,real,real,043_Ma Habi Na Meye Habi.mp3.mp3,25,10
c7eceeaa5e70108e4a1fb1c0ce2adeca,bengali,real,real,043_Ma Habi Na Meye Habi.mp3.mp3,26,10
ff4d30edac49175fbfc03f29acc18f51,bengali,real,real,043_Ma Habi Na Meye Habi.mp3.mp3,27,10
9417427c1d724c5c73c63b6b632ff79b,bengali,real,real,043_Ma Habi Na Meye Habi.mp3.mp3,28,10
e9feb8ba2ed7be731dcf3ae16c293a1b,bengali,real,real,043_Ma Habi Na Meye Habi.mp3.mp3,29,10
964913f18cff373965b5eb01fbb60e2f,bengali,real,real,043_Ma Habi Na Meye Habi.mp3.mp3,30,10
9bf880c6802925cf01e78ee49b95c32e,bengali,real,real,043_Ma Habi Na Meye Habi.mp3.mp3,31,10
cbf5d4766368e82085df4a4dff97c3ad,bengali,real,real,043_Ma Habi Na Meye Habi.mp3.mp3,32,10
44106e3bf0e367f9bf939e2bc5c4626d,bengali,real,real,043_Ma Habi Na Meye Habi.mp3.mp3,33,10
af10ac03b6b1b620e9ec3c9f2865c0be,bengali,real,real,043_Ma Habi Na Meye Habi.mp3.mp3,34,10
df8a23a47553b90982593755e3940bb1,bengali,real,real,043_Ma Habi Na Meye Habi.mp3.mp3,35,10
ce1cb667c65eb71513b96542cf08cb27,bengali,real,real,043_Ma Habi Na Meye Habi.mp3.mp3,36,10
61fb626b27c235be2e15783525af3e1c,bengali,real,real,043_Ma Habi Na Meye Habi.mp3.mp3,37,10
070638ebf1bda38b4ecaa26a09b8fb48,bengali,real,real,043_Ma Habi Na Meye Habi.mp3.mp3,38,10
751a89497af6b13fa29adb87d7480c59,bengali,real,real,043_Ma Habi Na Meye Habi.mp3.mp3,39,10
d48fec2f3d342e159c62cfbda49615f5,bengali,real,real,043_Ma Habi Na Meye Habi.mp3.mp3,40,10
d97b9dace77fd3f8fdf8ad63a6b4dc33,bengali,real,real,043_Ma Habi Na Meye Habi.mp3.mp3,41,10
fe7771d931416a0d374edd430235848e,bengali,real,real,043_Ma Habi Na Meye Habi.mp3.mp3,42,10
54f904bd0de33aeffbc2b0690b4e0ce6,bengali,real,real,043_Ma Habi Na Meye Habi.mp3.mp3,43,10
2b7b217450cb57a72ffed6fbc04ad6b6,bengali,real,real,043_Ma Habi Na Meye Habi.mp3.mp3,44,10
84b0303b4fc35ba2b6d0a00de1975802,bengali,real,real,043_Ma Habi Na Meye Habi.mp3.mp3,45,10
c0a18a25cc58efcd250de5c8bccf30bf,bengali,real,real,043_Ma Habi Na Meye Habi.mp3.mp3,46,10
fb9ca70755fac8a7b24dd28990a152ee,bengali,real,real,043_Ma Habi Na Meye Habi.mp3.mp3,47,10
1c62e8140e243f6ebd7cf173fc541d2a,bengali,real,real,043_Ma Habi Na Meye Habi.mp3.mp3,48,10
d7f3e440b3aee289204bd960112b513e,bengali,real,real,043_Ma Habi Na Meye Habi.mp3.mp3,49,10
81c3e937704608f75e420b4ea4e42bcd,bengali,real,real,043_Ma Habi Na Meye Habi.mp3.mp3,50,10
3e23bd3a55eae831ab0b244a4ed9090b,bengali,real,real,043_Ma Habi Na Meye Habi.mp3.mp3,51,10
22cb4ed3096d7b5131efa00e22dff738,bengali,real,real,043_Ma Habi Na Meye Habi.mp3.mp3,52,10
100d0bba0830f381d7767528ee162065,bengali,real,real,043_Ma Habi Na Meye Habi.mp3.mp3,53,10
a7c9200050aabcb66548e4c0cf813a28,bengali,real,real,043_Ma Habi Na Meye Habi.mp3.mp3,54,10
6f91c5576ee5168a5c45fe24712f8d72,bengali,real,real,043_Ma Habi Na Meye Habi.mp3.mp3,55,10
0bed55aafebf14aa00632dbfcb758946,bengali,real,real,043_Ma Habi Na Meye Habi.mp3.mp3,56,10
ca59fac4415b6c2eafa61391cfc77f89,bengali,real,real,043_Ma Habi Na Meye Habi.mp3.mp3,57,10
07ee7fe718ffedfbea52560a01e7d55d,bengali,real,real,043_Ma Habi Na Meye Habi.mp3.mp3,58,10
2e627c9d48b79a779bfd627d45f63ea1,bengali,real,real,043_Ma Habi Na Meye Habi.mp3.mp3,59,10
f7e32b86e13a6260c615033ba7a95c43,bengali,real,real,043_Ma Habi Na Meye Habi.mp3.mp3,60,10
ef01d1cabc8092862c78a557c23a1e0c,bengali,real,real,043_Ma Habi Na Meye Habi.mp3.mp3,61,10
115f4556045b1c6d8a4cc26a4283c43e,bengali,real,real,043_Ma Habi Na Meye Habi.mp3.mp3,62,10
c9490737a13af82d2afdc3624d98e460,bengali,real,real,043_Ma Habi Na Meye Habi.mp3.mp3,63,10
593ba03f948039292ca961f2b1c239a9,bengali,real,real,043_Ma Habi Na Meye Habi.mp3.mp3,64,10
782339b05fe59c2375810f09c0a91ed7,bengali,real,real,043_Ma Habi Na Meye Habi.mp3.mp3,65,10
e92770ef22f11c1f04433f8b57df31a9,bengali,real,real,043_Ma Habi Na Meye Habi.mp3.mp3,66,10
8958a388aac457fad534fad3f8627f68,bengali,real,real,043_Ma Habi Na Meye Habi.mp3.mp3,67,10
b11ff6cbe792c193a989eafeb59d4ae4,bengali,real,real,043_Ma Habi Na Meye Habi.mp3.mp3,68,10
2828113b907c38197d578e3bbe01ca50,bengali,real,real,043_Ma Habi Na Meye Habi.mp3.mp3,69,10
a699d723c4062186dafd07b76359cade,bengali,real,real,043_Ma Habi Na Meye Habi.mp3.mp3,70,10
724da7b5cbb9d3bff2256f699c066112,bengali,real,real,043_Ma Habi Na Meye Habi.mp3.mp3,71,10
e8f7e6672ab32d2a3f03039c9a4b59ad,bengali,real,real,043_Ma Habi Na Meye Habi.mp3.mp3,72,10
9f887c6de7f9d99bdb922ba089094279,bengali,real,real,043_Ma Habi Na Meye Habi.mp3.mp3,73,10
9993f88b1544363e9d164ebaf44eea16,bengali,real,real,043_Ma Habi Na Meye Habi.mp3.mp3,74,10
35fd61594c28d38e30fb1e7cfa2b9a62,bengali,real,real,043_Ma Habi Na Meye Habi.mp3.mp3,75,10
e86e56b5907741e9175186d5802fca34,bengali,real,real,043_Ma Habi Na Meye Habi.mp3.mp3,76,10
6848e0c6c085595ad6c1f195ce20dd35,bengali,real,real,043_Ma Habi Na Meye Habi.mp3.mp3,77,10
fd746adb134161bc9cc117ee8270bb64,bengali,real,real,043_Ma Habi Na Meye Habi.mp3.mp3,78,10
71cc6e5227e7115f5e8d722e10885995,bengali,real,real,043_Ma Habi Na Meye Habi.mp3.mp3,79,10
639760567f70b0c199938360659341eb,bengali,real,real,043_Ma Habi Na Meye Habi.mp3.mp3,80,10
334111f6a54d43c1a109ca3636724e45,bengali,real,real,043_Ma Habi Na Meye Habi.mp3.mp3,81,10
2dce0d3a6ce24ffa124d88e82a97397f,bengali,real,real,043_Ma Habi Na Meye Habi.mp3.mp3,82,10
5201bef35f7d25df077141e7e76ee036,bengali,real,real,043_Ma Habi Na Meye Habi.mp3.mp3,83,10
f2375b4c40437db889dfa1ada99f5313,bengali,real,real,043_Ma Habi Na Meye Habi.mp3.mp3,84,10
7d85a744eb4aa76a09316fc267f1a9d4,bengali,real,real,043_Ma Habi Na Meye Habi.mp3.mp3,85,10
8a8b762a89998e16cb210f29f9ccf271,bengali,real,real,043_Ma Habi Na Meye Habi.mp3.mp3,86,10
f3f23bb157ed47543f3c8a012f9c06f2,bengali,real,real,043_Ma Habi Na Meye Habi.mp3.mp3,87,10
efaa384db218b4a26d3ea6a6da65afe1,bengali,real,real,043_Ma Habi Na Meye Habi.mp3.mp3,88,10
96f5bc881487038409b24689ae8ec0b1,bengali,real,real,043_Ma Habi Na Meye Habi.mp3.mp3,89,10
388781c3da7a79be0be2f8ddd2c461fa,bengali,real,real,043_Ma Habi Na Meye Habi.mp3.mp3,90,10
5d20e8db96231fe22d96a3b589495e88,bengali,real,real,043_Ma Habi Na Meye Habi.mp3.mp3,91,10
4250a0115c25f7d9bc08619a0142eb1d,bengali,real,real,043_Ma Habi Na Meye Habi.mp3.mp3,92,10
f59ba478c01b38ea583776f3dc794405,bengali,real,real,043_Ma Habi Na Meye Habi.mp3.mp3,93,10
e295a848cf7efbdd82093b81004ad0b8,bengali,real,real,043_Ma Habi Na Meye Habi.mp3.mp3,94,10
c540a75d99fa7a11a88f44a14ce6b0d6,bengali,real,real,043_Ma Habi Na Meye Habi.mp3.mp3,95,10
1d72847767df8a80c72d18a744e96c2a,bengali,real,real,043_Ma Habi Na Meye Habi.mp3.mp3,96,10
4ba76b5d3ea79d15e373c13723c57eeb,bengali,real,real,043_Ma Habi Na Meye Habi.mp3.mp3,97,10
191f7fb3e356bfa928876c3c668f0863,bengali,real,real,043_Ma Habi Na Meye Habi.mp3.mp3,98,10
7382e640c149d804908ae63a42892bad,bengali,real,real,043_Ma Habi Na Meye Habi.mp3.mp3,99,10
c6ac4828b888c562da00dc31257fde50,bengali,real,real,043_Ma Habi Na Meye Habi.mp3.mp3,100,10
97b2d5d7b4ff010f3fab620fea545e03,bengali,real,real,043_Ma Habi Na Meye Habi.mp3.mp3,101,10
f05c1c3f79a747567aa9f341ff0fd062,bengali,real,real,043_Ma Habi Na Meye Habi.mp3.mp3,102,10
59cdd5939a77a9d8481ae19f379c4c17,bengali,real,real,043_Ma Habi Na Meye Habi.mp3.mp3,103,10
ebc304249ff6de7938416f9a8e7c7c6b,bengali,real,real,043_Ma Habi Na Meye Habi.mp3.mp3,104,10
06af5bc71aea3a33971b128173609c1a,bengali,real,real,043_Ma Habi Na Meye Habi.mp3.mp3,105,10
8e0b09809f67fcf9e53ca19a9e04d871,bengali,real,real,043_Ma Habi Na Meye Habi.mp3.mp3,106,10
f8a937e85e3e931454d67dbdaeb45dae,bengali,real,real,043_Ma Habi Na Meye Habi.mp3.mp3,107,10
ea84cd4ded02f55befba9aa71aca8bc4,bengali,real,real,043_Ma Habi Na Meye Habi.mp3.mp3,108,10
c6b3579a89dc04788ea2f027296cba5a,bengali,real,real,043_Ma Habi Na Meye Habi.mp3.mp3,109,10
28587ff081c1924130e3059beb531018,bengali,real,real,043_Ma Habi Na Meye Habi.mp3.mp3,110,10
b960419f4c1604b536181c71c7b53edc,bengali,real,real,043_Ma Habi Na Meye Habi.mp3.mp3,111,10
02739658d42f9640eaa11dff34f7494a,bengali,real,real,043_Ma Habi Na Meye Habi.mp3.mp3,112,10
93216453a4f82b4326c09f6aef562121,bengali,real,real,043_Ma Habi Na Meye Habi.mp3.mp3,113,10
73d057e3d8978961af19e8fdd16043ba,bengali,real,real,043_Ma Habi Na Meye Habi.mp3.mp3,114,10
8370ba7fe934ce8fff3024bb9b7c4955,bengali,real,real,043_Ma Habi Na Meye Habi.mp3.mp3,115,10
c10d823a4691cc6599105560c86fd0e9,bengali,real,real,043_Ma Habi Na Meye Habi.mp3.mp3,116,10
7573955a4cf3926aec6b743d2ff41028,bengali,real,real,043_Ma Habi Na Meye Habi.mp3.mp3,117,10
dbed2f8f3b13616d3bebe04f1a7454aa,bengali,real,real,043_Ma Habi Na Meye Habi.mp3.mp3,118,10
735d06477cfa935178b011e2e12dd145,bengali,real,real,043_Ma Habi Na Meye Habi.mp3.mp3,119,10
89737eadba2ce221cbb439fa72ba7a28,bengali,real,real,043_Ma Habi Na Meye Habi.mp3.mp3,120,10
49c463f416da1ebd1088112c072628de,bengali,real,real,043_Ma Habi Na Meye Habi.mp3.mp3,121,10
83f5e7b8906386569cc285b384cfbf14,bengali,real,real,043_Ma Habi Na Meye Habi.mp3.mp3,122,10
d3c4c927b02ce28ca6a1c37f98126d27,bengali,real,real,043_Ma Habi Na Meye Habi.mp3.mp3,123,10
4a235d3d6781c29c23ace26703629dcb,bengali,real,real,043_Ma Habi Na Meye Habi.mp3.mp3,124,10
5518ea34bb29f042d63a04d01d11c8d5,bengali,real,real,043_Ma Habi Na Meye Habi.mp3.mp3,125,10
49d61306c1860abbcc145dbd37dbc07d,bengali,real,real,043_Ma Habi Na Meye Habi.mp3.mp3,126,10
2eb45688d532749206ce059feadb66fb,bengali,real,real,043_Ma Habi Na Meye Habi.mp3.mp3,127,10
063755d1ede30849cff26022d27ab3c0,bengali,real,real,043_Ma Habi Na Meye Habi.mp3.mp3,128,10
799c88b3527e95fc0209130552d8d4ba,bengali,real,real,043_Ma Habi Na Meye Habi.mp3.mp3,129,10
ccd5234403aee0799de418089c6f5193,bengali,real,real,043_Ma Habi Na Meye Habi.mp3.mp3,130,10
19ad51f0f711f1d96ba47f6038e7e6df,bengali,real,real,043_Ma Habi Na Meye Habi.mp3.mp3,131,10
d04495eee2699d9d51de2da69424b863,bengali,real,real,043_Ma Habi Na Meye Habi.mp3.mp3,132,10
acfd2b24432bbf6bbdda831f07eee970,bengali,real,real,043_Ma Habi Na Meye Habi.mp3.mp3,133,10
200698a154db0932a71a0efe1f8eafec,bengali,real,real,043_Ma Habi Na Meye Habi.mp3.mp3,134,10
ba022b2c70ef2b33ba74392ef83732b6,bengali,real,real,043_Ma Habi Na Meye Habi.mp3.mp3,135,10
2de2025192ea758910f15623d5fcc281,bengali,real,real,043_Ma Habi Na Meye Habi.mp3.mp3,136,10
739828ca80b5b35955e81ee1cc05676c,bengali,real,real,043_Ma Habi Na Meye Habi.mp3.mp3,137,10
77e2a1425d35c2f6e300c564b1467c7c,bengali,real,real,043_Ma Habi Na Meye Habi.mp3.mp3,138,10
a32a8c128e058afbc00a5b9bf15b1164,bengali,real,real,043_Ma Habi Na Meye Habi.mp3.mp3,139,10
b0b2594a4981907bf414bfdcb1ed4f5c,bengali,real,real,043_Ma Habi Na Meye Habi.mp3.mp3,140,10
29b7f1e662d002d0f09f1c5aead4a9b6,bengali,real,real,043_Ma Habi Na Meye Habi.mp3.mp3,141,10
015348111edc80b42e0931b66c8bd4f8,bengali,real,real,043_Ma Habi Na Meye Habi.mp3.mp3,142,10
3e0585cd6af7746d24403495fed36aa3,bengali,real,real,043_Ma Habi Na Meye Habi.mp3.mp3,143,10
baac93f23ca847eebed9e1e2a9fe258e,bengali,real,real,043_Ma Habi Na Meye Habi.mp3.mp3,144,10
9f4ef656232ef4dcbc652b81536492df,bengali,real,real,043_Ma Habi Na Meye Habi.mp3.mp3,145,10
7912296d31982ca96311701556bdde3a,bengali,real,real,043_Ma Habi Na Meye Habi.mp3.mp3,146,10
388f552d4449668761f794d9ef9bf14a,bengali,real,real,043_Ma Habi Na Meye Habi.mp3.mp3,147,10
ddf8c4de7df14e64e6826a12cb1f3195,bengali,real,real,043_Ma Habi Na Meye Habi.mp3.mp3,148,10
c1e5a5c989b68f7854ca4cbe1be55467,bengali,real,real,043_Ma Habi Na Meye Habi.mp3.mp3,149,10
61c00bf8e2a34b101653d12034ff4431,bengali,real,real,043_Ma Habi Na Meye Habi.mp3.mp3,150,10
827ee39f5b02abde8694c262ea203c3d,bengali,real,real,043_Ma Habi Na Meye Habi.mp3.mp3,151,10
44a42419e57b1076ee3213d088cbf7b3,bengali,real,real,043_Ma Habi Na Meye Habi.mp3.mp3,152,10
f7430048e0d699cc2561939a43c353c5,bengali,real,real,043_Ma Habi Na Meye Habi.mp3.mp3,153,10
ac3ea3e3991e56fc3b0004927a550447,bengali,real,real,043_Ma Habi Na Meye Habi.mp3.mp3,154,10
e04fc33a3e482722d4ca38a8b3406993,bengali,real,real,043_Ma Habi Na Meye Habi.mp3.mp3,155,10
3df95326c249d2a4c331398cdde39b2c,bengali,real,real,043_Ma Habi Na Meye Habi.mp3.mp3,156,10
2ccefae9abf1b68016cfeb14b310de7b,bengali,real,real,043_Ma Habi Na Meye Habi.mp3.mp3,157,10
b3a55bc3ffa4657a9ed51c0e2f98abaa,bengali,real,real,043_Ma Habi Na Meye Habi.mp3.mp3,158,10
f570f666f7dc1fd88e5f82ce17397539,bengali,real,real,043_Ma Habi Na Meye Habi.mp3.mp3,159,10
7d220046263d716711715576364ac4b3,bengali,real,real,043_Ma Habi Na Meye Habi.mp3.mp3,160,10
1c2903806385e11b976b227253e3d2aa,bengali,real,real,043_Ma Habi Na Meye Habi.mp3.mp3,161,10
56606bf9997c8113fc1f702f00f180f3,bengali,real,real,043_Ma Habi Na Meye Habi.mp3.mp3,162,10
362927c9bb89cec08733edcde01c09c7,bengali,real,real,043_Ma Habi Na Meye Habi.mp3.mp3,163,10
f9d2abe6cabcb01ce89896b7abbad6fd,bengali,real,real,043_Ma Habi Na Meye Habi.mp3.mp3,164,10
58983a87d27f86b33712de1bd71a101f,bengali,real,real,043_Ma Habi Na Meye Habi.mp3.mp3,165,10
e1d220c18966a37b72eeca3656f311e3,bengali,real,real,043_Ma Habi Na Meye Habi.mp3.mp3,166,10
94cb86c9f1d99a431dd875a8b69cc57b,bengali,real,real,043_Ma Habi Na Meye Habi.mp3.mp3,167,10
891e8d74dbf6bdbdb086f7e43f063a05,bengali,real,real,043_Ma Habi Na Meye Habi.mp3.mp3,168,10
d5f1809a52f28af4726b4616d2ebbedf,bengali,real,real,043_Ma Habi Na Meye Habi.mp3.mp3,169,10
295f109a23f62a8d5cca36165abae33f,bengali,real,real,043_Ma Habi Na Meye Habi.mp3.mp3,170,10
cdfd0aba07a9afcc0f21134fc05a771c,bengali,real,real,043_Ma Habi Na Meye Habi.mp3.mp3,171,10
f07ce7b192ababe8ba2f7160a48ae938,bengali,real,real,043_Ma Habi Na Meye Habi.mp3.mp3,172,10
e80c41051ce8917e256050e3be02071f,bengali,real,real,043_Ma Habi Na Meye Habi.mp3.mp3,173,10
da9de5e2252f92d0a27bb44c07722ac2,bengali,real,real,043_Ma Habi Na Meye Habi.mp3.mp3,174,10
9527414b04e1b736d2f99b785f43d4f0,bengali,real,real,043_Ma Habi Na Meye Habi.mp3.mp3,175,10
3900f027e35e401355d9795952786130,bengali,real,real,043_Ma Habi Na Meye Habi.mp3.mp3,176,10
818dc0ab1c7c05a5adb2cbc823d1ce9c,bengali,real,real,043_Ma Habi Na Meye Habi.mp3.mp3,177,10
b9ee41986f4b1b49fe34135173c17574,bengali,real,real,043_Ma Habi Na Meye Habi.mp3.mp3,178,10
9855867d9c31e2fa93d494ec0e9842f4,bengali,real,real,043_Ma Habi Na Meye Habi.mp3.mp3,179,10
d445a7ad04eaf6f505a47e0363ba0b1a,bengali,real,real,043_Ma Habi Na Meye Habi.mp3.mp3,180,10
9a36fb8a531afbe85040f22644cf35b9,bengali,real,real,043_Ma Habi Na Meye Habi.mp3.mp3,181,10
02546d77c25774ed8607df6713cf36f3,bengali,real,real,043_Ma Habi Na Meye Habi.mp3.mp3,182,10
b1d9469c90b475dc3f5bc8c493393fda,bengali,real,real,043_Ma Habi Na Meye Habi.mp3.mp3,183,10
96a633031135908ac57789fe68bb6f60,bengali,real,real,043_Ma Habi Na Meye Habi.mp3.mp3,184,10
bbd6308a3582a3144e25c40e7dca67d0,bengali,real,real,043_Ma Habi Na Meye Habi.mp3.mp3,185,10
8fa7aca6940627e550c4fad94b48a87a,bengali,real,real,043_Ma Habi Na Meye Habi.mp3.mp3,186,10
b571dbcd24c29b99eeef6cc78f72f4c2,bengali,real,real,043_Ma Habi Na Meye Habi.mp3.mp3,187,10
e54b2c3a135942408d0e429b07ac383c,bengali,real,real,043_Ma Habi Na Meye Habi.mp3.mp3,188,10
10cdc60f377f592e3eff8ec63644a2c9,bengali,real,real,043_Ma Habi Na Meye Habi.mp3.mp3,189,10
47ab29af1081563102b7bd4d5326b212,bengali,real,real,043_Ma Habi Na Meye Habi.mp3.mp3,190,10
518f5b983e8bf051d859b405b5861ae2,bengali,real,real,043_Ma Habi Na Meye Habi.mp3.mp3,191,10
7858bc236a7f9af7f178438f5d487265,bengali,real,real,043_Ma Habi Na Meye Habi.mp3.mp3,192,10
832bd1e4e38fa4043303f2b50d6af775,bengali,real,real,043_Ma Habi Na Meye Habi.mp3.mp3,193,10
fd7b816b771730cf42a130e6983fc6e3,bengali,real,real,043_Ma Habi Na Meye Habi.mp3.mp3,194,10
55d9e99d9afff21c66f942438330ced0,bengali,real,real,043_Ma Habi Na Meye Habi.mp3.mp3,195,10
a15ec305a56b1c631ed319e36a391a4d,bengali,real,real,043_Ma Habi Na Meye Habi.mp3.mp3,196,10
7e6269ce8b55ca34e54e5f74daf7d821,bengali,real,real,043_Ma Habi Na Meye Habi.mp3.mp3,197,10
18c898801f7b2076f6e0ace34d97494f,bengali,real,real,043_Ma Habi Na Meye Habi.mp3.mp3,198,10
75836477ffdb63d0df1ece8723968e43,bengali,real,real,043_Ma Habi Na Meye Habi.mp3.mp3,199,10
06adde2d962bdc13e43efa698f5d57dd,bengali,real,real,043_Ma Habi Na Meye Habi.mp3.mp3,200,10
e779305e200088bfbd0342c396dcc113,bengali,real,real,043_Ma Habi Na Meye Habi.mp3.mp3,201,10
1ff3b06230e41c97ed92094ab9ebc3d5,bengali,real,real,043_Ma Habi Na Meye Habi.mp3.mp3,202,10
bdb208d9a55447b5cae7c2c210c20f3a,bengali,real,real,043_Ma Habi Na Meye Habi.mp3.mp3,203,10
004f54d4b2d809cdcbd70ba068ddde67,bengali,real,real,043_Ma Habi Na Meye Habi.mp3.mp3,204,10
948890eab195bf54410e6fcc0de89ea2,bengali,real,real,043_Ma Habi Na Meye Habi.mp3.mp3,205,10
90a8be3c0db38ea6d9e6bf9fad519af7,bengali,real,real,043_Ma Habi Na Meye Habi.mp3.mp3,206,10
8f253fa15748dac4eb2d40c72213f74e,bengali,real,real,043_Ma Habi Na Meye Habi.mp3.mp3,207,10
9b2057d857c950f4187312e3d021d660,bengali,real,real,043_Ma Habi Na Meye Habi.mp3.mp3,208,10
312d02aecd8022cb454e1684552af001,bengali,real,real,043_Ma Habi Na Meye Habi.mp3.mp3,209,10
99d60ac02306eb6abca1bfd7c6b116cb,bengali,real,real,043_Ma Habi Na Meye Habi.mp3.mp3,210,10
a892428d240a139a09152f83d69c9abc,bengali,real,real,043_Ma Habi Na Meye Habi.mp3.mp3,211,10
50584f924b544bd2b53c49025f9e44ad,bengali,real,real,043_Ma Habi Na Meye Habi.mp3.mp3,212,10
48cfac31bebce2b4288a338760bcd166,bengali,real,real,043_Ma Habi Na Meye Habi.mp3.mp3,213,10
d87a412ba8462f9eb5324ae2dc20c9cd,bengali,real,real,043_Ma Habi Na Meye Habi.mp3.mp3,214,10
faead8d0f1724cffcae842f1456aca82,bengali,real,real,043_Ma Habi Na Meye Habi.mp3.mp3,215,10
3944d1a27572237adf588fd99345ebeb,bengali,real,real,043_Ma Habi Na Meye Habi.mp3.mp3,216,10
704a94c8884230cbee68dc58218360ae,bengali,real,real,043_Ma Habi Na Meye Habi.mp3.mp3,217,10
95f32687da0cd60862e6ff5a29ff2bfa,bengali,real,real,043_Ma Habi Na Meye Habi.mp3.mp3,218,10
3502302ecc0a4d3f6d3680e11aec59da,bengali,real,real,043_Ma Habi Na Meye Habi.mp3.mp3,219,10
6f20a4ff0bb389f60f43035794a42573,bengali,real,real,043_Ma Habi Na Meye Habi.mp3.mp3,220,10
f957714f8f2d93f670b75728144827ff,bengali,real,real,043_Ma Habi Na Meye Habi.mp3.mp3,221,10
1ab6c12c484add46df67513af7121524,bengali,real,real,043_Ma Habi Na Meye Habi.mp3.mp3,222,10
210dd2f5e312a4b815398aeb606380b7,bengali,real,real,043_Ma Habi Na Meye Habi.mp3.mp3,223,10
65dd4e3fedd9dd426b9a05b307eae52f,bengali,real,real,043_Ma Habi Na Meye Habi.mp3.mp3,224,10
21c596dc68a5a4852d335cdc8481a08b,bengali,real,real,043_Ma Habi Na Meye Habi.mp3.mp3,225,10
0f424f6ea4bf430219d18e2bfc4cfd24,bengali,real,real,043_Ma Habi Na Meye Habi.mp3.mp3,226,10
a91d2e7e0130a607c4ed5e9c107ac6ea,bengali,real,real,043_Ma Habi Na Meye Habi.mp3.mp3,227,10
f2831719673ad12a58816a0f068dec1a,bengali,real,real,043_Ma Habi Na Meye Habi.mp3.mp3,228,10
d9154c330946fcd8fa3460ab3a6854d4,bengali,real,real,043_Ma Habi Na Meye Habi.mp3.mp3,229,10
054ac49cdebb14308ec5901c24efb3f3,bengali,real,real,043_Ma Habi Na Meye Habi.mp3.mp3,230,10
2aab35d3a4837a0c401098c2f5556c0e,bengali,real,real,043_Ma Habi Na Meye Habi.mp3.mp3,231,10
d3f2fa671cda8fc6d7512e341e9ddc92,bengali,real,real,043_Ma Habi Na Meye Habi.mp3.mp3,232,10
a93983c71769918c03336683e279f42b,bengali,real,real,043_Ma Habi Na Meye Habi.mp3.mp3,233,10
c5da35c5eef6c3888cf50612b62a7093,bengali,real,real,043_Ma Habi Na Meye Habi.mp3.mp3,234,10
b3bb7832dc7fac09890d81e810917834,bengali,real,real,043_Ma Habi Na Meye Habi.mp3.mp3,235,10
b64fa70fbffadbdf900cefc95378108b,bengali,real,real,043_Ma Habi Na Meye Habi.mp3.mp3,236,10
26afba2f8320b049916f12ff9e06a0ba,bengali,real,real,043_Ma Habi Na Meye Habi.mp3.mp3,237,10
215e3dfb93ad341d6a06e80b0dde334e,bengali,real,real,043_Ma Habi Na Meye Habi.mp3.mp3,238,10
201d6c23b5e344247dbde711ce658ba1,bengali,real,real,043_Ma Habi Na Meye Habi.mp3.mp3,239,10
c78cb825b055a53cf578cda7783e8091,bengali,real,real,043_Ma Habi Na Meye Habi.mp3.mp3,240,10
b69a3e9529010c668a4616722fa248b0,bengali,real,real,044_Nachiye Nachiye.mp3.mp3,0,10
c016c03fd007516e95787d57142d84b5,bengali,real,real,044_Nachiye Nachiye.mp3.mp3,1,10
9eedc242f230be73fcd1ab65cc7a2906,bengali,real,real,044_Nachiye Nachiye.mp3.mp3,2,10
046d012aee1330ce46ac4041885c5168,bengali,real,real,044_Nachiye Nachiye.mp3.mp3,3,10
7c9ecebe38d4011348b460637bc477e1,bengali,real,real,044_Nachiye Nachiye.mp3.mp3,4,10
06466642feeeed0bedc56c135b7ea6dd,bengali,real,real,044_Nachiye Nachiye.mp3.mp3,5,10
f2df40cc28b3c78b0535d155299a121e,bengali,real,real,044_Nachiye Nachiye.mp3.mp3,6,10
a1c6d6a0c7a240191198df8f5705da8f,bengali,real,real,044_Nachiye Nachiye.mp3.mp3,7,10
14ae8a1e2fbc8ba9fd914f88e1fd6bdd,bengali,real,real,044_Nachiye Nachiye.mp3.mp3,8,10
a4cb5d36e16c7245c6f40cffe1299a04,bengali,real,real,044_Nachiye Nachiye.mp3.mp3,9,10
b51a609187e1e41f743494358180475f,bengali,real,real,044_Nachiye Nachiye.mp3.mp3,10,10
53ca5fa6800401043df96c75213b7a35,bengali,real,real,044_Nachiye Nachiye.mp3.mp3,11,10
fdc1cb7eab77365452b41051030ac7cf,bengali,real,real,044_Nachiye Nachiye.mp3.mp3,12,10
94ad96017f59e2befd8fe02954035f7a,bengali,real,real,044_Nachiye Nachiye.mp3.mp3,13,10
44b1616ed3d9b1c0f0bdafc10109ba78,bengali,real,real,044_Nachiye Nachiye.mp3.mp3,14,10
29f353221282a6f81482963cb68e757b,bengali,real,real,044_Nachiye Nachiye.mp3.mp3,15,10
e7b2c60ba056b0e484f237c41a7d0012,bengali,real,real,044_Nachiye Nachiye.mp3.mp3,16,10
6efb6e3b2372ef6b25b49bd61a612e0a,bengali,real,real,044_Nachiye Nachiye.mp3.mp3,17,10
4f2539653b0ebfafc0d31dab4701f9bf,bengali,real,real,044_Nachiye Nachiye.mp3.mp3,18,10
30f114af37fe6ff8370b0d70ff7d91a8,bengali,real,real,044_Nachiye Nachiye.mp3.mp3,19,10
c0fd7a2274e86a03f49ec41c6e8dd177,bengali,real,real,044_Nachiye Nachiye.mp3.mp3,20,10
5a2ff4361e61aab8c8f197ec6653f3a3,bengali,real,real,044_Nachiye Nachiye.mp3.mp3,21,10
1705bf7ec2f9693b6e1ffa90e12f4d5c,bengali,real,real,044_Nachiye Nachiye.mp3.mp3,22,10
960a78704d0c33a6210a354f4353731a,bengali,real,real,044_Nachiye Nachiye.mp3.mp3,23,10
4efbec5b433696ebeebe5550d304efab,bengali,real,real,044_Nachiye Nachiye.mp3.mp3,24,10
66924af766a827a9df74334fbfce2074,bengali,real,real,044_Nachiye Nachiye.mp3.mp3,25,10
fd69935345d5ef15dab8a90f7ee0c9c4,bengali,real,real,044_Nachiye Nachiye.mp3.mp3,26,10
eec447f917417456a87275026b22ae4c,bengali,real,real,044_Nachiye Nachiye.mp3.mp3,27,10
34e22467377d2742632ed2918e7acecb,bengali,real,real,044_Nachiye Nachiye.mp3.mp3,28,10
d82a319c6de85afca858faa6f9878e98,bengali,real,real,044_Nachiye Nachiye.mp3.mp3,29,10
d8b752de864ddc5ce188b2ac360bdb5f,bengali,real,real,044_Nachiye Nachiye.mp3.mp3,30,10
193242bed3726e6bc1bbad436364e4d8,bengali,real,real,044_Nachiye Nachiye.mp3.mp3,31,10
aa869526d7f9a0cc6a6d3388d81ce3f6,bengali,real,real,044_Nachiye Nachiye.mp3.mp3,32,10
897f119f534423d9b3513666e65b9745,bengali,real,real,044_Nachiye Nachiye.mp3.mp3,33,10
259b727345ca5f38ca06daa19c810691,bengali,real,real,044_Nachiye Nachiye.mp3.mp3,34,10
802b3df54a16f936af2462dbb363062f,bengali,real,real,044_Nachiye Nachiye.mp3.mp3,35,10
f45f0ece5bf19257ea9b28c0192b490f,bengali,real,real,044_Nachiye Nachiye.mp3.mp3,36,10
dc1e00e521aafe1c9a3af8a9b11b6aa8,bengali,real,real,044_Nachiye Nachiye.mp3.mp3,37,10
1784ea19a4b049e859427eb24fea7a46,bengali,real,real,044_Nachiye Nachiye.mp3.mp3,38,10
ec944ed7ab2fdb511ed199617d12cdb3,bengali,real,real,044_Nachiye Nachiye.mp3.mp3,39,10
6edf007d0de302eb17754843752b7bd2,bengali,real,real,044_Nachiye Nachiye.mp3.mp3,40,10
451e6c488e33b647f036eb334d3260ed,bengali,real,real,044_Nachiye Nachiye.mp3.mp3,41,10
ff9ee86c1b134efc89e6efad3f01d937,bengali,real,real,044_Nachiye Nachiye.mp3.mp3,42,10
794a09d68b22a5999d4e0ab19475b508,bengali,real,real,044_Nachiye Nachiye.mp3.mp3,43,10
6e7f434ed3066edd823d85be67da5f47,bengali,real,real,044_Nachiye Nachiye.mp3.mp3,44,10
1c8cc4cfb066ddc60c5b3763a0036700,bengali,real,real,044_Nachiye Nachiye.mp3.mp3,45,10
225e3641dc52b00de377958cabc21c1f,bengali,real,real,044_Nachiye Nachiye.mp3.mp3,46,10
72b1c15ea557b1d53a92d7c193f71b56,bengali,real,real,044_Nachiye Nachiye.mp3.mp3,47,10
ec2247cb5f55827dbe0cdd7dcd0e3273,bengali,real,real,044_Nachiye Nachiye.mp3.mp3,48,10
3f729bdb42574328bffcb440c8fd58a2,bengali,real,real,044_Nachiye Nachiye.mp3.mp3,49,10
91dc0abc01d2c43fd21c50c8914b739b,bengali,real,real,044_Nachiye Nachiye.mp3.mp3,50,10
37c5e678051cb789b44991b291d6caf4,bengali,real,real,044_Nachiye Nachiye.mp3.mp3,51,10
39f59f4c8a56ae1ceece81d056e73b89,bengali,real,real,044_Nachiye Nachiye.mp3.mp3,52,10
368154a17d68fdd319ab0726f8959dc2,bengali,real,real,044_Nachiye Nachiye.mp3.mp3,53,10
18273e9e463ac611859ac840cfc0ce1d,bengali,real,real,044_Nachiye Nachiye.mp3.mp3,54,10
4e026a10b16b8a9ea0d004b59ebd1cb7,bengali,real,real,044_Nachiye Nachiye.mp3.mp3,55,10
6baffd7fac53283d55c9e9cca05614e2,bengali,real,real,044_Nachiye Nachiye.mp3.mp3,56,10
94a28bc8d9829dda57cad7e12e87a5fd,bengali,real,real,044_Nachiye Nachiye.mp3.mp3,57,10
5e7f6b410818d3b762904c237a9ec846,bengali,real,real,044_Nachiye Nachiye.mp3.mp3,58,10
4c51c7ca578f36f0347345f96533fb56,bengali,real,real,044_Nachiye Nachiye.mp3.mp3,59,10
9beb74b3f72da098587e37a97e1b9483,bengali,real,real,044_Nachiye Nachiye.mp3.mp3,60,10
a09915b5ba1e27314c91d4e59d92f936,bengali,real,real,044_Nachiye Nachiye.mp3.mp3,61,10
b729cdd289a1d80a17d0a08acd31c1da,bengali,real,real,044_Nachiye Nachiye.mp3.mp3,62,10
8d2b15fc18037e02509638213c7f3d31,bengali,real,real,044_Nachiye Nachiye.mp3.mp3,63,10
5d361b6f387f13d488381f8128db5e83,bengali,real,real,044_Nachiye Nachiye.mp3.mp3,64,10
65917ca60b128796d9019417cad4e381,bengali,real,real,044_Nachiye Nachiye.mp3.mp3,65,10
c2d20c2c942655c032bd131e2eaece4f,bengali,real,real,044_Nachiye Nachiye.mp3.mp3,66,10
7de515c953cc4c73170cb2905f1207db,bengali,real,real,044_Nachiye Nachiye.mp3.mp3,67,10
7847c596af18fd743290175b9eef6ced,bengali,real,real,044_Nachiye Nachiye.mp3.mp3,68,10
be42dd31739d2b051ca8b0868e1b11d1,bengali,real,real,044_Nachiye Nachiye.mp3.mp3,69,10
085ea5d2ee7143ccf7a5c5e42e76b20f,bengali,real,real,044_Nachiye Nachiye.mp3.mp3,70,10
255d463deadfea7a87a742c6e3b38600,bengali,real,real,044_Nachiye Nachiye.mp3.mp3,71,10
48cb55aca0b4f1ffc1118b2954596b84,bengali,real,real,044_Nachiye Nachiye.mp3.mp3,72,10
de42260f3503f560ef34532613ae8696,bengali,real,real,044_Nachiye Nachiye.mp3.mp3,73,10
42cad7c7309e7b84f3ab6a9adad4932d,bengali,real,real,044_Nachiye Nachiye.mp3.mp3,74,10
e8828f0f3cdb0b36d2c4e83e34b01f13,bengali,real,real,044_Nachiye Nachiye.mp3.mp3,75,10
d8e3ddbfa22aa8107aefa4eb1a49d134,bengali,real,real,044_Nachiye Nachiye.mp3.mp3,76,10
b1f162dc41359c605e75e4fd7161b376,bengali,real,real,044_Nachiye Nachiye.mp3.mp3,77,10
1d4474de014f1b2f0b7d41546092e929,bengali,real,real,044_Nachiye Nachiye.mp3.mp3,78,10
001cce746bf89f7fef146f70be305bbc,bengali,real,real,044_Nachiye Nachiye.mp3.mp3,79,10
e48308321124d103e2b2e464936e0608,bengali,real,real,044_Nachiye Nachiye.mp3.mp3,80,10
f2a31b63cceab151810a4e2cd12a34b5,bengali,real,real,044_Nachiye Nachiye.mp3.mp3,81,10
fa1a56296bd02a4e2d3e2170bf2e3d08,bengali,real,real,044_Nachiye Nachiye.mp3.mp3,82,10
9cee2085cd27e4895c42f8880a0253fb,bengali,real,real,044_Nachiye Nachiye.mp3.mp3,83,10
fcd8ef787f70310700dd283bd43c4b17,bengali,real,real,044_Nachiye Nachiye.mp3.mp3,84,10
a742b70db49a147c927136338841b018,bengali,real,real,044_Nachiye Nachiye.mp3.mp3,85,10
8769c1439d7221d8f0a30cd81c37a6cd,bengali,real,real,044_Nachiye Nachiye.mp3.mp3,86,10
d750f8bef3186db89d14415793799b59,bengali,real,real,044_Nachiye Nachiye.mp3.mp3,87,10
6a88ea3e2ad7439fa9670a2a5f4b8f63,bengali,real,real,044_Nachiye Nachiye.mp3.mp3,88,10
775042f3b0ccbb84d466926bd31d7633,bengali,real,real,044_Nachiye Nachiye.mp3.mp3,89,10
fe9c0397884cb453135da73360353a9e,bengali,real,real,044_Nachiye Nachiye.mp3.mp3,90,10
ccb532a419881316840365de4b68c616,bengali,real,real,044_Nachiye Nachiye.mp3.mp3,91,10
0dfa60dadd14d5ceb42b195362821e5e,bengali,real,real,044_Nachiye Nachiye.mp3.mp3,92,10
6369c98e125059df1d5084ebc8344c1e,bengali,real,real,044_Nachiye Nachiye.mp3.mp3,93,10
ba2847165054d1602738e346f1860f6f,bengali,real,real,045_Hori Naamer Tori.mp3.mp3,0,10
23ce53d3babe1cf57124ac46bb0e8069,bengali,real,real,045_Hori Naamer Tori.mp3.mp3,1,10
83bddc2130d98f840193f24a0da1c841,bengali,real,real,045_Hori Naamer Tori.mp3.mp3,2,10
403d7d689227e1bf67dca3715676507d,bengali,real,real,045_Hori Naamer Tori.mp3.mp3,3,10
62cdd9e5a5a796d196b05377f8e648fe,bengali,real,real,045_Hori Naamer Tori.mp3.mp3,4,10
a14d720d606069e78368bf1c1dafefa3,bengali,real,real,045_Hori Naamer Tori.mp3.mp3,5,10
bd32801da0d75672033c9c9052077494,bengali,real,real,045_Hori Naamer Tori.mp3.mp3,6,10
15f52546f9962cad68c9278b20c204d8,bengali,real,real,045_Hori Naamer Tori.mp3.mp3,7,10
ed22d968976d9d41a488eeb5a30469f7,bengali,real,real,045_Hori Naamer Tori.mp3.mp3,8,10
6d5f2a24c3a293117395e6ca40584f08,bengali,real,real,045_Hori Naamer Tori.mp3.mp3,9,10
b8f82d6d746db2a516d091cd95246841,bengali,real,real,045_Hori Naamer Tori.mp3.mp3,10,10
94002214352140270f20f20eb99ad5dc,bengali,real,real,045_Hori Naamer Tori.mp3.mp3,11,10
d0bbd0b13780c2ae1a90feae828d43bb,bengali,real,real,045_Hori Naamer Tori.mp3.mp3,12,10
b69b9c85340d970da05d375721a29830,bengali,real,real,045_Hori Naamer Tori.mp3.mp3,13,10
38ce99a685b2b7df31ac1161a9bf6c1e,bengali,real,real,045_Hori Naamer Tori.mp3.mp3,14,10
7245483fef4e014af1c79d65ac2bc1dc,bengali,real,real,045_Hori Naamer Tori.mp3.mp3,15,10
bde33c7bf68d1c2f4873dfd7e85c31af,bengali,real,real,045_Hori Naamer Tori.mp3.mp3,16,10
b19b28de8de312ce7f28fb9cfdb508f5,bengali,real,real,045_Hori Naamer Tori.mp3.mp3,17,10
ce1c60d7af0c41f653075556b12ce1a5,bengali,real,real,045_Hori Naamer Tori.mp3.mp3,18,10
72ac425ea7efb23dafb9f35eaeae5307,bengali,real,real,045_Hori Naamer Tori.mp3.mp3,19,10
f04f7b343d1e7637535267da5c2df582,bengali,real,real,045_Hori Naamer Tori.mp3.mp3,20,10
3d524d08ee5ca61363422ec595bb0e40,bengali,real,real,045_Hori Naamer Tori.mp3.mp3,21,10
578b5361d90cae83448a6533aa5fdfb5,bengali,real,real,045_Hori Naamer Tori.mp3.mp3,22,10
d8dbb579a7d0eeb352fff44984356860,bengali,real,real,045_Hori Naamer Tori.mp3.mp3,23,10
71066e603a3783c20bd9545d3123a70d,bengali,real,real,045_Hori Naamer Tori.mp3.mp3,24,10
55aa1fa36622b9c0cc3a6e6aae2c60ef,bengali,real,real,045_Hori Naamer Tori.mp3.mp3,25,10
17ad846b07e1563e74f87f8f4919f287,bengali,real,real,045_Hori Naamer Tori.mp3.mp3,26,10
a2e0da1ac9cf80825b218c052de759fb,bengali,real,real,045_Hori Naamer Tori.mp3.mp3,27,10
e210097dd86c9c2eba4e098db22abfc9,bengali,real,real,045_Hori Naamer Tori.mp3.mp3,28,10
43e2752e455cbe7f9524d7445f54d9e0,bengali,real,real,045_Hori Naamer Tori.mp3.mp3,29,10
0bca336ff5181bbb089ec03de0fa77be,bengali,real,real,045_Hori Naamer Tori.mp3.mp3,30,10
c5874d74aac534450dff273bb7dc41fc,bengali,real,real,045_Hori Naamer Tori.mp3.mp3,31,10
149a74c26a7041562fe33c2103fe84e0,bengali,real,real,045_Hori Naamer Tori.mp3.mp3,32,10
4690096deb7cf14d158d3d5484ad7e7f,bengali,real,real,046_Deeno Tarini.mp3.mp3,0,10
be41d50985ae737d18ebde8143422ada,bengali,real,real,046_Deeno Tarini.mp3.mp3,1,10
ec08b9207d78f1080fcdd80349c820ab,bengali,real,real,046_Deeno Tarini.mp3.mp3,2,10
9c56814ef5b55f44581a8a75b207d80e,bengali,real,real,046_Deeno Tarini.mp3.mp3,3,10
44d70b2ddea6ba99a1b9d22208a13a58,bengali,real,real,046_Deeno Tarini.mp3.mp3,4,10
fbf45d2f67bd9ebc803bb4e67341bda8,bengali,real,real,046_Deeno Tarini.mp3.mp3,5,10
d0fb058edd7d5e748761a69d0d482a1b,bengali,real,real,046_Deeno Tarini.mp3.mp3,6,10
c40f50ca86398f7e5018470309b3d216,bengali,real,real,046_Deeno Tarini.mp3.mp3,7,10
ee2972159b3920a5e2a9d8eb586b900e,bengali,real,real,046_Deeno Tarini.mp3.mp3,8,10
db5a0fdba9564d9816389ffe31831f97,bengali,real,real,046_Deeno Tarini.mp3.mp3,9,10
7998de805fe93a02172a5b83e5be5d9e,bengali,real,real,046_Deeno Tarini.mp3.mp3,10,10
79c7704f4cb487c0a2faf841754415ce,bengali,real,real,046_Deeno Tarini.mp3.mp3,11,10
e824728dbabfa3e9b66f98dad5404db9,bengali,real,real,046_Deeno Tarini.mp3.mp3,12,10
a34573b63b61e038c5a2c81fe1c0ee3c,bengali,real,real,046_Deeno Tarini.mp3.mp3,13,10
a9309026a07989149e478ec77788ee12,bengali,real,real,046_Deeno Tarini.mp3.mp3,14,10
4598ee7abb1014793cd910bccf9f72d7,bengali,real,real,046_Deeno Tarini.mp3.mp3,15,10
dbbb1ea2937824504bcc66356330ae88,bengali,real,real,046_Deeno Tarini.mp3.mp3,16,10
cc68e9a7bcf45b2b9d99e5a87f90b3ca,bengali,real,real,046_Deeno Tarini.mp3.mp3,17,10
595320095fa39243f563f6a31b834fc4,bengali,real,real,046_Deeno Tarini.mp3.mp3,18,10
5488fa2659795e186ed165d6429b669f,bengali,real,real,046_Deeno Tarini.mp3.mp3,19,10
5538f5671983ef1a306cf635cb20efde,bengali,real,real,046_Deeno Tarini.mp3.mp3,20,10
25db0701a802f5bbd5246b3e9f097e2b,bengali,real,real,046_Deeno Tarini.mp3.mp3,21,10
cc8d6e2f5bc43f4a2831e3894992b0a6,bengali,real,real,046_Deeno Tarini.mp3.mp3,22,10
20f43fff8944b782d718bcc9195e7985,bengali,real,real,046_Deeno Tarini.mp3.mp3,23,10
2716308bb2b96c66ba3cdc0e0bddd7f9,bengali,real,real,046_Deeno Tarini.mp3.mp3,24,10
ddff2f0b0ed7724aeb64acc53898821a,bengali,real,real,046_Deeno Tarini.mp3.mp3,25,10
564c8ca38bbcdb697e25e6186b2bbf83,bengali,real,real,046_Deeno Tarini.mp3.mp3,26,10
d80831096abcad5f256443140f979676,bengali,real,real,046_Deeno Tarini.mp3.mp3,27,10
a58b946143670a331526c725f77c86b5,bengali,real,real,046_Deeno Tarini.mp3.mp3,28,10
7bb3da4add6868e047f202c1bee60e56,bengali,real,real,046_Deeno Tarini.mp3.mp3,29,10
6ad2cc451ae849c965e9c4ec28bcdb2b,bengali,real,real,046_Deeno Tarini.mp3.mp3,30,10
3189391fb64b3a11f9c6a893f1dac2cf,bengali,real,real,046_Deeno Tarini.mp3.mp3,31,10
5ccf00bb4c9940e081a6e0c4abf12492,bengali,real,real,046_Deeno Tarini.mp3.mp3,32,10
cd2b094c0f386e4e0dec972e1399ec92,bengali,real,real,046_Deeno Tarini.mp3.mp3,33,10
5a90c6ba74349d1ad299ae243e9806d3,bengali,real,real,046_Deeno Tarini.mp3.mp3,34,10
3c88dac206b1c846f7a0360189e8bb86,bengali,real,real,046_Deeno Tarini.mp3.mp3,35,10
4270378b498c24ce8381a016b9de1edc,bengali,real,real,046_Deeno Tarini.mp3.mp3,36,10
9c8283ffba8c592954d8cb790eeb82b7,bengali,real,real,046_Deeno Tarini.mp3.mp3,37,10
d35b2db8364bd957643e87c955094c94,bengali,real,real,046_Deeno Tarini.mp3.mp3,38,10
fde7b8877e9ff441d62820b094fd778c,bengali,real,real,046_Deeno Tarini.mp3.mp3,39,10
49c87ec16a45ae4619a817e7ae91a6e8,bengali,real,real,046_Deeno Tarini.mp3.mp3,40,10
16520524c6a5b6a563ba6251c12028a7,bengali,real,real,046_Deeno Tarini.mp3.mp3,41,10
f0629ab77220afcc2f7df4746de94083,bengali,real,real,046_Deeno Tarini.mp3.mp3,42,10
7c842330206439ffedd18c7abdbbf3f4,bengali,real,real,046_Deeno Tarini.mp3.mp3,43,10
ec6121aa79f1542c51eed7927567ee7d,bengali,real,real,046_Deeno Tarini.mp3.mp3,44,10
7902bbdbd1989d9e0f5288f0bde2d313,bengali,real,real,046_Deeno Tarini.mp3.mp3,45,10
56321e1de93fa95dada9c9c62ff2f7ef,bengali,real,real,046_Deeno Tarini.mp3.mp3,46,10
e4ba43971fd8b5e369a4139fea979947,bengali,real,real,046_Deeno Tarini.mp3.mp3,47,10
9e6f293f3963eeefa37e34f88d90b828,bengali,real,real,047_Ami Jhanjhar Mato Durbar.mp3.mp3,0,10
d6be01b99d5dd40138c23a84c28e391e,bengali,real,real,047_Ami Jhanjhar Mato Durbar.mp3.mp3,1,10
b1741f83ff30e6cd52b50abca1c4fd49,bengali,real,real,047_Ami Jhanjhar Mato Durbar.mp3.mp3,2,10
10f6dece6c93515f1a513715197436e7,bengali,real,real,047_Ami Jhanjhar Mato Durbar.mp3.mp3,3,10
dec778fdb199194a243bdf888cd3f78f,bengali,real,real,047_Ami Jhanjhar Mato Durbar.mp3.mp3,4,10
686b4d7f227c9f460e45d8f69f640bf5,bengali,real,real,047_Ami Jhanjhar Mato Durbar.mp3.mp3,5,10
d953565295a82b1ed54a25c12bec1f36,bengali,real,real,047_Ami Jhanjhar Mato Durbar.mp3.mp3,6,10
50dad0f97f2d2907f6e3e517728ba2f1,bengali,real,real,047_Ami Jhanjhar Mato Durbar.mp3.mp3,7,10
29c87f81dcb89ecc2a18a4500cebb934,bengali,real,real,047_Ami Jhanjhar Mato Durbar.mp3.mp3,8,10
6e1937fb2c1fba72eac893a9e9b07f1a,bengali,real,real,047_Ami Jhanjhar Mato Durbar.mp3.mp3,9,10
b7e190c01b8f93f6ca59c178c62a4524,bengali,real,real,047_Ami Jhanjhar Mato Durbar.mp3.mp3,10,10
0ba426fc325cec0816ce03cc1e985c43,bengali,real,real,047_Ami Jhanjhar Mato Durbar.mp3.mp3,11,10
4b5a9f0e673228491ec924112af862e1,bengali,real,real,047_Ami Jhanjhar Mato Durbar.mp3.mp3,12,10
a3d0098f3246d2fb4adbbbd4b7ff7f8c,bengali,real,real,047_Ami Jhanjhar Mato Durbar.mp3.mp3,13,10
85fb3daed5a2b8e8bec276e2c3e6368d,bengali,real,real,047_Ami Jhanjhar Mato Durbar.mp3.mp3,14,10
f8d50f468652ce1fea01d88ec8304e90,bengali,real,real,047_Ami Jhanjhar Mato Durbar.mp3.mp3,15,10
532e87aa11e567d6b1d9ea1758d63285,bengali,real,real,047_Ami Jhanjhar Mato Durbar.mp3.mp3,16,10
1961c759ba6ae7370569cc289f05a9b6,bengali,real,real,048_E Ki Labanye Purna Pran.mp3.mp3,0,10
0e67fc757dcdc7ef5c3edcb0484a1838,bengali,real,real,048_E Ki Labanye Purna Pran.mp3.mp3,1,10
e0e5d0d4e7ef2838f9bdc9fed984afba,bengali,real,real,048_E Ki Labanye Purna Pran.mp3.mp3,2,10
abeda78f547258d263ae3da1ca2387a4,bengali,real,real,048_E Ki Labanye Purna Pran.mp3.mp3,3,10
8ffcbcdc59d3e21bf68c4a2b383776e9,bengali,real,real,048_E Ki Labanye Purna Pran.mp3.mp3,4,10
cdb468025e0177564a5e150c6b958f3a,bengali,real,real,048_E Ki Labanye Purna Pran.mp3.mp3,5,10
022a986df56a9d991384710b27521506,bengali,real,real,048_E Ki Labanye Purna Pran.mp3.mp3,6,10
e89c053fbb1eb8cbd4a76c22be9f3863,bengali,real,real,048_E Ki Labanye Purna Pran.mp3.mp3,7,10
ad6e01d027308cdd9ba4f7868fd8f3fb,bengali,real,real,048_E Ki Labanye Purna Pran.mp3.mp3,8,10
59347d10d9691d372ef7d67067df5162,bengali,real,real,048_E Ki Labanye Purna Pran.mp3.mp3,9,10
a6ed53aa3817d4f598278c1ffc9fb207,bengali,real,real,048_E Ki Labanye Purna Pran.mp3.mp3,10,10
8c7a1aabd7441831f7844c4d3f25a0c8,bengali,real,real,048_E Ki Labanye Purna Pran.mp3.mp3,11,10
ab6a9a81b597d222ce0743668ecbb5d9,bengali,real,real,048_E Ki Labanye Purna Pran.mp3.mp3,12,10
49d6714b77ed34b23192be8e6271cbaf,bengali,real,real,048_E Ki Labanye Purna Pran.mp3.mp3,13,10
3bc8eb08f20c0056f5bc9333fc6d0233,bengali,real,real,048_E Ki Labanye Purna Pran.mp3.mp3,14,10
6e43611b15f0276a30a49fd991176dba,bengali,real,real,048_E Ki Labanye Purna Pran.mp3.mp3,15,10
5fb17b02d19d8ec2228778afaabeaa9e,bengali,real,real,048_E Ki Labanye Purna Pran.mp3.mp3,16,10
3c1aeed1d1ab642da6477090d2091103,bengali,real,real,048_E Ki Labanye Purna Pran.mp3.mp3,17,10
1d781774221ed68f753fc3c0d0a460da,bengali,real,real,048_E Ki Labanye Purna Pran.mp3.mp3,18,10
69bbc35a9016aa10555972308c23d223,bengali,real,real,051_Akoruno Shathire.mp3.mp3,0,10
a44600ff62a96d598e0455718b3fcf2b,bengali,real,real,051_Akoruno Shathire.mp3.mp3,1,10
af24928caafd5a78dfbe364eef3a082a,bengali,real,real,051_Akoruno Shathire.mp3.mp3,2,10
3a96f831e86acf2e8cc31b5248781d47,bengali,real,real,051_Akoruno Shathire.mp3.mp3,3,10
cfbeb69f8ada07ca1658be0bc6559cc1,bengali,real,real,051_Akoruno Shathire.mp3.mp3,4,10
f8c87c3f1b9f0ab2d9d4e15c04f6a719,bengali,real,real,051_Akoruno Shathire.mp3.mp3,5,10
4ca2a7280e762b54fa813b6822d2860b,bengali,real,real,051_Akoruno Shathire.mp3.mp3,6,10
bfd7e583dd4105331ceaac6f2e32cee0,bengali,real,real,051_Akoruno Shathire.mp3.mp3,7,10
66b4266ab4d7cf59e7504e260b22724e,bengali,real,real,051_Akoruno Shathire.mp3.mp3,8,10
02d408fd3934eea9f8f4f1d090b039aa,bengali,real,real,051_Akoruno Shathire.mp3.mp3,9,10
7c37e07c2d56a92294d4388957dbfd8d,bengali,real,real,051_Akoruno Shathire.mp3.mp3,10,10
ecd1104db16dcb2e9b70951dc039edf4,bengali,real,real,051_Akoruno Shathire.mp3.mp3,11,10
a25ad5b121959812dccf0870f0a232de,bengali,real,real,051_Akoruno Shathire.mp3.mp3,12,10
eeb3bbc7087b12c311690562c90fb54c,bengali,real,real,051_Akoruno Shathire.mp3.mp3,13,10
ff9bb44e8d3fb9c85c313583a95d7f90,bengali,real,real,051_Akoruno Shathire.mp3.mp3,14,10
d7ef11a7248c3183fa580e60699463f0,bengali,real,real,051_Akoruno Shathire.mp3.mp3,15,10
a2a43c7e93c13f3d8e4d9fafce84123c,bengali,real,real,051_Akoruno Shathire.mp3.mp3,16,10
ef85c2cd64169bd50bdcc2bcf4f5d3a0,bengali,real,real,051_Akoruno Shathire.mp3.mp3,17,10
f01e65aa6b032edccc68885db8b2f564,bengali,real,real,051_Akoruno Shathire.mp3.mp3,18,10
d794481c09419f651bc8fc019862fca6,bengali,real,real,051_Akoruno Shathire.mp3.mp3,19,10
0d2774ecbe5b0e52e1d8a567b1bf5a5a,bengali,real,real,051_Akoruno Shathire.mp3.mp3,20,10
2c25490941ee512bca0bc70533d51e84,bengali,real,real,051_Akoruno Shathire.mp3.mp3,21,10
20b94684bf1a6666461a550235b146fb,bengali,real,real,051_Akoruno Shathire.mp3.mp3,22,10
cde048752eee98adea0967b7db9f0c76,bengali,real,real,051_Akoruno Shathire.mp3.mp3,23,10
d570df79e330c45ffb700c04e7d6b9bc,bengali,real,real,051_Akoruno Shathire.mp3.mp3,24,10
13f601f325116e24be00341167c07a1c,bengali,real,real,051_Akoruno Shathire.mp3.mp3,25,10
1a04aa7e5d18fd27bc7fcd3b9bb8d637,bengali,real,real,051_Akoruno Shathire.mp3.mp3,26,10
7abc0b3bf0ec97f448281379546e374c,bengali,real,real,051_Akoruno Shathire.mp3.mp3,27,10
25186bb79fcfc04064fb0b8c30032c5c,bengali,real,real,051_Akoruno Shathire.mp3.mp3,28,10
99e4852484514256ae402b032d94c4f3,bengali,real,real,051_Akoruno Shathire.mp3.mp3,29,10
54bc365d7db947a7e61b7d50a5f7c192,bengali,real,real,051_Akoruno Shathire.mp3.mp3,30,10
3bdc2fc6810838ed91851440c8fe3545,bengali,real,real,051_Akoruno Shathire.mp3.mp3,31,10
6887b6f54c03c305832c3619bbd4b1d2,bengali,real,real,051_Akoruno Shathire.mp3.mp3,32,10
55c4be5cd38fc2ffe6f10876d2a4aa70,bengali,real,real,051_Akoruno Shathire.mp3.mp3,33,10
d0ad7e04588536bd0bf3ee8edc4fcdf5,bengali,real,real,051_Akoruno Shathire.mp3.mp3,34,10
dfe2b1e20b64cfe292449e6b5cb18561,bengali,real,real,051_Akoruno Shathire.mp3.mp3,35,10
e6c117180ad23d1f56e454d3dadc1b28,bengali,real,real,051_Akoruno Shathire.mp3.mp3,36,10
c1dd4f1778e26f74e68267a740a1094f,bengali,real,real,051_Akoruno Shathire.mp3.mp3,37,10
c100222ecea98a1939b7239de788a8c2,bengali,real,real,051_Akoruno Shathire.mp3.mp3,38,10
7b22be662f31ef0ca3e1f55035f5df99,bengali,real,real,051_Akoruno Shathire.mp3.mp3,39,10
c2596406e22383108a737472e5e0af0a,bengali,real,real,051_Akoruno Shathire.mp3.mp3,40,10
ec20e42d3548294a2ae5b6ae97d7d887,bengali,real,real,051_Akoruno Shathire.mp3.mp3,41,10
b28e74c346eb69e6e699bfbb333282d5,bengali,real,real,051_Akoruno Shathire.mp3.mp3,42,10
892bb42f3e0c0c46d4cdfeed6fe2bfe4,bengali,real,real,051_Akoruno Shathire.mp3.mp3,43,10
d4965f99187d218f83851db692d2502e,bengali,real,real,051_Akoruno Shathire.mp3.mp3,44,10
74cb32faa2ac60dbef112a65cc66a4ce,bengali,real,real,051_Akoruno Shathire.mp3.mp3,45,10
5092bd5f894e4454060fddab13d24b09,bengali,real,real,051_Akoruno Shathire.mp3.mp3,46,10
ba4ab148f11be2382e210f1beb5f2598,bengali,real,real,051_Akoruno Shathire.mp3.mp3,47,10
c6ad3857c2bdd14003ecbddcdde71e0f,bengali,real,real,051_Akoruno Shathire.mp3.mp3,48,10
9ce5987b388132ce15a091196b2d3352,bengali,real,real,051_Akoruno Shathire.mp3.mp3,49,10
0ff8350bfdcf4554d3d8d01293fd9a5d,bengali,real,real,051_Akoruno Shathire.mp3.mp3,50,10
275e2e71d7ff1b24180a1513f91bf557,bengali,real,real,051_Akoruno Shathire.mp3.mp3,51,10
c12be6c3c311a26da9270fdc5182974e,bengali,real,real,051_Akoruno Shathire.mp3.mp3,52,10
dcb8149240d44addfae98fab4d0ab032,bengali,real,real,051_Akoruno Shathire.mp3.mp3,53,10
a5844c4ec6ebcde2890374e6d91805b0,bengali,real,real,051_Akoruno Shathire.mp3.mp3,54,10
55ef84ceef227968b38c50816858ee52,bengali,real,real,051_Akoruno Shathire.mp3.mp3,55,10
1562ab1985992c605db156c4d29cd97d,bengali,real,real,051_Akoruno Shathire.mp3.mp3,56,10
a2c2a2f87032390e6f763dbbdb611591,bengali,real,real,051_Akoruno Shathire.mp3.mp3,57,10
96a7aed87b8f5d32851eabc2c2c4b284,bengali,real,real,051_Akoruno Shathire.mp3.mp3,58,10
99d75cabdc432aa4337133ef0fff49e2,bengali,real,real,051_Akoruno Shathire.mp3.mp3,59,10
0472994cc7631909a8fa43ab0b02a3fb,bengali,real,real,051_Akoruno Shathire.mp3.mp3,60,10
aaf898120bdf3529c872b96014f99b75,bengali,real,real,051_Akoruno Shathire.mp3.mp3,61,10
91756682b8951ce4ad10073dc98b05df,bengali,real,real,051_Akoruno Shathire.mp3.mp3,62,10
f8d2a2dc085addb250f8bcd383a131c0,bengali,real,real,051_Akoruno Shathire.mp3.mp3,63,10
66fd237a0a8c4e9b5badfce77d6799cb,bengali,real,real,051_Akoruno Shathire.mp3.mp3,64,10
8729f8b0415a863020d3ab5ebda73e22,bengali,real,real,051_Akoruno Shathire.mp3.mp3,65,10
f88de29b058d3038c492f7dc15e3e7db,bengali,real,real,051_Akoruno Shathire.mp3.mp3,66,10
493e8b192362f08c7d19647b784de2a5,bengali,real,real,051_Akoruno Shathire.mp3.mp3,67,10
83bfa616cfb9ecc5c7d83b450a5e1e2b,bengali,real,real,051_Akoruno Shathire.mp3.mp3,68,10
af7ad4e58fb173b8dc06630d71488955,bengali,real,real,051_Akoruno Shathire.mp3.mp3,69,10
4b691f6ad73a5ec3dad69c37ecee7431,bengali,real,real,051_Akoruno Shathire.mp3.mp3,70,10
5f1d65d04f996b00d55eeecb93c46b40,bengali,real,real,051_Akoruno Shathire.mp3.mp3,71,10
e812bde6845a1bdafdfb3b50aa01cdfa,bengali,real,real,051_Akoruno Shathire.mp3.mp3,72,10
b5ff542f1ac9d2411e6681120bcd9e1b,bengali,real,real,051_Akoruno Shathire.mp3.mp3,73,10
5343450e76f492d6155268cd34c1deed,bengali,real,real,051_Akoruno Shathire.mp3.mp3,74,10
4310044bf3a17a8c5078d88a16206e0c,bengali,real,real,051_Akoruno Shathire.mp3.mp3,75,10
4dbbd1f98319dbb5c9e641bd651837a6,bengali,real,real,051_Akoruno Shathire.mp3.mp3,76,10
7f7a6f369dddf8767fe60adad724112f,bengali,real,real,051_Akoruno Shathire.mp3.mp3,77,10
17c67ed45c696b1628b7d449ffc78207,bengali,real,real,051_Akoruno Shathire.mp3.mp3,78,10
ff71285ef195329f28ceb984054054b3,bengali,real,real,051_Akoruno Shathire.mp3.mp3,79,10
a0632a2fdbaf935801b835b2b991ab30,bengali,real,real,051_Akoruno Shathire.mp3.mp3,80,10
bc0173f6eef595867d82438063556a04,bengali,real,real,053_Moder Ei Shikal Pora Chhal.mp3.mp3,0,10
d92beb33b9981fde260c34f29873dfb9,bengali,real,real,053_Moder Ei Shikal Pora Chhal.mp3.mp3,1,10
b59524513dbbd1280e83ffda8468a590,bengali,real,real,053_Moder Ei Shikal Pora Chhal.mp3.mp3,2,10
a9c082395be2712406537e6a72863fde,bengali,real,real,053_Moder Ei Shikal Pora Chhal.mp3.mp3,3,10
e1021dd77a6515a63140289056598e52,bengali,real,real,053_Moder Ei Shikal Pora Chhal.mp3.mp3,4,10
55b7c51b471ecd9df905b92192f5b52c,bengali,real,real,053_Moder Ei Shikal Pora Chhal.mp3.mp3,5,10
1ba5514e6f186b7d84a9babbc30594e5,bengali,real,real,053_Moder Ei Shikal Pora Chhal.mp3.mp3,6,10
f8521242074d5121a48280c71e416ec9,bengali,real,real,053_Moder Ei Shikal Pora Chhal.mp3.mp3,7,10
e17718df0ebc86f19e3f3cf266097707,bengali,real,real,053_Moder Ei Shikal Pora Chhal.mp3.mp3,8,10
d69f3dc93901c3f3baaaff9649884496,bengali,real,real,053_Moder Ei Shikal Pora Chhal.mp3.mp3,9,10
fea0351c0546c4bed6d4f1bf0c991847,bengali,real,real,053_Moder Ei Shikal Pora Chhal.mp3.mp3,10,10
9bfe3947439380e066cc3208a35bc97d,bengali,real,real,053_Moder Ei Shikal Pora Chhal.mp3.mp3,11,10
ca06d22544952ae71c00444b59d63a99,bengali,real,real,053_Moder Ei Shikal Pora Chhal.mp3.mp3,12,10
aad39d4fa662b46daddd90d0d6411892,bengali,real,real,053_Moder Ei Shikal Pora Chhal.mp3.mp3,13,10
837d576db24a55b3915e1a97db782e43,bengali,real,real,053_Moder Ei Shikal Pora Chhal.mp3.mp3,14,10
3611bf3c09c33b67346c756fa7c22608,bengali,real,real,053_Moder Ei Shikal Pora Chhal.mp3.mp3,15,10
1d1e9cabe5d4f5c8ae0928336b269e71,bengali,real,real,053_Moder Ei Shikal Pora Chhal.mp3.mp3,16,10
0b378e1e0b657a542e58875dddb00bd7,bengali,real,real,053_Moder Ei Shikal Pora Chhal.mp3.mp3,17,10
3ffee6cefeeefd0964121b7f86e0ff07,bengali,real,real,053_Moder Ei Shikal Pora Chhal.mp3.mp3,18,10
bb783507aac4bcc847012bdf8e1b0d85,bengali,real,real,053_Moder Ei Shikal Pora Chhal.mp3.mp3,19,10
a7e63143de0047ecf09ff3d6f830eaf9,bengali,real,real,053_Moder Ei Shikal Pora Chhal.mp3.mp3,20,10
8e12658784244c902a23c50fe04bbc91,bengali,real,real,053_Moder Ei Shikal Pora Chhal.mp3.mp3,21,10
90374d529bc0d8417f67575e66ce5740,bengali,real,real,053_Moder Ei Shikal Pora Chhal.mp3.mp3,22,10
2a83020d0e0e3245b3ae32bb10ac6bcd,bengali,real,real,053_Moder Ei Shikal Pora Chhal.mp3.mp3,23,10
fa5b129c90c48b0d9e347487ef9dfcdb,bengali,real,real,053_Moder Ei Shikal Pora Chhal.mp3.mp3,24,10
a34dec549a924d9089fba95cd93fc5a4,bengali,real,real,053_Moder Ei Shikal Pora Chhal.mp3.mp3,25,10
54a17aa1768c1b4599b19af4ae4b8a6c,bengali,real,real,053_Moder Ei Shikal Pora Chhal.mp3.mp3,26,10
149938075ce6e1f8357b294b166d3d88,bengali,real,real,053_Moder Ei Shikal Pora Chhal.mp3.mp3,27,10
916f8565aa95d829ef86ca615e823dd3,bengali,real,real,053_Moder Ei Shikal Pora Chhal.mp3.mp3,28,10
66594edcba2517ac01faf117f69e1d67,bengali,real,real,053_Moder Ei Shikal Pora Chhal.mp3.mp3,29,10
e81937c3c9ba096698c0e798aa81e9ae,bengali,real,real,054_Bhoriya Paran Shunitechhi Gaan.mp3.mp3,0,10
7f294f3269fd31896569dbb97b7be61a,bengali,real,real,054_Bhoriya Paran Shunitechhi Gaan.mp3.mp3,1,10
d0c54a9a237dbf655609ce2a912080cc,bengali,real,real,054_Bhoriya Paran Shunitechhi Gaan.mp3.mp3,2,10
99d8047259032537a6610b82b1b508bd,bengali,real,real,054_Bhoriya Paran Shunitechhi Gaan.mp3.mp3,3,10
9f63d91984105cce12ee85ec3488b2b2,bengali,real,real,054_Bhoriya Paran Shunitechhi Gaan.mp3.mp3,4,10
1e034fc769e2ac04be7aac039aae6f5e,bengali,real,real,054_Bhoriya Paran Shunitechhi Gaan.mp3.mp3,5,10
63db1ff171bcefd217bdef39325a57ce,bengali,real,real,054_Bhoriya Paran Shunitechhi Gaan.mp3.mp3,6,10
ad1c5760ec2f9871f0b95b8c0d1282db,bengali,real,real,054_Bhoriya Paran Shunitechhi Gaan.mp3.mp3,7,10
194fb5b949754a57d35e0ac8d7f1ca96,bengali,real,real,054_Bhoriya Paran Shunitechhi Gaan.mp3.mp3,8,10
fce2725ab92688aff3ef0780047b5980,bengali,real,real,054_Bhoriya Paran Shunitechhi Gaan.mp3.mp3,9,10
e0b5558264d24b58653bbbd7a25e4063,bengali,real,real,054_Bhoriya Paran Shunitechhi Gaan.mp3.mp3,10,10
2b91aaa3c311ad86f6faac9552ec7601,bengali,real,real,054_Bhoriya Paran Shunitechhi Gaan.mp3.mp3,11,10
5869d5f98d5c6f838db1be0afe3b7408,bengali,real,real,054_Bhoriya Paran Shunitechhi Gaan.mp3.mp3,12,10
723463b452473577ddd6fe6a342d85a2,bengali,real,real,054_Bhoriya Paran Shunitechhi Gaan.mp3.mp3,13,10
a6f164b58d7dddb1224b855d6ef1aa8f,bengali,real,real,054_Bhoriya Paran Shunitechhi Gaan.mp3.mp3,14,10
c73166d827e875a1e183bcdedfd5b403,bengali,real,real,054_Bhoriya Paran Shunitechhi Gaan.mp3.mp3,15,10
d48087c48595ca7a8ae2eaebdafe796d,bengali,real,real,054_Bhoriya Paran Shunitechhi Gaan.mp3.mp3,16,10
be7a387259e340f5932c4f1033761f98,bengali,real,real,054_Bhoriya Paran Shunitechhi Gaan.mp3.mp3,17,10
aa2b25ee8b6ab6fa3a4288c08c241d96,bengali,real,real,054_Bhoriya Paran Shunitechhi Gaan.mp3.mp3,18,10
d096667d6412143e357c7665d3073414,bengali,real,real,055_Nishi Raat.mp3.mp3,0,10
c5b433800c80c2b6455228847c54bfb0,bengali,real,real,055_Nishi Raat.mp3.mp3,1,10
47b03c30b37660b48bead49f2ee3c6ba,bengali,real,real,055_Nishi Raat.mp3.mp3,2,10
d19025f8a5e2d67be86aca39088ed7ae,bengali,real,real,055_Nishi Raat.mp3.mp3,3,10
047ab6ff55cc35f64db0f40537197de9,bengali,real,real,055_Nishi Raat.mp3.mp3,4,10
c47d36ebb48f15202718b554b962d00e,bengali,real,real,055_Nishi Raat.mp3.mp3,5,10
9b5c7d8623ca2525e863705bae543fb5,bengali,real,real,055_Nishi Raat.mp3.mp3,6,10
cf4ef8b85ee8c9e773171734f2532600,bengali,real,real,055_Nishi Raat.mp3.mp3,7,10
890c8f792bd09135ca021103811c1045,bengali,real,real,055_Nishi Raat.mp3.mp3,8,10
a51cdddb5a5643a0512ee375434c023e,bengali,real,real,055_Nishi Raat.mp3.mp3,9,10
e3d462a8e59d97a278a89533027c4586,bengali,real,real,055_Nishi Raat.mp3.mp3,10,10
da1f4445be98d5962ef16070e5f6f927,bengali,real,real,055_Nishi Raat.mp3.mp3,11,10
8a88d32c8e6062f4dadb5e499776f466,bengali,real,real,055_Nishi Raat.mp3.mp3,12,10
9e945a92bc3fd5d2aafd165b306709c0,bengali,real,real,055_Nishi Raat.mp3.mp3,13,10
5a07b15ef523a4f69d0f6d74482f5e1d,bengali,real,real,055_Nishi Raat.mp3.mp3,14,10
380db22213478efb818ac4d6874b4dfb,bengali,real,real,055_Nishi Raat.mp3.mp3,15,10
41d563205fa403d6539bdd0efe598556,bengali,real,real,055_Nishi Raat.mp3.mp3,16,10
f5753755eb4905595bf2fd38aa1ef77d,bengali,real,real,055_Nishi Raat.mp3.mp3,17,10
682139fbbfdc3046395c304ef2661f0c,bengali,real,real,055_Nishi Raat.mp3.mp3,18,10
33f5a1eb14e96ae4f91a5f8b22829e9e,bengali,real,real,055_Nishi Raat.mp3.mp3,19,10
e19f109ea2de07123f24dba9fefa4d62,bengali,real,real,055_Nishi Raat.mp3.mp3,20,10
92a16df85e39874190a4202b59206d0c,bengali,real,real,056_Kusume Kusume Charonchinha.mp3.mp3,0,10
f87c0442558fd009871bcc08b811ba1a,bengali,real,real,056_Kusume Kusume Charonchinha.mp3.mp3,1,10
369c670a3798cec7717d31f71239346e,bengali,real,real,056_Kusume Kusume Charonchinha.mp3.mp3,2,10
3c41286c81f433fa2d0d5c74ea9e2e6c,bengali,real,real,056_Kusume Kusume Charonchinha.mp3.mp3,3,10
f97ebfbcf8d896b721a6bdc154427447,bengali,real,real,056_Kusume Kusume Charonchinha.mp3.mp3,4,10
7e2d46aca17f896a05a5b7c740ca3a7f,bengali,real,real,056_Kusume Kusume Charonchinha.mp3.mp3,5,10
f0fe564eb9686bd57a79652702a6be58,bengali,real,real,056_Kusume Kusume Charonchinha.mp3.mp3,6,10
36a948bda5ee9bd50628a06f171528ec,bengali,real,real,056_Kusume Kusume Charonchinha.mp3.mp3,7,10
d65ed9c4be7655b5bc00978ed22a2223,bengali,real,real,056_Kusume Kusume Charonchinha.mp3.mp3,8,10
d08178e2b38aa0d2c52b656e5e884318,bengali,real,real,056_Kusume Kusume Charonchinha.mp3.mp3,9,10
ad58c8c95ec30d54e973a5333162e6bc,bengali,real,real,056_Kusume Kusume Charonchinha.mp3.mp3,10,10
580313934f31f51de4d6392ce57b77ce,bengali,real,real,056_Kusume Kusume Charonchinha.mp3.mp3,11,10
225e94ef72dcb953cfdab7aa33deeee0,bengali,real,real,056_Kusume Kusume Charonchinha.mp3.mp3,12,10
596629beaa7fd4dc8b029afa663b4581,bengali,real,real,056_Kusume Kusume Charonchinha.mp3.mp3,13,10
004f0cf99c3ef1ef80d2b91b7d5cf1a1,bengali,real,real,056_Kusume Kusume Charonchinha.mp3.mp3,14,10
64158b958eae0eca3bbd50a0bba9ca80,bengali,real,real,056_Kusume Kusume Charonchinha.mp3.mp3,15,10
50534b246d58978bf1f2e3051761f984,bengali,real,real,056_Kusume Kusume Charonchinha.mp3.mp3,16,10
8b4964c2196350b0e4a3f3b876203f87,bengali,real,real,056_Kusume Kusume Charonchinha.mp3.mp3,17,10
921f115ab685562de2dfda5ddb87e170,bengali,real,real,056_Kusume Kusume Charonchinha.mp3.mp3,18,10
7321dfad5219bd5afbf0938289eefd37,bengali,real,real,056_Kusume Kusume Charonchinha.mp3.mp3,19,10
4aecec4a3a1c22fd022ba72ca7b8e143,bengali,real,real,056_Kusume Kusume Charonchinha.mp3.mp3,20,10
5526fd973fa277e66fe6d4dc934f1007,bengali,real,real,056_Kusume Kusume Charonchinha.mp3.mp3,21,10
137c3afdcfe350fdabdd38fcba94eb5d,bengali,real,real,056_Kusume Kusume Charonchinha.mp3.mp3,22,10
0b53408962eac7185723bdefef40529e,bengali,real,real,056_Kusume Kusume Charonchinha.mp3.mp3,23,10
63149b24c38ba2a06e0f45186864b73b,bengali,real,real,056_Kusume Kusume Charonchinha.mp3.mp3,24,10
5cde130269ecf49ecc36da969e3db639,bengali,real,real,058_Ache Syam Ange Rai Ango Helia.mp3.mp3,0,10
6e2f666e090066a27c85a4a7b906cbb1,bengali,real,real,058_Ache Syam Ange Rai Ango Helia.mp3.mp3,1,10
3745418c96ec0035aa73624016b37995,bengali,real,real,058_Ache Syam Ange Rai Ango Helia.mp3.mp3,2,10
b3ce422dd75e0f5baa00bedac96c50ff,bengali,real,real,058_Ache Syam Ange Rai Ango Helia.mp3.mp3,3,10
ccced26c13dcba762cb0970be04e1f8f,bengali,real,real,058_Ache Syam Ange Rai Ango Helia.mp3.mp3,4,10
4dfd75021dd80453d84c4366b4618ef8,bengali,real,real,058_Ache Syam Ange Rai Ango Helia.mp3.mp3,5,10
27d1936352e9ecf1d3d1d12185a86ed0,bengali,real,real,058_Ache Syam Ange Rai Ango Helia.mp3.mp3,6,10
b61507bac179c4e5165e1de26a099f5f,bengali,real,real,058_Ache Syam Ange Rai Ango Helia.mp3.mp3,7,10
f4d184270c9c636881e7d1c28c3316a7,bengali,real,real,058_Ache Syam Ange Rai Ango Helia.mp3.mp3,8,10
7b7bff04938e8926cb4bbca06cfecd20,bengali,real,real,058_Ache Syam Ange Rai Ango Helia.mp3.mp3,9,10
1bf3d2005a88f204d43f12ea27ad2ba5,bengali,real,real,058_Ache Syam Ange Rai Ango Helia.mp3.mp3,10,10
b0ad32a7120516b91a5c86ddf215dd23,bengali,real,real,058_Ache Syam Ange Rai Ango Helia.mp3.mp3,11,10
d046f39689992592a2d8848a5b3dad5d,bengali,real,real,058_Ache Syam Ange Rai Ango Helia.mp3.mp3,12,10
c20600e56e3392ce84266c9cbded1515,bengali,real,real,058_Ache Syam Ange Rai Ango Helia.mp3.mp3,13,10
2ab69f55e9e2dc8958085b1f8ca340b0,bengali,real,real,058_Ache Syam Ange Rai Ango Helia.mp3.mp3,14,10
2cac2509a232bc86f73da18090a76a4f,bengali,real,real,058_Ache Syam Ange Rai Ango Helia.mp3.mp3,15,10
788e86038afde3ad7803632d1b898588,bengali,real,real,058_Ache Syam Ange Rai Ango Helia.mp3.mp3,16,10
77ce671583d0350c83bae47473db67e0,bengali,real,real,058_Ache Syam Ange Rai Ango Helia.mp3.mp3,17,10
9426f8ad5e6d03e0529ba2a3c7e3a038,bengali,real,real,058_Ache Syam Ange Rai Ango Helia.mp3.mp3,18,10
532aff2338bd3b9c51c5fb0495d8a0ba,bengali,real,real,058_Ache Syam Ange Rai Ango Helia.mp3.mp3,19,10
e5e0fa1db8ab118d3c329018669bb4eb,bengali,real,real,058_Ache Syam Ange Rai Ango Helia.mp3.mp3,20,10
9b4621ea710e2c23a79c8e00ab69ddb7,bengali,real,real,058_Ache Syam Ange Rai Ango Helia.mp3.mp3,21,10
e3c9015d41ea86a28cf0e3d29b55252e,bengali,real,real,058_Ache Syam Ange Rai Ango Helia.mp3.mp3,22,10
9a557b346166ab903b431963efddf3a0,bengali,real,real,058_Ache Syam Ange Rai Ango Helia.mp3.mp3,23,10
6ea2a6bf904824eec6d4cd6e3c343494,bengali,real,real,058_Ache Syam Ange Rai Ango Helia.mp3.mp3,24,10
af7b9b693c82b5475c4b3140715dbd6a,bengali,real,real,058_Ache Syam Ange Rai Ango Helia.mp3.mp3,25,10
0413039578ac25177389d0b67545962e,bengali,real,real,058_Ache Syam Ange Rai Ango Helia.mp3.mp3,26,10
0ee2b361ac2c1dbaf63bd735c4a8be56,bengali,real,real,058_Ache Syam Ange Rai Ango Helia.mp3.mp3,27,10
93f773320d9b104d393748d6e0f5fc73,bengali,real,real,058_Ache Syam Ange Rai Ango Helia.mp3.mp3,28,10
17f930d5b5155a8c46f5de0ba83bd066,bengali,real,real,058_Ache Syam Ange Rai Ango Helia.mp3.mp3,29,10
5e86a0d40adaf4f83a55cdd97e010119,bengali,real,real,058_Ache Syam Ange Rai Ango Helia.mp3.mp3,30,10
630b76ed4517c5dd6fd6be950bbbb77a,bengali,real,real,058_Ache Syam Ange Rai Ango Helia.mp3.mp3,31,10
14f4b5b8600ed576c88cdef4647bab0c,bengali,real,real,058_Ache Syam Ange Rai Ango Helia.mp3.mp3,32,10
b0c01e19c351fda07edabdc013cef8a7,bengali,real,real,059_Kala.mp3.mp3,0,10
7ebe91e1b9451ae3bba49434af5d1299,bengali,real,real,059_Kala.mp3.mp3,1,10
f403f18d40e53b6ab44f24cf473ca7bf,bengali,real,real,059_Kala.mp3.mp3,2,10
381be86d50b804e5dcdb9ce00e8f843a,bengali,real,real,059_Kala.mp3.mp3,3,10
64ba01d2f48a5a0fd33a9beaa527dcb7,bengali,real,real,059_Kala.mp3.mp3,4,10
b0f952b03b3874421a9c03ad5546a988,bengali,real,real,059_Kala.mp3.mp3,5,10
38dd22c974cbc3e6c675043f54b8e433,bengali,real,real,059_Kala.mp3.mp3,6,10
0be7615b8836310549b1d5c2faabce7f,bengali,real,real,059_Kala.mp3.mp3,7,10
4af85c23d01477124175f271105c9a15,bengali,real,real,059_Kala.mp3.mp3,8,10
f6906006ec0eb0fd074d11893b5eb9f1,bengali,real,real,059_Kala.mp3.mp3,9,10
6861832618e6258e03185b9a59462b6b,bengali,real,real,059_Kala.mp3.mp3,10,10
3331e89c17c37399333e9eabcbdc21c3,bengali,real,real,059_Kala.mp3.mp3,11,10
1a106b28cc79189cad0a10ffae66a428,bengali,real,real,059_Kala.mp3.mp3,12,10
63a09edb7b57b4c614647e6bd452ad65,bengali,real,real,059_Kala.mp3.mp3,13,10
ec0fecd78973164c3a1bd5efdb701a7f,bengali,real,real,059_Kala.mp3.mp3,14,10
8a82a7f3e38ee009ed475d5c2c2e7964,bengali,real,real,059_Kala.mp3.mp3,15,10
5a0a30e9ee35c047b43c8be3603a7101,bengali,real,real,059_Kala.mp3.mp3,16,10
a3f0990d7a010259c910881cbf63afed,bengali,real,real,059_Kala.mp3.mp3,17,10
c4f0f2d4d842503bb93fa2f47220182f,bengali,real,real,059_Kala.mp3.mp3,18,10
36298c7dd4ef31eee40036c12c4c70c6,bengali,real,real,059_Kala.mp3.mp3,19,10
eebd2a89bcb1f1fb8ba2e44f72a43403,bengali,real,real,059_Kala.mp3.mp3,20,10
446e152e09d590418603e4d93fcf6e68,bengali,real,real,059_Kala.mp3.mp3,21,10
a52e967a1abfd9c90e3aaa740fd74e93,bengali,real,real,059_Kala.mp3.mp3,22,10
af59d545445283b898c577043b006964,bengali,real,real,059_Kala.mp3.mp3,23,10
6ca857bb814f34df65299c44af580b02,bengali,real,real,059_Kala.mp3.mp3,24,10
6812c26ceb6811410e866b53e7ee27e2,bengali,real,real,059_Kala.mp3.mp3,25,10
242fb6da51edf4baffd9009b6667b392,bengali,real,real,059_Kala.mp3.mp3,26,10
932c578f94a2fc2f1a8c0e2fb3044530,bengali,real,real,059_Kala.mp3.mp3,27,10
568e4a8295ecb8f5b6b716e3304b4a77,bengali,real,real,059_Kala.mp3.mp3,28,10
7fe3cad934b0b53005c13ee69911abee,bengali,real,real,059_Kala.mp3.mp3,29,10
f730a896357495c530972d1b3f59b755,bengali,real,real,059_Kala.mp3.mp3,30,10
4cc16c689abd801dbe52101d8632fecf,bengali,real,real,059_Kala.mp3.mp3,31,10
146526327f82a4a3364172d0fb5359f6,bengali,real,real,059_Kala.mp3.mp3,32,10
00ba395a89271e1709386e7857bbf548,bengali,real,real,059_Kala.mp3.mp3,33,10
5b72cd2ffe357f092a8107afab35c727,bengali,real,real,059_Kala.mp3.mp3,34,10
63873cab6e43f002cbf7fb06bdde322b,bengali,real,real,059_Kala.mp3.mp3,35,10
3c45966ad5c768c83359e7dc04a860e4,bengali,real,real,059_Kala.mp3.mp3,36,10
4333228d826a1ce7173387f3b3a90350,bengali,real,real,059_Kala.mp3.mp3,37,10
509abf12996eb3c42545d40ed3c25ca4,bengali,real,real,059_Kala.mp3.mp3,38,10
653c49f3e4f237dfe85f205ac9276158,bengali,real,real,059_Kala.mp3.mp3,39,10
79d989ec5b39d533ae347722101bca19,bengali,real,real,059_Kala.mp3.mp3,40,10
992817a36af1f4bb2cfaeadedb2d8035,bengali,real,real,059_Kala.mp3.mp3,41,10
bc7209e28c99644a9194feaca86599b4,bengali,real,real,059_Kala.mp3.mp3,42,10
18b641770bfb280f808399e586b4a2c4,bengali,real,real,059_Kala.mp3.mp3,43,10
270788ea47d607ce49ea890b0f9659ad,bengali,real,real,059_Kala.mp3.mp3,44,10
8e0063a386efad6763789afecd0ec32d,bengali,real,real,059_Kala.mp3.mp3,45,10
949c4e135e0087a5473765cb291932b6,bengali,real,real,059_Kala.mp3.mp3,46,10
6f1550eadd058690eaf1fdef2263d5ea,bengali,real,real,059_Kala.mp3.mp3,47,10
d63488724284bc00171f1cd96e95eba0,bengali,real,real,059_Kala.mp3.mp3,48,10
446c618806abc801b1e99d969e4ed8fb,bengali,real,real,059_Kala.mp3.mp3,49,10
9e2f02818e25753a040552f058699bbf,bengali,real,real,059_Kala.mp3.mp3,50,10
82c4b366304ce8cc7d13b89170363edd,bengali,real,real,059_Kala.mp3.mp3,51,10
a6d49f3f95a81af05f81c5467cbbc8a8,bengali,real,real,059_Kala.mp3.mp3,52,10
87fe30a94408526158c086534136850c,bengali,real,real,059_Kala.mp3.mp3,53,10
6faf770a348e6af2fa6bad62ddd6b500,bengali,real,real,059_Kala.mp3.mp3,54,10
9ea19ffe751b7b9aac0c5f32c2f127ed,bengali,real,real,059_Kala.mp3.mp3,55,10
64437d22d5c7906508f88c60545eaddc,bengali,real,real,059_Kala.mp3.mp3,56,10
f9e9eedc497b7650327d7dade4b0e2cc,bengali,real,real,059_Kala.mp3.mp3,57,10
edcab01d397843eca2f89bebfa691f40,bengali,real,real,059_Kala.mp3.mp3,58,10
bdaa117f99071b1d390d7cd5cb837a8d,bengali,real,real,059_Kala.mp3.mp3,59,10
329800c99bfeedb3949f07190d60fd99,bengali,real,real,059_Kala.mp3.mp3,60,10
e51c8550e87db50887b8dbfb6ff59f13,bengali,real,real,059_Kala.mp3.mp3,61,10
77c0e79576fd5d474f206d8714a760ef,bengali,real,real,059_Kala.mp3.mp3,62,10
8ca631b9acd63db630522810976bb99f,bengali,real,real,059_Kala.mp3.mp3,63,10
cb9478c919e3a7eb339923123703579f,bengali,real,real,059_Kala.mp3.mp3,64,10
82a03a33663763a9f8822d55a9cc4abd,bengali,real,real,059_Kala.mp3.mp3,65,10
b3a731a228329cc38120928c823c34ff,bengali,real,real,059_Kala.mp3.mp3,66,10
3706250a216ba8d7d3bd444de712ceff,bengali,real,real,059_Kala.mp3.mp3,67,10
f9cdfc749408410c70a3bd48aa92b8b4,bengali,real,real,059_Kala.mp3.mp3,68,10
3c77b44d45bacf19a108f8bbe66f0419,bengali,real,real,059_Kala.mp3.mp3,69,10
38a3090b3731dbe5dbe83ff0d0ed6edf,bengali,real,real,059_Kala.mp3.mp3,70,10
e613d6e75599cf0db3ff9346f7e03c7f,bengali,real,real,059_Kala.mp3.mp3,71,10
5ff45c548f2596ae4c78d1825bd7b2e4,bengali,real,real,059_Kala.mp3.mp3,72,10
ca1121956fd4570c96e2bd1fb68411f6,bengali,real,real,060_Apon Moner Baghe.mp3.mp3,0,10
04c964b2bd3072711ca5c56112041734,bengali,real,real,060_Apon Moner Baghe.mp3.mp3,1,10
a9a7d089148348f3d9070d527e5717b3,bengali,real,real,060_Apon Moner Baghe.mp3.mp3,2,10
4cd875a415a2e84450dcc443f5af44f4,bengali,real,real,060_Apon Moner Baghe.mp3.mp3,3,10
abd92b546e5b3c08041bf2af827391f9,bengali,real,real,060_Apon Moner Baghe.mp3.mp3,4,10
19290b4ad1f600b43daaac16e29e1c0c,bengali,real,real,060_Apon Moner Baghe.mp3.mp3,5,10
79893cebddb894d8709c5d53e0b4730d,bengali,real,real,060_Apon Moner Baghe.mp3.mp3,6,10
c7fc1d32e1bc9e90e0d6f25182b30b60,bengali,real,real,060_Apon Moner Baghe.mp3.mp3,7,10
066cb95ea38b7c8103036191d7d1b767,bengali,real,real,060_Apon Moner Baghe.mp3.mp3,8,10
792a7960a49404b0d6569d410c35c455,bengali,real,real,060_Apon Moner Baghe.mp3.mp3,9,10
fb61c1e85c292c495a2b088d50968693,bengali,real,real,060_Apon Moner Baghe.mp3.mp3,10,10
1212c0ab920c79b771eff36c18ded995,bengali,real,real,060_Apon Moner Baghe.mp3.mp3,11,10
01b51a4207a423eda9883b78fc422635,bengali,real,real,060_Apon Moner Baghe.mp3.mp3,12,10
468371798e13dc3e764a520307416837,bengali,real,real,060_Apon Moner Baghe.mp3.mp3,13,10
7c65b76e8670121953be75f2c38cf2ee,bengali,real,real,060_Apon Moner Baghe.mp3.mp3,14,10
b33dcecc4674602f40b56aa3782f93ba,bengali,real,real,060_Apon Moner Baghe.mp3.mp3,15,10
874727132f4659b2f8fa9d617a0bf82f,bengali,real,real,060_Apon Moner Baghe.mp3.mp3,16,10
476146aa8ae83dd19776ef3bb8d46d41,bengali,real,real,060_Apon Moner Baghe.mp3.mp3,17,10
7224a23673b8a848da23f84ce7006adf,bengali,real,real,060_Apon Moner Baghe.mp3.mp3,18,10
14565684f7a84f9575a12c89ff7cddb0,bengali,real,real,060_Apon Moner Baghe.mp3.mp3,19,10
6f2f7cfa49ddfc01665d546c57def787,bengali,real,real,060_Apon Moner Baghe.mp3.mp3,20,10
e2a22a5eccf8d665ab7353dbaecc75a8,bengali,real,real,060_Apon Moner Baghe.mp3.mp3,21,10
c40190803b3f374ac5caa9ed46f03146,bengali,real,real,060_Apon Moner Baghe.mp3.mp3,22,10
cc2f800887972e963c9b1688eda00097,bengali,real,real,060_Apon Moner Baghe.mp3.mp3,23,10
c5417b29821ba79f2c8ccc13df9a2dfd,bengali,real,real,060_Apon Moner Baghe.mp3.mp3,24,10
2be82a2b72baf71e260c8f02a940216b,bengali,real,real,060_Apon Moner Baghe.mp3.mp3,25,10
61443e74b9bbb7e39458768322419d0e,bengali,real,real,060_Apon Moner Baghe.mp3.mp3,26,10
5c600e38ced770e5291041094300e40c,bengali,real,real,060_Apon Moner Baghe.mp3.mp3,27,10
9701062ea398a7040d3963f5b3fc99ce,bengali,real,real,060_Apon Moner Baghe.mp3.mp3,28,10
d6e847d32a45b9ef4ce36bfb0011e193,bengali,real,real,060_Apon Moner Baghe.mp3.mp3,29,10
8f0813e67d1dc0b1e1c8b75eba48f9b2,bengali,real,real,060_Apon Moner Baghe.mp3.mp3,30,10
d28e5d5e344f845197ffa287fea091bd,bengali,real,real,060_Apon Moner Baghe.mp3.mp3,31,10
5d1b3ddbe5a6e6b77f5c71bd63426a03,bengali,real,real,060_Apon Moner Baghe.mp3.mp3,32,10
7e81816efcce719a8b492dca1384e15a,bengali,real,real,060_Apon Moner Baghe.mp3.mp3,33,10
7cb3df9304e6709aaf950acc02e48e78,bengali,real,real,060_Apon Moner Baghe.mp3.mp3,34,10
bf3d62656ddf6a303125836c8c5817b1,bengali,real,real,060_Apon Moner Baghe.mp3.mp3,35,10
fa7a942a1d37e74bb08e5fc192459007,bengali,real,real,060_Apon Moner Baghe.mp3.mp3,36,10
fb7377dc30e1accbecf6dd3c3e02d6ae,bengali,real,real,060_Apon Moner Baghe.mp3.mp3,37,10
ac8099ce7df81a5a3d2f6594361568e3,bengali,real,real,060_Apon Moner Baghe.mp3.mp3,38,10
2aff98c459dd02e9e45da1836bca8bb6,bengali,real,real,060_Apon Moner Baghe.mp3.mp3,39,10
3def28f2fd32597d83c11d9609e79d74,bengali,real,real,060_Apon Moner Baghe.mp3.mp3,40,10
3f25324bda1b7c2bff08ae7a20d7724d,bengali,real,real,060_Apon Moner Baghe.mp3.mp3,41,10
ea9889fd21c434348bf4f48c73716dd8,bengali,real,real,060_Apon Moner Baghe.mp3.mp3,42,10
8ec6b03378a2074fb96cd482a4f389fa,bengali,real,real,060_Apon Moner Baghe.mp3.mp3,43,10
3deb1a83f31dcba5acf369121759e176,bengali,real,real,060_Apon Moner Baghe.mp3.mp3,44,10
788c9ea799b0a58faa93aa3eac1ce6f4,bengali,real,real,061_Se Chokh Kothai Tomar.mp3.mp3,0,10
34b79a9a91c4f818047fac7a1bc52243,bengali,real,real,061_Se Chokh Kothai Tomar.mp3.mp3,1,10
0ed3c44a5900a680a8f1ab4e95563937,bengali,real,real,061_Se Chokh Kothai Tomar.mp3.mp3,2,10
8f70db875f865e003b67b8379353c736,bengali,real,real,061_Se Chokh Kothai Tomar.mp3.mp3,3,10
25b4f903b65dc0ef456bee853908b7b9,bengali,real,real,061_Se Chokh Kothai Tomar.mp3.mp3,4,10
9a15f37c64af0aa8d3292bf50eaeb8db,bengali,real,real,061_Se Chokh Kothai Tomar.mp3.mp3,5,10
62acbaa9397036d60eab8d95d41e0edb,bengali,real,real,061_Se Chokh Kothai Tomar.mp3.mp3,6,10
22d6201492351d84f9084f6eaf21be45,bengali,real,real,061_Se Chokh Kothai Tomar.mp3.mp3,7,10
19b7e08d1428e0716e441e8f644c29a7,bengali,real,real,061_Se Chokh Kothai Tomar.mp3.mp3,8,10
b8739b357d135f6df3c3de7fc98c0c44,bengali,real,real,061_Se Chokh Kothai Tomar.mp3.mp3,9,10
d3c9720f1375e89c4688bca28ddbfee2,bengali,real,real,061_Se Chokh Kothai Tomar.mp3.mp3,10,10
357392135520cd622342df7ddc1bf201,bengali,real,real,061_Se Chokh Kothai Tomar.mp3.mp3,11,10
f2b3c15d2aff63e227aa1857057d6a93,bengali,real,real,061_Se Chokh Kothai Tomar.mp3.mp3,12,10
e41126dd86b796b0d5a3e721ee3cb727,bengali,real,real,061_Se Chokh Kothai Tomar.mp3.mp3,13,10
d959e333f0f8f3c6fb6f8e427e900938,bengali,real,real,061_Se Chokh Kothai Tomar.mp3.mp3,14,10
d04eba4601f5579a2da0c0fd8730fe0f,bengali,real,real,061_Se Chokh Kothai Tomar.mp3.mp3,15,10
60fe68e8f4557112a33941d9adb8c165,bengali,real,real,061_Se Chokh Kothai Tomar.mp3.mp3,16,10
6e3384f885a85bb6467df89cb0c73821,bengali,real,real,062_Ami Je Kato Ekela.mp3.mp3,0,10
1ab45f4d53d3def5c40018c785f316ed,bengali,real,real,062_Ami Je Kato Ekela.mp3.mp3,1,10
230f872119c002d97e0ce0cbcab5f61a,bengali,real,real,062_Ami Je Kato Ekela.mp3.mp3,2,10
f9a27e771d30561c38dbc9fa6a9d7642,bengali,real,real,062_Ami Je Kato Ekela.mp3.mp3,3,10
76f24d16f7bd4418e00297e6631434f2,bengali,real,real,062_Ami Je Kato Ekela.mp3.mp3,4,10
a5d5b2deaf1b96de4e4c2e3d964ea2a9,bengali,real,real,062_Ami Je Kato Ekela.mp3.mp3,5,10
c084aa12568b4a0d638cf386924fc7b7,bengali,real,real,062_Ami Je Kato Ekela.mp3.mp3,6,10
838d30a323b777254080737659042b73,bengali,real,real,062_Ami Je Kato Ekela.mp3.mp3,7,10
f68cf9cedf573cf7472c08c8b68dcf6c,bengali,real,real,062_Ami Je Kato Ekela.mp3.mp3,8,10
e8bcbf8727d50bc3a2613befb71d1039,bengali,real,real,062_Ami Je Kato Ekela.mp3.mp3,9,10
528f7ba7e57737a09cdc93aa0f4ee5c6,bengali,real,real,062_Ami Je Kato Ekela.mp3.mp3,10,10
0d50ba429c41d1f0bf5ca1fba188d7b8,bengali,real,real,062_Ami Je Kato Ekela.mp3.mp3,11,10
62749e13daccc4797b4a6e79cdf9b1dd,bengali,real,real,062_Ami Je Kato Ekela.mp3.mp3,12,10
562414f821d715875f180c9e3346c3ac,bengali,real,real,062_Ami Je Kato Ekela.mp3.mp3,13,10
64df2875ee47961f740681f805891b52,bengali,real,real,062_Ami Je Kato Ekela.mp3.mp3,14,10
44eddf22ce887db81728591b9aa9f76b,bengali,real,real,062_Ami Je Kato Ekela.mp3.mp3,15,10
76b273a59a793e1403a5ff39d30c0c1c,bengali,real,real,062_Ami Je Kato Ekela.mp3.mp3,16,10
ecd7bae4ae88df3c947728c8014b52eb,bengali,real,real,062_Ami Je Kato Ekela.mp3.mp3,17,10
4e54f17d6085dfd774462840cf1496a2,bengali,real,real,062_Ami Je Kato Ekela.mp3.mp3,18,10
2ff1779fd1fb56ff8e577c8517b38e67,bengali,real,real,064_Say Hari Mynah Bird.mp3.mp3,0,10
7f0e190cbd9595c0f2c6af85bdbedbda,bengali,real,real,064_Say Hari Mynah Bird.mp3.mp3,1,10
0cc6f759dacbcd69063f4b434d8f4382,bengali,real,real,064_Say Hari Mynah Bird.mp3.mp3,2,10
fafa0af191826d3fc4796500fa439d26,bengali,real,real,064_Say Hari Mynah Bird.mp3.mp3,3,10
fe9d72253aa5cec65176819fe86f08e1,bengali,real,real,064_Say Hari Mynah Bird.mp3.mp3,4,10
4b45314b399959c2fdd4eedea3fb1398,bengali,real,real,064_Say Hari Mynah Bird.mp3.mp3,5,10
7fdca42d652b5aee23051ccfb4e4a29a,bengali,real,real,064_Say Hari Mynah Bird.mp3.mp3,6,10
fab7b5e94cf40f448b442ddc0fbb6443,bengali,real,real,064_Say Hari Mynah Bird.mp3.mp3,7,10
3d14876fcddaa4e93be2dc3448b47968,bengali,real,real,064_Say Hari Mynah Bird.mp3.mp3,8,10
c3baad7ab37e4fcc04d4158d563ff0b5,bengali,real,real,064_Say Hari Mynah Bird.mp3.mp3,9,10
ec1937d93d33ad39efd1426a1bb781a6,bengali,real,real,064_Say Hari Mynah Bird.mp3.mp3,10,10
c00f98b5cf0dd5d3fcd15ba35c5ff2d6,bengali,real,real,064_Say Hari Mynah Bird.mp3.mp3,11,10
62130e767d0fed4f262b93d463f238ba,bengali,real,real,064_Say Hari Mynah Bird.mp3.mp3,12,10
d3bb337bbe5c4501090ee90208e3f3ed,bengali,real,real,064_Say Hari Mynah Bird.mp3.mp3,13,10
52434f44b054037aaca505bf6aa7c983,bengali,real,real,064_Say Hari Mynah Bird.mp3.mp3,14,10
75b33db1abcf25d20556511f266236e6,bengali,real,real,064_Say Hari Mynah Bird.mp3.mp3,15,10
8f72398562e01f85a245f94d81c39f95,bengali,real,real,064_Say Hari Mynah Bird.mp3.mp3,16,10
caab09bdaf193c2e38e47933069eba5e,bengali,real,real,064_Say Hari Mynah Bird.mp3.mp3,17,10
f87a72a8ddd15f159d68405d57e37c56,bengali,real,real,064_Say Hari Mynah Bird.mp3.mp3,18,10
318e91802b127d0a9125dc9d1d6376ab,bengali,real,real,064_Say Hari Mynah Bird.mp3.mp3,19,10
dec85b1fe850a7d0aa3e7ae15f5e121b,bengali,real,real,064_Say Hari Mynah Bird.mp3.mp3,20,10
b4df78c9202a8e48170e4b2a08ee9055,bengali,real,real,064_Say Hari Mynah Bird.mp3.mp3,21,10
9251d7f19fa8ef0930d1a1f52f82fc3a,bengali,real,real,064_Say Hari Mynah Bird.mp3.mp3,22,10
bd097d2c4c972fc6df62dcd85d174b93,bengali,real,real,064_Say Hari Mynah Bird.mp3.mp3,23,10
8643548d6eb0dca1743c98df23bddd37,bengali,real,real,064_Say Hari Mynah Bird.mp3.mp3,24,10
77a77e7a5f4ee6f79fe08165b5a64819,bengali,real,real,064_Say Hari Mynah Bird.mp3.mp3,25,10
a44f295f47f372cdf702ba7f1e36375c,bengali,real,real,064_Say Hari Mynah Bird.mp3.mp3,26,10
59ba16940a2ae7ce4f7ae512642cee64,bengali,real,real,064_Say Hari Mynah Bird.mp3.mp3,27,10
1d545f106c6a549f3bf0ae9781e91e1e,bengali,real,real,064_Say Hari Mynah Bird.mp3.mp3,28,10
80369b2b28537e571ac92e86f5ba0081,bengali,real,real,064_Say Hari Mynah Bird.mp3.mp3,29,10
07038466e018f0cbd4732d77aba739db,bengali,real,real,064_Say Hari Mynah Bird.mp3.mp3,30,10
7a91b9bca8df0c32f9a54afc7d5fc27d,bengali,real,real,064_Say Hari Mynah Bird.mp3.mp3,31,10
e6a43017dd88d1ecc93a3c82628cdf43,bengali,real,real,064_Say Hari Mynah Bird.mp3.mp3,32,10
8eb388f877a87d5d21301274f56fe4b1,bengali,real,real,064_Say Hari Mynah Bird.mp3.mp3,33,10
da4643cf17a3b85e15912953ad34387d,bengali,real,real,064_Say Hari Mynah Bird.mp3.mp3,34,10
74633bcd671da1431f31e73ede0fb8c4,bengali,real,real,064_Say Hari Mynah Bird.mp3.mp3,35,10
f4409ec7bb7872e03556bb2465199562,bengali,real,real,064_Say Hari Mynah Bird.mp3.mp3,36,10
2e98ae1a00b2f7b3328326c305693d9e,bengali,real,real,064_Say Hari Mynah Bird.mp3.mp3,37,10
5ca490e1842c4a54737b47f2a7dc03d3,bengali,real,real,064_Say Hari Mynah Bird.mp3.mp3,38,10
69924e6eb1a52e4e46264791be85518c,bengali,real,real,064_Say Hari Mynah Bird.mp3.mp3,39,10
13b9b1ca95fc28f4787afd0fb733b691,bengali,real,real,064_Say Hari Mynah Bird.mp3.mp3,40,10
80e3292b98e7afeec5316e4fba60ec05,bengali,real,real,064_Say Hari Mynah Bird.mp3.mp3,41,10
6a208cd117b72cdd1c5377d8ba2025dc,bengali,real,real,064_Say Hari Mynah Bird.mp3.mp3,42,10
d46119ce9e2ddf5cafc6cf597967e9a9,bengali,real,real,064_Say Hari Mynah Bird.mp3.mp3,43,10
f1651baea9f94bd75d294056e07128cd,bengali,real,real,064_Say Hari Mynah Bird.mp3.mp3,44,10
9a49c7e74718568c3fcb239abb3ebd73,bengali,real,real,064_Say Hari Mynah Bird.mp3.mp3,45,10
2837b68e8a21a5a0810c1b0352313271,bengali,real,real,064_Say Hari Mynah Bird.mp3.mp3,46,10
0aee102a2914ea8df7e7ef909bbe0db9,bengali,real,real,064_Say Hari Mynah Bird.mp3.mp3,47,10
519183be203835c6b77a2ff65dc56431,bengali,real,real,064_Say Hari Mynah Bird.mp3.mp3,48,10
b9d09581fb36964fd4f2d90daa3e12de,bengali,real,real,064_Say Hari Mynah Bird.mp3.mp3,49,10
3c6f8a1fbadb4eebef6a524bb799d45a,bengali,real,real,064_Say Hari Mynah Bird.mp3.mp3,50,10
b40ad26a7e65080043a318443a2df594,bengali,real,real,064_Say Hari Mynah Bird.mp3.mp3,51,10
41def67ca6dd0d0643111c311ce98d34,bengali,real,real,064_Say Hari Mynah Bird.mp3.mp3,52,10
40560a18bb7a63b07d5f4aeb2960fb49,bengali,real,real,064_Say Hari Mynah Bird.mp3.mp3,53,10
6c25e94a15db33d21aecd7a1ecfaf6ff,bengali,real,real,064_Say Hari Mynah Bird.mp3.mp3,54,10
d1d589ea69411a3325e17d3f745fb182,bengali,real,real,064_Say Hari Mynah Bird.mp3.mp3,55,10
2e95d5fb329de5a161157d072be031b3,bengali,real,real,064_Say Hari Mynah Bird.mp3.mp3,56,10
206925179d78d56ee1803d5d1a631e28,bengali,real,real,064_Say Hari Mynah Bird.mp3.mp3,57,10
db0360600e6d7e5102d03b68ba0ad115,bengali,real,real,067_Jonomo Morono Hobe Nibarono.mp3.mp3,0,10
15e060a9266906c41cb4df18166d08ff,bengali,real,real,067_Jonomo Morono Hobe Nibarono.mp3.mp3,1,10
2b745d83c473a11bdcb0940ea0df7af1,bengali,real,real,067_Jonomo Morono Hobe Nibarono.mp3.mp3,2,10
a9e3e602671404970031513ab4578446,bengali,real,real,067_Jonomo Morono Hobe Nibarono.mp3.mp3,3,10
19040ae2bfba56e8ebe1c9e192fcc250,bengali,real,real,067_Jonomo Morono Hobe Nibarono.mp3.mp3,4,10
883f90fc6052d9ce78657f2f087ffc4b,bengali,real,real,067_Jonomo Morono Hobe Nibarono.mp3.mp3,5,10
6d7a363682cc1cb536a92fcf0b841353,bengali,real,real,067_Jonomo Morono Hobe Nibarono.mp3.mp3,6,10
e5a17f6eed2bc0e9aae998e22771d215,bengali,real,real,067_Jonomo Morono Hobe Nibarono.mp3.mp3,7,10
fdb0ebc301b61f47cf4d7b70b9e62bb2,bengali,real,real,067_Jonomo Morono Hobe Nibarono.mp3.mp3,8,10
5893783bccc7084d7426a91a80de483a,bengali,real,real,067_Jonomo Morono Hobe Nibarono.mp3.mp3,9,10
952aac418f307ae0c8c3d783530cdd7e,bengali,real,real,067_Jonomo Morono Hobe Nibarono.mp3.mp3,10,10
38eadf66e9cb7fe52a23027646c2c763,bengali,real,real,067_Jonomo Morono Hobe Nibarono.mp3.mp3,11,10
799688fe5d6db0d1c531e2439b7a19e9,bengali,real,real,067_Jonomo Morono Hobe Nibarono.mp3.mp3,12,10
8a6e96c28c7d9519f5fbd4a7fd161d69,bengali,real,real,067_Jonomo Morono Hobe Nibarono.mp3.mp3,13,10
2daefa12f8f0d9582f9ed5078658ff21,bengali,real,real,067_Jonomo Morono Hobe Nibarono.mp3.mp3,14,10
720f65fb1e78f9069c965d7bbb57482c,bengali,real,real,067_Jonomo Morono Hobe Nibarono.mp3.mp3,15,10
bcba594fcdf8245443171c3f5d5e0872,bengali,real,real,067_Jonomo Morono Hobe Nibarono.mp3.mp3,16,10
3909e25ec9a95319ab2ee00bac17d109,bengali,real,real,067_Jonomo Morono Hobe Nibarono.mp3.mp3,17,10
e6aa7e15257f3a9ef1941c4207873672,bengali,real,real,067_Jonomo Morono Hobe Nibarono.mp3.mp3,18,10
5848414e58c01b621a021d5de2d2ca89,bengali,real,real,067_Jonomo Morono Hobe Nibarono.mp3.mp3,19,10
6eef0530180a5d33b3b52a8e69acf4fa,bengali,real,real,067_Jonomo Morono Hobe Nibarono.mp3.mp3,20,10
f68b05a10ffcff684a65559fcaa337bd,bengali,real,real,067_Jonomo Morono Hobe Nibarono.mp3.mp3,21,10
7fdafccd6497c6c732ea3ce99d2eab2b,bengali,real,real,067_Jonomo Morono Hobe Nibarono.mp3.mp3,22,10
1ae0fafbb5be6a2a96c4cb82b0013f0a,bengali,real,real,067_Jonomo Morono Hobe Nibarono.mp3.mp3,23,10
27c9f5cdd0bec9a13363b2da72cc7a05,bengali,real,real,067_Jonomo Morono Hobe Nibarono.mp3.mp3,24,10
1b43e9b0fac3341d85e9d647bdb55e78,bengali,real,real,067_Jonomo Morono Hobe Nibarono.mp3.mp3,25,10
77abb5734e217538b6cd2eed2cdf6d96,bengali,real,real,067_Jonomo Morono Hobe Nibarono.mp3.mp3,26,10
c1d68b561d54872371c72823995d8c62,bengali,real,real,067_Jonomo Morono Hobe Nibarono.mp3.mp3,27,10
96de99eebd338d67836bb743e112ac26,bengali,real,real,067_Jonomo Morono Hobe Nibarono.mp3.mp3,28,10
92986307e1e2521fcaf4bd346667a1c6,bengali,real,real,067_Jonomo Morono Hobe Nibarono.mp3.mp3,29,10
74e349fd4d8ed6d8276293bc249f7516,bengali,real,real,067_Jonomo Morono Hobe Nibarono.mp3.mp3,30,10
710845f31a0a2dfbe0dbfc76bb8d1982,bengali,real,real,067_Jonomo Morono Hobe Nibarono.mp3.mp3,31,10
db861d3c1fb2a5582a8f35991def5ce1,bengali,real,real,067_Jonomo Morono Hobe Nibarono.mp3.mp3,32,10
c9ae4edfd740922980a15df34c75aefc,bengali,real,real,067_Jonomo Morono Hobe Nibarono.mp3.mp3,33,10
94e1d4fbc4a16ebada1350222bad3329,bengali,real,real,067_Jonomo Morono Hobe Nibarono.mp3.mp3,34,10
51c6c3455bf8842b6b2a639df1176d16,bengali,real,real,067_Jonomo Morono Hobe Nibarono.mp3.mp3,35,10
054f282034a87790e39ee1fc838c2c25,bengali,real,real,067_Jonomo Morono Hobe Nibarono.mp3.mp3,36,10
c9436c34b1371c8d761d2f32e47f684c,bengali,real,real,067_Jonomo Morono Hobe Nibarono.mp3.mp3,37,10
9f403d4343aeef33f70f81d024140c20,bengali,real,real,067_Jonomo Morono Hobe Nibarono.mp3.mp3,38,10
7ee1dae4cb1d563a9fe650f4db9f97bf,bengali,real,real,067_Jonomo Morono Hobe Nibarono.mp3.mp3,39,10
442d0d429d37d5caf48fa7f5e5fc0ae5,bengali,real,real,067_Jonomo Morono Hobe Nibarono.mp3.mp3,40,10
bb1068642c0fbda46ce9173943d12143,bengali,real,real,067_Jonomo Morono Hobe Nibarono.mp3.mp3,41,10
80330676c9d9ec746103f69000f2d147,bengali,real,real,067_Jonomo Morono Hobe Nibarono.mp3.mp3,42,10
c0531b2807d98dca7815e9b30b882f81,bengali,real,real,067_Jonomo Morono Hobe Nibarono.mp3.mp3,43,10
c174d67eb45fb1e1e7064027233d70bd,bengali,real,real,067_Jonomo Morono Hobe Nibarono.mp3.mp3,44,10
b73bb3ab321375a57051080ac8f8d06c,bengali,real,real,067_Jonomo Morono Hobe Nibarono.mp3.mp3,45,10
4be6a14824a31aa857e88b8d8e1e6b0a,bengali,real,real,067_Jonomo Morono Hobe Nibarono.mp3.mp3,46,10
f12cada852a1dcfe9db63402bd2cffa9,bengali,real,real,067_Jonomo Morono Hobe Nibarono.mp3.mp3,47,10
787d0d61779caecbf520db51bb7b6763,bengali,real,real,067_Jonomo Morono Hobe Nibarono.mp3.mp3,48,10
1ebe3fea2b85b9728c1d2d62afabcf62,bengali,real,real,067_Jonomo Morono Hobe Nibarono.mp3.mp3,49,10
0de1bfde51818a2dc16127d07bc713a1,bengali,real,real,067_Jonomo Morono Hobe Nibarono.mp3.mp3,50,10
905e5ffe9fde96d9b38b52c21f719732,bengali,real,real,067_Jonomo Morono Hobe Nibarono.mp3.mp3,51,10
d892368bed74f929d0e0bde94471e16c,bengali,real,real,067_Jonomo Morono Hobe Nibarono.mp3.mp3,52,10
3d3b261495b9eb05f19d6bab4a66dc2d,bengali,real,real,067_Jonomo Morono Hobe Nibarono.mp3.mp3,53,10
f69f985b14b823a5cb296ae182831523,bengali,real,real,067_Jonomo Morono Hobe Nibarono.mp3.mp3,54,10
700f12f9f1cb9fc78030bf77d7eca903,bengali,real,real,067_Jonomo Morono Hobe Nibarono.mp3.mp3,55,10
e1448ce0eeadf1f99fe80d47498588f9,bengali,real,real,067_Jonomo Morono Hobe Nibarono.mp3.mp3,56,10
4aca728958904e535ff7db8a39e75308,bengali,real,real,067_Jonomo Morono Hobe Nibarono.mp3.mp3,57,10
aff1eabb2e6b0aabc2fd2e09607b62b2,bengali,real,real,067_Jonomo Morono Hobe Nibarono.mp3.mp3,58,10
3833516379241791a95dad47b8101871,bengali,real,real,067_Jonomo Morono Hobe Nibarono.mp3.mp3,59,10
a8ed1a1e3704f8437cc483c3862d7625,bengali,real,real,067_Jonomo Morono Hobe Nibarono.mp3.mp3,60,10
ae0bdb46c92210b2f6fd534738b460d3,bengali,real,real,067_Jonomo Morono Hobe Nibarono.mp3.mp3,61,10
05aba74cc5b399741049102ecd46c3a9,bengali,real,real,067_Jonomo Morono Hobe Nibarono.mp3.mp3,62,10
c0320a6dd978a2bcd9c6e1cc2ea9c65c,bengali,real,real,067_Jonomo Morono Hobe Nibarono.mp3.mp3,63,10
d38a52416fca97c9ff34f381c4c4c2cf,bengali,real,real,067_Jonomo Morono Hobe Nibarono.mp3.mp3,64,10
dde41341f3ada4732b2bdeaa955b9efb,bengali,real,real,067_Jonomo Morono Hobe Nibarono.mp3.mp3,65,10
681c9c42ae45f8d200a94c6444067af9,bengali,real,real,067_Jonomo Morono Hobe Nibarono.mp3.mp3,66,10
0a5539cea499b74ddf653d68f9c664a9,bengali,real,real,067_Jonomo Morono Hobe Nibarono.mp3.mp3,67,10
f3a0f4cfb1c50b0e83e4c8f0742ef01a,bengali,real,real,067_Jonomo Morono Hobe Nibarono.mp3.mp3,68,10
465ceabd23dc748aef777877654c5a13,bengali,real,real,067_Jonomo Morono Hobe Nibarono.mp3.mp3,69,10
161180f2c915c05ac76dd50d3e8a976a,bengali,real,real,067_Jonomo Morono Hobe Nibarono.mp3.mp3,70,10
2fbe308206327bd99f340a028c481ec7,bengali,real,real,067_Jonomo Morono Hobe Nibarono.mp3.mp3,71,10
ba3c80401dc3b87d94038c974af6c5a8,bengali,real,real,067_Jonomo Morono Hobe Nibarono.mp3.mp3,72,10
898b6aadea9d687e1f496a7e8c337cf2,bengali,real,real,067_Jonomo Morono Hobe Nibarono.mp3.mp3,73,10
eda205ee68d2bcf1f8736a5d7725e5f4,bengali,real,real,067_Jonomo Morono Hobe Nibarono.mp3.mp3,74,10
772e7aff2c1c7ccc5d5052fb86acba71,bengali,real,real,067_Jonomo Morono Hobe Nibarono.mp3.mp3,75,10
c0b5c885fa3919d39a226d9a1213db0b,bengali,real,real,067_Jonomo Morono Hobe Nibarono.mp3.mp3,76,10
d972d537900bbc14cd8862cab7bff757,bengali,real,real,067_Jonomo Morono Hobe Nibarono.mp3.mp3,77,10
90eb41a16cf32c8fd515116e2a1e9ad1,bengali,real,real,067_Jonomo Morono Hobe Nibarono.mp3.mp3,78,10
499f1ea5cba378f998dbc3759b442763,bengali,real,real,067_Jonomo Morono Hobe Nibarono.mp3.mp3,79,10
08b43b1a81330aa518de3206bc4d90a6,bengali,real,real,067_Jonomo Morono Hobe Nibarono.mp3.mp3,80,10
def764e47e4a8e441f3b663dab5c6b01,bengali,real,real,067_Jonomo Morono Hobe Nibarono.mp3.mp3,81,10
10e7e839a830a849a33fc8bc17986df6,bengali,real,real,067_Jonomo Morono Hobe Nibarono.mp3.mp3,82,10
a9995beb5b8ea5053372880013a6a85a,bengali,real,real,067_Jonomo Morono Hobe Nibarono.mp3.mp3,83,10
be11d651f7ef1426b86cd0910cc8bccf,bengali,real,real,067_Jonomo Morono Hobe Nibarono.mp3.mp3,84,10
ef235fc35a6855b425ce4d5e96d429e1,bengali,real,real,067_Jonomo Morono Hobe Nibarono.mp3.mp3,85,10
51f9a9e8e1c39144e3a18a981f7f924c,bengali,real,real,067_Jonomo Morono Hobe Nibarono.mp3.mp3,86,10
795eeb4e8a8f1307cf9269cbe04930e7,bengali,real,real,067_Jonomo Morono Hobe Nibarono.mp3.mp3,87,10
41f33c037799c3779ca30facc928b163,bengali,real,real,067_Jonomo Morono Hobe Nibarono.mp3.mp3,88,10
a348093eb5dc55821d7cae4f68ba2a0f,bengali,real,real,067_Jonomo Morono Hobe Nibarono.mp3.mp3,89,10
32b3a49ac671ec115bf349de5fe73e00,bengali,real,real,067_Jonomo Morono Hobe Nibarono.mp3.mp3,90,10
b8525f33605552abea1bea31082b201c,bengali,real,real,067_Jonomo Morono Hobe Nibarono.mp3.mp3,91,10
f3c1132215c75549917e3980bb8ec184,bengali,real,real,067_Jonomo Morono Hobe Nibarono.mp3.mp3,92,10
be2c68b076205358a04452b32b925388,bengali,real,real,067_Jonomo Morono Hobe Nibarono.mp3.mp3,93,10
aa2160d99b5730277d57effe6eb737f8,bengali,real,real,067_Jonomo Morono Hobe Nibarono.mp3.mp3,94,10
ed1e03cb36c4e03cd6dc9dcc48a817ee,bengali,real,real,067_Jonomo Morono Hobe Nibarono.mp3.mp3,95,10
6118bb004417d8869fe42002fd2ed3f1,bengali,real,real,067_Jonomo Morono Hobe Nibarono.mp3.mp3,96,10
0321199a9a0d40072d800c0fb717f6e4,bengali,real,real,067_Jonomo Morono Hobe Nibarono.mp3.mp3,97,10
46c0c58586e05aa0bff09a768bcd18a4,bengali,real,real,067_Jonomo Morono Hobe Nibarono.mp3.mp3,98,10
5b17041ac6b59a1c93490130df36752d,bengali,real,real,067_Jonomo Morono Hobe Nibarono.mp3.mp3,99,10
779c576577a46e249547469326fd6934,bengali,real,real,067_Jonomo Morono Hobe Nibarono.mp3.mp3,100,10
adfa6e94202a144f0ea91e9cab99ab61,bengali,real,real,067_Jonomo Morono Hobe Nibarono.mp3.mp3,101,10
cccffbab81bf4be95924fd0aede7a090,bengali,real,real,067_Jonomo Morono Hobe Nibarono.mp3.mp3,102,10
f33bd1534714bb23dcc6f2336bf31fd0,bengali,real,real,067_Jonomo Morono Hobe Nibarono.mp3.mp3,103,10
39d794d43d49e28245826a781de8067e,bengali,real,real,067_Jonomo Morono Hobe Nibarono.mp3.mp3,104,10
11df6fe1bc03ac1f24afb102b2d6b9df,bengali,real,real,067_Jonomo Morono Hobe Nibarono.mp3.mp3,105,10
db951498a36f3a89c7176c5c03574af7,bengali,real,real,067_Jonomo Morono Hobe Nibarono.mp3.mp3,106,10
b2753d6d8310b87840e2cf4e468e7d1a,bengali,real,real,067_Jonomo Morono Hobe Nibarono.mp3.mp3,107,10
f474503d7e715d345d6fa68e1bab76b2,bengali,real,real,067_Jonomo Morono Hobe Nibarono.mp3.mp3,108,10
78ea64ac058444f6afb98cd63f6be943,bengali,real,real,067_Jonomo Morono Hobe Nibarono.mp3.mp3,109,10
2a8b7a0f8e24b7dd1c32d4b3ad7225bb,bengali,real,real,067_Jonomo Morono Hobe Nibarono.mp3.mp3,110,10
88e5a4d1661bab670a1e45bc38ff0df8,bengali,real,real,067_Jonomo Morono Hobe Nibarono.mp3.mp3,111,10
95f0e9be569bffc24493875e90b3a560,bengali,real,real,067_Jonomo Morono Hobe Nibarono.mp3.mp3,112,10
67ce4360bb58599c226819858a033add,bengali,real,real,067_Jonomo Morono Hobe Nibarono.mp3.mp3,113,10
d406acc2da5a9f9b7ac62970dc112653,bengali,real,real,067_Jonomo Morono Hobe Nibarono.mp3.mp3,114,10
b23386e2ceb0d279287242f0641208ac,bengali,real,real,067_Jonomo Morono Hobe Nibarono.mp3.mp3,115,10
e574e914eec411d69195f6502e773e99,bengali,real,real,067_Jonomo Morono Hobe Nibarono.mp3.mp3,116,10
2235d817c6b0329f8d86b0234e3befd1,bengali,real,real,067_Jonomo Morono Hobe Nibarono.mp3.mp3,117,10
0814337fd491ebe9ca752eea24231b87,bengali,real,real,067_Jonomo Morono Hobe Nibarono.mp3.mp3,118,10
c85bed4006cdb3d710735ccc6a5fd660,bengali,real,real,067_Jonomo Morono Hobe Nibarono.mp3.mp3,119,10
1c53c0e65da7a153dfc9098bbb396df2,bengali,real,real,067_Jonomo Morono Hobe Nibarono.mp3.mp3,120,10
69478eec0845695dc1b34c050601f185,bengali,real,real,067_Jonomo Morono Hobe Nibarono.mp3.mp3,121,10
4766b54455e45f5adcf880e6e6ee8e09,bengali,real,real,067_Jonomo Morono Hobe Nibarono.mp3.mp3,122,10
01b91ef801dc9cdb1863bb898bcda439,bengali,real,real,067_Jonomo Morono Hobe Nibarono.mp3.mp3,123,10
a7d911791a91f83e9ffb4be5bef68cbd,bengali,real,real,067_Jonomo Morono Hobe Nibarono.mp3.mp3,124,10
57cc21f07f22f5e87b8a2689f8c62a95,bengali,real,real,067_Jonomo Morono Hobe Nibarono.mp3.mp3,125,10
b3506aeb31f4ae0985b2e5e002649001,bengali,real,real,067_Jonomo Morono Hobe Nibarono.mp3.mp3,126,10
633cc21db03e285ec196a562f0ec1358,bengali,real,real,067_Jonomo Morono Hobe Nibarono.mp3.mp3,127,10
1fa31df15a7866427b553b19811e4c9a,bengali,real,real,067_Jonomo Morono Hobe Nibarono.mp3.mp3,128,10
3a7c37333c7d4107d3c2c8bfb4b80e0f,bengali,real,real,067_Jonomo Morono Hobe Nibarono.mp3.mp3,129,10
8edd8c80e62914e8303639eaa5a496ed,bengali,real,real,067_Jonomo Morono Hobe Nibarono.mp3.mp3,130,10
535197308c736d64492d0782535d58ed,bengali,real,real,067_Jonomo Morono Hobe Nibarono.mp3.mp3,131,10
4e2778d834e06fe91982ec2af447111b,bengali,real,real,067_Jonomo Morono Hobe Nibarono.mp3.mp3,132,10
4913989d59b3c7395b54ae3be2747a4d,bengali,real,real,067_Jonomo Morono Hobe Nibarono.mp3.mp3,133,10
f5418e45e54ff85da11e0977957747b7,bengali,real,real,067_Jonomo Morono Hobe Nibarono.mp3.mp3,134,10
8a6132acb4ed308e9e85b53906058a7e,bengali,real,real,067_Jonomo Morono Hobe Nibarono.mp3.mp3,135,10
35182fac6d84cd49d8d9270a7e821731,bengali,real,real,067_Jonomo Morono Hobe Nibarono.mp3.mp3,136,10
6ae387e71c3bc0aa2632156b140db0c3,bengali,real,real,067_Jonomo Morono Hobe Nibarono.mp3.mp3,137,10
f864cae91cb3a439d93fac728bcbbc9c,bengali,real,real,067_Jonomo Morono Hobe Nibarono.mp3.mp3,138,10
81e5094e5cfa69b7702278ddc847c00b,bengali,real,real,067_Jonomo Morono Hobe Nibarono.mp3.mp3,139,10
fda7ada9eb42614ec02b3658fb9dc187,bengali,real,real,067_Jonomo Morono Hobe Nibarono.mp3.mp3,140,10
0a22ac2349585e11addeabc3f3b6df26,bengali,real,real,067_Jonomo Morono Hobe Nibarono.mp3.mp3,141,10
0c3ac90227ad9ef942e50cb1d4748efd,bengali,real,real,067_Jonomo Morono Hobe Nibarono.mp3.mp3,142,10
14fe8acee880b26e135b11d93b774246,bengali,real,real,067_Jonomo Morono Hobe Nibarono.mp3.mp3,143,10
bd4a0e2e3d98b99d802cbf8c3f65eba5,bengali,real,real,067_Jonomo Morono Hobe Nibarono.mp3.mp3,144,10
14d502b6b933914762f88c1b060c9883,bengali,real,real,067_Jonomo Morono Hobe Nibarono.mp3.mp3,145,10
70200886930ebf8c84a9922769ceeffd,bengali,real,real,067_Jonomo Morono Hobe Nibarono.mp3.mp3,146,10
85146d3b2b300f702c5dcc268cf6392f,bengali,real,real,067_Jonomo Morono Hobe Nibarono.mp3.mp3,147,10
3f11e214609ba4cd1aa09c06a9629e47,bengali,real,real,067_Jonomo Morono Hobe Nibarono.mp3.mp3,148,10
99427042ed76b9abdca55b2dc3477f8e,bengali,real,real,067_Jonomo Morono Hobe Nibarono.mp3.mp3,149,10
f4edbae2372343afbaf9c738db3a4b2c,bengali,real,real,067_Jonomo Morono Hobe Nibarono.mp3.mp3,150,10
34f4a955e3441341cb2b601b6171e6cf,bengali,real,real,067_Jonomo Morono Hobe Nibarono.mp3.mp3,151,10
451d5f8bde2a5007bc2c1687f5037eca,bengali,real,real,067_Jonomo Morono Hobe Nibarono.mp3.mp3,152,10
611f291215f038b9791f643b55ddd431,bengali,real,real,068_Ami Tomar Lageya Re.mp3.mp3,0,10
7278ff6c8bdd0f0ab9741c257a4b9a26,bengali,real,real,068_Ami Tomar Lageya Re.mp3.mp3,1,10
2509594a4c73d8b77db58b56277cea6d,bengali,real,real,068_Ami Tomar Lageya Re.mp3.mp3,2,10
6e3ff8087853ff0de4ff2df0a6dc6ff0,bengali,real,real,068_Ami Tomar Lageya Re.mp3.mp3,3,10
bbc244c55bce9c4a06f74c650b98a155,bengali,real,real,068_Ami Tomar Lageya Re.mp3.mp3,4,10
f3a7dfe90797df0f94371c93d74f3646,bengali,real,real,068_Ami Tomar Lageya Re.mp3.mp3,5,10
aae41bec5b5b7fb9ceb0b807c0e24786,bengali,real,real,068_Ami Tomar Lageya Re.mp3.mp3,6,10
3c475031f6bcb4a8ac10a67f57963f9c,bengali,real,real,068_Ami Tomar Lageya Re.mp3.mp3,7,10
e1d0893fdc0f6a1b525ed6e150e82334,bengali,real,real,068_Ami Tomar Lageya Re.mp3.mp3,8,10
657889f0a86b26e2c81fe60e81cffa5a,bengali,real,real,068_Ami Tomar Lageya Re.mp3.mp3,9,10
2b1530b46358984b1e639446bdcfc401,bengali,real,real,068_Ami Tomar Lageya Re.mp3.mp3,10,10
b04c0a3211e8e150d91e56374994aec8,bengali,real,real,068_Ami Tomar Lageya Re.mp3.mp3,11,10
931dc3d99dd76fcaff95491bc1b8ced5,bengali,real,real,068_Ami Tomar Lageya Re.mp3.mp3,12,10
b2aeabbe73556b7a60161631cd1fd3ad,bengali,real,real,068_Ami Tomar Lageya Re.mp3.mp3,13,10
fe38e1d043ecf99bb17632d17b7dc76a,bengali,real,real,068_Ami Tomar Lageya Re.mp3.mp3,14,10
e12b82deec96032fb277a5b102209c4c,bengali,real,real,068_Ami Tomar Lageya Re.mp3.mp3,15,10
7f669501a75bd3bd159af91f7a514278,bengali,real,real,068_Ami Tomar Lageya Re.mp3.mp3,16,10
643e0a7387b1bdb15fdbc05281005c32,bengali,real,real,068_Ami Tomar Lageya Re.mp3.mp3,17,10
a22186bff90685e6e239fbc78ac4f50e,bengali,real,real,068_Ami Tomar Lageya Re.mp3.mp3,18,10
24a3f598e4cd141101281b10462673e2,bengali,real,real,068_Ami Tomar Lageya Re.mp3.mp3,19,10
dfd2a91827fad1f8a7633116e13da158,bengali,real,real,068_Ami Tomar Lageya Re.mp3.mp3,20,10
6e9c6dd336610d21d31e7f1c7166535c,bengali,real,real,068_Ami Tomar Lageya Re.mp3.mp3,21,10
f97fe4cbdca01619304cea2f14175d35,bengali,real,real,068_Ami Tomar Lageya Re.mp3.mp3,22,10
7af57af844b6e1c20ca916e0e7115b6a,bengali,real,real,068_Ami Tomar Lageya Re.mp3.mp3,23,10
36667ce9f42424ec967967d3e45e76c1,bengali,real,real,068_Ami Tomar Lageya Re.mp3.mp3,24,10
e71cd4016706ff7d13003058d28afcf3,bengali,real,real,068_Ami Tomar Lageya Re.mp3.mp3,25,10
f6bd9dd6ceb5a7c151968901a5579fde,bengali,real,real,068_Ami Tomar Lageya Re.mp3.mp3,26,10
4d0868adf1cf36c2aa6abb7713bbd20b,bengali,real,real,068_Ami Tomar Lageya Re.mp3.mp3,27,10
06cebc49588d9178238f57b8ba2aa6d5,bengali,real,real,068_Ami Tomar Lageya Re.mp3.mp3,28,10
6c8a21599e29ebf97b06cdbf3e9c7cc2,bengali,real,real,068_Ami Tomar Lageya Re.mp3.mp3,29,10
de418adb4d219f55a6cc2a13960ef4a5,bengali,real,real,068_Ami Tomar Lageya Re.mp3.mp3,30,10
6bdec3e78cb203aae97d96b745142a86,bengali,real,real,068_Ami Tomar Lageya Re.mp3.mp3,31,10
803f7e62c2b082a96ec3f7fd65af4bdc,bengali,real,real,068_Ami Tomar Lageya Re.mp3.mp3,32,10
458a90227dff49767663c12ec2d646bd,bengali,real,real,068_Ami Tomar Lageya Re.mp3.mp3,33,10
a8c6526322392743731a5c14e0e9a997,bengali,real,real,068_Ami Tomar Lageya Re.mp3.mp3,34,10
c750706154f9e21d52db1a6600fd342e,bengali,real,real,068_Ami Tomar Lageya Re.mp3.mp3,35,10
560e492d46e6667d07bfd5b0e717bf7e,bengali,real,real,068_Ami Tomar Lageya Re.mp3.mp3,36,10
9eafab0757b59b62d36f3a4eb71e9726,bengali,real,real,068_Ami Tomar Lageya Re.mp3.mp3,37,10
a339f620f4867e7ed059e64a25375400,bengali,real,real,068_Ami Tomar Lageya Re.mp3.mp3,38,10
4a438fa5b3db54b4bffc3373e66f0f71,bengali,real,real,068_Ami Tomar Lageya Re.mp3.mp3,39,10
3bab39422bbeea628aec2df1548ef433,bengali,real,real,068_Ami Tomar Lageya Re.mp3.mp3,40,10
ab35c19823bd62ebdbb050ac619b3f70,bengali,real,real,068_Ami Tomar Lageya Re.mp3.mp3,41,10
4375dc425bc191bd706674cfed678467,bengali,real,real,068_Ami Tomar Lageya Re.mp3.mp3,42,10
a0899b1c29b0d9838e1bb0ef6138c496,bengali,real,real,068_Ami Tomar Lageya Re.mp3.mp3,43,10
50fbb2ba2516ede31c5b5caae4e3efb8,bengali,real,real,068_Ami Tomar Lageya Re.mp3.mp3,44,10
f748af9f6282c349fe89ce01af8c4d82,bengali,real,real,068_Ami Tomar Lageya Re.mp3.mp3,45,10
f3fc5f3ff5c4dce6ddeb94a5b8d9110c,bengali,real,real,068_Ami Tomar Lageya Re.mp3.mp3,46,10
7e6ee023d0375620a91fed9c1fc9433a,bengali,real,real,068_Ami Tomar Lageya Re.mp3.mp3,47,10
1373a1d7eaa73622f28e49e42b5aa328,bengali,real,real,068_Ami Tomar Lageya Re.mp3.mp3,48,10
4c773439ca53fe84740243167e572649,bengali,real,real,068_Ami Tomar Lageya Re.mp3.mp3,49,10
6046af9baa80013d5c699c4fae243245,bengali,real,real,068_Ami Tomar Lageya Re.mp3.mp3,50,10
4b615b40c1d7e446a5629cfac9216d6c,bengali,real,real,068_Ami Tomar Lageya Re.mp3.mp3,51,10
002d7a659505dd0b9817d82b61949e1a,bengali,real,real,068_Ami Tomar Lageya Re.mp3.mp3,52,10
77b91b4233ae9c0a6f438a09f7db981c,bengali,real,real,068_Ami Tomar Lageya Re.mp3.mp3,53,10
3618d8c9ca36e04817c173b88482bc25,bengali,real,real,068_Ami Tomar Lageya Re.mp3.mp3,54,10
6f84ffce4f66e439b0c2ebf706e9bef8,bengali,real,real,068_Ami Tomar Lageya Re.mp3.mp3,55,10
0b1a716c7939752e29c8cae19278cf88,bengali,real,real,068_Ami Tomar Lageya Re.mp3.mp3,56,10
ffbb8ce4cdf86fbe4671be24a80822e4,bengali,real,real,068_Ami Tomar Lageya Re.mp3.mp3,57,10
f04f5602f8278f54086184e5712e869b,bengali,real,real,068_Ami Tomar Lageya Re.mp3.mp3,58,10
04640a0e5126a3b3e5f971fe758d52f4,bengali,real,real,068_Ami Tomar Lageya Re.mp3.mp3,59,10
ab9cb0820f5996f9cdf29cf92f3846bd,bengali,real,real,068_Ami Tomar Lageya Re.mp3.mp3,60,10
5ca321f162a94e4fb8c6e59d6069d398,bengali,real,real,068_Ami Tomar Lageya Re.mp3.mp3,61,10
b8b1681838a7c771a29ffe79d4ef6a83,bengali,real,real,068_Ami Tomar Lageya Re.mp3.mp3,62,10
6578120108e81eb2a8255adba5afcd4c,bengali,real,real,068_Ami Tomar Lageya Re.mp3.mp3,63,10
b8e0a0045ac318f72283aa0c036f6c04,bengali,real,real,068_Ami Tomar Lageya Re.mp3.mp3,64,10
55ecb98d099415cfdb86783ddb378f2b,bengali,real,real,068_Ami Tomar Lageya Re.mp3.mp3,65,10
0491f0d1502d1492f247fe75c7930cda,bengali,real,real,068_Ami Tomar Lageya Re.mp3.mp3,66,10
af841d44b63549eb8579ef23c80e2936,bengali,real,real,068_Ami Tomar Lageya Re.mp3.mp3,67,10
fbc69613fc237bc839aab1a27c501e18,bengali,real,real,068_Ami Tomar Lageya Re.mp3.mp3,68,10
a4fddd19bdd769b9be7b529672275c8f,bengali,real,real,068_Ami Tomar Lageya Re.mp3.mp3,69,10
3803427e8d4dd9e149f547ea0543eb69,bengali,real,real,068_Ami Tomar Lageya Re.mp3.mp3,70,10
b7936d442bca2779cf1e3106c943673d,bengali,real,real,068_Ami Tomar Lageya Re.mp3.mp3,71,10
307361eb1b2ed7323e39c2475d705c19,bengali,real,real,069_Aaji Milan Basar Priya.mp3.mp3,0,10
a8c4ca51334c257d28f36ba4672e1277,bengali,real,real,069_Aaji Milan Basar Priya.mp3.mp3,1,10
0e5aaf248f188fe998db002c640d37e6,bengali,real,real,069_Aaji Milan Basar Priya.mp3.mp3,2,10
0d7052b99b1dded8beaa127c8a6b97e5,bengali,real,real,069_Aaji Milan Basar Priya.mp3.mp3,3,10
b91b17c13df57722e13fb016e19932ce,bengali,real,real,069_Aaji Milan Basar Priya.mp3.mp3,4,10
46aaeac4e8ad77c051c18c9b4dc5f952,bengali,real,real,069_Aaji Milan Basar Priya.mp3.mp3,5,10
4110ca65499870b4d112825bbe14b8d7,bengali,real,real,069_Aaji Milan Basar Priya.mp3.mp3,6,10
da58c52923483358bc7d4e2d66a85982,bengali,real,real,069_Aaji Milan Basar Priya.mp3.mp3,7,10
7f5ee73cb2b6456b7f38f7238c8e4dda,bengali,real,real,069_Aaji Milan Basar Priya.mp3.mp3,8,10
798f6b9bb3fb5c42765c0da3fc9406f0,bengali,real,real,069_Aaji Milan Basar Priya.mp3.mp3,9,10
6830a143148d3f61daa42dd517e65404,bengali,real,real,069_Aaji Milan Basar Priya.mp3.mp3,10,10
2b5431637233e4713fe4119ae43eef70,bengali,real,real,069_Aaji Milan Basar Priya.mp3.mp3,11,10
058876e8654eb93f67d9b95425aa0fb0,bengali,real,real,069_Aaji Milan Basar Priya.mp3.mp3,12,10
3ca4dbe8fb7958b51a6d43f1537dbdfc,bengali,real,real,069_Aaji Milan Basar Priya.mp3.mp3,13,10
3c5d541e5a5a9c9b405dedab4d929988,bengali,real,real,069_Aaji Milan Basar Priya.mp3.mp3,14,10
395d3ce62bf37814343bb21520a0bbf0,bengali,real,real,069_Aaji Milan Basar Priya.mp3.mp3,15,10
27852b9ccab9043970865862641dea80,bengali,real,real,069_Aaji Milan Basar Priya.mp3.mp3,16,10
7dbced86c1918a262fc83f7455b59cf6,bengali,real,real,069_Aaji Milan Basar Priya.mp3.mp3,17,10
a730f6a729a51082f10392db62745fea,bengali,real,real,069_Aaji Milan Basar Priya.mp3.mp3,18,10
1c35d9462dce09e675ef30e6baa0e7ba,bengali,real,real,069_Aaji Milan Basar Priya.mp3.mp3,19,10
e4e9f4f37de93b3e9758e24e9018aa69,bengali,real,real,069_Aaji Milan Basar Priya.mp3.mp3,20,10
a992d53aa0232ce9ba1682ddadb48798,bengali,real,real,069_Aaji Milan Basar Priya.mp3.mp3,21,10
b397c997a032686f25d482b46589145a,bengali,real,real,069_Aaji Milan Basar Priya.mp3.mp3,22,10
d4662e1d6da77cd394ec760155fe71bd,bengali,real,real,069_Aaji Milan Basar Priya.mp3.mp3,23,10
b850ad45b26f239abb34c1324a2340ab,bengali,real,real,069_Aaji Milan Basar Priya.mp3.mp3,24,10
1576bb864e4487d8f57d81926592e39d,bengali,real,real,069_Aaji Milan Basar Priya.mp3.mp3,25,10
d107be36946af9d5d1da730c099c2597,bengali,real,real,069_Aaji Milan Basar Priya.mp3.mp3,26,10
9b6ff504627436bfa6164d833f55fb87,bengali,real,real,069_Aaji Milan Basar Priya.mp3.mp3,27,10
a50d9cca3ddf01a05d42db94c774b180,bengali,real,real,069_Aaji Milan Basar Priya.mp3.mp3,28,10
d5d67a9409c2e5b9ef371a1de4ef1a4b,bengali,real,real,069_Aaji Milan Basar Priya.mp3.mp3,29,10
f3792d19b272e1487e306f4b26bcc53f,bengali,real,real,069_Aaji Milan Basar Priya.mp3.mp3,30,10
efffcd631221673744abd4fb7b337ac0,bengali,real,real,069_Aaji Milan Basar Priya.mp3.mp3,31,10
a304ec7c3a197e9675fd53c425f67f50,bengali,real,real,069_Aaji Milan Basar Priya.mp3.mp3,32,10
0ce3154b8167ac6c5d6fbeab4886a275,bengali,real,real,069_Aaji Milan Basar Priya.mp3.mp3,33,10
e5c13475dbd37415b5bda17d55c8ebeb,bengali,real,real,069_Aaji Milan Basar Priya.mp3.mp3,34,10
1abf5ae4d530379fd23fd08e5788678c,bengali,real,real,069_Aaji Milan Basar Priya.mp3.mp3,35,10
846405a9013c46d2b8240b51bc927fc0,bengali,real,real,069_Aaji Milan Basar Priya.mp3.mp3,36,10
604676e00edee11a6d2e64d2569aebf7,bengali,real,real,069_Aaji Milan Basar Priya.mp3.mp3,37,10
65257b4f740ae600bd1a726fe9439255,bengali,real,real,069_Aaji Milan Basar Priya.mp3.mp3,38,10
134dc3a8f87390bcdeb6c69db2c5fb55,bengali,real,real,069_Aaji Milan Basar Priya.mp3.mp3,39,10
3426ffb87f640aab1d75fa43e6bd9e13,bengali,real,real,069_Aaji Milan Basar Priya.mp3.mp3,40,10
23ed8cb50eca0e661318c160058cc2b5,bengali,real,real,069_Aaji Milan Basar Priya.mp3.mp3,41,10
d1f934c889e9855d8de8e42f3e3db23b,bengali,real,real,069_Aaji Milan Basar Priya.mp3.mp3,42,10
91593c0dfbe12e90da5b2c940b510472,bengali,real,real,069_Aaji Milan Basar Priya.mp3.mp3,43,10
47e26e7005d11c63d53d98f26055752d,bengali,real,real,069_Aaji Milan Basar Priya.mp3.mp3,44,10
77d2668a31ee622b2dc29019e7e2357f,bengali,real,real,069_Aaji Milan Basar Priya.mp3.mp3,45,10
930f6c520886158912663cadec351f7e,bengali,real,real,069_Aaji Milan Basar Priya.mp3.mp3,46,10
c89108bea9436bd5a2d751e851b288d6,bengali,real,real,072_O Amar Chandramallika.mp3.mp3,0,10
704870560bc567ac949079518c9725e1,bengali,real,real,072_O Amar Chandramallika.mp3.mp3,1,10
dabe68dce1a85f1d912f931e26af93c1,bengali,real,real,072_O Amar Chandramallika.mp3.mp3,2,10
ff77de024f3df62faa2ad22966015e9b,bengali,real,real,072_O Amar Chandramallika.mp3.mp3,3,10
cf2f28049bd5f86cd6ec9a623e362a47,bengali,real,real,072_O Amar Chandramallika.mp3.mp3,4,10
a68214c36ab19060417dbb5b1ac1d097,bengali,real,real,072_O Amar Chandramallika.mp3.mp3,5,10
1d8db16c3d75f5b3a45c7162359af3d4,bengali,real,real,072_O Amar Chandramallika.mp3.mp3,6,10
1265282c7345e6381df1f37960353592,bengali,real,real,072_O Amar Chandramallika.mp3.mp3,7,10
81045db583493fb420b4a50a4eb252be,bengali,real,real,072_O Amar Chandramallika.mp3.mp3,8,10
70d3d28bbb53626c3f10511989190e8c,bengali,real,real,072_O Amar Chandramallika.mp3.mp3,9,10
316ada41e4aee088e27f29c8a5859f18,bengali,real,real,072_O Amar Chandramallika.mp3.mp3,10,10
e556171b43ed4a69def91d3a50391dd2,bengali,real,real,072_O Amar Chandramallika.mp3.mp3,11,10
3dfba348191b886ee09594eef5341485,bengali,real,real,072_O Amar Chandramallika.mp3.mp3,12,10
cff4e8f3ba9166f90d5eddd5edb22c84,bengali,real,real,072_O Amar Chandramallika.mp3.mp3,13,10
bc279d87056838ca020c6abf3eb78a35,bengali,real,real,072_O Amar Chandramallika.mp3.mp3,14,10
d104438f81f8afbfe583d5972eea0d50,bengali,real,real,072_O Amar Chandramallika.mp3.mp3,15,10
4c7ebec90c960d25a253d53653d44ea3,bengali,real,real,072_O Amar Chandramallika.mp3.mp3,16,10
e8af402938e384fd1ca94f52fe7e4384,bengali,real,real,072_O Amar Chandramallika.mp3.mp3,17,10
756e4156ae740d36758a4db9eca38010,bengali,real,real,072_O Amar Chandramallika.mp3.mp3,18,10
eb36ab2a736e8269950427577bd861f7,bengali,real,real,072_O Amar Chandramallika.mp3.mp3,19,10
b422da68432c05c8b5cf738b44ae69df,bengali,real,real,074_Purbo Digontey.mp3.mp3,0,10
d795a6244f975d76244a3ec709f012f8,bengali,real,real,074_Purbo Digontey.mp3.mp3,1,10
116307eb1587564f8a5a5a0a2798b664,bengali,real,real,074_Purbo Digontey.mp3.mp3,2,10
471b152ffb54a6272319bd7725ef20fe,bengali,real,real,074_Purbo Digontey.mp3.mp3,3,10
3a38e585d26f03543997f88a7f232805,bengali,real,real,074_Purbo Digontey.mp3.mp3,4,10
1288a537feaba4487c9198cd044edfff,bengali,real,real,074_Purbo Digontey.mp3.mp3,5,10
42a036383de287f42c36d9a735d0d5cf,bengali,real,real,074_Purbo Digontey.mp3.mp3,6,10
85950bace404f4e98ed640a3b227a584,bengali,real,real,074_Purbo Digontey.mp3.mp3,7,10
fe40dec7323c96fbb9e77d2cf1c564ba,bengali,real,real,074_Purbo Digontey.mp3.mp3,8,10
c7b4c457578886cbd32daf085a886911,bengali,real,real,074_Purbo Digontey.mp3.mp3,9,10
a0af49e8b39cf05bb1037498f0aeae7a,bengali,real,real,074_Purbo Digontey.mp3.mp3,10,10
9ef492bc53d07e43716b7beccb4f4ea4,bengali,real,real,074_Purbo Digontey.mp3.mp3,11,10
9457a9f664a51e25f3f0f252a02f0e40,bengali,real,real,074_Purbo Digontey.mp3.mp3,12,10
fe31b9ffeeb65b51c8b77534dbc12f09,bengali,real,real,075_Milon Hobe Koto Dine.mp3.mp3,0,10
17433a721fc2c4261035fda7c0f3fae8,bengali,real,real,075_Milon Hobe Koto Dine.mp3.mp3,1,10
4c41c3bdd6bf9e69fbaa945a8f2ff22c,bengali,real,real,075_Milon Hobe Koto Dine.mp3.mp3,2,10
8eabc813ea87ab9eb9e5b522f1df75df,bengali,real,real,075_Milon Hobe Koto Dine.mp3.mp3,3,10
62504bd92ba4ef0ceb93fd226c8a3b3b,bengali,real,real,075_Milon Hobe Koto Dine.mp3.mp3,4,10
01548debbe254bfbd5ee0414e45b5b49,bengali,real,real,075_Milon Hobe Koto Dine.mp3.mp3,5,10
2dac8a24ffc82f002c17fef002257deb,bengali,real,real,075_Milon Hobe Koto Dine.mp3.mp3,6,10
856cce6e739824e8e7cda195aa399598,bengali,real,real,075_Milon Hobe Koto Dine.mp3.mp3,7,10
eddca0bfcccb3f6628b35b1eaa8ad201,bengali,real,real,075_Milon Hobe Koto Dine.mp3.mp3,8,10
2e7b5a5b0a071ca8267f4b6b2ca2c820,bengali,real,real,075_Milon Hobe Koto Dine.mp3.mp3,9,10
182d0f81e30c79f6a956d12ce0275001,bengali,real,real,075_Milon Hobe Koto Dine.mp3.mp3,10,10
96e3209c2026e941ef44d9a039148717,bengali,real,real,075_Milon Hobe Koto Dine.mp3.mp3,11,10
4dbbf443bf7ed0ff29112981e63994f5,bengali,real,real,075_Milon Hobe Koto Dine.mp3.mp3,12,10
b4c9c78aa50077779f9c97b2dbe4dab5,bengali,real,real,075_Milon Hobe Koto Dine.mp3.mp3,13,10
17c7ef39fe4e0dac91225f38dc286f6a,bengali,real,real,075_Milon Hobe Koto Dine.mp3.mp3,14,10
06808d37001dfac71ca20b626f1a3790,bengali,real,real,075_Milon Hobe Koto Dine.mp3.mp3,15,10
8644fe502aa2eaf54161797cf4840876,bengali,real,real,075_Milon Hobe Koto Dine.mp3.mp3,16,10
a0d097bb32ca65c0671bff3d9d1b3f08,bengali,real,real,076_Loke Bale Bale Re.mp3.mp3,0,10
1ecf3f4c7079626f20a581877f8ad480,bengali,real,real,076_Loke Bale Bale Re.mp3.mp3,1,10
a73b4f589b9a089b91112c240c2e23d3,bengali,real,real,076_Loke Bale Bale Re.mp3.mp3,2,10
610ef9e21fcf30d4678e63ebc8d360dd,bengali,real,real,076_Loke Bale Bale Re.mp3.mp3,3,10
90382f5b4652b27d99049111d7822f44,bengali,real,real,076_Loke Bale Bale Re.mp3.mp3,4,10
80169020b9fb5ff53d57ef6c796b59f4,bengali,real,real,076_Loke Bale Bale Re.mp3.mp3,5,10
3c359b1554ff3cb7a8e2de23da2a3c5f,bengali,real,real,076_Loke Bale Bale Re.mp3.mp3,6,10
1919b02e4f147dcf0b94c38fb004b03a,bengali,real,real,076_Loke Bale Bale Re.mp3.mp3,7,10
e558d5a9aedf79bbe82e75dd4cb7c78c,bengali,real,real,076_Loke Bale Bale Re.mp3.mp3,8,10
553697da3555d2e3b3e4092ce9b62837,bengali,real,real,076_Loke Bale Bale Re.mp3.mp3,9,10
eccab3acea964997967735f8a8ec258b,bengali,real,real,076_Loke Bale Bale Re.mp3.mp3,10,10
eff17501a32921da49f3c0866b804f2a,bengali,real,real,076_Loke Bale Bale Re.mp3.mp3,11,10
c7f2edcd1cb8620e2e092959872e9841,bengali,real,real,076_Loke Bale Bale Re.mp3.mp3,12,10
e8226635a0ed709e67dfc15b9c9078b2,bengali,real,real,076_Loke Bale Bale Re.mp3.mp3,13,10
c45993c1d3463d8594d9d592a3e77a01,bengali,real,real,076_Loke Bale Bale Re.mp3.mp3,14,10
5e90eb13573676825825f959b041ef90,bengali,real,real,076_Loke Bale Bale Re.mp3.mp3,15,10
efc02dab5ef6389f87ca6fc2d17b5fa9,bengali,real,real,076_Loke Bale Bale Re.mp3.mp3,16,10
f3fbdb8670006185d6839e71292885de,bengali,real,real,076_Loke Bale Bale Re.mp3.mp3,17,10
195d09c4611c14571f4ccf6a1ae51b32,bengali,real,real,076_Loke Bale Bale Re.mp3.mp3,18,10
e1bb85c892cc8bd15c73ef5375dcc241,bengali,real,real,076_Loke Bale Bale Re.mp3.mp3,19,10
cf56887c95d3cf5a59527ad56490daf2,bengali,real,real,076_Loke Bale Bale Re.mp3.mp3,20,10
6179c6342e404e8c2ad5297b2bfbe40e,bengali,real,real,076_Loke Bale Bale Re.mp3.mp3,21,10
6501de8a55b640d9b1b22371a7c1f60d,bengali,real,real,076_Loke Bale Bale Re.mp3.mp3,22,10
30bb3ccd24f17b36f607e6a4d4e77bcf,bengali,real,real,076_Loke Bale Bale Re.mp3.mp3,23,10
ab3ffc6241e6ceee939d85d157950f81,bengali,real,real,076_Loke Bale Bale Re.mp3.mp3,24,10
dd07ad17ab34119e01f8f9a4b6e8f148,bengali,real,real,076_Loke Bale Bale Re.mp3.mp3,25,10
88df25186214b0993c6e2ccce2fb6daf,bengali,real,real,076_Loke Bale Bale Re.mp3.mp3,26,10
8543cfd2a5bf2de06c95b30105f57ba3,bengali,real,real,076_Loke Bale Bale Re.mp3.mp3,27,10
92eb669b418e551f1a3c57422121f55a,bengali,real,real,076_Loke Bale Bale Re.mp3.mp3,28,10
547baace7c82af47b05c6e221f5331c6,bengali,real,real,076_Loke Bale Bale Re.mp3.mp3,29,10
0ee4f6c905ef7686902ab5cf1c185d3e,bengali,real,real,076_Loke Bale Bale Re.mp3.mp3,30,10
da37fe3ce5e4c29b708951da9387e147,bengali,real,real,076_Loke Bale Bale Re.mp3.mp3,31,10
76189637ab64419f375e6984d97a428a,bengali,real,real,076_Loke Bale Bale Re.mp3.mp3,32,10
87f98ef4d0559da27e6ae12996396086,bengali,real,real,076_Loke Bale Bale Re.mp3.mp3,33,10
2c4cf2cddca44b3904e13d85e742eaee,bengali,real,real,076_Loke Bale Bale Re.mp3.mp3,34,10
3f196e3f619294535334e48b954b210e,bengali,real,real,076_Loke Bale Bale Re.mp3.mp3,35,10
bae3a5fb7bb4359413dc7123d828179e,bengali,real,real,076_Loke Bale Bale Re.mp3.mp3,36,10
e20f1033375e637faf919bd8551a3d19,bengali,real,real,076_Loke Bale Bale Re.mp3.mp3,37,10
0147e188f027d4999a91d2fc55a7458c,bengali,real,real,076_Loke Bale Bale Re.mp3.mp3,38,10
2129315258fb2c7a22d15973f552b639,bengali,real,real,076_Loke Bale Bale Re.mp3.mp3,39,10
b97310fbadb4b68e578f140f10a57256,bengali,real,real,076_Loke Bale Bale Re.mp3.mp3,40,10
78835c9ce4bd3bd66a5dc6f8f8c630e3,bengali,real,real,076_Loke Bale Bale Re.mp3.mp3,41,10
88a59ab117ecbb681fa4f4effdd6f66e,bengali,real,real,076_Loke Bale Bale Re.mp3.mp3,42,10
f9b30f911dc3b8d254389a0248e52035,bengali,real,real,076_Loke Bale Bale Re.mp3.mp3,43,10
794b4613f84cd08c62f14a63c939ceca,bengali,real,real,076_Loke Bale Bale Re.mp3.mp3,44,10
31b071b6843a898fdb9509de04114cea,bengali,real,real,076_Loke Bale Bale Re.mp3.mp3,45,10
7b45beeee5288f23340c540d11883da6,bengali,real,real,076_Loke Bale Bale Re.mp3.mp3,46,10
723aba8d2b13d9839a8f15a09d0ffdcc,bengali,real,real,076_Loke Bale Bale Re.mp3.mp3,47,10
22d47462cc301aa5bcb4d19995e8d09e,bengali,real,real,076_Loke Bale Bale Re.mp3.mp3,48,10
e865e5032768ef12c5b1580d675b0cf3,bengali,real,real,076_Loke Bale Bale Re.mp3.mp3,49,10
12c54d2d4d358e0dc8e47a335e7913d6,bengali,real,real,076_Loke Bale Bale Re.mp3.mp3,50,10
1da1ffe70fa852e0805dc2b5c6311e8b,bengali,real,real,076_Loke Bale Bale Re.mp3.mp3,51,10
e4dbe91619a4cc0955b8fb62679440f9,bengali,real,real,076_Loke Bale Bale Re.mp3.mp3,52,10
fd66c080ae55f1c5cbb61eb23f1f228e,bengali,real,real,076_Loke Bale Bale Re.mp3.mp3,53,10
a9f6492822f7d89fa2d615f6f88b6ccf,bengali,real,real,076_Loke Bale Bale Re.mp3.mp3,54,10
90ca20cf4f18a099085b027e1a52d0af,bengali,real,real,076_Loke Bale Bale Re.mp3.mp3,55,10
06234af739f8171c9d6360c6b22ef521,bengali,real,real,076_Loke Bale Bale Re.mp3.mp3,56,10
eaefb88dcc3b5de885ac6e481a6197e8,bengali,real,real,076_Loke Bale Bale Re.mp3.mp3,57,10
6630412305e4c1d0236e590ba8f6edb0,bengali,real,real,076_Loke Bale Bale Re.mp3.mp3,58,10
65998924b1c11e40891f25366802f2f5,bengali,real,real,076_Loke Bale Bale Re.mp3.mp3,59,10
eedd10f74b687c44c0f89439fa162153,bengali,real,real,076_Loke Bale Bale Re.mp3.mp3,60,10
ec2b724e76e20bb40b553e65487c5155,bengali,real,real,076_Loke Bale Bale Re.mp3.mp3,61,10
fb4291ab7c59156108aee76b114fb84c,bengali,real,real,076_Loke Bale Bale Re.mp3.mp3,62,10
2213defd278c67f3485007fa9f9c0217,bengali,real,real,076_Loke Bale Bale Re.mp3.mp3,63,10
b165baae9b4a2dfb69464018290bce03,bengali,real,real,076_Loke Bale Bale Re.mp3.mp3,64,10
6cc13b9701322ef7dc64fac5265c3a68,bengali,real,real,076_Loke Bale Bale Re.mp3.mp3,65,10
7028141463a7dad3a20709e022e888be,bengali,real,real,076_Loke Bale Bale Re.mp3.mp3,66,10
13dac123801149c3ce460b8b1c29b5e3,bengali,real,real,076_Loke Bale Bale Re.mp3.mp3,67,10
16c6b4d8d40136743213d4db03a755dc,bengali,real,real,076_Loke Bale Bale Re.mp3.mp3,68,10
32505cfafc921031a8d7a72766e24376,bengali,real,real,076_Loke Bale Bale Re.mp3.mp3,69,10
9438541a1f6e21a835227d92d50daef8,bengali,real,real,076_Loke Bale Bale Re.mp3.mp3,70,10
fe1089cbb8f741bf89af619977dd27ce,bengali,real,real,076_Loke Bale Bale Re.mp3.mp3,71,10
ad5436a72072f9942d0e523703f4e39c,bengali,real,real,076_Loke Bale Bale Re.mp3.mp3,72,10
1c109216c6adbc907d19e92bfcf29e6e,bengali,real,real,076_Loke Bale Bale Re.mp3.mp3,73,10
27de3b82a8020ad3da6666420c326bd6,bengali,real,real,076_Loke Bale Bale Re.mp3.mp3,74,10
dd75b3a8ed01ba5937f8b9f3b7e699a8,bengali,real,real,076_Loke Bale Bale Re.mp3.mp3,75,10
02c60372ba8be61cad5095f96e5f8aba,bengali,real,real,076_Loke Bale Bale Re.mp3.mp3,76,10
bc423d867a27a7e82d6396f8e0696d83,bengali,real,real,076_Loke Bale Bale Re.mp3.mp3,77,10
4ef1c7f71f8ff38e4ec64c7d86b01d2f,bengali,real,real,076_Loke Bale Bale Re.mp3.mp3,78,10
7680d4193f2c228bb5fa43fe28be6a61,bengali,real,real,076_Loke Bale Bale Re.mp3.mp3,79,10
3f05b6639e1315abc41e6db31641c2e6,bengali,real,real,076_Loke Bale Bale Re.mp3.mp3,80,10
621d2339896128ebd27adbb7c6c0990f,bengali,real,real,076_Loke Bale Bale Re.mp3.mp3,81,10
a5e7b01f2fde6d584a8c7a1913e11df8,bengali,real,real,076_Loke Bale Bale Re.mp3.mp3,82,10
aa3536db4dfcb1cb3173ae59ceb2562a,bengali,real,real,076_Loke Bale Bale Re.mp3.mp3,83,10
71a34da78d2bff460168df51242b67e4,bengali,real,real,076_Loke Bale Bale Re.mp3.mp3,84,10
467c1001f1cbe91f7ef08e09c0a43f9a,bengali,real,real,076_Loke Bale Bale Re.mp3.mp3,85,10
0abcb9f4421052e7deb261efa6b1c447,bengali,real,real,076_Loke Bale Bale Re.mp3.mp3,86,10
2489733d9ce3b02f37d87dbfb31e3965,bengali,real,real,076_Loke Bale Bale Re.mp3.mp3,87,10
44464057b2574b994eaf6f31e39290a1,bengali,real,real,076_Loke Bale Bale Re.mp3.mp3,88,10
bb197e1e4d467fb4b43e9e5396433e36,bengali,real,real,076_Loke Bale Bale Re.mp3.mp3,89,10
b1a290a59226e6a8cc0b387ea251f2e3,bengali,real,real,076_Loke Bale Bale Re.mp3.mp3,90,10
d1ab288eb9af72beab5fe26ec83de1a0,bengali,real,real,076_Loke Bale Bale Re.mp3.mp3,91,10
24b543a43b1bcc482b41c46eba85c9d3,bengali,real,real,076_Loke Bale Bale Re.mp3.mp3,92,10
36da3796af2e004cff5fbed285c5e6d4,bengali,real,real,076_Loke Bale Bale Re.mp3.mp3,93,10
7d5de709529479793f553827b5819ae4,bengali,real,real,076_Loke Bale Bale Re.mp3.mp3,94,10
43075facf6d3f18dec4578633497c0aa,bengali,real,real,076_Loke Bale Bale Re.mp3.mp3,95,10
4c0373eff3bd5123a47257280847d70a,bengali,real,real,076_Loke Bale Bale Re.mp3.mp3,96,10
2c5e41eed928504906ad1b293de9a726,bengali,real,real,076_Loke Bale Bale Re.mp3.mp3,97,10
23c89fa3feda0a70d6be75085233733c,bengali,real,real,076_Loke Bale Bale Re.mp3.mp3,98,10
8b31fcb6ccc7cc816af277601af1f142,bengali,real,real,076_Loke Bale Bale Re.mp3.mp3,99,10
48423b40f56bb11bbba8ce0b69086da1,bengali,real,real,076_Loke Bale Bale Re.mp3.mp3,100,10
ea6ca8dca34f01b3b9cfaf2937a0b049,bengali,real,real,076_Loke Bale Bale Re.mp3.mp3,101,10
ef9c0e68996a36c6937f97a8bf6aeef0,bengali,real,real,076_Loke Bale Bale Re.mp3.mp3,102,10
41d62aad16e076ba9fb4f90f9cce570c,bengali,real,real,076_Loke Bale Bale Re.mp3.mp3,103,10
7a9227daf24b4948719c3c11aecc0455,bengali,real,real,076_Loke Bale Bale Re.mp3.mp3,104,10
0a3f86d795f7c36e200824685adce2f0,bengali,real,real,076_Loke Bale Bale Re.mp3.mp3,105,10
89a8b1f574221d452d89cc803e51b48c,bengali,real,real,076_Loke Bale Bale Re.mp3.mp3,106,10
44b0b60a40067f7dac810e36a29c5591,bengali,real,real,076_Loke Bale Bale Re.mp3.mp3,107,10
ae3f496e26a17a1dcb7336140c370924,bengali,real,real,076_Loke Bale Bale Re.mp3.mp3,108,10
2238d37ce2f48f6c105190d94948ee41,bengali,real,real,076_Loke Bale Bale Re.mp3.mp3,109,10
f0aa0523583be4f7ba9234fdce602e78,bengali,real,real,076_Loke Bale Bale Re.mp3.mp3,110,10
83d3c511cf85e8901155eadf16effc47,bengali,real,real,076_Loke Bale Bale Re.mp3.mp3,111,10
8ae04da0c633853a3b1d3148f217d107,bengali,real,real,076_Loke Bale Bale Re.mp3.mp3,112,10
f7c2217b99557a235a86ca8ba3b3dc79,bengali,real,real,076_Loke Bale Bale Re.mp3.mp3,113,10
65c245b627eef014b3ddf720badef4e8,bengali,real,real,076_Loke Bale Bale Re.mp3.mp3,114,10
2877d9e0d7bd1843084c8af200ef5bf9,bengali,real,real,076_Loke Bale Bale Re.mp3.mp3,115,10
36d3a3b8d6451a8a3879ffcfb80ecc8a,bengali,real,real,076_Loke Bale Bale Re.mp3.mp3,116,10
f0b88410d70637e16318d66a85e613af,bengali,real,real,076_Loke Bale Bale Re.mp3.mp3,117,10
ae14af7fe8fd0ed9629e36d2b1bd9f14,bengali,real,real,076_Loke Bale Bale Re.mp3.mp3,118,10
346a178f626c5ad2cd399cf4522faea5,bengali,real,real,076_Loke Bale Bale Re.mp3.mp3,119,10
65501ebced6ebd89332c7048ef69d54d,bengali,real,real,076_Loke Bale Bale Re.mp3.mp3,120,10
4caa506842c5dd4eed595c7aacf7b6f2,bengali,real,real,076_Loke Bale Bale Re.mp3.mp3,121,10
9e7f12e297d1f4ee930ead9ac6c7e1cb,bengali,real,real,076_Loke Bale Bale Re.mp3.mp3,122,10
53323674b7b8b0715d6a9d03fd758fa9,bengali,real,real,076_Loke Bale Bale Re.mp3.mp3,123,10
7c094b76a65c9fc2ff2e4da63ab84693,bengali,real,real,076_Loke Bale Bale Re.mp3.mp3,124,10
03b9b69ca24b4dd70493c30c60b5570c,bengali,real,real,076_Loke Bale Bale Re.mp3.mp3,125,10
13aa89edd8c73ae1fde7dce141e54349,bengali,real,real,076_Loke Bale Bale Re.mp3.mp3,126,10
e99fb3bbf09ef21f44c27f0a5c2985d3,bengali,real,real,076_Loke Bale Bale Re.mp3.mp3,127,10
fac85e9fc031e027db6f028142fe6d5f,bengali,real,real,076_Loke Bale Bale Re.mp3.mp3,128,10
dcf8fa0fc96abbffe8d6b17fc7d5e958,bengali,real,real,076_Loke Bale Bale Re.mp3.mp3,129,10
737d9ca68ce297e24dc620ac204580cf,bengali,real,real,076_Loke Bale Bale Re.mp3.mp3,130,10
070fec63df0a625b7faad5cc85d3cf27,bengali,real,real,076_Loke Bale Bale Re.mp3.mp3,131,10
620c76d2368dd456e1d08c64c6402ace,bengali,real,real,076_Loke Bale Bale Re.mp3.mp3,132,10
f137a0046b821c01ed039afb70dd5242,bengali,real,real,076_Loke Bale Bale Re.mp3.mp3,133,10
40c839d1d2e655e426282b0333c61914,bengali,real,real,076_Loke Bale Bale Re.mp3.mp3,134,10
2dc2b551fbf0800fd17d9eb46a8d007b,bengali,real,real,076_Loke Bale Bale Re.mp3.mp3,135,10
1f3de5c2b0fb8ba56c757207cbb55737,bengali,real,real,076_Loke Bale Bale Re.mp3.mp3,136,10
22fc20c02d8311747c96fb2f3c4d89ed,bengali,real,real,076_Loke Bale Bale Re.mp3.mp3,137,10
4eba87a746a10a2ca00bb8bdec97bffe,bengali,real,real,076_Loke Bale Bale Re.mp3.mp3,138,10
663f4df32662de17a770bfdbe0260840,bengali,real,real,076_Loke Bale Bale Re.mp3.mp3,139,10
c4a2a04811f9134c09b74fe360839ed8,bengali,real,real,076_Loke Bale Bale Re.mp3.mp3,140,10
d345ebe7c70152e85e608e8d0321a5e4,bengali,real,real,076_Loke Bale Bale Re.mp3.mp3,141,10
925532a854ba25834524f62bf7593377,bengali,real,real,076_Loke Bale Bale Re.mp3.mp3,142,10
5f3715377b7870332c10cbb9226ed39e,bengali,real,real,076_Loke Bale Bale Re.mp3.mp3,143,10
1f47c79d3f9e6973bfbfcc6579823345,bengali,real,real,076_Loke Bale Bale Re.mp3.mp3,144,10
74f309a0fe1c274aea66636705120faf,bengali,real,real,076_Loke Bale Bale Re.mp3.mp3,145,10
bb8198c68eb95d089655abfbb0d00361,bengali,real,real,076_Loke Bale Bale Re.mp3.mp3,146,10
22872e9caf45026dc8da3294862d3182,bengali,real,real,076_Loke Bale Bale Re.mp3.mp3,147,10
45e62bb5900b328d22df03cb56ec22e8,bengali,real,real,076_Loke Bale Bale Re.mp3.mp3,148,10
6c740d1d247667d009ce6a42f126cbf0,bengali,real,real,076_Loke Bale Bale Re.mp3.mp3,149,10
d7c1ae517bdc8a642adbe6ceb66d79c7,bengali,real,real,076_Loke Bale Bale Re.mp3.mp3,150,10
17be532a784514d9cd39055bae56502c,bengali,real,real,076_Loke Bale Bale Re.mp3.mp3,151,10
989200117ef2698b50a0795915c8eaf1,bengali,real,real,076_Loke Bale Bale Re.mp3.mp3,152,10
395de5a92e64400521a84de4e5167864,bengali,real,real,076_Loke Bale Bale Re.mp3.mp3,153,10
28945ce4e107fa06baca6ca79ef339b9,bengali,real,real,076_Loke Bale Bale Re.mp3.mp3,154,10
aa1c6a6e050b0a3bf453a42cb1409497,bengali,real,real,076_Loke Bale Bale Re.mp3.mp3,155,10
0dd1f2eb471f771aa774d038f469ce83,bengali,real,real,076_Loke Bale Bale Re.mp3.mp3,156,10
537e020cd43dab48347ac251881b1663,bengali,real,real,076_Loke Bale Bale Re.mp3.mp3,157,10
0a6d5a52a0965867bd50f02eda9cdfdd,bengali,real,real,076_Loke Bale Bale Re.mp3.mp3,158,10
2bf2b3e906dd22632a3b0d9dc44c79fe,bengali,real,real,076_Loke Bale Bale Re.mp3.mp3,159,10
341e9fd194244c00d6fdbaf2c993a1e1,bengali,real,real,076_Loke Bale Bale Re.mp3.mp3,160,10
d11582baf643625da6c53a4664a41799,bengali,real,real,076_Loke Bale Bale Re.mp3.mp3,161,10
f686e2cf2a3e3aa09081a9e228bbc2cd,bengali,real,real,076_Loke Bale Bale Re.mp3.mp3,162,10
9a8913c5aa7771d5c439018e4846b137,bengali,real,real,076_Loke Bale Bale Re.mp3.mp3,163,10
f2b3689308887324f30b75d97d20848d,bengali,real,real,076_Loke Bale Bale Re.mp3.mp3,164,10
40da9384c84c2e08b5e0e506edf0db03,bengali,real,real,076_Loke Bale Bale Re.mp3.mp3,165,10
610d80945b4429275c23b0ef50ae1cd7,bengali,real,real,076_Loke Bale Bale Re.mp3.mp3,166,10
84ccb3f8c8d999db8a633ae331188505,bengali,real,real,076_Loke Bale Bale Re.mp3.mp3,167,10
d1088d425639f5450ce7d6c660ec85f6,bengali,real,real,076_Loke Bale Bale Re.mp3.mp3,168,10
04771311b6515f4cfaf233ed6b21b46e,bengali,real,real,076_Loke Bale Bale Re.mp3.mp3,169,10
258bd663357211c1f32c80a8787b7355,bengali,real,real,076_Loke Bale Bale Re.mp3.mp3,170,10
334500e9723577611d9dc473191b65ef,bengali,real,real,076_Loke Bale Bale Re.mp3.mp3,171,10
6426bad531d460458be93f78fcc682b4,bengali,real,real,076_Loke Bale Bale Re.mp3.mp3,172,10
201e6520bbc34c23cd28fa09d31974b5,bengali,real,real,076_Loke Bale Bale Re.mp3.mp3,173,10
57db145c6958389eb68613ede1a24153,bengali,real,real,076_Loke Bale Bale Re.mp3.mp3,174,10
d4f3d581c2e4bde167731bd8b09fa22a,bengali,real,real,076_Loke Bale Bale Re.mp3.mp3,175,10
25ad57f2b6b47730187bd79dd23937cf,bengali,real,real,076_Loke Bale Bale Re.mp3.mp3,176,10
ee529644861e706cc0ef5cb3618cf9da,bengali,real,real,076_Loke Bale Bale Re.mp3.mp3,177,10
ff2dd2331ec7641db740db19f093033c,bengali,real,real,076_Loke Bale Bale Re.mp3.mp3,178,10
20dd38f72fd33c2765a28b74f82c9a34,bengali,real,real,076_Loke Bale Bale Re.mp3.mp3,179,10
cafa884fc29655d8e8fcb1ad549a3402,bengali,real,real,076_Loke Bale Bale Re.mp3.mp3,180,10
7f16387b68e60a1af3f409e8ed18a6b7,bengali,real,real,076_Loke Bale Bale Re.mp3.mp3,181,10
048c3c7e2b6eb2bd662bf882681245e6,bengali,real,real,076_Loke Bale Bale Re.mp3.mp3,182,10
979f3127b6bd87adfbf90d904fb39ec1,bengali,real,real,076_Loke Bale Bale Re.mp3.mp3,183,10
d4824ac3767892eb5577078f0d680b48,bengali,real,real,076_Loke Bale Bale Re.mp3.mp3,184,10
f0c43c302aa0b7b8474753121fe6dcb5,bengali,real,real,076_Loke Bale Bale Re.mp3.mp3,185,10
ce90d95a7d856d179f0b4722097db0df,bengali,real,real,076_Loke Bale Bale Re.mp3.mp3,186,10
a38c9fab3e08abd69056cfc1abd4b3e6,bengali,real,real,076_Loke Bale Bale Re.mp3.mp3,187,10
54c829f24be1e6e09fc454c78fcd492f,bengali,real,real,076_Loke Bale Bale Re.mp3.mp3,188,10
a13840e4b842b8c1869dd12a470e067a,bengali,real,real,076_Loke Bale Bale Re.mp3.mp3,189,10
b77cfa8eaf272732bb38adcf9535c696,bengali,real,real,076_Loke Bale Bale Re.mp3.mp3,190,10
2f957f87e1671f978e72283653d33dc6,bengali,real,real,076_Loke Bale Bale Re.mp3.mp3,191,10
115e87f975cb6aad82338089723c6663,bengali,real,real,076_Loke Bale Bale Re.mp3.mp3,192,10
2359f38c6ebf85ed3e765bb28cce3ea5,bengali,real,real,076_Loke Bale Bale Re.mp3.mp3,193,10
54dcd93793ab1c3d5d5b683ea5b66f1b,bengali,real,real,076_Loke Bale Bale Re.mp3.mp3,194,10
455a82fd7b30b58ae8dba762d092ea2a,bengali,real,real,076_Loke Bale Bale Re.mp3.mp3,195,10
172b486c9ac3c0271b8124dfb6bca915,bengali,real,real,076_Loke Bale Bale Re.mp3.mp3,196,10
c6089a33358aad95c9830a256898fe5c,bengali,real,real,076_Loke Bale Bale Re.mp3.mp3,197,10
b62ec3fce09ef4f3a627940b53ce53b4,bengali,real,real,076_Loke Bale Bale Re.mp3.mp3,198,10
c036d5839a419f0a26f699a4d56d0ad4,bengali,real,real,076_Loke Bale Bale Re.mp3.mp3,199,10
bf38f95effd8e80b84c5d0b1b0aef751,bengali,real,real,076_Loke Bale Bale Re.mp3.mp3,200,10
37064a185a302a0f2458b33df4604aa0,bengali,real,real,076_Loke Bale Bale Re.mp3.mp3,201,10
67a570ede652fb080cfca76009c7d0f6,bengali,real,real,076_Loke Bale Bale Re.mp3.mp3,202,10
af1f996c5c4a518fde012ab8df603616,bengali,real,real,076_Loke Bale Bale Re.mp3.mp3,203,10
0fb73a144d3e2dcd2ee9b3cd0d6aa739,bengali,real,real,076_Loke Bale Bale Re.mp3.mp3,204,10
7f17dd7eff4611245cef4acb8fd792ab,bengali,real,real,076_Loke Bale Bale Re.mp3.mp3,205,10
825139844fe418da192042d8cebd1f94,bengali,real,real,076_Loke Bale Bale Re.mp3.mp3,206,10
183a7aab29310a60f68e0dbd3abc96d4,bengali,real,real,076_Loke Bale Bale Re.mp3.mp3,207,10
77626afb9f0d15cf3192b0704f62ab4d,bengali,real,real,076_Loke Bale Bale Re.mp3.mp3,208,10
b2804f9ae66f2bc59898848cfa805fde,bengali,real,real,076_Loke Bale Bale Re.mp3.mp3,209,10
e9d55676d1b75faca3a94f73faef9952,bengali,real,real,076_Loke Bale Bale Re.mp3.mp3,210,10
b1071920445bd56470b654c25dd71697,bengali,real,real,076_Loke Bale Bale Re.mp3.mp3,211,10
7b79540315b973c7c87b034fe67c37ae,bengali,real,real,076_Loke Bale Bale Re.mp3.mp3,212,10
f7709db887ac4e2ba68a22e61d662a6e,bengali,real,real,076_Loke Bale Bale Re.mp3.mp3,213,10
56d69a931cc9f45652a16dca930e5371,bengali,real,real,076_Loke Bale Bale Re.mp3.mp3,214,10
f1aa5d2b5ff64e1b083c92abf5418dd8,bengali,real,real,076_Loke Bale Bale Re.mp3.mp3,215,10
de540eab71e397f8fbda4e3d6758dfaa,bengali,real,real,076_Loke Bale Bale Re.mp3.mp3,216,10
e8f4f9784b7d00cd7c4a21cf7393724e,bengali,real,real,076_Loke Bale Bale Re.mp3.mp3,217,10
6bcb775620ed4356746d8783b943412f,bengali,real,real,076_Loke Bale Bale Re.mp3.mp3,218,10
41698a73fb5facadd117be9362f76e0d,bengali,real,real,076_Loke Bale Bale Re.mp3.mp3,219,10
27cb2524acbec7d45a9f4794e790cd90,bengali,real,real,076_Loke Bale Bale Re.mp3.mp3,220,10
ccc525cb53f3de17c6fd38ee547d82af,bengali,real,real,076_Loke Bale Bale Re.mp3.mp3,221,10
31c7126676f988b7a8fb8c42052521b3,bengali,real,real,076_Loke Bale Bale Re.mp3.mp3,222,10
ce7ba92efa02895b14993b62146f9ce5,bengali,real,real,076_Loke Bale Bale Re.mp3.mp3,223,10
4d5bcc0df9e041dd1b1e99a8aceec40c,bengali,real,real,076_Loke Bale Bale Re.mp3.mp3,224,10
69b7c9e0ccba856a67c3bbc249ece19c,bengali,real,real,076_Loke Bale Bale Re.mp3.mp3,225,10
07edd294a4184a53b688b264f39531c1,bengali,real,real,076_Loke Bale Bale Re.mp3.mp3,226,10
52edcf1f8bf5e32931a7371f26989ce9,bengali,real,real,076_Loke Bale Bale Re.mp3.mp3,227,10
6634999d5dafdec34015686f29ee1cba,bengali,real,real,076_Loke Bale Bale Re.mp3.mp3,228,10
41b3ce58fa2aa0b7c4d14cc72e5c3d85,bengali,real,real,076_Loke Bale Bale Re.mp3.mp3,229,10
e079fd8f9e38ae783964a3f122973799,bengali,real,real,076_Loke Bale Bale Re.mp3.mp3,230,10
3f424416c93268529d8af93633049225,bengali,real,real,076_Loke Bale Bale Re.mp3.mp3,231,10
ab58ad4a057e0110eaf946c26f253816,bengali,real,real,076_Loke Bale Bale Re.mp3.mp3,232,10
14f0f61e05a66623f7861eb544641533,bengali,real,real,076_Loke Bale Bale Re.mp3.mp3,233,10
a710790c096630f139a20aac341b6c3a,bengali,real,real,076_Loke Bale Bale Re.mp3.mp3,234,10
25cfa5077f9824810de2575063600cc6,bengali,real,real,076_Loke Bale Bale Re.mp3.mp3,235,10
59970d1b7eecca8be385af757fca088a,bengali,real,real,076_Loke Bale Bale Re.mp3.mp3,236,10
62998efe1246d3f3bfc47022deb2df10,bengali,real,real,076_Loke Bale Bale Re.mp3.mp3,237,10
6d97dd9fa84731086e265715e2e24a4e,bengali,real,real,076_Loke Bale Bale Re.mp3.mp3,238,10
d63ed17e0b4e98ac5a3aef08037d8e2b,bengali,real,real,076_Loke Bale Bale Re.mp3.mp3,239,10
cd560d5e2c5c18c73072a74817e64cb6,bengali,real,real,076_Loke Bale Bale Re.mp3.mp3,240,10
e9a4aa3a73eb20581e0dd94142e9c5f3,bengali,real,real,076_Loke Bale Bale Re.mp3.mp3,241,10
e5dc0442e2696697292b918a9d701849,bengali,real,real,076_Loke Bale Bale Re.mp3.mp3,242,10
80e25e46dccc90f29913d7ebddafe523,bengali,real,real,076_Loke Bale Bale Re.mp3.mp3,243,10
f8b7aa99bbfe55831337e8bf8fad88f0,bengali,real,real,076_Loke Bale Bale Re.mp3.mp3,244,10
81602725b22d0d94c5123e07fc6d7f45,bengali,real,real,077_Menoka Mathaye Dilo.mp3.mp3,0,10
d7515e601873bfb8d3879747d9d71eb7,bengali,real,real,077_Menoka Mathaye Dilo.mp3.mp3,1,10
13e71c5dd7bfabe981111cfe063482b3,bengali,real,real,077_Menoka Mathaye Dilo.mp3.mp3,2,10
4e6177b729b72fbc50528b0b0985b5a8,bengali,real,real,077_Menoka Mathaye Dilo.mp3.mp3,3,10
c89fdae18e3f0b3dac1031340d0395f5,bengali,real,real,077_Menoka Mathaye Dilo.mp3.mp3,4,10
814bcd5d65552912333aa15c1d553ca4,bengali,real,real,077_Menoka Mathaye Dilo.mp3.mp3,5,10
07c49cb94c38d306ddb37fccbd643a37,bengali,real,real,077_Menoka Mathaye Dilo.mp3.mp3,6,10
789d571a3fa8afda5aeeb043339ddec3,bengali,real,real,077_Menoka Mathaye Dilo.mp3.mp3,7,10
a7fbaf439cb8369ba239ed34c35246ed,bengali,real,real,077_Menoka Mathaye Dilo.mp3.mp3,8,10
d6a917dbea179fbd8046257ed9568846,bengali,real,real,077_Menoka Mathaye Dilo.mp3.mp3,9,10
50840f1564fcdae0e139acf3fffd4fc0,bengali,real,real,077_Menoka Mathaye Dilo.mp3.mp3,10,10
07f2c27b064dc31649c8f8f37db1c051,bengali,real,real,077_Menoka Mathaye Dilo.mp3.mp3,11,10
716fbbc9acd04cd441f020b8f0e83a02,bengali,real,real,077_Menoka Mathaye Dilo.mp3.mp3,12,10
e1a650286193d45b61a5f747ff2a37b6,bengali,real,real,077_Menoka Mathaye Dilo.mp3.mp3,13,10
8f28b2d6ae34ffd95ac32f8b8afa4d9b,bengali,real,real,077_Menoka Mathaye Dilo.mp3.mp3,14,10
4e69b530ef65543e12311a1b4c06e211,bengali,real,real,077_Menoka Mathaye Dilo.mp3.mp3,15,10
f13e0d286713061835959d6682dfe2e7,bengali,real,real,077_Menoka Mathaye Dilo.mp3.mp3,16,10
62284b8873d35d44e57b4ff2ed876643,bengali,real,real,077_Menoka Mathaye Dilo.mp3.mp3,17,10
34bf93d2182cf387675f97327cb8e490,bengali,real,real,077_Menoka Mathaye Dilo.mp3.mp3,18,10
cb7538e7926a805080da3d30d5b5ce92,bengali,real,real,077_Menoka Mathaye Dilo.mp3.mp3,19,10
7fd32960ba8547cd8360d9ef0f21abc0,bengali,real,real,077_Menoka Mathaye Dilo.mp3.mp3,20,10
e7d31141d9e620f619f1bcb67ad97cf2,bengali,real,real,077_Menoka Mathaye Dilo.mp3.mp3,21,10
91fd83a9ece3fafc8da3091a30cd152e,bengali,real,real,077_Menoka Mathaye Dilo.mp3.mp3,22,10
78c20d3d53d8caa55cb63371d56cbb08,bengali,real,real,077_Menoka Mathaye Dilo.mp3.mp3,23,10
f434f1e3fa33f850e119188408cc0951,bengali,real,real,077_Menoka Mathaye Dilo.mp3.mp3,24,10
ee33cedf3d33eb453937d7ee35d1b667,bengali,real,real,077_Menoka Mathaye Dilo.mp3.mp3,25,10
954dec6c8f08618215106936ad6feb30,bengali,real,real,077_Menoka Mathaye Dilo.mp3.mp3,26,10
fd2d77b77c6c0cd92f48d67480110dcb,bengali,real,real,077_Menoka Mathaye Dilo.mp3.mp3,27,10
f4df54af1f94fe321897ea082addc607,bengali,real,real,077_Menoka Mathaye Dilo.mp3.mp3,28,10
58e23ec273318f39b88946176ab09fe9,bengali,real,real,077_Menoka Mathaye Dilo.mp3.mp3,29,10
d78c3c2e1721276364a6c0266cf0cfd4,bengali,real,real,077_Menoka Mathaye Dilo.mp3.mp3,30,10
2441405aa9d01afe2e7fe5567f1700de,bengali,real,real,077_Menoka Mathaye Dilo.mp3.mp3,31,10
2b2d642e7e9318ab3cbd0eaef43c5163,bengali,real,real,077_Menoka Mathaye Dilo.mp3.mp3,32,10
0f58497b4e9950a86945aa496b1ccbbd,bengali,real,real,077_Menoka Mathaye Dilo.mp3.mp3,33,10
de700a5ee19f9b64d8bae0e95f907df2,bengali,real,real,077_Menoka Mathaye Dilo.mp3.mp3,34,10
ae229619ae320886418924c0b4c7d41f,bengali,real,real,077_Menoka Mathaye Dilo.mp3.mp3,35,10
2f80eb6e152656776f3f14e1a7ca5bfc,bengali,real,real,077_Menoka Mathaye Dilo.mp3.mp3,36,10
8038526390e7cca20a73cd0df1250c82,bengali,real,real,077_Menoka Mathaye Dilo.mp3.mp3,37,10
16a2560cbaab3636617a5daa59549d18,bengali,real,real,077_Menoka Mathaye Dilo.mp3.mp3,38,10
bfcb8676afacace98230a9e75966a1f0,bengali,real,real,079_Kalo Jole Kuchla Tole.mp3.mp3,0,10
5c53c81f881b069e07b929bb8d317410,bengali,real,real,079_Kalo Jole Kuchla Tole.mp3.mp3,1,10
ba66d1fb8e0d24aeb359962e5d075574,bengali,real,real,080_Lal Paharir Deshe Ja.mp3.mp3,0,10
7b000e45b9d34cc1745123ea16854d6d,bengali,real,real,080_Lal Paharir Deshe Ja.mp3.mp3,1,10
14a6798bdf35deca71a674009d59904a,bengali,real,real,080_Lal Paharir Deshe Ja.mp3.mp3,2,10
60d2a62246a25bf7de6f12fc7a514a5e,bengali,real,real,080_Lal Paharir Deshe Ja.mp3.mp3,3,10
04f0bcfc573602cd0dcb78677b408ef1,bengali,real,real,080_Lal Paharir Deshe Ja.mp3.mp3,4,10
9ae9684703bf9bc3828449b16c05b604,bengali,real,real,080_Lal Paharir Deshe Ja.mp3.mp3,5,10
69eecfae97f9c8377dce2e4e2ce72526,bengali,real,real,080_Lal Paharir Deshe Ja.mp3.mp3,6,10
20fdb69d10e335b0f6129288f6150669,bengali,real,real,080_Lal Paharir Deshe Ja.mp3.mp3,7,10
e7b0850f896992148f31835976a51f91,bengali,real,real,080_Lal Paharir Deshe Ja.mp3.mp3,8,10
64361bf3c561b79526055d760691d39c,bengali,real,real,080_Lal Paharir Deshe Ja.mp3.mp3,9,10
383973290b723c1ca88566e755eaaf84,bengali,real,real,080_Lal Paharir Deshe Ja.mp3.mp3,10,10
57b4ae93d026b745a0265e7536d9b0c3,bengali,real,real,080_Lal Paharir Deshe Ja.mp3.mp3,11,10
158aab0155ac3640057cc9a149ad9527,bengali,real,real,080_Lal Paharir Deshe Ja.mp3.mp3,12,10
1e2f787624a33f25d983d72759e585e8,bengali,real,real,080_Lal Paharir Deshe Ja.mp3.mp3,13,10
66c684a935aa0f121c3b7601441d2199,bengali,real,real,080_Lal Paharir Deshe Ja.mp3.mp3,14,10
c09567b3f68cffac12a760ae8656bc3c,bengali,real,real,080_Lal Paharir Deshe Ja.mp3.mp3,15,10
77948c954468248dfe1d9874f578892e,bengali,real,real,080_Lal Paharir Deshe Ja.mp3.mp3,16,10
5825b6c7ee2692064377b487c8944a2f,bengali,real,real,080_Lal Paharir Deshe Ja.mp3.mp3,17,10
48951ca054f2a7b99af8fc897bea7ec8,bengali,real,real,080_Lal Paharir Deshe Ja.mp3.mp3,18,10
b0ec281488a577e3628b027bd2e828bd,bengali,real,real,080_Lal Paharir Deshe Ja.mp3.mp3,19,10
fa133aed7e51f8af8f3229b6abcf4e9c,bengali,real,real,080_Lal Paharir Deshe Ja.mp3.mp3,20,10
327cb2f7aa3aded7d2ad5fdc539aa4e7,bengali,real,real,080_Lal Paharir Deshe Ja.mp3.mp3,21,10
d229daa7a7c62efed7e5ccf430451fcc,bengali,real,real,080_Lal Paharir Deshe Ja.mp3.mp3,22,10
c0709417e5d9f834d862a38d30bab38d,bengali,real,real,080_Lal Paharir Deshe Ja.mp3.mp3,23,10
be8fb831f0a240cc09f12cc71c4690cc,bengali,real,real,080_Lal Paharir Deshe Ja.mp3.mp3,24,10
a7a9397f945feefb1b96b3b2ab543034,bengali,real,real,080_Lal Paharir Deshe Ja.mp3.mp3,25,10
b094137b90ba05ddc9ae6c3d7a87acc1,bengali,real,real,080_Lal Paharir Deshe Ja.mp3.mp3,26,10
8f4c3d86fa5e64a9a14205d97bbacbe9,bengali,real,real,080_Lal Paharir Deshe Ja.mp3.mp3,27,10
8e8a8936b40e2aacf7822d23cab87fab,bengali,real,real,080_Lal Paharir Deshe Ja.mp3.mp3,28,10
9a9707bc75db9f14040e0145aafbb752,bengali,real,real,080_Lal Paharir Deshe Ja.mp3.mp3,29,10
8cdea0282b19ac4b54907c3451535d3b,bengali,real,real,081_Phagooner Mohonaye.mp3.mp3,0,10
b77f58427c3f010e85d5c24c60fce7b4,bengali,real,real,081_Phagooner Mohonaye.mp3.mp3,1,10
e2701b762b25b0affa606e8c05f760d1,bengali,real,real,081_Phagooner Mohonaye.mp3.mp3,2,10
76730dcbca27e0b149e3898081df0194,bengali,real,real,081_Phagooner Mohonaye.mp3.mp3,3,10
dd2f054694966ad49a91974e19b3ac4d,bengali,real,real,081_Phagooner Mohonaye.mp3.mp3,4,10
d871f2e21a269f018b631c3e7aae6e68,bengali,real,real,081_Phagooner Mohonaye.mp3.mp3,5,10
23ce18fc8ec0213df3c22086a660c572,bengali,real,real,081_Phagooner Mohonaye.mp3.mp3,6,10
2524ee641a2151453450b425d234a1cf,bengali,real,real,081_Phagooner Mohonaye.mp3.mp3,7,10
6bb8e7aa01db30fc2135b28653147ba7,bengali,real,real,081_Phagooner Mohonaye.mp3.mp3,8,10
c2b35c4c667fa06f04c587911f9077b1,bengali,real,real,081_Phagooner Mohonaye.mp3.mp3,9,10
d19d62bd7cdd78ba42bb7ec9668bd050,bengali,real,real,081_Phagooner Mohonaye.mp3.mp3,10,10
e6a3ef07d91105047f9317968f01cfae,bengali,real,real,081_Phagooner Mohonaye.mp3.mp3,11,10
be294681e7527571e77b9221d049f776,bengali,real,real,081_Phagooner Mohonaye.mp3.mp3,12,10
262109f969cf8f2c04c012c2f43de896,bengali,real,real,081_Phagooner Mohonaye.mp3.mp3,13,10
88fd46f18f85fd27be1e906f3a6d56f4,bengali,real,real,081_Phagooner Mohonaye.mp3.mp3,14,10
133a9ffedabe1fce63c4be83ea946dd0,bengali,real,real,081_Phagooner Mohonaye.mp3.mp3,15,10
75cc569ce5e0389eaf82d8677444bd1b,bengali,real,real,081_Phagooner Mohonaye.mp3.mp3,16,10
e8f5ff675780d16c0fa989d7f5a150b3,bengali,real,real,081_Phagooner Mohonaye.mp3.mp3,17,10
dae92aa275fac554b488214ba335ff73,bengali,real,real,081_Phagooner Mohonaye.mp3.mp3,18,10
bda8a7c65059ef189919dfdc76c06ff9,bengali,real,real,081_Phagooner Mohonaye.mp3.mp3,19,10
d2e4b1ef0e5a8c96432a737458212aa9,bengali,real,real,081_Phagooner Mohonaye.mp3.mp3,20,10
6e1d17580de494e7d4291e949561ab2f,bengali,real,real,081_Phagooner Mohonaye.mp3.mp3,21,10
739e035a946b2f2da897c4bfc6d1764a,bengali,real,real,084_Sheeter Hawaay.mp3.mp3,0,10
6e34da4661ad58852b8d2dda26bfed5a,bengali,real,real,084_Sheeter Hawaay.mp3.mp3,1,10
0cc1128ae44af391e9a96bb9b4aa9433,bengali,real,real,084_Sheeter Hawaay.mp3.mp3,2,10
ea5552c326cac66c2f26f3416a4e7812,bengali,real,real,084_Sheeter Hawaay.mp3.mp3,3,10
8098063966a27ffca87b626c74bbab3e,bengali,real,real,084_Sheeter Hawaay.mp3.mp3,4,10
26d04bdc9231d120fad91ad2611fad0b,bengali,real,real,084_Sheeter Hawaay.mp3.mp3,5,10
7710028ac2be3332accef61702306039,bengali,real,real,084_Sheeter Hawaay.mp3.mp3,6,10
8b05fd2e1f03e9a36cd432db42c3b8f6,bengali,real,real,084_Sheeter Hawaay.mp3.mp3,7,10
e258dbbf99ad53ca306d394a77d9efae,bengali,real,real,084_Sheeter Hawaay.mp3.mp3,8,10
05238c9665f6b11d7ec50f4c1f5122b7,bengali,real,real,084_Sheeter Hawaay.mp3.mp3,9,10
4edacae7ca2a6a0f566268eff31eca8c,bengali,real,real,084_Sheeter Hawaay.mp3.mp3,10,10
5784e623016768de489cd337ccbc0569,bengali,real,real,084_Sheeter Hawaay.mp3.mp3,11,10
0d96bd7d78fe875a01cd12e0034361bc,bengali,real,real,084_Sheeter Hawaay.mp3.mp3,12,10
642f7938cb1b11ada3e33b7a3c275f3d,bengali,real,real,084_Sheeter Hawaay.mp3.mp3,13,10
e92f1000e8f1f6a7200613c957f7101f,bengali,real,real,084_Sheeter Hawaay.mp3.mp3,14,10
ae3b680f05932f4ff08c1cbf0b43cba8,bengali,real,real,084_Sheeter Hawaay.mp3.mp3,15,10
2aa943c13bb8726600011bcb712019d4,bengali,real,real,084_Sheeter Hawaay.mp3.mp3,16,10
9b7f51c488fe5515eb6c849012f3eba9,bengali,real,real,084_Sheeter Hawaay.mp3.mp3,17,10
d51d6af8e6dcca994f8e6b18c1797cef,bengali,real,real,084_Sheeter Hawaay.mp3.mp3,18,10
ce5ea649d7702a9ae1495eee41adc3d1,bengali,real,real,084_Sheeter Hawaay.mp3.mp3,19,10
aa250bb42b69e182b42f511b8fbd4652,bengali,real,real,084_Sheeter Hawaay.mp3.mp3,20,10
8a20da418d38badac1b851b0e031ae7f,bengali,real,real,084_Sheeter Hawaay.mp3.mp3,21,10
89edb47af99690f690f1bf1003d48d8b,bengali,real,real,084_Sheeter Hawaay.mp3.mp3,22,10
5ea80d7fefe04d0b37309c4f51e9f8cd,bengali,real,real,084_Sheeter Hawaay.mp3.mp3,23,10
7b98d4243496fbc466155d1bfe3f0373,bengali,real,real,084_Sheeter Hawaay.mp3.mp3,24,10
d15ece687d00fe1857ccc2b3eafb601a,bengali,real,real,084_Sheeter Hawaay.mp3.mp3,25,10
c040c9b563d038edbfe390d59917da0c,bengali,real,real,084_Sheeter Hawaay.mp3.mp3,26,10
8dc6339a1fb08a036c28792d524b14fb,bengali,real,real,084_Sheeter Hawaay.mp3.mp3,27,10
44cbb2e92464542a4987324c15adf57c,bengali,real,real,084_Sheeter Hawaay.mp3.mp3,28,10
4f79bbe2485f0bc45b2c6439f1270254,bengali,real,real,084_Sheeter Hawaay.mp3.mp3,29,10
b4040793257533c98194ca6b78dbc588,bengali,real,real,084_Sheeter Hawaay.mp3.mp3,30,10
1349d46ee43f915d1e9fb900e0fef209,bengali,real,real,084_Sheeter Hawaay.mp3.mp3,31,10
cdfe6a28ce8815f04ac7b6850c5163f1,bengali,real,real,084_Sheeter Hawaay.mp3.mp3,32,10
5e3241f7d3812659defa285005b4b264,bengali,real,real,084_Sheeter Hawaay.mp3.mp3,33,10
b147ea4ea5c75e4d976e8b4fa45fede8,bengali,real,real,084_Sheeter Hawaay.mp3.mp3,34,10
439ae11afa456e1bb3daca468af80bb8,bengali,real,real,084_Sheeter Hawaay.mp3.mp3,35,10
ca0401bbec4a043d107d5e3a40c8fad9,bengali,real,real,084_Sheeter Hawaay.mp3.mp3,36,10
ef17d01f1d48f9b5b47380374c9a42ed,bengali,real,real,084_Sheeter Hawaay.mp3.mp3,37,10
69352abbbf0eebf628823be88dfd81aa,bengali,real,real,084_Sheeter Hawaay.mp3.mp3,38,10
bb25c2e011446211da337b692a9c3fdc,bengali,real,real,084_Sheeter Hawaay.mp3.mp3,39,10
fa5d2615ae1c677ea8985c7922b6e7fd,bengali,real,real,084_Sheeter Hawaay.mp3.mp3,40,10
c997d82359358003a5532d5ea44d7db9,bengali,real,real,084_Sheeter Hawaay.mp3.mp3,41,10
745ba36fe62a80aa8f14086cd2a3d90a,bengali,real,real,084_Sheeter Hawaay.mp3.mp3,42,10
