sample_id,language,label,method,original_filename,clip_index,duration_seconds
febbed0dc3d7acb51a9b9c1e5e8f5a9b,punjabi,real,real,Tutak Tutak Tutian.mp3,0,10
61488d4f52d47ec766772fa4f9f2945a,punjabi,real,real,Tutak Tutak Tutian.mp3,1,10
bdd9ea18063296de1bac763be1fb434d,punjabi,real,real,Tutak Tutak Tutian.mp3,2,10
0a516c12b37b2c946455ea8378bf3437,punjabi,real,real,Tutak Tutak Tutian.mp3,3,10
d064e9b1ee18b806ced5541b944b0d3c,punjabi,real,real,Tutak Tutak Tutian.mp3,4,10
ca52e2b59d869e4a3fc96ee69779d1ca,punjabi,real,real,Tutak Tutak Tutian.mp3,5,10
bf6add4d0a84ad812c6a71a223e6c187,punjabi,real,real,Tutak Tutak Tutian.mp3,6,10
2004aa97edf8b6724c21030a66b72fa1,punjabi,real,real,Tutak Tutak Tutian.mp3,7,10
1115c7ba8284f10f82e0542007197db4,punjabi,real,real,Tutak Tutak Tutian.mp3,8,10
094ef839f9471025521494f7b849ef6b,punjabi,real,real,Tutak Tutak Tutian.mp3,9,10
b66212872a78e54114fcbb44e8571354,punjabi,real,real,Tutak Tutak Tutian.mp3,10,10
8c2eeec075a6aa8b576114ed52e551e7,punjabi,real,real,Tutak Tutak Tutian.mp3,11,10
96b889517578a90c37cd1a1c223d5974,punjabi,real,real,Tutak Tutak Tutian.mp3,12,10
78278ae88579e741acb91565ac706d8f,punjabi,real,real,Tutak Tutak Tutian.mp3,13,10
8c3c72ead22b21287862af498b872240,punjabi,real,real,Tutak Tutak Tutian.mp3,14,10
d533b0273a49884c4216c08e42b31369,punjabi,real,real,Tutak Tutak Tutian.mp3,15,10
df703fb77bdf5179b2caa978475d9aa3,punjabi,real,real,Tutak Tutak Tutian.mp3,16,10
d2057dd7bdf32c6fc76629e64fb238b9,punjabi,real,real,Tutak Tutak Tutian.mp3,17,10
863689b5c35627f46d2b29d4036c3176,punjabi,real,real,Tutak Tutak Tutian.mp3,18,10
e809e3b57e85a4a86c243f1af5abbd71,punjabi,real,real,Tutak Tutak Tutian.mp3,19,10
ad47c3cfba714d67a5a5ca3a22bbf0f7,punjabi,real,real,Tutak Tutak Tutian.mp3,20,10
d2a9501b8158ffd023098fa65aacb3c1,punjabi,real,real,Tutak Tutak Tutian.mp3,21,10
280fd9581a3f34ea87520076973b164f,punjabi,real,real,Tutak Tutak Tutian.mp3,22,10
16c1f2ab551e788e49313b7fa8dc2dda,punjabi,real,real,Tutak Tutak Tutian.mp3,23,10
707cbef8b1c0cd6bcef6f4eb2fe1133f,punjabi,real,real,Tutak Tutak Tutian.mp3,24,10
f049f1422dd6648124458566bffd91e2,punjabi,real,real,Tutak Tutak Tutian.mp3,25,10
05146b38614df2c51380d1ecdc5319f0,punjabi,real,real,Tutak Tutak Tutian.mp3,26,10
f29fdef33a82f12ae747292292ac123c,punjabi,real,real,Tutak Tutak Tutian.mp3,27,10
1550fb27170d2de34dba4fe4c980df61,punjabi,real,real,Tutak Tutak Tutian.temp.mp3,0,10
6078cc33db4f10f3e73c1a0e0da2b717,punjabi,real,real,Tutak Tutak Tutian.temp.mp3,1,10
63fabddda77f70e5625a3f98cc67983a,punjabi,real,real,Tutak Tutak Tutian.temp.mp3,2,10
85b2518cf63a6a5b14ff279f558281f5,punjabi,real,real,Tutak Tutak Tutian.temp.mp3,3,10
dcd5d003112a3d29413bb6c0368238b5,punjabi,real,real,Tutak Tutak Tutian.temp.mp3,4,10
dbc680c5bb3d8361b7c8fcc762808623,punjabi,real,real,Tutak Tutak Tutian.temp.mp3,5,10
3924f79d5cbcfc1bccd022f4a858b765,punjabi,real,real,Tutak Tutak Tutian.temp.mp3,6,10
ec1634f8374d1b2b02851694170fb1b5,punjabi,real,real,Tutak Tutak Tutian.temp.mp3,7,10
3d3e1f115a75cda3222245e957329996,punjabi,real,real,Tutak Tutak Tutian.temp.mp3,8,10
b783d583a8f06e5b2e26fac5633beb7a,punjabi,real,real,Tutak Tutak Tutian.temp.mp3,9,10
94c2da79d4d719f7f8c9775337d30941,punjabi,real,real,Tutak Tutak Tutian.temp.mp3,10,10
242da2818f6c3e7c820f69879601a59e,punjabi,real,real,Tutak Tutak Tutian.temp.mp3,11,10
ed0308965f71284f6c8cfd73de2f76e0,punjabi,real,real,Tutak Tutak Tutian.temp.mp3,12,10
c1ca239f02e342f3a8a80405ef7c6ddd,punjabi,real,real,Tutak Tutak Tutian.temp.mp3,13,10
cb80fa9175876d0252136f2a4ffa02dd,punjabi,real,real,Tutak Tutak Tutian.temp.mp3,14,10
4c509bcd78d46af0ff0601a87a9788c1,punjabi,real,real,Tutak Tutak Tutian.temp.mp3,15,10
e121931a1eb68db6028f48302560fe9f,punjabi,real,real,Tutak Tutak Tutian.temp.mp3,16,10
5a787ca92f9efaa21a370152e75793e9,punjabi,real,real,Tutak Tutak Tutian.temp.mp3,17,10
2c5322ac0198726d07f9cfa8c41936ad,punjabi,real,real,Tutak Tutak Tutian.temp.mp3,18,10
576dbca4e60597c9135b7c54ffc73d78,punjabi,real,real,Tutak Tutak Tutian.temp.mp3,19,10
5650af397fadc11569d8c879ed7a71bc,punjabi,real,real,Tutak Tutak Tutian.temp.mp3,20,10
d1d11249225069c73e415ae0df0b44d1,punjabi,real,real,Tutak Tutak Tutian.temp.mp3,21,10
b88bcbf73cdf005c2c4e63e435760592,punjabi,real,real,Tutak Tutak Tutian.temp.mp3,22,10
8c80120f8db206ed8ed2ad1543a7c062,punjabi,real,real,Tutak Tutak Tutian.temp.mp3,23,10
82fc76dd2b73f28da9c7c31014a96a29,punjabi,real,real,Tutak Tutak Tutian.temp.mp3,24,10
4a4908667cd2540cf72d09f22eaea54e,punjabi,real,real,Lathe Di Chadar.mp3,0,10
388d63d113cf6b92e42491e9a0413799,punjabi,real,real,Lathe Di Chadar.mp3,1,10
ffaf39af6e61d0db1520ef67d10d7549,punjabi,real,real,Lathe Di Chadar.mp3,2,10
281b9a2975be3c2c0c7afa54d8de2053,punjabi,real,real,Lathe Di Chadar.mp3,3,10
b3cc1f9ecb462ec48f6973ca19505cc5,punjabi,real,real,Lathe Di Chadar.mp3,4,10
a1178128a48df3d575996d6c202c3cea,punjabi,real,real,Lathe Di Chadar.mp3,5,10
fd02b91518b1a53feb74290aeca5dffe,punjabi,real,real,Lathe Di Chadar.mp3,6,10
410f01e28f6c6693927d4e42505ad2c5,punjabi,real,real,Lathe Di Chadar.mp3,7,10
f9fdafd0a71e6c188b65c20d0a702837,punjabi,real,real,Lathe Di Chadar.mp3,8,10
d1ea63242e5b07e76cc3e3b0ab0d4f33,punjabi,real,real,Lathe Di Chadar.mp3,9,10
4614ab415d18286aa5c6a117cea51ab1,punjabi,real,real,Lathe Di Chadar.mp3,10,10
ab98b41e188cfa83845754642e336a34,punjabi,real,real,Lathe Di Chadar.mp3,11,10
d3541540f420f0b91c17a1406e444d93,punjabi,real,real,Lathe Di Chadar.mp3,12,10
c9908a0d6eb9e088f20e9244705f9755,punjabi,real,real,Lathe Di Chadar.mp3,13,10
8be476bda16aa097fbb7b2d57dd62650,punjabi,real,real,Lathe Di Chadar.mp3,14,10
d42c7b51cb675a0eac1aa796108ec428,punjabi,real,real,Lathe Di Chadar.mp3,15,10
e0d6a39117aad1dbaeaaa8117786fb11,punjabi,real,real,Lathe Di Chadar.mp3,16,10
ee7137224fb6dd654dea6e3c742e8048,punjabi,real,real,Lathe Di Chadar.mp3,17,10
ce8acc5f22da6cadd7dccb9986536a7a,punjabi,real,real,Gora Gora Rang.mp3,0,10
00c59a0c3a97d32fc325e1054e8e7a77,punjabi,real,real,Gora Gora Rang.mp3,1,10
700c222c8d8c73a1448d5487b9815468,punjabi,real,real,Gora Gora Rang.mp3,2,10
6de7f2630988988895d3a06dbac3ffa7,punjabi,real,real,Gora Gora Rang.mp3,3,10
02bdb44bf52d674b9e3adc2f56f53b0e,punjabi,real,real,Gora Gora Rang.mp3,4,10
34d39729a84217f0b1106b8c61e3ce44,punjabi,real,real,Gora Gora Rang.mp3,5,10
37d56aed24c029b8b9c76ff05aaedce7,punjabi,real,real,Gora Gora Rang.mp3,6,10
13d5a17a2f3638a93c2cfe0917b36a37,punjabi,real,real,Gora Gora Rang.mp3,7,10
ebc4f728e61289195b1b254926515e5b,punjabi,real,real,Gora Gora Rang.mp3,8,10
ae6194b872953a59f2a2282aeadbe6e4,punjabi,real,real,Gora Gora Rang.mp3,9,10
e2cfd0ee3fd6833e0fa9397b5db6c115,punjabi,real,real,Gora Gora Rang.mp3,10,10
784549ff54bbeb7f2946cbed9d521c49,punjabi,real,real,Gora Gora Rang.mp3,11,10
661f62670f8407449baa7e4bbcf98570,punjabi,real,real,Gora Gora Rang.mp3,12,10
be84c0858520d78153ed3e061bab4053,punjabi,real,real,Gora Gora Rang.mp3,13,10
a34ebd8ea076e00378800e012118d79f,punjabi,real,real,Gora Gora Rang.mp3,14,10
a089da3a1ec3600249d399015faf36ce,punjabi,real,real,Gora Gora Rang.mp3,15,10
d267b14c75e15384eb53bf69768f66e0,punjabi,real,real,Gora Gora Rang.mp3,16,10
f18468777a5d3d136770e580873b8d88,punjabi,real,real,Gora Gora Rang.mp3,17,10
1f5f38fb1dd1a21152cdb626fdb258ba,punjabi,real,real,Gora Gora Rang.mp3,18,10
2ef6eb5fecf3f2fafbc1fa1aa01535a8,punjabi,real,real,Gora Gora Rang.mp3,19,10
b1475f3d91f751f3fd79c39b98536d84,punjabi,real,real,Ki Banu Dunian Da.mp3,0,10
8882f83ccb0ded8713a6620f9ed05bcf,punjabi,real,real,Ki Banu Dunian Da.mp3,1,10
c0dadf57f63adad3d9ba800c5d81215e,punjabi,real,real,Ki Banu Dunian Da.mp3,2,10
2aa995b012765ceee94227cdf77d8f3f,punjabi,real,real,Ki Banu Dunian Da.mp3,3,10
e659c587a3034013f883d023a72a1605,punjabi,real,real,Ki Banu Dunian Da.mp3,4,10
bb68ed6ceaa78c5a11e792d9b2d4eb43,punjabi,real,real,Ki Banu Dunian Da.mp3,5,10
289a3e452e2d3ec18141d50204573b8b,punjabi,real,real,Ki Banu Dunian Da.mp3,6,10
a73795781eb4c114f2f79d3c1ffbe43b,punjabi,real,real,Ki Banu Dunian Da.mp3,7,10
278cfa20fe838cda97942dc1f5a35bf0,punjabi,real,real,Ki Banu Dunian Da.mp3,8,10
e1c6e60cdced93d86ccdf9ed606378f5,punjabi,real,real,Ki Banu Dunian Da.mp3,9,10
851639ea786544c3ff62616ce9ee5b1b,punjabi,real,real,Ki Banu Dunian Da.mp3,10,10
0ae32db29325683a363e0ffffafe806a,punjabi,real,real,Ki Banu Dunian Da.mp3,11,10
feee03ee28f7d597ac9ee8ee22920c5e,punjabi,real,real,Ki Banu Dunian Da.mp3,12,10
982a057c252cfaf5ce97ad5080a14bcf,punjabi,real,real,Ki Banu Dunian Da.mp3,13,10
af743351ee5ada3e66db175fa6193be5,punjabi,real,real,Ki Banu Dunian Da.mp3,14,10
61efb8f8b67821150287e3b0e282abc0,punjabi,real,real,Ki Banu Dunian Da.mp3,15,10
c452baa26b7c273dadc4c9e11ab81b22,punjabi,real,real,Ki Banu Dunian Da.mp3,16,10
dc6b125fd19158ab653c6dee6d5d5912,punjabi,real,real,Ki Banu Dunian Da.mp3,17,10
e0cb99c08823b53991d03b9a00214888,punjabi,real,real,Ki Banu Dunian Da.mp3,18,10
9cdb5f030b228e87364f6586299f5f1c,punjabi,real,real,Ki Banu Dunian Da.mp3,19,10
6818bbd8b01710e627d5d87ec1879956,punjabi,real,real,Ki Banu Dunian Da.mp3,20,10
fef814d0da7c39908ea7761215b77c2d,punjabi,real,real,Ki Banu Dunian Da.mp3,21,10
9f88478ed67226ed1123e9978e72f851,punjabi,real,real,Ki Banu Dunian Da.mp3,22,10
98b29d0651fc4aabb4596784ab06a713,punjabi,real,real,Ki Banu Dunian Da.mp3,23,10
c05ee8ff8313b0d61bb118ba75a00da8,punjabi,real,real,Ki Banu Dunian Da.mp3,24,10
f8ff36a086b3419e81495ca0481d7e30,punjabi,real,real,Ki Banu Dunian Da.mp3,25,10
9141e7ac4e7ed7e2bc9500c215d533ab,punjabi,real,real,Ki Banu Dunian Da.mp3,26,10
79681c0e959dbcb4c02f74de8d2ea49a,punjabi,real,real,Ki Banu Dunian Da.mp3,27,10
b165b5322a6fdce90db7dfd46f502841,punjabi,real,real,Ki Banu Dunian Da.mp3,28,10
0a5c61b0b21bbac13531af8d98a2df06,punjabi,real,real,Ki Banu Dunian Da.mp3,29,10
64e06dd6f4ad43319fab99a819832738,punjabi,real,real,Ki Banu Dunian Da.mp3,30,10
fe91f55acd61ac2114c86ac9fe5785ce,punjabi,real,real,Ki Banu Dunian Da.mp3,31,10
b3a07a1fb81c80db12da3ec47ee2315a,punjabi,real,real,Ki Banu Dunian Da.mp3,32,10
01646148c0e678862468df76a3728e5a,punjabi,real,real,Ki Banu Dunian Da.mp3,33,10
218a7b3453c9661309a1c7b146860cbe,punjabi,real,real,Ki Banu Dunian Da.mp3,34,10
a006eb335af615f61c57763660462a43,punjabi,real,real,Ki Banu Dunian Da.mp3,35,10
9a7df69530c4157f2d9705621deaedab,punjabi,real,real,Ki Banu Dunian Da.mp3,36,10
715b2b8d77afa828c317413ec104e3bd,punjabi,real,real,Ki Banu Dunian Da.mp3,37,10
b1e64199f0df0c3d2e78eb2156753b6a,punjabi,real,real,Ki Banu Dunian Da.mp3,38,10
a20972329b002ce6522b3d957cc43120,punjabi,real,real,Ki Banu Dunian Da.mp3,39,10
b138476d6dd627960eb1fd7bea0960e0,punjabi,real,real,Ki Banu Dunian Da.mp3,40,10
8463d63ff89ada5f5eba0f86cacf580b,punjabi,real,real,Ki Banu Dunian Da.mp3,41,10
48966df22e45dbe619eb02c3fc329785,punjabi,real,real,Mirza Sahiba.mp3,0,10
5dbee7a4b8292c06feb31ccde0b0acb8,punjabi,real,real,Mirza Sahiba.mp3,1,10
94f86646db3f2e65f8a25801d39738f6,punjabi,real,real,Mirza Sahiba.mp3,2,10
a6cb0fe12fcda130dced38ddf6b85208,punjabi,real,real,Mirza Sahiba.mp3,3,10
e60c7add17a0d443a9b2cab8b111a295,punjabi,real,real,Mirza Sahiba.mp3,4,10
2f4578302e99b5f2840d8557e79b8adb,punjabi,real,real,Mirza Sahiba.mp3,5,10
3511d0a94a56dd58a7477617bccae7ad,punjabi,real,real,Mirza Sahiba.mp3,6,10
63c87862f06d065592521c7a00d511ac,punjabi,real,real,Mirza Sahiba.mp3,7,10
bb52353c121eae98809903250b74c645,punjabi,real,real,Mirza Sahiba.mp3,8,10
a7547fc05fb5330f22d7fdfedee33470,punjabi,real,real,Mirza Sahiba.mp3,9,10
8fe036f8d29fb17ef7667412f479ee21,punjabi,real,real,Mirza Sahiba.mp3,10,10
e1c1118d53ab5a19db4a7269d662c64b,punjabi,real,real,Mirza Sahiba.mp3,11,10
dfd6edbe47cf49126eb4b03da5d4e535,punjabi,real,real,Mirza Sahiba.mp3,12,10
8ed2851ba0a2970b92a9a153f20955dd,punjabi,real,real,Mirza Sahiba.mp3,13,10
4746b153bd3a66a268e10d9e485a9c21,punjabi,real,real,Mirza Sahiba.mp3,14,10
44c81aa4b3aabd8ce510fc407a0d25b6,punjabi,real,real,Mirza Sahiba.mp3,15,10
3951bcaa0ed34a493b3896d83ee43489,punjabi,real,real,Mirza Sahiba.mp3,16,10
c7b1b8836a173f2a6d7b5aa843fb33ba,punjabi,real,real,Mirza Sahiba.mp3,17,10
49389641174a5255d48cbeede797cbda,punjabi,real,real,Mirza Sahiba.mp3,18,10
7551d8673d8bc9e9c7b3aed635cd8c84,punjabi,real,real,Mirza Sahiba.mp3,19,10
bb20d0201e2eb3ee3ff94436dfa0e0f0,punjabi,real,real,Suhe Ve Cheere Waliya.mp3,0,10
37b93acda7463f6869754e28f78556dc,punjabi,real,real,Suhe Ve Cheere Waliya.mp3,1,10
76cd04477b9838db3413a2ed5210ac00,punjabi,real,real,Suhe Ve Cheere Waliya.mp3,2,10
459f5c871058eebe200e35d2437f50d7,punjabi,real,real,Suhe Ve Cheere Waliya.mp3,3,10
c746049d5d640aa859cb35f1a8b96ad1,punjabi,real,real,Suhe Ve Cheere Waliya.mp3,4,10
3b4690469a7756600bd194e9e0d47809,punjabi,real,real,Suhe Ve Cheere Waliya.mp3,5,10
83763cb81ca6112dbbc35cb6c780539f,punjabi,real,real,Suhe Ve Cheere Waliya.mp3,6,10
8774c8461e6d2024da120fb68b07705b,punjabi,real,real,Suhe Ve Cheere Waliya.mp3,7,10
92149e6bd2ecaa7510fccd08ec144ffb,punjabi,real,real,Suhe Ve Cheere Waliya.mp3,8,10
da48c0ac74741d2a0bdc393a4fed16c7,punjabi,real,real,Suhe Ve Cheere Waliya.mp3,9,10
002ba0c4bdcc9e9e465ca68ed7f8f458,punjabi,real,real,Suhe Ve Cheere Waliya.mp3,10,10
6bace0b1eddda010121ccd8a7bedc1bb,punjabi,real,real,Suhe Ve Cheere Waliya.mp3,11,10
7c4f011492969adc8d43a5b9492a5a8e,punjabi,real,real,Suhe Ve Cheere Waliya.mp3,12,10
f0aa997803ce738ed84aa90a58203c08,punjabi,real,real,Suhe Ve Cheere Waliya.mp3,13,10
c27dce14fd30ef22ba8798f75555873b,punjabi,real,real,Suhe Ve Cheere Waliya.mp3,14,10
b84698071f2ee1d15d2d531b63d4c9e6,punjabi,real,real,Suhe Ve Cheere Waliya.mp3,15,10
8017fd84e48d346f707f0153e1ae6333,punjabi,real,real,Suhe Ve Cheere Waliya.mp3,16,10
1faefc3c9f6ca30c989f82272b5ce00b,punjabi,real,real,Mera Long Gawacha.mp3,0,10
cb690e257c9f0ae19c052b899e54a689,punjabi,real,real,Mera Long Gawacha.mp3,1,10
743da4e550213741ee2127c02a03695b,punjabi,real,real,Mera Long Gawacha.mp3,2,10
4ba4ac1314484cf0582261cda1defd57,punjabi,real,real,Mera Long Gawacha.mp3,3,10
384e27be3ed54f4507b0d88badac77bc,punjabi,real,real,Mera Long Gawacha.mp3,4,10
389e6b426077175c6cf1c743618323c6,punjabi,real,real,Mera Long Gawacha.mp3,5,10
49c85a203290b4fbf1c0299a734eee32,punjabi,real,real,Mera Long Gawacha.mp3,6,10
8647d90ccc38f5238d65050fcecc43e8,punjabi,real,real,Mera Long Gawacha.mp3,7,10
2d02ee852d85d5fbc473a38e459a537a,punjabi,real,real,Mera Long Gawacha.mp3,8,10
a7ba0228f5cc982f29e49651156d6d02,punjabi,real,real,Mera Long Gawacha.mp3,9,10
c974c432c7b72001552bcf161dda1535,punjabi,real,real,Mera Long Gawacha.mp3,10,10
ba897127303f3fcc89d7db10445b8a3a,punjabi,real,real,Mera Long Gawacha.mp3,11,10
5a7df24d6ef51fa8922a3883d2fa13c2,punjabi,real,real,Mera Long Gawacha.mp3,12,10
82fa25939ae722124ca8f663da2811d1,punjabi,real,real,Mera Long Gawacha.mp3,13,10
94a7e2484507eef9a7d798785b4081b1,punjabi,real,real,Mera Long Gawacha.mp3,14,10
bd81ff404ae2d21024281eb7e3917f9c,punjabi,real,real,Mera Long Gawacha.mp3,15,10
3c3c600f97e579ab5d8765e19904a616,punjabi,real,real,Mera Long Gawacha.mp3,16,10
64f4d179a680136a88cdb41c3b351b3b,punjabi,real,real,Mera Long Gawacha.mp3,17,10
fc942b38229170b652a4da83c0c7569a,punjabi,real,real,Mera Long Gawacha.mp3,18,10
c9dafcf9976dd94ecb7a1ac7aee22655,punjabi,real,real,Kala Doriya.mp3,0,10
6e50c0f01fc091e1d5972bc35bf15679,punjabi,real,real,Kala Doriya.mp3,1,10
3096eb7fd1dfe55bc5154ef48dee1bfa,punjabi,real,real,Kala Doriya.mp3,2,10
d7e45507b6b1c425cc37e02463206c06,punjabi,real,real,Kala Doriya.mp3,3,10
5bf37e233bc748c21745038b7fedfa18,punjabi,real,real,Kala Doriya.mp3,4,10
02abff4149595ea19aff033b64145bee,punjabi,real,real,Kala Doriya.mp3,5,10
c686b704c271d8e1bd3c6c7fb9429328,punjabi,real,real,Kala Doriya.mp3,6,10
cfd4e58f45fc089a32d3057acb6d57b7,punjabi,real,real,Kala Doriya.mp3,7,10
9fa7a558cafe98a94226555e557a69df,punjabi,real,real,Kala Doriya.mp3,8,10
5d5e14469f46dbe4bc3aeb5755a4caf7,punjabi,real,real,Kala Doriya.mp3,9,10
4c41ffc33e0359eeb9bd0b414885c8a2,punjabi,real,real,Kala Doriya.mp3,10,10
b1e1382c5371ea4cfe4fc50051472da3,punjabi,real,real,Kala Doriya.mp3,11,10
bc585700bd7f5189bf8e4ec64e19b2cf,punjabi,real,real,Kala Doriya.mp3,12,10
e85e405e49b8e13562edc66b0dcb0c36,punjabi,real,real,Kala Doriya.mp3,13,10
9746700cbda0187ddb2e16244ccb0208,punjabi,real,real,Kala Doriya.mp3,14,10
728ea93719f476d5e17971bc78e67cab,punjabi,real,real,Kala Doriya.mp3,15,10
0cfa7a8b6af11b1068b20bab534d3646,punjabi,real,real,Kala Doriya.mp3,16,10
561a2f4a64608cac6db617fcc17ab20a,punjabi,real,real,Kala Doriya.mp3,17,10
96282d76dad2ad7efd72ae12c0c0b9f6,punjabi,real,real,Madhaniya.mp3,0,10
1865dae1e5bc3c9878eb7a47bdc89a08,punjabi,real,real,Madhaniya.mp3,1,10
626fd4f13bedac09024bd530ec4d672d,punjabi,real,real,Madhaniya.mp3,2,10
334500833cf233c7fec943d49f5c80ce,punjabi,real,real,Madhaniya.mp3,3,10
19036f991ce723515aa6f0a07d88d9b0,punjabi,real,real,Madhaniya.mp3,4,10
6487e8ada675b3ac911a065944006095,punjabi,real,real,Madhaniya.mp3,5,10
953cec43b75d9e4684f9fa8946237146,punjabi,real,real,Madhaniya.mp3,6,10
d44971b990c17d74fbffc0e4fe03830b,punjabi,real,real,Madhaniya.mp3,7,10
f81435eb992859ac0703b4e42006885c,punjabi,real,real,Madhaniya.mp3,8,10
9e6d8ca7625a1d2df703695fc50f651c,punjabi,real,real,Madhaniya.mp3,9,10
831dc4d7ce63f0d12c2123d08356d05e,punjabi,real,real,Madhaniya.mp3,10,10
318dda290757d1a85f862788e7cf6815,punjabi,real,real,Madhaniya.mp3,11,10
205411994cc9e0e72188657fd24d0a89,punjabi,real,real,Madhaniya.mp3,12,10
1b2f8a8c6fb517722cb8036c11975a29,punjabi,real,real,Madhaniya.mp3,13,10
ae8fba11f2be53a304c75230b66c1ce0,punjabi,real,real,Chitta Kukkad.mp3,0,10
6a31197e07e9669c35610b2ebab9ed7c,punjabi,real,real,Chitta Kukkad.mp3,1,10
3e9ccb7f10c73d2e8df848753bb78aa1,punjabi,real,real,Chitta Kukkad.mp3,2,10
a59286d3818e51e5cbff20dc2ea9c54b,punjabi,real,real,Chitta Kukkad.mp3,3,10
9a69e7a341a8381642ec3f70d00b02ec,punjabi,real,real,Chitta Kukkad.mp3,4,10
d328cb5dec4db55460264b7c5707547b,punjabi,real,real,Chitta Kukkad.mp3,5,10
d968cdf6df30b03110da1a7642e1d423,punjabi,real,real,Chitta Kukkad.mp3,6,10
496f8af0cef3bc7db69c7293de0c3f14,punjabi,real,real,Chitta Kukkad.mp3,7,10
09fc5bbad71df97308418fd3723660f0,punjabi,real,real,Chitta Kukkad.mp3,8,10
787b3fab43ad6ba459743cbf6806f0f9,punjabi,real,real,Chitta Kukkad.mp3,9,10
546e7d9c424740a1de3f8b2165ad09e8,punjabi,real,real,Chitta Kukkad.mp3,10,10
b7ccc8feee882b5395acadace901f723,punjabi,real,real,Chitta Kukkad.mp3,11,10
81de94a5672c68902560fe07ad1208e0,punjabi,real,real,Chitta Kukkad.mp3,12,10
15cbc560c22ca4f72b431364e3eb5ade,punjabi,real,real,Chitta Kukkad.mp3,13,10
7455ccd151f56583609c1e83536b66c6,punjabi,real,real,Chitta Kukkad.mp3,14,10
6240fe2b2333e0446499c558edbbef11,punjabi,real,real,Chitta Kukkad.mp3,15,10
e34ed8ce00b9d91541c9401c03327111,punjabi,real,real,Chitta Kukkad.mp3,16,10
2c4bdc2f50e8a2b355d63554c5eebdf9,punjabi,real,real,Chitta Kukkad.mp3,17,10
24a947d4351a1328d3d1e7ad9dcf0365,punjabi,real,real,Chitta Kukkad.mp3,18,10
1c696bf5042b7022a32ff71914121938,punjabi,real,real,Jutti Kasuri.mp3,0,10
3c5c1579371172bd3e1204a19f3fc3b3,punjabi,real,real,Jutti Kasuri.mp3,1,10
ed2879a391e8dc465438bdca266e3831,punjabi,real,real,Jutti Kasuri.mp3,2,10
74c260d9e8d8e8785611debcbbc01b29,punjabi,real,real,Jutti Kasuri.mp3,3,10
7c723d780a11ea58c556c5ef8affb809,punjabi,real,real,Jutti Kasuri.mp3,4,10
4490b106a0dd7b1288e101980a3ecc20,punjabi,real,real,Jutti Kasuri.mp3,5,10
d885f6814ba60caa4d1b186e6d6e2184,punjabi,real,real,Jutti Kasuri.mp3,6,10
6cfada064efbb8ffe07fad45f4b84b7e,punjabi,real,real,Jutti Kasuri.mp3,7,10
ca18181a61a25ad5d979914f300b4468,punjabi,real,real,Jutti Kasuri.mp3,8,10
f363f8284659e564f3a3256e0218ed66,punjabi,real,real,Jutti Kasuri.mp3,9,10
2c58aefdc885ae701761cf7141ae76b5,punjabi,real,real,Jutti Kasuri.mp3,10,10
6890c31be057cec81b11860555cff633,punjabi,real,real,Jutti Kasuri.mp3,11,10
9f0475902705ae504b433f616fe90be6,punjabi,real,real,Jutti Kasuri.mp3,12,10
0deccf5eac3f547e65405bdb194a0d98,punjabi,real,real,Jutti Kasuri.mp3,13,10
6487ae50bba6d76ab5a9f48bcb6b5f95,punjabi,real,real,Jutti Kasuri.mp3,14,10
1d96955683c98f353d9b410b0e3348e5,punjabi,real,real,Jutti Kasuri.mp3,15,10
30bc456effb5afd674a63d45bbe198fd,punjabi,real,real,Jutti Kasuri.mp3,16,10
c65dc1087f3754c2f42e9bbf5dbf45e8,punjabi,real,real,Jutti Kasuri.mp3,17,10
d040ac451410d42c37176ac8ab59d69d,punjabi,real,real,Sada Chiriyan Da Chamba Ve.mp3,0,10
e662b94de9891af5de3276f4a2ae8db1,punjabi,real,real,Sada Chiriyan Da Chamba Ve.mp3,1,10
ccb603129780c4906fddb650ced5f585,punjabi,real,real,Sada Chiriyan Da Chamba Ve.mp3,2,10
a786c33f096567aac1f0830927cd34db,punjabi,real,real,Sada Chiriyan Da Chamba Ve.mp3,3,10
d37feb0b5a7fb11e6a992272b6cde07c,punjabi,real,real,Sada Chiriyan Da Chamba Ve.mp3,4,10
df413ade91805df723ad0ea229cce485,punjabi,real,real,Sada Chiriyan Da Chamba Ve.mp3,5,10
404ff3ed40b9259d820cb918d4d86736,punjabi,real,real,Sada Chiriyan Da Chamba Ve.mp3,6,10
9b8482effe014701362b5fae52a8c810,punjabi,real,real,Sada Chiriyan Da Chamba Ve.mp3,7,10
fb04d768546fa77dc41395f0803fb22a,punjabi,real,real,Sada Chiriyan Da Chamba Ve.mp3,8,10
41bcf8aee17bc4e57b129c565a325fc2,punjabi,real,real,Sada Chiriyan Da Chamba Ve.mp3,9,10
3e781802c36b5b8a046856066c77db43,punjabi,real,real,Sada Chiriyan Da Chamba Ve.mp3,10,10
a6b129d4daddc76c6ff5b87f00c7d5bf,punjabi,real,real,Sada Chiriyan Da Chamba Ve.mp3,11,10
c46cbd1d4a5b835e62de66f9033ed81c,punjabi,real,real,Sada Chiriyan Da Chamba Ve.mp3,12,10
b537d8b8be1e19ac5f8aedc02b549cec,punjabi,real,real,Sada Chiriyan Da Chamba Ve.mp3,13,10
95a144f922672cb0f07862d1ea124143,punjabi,real,real,Sada Chiriyan Da Chamba Ve.mp3,14,10
552c76fc3bef484edcb11bdcac8a99bd,punjabi,real,real,Sada Chiriyan Da Chamba Ve.mp3,15,10
e853750d8527e84421ab009268b0d75c,punjabi,real,real,Sada Chiriyan Da Chamba Ve.mp3,16,10
44850be11f532347d3f64d5d45c7ca72,punjabi,real,real,Sada Chiriyan Da Chamba Ve.mp3,17,10
4c2a52e3395846a6b5cfbf327297d36e,punjabi,real,real,Sada Chiriyan Da Chamba Ve.mp3,18,10
7bd8736f34102f17497a540775a3ef9e,punjabi,real,real,Sada Chiriyan Da Chamba Ve.mp3,19,10
289c35b93ed1ba89417f68c3e2494d29,punjabi,real,real,Sada Chiriyan Da Chamba Ve.mp3,20,10
eebf042b65bed32ecd4cb880eb8ea857,punjabi,real,real,Sada Chiriyan Da Chamba Ve.mp3,21,10
072c72428493010b0fd63129327ef4b2,punjabi,real,real,Sada Chiriyan Da Chamba Ve.mp3,22,10
0f0a8968feab5343c11b1ee5131344af,punjabi,real,real,Sada Chiriyan Da Chamba Ve.mp3,23,10
7b377de789fccf555dbb7965a0f1ff7d,punjabi,real,real,Heer.mp3,0,10
05d450e6158b90100d08af4289a1e201,punjabi,real,real,Heer.mp3,1,10
9a1af5c86e3694ae06beccaa92b77cdf,punjabi,real,real,Heer.mp3,2,10
28df7e37e9e8415acaa5ea92967a7175,punjabi,real,real,Heer.mp3,3,10
371c7fdf5b9ade6ec786be3b68a81964,punjabi,real,real,Heer.mp3,4,10
90ff7710cd815dfab6cb4470e0bde4c1,punjabi,real,real,Heer.mp3,5,10
b585f963a1b58cf76b3a19d5f18a5b60,punjabi,real,real,Heer.mp3,6,10
2840f3ae586abc2a2e9e0e3398996235,punjabi,real,real,Heer.mp3,7,10
36b8cafcef79e920af34e0263d6d260f,punjabi,real,real,Heer.mp3,8,10
38c61bcedef7213f78a2ccc66452dbd0,punjabi,real,real,Heer.mp3,9,10
7932cee1d8425052e5f0e6cf9b9ff16c,punjabi,real,real,Heer.mp3,10,10
3f8e3e685b73192c58ecc6a58da1400e,punjabi,real,real,Heer.mp3,11,10
6cc6bc07b6fd6ba8a3f05eaf0517b7ec,punjabi,real,real,Heer.mp3,12,10
e86ca22e0e2c84e3e67686e89996b1f8,punjabi,real,real,Heer.mp3,13,10
32de6d6a5c34f9be313f07f4954ce0f5,punjabi,real,real,Heer.mp3,14,10
48c47993183d640044c9cff0ff10c3a9,punjabi,real,real,Heer.mp3,15,10
bd7d57529bfc31dcfe8dd38d34ce8118,punjabi,real,real,Heer.mp3,16,10
f05f317bef83f533ba84d254c64f644a,punjabi,real,real,Heer.mp3,17,10
4ee7301f3e84a428c2bf4b6dfecbab23,punjabi,real,real,Heer.mp3,18,10
2344492afc7f9ff00bfa1c0b56fb6ca9,punjabi,real,real,Heer.mp3,19,10
fee2c669606726594b5f0030fa025aba,punjabi,real,real,Heer.mp3,20,10
ede03d9ebd7a168533ab5ca86e5a7d89,punjabi,real,real,Heer.mp3,21,10
bb8868288170d81cc665a84b186de26e,punjabi,real,real,Heer.mp3,22,10
5ae633f16d6499e52852bee333ec7318,punjabi,real,real,Heer.mp3,23,10
70326d593c3bac7a4eefa185a9df1466,punjabi,real,real,Heer.mp3,24,10
6cd9adac202f805e7b05e4554524f74e,punjabi,real,real,Heer.mp3,25,10
a0977b984d46f4eaef16d14ee0b27a6a,punjabi,real,real,Heer.mp3,26,10
df843a211a99b4869bf62cdc47306a2f,punjabi,real,real,Heer.mp3,27,10
0201cd4ed0b2887847a5b8b3ec895015,punjabi,real,real,Heer.mp3,28,10
205ef63daf1a0e383d6ece6481803783,punjabi,real,real,Heer.mp3,29,10
064e9566f216aaf888121d13c422b592,punjabi,real,real,Heer.mp3,30,10
e6d7d711a73bcbadd21321aab7b3dde4,punjabi,real,real,Heer.mp3,31,10
119efc749e75052f947cbd68b0a06c04,punjabi,real,real,Heer.mp3,32,10
481faf4a7353547f79cb2f82b8c40e71,punjabi,real,real,Heer.mp3,33,10
bfc7451d9502bddcad75754bec54c5bb,punjabi,real,real,Heer.mp3,34,10
1e061d1a7d87690dd11d6bb8b61ec0a9,punjabi,real,real,Heer.mp3,35,10
faf23811aa12e45b1b593a74e5a6128f,punjabi,real,real,Heer.mp3,36,10
ca0a2ee8773425a77d42c7950ee1a1bf,punjabi,real,real,Mahiya.mp3,0,10
baf2c68d6c1f5f2f1ac3afd668b31223,punjabi,real,real,Mahiya.mp3,1,10
0595f9e554892e35cf6f19a7b8c7c28d,punjabi,real,real,Mahiya.mp3,2,10
8e20697d8444fb94ae8421d8008d2af2,punjabi,real,real,Mahiya.mp3,3,10
441e137feaa999769c98b914c50b633f,punjabi,real,real,Mahiya.mp3,4,10
6d3ad4bd0bc2a7ecb5d982a417354030,punjabi,real,real,Mahiya.mp3,5,10
6b5fa1c773c7654c52da4e473254ae75,punjabi,real,real,Mahiya.mp3,6,10
a8d2f53445e1459825633431838cba41,punjabi,real,real,Mahiya.mp3,7,10
d657b92da38086afaab6b11ed636a74f,punjabi,real,real,Mahiya.mp3,8,10
70db253552a6daad15931e4e412f4e3d,punjabi,real,real,Mahiya.mp3,9,10
b4f4f6d5c81af07a47a3a9bd76105a18,punjabi,real,real,Mahiya.mp3,10,10
aa0eae8831c5ae466d1fabaef3db3874,punjabi,real,real,Mahiya.mp3,11,10
7e9aa885ade0c1bfff9326a2262f1a55,punjabi,real,real,Mahiya.mp3,12,10
1155f34238226417dd813f2e12acba79,punjabi,real,real,Mahiya.mp3,13,10
2879128906d13f254d67802cc52895df,punjabi,real,real,Mahiya.mp3,14,10
69f2eee489a256f060bd69f586b38e41,punjabi,real,real,Mahiya.mp3,15,10
d433a099dbb87f11122dc89f5dcfd2d0,punjabi,real,real,Mahiya.mp3,16,10
19eee73bbf1e525a6177b2479d1a6e18,punjabi,real,real,Mahiya.mp3,17,10
235125ae9afbd25a1bae3094dbdde7cd,punjabi,real,real,Mahiya.mp3,18,10
1eabe97501c64b18137c905316826c14,punjabi,real,real,Mahiya.mp3,19,10
5191ee06336f04c81fc978d976c74eb9,punjabi,real,real,Mahiya.mp3,20,10
0d052ce6cdfa24df2c9ed06a178e8102,punjabi,real,real,Mahiya.mp3,21,10
7b4951026fe8a053904565b50f5ee3f7,punjabi,real,real,Mahiya.mp3,22,10
cb924db4c27b40a4152daa1760dd8ffd,punjabi,real,real,Mahiya.mp3,23,10
7a39b16444a46ef3ef0e0a93f05064d8,punjabi,real,real,Mahiya.mp3,24,10
08eff7469a2f97d69b73c0f816224a9f,punjabi,real,real,Mahiya.mp3,25,10
c7bf301503db75844dfcd9a7ff23c60a,punjabi,real,real,Mahiya.mp3,26,10
cc779431f1e4138ffdb7dc456faab9f8,punjabi,real,real,Mahiya.mp3,27,10
5423b803905c8ca305e761fd627592bf,punjabi,real,real,Mahiya.mp3,28,10
6c0c63f5368e757d36c71f6179ea639d,punjabi,real,real,Mahiya.mp3,29,10
b55fa7805cd5022f38a27cfdc4e52aaa,punjabi,real,real,Mahiya.mp3,30,10
cf58af27b0265315732129c2780f2315,punjabi,real,real,Mahiya.mp3,31,10
a371c51e8d7e6f48484f142cc9df46c5,punjabi,real,real,Mahiya.mp3,32,10
e362568e92ef72c22d3a664cc8145ec6,punjabi,real,real,Mahiya.mp3,33,10
415ca92e4fccfcc7f33baacfef11d788,punjabi,real,real,Mahiya.mp3,34,10
f14c66945581787550c97011e8a9058f,punjabi,real,real,Mahiya.mp3,35,10
ccde10e9d979238b27fc537d321f07ad,punjabi,real,real,Mahiya.mp3,36,10
762497f58d95845fa052946627fbe353,punjabi,real,real,Mahiya.mp3,37,10
9c8141cc7636a8b7a72bd471967c8c1b,punjabi,real,real,Mahiya.mp3,38,10
e65bc79e1b215add6eccf95650ff66ba,punjabi,real,real,Mahiya.mp3,39,10
4fe62efcbda5818ff2d6de7743f17b2c,punjabi,real,real,Mahiya.mp3,40,10
a808e6388eede487ad392004221fa4c9,punjabi,real,real,Mahiya.mp3,41,10
768f523ebce777586cc677517f2c552e,punjabi,real,real,Mahiya.mp3,42,10
90f0f64ad9a8da620f0861ab6bca83f9,punjabi,real,real,Mahiya.mp3,43,10
ae99a0e731c7e49ed0bd4b73fdf7e99f,punjabi,real,real,Mahiya.mp3,44,10
04c77165c3de2af604a3dfff79ada104,punjabi,real,real,Mahiya.mp3,45,10
87602df97c715936a54182e8b627fbc6,punjabi,real,real,Mahiya.mp3,46,10
f2fe91c0ea4c623555efe3485fad1f9e,punjabi,real,real,Mahiya.mp3,47,10
efdcf961e4670fdf3a3faf59f13e0b36,punjabi,real,real,Mahiya.mp3,48,10
03dd3e619316ad26f5abfa05e8c9a43e,punjabi,real,real,Mahiya.mp3,49,10
b7867c857eb683f50a21a0f10d87bfa5,punjabi,real,real,Mahiya.mp3,50,10
3bd96cbe2e80843854c64b43c04a423b,punjabi,real,real,Mahiya.mp3,51,10
90b100a27b265e75180b2be16ce08b19,punjabi,real,real,Mahiya.mp3,52,10
e2440a3ddb8142390f3ad0bc6f0e7359,punjabi,real,real,Mahiya.mp3,53,10
40bd859c84a46ccc5d193059b0b7eca3,punjabi,real,real,Mahiya.mp3,54,10
a39bfb52cb0a6d1b044fd700606869b2,punjabi,real,real,Mahiya.mp3,55,10
9d6bdbed593b243b7822d3ef9105c65c,punjabi,real,real,Mahiya.mp3,56,10
9600eb821f4f75949506bd1f53094b58,punjabi,real,real,Mahiya.mp3,57,10
ed51fa3b8050fb1c34e793368ed97387,punjabi,real,real,Mahiya.mp3,58,10
a2563a63234b5336b7dc6d73d7904487,punjabi,real,real,Mahiya.mp3,59,10
f836d28e50af8929d8c1ac32738e6f2c,punjabi,real,real,Mahiya.mp3,60,10
bf24c9c760bb5afacac507e50abe1e42,punjabi,real,real,Mahiya.mp3,61,10
1c461e78928e0e487a6a4ebabfb48823,punjabi,real,real,Mahiya.mp3,62,10
0a516046b35cd582fcbbd22121a18658,punjabi,real,real,Mahiya.mp3,63,10
bc0d5ca5c1a813e74d99d80e8d16f462,punjabi,real,real,Mahiya.mp3,64,10
737d02559e830c8ca4e3c1ada512e54b,punjabi,real,real,Mahiya.mp3,65,10
a60615dfb53f5eaeb0198e1d3abb93c9,punjabi,real,real,Mahiya.mp3,66,10
a300cddca0b982f23041a381fef21c33,punjabi,real,real,Mahiya.mp3,67,10
9e7b445777c473aaf3df48ee7f6d4fdc,punjabi,real,real,Mahiya.mp3,68,10
d3b6bd1a3287ef7ef435d4278ffec068,punjabi,real,real,Mahiya.mp3,69,10
ddf0b9c45d6094a8f619b843fa28944d,punjabi,real,real,Mahiya.mp3,70,10
8cb3c0a0ef832b98fea69ec9c034a026,punjabi,real,real,Mahiya.mp3,71,10
ea1ad1209d32da342322431a8d687a36,punjabi,real,real,Mahiya.mp3,72,10
94c7d297f3cba2e3812008f7bfd963b1,punjabi,real,real,Mahiya.mp3,73,10
980972b74cfc8d4fc3f429da8a0cfc97,punjabi,real,real,Mahiya.mp3,74,10
da172bd8a9f3197e997e3986c22e3ccf,punjabi,real,real,Mahiya.mp3,75,10
0c185f71f2e3f38e10e61a0ae537bf69,punjabi,real,real,Mahiya.mp3,76,10
9ba489398a378ba7881060a558ab8dbb,punjabi,real,real,Mahiya.mp3,77,10
6409ca211c36cf5214304fa5fb6e4a01,punjabi,real,real,Mahiya.mp3,78,10
5d376ac8b6d4732c276ad75095b1cbca,punjabi,real,real,Mahiya.mp3,79,10
ca63a6c8d8e8e828db9b0103b22c6f9e,punjabi,real,real,Mahiya.mp3,80,10
c85966882544a672bd2049a5490b20a3,punjabi,real,real,Mahiya.mp3,81,10
af4cf181f22dadd974e8d866c73a6ceb,punjabi,real,real,Mahiya.mp3,82,10
7ec495f625ec041abdba6aa8b6e63633,punjabi,real,real,Mahiya.mp3,83,10
18377631c251fc988e4ba459b51881c9,punjabi,real,real,Mahiya.mp3,84,10
043b6bcaf2c56d8a9c87f3ee55b0ef13,punjabi,real,real,Mahiya.mp3,85,10
058c20a88cabd491b7ed71d5f916d987,punjabi,real,real,Mahiya.mp3,86,10
789e9b2a45e489842c68af47e4e1f99a,punjabi,real,real,Mahiya.mp3,87,10
444d20d8e077011ae8cc74fa8690ee66,punjabi,real,real,Mahiya.mp3,88,10
7b87621ce9abdf3a3f0c106446046ba0,punjabi,real,real,Mahiya.mp3,89,10
2a748f56082bc018f45e820f897ed980,punjabi,real,real,Mahiya.mp3,90,10
c65453cb1c2d954ef33cc95527c33de3,punjabi,real,real,Mahiya.mp3,91,10
349a3a3399c0810d2c3bf456f3ba570d,punjabi,real,real,Mahiya.mp3,92,10
6e4783d7d333f5f5d8e699bcc13b59d3,punjabi,real,real,Mahiya.mp3,93,10
9acf8de90a3313cb30562615f11838ac,punjabi,real,real,Mahiya.mp3,94,10
f4cf204ed8bbf4b5648663e0c2c1f86b,punjabi,real,real,Mahiya.mp3,95,10
b020633cc07f9ae55b8e5c6aea71cb7b,punjabi,real,real,Mahiya.mp3,96,10
ae872a4b20f79c1029aa5303d9a6d15b,punjabi,real,real,Mahiya.mp3,97,10
dacc202991226ac5eb8d8faa4b882b7a,punjabi,real,real,Mahiya.mp3,98,10
014ed1d539ab21e2b95b06494fd310c1,punjabi,real,real,Jindua.mp3,0,10
dc36ee1eea407299e9617bb7063f7563,punjabi,real,real,Jindua.mp3,1,10
4ed8087837c799dd36be7952986006e9,punjabi,real,real,Jindua.mp3,2,10
db25dc351a1e400ae3dba99b63550ed0,punjabi,real,real,Jindua.mp3,3,10
330ff34d453293e6d0ec87933e94395c,punjabi,real,real,Jindua.mp3,4,10
e755c674d0d9290de7fa6fb3a731d901,punjabi,real,real,Jindua.mp3,5,10
830b8ec14cd0564dceb162e6459d222f,punjabi,real,real,Jindua.mp3,6,10
896ef294cbe771d150e3635709f7deca,punjabi,real,real,Jindua.mp3,7,10
a9775c471a8d93f979642761dde462fd,punjabi,real,real,Jindua.mp3,8,10
bb3e03260e71a28c45f5672a272ab28f,punjabi,real,real,Jindua.mp3,9,10
58972d3c34b9491826941fd850b2d163,punjabi,real,real,Jindua.mp3,10,10
aca6f446350e0902c47ab05125be628e,punjabi,real,real,Jindua.mp3,11,10
a52acf4f88ccaafeef8c719f8d0de258,punjabi,real,real,Jindua.mp3,12,10
9436f2a76e8fba332d2c00b4d5bcbf27,punjabi,real,real,Jindua.mp3,13,10
e35c91901e16599fe1a991fbb51022d6,punjabi,real,real,Jindua.mp3,14,10
d22abe25213d472efef0ae9c6f00897a,punjabi,real,real,Jindua.mp3,15,10
07a3718c590eae9a2f5b432a58f67e2e,punjabi,real,real,Jindua.mp3,16,10
f02c82649e4b9b37d4bfc42e1b460d10,punjabi,real,real,Jindua.mp3,17,10
97b07e3d6364bd9f70b1fa662d533e15,punjabi,real,real,Jindua.mp3,18,10
cac94cf4edb30e3311e2791c4fb82a66,punjabi,real,real,Jindua.mp3,19,10
cce5fe49cdb6ffa23699bef5f559961d,punjabi,real,real,Jindua.mp3,20,10
af32145d76d882c5c989e6cc079e6695,punjabi,real,real,Jindua.mp3,21,10
c59b12cd934ea48d1c3a9be797e6897c,punjabi,real,real,Jindua.mp3,22,10
5d508bcd54c5fd5c74f66ffea6955ed2,punjabi,real,real,Jindua.mp3,23,10
9262fb7157bfc8582272cd5077fc399d,punjabi,real,real,Jindua.mp3,24,10
2c58a2ee8d4dfcd283edf2c7fe404118,punjabi,real,real,Jindua.mp3,25,10
8918abf569ca9460079338b03f587183,punjabi,real,real,Jindua.mp3,26,10
7ff0773f7c96a84aad995c2145eb2199,punjabi,real,real,Jindua.mp3,27,10
fbc238408ce37b1416efe063b7643230,punjabi,real,real,Jindua.mp3,28,10
c59efff4a242f1da19699e022bd622b7,punjabi,real,real,Jindua.mp3,29,10
b129135357f45b7ba576eaca800d0d95,punjabi,real,real,Jindua.mp3,30,10
14ff1da0cb4a338be2ec139319761db7,punjabi,real,real,Jindua.mp3,31,10
b6b018996bea708889d01708dc728392,punjabi,real,real,Jindua.mp3,32,10
e0c0df27e3385285196a5d77d48f7508,punjabi,real,real,Jindua.mp3,33,10
1ca1d9c64a8efa011174a351d2eaa09c,punjabi,real,real,Jindua.mp3,34,10
73be1cc1a747f3758dbc4ff7717103a0,punjabi,real,real,Jindua.mp3,35,10
3e05c5441df68031675b52b0f625c8e2,punjabi,real,real,Jindua.mp3,36,10
55e6447f65ec15a5091b650bef853940,punjabi,real,real,Jindua.mp3,37,10
aa7122c247d3ccaf5032a53ba5d343c9,punjabi,real,real,Jindua.mp3,38,10
fba13c34fee450e7f799ac2d34e9e1d7,punjabi,real,real,Jindua.mp3,39,10
c26a845e299369942cbaba3a69f93538,punjabi,real,real,Jindua.mp3,40,10
442e9fabc1d069b1cc93b67b5bdb0eef,punjabi,real,real,Jindua.mp3,41,10
c547b035484a192b73a8b9c2bf031318,punjabi,real,real,Jindua.mp3,42,10
4914e6bb979ee2b81b316347c43466dd,punjabi,real,real,Jindua.mp3,43,10
190fc213e0336dd85b5bd4c5eaf72a42,punjabi,real,real,Jindua.mp3,44,10
59ee79eeefe86f635f1e20e28eb9349b,punjabi,real,real,Jindua.mp3,45,10
03a2825bf72f8356ebd06ccfa5484cfd,punjabi,real,real,Jindua.mp3,46,10
3bef76ebd5cda638916dd0014e95e459,punjabi,real,real,Jindua.mp3,47,10
fe704755f5fccf6d22f12726b89952ed,punjabi,real,real,Jindua.mp3,48,10
07fe1515952c45c3affbb6281172ce3a,punjabi,real,real,Jindua.mp3,49,10
b82bb4e8c23c6c413380594c79c079cc,punjabi,real,real,Jindua.mp3,50,10
1cb798aff7870f2c357ceed1ad63bb23,punjabi,real,real,Jindua.mp3,51,10
f7d6b79e08da32a18063aa9c881cda9f,punjabi,real,real,Jindua.mp3,52,10
23cc6cce34a2072a473ee220a6b35227,punjabi,real,real,Jindua.mp3,53,10
575a4c7d20b33f5cfcf08e525ade7644,punjabi,real,real,Jindua.mp3,54,10
2962ec023933fd305c143e4cabd699bc,punjabi,real,real,Jindua.mp3,55,10
b6a173083b2f110bdbaba4694515909b,punjabi,real,real,Jindua.mp3,56,10
b87631a39016e00be11d41d8a1c32790,punjabi,real,real,Jindua.mp3,57,10
48fc78067f42a5545d84dabfc5a684c2,punjabi,real,real,Jindua.mp3,58,10
2ed69822d04f1452c9d3dde6af385318,punjabi,real,real,Jindua.mp3,59,10
58cb116faac398272458acefa6e10b55,punjabi,real,real,Jindua.mp3,60,10
687e35cc24b88d94d87a215b11cdbf5b,punjabi,real,real,Jindua.mp3,61,10
19205e72c3dbd39b0436611bc1cbc660,punjabi,real,real,Jindua.mp3,62,10
32cd8192c18adbc935028819e4f42dcc,punjabi,real,real,Jindua.mp3,63,10
abc9b5d0d4158a19a4c3ab973d0f6957,punjabi,real,real,Jindua.mp3,64,10
9510d0f3cbd742f649b9b474446c8ad7,punjabi,real,real,Jindua.mp3,65,10
05bfbc638345cd66d0271a2cfb00d6fc,punjabi,real,real,Jindua.mp3,66,10
c94982b4f61dc629fa769e8d1d5ca2d8,punjabi,real,real,Jindua.mp3,67,10
460ba535f0fa3bd6616b3eede87cbb30,punjabi,real,real,Jindua.mp3,68,10
6b7207d9211d2f70af8bcb25937ccd26,punjabi,real,real,Jindua.mp3,69,10
e0e1f86a62427e448dcc4a6c5c0f9182,punjabi,real,real,Jindua.mp3,70,10
69994fdb747a5df524f1b9bdc0ab59fc,punjabi,real,real,Jindua.mp3,71,10
d5c2ef53c2d1bc2d851bbdc9d641a866,punjabi,real,real,Jindua.mp3,72,10
6d74d87ee31ac9807ca5c52ca3b93dd4,punjabi,real,real,Jindua.mp3,73,10
029610018236f28eb4380474a8068ead,punjabi,real,real,Jindua.mp3,74,10
1e4170754d2cf8f429ad4ff690325927,punjabi,real,real,Jindua.mp3,75,10
faafaa0354aefe1244aae77f58d3cc3c,punjabi,real,real,Jindua.mp3,76,10
309ef6375521f9ff5f97dbafa6114752,punjabi,real,real,Jindua.mp3,77,10
860e50d2c4e0231c200bbabdb000fb0e,punjabi,real,real,Jindua.mp3,78,10
4365fb0eb79de749d2a611e69495fe2d,punjabi,real,real,Jindua.mp3,79,10
9f3f754462c5109c9ebeb25de31dcb8e,punjabi,real,real,Kothe Te Aa Mahiya.mp3,0,10
5b19b0eb8f10043348ba6aff7bd44c3b,punjabi,real,real,Kothe Te Aa Mahiya.mp3,1,10
f986551f5b90def10552b12397d41da1,punjabi,real,real,Kothe Te Aa Mahiya.mp3,2,10
03ad23c2411240903ce4c17c74f3cd98,punjabi,real,real,Kothe Te Aa Mahiya.mp3,3,10
48710c291eb59aa1eab4b73830374545,punjabi,real,real,Kothe Te Aa Mahiya.mp3,4,10
fd4218558c7cadd19f5da0e1bc0dc17b,punjabi,real,real,Kothe Te Aa Mahiya.mp3,5,10
6a85a1b091248535bb4e53d78fa4bf3c,punjabi,real,real,Kothe Te Aa Mahiya.mp3,6,10
7850791d3c4aeb279f73dec8dca3207a,punjabi,real,real,Kothe Te Aa Mahiya.mp3,7,10
e79ce2cb11ea86f702ee82a910cd9a97,punjabi,real,real,Kothe Te Aa Mahiya.mp3,8,10
9ce416632e83e841d2e365dac396103a,punjabi,real,real,Kothe Te Aa Mahiya.mp3,9,10
da8595f2b8b7c9a063fde3659648c09d,punjabi,real,real,Kothe Te Aa Mahiya.mp3,10,10
cc6308af9e4529a386017613a185552e,punjabi,real,real,Kothe Te Aa Mahiya.mp3,11,10
577c88c171c36ab0ecaf15b52db504c3,punjabi,real,real,Kothe Te Aa Mahiya.mp3,12,10
110beb9744b91833912564e64766f41f,punjabi,real,real,Kothe Te Aa Mahiya.mp3,13,10
5842ee5b67fb0297023400fcc97a4547,punjabi,real,real,Kothe Te Aa Mahiya.mp3,14,10
96ee3176e43b17fe51e1927548136fe5,punjabi,real,real,Kothe Te Aa Mahiya.mp3,15,10
493f8850c7274bd313e9196b2941f5c4,punjabi,real,real,Kothe Te Aa Mahiya.mp3,16,10
8719617e282478d27486f53cb84255d8,punjabi,real,real,Kothe Te Aa Mahiya.mp3,17,10
c7ee557631eebcf752575a5b7c2ac944,punjabi,real,real,Kothe Te Aa Mahiya.mp3,18,10
35d30264de41dd9c51f554fc908a7908,punjabi,real,real,Kothe Te Aa Mahiya.mp3,19,10
8a8d676f158ca7fbcc2a96e4e9d778ae,punjabi,real,real,Kothe Te Aa Mahiya.mp3,20,10
eed3c0cac9b07a9d1169eb9ad161b3d2,punjabi,real,real,Kothe Te Aa Mahiya.mp3,21,10
2832db16c9134dff1b3c6fc5bf58551c,punjabi,real,real,Kothe Te Aa Mahiya.mp3,22,10
aa5b77217b0bc845359d16582fc6c398,punjabi,real,real,Kothe Te Aa Mahiya.mp3,23,10
96aad7296d8ac847b4b92e3de8e1ce4d,punjabi,real,real,Kothe Te Aa Mahiya.mp3,24,10
5274d38e040ac1e2ad74c0242c43f81f,punjabi,real,real,Kothe Te Aa Mahiya.mp3,25,10
61c7e7221c28d5b1ccdbad785d7ab55d,punjabi,real,real,Kothe Te Aa Mahiya.mp3,26,10
89c9a68eafcd237c26b0a3cb72d6b8bf,punjabi,real,real,Kothe Te Aa Mahiya.mp3,27,10
93cb44b716fe49f464129cee04790044,punjabi,real,real,Kothe Te Aa Mahiya.mp3,28,10
2d90d732881d70fee36fa283e604b787,punjabi,real,real,Kothe Te Aa Mahiya.mp3,29,10
2b8d0f9bef1ffcbee9326e3724bf15ef,punjabi,real,real,Challa.mp3,0,10
7df314dfd65f10bf098a2c87e822139b,punjabi,real,real,Challa.mp3,1,10
7bb8ac1d477b7563dccd107a0df84570,punjabi,real,real,Challa.mp3,2,10
be258ff032a91d6cf7fee8a9b5051b21,punjabi,real,real,Challa.mp3,3,10
134741138e6fe66a60a6f2a7fab26324,punjabi,real,real,Challa.mp3,4,10
fe18eb01e9671f6e83af27060da5b1de,punjabi,real,real,Challa.mp3,5,10
b77dcaa3515334ce27818b68246aac8d,punjabi,real,real,Challa.mp3,6,10
2cd2db992ff018f2ba69f2b4411aae1f,punjabi,real,real,Challa.mp3,7,10
f1ede846b8958caa09c29f160936a218,punjabi,real,real,Challa.mp3,8,10
94a81cdacfd377dda5b814dfd6a99958,punjabi,real,real,Challa.mp3,9,10
73d7add7e3ec5a900dab0da401d857a6,punjabi,real,real,Challa.mp3,10,10
8098182432822425f83727062de53857,punjabi,real,real,Challa.mp3,11,10
913e4f2def92ad0d3206862b8eef765a,punjabi,real,real,Challa.mp3,12,10
c74ea1df4b268928276ab94dc6fe456a,punjabi,real,real,Challa.mp3,13,10
bd962d37e74ed83e9f7c57f6b127101d,punjabi,real,real,Challa.mp3,14,10
4ce15e109ca03759fe3e2c61efff6367,punjabi,real,real,Challa.mp3,15,10
69b729fe1f803d89bdfa6e39f87d806a,punjabi,real,real,Challa.mp3,16,10
7c9284e742018420aaeeefba68c2af41,punjabi,real,real,Challa.mp3,17,10
a2f3017f9b1fcff41debaed6c9a8e3fa,punjabi,real,real,Challa.mp3,18,10
1e5c5bf81b103ee0b24c2ad6282a4bbb,punjabi,real,real,Challa.mp3,19,10
feb058b40198a571e17246239a782094,punjabi,real,real,Challa.mp3,20,10
8d04f253d3ad61e0c47e80848fd7171e,punjabi,real,real,Challa.mp3,21,10
9d7c6b1c5035e2760cc16e0a258df789,punjabi,real,real,Challa.mp3,22,10
9f64f45e9eb966473186e1f468156261,punjabi,real,real,Challa.mp3,23,10
626d4778d731669f6a249e06bc933928,punjabi,real,real,Challa.mp3,24,10
c4acac415672fe39c7a639d941618460,punjabi,real,real,Challa.mp3,25,10
cd6f8fd0df19351ac48b5ac8b7740148,punjabi,real,real,Challa.mp3,26,10
423ad20ab059ea8d3f84299c00045bae,punjabi,real,real,Challa.mp3,27,10
93f467bf86b3740005c0907c4038ef78,punjabi,real,real,Akh Kashni.mp3,0,10
5ddea2e034d22c0913eb9ea24953d066,punjabi,real,real,Akh Kashni.mp3,1,10
c150e9b282d870d0c94c757fe59b753d,punjabi,real,real,Akh Kashni.mp3,2,10
ecea216396b30c448725d312bb337e5a,punjabi,real,real,Akh Kashni.mp3,3,10
0aac0c9ccb24b3c87d9c5050a3eb7f18,punjabi,real,real,Akh Kashni.mp3,4,10
20e590d16edf302e4911d909163d73be,punjabi,real,real,Akh Kashni.mp3,5,10
12034454a9000f53d87295a7a453c33f,punjabi,real,real,Akh Kashni.mp3,6,10
38a2e40a6c0bdd12c21a2f86cedeeb3f,punjabi,real,real,Akh Kashni.mp3,7,10
87c3717ecd2cd5da4a3b1ce97ab5a05e,punjabi,real,real,Akh Kashni.mp3,8,10
6eb0e6323746246672717269003ee816,punjabi,real,real,Akh Kashni.mp3,9,10
8db4b71c316623acb327df9ebaed39ef,punjabi,real,real,Akh Kashni.mp3,10,10
a4aa57f5d12d7fa3885a226512d004d0,punjabi,real,real,Akh Kashni.mp3,11,10
0c4ea341bc6258acba0b80b0a4bb23f0,punjabi,real,real,Akh Kashni.mp3,12,10
8b2f70572e2ad5457754d311f0507194,punjabi,real,real,Akh Kashni.mp3,13,10
100dd62ba39b2a3c659331938912ab23,punjabi,real,real,Akh Kashni.mp3,14,10
02ce547deb568db72da613872cf22b85,punjabi,real,real,Akh Kashni.mp3,15,10
42387f77c5914ec241142b5fd2de4f0c,punjabi,real,real,Akh Kashni.mp3,16,10
9c1598d44cd435bf4ea8e1b33a9531a8,punjabi,real,real,Akh Kashni.mp3,17,10
3cc01225244eeee53bed80070114698d,punjabi,real,real,Akh Kashni.mp3,18,10
e199ef7fcb0dc322f4cf24aa2775a4e0,punjabi,real,real,Akh Kashni.mp3,19,10
5b0fa3c726a87ea7f9554066f3cd2c47,punjabi,real,real,Kala Shah Kala.mp3,0,10
09c97886e15ddb1b63c35a002cc0ec3c,punjabi,real,real,Kala Shah Kala.mp3,1,10
c3e9f733b870dfc68a20fe06b8a0887a,punjabi,real,real,Kala Shah Kala.mp3,2,10
793e2f9680799e2c275f56eec045a14b,punjabi,real,real,Kala Shah Kala.mp3,3,10
e9c764ead8ae2221585f26c291911bec,punjabi,real,real,Kala Shah Kala.mp3,4,10
c5725b9575c640d16d4d451e6cd2ec73,punjabi,real,real,Kala Shah Kala.mp3,5,10
7cfc5c6a637b1ded04ff09cbb9c16194,punjabi,real,real,Kala Shah Kala.mp3,6,10
1a4feeb57ebe9a0aea3dc7b1695bc9c3,punjabi,real,real,Kala Shah Kala.mp3,7,10
5c10050402509ad6308342453788162a,punjabi,real,real,Kala Shah Kala.mp3,8,10
1437dbfc99b814c8f828c32a9754769e,punjabi,real,real,Kala Shah Kala.mp3,9,10
667ab42eec7b26257796b7d3f2a06426,punjabi,real,real,Kala Shah Kala.mp3,10,10
f8b0b459e5fb4db8786cdee6cf8f8ad7,punjabi,real,real,Kala Shah Kala.mp3,11,10
2d69de5ceedfd77f7fb22b81343cf69c,punjabi,real,real,Kala Shah Kala.mp3,12,10
65636208aca982db5afa9f0fe2172f87,punjabi,real,real,Kala Shah Kala.mp3,13,10
924cf8b36fd06983ba966e0dcb343ccf,punjabi,real,real,Kala Shah Kala.mp3,14,10
5160c7730526768ba30bf116fc9d1392,punjabi,real,real,Kala Shah Kala.mp3,15,10
7f2177777c2d833cab76fe40e2607dcf,punjabi,real,real,Kala Shah Kala.mp3,16,10
cd84dd892dca5551ff99203ff746477f,punjabi,real,real,Kala Shah Kala.mp3,17,10
717e065183186143026acb147053b027,punjabi,real,real,Kala Shah Kala.mp3,18,10
dbe00e395dabd0a33b7fc3d5a156866e,punjabi,real,real,Kala Shah Kala.mp3,19,10
1b33aec1439bf83d4e2a9c71895488c1,punjabi,real,real,Kala Shah Kala.mp3,20,10
55ce3f66d8e5f1b74bcfac937fdafe24,punjabi,real,real,Kala Shah Kala.mp3,21,10
b14271e5c7bec8b5f86f9e90c9b0bcd8,punjabi,real,real,Kala Shah Kala.mp3,22,10
4092a20db6e88815c8c9f3e0f581d5ea,punjabi,real,real,Kala Shah Kala.mp3,23,10
e1ba0f340ac315af969f362004b4d8ac,punjabi,real,real,Kala Shah Kala.mp3,24,10
0122ab05fa8f59e82f8e1c1c0943ba7e,punjabi,real,real,Aaya Lariye Ni.mp3,0,10
ccebd9e28f807687ac1d4efd0f5ee1c2,punjabi,real,real,Aaya Lariye Ni.mp3,1,10
4d3d5e2b9ff8b5d5e05b0bc3492a3b6a,punjabi,real,real,Aaya Lariye Ni.mp3,2,10
a882f0916c0de7eb30e177bf97321030,punjabi,real,real,Aaya Lariye Ni.mp3,3,10
d2070779622f76ab5bcdd7589ddeec5e,punjabi,real,real,Aaya Lariye Ni.mp3,4,10
f4bdcfddd4e69be903ea6f2ddbc2d7b0,punjabi,real,real,Aaya Lariye Ni.mp3,5,10
e3206b6e1c962631e2da90985810a2ab,punjabi,real,real,Aaya Lariye Ni.mp3,6,10
6be293510d13f1b387fbc03748277775,punjabi,real,real,Aaya Lariye Ni.mp3,7,10
6a1e7c0687a7e375c7f1e7d007bc3751,punjabi,real,real,Aaya Lariye Ni.mp3,8,10
205ee6f02f8f5009b3002eaa9e0b28d6,punjabi,real,real,Aaya Lariye Ni.mp3,9,10
93ffb9ba2e2b127fc238dcbcb480c311,punjabi,real,real,Aaya Lariye Ni.mp3,10,10
2c4efa9aec991781b943cf8d868782c8,punjabi,real,real,Aaya Lariye Ni.mp3,11,10
98c7cbd70fd48842bab794c498cf5a6a,punjabi,real,real,Aaya Lariye Ni.mp3,12,10
dd31f64cbd7ea9a563b80e8ac75e4352,punjabi,real,real,Aaya Lariye Ni.mp3,13,10
c99667052a769fefe3fbd4def9882f8e,punjabi,real,real,Aaya Lariye Ni.mp3,14,10
339822f4e4f1f0f06f8722be5266026a,punjabi,real,real,Aaya Lariye Ni.mp3,15,10
2e4c66a671bc13c5831a9e779d2ed064,punjabi,real,real,Aaya Lariye Ni.mp3,16,10
8f968f295b82cb77fb4dd059266f65e3,punjabi,real,real,Aaya Lariye Ni.mp3,17,10
24b0b7bf9cc4be770cc59bdd079db7a2,punjabi,real,real,Aaya Lariye Ni.mp3,18,10
702f33f8db0b937b3ca8c87b2d701373,punjabi,real,real,Aaya Lariye Ni.mp3,19,10
fca977b6fbbb97fff4a8563e1baeb249,punjabi,real,real,Aaya Lariye Ni.mp3,20,10
1b27800719632f8e2b97509f75faf679,punjabi,real,real,Boliyan.mp3,0,10
4b2f8d9ee2a0e099130308ad453da1e7,punjabi,real,real,Boliyan.mp3,1,10
8066d0bd9e71ec8c99e1913ad23ba998,punjabi,real,real,Boliyan.mp3,2,10
5ce167db60c5ebd7c05fe49169e81378,punjabi,real,real,Boliyan.mp3,3,10
095b50b7aac7c7eb98afe4e0aaaffd5d,punjabi,real,real,Boliyan.mp3,4,10
db9d6d4f33b5c7a3de406c10ab7e409c,punjabi,real,real,Boliyan.mp3,5,10
3f3d18bf953dbd0cbe978240f98070ac,punjabi,real,real,Boliyan.mp3,6,10
802faa46715a85c34bb31892cff333ed,punjabi,real,real,Boliyan.mp3,7,10
12751c8625cf9ceec52aa0ea1d277285,punjabi,real,real,Boliyan.mp3,8,10
5ec53227700a0d94a6a93fe3371cbfda,punjabi,real,real,Boliyan.mp3,9,10
e491fbc30670406a4a95788869bbbf1c,punjabi,real,real,Boliyan.mp3,10,10
ad44f928c94bcfef448d9cd31f9b8758,punjabi,real,real,Boliyan.mp3,11,10
baa72f751b218ab94cffe976522c6ccd,punjabi,real,real,Boliyan.mp3,12,10
d5e1470ce70df387e84b6770b6f50d55,punjabi,real,real,Boliyan.mp3,13,10
1d2686fd0ee5856d960bfabd2dd071a5,punjabi,real,real,Boliyan.mp3,14,10
1200d9a832dbf3c18645099c7bf57c17,punjabi,real,real,Boliyan.mp3,15,10
a30aa015badc8ef68195d92af100904b,punjabi,real,real,Boliyan.mp3,16,10
55c0531888dd4ca4ecf753e3577173b4,punjabi,real,real,Boliyan.mp3,17,10
56110ffd8f05ba3d41c76a9d0b557163,punjabi,real,real,Boliyan.mp3,18,10
2419d88305dc353cc60e9b16218f70be,punjabi,real,real,Boliyan.mp3,19,10
32d631a76475e135300c03d802f477c9,punjabi,real,real,Boliyan.mp3,20,10
05ef9217200eb792c686cb896cc5ffda,punjabi,real,real,Boliyan.mp3,21,10
b09caddc2224d1d61f890f678896c353,punjabi,real,real,Boliyan.mp3,22,10
094ffe81cddabe633a255483e569a3a8,punjabi,real,real,Boliyan.mp3,23,10
db9267b22a077a388cb1a72a47b42c68,punjabi,real,real,Boliyan.mp3,24,10
a01968b83e3a5f4b5ee2ab5054509afb,punjabi,real,real,Boliyan.mp3,25,10
6378f2ed9205b71748af1c1717aed792,punjabi,real,real,Boliyan.mp3,26,10
034e0752f48b1d6b2a153edfc8a70248,punjabi,real,real,Tappe.mp3,0,10
2b7a1be5127aba1f50a1c9b9869dca6d,punjabi,real,real,Tappe.mp3,1,10
59d17ab7ea3c326622a094bb3061bec7,punjabi,real,real,Tappe.mp3,2,10
a594aaf571b43f309dac51a5c57af449,punjabi,real,real,Tappe.mp3,3,10
10bc2dff80bb879ef86e9f08b9cfc38d,punjabi,real,real,Tappe.mp3,4,10
bc766e5171168de7bec42887a4771eb8,punjabi,real,real,Tappe.mp3,5,10
82a4bafcc052d375bee1e61761952325,punjabi,real,real,Tappe.mp3,6,10
600c1924695c17acb0af86bccfe7ff89,punjabi,real,real,Tappe.mp3,7,10
ea9bc3bf13c631e7807880e3951bca15,punjabi,real,real,Tappe.mp3,8,10
54acb140723f7301afe66bd3a7f1574f,punjabi,real,real,Tappe.mp3,9,10
585b7f7f9cd7ba68ebfcea1d15476592,punjabi,real,real,Tappe.mp3,10,10
a8417d194406c4261ff87e18c2bd9ab5,punjabi,real,real,Tappe.mp3,11,10
61702314744db117042aa312c7da1e08,punjabi,real,real,Tappe.mp3,12,10
a2d9b520be1e017f41a849d0468e7243,punjabi,real,real,Tappe.mp3,13,10
8f11f8e1c71ddc7e6896c89347c6eb70,punjabi,real,real,Tappe.mp3,14,10
e27a1912e3d3e3b77f133806bebaef4e,punjabi,real,real,Tappe.mp3,15,10
d63706878bafe10ea4c182cb149be54d,punjabi,real,real,Tappe.mp3,16,10
bd014e9bc266a2120a03e837183d51e3,punjabi,real,real,Tappe.mp3,17,10
40b11f56879d11404cc3c1cdc91711cb,punjabi,real,real,Tappe.mp3,18,10
6fd000e03c7a0d0cdb85e63305491916,punjabi,real,real,Tappe.mp3,19,10
8185781738cf16df79ac9ec9006ccb0d,punjabi,real,real,Tappe.mp3,20,10
b9e9cc2fe9e2403e9c9bdb98820905dc,punjabi,real,real,Tappe.mp3,21,10
7c89585ed49a1d5030b18e794cbfcefb,punjabi,real,real,Tappe.mp3,22,10
734d0ba542aa096101f75b89ed1fc0df,punjabi,real,real,Tappe.mp3,23,10
235206e181ca8426808704484a2c5c37,punjabi,real,real,Tappe.mp3,24,10
ddf79077bc3cd25dc35fbeb9c32d2562,punjabi,real,real,Tappe.mp3,25,10
781da1dd6b2557f451dc45c9694a0c6f,punjabi,real,real,Tappe.mp3,26,10
947ff54b3049c7a5380dc19dcdffaaa5,punjabi,real,real,Tappe.mp3,27,10
02f375b56eb27e751009ce69d34afd0d,punjabi,real,real,Tappe.mp3,28,10
026aa709070069230e948b7c41532258,punjabi,real,real,Tappe.mp3,29,10
f26e007ab729701f4ba9dd37d9b0e867,punjabi,real,real,Tappe.mp3,30,10
c6f94d4bd8b2c0f951bac692a9bedef1,punjabi,real,real,Tappe.mp3,31,10
04c686c6bd92336ee0e1a0970645c509,punjabi,real,real,Tappe.mp3,32,10
bc51e682af209106abc960462a30c18c,punjabi,real,real,Tappe.mp3,33,10
3d5c9dea5262677c916428a5786f88cc,punjabi,real,real,Tappe.mp3,34,10
837ee986e9dfc566da5bb5f833d284e7,punjabi,real,real,Tappe.mp3,35,10
ef363876c790a6c75a17dc8ff46b10a2,punjabi,real,real,Tappe.mp3,36,10
29a704554f9e7435c9804b6513a70c65,punjabi,real,real,Tappe.mp3,37,10
10a72d01be674a825e4ac5a22804b49c,punjabi,real,real,Tappe.mp3,38,10
5779a8634dfd38c8941ceb6320fb3504,punjabi,real,real,Tappe.mp3,39,10
91f08b7137d6c1599b780c49b0eddf37,punjabi,real,real,Tappe.mp3,40,10
da052bd03b6c0d227e239757fa53bdfe,punjabi,real,real,Tappe.mp3,41,10
afa9cd42077e214f09f8ab713c3f4cf5,punjabi,real,real,Tappe.mp3,42,10
76206dd891dd6cb5318783217e8e62b7,punjabi,real,real,Tappe.mp3,43,10
9e900af1d0c49d91bfd19578b571b252,punjabi,real,real,Tappe.mp3,44,10
2b132f2aed21681664903c7217de025e,punjabi,real,real,Tappe.mp3,45,10
ac2d745e5302cae0f59567fcfb73b1b8,punjabi,real,real,Tappe.mp3,46,10
8112113055d76eae89990020e2ecfc15,punjabi,real,real,Tappe.mp3,47,10
bc00bf8f4f9644acb194ba589b4c21d6,punjabi,real,real,Tappe.mp3,48,10
80ab02401db88d0dfd45aba75f51366d,punjabi,real,real,Tappe.mp3,49,10
d7f692cabadc1dc9273027980d1b2779,punjabi,real,real,Tappe.mp3,50,10
70ad875e1762ff6377de3cb45074ff99,punjabi,real,real,Tappe.mp3,51,10
f83eeb5f82f8db6b8319a7496bae1abd,punjabi,real,real,Tappe.mp3,52,10
c54a48d7920f8e15b93ae55e73d8a08f,punjabi,real,real,Tappe.mp3,53,10
8f698254864cf070166eb9758c36ae2b,punjabi,real,real,Tappe.mp3,54,10
1952bb5ef4ad8a9b520eec9eba9324af,punjabi,real,real,Tappe.mp3,55,10
7fdacdd01fc6d863b522b5fb6bd52d3c,punjabi,real,real,Tappe.mp3,56,10
fa1ae71fb3347dd2f62273961d48cdb9,punjabi,real,real,Tappe.mp3,57,10
7e19ccb43a11e81d15c9325ef5a0887f,punjabi,real,real,Tappe.mp3,58,10
85c5ea3dcc966578503825c0ca9b1021,punjabi,real,real,Tappe.mp3,59,10
d5d06721ac55b250679c919957bfaa7d,punjabi,real,real,Tappe.mp3,60,10
a9c48c46bffb101c921b92f9bad70ac3,punjabi,real,real,Tappe.mp3,61,10
e94c9b63e0353d05a433a3f823efc6ec,punjabi,real,real,Tappe.mp3,62,10
58e0b9007a2a5e504f605885beb35bf5,punjabi,real,real,Tappe.mp3,63,10
b58c763a3603ce5c6ca27a3dbc10d904,punjabi,real,real,Tappe.mp3,64,10
0af7fc6ed524f63bcdcf1c351bf2a027,punjabi,real,real,Tappe.mp3,65,10
3ac2e6e5d195793a41386fc5c10afc38,punjabi,real,real,Tappe.mp3,66,10
cc5adafbd963500accc958305ad72a45,punjabi,real,real,Tappe.mp3,67,10
b474258a5467066bc6f672cb3ef1ff48,punjabi,real,real,Tappe.mp3,68,10
2869517ac150320aa0273631e8a23f49,punjabi,real,real,Tappe.mp3,69,10
8fffc3f8ce71c0be4f55ddd28295bf8e,punjabi,real,real,Tappe.mp3,70,10
9e4c29a0c4868e999585406ce0efb204,punjabi,real,real,Tappe.mp3,71,10
fc0e30963d3ab66b85d555dca49381d2,punjabi,real,real,Tappe.mp3,72,10
7c70449663ec019f66ac63e0e094241e,punjabi,real,real,Tappe.mp3,73,10
288bfdee45ad1fc7e803b9e396a34f09,punjabi,real,real,Tappe.mp3,74,10
bf714ecf86a4ad284b3c7d4302169393,punjabi,real,real,Tappe.mp3,75,10
fe2b30f7fe830f8d1fabf1cc86c464dc,punjabi,real,real,Tappe.mp3,76,10
afdccfb78892e73c09e84470f3dddb7c,punjabi,real,real,Tappe.mp3,77,10
2caf246027cc724b05017d632d7427b1,punjabi,real,real,Tappe.mp3,78,10
7099d46527289ea69d940956b4db9a90,punjabi,real,real,Tappe.mp3,79,10
1fcec6dab5e910ea9d067913d11c41ca,punjabi,real,real,Tappe.mp3,80,10
7618496d664c0a42215618a1e923ae1c,punjabi,real,real,Tappe.mp3,81,10
078bde92eda61aa787f29c4b675258f4,punjabi,real,real,Tappe.mp3,82,10
41c261f27619c174387a5e987a2e0c31,punjabi,real,real,Tappe.mp3,83,10
2f6d72f3a7c3358125fc861f138f6fa3,punjabi,real,real,Tappe.mp3,84,10
4ed6b5bee9aa7d04ad7547366d3d57ca,punjabi,real,real,Tappe.mp3,85,10
ef64c4e967efcf391402f577ef4c194f,punjabi,real,real,Tappe.mp3,86,10
39fd7a7bb1582dd0b149226f88a5c46d,punjabi,real,real,Tappe.mp3,87,10
49f682dfc37c61cc5a634dc98ebcfe2e,punjabi,real,real,Tappe.mp3,88,10
b043c01c686e68b8a82e998537163ec6,punjabi,real,real,Tappe.mp3,89,10
8c6c3333dd7fa7226dfd2d246fc068e9,punjabi,real,real,Tappe.mp3,90,10
e1547e506e4e8717de8d6e1c2863e2dc,punjabi,real,real,Tappe.mp3,91,10
b629f8678a75c8405ea82e472994a3b9,punjabi,real,real,Tappe.mp3,92,10
8c9cc12b3ef55735b4a257b8dd82046d,punjabi,real,real,Tappe.mp3,93,10
996a755c3a0eb6f82c56fae7ce33ecf2,punjabi,real,real,Tappe.mp3,94,10
0e9a255f92172cf453339276d64c6956,punjabi,real,real,Tappe.mp3,95,10
c1defaccba0db29aa76c865ad6793510,punjabi,real,real,Tappe.mp3,96,10
84bcf28cbeb4aeec0322126f5e84e076,punjabi,real,real,Tappe.mp3,97,10
a7198149df5c9953deb799052adac49a,punjabi,real,real,Tappe.mp3,98,10
f679350cf72f00a791dfc4a087b85ec7,punjabi,real,real,Tappe.mp3,99,10
07515f6db48fda32af96d2688a0ecc1b,punjabi,real,real,Tappe.mp3,100,10
08055bfda18a64963f532c18d2838fb2,punjabi,real,real,Tappe.mp3,101,10
e94b111dec8ed090fdaa357d59660884,punjabi,real,real,Tappe.mp3,102,10
bab2c99da8c71b78c392e2e9d9ee5497,punjabi,real,real,Tappe.mp3,103,10
c3ac330b0f2237d7e74a28bfc9b6b067,punjabi,real,real,Tappe.mp3,104,10
4d631cd474c01253fb9ca525f1aca930,punjabi,real,real,Tappe.mp3,105,10
f5c7200d7e6728e2e77530b50da0371b,punjabi,real,real,Tappe.mp3,106,10
fe42a444ff96a7bbc724f436586dc267,punjabi,real,real,Tappe.mp3,107,10
d452b34058689aacdef668f8d50d715f,punjabi,real,real,Tappe.mp3,108,10
79c1cc17bfe95fe8d58f301c443990bd,punjabi,real,real,Tappe.mp3,109,10
fe877895a63524d68f0f22e8b29b97be,punjabi,real,real,Tappe.mp3,110,10
06359129d0ce5a8839ce89f0f5818796,punjabi,real,real,Tappe.mp3,111,10
887e8f063af8042f08910aaf81974425,punjabi,real,real,Tappe.mp3,112,10
2fe10320b6521f973692d86f50bb3d46,punjabi,real,real,Tappe.mp3,113,10
fb7a313c834a54c6b85aa75f24738406,punjabi,real,real,Tappe.mp3,114,10
1de02b97a0d72b16d57ce6e086f42ac6,punjabi,real,real,Tappe.mp3,115,10
d20d75523c79215951bb3d503855abd9,punjabi,real,real,Tappe.mp3,116,10
b438873e4c36184e8208db3d6908a28c,punjabi,real,real,Tappe.mp3,117,10
167d998ab50db7f7c15fbbb045e67ab8,punjabi,real,real,Tappe.mp3,118,10
bdc165b58d47290b13c30149cc318d4c,punjabi,real,real,Tappe.mp3,119,10
e88e4705f6ec3ee5c146efe0f49f7842,punjabi,real,real,Tappe.mp3,120,10
f432f2997fb647bb9543588832eaa261,punjabi,real,real,Tappe.mp3,121,10
274b7b7e6ea5ee8ec0d0016e26968076,punjabi,real,real,Tappe.mp3,122,10
57a0b83908951681b31f0c8370400f09,punjabi,real,real,Tappe.mp3,123,10
2134971556b07bd2ae4a0f5379b78186,punjabi,real,real,Tappe.mp3,124,10
1ecb5b6d8c5d933d0f4ff69fd9deed4d,punjabi,real,real,Tappe.mp3,125,10
654d6d9d9801d0fea991f607b6f1e9ab,punjabi,real,real,Tappe.mp3,126,10
f51f187da07d034f1271a79fb4e1339b,punjabi,real,real,Tappe.mp3,127,10
e1b2486ce856ea089f8877b35d47d6c9,punjabi,real,real,Tappe.mp3,128,10
73665786616bce0195bca5195c09a489,punjabi,real,real,Tappe.mp3,129,10
ad72fc7a5b14c26b1f7684b34fc44fa2,punjabi,real,real,Tappe.mp3,130,10
a849751949cde6ecc0d90bb4a569d256,punjabi,real,real,Tappe.mp3,131,10
5c6240d25559d46aee8aec785c6e1f5d,punjabi,real,real,Tappe.mp3,132,10
1014378b35c1eb9e78747c4ae42ee272,punjabi,real,real,Tappe.mp3,133,10
46b5baf37accb50feea4f7ad74f4461f,punjabi,real,real,Tappe.mp3,134,10
3ca69c83f1cbd7c3319fc246dad28608,punjabi,real,real,Tappe.mp3,135,10
21df520473455e550a4088f876054cef,punjabi,real,real,Tappe.mp3,136,10
c95ca77646b130056707258f32905b34,punjabi,real,real,Tappe.mp3,137,10
71da6b144a9b864f947f2e8a42f351cd,punjabi,real,real,Tappe.mp3,138,10
2dbc3b63f93ab76a037c404d8998ed07,punjabi,real,real,Tappe.mp3,139,10
ebeb3404f4c7b55ff7b12cdbd3f8bce7,punjabi,real,real,Tappe.mp3,140,10
de6a21aeb8606a0e77544849ed165fcd,punjabi,real,real,Tappe.mp3,141,10
a28622035c17543c1d55be7fe920899b,punjabi,real,real,Tappe.mp3,142,10
08967b13b8f29a0a801bebb3dca82d82,punjabi,real,real,Tappe.mp3,143,10
604aaf060d0476a9bfbb0b0167c9ec52,punjabi,real,real,Tappe.mp3,144,10
8f44e82685e22d98df3bd3f626449b5c,punjabi,real,real,Tappe.mp3,145,10
c2db3b415cfa6b1212726eda1f97e723,punjabi,real,real,Tappe.mp3,146,10
3c8e73bb099615e79e9652efae1a9e6a,punjabi,real,real,Tappe.mp3,147,10
f802800dd5cd770be8f808159ff7699e,punjabi,real,real,Tappe.mp3,148,10
8be83ce6ed3d9c6ace571b3c83b8cc87,punjabi,real,real,Tappe.mp3,149,10
aa26e6fa0d16603b0fa131ae17058e33,punjabi,real,real,Tappe.mp3,150,10
21a97a40ef1dc32194c6a8338e761184,punjabi,real,real,Tappe.mp3,151,10
439dab7084ef0f32bf8b74c820cc8d29,punjabi,real,real,Tappe.mp3,152,10
ae830deaaffd98d063fb6e53c5318ee2,punjabi,real,real,Tappe.mp3,153,10
d559dafce3f1d6a5deacdd5d97c8c2d3,punjabi,real,real,Tappe.mp3,154,10
ea8852d65b3612e62e64528acc858af7,punjabi,real,real,Tappe.mp3,155,10
e31cdaf47c8cd5abe7080730a97cbea9,punjabi,real,real,Tappe.mp3,156,10
e2b1c7bfcf6df6ae0d8d950a84e27253,punjabi,real,real,Tappe.mp3,157,10
952f0aae4ec408f1fcd4cc056778a489,punjabi,real,real,Tappe.mp3,158,10
5ba2c1f38d5c04f195be812cee7dcea2,punjabi,real,real,Tappe.mp3,159,10
7a06f675172cc60e4324c56007d04c4f,punjabi,real,real,Tappe.mp3,160,10
f5f5e54e339a167894f88342f7ff4739,punjabi,real,real,Tappe.mp3,161,10
6c82010201a18936021263cdc18e2418,punjabi,real,real,Tappe.mp3,162,10
e27486b99f159833a1f2a79862949dd9,punjabi,real,real,Tappe.mp3,163,10
fa2dd13f9cb91ebd3cd0656027c842f5,punjabi,real,real,Tappe.mp3,164,10
69d5a69aa273474ec0b87f5aa4e3be46,punjabi,real,real,Tappe.mp3,165,10
87732467db2ddd37675ec6c7493a3ef2,punjabi,real,real,Tappe.mp3,166,10
62c87a69dff56ddc2720692cf02949dd,punjabi,real,real,Tappe.mp3,167,10
d503a02172c33eac19fd14141a021f0d,punjabi,real,real,Tappe.mp3,168,10
fba5ffc3a083a9b8b3c4899784f05510,punjabi,real,real,Tappe.mp3,169,10
66550e2abf1ff99bf81704ce9b692e98,punjabi,real,real,Tappe.mp3,170,10
33a72fab1fc66ffd1c08084350e4ae9f,punjabi,real,real,Tappe.mp3,171,10
f86209d0df3542f9350a35bd6f8848e0,punjabi,real,real,Tappe.mp3,172,10
3f88cfd70b95f7439bb6ac0448fc3f1d,punjabi,real,real,Tappe.mp3,173,10
7835b288ed7fa919f55a6edbb6d0431c,punjabi,real,real,Tappe.mp3,174,10
743d8da3de80d152ff69e44de13d4d80,punjabi,real,real,Tappe.mp3,175,10
9ab65c3c48f7cff061910fd1c0707e36,punjabi,real,real,Tappe.mp3,176,10
c8860e1a096269640a9dbd0eab267ed7,punjabi,real,real,Tappe.mp3,177,10
3bbe68eedf70d33a9437bac1e272b290,punjabi,real,real,Tappe.mp3,178,10
887f09b727ad39752affaf63a873ac7c,punjabi,real,real,Tappe.mp3,179,10
e39d57e1df154e753baa9170b705d0c9,punjabi,real,real,Tappe.mp3,180,10
c45e7b6558c1d94e5be95c0acb831f4f,punjabi,real,real,Tappe.mp3,181,10
a9cc4c2fd1c2655bdfad82a02b414604,punjabi,real,real,Tappe.mp3,182,10
d5097767080b9ad5552305c754b5316b,punjabi,real,real,Tappe.mp3,183,10
13271511c6a7b352c80436e5d2f4d1dc,punjabi,real,real,Tappe.mp3,184,10
cdd0bdd3ce0e9f2f2cfbea2bd63bc5f9,punjabi,real,real,Tappe.mp3,185,10
03e92546d7769f90e1e55de5b0f539f8,punjabi,real,real,Tappe.mp3,186,10
1fc38dd2bfffab3f99c50ce24be4044d,punjabi,real,real,Tappe.mp3,187,10
932b74f8a5d319a72fdec1e6d2af8260,punjabi,real,real,Tappe.mp3,188,10
b07def5da001609f85c47da34766061e,punjabi,real,real,Tappe.mp3,189,10
d653fc4364e129e7c10d340e1bffc5d9,punjabi,real,real,Tappe.mp3,190,10
2fa919d1e802e7a1c68ac5ce4198526d,punjabi,real,real,Tappe.mp3,191,10
65bd65d08cc349b2e7436ce36ec5994c,punjabi,real,real,Tappe.mp3,192,10
289dc170f7226b89aff351b3fa3d88e1,punjabi,real,real,Tappe.mp3,193,10
5503ac883e4ea559bd5c4250d937f916,punjabi,real,real,Tappe.mp3,194,10
a97d55ea0cb6f04f07f7bc7806964208,punjabi,real,real,Tappe.mp3,195,10
475537f79f9b9f763a1bc3de2f538e0e,punjabi,real,real,Tappe.mp3,196,10
0474b7a901235e80855fb71f4fa1d152,punjabi,real,real,Tappe.mp3,197,10
874541743d167ff0035a30ce3a6b6a1a,punjabi,real,real,Tappe.mp3,198,10
86a65b2bdefad7decac505136b7e7a8e,punjabi,real,real,Tappe.mp3,199,10
5a4e0bd89a01352def40e75b29ebe38c,punjabi,real,real,Tappe.mp3,200,10
d9f5176c6abd5d26efbb3b252aaa3a11,punjabi,real,real,Tappe.mp3,201,10
9f79e11ac00df0cb2bea0b1a94060fb4,punjabi,real,real,Suhag.mp3,0,10
4e7ac0e9d44a236562e094dedb64f04a,punjabi,real,real,Suhag.mp3,1,10
e1209ae5e250746b2fbdcff612c2bdc6,punjabi,real,real,Suhag.mp3,2,10
0c4daeb212023c8116ef762582551583,punjabi,real,real,Suhag.mp3,3,10
82d1dfbde9e9112b69919109915361a9,punjabi,real,real,Suhag.mp3,4,10
9bff641e28e33fbeca19e3dbb7a3a627,punjabi,real,real,Suhag.mp3,5,10
be0f077da5fa2ac3f7aea47fcd5a3ddc,punjabi,real,real,Suhag.mp3,6,10
f4eba4b870be3e34703dfdc16abf3116,punjabi,real,real,Suhag.mp3,7,10
8084df7090ce6c2a4903317d034a506a,punjabi,real,real,Suhag.mp3,8,10
e27a72b4d5da1ce0d8819582b2d61fcc,punjabi,real,real,Suhag.mp3,9,10
c07c822da638f537d4f5c31d078fae58,punjabi,real,real,Suhag.mp3,10,10
1533147215c0fb131997f85ecbf9d04a,punjabi,real,real,Suhag.mp3,11,10
fb64e4205728b361289d627b9b17d578,punjabi,real,real,Suhag.mp3,12,10
07752fb340b4663b54933078554065fb,punjabi,real,real,Suhag.mp3,13,10
b96f6ceef404ba443707e88c554654b0,punjabi,real,real,Suhag.mp3,14,10
fc5b9c33f86c59a47e4382de48ed4dcf,punjabi,real,real,Ghori.mp3,0,10
6822ab83c6113d3b240677e530d4aefa,punjabi,real,real,Ghori.mp3,1,10
77b9f80ee3a39f305842b3b513c125e4,punjabi,real,real,Ghori.mp3,2,10
e48d343d4a0f7ac6a36db360936ac04d,punjabi,real,real,Ghori.mp3,3,10
9009b43b25d2c696711b6f2083937d04,punjabi,real,real,Ghori.mp3,4,10
c2d16bc2da2f5c887e610c8bfecfb7a6,punjabi,real,real,Ghori.mp3,5,10
88d05a97b3daa349cc6688b61e52d47e,punjabi,real,real,Ghori.mp3,6,10
0fda37c038988288898410c3b51ff1b9,punjabi,real,real,Ghori.mp3,7,10
7c549196309a27ee4864daf711be1c6b,punjabi,real,real,Ghori.mp3,8,10
c3dfab8942de2cb542cd54c30b58505d,punjabi,real,real,Ghori.mp3,9,10
ac84c993e265954fda6532a5499619ea,punjabi,real,real,Ghori.mp3,10,10
f040fd48729a85a6b251407e4746553c,punjabi,real,real,Ghori.mp3,11,10
e60eb6a90bbbbf290fa5d21eb415f633,punjabi,real,real,Ghori.mp3,12,10
0ea8cd962972c0272d75a440a77499c2,punjabi,real,real,Ghori.mp3,13,10
3ee9958046963f857089f25fab2697e2,punjabi,real,real,Ghori.mp3,14,10
b0427c5bc51768ed9107846909029a56,punjabi,real,real,Ghori.mp3,15,10
edf337405d7815190367cf0c61bb8fbe,punjabi,real,real,Ghori.mp3,16,10
40308d136b47474195a8340a38b65c1f,punjabi,real,real,Ghori.mp3,17,10
8f2d6b6430510071cf045459f98673cc,punjabi,real,real,Ghori.mp3,18,10
3f12eb7d8e7098b5c1c87dfc61baf57c,punjabi,real,real,Ghori.mp3,19,10
4cde7ec4beab273762f1421609f6ebf4,punjabi,real,real,Ghori.mp3,20,10
70906a86ee7f9e4958ac9b511e330494,punjabi,real,real,Ghori.mp3,21,10
c77f3342e4c4851eba145f203d0b8b59,punjabi,real,real,Ghori.mp3,22,10
1583bc0e5ae310c73036b40330368b5d,punjabi,real,real,Ghori.mp3,23,10
1f9ad4960935a61ab46d7244f3b5a4f1,punjabi,real,real,Ghori.mp3,24,10
7457e1dfe1b57c1ee7768f94881573af,punjabi,real,real,Ghori.mp3,25,10
9fe76065a088fe088b1f1dc63a84ae27,punjabi,real,real,Dama Dam Mast Kalandar.mp3,0,10
3e93aef40c301e750dd23b4a1abfddfb,punjabi,real,real,Dama Dam Mast Kalandar.mp3,1,10
89bc442af495da14b90600b398b42744,punjabi,real,real,Dama Dam Mast Kalandar.mp3,2,10
da1d9a23fe4db9af40e291f4ae0b9879,punjabi,real,real,Dama Dam Mast Kalandar.mp3,3,10
42e09ebdc6328c1f13d76dbae48b4af6,punjabi,real,real,Dama Dam Mast Kalandar.mp3,4,10
7c4094e8844ca906298587e7f1366521,punjabi,real,real,Dama Dam Mast Kalandar.mp3,5,10
639f4185ef2634d81b88d95eb403f803,punjabi,real,real,Dama Dam Mast Kalandar.mp3,6,10
7c88365871ca6cea82f085d715182cf9,punjabi,real,real,Dama Dam Mast Kalandar.mp3,7,10
c9223a0f8ebabe027bdc6a8cf57a900e,punjabi,real,real,Dama Dam Mast Kalandar.mp3,8,10
597f1f59046c328850cfe0f76301f827,punjabi,real,real,Dama Dam Mast Kalandar.mp3,9,10
3d408817c39fc361899a0dc945f91990,punjabi,real,real,Dama Dam Mast Kalandar.mp3,10,10
eae4b20f49347096b958dcfa7a7938e5,punjabi,real,real,Dama Dam Mast Kalandar.mp3,11,10
f27ba160d6ef141f37b13ef55ab08b00,punjabi,real,real,Dama Dam Mast Kalandar.mp3,12,10
7eb85fdf0fedb9a3ac22e605cbd691cf,punjabi,real,real,Dama Dam Mast Kalandar.mp3,13,10
9dcea58111e7a153367769ba38e0ba19,punjabi,real,real,Dama Dam Mast Kalandar.mp3,14,10
3edf00f420fa024c148d7bdb4dcc9b8e,punjabi,real,real,Dama Dam Mast Kalandar.mp3,15,10
2a781aeb0c5fbb8bf3d1761f8b047950,punjabi,real,real,Dama Dam Mast Kalandar.mp3,16,10
6ffe2b837ad4650f34c35d7aafe17e62,punjabi,real,real,Dama Dam Mast Kalandar.mp3,17,10
86e43636b669d79d102d287823ac7fde,punjabi,real,real,Dama Dam Mast Kalandar.mp3,18,10
3be2bb945aea367328a0d4ed642c3295,punjabi,real,real,Dama Dam Mast Kalandar.mp3,19,10
271d4defd5cc8bfb5dc8881bfbd238e4,punjabi,real,real,Dama Dam Mast Kalandar.mp3,20,10
65aa09285e0f09daa07635128d7ae427,punjabi,real,real,Dama Dam Mast Kalandar.mp3,21,10
6e50f6fc746f21ce04f7100c3b89ed2a,punjabi,real,real,Dama Dam Mast Kalandar.mp3,22,10
d1a9d619c0a6712f69025188d966cf46,punjabi,real,real,Dama Dam Mast Kalandar.mp3,23,10
66cf8b301a6fe4a801fb76bca316bd63,punjabi,real,real,Dama Dam Mast Kalandar.mp3,24,10
b0712c9e3de0c262d8d1f9309abc1592,punjabi,real,real,Dama Dam Mast Kalandar.mp3,25,10
151f45cdf3485102733c31c9765d2a31,punjabi,real,real,Dama Dam Mast Kalandar.mp3,26,10
e7bf50b4927e1185760e26caa8997574,punjabi,real,real,Dama Dam Mast Kalandar.mp3,27,10
6f8122696a5edc1da58982d7d608a0ae,punjabi,real,real,Dama Dam Mast Kalandar.mp3,28,10
45bdf6ebe2317f03863ab4b890a31177,punjabi,real,real,Dama Dam Mast Kalandar.mp3,29,10
1d6535123fbde39eb19beb62ebebf90b,punjabi,real,real,Dama Dam Mast Kalandar.mp3,30,10
a9a81b54c22ea3e650fba0a449c72b0b,punjabi,real,real,Dama Dam Mast Kalandar.mp3,31,10
bf58585069508f6f95efb3e670628725,punjabi,real,real,Dama Dam Mast Kalandar.mp3,32,10
fcbb74a50f84c9947e9269c93a196fdf,punjabi,real,real,Dama Dam Mast Kalandar.mp3,33,10
bbdc7fe2c15174a6e3fdf7aa133cddd5,punjabi,real,real,Dama Dam Mast Kalandar.mp3,34,10
c806237bb141140018e0a80f7d93d317,punjabi,real,real,Dama Dam Mast Kalandar.mp3,35,10
7ed60eca2448d4fcaf620a449360b60a,punjabi,real,real,Dama Dam Mast Kalandar.mp3,36,10
3e8c7203d942866b7562a86146dd3653,punjabi,real,real,Dama Dam Mast Kalandar.mp3,37,10
9a0e6a75b9ce1286f5a74ef995cfa942,punjabi,real,real,Dama Dam Mast Kalandar.mp3,38,10
1ef4a34bc15175a03dad527497c24c1c,punjabi,real,real,Dama Dam Mast Kalandar.mp3,39,10
034c901b90c6c41e1f293006a23963c0,punjabi,real,real,Dama Dam Mast Kalandar.mp3,40,10
38403f3d85e609d305b6af372df5cdf0,punjabi,real,real,Dama Dam Mast Kalandar.mp3,41,10
8f5345c50062915356b8c6fc29c9cbe0,punjabi,real,real,Dama Dam Mast Kalandar.mp3,42,10
aacccf8f1263a15fe468f2fe5f301e7e,punjabi,real,real,Dama Dam Mast Kalandar.mp3,43,10
11a8ab024b37e7caf37adaec054dbbfe,punjabi,real,real,Dama Dam Mast Kalandar.mp3,44,10
db1c442e50d0786d83285d75f5fd10bd,punjabi,real,real,Dama Dam Mast Kalandar.mp3,45,10
d7a96c0e45c6e82dfb1d478821171230,punjabi,real,real,Tere Tille Ton.mp3,0,10
40d9dc88625bcfef1557f67790a6a798,punjabi,real,real,Tere Tille Ton.mp3,1,10
b9df4d9c81d75083e81a1c2071d0d449,punjabi,real,real,Tere Tille Ton.mp3,2,10
4531e51e47aaf1df8dc4971876c5420f,punjabi,real,real,Tere Tille Ton.mp3,3,10
844995b4945fad51aa9a0c68cd74c3fd,punjabi,real,real,Tere Tille Ton.mp3,4,10
94e0e1634fbbab1da05d3bbf86a6b7ff,punjabi,real,real,Tere Tille Ton.mp3,5,10
2afaa4e0c2f3216af997e6eff9e6c220,punjabi,real,real,Tere Tille Ton.mp3,6,10
0f81612dc72f4c6a94324dacc227e84d,punjabi,real,real,Tere Tille Ton.mp3,7,10
1e7e50959451afcd2576bab87689749e,punjabi,real,real,Tere Tille Ton.mp3,8,10
d948f4f7aa1bf91449d8c7710718001b,punjabi,real,real,Tere Tille Ton.mp3,9,10
a7c989125c2526736bbe6ecea66f86f5,punjabi,real,real,Tere Tille Ton.mp3,10,10
62a0e19d6d2261dd255b46bb6ba843d3,punjabi,real,real,Tere Tille Ton.mp3,11,10
181447d8703db2cf8a34cc4e0bb5f237,punjabi,real,real,Tere Tille Ton.mp3,12,10
9be1f1238cc4289d565bc019fd121977,punjabi,real,real,Tere Tille Ton.mp3,13,10
e091463b3eaf15fa64d6954100e2a47d,punjabi,real,real,Tere Tille Ton.mp3,14,10
c66ab59a7b3817a8745d9d9121fb6d5d,punjabi,real,real,Tere Tille Ton.mp3,15,10
5b22a9c2a4cd43ba3dcd9446520222d9,punjabi,real,real,Tere Tille Ton.mp3,16,10
4b86c8f78d240f35ffb49dd773de9661,punjabi,real,real,Tere Tille Ton.mp3,17,10
8aa251cd4c4d92fe4930fd5cb1e4fa23,punjabi,real,real,Tere Tille Ton.mp3,18,10
1c886c3722408ac6335f287449a726b4,punjabi,real,real,Tere Tille Ton.mp3,19,10
5639d517034597bb2be629919550a9bd,punjabi,real,real,Tere Tille Ton.mp3,20,10
9d0f1080c1fea5d21083940eb4245837,punjabi,real,real,Tere Tille Ton.mp3,21,10
f20a58b38c484de7799244e4a193311d,punjabi,real,real,Tere Tille Ton.mp3,22,10
d1e2f2f4ead055d6730f11db4eb6b63a,punjabi,real,real,Tere Tille Ton.mp3,23,10
171714f0e7411a556b971fae2884a34a,punjabi,real,real,Charkha.mp3,0,10
a2bf8700200f159917148cc29c9bfdf6,punjabi,real,real,Charkha.mp3,1,10
40c27315e3c443cf021cf91153bfb0da,punjabi,real,real,Charkha.mp3,2,10
93b50852952f102dd8682a5e2622c4d7,punjabi,real,real,Charkha.mp3,3,10
482349ae420df0927d61ec4f1e7c4204,punjabi,real,real,Charkha.mp3,4,10
d39294a96db55fe69ece8934e6062530,punjabi,real,real,Charkha.mp3,5,10
340d1f775061f4261b23afec771c709a,punjabi,real,real,Charkha.mp3,6,10
04c4dbae2c23fd624ae789fcb14e766b,punjabi,real,real,Charkha.mp3,7,10
58018339a1cbc8e5ce657824aa4823c8,punjabi,real,real,Charkha.mp3,8,10
45474eed3a95f63c3f085ebee8c103ce,punjabi,real,real,Charkha.mp3,9,10
4c19f0a780b4c78da96202f1ad793d03,punjabi,real,real,Charkha.mp3,10,10
513c2706ec707015ada53198501e6ab6,punjabi,real,real,Charkha.mp3,11,10
545f96e22fbc0710b09afa4f0a454d15,punjabi,real,real,Charkha.mp3,12,10
358a3982aeaffa228a072dde12bb0781,punjabi,real,real,Charkha.mp3,13,10
14f7f4e4088520c6a09fe4d085263df2,punjabi,real,real,Charkha.mp3,14,10
7cd0acd959fc28cdd3974aacf3541462,punjabi,real,real,Charkha.mp3,15,10
3d77c05d6427af8d98dfe977c3ce6b07,punjabi,real,real,Charkha.mp3,16,10
89ee3495c09899fddca22d5e68345162,punjabi,real,real,Charkha.mp3,17,10
ca0f3cab555a2247f5ca9680c1570502,punjabi,real,real,Charkha.mp3,18,10
4aac91985d9046724ca514dce6e8261a,punjabi,real,real,Charkha.mp3,19,10
f0a8ee71a23a45ffca7ef604ac5fef5b,punjabi,real,real,Charkha.mp3,20,10
2b7c68749e82adf59e325af4801652fb,punjabi,real,real,Charkha.mp3,21,10
7c3e5a5be73e37f58669e779f8648046,punjabi,real,real,Charkha.mp3,22,10
03696c073a872673828640b24e8dcd3a,punjabi,real,real,Charkha.mp3,23,10
b437b6f3efc18f3301194a19655b6d4d,punjabi,real,real,Charkha.mp3,24,10
bd6fa262f7c23cb084c3d8df37b392e2,punjabi,real,real,Charkha.mp3,25,10
d1d31dd80fb1fba52c198ec8b004f4f1,punjabi,real,real,Charkha.mp3,26,10
4c1293836b3aa0acea63b9d1846250fc,punjabi,real,real,Charkha.mp3,27,10
1c031cb1e5dc522159c4cd4e2af6ff90,punjabi,real,real,Charkha.mp3,28,10
2db4ad6aabda1c26815a0a7fb0f5eee9,punjabi,real,real,Charkha.mp3,29,10
1f171b7aa1ede7f0cd9e38ffd66d6d53,punjabi,real,real,Charkha.mp3,30,10
cfe5757e551b0ff1323c82cd32e9d4f4,punjabi,real,real,Charkha.mp3,31,10
34aa580c116a6d110e6df6ce814c5230,punjabi,real,real,Charkha.mp3,32,10
9f64cd00faad506f8611df1d3eb08114,punjabi,real,real,Charkha.mp3,33,10
38825a7f342ce65071d969cd02bf91ce,punjabi,real,real,Charkha.mp3,34,10
6c5a545d7fcf3aed4e70537b3b7a5607,punjabi,real,real,Charkha.mp3,35,10
71481dff8421cafd4deaa8c055eb1b6a,punjabi,real,real,Charkha.mp3,36,10
9e61e0c67acc0d22c33d8c1068955487,punjabi,real,real,Charkha.mp3,37,10
35ad5b12e7e8a05232cf94e9a52b8556,punjabi,real,real,Charkha.mp3,38,10
85e37bb2afdb9b20cf06136db205e8af,punjabi,real,real,Charkha.mp3,39,10
59e9910ef26fad27d324e956ec2db763,punjabi,real,real,Charkha.mp3,40,10
7f5d621985bee3246cdd2a27dfcc1a01,punjabi,real,real,Charkha.mp3,41,10
c3d571724d9ef8720be8a55b05b77fc3,punjabi,real,real,Charkha.mp3,42,10
ad56f0120c514f808c7048c9bebb9e44,punjabi,real,real,Charkha.mp3,43,10
2276336ea8d122ab0570a5f6276938f7,punjabi,real,real,Charkha.mp3,44,10
bc9c89916b66bd52bfed3662c98af70c,punjabi,real,real,Charkha.mp3,45,10
168f85e75b12374ce782c4b11aca7508,punjabi,real,real,Charkha.mp3,46,10
517871d27694b85dc04c6342d3bf9fa5,punjabi,real,real,Charkha.mp3,47,10
d690ac59f9250d332838cdd3f4b5a1cd,punjabi,real,real,Charkha.mp3,48,10
c39b5c963ad8257136d587349d662cf6,punjabi,real,real,Charkha.mp3,49,10
14988333d9a516de596c089fac09ae37,punjabi,real,real,Charkha.mp3,50,10
f3159444ea6e0742a830ae644c815d3a,punjabi,real,real,Charkha.mp3,51,10
6c4497a729d02a5767c29af4c887986b,punjabi,real,real,Charkha.mp3,52,10
da6a292c40133d5ced319ac9e8d03d55,punjabi,real,real,Charkha.mp3,53,10
d6aee014f8328159c02b9380349d1680,punjabi,real,real,Charkha.mp3,54,10
aa013c7d0b46ccc7df9b9203e4e87890,punjabi,real,real,Charkha.mp3,55,10
0f694cef3e72ab252b6587ea7f6a327b,punjabi,real,real,Charkha.mp3,56,10
37f311d1c85306040f7552008eb81b9a,punjabi,real,real,Charkha.mp3,57,10
0d7a96b192ccb47d3f29e24aa18e759a,punjabi,real,real,Charkha.mp3,58,10
42a59459fe5034eacefe088e347665a9,punjabi,real,real,Charkha.mp3,59,10
882f650574d7cb5587123f295f9e2912,punjabi,real,real,Charkha.mp3,60,10
62294189af7235961551789f1917d705,punjabi,real,real,Charkha.mp3,61,10
a2c8277b4a52a15276d1fdd844d3bb21,punjabi,real,real,Charkha.mp3,62,10
a070ef561ba32c7a092abc1683e912ac,punjabi,real,real,Charkha.mp3,63,10
3e11decbeaf0314beff8dce946144901,punjabi,real,real,Charkha.mp3,64,10
fc890ae6335bcf29405415c939dca8ed,punjabi,real,real,Charkha.mp3,65,10
a25f8c3da701b3c348c4d1a45749c7a9,punjabi,real,real,Charkha.mp3,66,10
a1cf99cc190cd71a40ca8212aeca3d25,punjabi,real,real,Charkha.mp3,67,10
a4533d8adfc9242905b3b412a4286b81,punjabi,real,real,Charkha.mp3,68,10
ebf65241688e6ed31f385e0439d295d5,punjabi,real,real,Charkha.mp3,69,10
d8d5295bf6709f1e96dc72396324c71c,punjabi,real,real,Charkha.mp3,70,10
90976405e5ae349a9af1eb9d5cd6b78b,punjabi,real,real,Charkha.mp3,71,10
259e40355193983e01e8119f0fb563ac,punjabi,real,real,Charkha.mp3,72,10
c821f3b9857971860aec8dc87f25ecb5,punjabi,real,real,Charkha.mp3,73,10
1ca05f184f36d0869c35d8413f9c1599,punjabi,real,real,Charkha.mp3,74,10
57c872f84a4ea4b0e9d3599a628e9822,punjabi,real,real,Charkha.mp3,75,10
53ce1bf97e59563f122e8f98301ba0d2,punjabi,real,real,Charkha.mp3,76,10
421f9dc8a79df775acaaf455697c5cab,punjabi,real,real,Charkha.mp3,77,10
d3cda0254c6ad320a5d106409acfaad5,punjabi,real,real,Charkha.mp3,78,10
b2b8284c3bd1f7f59f98e2b5c8cd5f4d,punjabi,real,real,Charkha.mp3,79,10
6b12010e0f0aa269d34e380e3c21fb7c,punjabi,real,real,Charkha.mp3,80,10
cecf78f71bca423ecd848690188faa3a,punjabi,real,real,Charkha.mp3,81,10
c5097049b1e68c91af088f02275e5bc9,punjabi,real,real,Charkha.mp3,82,10
14978114d3dc92b7b479b7085b192a26,punjabi,real,real,Charkha.mp3,83,10
fd59b783d2b9a38a3b518a340746940d,punjabi,real,real,Charkha.mp3,84,10
1f716c1c6750a1994c05063e34bd63f8,punjabi,real,real,Charkha.mp3,85,10
4877c72b67e80eb7f82e9f3de13fa139,punjabi,real,real,Charkha.mp3,86,10
0444ac17ec0cee0943a93a2f05cd5737,punjabi,real,real,Charkha.mp3,87,10
d49e19b54d2cde0c6c49e6f19d30e42f,punjabi,real,real,Charkha.mp3,88,10
c97bb640f6665f3ca5ffc861469a487b,punjabi,real,real,Charkha.mp3,89,10
4a3836c122f52048190fe23aba656769,punjabi,real,real,Charkha.mp3,90,10
655f8ff78c6d81ef011437e6e8e7efa7,punjabi,real,real,Charkha.mp3,91,10
7c3eb4f6efb10e8e93b44d03fd9cb28b,punjabi,real,real,Charkha.mp3,92,10
1a9783b35918bf73a48dad246979099b,punjabi,real,real,Charkha.mp3,93,10
30b66c548e0260d0f7d756cc51acb2e4,punjabi,real,real,Charkha.mp3,94,10
543326dfcb0e7a0d72956cb7aa6306d3,punjabi,real,real,Charkha.mp3,95,10
dff51baa8630e3c52b308c7c1d2a883f,punjabi,real,real,Charkha.mp3,96,10
9c57ea0d631053f4a6aef5258d167bff,punjabi,real,real,Charkha.mp3,97,10
34029f0151fc079d134949d5774b4896,punjabi,real,real,Charkha.mp3,98,10
289644e76e6bec010a86d70686c2f6fb,punjabi,real,real,Charkha.mp3,99,10
9b7bde0032656b9cb155f5c49c987708,punjabi,real,real,Charkha.mp3,100,10
6ea09d7ca011c8df2342e5e7bb2a8331,punjabi,real,real,Charkha.mp3,101,10
d4b8577534d7ef7003df91da140723cc,punjabi,real,real,Charkha.mp3,102,10
49631ce2bf8b76910f2c5ab61116ee23,punjabi,real,real,Charkha.mp3,103,10
efdb4d84a4a3401f656c062e96b1b73f,punjabi,real,real,Charkha.mp3,104,10
49ab0fd8dcc70a4938d4eca64b123842,punjabi,real,real,Charkha.mp3,105,10
7be3b2c3f946b96e39618b545b0e98ed,punjabi,real,real,Charkha.mp3,106,10
ebbc3be6824e5f4465f66963944d54b3,punjabi,real,real,Charkha.mp3,107,10
fd60c64df077930ad619e185abc88929,punjabi,real,real,Charkha.mp3,108,10
45c73d5c46175533370c6608baf43a16,punjabi,real,real,Charkha.mp3,109,10
bcf68572f0d502105f2d3c326c26a5ec,punjabi,real,real,Charkha.mp3,110,10
4acd23fb3c2c0ccbd24f9860c83c6d09,punjabi,real,real,Charkha.mp3,111,10
786a5ba0b843cbc3e3abf7bf65c7a5ec,punjabi,real,real,Charkha.mp3,112,10
5bb6ab00d4b24d5ae4f89b652505f9d6,punjabi,real,real,Charkha.mp3,113,10
55541c710bcb7b6b3ee809e2fbaa5262,punjabi,real,real,Charkha.mp3,114,10
c522d258d2383f32f9fc5d99402f5636,punjabi,real,real,Charkha.mp3,115,10
3abd42a728677cd5837dc0a548dbb994,punjabi,real,real,Charkha.mp3,116,10
249ca8c5e258bf840e986b319c6a4637,punjabi,real,real,Charkha.mp3,117,10
564bff6cd1b6f83b4f4db940b7e6b14c,punjabi,real,real,Charkha.mp3,118,10
f3c4bec636f7d669f1eb4f206a5d97e3,punjabi,real,real,Charkha.mp3,119,10
22e917dd91210864093fa210a9a13e93,punjabi,real,real,Charkha.mp3,120,10
53c8f5de2e44975ee81800f6577894b7,punjabi,real,real,Charkha.mp3,121,10
93c312044b56008024bf7c3f76b41aef,punjabi,real,real,Charkha.mp3,122,10
5f1490ce9f17e8b9d073ce86ce2f8ac7,punjabi,real,real,Charkha.mp3,123,10
42f8443ee03ab3c7e3a22f76636fa767,punjabi,real,real,Charkha.mp3,124,10
a84632c2960412d5de3c6a903c9c3d05,punjabi,real,real,Charkha.mp3,125,10
c70da7d1af95f43ff56ef86a3fa87b1f,punjabi,real,real,Charkha.mp3,126,10
13775094e411b21b1111fed301953995,punjabi,real,real,Charkha.mp3,127,10
992e14ef34fd197e99fd70e7bb81e757,punjabi,real,real,Charkha.mp3,128,10
5f0739a87b4afeab80564a0d1e735a16,punjabi,real,real,Charkha.mp3,129,10
5e89ff4bf1d2091c1f49c3e1ccb90283,punjabi,real,real,Charkha.mp3,130,10
6ceb04318a78b433bf37e9f9c7618638,punjabi,real,real,Charkha.mp3,131,10
df28be99b14d091eb37037113bd2c30f,punjabi,real,real,Charkha.mp3,132,10
6127570dcf0b8057e54257352e86f787,punjabi,real,real,Charkha.mp3,133,10
3c34146ce34b523ab1f1233e675af0fd,punjabi,real,real,Charkha.mp3,134,10
c2a60af5c4213cd64ec48d33dab8527a,punjabi,real,real,Charkha.mp3,135,10
f539396b819531fd9b8a5b5d4f168ccc,punjabi,real,real,Charkha.mp3,136,10
6b665356deeb1d3f59511bb712d2b8f4,punjabi,real,real,Charkha.mp3,137,10
76d342d0154d8145085e31150d188c4c,punjabi,real,real,Charkha.mp3,138,10
10e183a8164a38c6685ba0173355d7a9,punjabi,real,real,Charkha.mp3,139,10
8eb5802f59539ab102031b6c8710c17e,punjabi,real,real,Charkha.mp3,140,10
232fbe3662beed992c4a16fa8da41cab,punjabi,real,real,Charkha.mp3,141,10
6dbd000814b0cc248071f3507c692d79,punjabi,real,real,Charkha.mp3,142,10
5347a830b2aeb802b92fe436305a688c,punjabi,real,real,Charkha.mp3,143,10
e27f8a853d77b67fa926ee4683a18765,punjabi,real,real,Charkha.mp3,144,10
02b8adbed206fffcd728a88e48a78207,punjabi,real,real,Charkha.mp3,145,10
995fc7cdaed2550b71860f39232732f7,punjabi,real,real,Charkha.mp3,146,10
e72288a6a0e65d75a462ef64586cf898,punjabi,real,real,Charkha.mp3,147,10
f9dacf8e54de6cc8c6ae04fe3aab0f4c,punjabi,real,real,Charkha.mp3,148,10
64907d556d4218c23f29a96917765875,punjabi,real,real,Charkha.mp3,149,10
3316ebf19232efa0893cc9f3c6bc3b09,punjabi,real,real,Charkha.mp3,150,10
86adb0a8c190ab7a9da6c717d60dca7c,punjabi,real,real,Charkha.mp3,151,10
b852ec76c5680e77bd9a41e3038e65cd,punjabi,real,real,Charkha.mp3,152,10
a868895fb0e0f30562cfb8f9e0373be2,punjabi,real,real,Charkha.mp3,153,10
e82764cd6c3b954a1b9355fe588d44b3,punjabi,real,real,Charkha.mp3,154,10
f2396dd92fdd73500573b0970f972742,punjabi,real,real,Charkha.mp3,155,10
285808d586d917bdbf150efa82cc9aab,punjabi,real,real,Charkha.mp3,156,10
7194b413b259cb62c6f5abad8df8747e,punjabi,real,real,Charkha.mp3,157,10
585badfd73a854f1a360da502fa873e2,punjabi,real,real,Charkha.mp3,158,10
2e6dd8c8f1a73c896e67c79c390520a9,punjabi,real,real,Charkha.mp3,159,10
c9a44778b4572a1a285874fa60868b3e,punjabi,real,real,Charkha.mp3,160,10
a1bfa5099c77236caa60ca85ef20e9db,punjabi,real,real,Charkha.mp3,161,10
61b16b09aa563b3e972bd5376dbd3dc7,punjabi,real,real,Charkha.mp3,162,10
ec7d85e249215fb3da5a5f4e18e93286,punjabi,real,real,Charkha.mp3,163,10
e0aa5db824379a29c2230c7b8d1635d0,punjabi,real,real,Charkha.mp3,164,10
ac7f179c8aa21693b2f5fcd8a588fb60,punjabi,real,real,Charkha.mp3,165,10
4832a9502dbf9ec61ddd18caca6e7540,punjabi,real,real,Charkha.mp3,166,10
a691c7de332b4f42868f256be54d6406,punjabi,real,real,Charkha.mp3,167,10
7c0ac556e4854d50e06dfeb877fdafb8,punjabi,real,real,Charkha.mp3,168,10
be25b10de7fdbd960c61f374a9980d1a,punjabi,real,real,Charkha.mp3,169,10
226346f6e41e112b2d00df5b15ddb753,punjabi,real,real,Charkha.mp3,170,10
106f33620751813454ac4f950a2caf4f,punjabi,real,real,Charkha.mp3,171,10
980d4ea333ade3ac25d51efed1006fbd,punjabi,real,real,Charkha.mp3,172,10
17ce9e1d651de8c8c6c08c60ff3a58b5,punjabi,real,real,Charkha.mp3,173,10
5669dcc754b3080a9ce73967978365cb,punjabi,real,real,Charkha.mp3,174,10
d040224f0df945f208a6150ae17b988a,punjabi,real,real,Charkha.mp3,175,10
f8db41ee652780b2a27023f735b19bd7,punjabi,real,real,Charkha.mp3,176,10
7ac086782f6f5088efad110473a26106,punjabi,real,real,Charkha.mp3,177,10
f84719b2722b62a00cd15ca95a132a7c,punjabi,real,real,Charkha.mp3,178,10
b0adad68b5978cf7c92ff3481390fba9,punjabi,real,real,Charkha.mp3,179,10
beb0dc4a45e0ccf060ee60e976725aaa,punjabi,real,real,Charkha.mp3,180,10
3d119eb8a03078c2f92dc1e95604b97d,punjabi,real,real,Charkha.mp3,181,10
c4266416f69e23f20568c8ab2f06234a,punjabi,real,real,Charkha.mp3,182,10
86ff1f086afc533ce1c0c18c33a4e0f4,punjabi,real,real,Charkha.mp3,183,10
eeed5d02802bf43bdc398cdaeb9a84e7,punjabi,real,real,Charkha.mp3,184,10
76ccce5cf95313c95796baa09a7cfe42,punjabi,real,real,Charkha.mp3,185,10
559da71317325c1807f723f8408c5576,punjabi,real,real,Charkha.mp3,186,10
772f45f13e3131f194db0684f6a356ad,punjabi,real,real,Charkha.mp3,187,10
22d05fbe13c255a52a955a2c06ea4555,punjabi,real,real,Charkha.mp3,188,10
adf6c8ed24ffd4ede8247eaa22859568,punjabi,real,real,Charkha.mp3,189,10
ed078a12860b153cf3d094fe41dbe6f1,punjabi,real,real,Charkha.mp3,190,10
64ba5c1c6cdb6eb6f089ebbc19cab737,punjabi,real,real,Charkha.mp3,191,10
5f3c07d70f9f339943adcfe1d59e2d08,punjabi,real,real,Charkha.mp3,192,10
4b0ff1b17c2cc55b213dce21bbdaf827,punjabi,real,real,Charkha.mp3,193,10
87c298deab1ccbe076b5cd615bc5b82f,punjabi,real,real,Charkha.mp3,194,10
6ba513f63a2b6d0a1848a09e8e0f13ff,punjabi,real,real,Charkha.mp3,195,10
2509afa0912087305eb5f04c8a451d6b,punjabi,real,real,Charkha.mp3,196,10
64ae84b9b1bcf623d661d4d7e48f7f9b,punjabi,real,real,Charkha.mp3,197,10
e8da914d428294f2f5aba093bb72e146,punjabi,real,real,Charkha.mp3,198,10
5e6cf731526c6e8f17fa759d852e51d9,punjabi,real,real,Charkha.mp3,199,10
af925c31b57dacd35c59e4b0c05fb293,punjabi,real,real,Charkha.mp3,200,10
211bf95066f1c11ddd2f0246769651e1,punjabi,real,real,Charkha.mp3,201,10
996d84193039162f7a064513edc5e2f0,punjabi,real,real,Charkha.mp3,202,10
4502e0643159c00b3dd877298f1c73ae,punjabi,real,real,Charkha.mp3,203,10
d4b77b5929d1ad1584da0139694c5bc0,punjabi,real,real,Charkha.mp3,204,10
ccec94cd1a70c6a2d036c11a150f8449,punjabi,real,real,Charkha.mp3,205,10
a3e916c9f28b512599b9bf1d9c4b77d8,punjabi,real,real,Charkha.mp3,206,10
77250c129146f1d9713ca44bfa3add70,punjabi,real,real,Charkha.mp3,207,10
ce50fe7c8de5717864606a7a361b9b2c,punjabi,real,real,Charkha.mp3,208,10
2310ebf17bc658c46abd261c8e6633fe,punjabi,real,real,Charkha.mp3,209,10
2766f0d711c5ecff97ad9b82056c3d23,punjabi,real,real,Charkha.mp3,210,10
f4c27f0a9c91020749ab473498d3ecba,punjabi,real,real,Charkha.mp3,211,10
83ecd5581f37010763211f30ccc6e50d,punjabi,real,real,Charkha.mp3,212,10
29eb356a35473eac9d4b2e8325ab0080,punjabi,real,real,Charkha.mp3,213,10
539bcb0f5bed470c52d1c1dd441ad0a5,punjabi,real,real,Charkha.mp3,214,10
6648298a09824f83ccb276d33c734021,punjabi,real,real,Charkha.mp3,215,10
4f3975faef49b42bcc86498a4915aaf5,punjabi,real,real,Charkha.mp3,216,10
f3358ffa0201d26384f40d077e712d66,punjabi,real,real,Charkha.mp3,217,10
f537caf9a27f649ed3d0b5dc90864a55,punjabi,real,real,Charkha.mp3,218,10
101ab6d3dfca4095d4705dd9f643a2c2,punjabi,real,real,Charkha.mp3,219,10
e9478390dc5f22c819c257ffa7bdd6a8,punjabi,real,real,Charkha.mp3,220,10
bd1f112900b16f5864911b8386369acd,punjabi,real,real,Charkha.mp3,221,10
27aae2700ce0eeff15c2c30c2bce6b0e,punjabi,real,real,Charkha.mp3,222,10
9e670ef70e9a26dab98634ae9fb2bdb6,punjabi,real,real,Charkha.mp3,223,10
5defb092f155c8cc2bfd872c8a6b0435,punjabi,real,real,Charkha.mp3,224,10
c71259141540756e676272d7ad0c3ed3,punjabi,real,real,Charkha.mp3,225,10
1ac63e83ae3703642da32b37627dba8f,punjabi,real,real,Charkha.mp3,226,10
a175f0f96bb5648425a3e91e7a534ddb,punjabi,real,real,Charkha.mp3,227,10
780e6a849ecc606e0e73399d284cba27,punjabi,real,real,Charkha.mp3,228,10
8db516f088798bf381881b378a19ccdd,punjabi,real,real,Charkha.mp3,229,10
e92920b05db304188b92d7a5807addda,punjabi,real,real,Charkha.mp3,230,10
dca1f15adeba2aa8ba833ad92a1f3d3f,punjabi,real,real,Charkha.mp3,231,10
cc27c1127d6ea18b0786026cdc0623d5,punjabi,real,real,Charkha.mp3,232,10
a21855d872658ba36c297f10e28a3342,punjabi,real,real,Charkha.mp3,233,10
c3b98e7d1ab102ad5b069cef06e9efbf,punjabi,real,real,Charkha.mp3,234,10
53e302202384620645f4d4918f6243d2,punjabi,real,real,Charkha.mp3,235,10
b151a6af378c070e7486c36b84736a6c,punjabi,real,real,Charkha.mp3,236,10
c61f963b6a9a595c70f00ceb805fb88e,punjabi,real,real,Charkha.mp3,237,10
36db3a9069f6525fa64144a70ceab6dd,punjabi,real,real,Charkha.mp3,238,10
eaa604a5d31e9cf5072c53f39348511b,punjabi,real,real,Charkha.mp3,239,10
30af759f98852df6a73b5bb3d59e55bd,punjabi,real,real,Charkha.mp3,240,10
33375465202704041bdf1d3418dd13ac,punjabi,real,real,Charkha.mp3,241,10
8197facb56bf7c9c8ccc582e7ee44c71,punjabi,real,real,Charkha.mp3,242,10
045db9e94fa73d68676eaec8a26ef3e4,punjabi,real,real,Charkha.mp3,243,10
8a3d09172bcbadb03069e40f811fe51d,punjabi,real,real,Charkha.mp3,244,10
52b67ddfa985f7ed8dbe18023a90bcb7,punjabi,real,real,Charkha.mp3,245,10
3b897fbbb147a55274dc2e9f10d252c4,punjabi,real,real,Charkha.mp3,246,10
a13f44f9ae23e6033bc821360ca82dd8,punjabi,real,real,Charkha.mp3,247,10
5c31529b9bef129296b0bb9ad6bdd6f5,punjabi,real,real,Charkha.mp3,248,10
dc8e2dcd4394b3fee392861357ba62ae,punjabi,real,real,Charkha.mp3,249,10
7f610bd1b5f0ade8f57a08e00b66567c,punjabi,real,real,Charkha.mp3,250,10
60c549d1c1193d9ff6039492cc3e6383,punjabi,real,real,Charkha.mp3,251,10
9151f610d6c108af86eb4b77154176a0,punjabi,real,real,Charkha.mp3,252,10
30ca1ef8480097fb9e633840c9a9b135,punjabi,real,real,Charkha.mp3,253,10
49b4d5a16671f9426e0a1efc9562c8b0,punjabi,real,real,Charkha.mp3,254,10
4644434e69cbc1f0aa3dfbdffc7b1f15,punjabi,real,real,Charkha.mp3,255,10
4fe06e8bb24d01e21fa7a73022b4e398,punjabi,real,real,Charkha.mp3,256,10
f029c40a228b9c97eef54493315f0fe1,punjabi,real,real,Charkha.mp3,257,10
8bca0c35c2dfc06330f47e028a963cd0,punjabi,real,real,Charkha.mp3,258,10
2091953ea372645ab1693e5110e9a866,punjabi,real,real,Charkha.mp3,259,10
8ec1ab118b4fe65955e3e5634b06271b,punjabi,real,real,Charkha.mp3,260,10
69861b61215911f15353b009ef0bd76b,punjabi,real,real,Charkha.mp3,261,10
c7ac3e75519476de19aa70b8ecc9f58e,punjabi,real,real,Charkha.mp3,262,10
51484f88e51d81681d2290378dc9be75,punjabi,real,real,Charkha.mp3,263,10
7295e85aacc8faef19a676510e957ec7,punjabi,real,real,Charkha.mp3,264,10
e2b9c526632b7d091aeb952adf9a0e01,punjabi,real,real,Charkha.mp3,265,10
2a3bc9ef43839f5d4a047cf81d56f89c,punjabi,real,real,Charkha.mp3,266,10
455a342b00c5a188966538b2cd1dda80,punjabi,real,real,Charkha.mp3,267,10
0cb697ef52cf98d2f5554d692827ba95,punjabi,real,real,Charkha.mp3,268,10
f8ee8b29ba563b2400448f12bbe2e694,punjabi,real,real,Charkha.mp3,269,10
6c5dd0787a99e7d26281193a93922024,punjabi,real,real,Charkha.mp3,270,10
f4e63b9f93dc661fa2c33e648ad6776a,punjabi,real,real,Charkha.mp3,271,10
a25d7d6bdbfc18354329f16118763562,punjabi,real,real,Charkha.mp3,272,10
581918d33e88a5d8e769d5ffe3cfe600,punjabi,real,real,Charkha.mp3,273,10
d4a961900506eb3b317eae081e4fdc2e,punjabi,real,real,Charkha.mp3,274,10
b45dbea59f0966d40f06faa0fc8cac01,punjabi,real,real,Charkha.mp3,275,10
e4129b83f6eda8bc9026d220dbae9e07,punjabi,real,real,Charkha.mp3,276,10
69660f64134df9aba24b79e32d71223c,punjabi,real,real,Charkha.mp3,277,10
bc847fab63460e4832ebb7211529c690,punjabi,real,real,Charkha.mp3,278,10
d9ace3f1f798fe9d17aeb2bf9a534eb5,punjabi,real,real,Charkha.mp3,279,10
2cbfd7c607201bfa996a8e0129ad6212,punjabi,real,real,Charkha.mp3,280,10
2b8e8ac4e6d44597ddedf502bc42353d,punjabi,real,real,Charkha.mp3,281,10
06df922820a2c5fa4b69281ead2b1ce5,punjabi,real,real,Charkha.mp3,282,10
da5543b4dff3c5d3979c3f0042fff08a,punjabi,real,real,Charkha.mp3,283,10
931d3913c7b8528c03f09c3ed581e6a1,punjabi,real,real,Charkha.mp3,284,10
fb1a7441a13af272718481ac4b134343,punjabi,real,real,Charkha.mp3,285,10
2137d2a8210d604782cef2b4e0ea79e1,punjabi,real,real,Charkha.mp3,286,10
8c99328bf84e4f520c800221f5df042c,punjabi,real,real,Charkha.mp3,287,10
31a6b9bb2eda227673a792de356ab38f,punjabi,real,real,Charkha.mp3,288,10
2077edfd7d6d59450ed6c95868f96378,punjabi,real,real,Charkha.mp3,289,10
6c6cc3232e8a717034e20dc847742ab0,punjabi,real,real,Charkha.mp3,290,10
e0865da7b4a18f04d085d6e869baf357,punjabi,real,real,Charkha.mp3,291,10
78d9dac7be0927cbe6757ecb61d8ad57,punjabi,real,real,Charkha.mp3,292,10
1d34c7276f5306fc3d2193a8fe15fac3,punjabi,real,real,Charkha.mp3,293,10
0cba38b62bd6dfd26fa0720e441c8f24,punjabi,real,real,Charkha.mp3,294,10
aa0ff62e788506352efd00e2b8a3ea87,punjabi,real,real,Charkha.mp3,295,10
86e5372f08ca08a70c99f74168833c27,punjabi,real,real,Charkha.mp3,296,10
2abe75e11f9feb3185a0d73703741de3,punjabi,real,real,Charkha.mp3,297,10
a11471f230744674a8edda2b06786812,punjabi,real,real,Charkha.mp3,298,10
bb42dc0160770edaf1c80a50fd496ca0,punjabi,real,real,Charkha.mp3,299,10
e69f495c82509948a2bb6cef57b98486,punjabi,real,real,Charkha.mp3,300,10
74109c1d25e2b2adb31b2f7f5a888329,punjabi,real,real,Charkha.mp3,301,10
7b67a65209661259f175d740cdcb703c,punjabi,real,real,Charkha.mp3,302,10
8d1cc43e66a699c49db57a5bb7e6bc4e,punjabi,real,real,Charkha.mp3,303,10
8f65922f1cd8f3a2fcdf5e6524a4b7e2,punjabi,real,real,Charkha.mp3,304,10
208bb72f407dc68a89c5cb0013f6fcd9,punjabi,real,real,Charkha.mp3,305,10
90e21d38f8d027ad225cee4ce5bdf9bf,punjabi,real,real,Charkha.mp3,306,10
1c78514f505c1d2f057c06e6c273ca58,punjabi,real,real,Charkha.mp3,307,10
ab268f24b0d935f0f3c9d72b746cd4e1,punjabi,real,real,Charkha.mp3,308,10
c61f3edb5d27588536687158ec808a31,punjabi,real,real,Charkha.mp3,309,10
d815a7251b06157f4987a41cea8c24c0,punjabi,real,real,Charkha.mp3,310,10
37758b63cafc49292b7b8af3646bac74,punjabi,real,real,Charkha.mp3,311,10
35c7e8ed976d03e3fde0609a370fce02,punjabi,real,real,Charkha.mp3,312,10
266511cf73bf49f284caddc53d9eec67,punjabi,real,real,Charkha.mp3,313,10
a3a8b146193a2e89a3ec676535eab395,punjabi,real,real,Charkha.mp3,314,10
ad0c276d7dd2219e4afd1bf953a3a756,punjabi,real,real,Charkha.mp3,315,10
86f9617c6ed47b60ed9a3a3fd0394f16,punjabi,real,real,Charkha.mp3,316,10
4e889083f4b7168a6c3df8126328b4c4,punjabi,real,real,Charkha.mp3,317,10
6d0b552c0f3048fb6eb2ca15e662d880,punjabi,real,real,Charkha.mp3,318,10
89457e2a8b69ff42f736d0e32198cc82,punjabi,real,real,Charkha.mp3,319,10
aa986b01b9d4a715f8707f4b10f08c8c,punjabi,real,real,Charkha.mp3,320,10
44e3cb8b4a4c618ccb854b4242006b42,punjabi,real,real,Charkha.mp3,321,10
d5f7682eac553b0d1ac5a4b1df43d482,punjabi,real,real,Charkha.mp3,322,10
91eecc6caf0884de82654d342eb86640,punjabi,real,real,Charkha.mp3,323,10
f239ceaf822bf84cc8add9a0913733a2,punjabi,real,real,Charkha.mp3,324,10
1a2ab4957d70d377e965abdd86b853e3,punjabi,real,real,Charkha.mp3,325,10
3ce7457d4fecf997fd7846283c4e12e6,punjabi,real,real,Charkha.mp3,326,10
a79415a65e593e44b558cc0779d00d2c,punjabi,real,real,Charkha.mp3,327,10
70dca759e2a3dc19b8646cb1ed5607fc,punjabi,real,real,Charkha.mp3,328,10
ec782538d51d0d8e40dcee4be964f42f,punjabi,real,real,Charkha.mp3,329,10
ca73ce8283bf5e4400d4aedea52afa52,punjabi,real,real,Charkha.mp3,330,10
e6e52769db20a1e96b018282946e0a4b,punjabi,real,real,Charkha.mp3,331,10
9efba207a2a68518a7a52215602d5295,punjabi,real,real,Charkha.mp3,332,10
64946abf519ce6e61a901067f25477ba,punjabi,real,real,Charkha.mp3,333,10
9722f8d093430dd4760b078cc1aee677,punjabi,real,real,Charkha.mp3,334,10
50616feddcf387883799154bdf4ba10b,punjabi,real,real,Charkha.mp3,335,10
7e34f0054476828ea80bcdf403c87139,punjabi,real,real,Charkha.mp3,336,10
7ab88bd6d09c518bfafb964cb4dd4869,punjabi,real,real,Charkha.mp3,337,10
7b165bf964ed44c18408ddd78247e7db,punjabi,real,real,Charkha.mp3,338,10
10b984ada59375f2a9d446dcbaffa908,punjabi,real,real,Charkha.mp3,339,10
8e0c97463fd3e47445800beb31016ce9,punjabi,real,real,Charkha.mp3,340,10
8c240ce77d8f42b78ce3657d506fd006,punjabi,real,real,Charkha.mp3,341,10
500eb74f45a5ab8be785f1343710aa7f,punjabi,real,real,Charkha.mp3,342,10
b63df50cdb433e04d0199600b2d19603,punjabi,real,real,Charkha.mp3,343,10
da9b916ca04aabe14f9af13af0cb9c31,punjabi,real,real,Charkha.mp3,344,10
43ea71fc568efb8b4fb176cc74950a2a,punjabi,real,real,Charkha.mp3,345,10
f3524aec46260289de7da7c5fbf61be9,punjabi,real,real,Charkha.mp3,346,10
261da1b2a722ac9a64e5064d164491c6,punjabi,real,real,Charkha.mp3,347,10
81a3ea321464857d65ae795333f8f915,punjabi,real,real,Charkha.mp3,348,10
5eec68c70338f36d92dd27d2899ef225,punjabi,real,real,Charkha.mp3,349,10
0490cc13777d06a436fe9c3678171f3d,punjabi,real,real,Charkha.mp3,350,10
feee64e1a9c30e8421ab724452a490a3,punjabi,real,real,Charkha.mp3,351,10
9d56524a487f023434834292985d0de6,punjabi,real,real,Charkha.mp3,352,10
ecfc4d8f11d1594ae4c340eded19cf29,punjabi,real,real,Charkha.mp3,353,10
716b43c247dcff2a48184462abdbcf41,punjabi,real,real,Charkha.mp3,354,10
6206a4ce377a34309e0ae0420abe4ca7,punjabi,real,real,Charkha.mp3,355,10
8b593be7b81469207f27152f9f7e3e0e,punjabi,real,real,Charkha.mp3,356,10
ab0de74ef48f45adacf93afa9703e42f,punjabi,real,real,Charkha.mp3,357,10
23cdfbe6c22a5777960655aad18794ef,punjabi,real,real,Charkha.mp3,358,10
c587042223399d533180d3fe2bc319d3,punjabi,real,real,Charkha.mp3,359,10
9adee2fa1bf26c6dc3ff4057a10a2a7b,punjabi,real,real,Charkha.mp3,360,10
28acd9fb774221cac1f2e1b2ea6bdfc0,punjabi,real,real,Kandayali Thor.mp3,0,10
cb55ee95aff81f9ac0732c144816036e,punjabi,real,real,Kandayali Thor.mp3,1,10
628f5128b1f9f7284d63e925564f8ad6,punjabi,real,real,Kandayali Thor.mp3,2,10
02837df914856a1e6da23ec9977ea30b,punjabi,real,real,Kandayali Thor.mp3,3,10
ed6cfc32659906cde617dc8d62f96de8,punjabi,real,real,Kandayali Thor.mp3,4,10
04fba12c27c16a9039efcbbb552ef127,punjabi,real,real,Kandayali Thor.mp3,5,10
500621cf9d30d58ff4304364ff33d0c9,punjabi,real,real,Kandayali Thor.mp3,6,10
10e7f7a0adfb8b58811acaca701d96d0,punjabi,real,real,Kandayali Thor.mp3,7,10
f24f74463b4aed970eb60dd5d0a0997e,punjabi,real,real,Kandayali Thor.mp3,8,10
c8a2f0501b24b7bfec0bb3842115f02b,punjabi,real,real,Kandayali Thor.mp3,9,10
7bd7ae43f2ae7afed01a53fe190cc919,punjabi,real,real,Kandayali Thor.mp3,10,10
236bb7d147f4d65ae535d3d00bbecb80,punjabi,real,real,Kandayali Thor.mp3,11,10
c518f6815dca783ac369e6e19e601b01,punjabi,real,real,Kandayali Thor.mp3,12,10
5fddb5a082fc442d37f1dc8852974cf3,punjabi,real,real,Kandayali Thor.mp3,13,10
4f5d196ada2102acab9b0d75e943c305,punjabi,real,real,Kandayali Thor.mp3,14,10
f4bc7e54aae15dbd154c31d2dfb2e42f,punjabi,real,real,Kandayali Thor.mp3,15,10
8e9182611026775e1ffe999a768b2670,punjabi,real,real,Kandayali Thor.mp3,16,10
89738541e32188dd5799527c9b9cb37f,punjabi,real,real,Kandayali Thor.mp3,17,10
f40997fc269f19c82dd74dff431354b9,punjabi,real,real,Kandayali Thor.mp3,18,10
92f90a2e4f1190fb24fe051e24cce906,punjabi,real,real,Kandayali Thor.mp3,19,10
bb0ef873fcc4df068c0e17122b8de5d8,punjabi,real,real,Kandayali Thor.mp3,20,10
52bc8a0ce2eedcc164d2c8faec094a2f,punjabi,real,real,Kandayali Thor.mp3,21,10
9c2dc1692e09ffe266550a7ecbf178fa,punjabi,real,real,Kandayali Thor.mp3,22,10
264aaf8cf424be0b8a04777f6b9118d6,punjabi,real,real,Kandayali Thor.mp3,23,10
51d8f43e665190cf3aa51ee2eccfb0fb,punjabi,real,real,Kandayali Thor.mp3,24,10
0bbb55921b039bc978ba3c47d356a410,punjabi,real,real,Kandayali Thor.mp3,25,10
479391b746e33a9eaaa620a25dcb6c9a,punjabi,real,real,Kandayali Thor.mp3,26,10
4a1b6df8d1c8caec4e3174f0abda032f,punjabi,real,real,Kandayali Thor.mp3,27,10
8a5b238c1ba6a90463e66348d91720a8,punjabi,real,real,Kandayali Thor.mp3,28,10
52ddca7497573ee13b91b345d67ff945,punjabi,real,real,Kandayali Thor.mp3,29,10
d6aaca06bc24ad108b1da44e4a9567a3,punjabi,real,real,Kandayali Thor.mp3,30,10
ffe0fc4b81c5daff402527e04779f79d,punjabi,real,real,Kandayali Thor.mp3,31,10
6d5797765c758aed9e03b11cc470be3f,punjabi,real,real,Kandayali Thor.mp3,32,10
46de055436abd0efbe7d05b47f749c03,punjabi,real,real,Kandayali Thor.mp3,33,10
1f0c38e4e8790b183ac9bb2a9b9bcdfb,punjabi,real,real,Kandayali Thor.mp3,34,10
d4e08ad381b9b78a372fd6a5bd1ad223,punjabi,real,real,Kandayali Thor.mp3,35,10
32479f68d7a7ad2d565d1848026ab22e,punjabi,real,real,Kandayali Thor.mp3,36,10
327339a3bf79263d70ecc768f1a2d2bd,punjabi,real,real,Kandayali Thor.mp3,37,10
f46ecd361b9a2695d36acc31756ad311,punjabi,real,real,Kandayali Thor.mp3,38,10
3a86714b6df87d3d406aa7e61eb5e0d6,punjabi,real,real,Kandayali Thor.mp3,39,10
260a82b31e720ad71e9265daef8252d7,punjabi,real,real,Kandayali Thor.mp3,40,10
b17a23bc52c6043644c7d46b825020c2,punjabi,real,real,Kandayali Thor.mp3,41,10
8f0c206797332e79dfbc398733676b98,punjabi,real,real,Kandayali Thor.mp3,42,10
50550ddbad453580f6c99a31a1fad34e,punjabi,real,real,Kandayali Thor.mp3,43,10
7fb777a87e396e8d64630bb3030f9b74,punjabi,real,real,Kandayali Thor.mp3,44,10
f0ac655304e16c86ba59b0cc32f31a8a,punjabi,real,real,Kandayali Thor.mp3,45,10
6e54939c6a603f4b518dcdfe09208dd6,punjabi,real,real,Kandayali Thor.mp3,46,10
190fb56aa9b8620f780d9fb42b513165,punjabi,real,real,Kandayali Thor.mp3,47,10
89f155410089308fbcf11a5f8905e6dd,punjabi,real,real,Kandayali Thor.mp3,48,10
df480c78eb98f2a17a5ecdd821d21820,punjabi,real,real,Kandayali Thor.mp3,49,10
a88a628faa2c1df60c5c8863283309a9,punjabi,real,real,Kandayali Thor.mp3,50,10
fec15201cd600e396689db592ba087ef,punjabi,real,real,Kandayali Thor.mp3,51,10
85daedb013331bb1d492c4a1761324ef,punjabi,real,real,Kandayali Thor.mp3,52,10
2ac2b5a2527d37fa86d066e714d703cf,punjabi,real,real,Kandayali Thor.mp3,53,10
1583359ff8d92c6a86c2369d63fac292,punjabi,real,real,Kandayali Thor.mp3,54,10
33331073bdee14ca62688cfe3d178096,punjabi,real,real,Kandayali Thor.mp3,55,10
87b1dd50ddb42ff55b404848c308961f,punjabi,real,real,Kandayali Thor.mp3,56,10
ead1eb231426db36d3608db625c0eb89,punjabi,real,real,Kandayali Thor.mp3,57,10
344ab06a7cfe9016f64e0d1d983cb11e,punjabi,real,real,Kandayali Thor.mp3,58,10
c1d5295cc8352292d37aef5d25855d01,punjabi,real,real,Kandayali Thor.mp3,59,10
7f09e9876d075ebaa45e4e778520bc75,punjabi,real,real,Kandayali Thor.mp3,60,10
aae69910c4d289ff7f559d64a53672d0,punjabi,real,real,Kandayali Thor.mp3,61,10
4c0a2e0cb2d9939808141ed70b2b487a,punjabi,real,real,Kandayali Thor.mp3,62,10
59974eb892c112f59e20dca30bf260b0,punjabi,real,real,Kandayali Thor.mp3,63,10
991df342a09cc1cd5620885c9086ec8b,punjabi,real,real,Kandayali Thor.mp3,64,10
561344298653d814d5416354d646eb79,punjabi,real,real,Kandayali Thor.mp3,65,10
70eb28f114099c2ad0140b1f645a452a,punjabi,real,real,Kandayali Thor.mp3,66,10
2a5b638445dbf43cff1daab6461f3042,punjabi,real,real,Kandayali Thor.mp3,67,10
659ed4c69aff1fc3110b9aaf0c033bb4,punjabi,real,real,Kandayali Thor.mp3,68,10
68916140dd5db4e51694673cba4b50e0,punjabi,real,real,Kandayali Thor.mp3,69,10
e8e9a0d09e7c2b9925bdfbf043a71b8d,punjabi,real,real,Kandayali Thor.mp3,70,10
c9636624f47ac2dec093bb85833c2e1a,punjabi,real,real,Kandayali Thor.mp3,71,10
a380122a659e77ed51da53c2812598be,punjabi,real,real,Kandayali Thor.mp3,72,10
4d75f17382658f88bb2da9e5bb6d3778,punjabi,real,real,Kandayali Thor.mp3,73,10
fc611b462aea8ff44a16ba764523fd42,punjabi,real,real,Kandayali Thor.mp3,74,10
57a3583ed0307ec2517d3f8be9b4e057,punjabi,real,real,Kandayali Thor.mp3,75,10
82b9db5e657d23d98ce73e8d20083daa,punjabi,real,real,Kandayali Thor.mp3,76,10
52ab46532909c0a898b515ab28b15359,punjabi,real,real,Kandayali Thor.mp3,77,10
988cb2b071acf8814707926276090eb3,punjabi,real,real,Kandayali Thor.mp3,78,10
79e08d3004e7e4bea7bab1e710c304f3,punjabi,real,real,Kandayali Thor.mp3,79,10
071d424bef6d0544f8cb5754e5dcc954,punjabi,real,real,Kandayali Thor.mp3,80,10
829153dc03a71ae07bb97d91f1c6e4c6,punjabi,real,real,Kandayali Thor.mp3,81,10
c8b0c8cc81d77bb600714b50dc5b6529,punjabi,real,real,Kandayali Thor.mp3,82,10
7f4f67239db4496bca62399aec721dee,punjabi,real,real,Kandayali Thor.mp3,83,10
166d7cbc36ffe54d12e94382bc799658,punjabi,real,real,Kandayali Thor.mp3,84,10
ee83de7b41c315e54f6882f4e2453562,punjabi,real,real,Kandayali Thor.mp3,85,10
76af7a8373b8f9cdd8c57d6490585e4d,punjabi,real,real,Kandayali Thor.mp3,86,10
645047a6da783cc45fbcb023036baae1,punjabi,real,real,Kandayali Thor.mp3,87,10
e69d8156dea33f16d44de14bb81dfdcf,punjabi,real,real,Kandayali Thor.mp3,88,10
01204f8bec2724da020d795cb6c77f09,punjabi,real,real,Kandayali Thor.mp3,89,10
a8c049aac3c735ac9815977a3da75667,punjabi,real,real,Kandayali Thor.mp3,90,10
fe8cf7ed928f0df4da1356191d7f6909,punjabi,real,real,Kandayali Thor.mp3,91,10
7947ded5ac7764af33a06b23b19ceda1,punjabi,real,real,Kandayali Thor.mp3,92,10
f81888e5586b63f12f9a2c120482bb8e,punjabi,real,real,Kandayali Thor.mp3,93,10
66a0aefc61c09dc59800e1a774cd4f03,punjabi,real,real,Kandayali Thor.mp3,94,10
8f2c275ac7ab5dbbc728e0ab5b737f10,punjabi,real,real,Kandayali Thor.mp3,95,10
e203b71726bf52f1b2fe0c7b64a05148,punjabi,real,real,Kandayali Thor.mp3,96,10
9da17dc36716dae6d413e6ff8f9a933b,punjabi,real,real,Kandayali Thor.mp3,97,10
7158c802cd03ca00f1078b8d3562848e,punjabi,real,real,Kandayali Thor.mp3,98,10
cc6f68910b1ae7cf39fac54ec3c14dbc,punjabi,real,real,Kandayali Thor.mp3,99,10
33af73990e6c1e71e77632716958a76a,punjabi,real,real,Kandayali Thor.mp3,100,10
4414a379d49a84be06b1be2d7327d822,punjabi,real,real,Kandayali Thor.mp3,101,10
7a4a0c02c10a1ed05407e32d3162f0b6,punjabi,real,real,Kandayali Thor.mp3,102,10
3e820bb7e722d45542ddf17a3332cace,punjabi,real,real,Kandayali Thor.mp3,103,10
d7be2903c331c6f445d8419bcf194aba,punjabi,real,real,Kandayali Thor.mp3,104,10
2d9a01cdc1301af917471ec183285df8,punjabi,real,real,Kandayali Thor.mp3,105,10
3adbd8b8ecd370b5417738392b470b0f,punjabi,real,real,Kandayali Thor.mp3,106,10
8802c08c8c3b4b76067c60d6f1c0bbea,punjabi,real,real,Kandayali Thor.mp3,107,10
2f953033daafe1a36534192a0825e26b,punjabi,real,real,Kandayali Thor.mp3,108,10
daeca1c19df8839e6431548efaf3eb6e,punjabi,real,real,Kandayali Thor.mp3,109,10
1dad450dc4418900ffe3e164012108ac,punjabi,real,real,Kandayali Thor.mp3,110,10
3e8266057a27eca8f86255316b1bbe50,punjabi,real,real,Kandayali Thor.mp3,111,10
c25d5d60a6035140b586a73fc5d7ab70,punjabi,real,real,Kandayali Thor.mp3,112,10
453e738575bc3d2aeb440601a70425a5,punjabi,real,real,Kandayali Thor.mp3,113,10
60f74f173d8c70c17ad2cf4ffbc6a0dd,punjabi,real,real,Kandayali Thor.mp3,114,10
dd4b9ff7d23fa06f14c0d403c5eb3402,punjabi,real,real,Kandayali Thor.mp3,115,10
88d5840d3fc1a135c49df458f73ed7d4,punjabi,real,real,Kandayali Thor.mp3,116,10
676b7b851f4fea99fe62356370e971b2,punjabi,real,real,Kandayali Thor.mp3,117,10
b0ebeaecbf9fe43e67f5660ba75007ae,punjabi,real,real,Kandayali Thor.mp3,118,10
bf0a6433e57fa1e9f92c46a33aa55999,punjabi,real,real,Kandayali Thor.mp3,119,10
6c689d43de05d2460d5acff08c3df86d,punjabi,real,real,Kandayali Thor.mp3,120,10
44cf9ada081da54b69678d502285ff7e,punjabi,real,real,Kandayali Thor.mp3,121,10
02e2711e914eb623c5fd58abab67b3c4,punjabi,real,real,Kandayali Thor.mp3,122,10
4e49f6407612078468b60449714fb885,punjabi,real,real,Kandayali Thor.mp3,123,10
706269ac995e8c1bf9ba4b618994cf8c,punjabi,real,real,Kandayali Thor.mp3,124,10
64334dcec93027b41029f1aea99a92b9,punjabi,real,real,Kandayali Thor.mp3,125,10
0293393d8ac95bd72760fb993bd2cd59,punjabi,real,real,Kandayali Thor.mp3,126,10
5c13681c3a6c7bfd425170b0c79da881,punjabi,real,real,Kandayali Thor.mp3,127,10
4ed538564c1e39d5cc52e0d8343603de,punjabi,real,real,Kandayali Thor.mp3,128,10
b07ab9a266500569d99fdd1cac56dbce,punjabi,real,real,Kandayali Thor.mp3,129,10
b10e4bdab6eb632be2ecb6fdbc65b15d,punjabi,real,real,Kandayali Thor.mp3,130,10
5ed864ad5b9cab422a66d84005daff65,punjabi,real,real,Kandayali Thor.mp3,131,10
83450daa6a0ddf01d72feb40d069c25c,punjabi,real,real,Kandayali Thor.mp3,132,10
89e1c74820e859a7fc1ce56f30797057,punjabi,real,real,Kandayali Thor.mp3,133,10
28857edff9870e3bd86d8b749fef6ed0,punjabi,real,real,Kandayali Thor.mp3,134,10
8104922d2a2c07be5f13c4a4202b4e8f,punjabi,real,real,Kandayali Thor.mp3,135,10
33e3502c5b8eef30f4411644806bb34a,punjabi,real,real,Kandayali Thor.mp3,136,10
8eeb6e163d7a8421f61c0cc10dc355b2,punjabi,real,real,Kandayali Thor.mp3,137,10
5301a5385d76fe67127dd1b274dd5bca,punjabi,real,real,Kandayali Thor.mp3,138,10
98033ae67edb2fd3a9353e85ded418b2,punjabi,real,real,Kandayali Thor.mp3,139,10
56547a196259cc15cfa7f469e4dc52d7,punjabi,real,real,Kandayali Thor.mp3,140,10
5d1fc93ccf7cfb864225192d7406627e,punjabi,real,real,Kandayali Thor.mp3,141,10
0d8d21429262fece11536b7333672bc9,punjabi,real,real,Kandayali Thor.mp3,142,10
861617658c214bc4766a98eeb1cac6e9,punjabi,real,real,Kandayali Thor.mp3,143,10
d8d805912c9a7330dd72010e93d20c70,punjabi,real,real,Kandayali Thor.mp3,144,10
8b6c04974e73a28c9a143900405e386a,punjabi,real,real,Kandayali Thor.mp3,145,10
484ef39b861bd90fc1532f48991275ab,punjabi,real,real,Kandayali Thor.mp3,146,10
09ae08aa9f7754fcbaf2e40b78e4cb91,punjabi,real,real,Kandayali Thor.mp3,147,10
5b9813b650bddb98452fca4f3a33f1df,punjabi,real,real,Kandayali Thor.mp3,148,10
093f694f392791c8ec3355af5a03f825,punjabi,real,real,Kandayali Thor.mp3,149,10
438cea0c318746b000447cff783b4f0f,punjabi,real,real,Kandayali Thor.mp3,150,10
7d2ac39356b3e7b4b50ecd45da0eceb4,punjabi,real,real,Kandayali Thor.mp3,151,10
2ff03c55eb1ad28eef3dc9f206ccfdf3,punjabi,real,real,Kandayali Thor.mp3,152,10
5e2878f0cfc16dc6ab75533873ee6808,punjabi,real,real,Kandayali Thor.mp3,153,10
08cbf97b4ebe95a3ceae99738509d88c,punjabi,real,real,Kandayali Thor.mp3,154,10
03c2f276a255eefbfbff2e76a0131a3d,punjabi,real,real,Kandayali Thor.mp3,155,10
33f24ba5cdffa463d0c992730dfbf2b7,punjabi,real,real,Kandayali Thor.mp3,156,10
5139f660f8619373bbe1831b8611edc2,punjabi,real,real,Kandayali Thor.mp3,157,10
f3a1487300b84e44474342a7fd3a8f58,punjabi,real,real,Kandayali Thor.mp3,158,10
c72d7a0d5b66d6c3da65c0a19f0a14db,punjabi,real,real,Kandayali Thor.mp3,159,10
a10ee0176b463454f514a6cfcc4508c5,punjabi,real,real,Kandayali Thor.mp3,160,10
22e4057f55a5795c0ff6f239d1372679,punjabi,real,real,Kandayali Thor.mp3,161,10
8ba97a3f9c7622a3bb34bfec68706555,punjabi,real,real,Kandayali Thor.mp3,162,10
6b80cf1ecfcb6aa24de8287a4fd61bec,punjabi,real,real,Kandayali Thor.mp3,163,10
5e0ddd007873d232d9fe7037e2ee8d50,punjabi,real,real,Kandayali Thor.mp3,164,10
33f5482576844e1e69a97f316b3211d7,punjabi,real,real,Kandayali Thor.mp3,165,10
ed39564eb8c08602761d23e003dd6cca,punjabi,real,real,Kandayali Thor.mp3,166,10
32fb9773563886a206021a72fceae1ce,punjabi,real,real,Kandayali Thor.mp3,167,10
9e6159a699428a077192c6d05457675d,punjabi,real,real,Kandayali Thor.mp3,168,10
dc278bced0f06f4e52b513c7fc244fb2,punjabi,real,real,Kandayali Thor.mp3,169,10
ff6c7944d4b6a75fe415b4c6cc98b74c,punjabi,real,real,Kandayali Thor.mp3,170,10
063fb3149ea5b6acf9e040c9ea65ce92,punjabi,real,real,Kandayali Thor.mp3,171,10
e99bd794c521e53c51f4c211f7a4ee30,punjabi,real,real,Kandayali Thor.mp3,172,10
801b3586ed2a878e7e41c11891c81a57,punjabi,real,real,Kandayali Thor.mp3,173,10
adfbbe33d0ad31356e2a2855db6707a2,punjabi,real,real,Kandayali Thor.mp3,174,10
c60b1f4bb569d88d7abc57cdeb388b48,punjabi,real,real,Kandayali Thor.mp3,175,10
301e988eeb5359c2f31a721b7f674abc,punjabi,real,real,Kandayali Thor.mp3,176,10
4c675d0dbb04099c47c864d349095872,punjabi,real,real,Kandayali Thor.mp3,177,10
1a2cd28fdbc27e2305c3bd75fc512b1c,punjabi,real,real,Kandayali Thor.mp3,178,10
0543c29b7428b55d115d70646fffebc5,punjabi,real,real,Kandayali Thor.mp3,179,10
8271a20746806db5678bd62b827c0254,punjabi,real,real,Kandayali Thor.mp3,180,10
5509a2194cb4b434877530ff22f3b38f,punjabi,real,real,Kandayali Thor.mp3,181,10
a1862968ff8fcae46208aeef98577c63,punjabi,real,real,Kandayali Thor.mp3,182,10
2a5d65b9ae9101ff82dfd08bea2bd76f,punjabi,real,real,Kandayali Thor.mp3,183,10
21cfd80233471f8ba07559ac95381035,punjabi,real,real,Kandayali Thor.mp3,184,10
6881d8f51519ff6fee45391fd98b887d,punjabi,real,real,Kandayali Thor.mp3,185,10
a282bde3a06cfc1acd90140b4dcc2265,punjabi,real,real,Kandayali Thor.mp3,186,10
a3aa6460918438977849867572e89143,punjabi,real,real,Kandayali Thor.mp3,187,10
aa17734d8bc19f00b6fde3b949f119cd,punjabi,real,real,Kandayali Thor.mp3,188,10
36eb16ea620e189037d7114639ece2d3,punjabi,real,real,Kandayali Thor.mp3,189,10
8de4054a3abebe05668804f4d691ffb4,punjabi,real,real,Kandayali Thor.mp3,190,10
8c0b8fcdf6c7ba6b9020f7ebb9f67919,punjabi,real,real,Kandayali Thor.mp3,191,10
c8d1f277903f7061e292df1dddad2fbd,punjabi,real,real,Kandayali Thor.mp3,192,10
8ec661ffbb732c48943d68d8679f5a68,punjabi,real,real,Kandayali Thor.mp3,193,10
cb31ffc8bd5353ba327202f9a4cb68d9,punjabi,real,real,Kandayali Thor.mp3,194,10
3e1db8596008cd1543de665b8da2146d,punjabi,real,real,Kandayali Thor.mp3,195,10
5d3249bbd6c6ce895eeedfb6622ebf1d,punjabi,real,real,Kandayali Thor.mp3,196,10
8276cdcffd01047b4bb10191e0414973,punjabi,real,real,Kandayali Thor.mp3,197,10
8b10d9758450d051dfbe093b7c2d06c2,punjabi,real,real,Kandayali Thor.mp3,198,10
3278a84cb194d396a2d270c224c534e9,punjabi,real,real,Kandayali Thor.mp3,199,10
f8d90a74f6be085247ad0af75e0fd3a6,punjabi,real,real,Kandayali Thor.mp3,200,10
cbd835a176d33e95925cd1032143484b,punjabi,real,real,Kandayali Thor.mp3,201,10
fa84fe06c61f7485a4b954fa0a7a27d6,punjabi,real,real,Kandayali Thor.mp3,202,10
7241c935ea3ae7a7e8d4dba4ca04ac1b,punjabi,real,real,Kandayali Thor.mp3,203,10
f09632ef530d74fd376c7ed36a6a39d7,punjabi,real,real,Kandayali Thor.mp3,204,10
c277e87dfb7ddb0d3ebebf1a8c184066,punjabi,real,real,Kandayali Thor.mp3,205,10
7be14953831378219675bd94dc1d42a3,punjabi,real,real,Kandayali Thor.mp3,206,10
4882431775edcda499e2406a2d784f22,punjabi,real,real,Kandayali Thor.mp3,207,10
5c01c7752fb71f3354f4c72e474ceaf5,punjabi,real,real,Kandayali Thor.mp3,208,10
cedf795e47d274f8b29180c58f17a250,punjabi,real,real,Kandayali Thor.mp3,209,10
dd155ae8a9c354a9cd6bcdd57dc8631c,punjabi,real,real,Kandayali Thor.mp3,210,10
cd88103088a41b50a487f228959d705b,punjabi,real,real,Kandayali Thor.mp3,211,10
674e27363652b31065d2b56ac3edaa12,punjabi,real,real,Kandayali Thor.mp3,212,10
3df8035c3c29bb94fde1d8359fc79642,punjabi,real,real,Kandayali Thor.mp3,213,10
b338fd3ca3221b1b341d875e0774d6cc,punjabi,real,real,Kandayali Thor.mp3,214,10
de27273f2f2a08807c3c6c1b11901c75,punjabi,real,real,Kandayali Thor.mp3,215,10
1fddb4b7ebe8bc02368ced49f8151919,punjabi,real,real,Kandayali Thor.mp3,216,10
62f59411ec5138513f10678874d98e5d,punjabi,real,real,Kandayali Thor.mp3,217,10
ea9474573405eccb79f373bd49bd27d7,punjabi,real,real,Kandayali Thor.mp3,218,10
e86d198cc0c3184945a84d7e1b497dad,punjabi,real,real,Kandayali Thor.mp3,219,10
895091c8cd177a7614a47a605f9b0e22,punjabi,real,real,Kandayali Thor.mp3,220,10
77de93cd149e785f6cd0f7122718fec7,punjabi,real,real,Kandayali Thor.mp3,221,10
21e67f20812ce60aab2cf1cf88bc77ab,punjabi,real,real,Sarke Sarke Jandiye Mutiare Ni.mp3,0,10
f8f3db42c8d0995c56aee7460149a718,punjabi,real,real,Sarke Sarke Jandiye Mutiare Ni.mp3,1,10
79af1fb800b8c4c8208e4b69f265bd40,punjabi,real,real,Sarke Sarke Jandiye Mutiare Ni.mp3,2,10
464fcadad8aee3777f2776874e947da9,punjabi,real,real,Sarke Sarke Jandiye Mutiare Ni.mp3,3,10
a2affa974ae83bd987afb73fd812e475,punjabi,real,real,Sarke Sarke Jandiye Mutiare Ni.mp3,4,10
0c9eef092e2848d0517f49b3137bcef0,punjabi,real,real,Sarke Sarke Jandiye Mutiare Ni.mp3,5,10
f1f13549613599e2321e120ab1f85476,punjabi,real,real,Sarke Sarke Jandiye Mutiare Ni.mp3,6,10
2231b3aa29a0536f6c307f3fb0a7a2dc,punjabi,real,real,Sarke Sarke Jandiye Mutiare Ni.mp3,7,10
fa1dda07807c7b5d996990192dc372af,punjabi,real,real,Sarke Sarke Jandiye Mutiare Ni.mp3,8,10
fd9022190a05fb6aa57ac34eef759850,punjabi,real,real,Sarke Sarke Jandiye Mutiare Ni.mp3,9,10
f1ba1b12f1a0f88b00fafe0f6beed3a2,punjabi,real,real,Sarke Sarke Jandiye Mutiare Ni.mp3,10,10
358d60fbabe9b6041694800c441b297d,punjabi,real,real,Sarke Sarke Jandiye Mutiare Ni.mp3,11,10
617de652e5c14ba037724eab255572e8,punjabi,real,real,Sarke Sarke Jandiye Mutiare Ni.mp3,12,10
28cd5bdce3449e8762ef56ccda15dcba,punjabi,real,real,Sarke Sarke Jandiye Mutiare Ni.mp3,13,10
9da0e9336635ad0e2738116aea44df86,punjabi,real,real,Sarke Sarke Jandiye Mutiare Ni.mp3,14,10
f53acd80f40b01f5a667dfd8041a5fc1,punjabi,real,real,Sarke Sarke Jandiye Mutiare Ni.mp3,15,10
47c75139d76c9236a8493c435dfded93,punjabi,real,real,Sarke Sarke Jandiye Mutiare Ni.mp3,16,10
c445ddf15cd4a22df7847ecc7fc92df9,punjabi,real,real,Sarke Sarke Jandiye Mutiare Ni.mp3,17,10
ef1d923e1c89b9298e1f9a257a2ba4fd,punjabi,real,real,Sarke Sarke Jandiye Mutiare Ni.mp3,18,10
b1fe6b0f8e7e4511b4f3d07b255e81c9,punjabi,real,real,Sarke Sarke Jandiye Mutiare Ni.mp3,19,10
0177de7babb8680e2c8ede574f1764ff,punjabi,real,real,Sarke Sarke Jandiye Mutiare Ni.mp3,20,10
6ddd0fb0a473030b552f5a7e411bba6d,punjabi,real,real,Sarke Sarke Jandiye Mutiare Ni.mp3,21,10
4cd59392b6e4676d583e21b7cd50a07a,punjabi,real,real,Sarke Sarke Jandiye Mutiare Ni.mp3,22,10
6bf8a2408b426ed11f882970ef7ee789,punjabi,real,real,Sarke Sarke Jandiye Mutiare Ni.mp3,23,10
83e86d0054b88ba910c6c0fba1715fe5,punjabi,real,real,Sarke Sarke Jandiye Mutiare Ni.mp3,24,10
4c7dc69faa280dbfd2519af96ced1ae2,punjabi,real,real,Sarke Sarke Jandiye Mutiare Ni.mp3,25,10
c37b4cf91c722f3a7ca1cd0823355f08,punjabi,real,real,Sarke Sarke Jandiye Mutiare Ni.mp3,26,10
e1dc0857746fe9f42f5470bfa4357435,punjabi,real,real,Sarke Sarke Jandiye Mutiare Ni.mp3,27,10
5c7d20d4af468327576d3d4950e22a30,punjabi,real,real,Sarke Sarke Jandiye Mutiare Ni.mp3,28,10
b0c0f29cf3b625a6ef4b54b3241f2f91,punjabi,real,real,Sarke Sarke Jandiye Mutiare Ni.mp3,29,10
5f61f9b26ada977920874f9f39a6efcc,punjabi,real,real,Sarke Sarke Jandiye Mutiare Ni.mp3,30,10
0ad8c4763a05afb35a3021bfeb1703db,punjabi,real,real,Ik Meri Akh Kashni.mp3,0,10
051e3658df23a47e6c0bcf34febc1a60,punjabi,real,real,Ik Meri Akh Kashni.mp3,1,10
706e9981940bdb9402a4d25280a80823,punjabi,real,real,Ik Meri Akh Kashni.mp3,2,10
ec8b93d9538835d6e8774014c3221506,punjabi,real,real,Ik Meri Akh Kashni.mp3,3,10
7b21351a632f9f9d213b8edc9cd0b3ac,punjabi,real,real,Ik Meri Akh Kashni.mp3,4,10
f41d25d95a36d1ae54f6e10ccad9a9b8,punjabi,real,real,Ik Meri Akh Kashni.mp3,5,10
4958d0e81664a6f4e1c7ba1a3179bb7f,punjabi,real,real,Ik Meri Akh Kashni.mp3,6,10
eca5458fca41e4d2d7fd6090559dc1a6,punjabi,real,real,Ik Meri Akh Kashni.mp3,7,10
b82cda33313072877371fbe769b18cd9,punjabi,real,real,Ik Meri Akh Kashni.mp3,8,10
a67387b6a3918777d7c68d04b657476c,punjabi,real,real,Ik Meri Akh Kashni.mp3,9,10
fe30c33a16ea598d022bbfe4948a1b66,punjabi,real,real,Ik Meri Akh Kashni.mp3,10,10
1eb66ec0368a147126cc39de356e4506,punjabi,real,real,Ik Meri Akh Kashni.mp3,11,10
17e507412274470c5306494de08f1547,punjabi,real,real,Ik Meri Akh Kashni.mp3,12,10
1ecb7ad344983992b370c954426fe81a,punjabi,real,real,Mohabbatan De Dhol.mp3,0,10
0ed0a7fc307cd4f456bec575887911bd,punjabi,real,real,Mohabbatan De Dhol.mp3,1,10
bd351dd8681d92d6f2dfdef6aa59e81b,punjabi,real,real,Mohabbatan De Dhol.mp3,2,10
8812943b397fce08d1c8c72d208cc69d,punjabi,real,real,Mohabbatan De Dhol.mp3,3,10
23d520e7f47e5afeb0aaa54a713aaa1d,punjabi,real,real,Mohabbatan De Dhol.mp3,4,10
2d4464dc27dd4b7f9af973aea4cfc828,punjabi,real,real,Mohabbatan De Dhol.mp3,5,10
bff624044ed66aa8cbb3afe0dc064904,punjabi,real,real,Mohabbatan De Dhol.mp3,6,10
3d1dca309ae7cac9f7b7678ce91b4f64,punjabi,real,real,Mohabbatan De Dhol.mp3,7,10
a46ce0b60e427af05f15fb9dc512eb05,punjabi,real,real,Mohabbatan De Dhol.mp3,8,10
93fc52daa6a6f9f12463ec4ba167114f,punjabi,real,real,Mohabbatan De Dhol.mp3,9,10
d294f0d8e4f85b90bb1d3c307f57cff9,punjabi,real,real,Mohabbatan De Dhol.mp3,10,10
499862af14a05a64d97d13ce1565166b,punjabi,real,real,Mohabbatan De Dhol.mp3,11,10
a7144c4398647834dcd1904d4526952b,punjabi,real,real,Mohabbatan De Dhol.mp3,12,10
38b8384fe726e87427177c59325b18d3,punjabi,real,real,Mohabbatan De Dhol.mp3,13,10
00253280d3259949b699208506a22ec6,punjabi,real,real,Mohabbatan De Dhol.mp3,14,10
cd46c4eebd54ae08ac97f136a4132417,punjabi,real,real,Mohabbatan De Dhol.mp3,15,10
edbf0bcd2a65736401c452dec55bc170,punjabi,real,real,Mohabbatan De Dhol.mp3,16,10
05a0d25b7131a596321a400953c3e989,punjabi,real,real,Mohabbatan De Dhol.mp3,17,10
7301166713019b144907ddab98f6cba1,punjabi,real,real,Mohabbatan De Dhol.mp3,18,10
5b7a3173a8902f6db9d93a35f07afc93,punjabi,real,real,Mohabbatan De Dhol.mp3,19,10
11e184da996241ef2bcd23990e99f796,punjabi,real,real,Mohabbatan De Dhol.mp3,20,10
c4039bf6a2935c0a34c17bbe2e4e290b,punjabi,real,real,Mohabbatan De Dhol.mp3,21,10
85993abf8264f08bae96be20281cdc62,punjabi,real,real,Mohabbatan De Dhol.mp3,22,10
737a7c1d1b2785b64f34a90e5867af21,punjabi,real,real,Mohabbatan De Dhol.mp3,23,10
3dd765abe1e005e01776f96ca39ec530,punjabi,real,real,Mohabbatan De Dhol.mp3,24,10
17d15a0a349a532c20d58fb42bf57f49,punjabi,real,real,Mohabbatan De Dhol.mp3,25,10
67157b88950d1afdc81f9afcb5fca10d,punjabi,real,real,Mohabbatan De Dhol.mp3,26,10
b406ecb82db84aeba6accc637afbae99,punjabi,real,real,Mohabbatan De Dhol.mp3,27,10
5cf8bffafc5e8407fc1b387cbce79595,punjabi,real,real,Mohabbatan De Dhol.mp3,28,10
7ff74a65c87a598e2eacf4addceca659,punjabi,real,real,Mohabbatan De Dhol.mp3,29,10
d2d956c928493790a8888d4d0c57517e,punjabi,real,real,Mohabbatan De Dhol.mp3,30,10
41d9de88514ed7e64dc3fa89b3fa9b09,punjabi,real,real,Mohabbatan De Dhol.mp3,31,10
f3947c3c3bca9f6edcfeb3ebd05e04b9,punjabi,real,real,Mohabbatan De Dhol.mp3,32,10
fcd6b74284e0b98b2ff8524a68150f34,punjabi,real,real,Mohabbatan De Dhol.mp3,33,10
b5e3d99f17e509263f9937a0d322006a,punjabi,real,real,Mohabbatan De Dhol.mp3,34,10
e50f4e361f88e64fdd1194da07af316e,punjabi,real,real,Mohabbatan De Dhol.mp3,35,10
24f2f3ef191585a7f20e32b5571cfe27,punjabi,real,real,Mohabbatan De Dhol.mp3,36,10
e4676a19b38bb08f466ace6493e9c93a,punjabi,real,real,Mohabbatan De Dhol.mp3,37,10
8afa23171214fd0dfd759a45a8bfb5f7,punjabi,real,real,Mohabbatan De Dhol.mp3,38,10
45ae4a29627ce501b92b28bea963dd13,punjabi,real,real,Mohabbatan De Dhol.mp3,39,10
689db391146a766e144073b5940408ed,punjabi,real,real,Mohabbatan De Dhol.mp3,40,10
ca99178ec6c50f494c770dd8cf1fcb50,punjabi,real,real,Mohabbatan De Dhol.mp3,41,10
1bc3e7006bb38457c84303b6470fad37,punjabi,real,real,Mohabbatan De Dhol.mp3,42,10
ef5f9f92aa14ed1933e7f8eda22ed9ad,punjabi,real,real,Mohabbatan De Dhol.mp3,43,10
646280eb03f5923e86bc9c6eb08cb6e9,punjabi,real,real,Mohabbatan De Dhol.mp3,44,10
69f94ae84cef16ab098a0191f36f3ad3,punjabi,real,real,Proper Patola.mp3,0,10
72146985278832398f5275e666442ae8,punjabi,real,real,Proper Patola.mp3,1,10
be2278c2f8873c861929f7ad6a9190aa,punjabi,real,real,Proper Patola.mp3,2,10
adacadb30f8415e989a68879f789b4cb,punjabi,real,real,Proper Patola.mp3,3,10
85868c2f99f7ba4cc99785f09b599fb0,punjabi,real,real,Proper Patola.mp3,4,10
0d55b2a18f9dfdf58a73286df5d1c6fa,punjabi,real,real,Proper Patola.mp3,5,10
8a733dbe0fa6610551461797b690cd64,punjabi,real,real,Proper Patola.mp3,6,10
a49de98c73d428f3654f37ef158eb636,punjabi,real,real,Proper Patola.mp3,7,10
b52e0f9efdba3e130e109f2a82171b82,punjabi,real,real,Proper Patola.mp3,8,10
e13562a01a97abda0bad08575a71884c,punjabi,real,real,Proper Patola.mp3,9,10
6cddb70dd1409dba55ae545dc24271e1,punjabi,real,real,Proper Patola.mp3,10,10
8b2fdeb0ad6a627173ee3d1e4f2ba77b,punjabi,real,real,Proper Patola.mp3,11,10
137f577a5ad1a6a25e57cea858c4b13a,punjabi,real,real,Proper Patola.mp3,12,10
7b7f7199cbb18a9d4cc9f932881b0dd1,punjabi,real,real,Proper Patola.mp3,13,10
45f101b1f38f9406a3974b21ddb4accd,punjabi,real,real,Proper Patola.mp3,14,10
dc34b5449e67dcc3461f62bb005192ad,punjabi,real,real,High Heels.mp3,0,10
b6a701f39b9914790de91daa6f1b96fe,punjabi,real,real,High Heels.mp3,1,10
0a69aee6c011235517f76a5b8157e880,punjabi,real,real,High Heels.mp3,2,10
06b25d68459a32cb8a776c3c67b345d8,punjabi,real,real,High Heels.mp3,3,10
035f21516a7b6eaf3b2b2edf420d6fa4,punjabi,real,real,High Heels.mp3,4,10
c0a6d54e85d447a2ae887cc089802742,punjabi,real,real,High Heels.mp3,5,10
beabb57f19595a7d450c43eba1b2120c,punjabi,real,real,High Heels.mp3,6,10
50e458adb2c6b0ea958746deccd1d458,punjabi,real,real,High Heels.mp3,7,10
b72111af676c5d51f1154c6a7c0896c9,punjabi,real,real,High Heels.mp3,8,10
cf85cdea3d5f7e9bc93629a8ed37df77,punjabi,real,real,High Heels.mp3,9,10
523742e783124470b4d899b9d3db1096,punjabi,real,real,High Heels.mp3,10,10
ddf9171c80b7a418e1b9090206ff9e28,punjabi,real,real,High Heels.mp3,11,10
86ccf5ea9a4734a8c585091144adb178,punjabi,real,real,High Heels.mp3,12,10
b52e21e47fa6c790a977fc2851280013,punjabi,real,real,High Heels.mp3,13,10
cbc98f6cb1df604cf2045b1af6cfaa51,punjabi,real,real,High Heels.mp3,14,10
b4ee3212499d5d83e675980ed67ea7fe,punjabi,real,real,High Heels.mp3,15,10
ac76519f82ddc17ebeb37dd50aa2d7c6,punjabi,real,real,High Heels.mp3,16,10
d39db0b8f1b7fbaa1dbb27a4f0739a17,punjabi,real,real,High Heels.mp3,17,10
bfcc31e0f1a38113500e09404e251d57,punjabi,real,real,High Heels.mp3,18,10
578d10584c8bc124b688958529634ff3,punjabi,real,real,High Heels.mp3,19,10
cf5789ab5a8fb19e2307f4bde43dddbc,punjabi,real,real,High Heels.mp3,20,10
1094ac9d15a18c471875a3ae9cb3c2bd,punjabi,real,real,Saturday Saturday.mp3,0,10
7e7e7c2f32c439705a92deb0a56e1aab,punjabi,real,real,Saturday Saturday.mp3,1,10
5635fa0f9d6e6e2a4d88e31b406772bb,punjabi,real,real,Saturday Saturday.mp3,2,10
a920a8899d9932a450b6c2f433da2314,punjabi,real,real,Saturday Saturday.mp3,3,10
f1296083f248ea63b83588e5b28b0f58,punjabi,real,real,Saturday Saturday.mp3,4,10
ab6ef84c50cba4624c07bac095da10a0,punjabi,real,real,Saturday Saturday.mp3,5,10
04bdd214e221f554f4f2c4ea78a016be,punjabi,real,real,Saturday Saturday.mp3,6,10
ad7b5c8fad7df34d5291d708e4ea76d6,punjabi,real,real,Saturday Saturday.mp3,7,10
7b2014cb1158c46e55c035d258cbeae1,punjabi,real,real,Saturday Saturday.mp3,8,10
349a8c1363206dae727e04c308ab3e83,punjabi,real,real,Saturday Saturday.mp3,9,10
b11c11ced3ce3022dfdfbcf0adfdaa15,punjabi,real,real,Saturday Saturday.mp3,10,10
81ec36f4ed41479658b691150c5ec10b,punjabi,real,real,Saturday Saturday.mp3,11,10
9e60ab96b4f9e4ae2cb2362eada529d2,punjabi,real,real,Saturday Saturday.mp3,12,10
a15979d78c02fc6c4036435e13341c2a,punjabi,real,real,Saturday Saturday.mp3,13,10
822e2bfe7006c9db0e6794c9db3a568d,punjabi,real,real,Saturday Saturday.mp3,14,10
59990874bf782f1dc3d978623b9d801f,punjabi,real,real,Saturday Saturday.mp3,15,10
58823edf9dca1018783c13c38a901e37,punjabi,real,real,Saturday Saturday.mp3,16,10
72ec96eca6982392746e0486ab33cb46,punjabi,real,real,Saturday Saturday.mp3,17,10
a79c33a70178ca25a68d1153ab8471d4,punjabi,real,real,Saturday Saturday.mp3,18,10
784dee7f480af3d66ad7de81f3b2aba8,punjabi,real,real,Saturday Saturday.mp3,19,10
d33986e0b9026f4f01df910e88110283,punjabi,real,real,Saturday Saturday.mp3,20,10
3b151c65444bb8bb7cb3425184190dfe,punjabi,real,real,3 Peg.mp3,0,10
510591835a0193d378cfcfc17c763d58,punjabi,real,real,3 Peg.mp3,1,10
5c18bda76e7732b6315a6904d3430e3f,punjabi,real,real,3 Peg.mp3,2,10
cbf8155a50ec2575bb166d89991a1148,punjabi,real,real,3 Peg.mp3,3,10
0045861a4777052e1198c3e4de864305,punjabi,real,real,3 Peg.mp3,4,10
f4d876572ec2c1cb2b7f4eb281978d1b,punjabi,real,real,3 Peg.mp3,5,10
1f8bf7859d4474c3a0f3b9d0698e1fb5,punjabi,real,real,3 Peg.mp3,6,10
b7ad9fdcbc51a77cd69931de353782df,punjabi,real,real,3 Peg.mp3,7,10
be7e9569a6b2b4571f01cd3ac864b999,punjabi,real,real,3 Peg.mp3,8,10
368ada09baa5ab414acaffb42eb73a26,punjabi,real,real,3 Peg.mp3,9,10
aebab72680a6a0d5b817ae72ec7553c3,punjabi,real,real,3 Peg.mp3,10,10
abcce85cf17457b6079d4effe2055794,punjabi,real,real,3 Peg.mp3,11,10
d8c4385d7d1d28048d1b454ba37cc594,punjabi,real,real,3 Peg.mp3,12,10
8f253cc44080dcbd4340709e0d282a02,punjabi,real,real,3 Peg.mp3,13,10
f965a062c12070c0bf201ddcd22ac97f,punjabi,real,real,3 Peg.mp3,14,10
1aa76d714388965d67b9eb6415182b99,punjabi,real,real,3 Peg.mp3,15,10
100b3b082e0e466bb31c0a89af2e04a7,punjabi,real,real,3 Peg.mp3,16,10
06a2a9922c713881a0e5b03c42f4b820,punjabi,real,real,3 Peg.mp3,17,10
3b654be4e8e87d8b32263cb191f6ab0b,punjabi,real,real,3 Peg.mp3,18,10
b5b478aff8bf068aab03f96e49f73d06,punjabi,real,real,3 Peg.mp3,19,10
0b7ffc9f9c4865f3d8591c62c9ca9e7d,punjabi,real,real,3 Peg.mp3,20,10
3a2f8e4e1ca51336aed6feab054fcbf7,punjabi,real,real,3 Peg.mp3,21,10
c9d401823cfda7960e7aad95eb901ac0,punjabi,real,real,3 Peg.mp3,22,10
f10594be5540f127e69aa3a8c95a180b,punjabi,real,real,3 Peg.mp3,23,10
b572e75859299aacff7ee8c2c44c5885,punjabi,real,real,3 Peg.mp3,24,10
d52e9637a6e593ddb1b78b2463e9d14b,punjabi,real,real,3 Peg.mp3,25,10
5c12741bd9bcae76c13954fae9bb4071,punjabi,real,real,Laembadgini.mp3,0,10
499c421cecc69dda68129aa3f25e03a6,punjabi,real,real,Laembadgini.mp3,1,10
78394e2bbf778384eb02a41132e0ca08,punjabi,real,real,Laembadgini.mp3,2,10
7c43e56278ad7edbc8c77ad1617f395c,punjabi,real,real,Laembadgini.mp3,3,10
4b3c22fb4c48abbd141f06a59f73cfac,punjabi,real,real,Laembadgini.mp3,4,10
c016797aef4218b1a7af08a7f7de864d,punjabi,real,real,Laembadgini.mp3,5,10
5e32dbded7a69cc3f692b7df7a9e026b,punjabi,real,real,Laembadgini.mp3,6,10
bdbddf85d69ff42d2139a3322202db1b,punjabi,real,real,Laembadgini.mp3,7,10
1c994a56d55b1b7991da87bce3f98575,punjabi,real,real,Laembadgini.mp3,8,10
a77c4750e94fe4dec3cb3dd5fe6cb747,punjabi,real,real,Laembadgini.mp3,9,10
735f36eb35580d12d85eda28e374f93a,punjabi,real,real,Laembadgini.mp3,10,10
8e88aaed60136514987889958dc000fd,punjabi,real,real,Laembadgini.mp3,11,10
15dd01153f7075bf32302a0d65c749ae,punjabi,real,real,Laembadgini.mp3,12,10
3c0a720a0a9a482d47d2560f1901c433,punjabi,real,real,Laembadgini.mp3,13,10
c72ce86bca9edd2ab419ec5d1e845fae,punjabi,real,real,Laembadgini.mp3,14,10
71504b18d54a6c7e113741b66c47a998,punjabi,real,real,Laembadgini.mp3,15,10
cdd690eac40563a7c8dc6a76f11010b2,punjabi,real,real,Laembadgini.mp3,16,10
15c61784081de9001f8c5e2c800cb7cc,punjabi,real,real,Laembadgini.mp3,17,10
39cf076e6babb4558d351c58deaa672f,punjabi,real,real,Naah.mp3,0,10
81d5ad36f33e5545ca958f9cf45a8034,punjabi,real,real,Naah.mp3,1,10
926877a0a549c985faba18d83d56cd43,punjabi,real,real,Naah.mp3,2,10
87e4e90528fc9c208e23e1b4fd5b29b6,punjabi,real,real,Naah.mp3,3,10
79ab9f0989eb6a6d0e65bd5f714bdede,punjabi,real,real,Naah.mp3,4,10
0eb8a96ddacccb6c61f7f79c5a54cce6,punjabi,real,real,Naah.mp3,5,10
ba60a2569970ac345b5ea3126f8500d8,punjabi,real,real,Naah.mp3,6,10
1891a5a1e7426a8bf243392f9cfe81fa,punjabi,real,real,Naah.mp3,7,10
d453316b23124cba3fba4341a1b02d29,punjabi,real,real,Naah.mp3,8,10
76f6da9a1c6018f0542cd45a5d040755,punjabi,real,real,Naah.mp3,9,10
2da1db4747cfa47351636d4df2388d19,punjabi,real,real,Naah.mp3,10,10
06fa561832ee0d8760ad0214079f2d81,punjabi,real,real,Naah.mp3,11,10
9bc51f28f9502ca72d5bf72eda553b50,punjabi,real,real,Naah.mp3,12,10
79478184bf2e264c4b584d9128f720c6,punjabi,real,real,Naah.mp3,13,10
e561a153f6ee5d9f677d672e15e47578,punjabi,real,real,Naah.mp3,14,10
8d36fdbb152bcb77866962fbaa3cb116,punjabi,real,real,Naah.mp3,15,10
ad18b1b2a2efb802b7e48d21d9786d9b,punjabi,real,real,Naah.mp3,16,10
b937407e658df9c58d7f60d529122a78,punjabi,real,real,Naah.mp3,17,10
e8c8f5652148b106d92e342f9d45abbe,punjabi,real,real,Naah.mp3,18,10
d13697b3a4815186cc004dc21950987e,punjabi,real,real,Naah.mp3,19,10
9354126a96c78a3c5d10229256987049,punjabi,real,real,Soch.mp3,0,10
6ebba5b1817ec075c1727db27c1f9108,punjabi,real,real,Soch.mp3,1,10
044ab68ca69a9aacc6c681b6630e2d4b,punjabi,real,real,Soch.mp3,2,10
44ffbc04ddbd087f8ac5686425ba0b8c,punjabi,real,real,Soch.mp3,3,10
c35e4904ae58157eb4fd0a16fdfa2a75,punjabi,real,real,Soch.mp3,4,10
db9d773d81e38a8497e7a3476171a2cb,punjabi,real,real,Soch.mp3,5,10
d17d21c6c392a6f1758d3d4cae3ffbe8,punjabi,real,real,Soch.mp3,6,10
baf55a9821387c463f2baf8090b9e5cd,punjabi,real,real,Soch.mp3,7,10
6f8362ec6d3af5ba5f3978e3646113c1,punjabi,real,real,Soch.mp3,8,10
dcfd34a6d6ee051ca80b70c32d89dc22,punjabi,real,real,Soch.mp3,9,10
73a407221b86472f964b98bd78ff0e68,punjabi,real,real,Soch.mp3,10,10
bdc0a02b3f3956b06baf6ac196563c05,punjabi,real,real,Soch.mp3,11,10
2b8d907f27fafe029f84124df6e63a18,punjabi,real,real,Soch.mp3,12,10
d28dacec491b391505ecd85b9bc53fa4,punjabi,real,real,Soch.mp3,13,10
6bff6aeabef9e506677a71d6035f0033,punjabi,real,real,Soch.mp3,14,10
87245f2310c6e8708504c79ab7eb7b1d,punjabi,real,real,Soch.mp3,15,10
220abbf83a425e81dc495ba376bbbb63,punjabi,real,real,Soch.mp3,16,10
0d21e8c755ee18974868ce5f2697cd8b,punjabi,real,real,Soch.mp3,17,10
a83849625d59207fb8c56f4f30123389,punjabi,real,real,Soch.mp3,18,10
62b44e396f8855d39cbfd461d27612da,punjabi,real,real,Soch.mp3,19,10
b0bdac170a42448bb32bba799ab25201,punjabi,real,real,Soch.mp3,20,10
55e190b5e7c9421959d91356ef3c77b8,punjabi,real,real,Soch.mp3,21,10
9743d7acca149ff558f2f6462bb5d88e,punjabi,real,real,Soch.mp3,22,10
d229c0864d1eb793967f444adf7daf08,punjabi,real,real,Soch.mp3,23,10
5b81de07dddaf64473643a082a85aad4,punjabi,real,real,Soch.mp3,24,10
483114f915c3d51f4c561d5fc07a419b,punjabi,real,real,Soch.mp3,25,10
19f58b5735bc0887e56e87d0b1df28ad,punjabi,real,real,Soch.mp3,26,10
f32ca1662e944a42b4c7076bd8b83371,punjabi,real,real,Soch.mp3,27,10
e77c3dded86f72d7bc45fd8e3afad02b,punjabi,real,real,Soch.mp3,28,10
da93524693fad14841509c7e32b116a2,punjabi,real,real,Backbone.mp3,0,10
2222d744dae8b8c3564180ea4d762ea4,punjabi,real,real,Backbone.mp3,1,10
8bee74173131e18ed1f2feb7a7b4de1c,punjabi,real,real,Backbone.mp3,2,10
c1a79751c105819ae0e21f9c87525350,punjabi,real,real,Backbone.mp3,3,10
40f3d8d289df8663423f8a41c1a0c368,punjabi,real,real,Backbone.mp3,4,10
1675c714b0288268ffb2b39369268c86,punjabi,real,real,Backbone.mp3,5,10
014e9860e876dd831b49f742415aaee7,punjabi,real,real,Backbone.mp3,6,10
4e0f0b9ff52d4c4ce32c86c4aaf548ed,punjabi,real,real,Backbone.mp3,7,10
f56735e0d49ccb96b1ef28856251df9a,punjabi,real,real,Backbone.mp3,8,10
9d9490102ebe102c1b7722e820d2ffb7,punjabi,real,real,Backbone.mp3,9,10
cbfd1a0c7f4ec913aebef0f6ce77b382,punjabi,real,real,Backbone.mp3,10,10
3c7f959e676777d0859be0acc8725bc4,punjabi,real,real,Backbone.mp3,11,10
eb66394ef22032697966590807f3f68d,punjabi,real,real,Backbone.mp3,12,10
ced5ee145b52c1b5437fd21bd5eb7242,punjabi,real,real,Backbone.mp3,13,10
2d3238cc4b7095fa682a70424abd0323,punjabi,real,real,Backbone.mp3,14,10
9215687569cd81a198f1968476a35c11,punjabi,real,real,Backbone.mp3,15,10
bc39a1957990c161bde7ebc807bbc51f,punjabi,real,real,Backbone.mp3,16,10
826fd501952d9e6fe09a241206f85709,punjabi,real,real,Backbone.mp3,17,10
b142d7b8f4ff77b7ac68fd382d36df22,punjabi,real,real,Backbone.mp3,18,10
cb78570f5e6dfc06862d15be157b2aa2,punjabi,real,real,Backbone.mp3,19,10
4a03581fd71f606d423e680c004d4f58,punjabi,real,real,Hornn Blow.mp3,0,10
76e464aa7ef2f499d2f9c3aaf703ad34,punjabi,real,real,Hornn Blow.mp3,1,10
8b67436779dfa10b912b2ffe3c800c48,punjabi,real,real,Hornn Blow.mp3,2,10
5452481d1686afc048296e092cc48818,punjabi,real,real,Hornn Blow.mp3,3,10
0e294051f268388913d103becb3a5a43,punjabi,real,real,Hornn Blow.mp3,4,10
462af4ff752059dcc3d2e99269223479,punjabi,real,real,Hornn Blow.mp3,5,10
6c067cacdef5c663b8f05710e9f5fba1,punjabi,real,real,Hornn Blow.mp3,6,10
d20fdeb36ce91b3bf93099dfa823acc8,punjabi,real,real,Hornn Blow.mp3,7,10
9befcefbec53c687d304be3be369ca9f,punjabi,real,real,Hornn Blow.mp3,8,10
901b7f83cedabbc8adf4108d2bcc6f8c,punjabi,real,real,Hornn Blow.mp3,9,10
6e3472943b495071aa8bc3c3749ce094,punjabi,real,real,Hornn Blow.mp3,10,10
a96f8101cc5865dc8f27920062c00616,punjabi,real,real,Hornn Blow.mp3,11,10
ec715fa010a037690642207c5f73df3d,punjabi,real,real,Hornn Blow.mp3,12,10
92b4acb084d4b82b9c3dbdd692da9308,punjabi,real,real,Hornn Blow.mp3,13,10
9115fafe79c340567ceeb61cffbbd7ed,punjabi,real,real,Hornn Blow.mp3,14,10
30d94b50df9e374acfd9cb6def4f1e27,punjabi,real,real,Hornn Blow.mp3,15,10
2527b42d1809fe6b1fd43fa4c79035e1,punjabi,real,real,Taara.mp3,0,10
75a224a1c8d8c529643616ce99648193,punjabi,real,real,Taara.mp3,1,10
62b957ad02f799c51a6fab6cdea015b0,punjabi,real,real,Taara.mp3,2,10
e2af687ad8284b774b9a738273003463,punjabi,real,real,Taara.mp3,3,10
77c1a1395d44bbf99cb9eeeaea0b26a8,punjabi,real,real,Taara.mp3,4,10
d049c984f8adeafc8ffab1ecb8d049f1,punjabi,real,real,Taara.mp3,5,10
d566d99118085b1f729190cf617f0165,punjabi,real,real,Taara.mp3,6,10
0a999d6383b591bf4da677179a7d4cbe,punjabi,real,real,Taara.mp3,7,10
09e12f7ba2717526d3aa85cd3885695f,punjabi,real,real,Taara.mp3,8,10
7743af077383b8afca2bb4f9660239a8,punjabi,real,real,Taara.mp3,9,10
cb3d4a8ab3845be454c8e1107b313e17,punjabi,real,real,Taara.mp3,10,10
43f3b07ae5cbdacf72aa25404ac5da42,punjabi,real,real,Taara.mp3,11,10
918acd78fd8d43b9beb2c52eb67ba4a3,punjabi,real,real,Taara.mp3,12,10
02c92db98bae6ae615a386fb33c43ca4,punjabi,real,real,Taara.mp3,13,10
603a87b0acdcaedee3ff0211341113f1,punjabi,real,real,Taara.mp3,14,10
04c7428b30cf376b64b352e827c4def3,punjabi,real,real,Taara.mp3,15,10
f83d7c630f825256d798887008e8ca1c,punjabi,real,real,Taara.mp3,16,10
c093bcc35a4bd8de9cecf9c58137324c,punjabi,real,real,Taara.mp3,17,10
3cfaba56f1981aa4e22c530870b8e3ba,punjabi,real,real,Taara.mp3,18,10
9bfc59db2f662a45af4f97603caa17c5,punjabi,real,real,Taara.mp3,19,10
1e07d7140f5079d3648b6aefa4b69ccd,punjabi,real,real,Taara.mp3,20,10
4a89df9853ea4efb2663ccdd69155ec4,punjabi,real,real,Taara.mp3,21,10
cfbff2d70f6acd0b43be5d9dafb2ccbf,punjabi,real,real,Taara.mp3,22,10
57364371e0e7f3b703785cb7a0135b33,punjabi,real,real,Taara.mp3,23,10
ce5e7d9d2dd44c394e8eb703adb57168,punjabi,real,real,Taara.mp3,24,10
4bb8a97d7bfa4f8f885aaf96f647c450,punjabi,real,real,Taara.mp3,25,10
7b5d21fcb1cc7b852a1739f305b9c6d2,punjabi,real,real,Taara.mp3,26,10
e5749a79cba8b04b4f0342da8dc8c0f4,punjabi,real,real,Haath Chumme.mp3,0,10
5df483421ce5c41094096ec47b569529,punjabi,real,real,Haath Chumme.mp3,1,10
6ba90eb5e4ee1cae6980d2c8fc96f2ff,punjabi,real,real,Haath Chumme.mp3,2,10
ee6974f9120e7dd701d6666c61145762,punjabi,real,real,Haath Chumme.mp3,3,10
52652328167eb3a4c43f1d0eebd08941,punjabi,real,real,Haath Chumme.mp3,4,10
27e3ed72fe754dc786801754f6fc10cd,punjabi,real,real,Haath Chumme.mp3,5,10
9aa5f95e67641553e67db3a43cf818b6,punjabi,real,real,Haath Chumme.mp3,6,10
79776e1b216b2a251e51d17f277a2df9,punjabi,real,real,Haath Chumme.mp3,7,10
1df37745369ad6b42dc5b01d47d8b5c0,punjabi,real,real,Haath Chumme.mp3,8,10
d928632934f3f23db216c423f1c710cd,punjabi,real,real,Haath Chumme.mp3,9,10
0b6928f4d12508b0ff7899cbc3d4719a,punjabi,real,real,Haath Chumme.mp3,10,10
7ca1f1c7da59b5e739726b641f092a39,punjabi,real,real,Haath Chumme.mp3,11,10
1bf67a4ae1f2950fc2137606440bcd2c,punjabi,real,real,Haath Chumme.mp3,12,10
7afa280f617b28bf3173c46cc724bd0a,punjabi,real,real,Haath Chumme.mp3,13,10
97e42c3dcd2f48a88fba443287d82178,punjabi,real,real,Haath Chumme.mp3,14,10
7159f3e2f2784bc6c974e29285d8c5a4,punjabi,real,real,Haath Chumme.mp3,15,10
8b5aca16f5c5cdaeafd26bfd5bd4f8f3,punjabi,real,real,Haath Chumme.mp3,16,10
84f699d75d5f978d66705555765afc1a,punjabi,real,real,Haath Chumme.mp3,17,10
5cdb71f39abec30b6eb17d99a096245f,punjabi,real,real,Haath Chumme.mp3,18,10
16c667b8a27c8070326721ea5fb2c138,punjabi,real,real,Haath Chumme.mp3,19,10
23a3091429cac873f91e246034c57582,punjabi,real,real,Haath Chumme.mp3,20,10
8fd5e29d8adf568ab4d688deca044083,punjabi,real,real,Haath Chumme.mp3,21,10
95a35c968de1e5e146985ef85737c4b4,punjabi,real,real,Haath Chumme.mp3,22,10
86e9e9df377f3b4b7cb04b561ef3a2ea,punjabi,real,real,Haath Chumme.mp3,23,10
88ba4fe17dddb31a5fc7078d573d644d,punjabi,real,real,Haath Chumme.mp3,24,10
e9920bf6d63f8ba0b52e99872ef7b462,punjabi,real,real,Haath Chumme.mp3,25,10
3b54a760db3d71e67eb24cf0b33cfb24,punjabi,real,real,Zindabaad Yaarian.mp3,0,10
06f93b5df282e9bb691c02a2c27bfcf0,punjabi,real,real,Zindabaad Yaarian.mp3,1,10
36c67932adae7a07940c9845a7c729d0,punjabi,real,real,Zindabaad Yaarian.mp3,2,10
bd9ce690c3fa24835a886ee6a72837aa,punjabi,real,real,Zindabaad Yaarian.mp3,3,10
88e4e28db19fe6808dc400101bc02826,punjabi,real,real,Zindabaad Yaarian.mp3,4,10
ee0475bfb499c68a20f1abbb3d8db921,punjabi,real,real,Zindabaad Yaarian.mp3,5,10
e846498437eac3f07026638742274c0f,punjabi,real,real,Zindabaad Yaarian.mp3,6,10
ce18974769d5f433ca109329c17e39f7,punjabi,real,real,Zindabaad Yaarian.mp3,7,10
44c156b34c068563607689d1db982a24,punjabi,real,real,Zindabaad Yaarian.mp3,8,10
0ffe0176542eb6180330d96f74e1e6d6,punjabi,real,real,Zindabaad Yaarian.mp3,9,10
b3ee545baf1c1b89dc85f6cd63a8eff0,punjabi,real,real,Zindabaad Yaarian.mp3,10,10
b45d859674475b108497b7df6600ef72,punjabi,real,real,Zindabaad Yaarian.mp3,11,10
fe1738bb3b6fd72898082cb500129259,punjabi,real,real,Zindabaad Yaarian.mp3,12,10
561b0722ae2617590409531e3ea21dd8,punjabi,real,real,Zindabaad Yaarian.mp3,13,10
d03d88ea00cb4a7a80b6f3e3f3bc8095,punjabi,real,real,Zindabaad Yaarian.mp3,14,10
f5614418f6bfde4cab266a27359d0309,punjabi,real,real,Zindabaad Yaarian.mp3,15,10
fa5c3f5b6fcf1ab23a35ea2885fe1d44,punjabi,real,real,Zindabaad Yaarian.mp3,16,10
e7573f4d20c67cb30df98cc87a8dbb2e,punjabi,real,real,Zindabaad Yaarian.mp3,17,10
c6339e71bb9c21b6eb41bd6e529832c3,punjabi,real,real,Zindabaad Yaarian.mp3,18,10
b7cd3ed77d863841fc4eee513e4fc965,punjabi,real,real,Zindabaad Yaarian.mp3,19,10
72944b6eb26eed40873a17906f09acba,punjabi,real,real,Zindabaad Yaarian.mp3,20,10
adca5ec4c5ac48c138a2cd7b965251db,punjabi,real,real,Zindabaad Yaarian.mp3,21,10
2af14f5964f20b96093185f0bcd3604a,punjabi,real,real,Zindabaad Yaarian.mp3,22,10
0c33dfb71379893284e76407e3644d3b,punjabi,real,real,Gallan Mithiyan.mp3,0,10
06d3bb91439af5463c1e4eac161b5876,punjabi,real,real,Gallan Mithiyan.mp3,1,10
0897fe2e657371ea56c115d053ba8824,punjabi,real,real,Gallan Mithiyan.mp3,2,10
8bad954718be792b042e73e186aefa7f,punjabi,real,real,Gallan Mithiyan.mp3,3,10
73595ca77ad649ab303e5910aa07c9da,punjabi,real,real,Gallan Mithiyan.mp3,4,10
d8cd8ffe8405779e9011388425e0c464,punjabi,real,real,Gallan Mithiyan.mp3,5,10
c50d2067fb61af777d2fda5ab234657a,punjabi,real,real,Gallan Mithiyan.mp3,6,10
dce7f5e12f0b268ec3d91dddbc47bd1d,punjabi,real,real,Gallan Mithiyan.mp3,7,10
ead02049162ed152d3e7f8c76384a5b0,punjabi,real,real,Gallan Mithiyan.mp3,8,10
c486802f5cd3753ef1350874097970d4,punjabi,real,real,Gallan Mithiyan.mp3,9,10
8a4fe7a269544c0663164b15d7b37ec4,punjabi,real,real,Gallan Mithiyan.mp3,10,10
1c3d81ff8923a84ca532cd8f2c69799c,punjabi,real,real,Gallan Mithiyan.mp3,11,10
5735dca93e8665ef9235f75e04c5e943,punjabi,real,real,Gallan Mithiyan.mp3,12,10
1c48e3ac88b14ea3c65941302863f478,punjabi,real,real,Gallan Mithiyan.mp3,13,10
898bbab752bac3e94140a65e4e5f0b8f,punjabi,real,real,Gallan Mithiyan.mp3,14,10
5ba2aeab1bad852bff6e046485cd555f,punjabi,real,real,Gallan Mithiyan.mp3,15,10
166a20c1132b072eb30d226b5dfa1dc4,punjabi,real,real,Gallan Mithiyan.mp3,16,10
8deee98d3e04e0a407bd90580b0e289e,punjabi,real,real,Gallan Mithiyan.mp3,17,10
cf4595e62f82ed753ff0a9a4efa6d495,punjabi,real,real,Gallan Mithiyan.mp3,18,10
4c9fc0786e04fad0fb3a629616d77eaa,punjabi,real,real,Gallan Mithiyan.mp3,19,10
5cfcee887c4735b480998214d71a7943,punjabi,real,real,Gallan Mithiyan.mp3,20,10
1759dcc699ed106a56bfa85b8b5feb0b,punjabi,real,real,Gangland.mp3,0,10
222f3671e5a6b8a4fd372b81e5f7ba31,punjabi,real,real,Gangland.mp3,1,10
cf30f44509e20183bb4958f62bd12791,punjabi,real,real,Gangland.mp3,2,10
3922f5f0a084694ab1852dd3d2b90802,punjabi,real,real,Gangland.mp3,3,10
612b8c4b3a4f3c668cfd18e92f845ed0,punjabi,real,real,Gangland.mp3,4,10
646e77f3f4f3da86339a3cbc94e3bbcb,punjabi,real,real,Gangland.mp3,5,10
3a108580d75ff45843a9ef08bb1d1cc7,punjabi,real,real,Gangland.mp3,6,10
2dda937ac94563375ac7b9043e554c9c,punjabi,real,real,Gangland.mp3,7,10
09fb32d512d37c2df4549d13daf926ac,punjabi,real,real,Gangland.mp3,8,10
fd0bd65fe795d4597a33e8b4ea5d86b6,punjabi,real,real,Gangland.mp3,9,10
341bc2a077ae6ceca717160fd8088a26,punjabi,real,real,Gangland.mp3,10,10
963b1e44950622b85dad2811763dfeb2,punjabi,real,real,Gangland.mp3,11,10
18044fcab7dcb59216053159808ce00c,punjabi,real,real,Gangland.mp3,12,10
e124996f2d0965e38dc83303e84234f6,punjabi,real,real,Gangland.mp3,13,10
03cf535f64c833466ba312bc038e7d8a,punjabi,real,real,Gangland.mp3,14,10
c3de778db0dca2ea7281f2161a93f803,punjabi,real,real,Gangland.mp3,15,10
a189fe958f46507bbf8126c75a49d3d3,punjabi,real,real,Daang.mp3,0,10
3165bc05156264a6187c81494e0a0175,punjabi,real,real,Daang.mp3,1,10
47ec93ae80dbd19b85d58d46fe2468cf,punjabi,real,real,Daang.mp3,2,10
4a1f664ee68adf4158594a6650f255e3,punjabi,real,real,Daang.mp3,3,10
cb4fd46a4e00dcf615876e9cb962ffe1,punjabi,real,real,Daang.mp3,4,10
afb7fbdf73fad2eb27178a0169695b37,punjabi,real,real,Daang.mp3,5,10
9106f79d252806d510c6578c0bbb4aa2,punjabi,real,real,Daang.mp3,6,10
87102f4863b6255e3b5fb0ca09f39086,punjabi,real,real,Daang.mp3,7,10
9fa36dac8cbca96d06f0ff71ec57eee8,punjabi,real,real,Daang.mp3,8,10
872833cdcdc00f3b855a4787bb2e929e,punjabi,real,real,Daang.mp3,9,10
84530df7a597bb5292a3c9f5d5157a70,punjabi,real,real,Daang.mp3,10,10
be9504f0145d4895b0375f1a85089aaf,punjabi,real,real,Daang.mp3,11,10
b2d7361f253c4d890062f102075ca90e,punjabi,real,real,Daang.mp3,12,10
6fc7fdb0a0b78f28c1f78c0788e096e4,punjabi,real,real,Daang.mp3,13,10
54b3be0729cf7f69c537ab40593369e9,punjabi,real,real,Daang.mp3,14,10
5a8521b3e188dcb251da625704efe60e,punjabi,real,real,Daang.mp3,15,10
c73ca11f2dcce2733bcc042376959e2e,punjabi,real,real,Daang.mp3,16,10
7f77919e7bbdb705b9936138e64db2cc,punjabi,real,real,Daang.mp3,17,10
0904cb0acb16b129b7b9df5ffeed350e,punjabi,real,real,Daang.mp3,18,10
5aa937f027127d197d61e9924212b184,punjabi,real,real,Daang.mp3,19,10
f5cb0fb9e51fb6c08ae7c474030e7b1c,punjabi,real,real,Daang.mp3,20,10
c6d8f0e90d5aff6e77b9b50400d19a39,punjabi,real,real,Daang.mp3,21,10
14f1d074b93e8c1e1830344177aa24d6,punjabi,real,real,Sakhiyaan.mp3,0,10
ecfdab89b7fb3f1ba3cb00cae40e767b,punjabi,real,real,Sakhiyaan.mp3,1,10
1a0e54b421cfdd7ecf3afc5f267976dc,punjabi,real,real,Sakhiyaan.mp3,2,10
b424d40ff6af0cf01f5cab9352b73372,punjabi,real,real,Sakhiyaan.mp3,3,10
b3f1c08e0566a75015bb88735e6507c5,punjabi,real,real,Sakhiyaan.mp3,4,10
3f6d102287ef839556535358497f7618,punjabi,real,real,Sakhiyaan.mp3,5,10
f7f5a0c9496649aa29871e4a1e78a067,punjabi,real,real,Sakhiyaan.mp3,6,10
c78a9fed55b40f5d5b60ecfbb6f56470,punjabi,real,real,Sakhiyaan.mp3,7,10
d6d7ac8ffd461b1024cb03a5d9ba9e95,punjabi,real,real,Sakhiyaan.mp3,8,10
4a40cb5921c0121a8eedcdee4980e5bf,punjabi,real,real,Sakhiyaan.mp3,9,10
e65d8184b095f88722d48e93b4cfb648,punjabi,real,real,Sakhiyaan.mp3,10,10
fe587b42c974f647e0e9653290dd99af,punjabi,real,real,Sakhiyaan.mp3,11,10
5801ed12b0ef6082bb1686ed8256f313,punjabi,real,real,Sakhiyaan.mp3,12,10
9236f6288d3dd0ee98a81797eaf275fd,punjabi,real,real,Sakhiyaan.mp3,13,10
b94ca906d6e912d787589d926f6f6420,punjabi,real,real,Sakhiyaan.mp3,14,10
953a26e17f96a9ae15db0f92b17acabd,punjabi,real,real,Sakhiyaan.mp3,15,10
0b49c901762523f1ac75f1babf5f986e,punjabi,real,real,Sakhiyaan.mp3,16,10
bde62478296cdc775062c672642ee340,punjabi,real,real,Sakhiyaan.mp3,17,10
6937f71bd15a1912ce4bdf7e1d02cd39,punjabi,real,real,Sakhiyaan.mp3,18,10
79779d7afc77e74a826529558a842806,punjabi,real,real,Sakhiyaan.mp3,19,10
b2bc521842baddd886fa10d54ff7e9ff,punjabi,real,real,Sakhiyaan.mp3,20,10
ceb3e93ffeb4cbe1a193312e85ebfead,punjabi,real,real,Sakhiyaan.mp3,21,10
5f02851b3b0192b37bc9225d84e83355,punjabi,real,real,Sakhiyaan.mp3,22,10
c6abbcf474a497808d838b3a9c2e26b2,punjabi,real,real,Sakhiyaan.mp3,23,10
ae86919009e48bcb9f3ec91e22dcbee1,punjabi,real,real,Sakhiyaan.mp3,24,10
21102c136044de730387a4fea5f46704,punjabi,real,real,Sakhiyaan.mp3,25,10
db540c7912c22696788ef8cd74c5a0ce,punjabi,real,real,Sakhiyaan.mp3,26,10
39dd85f79bc4777a8c9343715393fe1f,punjabi,real,real,Sakhiyaan.mp3,27,10
b80b828678ed7850c2dcd0338c50374c,punjabi,real,real,Sakhiyaan.mp3,28,10
e5e00283ab0128e9c2bab8fd0d6d2a14,punjabi,real,real,Sakhiyaan.mp3,29,10
c1eac85f174425bd18d5b39048c5b7f7,punjabi,real,real,Sakhiyaan.mp3,30,10
1ac1e312d267151725ebf7135314e4b5,punjabi,real,real,Sakhiyaan.mp3,31,10
41e059161547a3aab6c08c92e20ca341,punjabi,real,real,Sakhiyaan.mp3,32,10
2e19adabcd6cbd740da5d69d4e432d4f,punjabi,real,real,Sakhiyaan.mp3,33,10
7f1580dfb9cd49a157dd6ff5f6cc6f2e,punjabi,real,real,Sakhiyaan.mp3,34,10
ec693b17e9e50c29a49caca77d7bf94a,punjabi,real,real,Sakhiyaan.mp3,35,10
075a04626184c630dee06c11d39a8e59,punjabi,real,real,Sakhiyaan.mp3,36,10
c6a66dbf2c95eeeb2ef9a908d7ac516f,punjabi,real,real,Sakhiyaan.mp3,37,10
ed39dd8969a53922a29070ab01486da9,punjabi,real,real,Sorry.mp3,0,10
8be410875b1e28c1328f869039640109,punjabi,real,real,Sorry.mp3,1,10
8c98c2ac96252e51d73e47d35f6aa42a,punjabi,real,real,Sorry.mp3,2,10
927100e1730c8cdc8321ef1dcf9ddef5,punjabi,real,real,Sorry.mp3,3,10
2f59b4670267e7337bdb1fa0803acbb7,punjabi,real,real,Sorry.mp3,4,10
bd13107b90949f10dd35d05691c4aa78,punjabi,real,real,Sorry.mp3,5,10
eb9303c3500e9c7cf254102567f92570,punjabi,real,real,Sorry.mp3,6,10
49ba7cbde29f24a6678b264b071d1b31,punjabi,real,real,Sorry.mp3,7,10
3c3d5f15b7a3190abc270f6bdfa2b154,punjabi,real,real,Sorry.mp3,8,10
1f5fb477d727d0b18c91b2303bb57499,punjabi,real,real,Sorry.mp3,9,10
8a77216188b845384e323c35c653934b,punjabi,real,real,Sorry.mp3,10,10
36e96c98731b07a555b9c48375625759,punjabi,real,real,Sorry.mp3,11,10
eaa54b704204f73fb2900d7a0b8872f5,punjabi,real,real,Sorry.mp3,12,10
da5a131131644cc54bbb5c455b5e1dd5,punjabi,real,real,Sorry.mp3,13,10
5c3dd0e8ada8685f19649cae830ec166,punjabi,real,real,Sorry.mp3,14,10
d62650bc6d9701add16ab72090d2e705,punjabi,real,real,Sorry.mp3,15,10
b9fb3c2c3b4d30ff4fa119a0023b3a4a,punjabi,real,real,Sorry.mp3,16,10
d50654f045091df855a3d314f438c227,punjabi,real,real,Sorry.mp3,17,10
6f9ccdf0eaa3f9e9e7c438e3def20622,punjabi,real,real,Sorry.mp3,18,10
3dc2e064567e4d55545359cdea787f96,punjabi,real,real,Sorry.mp3,19,10
cd3a7bcf10113895566c352d44d32f46,punjabi,real,real,Laare.mp3,0,10
cb0460f0422fee863f6a6c254c40f0a8,punjabi,real,real,Laare.mp3,1,10
82bcfba4b8663b44c8491d0895739b47,punjabi,real,real,Laare.mp3,2,10
1ada99c612cdc3faeead2af4a8df4f44,punjabi,real,real,Laare.mp3,3,10
0257f216d8543d51dac43e7b97a444f5,punjabi,real,real,Laare.mp3,4,10
ee7be29aed6b0919e587834ae1ba82d3,punjabi,real,real,Laare.mp3,5,10
4f35ecde79537be786766798ba84a523,punjabi,real,real,Laare.mp3,6,10
cc76f897c46f88aea8cc2616f06c97e0,punjabi,real,real,Laare.mp3,7,10
bd25ffff27e24df271d508a03e118e96,punjabi,real,real,Laare.mp3,8,10
fee4ea3e1417d83feda7bdc4f60bab73,punjabi,real,real,Laare.mp3,9,10
3fa6829c2839052dd02e8db04aed85a7,punjabi,real,real,Laare.mp3,10,10
8700389e9f741e8f9f8618b22d219ea7,punjabi,real,real,Laare.mp3,11,10
6cb580aa63571a3d98cb4028a666b815,punjabi,real,real,Laare.mp3,12,10
62fcca792231093c3ccbc67c08ce23e1,punjabi,real,real,Laare.mp3,13,10
d1f9363e54b67f6a5ab2b347ba81daa9,punjabi,real,real,Laare.mp3,14,10
02f804cbb6340c39801b0c613cd6a300,punjabi,real,real,Laare.mp3,15,10
ec4c59113c21bb7ebb072b87e1f8eacc,punjabi,real,real,Laare.mp3,16,10
b3948555b1fe4cf98bf3c5a44f83fd77,punjabi,real,real,Laare.mp3,17,10
ccac4a7fb1218ff9e823df6c43fc8eaf,punjabi,real,real,Laare.mp3,18,10
bd87d8b90e5f93112aa87ee853aa5089,punjabi,real,real,Laare.mp3,19,10
a1564ae75f031d4dade804044f4143c5,punjabi,real,real,Laare.mp3,20,10
3c5e1eaa866e23225d6acdbffe60bf25,punjabi,real,real,Laare.mp3,21,10
b819c40aed854e2dfec5d8cf1cdc2a88,punjabi,real,real,Laare.mp3,22,10
ad140818eef45995e0fe633ad9a560c0,punjabi,real,real,Laare.mp3,23,10
8825609bb2a829eee0889701ead4f011,punjabi,real,real,Laare.mp3,24,10
483679d9737d53d22892e54af9558ab1,punjabi,real,real,Laare.mp3,25,10
c82ba233f81efb3528347bd55ff1e9b4,punjabi,real,real,Laare.mp3,26,10
6c0d7bebc709056c21feb83ff7cbcad2,punjabi,real,real,Laare.mp3,27,10
c738dd4c3a40b57564190366f3615cda,punjabi,real,real,Prada.mp3,0,10
2403bcc4b42ceeceb7ea6ad785a02f5e,punjabi,real,real,Prada.mp3,1,10
fa6add532ded90bc12f50d2883f77675,punjabi,real,real,Prada.mp3,2,10
a01f42534322f0ef58e7695352d32f57,punjabi,real,real,Prada.mp3,3,10
611ab84d832244b68dd9c12279b4b686,punjabi,real,real,Prada.mp3,4,10
c35532655b06ebb7e2f0a1d6a5246f38,punjabi,real,real,Prada.mp3,5,10
23b2366cde0211ed294643135bf2d0a7,punjabi,real,real,Prada.mp3,6,10
9e2e511cf2d90b87bdd507fa353604bb,punjabi,real,real,Prada.mp3,7,10
cc3da05bc2c1d36f1ad1709dff1fe62d,punjabi,real,real,Prada.mp3,8,10
861e19c45c9ee401b1f58c30964597dc,punjabi,real,real,Prada.mp3,9,10
3325cf353307402b7c9d3a8fdc3e96af,punjabi,real,real,Prada.mp3,10,10
bb84155edab387b49544af06007d2bd4,punjabi,real,real,Prada.mp3,11,10
328496f494d687b052ede787004e5375,punjabi,real,real,Prada.mp3,12,10
f2f21062f108e7735eb7dccdf192ef70,punjabi,real,real,Prada.mp3,13,10
4bbd3e8b7be6dd13246ea8fe88f19dd8,punjabi,real,real,Prada.mp3,14,10
8e0f9d6215715ddab4535189cea90434,punjabi,real,real,Prada.mp3,15,10
2822759a316e67fa00e6d7e8e05f9fdd,punjabi,real,real,Prada.mp3,16,10
6814d408bc4cadc068a23e315f0d5fd5,punjabi,real,real,Lehanga.mp3,0,10
5ee5f3aa48f203a71f84aa635229b90a,punjabi,real,real,Lehanga.mp3,1,10
07d00e28bfbf068545d78c9a1a301c86,punjabi,real,real,Lehanga.mp3,2,10
85d36accbed648ceb79526fcceb14bd9,punjabi,real,real,Lehanga.mp3,3,10
7a34ea41b684158458d4bf9c7c94d13b,punjabi,real,real,Lehanga.mp3,4,10
fed576054f37a0333818d452358bf5c4,punjabi,real,real,Lehanga.mp3,5,10
ccbad91ec2035e630f8658f24add2ad8,punjabi,real,real,Lehanga.mp3,6,10
f0148a8fe3b2d270b608a3ac44dc1566,punjabi,real,real,Lehanga.mp3,7,10
a0d90e8c4520a8e4c6c5cf874cce135c,punjabi,real,real,Lehanga.mp3,8,10
d016a73a657532642cdc439e305c135f,punjabi,real,real,Lehanga.mp3,9,10
c5aeb75e6f6e00d9cffdedf0e94612cc,punjabi,real,real,Lehanga.mp3,10,10
c1bfb3538eddc99d56546d7b85b94b3d,punjabi,real,real,Lehanga.mp3,11,10
8cf2a37fdec1908ecd44151157e78725,punjabi,real,real,Lehanga.mp3,12,10
4464bf670d97cf889dd2b753e87cb152,punjabi,real,real,Lehanga.mp3,13,10
487e4330b2b1c014f3b53261a92ea2c6,punjabi,real,real,Lehanga.mp3,14,10
0369dc7fccc7e9788beb7bba15c5a99d,punjabi,real,real,Lehanga.mp3,15,10
62971837b6a75c37754461d3f22ad8a8,punjabi,real,real,Lehanga.mp3,16,10
40318c11a1c7df47dafd0fd081ea2cb8,punjabi,real,real,Lehanga.mp3,17,10
1e326e881a90303979a9abbee38f3f34,punjabi,real,real,Lehanga.mp3,18,10
372576be0eebe6f157aefa48d2f1f70b,punjabi,real,real,Lehanga.mp3,19,10
83b6223126e17dfdae66ed9996b0e42b,punjabi,real,real,Lehanga.mp3,20,10
9af0005b211a17c7327bc827e0e39be9,punjabi,real,real,Viah.mp3,0,10
1a82d96e093718d039ff4d1ed1da00c9,punjabi,real,real,Viah.mp3,1,10
76c65394f26851da1bbf0a375537c3a8,punjabi,real,real,Viah.mp3,2,10
251cb424663b82972af22416524e5b42,punjabi,real,real,Viah.mp3,3,10
e34703c35bff7e2b0d4282a6b5f0f947,punjabi,real,real,Viah.mp3,4,10
fa66f86adb5952de1ac69843734bd554,punjabi,real,real,Viah.mp3,5,10
b3775e8a58f417fe15b8a77a6e4cf10c,punjabi,real,real,Viah.mp3,6,10
925046a33b5c48eb2c2b7e1c0342226d,punjabi,real,real,Viah.mp3,7,10
390a859fbb23e94df3265717b9f1c492,punjabi,real,real,Viah.mp3,8,10
d79a86e3a76fcecb2243e3706a30cffc,punjabi,real,real,Viah.mp3,9,10
fdc5fd665260f2694be30a53de0bd538,punjabi,real,real,Viah.mp3,10,10
a820bc7d67365006f2c9ffdaf95148d8,punjabi,real,real,Viah.mp3,11,10
19288b48d01673b10745f8746aea78cf,punjabi,real,real,Viah.mp3,12,10
cfb8528236aa064f50294898388f95a1,punjabi,real,real,Viah.mp3,13,10
d447d4d9859d9135fced0935b61ab0e8,punjabi,real,real,Viah.mp3,14,10
386c22fc833d9807e690e0d341e48046,punjabi,real,real,Viah.mp3,15,10
2c80d6bd7f6546c1915e75daba898a2f,punjabi,real,real,Viah.mp3,16,10
5a011527816f0e260a1cd388d8bc8ccc,punjabi,real,real,Suit Punjabi.mp3,0,10
71d169aadea3c9c20cfc855ac214a129,punjabi,real,real,Suit Punjabi.mp3,1,10
e11d8f23f2e50e46baba6428adafb47b,punjabi,real,real,Suit Punjabi.mp3,2,10
d099717c140fb2861e216a0296880ac6,punjabi,real,real,Suit Punjabi.mp3,3,10
a08ca419b202e037ebdf1ba699980e6c,punjabi,real,real,Suit Punjabi.mp3,4,10
23e05675d0a1c442b8c713b06b75a00b,punjabi,real,real,Suit Punjabi.mp3,5,10
1fd445d1df0d1f6aa432037e8fb1cb5e,punjabi,real,real,Suit Punjabi.mp3,6,10
cbb134f57f3e4122744183e0a1699a9d,punjabi,real,real,Suit Punjabi.mp3,7,10
59d50e2bc3767d84145e85d9b7bca26c,punjabi,real,real,Suit Punjabi.mp3,8,10
5f15f2609d53a959876523c68c09c09d,punjabi,real,real,Suit Punjabi.mp3,9,10
0e5418166f03078ae69bfc4af8f54689,punjabi,real,real,Suit Punjabi.mp3,10,10
6b67d5cb4625db3a9c3f4c0e03aea4a3,punjabi,real,real,Suit Punjabi.mp3,11,10
5fd225142ece677c87bf21cd1b8122ef,punjabi,real,real,Suit Punjabi.mp3,12,10
152b95c4f58bb5eedc10d9221c14171f,punjabi,real,real,Suit Punjabi.mp3,13,10
6aaba829f9cce98c9f6c23751995867c,punjabi,real,real,Suit Punjabi.mp3,14,10
f1e2c2035ed3eab85ab89d16f59e7795,punjabi,real,real,Suit Punjabi.mp3,15,10
1940d4aeb9358fcf117d550941d488a3,punjabi,real,real,Suit Punjabi.mp3,16,10
bdb1473fabf225b1ba594152b2411fa9,punjabi,real,real,Suit Punjabi.mp3,17,10
2cc074cdb4778b37714afcce12df4a99,punjabi,real,real,Suit Punjabi.mp3,18,10
17a1184c17647f3878c96841802edf56,punjabi,real,real,Suit Punjabi.mp3,19,10
65c9b4a75b88a00cd858ccbd64080758,punjabi,real,real,Coka.mp3,0,10
da6bc6ba21833073a3cb9206b4d0ec40,punjabi,real,real,Coka.mp3,1,10
a9e6655fceb128598fe348f5d142a7f8,punjabi,real,real,Coka.mp3,2,10
d2e017a8ecf68f065ba02f068025276c,punjabi,real,real,Coka.mp3,3,10
df420ff0e22f36749536415ba1bf00df,punjabi,real,real,Coka.mp3,4,10
0ca86f59818aa0d6e5c1e1cf8c30e5ef,punjabi,real,real,Coka.mp3,5,10
2ecc478cb53782a9cc32051db6913cc6,punjabi,real,real,Coka.mp3,6,10
296e17dc36cdbf57d596e9d9edb7ddf2,punjabi,real,real,Coka.mp3,7,10
d651cabec4c6b32b49d20433c7cf4bcf,punjabi,real,real,Coka.mp3,8,10
e818d8814577f7254ecb7870570a25fe,punjabi,real,real,Coka.mp3,9,10
69369eaf261534b48f8efbffa61ec82a,punjabi,real,real,Coka.mp3,10,10
d56d99df9a1279cfabadc8c6f3de1858,punjabi,real,real,Coka.mp3,11,10
46b853527ff2fd96ce307d5d6755e268,punjabi,real,real,Coka.mp3,12,10
402442999619f3424d6fd3bb2c28cdb4,punjabi,real,real,Coka.mp3,13,10
5a5eefd872fd5f47ad55bb854c13377e,punjabi,real,real,Coka.mp3,14,10
58d205c897344e2b77bb169ee5832d7c,punjabi,real,real,Coka.mp3,15,10
de8a6a0fde7eb6546c28e9adef711e20,punjabi,real,real,Coka.mp3,16,10
025d74c40c5d76d1d6f5472633a2a11d,punjabi,real,real,Coka.mp3,17,10
087b658960914370748dc2a5d15ac02d,punjabi,real,real,Jaguar.mp3,0,10
f3973bb9e1c01414e45faf5485c1b978,punjabi,real,real,Jaguar.mp3,1,10
63641431d77b3c2dfdb646d263252a0a,punjabi,real,real,Jaguar.mp3,2,10
006665cad066aef9cf305fa8cf6d9956,punjabi,real,real,Jaguar.mp3,3,10
84cd785dd2cbab37c61f33a602101a15,punjabi,real,real,Jaguar.mp3,4,10
23e4aa96958eae39b49192181a5dacdd,punjabi,real,real,Jaguar.mp3,5,10
84b0d98a58d78455bc0deccf2750d4b5,punjabi,real,real,Jaguar.mp3,6,10
76eada826261522c69ad1a6dc3859534,punjabi,real,real,Jaguar.mp3,7,10
2b3085fb8c4ae6c129c5b90c4272fa8d,punjabi,real,real,Jaguar.mp3,8,10
6179bb452a60c68be6d7d7a9675bfaf6,punjabi,real,real,Jaguar.mp3,9,10
ba8734d56535762dcd0851a3a9a45e5a,punjabi,real,real,Jaguar.mp3,10,10
afec8ff2fb642b27918ac73e2cbbc872,punjabi,real,real,Jaguar.mp3,11,10
5d00628ec937aca00d7449618c88c4a3,punjabi,real,real,Jaguar.mp3,12,10
7afa7187c60d4646262f28aac15e6f20,punjabi,real,real,Jaguar.mp3,13,10
12d8edd698ec2f6a64b8f786601b2de1,punjabi,real,real,Jaguar.mp3,14,10
c86907d2e6ffb98d40aefbbe623bcb22,punjabi,real,real,Jaguar.mp3,15,10
a71eeaf682fac3070cd6fdc71c1422ca,punjabi,real,real,All Black.mp3,0,10
7bdfc8331433e2fd912ce26efb5881c7,punjabi,real,real,All Black.mp3,1,10
f83cd0f85aabc9ca817abb6e5f6805fd,punjabi,real,real,All Black.mp3,2,10
79668bd0f156b5846d745587e5b712af,punjabi,real,real,All Black.mp3,3,10
933a5365891726283b1d11b2d679ef10,punjabi,real,real,All Black.mp3,4,10
11ca3097c057f46b03fb579f88426c22,punjabi,real,real,All Black.mp3,5,10
4a0bbed1dc4c5080cf3d8903dfcc1440,punjabi,real,real,All Black.mp3,6,10
be391542b0495c1592437e0c6a33f8fa,punjabi,real,real,All Black.mp3,7,10
b7803db46978a299d5cee4617d109224,punjabi,real,real,All Black.mp3,8,10
c9051f145d6cbc73e0780a64f793a139,punjabi,real,real,All Black.mp3,9,10
464e4918c9a983c7a7ba39541c3ae424,punjabi,real,real,All Black.mp3,10,10
d8ca86e7c2ae87d379b7c77edcb0b8f9,punjabi,real,real,All Black.mp3,11,10
85e5b2502f177393d739c0de7198a0d4,punjabi,real,real,All Black.mp3,12,10
c30f011c8009335fd02a9db224d349ec,punjabi,real,real,All Black.mp3,13,10
4d76e5ebc7f0d29bd5dad8d9a85614d3,punjabi,real,real,All Black.mp3,14,10
1139ab6384488b57bc1bb02300a69e9f,punjabi,real,real,All Black.mp3,15,10
6637d03d046248de0a3f0b5b1ba45bb1,punjabi,real,real,All Black.mp3,16,10
4ddd623add20451b6c6c3c192d0ab3e9,punjabi,real,real,All Black.mp3,17,10
61f02bf489c85c04e2dd6c926f1bccd5,punjabi,real,real,All Black.mp3,18,10
7fce9cba038eb9655abc2e6b1483418e,punjabi,real,real,All Black.mp3,19,10
107632b05d306e3b77f5ea88e2f9a69c,punjabi,real,real,All Black.mp3,20,10
31ec8a5e3156b31ed2dc48d95622487b,punjabi,real,real,Sniper.mp3,0,10
53e011757e3c6a209512aba17a06341a,punjabi,real,real,Sniper.mp3,1,10
68b6cefaac67f314234f4978ddfb5766,punjabi,real,real,Sniper.mp3,2,10
078ede9e9e5aca1654d704d1a336bfb6,punjabi,real,real,Sniper.mp3,3,10
bb3d78cb494010f9b677f38b7d44c904,punjabi,real,real,Sniper.mp3,4,10
b0c58c9c3021bc31a253bc212a1019f4,punjabi,real,real,Sniper.mp3,5,10
c6a912bf4e79b0c41b99a7dd8621afd9,punjabi,real,real,Sniper.mp3,6,10
0a1e8e7720e6c7ffdac0040caeada067,punjabi,real,real,Sniper.mp3,7,10
fae119417953d14cd37ad602564588df,punjabi,real,real,Sniper.mp3,8,10
5c69802871bd3face6978027eb85db72,punjabi,real,real,Sniper.mp3,9,10
b449a8c871b667be7cf9175d182a02f9,punjabi,real,real,Sniper.mp3,10,10
bef921aa5a3074d11f63ef7f28a9be9a,punjabi,real,real,Sniper.mp3,11,10
905c5f769a97e27f91082d0746d11452,punjabi,real,real,Sniper.mp3,12,10
adc3ffa159ebe30f0f41aaae08ec6805,punjabi,real,real,Sniper.mp3,13,10
60193bf00c5f2cfda54f31e35c2949b9,punjabi,real,real,Sniper.mp3,14,10
de75800dab005a3e847c9be9f4983e3a,punjabi,real,real,Sniper.mp3,15,10
a30f67ba45147455b0cedc351313dd77,punjabi,real,real,Sniper.mp3,16,10
b36f4406ccbfa9d68fc66db74c711b90,punjabi,real,real,Sniper.mp3,17,10
f2a6ad4ce9d712556fd94f3ce5ea302c,punjabi,real,real,Sniper.mp3,18,10
72abafac3a7f858280dc6dd69e79aab1,punjabi,real,real,Gunday Ik Vaar Fer.mp3,0,10
e92224fc63a796cda4a6dbfbdbcc86f0,punjabi,real,real,Gunday Ik Vaar Fer.mp3,1,10
08b2aeeeb80f8c5965f59fdae90ae226,punjabi,real,real,Gunday Ik Vaar Fer.mp3,2,10
5e192a4eeb586eeff26791b8096547e1,punjabi,real,real,Gunday Ik Vaar Fer.mp3,3,10
be401f432bf7b3cc52f157328e6f3be5,punjabi,real,real,Gunday Ik Vaar Fer.mp3,4,10
d45754cc4cd31c73ac8d49e52a3d7d9f,punjabi,real,real,Gunday Ik Vaar Fer.mp3,5,10
8b4286c6e0336a76fb84e2dee3b2103b,punjabi,real,real,Gunday Ik Vaar Fer.mp3,6,10
ecdb7f386f751739ebfe616a9381241e,punjabi,real,real,Gunday Ik Vaar Fer.mp3,7,10
aa11a44a771850f08b26e12ec6af52b6,punjabi,real,real,Gunday Ik Vaar Fer.mp3,8,10
7b881d214429d32a055f7ba6eb3cea79,punjabi,real,real,Gunday Ik Vaar Fer.mp3,9,10
37bb328a26e5455c05070fd810306095,punjabi,real,real,Gunday Ik Vaar Fer.mp3,10,10
ec555063be78c3f6d5fc7fa679646720,punjabi,real,real,Gunday Ik Vaar Fer.mp3,11,10
7b4852589742ff4f7231f015cfd3d13d,punjabi,real,real,Gunday Ik Vaar Fer.mp3,12,10
60862d5f2ab363f286036031b951897a,punjabi,real,real,Gunday Ik Vaar Fer.mp3,13,10
d4948dd01ab49383afba1aa2ec19ebe0,punjabi,real,real,Gunday Ik Vaar Fer.mp3,14,10
da23644be4809588be406797295c64de,punjabi,real,real,Gunday Ik Vaar Fer.mp3,15,10
05f770e3ad3e4166cff831da07c3dca3,punjabi,real,real,Gunday Ik Vaar Fer.mp3,16,10
1f4a5c41bfe538d8f20e601a5e09968d,punjabi,real,real,Gunday Ik Vaar Fer.mp3,17,10
5c3c1a1a007f7100841423c7f463b90d,punjabi,real,real,Gunday Ik Vaar Fer.mp3,18,10
4b9ef57220a592a1c5928a11a443aee3,punjabi,real,real,Gunday Ik Vaar Fer.mp3,19,10
c7f8810bc94e51e96bed3171d88184ec,punjabi,real,real,Gunday Ik Vaar Fer.mp3,20,10
6d6869d735a12fb8c8ea8210daba5039,punjabi,real,real,Gunday Ik Vaar Fer.mp3,21,10
4ef9768e6abf84afd79e7f4b3651af58,punjabi,real,real,Photo.mp3,0,10
1d50517dff380b16ccfdf13c98c58945,punjabi,real,real,Photo.mp3,1,10
b19c69cfa7ffa944df06f3b66ee7f2d4,punjabi,real,real,Photo.mp3,2,10
237a0f2c3b3cdc90e79aa8204c56d580,punjabi,real,real,Photo.mp3,3,10
2917a758ed1f03f38e64b6b3df26b3a3,punjabi,real,real,Photo.mp3,4,10
474b151b06c48637c4ea8c3f9288844d,punjabi,real,real,Photo.mp3,5,10
2ec59c7c139ef1eedc43d0c6e96eebc7,punjabi,real,real,Photo.mp3,6,10
e885946ea0f8cf620960d4fb228a486e,punjabi,real,real,Photo.mp3,7,10
9ae22344aed3f915267ab3b7b134ac5c,punjabi,real,real,Photo.mp3,8,10
2dd155217012911de52c4312a9966a2b,punjabi,real,real,Photo.mp3,9,10
dd697933a7083ac1a872ae3b20e02a4a,punjabi,real,real,Photo.mp3,10,10
d16b9d3ce43c7c1d64b90afca86be77d,punjabi,real,real,Photo.mp3,11,10
3617202e77904df6fe0d1a5760b8246e,punjabi,real,real,Photo.mp3,12,10
b8efc1a11d80c7558c89a57ac3a34420,punjabi,real,real,Photo.mp3,13,10
80cfdec2fe3c2c04c6c0f532f59f7b33,punjabi,real,real,Photo.mp3,14,10
8a1bf0cc4de0cc4a6525930fbfc060ed,punjabi,real,real,Photo.mp3,15,10
1933c8dc1c0ad2ef01ce11841dc3d6ba,punjabi,real,real,Photo.mp3,16,10
ae544b46d128aaf443ac51c3250dbd26,punjabi,real,real,Photo.mp3,17,10
676b068bb0c37b3ba5287e5966af2d15,punjabi,real,real,Photo.mp3,18,10
9fb90a6f6728c06be75474013818045c,punjabi,real,real,Photo.mp3,19,10
f9dc023d1f3a95bb8d40ba093c1c2970,punjabi,real,real,Photo.mp3,20,10
be21d748f3e8f9513b2d6b198849507b,punjabi,real,real,Photo.mp3,21,10
797d4c544ad3a815b08e346a990f0ff1,punjabi,real,real,Photo.mp3,22,10
539cf3e722e2a47e0da34172e168faa5,punjabi,real,real,Affair.mp3,0,10
c3b499623596a046fd6efe4577175f5c,punjabi,real,real,Affair.mp3,1,10
cb9d7d82c63cd44856983e69995aae88,punjabi,real,real,Affair.mp3,2,10
5ab03df7876fc6148e57de9bf7605680,punjabi,real,real,Affair.mp3,3,10
ae3b307f83af0c0eb6daa9bcf0ff0712,punjabi,real,real,Affair.mp3,4,10
9e6de20cb925522869a939c606c9f9fc,punjabi,real,real,Affair.mp3,5,10
e7b36088893ccbb38a1363f73f850975,punjabi,real,real,Affair.mp3,6,10
1edf5b7507e5ff00da6228ec34daed68,punjabi,real,real,Affair.mp3,7,10
7f99c3321ebc3bdfbfbd635e7f13cf9b,punjabi,real,real,Affair.mp3,8,10
57bda3994808a1ab6d237ad9c8d4a138,punjabi,real,real,Affair.mp3,9,10
f9fa279d68c486439708735ed9234f0e,punjabi,real,real,Affair.mp3,10,10
c4266fe10a392ed7fb946fffb4408c07,punjabi,real,real,Affair.mp3,11,10
21a1b846ffd30f4be6557a5f3ad44d9e,punjabi,real,real,Affair.mp3,12,10
ff2bdcda6760c6689b3d415dfe8f1d18,punjabi,real,real,Affair.mp3,13,10
7e87022fcd9c56002cfb9a59fae151c4,punjabi,real,real,Affair.mp3,14,10
f5d3ca62d07f900cab888d3fbe6e75ab,punjabi,real,real,Affair.mp3,15,10
d1ea40714204a5a76870ad32762b32fe,punjabi,real,real,Affair.mp3,16,10
77c8fcc9af093b3f74298c5e896cc7f8,punjabi,real,real,Affair.mp3,17,10
366b04ea4b8319c068a1b63c3ba2b793,punjabi,real,real,Diamond.mp3,0,10
5c495a926e40f215f5893fde58f8b4af,punjabi,real,real,Diamond.mp3,1,10
c1f22633496b040e9495c8eca531a8f9,punjabi,real,real,Diamond.mp3,2,10
7ccefcabb6e8283504dbd3dbca099a01,punjabi,real,real,Diamond.mp3,3,10
45745cc8379b69e908184dfb5850b64d,punjabi,real,real,Diamond.mp3,4,10
e28d5fd8e9666b730a7356860ca87e95,punjabi,real,real,Diamond.mp3,5,10
bf60ce9e3e88f1b358e1b06469fa5f08,punjabi,real,real,Diamond.mp3,6,10
e647a412b08ea7cd84933bbd1a00cbcb,punjabi,real,real,Diamond.mp3,7,10
5d18bdba89b5233f5f5648b5540e2267,punjabi,real,real,Diamond.mp3,8,10
e4a3c8bdff5f1a937017e8d04b82b721,punjabi,real,real,Diamond.mp3,9,10
c9111e955e4d2560b84e90b1e374e7e5,punjabi,real,real,Diamond.mp3,10,10
6ae7a725336709278181bae42d93b96d,punjabi,real,real,Diamond.mp3,11,10
fd24cd416f7e7099317e08d8538499a5,punjabi,real,real,Diamond.mp3,12,10
2b7e48a164f6a8dc82f5142f98fbc341,punjabi,real,real,Diamond.mp3,13,10
d6c7beadc9c4787478c140905a8bf6a9,punjabi,real,real,Diamond.mp3,14,10
cfe126863be258a104ef960739bbd877,punjabi,real,real,Diamond.mp3,15,10
0ee1d098676a646dd1dd0a39d1431abf,punjabi,real,real,Diamond.mp3,16,10
bcc0d490f246b66183c398c5d9f33ad2,punjabi,real,real,Diamond.mp3,17,10
96f5f7828031e540288fffdab44aa20d,punjabi,real,real,Diamond.mp3,18,10
2f8a4f43e2bda51c2c8276743767aa10,punjabi,real,real,Diamond.mp3,19,10
1d4ea2fdeb60cd77dccdb4f0e72d11c6,punjabi,real,real,Diamond.mp3,20,10
2ea642797be02e8c8bdd9eea102fe964,punjabi,real,real,Diamond.mp3,21,10
f70f7e189a72fb2744800bb412f6c71c,punjabi,real,real,Diamond.mp3,22,10
34545df011f179b95cfb2030a1bce7d9,punjabi,real,real,Diamond.mp3,23,10
d0f1643256e85d71983387c1c108a114,punjabi,real,real,Pagal.mp3,0,10
f6a261073bb976240ad806a40c79e3fa,punjabi,real,real,Pagal.mp3,1,10
7b8f840a3302e3450b0738965f295261,punjabi,real,real,Pagal.mp3,2,10
1ff07fa809b34689343593dc667864af,punjabi,real,real,Pagal.mp3,3,10
ff0aaf90ebd20f0910b66cb927c5ad52,punjabi,real,real,Gora Rang.mp3,0,10
0333f6b51103d16b80568fc91ec21fca,punjabi,real,real,Gora Rang.mp3,1,10
22d5d7cd4621e6c87a64bfc2a29a954e,punjabi,real,real,Gora Rang.mp3,2,10
747c6091bc96fa9435df7a95834defb3,punjabi,real,real,Gora Rang.mp3,3,10
a4535f00de5a6b619fb65d60a829656a,punjabi,real,real,Gora Rang.mp3,4,10
7e8e94c4be886a4acc7d109e815d5c93,punjabi,real,real,Gora Rang.mp3,5,10
fdabbfc1d35a9a4f8a6600fdf9dd1a33,punjabi,real,real,Gora Rang.mp3,6,10
02a0b666087a1e60625e17a502875ea5,punjabi,real,real,Gora Rang.mp3,7,10
becc9c11de07c1c6f4048f724951712d,punjabi,real,real,Gora Rang.mp3,8,10
08ebc1169fbeb48750d87a1632261871,punjabi,real,real,Gora Rang.mp3,9,10
7e0f0fbaae7b4889eb0b81e5bc4fdd7a,punjabi,real,real,Gora Rang.mp3,10,10
88e75e9110ceffb99e7a8e65b72c25e0,punjabi,real,real,Gora Rang.mp3,11,10
23d5ab1ee4820177f3ade1cc62813997,punjabi,real,real,Gora Rang.mp3,12,10
eba06e585195b6b263037f10b287db07,punjabi,real,real,Gora Rang.mp3,13,10
ffcdd20d8309829797183eec4448d099,punjabi,real,real,Gora Rang.mp3,14,10
628a2fcce614647bbe0d60e7cef66c16,punjabi,real,real,Gora Rang.mp3,15,10
0743b454961513f5d9dc772d14da5e13,punjabi,real,real,Gora Rang.mp3,16,10
aba2a9043102c4f9a76bc4647e5f12c7,punjabi,real,real,Gora Rang.mp3,17,10
d32816a45dc1c54401cc209cf2e1b3e1,punjabi,real,real,Palazzo.mp3,0,10
cebdbb2bb497c0b23d2d7b42acba68f9,punjabi,real,real,Palazzo.mp3,1,10
e5b326635d853dc77a2bdb488528a961,punjabi,real,real,Palazzo.mp3,2,10
4e17bb26e21ddfc4e394cd6efc994683,punjabi,real,real,Palazzo.mp3,3,10
547c119c679a9ab0a378c54eb076c9dd,punjabi,real,real,Palazzo.mp3,4,10
6a855e0509cf2ea1d2767f553532c4a3,punjabi,real,real,Palazzo.mp3,5,10
5ad1328bf24732abeb0b0083f8adc5bb,punjabi,real,real,Palazzo.mp3,6,10
d4a11f092dc7caaf7d72f59523375603,punjabi,real,real,Palazzo.mp3,7,10
d95cdbe613d13f9f9092f9e5842556a6,punjabi,real,real,Palazzo.mp3,8,10
e65760e4467ee280fc84eb72a81fb98e,punjabi,real,real,Palazzo.mp3,9,10
3028378f3ba90a0b96356e8138dbbf6b,punjabi,real,real,Palazzo.mp3,10,10
0462e903db9a2631a8f8770888ac64b4,punjabi,real,real,Palazzo.mp3,11,10
467d518be6f44d54a19fefc790f916f1,punjabi,real,real,Palazzo.mp3,12,10
5de5fad018891fccc420c2e93a4e6d41,punjabi,real,real,Palazzo.mp3,13,10
3c4874bf481ae7e92a2b867aa5d52615,punjabi,real,real,Palazzo.mp3,14,10
88d11cd52e05d42d73380ef5451c8a37,punjabi,real,real,Palazzo.mp3,15,10
76bb77d7f6ad4600420cceb0cfb95e82,punjabi,real,real,Palazzo.mp3,16,10
9d7346d32ebe639b5d965686f3f21f4e,punjabi,real,real,Palazzo.mp3,17,10
cbf75d855d3e9ab0e566f7322afd3388,punjabi,real,real,Palazzo.mp3,18,10
bd6c0db1736ba7510182d2b9e1470125,punjabi,real,real,Palazzo.mp3,19,10
cb50c22a7cb1ce9a3cb1b2948d84cd36,punjabi,real,real,Palazzo.mp3,20,10
7ec73769bce001da0dd49245d1d1edb1,punjabi,real,real,Palazzo.mp3,21,10
203146f3ebcd4c8bc7eac70097d1b431,punjabi,real,real,Palazzo.mp3,22,10
0628df4fafd42cf024320443b265ff2a,punjabi,real,real,Light Weight.mp3,0,10
a4ec7673376e9a06be50caa2985d0a95,punjabi,real,real,Light Weight.mp3,1,10
c5b5beeae34915d8d755fd0cea318efc,punjabi,real,real,Time Table.mp3,0,10
c8e6d8c618bd28a725c45602e3642589,punjabi,real,real,Time Table.mp3,1,10
04b13f966846cd28ea440540dd48f20f,punjabi,real,real,Time Table.mp3,2,10
0ba3c5852c48dc95afa7c2aa03852756,punjabi,real,real,Time Table.mp3,3,10
bc700b23b6e121fa1b339654119daaee,punjabi,real,real,Time Table.mp3,4,10
9bb2dca1b8a9713c81b1fd9158c0ff8f,punjabi,real,real,Time Table.mp3,5,10
fc1880c24559dbd88cb835e9f43c70c0,punjabi,real,real,Time Table.mp3,6,10
483fe99aa08a4d9c639c29c2adbe8370,punjabi,real,real,Time Table.mp3,7,10
00b4f7b617d4d15fff34cee3700ec91c,punjabi,real,real,Time Table.mp3,8,10
44bc262d63b11eeda616e8918d0ff5f9,punjabi,real,real,Time Table.mp3,9,10
e74c0e53b8ac6e6d43f258bdd2453ec7,punjabi,real,real,Time Table.mp3,10,10
c086dc8580098cce16a57726bdc251fb,punjabi,real,real,Time Table.mp3,11,10
7c4a1fe7cac03606ced5e9f6f980d6d4,punjabi,real,real,Time Table.mp3,12,10
cf473165447aadf5c799c3c98858b9e4,punjabi,real,real,Time Table.mp3,13,10
a2f82ae53275a9e17110501492930360,punjabi,real,real,Time Table.mp3,14,10
7284e65fa69cb5fbe4d9425dbcbdef47,punjabi,real,real,Time Table.mp3,15,10
5ca7c3543a28bf0aebdfde011f904f64,punjabi,real,real,Time Table.mp3,16,10
3fb88fd91eb3a674a63c12e985edc0c0,punjabi,real,real,Time Table.mp3,17,10
11ef14b072d3ddfc1c8c346991a16883,punjabi,real,real,Time Table.mp3,18,10
84cc4fc75574f802a962159a030a6408,punjabi,real,real,Time Table.mp3,19,10
48f935ad42b04442ef7c464bedf82d25,punjabi,real,real,Time Table.mp3,20,10
bf168c2b5f60268bbecbf5ee0fce89b2,punjabi,real,real,Time Table.mp3,21,10
c9d8a3111406c4369c54339a8be5aaea,punjabi,real,real,Time Table.mp3,22,10
35dc41830d6e52e973092d43585551f2,punjabi,real,real,Time Table.mp3,23,10
67788340dc0b9e36fa51880cbc74bddd,punjabi,real,real,DJ Wajda.mp3,0,10
2979c726a36fa81065b9929702a6c1ae,punjabi,real,real,DJ Wajda.mp3,1,10
b70eea1dbc0e0978d0bb95e9e4092ae6,punjabi,real,real,DJ Wajda.mp3,2,10
d38cd5a2ceffd498d99dc7f792656ce4,punjabi,real,real,Issa Jatt.mp3,0,10
7e4a5a81f245d06c53c7fa75906353d2,punjabi,real,real,Issa Jatt.mp3,1,10
1958f258685ea41070bdb2a1c4d50f37,punjabi,real,real,Issa Jatt.mp3,2,10
859855383ed6203a6dac8bab86a559e9,punjabi,real,real,Issa Jatt.mp3,3,10
c222c55ce459c8b446c4d01c151258f6,punjabi,real,real,Issa Jatt.mp3,4,10
3ccca2b8c140bc8b90683b9d465e87c2,punjabi,real,real,Issa Jatt.mp3,5,10
68428e8ffa4fc52df806b17a8af80ba3,punjabi,real,real,Issa Jatt.mp3,6,10
248c1a489bfdb1bc6129a8fc9c9bbba9,punjabi,real,real,Issa Jatt.mp3,7,10
f87df27164a3adc669955026ce941c97,punjabi,real,real,Issa Jatt.mp3,8,10
bf2b38bbafb8390e931ecb41c8fc4bed,punjabi,real,real,Issa Jatt.mp3,9,10
9e9b78cf4b402e71f852ff733330d9d7,punjabi,real,real,Issa Jatt.mp3,10,10
c613f7b35f6bdffed427796a65a19ecc,punjabi,real,real,Issa Jatt.mp3,11,10
edd0f15dda9cbe474370b7b47725a0be,punjabi,real,real,Issa Jatt.mp3,12,10
8e5be035605e3fc55dd3f97611ae4097,punjabi,real,real,Issa Jatt.mp3,13,10
eb93f3c214f41723d08406dc6b3d4dfe,punjabi,real,real,Issa Jatt.mp3,14,10
f43a16bed0c89afcca7c973a9a6f0727,punjabi,real,real,Issa Jatt.mp3,15,10
000b61f4a19aca0b183dcf7eeef3fe5e,punjabi,real,real,Issa Jatt.mp3,16,10
0a5abe52983f4ebf99f9559c3046d33d,punjabi,real,real,Issa Jatt.mp3,17,10
bbb2410db081ca5699c5b2d5a7986220,punjabi,real,real,Issa Jatt.mp3,18,10
e7c9bb694e619075d81492892daef1f9,punjabi,real,real,Issa Jatt.mp3,19,10
405dd3698bbfa215b564630c8a90bd71,punjabi,real,real,Issa Jatt.mp3,20,10
f65efc5cd443536c370d277ce07ff104,punjabi,real,real,So High.mp3,0,10
0228a85a69beec9fb9fcac1ad6cd4687,punjabi,real,real,So High.mp3,1,10
62beff86e876990d84ae39564ee2e264,punjabi,real,real,So High.mp3,2,10
e1cd7bef2885e5438d1ca78b380af03d,punjabi,real,real,So High.mp3,3,10
2c6d6fce56a41eef091c4071e3475438,punjabi,real,real,So High.mp3,4,10
f9534da83100521ac908d3db15bb0075,punjabi,real,real,So High.mp3,5,10
bff3c658a662e77e1759553c28724d56,punjabi,real,real,So High.mp3,6,10
7e353429f875ab85e893fa7d071e3df8,punjabi,real,real,So High.mp3,7,10
a56944b3345d810b7e73ebf9a54c08da,punjabi,real,real,So High.mp3,8,10
fb998d68f398d60f6e31b5e3335a5305,punjabi,real,real,So High.mp3,9,10
6974adfd5978da4fc73de65a8863c4ef,punjabi,real,real,So High.mp3,10,10
27a625652a97accb1c0ad0af3028579c,punjabi,real,real,So High.mp3,11,10
5dbd13327c39268cc70ed9654d87d159,punjabi,real,real,So High.mp3,12,10
ef953680771e20bbf709c04c820048a2,punjabi,real,real,So High.mp3,13,10
377b1bd730f9e0a6c224641ca4a2eea5,punjabi,real,real,So High.mp3,14,10
c291cffeba37500dba9b7ace61199063,punjabi,real,real,So High.mp3,15,10
c39e57aade7e9da04069937f762f7ddf,punjabi,real,real,So High.mp3,16,10
45cf472e89e1c69b115afe5a757bdaff,punjabi,real,real,So High.mp3,17,10
e8d29ad5808fb82bc91b7ef0476adfc7,punjabi,real,real,So High.mp3,18,10
4c3dee00c4ea59842496d2619336c94c,punjabi,real,real,So High.mp3,19,10
0d74cca01eee962d28ce49033748fc62,punjabi,real,real,So High.mp3,20,10
