sample_id,language,label,method,original_filename,clip_index,duration_seconds
5ea18e98533f2ebb643da0fd01f1e01e,telugu,real,real,001_Lachimi Na Chinni Lachimi.mp3.mp3,0,10
2c1a6ee313f72e150d4df732a78c614f,telugu,real,real,001_Lachimi Na Chinni Lachimi.mp3.mp3,1,10
418bffd55b7b5251b14d861e248258ed,telugu,real,real,001_Lachimi Na Chinni Lachimi.mp3.mp3,2,10
cd141f084886f5cc7cc988726fda0cf3,telugu,real,real,001_Lachimi Na Chinni Lachimi.mp3.mp3,3,10
7e56610305327f493a949a3314e5ae66,telugu,real,real,001_Lachimi Na Chinni Lachimi.mp3.mp3,4,10
9989e9b8c8fd6b0e4cb8e4d628ef451b,telugu,real,real,001_Lachimi Na Chinni Lachimi.mp3.mp3,5,10
c1f55c62f8c223745d8c16ca2431044d,telugu,real,real,001_Lachimi Na Chinni Lachimi.mp3.mp3,6,10
0ce6d42eb28fd30aa70f07066de6611d,telugu,real,real,001_Lachimi Na Chinni Lachimi.mp3.mp3,7,10
74c1ce64cbd8fcf2590474f9f784d4e2,telugu,real,real,001_Lachimi Na Chinni Lachimi.mp3.mp3,8,10
0b58c4372f41a250b78503460ed060a9,telugu,real,real,001_Lachimi Na Chinni Lachimi.mp3.mp3,9,10
508998daea45852c9535c21697d731d8,telugu,real,real,001_Lachimi Na Chinni Lachimi.mp3.mp3,10,10
0253de1445b9610ea884f5d8aeab935b,telugu,real,real,001_Lachimi Na Chinni Lachimi.mp3.mp3,11,10
140d5122b915c09ab898b1800b7dd7f8,telugu,real,real,001_Lachimi Na Chinni Lachimi.mp3.mp3,12,10
29e38446bba14654274a54d17056e097,telugu,real,real,001_Lachimi Na Chinni Lachimi.mp3.mp3,13,10
b62c523e16fb8dcaf834f4f06e52f73e,telugu,real,real,001_Lachimi Na Chinni Lachimi.mp3.mp3,14,10
a3cbeb65edca70f4b858f6f09cbcb95c,telugu,real,real,001_Lachimi Na Chinni Lachimi.mp3.mp3,15,10
3d3c0d7718709dd3c7122c18a7a75d29,telugu,real,real,001_Lachimi Na Chinni Lachimi.mp3.mp3,16,10
06e9105113654da658e965d0982e6baf,telugu,real,real,001_Lachimi Na Chinni Lachimi.mp3.mp3,17,10
2030b481f160481e9be8be9dd58178dd,telugu,real,real,001_Lachimi Na Chinni Lachimi.mp3.mp3,18,10
09b4f01867e1d1aec80fe249c6882c05,telugu,real,real,001_Lachimi Na Chinni Lachimi.mp3.mp3,19,10
9f98a045705b5a35bc7d79651b800f61,telugu,real,real,001_Lachimi Na Chinni Lachimi.mp3.mp3,20,10
1b50d119f4621d75eb1fd7534d6d45c5,telugu,real,real,001_Lachimi Na Chinni Lachimi.mp3.mp3,21,10
024fd4f86fe64657fb377708cf8f34a6,telugu,real,real,001_Lachimi Na Chinni Lachimi.mp3.mp3,22,10
db75e7fdbb9aad95b689821005dbb867,telugu,real,real,001_Lachimi Na Chinni Lachimi.mp3.mp3,23,10
5e5f62c8706becceaa0ce960e542742c,telugu,real,real,001_Lachimi Na Chinni Lachimi.mp3.mp3,24,10
f6a3a60d32b7e578c88d9f48f8b3221b,telugu,real,real,001_Lachimi Na Chinni Lachimi.mp3.mp3,25,10
e1c58ac692f4c88ebf6a1bb92aa470f1,telugu,real,real,001_Lachimi Na Chinni Lachimi.mp3.mp3,26,10
866bbf58bc048a4cfe0d00868eb0896f,telugu,real,real,002_Nee Valla O Pilla.mp3.mp3,0,10
e709277f69d11996772dbfa505491ec8,telugu,real,real,002_Nee Valla O Pilla.mp3.mp3,1,10
a48568c02775eedc5a175c69bd67abc1,telugu,real,real,002_Nee Valla O Pilla.mp3.mp3,2,10
9c632bd2b3d689f5a87efa59e380ea19,telugu,real,real,002_Nee Valla O Pilla.mp3.mp3,3,10
4c025d65523e417ee94cefc69ccd1c4c,telugu,real,real,004_Bavalla Na Bavalla.mp3.mp3,0,10
1ba1fd756237db7d8dfd929a118c87c2,telugu,real,real,004_Bavalla Na Bavalla.mp3.mp3,1,10
831b1a30e4acdce59e643a51d7cc4fd9,telugu,real,real,004_Bavalla Na Bavalla.mp3.mp3,2,10
a7c9b7b1aade8770fa0210e37dce753d,telugu,real,real,004_Bavalla Na Bavalla.mp3.mp3,3,10
d19726456e11d8c742af4203383ffd00,telugu,real,real,004_Bavalla Na Bavalla.mp3.mp3,4,10
7e7007745a8ac5f83439982b27485387,telugu,real,real,004_Bavalla Na Bavalla.mp3.mp3,5,10
a4425dfcefd385ef4fdc75908ce0257a,telugu,real,real,004_Bavalla Na Bavalla.mp3.mp3,6,10
036743ea5ac74931cb217d76718fee3e,telugu,real,real,004_Bavalla Na Bavalla.mp3.mp3,7,10
c275e164bb4c5330668ab00f18ee19ff,telugu,real,real,004_Bavalla Na Bavalla.mp3.mp3,8,10
08e2e4b7fa20dca29553695eb2f45441,telugu,real,real,004_Bavalla Na Bavalla.mp3.mp3,9,10
c571f2ca8dfa9b106dc55503293912ce,telugu,real,real,004_Bavalla Na Bavalla.mp3.mp3,10,10
bb30631d62880e6b1826e2180e194dc8,telugu,real,real,004_Bavalla Na Bavalla.mp3.mp3,11,10
62dbeccad9231935a2633e5a1785dd35,telugu,real,real,004_Bavalla Na Bavalla.mp3.mp3,12,10
ab7abf3165f0f569b669427bf3a0d3ed,telugu,real,real,004_Bavalla Na Bavalla.mp3.mp3,13,10
253a63bfec12d822a7b507fbd37203dd,telugu,real,real,004_Bavalla Na Bavalla.mp3.mp3,14,10
9bd6ffb11c0f4f9a95c521983f9703af,telugu,real,real,004_Bavalla Na Bavalla.mp3.mp3,15,10
c6c7655ef055c59bb52e8ded129378f5,telugu,real,real,004_Bavalla Na Bavalla.mp3.mp3,16,10
8d9cae811ea6f56a3cd7e0d3aab4e606,telugu,real,real,004_Bavalla Na Bavalla.mp3.mp3,17,10
e9fb4e3abbf0e612b838f49dd1674e02,telugu,real,real,004_Bavalla Na Bavalla.mp3.mp3,18,10
a36908bf86b3eddc68dbcd67e5014d82,telugu,real,real,004_Bavalla Na Bavalla.mp3.mp3,19,10
c2095bda4c8991e87219c50b0b115b4b,telugu,real,real,004_Bavalla Na Bavalla.mp3.mp3,20,10
a775cc0eab5d9f462a92bb982d67c8a4,telugu,real,real,004_Bavalla Na Bavalla.mp3.mp3,21,10
ada51d840cd43e7aa852a33e828ed8a9,telugu,real,real,009_Allahe Allaha.mp3.mp3,0,10
a285a740f33829252c66240255ed35dd,telugu,real,real,009_Allahe Allaha.mp3.mp3,1,10
dbd8f22baf1797d0ee4a0da40677676a,telugu,real,real,009_Allahe Allaha.mp3.mp3,2,10
8b2dba76af72db2e9b7cb3125443218f,telugu,real,real,009_Allahe Allaha.mp3.mp3,3,10
2c58436c3dface1d11a05e0e4b6ff167,telugu,real,real,009_Allahe Allaha.mp3.mp3,4,10
6ee16ccc331bf05ced22778f7928471d,telugu,real,real,009_Allahe Allaha.mp3.mp3,5,10
c12086f66a01be95feadf5ae225150ff,telugu,real,real,009_Allahe Allaha.mp3.mp3,6,10
9c1c5127447fcb1a18015e8bc2b18381,telugu,real,real,009_Allahe Allaha.mp3.mp3,7,10
2c0b76de2368a84a844e050ba21c1bd5,telugu,real,real,009_Allahe Allaha.mp3.mp3,8,10
429f5cadd26e72c1f9ad36414fe49953,telugu,real,real,009_Allahe Allaha.mp3.mp3,9,10
539769dddecbf80df848d3ac1c5af49a,telugu,real,real,009_Allahe Allaha.mp3.mp3,10,10
c54b558a450946dbf9e277370c3ff608,telugu,real,real,009_Allahe Allaha.mp3.mp3,11,10
3799d1326b91b003de6b28047d304f01,telugu,real,real,009_Allahe Allaha.mp3.mp3,12,10
e5936657d1079d9fb5e22356edbec75e,telugu,real,real,009_Allahe Allaha.mp3.mp3,13,10
ffae6617e7ebd644c6c35c7b15f6a665,telugu,real,real,009_Allahe Allaha.mp3.mp3,14,10
3d3d32aba1157897b6955e1592f8f4bd,telugu,real,real,009_Allahe Allaha.mp3.mp3,15,10
485eef9fa2dff19112cebadccf04c7ee,telugu,real,real,009_Allahe Allaha.mp3.mp3,16,10
babc1e542a296e0f638db5697c5923f6,telugu,real,real,009_Allahe Allaha.mp3.mp3,17,10
80fe9803fd0cf35d405bec7f227aaf4f,telugu,real,real,009_Allahe Allaha.mp3.mp3,18,10
6a3337198cacdd7e9421b5eb1e783b48,telugu,real,real,009_Allahe Allaha.mp3.mp3,19,10
fa74f59c12a734677fb45fa93805ec6c,telugu,real,real,009_Allahe Allaha.mp3.mp3,20,10
f005555cd25a21841548c874ca1d2230,telugu,real,real,009_Allahe Allaha.mp3.mp3,21,10
381170dab5c802fae6174f1da9e49fbf,telugu,real,real,009_Allahe Allaha.mp3.mp3,22,10
3e1d317447e85378ba5965b5b02ad1ec,telugu,real,real,009_Allahe Allaha.mp3.mp3,23,10
7fd04846a3b2d82508af0984df77e6d7,telugu,real,real,009_Allahe Allaha.mp3.mp3,24,10
59a776ade73c17346715fdb87c537324,telugu,real,real,009_Allahe Allaha.mp3.mp3,25,10
b21b56435cb038cf52b3cab802998910,telugu,real,real,010_Nindu Punammi Vela.mp3.mp3,0,10
fbb211b81341ed0443701bd9e0ce3662,telugu,real,real,010_Nindu Punammi Vela.mp3.mp3,1,10
154fc964637b9057dd6c0bc3ac4d36f4,telugu,real,real,010_Nindu Punammi Vela.mp3.mp3,2,10
aebfe94696b0bf3b01757ced2dddac78,telugu,real,real,010_Nindu Punammi Vela.mp3.mp3,3,10
b00bc3cba87ec6b50c300b72c855a268,telugu,real,real,010_Nindu Punammi Vela.mp3.mp3,4,10
53d62ac121aa934417bb77292eacda72,telugu,real,real,010_Nindu Punammi Vela.mp3.mp3,5,10
0dce7777c6f8b39ed9cd2b41368040e9,telugu,real,real,010_Nindu Punammi Vela.mp3.mp3,6,10
433d0a3c8f6343987adb7452a2f40988,telugu,real,real,010_Nindu Punammi Vela.mp3.mp3,7,10
c275fc84e06e3436d41b04b98a88732f,telugu,real,real,010_Nindu Punammi Vela.mp3.mp3,8,10
ce3f831fce376fd4ce809a431c7d1032,telugu,real,real,011_Vintunna O Pilla.mp3.mp3,0,10
2b5ad069be277a57d1c22e51fd550f9e,telugu,real,real,011_Vintunna O Pilla.mp3.mp3,1,10
3ac14e22ea234a9fa442d02e9103f032,telugu,real,real,011_Vintunna O Pilla.mp3.mp3,2,10
c36a97d04b0b3c4ce344d0b05eb384c3,telugu,real,real,011_Vintunna O Pilla.mp3.mp3,3,10
91ed3ce0c554fbf519df126a9274b401,telugu,real,real,011_Vintunna O Pilla.mp3.mp3,4,10
a841d77c1ede779879ec0cf6e493152f,telugu,real,real,011_Vintunna O Pilla.mp3.mp3,5,10
9d880413ef89fe751c98bda4cefca0c7,telugu,real,real,011_Vintunna O Pilla.mp3.mp3,6,10
d8048bc2c3dd55f394181678e4a3edcb,telugu,real,real,011_Vintunna O Pilla.mp3.mp3,7,10
8a91980f5b2ca4c1f256a8903b67306d,telugu,real,real,011_Vintunna O Pilla.mp3.mp3,8,10
89163a13af17862d1ca9aaa8a3d08ed4,telugu,real,real,011_Vintunna O Pilla.mp3.mp3,9,10
ad5483774cf30ff065493a993ddcd714,telugu,real,real,011_Vintunna O Pilla.mp3.mp3,10,10
3ef2276117eedacd0219884cd5a943fb,telugu,real,real,011_Vintunna O Pilla.mp3.mp3,11,10
30d5810bc54ed95eda1e383fe7f77502,telugu,real,real,011_Vintunna O Pilla.mp3.mp3,12,10
c3e353dc0b9e20f479f6d03b800a1757,telugu,real,real,011_Vintunna O Pilla.mp3.mp3,13,10
c050858104cdefec9d76a517616b1395,telugu,real,real,011_Vintunna O Pilla.mp3.mp3,14,10
4568ceb56cda896ab938b3e66bbfcca3,telugu,real,real,011_Vintunna O Pilla.mp3.mp3,15,10
39adf1b65934471dac44cfb3e1bd220a,telugu,real,real,011_Vintunna O Pilla.mp3.mp3,16,10
c8b982d2f3eb1465ed360974bea56d0a,telugu,real,real,011_Vintunna O Pilla.mp3.mp3,17,10
737cec0130677cad3466c85db3dc720d,telugu,real,real,011_Vintunna O Pilla.mp3.mp3,18,10
33a50a17f3b413ca94ab5370e1f88d75,telugu,real,real,011_Vintunna O Pilla.mp3.mp3,19,10
9e89cd6b2b3dad93d528bb46ea254fe6,telugu,real,real,011_Vintunna O Pilla.mp3.mp3,20,10
8a448a3d3528349e6b3bf6fb8e8adb54,telugu,real,real,011_Vintunna O Pilla.mp3.mp3,21,10
b5dd0f1d646406472fb2f8c35880ff48,telugu,real,real,011_Vintunna O Pilla.mp3.mp3,22,10
6ec87a8b98bb884f8f3c840cbf4a9bfe,telugu,real,real,011_Vintunna O Pilla.mp3.mp3,23,10
98a993ae1f935132965eb53f884fe922,telugu,real,real,011_Vintunna O Pilla.mp3.mp3,24,10
75a167edfc919c69b197db2249cf3750,telugu,real,real,011_Vintunna O Pilla.mp3.mp3,25,10
5fcb6e723e455b02ed5aa6e4061cc742,telugu,real,real,012_Sinna Sinnaga.mp3.mp3,0,10
6d6c00a67c8f3f47c0ac54cab4f0abe1,telugu,real,real,012_Sinna Sinnaga.mp3.mp3,1,10
03cb3cbd2c6afc25c497cc392b16b199,telugu,real,real,012_Sinna Sinnaga.mp3.mp3,2,10
eafb53ac2a047d5f9222c0d22a373826,telugu,real,real,012_Sinna Sinnaga.mp3.mp3,3,10
7cea8cbd94934e993290ce372d916955,telugu,real,real,012_Sinna Sinnaga.mp3.mp3,4,10
5ad0bf5d3df9da69ae79f76e1c467778,telugu,real,real,012_Sinna Sinnaga.mp3.mp3,5,10
9eb16944d64d12a5a77a78683db4ac18,telugu,real,real,012_Sinna Sinnaga.mp3.mp3,6,10
fab50e523870b9cdf42ad00b44cdec58,telugu,real,real,012_Sinna Sinnaga.mp3.mp3,7,10
cdc4e70aa853bf298e00b2baef49e757,telugu,real,real,012_Sinna Sinnaga.mp3.mp3,8,10
6ca57ef40759e2e1c1a12b439dd77e43,telugu,real,real,012_Sinna Sinnaga.mp3.mp3,9,10
660539149457d21f76e3b2d9491147f3,telugu,real,real,012_Sinna Sinnaga.mp3.mp3,10,10
5cb99d78b14c75f5282990d0f2e0f174,telugu,real,real,012_Sinna Sinnaga.mp3.mp3,11,10
f1fa14ab09247e8cce7efe63ed3d36bf,telugu,real,real,012_Sinna Sinnaga.mp3.mp3,12,10
a464ed225772cd25f90c4c8db56ab9a4,telugu,real,real,012_Sinna Sinnaga.mp3.mp3,13,10
c58f776eba49d3345bbfcdfaaf6f2d2d,telugu,real,real,012_Sinna Sinnaga.mp3.mp3,14,10
a481821e05e3e5381f11ab7553b9aa43,telugu,real,real,012_Sinna Sinnaga.mp3.mp3,15,10
2dd9d6182490f0114b2069b7a23b4235,telugu,real,real,012_Sinna Sinnaga.mp3.mp3,16,10
2c79f1298eeaa6fff5ab58a79100287d,telugu,real,real,012_Sinna Sinnaga.mp3.mp3,17,10
5a254fc2c0c3becfc79baa10cebcfff2,telugu,real,real,012_Sinna Sinnaga.mp3.mp3,18,10
aaffb94a4585db080d06fe81125f9071,telugu,real,real,012_Sinna Sinnaga.mp3.mp3,19,10
734066854b25cba35080acd8593e91c4,telugu,real,real,012_Sinna Sinnaga.mp3.mp3,20,10
a95f40c69354c249e7bda042e64aa57a,telugu,real,real,012_Sinna Sinnaga.mp3.mp3,21,10
830af9a90f73513adfd78c034a3dafbc,telugu,real,real,012_Sinna Sinnaga.mp3.mp3,22,10
311b0ed19f9ce2ad3799684d5f99252b,telugu,real,real,012_Sinna Sinnaga.mp3.mp3,23,10
b20cbe5d8fa181467e82a56932d427fa,telugu,real,real,016_Rave Bangaru Bomma.mp3.mp3,0,10
23e64f3e680b52df8c20cc46b5b44d14,telugu,real,real,016_Rave Bangaru Bomma.mp3.mp3,1,10
5e5eff9c925e88ed1b4f82fe7804198f,telugu,real,real,016_Rave Bangaru Bomma.mp3.mp3,2,10
65aa9364d95b4340debe0f7389f7c02e,telugu,real,real,016_Rave Bangaru Bomma.mp3.mp3,3,10
64179ce00b3047db9a506c292ecc761f,telugu,real,real,016_Rave Bangaru Bomma.mp3.mp3,4,10
1ada04f0c831cf5adc7d027bb796808f,telugu,real,real,016_Rave Bangaru Bomma.mp3.mp3,5,10
8683c6e3f8aa6963fba998f9a72c8a88,telugu,real,real,016_Rave Bangaru Bomma.mp3.mp3,6,10
efc5f52ef4ecce280666194d18891662,telugu,real,real,016_Rave Bangaru Bomma.mp3.mp3,7,10
120283c936938d480705ce92be16ed32,telugu,real,real,016_Rave Bangaru Bomma.mp3.mp3,8,10
18690210c73d57bbc6aa978c0f570120,telugu,real,real,016_Rave Bangaru Bomma.mp3.mp3,9,10
505fe8b9e63be0f3b88e7d9910adc098,telugu,real,real,016_Rave Bangaru Bomma.mp3.mp3,10,10
0ffd959fb21dc5582df411a39a47f6b4,telugu,real,real,016_Rave Bangaru Bomma.mp3.mp3,11,10
3004bf4c4eb3c79d1375f7e4a082107a,telugu,real,real,016_Rave Bangaru Bomma.mp3.mp3,12,10
cec6d33d567aefc6fa09c9dae1c18b0f,telugu,real,real,016_Rave Bangaru Bomma.mp3.mp3,13,10
765cbcb3a152609a68efc671229dac46,telugu,real,real,016_Rave Bangaru Bomma.mp3.mp3,14,10
6b5c849a079b163b1cfb8dc730399c5f,telugu,real,real,016_Rave Bangaru Bomma.mp3.mp3,15,10
03df4acc2d672bbe964e74e6184c71e0,telugu,real,real,016_Rave Bangaru Bomma.mp3.mp3,16,10
c847238f40e8209400f2ab3628150b9f,telugu,real,real,016_Rave Bangaru Bomma.mp3.mp3,17,10
f693018371808328cc96e6135f34ce4a,telugu,real,real,016_Rave Bangaru Bomma.mp3.mp3,18,10
a3e72e77216a75c4fd0a2208a1808b3d,telugu,real,real,016_Rave Bangaru Bomma.mp3.mp3,19,10
e16fdee26fbefc05b4f7517dd199e1b3,telugu,real,real,016_Rave Bangaru Bomma.mp3.mp3,20,10
56788a50cd28d546bab691db794f36dd,telugu,real,real,016_Rave Bangaru Bomma.mp3.mp3,21,10
60d8bd72698548c4ab1741f821636603,telugu,real,real,018_Sudaradhe Prameela.mp3.mp3,0,10
2264e735da5e8b6293dd79ca2c16758d,telugu,real,real,018_Sudaradhe Prameela.mp3.mp3,1,10
0359a94ae1eaa9a314f570b0a1725cb8,telugu,real,real,018_Sudaradhe Prameela.mp3.mp3,2,10
86f121b6d1e6dec74ae4edb136ece7c2,telugu,real,real,018_Sudaradhe Prameela.mp3.mp3,3,10
d084c3bfb3cdb141fbf312643938468c,telugu,real,real,018_Sudaradhe Prameela.mp3.mp3,4,10
ad5ce9ee40485e77255fe7fa4d9c5c76,telugu,real,real,018_Sudaradhe Prameela.mp3.mp3,5,10
30f6ce2d9fa202abb17f0dc9afa21ccf,telugu,real,real,018_Sudaradhe Prameela.mp3.mp3,6,10
ea0548efd48dfbfd62d18b7a396a4e33,telugu,real,real,018_Sudaradhe Prameela.mp3.mp3,7,10
0ac5b81a928d974dbf92320994d1ff6a,telugu,real,real,018_Sudaradhe Prameela.mp3.mp3,8,10
86030c225df6cce096c578a1f07dd1ff,telugu,real,real,018_Sudaradhe Prameela.mp3.mp3,9,10
e376473af5df8a00237830565569a097,telugu,real,real,018_Sudaradhe Prameela.mp3.mp3,10,10
d59cda8a71d3f30788718659ab7e07cd,telugu,real,real,018_Sudaradhe Prameela.mp3.mp3,11,10
c9b77032048b6329621118f780f5ffce,telugu,real,real,018_Sudaradhe Prameela.mp3.mp3,12,10
d7b4e30722bc7c3e83c0ef708cedf96a,telugu,real,real,018_Sudaradhe Prameela.mp3.mp3,13,10
3d92770d1394c910782f0d438ad11939,telugu,real,real,018_Sudaradhe Prameela.mp3.mp3,14,10
83fbf136c10b0381a9190d7cf438eb2f,telugu,real,real,018_Sudaradhe Prameela.mp3.mp3,15,10
d019e4e85fe4201f1af6f5c162accfc3,telugu,real,real,018_Sudaradhe Prameela.mp3.mp3,16,10
d8904c08e0493d5c33fa92021f0f8be5,telugu,real,real,018_Sudaradhe Prameela.mp3.mp3,17,10
b114e90a424c3b9c5d25a7f2b23fea6a,telugu,real,real,018_Sudaradhe Prameela.mp3.mp3,18,10
b3cdb1eaafb579a7096dc13df613045f,telugu,real,real,018_Sudaradhe Prameela.mp3.mp3,19,10
06c94514470903c139687a7ebc803df3,telugu,real,real,018_Sudaradhe Prameela.mp3.mp3,20,10
7ecead31c614b5a41e61faadae6a01aa,telugu,real,real,018_Sudaradhe Prameela.mp3.mp3,21,10
b0eb9ebc9d18f890de9127538891c014,telugu,real,real,018_Sudaradhe Prameela.mp3.mp3,22,10
efda50628bb72851d5ec1c6d867af714,telugu,real,real,018_Sudaradhe Prameela.mp3.mp3,23,10
ab6df5d197c3cd5e571e7d67b476fc65,telugu,real,real,018_Sudaradhe Prameela.mp3.mp3,24,10
8b3fe8450d85544ea44fef52125d0bcf,telugu,real,real,018_Sudaradhe Prameela.mp3.mp3,25,10
c8f4606c029b94a286e6cddb91c093e0,telugu,real,real,020_Pushpa.mp3.mp3,0,10
bd23c0c507c339bc02641096c63f6096,telugu,real,real,020_Pushpa.mp3.mp3,1,10
919f77ca3ce0a268f63a069563ce2f42,telugu,real,real,020_Pushpa.mp3.mp3,2,10
db8c08ed1f017d84205477e85340383b,telugu,real,real,020_Pushpa.mp3.mp3,3,10
09adbcc0b91082209d03dda95949a634,telugu,real,real,020_Pushpa.mp3.mp3,4,10
c1bc6c49bb3afe12d7314975014da893,telugu,real,real,020_Pushpa.mp3.mp3,5,10
014ac340b31de513ada74b23f254795a,telugu,real,real,020_Pushpa.mp3.mp3,6,10
2cbb3d7ba877b80d90ffb97a3e138d10,telugu,real,real,020_Pushpa.mp3.mp3,7,10
ee5198dd6a18889a6cfbbc5b307bf931,telugu,real,real,020_Pushpa.mp3.mp3,8,10
1266e6232664357eb8951510c1df5b1a,telugu,real,real,020_Pushpa.mp3.mp3,9,10
af2ac82cf8a7fb518ed49d510f25ffb9,telugu,real,real,020_Pushpa.mp3.mp3,10,10
9e14738ddd814ffdbc8243b751536e79,telugu,real,real,020_Pushpa.mp3.mp3,11,10
3a8c1a5dd4b51063178e6d5f7e3650ed,telugu,real,real,020_Pushpa.mp3.mp3,12,10
c75f3d4817118bdd008f5054bd4db324,telugu,real,real,020_Pushpa.mp3.mp3,13,10
e4b3cdbe811d4a2c2576b2d0ed85556c,telugu,real,real,020_Pushpa.mp3.mp3,14,10
25cfb27f1a9cf87da191d1e401de0dbb,telugu,real,real,020_Pushpa.mp3.mp3,15,10
3d4d6393ec453aceed8dbcdd9ac6bc4c,telugu,real,real,022_SENIGA CHENLA NILABADI CHETHULIYAVE.mp3.mp3,0,10
4ffcd3a3b9e7703f08275c5a0a261973,telugu,real,real,022_SENIGA CHENLA NILABADI CHETHULIYAVE.mp3.mp3,1,10
33ef7b83e05d1cde88c6539ee932f738,telugu,real,real,022_SENIGA CHENLA NILABADI CHETHULIYAVE.mp3.mp3,2,10
d8be88539845316c91743ab7393869af,telugu,real,real,022_SENIGA CHENLA NILABADI CHETHULIYAVE.mp3.mp3,3,10
9f95497b0d7436bfa793999ac81702d5,telugu,real,real,022_SENIGA CHENLA NILABADI CHETHULIYAVE.mp3.mp3,4,10
7f9fe41ae879c82329349a1c786508a4,telugu,real,real,022_SENIGA CHENLA NILABADI CHETHULIYAVE.mp3.mp3,5,10
35f493a58845b7fe2489efd75c891c13,telugu,real,real,022_SENIGA CHENLA NILABADI CHETHULIYAVE.mp3.mp3,6,10
3e5c22ff57abbc67d26a85cabace8e4a,telugu,real,real,022_SENIGA CHENLA NILABADI CHETHULIYAVE.mp3.mp3,7,10
2ba147718ee219883fa0c5f2b2e4089f,telugu,real,real,022_SENIGA CHENLA NILABADI CHETHULIYAVE.mp3.mp3,8,10
98f8216683234bc500ebfa01c59cb652,telugu,real,real,022_SENIGA CHENLA NILABADI CHETHULIYAVE.mp3.mp3,9,10
d8dd2ce0d85eeabf0519d8b876d741c2,telugu,real,real,022_SENIGA CHENLA NILABADI CHETHULIYAVE.mp3.mp3,10,10
492354916562c681f64b643fb8a15438,telugu,real,real,022_SENIGA CHENLA NILABADI CHETHULIYAVE.mp3.mp3,11,10
0b63be2cc40fc3044dc9cfdb8da9f19f,telugu,real,real,022_SENIGA CHENLA NILABADI CHETHULIYAVE.mp3.mp3,12,10
5fac48c83ad510591181c24b2a08f070,telugu,real,real,022_SENIGA CHENLA NILABADI CHETHULIYAVE.mp3.mp3,13,10
c7416231beaa1f4e4af8ce49aee543f4,telugu,real,real,022_SENIGA CHENLA NILABADI CHETHULIYAVE.mp3.mp3,14,10
947b21f3f37d269e18f2e2af9d2db2e3,telugu,real,real,022_SENIGA CHENLA NILABADI CHETHULIYAVE.mp3.mp3,15,10
5c28c18b8b0d32fee39663df343f5e5e,telugu,real,real,022_SENIGA CHENLA NILABADI CHETHULIYAVE.mp3.mp3,16,10
c2050a109b97ef1ecb660fe057c5ab21,telugu,real,real,022_SENIGA CHENLA NILABADI CHETHULIYAVE.mp3.mp3,17,10
a634e69a4ec3d784a5e7fe6428468dd9,telugu,real,real,022_SENIGA CHENLA NILABADI CHETHULIYAVE.mp3.mp3,18,10
c0066cce7a651549d2701e083cab797b,telugu,real,real,022_SENIGA CHENLA NILABADI CHETHULIYAVE.mp3.mp3,19,10
47063bfaac91270260e6f26201667753,telugu,real,real,022_SENIGA CHENLA NILABADI CHETHULIYAVE.mp3.mp3,20,10
d0dbc0eb5a45aee98a2218ad4d94e7d0,telugu,real,real,022_SENIGA CHENLA NILABADI CHETHULIYAVE.mp3.mp3,21,10
01ea931b6f580d98f017bcab1d3cf6d7,telugu,real,real,022_SENIGA CHENLA NILABADI CHETHULIYAVE.mp3.mp3,22,10
af361c876feaf622ba1fe291a1835ee7,telugu,real,real,022_SENIGA CHENLA NILABADI CHETHULIYAVE.mp3.mp3,23,10
152994ebd0716114f868489e650e2d4f,telugu,real,real,022_SENIGA CHENLA NILABADI CHETHULIYAVE.mp3.mp3,24,10
164cb734d87b7277376c412a45c693e4,telugu,real,real,023_UDUKUDUKU ROTTELU.mp3.mp3,0,10
3e4ad5aa362fde8500844c05bc0b71c3,telugu,real,real,023_UDUKUDUKU ROTTELU.mp3.mp3,1,10
cd7ac61639ed8eddbd0ac09a693eeb42,telugu,real,real,023_UDUKUDUKU ROTTELU.mp3.mp3,2,10
c55b5dec3ab8c953fc83f1497dd9ff55,telugu,real,real,023_UDUKUDUKU ROTTELU.mp3.mp3,3,10
bbf35e13de08594fe65d5bf6ebedeed8,telugu,real,real,023_UDUKUDUKU ROTTELU.mp3.mp3,4,10
0f744af84c6039585bc938f34be51db6,telugu,real,real,023_UDUKUDUKU ROTTELU.mp3.mp3,5,10
9ccec7165833e9ce91b2f5cc3201202d,telugu,real,real,023_UDUKUDUKU ROTTELU.mp3.mp3,6,10
d92e174f94861d97cb8ce5950cfd27a4,telugu,real,real,023_UDUKUDUKU ROTTELU.mp3.mp3,7,10
e2cfce081ff934340864c3fc1b1d4923,telugu,real,real,023_UDUKUDUKU ROTTELU.mp3.mp3,8,10
b0c3d8b5c5f2664152bee22e2287882d,telugu,real,real,023_UDUKUDUKU ROTTELU.mp3.mp3,9,10
2fb71508c7570a40b3c9e8e68ad60289,telugu,real,real,023_UDUKUDUKU ROTTELU.mp3.mp3,10,10
e4e04283190cfd75ffe54291a356426a,telugu,real,real,023_UDUKUDUKU ROTTELU.mp3.mp3,11,10
53adf77a700e2db86fb52a86883c9ac5,telugu,real,real,023_UDUKUDUKU ROTTELU.mp3.mp3,12,10
eedcb8eaeefe842fa5e24c86fccc85c1,telugu,real,real,023_UDUKUDUKU ROTTELU.mp3.mp3,13,10
f4bbb2dbd1bb29cd88de9613f3a9120c,telugu,real,real,023_UDUKUDUKU ROTTELU.mp3.mp3,14,10
59c9946921bdca84cbf9ea2dab1caeda,telugu,real,real,023_UDUKUDUKU ROTTELU.mp3.mp3,15,10
9fe6efac934c81d4e129a7581bba6f8c,telugu,real,real,023_UDUKUDUKU ROTTELU.mp3.mp3,16,10
6e7020dbfe2a92ad475322ed354b3c8e,telugu,real,real,023_UDUKUDUKU ROTTELU.mp3.mp3,17,10
d55ff62fc3872ef50683d0728fe3b225,telugu,real,real,024_Andala Aparanji.mp3.mp3,0,10
1c276d5b47c2c98fc3aa3c77bab644b6,telugu,real,real,024_Andala Aparanji.mp3.mp3,1,10
ef774dd895d16749a365afba6dbcff3c,telugu,real,real,024_Andala Aparanji.mp3.mp3,2,10
6a8a3966d8d839a2acf08cfc84ceec8f,telugu,real,real,024_Andala Aparanji.mp3.mp3,3,10
c13475feeff1e2fb02a302dc6148daa1,telugu,real,real,024_Andala Aparanji.mp3.mp3,4,10
932cb6ae9c46e112dc702a99a878cec4,telugu,real,real,024_Andala Aparanji.mp3.mp3,5,10
ca15fbd95e16568570632bd0d6059989,telugu,real,real,024_Andala Aparanji.mp3.mp3,6,10
d7fef4e1ffb9f0d5f94f5e6fa7e1896e,telugu,real,real,024_Andala Aparanji.mp3.mp3,7,10
484c3f9e0166fd9664461649aa3151e2,telugu,real,real,024_Andala Aparanji.mp3.mp3,8,10
b4a8280c88a094639d561cf12d859034,telugu,real,real,024_Andala Aparanji.mp3.mp3,9,10
1ff02c7ec87b40970271cfef0e883713,telugu,real,real,024_Andala Aparanji.mp3.mp3,10,10
08df5b3fda58511e4877f22231c3fc4e,telugu,real,real,024_Andala Aparanji.mp3.mp3,11,10
f19b96fe9bcc6b873ce2f27efc3d16d8,telugu,real,real,024_Andala Aparanji.mp3.mp3,12,10
128420e93b757c7e8d39b38340fccc58,telugu,real,real,024_Andala Aparanji.mp3.mp3,13,10
1669904c84a6ad1b09c1b22f78df39dd,telugu,real,real,024_Andala Aparanji.mp3.mp3,14,10
19559479f627cad9cfef5b4639b6de1c,telugu,real,real,024_Andala Aparanji.mp3.mp3,15,10
7d6e7b9cad70c2c63e0dedce5b4be562,telugu,real,real,024_Andala Aparanji.mp3.mp3,16,10
ae4dda8cdf204ca6a0269a9ca7dcacc4,telugu,real,real,024_Andala Aparanji.mp3.mp3,17,10
b91096cd7817fd92122bf8838a6106f6,telugu,real,real,024_Andala Aparanji.mp3.mp3,18,10
f97011f50d68e1623af1ea1a79b2969a,telugu,real,real,024_Andala Aparanji.mp3.mp3,19,10
4a1f894656215eb862a25570ac8d578f,telugu,real,real,024_Andala Aparanji.mp3.mp3,20,10
5fb28579aba6754fdae1c53730290345,telugu,real,real,024_Andala Aparanji.mp3.mp3,21,10
ebebf14c53a38fad94d5ea96c7c23c5d,telugu,real,real,024_Andala Aparanji.mp3.mp3,22,10
e4c3e510a17b9569e1e589af8126c6c9,telugu,real,real,024_Andala Aparanji.mp3.mp3,23,10
67f134f814e18493debc94bb889ab7ea,telugu,real,real,025_Ma Gallilo Okkadu Poradu.mp3.mp3,0,10
62a9a02c3e60dc0b2d97be0b70adc982,telugu,real,real,025_Ma Gallilo Okkadu Poradu.mp3.mp3,1,10
0eb8b06095a8a8f56b77eb12fa89aec1,telugu,real,real,025_Ma Gallilo Okkadu Poradu.mp3.mp3,2,10
d20553356f316abc2308f4fee89a602a,telugu,real,real,025_Ma Gallilo Okkadu Poradu.mp3.mp3,3,10
cb85e82c20d2d163179bde9e7eef7cfd,telugu,real,real,025_Ma Gallilo Okkadu Poradu.mp3.mp3,4,10
2934fb18ea61637d55ac53e82ea32fdb,telugu,real,real,025_Ma Gallilo Okkadu Poradu.mp3.mp3,5,10
ac91e2bf14a5088358e3cd3254f3cd94,telugu,real,real,025_Ma Gallilo Okkadu Poradu.mp3.mp3,6,10
f155ada6d7a2e28d8b14be658eeda405,telugu,real,real,025_Ma Gallilo Okkadu Poradu.mp3.mp3,7,10
01cb7b5aa5d9e8b4748adbf315105db6,telugu,real,real,025_Ma Gallilo Okkadu Poradu.mp3.mp3,8,10
dfaf10a04fda219fc0ed94fd9a7b8d3c,telugu,real,real,025_Ma Gallilo Okkadu Poradu.mp3.mp3,9,10
9dd93cd67535863fb0d3450c11f93bcc,telugu,real,real,025_Ma Gallilo Okkadu Poradu.mp3.mp3,10,10
5e2ad1391545f845c09bd15466eac7ba,telugu,real,real,025_Ma Gallilo Okkadu Poradu.mp3.mp3,11,10
4fa2799c70d50941339a1f78d867a50e,telugu,real,real,025_Ma Gallilo Okkadu Poradu.mp3.mp3,12,10
6ee04b3417ab1f282e3a005a034c6952,telugu,real,real,025_Ma Gallilo Okkadu Poradu.mp3.mp3,13,10
e6b5a74bbd37646538732c25e4d92c81,telugu,real,real,025_Ma Gallilo Okkadu Poradu.mp3.mp3,14,10
80b0cce51e853a2e1fbf331acd4446d5,telugu,real,real,025_Ma Gallilo Okkadu Poradu.mp3.mp3,15,10
f2307b65280e5a189566c4583fe20b19,telugu,real,real,025_Ma Gallilo Okkadu Poradu.mp3.mp3,16,10
2029a71d41af1321b04104083bc561a9,telugu,real,real,025_Ma Gallilo Okkadu Poradu.mp3.mp3,17,10
d392b2659d044f74154deb9daa9f2f13,telugu,real,real,025_Ma Gallilo Okkadu Poradu.mp3.mp3,18,10
515b63125702dbb57cb662d278003058,telugu,real,real,025_Ma Gallilo Okkadu Poradu.mp3.mp3,19,10
1d71ff9ca23bdd6adfe03009f3411b78,telugu,real,real,025_Ma Gallilo Okkadu Poradu.mp3.mp3,20,10
13fc95507ec4ec880de597e2974cd55a,telugu,real,real,025_Ma Gallilo Okkadu Poradu.mp3.mp3,21,10
8a41f2c956579f00fa8021e4683ad501,telugu,real,real,025_Ma Gallilo Okkadu Poradu.mp3.mp3,22,10
84508557a6fab6945fa70ed9d76815ba,telugu,real,real,025_Ma Gallilo Okkadu Poradu.mp3.mp3,23,10
e032432e18955dbe3c3624ec7ed8d0d7,telugu,real,real,028_Nagamani.mp3.mp3,0,10
54f30b71e1c8b20b6ced8dc202180b36,telugu,real,real,028_Nagamani.mp3.mp3,1,10
8ac561227312d0d788e03a5b25ee1f8c,telugu,real,real,028_Nagamani.mp3.mp3,2,10
8b1e01e0aca01f8b8d9adc4603599f40,telugu,real,real,028_Nagamani.mp3.mp3,3,10
e223547fc6af65828afda56b7de7d783,telugu,real,real,028_Nagamani.mp3.mp3,4,10
fd518220d698b9783f5d2dd8f5c7d41e,telugu,real,real,028_Nagamani.mp3.mp3,5,10
bcac4f79ef811c97d56d4cea3bc0db3d,telugu,real,real,028_Nagamani.mp3.mp3,6,10
82dcea56413ad302936ad1e095e4c391,telugu,real,real,028_Nagamani.mp3.mp3,7,10
b3407758bc7cb336b26d3b6831fc500c,telugu,real,real,028_Nagamani.mp3.mp3,8,10
0215ec277efe7f27141bfcdbe26995a1,telugu,real,real,028_Nagamani.mp3.mp3,9,10
41cc3b75eca45c337c74b3da4d31d847,telugu,real,real,028_Nagamani.mp3.mp3,10,10
22bb77ec3d74260b375d00b91cabbae4,telugu,real,real,028_Nagamani.mp3.mp3,11,10
b09f058c728f576fe26a37ddfcc0bf56,telugu,real,real,028_Nagamani.mp3.mp3,12,10
dfea494fdf42b13f00b1d07d7cbc5d29,telugu,real,real,028_Nagamani.mp3.mp3,13,10
ff5af9bb4904b6eb66716c7af517306c,telugu,real,real,028_Nagamani.mp3.mp3,14,10
68b2800e1156552a70677e2650c629ee,telugu,real,real,028_Nagamani.mp3.mp3,15,10
c3677780d9267e14b9f0ad425ceb7578,telugu,real,real,028_Nagamani.mp3.mp3,16,10
ec289f2503780771762874eef18daefe,telugu,real,real,028_Nagamani.mp3.mp3,17,10
0906b87f55cff22a9993898e1ac78d48,telugu,real,real,028_Nagamani.mp3.mp3,18,10
e8f8a8088e8739d12eea11eae5da76c5,telugu,real,real,028_Nagamani.mp3.mp3,19,10
17c7c4cb040a7079673128624a908534,telugu,real,real,028_Nagamani.mp3.mp3,20,10
856830566a944f5a9f6069b95cf6c733,telugu,real,real,028_Nagamani.mp3.mp3,21,10
33d654c7ab59aae30b3d4d2e8dfcdb7e,telugu,real,real,028_Nagamani.mp3.mp3,22,10
6d9855cf09e535b375dc397f7a6adfe9,telugu,real,real,028_Nagamani.mp3.mp3,23,10
c115b1262edc4b27e1ec3e9527197c41,telugu,real,real,028_Nagamani.mp3.mp3,24,10
156de05e6730548dbcca76e25e661513,telugu,real,real,028_Nagamani.mp3.mp3,25,10
2a891c87daa0198eb79b84f8b8d0a4f9,telugu,real,real,028_Nagamani.mp3.mp3,26,10
47790e8b84350def3efd58eafe96c5c9,telugu,real,real,028_Nagamani.mp3.mp3,27,10
5444fb18e94dca81433850e6672dc587,telugu,real,real,028_Nagamani.mp3.mp3,28,10
5ff0ad62ad4b35472ced1f67420f04fb,telugu,real,real,028_Nagamani.mp3.mp3,29,10
1f8375268e558d5cc633f9ff44ab3813,telugu,real,real,028_Nagamani.mp3.mp3,30,10
b0a5444fded6b86c82691eb0e2d444d8,telugu,real,real,028_Nagamani.mp3.mp3,31,10
77c515efd2b9c3a0f3aec2286c6935e6,telugu,real,real,028_Nagamani.mp3.mp3,32,10
36a4843ad944e32f3d408ee333600018,telugu,real,real,028_Nagamani.mp3.mp3,33,10
1584a68e49d1dd6191b5a5afe20cb521,telugu,real,real,028_Nagamani.mp3.mp3,34,10
a61b3ec69057bbb1b9dc8bdfea82aae2,telugu,real,real,028_Nagamani.mp3.mp3,35,10
a6d04725ff375a3f4994c10e4bb85543,telugu,real,real,030_Kammari Thirupathi.mp3.mp3,0,10
54047c2ccd8c75d138edfe66abef8ec5,telugu,real,real,030_Kammari Thirupathi.mp3.mp3,1,10
9402bc9e68c9adae5e450699850b61eb,telugu,real,real,030_Kammari Thirupathi.mp3.mp3,2,10
7b745e3d92534a54af1def4b4f1a7426,telugu,real,real,030_Kammari Thirupathi.mp3.mp3,3,10
979f5f3b310985547516f2e22f6a6292,telugu,real,real,030_Kammari Thirupathi.mp3.mp3,4,10
eda479a831213393a43c60a94dd040a9,telugu,real,real,030_Kammari Thirupathi.mp3.mp3,5,10
904bd44e92438bd7530d89eae4139172,telugu,real,real,030_Kammari Thirupathi.mp3.mp3,6,10
dff059fc1a0405c6ff7665ef3c07cdb5,telugu,real,real,030_Kammari Thirupathi.mp3.mp3,7,10
a549cbe13cc4bd26c62b133334d24bbd,telugu,real,real,030_Kammari Thirupathi.mp3.mp3,8,10
f1c868a8d0e7d4762162021a37ce4e65,telugu,real,real,030_Kammari Thirupathi.mp3.mp3,9,10
7b862db662734f98a2730b1167ad4fde,telugu,real,real,030_Kammari Thirupathi.mp3.mp3,10,10
78363168e2b484138f1db90f483c2e34,telugu,real,real,030_Kammari Thirupathi.mp3.mp3,11,10
8e97809531da2e0c2915d5ec56b32a6a,telugu,real,real,030_Kammari Thirupathi.mp3.mp3,12,10
36df4d3d017f809818771d8478c6abaa,telugu,real,real,030_Kammari Thirupathi.mp3.mp3,13,10
7b92b4e7aa4b434bf578f3928b1bd41a,telugu,real,real,030_Kammari Thirupathi.mp3.mp3,14,10
30ec66c272bb133f9fee9235e258fa77,telugu,real,real,030_Kammari Thirupathi.mp3.mp3,15,10
a451d7cde9d3f9aac5914eae39c9e258,telugu,real,real,030_Kammari Thirupathi.mp3.mp3,16,10
b5aae02f73e308ee2ab047562d9092a9,telugu,real,real,030_Kammari Thirupathi.mp3.mp3,17,10
3e5fbdb1bf71b78e820e53ef3cf7cac4,telugu,real,real,030_Kammari Thirupathi.mp3.mp3,18,10
d27ef04bd500fa9ac17e8924316c1592,telugu,real,real,030_Kammari Thirupathi.mp3.mp3,19,10
f13785f660b83da392f2cd8f29f3d9bc,telugu,real,real,030_Kammari Thirupathi.mp3.mp3,20,10
d893427ef42c6368370131d66ed5cff1,telugu,real,real,030_Kammari Thirupathi.mp3.mp3,21,10
e1fa68376dc3d8d945ab49b7ae77e357,telugu,real,real,030_Kammari Thirupathi.mp3.mp3,22,10
17584ec0ea32f40f6003b55e59e50e1a,telugu,real,real,030_Kammari Thirupathi.mp3.mp3,23,10
cf784dc0ca04ce9466019182c87dcbba,telugu,real,real,030_Kammari Thirupathi.mp3.mp3,24,10
1a1d5a1e23e4d38ea21288b0e1e3b828,telugu,real,real,030_Kammari Thirupathi.mp3.mp3,25,10
40924d773ef6d999b87bbf87525dd9e2,telugu,real,real,034_Paligiri Rajendar.mp3.mp3,0,10
34231fc6d54799bc84b563650b9d9a36,telugu,real,real,034_Paligiri Rajendar.mp3.mp3,1,10
1987869d00741d0c29d13dee5f6f5f01,telugu,real,real,034_Paligiri Rajendar.mp3.mp3,2,10
1f627f50ee7718dccd4051474b473e35,telugu,real,real,034_Paligiri Rajendar.mp3.mp3,3,10
db23d4da294967ed93e49f591dd33c41,telugu,real,real,034_Paligiri Rajendar.mp3.mp3,4,10
8b627e474756dceb67b4275819100414,telugu,real,real,034_Paligiri Rajendar.mp3.mp3,5,10
e480f258b482911224b9d7cb95e34b48,telugu,real,real,034_Paligiri Rajendar.mp3.mp3,6,10
a0fe4d08ae40aaedc0430fd9b550f72f,telugu,real,real,034_Paligiri Rajendar.mp3.mp3,7,10
b3b9afc06f463a307a9b013ca1cea297,telugu,real,real,034_Paligiri Rajendar.mp3.mp3,8,10
80eecba69e3eefb905b27380afd0dfa0,telugu,real,real,034_Paligiri Rajendar.mp3.mp3,9,10
1d8294a55faf6c81c37e8509f50acda5,telugu,real,real,034_Paligiri Rajendar.mp3.mp3,10,10
0baf3ecf38e5dcbe9de5ced6ce944321,telugu,real,real,034_Paligiri Rajendar.mp3.mp3,11,10
b91de7f106ea87495662a7ef83b266ff,telugu,real,real,034_Paligiri Rajendar.mp3.mp3,12,10
37e9025eeb6c35e06878962468bc5b7a,telugu,real,real,034_Paligiri Rajendar.mp3.mp3,13,10
e492870bab86a3142d3eaadfc7ae5f11,telugu,real,real,034_Paligiri Rajendar.mp3.mp3,14,10
8729ee0bc3f3d6a59913a7f78e6da971,telugu,real,real,034_Paligiri Rajendar.mp3.mp3,15,10
fb5a3257b9f8902fb546077e26afed4b,telugu,real,real,034_Paligiri Rajendar.mp3.mp3,16,10
966ce0a7060149f70d9fa9e886604254,telugu,real,real,034_Paligiri Rajendar.mp3.mp3,17,10
dc61d0fbbf66bb35db6217621da4cde9,telugu,real,real,034_Paligiri Rajendar.mp3.mp3,18,10
b34fade2fcc4af53f57fe97d5ac50f0e,telugu,real,real,034_Paligiri Rajendar.mp3.mp3,19,10
2b402cbece53f44895c921ee395b4082,telugu,real,real,034_Paligiri Rajendar.mp3.mp3,20,10
46bbcd84ac40a607df0e2f8cc712a62f,telugu,real,real,034_Paligiri Rajendar.mp3.mp3,21,10
ee05eb052e8226c0992a19af476fca11,telugu,real,real,034_Paligiri Rajendar.mp3.mp3,22,10
03cd4458c0744b51f23cfd998aa05540,telugu,real,real,034_Paligiri Rajendar.mp3.mp3,23,10
52da5a7e27205201cb780c9f7b52502e,telugu,real,real,034_Paligiri Rajendar.mp3.mp3,24,10
aba74fca672c91f9845ed567adc69ab3,telugu,real,real,034_Paligiri Rajendar.mp3.mp3,25,10
5e0abd2e01a6fba37142fe2fc461fea0,telugu,real,real,034_Paligiri Rajendar.mp3.mp3,26,10
370aebde438239c5a8d0efa64657cfd4,telugu,real,real,034_Paligiri Rajendar.mp3.mp3,27,10
83e18507ac86a05f1ed1d6bde74b1b4b,telugu,real,real,034_Paligiri Rajendar.mp3.mp3,28,10
de02e2348860d43e0f44140e1fc1326e,telugu,real,real,034_Paligiri Rajendar.mp3.mp3,29,10
e066142c141e639bbd5df55eeba14562,telugu,real,real,034_Paligiri Rajendar.mp3.mp3,30,10
4d06a30ce73f15b57531e576859db8b1,telugu,real,real,034_Paligiri Rajendar.mp3.mp3,31,10
d3c6de5edc3734adcb501ea4de6abc82,telugu,real,real,034_Paligiri Rajendar.mp3.mp3,32,10
0c54be8f93b4fc3488462ac32fc94514,telugu,real,real,034_Paligiri Rajendar.mp3.mp3,33,10
7063acb5d6c3c896e6b0a84e372018e3,telugu,real,real,034_Paligiri Rajendar.mp3.mp3,34,10
2bd94bc3cca335896e971dfac6c9a6e5,telugu,real,real,034_Paligiri Rajendar.mp3.mp3,35,10
9219c791a753a8e52c63fd9e31f924e5,telugu,real,real,034_Paligiri Rajendar.mp3.mp3,36,10
71c32945c33649aa23449b565fb072ac,telugu,real,real,034_Paligiri Rajendar.mp3.mp3,37,10
43f17a58b7521cd22a02da8c7857a4c1,telugu,real,real,034_Paligiri Rajendar.mp3.mp3,38,10
d7c1c9ea3c7570c43eafbe3886d9995c,telugu,real,real,034_Paligiri Rajendar.mp3.mp3,39,10
5e629c39b95689b48465743966a7d335,telugu,real,real,034_Paligiri Rajendar.mp3.mp3,40,10
4d7edaa90788a07d0bc34086f4f2f1e5,telugu,real,real,034_Paligiri Rajendar.mp3.mp3,41,10
a015959a17f930049b7d81f9fcb11acf,telugu,real,real,034_Paligiri Rajendar.mp3.mp3,42,10
52fe77f64edd6fab245706e0135d01ab,telugu,real,real,034_Paligiri Rajendar.mp3.mp3,43,10
61158cdf12632309c24ccd175a32f97d,telugu,real,real,034_Paligiri Rajendar.mp3.mp3,44,10
85909fbd03b8048100983c00edfa1115,telugu,real,real,034_Paligiri Rajendar.mp3.mp3,45,10
59f6790372f17c53a5542b0750591d69,telugu,real,real,034_Paligiri Rajendar.mp3.mp3,46,10
15712eedfc51394d13f204f11f89b88c,telugu,real,real,034_Paligiri Rajendar.mp3.mp3,47,10
fb2951e7e1e94df80ec28bbe38fba4a9,telugu,real,real,034_Paligiri Rajendar.mp3.mp3,48,10
b7efaabc35650ac715f798e7da63028a,telugu,real,real,034_Paligiri Rajendar.mp3.mp3,49,10
24fe5008a31563d88b21f2ad084d42da,telugu,real,real,034_Paligiri Rajendar.mp3.mp3,50,10
72d0f24a699d570e4d6040bcddf689ee,telugu,real,real,034_Paligiri Rajendar.mp3.mp3,51,10
6d9a773970488c9a50c5551525640c69,telugu,real,real,034_Paligiri Rajendar.mp3.mp3,52,10
0e6d3557f9700e18e66a8754cde495a3,telugu,real,real,034_Paligiri Rajendar.mp3.mp3,53,10
4407f0b4125615ee6d92bcaa0bac1cd5,telugu,real,real,034_Paligiri Rajendar.mp3.mp3,54,10
7a6eb60af95c8b573d6ae18625a003a6,telugu,real,real,034_Paligiri Rajendar.mp3.mp3,55,10
a0b4035ad6643a5cfb36563e8604050d,telugu,real,real,034_Paligiri Rajendar.mp3.mp3,56,10
7129838f99df0a328c62fc6d32a4342f,telugu,real,real,034_Paligiri Rajendar.mp3.mp3,57,10
7a45cd147dd680a5738a7025dcab0ece,telugu,real,real,034_Paligiri Rajendar.mp3.mp3,58,10
0af24d1486cebcd21d74dddfa48fa42c,telugu,real,real,034_Paligiri Rajendar.mp3.mp3,59,10
27ec365a793065cfffbc280f2e3754bd,telugu,real,real,034_Paligiri Rajendar.mp3.mp3,60,10
79395ce83d50434bc1fb65fd2620d252,telugu,real,real,034_Paligiri Rajendar.mp3.mp3,61,10
a1c100a8b22b7bbb35e0e83e939e0d57,telugu,real,real,034_Paligiri Rajendar.mp3.mp3,62,10
e7c211808e94bdf200731badcb6f023c,telugu,real,real,034_Paligiri Rajendar.mp3.mp3,63,10
ee44be9084842d4d3acba674369b914a,telugu,real,real,034_Paligiri Rajendar.mp3.mp3,64,10
b2b28b3e1e531d6ba9c27e283da166e8,telugu,real,real,034_Paligiri Rajendar.mp3.mp3,65,10
5c1bc2e101d5a7c82aaa8bc015c15ebd,telugu,real,real,034_Paligiri Rajendar.mp3.mp3,66,10
ca4e0d0bd00f9a616da67f259a6155f5,telugu,real,real,034_Paligiri Rajendar.mp3.mp3,67,10
11ecf72a600d9c65343e0ffecdee3b83,telugu,real,real,034_Paligiri Rajendar.mp3.mp3,68,10
98b46a3ff855e33001f2d6f5d15e4893,telugu,real,real,034_Paligiri Rajendar.mp3.mp3,69,10
495664e0cb4efc12271aa7d162a05155,telugu,real,real,034_Paligiri Rajendar.mp3.mp3,70,10
3ec583752250833e7f1debd39cc54e75,telugu,real,real,034_Paligiri Rajendar.mp3.mp3,71,10
34efa41150ea12eaec9d8dc4a7ada78d,telugu,real,real,034_Paligiri Rajendar.mp3.mp3,72,10
aa68f293cbcfe302e6d126de181f1e18,telugu,real,real,034_Paligiri Rajendar.mp3.mp3,73,10
3f782075d108109bd91e4fbf42a07270,telugu,real,real,034_Paligiri Rajendar.mp3.mp3,74,10
5fe51777c0a92f5cf45a6a0d56119a68,telugu,real,real,034_Paligiri Rajendar.mp3.mp3,75,10
efe133b096343684e576aaf3adb205be,telugu,real,real,034_Paligiri Rajendar.mp3.mp3,76,10
01e6238be087591567f5a9139a167a69,telugu,real,real,034_Paligiri Rajendar.mp3.mp3,77,10
b613402ffe1ef7adbc048f7a9a486fd2,telugu,real,real,034_Paligiri Rajendar.mp3.mp3,78,10
014a005867bef80688fe71faf88e57ee,telugu,real,real,034_Paligiri Rajendar.mp3.mp3,79,10
0116f69c15515f8eefc8597d5320fc59,telugu,real,real,034_Paligiri Rajendar.mp3.mp3,80,10
6fed4f2ca2c28b79b3e8eb7afa11fa92,telugu,real,real,034_Paligiri Rajendar.mp3.mp3,81,10
96a777b5b1cf9c01713ca45770bb6126,telugu,real,real,034_Paligiri Rajendar.mp3.mp3,82,10
067af35b8c5231df382fcb7854ff70a8,telugu,real,real,034_Paligiri Rajendar.mp3.mp3,83,10
df9ec56be8f87fe0ee8257c28b24e2df,telugu,real,real,034_Paligiri Rajendar.mp3.mp3,84,10
f0f5f71c6926232d5e5a49e811ebbcd3,telugu,real,real,034_Paligiri Rajendar.mp3.mp3,85,10
b4594280613f549e28271730c0cb0c98,telugu,real,real,034_Paligiri Rajendar.mp3.mp3,86,10
9db1f3a107ff6ac183538baeedabd99f,telugu,real,real,034_Paligiri Rajendar.mp3.mp3,87,10
0f476b52b1d5394c19aa53253971a86c,telugu,real,real,034_Paligiri Rajendar.mp3.mp3,88,10
a024e4b40161e5447a4ed5e6e5e8db3d,telugu,real,real,034_Paligiri Rajendar.mp3.mp3,89,10
37117955b1998210530fb0f6c6864113,telugu,real,real,034_Paligiri Rajendar.mp3.mp3,90,10
d0094a27756f0135f2cf331b81bca0d9,telugu,real,real,034_Paligiri Rajendar.mp3.mp3,91,10
76a702b3070abe4e3af2389ac225c34b,telugu,real,real,034_Paligiri Rajendar.mp3.mp3,92,10
11d3db7b3b0a7ec46719c100041b3c25,telugu,real,real,034_Paligiri Rajendar.mp3.mp3,93,10
9c322f73b3ab384543a0e0bb5210438d,telugu,real,real,034_Paligiri Rajendar.mp3.mp3,94,10
0323dd73c58cf19fcd486868e71abae1,telugu,real,real,034_Paligiri Rajendar.mp3.mp3,95,10
a7ecfb33ed9c3c0e62e37eb8d8b81d2e,telugu,real,real,034_Paligiri Rajendar.mp3.mp3,96,10
908b605849f9f01f3478b87346406e46,telugu,real,real,034_Paligiri Rajendar.mp3.mp3,97,10
86bfd935a0312479d6acbe90dbae517f,telugu,real,real,034_Paligiri Rajendar.mp3.mp3,98,10
c95d3b0147acde2007a881778d5ceff6,telugu,real,real,034_Paligiri Rajendar.mp3.mp3,99,10
f8875062110ae014387098cc07e8d4b0,telugu,real,real,034_Paligiri Rajendar.mp3.mp3,100,10
9a51daa544d7004829a2b5b3957c7e44,telugu,real,real,034_Paligiri Rajendar.mp3.mp3,101,10
3f76813fd00c2e478aa8ef0cc654115b,telugu,real,real,034_Paligiri Rajendar.mp3.mp3,102,10
463dba9c8cc333eb38157c89c737e2af,telugu,real,real,034_Paligiri Rajendar.mp3.mp3,103,10
562094d59fd6854234b858bc2b415bf2,telugu,real,real,034_Paligiri Rajendar.mp3.mp3,104,10
519f0b1357d697947f34302ee2196913,telugu,real,real,034_Paligiri Rajendar.mp3.mp3,105,10
5c49e0a063f892df2a33be1bc92e1ced,telugu,real,real,034_Paligiri Rajendar.mp3.mp3,106,10
aabe53b6c3db5dbc409d02af4092cce4,telugu,real,real,034_Paligiri Rajendar.mp3.mp3,107,10
2b435168674b7a834970bcf578a8f68d,telugu,real,real,034_Paligiri Rajendar.mp3.mp3,108,10
810989d95ffad6e0cca25711e6078fcb,telugu,real,real,034_Paligiri Rajendar.mp3.mp3,109,10
b6ee53c69b81fcf95471247c0f9798be,telugu,real,real,034_Paligiri Rajendar.mp3.mp3,110,10
cc8e333913cc000b1a9093114f638b6f,telugu,real,real,034_Paligiri Rajendar.mp3.mp3,111,10
d13df4cdea09c7d657024148de6b9be3,telugu,real,real,034_Paligiri Rajendar.mp3.mp3,112,10
17b28101affb6b6225de7961fc46cc9a,telugu,real,real,034_Paligiri Rajendar.mp3.mp3,113,10
21730dec3f4f24069bcf1166413101ee,telugu,real,real,034_Paligiri Rajendar.mp3.mp3,114,10
7762fb4ea44cebf256df716e9e3d9dda,telugu,real,real,034_Paligiri Rajendar.mp3.mp3,115,10
022304443f3ecc7f6fe3f6fa1b5a4f4b,telugu,real,real,034_Paligiri Rajendar.mp3.mp3,116,10
3e170c70acff2c0856b0ab97adc8fa2e,telugu,real,real,034_Paligiri Rajendar.mp3.mp3,117,10
9ccb9fe3e5535824712ba10ca155b7e6,telugu,real,real,034_Paligiri Rajendar.mp3.mp3,118,10
397df72884f428615d29e58830c5520b,telugu,real,real,034_Paligiri Rajendar.mp3.mp3,119,10
e49f97821d604686e6cb26737c78b0c2,telugu,real,real,034_Paligiri Rajendar.mp3.mp3,120,10
79de206855395d859759dda5f692dfdc,telugu,real,real,034_Paligiri Rajendar.mp3.mp3,121,10
cc7091dfcd3b28004ad33fed07ab3b6a,telugu,real,real,034_Paligiri Rajendar.mp3.mp3,122,10
578ff3f48600253912680affd17554da,telugu,real,real,034_Paligiri Rajendar.mp3.mp3,123,10
c6c2050b395fa19d89824f3e2ec2879f,telugu,real,real,034_Paligiri Rajendar.mp3.mp3,124,10
dfa9382d390ea4d09e9173670a1f9f14,telugu,real,real,034_Paligiri Rajendar.mp3.mp3,125,10
c24f7e441e0218a00acdf91720c0b2e7,telugu,real,real,034_Paligiri Rajendar.mp3.mp3,126,10
abea648efe98bec35101c73fc0a724eb,telugu,real,real,034_Paligiri Rajendar.mp3.mp3,127,10
aba686aab0c6002576821ba70aa7d91c,telugu,real,real,034_Paligiri Rajendar.mp3.mp3,128,10
2d5b30a83c762df1dd24a2bde9e062d0,telugu,real,real,034_Paligiri Rajendar.mp3.mp3,129,10
50a900482ff6d86fa82dacc931fa9f1b,telugu,real,real,034_Paligiri Rajendar.mp3.mp3,130,10
654064139411a9b6df02636117e6e0bd,telugu,real,real,034_Paligiri Rajendar.mp3.mp3,131,10
ac2c77f274d2136581b676a7645f843e,telugu,real,real,034_Paligiri Rajendar.mp3.mp3,132,10
bdeb44b50c403121b58db4115e8cd78d,telugu,real,real,034_Paligiri Rajendar.mp3.mp3,133,10
6287a024502aaf45f1942e3be765fe7b,telugu,real,real,034_Paligiri Rajendar.mp3.mp3,134,10
721892b1e70ba1e6eac2094ce149d78f,telugu,real,real,034_Paligiri Rajendar.mp3.mp3,135,10
10683e9d2d3f10d50308f12f55c8e426,telugu,real,real,034_Paligiri Rajendar.mp3.mp3,136,10
9dfa3fd49b311daeea2c38e002bd8321,telugu,real,real,034_Paligiri Rajendar.mp3.mp3,137,10
959cbfecb85304cd79181c8b40db47be,telugu,real,real,034_Paligiri Rajendar.mp3.mp3,138,10
19c296c74a8ae4642c344995a9c84293,telugu,real,real,034_Paligiri Rajendar.mp3.mp3,139,10
edc8f1764608c8a9af65b06a95639a5d,telugu,real,real,034_Paligiri Rajendar.mp3.mp3,140,10
8633e26acef9728eddf3064246e9f491,telugu,real,real,034_Paligiri Rajendar.mp3.mp3,141,10
ad62005fed551a6ea5dd710e669ec06f,telugu,real,real,034_Paligiri Rajendar.mp3.mp3,142,10
b7d6ddfe5e0050124e6e277f4fa4b539,telugu,real,real,034_Paligiri Rajendar.mp3.mp3,143,10
88172f247a17e3040c9ed4cab29fa725,telugu,real,real,034_Paligiri Rajendar.mp3.mp3,144,10
bda496dedff1149126b9b19b12f35b9d,telugu,real,real,034_Paligiri Rajendar.mp3.mp3,145,10
f27836765578b6c0396f35c47634c3f6,telugu,real,real,034_Paligiri Rajendar.mp3.mp3,146,10
e97c19754e11980cdd71a69926028950,telugu,real,real,034_Paligiri Rajendar.mp3.mp3,147,10
5657e91987843855c76017a95e262918,telugu,real,real,034_Paligiri Rajendar.mp3.mp3,148,10
da50cb9d8705d7e6316f22a1136b9cd5,telugu,real,real,034_Paligiri Rajendar.mp3.mp3,149,10
87e979baf356d72bde50ce4a5713e96e,telugu,real,real,034_Paligiri Rajendar.mp3.mp3,150,10
d7e16f1e9a4843237709d7c3d76ab6bb,telugu,real,real,034_Paligiri Rajendar.mp3.mp3,151,10
4e7fdf36b34e3ca03e2a0d8cdfda319f,telugu,real,real,034_Paligiri Rajendar.mp3.mp3,152,10
b94b11c441efda93a4ad36da2946f3d0,telugu,real,real,034_Paligiri Rajendar.mp3.mp3,153,10
c30b04f722a80a66ee47a141d8274efa,telugu,real,real,034_Paligiri Rajendar.mp3.mp3,154,10
307ad0525f3e64779d5bfc07aec4419d,telugu,real,real,034_Paligiri Rajendar.mp3.mp3,155,10
21482a753392447fd1e2414f234061c0,telugu,real,real,034_Paligiri Rajendar.mp3.mp3,156,10
28f67e6f2bea317bafa880edcf2127d5,telugu,real,real,034_Paligiri Rajendar.mp3.mp3,157,10
8699773141e76aeb72a75c7d79af4daa,telugu,real,real,034_Paligiri Rajendar.mp3.mp3,158,10
9a06a250700f5987454c6dace379897e,telugu,real,real,034_Paligiri Rajendar.mp3.mp3,159,10
03122615fa41e5c52432468888391d6e,telugu,real,real,034_Paligiri Rajendar.mp3.mp3,160,10
e0119d59ad340c19b04df2af2f0be84e,telugu,real,real,034_Paligiri Rajendar.mp3.mp3,161,10
27a433edd92d4ca725b1fa0270a5a461,telugu,real,real,034_Paligiri Rajendar.mp3.mp3,162,10
13f3698282b8e2beb4938ad5605e982b,telugu,real,real,034_Paligiri Rajendar.mp3.mp3,163,10
d1624adae4df43e036aa144492b52f58,telugu,real,real,034_Paligiri Rajendar.mp3.mp3,164,10
24b0443bd2e16f71bc001caf5d610e6f,telugu,real,real,034_Paligiri Rajendar.mp3.mp3,165,10
689b5221731b4ae140aab87cb165d0a5,telugu,real,real,034_Paligiri Rajendar.mp3.mp3,166,10
ffd813a89f54a9682f500eabe561dad9,telugu,real,real,034_Paligiri Rajendar.mp3.mp3,167,10
38a4476d740906c3190d7868ad38da25,telugu,real,real,034_Paligiri Rajendar.mp3.mp3,168,10
d6e568b9e33d616a90deb64adf21c093,telugu,real,real,034_Paligiri Rajendar.mp3.mp3,169,10
72b37397759edc48fc1ad6ea81386f1d,telugu,real,real,034_Paligiri Rajendar.mp3.mp3,170,10
8744cf8246936219d4ada91d1d72e4d0,telugu,real,real,034_Paligiri Rajendar.mp3.mp3,171,10
1892f50fcc69dedb30c3bf4fff25c7c7,telugu,real,real,034_Paligiri Rajendar.mp3.mp3,172,10
f32fd86faf6b5243fd5fbe03ba5a5d81,telugu,real,real,034_Paligiri Rajendar.mp3.mp3,173,10
23c7b98a212e982b8593e892ad0176c3,telugu,real,real,034_Paligiri Rajendar.mp3.mp3,174,10
9e3b57a24c979000f0e75ab6270a8153,telugu,real,real,034_Paligiri Rajendar.mp3.mp3,175,10
dd2ddd533e4189f00c619363a532b113,telugu,real,real,034_Paligiri Rajendar.mp3.mp3,176,10
cb1b0a5511239e78a85479a7248db70e,telugu,real,real,034_Paligiri Rajendar.mp3.mp3,177,10
46e6edbe43aa6af3722511c414d8a3de,telugu,real,real,034_Paligiri Rajendar.mp3.mp3,178,10
47326dd9a0a31e5bd3dfc46eb6256d35,telugu,real,real,034_Paligiri Rajendar.mp3.mp3,179,10
5e423d59eeb32f893f58a1f166333817,telugu,real,real,034_Paligiri Rajendar.mp3.mp3,180,10
078c35a984cca368dca3e4f8c3e1bd62,telugu,real,real,034_Paligiri Rajendar.mp3.mp3,181,10
2dbbf196778036df947760a71b4f6fbb,telugu,real,real,034_Paligiri Rajendar.mp3.mp3,182,10
5c018095bb271198ecbcaacc6613fdf3,telugu,real,real,034_Paligiri Rajendar.mp3.mp3,183,10
0dd17438ab5eb72a28d81a1b581b2b2f,telugu,real,real,034_Paligiri Rajendar.mp3.mp3,184,10
776db5baccf5c7b1ed007040e27d39ec,telugu,real,real,034_Paligiri Rajendar.mp3.mp3,185,10
83fcd37c595eac289385f17c844704dc,telugu,real,real,034_Paligiri Rajendar.mp3.mp3,186,10
2dd97ee64a52d0b778242bf19570269f,telugu,real,real,034_Paligiri Rajendar.mp3.mp3,187,10
971ffa5edc24034231e9836c43c381ba,telugu,real,real,034_Paligiri Rajendar.mp3.mp3,188,10
6cf1f15564edffefeab5549eed0b5295,telugu,real,real,034_Paligiri Rajendar.mp3.mp3,189,10
734ac4e465962f9641cb4e065f566b89,telugu,real,real,034_Paligiri Rajendar.mp3.mp3,190,10
d507886e8bc911923867dbea4975e1a6,telugu,real,real,034_Paligiri Rajendar.mp3.mp3,191,10
459a69cb939496f5fba8ba252c01e38e,telugu,real,real,034_Paligiri Rajendar.mp3.mp3,192,10
e6e5b498ffbe03ccd216ca2d30fdfb6a,telugu,real,real,034_Paligiri Rajendar.mp3.mp3,193,10
56db10e6b56c042a875cdd1d81cff371,telugu,real,real,034_Paligiri Rajendar.mp3.mp3,194,10
468f7c28fbb76215057701281f0b1309,telugu,real,real,034_Paligiri Rajendar.mp3.mp3,195,10
91567be7d18844e078c7cb24d593e388,telugu,real,real,034_Paligiri Rajendar.mp3.mp3,196,10
d993ee8f56bfce9f22d4b9715050293e,telugu,real,real,034_Paligiri Rajendar.mp3.mp3,197,10
8d9d6c07ccd5808fe9b951bc552d0167,telugu,real,real,034_Paligiri Rajendar.mp3.mp3,198,10
ad07e25344e9b94cbd90b7acf8934cee,telugu,real,real,034_Paligiri Rajendar.mp3.mp3,199,10
70c93705dfae23fca9e7a21a0df7cfcb,telugu,real,real,034_Paligiri Rajendar.mp3.mp3,200,10
814d7053fd9b7b0e0265b7a4143e3126,telugu,real,real,034_Paligiri Rajendar.mp3.mp3,201,10
43b0717ab69ce0addafb2614e0d32fd5,telugu,real,real,034_Paligiri Rajendar.mp3.mp3,202,10
1970fe857a771bfe6e4e53575ee36d2e,telugu,real,real,034_Paligiri Rajendar.mp3.mp3,203,10
5326af1c27562d5aafb7480c7591b235,telugu,real,real,034_Paligiri Rajendar.mp3.mp3,204,10
900922352b596034b78b0a3b4bbe0111,telugu,real,real,034_Paligiri Rajendar.mp3.mp3,205,10
5512a360ddda1b39fdd45c6698eb9d68,telugu,real,real,034_Paligiri Rajendar.mp3.mp3,206,10
2747fecbe9756c5c08dabffb3a4c7384,telugu,real,real,034_Paligiri Rajendar.mp3.mp3,207,10
8f41053a10215531b996151e9cebe36d,telugu,real,real,034_Paligiri Rajendar.mp3.mp3,208,10
e5d01ff7e969c017da47a08af6561405,telugu,real,real,034_Paligiri Rajendar.mp3.mp3,209,10
e39940d9137c3894958d0644f521721f,telugu,real,real,034_Paligiri Rajendar.mp3.mp3,210,10
c831a3a0529be2ed65ba2c641d1bfd69,telugu,real,real,034_Paligiri Rajendar.mp3.mp3,211,10
316c73c4e13b1e3116354e93fce644bc,telugu,real,real,034_Paligiri Rajendar.mp3.mp3,212,10
e955a8b66962c309013577e10a5fcb76,telugu,real,real,034_Paligiri Rajendar.mp3.mp3,213,10
a395b0f67772fad3078f80d1e671576b,telugu,real,real,034_Paligiri Rajendar.mp3.mp3,214,10
7abde16ec89a907849677356308d20e1,telugu,real,real,034_Paligiri Rajendar.mp3.mp3,215,10
84571f3584bc7086a82095b54f58caab,telugu,real,real,034_Paligiri Rajendar.mp3.mp3,216,10
ab71a1e9d0a57802e309955fc0bcac70,telugu,real,real,034_Paligiri Rajendar.mp3.mp3,217,10
89198dfc16d18f5dd1b9279021fe8983,telugu,real,real,034_Paligiri Rajendar.mp3.mp3,218,10
e5bf145b1c57b38d0520d5bcb5ae4524,telugu,real,real,034_Paligiri Rajendar.mp3.mp3,219,10
19553e156b917e92726a414299d88da9,telugu,real,real,034_Paligiri Rajendar.mp3.mp3,220,10
f7ff526052333b7c016660386cad412d,telugu,real,real,034_Paligiri Rajendar.mp3.mp3,221,10
34dc01fab30bb26f1783487aeef2d712,telugu,real,real,034_Paligiri Rajendar.mp3.mp3,222,10
5b4fd08eeb4b5b13eb54ee4f743cffff,telugu,real,real,034_Paligiri Rajendar.mp3.mp3,223,10
5e025fa11e05f84d59026150948ec056,telugu,real,real,034_Paligiri Rajendar.mp3.mp3,224,10
d32cfc4f9ff0aaf10dee553818c7cdc0,telugu,real,real,034_Paligiri Rajendar.mp3.mp3,225,10
48eeb66ea739ea7b8fa1d5fdbb94a4e8,telugu,real,real,034_Paligiri Rajendar.mp3.mp3,226,10
0235c84138a34c4800b662d649d9fac5,telugu,real,real,034_Paligiri Rajendar.mp3.mp3,227,10
8b72450a3f545e861aa22fe3b2006737,telugu,real,real,034_Paligiri Rajendar.mp3.mp3,228,10
3fdf205a731cda4c496e43a38fedce75,telugu,real,real,034_Paligiri Rajendar.mp3.mp3,229,10
87c480f85b36b822340dacab9b85d245,telugu,real,real,034_Paligiri Rajendar.mp3.mp3,230,10
90648b03fd6b5ee950e962d77a484a27,telugu,real,real,034_Paligiri Rajendar.mp3.mp3,231,10
f157928e6d0224aaae89359e3bbbcf86,telugu,real,real,034_Paligiri Rajendar.mp3.mp3,232,10
f8d9ff72a5f0489a13f7e350a153f046,telugu,real,real,034_Paligiri Rajendar.mp3.mp3,233,10
67f91eb7b086b271ccc6aff1c57ba67c,telugu,real,real,034_Paligiri Rajendar.mp3.mp3,234,10
4ecf6bdbfc76d12a87d6402a1f50b596,telugu,real,real,034_Paligiri Rajendar.mp3.mp3,235,10
ee867ca12afc1f3b06382a75da1a2854,telugu,real,real,034_Paligiri Rajendar.mp3.mp3,236,10
41f310ad37c1c27b5843f3095812203c,telugu,real,real,034_Paligiri Rajendar.mp3.mp3,237,10
4391b59ee795ebb9e7af3b09a1fb4f22,telugu,real,real,034_Paligiri Rajendar.mp3.mp3,238,10
28e997328860ee0cd0eaf273e0a0d694,telugu,real,real,034_Paligiri Rajendar.mp3.mp3,239,10
afd9ec40bd117a7e28f8b8b0045210e1,telugu,real,real,034_Paligiri Rajendar.mp3.mp3,240,10
91a691fae78d8af1a9d82bdb75c3e01e,telugu,real,real,034_Paligiri Rajendar.mp3.mp3,241,10
0c52a4b16a7cc50ea0f90637aa88950d,telugu,real,real,034_Paligiri Rajendar.mp3.mp3,242,10
0be58eea531410326effc9e31ee50158,telugu,real,real,034_Paligiri Rajendar.mp3.mp3,243,10
858ce2e62fc0d1ebceb4ab5faa17300a,telugu,real,real,034_Paligiri Rajendar.mp3.mp3,244,10
56b2bf76617cb0794de6829eccaf3ce4,telugu,real,real,034_Paligiri Rajendar.mp3.mp3,245,10
afa1e79bd965bfb684896932b5b9ee0d,telugu,real,real,034_Paligiri Rajendar.mp3.mp3,246,10
9b1d823f5446f99f30f84ab26d6af311,telugu,real,real,034_Paligiri Rajendar.mp3.mp3,247,10
1770c2dd43de6e82b2ade2daa116b535,telugu,real,real,034_Paligiri Rajendar.mp3.mp3,248,10
59bcb24c9d842e1dc72a0fe7960d0519,telugu,real,real,034_Paligiri Rajendar.mp3.mp3,249,10
467dd8d15b55904e42cbeab9eb15194a,telugu,real,real,034_Paligiri Rajendar.mp3.mp3,250,10
38886532111b0a8442728c1804a680f7,telugu,real,real,034_Paligiri Rajendar.mp3.mp3,251,10
aca0da09923ea9293f79335766aecbb3,telugu,real,real,034_Paligiri Rajendar.mp3.mp3,252,10
8d25b0ebef6c5b9a6ffe3c24ec1cce01,telugu,real,real,034_Paligiri Rajendar.mp3.mp3,253,10
def94a2af46d92be892da9c0be62ed4f,telugu,real,real,034_Paligiri Rajendar.mp3.mp3,254,10
6ad21def8456b51bc7d9f4be21fbbf25,telugu,real,real,034_Paligiri Rajendar.mp3.mp3,255,10
fbf5007a5bc5e047ba722f0547b636ac,telugu,real,real,034_Paligiri Rajendar.mp3.mp3,256,10
282b6cb70f3d1d46ff31ddf61e8909f9,telugu,real,real,035_Jadala Ramesh.mp3.mp3,0,10
0cf50e04296fc1443cf14e2a3a133ce4,telugu,real,real,035_Jadala Ramesh.mp3.mp3,1,10
b5d3f746b556c4c6309ba2da266806f9,telugu,real,real,035_Jadala Ramesh.mp3.mp3,2,10
02ac85079a3c8954bc032419e693c7b4,telugu,real,real,035_Jadala Ramesh.mp3.mp3,3,10
94a7098d106c79f6b0c35029c179fb72,telugu,real,real,035_Jadala Ramesh.mp3.mp3,4,10
c6e91e01c827de5000c99bcf9b4d3c6b,telugu,real,real,035_Jadala Ramesh.mp3.mp3,5,10
3e3dba7af70bb457d4fb597f5051f006,telugu,real,real,035_Jadala Ramesh.mp3.mp3,6,10
0180b1c905a099a967a6ef9a82ebbc7b,telugu,real,real,035_Jadala Ramesh.mp3.mp3,7,10
a1d6bcb80626f62c91a446ad965b0de1,telugu,real,real,035_Jadala Ramesh.mp3.mp3,8,10
56c7912c136ebccac44f6a126a69d99e,telugu,real,real,035_Jadala Ramesh.mp3.mp3,9,10
a665557ebf335fab11f61b35b7d1f7ca,telugu,real,real,035_Jadala Ramesh.mp3.mp3,10,10
111eb8b9facb0b406acbd33a0c20c416,telugu,real,real,035_Jadala Ramesh.mp3.mp3,11,10
a47b2d903bd2fe3ab2d29f0b1df23a3f,telugu,real,real,035_Jadala Ramesh.mp3.mp3,12,10
53728e01e59aaca4107205ca20ef815f,telugu,real,real,035_Jadala Ramesh.mp3.mp3,13,10
b42c4471a0da0a23b0bd53d44d63ff95,telugu,real,real,035_Jadala Ramesh.mp3.mp3,14,10
5236147818862400f906c200695abd2d,telugu,real,real,035_Jadala Ramesh.mp3.mp3,15,10
858056564d7d52e85cb631d4b5ea68f1,telugu,real,real,035_Jadala Ramesh.mp3.mp3,16,10
a23bb34ae1c30251c1e89be9e2b9cd8f,telugu,real,real,035_Jadala Ramesh.mp3.mp3,17,10
351fc846a564b3e160d62918b6bbee7a,telugu,real,real,035_Jadala Ramesh.mp3.mp3,18,10
5cb4879a820084e7b8e0cef26b758748,telugu,real,real,035_Jadala Ramesh.mp3.mp3,19,10
ac3ea830878635d98ae40508b5aee419,telugu,real,real,035_Jadala Ramesh.mp3.mp3,20,10
ae0aff5769950c1dbe7a2ac6aa0110f1,telugu,real,real,035_Jadala Ramesh.mp3.mp3,21,10
bd693afe23c49044944f2f6896c17a00,telugu,real,real,035_Jadala Ramesh.mp3.mp3,22,10
b6f8167632a1c8f9f88d88d78e5bf35a,telugu,real,real,035_Jadala Ramesh.mp3.mp3,23,10
e3e928286972fdc1950d7fbc126943ea,telugu,real,real,035_Jadala Ramesh.mp3.mp3,24,10
1f5dfe913f78714285661579f4f3ba0e,telugu,real,real,035_Jadala Ramesh.mp3.mp3,25,10
858a6c2e9149864818f1b070ba97b1ca,telugu,real,real,035_Jadala Ramesh.mp3.mp3,26,10
15c4dcc8c29082dcf591c3775a4115b9,telugu,real,real,035_Jadala Ramesh.mp3.mp3,27,10
30751a5e86106f799b79e4cb8ac435a0,telugu,real,real,035_Jadala Ramesh.mp3.mp3,28,10
0f4e77f09292bf1b0775e43b22e373ff,telugu,real,real,035_Jadala Ramesh.mp3.mp3,29,10
4e7646f3037a90e4eb90c2cc92bcf3e0,telugu,real,real,035_Jadala Ramesh.mp3.mp3,30,10
74d05ee37a48f82578c192152fedef70,telugu,real,real,035_Jadala Ramesh.mp3.mp3,31,10
739c121b762ecd69829a9b1372684012,telugu,real,real,035_Jadala Ramesh.mp3.mp3,32,10
9fc6c9c5029cd2ba790fd921f4a93d75,telugu,real,real,035_Jadala Ramesh.mp3.mp3,33,10
b789d30ddc879f1ebecac73628f280ec,telugu,real,real,035_Jadala Ramesh.mp3.mp3,34,10
050fcc834d2317e166e0dbaf79459f42,telugu,real,real,035_Jadala Ramesh.mp3.mp3,35,10
bf9ebd8a1ff855aebbc06e885bc18bba,telugu,real,real,035_Jadala Ramesh.mp3.mp3,36,10
3f25d4de0c98fd851521096b3ac72ad1,telugu,real,real,035_Jadala Ramesh.mp3.mp3,37,10
54af01dbfb4fa9a8aacc7510f07a88c0,telugu,real,real,035_Jadala Ramesh.mp3.mp3,38,10
8fd52319004f34e917fd9c283088f518,telugu,real,real,035_Jadala Ramesh.mp3.mp3,39,10
1811aa43e54f3ed7874f039e60e77c93,telugu,real,real,035_Jadala Ramesh.mp3.mp3,40,10
6b75fc96257ffae2ba70ba6f38f9b202,telugu,real,real,035_Jadala Ramesh.mp3.mp3,41,10
28b1531f7085ca2aa108d6ae46c65bbe,telugu,real,real,035_Jadala Ramesh.mp3.mp3,42,10
b39412743d545924a3968690ed186d8b,telugu,real,real,035_Jadala Ramesh.mp3.mp3,43,10
0a8ee0d2ff828d08225ec7e937871d34,telugu,real,real,035_Jadala Ramesh.mp3.mp3,44,10
13e5b77c73d47bef675043539e229bbf,telugu,real,real,035_Jadala Ramesh.mp3.mp3,45,10
acc6603cd1c00a298d4452141a4c6e69,telugu,real,real,035_Jadala Ramesh.mp3.mp3,46,10
cff4792f3fa208f3031db5fc55f866d2,telugu,real,real,035_Jadala Ramesh.mp3.mp3,47,10
8e5f942594006c1b4c84adf8556d1ff7,telugu,real,real,035_Jadala Ramesh.mp3.mp3,48,10
4ed9fbd2abcd401b72d5d369cc7a8959,telugu,real,real,035_Jadala Ramesh.mp3.mp3,49,10
f3c4f1b5fd50d8ecdc838062b57b8197,telugu,real,real,035_Jadala Ramesh.mp3.mp3,50,10
449ca3d2e37bd52f3b5afc618984fb12,telugu,real,real,035_Jadala Ramesh.mp3.mp3,51,10
bc6b8f0d943ec899e9493831c043a583,telugu,real,real,035_Jadala Ramesh.mp3.mp3,52,10
32be4b491a5efd4d2afca136c0ad6f48,telugu,real,real,035_Jadala Ramesh.mp3.mp3,53,10
e394c2f8ac68a74c0aeecf85d08ddf0a,telugu,real,real,035_Jadala Ramesh.mp3.mp3,54,10
412995eb0d4ab757af8609fd69b64cdf,telugu,real,real,035_Jadala Ramesh.mp3.mp3,55,10
2116f5807ef072fbba14a00333c34ebe,telugu,real,real,035_Jadala Ramesh.mp3.mp3,56,10
8bc022be77521b9fa36343a196c9095f,telugu,real,real,035_Jadala Ramesh.mp3.mp3,57,10
939fff3f82862670210ca53165b56400,telugu,real,real,035_Jadala Ramesh.mp3.mp3,58,10
08a718b474c2d2cd25a8bd2d0d0d2404,telugu,real,real,035_Jadala Ramesh.mp3.mp3,59,10
dc918177ee386d7a550ab2931a6e16a8,telugu,real,real,035_Jadala Ramesh.mp3.mp3,60,10
d3f16f57a90d65f63ede4e7ab6ebebb7,telugu,real,real,035_Jadala Ramesh.mp3.mp3,61,10
2709cf4517adfa2e79776151f8134ff8,telugu,real,real,035_Jadala Ramesh.mp3.mp3,62,10
be30414beccbee8ccc3ad91fd64af704,telugu,real,real,035_Jadala Ramesh.mp3.mp3,63,10
a57f643bfcc709c8c9ac6780c2baaf5c,telugu,real,real,035_Jadala Ramesh.mp3.mp3,64,10
a729ca37f84fe701655c9810bb7e9877,telugu,real,real,035_Jadala Ramesh.mp3.mp3,65,10
ae8a02b62c9cfb3646bf6dbac6cdd9c4,telugu,real,real,035_Jadala Ramesh.mp3.mp3,66,10
f7ffeb9b1845a29b482aea75a4d3a325,telugu,real,real,035_Jadala Ramesh.mp3.mp3,67,10
e95dcd6713b19bc6a9b2831ab7b4e2ad,telugu,real,real,035_Jadala Ramesh.mp3.mp3,68,10
debde09b662f0b092a256209c5651994,telugu,real,real,035_Jadala Ramesh.mp3.mp3,69,10
9742a15c26dc7bbc35a4906ffd3421ec,telugu,real,real,035_Jadala Ramesh.mp3.mp3,70,10
88b750e6c2f7ce09d7a74b01ea8c8560,telugu,real,real,035_Jadala Ramesh.mp3.mp3,71,10
98239f03a744db6c309f80a64bb2ca9a,telugu,real,real,035_Jadala Ramesh.mp3.mp3,72,10
518a38ef8a585c4c3cf7f5f5463cbb0b,telugu,real,real,035_Jadala Ramesh.mp3.mp3,73,10
257e9610a55b256df6fdd92f7b3c3970,telugu,real,real,035_Jadala Ramesh.mp3.mp3,74,10
b7421a2aaf5d47de89e7ec5c137e4764,telugu,real,real,035_Jadala Ramesh.mp3.mp3,75,10
fd4d78b52b8f39f600e67cf57a33b6cf,telugu,real,real,035_Jadala Ramesh.mp3.mp3,76,10
5c653934fdba181612c094ab3a107011,telugu,real,real,035_Jadala Ramesh.mp3.mp3,77,10
472f61cdc21acfa002a8147ca0ce7895,telugu,real,real,035_Jadala Ramesh.mp3.mp3,78,10
77cd3a8182e6a2ca22aee4f4389ae656,telugu,real,real,035_Jadala Ramesh.mp3.mp3,79,10
3cea96dcd41abc93f7799110b995ed40,telugu,real,real,035_Jadala Ramesh.mp3.mp3,80,10
26bae85c45d054457eb042d8d10b9502,telugu,real,real,035_Jadala Ramesh.mp3.mp3,81,10
c599b3654f90d9da268f8ab210c9ec71,telugu,real,real,035_Jadala Ramesh.mp3.mp3,82,10
5f654aad0bb5c896a93efb2144eb06bb,telugu,real,real,035_Jadala Ramesh.mp3.mp3,83,10
c5d9c0f8b89a23fc4db123d683bd6e91,telugu,real,real,035_Jadala Ramesh.mp3.mp3,84,10
6ed70e4ab7aabfa9a730230f77f1cf8e,telugu,real,real,035_Jadala Ramesh.mp3.mp3,85,10
14515c94782ca97b8474c6b579b93bf0,telugu,real,real,035_Jadala Ramesh.mp3.mp3,86,10
bceb79978dec3c6ef4e732d591557da5,telugu,real,real,035_Jadala Ramesh.mp3.mp3,87,10
1ace4eddcb66da8decc7951a1bbc4bdb,telugu,real,real,035_Jadala Ramesh.mp3.mp3,88,10
6198b1f0d6b17fcf642604b026adedf2,telugu,real,real,035_Jadala Ramesh.mp3.mp3,89,10
d22b072e4d6c4350b3dd3d8f765907cc,telugu,real,real,035_Jadala Ramesh.mp3.mp3,90,10
ab4d52caf26ca18d909483e21310c49d,telugu,real,real,035_Jadala Ramesh.mp3.mp3,91,10
06f40b36dfb6c031c08ba58e128d4a17,telugu,real,real,035_Jadala Ramesh.mp3.mp3,92,10
edae5fb105fb0c2668fac93b84a0b2e0,telugu,real,real,035_Jadala Ramesh.mp3.mp3,93,10
3f9d5a1d66c3dd9c8acde3926bfb6a5b,telugu,real,real,035_Jadala Ramesh.mp3.mp3,94,10
ee349fbc37d0301176563c0ea64d5b24,telugu,real,real,035_Jadala Ramesh.mp3.mp3,95,10
56bf171361cd900244c53ac59f0c44e1,telugu,real,real,035_Jadala Ramesh.mp3.mp3,96,10
edc8918b98d4dda2f9ebb3bb8b41bb29,telugu,real,real,035_Jadala Ramesh.mp3.mp3,97,10
489c0c85768af2bbedacdbb9a289291c,telugu,real,real,035_Jadala Ramesh.mp3.mp3,98,10
83f7e839ab26125f4804b963a43ef375,telugu,real,real,035_Jadala Ramesh.mp3.mp3,99,10
2c521bd3839f380ea01f333a7470945d,telugu,real,real,035_Jadala Ramesh.mp3.mp3,100,10
48887aed462c8134a3ec095886e6afc0,telugu,real,real,035_Jadala Ramesh.mp3.mp3,101,10
c70034e7fa4a300a0bfb618d337e76c7,telugu,real,real,035_Jadala Ramesh.mp3.mp3,102,10
e4c117819e10183b78c383b3e35a980e,telugu,real,real,035_Jadala Ramesh.mp3.mp3,103,10
83b125f50b0faa295ba854175b6215f3,telugu,real,real,035_Jadala Ramesh.mp3.mp3,104,10
804804f0c22e4d86dd2fc36c0a4869c3,telugu,real,real,035_Jadala Ramesh.mp3.mp3,105,10
eabfc746411fbcd1a4d1cd2e5dcfd856,telugu,real,real,035_Jadala Ramesh.mp3.mp3,106,10
f3486c084df9bb9bf5340cc2c8d2f21d,telugu,real,real,035_Jadala Ramesh.mp3.mp3,107,10
61c27f071c3e478add22a3bd7a76db31,telugu,real,real,035_Jadala Ramesh.mp3.mp3,108,10
3d671be61c09b9d102171a33d45d1905,telugu,real,real,035_Jadala Ramesh.mp3.mp3,109,10
b77ece4a150f27263869c6eed35efb13,telugu,real,real,035_Jadala Ramesh.mp3.mp3,110,10
b1e17c0e29f07a55ed060a35bf57344f,telugu,real,real,035_Jadala Ramesh.mp3.mp3,111,10
e9dd87b8e205a69a0a637eb76781fd25,telugu,real,real,035_Jadala Ramesh.mp3.mp3,112,10
22ff82ab115c2e1ae2b70a77283c7d6a,telugu,real,real,035_Jadala Ramesh.mp3.mp3,113,10
e6746b25048a178c8f15a75492dee9fc,telugu,real,real,035_Jadala Ramesh.mp3.mp3,114,10
03e188b1be19a0b627825d2900c51b4c,telugu,real,real,035_Jadala Ramesh.mp3.mp3,115,10
b5be01e79394063445e58d41000505dd,telugu,real,real,035_Jadala Ramesh.mp3.mp3,116,10
492f4a8ad16e740a67543c96ac74198f,telugu,real,real,035_Jadala Ramesh.mp3.mp3,117,10
4db5c837c81f38995eb74843fdf02c82,telugu,real,real,035_Jadala Ramesh.mp3.mp3,118,10
9d456b4caee013b63b1668df86779638,telugu,real,real,035_Jadala Ramesh.mp3.mp3,119,10
0d8e0ea3b1103d9aa9a04d945390a9f5,telugu,real,real,035_Jadala Ramesh.mp3.mp3,120,10
5a3a04c1d0f4b5b5598e6a02c86973d1,telugu,real,real,035_Jadala Ramesh.mp3.mp3,121,10
d3d7151f3fbd9b265fac9157f271190f,telugu,real,real,035_Jadala Ramesh.mp3.mp3,122,10
6e3bc14117d2574fc258f0257d075d5e,telugu,real,real,035_Jadala Ramesh.mp3.mp3,123,10
07049f3e5d75ef37d8d03c0703a0bb79,telugu,real,real,035_Jadala Ramesh.mp3.mp3,124,10
9237a631c67a6b6ce9b5039cae2da65e,telugu,real,real,035_Jadala Ramesh.mp3.mp3,125,10
2215f57f9010527301bfc1e6d052c579,telugu,real,real,035_Jadala Ramesh.mp3.mp3,126,10
95d5f6624d9ade5ce5fa95f20f8cd00d,telugu,real,real,035_Jadala Ramesh.mp3.mp3,127,10
11d0a5db94f9fa1752222e8b170fd300,telugu,real,real,035_Jadala Ramesh.mp3.mp3,128,10
09da8f7f2353bdb5d340795414afa134,telugu,real,real,035_Jadala Ramesh.mp3.mp3,129,10
0d5557bb907ffd849834f5e2d72daf43,telugu,real,real,035_Jadala Ramesh.mp3.mp3,130,10
769634fb0a4d3d0176fea177298d8615,telugu,real,real,035_Jadala Ramesh.mp3.mp3,131,10
88d1eaa65d30a97b485e7aafe1a3e06c,telugu,real,real,035_Jadala Ramesh.mp3.mp3,132,10
44f4ac75ec0d37cd8f55bd18d3ecb2e8,telugu,real,real,035_Jadala Ramesh.mp3.mp3,133,10
8f8c7b180313e19bcd23ef0611cae8f6,telugu,real,real,035_Jadala Ramesh.mp3.mp3,134,10
e518a0fdcdbcd866656e6670e9ea1ead,telugu,real,real,035_Jadala Ramesh.mp3.mp3,135,10
0cc3111a44c72e877086b5c9bacc29b9,telugu,real,real,035_Jadala Ramesh.mp3.mp3,136,10
a5e70b508e00ae0522b9e6657f5f2498,telugu,real,real,035_Jadala Ramesh.mp3.mp3,137,10
893f785bba674d5b679d6bd81e6701bc,telugu,real,real,035_Jadala Ramesh.mp3.mp3,138,10
068d0514c288f9a249d15363f7802dc5,telugu,real,real,035_Jadala Ramesh.mp3.mp3,139,10
b0682d14bc8d1f3d8bad563ae4ba4f59,telugu,real,real,035_Jadala Ramesh.mp3.mp3,140,10
61993bb39c126b402c92e6c5e7327e34,telugu,real,real,035_Jadala Ramesh.mp3.mp3,141,10
1662c8aa38973b5d13e523ca136de729,telugu,real,real,035_Jadala Ramesh.mp3.mp3,142,10
7748f03e1586ec6e66e8778e9100e7fa,telugu,real,real,035_Jadala Ramesh.mp3.mp3,143,10
86c206c92cd46df0220688de22149d1a,telugu,real,real,035_Jadala Ramesh.mp3.mp3,144,10
e149a4ea8db2ff3dd20178ef8b51747d,telugu,real,real,035_Jadala Ramesh.mp3.mp3,145,10
2b1f17806c2bcd8c84402efeee5ebb65,telugu,real,real,035_Jadala Ramesh.mp3.mp3,146,10
9a4bb3aa3c4130144350f083d3584d2d,telugu,real,real,035_Jadala Ramesh.mp3.mp3,147,10
8a77fe36d2bca545ce0cce1f56926cac,telugu,real,real,035_Jadala Ramesh.mp3.mp3,148,10
51484150ae62338189efa4d62bcd93f0,telugu,real,real,035_Jadala Ramesh.mp3.mp3,149,10
b10543f0522ebeb5b8c089a05afd73c5,telugu,real,real,035_Jadala Ramesh.mp3.mp3,150,10
b506248f4c999d0ebbd55485098fdd2d,telugu,real,real,035_Jadala Ramesh.mp3.mp3,151,10
04f40509683349a34fdce2d3deb85fbe,telugu,real,real,035_Jadala Ramesh.mp3.mp3,152,10
f8b08804179b54aa332b2db9eba5fc6e,telugu,real,real,035_Jadala Ramesh.mp3.mp3,153,10
26309d781817b4238389c237a463b5e9,telugu,real,real,035_Jadala Ramesh.mp3.mp3,154,10
f0860ce09a7fccbac43ab7a03f050230,telugu,real,real,035_Jadala Ramesh.mp3.mp3,155,10
adf79fd1c18efdcabba5853cd52dcf77,telugu,real,real,035_Jadala Ramesh.mp3.mp3,156,10
9bf0b064bd7ddfa51fbc1a1eca1fd781,telugu,real,real,035_Jadala Ramesh.mp3.mp3,157,10
d00fed940ba6911e2747ed9ae77cce62,telugu,real,real,035_Jadala Ramesh.mp3.mp3,158,10
e11c7e0e57747a381cd6254d3ab37335,telugu,real,real,035_Jadala Ramesh.mp3.mp3,159,10
f3b1ad31e0c0560addd75700dcbb85aa,telugu,real,real,035_Jadala Ramesh.mp3.mp3,160,10
561ebc0b5464341340c26262eb2e6dae,telugu,real,real,035_Jadala Ramesh.mp3.mp3,161,10
01d65b5b4cc5afe6c00d26f0048ed003,telugu,real,real,035_Jadala Ramesh.mp3.mp3,162,10
8c5846cc3dc6169087f997369f7ae045,telugu,real,real,035_Jadala Ramesh.mp3.mp3,163,10
12a2b14f35e088475e50ac99e66ca864,telugu,real,real,035_Jadala Ramesh.mp3.mp3,164,10
8fa9afeb0d7e779926009e7ee7364a60,telugu,real,real,035_Jadala Ramesh.mp3.mp3,165,10
eeca2fe705a18c5be9109689ce2115ca,telugu,real,real,035_Jadala Ramesh.mp3.mp3,166,10
7b72eabf9f6e104c384c5244f2ebdd74,telugu,real,real,035_Jadala Ramesh.mp3.mp3,167,10
c0d6450a7ab0ff58d11a4b9e245b69e3,telugu,real,real,035_Jadala Ramesh.mp3.mp3,168,10
b58867e595cb5eee3ce12230f0c9d9ec,telugu,real,real,035_Jadala Ramesh.mp3.mp3,169,10
284141cd4c9f29e624070d3a7dc31f04,telugu,real,real,035_Jadala Ramesh.mp3.mp3,170,10
144678b5196a0ed04e42338d28fe76d7,telugu,real,real,035_Jadala Ramesh.mp3.mp3,171,10
7ffe3c7cb05b3f0246a6e519a55d2506,telugu,real,real,035_Jadala Ramesh.mp3.mp3,172,10
f4253ac122995c9961caae6b9f93fe90,telugu,real,real,035_Jadala Ramesh.mp3.mp3,173,10
4135174e417bda8bf7f891abbb55e512,telugu,real,real,035_Jadala Ramesh.mp3.mp3,174,10
8a0c5a9776182fc8d917ce8293a91fb2,telugu,real,real,035_Jadala Ramesh.mp3.mp3,175,10
c178125c71d79e0c9a9a74d5bb48fd2c,telugu,real,real,035_Jadala Ramesh.mp3.mp3,176,10
72258a0a8e828841e478ca46464bcf3d,telugu,real,real,035_Jadala Ramesh.mp3.mp3,177,10
f1fde7304977f706ac9975e56ff27dec,telugu,real,real,035_Jadala Ramesh.mp3.mp3,178,10
d31e791c8c0381deef2a2cfbc8264eeb,telugu,real,real,035_Jadala Ramesh.mp3.mp3,179,10
3d9ec50dd60d5bd08f51d0476e29ef23,telugu,real,real,035_Jadala Ramesh.mp3.mp3,180,10
cf2f8e9a237c3ebacba222d90f0dffbe,telugu,real,real,035_Jadala Ramesh.mp3.mp3,181,10
1bef3459d2b3a54c1a6aef972949b75f,telugu,real,real,035_Jadala Ramesh.mp3.mp3,182,10
4a2f8cfceb951c84ca4d4ddfe0105043,telugu,real,real,035_Jadala Ramesh.mp3.mp3,183,10
41f584bb10794aaa3af2073953db1dfc,telugu,real,real,035_Jadala Ramesh.mp3.mp3,184,10
6733ad4796226145875503318345fe3f,telugu,real,real,035_Jadala Ramesh.mp3.mp3,185,10
3097b18d1143af74b62b80d8eb2984fd,telugu,real,real,035_Jadala Ramesh.mp3.mp3,186,10
a9a97732dfd0c8882043dd4a66155917,telugu,real,real,035_Jadala Ramesh.mp3.mp3,187,10
9d051f1264fcdf93ea3afff02a35891f,telugu,real,real,035_Jadala Ramesh.mp3.mp3,188,10
64eb322e6b475f4cc28dd0f457894418,telugu,real,real,035_Jadala Ramesh.mp3.mp3,189,10
f233ec2e7380cb33a9bb6d139408a133,telugu,real,real,035_Jadala Ramesh.mp3.mp3,190,10
28d0afa28a45d596d31f4de6008c3c8a,telugu,real,real,035_Jadala Ramesh.mp3.mp3,191,10
3e812fff9b84db1c5a5f0f27a51d1a37,telugu,real,real,035_Jadala Ramesh.mp3.mp3,192,10
3db1f34d6cb433a962c7b676f0fb714d,telugu,real,real,035_Jadala Ramesh.mp3.mp3,193,10
521833bd2d4452607f000d16ddec0e28,telugu,real,real,035_Jadala Ramesh.mp3.mp3,194,10
1508687485d8887d9dc10d4fa7b005ea,telugu,real,real,035_Jadala Ramesh.mp3.mp3,195,10
da9b9a989259b505ced7f3c9826be787,telugu,real,real,035_Jadala Ramesh.mp3.mp3,196,10
b5f87c56df4113376280bc910c84a7b1,telugu,real,real,035_Jadala Ramesh.mp3.mp3,197,10
4c6afa98467a358744fb905c55f0e9fb,telugu,real,real,035_Jadala Ramesh.mp3.mp3,198,10
e4a220d27cf8a7f60bceac0ddfcd2c24,telugu,real,real,035_Jadala Ramesh.mp3.mp3,199,10
793a38f0dfa039c20ffc839fdc4548fd,telugu,real,real,035_Jadala Ramesh.mp3.mp3,200,10
e2b5034c474f16768756e15a52c8925a,telugu,real,real,035_Jadala Ramesh.mp3.mp3,201,10
27a9a889d38275578e8ead263fc0239b,telugu,real,real,035_Jadala Ramesh.mp3.mp3,202,10
10a9478e792adbd00d66224d2ae26335,telugu,real,real,035_Jadala Ramesh.mp3.mp3,203,10
464bc872e26b4e041ca3167808b32cf0,telugu,real,real,035_Jadala Ramesh.mp3.mp3,204,10
22b5b6959b7c226ad0e5ee1a7e9611dd,telugu,real,real,035_Jadala Ramesh.mp3.mp3,205,10
63ea8c69b6379f4788b1dd83f4831192,telugu,real,real,035_Jadala Ramesh.mp3.mp3,206,10
4913d778dc78e2a4dbd467a5a7bd3306,telugu,real,real,035_Jadala Ramesh.mp3.mp3,207,10
cd3abc4bcabadbf9751ed86c478c8b0f,telugu,real,real,035_Jadala Ramesh.mp3.mp3,208,10
703294cb3a1ad8a92bd0a904ba981bd6,telugu,real,real,035_Jadala Ramesh.mp3.mp3,209,10
56a6717dffb351f574f740c4abd7ef4c,telugu,real,real,035_Jadala Ramesh.mp3.mp3,210,10
c2299b1b0c2e47ebd35a212c4b1806f7,telugu,real,real,035_Jadala Ramesh.mp3.mp3,211,10
ff62f9bc23ec3a1e8f2e7ebf34b67921,telugu,real,real,035_Jadala Ramesh.mp3.mp3,212,10
e14af08fabb14f8a9a8c13f5ec45e7bc,telugu,real,real,035_Jadala Ramesh.mp3.mp3,213,10
c6258c58cd93f93705aa178ca01f4195,telugu,real,real,035_Jadala Ramesh.mp3.mp3,214,10
b78524138c9b9990c3b48162c6c5beb3,telugu,real,real,035_Jadala Ramesh.mp3.mp3,215,10
c1e3f192968bcbfac84ec410ab2f1ee8,telugu,real,real,035_Jadala Ramesh.mp3.mp3,216,10
5792442993d8202b4be26d92e2bcb7c9,telugu,real,real,035_Jadala Ramesh.mp3.mp3,217,10
9d799349ad1a6ad2c690f14d9a534ea4,telugu,real,real,035_Jadala Ramesh.mp3.mp3,218,10
0c549b91036a6dba428683c1a5f42e09,telugu,real,real,035_Jadala Ramesh.mp3.mp3,219,10
980be2bbb0d4a4f1b0843267e0843402,telugu,real,real,035_Jadala Ramesh.mp3.mp3,220,10
a6f8361cf9555a10e244d1e40aa7abb9,telugu,real,real,035_Jadala Ramesh.mp3.mp3,221,10
d755dabcfdbc24258bda3b98ba194c4d,telugu,real,real,035_Jadala Ramesh.mp3.mp3,222,10
ad339fe986a897c127bdcdb16eb5cdc6,telugu,real,real,035_Jadala Ramesh.mp3.mp3,223,10
5cc5b5d535146c5715e9def886785934,telugu,real,real,035_Jadala Ramesh.mp3.mp3,224,10
504711fc174d23eb7772667082c71a2e,telugu,real,real,035_Jadala Ramesh.mp3.mp3,225,10
b70bff2d3dd2e83f816e1b1797c5b480,telugu,real,real,035_Jadala Ramesh.mp3.mp3,226,10
341a085885941ec0d60d07ede039d4ad,telugu,real,real,035_Jadala Ramesh.mp3.mp3,227,10
57314a3480a7cf80e5d1ea31389aaeb6,telugu,real,real,035_Jadala Ramesh.mp3.mp3,228,10
dca59c12ac9616b159e6aa9f08b26ec4,telugu,real,real,035_Jadala Ramesh.mp3.mp3,229,10
fbdc46f1d2137b4792321cdf313aebbb,telugu,real,real,035_Jadala Ramesh.mp3.mp3,230,10
dc40aa54aa578ea32073556f5d2b8e02,telugu,real,real,035_Jadala Ramesh.mp3.mp3,231,10
f67546d014e9ad601acda4c3fc19db72,telugu,real,real,035_Jadala Ramesh.mp3.mp3,232,10
a02e421c9739f75cf56be41f3a42c951,telugu,real,real,035_Jadala Ramesh.mp3.mp3,233,10
30b83deb4f3ec83b41109ecfd8193915,telugu,real,real,035_Jadala Ramesh.mp3.mp3,234,10
121a98cb353fe0baf1dff4f0bd7186e3,telugu,real,real,035_Jadala Ramesh.mp3.mp3,235,10
155462ea84c9337760ca00679d55b525,telugu,real,real,035_Jadala Ramesh.mp3.mp3,236,10
41893e047f76b622e21d7cd92da1bcbb,telugu,real,real,035_Jadala Ramesh.mp3.mp3,237,10
c66b72ce74947687add3ca8db047bcce,telugu,real,real,035_Jadala Ramesh.mp3.mp3,238,10
0348d9c8f69c4abee8996e410f578995,telugu,real,real,035_Jadala Ramesh.mp3.mp3,239,10
ff0267c5f26c6353da297c1723515214,telugu,real,real,035_Jadala Ramesh.mp3.mp3,240,10
8308fb8e91639acf669e0664a32bd340,telugu,real,real,035_Jadala Ramesh.mp3.mp3,241,10
f0cbe7bb4daa67a3932aa979588662ba,telugu,real,real,035_Jadala Ramesh.mp3.mp3,242,10
9bebcd88a8eed3461080b38c1e568b0a,telugu,real,real,035_Jadala Ramesh.mp3.mp3,243,10
b67e735fd56ad738fd9e0da1c95b4b15,telugu,real,real,035_Jadala Ramesh.mp3.mp3,244,10
9dddf0f208a67d65fe8d6dceadafebd6,telugu,real,real,035_Jadala Ramesh.mp3.mp3,245,10
57d0db8e16de88c0724c75df318963aa,telugu,real,real,035_Jadala Ramesh.mp3.mp3,246,10
609a227c1c3c2a95b1040c423a1f42dd,telugu,real,real,035_Jadala Ramesh.mp3.mp3,247,10
2c37df796e7aed06e9b87f41024aecdf,telugu,real,real,035_Jadala Ramesh.mp3.mp3,248,10
b999ac74c1b99fe7200b470fefe96337,telugu,real,real,035_Jadala Ramesh.mp3.mp3,249,10
63273c9e9fead4c0e7dc3872f7bba28e,telugu,real,real,035_Jadala Ramesh.mp3.mp3,250,10
11260eb26d06f27577454df7fc360da5,telugu,real,real,035_Jadala Ramesh.mp3.mp3,251,10
3d3352447626f3443abef729bfa0da35,telugu,real,real,035_Jadala Ramesh.mp3.mp3,252,10
26b00506cf8b076f61f7e53d69a3756f,telugu,real,real,035_Jadala Ramesh.mp3.mp3,253,10
f403c9cc36dcefab3c47a88b0eb9b984,telugu,real,real,035_Jadala Ramesh.mp3.mp3,254,10
d674ed4c11d048a56211c5803c7deeec,telugu,real,real,035_Jadala Ramesh.mp3.mp3,255,10
0161d1d2ca5f0bef07534c9451e0f231,telugu,real,real,035_Jadala Ramesh.mp3.mp3,256,10
36d90d7395138c8454192c69e4d92d93,telugu,real,real,035_Jadala Ramesh.mp3.mp3,257,10
877d9f6e72db57155eebe02ef5135cf6,telugu,real,real,035_Jadala Ramesh.mp3.mp3,258,10
d57e792eac49017cd975f71223b1b82b,telugu,real,real,035_Jadala Ramesh.mp3.mp3,259,10
a8b771d7f70e8f6e21f3bea2c9a275f6,telugu,real,real,035_Jadala Ramesh.mp3.mp3,260,10
72a5a50567a48782b990847c1695f98d,telugu,real,real,035_Jadala Ramesh.mp3.mp3,261,10
59ccdfb46319f9fb4acad34b90aece7f,telugu,real,real,035_Jadala Ramesh.mp3.mp3,262,10
bdb86cb665c559bb833d49d5da8ae97c,telugu,real,real,035_Jadala Ramesh.mp3.mp3,263,10
9ed6fcf735b54644b5dc30837152f34c,telugu,real,real,035_Jadala Ramesh.mp3.mp3,264,10
23912d031068fc43678ab783bc6bb758,telugu,real,real,035_Jadala Ramesh.mp3.mp3,265,10
f91c30edb0f3c16ae9df2a49ae6eedd4,telugu,real,real,035_Jadala Ramesh.mp3.mp3,266,10
f89b4a67511283cfdc81a36e41333be3,telugu,real,real,035_Jadala Ramesh.mp3.mp3,267,10
6f2da42c872c221d7c050b01a5231239,telugu,real,real,035_Jadala Ramesh.mp3.mp3,268,10
f2d637bbd22a9162c9787825d6a80b18,telugu,real,real,035_Jadala Ramesh.mp3.mp3,269,10
f80d76764909da5d2699a74cc218899e,telugu,real,real,035_Jadala Ramesh.mp3.mp3,270,10
28fc65821f5fa912cdff048adbc9aaa4,telugu,real,real,035_Jadala Ramesh.mp3.mp3,271,10
50166df33b70113860f2a9d7622f9c35,telugu,real,real,035_Jadala Ramesh.mp3.mp3,272,10
250b2d5e1a0f73ea33693d0a79fd0aea,telugu,real,real,035_Jadala Ramesh.mp3.mp3,273,10
738db0e8f296f2f3d59613dd3635e45e,telugu,real,real,035_Jadala Ramesh.mp3.mp3,274,10
44d0a91a88f9e8ebdd14042626aa99f3,telugu,real,real,035_Jadala Ramesh.mp3.mp3,275,10
99a66a3af8ec54b9aa569b3aabcc0791,telugu,real,real,035_Jadala Ramesh.mp3.mp3,276,10
7d2f3fd3890c4e2bf93e769f42e08e17,telugu,real,real,035_Jadala Ramesh.mp3.mp3,277,10
10235d0b236bd605831594e6c8675013,telugu,real,real,035_Jadala Ramesh.mp3.mp3,278,10
2e13db829469a8d9239d78a1119af2b9,telugu,real,real,035_Jadala Ramesh.mp3.mp3,279,10
f3536c3adc7b972c61a05aa9e95ad903,telugu,real,real,035_Jadala Ramesh.mp3.mp3,280,10
55d5afd9b7b157cee508cf85b81f5ead,telugu,real,real,035_Jadala Ramesh.mp3.mp3,281,10
9a23fccc7380f7fcef0149a43050e9ea,telugu,real,real,035_Jadala Ramesh.mp3.mp3,282,10
c9743f5f59c8b354ef74b496023dec76,telugu,real,real,035_Jadala Ramesh.mp3.mp3,283,10
a3e89c745f94925a2611727c9c9d8aaa,telugu,real,real,035_Jadala Ramesh.mp3.mp3,284,10
1745f6e3136f739a1bf55b00b0ac465e,telugu,real,real,035_Jadala Ramesh.mp3.mp3,285,10
85db2442c1b270122e5facc8fe201c2f,telugu,real,real,035_Jadala Ramesh.mp3.mp3,286,10
b3aeac46c5618f1381385d4d26a1b258,telugu,real,real,035_Jadala Ramesh.mp3.mp3,287,10
67815ad26e9e6877cf071264e767efe5,telugu,real,real,035_Jadala Ramesh.mp3.mp3,288,10
b25ca27dfcef387852f63934cafb58f1,telugu,real,real,035_Jadala Ramesh.mp3.mp3,289,10
b50c38617e722f7630ab1317ed8debac,telugu,real,real,035_Jadala Ramesh.mp3.mp3,290,10
bc43a057594941a482ba3c03b724190f,telugu,real,real,035_Jadala Ramesh.mp3.mp3,291,10
d2ff9191ad872ddb661bff6071feb000,telugu,real,real,035_Jadala Ramesh.mp3.mp3,292,10
f51baeeac6992808739f4d6488907507,telugu,real,real,035_Jadala Ramesh.mp3.mp3,293,10
e71877c5b4f533320142123fc7238dd9,telugu,real,real,035_Jadala Ramesh.mp3.mp3,294,10
0392cc40e3ff6dbe2a7bee2d9e3d335e,telugu,real,real,035_Jadala Ramesh.mp3.mp3,295,10
581cf5c1b0e293326642cfa165b27b2c,telugu,real,real,035_Jadala Ramesh.mp3.mp3,296,10
98b34d8d6c46ca1203427dfd832c17ee,telugu,real,real,035_Jadala Ramesh.mp3.mp3,297,10
986ab6dea6ef8e10c457f37eb994fbd6,telugu,real,real,035_Jadala Ramesh.mp3.mp3,298,10
7d463237a9534f9df3f84d95d87949c3,telugu,real,real,035_Jadala Ramesh.mp3.mp3,299,10
ba74d753766c1a8bf392a19d68f88f8b,telugu,real,real,035_Jadala Ramesh.mp3.mp3,300,10
6f0aade07e7f1afeca85a2db89f7d752,telugu,real,real,035_Jadala Ramesh.mp3.mp3,301,10
85e5bfbf1a6be4106fca0d57c1ba9921,telugu,real,real,035_Jadala Ramesh.mp3.mp3,302,10
4b454a2bb854fa794c2c825de0545374,telugu,real,real,035_Jadala Ramesh.mp3.mp3,303,10
aa293e05729851e364870c5e98ca47dc,telugu,real,real,035_Jadala Ramesh.mp3.mp3,304,10
353da6591e028f9170a3a65355a41ce2,telugu,real,real,035_Jadala Ramesh.mp3.mp3,305,10
be5183750e036cb1677dcaeab316f569,telugu,real,real,035_Jadala Ramesh.mp3.mp3,306,10
a5feca74cb459d58bc21d0a96b3171bc,telugu,real,real,035_Jadala Ramesh.mp3.mp3,307,10
4939dc57333271205904e9900efd2002,telugu,real,real,035_Jadala Ramesh.mp3.mp3,308,10
696deaa17fbb8f9754b3827cd6ec82e1,telugu,real,real,035_Jadala Ramesh.mp3.mp3,309,10
b5f09e0d19a7f8ad10dd652c4a69c5ed,telugu,real,real,035_Jadala Ramesh.mp3.mp3,310,10
a5db84dd0e7f4b5c33034943d5c3aef6,telugu,real,real,035_Jadala Ramesh.mp3.mp3,311,10
f756d392b0e21401f2652bdad74e731e,telugu,real,real,035_Jadala Ramesh.mp3.mp3,312,10
9584bdfa4b8e86cc4d345498a7b38ef9,telugu,real,real,035_Jadala Ramesh.mp3.mp3,313,10
1e5602d0eff3094960ad10b4631efd2a,telugu,real,real,035_Jadala Ramesh.mp3.mp3,314,10
51c8952cdb28376ca2e39e1baa243f92,telugu,real,real,035_Jadala Ramesh.mp3.mp3,315,10
69991387dd817d569a740756c13a91af,telugu,real,real,035_Jadala Ramesh.mp3.mp3,316,10
e476f92df0ef8bee7d767e397bd8fe88,telugu,real,real,035_Jadala Ramesh.mp3.mp3,317,10
6f0e249395e08afebb666486770486e3,telugu,real,real,035_Jadala Ramesh.mp3.mp3,318,10
efd5fd910c9d7f2aed5ddf607e17a392,telugu,real,real,035_Jadala Ramesh.mp3.mp3,319,10
b11ef7ec4151d420ccc0da4b7b4c73ba,telugu,real,real,035_Jadala Ramesh.mp3.mp3,320,10
8641d1553c5d758ee18aa1974ae1c0a2,telugu,real,real,035_Jadala Ramesh.mp3.mp3,321,10
0ac7d62d2d81bae50ff819dc79884495,telugu,real,real,035_Jadala Ramesh.mp3.mp3,322,10
f672a969100deccd6b44851e62cc5e2f,telugu,real,real,035_Jadala Ramesh.mp3.mp3,323,10
c00c273226d677c15811c05bbb79e250,telugu,real,real,035_Jadala Ramesh.mp3.mp3,324,10
b2c36dd8f3c2b224e5c6300737d6c750,telugu,real,real,035_Jadala Ramesh.mp3.mp3,325,10
a3f1197c33b086b74b07fb9bc819134d,telugu,real,real,035_Jadala Ramesh.mp3.mp3,326,10
799e00decd1fabf908bf4ac5866263bd,telugu,real,real,035_Jadala Ramesh.mp3.mp3,327,10
cac56ac492f451296a45b65cf98db3c7,telugu,real,real,035_Jadala Ramesh.mp3.mp3,328,10
3d1a1102f09172a14edc036b68d6c31e,telugu,real,real,035_Jadala Ramesh.mp3.mp3,329,10
8f8ee921069d04b4263f87f1f5c1bcfa,telugu,real,real,035_Jadala Ramesh.mp3.mp3,330,10
ff507066854a2f9277d7c4c7dab615d5,telugu,real,real,035_Jadala Ramesh.mp3.mp3,331,10
d173d58c0cb14165372e2a52be0d040a,telugu,real,real,035_Jadala Ramesh.mp3.mp3,332,10
7764d38fbfd58b95b286fc4cbd82a0c7,telugu,real,real,035_Jadala Ramesh.mp3.mp3,333,10
5ddddbd385e14f87f8791768a66ec6ac,telugu,real,real,035_Jadala Ramesh.mp3.mp3,334,10
3fc31294429f8174928613f26d9fc1dc,telugu,real,real,035_Jadala Ramesh.mp3.mp3,335,10
3a6921b42d5edda4cb0c58063b9585f7,telugu,real,real,035_Jadala Ramesh.mp3.mp3,336,10
21f913c1cf476aa7ba90bba13231f231,telugu,real,real,035_Jadala Ramesh.mp3.mp3,337,10
beaee9c02f090c568bfd53dd8d85fc58,telugu,real,real,035_Jadala Ramesh.mp3.mp3,338,10
ef7402fb30422059ea64b62b07a201c2,telugu,real,real,035_Jadala Ramesh.mp3.mp3,339,10
4073a5213ff963fc1329ae465c5c7ced,telugu,real,real,035_Jadala Ramesh.mp3.mp3,340,10
4afa9a17ff72fc43207d4f4349e34ef2,telugu,real,real,035_Jadala Ramesh.mp3.mp3,341,10
15ac44f0ab20b8cf32f4c30fe0c0e59f,telugu,real,real,035_Jadala Ramesh.mp3.mp3,342,10
8202fee6ad35a4cdf44a7a815457d58e,telugu,real,real,035_Jadala Ramesh.mp3.mp3,343,10
729d7c549ad8cdd95ee2e4ea8c766c33,telugu,real,real,035_Jadala Ramesh.mp3.mp3,344,10
0dcbc8006ee0c2844826fecb73bac11c,telugu,real,real,035_Jadala Ramesh.mp3.mp3,345,10
e54f62f05e32280f21e4a0543a94c8f2,telugu,real,real,035_Jadala Ramesh.mp3.mp3,346,10
e507196c93d28844766f7e06e1b2b9b2,telugu,real,real,035_Jadala Ramesh.mp3.mp3,347,10
03a27f7408d381ce4bc7c071f31c3ae0,telugu,real,real,035_Jadala Ramesh.mp3.mp3,348,10
a9d7d6c92978ec0bfcba1e59df9ca984,telugu,real,real,035_Jadala Ramesh.mp3.mp3,349,10
5405a30d5f92d5594895f292a10d1fc6,telugu,real,real,035_Jadala Ramesh.mp3.mp3,350,10
16d0fff66a056f6479352e454f5c337b,telugu,real,real,035_Jadala Ramesh.mp3.mp3,351,10
0dd31ef33e71d2383dd7407e5753cbb3,telugu,real,real,035_Jadala Ramesh.mp3.mp3,352,10
b85895045222fcc4d6c0a54eb2ee819a,telugu,real,real,035_Jadala Ramesh.mp3.mp3,353,10
bf58e5ab20bf580e748209ec964f61dd,telugu,real,real,035_Jadala Ramesh.mp3.mp3,354,10
7fea9bba0fb813bca712c9885b88d13c,telugu,real,real,035_Jadala Ramesh.mp3.mp3,355,10
39c09acbf597d642b158cf84043b1009,telugu,real,real,035_Jadala Ramesh.mp3.mp3,356,10
aa9210a0759a63786ab29f49c937c311,telugu,real,real,035_Jadala Ramesh.mp3.mp3,357,10
a7eb15b49087f24b4cc26653e3c34e21,telugu,real,real,035_Jadala Ramesh.mp3.mp3,358,10
e50ff9b6585ad193bfcf1b2305219256,telugu,real,real,035_Jadala Ramesh.mp3.mp3,359,10
8d8288d22487cadc43173288ab0f2b83,telugu,real,real,035_Jadala Ramesh.mp3.mp3,360,10
cecbc317a5d947463001c1e88f60f08c,telugu,real,real,035_Jadala Ramesh.mp3.mp3,361,10
e5c9dc52ccf26953828f78af28ade564,telugu,real,real,035_Jadala Ramesh.mp3.mp3,362,10
93832f7b7332b09b22220579408795a8,telugu,real,real,035_Jadala Ramesh.mp3.mp3,363,10
bd7cf4ce0fd31d9e636e7befdd1c5a71,telugu,real,real,035_Jadala Ramesh.mp3.mp3,364,10
c4435a4e498ffd82a759f3d9b8dc2f43,telugu,real,real,035_Jadala Ramesh.mp3.mp3,365,10
25cba62dac986ab31a6eb80c3c225f13,telugu,real,real,035_Jadala Ramesh.mp3.mp3,366,10
b7dada7b7942500afba6710b8981e487,telugu,real,real,035_Jadala Ramesh.mp3.mp3,367,10
ec63e27272daa87ecb5791d052bf8b4c,telugu,real,real,035_Jadala Ramesh.mp3.mp3,368,10
723fe4b3868bafd65ab9a9a97da265fe,telugu,real,real,035_Jadala Ramesh.mp3.mp3,369,10
54647263c0b4cab2c5b833cef60811d7,telugu,real,real,035_Jadala Ramesh.mp3.mp3,370,10
874dbd34df161e77adb3bf66721d02ec,telugu,real,real,035_Jadala Ramesh.mp3.mp3,371,10
cc9111bbff691f41d0894c3da043d4d4,telugu,real,real,035_Jadala Ramesh.mp3.mp3,372,10
b367909e4b4b76a421d92b9de149f856,telugu,real,real,035_Jadala Ramesh.mp3.mp3,373,10
066a0ef185ee83186358d3a193f77634,telugu,real,real,035_Jadala Ramesh.mp3.mp3,374,10
f867074f4783f75f45bd3545d53a7274,telugu,real,real,035_Jadala Ramesh.mp3.mp3,375,10
e8c73fc823308edc8d0b772c3e4f3611,telugu,real,real,035_Jadala Ramesh.mp3.mp3,376,10
39cb53bbdf748e753d41a52fe14b49ae,telugu,real,real,035_Jadala Ramesh.mp3.mp3,377,10
7d5e8cfa1d09a373a35a2b0ea7e78b27,telugu,real,real,035_Jadala Ramesh.mp3.mp3,378,10
3240a2ffd78b4fe6146b7ffdc8719065,telugu,real,real,035_Jadala Ramesh.mp3.mp3,379,10
89204c904d19dd2365f123b322d08464,telugu,real,real,035_Jadala Ramesh.mp3.mp3,380,10
5c72095ff744fd3ff8a3263642db3818,telugu,real,real,035_Jadala Ramesh.mp3.mp3,381,10
38235c3d70414e622d5b4f96b55796a4,telugu,real,real,035_Jadala Ramesh.mp3.mp3,382,10
86be8bb3f4dc431f680d33bbcb9a9277,telugu,real,real,035_Jadala Ramesh.mp3.mp3,383,10
068bfb3f5235ffc356c97a37b829a013,telugu,real,real,035_Jadala Ramesh.mp3.mp3,384,10
243710501375aa67c2bc24be70dc975f,telugu,real,real,035_Jadala Ramesh.mp3.mp3,385,10
a6504cc3a9a6e98caa7384887e3c0824,telugu,real,real,035_Jadala Ramesh.mp3.mp3,386,10
81debe46620b2daf3266315592788539,telugu,real,real,035_Jadala Ramesh.mp3.mp3,387,10
853ef18d160663560aae8596168741ec,telugu,real,real,035_Jadala Ramesh.mp3.mp3,388,10
8e47ee970474f353478cf1b9d68a9462,telugu,real,real,035_Jadala Ramesh.mp3.mp3,389,10
257531bc067a1c44da087459d3139b4f,telugu,real,real,035_Jadala Ramesh.mp3.mp3,390,10
3f1fbab876de5d87210f6b430b488409,telugu,real,real,035_Jadala Ramesh.mp3.mp3,391,10
395fe5702b7bcb211a47f9e03b43b70d,telugu,real,real,035_Jadala Ramesh.mp3.mp3,392,10
f95b1ba50997d0e3af5270b763957ea2,telugu,real,real,035_Jadala Ramesh.mp3.mp3,393,10
a620e7ae1b074e52ad753fed0a914500,telugu,real,real,035_Jadala Ramesh.mp3.mp3,394,10
fb93c51526c75d97324d547ca080fecf,telugu,real,real,035_Jadala Ramesh.mp3.mp3,395,10
dfdd107bd2faddbf6ac64208ef45c0ba,telugu,real,real,035_Jadala Ramesh.mp3.mp3,396,10
2e8248b1bc0d52a3aee67bd607690236,telugu,real,real,035_Jadala Ramesh.mp3.mp3,397,10
4da398c103470a1c5e612a1e5c070831,telugu,real,real,035_Jadala Ramesh.mp3.mp3,398,10
cd717d1cc78870fe8cb96f2bb0ba8919,telugu,real,real,035_Jadala Ramesh.mp3.mp3,399,10
69666d943b6b537cddea2aba4713a7d0,telugu,real,real,035_Jadala Ramesh.mp3.mp3,400,10
367fcdca7f45cebfb13311b12073e618,telugu,real,real,035_Jadala Ramesh.mp3.mp3,401,10
4f667c67c934f6858ed19c0302d9e2c6,telugu,real,real,035_Jadala Ramesh.mp3.mp3,402,10
55978b645249a696c7b71bc38dafa034,telugu,real,real,035_Jadala Ramesh.mp3.mp3,403,10
c43a3254275f630c6ac03b66506d69ba,telugu,real,real,035_Jadala Ramesh.mp3.mp3,404,10
0ef241a262d5acb1e8cbfb155300e975,telugu,real,real,035_Jadala Ramesh.mp3.mp3,405,10
dd88ab6ffb208534a92b2dae04ce8e80,telugu,real,real,035_Jadala Ramesh.mp3.mp3,406,10
bb8bf281798a9316b9cbfbbdff31b0a4,telugu,real,real,035_Jadala Ramesh.mp3.mp3,407,10
d3bdd146911f492da3d04d6753417110,telugu,real,real,035_Jadala Ramesh.mp3.mp3,408,10
e61f3188c7fdeeffb5857a34ff1ecc8f,telugu,real,real,035_Jadala Ramesh.mp3.mp3,409,10
31092e908ddf8a4dcb3f2f032b26fc9c,telugu,real,real,035_Jadala Ramesh.mp3.mp3,410,10
92ec3fcb8ee0e0603e1042a3911b1203,telugu,real,real,035_Jadala Ramesh.mp3.mp3,411,10
d236e1d2013746193aa00fc50a1ef2e7,telugu,real,real,035_Jadala Ramesh.mp3.mp3,412,10
8bd01da4bab09b24b0e7d83d5124d2cb,telugu,real,real,035_Jadala Ramesh.mp3.mp3,413,10
0df824d2ad2e481dbe3f93285a6cf0e9,telugu,real,real,035_Jadala Ramesh.mp3.mp3,414,10
8cc0da10a860bf125c76fdd544ad8d81,telugu,real,real,035_Jadala Ramesh.mp3.mp3,415,10
809b162e83afaf721247384d2e6dfd46,telugu,real,real,035_Jadala Ramesh.mp3.mp3,416,10
e23088a54e8330af68548285c265148f,telugu,real,real,035_Jadala Ramesh.mp3.mp3,417,10
4e5bec7c735e6fd4671ffaf4def5612e,telugu,real,real,035_Jadala Ramesh.mp3.mp3,418,10
7654a060a8b0df9540d48325450ea9ab,telugu,real,real,035_Jadala Ramesh.mp3.mp3,419,10
64de1c2f7297bf46b8304b9f238e5792,telugu,real,real,035_Jadala Ramesh.mp3.mp3,420,10
5265b4ca0d41cefd463bf00911e7b2b5,telugu,real,real,035_Jadala Ramesh.mp3.mp3,421,10
8fbd1721bbfe171e8653303e45670a25,telugu,real,real,035_Jadala Ramesh.mp3.mp3,422,10
50e3db42302cf8abfc185f62dd226d0f,telugu,real,real,035_Jadala Ramesh.mp3.mp3,423,10
f63ec12adad48cb61924ace8feaf668b,telugu,real,real,035_Jadala Ramesh.mp3.mp3,424,10
f16341394d54b13030681ff1d4082ebd,telugu,real,real,035_Jadala Ramesh.mp3.mp3,425,10
4a9d90726ed47d7809bb37b02106ac09,telugu,real,real,035_Jadala Ramesh.mp3.mp3,426,10
7d245d5e78e2c857b6f0edfe0f1120f8,telugu,real,real,035_Jadala Ramesh.mp3.mp3,427,10
2fe276a66d8f35c620c43e0c85791a81,telugu,real,real,035_Jadala Ramesh.mp3.mp3,428,10
01d09daa6577f67a3f096470fc213f19,telugu,real,real,035_Jadala Ramesh.mp3.mp3,429,10
584c4f6bc236afb0f5b73899a05cc96d,telugu,real,real,035_Jadala Ramesh.mp3.mp3,430,10
99e9003bbf74a97caa610fd96d0e9e3a,telugu,real,real,035_Jadala Ramesh.mp3.mp3,431,10
17b979ad44be38f79e90c91ea7b767f8,telugu,real,real,035_Jadala Ramesh.mp3.mp3,432,10
95ff87c06b3f2a4db3f69d60ce3c90e7,telugu,real,real,035_Jadala Ramesh.mp3.mp3,433,10
b9feae83dfc28f87a6e5f615fd3f480e,telugu,real,real,035_Jadala Ramesh.mp3.mp3,434,10
f0d5e22ca89d34b3fec389a937d0955e,telugu,real,real,035_Jadala Ramesh.mp3.mp3,435,10
2d32bc665e23f1ff21094466c9760893,telugu,real,real,035_Jadala Ramesh.mp3.mp3,436,10
371a791d802bdd0626972ce53961dd2f,telugu,real,real,035_Jadala Ramesh.mp3.mp3,437,10
9d24931b11fd7c85efdff74ded73346f,telugu,real,real,035_Jadala Ramesh.mp3.mp3,438,10
6630e2de6747cbc92074dab7b70bbbee,telugu,real,real,035_Jadala Ramesh.mp3.mp3,439,10
0477ff743251ff01b173efd3a6ecf908,telugu,real,real,035_Jadala Ramesh.mp3.mp3,440,10
2ae4c545113121c6313819d14c132cf2,telugu,real,real,035_Jadala Ramesh.mp3.mp3,441,10
72fb2ab5b0518b2aa86719c5611d27e1,telugu,real,real,035_Jadala Ramesh.mp3.mp3,442,10
87c7252b163b09805a9d8983f7377849,telugu,real,real,035_Jadala Ramesh.mp3.mp3,443,10
cd9eb2fcbacbede94edd3f59de2607dc,telugu,real,real,035_Jadala Ramesh.mp3.mp3,444,10
9329ba2afbcc895a588463a654ef7511,telugu,real,real,035_Jadala Ramesh.mp3.mp3,445,10
221652ed32a2e82e6d95cc14a5380191,telugu,real,real,035_Jadala Ramesh.mp3.mp3,446,10
fff613937489a393da64b70c5851338f,telugu,real,real,035_Jadala Ramesh.mp3.mp3,447,10
0ff70ec00ef110009e79302186eb4849,telugu,real,real,035_Jadala Ramesh.mp3.mp3,448,10
0f6349787ddc8cc6e5b0ec23083d6fe2,telugu,real,real,035_Jadala Ramesh.mp3.mp3,449,10
09d826bb1375c1354d1bee90b13c978c,telugu,real,real,035_Jadala Ramesh.mp3.mp3,450,10
1d2c3172f94623995a0533a789581423,telugu,real,real,035_Jadala Ramesh.mp3.mp3,451,10
48dd6cfc2008cbba0192aa4315cac5d9,telugu,real,real,035_Jadala Ramesh.mp3.mp3,452,10
b8f7383e8903b172254738178867d046,telugu,real,real,035_Jadala Ramesh.mp3.mp3,453,10
d1f5f867e5a83bd9ac814ca9f06d89f7,telugu,real,real,035_Jadala Ramesh.mp3.mp3,454,10
13898dfb842a52fef6884b4565d453f2,telugu,real,real,035_Jadala Ramesh.mp3.mp3,455,10
fafac1a4844a280607f953e519da51f8,telugu,real,real,035_Jadala Ramesh.mp3.mp3,456,10
f6b67b5d936d4a1e406faff88d42524f,telugu,real,real,035_Jadala Ramesh.mp3.mp3,457,10
715c07a06c17428a51d3244cb307ed8a,telugu,real,real,035_Jadala Ramesh.mp3.mp3,458,10
3d039c920a7b4eb00428bde2094f0c4d,telugu,real,real,035_Jadala Ramesh.mp3.mp3,459,10
972a6d9dfe96d0c8c4ada750abebed0d,telugu,real,real,035_Jadala Ramesh.mp3.mp3,460,10
fd0d05f078a31f79747727509a8237c6,telugu,real,real,035_Jadala Ramesh.mp3.mp3,461,10
9488a6c6ec3932d57f0c042e6e3ae364,telugu,real,real,035_Jadala Ramesh.mp3.mp3,462,10
4aea7446b1525c068d90ff17a101c9c7,telugu,real,real,035_Jadala Ramesh.mp3.mp3,463,10
1d87749e39a883157f99d6623c71e4e5,telugu,real,real,035_Jadala Ramesh.mp3.mp3,464,10
21500fe72cd56ca52efe0e75e334f7cb,telugu,real,real,035_Jadala Ramesh.mp3.mp3,465,10
c6684fc8caf3be74a5a279510ed9bcd9,telugu,real,real,035_Jadala Ramesh.mp3.mp3,466,10
69c417e77a1bfce4376ed8db75faef0b,telugu,real,real,035_Jadala Ramesh.mp3.mp3,467,10
7e0f879e8a5ed2ecaf7c5b63883a40db,telugu,real,real,035_Jadala Ramesh.mp3.mp3,468,10
9a800b39888f0d83ffdb83365df166bc,telugu,real,real,035_Jadala Ramesh.mp3.mp3,469,10
da0e8863041c4f839ee4a1b67f785b3d,telugu,real,real,035_Jadala Ramesh.mp3.mp3,470,10
1fb0cf612dd57e708320dfb8a978ce52,telugu,real,real,035_Jadala Ramesh.mp3.mp3,471,10
29cfa095bf6377d7e843cf5cb156c287,telugu,real,real,035_Jadala Ramesh.mp3.mp3,472,10
8e9c9d2df86572e1659b702ec777774a,telugu,real,real,035_Jadala Ramesh.mp3.mp3,473,10
329978ea6d21bec66aeac6d106a8d7be,telugu,real,real,035_Jadala Ramesh.mp3.mp3,474,10
bb262226cad05b21108dd08fc3d5ced4,telugu,real,real,035_Jadala Ramesh.mp3.mp3,475,10
3528bdefe2b7d8bc0a81423bfe2b0990,telugu,real,real,035_Jadala Ramesh.mp3.mp3,476,10
357c5a1011834d4ded12bb41905512cc,telugu,real,real,035_Jadala Ramesh.mp3.mp3,477,10
f6116da31757d8aa491cddcb84194974,telugu,real,real,035_Jadala Ramesh.mp3.mp3,478,10
03a011e4df09821c5bb0d3a941945537,telugu,real,real,035_Jadala Ramesh.mp3.mp3,479,10
97c63c280a2225f336a547688aa5224a,telugu,real,real,035_Jadala Ramesh.mp3.mp3,480,10
1c53cfe8d42bc84f5e6a5f6714fbf173,telugu,real,real,035_Jadala Ramesh.mp3.mp3,481,10
95aed2564c0c2ead4843de59f4cee0e5,telugu,real,real,035_Jadala Ramesh.mp3.mp3,482,10
72fae7c0126fa26f06d2f5df2a918de3,telugu,real,real,035_Jadala Ramesh.mp3.mp3,483,10
520356d78e7804fbe8c5ea3fa6808fa7,telugu,real,real,035_Jadala Ramesh.mp3.mp3,484,10
a955bcc37ab712cb057d47680eae47f2,telugu,real,real,035_Jadala Ramesh.mp3.mp3,485,10
8deaedb2d45c62ee2266da459743e011,telugu,real,real,035_Jadala Ramesh.mp3.mp3,486,10
582ee9d918c9229e768c885b742235ad,telugu,real,real,035_Jadala Ramesh.mp3.mp3,487,10
4b375e9606b596c371da583553ef042c,telugu,real,real,035_Jadala Ramesh.mp3.mp3,488,10
0fbe435c16483fd5c00d29a1399084f7,telugu,real,real,035_Jadala Ramesh.mp3.mp3,489,10
3896a32a4632bba499e89321bd6d275b,telugu,real,real,035_Jadala Ramesh.mp3.mp3,490,10
b3afe2bd148010df864d786a8d5a981a,telugu,real,real,035_Jadala Ramesh.mp3.mp3,491,10
704e99bcac45d2a3db1403e4cd232909,telugu,real,real,035_Jadala Ramesh.mp3.mp3,492,10
65ea5c35755de9eaed609a04d52dae28,telugu,real,real,035_Jadala Ramesh.mp3.mp3,493,10
517772445d7b7b62941bee2b54783eea,telugu,real,real,035_Jadala Ramesh.mp3.mp3,494,10
d6c2eb922d51aca9391d2a95c8491ecc,telugu,real,real,035_Jadala Ramesh.mp3.mp3,495,10
469cac58d77434a691fde111186d5b3f,telugu,real,real,035_Jadala Ramesh.mp3.mp3,496,10
48c0b2c8dd24ddf698a96792c9ebcc4a,telugu,real,real,035_Jadala Ramesh.mp3.mp3,497,10
18b056802d527ead54345eb14b474f2e,telugu,real,real,035_Jadala Ramesh.mp3.mp3,498,10
d089405f0ffbf549981a32fcca0f8482,telugu,real,real,035_Jadala Ramesh.mp3.mp3,499,10
be519ad08882b209ef819d6aa9988a09,telugu,real,real,035_Jadala Ramesh.mp3.mp3,500,10
51311c7cdf1549634e517a024119d9d2,telugu,real,real,035_Jadala Ramesh.mp3.mp3,501,10
64c4c0be40219ac287fc4ed92df28766,telugu,real,real,035_Jadala Ramesh.mp3.mp3,502,10
44ed5fb76973b6ddb774848b38faed3d,telugu,real,real,035_Jadala Ramesh.mp3.mp3,503,10
32144432da2e8fa960911b7670856810,telugu,real,real,035_Jadala Ramesh.mp3.mp3,504,10
7fc6368eb1920f43ab7ea4214e4e359b,telugu,real,real,035_Jadala Ramesh.mp3.mp3,505,10
77c45d950ccd16ce242667d0eb257ed0,telugu,real,real,035_Jadala Ramesh.mp3.mp3,506,10
acaa50c52953b0fe1b326306d5e47a1b,telugu,real,real,035_Jadala Ramesh.mp3.mp3,507,10
0444899570a35569f5d4c91afa97c301,telugu,real,real,035_Jadala Ramesh.mp3.mp3,508,10
eff5b68c2454a5b08b87c9a55ae9a93f,telugu,real,real,035_Jadala Ramesh.mp3.mp3,509,10
cb0d87283079827cfa23c067e5dba568,telugu,real,real,035_Jadala Ramesh.mp3.mp3,510,10
ee211a283d418ce6e1df3bdb880606ca,telugu,real,real,035_Jadala Ramesh.mp3.mp3,511,10
2d0aec7205517c026794cfa2c4bc158a,telugu,real,real,035_Jadala Ramesh.mp3.mp3,512,10
807bc413f933175d354a0f87d2f8f340,telugu,real,real,039_Sandhya Koyyada.mp3.mp3,0,10
08207a88e89641aa9db4923ad3efb4e5,telugu,real,real,039_Sandhya Koyyada.mp3.mp3,1,10
404788449098aae8c5a14881a5af3bf2,telugu,real,real,039_Sandhya Koyyada.mp3.mp3,2,10
cabecfe655bb3c7d81c4c9578abb5fb3,telugu,real,real,039_Sandhya Koyyada.mp3.mp3,3,10
d632f635e2f44d92e1bdaf0873a051aa,telugu,real,real,039_Sandhya Koyyada.mp3.mp3,4,10
3a0040d0bdfa1ae1e6cc3ec1decf04f0,telugu,real,real,039_Sandhya Koyyada.mp3.mp3,5,10
7da932dbe22350e9b31e55995edc1434,telugu,real,real,039_Sandhya Koyyada.mp3.mp3,6,10
9be32b78b8a237535acd759c57e44ce7,telugu,real,real,039_Sandhya Koyyada.mp3.mp3,7,10
312ec00701bdef54aa4eaac5b4d26a33,telugu,real,real,039_Sandhya Koyyada.mp3.mp3,8,10
c6d44b0ca472b8e380c63c8b0a80785e,telugu,real,real,039_Sandhya Koyyada.mp3.mp3,9,10
0197288f98fb61c9d4a79665399d8373,telugu,real,real,039_Sandhya Koyyada.mp3.mp3,10,10
87b74348cc05d56efc42dd46f90968cd,telugu,real,real,039_Sandhya Koyyada.mp3.mp3,11,10
b67a36ae0acfd90c038b36f6c98392f6,telugu,real,real,039_Sandhya Koyyada.mp3.mp3,12,10
bacd1b76190f77194cf3595b5bd18dde,telugu,real,real,039_Sandhya Koyyada.mp3.mp3,13,10
3731124f36004ca0cf485cc01ad07b23,telugu,real,real,039_Sandhya Koyyada.mp3.mp3,14,10
7617b1e14fbec5a4871f8bfc805cdd34,telugu,real,real,039_Sandhya Koyyada.mp3.mp3,15,10
8de99effb5ad80de3449ec724168fba3,telugu,real,real,039_Sandhya Koyyada.mp3.mp3,16,10
19dac85e635d667428bafcd8cbc557f9,telugu,real,real,039_Sandhya Koyyada.mp3.mp3,17,10
c0add9d296eb30f8a97056146844c099,telugu,real,real,039_Sandhya Koyyada.mp3.mp3,18,10
c969598253800a2cf73d67a81f597091,telugu,real,real,039_Sandhya Koyyada.mp3.mp3,19,10
5494ec54ab94ca1e6da1be91903a3103,telugu,real,real,039_Sandhya Koyyada.mp3.mp3,20,10
b2bff46dd5fcf10436e3183c8b598841,telugu,real,real,039_Sandhya Koyyada.mp3.mp3,21,10
d416130d94132f9e9cbc6ba5636e9809,telugu,real,real,039_Sandhya Koyyada.mp3.mp3,22,10
b7290eca906283b6cc0007082be82fbe,telugu,real,real,039_Sandhya Koyyada.mp3.mp3,23,10
e8c54405de8241d7bc31e4910d875649,telugu,real,real,039_Sandhya Koyyada.mp3.mp3,24,10
96975a367d525c863baf08ee9da261f7,telugu,real,real,039_Sandhya Koyyada.mp3.mp3,25,10
b27b5222e0dcfc8aaa38a0bec6363c4e,telugu,real,real,039_Sandhya Koyyada.mp3.mp3,26,10
75731f97ff95cceb696fc4245376e868,telugu,real,real,039_Sandhya Koyyada.mp3.mp3,27,10
01275bbff643a30a4ff33dfad9e47a73,telugu,real,real,039_Sandhya Koyyada.mp3.mp3,28,10
d3e83229dda8c2f2c9b70fc8acf6e869,telugu,real,real,040_Mounika Reddy.mp3.mp3,0,10
3cf50b72fa859d3ed4b3096cb9a7f861,telugu,real,real,040_Mounika Reddy.mp3.mp3,1,10
0c9b83e4f59c1799a9de33e1575db072,telugu,real,real,040_Mounika Reddy.mp3.mp3,2,10
af33a138d811ba6be064770dda2fd68d,telugu,real,real,040_Mounika Reddy.mp3.mp3,3,10
666fa32dd19dbf1ce13d4d6e39d5bf08,telugu,real,real,040_Mounika Reddy.mp3.mp3,4,10
8afb5b5de36d00e23040951f559cc7c5,telugu,real,real,040_Mounika Reddy.mp3.mp3,5,10
92496f3053af8576dbe408fd83df4acf,telugu,real,real,040_Mounika Reddy.mp3.mp3,6,10
465f7174eddd784856213e9bfbe9b7a7,telugu,real,real,040_Mounika Reddy.mp3.mp3,7,10
837530d81f3936a87d46628d9e29cfd2,telugu,real,real,040_Mounika Reddy.mp3.mp3,8,10
e8addb4b162b57694c0630b243120d4a,telugu,real,real,040_Mounika Reddy.mp3.mp3,9,10
c76aeb779d9bbf84c1df88645c0fb6f8,telugu,real,real,040_Mounika Reddy.mp3.mp3,10,10
3238f208ad76e4f1b4df3de8062ed3e4,telugu,real,real,040_Mounika Reddy.mp3.mp3,11,10
5794b59e537ddd16362833a5bc707021,telugu,real,real,040_Mounika Reddy.mp3.mp3,12,10
1cfdf51b0ee87c8946688509c880514d,telugu,real,real,040_Mounika Reddy.mp3.mp3,13,10
e343bbf7fb01dd9e3a1e6673fd6d29e8,telugu,real,real,040_Mounika Reddy.mp3.mp3,14,10
380a0c7f00ee2c4f700db38f4be8af4f,telugu,real,real,040_Mounika Reddy.mp3.mp3,15,10
4a9aef246a5b0f91ad7ecd0803580565,telugu,real,real,040_Mounika Reddy.mp3.mp3,16,10
9ea78f8ae49fb770f8245d1f65a68c16,telugu,real,real,040_Mounika Reddy.mp3.mp3,17,10
2c07da6da574ee790e961cc2210d49f5,telugu,real,real,040_Mounika Reddy.mp3.mp3,18,10
c5371813c48466cd3b4457337e54cbfa,telugu,real,real,040_Mounika Reddy.mp3.mp3,19,10
cb74333aa2b2d2941b0f90c21b84fd69,telugu,real,real,040_Mounika Reddy.mp3.mp3,20,10
aa6b9af3dae7ed21d8783289c06a660e,telugu,real,real,040_Mounika Reddy.mp3.mp3,21,10
9ce2bd6b3f343f402e52d930fcaf2d18,telugu,real,real,040_Mounika Reddy.mp3.mp3,22,10
409c9bb084ae2bcf2ac86005ce54fda6,telugu,real,real,040_Mounika Reddy.mp3.mp3,23,10
a6d78764cc39c835893e70b099c889c2,telugu,real,real,040_Mounika Reddy.mp3.mp3,24,10
19537d1c41ea4bd80080d87f922c3220,telugu,real,real,040_Mounika Reddy.mp3.mp3,25,10
d11ff9c80c9472cf39e069794483a8c3,telugu,real,real,040_Mounika Reddy.mp3.mp3,26,10
df6e4ba8f3e17d76af83013cbddd2583,telugu,real,real,040_Mounika Reddy.mp3.mp3,27,10
adc4d5208aff940898d494e810ed9f8c,telugu,real,real,040_Mounika Reddy.mp3.mp3,28,10
7cc5dfc7928fedad7996ec560c18b316,telugu,real,real,040_Mounika Reddy.mp3.mp3,29,10
f7085524cf3cb6248afe7b5f4e49a9dd,telugu,real,real,040_Mounika Reddy.mp3.mp3,30,10
b16d2694eca8b5a3b909a9d47ea5163f,telugu,real,real,042_Vandemataram Srinivas.mp3.mp3,0,10
d1a52a462bd2aa2d46cbfea9a2cc1bab,telugu,real,real,042_Vandemataram Srinivas.mp3.mp3,1,10
2b62abcb4f65d6d893a45e7b78e432ba,telugu,real,real,042_Vandemataram Srinivas.mp3.mp3,2,10
e772fe0884c19b0d5a7c43f7f316806a,telugu,real,real,042_Vandemataram Srinivas.mp3.mp3,3,10
3c9771efc61bf4ebab5c4fbf99fb3996,telugu,real,real,042_Vandemataram Srinivas.mp3.mp3,4,10
a34d66c3aada4f0caea1a32337761cc9,telugu,real,real,042_Vandemataram Srinivas.mp3.mp3,5,10
f712d2324f6d7766ba7a5cb0a4ed1a1e,telugu,real,real,042_Vandemataram Srinivas.mp3.mp3,6,10
64a6dfdfdc3689dcf401cabf9084e832,telugu,real,real,042_Vandemataram Srinivas.mp3.mp3,7,10
d059ea7a6e1422a4b3ba84b0a9d4c9fd,telugu,real,real,042_Vandemataram Srinivas.mp3.mp3,8,10
2aafd7c5f8022e0203e8faa558d22c01,telugu,real,real,042_Vandemataram Srinivas.mp3.mp3,9,10
b371282ee3427d990afa53fa6412148b,telugu,real,real,042_Vandemataram Srinivas.mp3.mp3,10,10
bf564a73db83a25daa3835ef58422690,telugu,real,real,042_Vandemataram Srinivas.mp3.mp3,11,10
33b9402545a2f4013558322d9f6f90dd,telugu,real,real,042_Vandemataram Srinivas.mp3.mp3,12,10
8e7f04dcbee9c161b847199b63cac03d,telugu,real,real,042_Vandemataram Srinivas.mp3.mp3,13,10
be242c20d93cd4e53769a5606cf605de,telugu,real,real,042_Vandemataram Srinivas.mp3.mp3,14,10
2e9f3f574b4b3231208fb62dc1a935b7,telugu,real,real,042_Vandemataram Srinivas.mp3.mp3,15,10
870a21fdf2b64cb695dd1d4224927b45,telugu,real,real,042_Vandemataram Srinivas.mp3.mp3,16,10
d4b2b9dc2435b6a705b3606e23b1ce52,telugu,real,real,042_Vandemataram Srinivas.mp3.mp3,17,10
92d8dbb6aba8f8ea783ddaaaac70be6d,telugu,real,real,042_Vandemataram Srinivas.mp3.mp3,18,10
d17ebe9c9376fd019d644a139c3559aa,telugu,real,real,042_Vandemataram Srinivas.mp3.mp3,19,10
1250a90b618cc402f4d50f0acd057e46,telugu,real,real,042_Vandemataram Srinivas.mp3.mp3,20,10
54b76591e62d6657e41703f4439a4ea8,telugu,real,real,042_Vandemataram Srinivas.mp3.mp3,21,10
00db9eea32081502b1a33f9ed8eb359c,telugu,real,real,042_Vandemataram Srinivas.mp3.mp3,22,10
e77a6512eff289480dd63a730e232099,telugu,real,real,042_Vandemataram Srinivas.mp3.mp3,23,10
b66932328d8734761873d59da3c1705e,telugu,real,real,042_Vandemataram Srinivas.mp3.mp3,24,10
2ccecd95eef8cac7fbbbf59dae28c38a,telugu,real,real,042_Vandemataram Srinivas.mp3.mp3,25,10
558f4d5b43a488da29942443f68e6970,telugu,real,real,042_Vandemataram Srinivas.mp3.mp3,26,10
b0e0ccc2a20ab8fbc3850e7e515f9634,telugu,real,real,042_Vandemataram Srinivas.mp3.mp3,27,10
1148ef233f35d1ef0024ec89980c5959,telugu,real,real,042_Vandemataram Srinivas.mp3.mp3,28,10
3eb47e309dcc681e6c14817c73692c24,telugu,real,real,042_Vandemataram Srinivas.mp3.mp3,29,10
9bbb3c3b6b5bfc4a69f3a279c3b0489d,telugu,real,real,044_Devayya.mp3.mp3,0,10
ce741596c88e68fa3d29662846c0777d,telugu,real,real,044_Devayya.mp3.mp3,1,10
79dcb5620bc8b968ffbd3def39f5e019,telugu,real,real,044_Devayya.mp3.mp3,2,10
91de70a35ab79f131b2b1c7cf72bfc61,telugu,real,real,044_Devayya.mp3.mp3,3,10
c1398f6ddd214bd8b8eaa2d07887c5c2,telugu,real,real,044_Devayya.mp3.mp3,4,10
fb5978a8d9310430bacea00aa55e8c68,telugu,real,real,044_Devayya.mp3.mp3,5,10
0c5d710bf2a637e3c90b959f05bd676f,telugu,real,real,044_Devayya.mp3.mp3,6,10
feaf993f37ae1c1ef63674c52e49d85c,telugu,real,real,044_Devayya.mp3.mp3,7,10
24a91bc06a7fda501efc67b43746508f,telugu,real,real,044_Devayya.mp3.mp3,8,10
218910e20896c9a3aecffa525fd90841,telugu,real,real,044_Devayya.mp3.mp3,9,10
5a571d0f0e536c39849630aa72be987f,telugu,real,real,044_Devayya.mp3.mp3,10,10
9739c19269e691043a9aff478600f324,telugu,real,real,044_Devayya.mp3.mp3,11,10
1e29f3b1668b4a2c4d3d256065daa301,telugu,real,real,044_Devayya.mp3.mp3,12,10
c4501f232cae60b44edda890aeef3006,telugu,real,real,044_Devayya.mp3.mp3,13,10
845434b2cd46df5848a4605277dc2473,telugu,real,real,044_Devayya.mp3.mp3,14,10
9588d2e657127cc77d6f3610c0c92107,telugu,real,real,044_Devayya.mp3.mp3,15,10
8f272655b9878e6174170129087c5835,telugu,real,real,044_Devayya.mp3.mp3,16,10
688bd02adeb9313c114e171b5779af10,telugu,real,real,044_Devayya.mp3.mp3,17,10
027b8a22d40a500d68a5148895ef2cd8,telugu,real,real,044_Devayya.mp3.mp3,18,10
e5463a54377e7ba3387975ce9807f54d,telugu,real,real,044_Devayya.mp3.mp3,19,10
e94e015317b68b58719cd9f29ea6e4ba,telugu,real,real,044_Devayya.mp3.mp3,20,10
7933ae16767bbdf48b2587633acadc6d,telugu,real,real,044_Devayya.mp3.mp3,21,10
c5280fb9af4ba3335fa77dacf64f5050,telugu,real,real,044_Devayya.mp3.mp3,22,10
b9af9a0abf3bd35333332501b5902723,telugu,real,real,044_Devayya.mp3.mp3,23,10
0a8999954dbc4415973a44fd6f57c2bf,telugu,real,real,044_Devayya.mp3.mp3,24,10
e0c68db6b07ba397521cf6d530a56e78,telugu,real,real,044_Devayya.mp3.mp3,25,10
1348b3ee6c9a9591a27faf13f7ccb045,telugu,real,real,044_Devayya.mp3.mp3,26,10
dbf7c68ac7ecccae5a20414e5170a689,telugu,real,real,044_Devayya.mp3.mp3,27,10
6a655e166e0e54658085d4cb1797bc25,telugu,real,real,044_Devayya.mp3.mp3,28,10
7baffce1a2f68edd87deaf248d3c1371,telugu,real,real,044_Devayya.mp3.mp3,29,10
0aaf60ef673b45221840d18f3b2bf1bb,telugu,real,real,044_Devayya.mp3.mp3,30,10
59408520432e114cbf903d51af6f3087,telugu,real,real,044_Devayya.mp3.mp3,31,10
19ec35ec1c439f44f4069a06aafc8632,telugu,real,real,044_Devayya.mp3.mp3,32,10
bd8cf53c3fba5d0ed147f590e62622a1,telugu,real,real,044_Devayya.mp3.mp3,33,10
08e5477ade29d694aeb7afa06ce4c787,telugu,real,real,044_Devayya.mp3.mp3,34,10
3f43faeb16b2eeefe8d519f26ee39b15,telugu,real,real,044_Devayya.mp3.mp3,35,10
1236a5173d035eb7177fa08d9683fcf0,telugu,real,real,044_Devayya.mp3.mp3,36,10
28391e2e2e1c9843e4e0f98b6fccfd6b,telugu,real,real,044_Devayya.mp3.mp3,37,10
c67b933341e5addf7f544936648241b4,telugu,real,real,044_Devayya.mp3.mp3,38,10
8386dc1b23a6bf283856a0757111c5e6,telugu,real,real,044_Devayya.mp3.mp3,39,10
d4d6c54645144a1f4016b3552444e5e3,telugu,real,real,044_Devayya.mp3.mp3,40,10
81e47eb9a0ad61390d14aa2c7905f0f5,telugu,real,real,044_Devayya.mp3.mp3,41,10
4ab971bf0947dad0d3f853ecd383dc58,telugu,real,real,044_Devayya.mp3.mp3,42,10
39524407a150c27d46ea4fcd44b2847b,telugu,real,real,044_Devayya.mp3.mp3,43,10
1627388e64dbc3886df841810874d959,telugu,real,real,044_Devayya.mp3.mp3,44,10
eabf88ba42da88c67cd16d98bebae7af,telugu,real,real,044_Devayya.mp3.mp3,45,10
a1c5527ef4756c8116e13d98c7711043,telugu,real,real,044_Devayya.mp3.mp3,46,10
28af847bd6c37afa2701f43b04cf4203,telugu,real,real,044_Devayya.mp3.mp3,47,10
efbf96025390b9c0a374b9a4b361ca8a,telugu,real,real,044_Devayya.mp3.mp3,48,10
574defb81a9e285a160b91749d014bc4,telugu,real,real,044_Devayya.mp3.mp3,49,10
20d0ded49c6df6273613f1b9af7330e3,telugu,real,real,044_Devayya.mp3.mp3,50,10
5aa1098d4aa1829fa98d13c1a35764a4,telugu,real,real,044_Devayya.mp3.mp3,51,10
c786ff9e37fbf503534d3ceaa25772b7,telugu,real,real,044_Devayya.mp3.mp3,52,10
274ee59febed915cf146c3ea7f8b0780,telugu,real,real,044_Devayya.mp3.mp3,53,10
eb0b80d4832dee7beb05ae8dfc49d07d,telugu,real,real,044_Devayya.mp3.mp3,54,10
66ff143ade411708c8bf9b433725ac58,telugu,real,real,044_Devayya.mp3.mp3,55,10
ae73e11237ab7e3a72487bbc40ae1083,telugu,real,real,044_Devayya.mp3.mp3,56,10
21affe343308395e3b2107dc095831cc,telugu,real,real,044_Devayya.mp3.mp3,57,10
bfba7ad0eae2a350f389ce8da3214b62,telugu,real,real,044_Devayya.mp3.mp3,58,10
0ab0d856d3264084e26302a7e537007e,telugu,real,real,044_Devayya.mp3.mp3,59,10
cf6312c40ffc57b1551974179c22f6f2,telugu,real,real,044_Devayya.mp3.mp3,60,10
e96b682837d3114596bcb33cc53a9e05,telugu,real,real,044_Devayya.mp3.mp3,61,10
aef389c20f9233300997024d4bd6bef8,telugu,real,real,044_Devayya.mp3.mp3,62,10
2389524b58f9b76d3a0897fc9c4d19dd,telugu,real,real,044_Devayya.mp3.mp3,63,10
d013bba5399170c381d60a86b9b177fc,telugu,real,real,044_Devayya.mp3.mp3,64,10
5abf48b7754fb6f77d1e2fde69939d18,telugu,real,real,044_Devayya.mp3.mp3,65,10
0b98aa2baa38293fe5ead1a187e0280b,telugu,real,real,044_Devayya.mp3.mp3,66,10
06b755388e3c8d4797bf71f7726880e1,telugu,real,real,044_Devayya.mp3.mp3,67,10
6e75fb3f29e8dacaf8294f06a947b5fc,telugu,real,real,044_Devayya.mp3.mp3,68,10
e65c327d4669394cd53d9fbf9b6a67d3,telugu,real,real,044_Devayya.mp3.mp3,69,10
abbda505cfc1be2b4b93f1419ff58ccc,telugu,real,real,044_Devayya.mp3.mp3,70,10
a38652cdb205f2abd15251af48a86e32,telugu,real,real,044_Devayya.mp3.mp3,71,10
1f0589a899ebdf7d974dad7895b0a49c,telugu,real,real,044_Devayya.mp3.mp3,72,10
e419c0a668384a755b45b92c59958da5,telugu,real,real,044_Devayya.mp3.mp3,73,10
42ae81892073daec4955f1f2e293f145,telugu,real,real,044_Devayya.mp3.mp3,74,10
a72d21f5486c5031a471b803c07c9910,telugu,real,real,044_Devayya.mp3.mp3,75,10
effb2cd503a6eb03127f2d2faf44923b,telugu,real,real,044_Devayya.mp3.mp3,76,10
e47051fac11fe057836ee71cd535b579,telugu,real,real,044_Devayya.mp3.mp3,77,10
a7aded2a3543e36f2ee335ee40501a12,telugu,real,real,044_Devayya.mp3.mp3,78,10
5cd2b6a889223786ed7a7802d9592788,telugu,real,real,044_Devayya.mp3.mp3,79,10
9679c9d23f5fd3db70e53fbedda07899,telugu,real,real,044_Devayya.mp3.mp3,80,10
5ae6ed1ea81a754b93f709e6d658e429,telugu,real,real,044_Devayya.mp3.mp3,81,10
d3c02da0a38d97e61dfebc57614364f5,telugu,real,real,044_Devayya.mp3.mp3,82,10
aa947dc6081331984487d9e09aeac865,telugu,real,real,044_Devayya.mp3.mp3,83,10
4ad2c86871258d28cb9cf37d5e2edb8a,telugu,real,real,044_Devayya.mp3.mp3,84,10
9e8b5e7428bb67e4d7771055875fc20a,telugu,real,real,044_Devayya.mp3.mp3,85,10
9d4ff23ea7b408bf1bdb6222aeed80cb,telugu,real,real,044_Devayya.mp3.mp3,86,10
2cb31abe1be3cef4a1e3844c8bc9b87c,telugu,real,real,044_Devayya.mp3.mp3,87,10
f5a3686965eb968cc9b8a0d64a84fc9f,telugu,real,real,044_Devayya.mp3.mp3,88,10
3868a0e31593623663ebb189685bb558,telugu,real,real,044_Devayya.mp3.mp3,89,10
fa0859d6b5ff4d6945163f4c884c2ca4,telugu,real,real,044_Devayya.mp3.mp3,90,10
bacece5cb222207b8738cd77a827b2bb,telugu,real,real,044_Devayya.mp3.mp3,91,10
667761db9f6f0c852653f33e253aa3cb,telugu,real,real,044_Devayya.mp3.mp3,92,10
9e08ef19d17845f4db4ba391ad0cc0a6,telugu,real,real,044_Devayya.mp3.mp3,93,10
1e3061bdb7f8f4e44d594222d5697edc,telugu,real,real,044_Devayya.mp3.mp3,94,10
0577deaf8966fa0b8f907393a71f21be,telugu,real,real,044_Devayya.mp3.mp3,95,10
27b9b0e5360a07f87dfde42c3530d565,telugu,real,real,044_Devayya.mp3.mp3,96,10
95670f6558382ef2061c0a7f7e8533c2,telugu,real,real,044_Devayya.mp3.mp3,97,10
b331999e0310e511cf4cacd42107fe25,telugu,real,real,044_Devayya.mp3.mp3,98,10
736da61c9d4d3babd8f819d1d865e97d,telugu,real,real,044_Devayya.mp3.mp3,99,10
343b53929ec05e3eb10b691bf367769c,telugu,real,real,044_Devayya.mp3.mp3,100,10
62bcc3a53de0279d85e82ed6992909d5,telugu,real,real,044_Devayya.mp3.mp3,101,10
6eec2f92e94745ee57d4356d8830507b,telugu,real,real,044_Devayya.mp3.mp3,102,10
a61859a8f3da18039605460274be49a9,telugu,real,real,044_Devayya.mp3.mp3,103,10
0ca99b16906a33cec8ec3ed5f20d2a86,telugu,real,real,044_Devayya.mp3.mp3,104,10
4eecd4bf0c0722d185edc3be05ff6f60,telugu,real,real,044_Devayya.mp3.mp3,105,10
45e503f18ad4a161bdee00ef24442552,telugu,real,real,044_Devayya.mp3.mp3,106,10
b403427f3b273759befc6d5758f6639d,telugu,real,real,044_Devayya.mp3.mp3,107,10
7b73f72d75bec0f371d72426636fda7a,telugu,real,real,044_Devayya.mp3.mp3,108,10
f75937abaa6749ddbcee81b4b1c2bc27,telugu,real,real,044_Devayya.mp3.mp3,109,10
30739799e12b1928d52bffff43b34085,telugu,real,real,044_Devayya.mp3.mp3,110,10
0cc59fb099afd317003dfa99544e58db,telugu,real,real,044_Devayya.mp3.mp3,111,10
7d960fd42b9cba014e53656eab2cae3d,telugu,real,real,044_Devayya.mp3.mp3,112,10
aba7432da862fdb67691d4e7694a17b1,telugu,real,real,044_Devayya.mp3.mp3,113,10
e5981d6b2443a1db410ef18eb05ddf6e,telugu,real,real,044_Devayya.mp3.mp3,114,10
284c89df241687645521a92f662cdadd,telugu,real,real,044_Devayya.mp3.mp3,115,10
62d14c3b3d4e5056449f9ae0c4eb44f8,telugu,real,real,044_Devayya.mp3.mp3,116,10
86867eb0b81be54178612c24d299c7fe,telugu,real,real,044_Devayya.mp3.mp3,117,10
d77a7f6d396114888bd90ed6083c11ca,telugu,real,real,044_Devayya.mp3.mp3,118,10
648314983d804374e01e23747d3cf83d,telugu,real,real,044_Devayya.mp3.mp3,119,10
355fbb7db5b8162a501c9b996c936e70,telugu,real,real,044_Devayya.mp3.mp3,120,10
f5130f0186a51b54247f2f0b0a23fab5,telugu,real,real,044_Devayya.mp3.mp3,121,10
ede045522f88b1cd0681cbbc5528ab7f,telugu,real,real,044_Devayya.mp3.mp3,122,10
14ee4467c8b12ae28c398bf59398f31f,telugu,real,real,044_Devayya.mp3.mp3,123,10
baac5d03f56ab25c4f12ef88cbae120b,telugu,real,real,044_Devayya.mp3.mp3,124,10
ab1420d0a98356ae9badabf0ac0c63e3,telugu,real,real,044_Devayya.mp3.mp3,125,10
196c5117c20da20c621325fd6324c7ae,telugu,real,real,044_Devayya.mp3.mp3,126,10
971b57966240994a363dac1d36875b7e,telugu,real,real,044_Devayya.mp3.mp3,127,10
e02ef0f07ff09c00c07c81eb102b3f92,telugu,real,real,044_Devayya.mp3.mp3,128,10
ca4b50d513eef5ecbd9b4956d5e17d32,telugu,real,real,044_Devayya.mp3.mp3,129,10
51e0215fc5dd8d13ecdb182ab9a1728c,telugu,real,real,044_Devayya.mp3.mp3,130,10
3779d66e350504c8c4771313d6d53888,telugu,real,real,044_Devayya.mp3.mp3,131,10
7e40cd3386377f5028d078127bcb05c9,telugu,real,real,044_Devayya.mp3.mp3,132,10
c5e2e349d68180ae0048855c7bfadbb9,telugu,real,real,044_Devayya.mp3.mp3,133,10
0190452d3ee7d03f3c7f5f6cf7a90fff,telugu,real,real,044_Devayya.mp3.mp3,134,10
72a8802193be5d5d0519a04279a64245,telugu,real,real,044_Devayya.mp3.mp3,135,10
8271150f02efe3f268c87b236707fef8,telugu,real,real,044_Devayya.mp3.mp3,136,10
7420240836a85ffad68c0d3393f48320,telugu,real,real,044_Devayya.mp3.mp3,137,10
1c727d1ea890a3588e4d8bc0e4009cf1,telugu,real,real,044_Devayya.mp3.mp3,138,10
6a002ffaddb5378706009991c5807a8d,telugu,real,real,044_Devayya.mp3.mp3,139,10
6569908d935af23904782de94ec9a87c,telugu,real,real,044_Devayya.mp3.mp3,140,10
a1cdb79ace2296217cdfeadebaca3aaa,telugu,real,real,044_Devayya.mp3.mp3,141,10
8ef2f826dccc68aeb28a00057ea85341,telugu,real,real,044_Devayya.mp3.mp3,142,10
6b0f721b90a13a6265c913b90c846806,telugu,real,real,044_Devayya.mp3.mp3,143,10
d642fe3f311a3f85a07e1012117e2d64,telugu,real,real,044_Devayya.mp3.mp3,144,10
c6135a22cadc5add08aba13ab09af903,telugu,real,real,044_Devayya.mp3.mp3,145,10
0bf18854518098f69210e0cd52ead3df,telugu,real,real,044_Devayya.mp3.mp3,146,10
9f4f165efbe2dba35febe90f26ea166e,telugu,real,real,044_Devayya.mp3.mp3,147,10
c362754f8b995a072b170fabb2a312c6,telugu,real,real,044_Devayya.mp3.mp3,148,10
debac191842cf5b4f2f73e48cca3c6d2,telugu,real,real,044_Devayya.mp3.mp3,149,10
a31a02cf6bb34fa272ed82da03bf4768,telugu,real,real,044_Devayya.mp3.mp3,150,10
3e6445ec40047cb3ee2b3f60e181e337,telugu,real,real,044_Devayya.mp3.mp3,151,10
615c2d455eedddfee53745d630467704,telugu,real,real,044_Devayya.mp3.mp3,152,10
eb563bf9c2de2992df40cd6c2eb10b6e,telugu,real,real,044_Devayya.mp3.mp3,153,10
78ddcc5f837cfbfdbbb208603949c99a,telugu,real,real,044_Devayya.mp3.mp3,154,10
e3681dbca0f1235b685e9623d15737aa,telugu,real,real,044_Devayya.mp3.mp3,155,10
35203e7b82c145cf5e32c0a9c209241e,telugu,real,real,044_Devayya.mp3.mp3,156,10
06d7c8ba29443c17182470062cae6ca7,telugu,real,real,044_Devayya.mp3.mp3,157,10
5dfc82230e95e3b72590dfff07229202,telugu,real,real,044_Devayya.mp3.mp3,158,10
237be0662b54763559b68831a9c32250,telugu,real,real,044_Devayya.mp3.mp3,159,10
455d4f9c3ca9017bf3e339dd81a75479,telugu,real,real,044_Devayya.mp3.mp3,160,10
a9c68670f57dd5c26e5496f5f17ece6a,telugu,real,real,044_Devayya.mp3.mp3,161,10
a4a7ce3ced6adc094704181091d2f0fd,telugu,real,real,044_Devayya.mp3.mp3,162,10
6123879e4d11426d41af1114cc3a64a5,telugu,real,real,044_Devayya.mp3.mp3,163,10
d887dfd416b310093cbd6f06dc6763c8,telugu,real,real,044_Devayya.mp3.mp3,164,10
d8293c85f76c49f12e008a3c68ba9360,telugu,real,real,044_Devayya.mp3.mp3,165,10
23d78fe2e29eebb4e8b1c58c0c6c3715,telugu,real,real,044_Devayya.mp3.mp3,166,10
23daaf19aed8446161e760feab41fc31,telugu,real,real,044_Devayya.mp3.mp3,167,10
6034de1c3eb40ef261f4662c0888b5c2,telugu,real,real,044_Devayya.mp3.mp3,168,10
346d0178f6586e5ca3051bb8ff8cb7c2,telugu,real,real,044_Devayya.mp3.mp3,169,10
b961b32caed5dd8e5232141a6cee0cec,telugu,real,real,044_Devayya.mp3.mp3,170,10
f24ee8aaedcf51834ef3eeb7d7b70584,telugu,real,real,044_Devayya.mp3.mp3,171,10
195cd0c523f7c9012e5ea5126617373a,telugu,real,real,044_Devayya.mp3.mp3,172,10
e3cac4035f55007f6752585171ecb207,telugu,real,real,044_Devayya.mp3.mp3,173,10
5927e3f6f5dad396719bbd56f60511e1,telugu,real,real,044_Devayya.mp3.mp3,174,10
e9345e5dbb373070031b69683ab09570,telugu,real,real,044_Devayya.mp3.mp3,175,10
6af232ee1f88644643247248bb36ccc6,telugu,real,real,044_Devayya.mp3.mp3,176,10
aa23e88f056a721beb53231b0b89876d,telugu,real,real,044_Devayya.mp3.mp3,177,10
a1b9ea3b833814181665c2554fae8ff1,telugu,real,real,044_Devayya.mp3.mp3,178,10
3f0669a74097370e7e40668529e8d054,telugu,real,real,044_Devayya.mp3.mp3,179,10
9df4b4984f518c4d1e87aafe67a0ac27,telugu,real,real,044_Devayya.mp3.mp3,180,10
2cf56de2fadd5ea21ee67aefe87c53ff,telugu,real,real,044_Devayya.mp3.mp3,181,10
7d8e3bab6f29d6bf0c46de0bed4cce99,telugu,real,real,044_Devayya.mp3.mp3,182,10
2442097fa8ce6aba4b7c56fa11c641bd,telugu,real,real,044_Devayya.mp3.mp3,183,10
18b7ac497cc6c7448e5705dde561ea08,telugu,real,real,044_Devayya.mp3.mp3,184,10
2f073907d3312e7ee1c32fbaed1263a1,telugu,real,real,044_Devayya.mp3.mp3,185,10
f2720a34d02d6394f5a990b6c70734ec,telugu,real,real,044_Devayya.mp3.mp3,186,10
210087373dde323822d80907565b026d,telugu,real,real,044_Devayya.mp3.mp3,187,10
70a5b94a09fd36c67aaa03058f2d873e,telugu,real,real,044_Devayya.mp3.mp3,188,10
4ecf1c595a593a68ca3f301831ab26d7,telugu,real,real,044_Devayya.mp3.mp3,189,10
d59d3be46160539b764abdf29dcf87b7,telugu,real,real,044_Devayya.mp3.mp3,190,10
0981fa53f3b8acd861186ec9655092aa,telugu,real,real,044_Devayya.mp3.mp3,191,10
5d205bc45cd15245aef6f21d98eb3f9f,telugu,real,real,044_Devayya.mp3.mp3,192,10
e654a4dfb32968c23e58a49e6fd39aee,telugu,real,real,044_Devayya.mp3.mp3,193,10
2a7eecc1ca0d43fedf0db13a7e5e86cf,telugu,real,real,044_Devayya.mp3.mp3,194,10
dc8d1f019215784400448f45e181e969,telugu,real,real,044_Devayya.mp3.mp3,195,10
748584b2cc57c0f2ecec6cc035df57d4,telugu,real,real,044_Devayya.mp3.mp3,196,10
b0ba08201225007752e2053d34bbb799,telugu,real,real,044_Devayya.mp3.mp3,197,10
6d170e2b30aadcc86c20c8d6cf79f42f,telugu,real,real,044_Devayya.mp3.mp3,198,10
1869daf00e00bd41e661c90219e40c43,telugu,real,real,044_Devayya.mp3.mp3,199,10
8335abbebbc6331930f1659ff1f3b4fb,telugu,real,real,044_Devayya.mp3.mp3,200,10
760826df90731fcfd00437193481dcc5,telugu,real,real,044_Devayya.mp3.mp3,201,10
e9163de122259fab3a1576b9f3e8d38f,telugu,real,real,044_Devayya.mp3.mp3,202,10
0c4e682e66e7c79158b1e4051c55325a,telugu,real,real,044_Devayya.mp3.mp3,203,10
dbdb398c2f79bbf6f439efe773a64e6d,telugu,real,real,044_Devayya.mp3.mp3,204,10
d5222f452394bad0756d5d5711b1b958,telugu,real,real,044_Devayya.mp3.mp3,205,10
904b8ff1e9b410c40cf3517c8926f5b9,telugu,real,real,044_Devayya.mp3.mp3,206,10
fb40c75d85272da175219b5a2bdcbbc2,telugu,real,real,044_Devayya.mp3.mp3,207,10
6df8a0040052079a2489760f8c8eb4e5,telugu,real,real,044_Devayya.mp3.mp3,208,10
51a58a72fc884fe8af6949b044513892,telugu,real,real,044_Devayya.mp3.mp3,209,10
734de3c574f7e550e7756cd5487e2876,telugu,real,real,044_Devayya.mp3.mp3,210,10
e851e346721a367f0d0402ab2c0adbf9,telugu,real,real,044_Devayya.mp3.mp3,211,10
90ac2c655d44da3be8dbce03c6a35ef4,telugu,real,real,044_Devayya.mp3.mp3,212,10
74c3fa97d8aef61e1faa8b1f665b10a2,telugu,real,real,044_Devayya.mp3.mp3,213,10
32a2ec194775652bc18b7402df193e03,telugu,real,real,044_Devayya.mp3.mp3,214,10
99e86ff97cda7e6bbadfa377ff0c7406,telugu,real,real,044_Devayya.mp3.mp3,215,10
4187f2c8f26e0fe23293ad7b40870252,telugu,real,real,044_Devayya.mp3.mp3,216,10
f5eea1048d7f4526ed23df95b4d02eac,telugu,real,real,044_Devayya.mp3.mp3,217,10
edfc522567326222d723f472a3b0c8d6,telugu,real,real,044_Devayya.mp3.mp3,218,10
b61c95979e929c1e694a2610c34cb851,telugu,real,real,044_Devayya.mp3.mp3,219,10
d1ca7090473eec755e2cbdafe092d5ef,telugu,real,real,044_Devayya.mp3.mp3,220,10
ecc47bf50e50dfc44de95c94a5b339ef,telugu,real,real,044_Devayya.mp3.mp3,221,10
829ce1e1394e97506a693f5a725b36b0,telugu,real,real,044_Devayya.mp3.mp3,222,10
936fa7f203bd100603779cc2e838a2e6,telugu,real,real,044_Devayya.mp3.mp3,223,10
dc9562192a9e23b2686f4673a8cea5ed,telugu,real,real,044_Devayya.mp3.mp3,224,10
ff25c7684cedd0adfbfe89a1c6d793b4,telugu,real,real,044_Devayya.mp3.mp3,225,10
a4505a4b7633c814d42a7e063510d4d2,telugu,real,real,044_Devayya.mp3.mp3,226,10
b88f418e87b63b312337a773baa30b4f,telugu,real,real,044_Devayya.mp3.mp3,227,10
2c96812534f024e055f1cc493815659d,telugu,real,real,044_Devayya.mp3.mp3,228,10
98ce96a51e046ad2f142a999562acfd6,telugu,real,real,044_Devayya.mp3.mp3,229,10
e2ad212753ffca78f56ae4de4030b960,telugu,real,real,044_Devayya.mp3.mp3,230,10
63090ab612c8847c4d835072cdc879c5,telugu,real,real,044_Devayya.mp3.mp3,231,10
33ecbeaf4ad8f565c47d2c5754756387,telugu,real,real,044_Devayya.mp3.mp3,232,10
e874bb22f04d83cb8544fd772587e44c,telugu,real,real,044_Devayya.mp3.mp3,233,10
e707f91accdf2e76b34de7f536d7c2c7,telugu,real,real,044_Devayya.mp3.mp3,234,10
28882f01f1166bc2194c597d096988b9,telugu,real,real,044_Devayya.mp3.mp3,235,10
973af0d3e9c52a554fc233f9a801d522,telugu,real,real,044_Devayya.mp3.mp3,236,10
6e0fa9e1cc3ec226d8c5e5dfe0e49ac3,telugu,real,real,044_Devayya.mp3.mp3,237,10
25029644f91a48963e9c7ed9215ba38e,telugu,real,real,044_Devayya.mp3.mp3,238,10
f21ab9f58aa4b3b4f2b37f068c23bfd5,telugu,real,real,044_Devayya.mp3.mp3,239,10
193818c53d2f93a54dd37bfb9abcad36,telugu,real,real,044_Devayya.mp3.mp3,240,10
2e77bc42eefe0ecfbce6eae8948c25ae,telugu,real,real,044_Devayya.mp3.mp3,241,10
6b3435b65dd1f5fbc8d286c06d94ccd9,telugu,real,real,044_Devayya.mp3.mp3,242,10
03293acc429ae00d92d1fe660df956c1,telugu,real,real,044_Devayya.mp3.mp3,243,10
7361be32653cbf9a05b77db5af48ea09,telugu,real,real,044_Devayya.mp3.mp3,244,10
56f197ac941757010c2390f51df788b9,telugu,real,real,044_Devayya.mp3.mp3,245,10
38d2d1de75ad250f0971386c510a8344,telugu,real,real,044_Devayya.mp3.mp3,246,10
33c5a671b0bb4b800d7c9621d3915ecf,telugu,real,real,044_Devayya.mp3.mp3,247,10
62e461a4f733c96fb1a48f7401bbf2dc,telugu,real,real,044_Devayya.mp3.mp3,248,10
a81a3563e0b2a6359a7d8b4922d67337,telugu,real,real,044_Devayya.mp3.mp3,249,10
d072e07d59d803770575dcb0e580cf46,telugu,real,real,044_Devayya.mp3.mp3,250,10
ec1e158d66efcd86b8f5ad7ef1dff70a,telugu,real,real,044_Devayya.mp3.mp3,251,10
758d87130bbc84b6ee4833b0b2020b26,telugu,real,real,044_Devayya.mp3.mp3,252,10
9f99c995c5754c3a69dda3e1bff75284,telugu,real,real,044_Devayya.mp3.mp3,253,10
6caf16ec3ecc2097697488344a0a9bf7,telugu,real,real,044_Devayya.mp3.mp3,254,10
910af0767e39b99998bf4d3785645edc,telugu,real,real,044_Devayya.mp3.mp3,255,10
cdb47bb2ddad54bbea8f362c2853eb34,telugu,real,real,044_Devayya.mp3.mp3,256,10
db7d2538ce47f76c125c6d593d4d5d11,telugu,real,real,044_Devayya.mp3.mp3,257,10
716f4c056ae89e5fa386c788aad3c7d2,telugu,real,real,044_Devayya.mp3.mp3,258,10
cef24399a7443d7b6c98fc9ebec60941,telugu,real,real,044_Devayya.mp3.mp3,259,10
59224fb58d8089d625544bfb950ec342,telugu,real,real,044_Devayya.mp3.mp3,260,10
4a5951d0f9ce6347a728548800374ef7,telugu,real,real,044_Devayya.mp3.mp3,261,10
bc592e623b8255bcc8a988d57032f157,telugu,real,real,044_Devayya.mp3.mp3,262,10
a31ffdf94a980a13010daabfc3449a86,telugu,real,real,044_Devayya.mp3.mp3,263,10
d09c1ba2dde16290ca1dec6f04253988,telugu,real,real,044_Devayya.mp3.mp3,264,10
59c189ee6343ce9cd733f8e115bd0bd7,telugu,real,real,044_Devayya.mp3.mp3,265,10
9bd54e3c5b4e3f91be78e8d47c7f22d6,telugu,real,real,044_Devayya.mp3.mp3,266,10
b7b3d1204e731415e4c768fe1697ac8f,telugu,real,real,044_Devayya.mp3.mp3,267,10
a7b0927bc02fd7b49b4cdb8c559f69fd,telugu,real,real,044_Devayya.mp3.mp3,268,10
b79b1136de2d52bb88a7a247800c7ddb,telugu,real,real,044_Devayya.mp3.mp3,269,10
041e8299ee8125a6f54b9beeb5e3fdae,telugu,real,real,044_Devayya.mp3.mp3,270,10
35659d47a66e409218d50bd19d33686a,telugu,real,real,044_Devayya.mp3.mp3,271,10
88fc544e2b79d894f33495e8d539db81,telugu,real,real,044_Devayya.mp3.mp3,272,10
5ba95ec0c9a269d1dcdece4ebb518665,telugu,real,real,044_Devayya.mp3.mp3,273,10
9a1edc38b30c9a93ae13f67a092b7878,telugu,real,real,044_Devayya.mp3.mp3,274,10
778ec2bf9f5775b905087a4584c00fe8,telugu,real,real,044_Devayya.mp3.mp3,275,10
4438725eb909457dfcbb25a6d5677fdf,telugu,real,real,044_Devayya.mp3.mp3,276,10
c1a6b7942eda1093cd46050ed3a3d6b3,telugu,real,real,044_Devayya.mp3.mp3,277,10
15489ef438cae6ac557b47b9bec251da,telugu,real,real,044_Devayya.mp3.mp3,278,10
32f777aad56a7785c32e9fb8e666bc69,telugu,real,real,044_Devayya.mp3.mp3,279,10
4d39bbb51afcfb513ce04a61f8e4402c,telugu,real,real,044_Devayya.mp3.mp3,280,10
651aa1c73d472a6412380109d878cc2c,telugu,real,real,044_Devayya.mp3.mp3,281,10
d36194b0681a8a8c0ccc96e8deddf903,telugu,real,real,044_Devayya.mp3.mp3,282,10
23378d9f9cb0f29433d38ddab24adeae,telugu,real,real,044_Devayya.mp3.mp3,283,10
a106376804e18e8649e0d3a36b8b6826,telugu,real,real,044_Devayya.mp3.mp3,284,10
932a0e26050d30ad6034da8a1eb88bf2,telugu,real,real,044_Devayya.mp3.mp3,285,10
3e41ea6756b3f88ecab9fe0e7b89750e,telugu,real,real,044_Devayya.mp3.mp3,286,10
0d603d51c5091a573f92e43538c4b20a,telugu,real,real,044_Devayya.mp3.mp3,287,10
672aae516ebf7568f550bc65e278d930,telugu,real,real,044_Devayya.mp3.mp3,288,10
f11b643008f651f8100679ebe1e1ded2,telugu,real,real,044_Devayya.mp3.mp3,289,10
523db98fdd960780d74f6e9ed2750a41,telugu,real,real,044_Devayya.mp3.mp3,290,10
b6d87dce3df128b700083b1e71bd0e77,telugu,real,real,044_Devayya.mp3.mp3,291,10
5ed5af998ffe73de4f691a035ee59c86,telugu,real,real,044_Devayya.mp3.mp3,292,10
5e624851a7aa18234007309c78f5ebd5,telugu,real,real,044_Devayya.mp3.mp3,293,10
846415d40e8c144ad71cc063d0465251,telugu,real,real,044_Devayya.mp3.mp3,294,10
d636cba5780fe649d5b4ec5773131dbb,telugu,real,real,044_Devayya.mp3.mp3,295,10
799ca7bd2aff42581c8f2390cd6c1f4a,telugu,real,real,044_Devayya.mp3.mp3,296,10
52c5813c98d8e15f3038244b8085c3f3,telugu,real,real,044_Devayya.mp3.mp3,297,10
0e98eb527dfcefb70f4e4b995ba5f1f9,telugu,real,real,044_Devayya.mp3.mp3,298,10
90755198029e1cdbdf531e87586ad92b,telugu,real,real,044_Devayya.mp3.mp3,299,10
7f2f688ff2b2e94b1afa91d24f487ef2,telugu,real,real,044_Devayya.mp3.mp3,300,10
76bc743b56abd594ebfedd16ed28480b,telugu,real,real,044_Devayya.mp3.mp3,301,10
87503615b41dd76a86451f8a44af85c9,telugu,real,real,044_Devayya.mp3.mp3,302,10
e4dbaa6d98dbdde0879b70cc017de1c1,telugu,real,real,044_Devayya.mp3.mp3,303,10
8831859803b6e9d4724967fa14efa877,telugu,real,real,044_Devayya.mp3.mp3,304,10
0079b43e8ec2cb7c17e51e94c18fb7fc,telugu,real,real,044_Devayya.mp3.mp3,305,10
56620ad06603debbae0d7bcfe22b6f81,telugu,real,real,044_Devayya.mp3.mp3,306,10
565fbb8788558e3f79f10378955e897b,telugu,real,real,044_Devayya.mp3.mp3,307,10
d4f578e73a561542595235301e9327cd,telugu,real,real,044_Devayya.mp3.mp3,308,10
c76ac6d790d9c1cdc25811f4d5b8a2fc,telugu,real,real,044_Devayya.mp3.mp3,309,10
91036b41f963cec9a654984dec87fdce,telugu,real,real,044_Devayya.mp3.mp3,310,10
aeaaceeada60d1821ff582428905b253,telugu,real,real,044_Devayya.mp3.mp3,311,10
9338957c0b90991853aa7ff373f2fc9a,telugu,real,real,044_Devayya.mp3.mp3,312,10
ac2fa5b70c31f1148feaa27facfc58cd,telugu,real,real,044_Devayya.mp3.mp3,313,10
84bab0cd8c2d8673f4c1a673124babc2,telugu,real,real,044_Devayya.mp3.mp3,314,10
2c526e151c2dafe9cf9f0c92411470a5,telugu,real,real,044_Devayya.mp3.mp3,315,10
ad0c6aa0f06768d46f8d4d2829259678,telugu,real,real,044_Devayya.mp3.mp3,316,10
7224aacfe16a5e5fc24400a76b9fa6e2,telugu,real,real,044_Devayya.mp3.mp3,317,10
184dbb2dd7a27012b94ea00ecdfdc6f5,telugu,real,real,044_Devayya.mp3.mp3,318,10
b70ecbcf03953ff8b36c2a40c6dddead,telugu,real,real,044_Devayya.mp3.mp3,319,10
9ffd905576693503326da038aae8a14d,telugu,real,real,044_Devayya.mp3.mp3,320,10
bf6f90ece8c40fed329e9540912bfc7e,telugu,real,real,044_Devayya.mp3.mp3,321,10
06417622b74f676132af33bd31cc7685,telugu,real,real,044_Devayya.mp3.mp3,322,10
d2c5267f827b0c2366d6da0bc717d65a,telugu,real,real,044_Devayya.mp3.mp3,323,10
15809785ec52f7fabc33f5e4560ee818,telugu,real,real,044_Devayya.mp3.mp3,324,10
a40ba9e2f40611f84c61e3bbdadcb47d,telugu,real,real,044_Devayya.mp3.mp3,325,10
0700009af6ba7e2e75d3480abdb5a95d,telugu,real,real,044_Devayya.mp3.mp3,326,10
66d0cf101219008fb44b0c14f92b54a8,telugu,real,real,044_Devayya.mp3.mp3,327,10
a3365bf54d934428122e4add08cbdd96,telugu,real,real,044_Devayya.mp3.mp3,328,10
6817d2cb1ad6be18221d1fe96c2d72c2,telugu,real,real,044_Devayya.mp3.mp3,329,10
687f15d4fa9b35733b8be49ecfe61d66,telugu,real,real,044_Devayya.mp3.mp3,330,10
69c12566db51cf2693605bd79e432548,telugu,real,real,044_Devayya.mp3.mp3,331,10
f1ea6be600f9db2a93d67cf59d834c1d,telugu,real,real,044_Devayya.mp3.mp3,332,10
07fc6e314a98525f5992c3a9b5425c04,telugu,real,real,044_Devayya.mp3.mp3,333,10
9a33cde0782aa3dfea77a922e0b2f8a9,telugu,real,real,044_Devayya.mp3.mp3,334,10
c8d59aace29b90cb69714686c9b92cbf,telugu,real,real,044_Devayya.mp3.mp3,335,10
02268f6f5d90ebca182833370620b4f5,telugu,real,real,044_Devayya.mp3.mp3,336,10
2bbd23eee40c1ede0f02eebf70645db8,telugu,real,real,044_Devayya.mp3.mp3,337,10
b3c7910a9240e74bc2dec250b5935a36,telugu,real,real,044_Devayya.mp3.mp3,338,10
90bf8fbef29d472164167cf2984fe289,telugu,real,real,044_Devayya.mp3.mp3,339,10
af6a92f550b604a623e9eeae0e740563,telugu,real,real,044_Devayya.mp3.mp3,340,10
c83e7106c46ccfb82b6a0d8177da9076,telugu,real,real,044_Devayya.mp3.mp3,341,10
059e2e85008c2b2d6844b23e3656f9a1,telugu,real,real,044_Devayya.mp3.mp3,342,10
0417ebf96722c0b3e8303a1c31aa91a9,telugu,real,real,044_Devayya.mp3.mp3,343,10
e64558cd0e9ed101f43410e1a95af399,telugu,real,real,044_Devayya.mp3.mp3,344,10
2e205ceccc00393a59c6499cba76490a,telugu,real,real,044_Devayya.mp3.mp3,345,10
b2713bf333f3545986bb13fa9e316ab4,telugu,real,real,044_Devayya.mp3.mp3,346,10
02fd6946afe4951c6884bcb4893344d3,telugu,real,real,044_Devayya.mp3.mp3,347,10
54be7468a3d9d28af5d9ed792b3eae96,telugu,real,real,044_Devayya.mp3.mp3,348,10
ca730524d1c4e6d68471f1a2d3d6670a,telugu,real,real,044_Devayya.mp3.mp3,349,10
273674f4af0ddb87b8d364e9c146e8f8,telugu,real,real,044_Devayya.mp3.mp3,350,10
e0bc4af0cb72a489723a2ac89a913b28,telugu,real,real,044_Devayya.mp3.mp3,351,10
f8068bbeac13e0aa28be07eae2f201f3,telugu,real,real,044_Devayya.mp3.mp3,352,10
d04cc1c17afab740e8ad0a6528798c3b,telugu,real,real,044_Devayya.mp3.mp3,353,10
8e09290c0ce2425960d0da4530d7f371,telugu,real,real,044_Devayya.mp3.mp3,354,10
d509324dfd7b074ae84f2d07dc485b52,telugu,real,real,044_Devayya.mp3.mp3,355,10
6feee6bdbe656b1ba14816203ea64879,telugu,real,real,044_Devayya.mp3.mp3,356,10
fc85f456ae9bbc5cb3a5267f364aa9af,telugu,real,real,044_Devayya.mp3.mp3,357,10
1a9cc697fbde6bf8b9d74ceb215172b0,telugu,real,real,044_Devayya.mp3.mp3,358,10
181471f71433f452cd3fb80831d548dc,telugu,real,real,044_Devayya.mp3.mp3,359,10
7ec3906e7008d1d929e5df24d265cc17,telugu,real,real,044_Devayya.mp3.mp3,360,10
0aebb6c68d5a6bda0015c52df64f5ae5,telugu,real,real,044_Devayya.mp3.mp3,361,10
608ca505c5ea214fab5e4d3181f75360,telugu,real,real,044_Devayya.mp3.mp3,362,10
2ed0336947b0fda6402cad1ec4e10c34,telugu,real,real,044_Devayya.mp3.mp3,363,10
dc4fb068e1804a720439d0d8ffa7720a,telugu,real,real,044_Devayya.mp3.mp3,364,10
970c55b9bf2a7dfff5a34cfd884b73c6,telugu,real,real,044_Devayya.mp3.mp3,365,10
c9e13f1ba5ecee3ba74e54b6baa8ad47,telugu,real,real,044_Devayya.mp3.mp3,366,10
022d534196d2dbdde8073330d555e873,telugu,real,real,044_Devayya.mp3.mp3,367,10
0d6e077c53b81e5b24dd0564c3ebdc42,telugu,real,real,044_Devayya.mp3.mp3,368,10
c07eec70dacb06ce03b2c00e2dadeba5,telugu,real,real,044_Devayya.mp3.mp3,369,10
199161265b7c282d62afd0f0a593b68a,telugu,real,real,044_Devayya.mp3.mp3,370,10
8f172f7313ee873158d7c2fa82d31605,telugu,real,real,044_Devayya.mp3.mp3,371,10
9f128b0f3d4d714fc4e1c38039ebdc89,telugu,real,real,044_Devayya.mp3.mp3,372,10
9e6587d884288659b184fbdead9540ca,telugu,real,real,044_Devayya.mp3.mp3,373,10
68dce634185e95c6a499af11d120fb35,telugu,real,real,044_Devayya.mp3.mp3,374,10
e1611f72f9ffb74680d1f7554daa28a4,telugu,real,real,044_Devayya.mp3.mp3,375,10
a6a57a019b1600210b34745c836bad29,telugu,real,real,044_Devayya.mp3.mp3,376,10
666258242f46cec9f0d47381e584b501,telugu,real,real,044_Devayya.mp3.mp3,377,10
31d68d1fb98ddf6fd4669dd131e8741f,telugu,real,real,044_Devayya.mp3.mp3,378,10
2b6505f33381cfd204e3e6429a6daa5b,telugu,real,real,044_Devayya.mp3.mp3,379,10
f1fec1927856e64b4886a199fcac3035,telugu,real,real,044_Devayya.mp3.mp3,380,10
d49651602fd6868b9e77bd1fb62daa71,telugu,real,real,044_Devayya.mp3.mp3,381,10
3d1cf1f0efaaaf217e31a17e55891cd0,telugu,real,real,044_Devayya.mp3.mp3,382,10
9c9c0867bbfdba1e531f8b07f9c5430a,telugu,real,real,044_Devayya.mp3.mp3,383,10
ac4285014f3db64eca6a4f63a7d0fa12,telugu,real,real,044_Devayya.mp3.mp3,384,10
6c886ccb10e40d2cd1dfe18c5087f15f,telugu,real,real,044_Devayya.mp3.mp3,385,10
00bc26ab3b201aab10b35310bfb3e00d,telugu,real,real,044_Devayya.mp3.mp3,386,10
c6afbbcf109e5552a6d04fffbd78b25f,telugu,real,real,044_Devayya.mp3.mp3,387,10
8c0babb5cdae3647551a828e83a8fe53,telugu,real,real,044_Devayya.mp3.mp3,388,10
667d652138d90d7c171ba4a778e9ad4f,telugu,real,real,044_Devayya.mp3.mp3,389,10
7e102229cee4624d7359de774255849b,telugu,real,real,044_Devayya.mp3.mp3,390,10
08155574a1b1f1dbd45f9e4f476dee93,telugu,real,real,044_Devayya.mp3.mp3,391,10
d79e85563c4ed3b8e15bb571fd0403d0,telugu,real,real,044_Devayya.mp3.mp3,392,10
255683800cbe0c4b4650290a67edc0f5,telugu,real,real,044_Devayya.mp3.mp3,393,10
7b16f6de6578ca729817ed40c278c803,telugu,real,real,044_Devayya.mp3.mp3,394,10
2eae63266850670235e9c1632c70f936,telugu,real,real,044_Devayya.mp3.mp3,395,10
f0baffedb35ffe270d2e6a7fbb538763,telugu,real,real,044_Devayya.mp3.mp3,396,10
d3d351fe53ddf67e27699e8c6c768f15,telugu,real,real,044_Devayya.mp3.mp3,397,10
2fceda6095e6823ebde7db97b3017dbb,telugu,real,real,044_Devayya.mp3.mp3,398,10
d06166b561e9682ddb31d73115c57c2d,telugu,real,real,044_Devayya.mp3.mp3,399,10
2220adf9c6c9c4ff322b971ca72a80c7,telugu,real,real,044_Devayya.mp3.mp3,400,10
7ef408460d047c540dde8c2a25aa4008,telugu,real,real,044_Devayya.mp3.mp3,401,10
52462065b87bdb45f9dbb0190d3f7580,telugu,real,real,044_Devayya.mp3.mp3,402,10
40f0541d550b79ce97ced64aa2a4da20,telugu,real,real,044_Devayya.mp3.mp3,403,10
b35e83be0d14a71f58bc867c51a0c3d1,telugu,real,real,044_Devayya.mp3.mp3,404,10
0b49a795f668ac89ea14529e64e9a087,telugu,real,real,044_Devayya.mp3.mp3,405,10
68da183cef5b17a044a0ee0969b15e35,telugu,real,real,044_Devayya.mp3.mp3,406,10
3b0748855a85bf9c36aa9aff4b8d9729,telugu,real,real,044_Devayya.mp3.mp3,407,10
4a19ab9afd4cb3c189078a5e2de5b54e,telugu,real,real,044_Devayya.mp3.mp3,408,10
5a9a3cb4ad1bba6d326c269201efaf39,telugu,real,real,044_Devayya.mp3.mp3,409,10
33ff88cae7b7ccb5e586bddd2b5dab45,telugu,real,real,044_Devayya.mp3.mp3,410,10
bfc425f5366e2febae875bcee6b3c8d3,telugu,real,real,044_Devayya.mp3.mp3,411,10
c217944f096c0827e22301ab54711a6e,telugu,real,real,044_Devayya.mp3.mp3,412,10
296a57f2556eefc378cde19907a3d3de,telugu,real,real,044_Devayya.mp3.mp3,413,10
32ed0359e7bb07e6615c5114d88cfbbe,telugu,real,real,044_Devayya.mp3.mp3,414,10
1ba4f227eaa312f51dea5df4490d91cf,telugu,real,real,044_Devayya.mp3.mp3,415,10
44f25fe67da8a775d533550bf3fe8cb4,telugu,real,real,044_Devayya.mp3.mp3,416,10
a5cbcd571076a0160d56822c10f426e3,telugu,real,real,044_Devayya.mp3.mp3,417,10
364d9670595ae6b4495a43114382f9c8,telugu,real,real,044_Devayya.mp3.mp3,418,10
47d6533d5720f3494033d588d742a47e,telugu,real,real,044_Devayya.mp3.mp3,419,10
81c5e9db5596d05d457f687a9e541872,telugu,real,real,044_Devayya.mp3.mp3,420,10
9dd5d0061287e5d832865751150c7dde,telugu,real,real,044_Devayya.mp3.mp3,421,10
95670b96e9df5554820881d9263101a5,telugu,real,real,044_Devayya.mp3.mp3,422,10
ce833e392e6bbb402e299868cf0ea0e3,telugu,real,real,044_Devayya.mp3.mp3,423,10
e0d784feb5e953adc808d79d72d3864d,telugu,real,real,044_Devayya.mp3.mp3,424,10
fa3a9a666576f4a7dbc6defe504d161b,telugu,real,real,044_Devayya.mp3.mp3,425,10
38ba9d77266e6bec096af65eb5f3def4,telugu,real,real,044_Devayya.mp3.mp3,426,10
06d6e394ce1d9aebc953c9793905b31c,telugu,real,real,044_Devayya.mp3.mp3,427,10
b4930d9fc2475d5ad1161e0fc4b8c0ee,telugu,real,real,044_Devayya.mp3.mp3,428,10
12c2b47ae279c2a9ead8e6af68db09d2,telugu,real,real,044_Devayya.mp3.mp3,429,10
ca12721d91283b4c5c7253847f481473,telugu,real,real,044_Devayya.mp3.mp3,430,10
c9c3f172dd49162b8155336e966a1ecc,telugu,real,real,044_Devayya.mp3.mp3,431,10
203501cd53a61c3f985cea961a6c05c5,telugu,real,real,044_Devayya.mp3.mp3,432,10
f0bbfe12d08f37a05d80e1c4c2ba33da,telugu,real,real,044_Devayya.mp3.mp3,433,10
4dea34fe1201abedb44eda75258e2595,telugu,real,real,044_Devayya.mp3.mp3,434,10
4f370c90f54c6819b844b648c92e06ce,telugu,real,real,044_Devayya.mp3.mp3,435,10
c1b113be9dc72576e8f49ff7f649e761,telugu,real,real,044_Devayya.mp3.mp3,436,10
f45d5c79f42aea891d3b4f4983ba127e,telugu,real,real,044_Devayya.mp3.mp3,437,10
668dafbd5dca63a5d9b369d52602ff76,telugu,real,real,044_Devayya.mp3.mp3,438,10
155edd3b515a77c54d9af0d06d8804c8,telugu,real,real,044_Devayya.mp3.mp3,439,10
9a19a8ed782fe619d241394bf0755b15,telugu,real,real,044_Devayya.mp3.mp3,440,10
ce802970888a2bf913e06580e11af68c,telugu,real,real,044_Devayya.mp3.mp3,441,10
2e27ef6fc9efd11b61e5115bbaeb32c5,telugu,real,real,044_Devayya.mp3.mp3,442,10
920a40dd4c1c8643dd8c691ca04259e0,telugu,real,real,044_Devayya.mp3.mp3,443,10
1ccaa515ba3db23b3294447ac9eb96c0,telugu,real,real,044_Devayya.mp3.mp3,444,10
2d4a11ea47274e4b61ba96118b6e83f4,telugu,real,real,044_Devayya.mp3.mp3,445,10
465dde3d0d40fbe72f987dd88e6bc96a,telugu,real,real,044_Devayya.mp3.mp3,446,10
772c834eeed195b58e19bc7e3dec6330,telugu,real,real,044_Devayya.mp3.mp3,447,10
3919c691a462c48cbeeecbb796af6037,telugu,real,real,044_Devayya.mp3.mp3,448,10
f338daef3714061db88ba281e7cd819f,telugu,real,real,044_Devayya.mp3.mp3,449,10
ec69f7b3c65d624b0a783b3980c32000,telugu,real,real,044_Devayya.mp3.mp3,450,10
98e4c628848d90adc69a4f6f95d6fed5,telugu,real,real,044_Devayya.mp3.mp3,451,10
11841ddd148c9f0eb6c84af9b86686e8,telugu,real,real,044_Devayya.mp3.mp3,452,10
9b29617beca190d957ec032b35b6b364,telugu,real,real,044_Devayya.mp3.mp3,453,10
c87fdc223571672c4875801607fbfe2a,telugu,real,real,044_Devayya.mp3.mp3,454,10
a77fc76dbf637c147699f85238a49ab3,telugu,real,real,044_Devayya.mp3.mp3,455,10
b423d6bab64752cbc04cfe715d526395,telugu,real,real,044_Devayya.mp3.mp3,456,10
9ab7a068f4e8b4c8ac8defee287ebfd9,telugu,real,real,044_Devayya.mp3.mp3,457,10
b85ed4bf997789b38d3268fa71e9efbd,telugu,real,real,044_Devayya.mp3.mp3,458,10
21e979a585708c00fa4cab74397f0e2c,telugu,real,real,044_Devayya.mp3.mp3,459,10
1ac5c4b55e9b58cc79a475d0ba4c5eb4,telugu,real,real,044_Devayya.mp3.mp3,460,10
dcf1d7cd61898a6141038e4286ae04ef,telugu,real,real,044_Devayya.mp3.mp3,461,10
5137fbf5186cf450beb990e28a62740b,telugu,real,real,044_Devayya.mp3.mp3,462,10
8d00685009202a3bbb98b16c8c213003,telugu,real,real,044_Devayya.mp3.mp3,463,10
292dbdaa290fecfdc757845866d835b3,telugu,real,real,044_Devayya.mp3.mp3,464,10
1cf6b1540a822898c09f6d94577f47e8,telugu,real,real,044_Devayya.mp3.mp3,465,10
822becbed1efba5fee8e43adf70d72b0,telugu,real,real,044_Devayya.mp3.mp3,466,10
ecb95c87149850e22d46e17a4d8dbb0c,telugu,real,real,044_Devayya.mp3.mp3,467,10
93edd1926a62646607dbb684b7ed4259,telugu,real,real,044_Devayya.mp3.mp3,468,10
cac48609e29959c5f2428e9f2939a8c3,telugu,real,real,044_Devayya.mp3.mp3,469,10
eebbd1aae76d54053cf61436a536be80,telugu,real,real,044_Devayya.mp3.mp3,470,10
3523c51142c55bd8324349689cd16697,telugu,real,real,044_Devayya.mp3.mp3,471,10
3d726c9e7589693afe26ea1bc8be1045,telugu,real,real,044_Devayya.mp3.mp3,472,10
f48c53829adc6425b1f370d4601db109,telugu,real,real,044_Devayya.mp3.mp3,473,10
a831eabd41e5afe22406289ca299a907,telugu,real,real,044_Devayya.mp3.mp3,474,10
1e9d2afb4fb756570c79d1beecfff67d,telugu,real,real,044_Devayya.mp3.mp3,475,10
4ed602b3f65ce8576ac6e0eb25711bcc,telugu,real,real,044_Devayya.mp3.mp3,476,10
8689d309d9b570c9a0df554c342bae32,telugu,real,real,044_Devayya.mp3.mp3,477,10
ac15bbd5d6d4c3959b3817cfa8a28b8e,telugu,real,real,044_Devayya.mp3.mp3,478,10
0cdc27c6b1d74a1da6edda60ac3a03a3,telugu,real,real,044_Devayya.mp3.mp3,479,10
13ca368ad1bcdb6f2f02c48cbac18e4c,telugu,real,real,044_Devayya.mp3.mp3,480,10
08613f6ccd824b16ed0582636ce460e0,telugu,real,real,044_Devayya.mp3.mp3,481,10
53c3cfdc7149435d950e941cac9beba9,telugu,real,real,044_Devayya.mp3.mp3,482,10
295bbc154cc792bbc24f653c100f118a,telugu,real,real,044_Devayya.mp3.mp3,483,10
b0ec9b555df4699404fb287e9f16202d,telugu,real,real,044_Devayya.mp3.mp3,484,10
e648751eb51e370efa2b8af70d9a4891,telugu,real,real,044_Devayya.mp3.mp3,485,10
5b663534c8aa907501179bbe559d6062,telugu,real,real,044_Devayya.mp3.mp3,486,10
ff85e4f3d2476dccc5977044fc2e0147,telugu,real,real,044_Devayya.mp3.mp3,487,10
dd5065746ce1d0fe739925c86c660ac3,telugu,real,real,044_Devayya.mp3.mp3,488,10
c8a600cffcce7459ab7b7584f89445ae,telugu,real,real,044_Devayya.mp3.mp3,489,10
07084ec8efe65555fe83b1bab3730af2,telugu,real,real,044_Devayya.mp3.mp3,490,10
498447283699a35f455fdfb42dbd0e81,telugu,real,real,044_Devayya.mp3.mp3,491,10
b5b608ad483019f365cd63beecf921e1,telugu,real,real,044_Devayya.mp3.mp3,492,10
a320d4bacc20e4a988e5ad7e6d69b792,telugu,real,real,044_Devayya.mp3.mp3,493,10
8c10735b8723a4d685ddff314f556635,telugu,real,real,044_Devayya.mp3.mp3,494,10
1bf739b9ae430aa7d0aee5172ba640c3,telugu,real,real,044_Devayya.mp3.mp3,495,10
2efe1bc56879cf3e93bc8d0cbb5aa532,telugu,real,real,044_Devayya.mp3.mp3,496,10
1cfbaea5bfa2b63438a4edd01f70a796,telugu,real,real,044_Devayya.mp3.mp3,497,10
f2176fd9dcf4ed9d046d0b2125da7d90,telugu,real,real,044_Devayya.mp3.mp3,498,10
134d8599d63d7cb7c0e74819026cc591,telugu,real,real,044_Devayya.mp3.mp3,499,10
b0a590ecc1f20c6e3bd105c6be668071,telugu,real,real,044_Devayya.mp3.mp3,500,10
b912e668345169e83a010521dcb1fab5,telugu,real,real,044_Devayya.mp3.mp3,501,10
9a04f0e567d05ee867042637dcc743f0,telugu,real,real,044_Devayya.mp3.mp3,502,10
7a89993bff8e4c842e0c3bd7049a73eb,telugu,real,real,044_Devayya.mp3.mp3,503,10
a9f25e7e36544f1bd9340e1426a93cc3,telugu,real,real,044_Devayya.mp3.mp3,504,10
2aac8f0c56466e1f1423fbfa94f2c5f7,telugu,real,real,044_Devayya.mp3.mp3,505,10
b9b53eba4abb2c1e6459deedda23e0be,telugu,real,real,044_Devayya.mp3.mp3,506,10
a31a983050e19cf6dc027cd04f60b6b1,telugu,real,real,044_Devayya.mp3.mp3,507,10
254aee4ead6c7c64453408e6846ca974,telugu,real,real,044_Devayya.mp3.mp3,508,10
c6f53dd279a0f55309a168516b8fd92c,telugu,real,real,044_Devayya.mp3.mp3,509,10
c8d10dfc08aec61377fc1a83e9555b8a,telugu,real,real,044_Devayya.mp3.mp3,510,10
ed757d20fee7b4c0cea7ce465083e283,telugu,real,real,044_Devayya.mp3.mp3,511,10
fc55a6315bfe41c2d0ececd5d573e105,telugu,real,real,044_Devayya.mp3.mp3,512,10
e229680ae073295f2bb0263417bfb7eb,telugu,real,real,044_Devayya.mp3.mp3,513,10
ac3a5e4523b51f715fd5dd5c32980f32,telugu,real,real,044_Devayya.mp3.mp3,514,10
a5f57c5fbb6125a598f07f380521cca9,telugu,real,real,044_Devayya.mp3.mp3,515,10
d96952e50424779f7e90ab9766419b7b,telugu,real,real,044_Devayya.mp3.mp3,516,10
36c26d03c5697be40994b5a2c0a4f6ba,telugu,real,real,044_Devayya.mp3.mp3,517,10
28cf1f74286f6b6381e6339de1a4baf0,telugu,real,real,044_Devayya.mp3.mp3,518,10
4836450c44d321c0877a7c9e1912b1a0,telugu,real,real,044_Devayya.mp3.mp3,519,10
054f2ba8cf923131d2a002b6a908d397,telugu,real,real,044_Devayya.mp3.mp3,520,10
5e4c5a6e1d29c90b00f0fefd18e688ad,telugu,real,real,044_Devayya.mp3.mp3,521,10
3efbd1910afcdfc030835ef7b62e6c07,telugu,real,real,044_Devayya.mp3.mp3,522,10
19d3e68bdcbaf9f553ba315cbe4df2f2,telugu,real,real,044_Devayya.mp3.mp3,523,10
80295d029b5a6d901a516a27c2382585,telugu,real,real,044_Devayya.mp3.mp3,524,10
95a09af6496dfce11daa80cdf5175e17,telugu,real,real,044_Devayya.mp3.mp3,525,10
cde8f65c0747ca70453688369da7493e,telugu,real,real,044_Devayya.mp3.mp3,526,10
e78713eee045f63973f24ef4ad3e56be,telugu,real,real,044_Devayya.mp3.mp3,527,10
431cb159e633118d1e6091dbfca3befb,telugu,real,real,044_Devayya.mp3.mp3,528,10
bb2e338fb281e8c50b314129a28e0742,telugu,real,real,044_Devayya.mp3.mp3,529,10
82534be872dde3932680bd60caefa9ea,telugu,real,real,044_Devayya.mp3.mp3,530,10
fc02593e54a546d2bbaf5c4ff3de5e60,telugu,real,real,044_Devayya.mp3.mp3,531,10
854764ff69506945c9047f2be82acfad,telugu,real,real,044_Devayya.mp3.mp3,532,10
b6eab5c3ed3f09d6ee177ec83a2d801e,telugu,real,real,044_Devayya.mp3.mp3,533,10
e7c8c77e05f55bb66a2be61839e51919,telugu,real,real,044_Devayya.mp3.mp3,534,10
e657d0ca5534e36c48ad5aac4a034f93,telugu,real,real,044_Devayya.mp3.mp3,535,10
847f26ccfa12610e5f1574cbcbda7da6,telugu,real,real,044_Devayya.mp3.mp3,536,10
fb9d1a82f9147735e1aa62b42e08092b,telugu,real,real,044_Devayya.mp3.mp3,537,10
5d346ccf78cfd4667d6182bd7603dc63,telugu,real,real,044_Devayya.mp3.mp3,538,10
74fc2a6141220e154d64e629f0496773,telugu,real,real,044_Devayya.mp3.mp3,539,10
73ae2c75488c0c9629d5a10135bc4e0c,telugu,real,real,044_Devayya.mp3.mp3,540,10
a049e1f41432d682d3410b463ea8fbbb,telugu,real,real,044_Devayya.mp3.mp3,541,10
1cc61cd35f68d90d9c295cd3bd4458b2,telugu,real,real,044_Devayya.mp3.mp3,542,10
86bbf98d1792172d58b2c79c6d5eebb9,telugu,real,real,044_Devayya.mp3.mp3,543,10
b42251077efbd7f7f5cdc5263c7cc5d8,telugu,real,real,044_Devayya.mp3.mp3,544,10
3314fd6041d245d622ef09ca4254be10,telugu,real,real,044_Devayya.mp3.mp3,545,10
84894982ee86c2602d983d7c84b8c909,telugu,real,real,044_Devayya.mp3.mp3,546,10
4aa7a7baa30fd037a8626671b2cbff50,telugu,real,real,044_Devayya.mp3.mp3,547,10
9c336d2cba2c785f15369d5def7626cc,telugu,real,real,044_Devayya.mp3.mp3,548,10
d1be2be430c4179cb4feb87dcdea086a,telugu,real,real,044_Devayya.mp3.mp3,549,10
6535626380ed6fd654acd1f2f1894ffb,telugu,real,real,044_Devayya.mp3.mp3,550,10
84cef3eec20f733456198cb66f106a55,telugu,real,real,044_Devayya.mp3.mp3,551,10
ff045059427a57233a731c735f19eca2,telugu,real,real,044_Devayya.mp3.mp3,552,10
c7df0b7cbbab645ba7807929bd78e5a5,telugu,real,real,044_Devayya.mp3.mp3,553,10
92c91286e70767d0d7e6dc910a49a79c,telugu,real,real,044_Devayya.mp3.mp3,554,10
0bd36c43a611e0524896f4f77e9ff14d,telugu,real,real,044_Devayya.mp3.mp3,555,10
be06960cdcd87575a35e0b729cf6cd92,telugu,real,real,044_Devayya.mp3.mp3,556,10
cf787afb15a5518884d5aeeb3ba65d91,telugu,real,real,044_Devayya.mp3.mp3,557,10
098f8fb4d16b77c0a634253342dff13f,telugu,real,real,044_Devayya.mp3.mp3,558,10
83097e0313b03cb9a691f2dea010c48a,telugu,real,real,044_Devayya.mp3.mp3,559,10
e35efa7779072f7459062ebbe63d6d46,telugu,real,real,044_Devayya.mp3.mp3,560,10
e2d28fcb858fab6d68f4f7d3bb0a6301,telugu,real,real,044_Devayya.mp3.mp3,561,10
b0b7bcde67ee03465cc02252a9887021,telugu,real,real,044_Devayya.mp3.mp3,562,10
45cc794335254edbf2b5752d8c491ee0,telugu,real,real,044_Devayya.mp3.mp3,563,10
3101c8f58c6b163e4985033385502828,telugu,real,real,044_Devayya.mp3.mp3,564,10
0c46ef9b81fbb25b2c69745e01b7d0a2,telugu,real,real,044_Devayya.mp3.mp3,565,10
cc4f15c0092828cc35736118402f064f,telugu,real,real,044_Devayya.mp3.mp3,566,10
4eb3f9c0a6f57f99d04a6184b1bf6b73,telugu,real,real,044_Devayya.mp3.mp3,567,10
fafc68b52fda7dd378cad61566e936fb,telugu,real,real,044_Devayya.mp3.mp3,568,10
5bf34cf49611e69512fc0cee890bdb34,telugu,real,real,044_Devayya.mp3.mp3,569,10
c6c1b060f2fef370a2c6079ef4698241,telugu,real,real,044_Devayya.mp3.mp3,570,10
1b560b4cd266444ebfae470f8c2ff02b,telugu,real,real,044_Devayya.mp3.mp3,571,10
f40e738dc23296d1b17b0fc378592738,telugu,real,real,044_Devayya.mp3.mp3,572,10
9708fcddff7409d23c08d3f7b2fa16e2,telugu,real,real,044_Devayya.mp3.mp3,573,10
5487bb27ed1a44369361aed7f20d7151,telugu,real,real,044_Devayya.mp3.mp3,574,10
fe585348ec2a04f7a5fa95320bad9fd1,telugu,real,real,044_Devayya.mp3.mp3,575,10
424dfdcb090b2802796928008e1f9a7d,telugu,real,real,044_Devayya.mp3.mp3,576,10
0540d8b120b274b6325457f1df769d4b,telugu,real,real,044_Devayya.mp3.mp3,577,10
39bb89a52429b5468db029f67ecbf68a,telugu,real,real,044_Devayya.mp3.mp3,578,10
d3db7c864ef71200c0b671686c9bf9cd,telugu,real,real,044_Devayya.mp3.mp3,579,10
ce851112b71d60e4d8de67f070c10b74,telugu,real,real,044_Devayya.mp3.mp3,580,10
937f3a5934449e5995173a72c1bffcb7,telugu,real,real,044_Devayya.mp3.mp3,581,10
3ea5dadec89528912bb4ca9074a1054a,telugu,real,real,044_Devayya.mp3.mp3,582,10
916fa9379c9ee000a2fee819d0a22353,telugu,real,real,044_Devayya.mp3.mp3,583,10
7161fa07e51eec53afd944b9eada35c8,telugu,real,real,044_Devayya.mp3.mp3,584,10
700f462960728d1a7cb39f76e11b4b4b,telugu,real,real,044_Devayya.mp3.mp3,585,10
98ad7c41ce2cd7a1eb1edfae7608cf78,telugu,real,real,044_Devayya.mp3.mp3,586,10
2e3a2bd2ca14c22c677046ed7fbcd254,telugu,real,real,044_Devayya.mp3.mp3,587,10
3ad19249b1e25f900ddb9e7d5f1c016b,telugu,real,real,044_Devayya.mp3.mp3,588,10
820509b171476ba3e4c96a70379da7e7,telugu,real,real,044_Devayya.mp3.mp3,589,10
5d5d3f6b4080df7286e07153c73cef4b,telugu,real,real,044_Devayya.mp3.mp3,590,10
7d19aaf9fdb4934eaec179748b70bd10,telugu,real,real,044_Devayya.mp3.mp3,591,10
f2c29e7d117d3c94eff6f66843d72dc0,telugu,real,real,044_Devayya.mp3.mp3,592,10
2c0d0afb9a7cfac6752904cb5400f20b,telugu,real,real,044_Devayya.mp3.mp3,593,10
39fb355d483a07cfe3c9e9f434c3300c,telugu,real,real,044_Devayya.mp3.mp3,594,10
fa2f9e6d2e41806418a48743609daa32,telugu,real,real,044_Devayya.mp3.mp3,595,10
75cfa477985af88c93b892c226663561,telugu,real,real,044_Devayya.mp3.mp3,596,10
acf3b5a7befc104e1559e595b75efb3f,telugu,real,real,044_Devayya.mp3.mp3,597,10
5e15d3532aa49d2efc3ee2ef1054eb0d,telugu,real,real,044_Devayya.mp3.mp3,598,10
95ede2f7215b8e2aff716882b229d8f4,telugu,real,real,044_Devayya.mp3.mp3,599,10
006006e5430b733b6efbf9850cdb4b51,telugu,real,real,044_Devayya.mp3.mp3,600,10
56b729d591a5191f56aaa52d7ba6daac,telugu,real,real,044_Devayya.mp3.mp3,601,10
85fe91b8260204805d71c02242dd38d6,telugu,real,real,044_Devayya.mp3.mp3,602,10
2360c32fdec43088c0d6a283c3db4bad,telugu,real,real,044_Devayya.mp3.mp3,603,10
9818135cdbc286cf9dcb8fad2daeede4,telugu,real,real,044_Devayya.mp3.mp3,604,10
a4d94b1ede2cfd5bcc15fc7067c95486,telugu,real,real,044_Devayya.mp3.mp3,605,10
3a71c583b1cdae9612dd1c74ba7a29c5,telugu,real,real,044_Devayya.mp3.mp3,606,10
80300c511042ef4f337d097fc2c0aa92,telugu,real,real,044_Devayya.mp3.mp3,607,10
87c413a06b64ee4dba224ed7a66c6bc4,telugu,real,real,044_Devayya.mp3.mp3,608,10
23d80212beee649ab7da1a0121c27b50,telugu,real,real,044_Devayya.mp3.mp3,609,10
b52a0e1842e69d0313403a276e67842d,telugu,real,real,044_Devayya.mp3.mp3,610,10
064654d39f9197cae98e463704c2e821,telugu,real,real,044_Devayya.mp3.mp3,611,10
2008bda87cad8ca75a7db9ed5cc6c65e,telugu,real,real,046_Ashwini Rathod.mp3.mp3,0,10
6305c499f9048533c5a6309719c0c1e2,telugu,real,real,046_Ashwini Rathod.mp3.mp3,1,10
af924b7a369a7afa869ab451698a0c3f,telugu,real,real,046_Ashwini Rathod.mp3.mp3,2,10
fb5843c38d33e0e362439b3cf76fd595,telugu,real,real,046_Ashwini Rathod.mp3.mp3,3,10
f3550522cb871d5339ed1f7c6528c5ce,telugu,real,real,046_Ashwini Rathod.mp3.mp3,4,10
ffd9e30e9b7c5ed7e3329bae80eeed78,telugu,real,real,046_Ashwini Rathod.mp3.mp3,5,10
aa37059adfa68ec59d422d5b5bf3063b,telugu,real,real,046_Ashwini Rathod.mp3.mp3,6,10
e7e540ac3760732e61944ab736ea0502,telugu,real,real,046_Ashwini Rathod.mp3.mp3,7,10
ed6eaa6f67fb656d20191ba2712a66b3,telugu,real,real,046_Ashwini Rathod.mp3.mp3,8,10
a91d5a9c903e2186da07f2b1560c6df8,telugu,real,real,046_Ashwini Rathod.mp3.mp3,9,10
9e75a6291a151a1a3259a3a5096603cd,telugu,real,real,046_Ashwini Rathod.mp3.mp3,10,10
2eb59fafb061941426d169e15d4b280c,telugu,real,real,046_Ashwini Rathod.mp3.mp3,11,10
16df6444a61cbfa47bd57e80139242f4,telugu,real,real,046_Ashwini Rathod.mp3.mp3,12,10
941922c8ff4dac9335cb8548a80a9f24,telugu,real,real,046_Ashwini Rathod.mp3.mp3,13,10
323ee86b28145a1ae894beb19102b646,telugu,real,real,046_Ashwini Rathod.mp3.mp3,14,10
50bab4193ff5df21652765c6b745cb1d,telugu,real,real,046_Ashwini Rathod.mp3.mp3,15,10
00cb4540d7b92f3ea1b6e1ecaa6d4efc,telugu,real,real,046_Ashwini Rathod.mp3.mp3,16,10
390496a48082f4ce648a152aebaa1e9c,telugu,real,real,046_Ashwini Rathod.mp3.mp3,17,10
d539b48c42fafa646dcb887103a92e8a,telugu,real,real,046_Ashwini Rathod.mp3.mp3,18,10
eec8ccb6dcc6d0d76c0574921235f715,telugu,real,real,046_Ashwini Rathod.mp3.mp3,19,10
710c8bccb31dfc2a0ae7a91a65a4d1f5,telugu,real,real,046_Ashwini Rathod.mp3.mp3,20,10
c2146f7f4c9a551c0326ba0d2d34f28c,telugu,real,real,046_Ashwini Rathod.mp3.mp3,21,10
3625c3f8e3a157365482bc5d36f31131,telugu,real,real,047_Ranu Bombai Ki Ranu.mp3.mp3,0,10
768c36e0cdf442328f90c44792689173,telugu,real,real,047_Ranu Bombai Ki Ranu.mp3.mp3,1,10
de70547792a15af5b9d51bd0c3d64037,telugu,real,real,047_Ranu Bombai Ki Ranu.mp3.mp3,2,10
4d41ced55fca8780625fd780eb21abef,telugu,real,real,047_Ranu Bombai Ki Ranu.mp3.mp3,3,10
880a5f15f4dfcde2775b0c2273dc2f27,telugu,real,real,047_Ranu Bombai Ki Ranu.mp3.mp3,4,10
80ead767e77acf30805cfb1fc392d51b,telugu,real,real,047_Ranu Bombai Ki Ranu.mp3.mp3,5,10
89ef5faeec7c98843d9e28590e5efc07,telugu,real,real,047_Ranu Bombai Ki Ranu.mp3.mp3,6,10
20819e4d657e4a8bbb055063eac29ae6,telugu,real,real,047_Ranu Bombai Ki Ranu.mp3.mp3,7,10
c30588664b482f6b89a411019e5be4f3,telugu,real,real,047_Ranu Bombai Ki Ranu.mp3.mp3,8,10
7db4e6d70bcf60746514e626953d482a,telugu,real,real,047_Ranu Bombai Ki Ranu.mp3.mp3,9,10
e28091d5d41151fffa0f75365688b6a5,telugu,real,real,047_Ranu Bombai Ki Ranu.mp3.mp3,10,10
7c8e05000bf215257522f916472b450b,telugu,real,real,047_Ranu Bombai Ki Ranu.mp3.mp3,11,10
0c57d3139cb1a4ac12743005e776ac90,telugu,real,real,047_Ranu Bombai Ki Ranu.mp3.mp3,12,10
a370195996632b1207f020e877a6d3ea,telugu,real,real,047_Ranu Bombai Ki Ranu.mp3.mp3,13,10
862428d0217d3646c874c14e084f2d9b,telugu,real,real,047_Ranu Bombai Ki Ranu.mp3.mp3,14,10
cc227c183c6e8db89de90a15fa75b16e,telugu,real,real,047_Ranu Bombai Ki Ranu.mp3.mp3,15,10
f2f1538a478e0c11309e46fd9e12cdde,telugu,real,real,047_Ranu Bombai Ki Ranu.mp3.mp3,16,10
7a109b0ee881f77377d5a4da0c9fef5b,telugu,real,real,047_Ranu Bombai Ki Ranu.mp3.mp3,17,10
899d9ab738b6bcc0134f7a131502b6fd,telugu,real,real,047_Ranu Bombai Ki Ranu.mp3.mp3,18,10
7f04572c2f022058da2d8d367e0bab24,telugu,real,real,047_Ranu Bombai Ki Ranu.mp3.mp3,19,10
29d62eff1355a4dc04c69820184a3de8,telugu,real,real,047_Ranu Bombai Ki Ranu.mp3.mp3,20,10
3471e75da7dcbc7f4f893bfa1bdc7183,telugu,real,real,047_Ranu Bombai Ki Ranu.mp3.mp3,21,10
ee37b9e21bd6cb47ab5b8246e59035ad,telugu,real,real,047_Ranu Bombai Ki Ranu.mp3.mp3,22,10
6594f8aa096f08236610838b6f215b30,telugu,real,real,047_Ranu Bombai Ki Ranu.mp3.mp3,23,10
043db946d5a8a23483e494d6ec494f13,telugu,real,real,047_Ranu Bombai Ki Ranu.mp3.mp3,24,10
78bee0f7e1251f692613b8438c805b41,telugu,real,real,047_Ranu Bombai Ki Ranu.mp3.mp3,25,10
153e7d8d47cf5ed65178e1260ec31f6b,telugu,real,real,047_Ranu Bombai Ki Ranu.mp3.mp3,26,10
1bffd6a102cff6d9358f0b91dccd3825,telugu,real,real,048_Sommasilli Pothunnave O Chinna Ramulamma.mp3.mp3,0,10
57326396fb05e143bb30ec2abf5bbe34,telugu,real,real,048_Sommasilli Pothunnave O Chinna Ramulamma.mp3.mp3,1,10
391a945a76eb9d2cc9d6c37fe908ae68,telugu,real,real,048_Sommasilli Pothunnave O Chinna Ramulamma.mp3.mp3,2,10
c411ee3a197da1a0b32b05036b047924,telugu,real,real,048_Sommasilli Pothunnave O Chinna Ramulamma.mp3.mp3,3,10
c27967f1dd5b5416421774302541a8e1,telugu,real,real,048_Sommasilli Pothunnave O Chinna Ramulamma.mp3.mp3,4,10
5594cc6761ecb22d0d155fec795af043,telugu,real,real,048_Sommasilli Pothunnave O Chinna Ramulamma.mp3.mp3,5,10
ee1bfda6fa23dc6441053cff4d15a749,telugu,real,real,048_Sommasilli Pothunnave O Chinna Ramulamma.mp3.mp3,6,10
caf3b5c01b94c3189cabb18b46da6a33,telugu,real,real,048_Sommasilli Pothunnave O Chinna Ramulamma.mp3.mp3,7,10
20f95a9bae4c484279a5b431dde0906f,telugu,real,real,048_Sommasilli Pothunnave O Chinna Ramulamma.mp3.mp3,8,10
95ab4dd28ce0e2588769779e7c7fc26e,telugu,real,real,048_Sommasilli Pothunnave O Chinna Ramulamma.mp3.mp3,9,10
d6ebf59f98cea8ab746d4a637ecc0130,telugu,real,real,048_Sommasilli Pothunnave O Chinna Ramulamma.mp3.mp3,10,10
2837feeaa9bc89107f85f9a33b12a8a4,telugu,real,real,048_Sommasilli Pothunnave O Chinna Ramulamma.mp3.mp3,11,10
2118ae86412b0ab486d2875a19ba3653,telugu,real,real,048_Sommasilli Pothunnave O Chinna Ramulamma.mp3.mp3,12,10
4229c1bd3efa7065b01dc9ed63ac9c31,telugu,real,real,048_Sommasilli Pothunnave O Chinna Ramulamma.mp3.mp3,13,10
9f7dc9765ba5d64a68306e901bfc8b59,telugu,real,real,048_Sommasilli Pothunnave O Chinna Ramulamma.mp3.mp3,14,10
4db9dd5841df5cd432358b60befbb214,telugu,real,real,048_Sommasilli Pothunnave O Chinna Ramulamma.mp3.mp3,15,10
84d50ee63f3e839cb0dfacf867349f80,telugu,real,real,048_Sommasilli Pothunnave O Chinna Ramulamma.mp3.mp3,16,10
cf7572e3711d556533d7f54634e0d409,telugu,real,real,048_Sommasilli Pothunnave O Chinna Ramulamma.mp3.mp3,17,10
0e66471d146db960ed7bbed80636d224,telugu,real,real,048_Sommasilli Pothunnave O Chinna Ramulamma.mp3.mp3,18,10
78958036312648605bfbfe627cdba633,telugu,real,real,048_Sommasilli Pothunnave O Chinna Ramulamma.mp3.mp3,19,10
1e9a24d956a2e0211cdff929080ba8e2,telugu,real,real,048_Sommasilli Pothunnave O Chinna Ramulamma.mp3.mp3,20,10
bd8381fdc57a1f62e526d6c5d280c219,telugu,real,real,048_Sommasilli Pothunnave O Chinna Ramulamma.mp3.mp3,21,10
829dcea616c5887859fa4eb351ed3528,telugu,real,real,048_Sommasilli Pothunnave O Chinna Ramulamma.mp3.mp3,22,10
90dd756bd60b397dd259152bd9e08b3e,telugu,real,real,048_Sommasilli Pothunnave O Chinna Ramulamma.mp3.mp3,23,10
2d07bc726525e91685ac2551b1f1852f,telugu,real,real,048_Sommasilli Pothunnave O Chinna Ramulamma.mp3.mp3,24,10
8ec8e2e3495dc7181c765006d2faa468,telugu,real,real,048_Sommasilli Pothunnave O Chinna Ramulamma.mp3.mp3,25,10
b743d372bb1358f0fc2c7de70cdf3300,telugu,real,real,048_Sommasilli Pothunnave O Chinna Ramulamma.mp3.mp3,26,10
7dc6cfae10e8c6921baa24cba569e9d9,telugu,real,real,048_Sommasilli Pothunnave O Chinna Ramulamma.mp3.mp3,27,10
3dbb560f941725f4b49a212ff1d25b60,telugu,real,real,048_Sommasilli Pothunnave O Chinna Ramulamma.mp3.mp3,28,10
1bc4601e6fa9d9b29cb5513ec6d5a5b2,telugu,real,real,048_Sommasilli Pothunnave O Chinna Ramulamma.mp3.mp3,29,10
b5d83227928daed27b68a1af19af5ee1,telugu,real,real,048_Sommasilli Pothunnave O Chinna Ramulamma.mp3.mp3,30,10
2fef252f0ea2704010a1ee9b4b33508c,telugu,real,real,048_Sommasilli Pothunnave O Chinna Ramulamma.mp3.mp3,31,10
9fb2f67d6546946596a057ed0dfb1644,telugu,real,real,048_Sommasilli Pothunnave O Chinna Ramulamma.mp3.mp3,32,10
29969ad56eba3fb9796e87be7cd2f1ef,telugu,real,real,048_Sommasilli Pothunnave O Chinna Ramulamma.mp3.mp3,33,10
48e7ca995cfeb6d4b9df662f6d931fc5,telugu,real,real,048_Sommasilli Pothunnave O Chinna Ramulamma.mp3.mp3,34,10
1f045bff5dc353f6d94120f9cc819d65,telugu,real,real,048_Sommasilli Pothunnave O Chinna Ramulamma.mp3.mp3,35,10
7f578cbdc1da1599e00ca2ec8fc1a26a,telugu,real,real,048_Sommasilli Pothunnave O Chinna Ramulamma.mp3.mp3,36,10
b156a6de9321953d2aeeec5cb520835b,telugu,real,real,048_Sommasilli Pothunnave O Chinna Ramulamma.mp3.mp3,37,10
1484eb159cfee0befb6a828009c13c1b,telugu,real,real,048_Sommasilli Pothunnave O Chinna Ramulamma.mp3.mp3,38,10
8c3ebb8e7610d8dee4fcb85416b399ac,telugu,real,real,048_Sommasilli Pothunnave O Chinna Ramulamma.mp3.mp3,39,10
6f2ae5f1035d9e965ed59a09c638292d,telugu,real,real,048_Sommasilli Pothunnave O Chinna Ramulamma.mp3.mp3,40,10
be7d2f1eefa02572c1281cbf5a429e3b,telugu,real,real,048_Sommasilli Pothunnave O Chinna Ramulamma.mp3.mp3,41,10
fc8d7a1fb95c691d3343a1cdd08ed1fe,telugu,real,real,048_Sommasilli Pothunnave O Chinna Ramulamma.mp3.mp3,42,10
7c8ab295cfcc5175282da84a3a2d495b,telugu,real,real,048_Sommasilli Pothunnave O Chinna Ramulamma.mp3.mp3,43,10
6caba5ab34aab26269d50ce3a73a0899,telugu,real,real,048_Sommasilli Pothunnave O Chinna Ramulamma.mp3.mp3,44,10
ea5426c3c2dcc360ab9221d0245bfa38,telugu,real,real,048_Sommasilli Pothunnave O Chinna Ramulamma.mp3.mp3,45,10
a0a37dcc9808734332e4975f1ea767ba,telugu,real,real,048_Sommasilli Pothunnave O Chinna Ramulamma.mp3.mp3,46,10
f595feaceced591df7e549e140aaf5b5,telugu,real,real,048_Sommasilli Pothunnave O Chinna Ramulamma.mp3.mp3,47,10
13a2c3821385ccb66f832b7699406b29,telugu,real,real,048_Sommasilli Pothunnave O Chinna Ramulamma.mp3.mp3,48,10
80ef5b5066f5e6b66499692d0632688d,telugu,real,real,048_Sommasilli Pothunnave O Chinna Ramulamma.mp3.mp3,49,10
b5d8053be86b155d768d0b9c2b04b572,telugu,real,real,048_Sommasilli Pothunnave O Chinna Ramulamma.mp3.mp3,50,10
6127252f636a92669e7e6d7797962529,telugu,real,real,048_Sommasilli Pothunnave O Chinna Ramulamma.mp3.mp3,51,10
9be643c0d62aeb42ebe5658c31c21690,telugu,real,real,048_Sommasilli Pothunnave O Chinna Ramulamma.mp3.mp3,52,10
9ad7025644f6c8be279c4547e786a966,telugu,real,real,048_Sommasilli Pothunnave O Chinna Ramulamma.mp3.mp3,53,10
52bb31c2b38eff7257016fac1452618d,telugu,real,real,048_Sommasilli Pothunnave O Chinna Ramulamma.mp3.mp3,54,10
761593555d1ba68e3ff17017c4e02584,telugu,real,real,048_Sommasilli Pothunnave O Chinna Ramulamma.mp3.mp3,55,10
892cd9a147f64f82b0efa6f2445c7a07,telugu,real,real,048_Sommasilli Pothunnave O Chinna Ramulamma.mp3.mp3,56,10
1aa7e4dfe5feb6949098cd7ef3f03617,telugu,real,real,048_Sommasilli Pothunnave O Chinna Ramulamma.mp3.mp3,57,10
2dd9e94f0cf6fe3a56bb7b9028cf5af4,telugu,real,real,048_Sommasilli Pothunnave O Chinna Ramulamma.mp3.mp3,58,10
c215ecfcabb54d00fe54b01308584ae6,telugu,real,real,048_Sommasilli Pothunnave O Chinna Ramulamma.mp3.mp3,59,10
ad65aca91e6baf41b9df95f2b671d4c9,telugu,real,real,048_Sommasilli Pothunnave O Chinna Ramulamma.mp3.mp3,60,10
80f8c9f3ea6b1b7fec9d439ef8441ec5,telugu,real,real,048_Sommasilli Pothunnave O Chinna Ramulamma.mp3.mp3,61,10
76cbec93fa3e784f91c6a5823b6213db,telugu,real,real,048_Sommasilli Pothunnave O Chinna Ramulamma.mp3.mp3,62,10
fddfffdd1fb76f7bcf256aa2cd18adce,telugu,real,real,048_Sommasilli Pothunnave O Chinna Ramulamma.mp3.mp3,63,10
12dc7a1f9759b00787ac5b6b69079b93,telugu,real,real,048_Sommasilli Pothunnave O Chinna Ramulamma.mp3.mp3,64,10
509df3071111bb9ad4cc9c73e9d06dec,telugu,real,real,048_Sommasilli Pothunnave O Chinna Ramulamma.mp3.mp3,65,10
55507c7a857943f9ffe06a171f123169,telugu,real,real,048_Sommasilli Pothunnave O Chinna Ramulamma.mp3.mp3,66,10
d77b6c0eb0bbdc74c176d367cc8b410a,telugu,real,real,048_Sommasilli Pothunnave O Chinna Ramulamma.mp3.mp3,67,10
09fce786006e6cb9331fd8a6afa18ec8,telugu,real,real,048_Sommasilli Pothunnave O Chinna Ramulamma.mp3.mp3,68,10
8f74c33c5e603dfeca781689bb8e0c08,telugu,real,real,048_Sommasilli Pothunnave O Chinna Ramulamma.mp3.mp3,69,10
e3f0986975e8f85b019c94deaf46a370,telugu,real,real,048_Sommasilli Pothunnave O Chinna Ramulamma.mp3.mp3,70,10
1942617c08b2e6525028f18354ab2edc,telugu,real,real,048_Sommasilli Pothunnave O Chinna Ramulamma.mp3.mp3,71,10
b76dbb94482b05df138c34976ec5fb02,telugu,real,real,048_Sommasilli Pothunnave O Chinna Ramulamma.mp3.mp3,72,10
18c72cfe81350a81f0bb206d79d6f61c,telugu,real,real,049_Ringu Ringula Juttudhana.mp3.mp3,0,10
f29663178e6ba8ae82951256af02ab7a,telugu,real,real,049_Ringu Ringula Juttudhana.mp3.mp3,1,10
3a0d32a47bb4555157b399961c9c08bd,telugu,real,real,049_Ringu Ringula Juttudhana.mp3.mp3,2,10
8769f1e7a8c089dc0daceb1cffbe0266,telugu,real,real,049_Ringu Ringula Juttudhana.mp3.mp3,3,10
3ced2c0fc3cb3f9da1030b31b03319d2,telugu,real,real,049_Ringu Ringula Juttudhana.mp3.mp3,4,10
57e5f0babe173221f8798036066079d5,telugu,real,real,049_Ringu Ringula Juttudhana.mp3.mp3,5,10
f7c352ed57ea412351dfcad4975ee0b5,telugu,real,real,049_Ringu Ringula Juttudhana.mp3.mp3,6,10
a1b03fa0706df017f77898563e51ad0d,telugu,real,real,049_Ringu Ringula Juttudhana.mp3.mp3,7,10
bc53caa4fe554939f3064746b3c8f5bf,telugu,real,real,049_Ringu Ringula Juttudhana.mp3.mp3,8,10
64d726d173af0623eb14b537f69cfd5b,telugu,real,real,049_Ringu Ringula Juttudhana.mp3.mp3,9,10
c5c3a10ab458d2e89dfa428670197c2c,telugu,real,real,049_Ringu Ringula Juttudhana.mp3.mp3,10,10
3afd8d32722c3bdc3b10d5c72a6f11d6,telugu,real,real,049_Ringu Ringula Juttudhana.mp3.mp3,11,10
f3c55e28b2dda4435f9a00ff98df370b,telugu,real,real,049_Ringu Ringula Juttudhana.mp3.mp3,12,10
85fafdf957d0a6c7055ef399744a58c8,telugu,real,real,049_Ringu Ringula Juttudhana.mp3.mp3,13,10
e5a1f4e5f077ddc2bc1928020515cfa6,telugu,real,real,049_Ringu Ringula Juttudhana.mp3.mp3,14,10
ea333c30ff280e57fb7b933002bec236,telugu,real,real,049_Ringu Ringula Juttudhana.mp3.mp3,15,10
8248c50885fe0954ae35b3fc9622a435,telugu,real,real,049_Ringu Ringula Juttudhana.mp3.mp3,16,10
a5b817bdccb3ce728ebe5f7cbb804060,telugu,real,real,049_Ringu Ringula Juttudhana.mp3.mp3,17,10
334aa2fdef4c38ccd89c1e3afbe52198,telugu,real,real,049_Ringu Ringula Juttudhana.mp3.mp3,18,10
8572e467f8b8820f814a4cb472e7056e,telugu,real,real,049_Ringu Ringula Juttudhana.mp3.mp3,19,10
05f781a4e260e048ff88653f9e3391ea,telugu,real,real,049_Ringu Ringula Juttudhana.mp3.mp3,20,10
1a23358d98f95fa21ed83f7747451729,telugu,real,real,049_Ringu Ringula Juttudhana.mp3.mp3,21,10
916a45bd49c5d7256eaa1a10910a2aac,telugu,real,real,049_Ringu Ringula Juttudhana.mp3.mp3,22,10
8e5bda63dbb72f7e6b2806e251179c38,telugu,real,real,049_Ringu Ringula Juttudhana.mp3.mp3,23,10
4100348e0d6ba1916c67a60fc59f7e51,telugu,real,real,049_Ringu Ringula Juttudhana.mp3.mp3,24,10
f0975ec4dff24c0ec87c75361d8296eb,telugu,real,real,049_Ringu Ringula Juttudhana.mp3.mp3,25,10
98b7778f006fdf4e13425d96be1101be,telugu,real,real,049_Ringu Ringula Juttudhana.mp3.mp3,26,10
4de53aa45e2780585a4c8ceb36ce3249,telugu,real,real,049_Ringu Ringula Juttudhana.mp3.mp3,27,10
8a6226eb4f8172f741ecba284e675e40,telugu,real,real,049_Ringu Ringula Juttudhana.mp3.mp3,28,10
3735a1e78b7681aa3017d0c4b7f3c238,telugu,real,real,050_Yedikelli Vachinaave.mp3.mp3,0,10
2030ffd30b4702d8b6eb82b4c4374a4d,telugu,real,real,050_Yedikelli Vachinaave.mp3.mp3,1,10
f5ee8710916a5343739847a4792532b7,telugu,real,real,050_Yedikelli Vachinaave.mp3.mp3,2,10
e4f96d064180d16b2eaa8fe9f31cd037,telugu,real,real,050_Yedikelli Vachinaave.mp3.mp3,3,10
2bb0e5689513069ab64bc07a44de1bbf,telugu,real,real,050_Yedikelli Vachinaave.mp3.mp3,4,10
0bc0c5d151340444e3182382ab835a61,telugu,real,real,050_Yedikelli Vachinaave.mp3.mp3,5,10
a516db5a843339e368f3e13c68caad0c,telugu,real,real,050_Yedikelli Vachinaave.mp3.mp3,6,10
8d57c00233511ce7e1c512433ce7f3bd,telugu,real,real,050_Yedikelli Vachinaave.mp3.mp3,7,10
72a9ef48635aeb7acad84baf0b576fd3,telugu,real,real,050_Yedikelli Vachinaave.mp3.mp3,8,10
1d46b9802f4f9ff47baaaef76f1d8e24,telugu,real,real,050_Yedikelli Vachinaave.mp3.mp3,9,10
974accd397d67e360f030ff1123260d0,telugu,real,real,050_Yedikelli Vachinaave.mp3.mp3,10,10
1cc61a1bf63a770833b142176e5005c4,telugu,real,real,050_Yedikelli Vachinaave.mp3.mp3,11,10
c849812d69f139235c16b144a2eff9c7,telugu,real,real,050_Yedikelli Vachinaave.mp3.mp3,12,10
f5d7f28668fe3dfbab493c664debf6c9,telugu,real,real,050_Yedikelli Vachinaave.mp3.mp3,13,10
3574d700a1c0502dcf4e169cc7b6eb4b,telugu,real,real,050_Yedikelli Vachinaave.mp3.mp3,14,10
75965d7547679a3ba3289f69f443f8f9,telugu,real,real,050_Yedikelli Vachinaave.mp3.mp3,15,10
936d49c6d55d50f7d515b2c00f6d3b2c,telugu,real,real,050_Yedikelli Vachinaave.mp3.mp3,16,10
1e377d426de3d2931fef2c719bcf8b9f,telugu,real,real,050_Yedikelli Vachinaave.mp3.mp3,17,10
97a6cb4cff1fba7de6052f1e858fd39c,telugu,real,real,050_Yedikelli Vachinaave.mp3.mp3,18,10
d5d752a4d53c31afaf301cda20885ac1,telugu,real,real,050_Yedikelli Vachinaave.mp3.mp3,19,10
65207211960a58f8a832981fec2efc3b,telugu,real,real,050_Yedikelli Vachinaave.mp3.mp3,20,10
eb6f6689c80d364dd3fd8be18191ae59,telugu,real,real,050_Yedikelli Vachinaave.mp3.mp3,21,10
10d3dfeea5929db1e323759a9b5d7eb6,telugu,real,real,050_Yedikelli Vachinaave.mp3.mp3,22,10
a11a832153b37a289c5a2b9538dbd24a,telugu,real,real,050_Yedikelli Vachinaave.mp3.mp3,23,10
9ce7ee76b4db6b15e6c37159b3d0d126,telugu,real,real,050_Yedikelli Vachinaave.mp3.mp3,24,10
485852acb9486569ca3c69ff5fd868fe,telugu,real,real,050_Yedikelli Vachinaave.mp3.mp3,25,10
37df00da71d22ffd42d5f0f2b80ba942,telugu,real,real,050_Yedikelli Vachinaave.mp3.mp3,26,10
1cdfc5bfdd2b2fd9d4c904354369e53e,telugu,real,real,051_Are Emainde Pilla.mp3.mp3,0,10
232077ff40989c4144f36499a06612a1,telugu,real,real,051_Are Emainde Pilla.mp3.mp3,1,10
5ee71535342fcce4a8879bd75329b749,telugu,real,real,051_Are Emainde Pilla.mp3.mp3,2,10
88088d6a44e85af29322e5f92a36042a,telugu,real,real,051_Are Emainde Pilla.mp3.mp3,3,10
181f4dd3cebdafdb59e27474901ddc6e,telugu,real,real,051_Are Emainde Pilla.mp3.mp3,4,10
072e831793e5dd437adc7f8c2a6e0945,telugu,real,real,051_Are Emainde Pilla.mp3.mp3,5,10
a55ba2e22df68e6146ca446eef7076cb,telugu,real,real,051_Are Emainde Pilla.mp3.mp3,6,10
f5f1bce83dd72c6072d150b918bf5372,telugu,real,real,051_Are Emainde Pilla.mp3.mp3,7,10
886e3c55f0faad5499ae198a71ea9f18,telugu,real,real,051_Are Emainde Pilla.mp3.mp3,8,10
a576e20549626a909c17029dd49fc48f,telugu,real,real,051_Are Emainde Pilla.mp3.mp3,9,10
8ecf502e86bd648cf663765b8721e90b,telugu,real,real,051_Are Emainde Pilla.mp3.mp3,10,10
1f98bc6645a07c39897bc42269bd6285,telugu,real,real,051_Are Emainde Pilla.mp3.mp3,11,10
04f706f8de8c62430f549f94054c906a,telugu,real,real,051_Are Emainde Pilla.mp3.mp3,12,10
32ca20976a6ffd0b4cc046de4a527588,telugu,real,real,051_Are Emainde Pilla.mp3.mp3,13,10
03752ccab4a365d45be0891f5a67677f,telugu,real,real,051_Are Emainde Pilla.mp3.mp3,14,10
13cf01bcf27854242329a50fb523ef47,telugu,real,real,051_Are Emainde Pilla.mp3.mp3,15,10
c04461e18cf6cfa0caa344edfb75ea08,telugu,real,real,051_Are Emainde Pilla.mp3.mp3,16,10
0f2bbff021a165020f92c194e36c4b3b,telugu,real,real,051_Are Emainde Pilla.mp3.mp3,17,10
ce056fc0137fe3f0327dc28e29af1c01,telugu,real,real,051_Are Emainde Pilla.mp3.mp3,18,10
e2fade59ad6cd83d3d3f095cd522365b,telugu,real,real,052_Atha Oyatha.mp3.mp3,0,10
dacee073f4e6cbbf83f53940a8f97dd0,telugu,real,real,052_Atha Oyatha.mp3.mp3,1,10
80d8f12e4f4af6303dbb77cfc88ff63f,telugu,real,real,052_Atha Oyatha.mp3.mp3,2,10
2e3bbf44c4efbe9b276dadd984b15885,telugu,real,real,052_Atha Oyatha.mp3.mp3,3,10
70a65f54d4e800ec64ef9a3c30b4bbf9,telugu,real,real,052_Atha Oyatha.mp3.mp3,4,10
5b47e8f8d54a134cc01fb15115db2446,telugu,real,real,052_Atha Oyatha.mp3.mp3,5,10
7cf1d98ab8cbca6ff2c79acec2f7ae32,telugu,real,real,052_Atha Oyatha.mp3.mp3,6,10
a5b038513f140d852595f9f5f4fb2df8,telugu,real,real,052_Atha Oyatha.mp3.mp3,7,10
b38b051c2615f6a7d835eee1e9fd0e56,telugu,real,real,052_Atha Oyatha.mp3.mp3,8,10
ddb44719e051d6e982bdd316b873f05c,telugu,real,real,052_Atha Oyatha.mp3.mp3,9,10
251cf7a4fa430463c8fa9b7a571f6cac,telugu,real,real,052_Atha Oyatha.mp3.mp3,10,10
f3ae74f26e615ede8e352e1c730ce3a4,telugu,real,real,052_Atha Oyatha.mp3.mp3,11,10
ef75460da1bf786e44c74f8bfec2a49b,telugu,real,real,052_Atha Oyatha.mp3.mp3,12,10
7198114d077d8275d37c0c491cdf4d40,telugu,real,real,052_Atha Oyatha.mp3.mp3,13,10
ed896febea1464cefa87c2066ff2bfbf,telugu,real,real,052_Atha Oyatha.mp3.mp3,14,10
a4b1dbc0bc20ee481576eaf222c4f538,telugu,real,real,052_Atha Oyatha.mp3.mp3,15,10
3162415f7689c9ca2b665344532183d7,telugu,real,real,052_Atha Oyatha.mp3.mp3,16,10
48b42e847182f18f420d482a530d42f0,telugu,real,real,052_Atha Oyatha.mp3.mp3,17,10
0523fd808f0158ae5178b0f694e93bcf,telugu,real,real,052_Atha Oyatha.mp3.mp3,18,10
c5a87e2c14ca4b4ffca4378529a6bcf4,telugu,real,real,052_Atha Oyatha.mp3.mp3,19,10
4cda58ea49bc565ce03ae5a4ace2bb35,telugu,real,real,052_Atha Oyatha.mp3.mp3,20,10
b70a0fd57b2a71a2113df5126940f2a0,telugu,real,real,052_Atha Oyatha.mp3.mp3,21,10
f86860ffe6911b1f16813c2a4414c77a,telugu,real,real,052_Atha Oyatha.mp3.mp3,22,10
2bab4565cf9554849a7d02a28ce18f10,telugu,real,real,052_Atha Oyatha.mp3.mp3,23,10
03dec5dcf70decd47a57b5ed816d7c90,telugu,real,real,052_Atha Oyatha.mp3.mp3,24,10
739d868c12f53827ef1b2cf6d93cd674,telugu,real,real,052_Atha Oyatha.mp3.mp3,25,10
2147a20b95ac746828aa9301794ffae2,telugu,real,real,052_Atha Oyatha.mp3.mp3,26,10
42b4b9564bc8426fdff4a5384689833a,telugu,real,real,052_Atha Oyatha.mp3.mp3,27,10
1cbf15d599244787747b8c16bb0687d5,telugu,real,real,052_Atha Oyatha.mp3.mp3,28,10
a8a2d9f5c712cc8e80ebdbf32139a073,telugu,real,real,052_Atha Oyatha.mp3.mp3,29,10
0f866f88cbe4369dbb0b236fe3633206,telugu,real,real,052_Atha Oyatha.mp3.mp3,30,10
1af2683be69550a00ccf9d2f76eb0969,telugu,real,real,053_Mogudu Pellala.mp3.mp3,0,10
38533c725059fbab3654a3c3f63199cc,telugu,real,real,053_Mogudu Pellala.mp3.mp3,1,10
a5368ce53a66868e4edaea77b06fae43,telugu,real,real,053_Mogudu Pellala.mp3.mp3,2,10
86db77373051c0cd5182c605cc6bf6bb,telugu,real,real,053_Mogudu Pellala.mp3.mp3,3,10
f99561bd4c88bed48fb5bfc3ab86f143,telugu,real,real,053_Mogudu Pellala.mp3.mp3,4,10
e07088905ec14bc9921e13ecab118562,telugu,real,real,053_Mogudu Pellala.mp3.mp3,5,10
f440dce4bac42f15111befb97862615c,telugu,real,real,053_Mogudu Pellala.mp3.mp3,6,10
f8e3e018ed853c88ebb1393eea0c7ff0,telugu,real,real,053_Mogudu Pellala.mp3.mp3,7,10
e9153d99bee0703a40d6d3ae418a0638,telugu,real,real,053_Mogudu Pellala.mp3.mp3,8,10
97bd47a5079ae3933c4e0cd8cf3b0f12,telugu,real,real,053_Mogudu Pellala.mp3.mp3,9,10
4e7c4cb8588176f2a9714fc14eb74a94,telugu,real,real,053_Mogudu Pellala.mp3.mp3,10,10
ce9438c832ad0a8af7dbe40357510172,telugu,real,real,053_Mogudu Pellala.mp3.mp3,11,10
c7191e83e449537e9d962a49cd40d6a8,telugu,real,real,053_Mogudu Pellala.mp3.mp3,12,10
77dd10f0ff91af3b432de946c70666e9,telugu,real,real,053_Mogudu Pellala.mp3.mp3,13,10
0f6cca33847e2cc305977accc7541ca5,telugu,real,real,053_Mogudu Pellala.mp3.mp3,14,10
88cc481268557450e0dab9301b994ab3,telugu,real,real,053_Mogudu Pellala.mp3.mp3,15,10
2acf4b9b474bfdd83fe3571d20af5126,telugu,real,real,053_Mogudu Pellala.mp3.mp3,16,10
b352a110fb695f94b18ae482699e343b,telugu,real,real,053_Mogudu Pellala.mp3.mp3,17,10
be6e97e0888c2b9012d7ee2eb67da1b6,telugu,real,real,053_Mogudu Pellala.mp3.mp3,18,10
80ca5458f2c241cffece872af87d3f85,telugu,real,real,053_Mogudu Pellala.mp3.mp3,19,10
1191012c3de0987174c2164a86da92d3,telugu,real,real,053_Mogudu Pellala.mp3.mp3,20,10
c70c3ee6abc2b7d50f5fca9b66087dcd,telugu,real,real,053_Mogudu Pellala.mp3.mp3,21,10
fa9dda5c031f73fbfb3b92a2ea908eea,telugu,real,real,053_Mogudu Pellala.mp3.mp3,22,10
246aa772f0da4c5bf2a2281fd51e11e2,telugu,real,real,053_Mogudu Pellala.mp3.mp3,23,10
97133242db09a1505980a08a46151632,telugu,real,real,053_Mogudu Pellala.mp3.mp3,24,10
c0ca68ff8f7f75997b42df99eda731e0,telugu,real,real,053_Mogudu Pellala.mp3.mp3,25,10
e8e4382fba7cbe91c396580305853bcf,telugu,real,real,053_Mogudu Pellala.mp3.mp3,26,10
afb5a7760c225dff642c8e7acb9c91c8,telugu,real,real,053_Mogudu Pellala.mp3.mp3,27,10
f578c4efecdee83aa449d48ec04882fc,telugu,real,real,053_Mogudu Pellala.mp3.mp3,28,10
7feb7ae739c404030575914368856f38,telugu,real,real,053_Mogudu Pellala.mp3.mp3,29,10
cf5ca4d249c277f774f7edad2a3aa051,telugu,real,real,053_Mogudu Pellala.mp3.mp3,30,10
4b3153694cc17ce941690754265577cd,telugu,real,real,053_Mogudu Pellala.mp3.mp3,31,10
6181ddf44c99a579a24541f37caf5ee8,telugu,real,real,053_Mogudu Pellala.mp3.mp3,32,10
c14c2fcd4de52e70d2585196eb7a408b,telugu,real,real,053_Mogudu Pellala.mp3.mp3,33,10
5436523489ea4da054c1d27c6e562361,telugu,real,real,053_Mogudu Pellala.mp3.mp3,34,10
7f3aea6956cab7fe7d63b8804d2741ab,telugu,real,real,053_Mogudu Pellala.mp3.mp3,35,10
37266d0a1c19080111b1f7dd9785d464,telugu,real,real,053_Mogudu Pellala.mp3.mp3,36,10
8f497a6c737c467ad725041f83c72078,telugu,real,real,053_Mogudu Pellala.mp3.mp3,37,10
17a23bc2469e8ad379e7dd78c76edda4,telugu,real,real,053_Mogudu Pellala.mp3.mp3,38,10
82c73e37eb1b64c6041fa9ac83ce3ca7,telugu,real,real,053_Mogudu Pellala.mp3.mp3,39,10
cc133f5ae4c9227e33760ee89629d59b,telugu,real,real,053_Mogudu Pellala.mp3.mp3,40,10
d1b1a5dbab78f0ea3f608c0f74f19d91,telugu,real,real,053_Mogudu Pellala.mp3.mp3,41,10
76a09bbd6aa1b869550c11ac20bfe7d1,telugu,real,real,053_Mogudu Pellala.mp3.mp3,42,10
538ce360381762a65d4c71b13415e2fc,telugu,real,real,053_Mogudu Pellala.mp3.mp3,43,10
77f4d1328a90b349c26c60a0151decf6,telugu,real,real,053_Mogudu Pellala.mp3.mp3,44,10
10a1e26e6539bf27b602c98891c348a2,telugu,real,real,053_Mogudu Pellala.mp3.mp3,45,10
cff54f1b255d074a13ecc976786bc131,telugu,real,real,053_Mogudu Pellala.mp3.mp3,46,10
b4044d37fd589be3f3d378add8ed3211,telugu,real,real,053_Mogudu Pellala.mp3.mp3,47,10
6d520a97e14d97eb231ad5e3b0994bc9,telugu,real,real,053_Mogudu Pellala.mp3.mp3,48,10
db332d7e51ed28818e9c4203c1033046,telugu,real,real,053_Mogudu Pellala.mp3.mp3,49,10
0a12a3a9f9a5aa8286fcd9502b16d525,telugu,real,real,053_Mogudu Pellala.mp3.mp3,50,10
7c4577e9b3812196dac05bdc005e51c6,telugu,real,real,053_Mogudu Pellala.mp3.mp3,51,10
59cff75d6d22057319af357dc20fa201,telugu,real,real,053_Mogudu Pellala.mp3.mp3,52,10
c8f8b669981462d94ba00943b8e6b77b,telugu,real,real,053_Mogudu Pellala.mp3.mp3,53,10
e2a55dd38f303a8dfc2ffc4ff4c4410c,telugu,real,real,053_Mogudu Pellala.mp3.mp3,54,10
2d330aabfdafc9666af3be3998240f95,telugu,real,real,053_Mogudu Pellala.mp3.mp3,55,10
f51b67fa6973c049f3eda94834419e42,telugu,real,real,053_Mogudu Pellala.mp3.mp3,56,10
27a932bafffc38a2e73f540242020cbc,telugu,real,real,053_Mogudu Pellala.mp3.mp3,57,10
1d0c1187e55f6581044682b4975530db,telugu,real,real,053_Mogudu Pellala.mp3.mp3,58,10
ea50ddc141753c052909ca8e0c35269e,telugu,real,real,053_Mogudu Pellala.mp3.mp3,59,10
c759a35f29d6557ab8d45d2fff41710e,telugu,real,real,053_Mogudu Pellala.mp3.mp3,60,10
4f1125db1564dddb981b2d8f103262dd,telugu,real,real,053_Mogudu Pellala.mp3.mp3,61,10
0f6ac308c594aaa11942e5d53fe65a61,telugu,real,real,053_Mogudu Pellala.mp3.mp3,62,10
52369a44d8e24dd91f21be5827e75b50,telugu,real,real,053_Mogudu Pellala.mp3.mp3,63,10
58038c6127f69958bfe41ccf0e37b0c6,telugu,real,real,053_Mogudu Pellala.mp3.mp3,64,10
1736ad3362f2e44478928492e45e9822,telugu,real,real,053_Mogudu Pellala.mp3.mp3,65,10
100574cb9492ce752c4ce9789df5f21f,telugu,real,real,053_Mogudu Pellala.mp3.mp3,66,10
2f7c5b9a975a7d7993b1b07c1201ad28,telugu,real,real,053_Mogudu Pellala.mp3.mp3,67,10
bf460a668830b65b5f4e2ee30aa4d902,telugu,real,real,053_Mogudu Pellala.mp3.mp3,68,10
d28f8547ad8e093d5887d1ff88e25c3a,telugu,real,real,053_Mogudu Pellala.mp3.mp3,69,10
3e67337d0b505f8b52c84d09e6085777,telugu,real,real,054_Kuliki Vastava Raghu Mallelo Rama.mp3.mp3,0,10
131bc6c308963cca6d6f4ef85f11ac75,telugu,real,real,054_Kuliki Vastava Raghu Mallelo Rama.mp3.mp3,1,10
b690a4d5a1372c6009ab35a473c3120a,telugu,real,real,054_Kuliki Vastava Raghu Mallelo Rama.mp3.mp3,2,10
9740bae2534ccb412964f8023d5ee9b0,telugu,real,real,054_Kuliki Vastava Raghu Mallelo Rama.mp3.mp3,3,10
0c5b08dce992807eed4a134d5c1be8af,telugu,real,real,054_Kuliki Vastava Raghu Mallelo Rama.mp3.mp3,4,10
775809bda33769992ffe142921b85980,telugu,real,real,054_Kuliki Vastava Raghu Mallelo Rama.mp3.mp3,5,10
84825ec1ae0aa2a1bd5d65f0fee237ff,telugu,real,real,054_Kuliki Vastava Raghu Mallelo Rama.mp3.mp3,6,10
127b9c40590d4913b618c5843e4e81f0,telugu,real,real,054_Kuliki Vastava Raghu Mallelo Rama.mp3.mp3,7,10
2f1929f7023f1fde2937320ddce9d9da,telugu,real,real,054_Kuliki Vastava Raghu Mallelo Rama.mp3.mp3,8,10
5d7277678b84d649878508d5fa740627,telugu,real,real,054_Kuliki Vastava Raghu Mallelo Rama.mp3.mp3,9,10
561b63c0b27d4aa902fe19b22fc87be3,telugu,real,real,054_Kuliki Vastava Raghu Mallelo Rama.mp3.mp3,10,10
1208b7deeeea6777cae5affb6b1e1084,telugu,real,real,054_Kuliki Vastava Raghu Mallelo Rama.mp3.mp3,11,10
91f757bff609ba099167a02fff990821,telugu,real,real,054_Kuliki Vastava Raghu Mallelo Rama.mp3.mp3,12,10
f5e0e4a468a7cf181f25d96b47c2f361,telugu,real,real,054_Kuliki Vastava Raghu Mallelo Rama.mp3.mp3,13,10
962a68013d2ce9d409f8e5f711b5776b,telugu,real,real,054_Kuliki Vastava Raghu Mallelo Rama.mp3.mp3,14,10
35115f2ebc9537e9beb2b3fef286deea,telugu,real,real,054_Kuliki Vastava Raghu Mallelo Rama.mp3.mp3,15,10
18bd77bf74d11c1e0183b3ca78ef9d80,telugu,real,real,054_Kuliki Vastava Raghu Mallelo Rama.mp3.mp3,16,10
39f0d8c8504b4f23ac06ef5a20b1eea5,telugu,real,real,054_Kuliki Vastava Raghu Mallelo Rama.mp3.mp3,17,10
8a51c9a8f27db2a79f40fc2ebaceff54,telugu,real,real,054_Kuliki Vastava Raghu Mallelo Rama.mp3.mp3,18,10
fa7f44afdf276a74e2b65571fc6d38c1,telugu,real,real,054_Kuliki Vastava Raghu Mallelo Rama.mp3.mp3,19,10
c580bf3b4c81f45d2485f4fbd1ab0c06,telugu,real,real,054_Kuliki Vastava Raghu Mallelo Rama.mp3.mp3,20,10
535bcd2c40444a862cfdf365b273189b,telugu,real,real,054_Kuliki Vastava Raghu Mallelo Rama.mp3.mp3,21,10
e6c7a826e255acbb7db8cc0155a3784c,telugu,real,real,054_Kuliki Vastava Raghu Mallelo Rama.mp3.mp3,22,10
2f230fcefc22e56d77cc267633c92d8d,telugu,real,real,054_Kuliki Vastava Raghu Mallelo Rama.mp3.mp3,23,10
9b0cc1cc523679c5bb4cc29103f22292,telugu,real,real,054_Kuliki Vastava Raghu Mallelo Rama.mp3.mp3,24,10
a1c8337f538d165f47278692947babf4,telugu,real,real,054_Kuliki Vastava Raghu Mallelo Rama.mp3.mp3,25,10
3e7cceacd1e1be43ce564a9d45cd7168,telugu,real,real,054_Kuliki Vastava Raghu Mallelo Rama.mp3.mp3,26,10
cb52acaf7bc6663f6c3890a86a4d48cc,telugu,real,real,054_Kuliki Vastava Raghu Mallelo Rama.mp3.mp3,27,10
e205441051bb15d85c7bc45baa3d1ecf,telugu,real,real,054_Kuliki Vastava Raghu Mallelo Rama.mp3.mp3,28,10
44e128192331e6afd9e4ca0461cea32c,telugu,real,real,054_Kuliki Vastava Raghu Mallelo Rama.mp3.mp3,29,10
aa008a84d6cd9f1016851be44df07848,telugu,real,real,054_Kuliki Vastava Raghu Mallelo Rama.mp3.mp3,30,10
a4a98b8146ad92b708660f56c8f78bc0,telugu,real,real,054_Kuliki Vastava Raghu Mallelo Rama.mp3.mp3,31,10
a91f6e4ce1890c6bb8c59de93c4ac56c,telugu,real,real,054_Kuliki Vastava Raghu Mallelo Rama.mp3.mp3,32,10
38d2fff34e898d91d6ac5031ce3cc4b1,telugu,real,real,054_Kuliki Vastava Raghu Mallelo Rama.mp3.mp3,33,10
85a13a10fbd79e7212fca64fc69df328,telugu,real,real,054_Kuliki Vastava Raghu Mallelo Rama.mp3.mp3,34,10
3813ec4a672bd5e289741da80670f237,telugu,real,real,054_Kuliki Vastava Raghu Mallelo Rama.mp3.mp3,35,10
ed81bda9a607b8ca59248d1a891b8021,telugu,real,real,054_Kuliki Vastava Raghu Mallelo Rama.mp3.mp3,36,10
3eb8a13904278e1634b7d91fb6dc99dc,telugu,real,real,055_SIRIPURAM ANGATLA.mp3.mp3,0,10
1bf8116c2af9d4f457de9bb715a1487e,telugu,real,real,055_SIRIPURAM ANGATLA.mp3.mp3,1,10
d1432d865b6876b32aa0c9c3333eeaee,telugu,real,real,055_SIRIPURAM ANGATLA.mp3.mp3,2,10
0ed2671bb688040935cfdbdfb11ad88e,telugu,real,real,056_Sharanu Sharanu Maayamma.mp3.mp3,0,10
5940f60bf74e16b06ccc734529e3e906,telugu,real,real,056_Sharanu Sharanu Maayamma.mp3.mp3,1,10
f4afdce43f2593254739ba7275f783a8,telugu,real,real,056_Sharanu Sharanu Maayamma.mp3.mp3,2,10
752f62155be3880f40079b743f05922b,telugu,real,real,056_Sharanu Sharanu Maayamma.mp3.mp3,3,10
6922e9272e392ae2ceb42f312e496b89,telugu,real,real,056_Sharanu Sharanu Maayamma.mp3.mp3,4,10
3faccf12c45a2ea663146e063c0e23ad,telugu,real,real,056_Sharanu Sharanu Maayamma.mp3.mp3,5,10
7d7b0b9da875b7c422a9c9f34c4e013a,telugu,real,real,056_Sharanu Sharanu Maayamma.mp3.mp3,6,10
91182057cfa1a4ce2dcf010454e19f80,telugu,real,real,056_Sharanu Sharanu Maayamma.mp3.mp3,7,10
98aebb3e30bff0c2f3e89b55bc22a7b3,telugu,real,real,056_Sharanu Sharanu Maayamma.mp3.mp3,8,10
cd1944765883fa49c6c1cfcea32ce3aa,telugu,real,real,056_Sharanu Sharanu Maayamma.mp3.mp3,9,10
ab2dd080cb26d37ae0fc1d95c13295b5,telugu,real,real,056_Sharanu Sharanu Maayamma.mp3.mp3,10,10
3768803e0e13cb6d9b7c6487c7461c86,telugu,real,real,056_Sharanu Sharanu Maayamma.mp3.mp3,11,10
fb7f89eed81914c8bd87020ad8cbd951,telugu,real,real,056_Sharanu Sharanu Maayamma.mp3.mp3,12,10
9c1c47bb71c2f7901abce478ec7be5e3,telugu,real,real,056_Sharanu Sharanu Maayamma.mp3.mp3,13,10
9d70e15c3d57a72bda081611b6d8a86e,telugu,real,real,056_Sharanu Sharanu Maayamma.mp3.mp3,14,10
142e4d1c011919b66149e031db4c8221,telugu,real,real,056_Sharanu Sharanu Maayamma.mp3.mp3,15,10
62226d7b477dd26b42f702c7aaebc1f3,telugu,real,real,056_Sharanu Sharanu Maayamma.mp3.mp3,16,10
004105e3dd5436992b3aafca423feb1a,telugu,real,real,056_Sharanu Sharanu Maayamma.mp3.mp3,17,10
617eacc4aec69fce5e1874d205651ff6,telugu,real,real,056_Sharanu Sharanu Maayamma.mp3.mp3,18,10
509facfaad0a0054ccd32059346f36c2,telugu,real,real,056_Sharanu Sharanu Maayamma.mp3.mp3,19,10
4a2838c3d0d04d24f7529c54e8ccc018,telugu,real,real,056_Sharanu Sharanu Maayamma.mp3.mp3,20,10
464bb2a909f917a2751b3f99caf38ce5,telugu,real,real,056_Sharanu Sharanu Maayamma.mp3.mp3,21,10
74db7f50e7572055a0261ed248a3e876,telugu,real,real,056_Sharanu Sharanu Maayamma.mp3.mp3,22,10
8a231fbb4abcdec453cf256b6946ab2b,telugu,real,real,056_Sharanu Sharanu Maayamma.mp3.mp3,23,10
8edc73f88a8043df4c872aca37d25020,telugu,real,real,056_Sharanu Sharanu Maayamma.mp3.mp3,24,10
9cf7fa93ce24cc9ff92a3ea130e266ac,telugu,real,real,056_Sharanu Sharanu Maayamma.mp3.mp3,25,10
2c629b14ab249eb73dce2eac305c90ad,telugu,real,real,056_Sharanu Sharanu Maayamma.mp3.mp3,26,10
ac0e90c03999df57ada04cc8f01f59fd,telugu,real,real,056_Sharanu Sharanu Maayamma.mp3.mp3,27,10
2168e77205104e2e5b04d1435a656871,telugu,real,real,056_Sharanu Sharanu Maayamma.mp3.mp3,28,10
d8736ef95a861af0329b815311e62ac2,telugu,real,real,056_Sharanu Sharanu Maayamma.mp3.mp3,29,10
ca247e55dce027f886ee03b3897c8306,telugu,real,real,056_Sharanu Sharanu Maayamma.mp3.mp3,30,10
006c04f0bbbc92fe7d95e6acf52cd67f,telugu,real,real,056_Sharanu Sharanu Maayamma.mp3.mp3,31,10
39340cd3f6484d050e48a01200b9f41d,telugu,real,real,056_Sharanu Sharanu Maayamma.mp3.mp3,32,10
f0b4c209514b32a20bcbf5f006de13a2,telugu,real,real,057_Ammamma Yedabothe.mp3.mp3,0,10
7fb3a253773201332624fb6850a8bfd9,telugu,real,real,057_Ammamma Yedabothe.mp3.mp3,1,10
eecb320d153dfea9f3901e4823e66111,telugu,real,real,057_Ammamma Yedabothe.mp3.mp3,2,10
ba76c68977decf58c0d5b4c65dc38b6d,telugu,real,real,057_Ammamma Yedabothe.mp3.mp3,3,10
efbfe36a7290a3a64e4bddcd20e093a5,telugu,real,real,057_Ammamma Yedabothe.mp3.mp3,4,10
e5fb0853276df3a5e142db19e428fce6,telugu,real,real,057_Ammamma Yedabothe.mp3.mp3,5,10
84aab3e367ee519d28057c17f2a0ffe2,telugu,real,real,057_Ammamma Yedabothe.mp3.mp3,6,10
833f167d9d2aa907996e6d57a0b42eb4,telugu,real,real,057_Ammamma Yedabothe.mp3.mp3,7,10
c2b57219b8589a98254a53f34a79c64a,telugu,real,real,057_Ammamma Yedabothe.mp3.mp3,8,10
23d466266587c55f3ffbd0836b4138e4,telugu,real,real,057_Ammamma Yedabothe.mp3.mp3,9,10
904b52473d80b2c4a263a75a25af22b4,telugu,real,real,057_Ammamma Yedabothe.mp3.mp3,10,10
90e2e397a487a6af66ca011137f8628f,telugu,real,real,057_Ammamma Yedabothe.mp3.mp3,11,10
71fad372bc06ab14bbb07ac7cfdd5a41,telugu,real,real,057_Ammamma Yedabothe.mp3.mp3,12,10
6c8df29aae446c19e7365a0db4e53f5d,telugu,real,real,057_Ammamma Yedabothe.mp3.mp3,13,10
a91763b0b93118c30f07f980e405f42a,telugu,real,real,057_Ammamma Yedabothe.mp3.mp3,14,10
eda03942ea307554a8f0ab4ae6d942f0,telugu,real,real,057_Ammamma Yedabothe.mp3.mp3,15,10
0fcfff37dbd58ddb91a65f2dcf3a92c3,telugu,real,real,057_Ammamma Yedabothe.mp3.mp3,16,10
0a1f8a6dd6cb5aa70d06b9242d86818c,telugu,real,real,057_Ammamma Yedabothe.mp3.mp3,17,10
4c42e1160ffd3a07720bb4b27a1ac3b9,telugu,real,real,057_Ammamma Yedabothe.mp3.mp3,18,10
cf72e41af17a898b7f05467137ddf12b,telugu,real,real,057_Ammamma Yedabothe.mp3.mp3,19,10
6dccce91f1ec0e41d80853e708ebcbdf,telugu,real,real,057_Ammamma Yedabothe.mp3.mp3,20,10
cdae6d88dceaa1594fc9a671be877114,telugu,real,real,057_Ammamma Yedabothe.mp3.mp3,21,10
3b12ff1b7020b083d8cb7f4026976df8,telugu,real,real,057_Ammamma Yedabothe.mp3.mp3,22,10
d0a38b6afa2bc0ca11db85dce83901cb,telugu,real,real,057_Ammamma Yedabothe.mp3.mp3,23,10
a93a742a92a09f64a68925545a44326c,telugu,real,real,057_Ammamma Yedabothe.mp3.mp3,24,10
0cea0a0e66e7e05e4d00c66981473453,telugu,real,real,059_Swamulara Babu.mp3.mp3,0,10
afac1c84455aea0434455a6d2fe7c7c5,telugu,real,real,059_Swamulara Babu.mp3.mp3,1,10
705a9274f5b0f337056a78c4f9e6a9e7,telugu,real,real,059_Swamulara Babu.mp3.mp3,2,10
fc4786709e1fcd787683eaef7779b853,telugu,real,real,059_Swamulara Babu.mp3.mp3,3,10
a20d028c32732d3b9df7307ab2ee8124,telugu,real,real,059_Swamulara Babu.mp3.mp3,4,10
43157deab86b64fb7182595b19ebd6bf,telugu,real,real,059_Swamulara Babu.mp3.mp3,5,10
ff748197f31434f212870c2e5b53948e,telugu,real,real,059_Swamulara Babu.mp3.mp3,6,10
27ee2feb4045f8a213c2f10967189f34,telugu,real,real,059_Swamulara Babu.mp3.mp3,7,10
38a0e2888cf732e3fe4be6a73f1d36a3,telugu,real,real,059_Swamulara Babu.mp3.mp3,8,10
d1a1f589547ce564d4832a584c51534d,telugu,real,real,059_Swamulara Babu.mp3.mp3,9,10
c5afa1570e9a03c504691d796710a658,telugu,real,real,059_Swamulara Babu.mp3.mp3,10,10
73a39099b9c7d55433aca49e1e3c4ce1,telugu,real,real,059_Swamulara Babu.mp3.mp3,11,10
0644fe668da330e0d26b13652bd9dc77,telugu,real,real,059_Swamulara Babu.mp3.mp3,12,10
f421b63e6d8dc3442aaa6a72206a3e50,telugu,real,real,059_Swamulara Babu.mp3.mp3,13,10
ca7e15218ef4f01607e34f380341b980,telugu,real,real,059_Swamulara Babu.mp3.mp3,14,10
9e2d1712a8a7287202c77ee10cda922d,telugu,real,real,059_Swamulara Babu.mp3.mp3,15,10
0091a13281d1088c77499ccbd774df18,telugu,real,real,059_Swamulara Babu.mp3.mp3,16,10
fba6e58a6f56b15e461f6e8a8f6c97a5,telugu,real,real,059_Swamulara Babu.mp3.mp3,17,10
1d89820cf5428fcad7b782883aa060fb,telugu,real,real,059_Swamulara Babu.mp3.mp3,18,10
bd585ae4a1ab9879068dad1fbabee1d0,telugu,real,real,059_Swamulara Babu.mp3.mp3,19,10
7d2e0d4bc651dbc7583ed16edb7da455,telugu,real,real,059_Swamulara Babu.mp3.mp3,20,10
9abc735625ec82e2c8f0cabdac43e0e5,telugu,real,real,059_Swamulara Babu.mp3.mp3,21,10
dcc6228606f55cd109b6b6ae6ff135de,telugu,real,real,059_Swamulara Babu.mp3.mp3,22,10
893a01bb8041d974b8ea1ec9907aa375,telugu,real,real,060_Appe Chestavo.mp3.mp3,0,10
1bd11d550147c05e84db388e4c4040da,telugu,real,real,060_Appe Chestavo.mp3.mp3,1,10
10cbcd1feb21f644be07fae2f0221523,telugu,real,real,060_Appe Chestavo.mp3.mp3,2,10
c228ebdc16309ad0e69d11d7e957d0f0,telugu,real,real,060_Appe Chestavo.mp3.mp3,3,10
c9c327c1fd2c2a5ad8f0e962021a6291,telugu,real,real,060_Appe Chestavo.mp3.mp3,4,10
1b2e5c157cf96d47f4c40262badc5b8d,telugu,real,real,060_Appe Chestavo.mp3.mp3,5,10
4720263fed24a901a98382c6aaffca01,telugu,real,real,060_Appe Chestavo.mp3.mp3,6,10
ccac73a0b4e49fe1283931a243c08035,telugu,real,real,060_Appe Chestavo.mp3.mp3,7,10
7a39b886b30b4a0df4cd505537d5ce46,telugu,real,real,060_Appe Chestavo.mp3.mp3,8,10
2dd2255fad2d474b87158bb9108d2e89,telugu,real,real,060_Appe Chestavo.mp3.mp3,9,10
659a880e4addefafdadae2387a952482,telugu,real,real,060_Appe Chestavo.mp3.mp3,10,10
fae75f06877aa0562298e61c6777c395,telugu,real,real,060_Appe Chestavo.mp3.mp3,11,10
d1960e1aa19cd0b48849e5f8ad2109a4,telugu,real,real,060_Appe Chestavo.mp3.mp3,12,10
d11039e90d550581fb90101fe6340af7,telugu,real,real,060_Appe Chestavo.mp3.mp3,13,10
1009333d9d42bf93d4bf86e9b15a015d,telugu,real,real,060_Appe Chestavo.mp3.mp3,14,10
dd534b3a40d9a538ead635c9ef6b8bc1,telugu,real,real,060_Appe Chestavo.mp3.mp3,15,10
e59f0c7d02d01972c558a9b3fcd343bb,telugu,real,real,060_Appe Chestavo.mp3.mp3,16,10
87f1b22d46f3529a629110758f80ea71,telugu,real,real,060_Appe Chestavo.mp3.mp3,17,10
56484080491786e654d7765d40ae4f6b,telugu,real,real,060_Appe Chestavo.mp3.mp3,18,10
3af4a040295e8fab3588a670b83a33a0,telugu,real,real,060_Appe Chestavo.mp3.mp3,19,10
a905e1c821800c31ac4723ac0795fca1,telugu,real,real,060_Appe Chestavo.mp3.mp3,20,10
e0e4dcec8f72e2efd634889e64857165,telugu,real,real,060_Appe Chestavo.mp3.mp3,21,10
a3bbfe80459f7db7e41c9b3978da5c92,telugu,real,real,060_Appe Chestavo.mp3.mp3,22,10
9f388162eda59268a0f6f91e0c4a0bf1,telugu,real,real,060_Appe Chestavo.mp3.mp3,23,10
d80f2b26b4f20233d76fb849831a20c2,telugu,real,real,060_Appe Chestavo.mp3.mp3,24,10
936c7b2231cad08fed1e14c25954a08e,telugu,real,real,060_Appe Chestavo.mp3.mp3,25,10
745d4e0e61f5c66c005f0526c82fafcf,telugu,real,real,060_Appe Chestavo.mp3.mp3,26,10
035ec7c05746693e7fedbab256f477a1,telugu,real,real,061_Pachhani Mana Pally.mp3.mp3,0,10
fd99450fbc5f31c06b0b261786e24c48,telugu,real,real,061_Pachhani Mana Pally.mp3.mp3,1,10
f39b6717adab024e7bc61198a29be313,telugu,real,real,061_Pachhani Mana Pally.mp3.mp3,2,10
0bcdf850d9d92e6a087dfd2c2ab6fb61,telugu,real,real,061_Pachhani Mana Pally.mp3.mp3,3,10
3e7dbe40b1d8adf4607464162250f738,telugu,real,real,061_Pachhani Mana Pally.mp3.mp3,4,10
138e8c4795e4290cb74e8ed2edb78d26,telugu,real,real,061_Pachhani Mana Pally.mp3.mp3,5,10
8de39b0e9d4e7df5904f2ce56e12bf15,telugu,real,real,061_Pachhani Mana Pally.mp3.mp3,6,10
a5ac7abbceeb7d31cf87835d9511ba69,telugu,real,real,061_Pachhani Mana Pally.mp3.mp3,7,10
ca4f3141fdf042d478fb259311ef07e7,telugu,real,real,061_Pachhani Mana Pally.mp3.mp3,8,10
bb8ce949ed1481db2a6932622f889f2d,telugu,real,real,061_Pachhani Mana Pally.mp3.mp3,9,10
59adfd59f50babf07e27dd240bc8d87e,telugu,real,real,061_Pachhani Mana Pally.mp3.mp3,10,10
478d1ca951c15a50e2461b9548ec624a,telugu,real,real,061_Pachhani Mana Pally.mp3.mp3,11,10
11f3cf7a9b073772195c26773ed10367,telugu,real,real,061_Pachhani Mana Pally.mp3.mp3,12,10
63a096936f3171ca585ad065104a55c4,telugu,real,real,061_Pachhani Mana Pally.mp3.mp3,13,10
a99909b383f4c233e7c71b759d4d5de7,telugu,real,real,061_Pachhani Mana Pally.mp3.mp3,14,10
6e8c8c5626eca1333c67f7f883c5abd6,telugu,real,real,061_Pachhani Mana Pally.mp3.mp3,15,10
d0a0f0dc9b8a24e0b6373e03495d3a71,telugu,real,real,061_Pachhani Mana Pally.mp3.mp3,16,10
182a206d50bfe9e9a9dd1940c7ea230d,telugu,real,real,061_Pachhani Mana Pally.mp3.mp3,17,10
b7ba26b97e8338dffe69a5f4b67222e9,telugu,real,real,062_Ayyori Mogada.mp3.mp3,0,10
8afd03f8ad1a507fe27f0797d6886cc4,telugu,real,real,062_Ayyori Mogada.mp3.mp3,1,10
0ea7d4d10590d1c6afd307352715d76a,telugu,real,real,062_Ayyori Mogada.mp3.mp3,2,10
7a03268956b7e572f55a5280630ffcf5,telugu,real,real,062_Ayyori Mogada.mp3.mp3,3,10
1e07c0d95d7b77e36dda570c010eaf0f,telugu,real,real,062_Ayyori Mogada.mp3.mp3,4,10
7f9fad2199c3b458cc613bb2212c56dc,telugu,real,real,062_Ayyori Mogada.mp3.mp3,5,10
a3fa2918a183cfb233ed4618df37388b,telugu,real,real,062_Ayyori Mogada.mp3.mp3,6,10
a46525d2e7eabe9e85b59ff998220105,telugu,real,real,062_Ayyori Mogada.mp3.mp3,7,10
66bc4aebeed5f6aec0a2459e84255dc3,telugu,real,real,062_Ayyori Mogada.mp3.mp3,8,10
c009646c26ec051945deb059068e471b,telugu,real,real,062_Ayyori Mogada.mp3.mp3,9,10
43a49462051715eb299a675a21dedea9,telugu,real,real,062_Ayyori Mogada.mp3.mp3,10,10
b3c619d8393a5bac5f6a2b45f3f259c8,telugu,real,real,062_Ayyori Mogada.mp3.mp3,11,10
c8b66ad674b7a1ddc82eb88c74fa0ed7,telugu,real,real,062_Ayyori Mogada.mp3.mp3,12,10
4a4161891758e580544504e03d47300c,telugu,real,real,062_Ayyori Mogada.mp3.mp3,13,10
ce172d2b94032ab03ed79b1641729128,telugu,real,real,062_Ayyori Mogada.mp3.mp3,14,10
5e1b08e81858c1d30587bebbf6c18396,telugu,real,real,062_Ayyori Mogada.mp3.mp3,15,10
123fd1e2b7dbaf85a0fbc72544f5b1d7,telugu,real,real,062_Ayyori Mogada.mp3.mp3,16,10
adff2e5a97606c02b603b92c01985ecc,telugu,real,real,062_Ayyori Mogada.mp3.mp3,17,10
bb73572d3b3d17b72a1d82f5389dfc6d,telugu,real,real,062_Ayyori Mogada.mp3.mp3,18,10
81cdd6067b5cd1fbb1095bd146151a11,telugu,real,real,062_Ayyori Mogada.mp3.mp3,19,10
e9fadb360d8db8d7e8af1634e6d89c45,telugu,real,real,062_Ayyori Mogada.mp3.mp3,20,10
1eb5faf4dbfa620e9ef92d0cd71c13f0,telugu,real,real,062_Ayyori Mogada.mp3.mp3,21,10
1946c2648e662c41c43213e0da27732e,telugu,real,real,063_Yemi Rajakiyalo.mp3.mp3,0,10
ca4427898c4655eeac2fd6411a09cf0b,telugu,real,real,063_Yemi Rajakiyalo.mp3.mp3,1,10
60c5972fe03f0a3a70398397df28b118,telugu,real,real,063_Yemi Rajakiyalo.mp3.mp3,2,10
f24d0bb0b5d61e932c63c2560661e266,telugu,real,real,063_Yemi Rajakiyalo.mp3.mp3,3,10
d87ef3d1f8dae4d76269824dd1d5efa2,telugu,real,real,063_Yemi Rajakiyalo.mp3.mp3,4,10
59e04ac53158a5befb32e1684c9a0bf5,telugu,real,real,063_Yemi Rajakiyalo.mp3.mp3,5,10
6101d884cbd8ddfd1e5bdebdc935beb8,telugu,real,real,063_Yemi Rajakiyalo.mp3.mp3,6,10
e85f18a882942be969d440dfae40ef27,telugu,real,real,063_Yemi Rajakiyalo.mp3.mp3,7,10
5bff85beb6a9a6584d552402775485ee,telugu,real,real,063_Yemi Rajakiyalo.mp3.mp3,8,10
165a82492d2d5715075825ccf5aeb402,telugu,real,real,063_Yemi Rajakiyalo.mp3.mp3,9,10
1bf8192d92a42af5aea4395e58d1332c,telugu,real,real,063_Yemi Rajakiyalo.mp3.mp3,10,10
74cef9dfe9dc8a968b474dca5b44d866,telugu,real,real,063_Yemi Rajakiyalo.mp3.mp3,11,10
cf72523ee73fb3d69990a0043844ac0a,telugu,real,real,063_Yemi Rajakiyalo.mp3.mp3,12,10
3dff5b2997422aa410c82fb88c07ecb1,telugu,real,real,063_Yemi Rajakiyalo.mp3.mp3,13,10
270ad2b5477fe2325e1744555fa1ed34,telugu,real,real,063_Yemi Rajakiyalo.mp3.mp3,14,10
4c0ed9e7d863eb4734858a3f48bab0d2,telugu,real,real,063_Yemi Rajakiyalo.mp3.mp3,15,10
e38064e1d8901983794de909cc3a914a,telugu,real,real,063_Yemi Rajakiyalo.mp3.mp3,16,10
1dfdadb21bffa837082e3c57c3c6d53b,telugu,real,real,063_Yemi Rajakiyalo.mp3.mp3,17,10
12fe7a9e4892923f50b6c1e3c330be53,telugu,real,real,063_Yemi Rajakiyalo.mp3.mp3,18,10
e4ca008a153638888ffc1c6973542f9e,telugu,real,real,063_Yemi Rajakiyalo.mp3.mp3,19,10
7a7b822a2b5e2896e209a90fb39acdc7,telugu,real,real,063_Yemi Rajakiyalo.mp3.mp3,20,10
998f970081b255011fd67c907afba67f,telugu,real,real,063_Yemi Rajakiyalo.mp3.mp3,21,10
e09888ff52e29476ddba0524c998bcd8,telugu,real,real,063_Yemi Rajakiyalo.mp3.mp3,22,10
8c01ed1ab595eed1a863a737bab6d826,telugu,real,real,063_Yemi Rajakiyalo.mp3.mp3,23,10
db050097d7d2b523c13d19b88cd4bf3a,telugu,real,real,063_Yemi Rajakiyalo.mp3.mp3,24,10
c6f0b44e42eb26b3aac0096379552bc7,telugu,real,real,063_Yemi Rajakiyalo.mp3.mp3,25,10
010bd4f27da6ecd4d4738bd2a60b5934,telugu,real,real,063_Yemi Rajakiyalo.mp3.mp3,26,10
b8cd5e2dda30d92de561c697cd915b67,telugu,real,real,063_Yemi Rajakiyalo.mp3.mp3,27,10
95ca6b5debc0a684fef52b84bd0e6c66,telugu,real,real,063_Yemi Rajakiyalo.mp3.mp3,28,10
874833af9dfff35b2dc4381681597848,telugu,real,real,063_Yemi Rajakiyalo.mp3.mp3,29,10
95c59332fa2715b5d019b9078004b24b,telugu,real,real,063_Yemi Rajakiyalo.mp3.mp3,30,10
a431b9bb27b4be3fa392076fd30cf9dc,telugu,real,real,063_Yemi Rajakiyalo.mp3.mp3,31,10
a54823549e24f3fe55b41bf523652d6e,telugu,real,real,063_Yemi Rajakiyalo.mp3.mp3,32,10
b5c428925459fc5216b835bf66f65dce,telugu,real,real,063_Yemi Rajakiyalo.mp3.mp3,33,10
d7777742f85b8d55af72b8ed0cc06525,telugu,real,real,063_Yemi Rajakiyalo.mp3.mp3,34,10
5eeb92938c23347b659b695b714f4fc8,telugu,real,real,063_Yemi Rajakiyalo.mp3.mp3,35,10
12538331b34d4be37d5f468e213cc939,telugu,real,real,063_Yemi Rajakiyalo.mp3.mp3,36,10
c53aa435e96e54bd8f8a44ba59f416f2,telugu,real,real,063_Yemi Rajakiyalo.mp3.mp3,37,10
5f4dd113fa504c83ecb55be3d23a2a35,telugu,real,real,063_Yemi Rajakiyalo.mp3.mp3,38,10
224dfe42de1e34b476705f002716fc0e,telugu,real,real,063_Yemi Rajakiyalo.mp3.mp3,39,10
0a65f75cc9a6dcefe134b28e02b29949,telugu,real,real,063_Yemi Rajakiyalo.mp3.mp3,40,10
c895c05648fa3b5201f48d4d80645c7f,telugu,real,real,066_Bonala Patalu.mp3.mp3,0,10
36367150a9ee5fbdbb23d389782057ed,telugu,real,real,066_Bonala Patalu.mp3.mp3,1,10
7a4b1c2a92290d86b14cb80d20b2b843,telugu,real,real,066_Bonala Patalu.mp3.mp3,2,10
be9c297e5cae54b30aac2e841bf32607,telugu,real,real,066_Bonala Patalu.mp3.mp3,3,10
1764c738831320ebc1badc91695b2afe,telugu,real,real,066_Bonala Patalu.mp3.mp3,4,10
532ecebf085a5173aaa04f238dfe800c,telugu,real,real,066_Bonala Patalu.mp3.mp3,5,10
41d74b1e9df686744b75928673a6d67d,telugu,real,real,066_Bonala Patalu.mp3.mp3,6,10
cbdecc028205157855cef8c4322ed8cc,telugu,real,real,066_Bonala Patalu.mp3.mp3,7,10
f98702a40104fe6d1ca46faef39f8abd,telugu,real,real,066_Bonala Patalu.mp3.mp3,8,10
7e61c2375a5b6e7bf724ac71a4d7db4c,telugu,real,real,066_Bonala Patalu.mp3.mp3,9,10
6f4ff1c2bf9f79862089008c0c08780d,telugu,real,real,066_Bonala Patalu.mp3.mp3,10,10
392d46eccf886df2811ab83dc78fea93,telugu,real,real,066_Bonala Patalu.mp3.mp3,11,10
06f3a178ced41a38675755d804f6b5c0,telugu,real,real,066_Bonala Patalu.mp3.mp3,12,10
1ccd50602b00c231b9da111368727eae,telugu,real,real,066_Bonala Patalu.mp3.mp3,13,10
400816e7e6730d177d88abcc5056ccb2,telugu,real,real,066_Bonala Patalu.mp3.mp3,14,10
53afb2faa44718d81def526adf848218,telugu,real,real,066_Bonala Patalu.mp3.mp3,15,10
164eec49094ffc83f210e12e4b5e7d33,telugu,real,real,066_Bonala Patalu.mp3.mp3,16,10
7b2b843fee218e4e1946170667addf22,telugu,real,real,066_Bonala Patalu.mp3.mp3,17,10
c59a2e35fd38b91bf31e15faaea8ffa3,telugu,real,real,066_Bonala Patalu.mp3.mp3,18,10
72b5ca98777078bd62c824a97778965b,telugu,real,real,066_Bonala Patalu.mp3.mp3,19,10
59498400626f605863f2113983395ef9,telugu,real,real,066_Bonala Patalu.mp3.mp3,20,10
cc39989b0c68a60267afff50d15a8f42,telugu,real,real,066_Bonala Patalu.mp3.mp3,21,10
6b9fd52560fe5fa1d99c1b5e364c7631,telugu,real,real,066_Bonala Patalu.mp3.mp3,22,10
f1ed7e5e6521da9d4354c73e66b95bd7,telugu,real,real,069_Palle Kanneru Peduthundo.mp3.mp3,0,10
eca9c110ea9a6c70fabc2bc0209f680f,telugu,real,real,069_Palle Kanneru Peduthundo.mp3.mp3,1,10
161ba537b0fb94fbee724f2d064aa162,telugu,real,real,069_Palle Kanneru Peduthundo.mp3.mp3,2,10
73541ce3ddc5070b2b856a70cf710d7d,telugu,real,real,069_Palle Kanneru Peduthundo.mp3.mp3,3,10
dc9f8d50cc33ff5fe72f104e21e58750,telugu,real,real,069_Palle Kanneru Peduthundo.mp3.mp3,4,10
06cc5ef0fb7784e78b93f08d457e4fd6,telugu,real,real,069_Palle Kanneru Peduthundo.mp3.mp3,5,10
8d4769f8073b3da973eab18773202755,telugu,real,real,069_Palle Kanneru Peduthundo.mp3.mp3,6,10
634a62179e7a99cfc4f949adcc7f80ce,telugu,real,real,069_Palle Kanneru Peduthundo.mp3.mp3,7,10
597acb2c39da905cbf84d3e0f2b25bbd,telugu,real,real,069_Palle Kanneru Peduthundo.mp3.mp3,8,10
db343a0920b75173fcd04f44250955bc,telugu,real,real,069_Palle Kanneru Peduthundo.mp3.mp3,9,10
50218522460b9d0cd6512e22c5e8b7eb,telugu,real,real,069_Palle Kanneru Peduthundo.mp3.mp3,10,10
640ef5a0ab5476209e97298b0b0f9925,telugu,real,real,069_Palle Kanneru Peduthundo.mp3.mp3,11,10
0c28ef7663f2ba8b74fea1672fc6115c,telugu,real,real,069_Palle Kanneru Peduthundo.mp3.mp3,12,10
79cf3796f0cc2f43c28ea785592a181e,telugu,real,real,069_Palle Kanneru Peduthundo.mp3.mp3,13,10
5061dcfa447d12ab732a4fdb71fcb7e1,telugu,real,real,069_Palle Kanneru Peduthundo.mp3.mp3,14,10
49d897f8141a3f95191e86267b9a00b1,telugu,real,real,069_Palle Kanneru Peduthundo.mp3.mp3,15,10
0e7da15dcf93bf0bd3eaf221e0892091,telugu,real,real,069_Palle Kanneru Peduthundo.mp3.mp3,16,10
e2a656851d73879482f5ce76e22e7608,telugu,real,real,069_Palle Kanneru Peduthundo.mp3.mp3,17,10
066c25e9c2e62a8d737b1f2c594999b1,telugu,real,real,069_Palle Kanneru Peduthundo.mp3.mp3,18,10
e308c16b9c42d8dc0f5aa446586b6a15,telugu,real,real,069_Palle Kanneru Peduthundo.mp3.mp3,19,10
85ab70fd0639f08ba6c6447636d47d1e,telugu,real,real,069_Palle Kanneru Peduthundo.mp3.mp3,20,10
c1f803a129639f63a81b2c0b7e36e2a8,telugu,real,real,069_Palle Kanneru Peduthundo.mp3.mp3,21,10
5fc33c07cec02443c75f16646f5060bc,telugu,real,real,069_Palle Kanneru Peduthundo.mp3.mp3,22,10
8ef41b447466deedb7e3de86f751b40b,telugu,real,real,069_Palle Kanneru Peduthundo.mp3.mp3,23,10
8fe00d6e114c263dc37d715279c3fed9,telugu,real,real,069_Palle Kanneru Peduthundo.mp3.mp3,24,10
80b6d0eab00263716760a38eee921e1e,telugu,real,real,069_Palle Kanneru Peduthundo.mp3.mp3,25,10
32e751192dea2450fe6b9b6f57cf50dc,telugu,real,real,069_Palle Kanneru Peduthundo.mp3.mp3,26,10
83a266993995c9e1805f474153b942a8,telugu,real,real,069_Palle Kanneru Peduthundo.mp3.mp3,27,10
9cb53e47c979f346db02687d7f835f67,telugu,real,real,069_Palle Kanneru Peduthundo.mp3.mp3,28,10
b0067f2bc85c55aa7d7056c7d54e6150,telugu,real,real,069_Palle Kanneru Peduthundo.mp3.mp3,29,10
4980ac66c67b281f6d03bd3bf94dff98,telugu,real,real,069_Palle Kanneru Peduthundo.mp3.mp3,30,10
4a2a3533eeea97a1ecff67a388c1ac7b,telugu,real,real,069_Palle Kanneru Peduthundo.mp3.mp3,31,10
0b7759759dec5ea88577ac1ce4ea1374,telugu,real,real,069_Palle Kanneru Peduthundo.mp3.mp3,32,10
e049764df4057a277bb22301bdb48ea1,telugu,real,real,069_Palle Kanneru Peduthundo.mp3.mp3,33,10
8465ee5235e58746751f5cbfcb0724a3,telugu,real,real,069_Palle Kanneru Peduthundo.mp3.mp3,34,10
673afced0d5465dd8445cafeec45bdfc,telugu,real,real,069_Palle Kanneru Peduthundo.mp3.mp3,35,10
23b20f2983b93fd2c6d5ce840d415d58,telugu,real,real,069_Palle Kanneru Peduthundo.mp3.mp3,36,10
f705d084dcbcd077a5f71b98acb0a72a,telugu,real,real,069_Palle Kanneru Peduthundo.mp3.mp3,37,10
fc0f09703829201145f2ce304a96d8a2,telugu,real,real,069_Palle Kanneru Peduthundo.mp3.mp3,38,10
a777f297057170179cbd5adad43c9708,telugu,real,real,069_Palle Kanneru Peduthundo.mp3.mp3,39,10
152e29d4e5a76d08d3320368e051872a,telugu,real,real,069_Palle Kanneru Peduthundo.mp3.mp3,40,10
46b3777bf9d2007cf83b047323b92526,telugu,real,real,069_Palle Kanneru Peduthundo.mp3.mp3,41,10
1dfc156f12aac7d666a7b584a03f650c,telugu,real,real,069_Palle Kanneru Peduthundo.mp3.mp3,42,10
cc572a8eb9f060a54c692be5724b4029,telugu,real,real,069_Palle Kanneru Peduthundo.mp3.mp3,43,10
3a4a30c84ff97000503e1b78cb3aea9c,telugu,real,real,069_Palle Kanneru Peduthundo.mp3.mp3,44,10
bd7c30476315a41cab10d545a240b1bb,telugu,real,real,069_Palle Kanneru Peduthundo.mp3.mp3,45,10
348bbba6dfc51f52f8d97d975364a963,telugu,real,real,069_Palle Kanneru Peduthundo.mp3.mp3,46,10
bda9638974d83daccee3822cac24ab67,telugu,real,real,069_Palle Kanneru Peduthundo.mp3.mp3,47,10
9e119c0bd9dd9ee105a8e19ef08f1139,telugu,real,real,069_Palle Kanneru Peduthundo.mp3.mp3,48,10
534a683ec1199939dc3d7fb7afb7a580,telugu,real,real,069_Palle Kanneru Peduthundo.mp3.mp3,49,10
b8d972f40cdaf16e0cfa5dbefc7bfaba,telugu,real,real,069_Palle Kanneru Peduthundo.mp3.mp3,50,10
993acb83847b12f432a768561ea86e86,telugu,real,real,069_Palle Kanneru Peduthundo.mp3.mp3,51,10
561ea683827a6e59fd69ec5cbcd88f92,telugu,real,real,069_Palle Kanneru Peduthundo.mp3.mp3,52,10
1088210d8f90d058f548487bc42ca492,telugu,real,real,069_Palle Kanneru Peduthundo.mp3.mp3,53,10
6bfbd7d3f4d9c5e4f84021ea4690ea14,telugu,real,real,069_Palle Kanneru Peduthundo.mp3.mp3,54,10
e8781bae895570d38eccb16ad44c3a40,telugu,real,real,069_Palle Kanneru Peduthundo.mp3.mp3,55,10
8a21bde87564e753f80961b5e96706e6,telugu,real,real,069_Palle Kanneru Peduthundo.mp3.mp3,56,10
c9417268fb04b25a37e237afb2433006,telugu,real,real,069_Palle Kanneru Peduthundo.mp3.mp3,57,10
7bf12b65bbc0be81fb1629d516953fe1,telugu,real,real,069_Palle Kanneru Peduthundo.mp3.mp3,58,10
d7d21c40baea3f80851df567f95f3678,telugu,real,real,069_Palle Kanneru Peduthundo.mp3.mp3,59,10
67cccaa630ebc2471edc1d03f6cd42df,telugu,real,real,069_Palle Kanneru Peduthundo.mp3.mp3,60,10
7d9d9b09822b1b902da46fab237cd3a4,telugu,real,real,069_Palle Kanneru Peduthundo.mp3.mp3,61,10
08e290f80efa328f124b72646bf28f3f,telugu,real,real,069_Palle Kanneru Peduthundo.mp3.mp3,62,10
364bc34394295766530e465d884827df,telugu,real,real,069_Palle Kanneru Peduthundo.mp3.mp3,63,10
99ca9f58b6d2976faa15ebfa718012bc,telugu,real,real,069_Palle Kanneru Peduthundo.mp3.mp3,64,10
64ff90248dd30cc3c0c9b70ad56e315c,telugu,real,real,069_Palle Kanneru Peduthundo.mp3.mp3,65,10
87bbc1dd93eb781a2287b027cd34db6a,telugu,real,real,069_Palle Kanneru Peduthundo.mp3.mp3,66,10
baa4e101c2f5b6e880b0d9cfe911be85,telugu,real,real,069_Palle Kanneru Peduthundo.mp3.mp3,67,10
7525e0b4c9b42b365d024f730b140484,telugu,real,real,069_Palle Kanneru Peduthundo.mp3.mp3,68,10
dc0f3f422ae7bc493e1ca6a74ec0cbff,telugu,real,real,069_Palle Kanneru Peduthundo.mp3.mp3,69,10
560c102afb5e55685d4cf51f112be48b,telugu,real,real,069_Palle Kanneru Peduthundo.mp3.mp3,70,10
b6dbb2e148dd58d5c1f35fab4e062152,telugu,real,real,069_Palle Kanneru Peduthundo.mp3.mp3,71,10
0ab462d6fa68a4919afba29cd7cb7a63,telugu,real,real,069_Palle Kanneru Peduthundo.mp3.mp3,72,10
f01516424c1a86757deee397ff5fc541,telugu,real,real,069_Palle Kanneru Peduthundo.mp3.mp3,73,10
5d1d15ad9171999906d22a8260802676,telugu,real,real,069_Palle Kanneru Peduthundo.mp3.mp3,74,10
c4533a65cd76e4d0db84702f01725454,telugu,real,real,069_Palle Kanneru Peduthundo.mp3.mp3,75,10
188c382f6c725c6c4e49e9ec98280be9,telugu,real,real,069_Palle Kanneru Peduthundo.mp3.mp3,76,10
8d83f9ec7c5c498c0925d03b031e8ac1,telugu,real,real,069_Palle Kanneru Peduthundo.mp3.mp3,77,10
c09dd531308bdb6e48f9a4e5037c5ff0,telugu,real,real,069_Palle Kanneru Peduthundo.mp3.mp3,78,10
c753ea4e684b31480506c5e07497aede,telugu,real,real,069_Palle Kanneru Peduthundo.mp3.mp3,79,10
71f3cee74f72a97d284da53ba8966d4f,telugu,real,real,069_Palle Kanneru Peduthundo.mp3.mp3,80,10
bf12830ff7b5654dbfa0819e7a0b75f8,telugu,real,real,069_Palle Kanneru Peduthundo.mp3.mp3,81,10
4ecd3d7c0fa6ae9aa8f3a58a531755f2,telugu,real,real,069_Palle Kanneru Peduthundo.mp3.mp3,82,10
00c75b69879cb691d3a8eeb93de050c2,telugu,real,real,069_Palle Kanneru Peduthundo.mp3.mp3,83,10
905ca68772b3534a37e0da3b7dec36d6,telugu,real,real,069_Palle Kanneru Peduthundo.mp3.mp3,84,10
319e616da47e2980e8bb5440fc588f41,telugu,real,real,069_Palle Kanneru Peduthundo.mp3.mp3,85,10
465056a8587f5213291be5ecdc7af1f6,telugu,real,real,069_Palle Kanneru Peduthundo.mp3.mp3,86,10
6e7362e3536de708733b4d31361e95bf,telugu,real,real,069_Palle Kanneru Peduthundo.mp3.mp3,87,10
d61255efb0c22a724aca5f4dc8f6159e,telugu,real,real,069_Palle Kanneru Peduthundo.mp3.mp3,88,10
438deac03d80905fb4a763b6d5f50fcd,telugu,real,real,069_Palle Kanneru Peduthundo.mp3.mp3,89,10
59f55e537fb5364d0dc40f520185f4b9,telugu,real,real,069_Palle Kanneru Peduthundo.mp3.mp3,90,10
00a2accf65935c6ca8eec90d32a00ce8,telugu,real,real,069_Palle Kanneru Peduthundo.mp3.mp3,91,10
98ba7c9f77f33e6a2be91c586142bbca,telugu,real,real,069_Palle Kanneru Peduthundo.mp3.mp3,92,10
8ef4f0c4dc5010efd5e9614df88cf0af,telugu,real,real,069_Palle Kanneru Peduthundo.mp3.mp3,93,10
401afdd8b5a00cad70da6de2a0d8509c,telugu,real,real,069_Palle Kanneru Peduthundo.mp3.mp3,94,10
b2479e5ee9c4c3341f6449e7ab38da1a,telugu,real,real,069_Palle Kanneru Peduthundo.mp3.mp3,95,10
2892e7a02c7c11139cf98d8989b63bed,telugu,real,real,069_Palle Kanneru Peduthundo.mp3.mp3,96,10
77827da1291fb1d06ab457b8446de2a5,telugu,real,real,069_Palle Kanneru Peduthundo.mp3.mp3,97,10
0101419e321a46642d84cc024e538e31,telugu,real,real,069_Palle Kanneru Peduthundo.mp3.mp3,98,10
3ea8fedf418d25a5858ecfdadc0e135b,telugu,real,real,069_Palle Kanneru Peduthundo.mp3.mp3,99,10
69be821c263a9ce3d42d82431e0ce8d8,telugu,real,real,069_Palle Kanneru Peduthundo.mp3.mp3,100,10
5e9e0077be49b05dd6ef5bfde673b31c,telugu,real,real,069_Palle Kanneru Peduthundo.mp3.mp3,101,10
f86e55d4cfd154f5a30857391916be6c,telugu,real,real,069_Palle Kanneru Peduthundo.mp3.mp3,102,10
ffb556bb2c1bccfb3a866c31a308919e,telugu,real,real,069_Palle Kanneru Peduthundo.mp3.mp3,103,10
f2175c9fcec5c91f0e10ca75dfe8c2aa,telugu,real,real,069_Palle Kanneru Peduthundo.mp3.mp3,104,10
dd315a8951ee3f722be39f1e5eb1ed62,telugu,real,real,069_Palle Kanneru Peduthundo.mp3.mp3,105,10
891102f230884ecb63ef3c1995c1fa70,telugu,real,real,069_Palle Kanneru Peduthundo.mp3.mp3,106,10
ab2701bacbde0f0c47724e30e2c9e21b,telugu,real,real,069_Palle Kanneru Peduthundo.mp3.mp3,107,10
930e5ba59f49f9401559b69ab1bef8aa,telugu,real,real,069_Palle Kanneru Peduthundo.mp3.mp3,108,10
e0ee8f7169a13b2b1e817a0e00a61ecb,telugu,real,real,069_Palle Kanneru Peduthundo.mp3.mp3,109,10
43d313dd5c2554da4d854b5ba7c842b4,telugu,real,real,069_Palle Kanneru Peduthundo.mp3.mp3,110,10
a47fb16d9ba27d55357c5b6675bb4d38,telugu,real,real,069_Palle Kanneru Peduthundo.mp3.mp3,111,10
002a21f790fc02f4c1a5898a992f14bb,telugu,real,real,069_Palle Kanneru Peduthundo.mp3.mp3,112,10
c43069490144d1b319b705c552f9b962,telugu,real,real,069_Palle Kanneru Peduthundo.mp3.mp3,113,10
98497bcea419725fac8f3f843d1aea03,telugu,real,real,069_Palle Kanneru Peduthundo.mp3.mp3,114,10
030f5c932614a53a0a00f2c07f4bfb24,telugu,real,real,069_Palle Kanneru Peduthundo.mp3.mp3,115,10
ed5d627acca63281d03cc514fbfe12bb,telugu,real,real,069_Palle Kanneru Peduthundo.mp3.mp3,116,10
cf474b7de9221468442c59e2125de58a,telugu,real,real,069_Palle Kanneru Peduthundo.mp3.mp3,117,10
2c7e2523b05b024c35aafd82cfed5561,telugu,real,real,069_Palle Kanneru Peduthundo.mp3.mp3,118,10
844b0d03ca9a0631e92557abe4467bd1,telugu,real,real,069_Palle Kanneru Peduthundo.mp3.mp3,119,10
fa83aeb32dab586164994d66d27df7f7,telugu,real,real,069_Palle Kanneru Peduthundo.mp3.mp3,120,10
0a1e51c1e41e25c545b8e3576bb3ad90,telugu,real,real,069_Palle Kanneru Peduthundo.mp3.mp3,121,10
4464462bf52053f60fa85114137ff426,telugu,real,real,069_Palle Kanneru Peduthundo.mp3.mp3,122,10
8f2ea8bc20faaa6cda4570bcff91dc95,telugu,real,real,069_Palle Kanneru Peduthundo.mp3.mp3,123,10
0f814e281d7da74bbb4edd6b4f4c9b07,telugu,real,real,069_Palle Kanneru Peduthundo.mp3.mp3,124,10
6005198a25373fe67db598bb98c07e88,telugu,real,real,069_Palle Kanneru Peduthundo.mp3.mp3,125,10
d1bbd4f7e1d1051029b0c49cd333f8e1,telugu,real,real,069_Palle Kanneru Peduthundo.mp3.mp3,126,10
5474d6a74523c18cc66adb0b62637af0,telugu,real,real,069_Palle Kanneru Peduthundo.mp3.mp3,127,10
f2a1d5c8a2a3870fe4e75ef3ec8c38f0,telugu,real,real,069_Palle Kanneru Peduthundo.mp3.mp3,128,10
897dd2ab518692c3e1261c1da7f20806,telugu,real,real,069_Palle Kanneru Peduthundo.mp3.mp3,129,10
05004c10a6b5f599ba510acf4a8fc3e1,telugu,real,real,069_Palle Kanneru Peduthundo.mp3.mp3,130,10
4c73bd0426d1fd1e1e477fc91a5d8598,telugu,real,real,069_Palle Kanneru Peduthundo.mp3.mp3,131,10
e650fcbb24ac142e6f9eb457e072eaee,telugu,real,real,069_Palle Kanneru Peduthundo.mp3.mp3,132,10
51863787f325ff81767f9308e23dcad6,telugu,real,real,069_Palle Kanneru Peduthundo.mp3.mp3,133,10
86dcb8c766f7dac9a6b9653eddd91457,telugu,real,real,069_Palle Kanneru Peduthundo.mp3.mp3,134,10
ee459f02c21b307c02b6a99137b36c33,telugu,real,real,069_Palle Kanneru Peduthundo.mp3.mp3,135,10
35ff8690b1ea806574936c7f2f7f932a,telugu,real,real,069_Palle Kanneru Peduthundo.mp3.mp3,136,10
5728894599d2e49a74efd5fac3c5d066,telugu,real,real,069_Palle Kanneru Peduthundo.mp3.mp3,137,10
5ce3cdcb62ba41466f9e60cf0803f1e6,telugu,real,real,069_Palle Kanneru Peduthundo.mp3.mp3,138,10
ef9cbbe903c07db5f19adf3f0e03a4f6,telugu,real,real,069_Palle Kanneru Peduthundo.mp3.mp3,139,10
a00febea5be92149225fe3b9d3a26bd9,telugu,real,real,069_Palle Kanneru Peduthundo.mp3.mp3,140,10
505fe6ec70ca11c60c0d3f4a0f2a363d,telugu,real,real,069_Palle Kanneru Peduthundo.mp3.mp3,141,10
c00ba73db714c6f79e03f99eeb315d7f,telugu,real,real,069_Palle Kanneru Peduthundo.mp3.mp3,142,10
384e89794fc72f8b3985b5d7d523e49c,telugu,real,real,069_Palle Kanneru Peduthundo.mp3.mp3,143,10
b760a885dfe942183eddb5e3582536b5,telugu,real,real,069_Palle Kanneru Peduthundo.mp3.mp3,144,10
a743b272f4ea5f8d27b5f019997e6266,telugu,real,real,069_Palle Kanneru Peduthundo.mp3.mp3,145,10
d4eef8af34fff51165b1194370a43ea3,telugu,real,real,069_Palle Kanneru Peduthundo.mp3.mp3,146,10
8dbc69966e75c0c0590b089788748ba4,telugu,real,real,069_Palle Kanneru Peduthundo.mp3.mp3,147,10
62c62c57b3dea5d332d9e7b0d73c0d79,telugu,real,real,069_Palle Kanneru Peduthundo.mp3.mp3,148,10
c656889f630e8f3ce5286ae35eae328a,telugu,real,real,069_Palle Kanneru Peduthundo.mp3.mp3,149,10
b3e3f12356128be00dcdf166ad72259b,telugu,real,real,069_Palle Kanneru Peduthundo.mp3.mp3,150,10
cbc30b0c124c60b8d53605aec4898057,telugu,real,real,069_Palle Kanneru Peduthundo.mp3.mp3,151,10
a2b2354194b86091342c0dab6a2097f1,telugu,real,real,069_Palle Kanneru Peduthundo.mp3.mp3,152,10
a67b402962534a13605e20f5d0b685d9,telugu,real,real,069_Palle Kanneru Peduthundo.mp3.mp3,153,10
73757f8a8ba13283e52b8aef276e0197,telugu,real,real,069_Palle Kanneru Peduthundo.mp3.mp3,154,10
189daa16a3d34ced96459def35cc589f,telugu,real,real,069_Palle Kanneru Peduthundo.mp3.mp3,155,10
884e62542777cdcaee682c5f97fbcce0,telugu,real,real,069_Palle Kanneru Peduthundo.mp3.mp3,156,10
c56fac56c82db802d542a46f06ff02bc,telugu,real,real,069_Palle Kanneru Peduthundo.mp3.mp3,157,10
db0d5186a4d5c65622fe9b4d69a6eb7a,telugu,real,real,069_Palle Kanneru Peduthundo.mp3.mp3,158,10
d6cc8c6c6d92cf01c842f807a45f947e,telugu,real,real,069_Palle Kanneru Peduthundo.mp3.mp3,159,10
4c0ab9bf624a32bd7546b3a0aea10bbe,telugu,real,real,069_Palle Kanneru Peduthundo.mp3.mp3,160,10
7f96e7af7ecca3813c9a2ab699e8ef81,telugu,real,real,069_Palle Kanneru Peduthundo.mp3.mp3,161,10
8286f268922300e60ae74eb2b79548d7,telugu,real,real,069_Palle Kanneru Peduthundo.mp3.mp3,162,10
7e83dbdfd32d40e83e149819b3fbc9f3,telugu,real,real,069_Palle Kanneru Peduthundo.mp3.mp3,163,10
18df01b6596689f5d3b4e0b5ee590b96,telugu,real,real,069_Palle Kanneru Peduthundo.mp3.mp3,164,10
344c89bac1211fe1647196493ada1f81,telugu,real,real,069_Palle Kanneru Peduthundo.mp3.mp3,165,10
c20a925c63e6bc957650e41e0fd2d7c5,telugu,real,real,069_Palle Kanneru Peduthundo.mp3.mp3,166,10
57a56c546a2288e604fb9e608bdda2e1,telugu,real,real,069_Palle Kanneru Peduthundo.mp3.mp3,167,10
ee7a3bd135e35910dcc70bb1ee354dae,telugu,real,real,069_Palle Kanneru Peduthundo.mp3.mp3,168,10
3e71e0d8a709ffa7d7f31534cf4c2c9f,telugu,real,real,069_Palle Kanneru Peduthundo.mp3.mp3,169,10
3e17925ae6a54da376b3af7ba8bab462,telugu,real,real,069_Palle Kanneru Peduthundo.mp3.mp3,170,10
14e14225798d802b65e213660a045665,telugu,real,real,069_Palle Kanneru Peduthundo.mp3.mp3,171,10
ff946080f277678213d3b1e581c5dfe7,telugu,real,real,069_Palle Kanneru Peduthundo.mp3.mp3,172,10
36eccba47dfee8e6961c2937b2f6cb04,telugu,real,real,069_Palle Kanneru Peduthundo.mp3.mp3,173,10
2f2c6ed821b993a397df61601ffdc035,telugu,real,real,069_Palle Kanneru Peduthundo.mp3.mp3,174,10
d88b378e07e6e0276ad80c3cf178a391,telugu,real,real,069_Palle Kanneru Peduthundo.mp3.mp3,175,10
49921ea0f758314295e211e4f81c3de2,telugu,real,real,069_Palle Kanneru Peduthundo.mp3.mp3,176,10
93d2ed1a6bd9957f4332e874b21e80ed,telugu,real,real,069_Palle Kanneru Peduthundo.mp3.mp3,177,10
a539d648abda931b09bd2b62ddaa5ffe,telugu,real,real,069_Palle Kanneru Peduthundo.mp3.mp3,178,10
fd6451c91f78a3a0cb4036c9511e909a,telugu,real,real,069_Palle Kanneru Peduthundo.mp3.mp3,179,10
d82582e4d5a6e608d3d0bbf66d848c01,telugu,real,real,069_Palle Kanneru Peduthundo.mp3.mp3,180,10
51374a038a8ab9f3f3996cefc2f5c2a9,telugu,real,real,069_Palle Kanneru Peduthundo.mp3.mp3,181,10
591d594857791ddad32466e85a4f8ee0,telugu,real,real,069_Palle Kanneru Peduthundo.mp3.mp3,182,10
4ef29ddca3d25a27143df66571de1cde,telugu,real,real,069_Palle Kanneru Peduthundo.mp3.mp3,183,10
530cf243227679a9bc275389909deb60,telugu,real,real,069_Palle Kanneru Peduthundo.mp3.mp3,184,10
17d0c84fce214151945e7a935dfcd279,telugu,real,real,069_Palle Kanneru Peduthundo.mp3.mp3,185,10
da92573f2ab43c1fb508a64dd9938bba,telugu,real,real,069_Palle Kanneru Peduthundo.mp3.mp3,186,10
4f36a1004bacd9d2f1b6724b17990c31,telugu,real,real,069_Palle Kanneru Peduthundo.mp3.mp3,187,10
cf7f7423e75f8bea48dba33f1ce35dbc,telugu,real,real,069_Palle Kanneru Peduthundo.mp3.mp3,188,10
c55bc665c1b2aafd628f59d9430ddd01,telugu,real,real,069_Palle Kanneru Peduthundo.mp3.mp3,189,10
6d66f86d25cdeb9c1b04a09aa51292d8,telugu,real,real,069_Palle Kanneru Peduthundo.mp3.mp3,190,10
bcc01a872ff4cbdbd6a4791ab96c54b6,telugu,real,real,069_Palle Kanneru Peduthundo.mp3.mp3,191,10
abc1cd06702783fd8e2737e3687e054f,telugu,real,real,069_Palle Kanneru Peduthundo.mp3.mp3,192,10
052de47255cd11e48c03b7c03434f970,telugu,real,real,069_Palle Kanneru Peduthundo.mp3.mp3,193,10
b6f7429959eef05cec5f3a1be50f7b83,telugu,real,real,069_Palle Kanneru Peduthundo.mp3.mp3,194,10
c2c8a79d32aad46afe9d745eed780986,telugu,real,real,069_Palle Kanneru Peduthundo.mp3.mp3,195,10
df9266ce67cca03c2f2b2518b69e9cdc,telugu,real,real,069_Palle Kanneru Peduthundo.mp3.mp3,196,10
b1074aa40e088a4a714a4e173412cc4f,telugu,real,real,069_Palle Kanneru Peduthundo.mp3.mp3,197,10
fbe5c079445fce43d83ee8b8034fc7d3,telugu,real,real,069_Palle Kanneru Peduthundo.mp3.mp3,198,10
4844d38d84f740466d9122fd72230cdd,telugu,real,real,069_Palle Kanneru Peduthundo.mp3.mp3,199,10
8c205738250e7413d6064099d2be462f,telugu,real,real,069_Palle Kanneru Peduthundo.mp3.mp3,200,10
179e093683f4fa6bcb885146504193e7,telugu,real,real,069_Palle Kanneru Peduthundo.mp3.mp3,201,10
d9131bedc03ff60f230ef30a6bc21c37,telugu,real,real,069_Palle Kanneru Peduthundo.mp3.mp3,202,10
b964cb26eae346ecf7a5e72c73e5e730,telugu,real,real,069_Palle Kanneru Peduthundo.mp3.mp3,203,10
69849189b16bc060f829c9d18895eb86,telugu,real,real,069_Palle Kanneru Peduthundo.mp3.mp3,204,10
b1a7146799a70cc4475cb0c41696b4ee,telugu,real,real,069_Palle Kanneru Peduthundo.mp3.mp3,205,10
32a52eaa86af6bf454a0dd4f6ed98039,telugu,real,real,069_Palle Kanneru Peduthundo.mp3.mp3,206,10
20fdd144e1bc89a0b62d6a3b60b89f8d,telugu,real,real,069_Palle Kanneru Peduthundo.mp3.mp3,207,10
86ebf3b8bee656a5df8d603ae3be5e9c,telugu,real,real,069_Palle Kanneru Peduthundo.mp3.mp3,208,10
f02f8d68a093e02d29a9b445785e65bd,telugu,real,real,069_Palle Kanneru Peduthundo.mp3.mp3,209,10
2a77333e79665831d7218b9fa08c5054,telugu,real,real,069_Palle Kanneru Peduthundo.mp3.mp3,210,10
12d54ef635d2ca459797982ed87c7fe2,telugu,real,real,069_Palle Kanneru Peduthundo.mp3.mp3,211,10
73898518148087c526879c131d9004d3,telugu,real,real,069_Palle Kanneru Peduthundo.mp3.mp3,212,10
4796037fd4b441c89ba76c1c4e79cbdd,telugu,real,real,069_Palle Kanneru Peduthundo.mp3.mp3,213,10
efc364da9dd2adbc542491493aff15dd,telugu,real,real,069_Palle Kanneru Peduthundo.mp3.mp3,214,10
b81f0fb2b9efc6947cd561a8614ff821,telugu,real,real,069_Palle Kanneru Peduthundo.mp3.mp3,215,10
3704df6caadd172f353eb7346e33b5d0,telugu,real,real,069_Palle Kanneru Peduthundo.mp3.mp3,216,10
548c9b2d525604991af16e7db44b1c04,telugu,real,real,069_Palle Kanneru Peduthundo.mp3.mp3,217,10
114c2262ff94bda29a9014dbe78c89a5,telugu,real,real,069_Palle Kanneru Peduthundo.mp3.mp3,218,10
886e1d6a4125a07f172d04012cac4bc0,telugu,real,real,069_Palle Kanneru Peduthundo.mp3.mp3,219,10
8752960fb4a46a1373bff9091186dc09,telugu,real,real,069_Palle Kanneru Peduthundo.mp3.mp3,220,10
014cc3c731bf1ebad9a062569fe7c838,telugu,real,real,069_Palle Kanneru Peduthundo.mp3.mp3,221,10
449588c4466a29c050b6ef2cf75e6b56,telugu,real,real,069_Palle Kanneru Peduthundo.mp3.mp3,222,10
28582e442e2086499a713fc9a350e24a,telugu,real,real,069_Palle Kanneru Peduthundo.mp3.mp3,223,10
e4f445fc923609034bf638d7315fc078,telugu,real,real,069_Palle Kanneru Peduthundo.mp3.mp3,224,10
e7310dd33630902206bcdd5b3cdea418,telugu,real,real,069_Palle Kanneru Peduthundo.mp3.mp3,225,10
5938f1d78e74e6deb72848eae53b1fb2,telugu,real,real,069_Palle Kanneru Peduthundo.mp3.mp3,226,10
cfe6f907d82b9ba44de9ceadb7077acb,telugu,real,real,069_Palle Kanneru Peduthundo.mp3.mp3,227,10
6bee864aa4669a77c5e6edb1d790b538,telugu,real,real,069_Palle Kanneru Peduthundo.mp3.mp3,228,10
20e82a81072bd8a86c491f0bfd66c242,telugu,real,real,069_Palle Kanneru Peduthundo.mp3.mp3,229,10
739d278d1899520263676d3440a971b2,telugu,real,real,069_Palle Kanneru Peduthundo.mp3.mp3,230,10
fc5e1ba0b329c16cdc65eab56467f03d,telugu,real,real,069_Palle Kanneru Peduthundo.mp3.mp3,231,10
a9f19da82bf07cfc350b476575ce8bb9,telugu,real,real,069_Palle Kanneru Peduthundo.mp3.mp3,232,10
5c7d5022f06cad1d653a42550aebe24b,telugu,real,real,069_Palle Kanneru Peduthundo.mp3.mp3,233,10
d210022ff0e9b03740e21fd8cb7a2731,telugu,real,real,069_Palle Kanneru Peduthundo.mp3.mp3,234,10
7f237bb2d7db1e465da95cfa1c5c9cde,telugu,real,real,069_Palle Kanneru Peduthundo.mp3.mp3,235,10
d4e03fdb5d7f579626d7a7abb6a3b16c,telugu,real,real,069_Palle Kanneru Peduthundo.mp3.mp3,236,10
2d2ff862ccb4ffbfcf12834998f3d87d,telugu,real,real,069_Palle Kanneru Peduthundo.mp3.mp3,237,10
dbc2c0304ada65b0028320c8d8193346,telugu,real,real,069_Palle Kanneru Peduthundo.mp3.mp3,238,10
53d730c807649ecf6b073efbaf3dafc5,telugu,real,real,069_Palle Kanneru Peduthundo.mp3.mp3,239,10
dccb80accd5442cd7950234a5e71eb33,telugu,real,real,069_Palle Kanneru Peduthundo.mp3.mp3,240,10
2045ae78209ba57bbdc7a6e31db07bb7,telugu,real,real,069_Palle Kanneru Peduthundo.mp3.mp3,241,10
7fea9ff8176c5a743ba22d33504f74bd,telugu,real,real,069_Palle Kanneru Peduthundo.mp3.mp3,242,10
02f7d0c0bb16f50f2e404305bd5e8d2e,telugu,real,real,069_Palle Kanneru Peduthundo.mp3.mp3,243,10
aa4feea1ab51bffefa0c09e1d209b3bc,telugu,real,real,069_Palle Kanneru Peduthundo.mp3.mp3,244,10
4b73981b52a8e07c32e7b8b5af7a41d0,telugu,real,real,069_Palle Kanneru Peduthundo.mp3.mp3,245,10
3e5ef530f98f0c12e04d92874240f6ce,telugu,real,real,069_Palle Kanneru Peduthundo.mp3.mp3,246,10
3af497bbe8210677caf0d58f341a06b6,telugu,real,real,069_Palle Kanneru Peduthundo.mp3.mp3,247,10
d566da05ef60117db7322c8046275a50,telugu,real,real,069_Palle Kanneru Peduthundo.mp3.mp3,248,10
7c2e69036f679eeda916c932caed9688,telugu,real,real,069_Palle Kanneru Peduthundo.mp3.mp3,249,10
bb4b8d28454c587eecedfcad891edbcd,telugu,real,real,069_Palle Kanneru Peduthundo.mp3.mp3,250,10
962e7ea708fe5bf1487485d7c1153789,telugu,real,real,069_Palle Kanneru Peduthundo.mp3.mp3,251,10
385fa5d5bb1b02b8f65d2c977fbc52bd,telugu,real,real,069_Palle Kanneru Peduthundo.mp3.mp3,252,10
6ea223126de972646f41839172e38b29,telugu,real,real,069_Palle Kanneru Peduthundo.mp3.mp3,253,10
11fe6ec13cf9f838bf4249248da8beb8,telugu,real,real,069_Palle Kanneru Peduthundo.mp3.mp3,254,10
8ad99553c34374126a1659d602e429a4,telugu,real,real,069_Palle Kanneru Peduthundo.mp3.mp3,255,10
9fdaf772b1614bb3fdcbccf5c012df76,telugu,real,real,069_Palle Kanneru Peduthundo.mp3.mp3,256,10
d20d72d81f1bc3632ffcbdf0c39e3576,telugu,real,real,069_Palle Kanneru Peduthundo.mp3.mp3,257,10
23ce486233325cf394423db23763f583,telugu,real,real,069_Palle Kanneru Peduthundo.mp3.mp3,258,10
5831ae938487e68a98db29725db92a49,telugu,real,real,069_Palle Kanneru Peduthundo.mp3.mp3,259,10
5ba4a6d0e812a9b3f299f099ba23d048,telugu,real,real,069_Palle Kanneru Peduthundo.mp3.mp3,260,10
a64cbb4eb7edf6aa8fdc7d14974fdc85,telugu,real,real,069_Palle Kanneru Peduthundo.mp3.mp3,261,10
20c7705e4edd53e989c0eb8b9d6f2e76,telugu,real,real,069_Palle Kanneru Peduthundo.mp3.mp3,262,10
6a6708f78657df7ebca4c0980cd4d9cf,telugu,real,real,069_Palle Kanneru Peduthundo.mp3.mp3,263,10
6fa4e0fef24fcf08beca180bff014a1c,telugu,real,real,069_Palle Kanneru Peduthundo.mp3.mp3,264,10
742226b8ab21619428236281002db5e8,telugu,real,real,069_Palle Kanneru Peduthundo.mp3.mp3,265,10
f2c2d1fb1efce9d3788671b9411c0fb6,telugu,real,real,069_Palle Kanneru Peduthundo.mp3.mp3,266,10
d5b4bd88efeaeffee0602fcf4ea0966f,telugu,real,real,069_Palle Kanneru Peduthundo.mp3.mp3,267,10
f925a06bceb135f836b255842f9774e8,telugu,real,real,069_Palle Kanneru Peduthundo.mp3.mp3,268,10
59b295e128253b5bd0d827e1896f6b64,telugu,real,real,069_Palle Kanneru Peduthundo.mp3.mp3,269,10
fb5e2423c54340a44ab5ac66d0177f60,telugu,real,real,069_Palle Kanneru Peduthundo.mp3.mp3,270,10
7d29e6d5f95e9e0c9cccdbbc55209f7f,telugu,real,real,069_Palle Kanneru Peduthundo.mp3.mp3,271,10
51ae9767e80fa8a7646b213776c30687,telugu,real,real,069_Palle Kanneru Peduthundo.mp3.mp3,272,10
de52dc599564c1d5399d8d27dd434393,telugu,real,real,069_Palle Kanneru Peduthundo.mp3.mp3,273,10
1d08e44cb191ce4d2a652f371ce3a03e,telugu,real,real,069_Palle Kanneru Peduthundo.mp3.mp3,274,10
0d2fe8375ba9a064e9675d796e94cd6b,telugu,real,real,069_Palle Kanneru Peduthundo.mp3.mp3,275,10
a1977df0faf6c312dcffc38e3d65abb9,telugu,real,real,069_Palle Kanneru Peduthundo.mp3.mp3,276,10
533de6c9591ba1f4247091bf371c71c4,telugu,real,real,069_Palle Kanneru Peduthundo.mp3.mp3,277,10
ca9cf9f2f58a86a105136dd8428e973f,telugu,real,real,069_Palle Kanneru Peduthundo.mp3.mp3,278,10
f53f7c6f3bfb665e98d04d046b4db5a4,telugu,real,real,069_Palle Kanneru Peduthundo.mp3.mp3,279,10
1f7894c28a755fc4e2f9f43c22024053,telugu,real,real,069_Palle Kanneru Peduthundo.mp3.mp3,280,10
51c76c14cce00a9ac2a2c5dbfa01ea3d,telugu,real,real,074_Orugalluna Akshara Vruksham.mp3.mp3,0,10
9bbc029ae72f85fe5fb9416e5ae0bdb1,telugu,real,real,074_Orugalluna Akshara Vruksham.mp3.mp3,1,10
e9470b679518358b571021be4dfd461b,telugu,real,real,074_Orugalluna Akshara Vruksham.mp3.mp3,2,10
c59a9777add0a7becfbcfa6a7b0cb12d,telugu,real,real,074_Orugalluna Akshara Vruksham.mp3.mp3,3,10
5aeae654914f492d385b2dbd5b5436be,telugu,real,real,074_Orugalluna Akshara Vruksham.mp3.mp3,4,10
bc614968a8bc1fb2994183d49610ccc6,telugu,real,real,074_Orugalluna Akshara Vruksham.mp3.mp3,5,10
48d80ed17992013ef6d2350fcdc3e51b,telugu,real,real,074_Orugalluna Akshara Vruksham.mp3.mp3,6,10
eff58490e0c23e80215c5cb4b2f555ab,telugu,real,real,074_Orugalluna Akshara Vruksham.mp3.mp3,7,10
e4892177ef51836dfda03e0531360696,telugu,real,real,074_Orugalluna Akshara Vruksham.mp3.mp3,8,10
1fa722b4150a3bb062fcacb58388258c,telugu,real,real,074_Orugalluna Akshara Vruksham.mp3.mp3,9,10
8e31cc730efe55bf1d87f3e45b797d6e,telugu,real,real,074_Orugalluna Akshara Vruksham.mp3.mp3,10,10
04be79eecbdc1d079336dfe42e6fa66b,telugu,real,real,074_Orugalluna Akshara Vruksham.mp3.mp3,11,10
282844206e3729e2faf7e73a26632591,telugu,real,real,074_Orugalluna Akshara Vruksham.mp3.mp3,12,10
ec328549abb29af7b2caae75acc9b10c,telugu,real,real,074_Orugalluna Akshara Vruksham.mp3.mp3,13,10
48f7a489b3232e0daabb460a67a1af64,telugu,real,real,074_Orugalluna Akshara Vruksham.mp3.mp3,14,10
9e331dc87f72a68f3baf9c017c1a3534,telugu,real,real,074_Orugalluna Akshara Vruksham.mp3.mp3,15,10
2fc8e47e475e974b2b73ed9432c5f61c,telugu,real,real,074_Orugalluna Akshara Vruksham.mp3.mp3,16,10
4fe65bac435b896e03a43bc582a8f1f8,telugu,real,real,074_Orugalluna Akshara Vruksham.mp3.mp3,17,10
5d3db94edf3fa284899d88b0d286f672,telugu,real,real,074_Orugalluna Akshara Vruksham.mp3.mp3,18,10
0269df2ea6db29dcae07abc84ce3cb32,telugu,real,real,074_Orugalluna Akshara Vruksham.mp3.mp3,19,10
21cd2c4d8fccd4d535777ab32f32c66c,telugu,real,real,074_Orugalluna Akshara Vruksham.mp3.mp3,20,10
2449f11f431845f95aec130a44967c99,telugu,real,real,074_Orugalluna Akshara Vruksham.mp3.mp3,21,10
26de4ff9f09e0635bd4b6325e5de02fd,telugu,real,real,074_Orugalluna Akshara Vruksham.mp3.mp3,22,10
e9fee25b0cec2260866ec0163738fdec,telugu,real,real,074_Orugalluna Akshara Vruksham.mp3.mp3,23,10
0f2640be7034b0732615e51cace53965,telugu,real,real,074_Orugalluna Akshara Vruksham.mp3.mp3,24,10
34603e4be4af641eb43f97d1da2a6191,telugu,real,real,074_Orugalluna Akshara Vruksham.mp3.mp3,25,10
10ec4cac25140dfd3b2c9435c9354c69,telugu,real,real,074_Orugalluna Akshara Vruksham.mp3.mp3,26,10
1f0146c4751b639d9b3bbcb24355d654,telugu,real,real,075_Melukonna Telangana Chudara.mp3.mp3,0,10
82a54144836a0def1a5eaa9d1038116f,telugu,real,real,075_Melukonna Telangana Chudara.mp3.mp3,1,10
dace175b0b6429605a24e989b17c4f49,telugu,real,real,075_Melukonna Telangana Chudara.mp3.mp3,2,10
c110bf4729b348bc0917b6bff15b7c03,telugu,real,real,075_Melukonna Telangana Chudara.mp3.mp3,3,10
b0d0c7e6e6ab76f0c55c2f5363a790ac,telugu,real,real,075_Melukonna Telangana Chudara.mp3.mp3,4,10
32ecd06723c3c25e744c4e6a051da3f2,telugu,real,real,075_Melukonna Telangana Chudara.mp3.mp3,5,10
733613a3df0df5c6d895d3a7e11e7343,telugu,real,real,075_Melukonna Telangana Chudara.mp3.mp3,6,10
0c3b75f7df4f5b69dfc9c726ad8a2974,telugu,real,real,075_Melukonna Telangana Chudara.mp3.mp3,7,10
39473be1f2dcb49a0fc52cc4df0e60f9,telugu,real,real,075_Melukonna Telangana Chudara.mp3.mp3,8,10
37999a34f7488b6ada3dc90ebb3d5e15,telugu,real,real,075_Melukonna Telangana Chudara.mp3.mp3,9,10
e0dc34ec443a2c1554c3cb142aea20b3,telugu,real,real,075_Melukonna Telangana Chudara.mp3.mp3,10,10
10755dcb6da901de0e2f3c47c8e8c7c4,telugu,real,real,075_Melukonna Telangana Chudara.mp3.mp3,11,10
5d1e02857d9e012dfd07e39cc893df80,telugu,real,real,075_Melukonna Telangana Chudara.mp3.mp3,12,10
3f958fa8785b42c1328978d50ee5211f,telugu,real,real,075_Melukonna Telangana Chudara.mp3.mp3,13,10
32f51ade8b48c6ff7292ae7f27caabc2,telugu,real,real,075_Melukonna Telangana Chudara.mp3.mp3,14,10
e8734b3c0a6a7a7348e3146a45a103d9,telugu,real,real,075_Melukonna Telangana Chudara.mp3.mp3,15,10
43b01fee032c1e28bcb0064379f9bc30,telugu,real,real,075_Melukonna Telangana Chudara.mp3.mp3,16,10
459c20ce1ba9b08781548adba8cb5cd7,telugu,real,real,075_Melukonna Telangana Chudara.mp3.mp3,17,10
58581a1c84419ed38a1e8da8400abdb6,telugu,real,real,075_Melukonna Telangana Chudara.mp3.mp3,18,10
e829955279ee57b96dc541a4ebde3e46,telugu,real,real,075_Melukonna Telangana Chudara.mp3.mp3,19,10
3c09cc98e68d2e8ce56ece2d61d5b614,telugu,real,real,075_Melukonna Telangana Chudara.mp3.mp3,20,10
0481a3309c174bef9b8afa62cf5eedfb,telugu,real,real,075_Melukonna Telangana Chudara.mp3.mp3,21,10
78bbbe04f0476a0eaf99c41491147109,telugu,real,real,075_Melukonna Telangana Chudara.mp3.mp3,22,10
1d64c61eab37a82989887ae560dd016a,telugu,real,real,075_Melukonna Telangana Chudara.mp3.mp3,23,10
7626fd8bc1e5cb69e5c8e8c095d6eb0a,telugu,real,real,075_Melukonna Telangana Chudara.mp3.mp3,24,10
054263fa742c0aa7ca6ce3727bd4a2b7,telugu,real,real,075_Melukonna Telangana Chudara.mp3.mp3,25,10
136b9b9b2b6eb624335fb05614267d30,telugu,real,real,075_Melukonna Telangana Chudara.mp3.mp3,26,10
fdb0f23cd44b49513e5de3c53e619527,telugu,real,real,075_Melukonna Telangana Chudara.mp3.mp3,27,10
84e99381213171fa62b58eaa44dfaadf,telugu,real,real,075_Melukonna Telangana Chudara.mp3.mp3,28,10
0c34119d6e251af455e5202d87c28a00,telugu,real,real,075_Melukonna Telangana Chudara.mp3.mp3,29,10
bf44613ff54e13b853295e4d2df17079,telugu,real,real,075_Melukonna Telangana Chudara.mp3.mp3,30,10
6510c8807dbd92e5234dbda226a5558b,telugu,real,real,075_Melukonna Telangana Chudara.mp3.mp3,31,10
78fc263feabed46a6d2f3faac86c5b39,telugu,real,real,075_Melukonna Telangana Chudara.mp3.mp3,32,10
601364a91d34dafcd485b90ef8df3344,telugu,real,real,075_Melukonna Telangana Chudara.mp3.mp3,33,10
6c4630d9030e3fb61910a4a8874b28c6,telugu,real,real,075_Melukonna Telangana Chudara.mp3.mp3,34,10
484bb6ae74e78d0f77c91959b2c2396b,telugu,real,real,075_Melukonna Telangana Chudara.mp3.mp3,35,10
8a788f2640f65fd79e1908eabf3fac65,telugu,real,real,075_Melukonna Telangana Chudara.mp3.mp3,36,10
49586798df58a4e9857975bfca8ebca7,telugu,real,real,075_Melukonna Telangana Chudara.mp3.mp3,37,10
35f2a454b5a9b035c43d4524a66d56ea,telugu,real,real,075_Melukonna Telangana Chudara.mp3.mp3,38,10
c75c439fdea09ede89ed2fe59f8e0469,telugu,real,real,075_Melukonna Telangana Chudara.mp3.mp3,39,10
adafdd12b9cf6184592ce89ccea44bff,telugu,real,real,075_Melukonna Telangana Chudara.mp3.mp3,40,10
3975254360ab8f101fe6c98227199efa,telugu,real,real,075_Melukonna Telangana Chudara.mp3.mp3,41,10
a28c7317330acde8ff72b65f0cb6e17d,telugu,real,real,075_Melukonna Telangana Chudara.mp3.mp3,42,10
90930407a378138bbc61eb24879e0599,telugu,real,real,075_Melukonna Telangana Chudara.mp3.mp3,43,10
8bb9ec271019a575f0e0699be5c12b75,telugu,real,real,075_Melukonna Telangana Chudara.mp3.mp3,44,10
4be9bcc82ab97afaf170b17a7b555f94,telugu,real,real,075_Melukonna Telangana Chudara.mp3.mp3,45,10
53f303e0a9b71fbc5950f30c8f3eaeeb,telugu,real,real,075_Melukonna Telangana Chudara.mp3.mp3,46,10
3c7115d90718fb0ed5e1f9a5bd37a2ba,telugu,real,real,075_Melukonna Telangana Chudara.mp3.mp3,47,10
85ef2b551e4b3588675c6d1fc7acde27,telugu,real,real,075_Melukonna Telangana Chudara.mp3.mp3,48,10
68118c8ca8bac281bf12f2af2f21686a,telugu,real,real,075_Melukonna Telangana Chudara.mp3.mp3,49,10
20ee88861cf3cf3497ae445240119680,telugu,real,real,075_Melukonna Telangana Chudara.mp3.mp3,50,10
c4acfc79dd0931d7db1760c20df35487,telugu,real,real,075_Melukonna Telangana Chudara.mp3.mp3,51,10
7f85b3136a46af213f083dc967aae969,telugu,real,real,075_Melukonna Telangana Chudara.mp3.mp3,52,10
e9a93da6c4ff6897f1284e4eb880028c,telugu,real,real,075_Melukonna Telangana Chudara.mp3.mp3,53,10
a4fb7cc4804d813b920a7ef5478e4925,telugu,real,real,075_Melukonna Telangana Chudara.mp3.mp3,54,10
8c66c9ecee8f931b532c0432da71069c,telugu,real,real,075_Melukonna Telangana Chudara.mp3.mp3,55,10
84c110dac8fc2f101f4f3719137d8461,telugu,real,real,075_Melukonna Telangana Chudara.mp3.mp3,56,10
878b4b7d799c652df66f07f80ea901db,telugu,real,real,075_Melukonna Telangana Chudara.mp3.mp3,57,10
8e507a59c9b1433c64789a8e380c4896,telugu,real,real,075_Melukonna Telangana Chudara.mp3.mp3,58,10
dec88a34c6d28e63e4646c0ed1f984ea,telugu,real,real,075_Melukonna Telangana Chudara.mp3.mp3,59,10
229406685ee8910470fee2980ace2546,telugu,real,real,075_Melukonna Telangana Chudara.mp3.mp3,60,10
d146a4771484df1dbf13a013e55f7a77,telugu,real,real,075_Melukonna Telangana Chudara.mp3.mp3,61,10
28618fb8adbe6bdcbbec97cbe785716c,telugu,real,real,075_Melukonna Telangana Chudara.mp3.mp3,62,10
57f373e07b3e5ed26c6c491c342b5803,telugu,real,real,075_Melukonna Telangana Chudara.mp3.mp3,63,10
f3a854e65a2f65a9cdaa24c6974969d6,telugu,real,real,075_Melukonna Telangana Chudara.mp3.mp3,64,10
c138853eea1a898a8e8842d0b8951714,telugu,real,real,075_Melukonna Telangana Chudara.mp3.mp3,65,10
15d23ac466eb49186808ba5436c453c9,telugu,real,real,075_Melukonna Telangana Chudara.mp3.mp3,66,10
66b439610400b15395e14faf987dcfaf,telugu,real,real,075_Melukonna Telangana Chudara.mp3.mp3,67,10
50523089b6c69f06419c809594a02c9c,telugu,real,real,075_Melukonna Telangana Chudara.mp3.mp3,68,10
58d946371d2a4fc142a1ba2401fedc1b,telugu,real,real,075_Melukonna Telangana Chudara.mp3.mp3,69,10
1749c16796bd4feaf2588cd67643e94c,telugu,real,real,075_Melukonna Telangana Chudara.mp3.mp3,70,10
00a5f225a6ee7687f11adc9bf64cf15a,telugu,real,real,075_Melukonna Telangana Chudara.mp3.mp3,71,10
f34a73ab8d7a1a9f06f6fd3f199de592,telugu,real,real,075_Melukonna Telangana Chudara.mp3.mp3,72,10
1b99ee34da766c1b96759e8d03df0fe2,telugu,real,real,075_Melukonna Telangana Chudara.mp3.mp3,73,10
ebbc5736292357fa3b796c8f000ecbb2,telugu,real,real,075_Melukonna Telangana Chudara.mp3.mp3,74,10
6598a976f0aeec18910125ce7eae91c2,telugu,real,real,075_Melukonna Telangana Chudara.mp3.mp3,75,10
80d372d85495e561cf901cd42d25b492,telugu,real,real,075_Melukonna Telangana Chudara.mp3.mp3,76,10
7ef9ba1980bc77504dfeef36748f0262,telugu,real,real,075_Melukonna Telangana Chudara.mp3.mp3,77,10
b015add1a4b61c0b1c6668e6b3617e3d,telugu,real,real,075_Melukonna Telangana Chudara.mp3.mp3,78,10
26d215557ce3d0af8749b2ab3e0c1054,telugu,real,real,075_Melukonna Telangana Chudara.mp3.mp3,79,10
c0d6f01982877fa1ac92d0b2bd1e81e8,telugu,real,real,075_Melukonna Telangana Chudara.mp3.mp3,80,10
ee08c3f962847cb2e19ff2b35585b765,telugu,real,real,075_Melukonna Telangana Chudara.mp3.mp3,81,10
33f6446d9e80ba15155c82293af4295d,telugu,real,real,075_Melukonna Telangana Chudara.mp3.mp3,82,10
83b5cd2fbf03de60e80a10eec93f1db8,telugu,real,real,075_Melukonna Telangana Chudara.mp3.mp3,83,10
8d60c0aaf6c6ce322ee3e7b701e8a6d6,telugu,real,real,075_Melukonna Telangana Chudara.mp3.mp3,84,10
6cc93e243dca20a50e6c5d2468b0adf8,telugu,real,real,075_Melukonna Telangana Chudara.mp3.mp3,85,10
6561ec8f919e301e738793c5912ef7e5,telugu,real,real,075_Melukonna Telangana Chudara.mp3.mp3,86,10
f85a05efc2149c5337656e96a8fa24a6,telugu,real,real,075_Melukonna Telangana Chudara.mp3.mp3,87,10
438ba0ce519e89953d212b403fe0c538,telugu,real,real,075_Melukonna Telangana Chudara.mp3.mp3,88,10
b4738a25b4569c3f28847261a1d03648,telugu,real,real,075_Melukonna Telangana Chudara.mp3.mp3,89,10
92cd2cdcda30c68f01ef10348a5fd0a7,telugu,real,real,075_Melukonna Telangana Chudara.mp3.mp3,90,10
8dc4aba679b45349e7982fce32073d1d,telugu,real,real,075_Melukonna Telangana Chudara.mp3.mp3,91,10
b97ccbef2f814dfc2dcb4d3f3838a6ba,telugu,real,real,075_Melukonna Telangana Chudara.mp3.mp3,92,10
f3736375f9804c15ad6e53d16be7a239,telugu,real,real,075_Melukonna Telangana Chudara.mp3.mp3,93,10
2111e71f0e841162e62231883d74c1b4,telugu,real,real,075_Melukonna Telangana Chudara.mp3.mp3,94,10
a8756c7d0821763bf75933b09f59c2e0,telugu,real,real,075_Melukonna Telangana Chudara.mp3.mp3,95,10
a4b1fd9e23d44451aceb86e07a100302,telugu,real,real,075_Melukonna Telangana Chudara.mp3.mp3,96,10
c4577148c8100c8c91b6aff3a886e2cc,telugu,real,real,075_Melukonna Telangana Chudara.mp3.mp3,97,10
f0926333db8931a9f5d7cf9b9faaa8cc,telugu,real,real,075_Melukonna Telangana Chudara.mp3.mp3,98,10
322aa7fec7c61e37aaee4a17c2de56e2,telugu,real,real,075_Melukonna Telangana Chudara.mp3.mp3,99,10
b4fcb6d5c0f7d19fe8d1e42214cd0ed3,telugu,real,real,075_Melukonna Telangana Chudara.mp3.mp3,100,10
515a3e2cab2cfd202ae6c40132178488,telugu,real,real,075_Melukonna Telangana Chudara.mp3.mp3,101,10
5179d70510fc191be2b4391063e6fbba,telugu,real,real,075_Melukonna Telangana Chudara.mp3.mp3,102,10
eb7e9776d81a94399cf500d68ddffd00,telugu,real,real,075_Melukonna Telangana Chudara.mp3.mp3,103,10
efe8d5c5942a52e904eeb02f51506a52,telugu,real,real,075_Melukonna Telangana Chudara.mp3.mp3,104,10
d2215ffdebdbdad892ffee95e0f67fad,telugu,real,real,075_Melukonna Telangana Chudara.mp3.mp3,105,10
87991d9ef69b749b4e70d7c4fb16433a,telugu,real,real,075_Melukonna Telangana Chudara.mp3.mp3,106,10
44b3977e99586a49b5286bdf2458a129,telugu,real,real,075_Melukonna Telangana Chudara.mp3.mp3,107,10
672cdc637991fca25c0fd9b337de8604,telugu,real,real,075_Melukonna Telangana Chudara.mp3.mp3,108,10
0b98534f947d6ddc86cf6bc41894b58f,telugu,real,real,075_Melukonna Telangana Chudara.mp3.mp3,109,10
c0f0e32a48c51d52f2eb8aa2e550c449,telugu,real,real,075_Melukonna Telangana Chudara.mp3.mp3,110,10
e3e7a8c171bc0bfe13af70793dea83b1,telugu,real,real,075_Melukonna Telangana Chudara.mp3.mp3,111,10
b23ece2c13b4b6f79e896e6876c595bc,telugu,real,real,075_Melukonna Telangana Chudara.mp3.mp3,112,10
cf7e6c5ba7876fcbae930b672903ebc0,telugu,real,real,075_Melukonna Telangana Chudara.mp3.mp3,113,10
96a4ab8be700dc16075dbbdd730ee0d3,telugu,real,real,075_Melukonna Telangana Chudara.mp3.mp3,114,10
b233295cedf09d5494f3756aecd2afad,telugu,real,real,075_Melukonna Telangana Chudara.mp3.mp3,115,10
f8c61824e35d193dd73e4c87c08960e2,telugu,real,real,075_Melukonna Telangana Chudara.mp3.mp3,116,10
968a99c6998e4e453fccb3e9fe424b0c,telugu,real,real,075_Melukonna Telangana Chudara.mp3.mp3,117,10
a8c9710670aff48db24e44899db1f2d7,telugu,real,real,075_Melukonna Telangana Chudara.mp3.mp3,118,10
ab7061d0e22927670ba3f48ef8ffe0db,telugu,real,real,075_Melukonna Telangana Chudara.mp3.mp3,119,10
8979c5fa65f5b5b62f3eed854013b5e2,telugu,real,real,075_Melukonna Telangana Chudara.mp3.mp3,120,10
b23eaaad21ce3e41e3da83e442bcc1ca,telugu,real,real,075_Melukonna Telangana Chudara.mp3.mp3,121,10
92b8568a5b3e85235eecab931181751e,telugu,real,real,075_Melukonna Telangana Chudara.mp3.mp3,122,10
81a9c3d74d840beab0e94ce29a8a7fc7,telugu,real,real,075_Melukonna Telangana Chudara.mp3.mp3,123,10
94fe8253b88cf87a6928a2f5c05e6f07,telugu,real,real,075_Melukonna Telangana Chudara.mp3.mp3,124,10
2aaa41e53c23235430dd76b27e9e93ca,telugu,real,real,075_Melukonna Telangana Chudara.mp3.mp3,125,10
2927de0e6a8a645d83c1a6319ab8ef27,telugu,real,real,075_Melukonna Telangana Chudara.mp3.mp3,126,10
aaef90752a1231b3731deb6154fb346c,telugu,real,real,075_Melukonna Telangana Chudara.mp3.mp3,127,10
53a314b99f434f433590054f14aa8ea5,telugu,real,real,075_Melukonna Telangana Chudara.mp3.mp3,128,10
49ae4dd544d9adf0d169612cabfb5974,telugu,real,real,075_Melukonna Telangana Chudara.mp3.mp3,129,10
5651a3eabe9c0424d4108fce8d680460,telugu,real,real,075_Melukonna Telangana Chudara.mp3.mp3,130,10
61e63d0c5c3a1d12c0d612a42a0077fa,telugu,real,real,075_Melukonna Telangana Chudara.mp3.mp3,131,10
0f54a25e7e8006e421771a279fea7156,telugu,real,real,075_Melukonna Telangana Chudara.mp3.mp3,132,10
b077dc96dfa8a34037607a9c97b38344,telugu,real,real,075_Melukonna Telangana Chudara.mp3.mp3,133,10
e320a52d3166a07a77c6b39b1ae24096,telugu,real,real,075_Melukonna Telangana Chudara.mp3.mp3,134,10
5abf78a1093217939e970be993cdd4c8,telugu,real,real,075_Melukonna Telangana Chudara.mp3.mp3,135,10
eb245b7db971fd8c76dc391d83ed9e3c,telugu,real,real,075_Melukonna Telangana Chudara.mp3.mp3,136,10
757a971164367e29cc8c5bfae6b01f89,telugu,real,real,075_Melukonna Telangana Chudara.mp3.mp3,137,10
50d3418f863369685ade23e5e29c0188,telugu,real,real,075_Melukonna Telangana Chudara.mp3.mp3,138,10
fc473e566ed9b717e3d262c8000c2dd4,telugu,real,real,075_Melukonna Telangana Chudara.mp3.mp3,139,10
d73895f594bd4231b7a28f0f1420abe1,telugu,real,real,075_Melukonna Telangana Chudara.mp3.mp3,140,10
b8c02ee10e710d12c2ba0a1ad84579ed,telugu,real,real,075_Melukonna Telangana Chudara.mp3.mp3,141,10
bab1c7c1721d36aef571ca138fd8e785,telugu,real,real,075_Melukonna Telangana Chudara.mp3.mp3,142,10
cb3362bd1df0ee463443bfef5c79c91e,telugu,real,real,075_Melukonna Telangana Chudara.mp3.mp3,143,10
0450b9295497399d7486ed317f114a8d,telugu,real,real,075_Melukonna Telangana Chudara.mp3.mp3,144,10
b4f236f5f267846c1bf055612efd7fda,telugu,real,real,075_Melukonna Telangana Chudara.mp3.mp3,145,10
1f02121a1199deff73ad4f1cfdecc12d,telugu,real,real,075_Melukonna Telangana Chudara.mp3.mp3,146,10
f179c7cf5e90bd13d1db71d9a02816f1,telugu,real,real,075_Melukonna Telangana Chudara.mp3.mp3,147,10
8c938b9db15ecb898b953f45e47bd2d5,telugu,real,real,075_Melukonna Telangana Chudara.mp3.mp3,148,10
76549ecd68af18f11baf5a1809833156,telugu,real,real,075_Melukonna Telangana Chudara.mp3.mp3,149,10
17ef5af4a1c6ac8d1fd6d4d4a9bce7b1,telugu,real,real,075_Melukonna Telangana Chudara.mp3.mp3,150,10
4d09625f760cdef2630364da30a65960,telugu,real,real,075_Melukonna Telangana Chudara.mp3.mp3,151,10
c62e029aef16c5775c190a1a965541d7,telugu,real,real,075_Melukonna Telangana Chudara.mp3.mp3,152,10
57aaa17dd229a167575c8d1df0c0c855,telugu,real,real,075_Melukonna Telangana Chudara.mp3.mp3,153,10
bee10884100453f2d4a41415c5a47fd4,telugu,real,real,075_Melukonna Telangana Chudara.mp3.mp3,154,10
74d04a4861c9d57bd98f7edf4fbc172f,telugu,real,real,075_Melukonna Telangana Chudara.mp3.mp3,155,10
26ae4bc8d615e0b0d3dfbb6ceb649f9c,telugu,real,real,075_Melukonna Telangana Chudara.mp3.mp3,156,10
4ca2eb6803adc8fa410a8b6f0cb38a8e,telugu,real,real,075_Melukonna Telangana Chudara.mp3.mp3,157,10
e8c53044570de3f53486a82a6efe6042,telugu,real,real,075_Melukonna Telangana Chudara.mp3.mp3,158,10
e710e53661c3b7930cd931ae9998b0a4,telugu,real,real,075_Melukonna Telangana Chudara.mp3.mp3,159,10
9735d42b006af92c7401f90ab29bc9e0,telugu,real,real,075_Melukonna Telangana Chudara.mp3.mp3,160,10
f6099374e615d6ecf57aa91244b3bee1,telugu,real,real,075_Melukonna Telangana Chudara.mp3.mp3,161,10
d250151038248d65ef3c91f415eccb41,telugu,real,real,075_Melukonna Telangana Chudara.mp3.mp3,162,10
3056910981c9995d06d8733a9d1a5029,telugu,real,real,075_Melukonna Telangana Chudara.mp3.mp3,163,10
9a9249bf8ec8700998286d105a7908d4,telugu,real,real,075_Melukonna Telangana Chudara.mp3.mp3,164,10
e7726e0a22af6c7db7d10ccdc621bad5,telugu,real,real,075_Melukonna Telangana Chudara.mp3.mp3,165,10
8fc1022ff122f84717c8b13aa58bdbe7,telugu,real,real,075_Melukonna Telangana Chudara.mp3.mp3,166,10
1f11440218d34d274342241bf206f991,telugu,real,real,075_Melukonna Telangana Chudara.mp3.mp3,167,10
0858917fdf2156cfb8e51b5d81beb02c,telugu,real,real,075_Melukonna Telangana Chudara.mp3.mp3,168,10
35c936828af76212726bc6e47af5990c,telugu,real,real,075_Melukonna Telangana Chudara.mp3.mp3,169,10
266edcba2065450f669516110c0973a7,telugu,real,real,075_Melukonna Telangana Chudara.mp3.mp3,170,10
aae3d90144c239f4d09fa3f28edf6e59,telugu,real,real,075_Melukonna Telangana Chudara.mp3.mp3,171,10
cff19f79f465d98918e2e3b0e1c693b3,telugu,real,real,075_Melukonna Telangana Chudara.mp3.mp3,172,10
e5c046dd5af42443415aca15f153c9a1,telugu,real,real,075_Melukonna Telangana Chudara.mp3.mp3,173,10
b22d290db932bb070605e73ff590b10f,telugu,real,real,075_Melukonna Telangana Chudara.mp3.mp3,174,10
b0159c53db6a7ecf2dd295dcd70707e8,telugu,real,real,075_Melukonna Telangana Chudara.mp3.mp3,175,10
fb0868f63da8a379a99af953195beb04,telugu,real,real,075_Melukonna Telangana Chudara.mp3.mp3,176,10
e22ef61ede412c02688ff6d8ea8186f0,telugu,real,real,075_Melukonna Telangana Chudara.mp3.mp3,177,10
31a8f5c53ae2bf38c0eb5a3f7d095e45,telugu,real,real,075_Melukonna Telangana Chudara.mp3.mp3,178,10
fd53d4c72d1e609ce09a8a8668a58a3b,telugu,real,real,075_Melukonna Telangana Chudara.mp3.mp3,179,10
1afe03cd1f70c4b2274dca659a9789d4,telugu,real,real,075_Melukonna Telangana Chudara.mp3.mp3,180,10
9a131d36c38089a7211ee7745ac8bf72,telugu,real,real,075_Melukonna Telangana Chudara.mp3.mp3,181,10
ae674df5d47cc6885457694c04c10b77,telugu,real,real,075_Melukonna Telangana Chudara.mp3.mp3,182,10
e264857c6aae652b491ce626931eba52,telugu,real,real,075_Melukonna Telangana Chudara.mp3.mp3,183,10
026c18ceb3cf80574570233f99c4138d,telugu,real,real,075_Melukonna Telangana Chudara.mp3.mp3,184,10
798de659e44252df15752f64c21583e2,telugu,real,real,075_Melukonna Telangana Chudara.mp3.mp3,185,10
41ad114ee8756cdf7c81db57f9555b3f,telugu,real,real,075_Melukonna Telangana Chudara.mp3.mp3,186,10
50045653355c8a9e2d1c5a37337968b3,telugu,real,real,075_Melukonna Telangana Chudara.mp3.mp3,187,10
5f9b7bb0cf0300e1480e2f7355ec6c63,telugu,real,real,075_Melukonna Telangana Chudara.mp3.mp3,188,10
4ea6c83d1e2a02d245bf86686bc9305f,telugu,real,real,075_Melukonna Telangana Chudara.mp3.mp3,189,10
c8a88dafd23b31d6dc0dd276056fe8b0,telugu,real,real,075_Melukonna Telangana Chudara.mp3.mp3,190,10
e0b5dd4b990eb4cba2c02aae4fb33db6,telugu,real,real,075_Melukonna Telangana Chudara.mp3.mp3,191,10
e16deaba0c4e007023369fa9b7530eaa,telugu,real,real,075_Melukonna Telangana Chudara.mp3.mp3,192,10
ee4ada3b6b501fdc67603e0b143c96a4,telugu,real,real,075_Melukonna Telangana Chudara.mp3.mp3,193,10
2a90d54e63c85b543a8e9d8b63746d50,telugu,real,real,075_Melukonna Telangana Chudara.mp3.mp3,194,10
665b9c9eb1ea117bc9b1099f91f7f8f7,telugu,real,real,075_Melukonna Telangana Chudara.mp3.mp3,195,10
8805a3a32003d9a11bdaf697f27c2508,telugu,real,real,075_Melukonna Telangana Chudara.mp3.mp3,196,10
dd2ba63ed96c3002e878d3105f8c0729,telugu,real,real,075_Melukonna Telangana Chudara.mp3.mp3,197,10
69c1e36fd171330a61c4c5f6c83b97d8,telugu,real,real,075_Melukonna Telangana Chudara.mp3.mp3,198,10
2098ac3a283756a562d0ce18ab620078,telugu,real,real,075_Melukonna Telangana Chudara.mp3.mp3,199,10
9a733bfc20d0173dd35b0499a75c78be,telugu,real,real,075_Melukonna Telangana Chudara.mp3.mp3,200,10
830e522ff5fd055c89128689fddf3382,telugu,real,real,075_Melukonna Telangana Chudara.mp3.mp3,201,10
d0b6bffd70c7a83feda05a87d193607f,telugu,real,real,075_Melukonna Telangana Chudara.mp3.mp3,202,10
0f647f8a4a2922f9a098c98559d39fc7,telugu,real,real,075_Melukonna Telangana Chudara.mp3.mp3,203,10
75729d5490a479b80b4ebbabafa501db,telugu,real,real,075_Melukonna Telangana Chudara.mp3.mp3,204,10
5e570a7e9c3fd385c8ded3679100493b,telugu,real,real,075_Melukonna Telangana Chudara.mp3.mp3,205,10
c28017178bfe732ecc554d5fffd1af6e,telugu,real,real,075_Melukonna Telangana Chudara.mp3.mp3,206,10
84de53717c0f2170338ea46ae13ed295,telugu,real,real,075_Melukonna Telangana Chudara.mp3.mp3,207,10
282ac9645f081aceb87f96695cb7ec75,telugu,real,real,075_Melukonna Telangana Chudara.mp3.mp3,208,10
e2eff4143ed9a8710f52623f3f0ed174,telugu,real,real,075_Melukonna Telangana Chudara.mp3.mp3,209,10
14891e82d4c76c63d945f0dba3fc386f,telugu,real,real,075_Melukonna Telangana Chudara.mp3.mp3,210,10
04f87478d59e2f5e6bdc9140b2e12da8,telugu,real,real,075_Melukonna Telangana Chudara.mp3.mp3,211,10
4899364fa6eaec5eab062147c683f1fc,telugu,real,real,075_Melukonna Telangana Chudara.mp3.mp3,212,10
56f1b92fd5c93fb15015b88ab4352a78,telugu,real,real,075_Melukonna Telangana Chudara.mp3.mp3,213,10
6a64a9668a796badcd6438a2c30f508c,telugu,real,real,075_Melukonna Telangana Chudara.mp3.mp3,214,10
7f4b8d9421ec9e264945d324ff07f40f,telugu,real,real,075_Melukonna Telangana Chudara.mp3.mp3,215,10
f5cfa4e4b6ae5dbe0161d4291cd18c00,telugu,real,real,075_Melukonna Telangana Chudara.mp3.mp3,216,10
a5847b6ebf506c877b44480e03f0d3be,telugu,real,real,075_Melukonna Telangana Chudara.mp3.mp3,217,10
c54fc846fe59d4a12524457d589b280e,telugu,real,real,075_Melukonna Telangana Chudara.mp3.mp3,218,10
255c7d5098541fde1c0ef34fecbd8fff,telugu,real,real,075_Melukonna Telangana Chudara.mp3.mp3,219,10
5a4ebdb163c88351500d28df32b256c3,telugu,real,real,075_Melukonna Telangana Chudara.mp3.mp3,220,10
fdeed9b6b215df613947589c274362b0,telugu,real,real,075_Melukonna Telangana Chudara.mp3.mp3,221,10
e5d3e7f3835f0da69949087201f00b1a,telugu,real,real,075_Melukonna Telangana Chudara.mp3.mp3,222,10
422091a46e71d3102313bf0d8144c564,telugu,real,real,075_Melukonna Telangana Chudara.mp3.mp3,223,10
d485fe8e600e1b5d2c2a3f9010687f19,telugu,real,real,075_Melukonna Telangana Chudara.mp3.mp3,224,10
11ad9704bdc70ad1822a7aa7ff6d3a25,telugu,real,real,075_Melukonna Telangana Chudara.mp3.mp3,225,10
a8ed9136611f1b40a0f928f2111f1c56,telugu,real,real,075_Melukonna Telangana Chudara.mp3.mp3,226,10
a63669d0450468fa49079459473089e5,telugu,real,real,075_Melukonna Telangana Chudara.mp3.mp3,227,10
8b209af195f986f2dc9184176e496900,telugu,real,real,075_Melukonna Telangana Chudara.mp3.mp3,228,10
b06182654dde3134da856172c65e3060,telugu,real,real,075_Melukonna Telangana Chudara.mp3.mp3,229,10
6bc710d9abc7e8533ff80c007df95d5a,telugu,real,real,075_Melukonna Telangana Chudara.mp3.mp3,230,10
247b7a664d72fc7f9cdcf9dd2537249f,telugu,real,real,075_Melukonna Telangana Chudara.mp3.mp3,231,10
cc41a3dd8eb2cd4a34e63df194a3dca8,telugu,real,real,075_Melukonna Telangana Chudara.mp3.mp3,232,10
70bc4d3d7b6f5b990a5766dce5a3daac,telugu,real,real,075_Melukonna Telangana Chudara.mp3.mp3,233,10
7313db63b0f2cfdb891f504e9cd14928,telugu,real,real,075_Melukonna Telangana Chudara.mp3.mp3,234,10
9f0684c7dbdc702d4a71e4798cc0186b,telugu,real,real,075_Melukonna Telangana Chudara.mp3.mp3,235,10
eeaaff9794fc61a030805ad6ea24ea62,telugu,real,real,075_Melukonna Telangana Chudara.mp3.mp3,236,10
6c01c2aa351dd598c5c4206166aad36d,telugu,real,real,075_Melukonna Telangana Chudara.mp3.mp3,237,10
21f0ccee56c9c0f187d0417d394ecc66,telugu,real,real,075_Melukonna Telangana Chudara.mp3.mp3,238,10
668bec5fb732c25ed2bb97592dfd2048,telugu,real,real,075_Melukonna Telangana Chudara.mp3.mp3,239,10
e74a7addfd194c6894efa3760ed0459d,telugu,real,real,075_Melukonna Telangana Chudara.mp3.mp3,240,10
d7152bde49a31f36b81af396242929f8,telugu,real,real,075_Melukonna Telangana Chudara.mp3.mp3,241,10
8d3ddfd0bad67423e069287f056aa6ac,telugu,real,real,075_Melukonna Telangana Chudara.mp3.mp3,242,10
b00377e1a2ff8291529c9ec2467cd9ac,telugu,real,real,075_Melukonna Telangana Chudara.mp3.mp3,243,10
ed9b36df039691a4ec231db8fed51bc5,telugu,real,real,075_Melukonna Telangana Chudara.mp3.mp3,244,10
302da760ba0fc6db8d4df27e667d8228,telugu,real,real,075_Melukonna Telangana Chudara.mp3.mp3,245,10
1dd21b1a99c85fc6cb92186bdf1ba04a,telugu,real,real,075_Melukonna Telangana Chudara.mp3.mp3,246,10
2b51b13205240a0195fe4df584be4d91,telugu,real,real,075_Melukonna Telangana Chudara.mp3.mp3,247,10
d802b6787159c87f7be08886e68e89cb,telugu,real,real,075_Melukonna Telangana Chudara.mp3.mp3,248,10
b9926bd203386391cc589ebf2c84ec89,telugu,real,real,075_Melukonna Telangana Chudara.mp3.mp3,249,10
150227678b5e23157478a29085794d53,telugu,real,real,075_Melukonna Telangana Chudara.mp3.mp3,250,10
8f1695bed14417a1a24ac30c9e33d258,telugu,real,real,075_Melukonna Telangana Chudara.mp3.mp3,251,10
8484a46e51f5316ec386fc335855d7f1,telugu,real,real,075_Melukonna Telangana Chudara.mp3.mp3,252,10
c5e8671166dea72ba744ca2eeb427e22,telugu,real,real,075_Melukonna Telangana Chudara.mp3.mp3,253,10
e430254dc93584e58b818cfc5da87ebf,telugu,real,real,075_Melukonna Telangana Chudara.mp3.mp3,254,10
2f170aec19fadf80126719d4d81c8e37,telugu,real,real,075_Melukonna Telangana Chudara.mp3.mp3,255,10
0899eb4ee586effc3b7538b72fee5c30,telugu,real,real,075_Melukonna Telangana Chudara.mp3.mp3,256,10
601cbd654361dbace8bf3fbd5e15b61d,telugu,real,real,075_Melukonna Telangana Chudara.mp3.mp3,257,10
e9c32cbc9e86d767940f875e4cc738f9,telugu,real,real,075_Melukonna Telangana Chudara.mp3.mp3,258,10
a910e2478a2b651847704ce14a908cfd,telugu,real,real,075_Melukonna Telangana Chudara.mp3.mp3,259,10
ea97d32ef2a5e7e2705c7403463c1e0e,telugu,real,real,075_Melukonna Telangana Chudara.mp3.mp3,260,10
e46f34dc3892d184ef84b6785df1a0be,telugu,real,real,075_Melukonna Telangana Chudara.mp3.mp3,261,10
5ae8c219477c03c9f12e6e050fb8432a,telugu,real,real,075_Melukonna Telangana Chudara.mp3.mp3,262,10
469a9279b7c5ef408de6843525ce8fab,telugu,real,real,075_Melukonna Telangana Chudara.mp3.mp3,263,10
5bfe384404e73d6698a52ba3a336f7ac,telugu,real,real,075_Melukonna Telangana Chudara.mp3.mp3,264,10
6ef6690befffbb6848e727adf0aaaca2,telugu,real,real,075_Melukonna Telangana Chudara.mp3.mp3,265,10
4284840228d528f39153a46527f036ef,telugu,real,real,075_Melukonna Telangana Chudara.mp3.mp3,266,10
f4bf69ff7c3fad1fee1595243d862cbe,telugu,real,real,075_Melukonna Telangana Chudara.mp3.mp3,267,10
545f84d5701b02fc9b57d210c3d66617,telugu,real,real,075_Melukonna Telangana Chudara.mp3.mp3,268,10
a5cc0477eb2231f903dbd772d702f9d3,telugu,real,real,075_Melukonna Telangana Chudara.mp3.mp3,269,10
b703746b52c1ccb98e1751240bc19a05,telugu,real,real,075_Melukonna Telangana Chudara.mp3.mp3,270,10
af3b4d7c01167a1c83e28b15e99c2f78,telugu,real,real,075_Melukonna Telangana Chudara.mp3.mp3,271,10
dd4fa19ff28e9e0dfe423af5b0b69f62,telugu,real,real,075_Melukonna Telangana Chudara.mp3.mp3,272,10
e9713af722076206417dddaabc4b8542,telugu,real,real,075_Melukonna Telangana Chudara.mp3.mp3,273,10
4360252434f742b4c4d57bde6dd15a15,telugu,real,real,075_Melukonna Telangana Chudara.mp3.mp3,274,10
8baf6f17faf7a7752d51e30e36664726,telugu,real,real,075_Melukonna Telangana Chudara.mp3.mp3,275,10
f5629e78afcd882e7600872c82ccf75b,telugu,real,real,075_Melukonna Telangana Chudara.mp3.mp3,276,10
ca9991b2fd0c5fabfe20be6118283841,telugu,real,real,075_Melukonna Telangana Chudara.mp3.mp3,277,10
783b2f30912582c0066ee05758bb9397,telugu,real,real,075_Melukonna Telangana Chudara.mp3.mp3,278,10
2449110498a7c6092a428b0c784dcd02,telugu,real,real,075_Melukonna Telangana Chudara.mp3.mp3,279,10
08580f007856991ba42ec483c25b7a98,telugu,real,real,075_Melukonna Telangana Chudara.mp3.mp3,280,10
986306b195d42f66f80acc5bb3ed22ca,telugu,real,real,076_Ma Palle Andalu.mp3.mp3,0,10
38b61301f6ea754a92b8be603f6e2c54,telugu,real,real,076_Ma Palle Andalu.mp3.mp3,1,10
f173f2aec4d3b955a8a816ab98c4488d,telugu,real,real,076_Ma Palle Andalu.mp3.mp3,2,10
98b37b66636d2bf89d613fee0fca701d,telugu,real,real,076_Ma Palle Andalu.mp3.mp3,3,10
94b5fe61a05dfefb2ca5eb64bce48e0f,telugu,real,real,076_Ma Palle Andalu.mp3.mp3,4,10
8fdd938ca189f2f2b41e1673a4056f15,telugu,real,real,076_Ma Palle Andalu.mp3.mp3,5,10
044e96558457e8bcbf5f02c7825e1d76,telugu,real,real,076_Ma Palle Andalu.mp3.mp3,6,10
2e604eff60b6d684bd6d0ffecc28cd2a,telugu,real,real,076_Ma Palle Andalu.mp3.mp3,7,10
1344bf298ffcd1c7d96e1da53d2501c1,telugu,real,real,076_Ma Palle Andalu.mp3.mp3,8,10
aa4364d0ee8557eadce3dc794d17c630,telugu,real,real,076_Ma Palle Andalu.mp3.mp3,9,10
56a4d0cd0210e5b6e2e212b14a7519c7,telugu,real,real,076_Ma Palle Andalu.mp3.mp3,10,10
6db184e8d7077695a6403492e6f98433,telugu,real,real,076_Ma Palle Andalu.mp3.mp3,11,10
b6c623c6c10a62b57fd1ccb1a9023e01,telugu,real,real,076_Ma Palle Andalu.mp3.mp3,12,10
634124da5d9fd41fc025af9c3f4b1981,telugu,real,real,076_Ma Palle Andalu.mp3.mp3,13,10
df9c62757d5e26884ccd582aad57fd69,telugu,real,real,076_Ma Palle Andalu.mp3.mp3,14,10
9e1d6d26ae5ea51c0b2f3444d2ce1456,telugu,real,real,076_Ma Palle Andalu.mp3.mp3,15,10
467358abf366cb13e8dd4e75bf87870a,telugu,real,real,076_Ma Palle Andalu.mp3.mp3,16,10
3a71c8ec32c03163ce1b96e096adbef2,telugu,real,real,076_Ma Palle Andalu.mp3.mp3,17,10
1653132f61b8d2af36ad8cc1b9252f3a,telugu,real,real,076_Ma Palle Andalu.mp3.mp3,18,10
1776785fecc959266cb395a8a8d88264,telugu,real,real,076_Ma Palle Andalu.mp3.mp3,19,10
d1846f21029683fe83bb3cc650aae39b,telugu,real,real,076_Ma Palle Andalu.mp3.mp3,20,10
0bbfa51da957eda0154cfdf905b0311c,telugu,real,real,076_Ma Palle Andalu.mp3.mp3,21,10
ff607b32fbf1bc3b1d3ce6b641a57197,telugu,real,real,076_Ma Palle Andalu.mp3.mp3,22,10
040dd467b69469e59a30b2b5cbf453d1,telugu,real,real,076_Ma Palle Andalu.mp3.mp3,23,10
1769e57e9054f286fd6d27f2d9f36dcb,telugu,real,real,076_Ma Palle Andalu.mp3.mp3,24,10
ef5d98b80ecbc9847d551580a929dab2,telugu,real,real,076_Ma Palle Andalu.mp3.mp3,25,10
afa94ead067e3bc5bf9af1ed522a2af5,telugu,real,real,076_Ma Palle Andalu.mp3.mp3,26,10
ebbd9eb0a1948df7268752c1b692a167,telugu,real,real,076_Ma Palle Andalu.mp3.mp3,27,10
9c026d2634daa8c41ca9ce1931df8785,telugu,real,real,076_Ma Palle Andalu.mp3.mp3,28,10
2ff2cf2586d4f0e1ac2bfe18e5a4bea8,telugu,real,real,076_Ma Palle Andalu.mp3.mp3,29,10
ea47b043b7489fbb92743f0eae4ecb50,telugu,real,real,076_Ma Palle Andalu.mp3.mp3,30,10
9e0bcfe26ccf5b87679e44a8a4a9d802,telugu,real,real,076_Ma Palle Andalu.mp3.mp3,31,10
f10c03b5b789ca35f86695fa93293113,telugu,real,real,076_Ma Palle Andalu.mp3.mp3,32,10
c41b8df3a385cb4cd4a14c407a04aab0,telugu,real,real,076_Ma Palle Andalu.mp3.mp3,33,10
a6dfe6e6d8993eba244f47a0ef118b59,telugu,real,real,076_Ma Palle Andalu.mp3.mp3,34,10
d8f813eb321a5d6b931c26c888867120,telugu,real,real,076_Ma Palle Andalu.mp3.mp3,35,10
255cacf4ca0a9851d7f7b9073bb9d0a6,telugu,real,real,076_Ma Palle Andalu.mp3.mp3,36,10
abdaa65cd7c133692ec5f62f9070cb3a,telugu,real,real,076_Ma Palle Andalu.mp3.mp3,37,10
ae1eb8ecf0538bda56ac766ab7527366,telugu,real,real,076_Ma Palle Andalu.mp3.mp3,38,10
d102b17a1dee876ce07df1e0ff659456,telugu,real,real,076_Ma Palle Andalu.mp3.mp3,39,10
9ff12aead8c0b877fc8428d1a334a208,telugu,real,real,076_Ma Palle Andalu.mp3.mp3,40,10
af33a919e20965c13abf6f0065f0e840,telugu,real,real,076_Ma Palle Andalu.mp3.mp3,41,10
d32969cb449b46d79859347e640175cf,telugu,real,real,076_Ma Palle Andalu.mp3.mp3,42,10
a27863b6de70ce7e89d65d2b16f12bba,telugu,real,real,076_Ma Palle Andalu.mp3.mp3,43,10
5859952deca7298c4c34496e9bcd9169,telugu,real,real,076_Ma Palle Andalu.mp3.mp3,44,10
6fa4535fd7cd56f51e2ef755dac464e0,telugu,real,real,076_Ma Palle Andalu.mp3.mp3,45,10
1f599562d44623901f1d44d26662bc50,telugu,real,real,076_Ma Palle Andalu.mp3.mp3,46,10
1558cc9d6c4a0abcee2483c6980f6922,telugu,real,real,076_Ma Palle Andalu.mp3.mp3,47,10
553b36f9dc27b3dba7900b7d9bf234b2,telugu,real,real,076_Ma Palle Andalu.mp3.mp3,48,10
f0c94b2d744d82e2b02f11a0fe0ccec8,telugu,real,real,076_Ma Palle Andalu.mp3.mp3,49,10
9b2b482e372894194e5b081a36e48d11,telugu,real,real,076_Ma Palle Andalu.mp3.mp3,50,10
023f5fc87fc3a5e7556ff93c96b53a06,telugu,real,real,076_Ma Palle Andalu.mp3.mp3,51,10
2f0a00bbb169eff7e0cd652c152e20e9,telugu,real,real,076_Ma Palle Andalu.mp3.mp3,52,10
9a93d852eec970f0ea4db225136b2c6f,telugu,real,real,076_Ma Palle Andalu.mp3.mp3,53,10
e28c9231d97c01f38bfa6f3cb51e43be,telugu,real,real,076_Ma Palle Andalu.mp3.mp3,54,10
a22d1608f64f6c13b9c7d1ba5d462143,telugu,real,real,076_Ma Palle Andalu.mp3.mp3,55,10
e5bc50d223320731579271b1c2a7251f,telugu,real,real,076_Ma Palle Andalu.mp3.mp3,56,10
747fd4c4e70a9a7bbb30a6c98e9737d8,telugu,real,real,076_Ma Palle Andalu.mp3.mp3,57,10
995dcd398c3e7c958dd7170c6dcb6bf3,telugu,real,real,076_Ma Palle Andalu.mp3.mp3,58,10
d0ce11903bfc4917065c2567a70c28d4,telugu,real,real,076_Ma Palle Andalu.mp3.mp3,59,10
de10c64b6d46e474e081c0f37ebc8142,telugu,real,real,076_Ma Palle Andalu.mp3.mp3,60,10
991b67db3324dd44829341799e15b6f9,telugu,real,real,076_Ma Palle Andalu.mp3.mp3,61,10
6e47be0cb02221387230171c383f18df,telugu,real,real,076_Ma Palle Andalu.mp3.mp3,62,10
bddc2c2d7049a50e4e80f8ea36f60edd,telugu,real,real,076_Ma Palle Andalu.mp3.mp3,63,10
3aee0beaf3c0fee65c4545d5a8aa4bac,telugu,real,real,076_Ma Palle Andalu.mp3.mp3,64,10
e2a9112a7ae420e66d606fe87ed0a460,telugu,real,real,076_Ma Palle Andalu.mp3.mp3,65,10
786dc538aedad78e24a429fc28fb2747,telugu,real,real,076_Ma Palle Andalu.mp3.mp3,66,10
11776fc951af25ecda2231472514d95c,telugu,real,real,076_Ma Palle Andalu.mp3.mp3,67,10
1e372b7820db414752e3956a6a305969,telugu,real,real,076_Ma Palle Andalu.mp3.mp3,68,10
2ecbcd70d022c98fc39e59e67af8b073,telugu,real,real,076_Ma Palle Andalu.mp3.mp3,69,10
a28e91dc7dff93881626b88ff8c32d53,telugu,real,real,076_Ma Palle Andalu.mp3.mp3,70,10
5399e69764dc20605e259a4506ab03ee,telugu,real,real,076_Ma Palle Andalu.mp3.mp3,71,10
41806da2b0a6b30f20ac9683b0ac770d,telugu,real,real,076_Ma Palle Andalu.mp3.mp3,72,10
96937851a86f58156b5387538fdf9a16,telugu,real,real,076_Ma Palle Andalu.mp3.mp3,73,10
45b1642c2eefd9f9f7a8f647c18c3329,telugu,real,real,076_Ma Palle Andalu.mp3.mp3,74,10
d1f0944c8b7778108a546bc8271a463d,telugu,real,real,076_Ma Palle Andalu.mp3.mp3,75,10
d4d4a3d3c27fb30ac7b5d7ed56c40713,telugu,real,real,076_Ma Palle Andalu.mp3.mp3,76,10
1f47bd34f064552d0dfb71115efb990b,telugu,real,real,076_Ma Palle Andalu.mp3.mp3,77,10
10e01be1157434aea54bf6ba5e9cb9ae,telugu,real,real,076_Ma Palle Andalu.mp3.mp3,78,10
d08ddd8af0e24138b65f2a4dc20d3db9,telugu,real,real,076_Ma Palle Andalu.mp3.mp3,79,10
f9751a30d2003cf02be06a0d5d9bf405,telugu,real,real,076_Ma Palle Andalu.mp3.mp3,80,10
93e0f64a1b81ecc3c9187c89662ec4f1,telugu,real,real,076_Ma Palle Andalu.mp3.mp3,81,10
b8ab2b897676ae35ee54ad92d0ad51ac,telugu,real,real,076_Ma Palle Andalu.mp3.mp3,82,10
6b6384c67faa5cebfa7c22017c90e90e,telugu,real,real,076_Ma Palle Andalu.mp3.mp3,83,10
3c016f70c391f92950689a08e3f08f81,telugu,real,real,076_Ma Palle Andalu.mp3.mp3,84,10
dbf6e68d115df8e7009a6306bf3a5341,telugu,real,real,076_Ma Palle Andalu.mp3.mp3,85,10
bfc66bdbba71c9c5191293c51ec6e565,telugu,real,real,076_Ma Palle Andalu.mp3.mp3,86,10
580de1c0daaae24ae8096a21f1ce13ac,telugu,real,real,076_Ma Palle Andalu.mp3.mp3,87,10
fc031dffc2215aaa1b57ccff28d17663,telugu,real,real,076_Ma Palle Andalu.mp3.mp3,88,10
8458aeb0912108590e8aadee63874e76,telugu,real,real,076_Ma Palle Andalu.mp3.mp3,89,10
1844e4647921b571ae427d4b58e8b017,telugu,real,real,076_Ma Palle Andalu.mp3.mp3,90,10
e587cfb0665707d3ba0fdf33895fb7e4,telugu,real,real,076_Ma Palle Andalu.mp3.mp3,91,10
de5ac3a985199ffe3fac300d72d42aa0,telugu,real,real,076_Ma Palle Andalu.mp3.mp3,92,10
1e5cc461a4807c316e9fa64e2a2ce844,telugu,real,real,076_Ma Palle Andalu.mp3.mp3,93,10
2bdbbb0d52582a3f06ac82c90bef6228,telugu,real,real,076_Ma Palle Andalu.mp3.mp3,94,10
764de9bb6aa4d95fb1ebd2388833e941,telugu,real,real,076_Ma Palle Andalu.mp3.mp3,95,10
4f2a26179d1ea62e19c99df228224128,telugu,real,real,076_Ma Palle Andalu.mp3.mp3,96,10
5ec64a9672420a32d34bce307a29c67b,telugu,real,real,076_Ma Palle Andalu.mp3.mp3,97,10
b2c16e0c3f47b08df719586eaa9c46b4,telugu,real,real,076_Ma Palle Andalu.mp3.mp3,98,10
65b5f330b028c85e5c0d6539c73e7dfe,telugu,real,real,076_Ma Palle Andalu.mp3.mp3,99,10
ee05b4e2275f3c70947fb1d8b140df23,telugu,real,real,076_Ma Palle Andalu.mp3.mp3,100,10
882d14ef8f706928adff119a6daf0f84,telugu,real,real,076_Ma Palle Andalu.mp3.mp3,101,10
bd1f04d000979a202c1a7cf9a9d1719d,telugu,real,real,076_Ma Palle Andalu.mp3.mp3,102,10
61166a5874e170ec63f74af65ff192a8,telugu,real,real,076_Ma Palle Andalu.mp3.mp3,103,10
0913f82943d2f9bed3170f47eba2c85a,telugu,real,real,076_Ma Palle Andalu.mp3.mp3,104,10
e8b815f65f07cf5a6fc433011446f573,telugu,real,real,076_Ma Palle Andalu.mp3.mp3,105,10
402381288c680269b807e6b453c98691,telugu,real,real,076_Ma Palle Andalu.mp3.mp3,106,10
7a077745b4b860c798eac53861b00621,telugu,real,real,076_Ma Palle Andalu.mp3.mp3,107,10
663ade24f207dd4e637d4ecbf3f45e84,telugu,real,real,076_Ma Palle Andalu.mp3.mp3,108,10
b992a9998648b3964788eea89bf6d9ac,telugu,real,real,076_Ma Palle Andalu.mp3.mp3,109,10
9737f8b949a96172e6715c32bb09a1e6,telugu,real,real,076_Ma Palle Andalu.mp3.mp3,110,10
5f430baeb89f77518e93c2dc105bb16a,telugu,real,real,076_Ma Palle Andalu.mp3.mp3,111,10
962234f49085ad836c4e7d95da2ffdc0,telugu,real,real,076_Ma Palle Andalu.mp3.mp3,112,10
b71533eed76f75937f89275669dfa063,telugu,real,real,076_Ma Palle Andalu.mp3.mp3,113,10
68ff94cc65ef06c90e38625b86ec8a09,telugu,real,real,076_Ma Palle Andalu.mp3.mp3,114,10
efbc59ce864bfd6cbde4229636bea324,telugu,real,real,076_Ma Palle Andalu.mp3.mp3,115,10
e50955fe62acf8d7b64bb4b03c5fb79d,telugu,real,real,076_Ma Palle Andalu.mp3.mp3,116,10
d3724f0ed4b2acab214dd6da834067e2,telugu,real,real,076_Ma Palle Andalu.mp3.mp3,117,10
57950cbe6fe89f2fb7ac2d3693385f18,telugu,real,real,076_Ma Palle Andalu.mp3.mp3,118,10
242c0795bd11150522903e402703fb85,telugu,real,real,076_Ma Palle Andalu.mp3.mp3,119,10
07a6da23615c0ca1c10e45185bf39920,telugu,real,real,076_Ma Palle Andalu.mp3.mp3,120,10
e48a78f5011a0c09394d4a5224010544,telugu,real,real,076_Ma Palle Andalu.mp3.mp3,121,10
3488b42d567467286960ce8392bec956,telugu,real,real,076_Ma Palle Andalu.mp3.mp3,122,10
fc38e4e8a48724f79ee140688d8e49f5,telugu,real,real,076_Ma Palle Andalu.mp3.mp3,123,10
9904d5e009f275d6cb0e9454606188fd,telugu,real,real,076_Ma Palle Andalu.mp3.mp3,124,10
995c9af20fa047c7afeb46fae3b24b5f,telugu,real,real,076_Ma Palle Andalu.mp3.mp3,125,10
2b40f95ccd4d76ae37f6ccba7c3b8d26,telugu,real,real,076_Ma Palle Andalu.mp3.mp3,126,10
655c72a17153b3051cb27536d7090acb,telugu,real,real,076_Ma Palle Andalu.mp3.mp3,127,10
5bfbb5b55a70a46f7fb3fedfa75fd9c0,telugu,real,real,076_Ma Palle Andalu.mp3.mp3,128,10
5c365494790d7df82be709e6340f0aa1,telugu,real,real,076_Ma Palle Andalu.mp3.mp3,129,10
140116fdb363de73b48d3a86cd99cffe,telugu,real,real,076_Ma Palle Andalu.mp3.mp3,130,10
e3c205b3e7ca20e21e2c2734b80f84d2,telugu,real,real,076_Ma Palle Andalu.mp3.mp3,131,10
ab6f5133d8b555e9e905e52e24ac748a,telugu,real,real,076_Ma Palle Andalu.mp3.mp3,132,10
3272335d28ee66e95de8fd1702b5171c,telugu,real,real,076_Ma Palle Andalu.mp3.mp3,133,10
7aa42669b72290f371168fa5c3df6236,telugu,real,real,076_Ma Palle Andalu.mp3.mp3,134,10
2e28f5d9dc2c3e3bfcf194079ba019a7,telugu,real,real,076_Ma Palle Andalu.mp3.mp3,135,10
84426300b10c2b6dd4c0d05f9da67db5,telugu,real,real,076_Ma Palle Andalu.mp3.mp3,136,10
70609f86a61c5a93b21198aa315379ad,telugu,real,real,076_Ma Palle Andalu.mp3.mp3,137,10
2d8f625524f7c763174de593754b5bc7,telugu,real,real,076_Ma Palle Andalu.mp3.mp3,138,10
93058440888adfd2e4e35f800eb2a74a,telugu,real,real,076_Ma Palle Andalu.mp3.mp3,139,10
5bfabf97769a90cc3ee0ab999ce443c1,telugu,real,real,076_Ma Palle Andalu.mp3.mp3,140,10
74e7c8bacdb077e17f8895b64cbbb2a0,telugu,real,real,076_Ma Palle Andalu.mp3.mp3,141,10
b5fc6093e82102282bf900750ec1c8b7,telugu,real,real,076_Ma Palle Andalu.mp3.mp3,142,10
b84d804aeeff84fa77d1d80aa954b005,telugu,real,real,076_Ma Palle Andalu.mp3.mp3,143,10
d22129328e6888e6ea9a35c6ab7b3b30,telugu,real,real,076_Ma Palle Andalu.mp3.mp3,144,10
d28c82d0860808f43644c8b9f3a42cdb,telugu,real,real,076_Ma Palle Andalu.mp3.mp3,145,10
1d3147098babb12d2da81fe74dde79b4,telugu,real,real,076_Ma Palle Andalu.mp3.mp3,146,10
2b7245dea6713371641fdafb92e638a3,telugu,real,real,076_Ma Palle Andalu.mp3.mp3,147,10
0949b51f4685ce297cbf48729d8859e9,telugu,real,real,076_Ma Palle Andalu.mp3.mp3,148,10
7f22ef326555712909948a3d2d6c77d9,telugu,real,real,076_Ma Palle Andalu.mp3.mp3,149,10
366e6b3bb1dccc00a6d4662669e3045d,telugu,real,real,076_Ma Palle Andalu.mp3.mp3,150,10
a10046a65e9a0cc779c7601eeeef74d8,telugu,real,real,076_Ma Palle Andalu.mp3.mp3,151,10
18e1206716a7041f53300bc1b3be07e4,telugu,real,real,076_Ma Palle Andalu.mp3.mp3,152,10
657b717996d83c23b9cb672a492c4adf,telugu,real,real,076_Ma Palle Andalu.mp3.mp3,153,10
c589b1cb563bcfa1a4b6a856f7ed2de4,telugu,real,real,076_Ma Palle Andalu.mp3.mp3,154,10
9e622c9d553dd4257a1a35573c42b0f9,telugu,real,real,076_Ma Palle Andalu.mp3.mp3,155,10
9d2fc21d0e3a46e85c636d0edef8b1ec,telugu,real,real,076_Ma Palle Andalu.mp3.mp3,156,10
266fc3754dd0f6078fe90ed300f3ce34,telugu,real,real,076_Ma Palle Andalu.mp3.mp3,157,10
2c8a639e0dec0be5d3776f872c27510a,telugu,real,real,076_Ma Palle Andalu.mp3.mp3,158,10
5f670e6e0f1cb0f078cfc58d74a23433,telugu,real,real,076_Ma Palle Andalu.mp3.mp3,159,10
e4e3cfa7bfbd5fa70d4077d7b627f2ce,telugu,real,real,076_Ma Palle Andalu.mp3.mp3,160,10
fa7814ae5aba33f1934f8fcffc5d746b,telugu,real,real,076_Ma Palle Andalu.mp3.mp3,161,10
6df7cd26f763ebb0213dc74490d2470f,telugu,real,real,076_Ma Palle Andalu.mp3.mp3,162,10
d7f028ba62640e7d51eea80f78dbcfc0,telugu,real,real,076_Ma Palle Andalu.mp3.mp3,163,10
c1b384745f91e4ad0ead9a5cb92c33db,telugu,real,real,076_Ma Palle Andalu.mp3.mp3,164,10
c3f866a83d93c184c5bc189541f3e40a,telugu,real,real,076_Ma Palle Andalu.mp3.mp3,165,10
a609899d808cd5ab5948e4a91c07ee80,telugu,real,real,076_Ma Palle Andalu.mp3.mp3,166,10
5b3aa6013c75b616d761c47ed05f4ac9,telugu,real,real,076_Ma Palle Andalu.mp3.mp3,167,10
c1c61be589e0706133b7e5e3f66f6b3d,telugu,real,real,076_Ma Palle Andalu.mp3.mp3,168,10
94509b0a9890799c17385b270e8e5db0,telugu,real,real,076_Ma Palle Andalu.mp3.mp3,169,10
3fd9e991ea857d25a6303fd21964f69f,telugu,real,real,076_Ma Palle Andalu.mp3.mp3,170,10
e29ce2be94097f1f3ec9f3992e6c3710,telugu,real,real,076_Ma Palle Andalu.mp3.mp3,171,10
cd429a74a27d9b667dabfe5293893d89,telugu,real,real,076_Ma Palle Andalu.mp3.mp3,172,10
43620bcd3e84667ca7e62bf28960dea5,telugu,real,real,076_Ma Palle Andalu.mp3.mp3,173,10
c129c20eb9269c0c0c3095a6c56c9ffa,telugu,real,real,076_Ma Palle Andalu.mp3.mp3,174,10
09ad288806b14ac5f7ae0a55c0072c2d,telugu,real,real,076_Ma Palle Andalu.mp3.mp3,175,10
5553723d84f66d1302842c34a991b4c2,telugu,real,real,076_Ma Palle Andalu.mp3.mp3,176,10
72e5b06a62f3610d862deadc16c6a1ec,telugu,real,real,076_Ma Palle Andalu.mp3.mp3,177,10
364afe108ef633afeaf1ad707b0398a7,telugu,real,real,076_Ma Palle Andalu.mp3.mp3,178,10
2d7137c8e9b788ef84ebd47321a76d50,telugu,real,real,076_Ma Palle Andalu.mp3.mp3,179,10
07bfe4eadb8da20915ca9d71d928fa75,telugu,real,real,076_Ma Palle Andalu.mp3.mp3,180,10
2f79525eaee1ada8da7227d8b057bf01,telugu,real,real,076_Ma Palle Andalu.mp3.mp3,181,10
cb2e6660f6f8cb66048d44c6f14545c7,telugu,real,real,076_Ma Palle Andalu.mp3.mp3,182,10
66bf33d6e5b0758ec2997b9db8649293,telugu,real,real,076_Ma Palle Andalu.mp3.mp3,183,10
862750ffc1c6422ca9bf1bc1e4b03c5a,telugu,real,real,076_Ma Palle Andalu.mp3.mp3,184,10
e1d57128905de7f5143a042bbeb90f56,telugu,real,real,076_Ma Palle Andalu.mp3.mp3,185,10
29365f26d256776888e874fab7a2c44f,telugu,real,real,076_Ma Palle Andalu.mp3.mp3,186,10
c125e17f581835aac84b22d2e4745a63,telugu,real,real,076_Ma Palle Andalu.mp3.mp3,187,10
8571ba74d9643f2f72b152744d93c2ce,telugu,real,real,076_Ma Palle Andalu.mp3.mp3,188,10
3a98d4ee61ec70df82f2bdc90c321db3,telugu,real,real,076_Ma Palle Andalu.mp3.mp3,189,10
80f55d152eee94a0aedcb2a948450923,telugu,real,real,076_Ma Palle Andalu.mp3.mp3,190,10
5720cd310bac291760bd45a83f7de597,telugu,real,real,076_Ma Palle Andalu.mp3.mp3,191,10
98d195ebeeaedb39c4ce94accb7cfd6f,telugu,real,real,076_Ma Palle Andalu.mp3.mp3,192,10
e40a2fb6e8b5e8b8f7fc7cc8781b9249,telugu,real,real,076_Ma Palle Andalu.mp3.mp3,193,10
5bc32946e91beccf6d58a256ce52f1f9,telugu,real,real,076_Ma Palle Andalu.mp3.mp3,194,10
d9e4ed4dbefcf1f5d3454fa8dd9a57b9,telugu,real,real,076_Ma Palle Andalu.mp3.mp3,195,10
df29f7370320fdb8c334102a138cec51,telugu,real,real,076_Ma Palle Andalu.mp3.mp3,196,10
1925bfb93487a557b37e4b6c8dec14f3,telugu,real,real,076_Ma Palle Andalu.mp3.mp3,197,10
91a2429526a6cac89d6c2b6de554376f,telugu,real,real,076_Ma Palle Andalu.mp3.mp3,198,10
5da81a0fa7777e44f223c30e0a7b99ef,telugu,real,real,076_Ma Palle Andalu.mp3.mp3,199,10
ff4d15f9897c7327dc58b854e4b8f4d6,telugu,real,real,076_Ma Palle Andalu.mp3.mp3,200,10
f719758002d69b5054c22d0c065ab74f,telugu,real,real,076_Ma Palle Andalu.mp3.mp3,201,10
b138dd0c3561ad49a5c828e5b30f98cd,telugu,real,real,076_Ma Palle Andalu.mp3.mp3,202,10
944e332bf2ef45db42df572a018dcffa,telugu,real,real,076_Ma Palle Andalu.mp3.mp3,203,10
2f9c96c47ff7c05522159a43e7aa61f7,telugu,real,real,076_Ma Palle Andalu.mp3.mp3,204,10
d0741b7076b75de992ab6814f5a8693a,telugu,real,real,076_Ma Palle Andalu.mp3.mp3,205,10
9ca321899bd18dc3086395201239042b,telugu,real,real,076_Ma Palle Andalu.mp3.mp3,206,10
7378dccaf3d6d2c1935c4825ded2fb21,telugu,real,real,076_Ma Palle Andalu.mp3.mp3,207,10
e837d2c9ad1e83411dce35d1bfa0f8ef,telugu,real,real,076_Ma Palle Andalu.mp3.mp3,208,10
b4a3d8651ce7f72b3f83f0503b1650a3,telugu,real,real,076_Ma Palle Andalu.mp3.mp3,209,10
fca9de005a6d5100a44f3460664d9700,telugu,real,real,076_Ma Palle Andalu.mp3.mp3,210,10
446fb5f665fb0baed1c74f5080ba6496,telugu,real,real,076_Ma Palle Andalu.mp3.mp3,211,10
c972ac382a7883c6a2c765fe040f2313,telugu,real,real,076_Ma Palle Andalu.mp3.mp3,212,10
e22284a086b70f3025296c41ae2d4f8a,telugu,real,real,076_Ma Palle Andalu.mp3.mp3,213,10
d88e7cd4684a518d3a1d3f50fd295602,telugu,real,real,076_Ma Palle Andalu.mp3.mp3,214,10
48ab55e3bd02077f3839b58f39cb48ed,telugu,real,real,076_Ma Palle Andalu.mp3.mp3,215,10
0673ff25995aedfbb7dc86bdf9b67d5b,telugu,real,real,076_Ma Palle Andalu.mp3.mp3,216,10
590b1691896616aa22ef3e6dde0c84f1,telugu,real,real,076_Ma Palle Andalu.mp3.mp3,217,10
23cdde39b04b7c6e68fb40dedc2a5a4f,telugu,real,real,076_Ma Palle Andalu.mp3.mp3,218,10
9679277e688484fdc4ab494505a8fb4f,telugu,real,real,076_Ma Palle Andalu.mp3.mp3,219,10
0ebe3ee95ddcd31ea1e591418ac64e5d,telugu,real,real,076_Ma Palle Andalu.mp3.mp3,220,10
b7eddc4886a6b9a53ac8425c193989aa,telugu,real,real,076_Ma Palle Andalu.mp3.mp3,221,10
2a18c19688009b511a90c8ca4fbfc241,telugu,real,real,076_Ma Palle Andalu.mp3.mp3,222,10
d156303ab6b6e72aedc80bd9f4b484c9,telugu,real,real,076_Ma Palle Andalu.mp3.mp3,223,10
bb69e911ff1c19828bc2ad25023e42ff,telugu,real,real,076_Ma Palle Andalu.mp3.mp3,224,10
96d2d59b45e666a9a84a3071793a5f72,telugu,real,real,076_Ma Palle Andalu.mp3.mp3,225,10
02ce9be4b4cc5a89bb387121f1770b92,telugu,real,real,076_Ma Palle Andalu.mp3.mp3,226,10
28ecbc584e608d82abed965b877816e9,telugu,real,real,076_Ma Palle Andalu.mp3.mp3,227,10
2c15a863b00a459556a098957c8dbd6e,telugu,real,real,076_Ma Palle Andalu.mp3.mp3,228,10
cb676f6463b5ec55b52e2d64668813a4,telugu,real,real,076_Ma Palle Andalu.mp3.mp3,229,10
eb41040dfb6bc573bd9752e56a494c9e,telugu,real,real,076_Ma Palle Andalu.mp3.mp3,230,10
4b3110558620712bb03c7b4634484d16,telugu,real,real,076_Ma Palle Andalu.mp3.mp3,231,10
79d7a830d5b1d618e59d7b16ae17c3b1,telugu,real,real,076_Ma Palle Andalu.mp3.mp3,232,10
4b9e7de1ac364c61e7337558e3d1fdea,telugu,real,real,076_Ma Palle Andalu.mp3.mp3,233,10
3941eb641d0251abf4e7e93ac9a9827c,telugu,real,real,076_Ma Palle Andalu.mp3.mp3,234,10
3ca4fba21ce80899647300f167ed7dea,telugu,real,real,076_Ma Palle Andalu.mp3.mp3,235,10
f46cfe0184c5b6cf191114660a22d3b3,telugu,real,real,076_Ma Palle Andalu.mp3.mp3,236,10
8d06f457100870c0cc4cdc6ec3022d4a,telugu,real,real,076_Ma Palle Andalu.mp3.mp3,237,10
02ef1540ca668f7f4e59bb18728a9be4,telugu,real,real,076_Ma Palle Andalu.mp3.mp3,238,10
24fed04f11a88d0ee8ed7710f51cdef0,telugu,real,real,076_Ma Palle Andalu.mp3.mp3,239,10
f7c43d3e6b61f14e753852e7ead5bdf8,telugu,real,real,076_Ma Palle Andalu.mp3.mp3,240,10
922000c1a51d200e9faf68d20d4f4862,telugu,real,real,076_Ma Palle Andalu.mp3.mp3,241,10
23d88c91d8684b15290992a91a1c9ec1,telugu,real,real,076_Ma Palle Andalu.mp3.mp3,242,10
c713fb1484ef8be1d4bd6ed67fb12ccd,telugu,real,real,076_Ma Palle Andalu.mp3.mp3,243,10
8d8f9164100c2572e716ecbbb5dd3a11,telugu,real,real,076_Ma Palle Andalu.mp3.mp3,244,10
488597aa902a6a0b13dad7b6f9b8de6e,telugu,real,real,076_Ma Palle Andalu.mp3.mp3,245,10
f3d45f8ecd779f017c028d3af9ba4840,telugu,real,real,076_Ma Palle Andalu.mp3.mp3,246,10
42d57c97167885fb81d36adba575b708,telugu,real,real,076_Ma Palle Andalu.mp3.mp3,247,10
2db0a08e1a86771c24a882e21797a0fc,telugu,real,real,076_Ma Palle Andalu.mp3.mp3,248,10
f41b605573795eedfcdbffc861ea1d04,telugu,real,real,076_Ma Palle Andalu.mp3.mp3,249,10
52c92b8e538e90352dae579a13024ee9,telugu,real,real,076_Ma Palle Andalu.mp3.mp3,250,10
55ffeb3d1d17b72c8858b0593f927cd5,telugu,real,real,076_Ma Palle Andalu.mp3.mp3,251,10
29b78147b7d434083e7d766e5917e6d5,telugu,real,real,076_Ma Palle Andalu.mp3.mp3,252,10
c42f25a43c8442d25f9bc75c7524b2d6,telugu,real,real,076_Ma Palle Andalu.mp3.mp3,253,10
139772b3c17f55e6dd20151047cffcff,telugu,real,real,076_Ma Palle Andalu.mp3.mp3,254,10
41d4d75be843d00ce40e46b8d9327093,telugu,real,real,076_Ma Palle Andalu.mp3.mp3,255,10
c75fb7d262d70c709437ae0b317ed265,telugu,real,real,076_Ma Palle Andalu.mp3.mp3,256,10
bdf8cea3d106ca901b8f4d305719f123,telugu,real,real,076_Ma Palle Andalu.mp3.mp3,257,10
c1d1672f03c5a554b931ca4c0083b37a,telugu,real,real,076_Ma Palle Andalu.mp3.mp3,258,10
bdd32396e78b5d5dc1f66a42eb83b942,telugu,real,real,076_Ma Palle Andalu.mp3.mp3,259,10
d50e85798b0190e0aa455cdec949f999,telugu,real,real,076_Ma Palle Andalu.mp3.mp3,260,10
5db9aaf3aca2a08aa6208b56e09b5a76,telugu,real,real,076_Ma Palle Andalu.mp3.mp3,261,10
b8f7c2dbd7c3bcbbd62248878ac1e8de,telugu,real,real,076_Ma Palle Andalu.mp3.mp3,262,10
cb340c5e2d4c08f6a3ad8254873d6a41,telugu,real,real,076_Ma Palle Andalu.mp3.mp3,263,10
99ece05f3305823ce4ba209dfeb7cc3f,telugu,real,real,076_Ma Palle Andalu.mp3.mp3,264,10
49236559baf8d4f9f678a3e53cb90a8b,telugu,real,real,076_Ma Palle Andalu.mp3.mp3,265,10
adc1c7216a2efd4a2df6d826c3e1c33c,telugu,real,real,076_Ma Palle Andalu.mp3.mp3,266,10
521d25d072f54e4dff3dfa9ff4cd7c72,telugu,real,real,076_Ma Palle Andalu.mp3.mp3,267,10
5394802d4cbe82fcb6d46c50fb7a7428,telugu,real,real,076_Ma Palle Andalu.mp3.mp3,268,10
558d0aaaf693a2f638722ded47d16f65,telugu,real,real,076_Ma Palle Andalu.mp3.mp3,269,10
13c286a86ef3b9c69140adbfe98e7d9c,telugu,real,real,076_Ma Palle Andalu.mp3.mp3,270,10
2df0c78ff221fa0196c18fcc24970ff4,telugu,real,real,076_Ma Palle Andalu.mp3.mp3,271,10
5094e37194888f79bbdbe7285f3f4c0f,telugu,real,real,076_Ma Palle Andalu.mp3.mp3,272,10
2ba4e4980dd6330db8235b49ff7900ba,telugu,real,real,076_Ma Palle Andalu.mp3.mp3,273,10
bbbf2c958cc57b310c954c099bb296fd,telugu,real,real,076_Ma Palle Andalu.mp3.mp3,274,10
9f09fe11b1fa0a62fbb6452e7f8ab845,telugu,real,real,076_Ma Palle Andalu.mp3.mp3,275,10
a5f6f9a8f115c67f740685991bc69aa4,telugu,real,real,076_Ma Palle Andalu.mp3.mp3,276,10
82a64426381a410dffc5a5350d61b1a5,telugu,real,real,076_Ma Palle Andalu.mp3.mp3,277,10
46ce986e813ac0d8fce6215e7fcc2df5,telugu,real,real,076_Ma Palle Andalu.mp3.mp3,278,10
9fc504e627a68d58b51afba8550dd31f,telugu,real,real,076_Ma Palle Andalu.mp3.mp3,279,10
615dced5f42ece968e40cbf798d288cb,telugu,real,real,076_Ma Palle Andalu.mp3.mp3,280,10
3527d8394687e8020982bae8c5043eeb,telugu,real,real,076_Ma Palle Andalu.mp3.mp3,281,10
a2d24984a20e656d6747d6f8b5f49a7c,telugu,real,real,076_Ma Palle Andalu.mp3.mp3,282,10
39bad65031e2c2791b7668bed19017e3,telugu,real,real,076_Ma Palle Andalu.mp3.mp3,283,10
0570cc8be0b2fca3429806e1c0318cac,telugu,real,real,076_Ma Palle Andalu.mp3.mp3,284,10
14adfde776950b1ed8f40a679d1a9366,telugu,real,real,076_Ma Palle Andalu.mp3.mp3,285,10
a68b27efad9208d4ff7033d20b572875,telugu,real,real,076_Ma Palle Andalu.mp3.mp3,286,10
611808a7d50ef182f48b1c5626b9cc47,telugu,real,real,076_Ma Palle Andalu.mp3.mp3,287,10
8d96bd2b46a6428443b0fbed1167d8c7,telugu,real,real,076_Ma Palle Andalu.mp3.mp3,288,10
80278a935ed4a48f0aa569619a9a34db,telugu,real,real,076_Ma Palle Andalu.mp3.mp3,289,10
a4e9f7019f42419b472448f53557c7fe,telugu,real,real,076_Ma Palle Andalu.mp3.mp3,290,10
761945c60c6e761a19436d1de80cf5c8,telugu,real,real,076_Ma Palle Andalu.mp3.mp3,291,10
bcef2cb293a45852c27f2cac1f3aa759,telugu,real,real,076_Ma Palle Andalu.mp3.mp3,292,10
4f3c4d1e7bad46bf2890cb3af1e8d979,telugu,real,real,076_Ma Palle Andalu.mp3.mp3,293,10
9741278fe59ce57e65c3c5ace8bc0548,telugu,real,real,076_Ma Palle Andalu.mp3.mp3,294,10
069c53b31a40bd91ba2ef10af074fadf,telugu,real,real,076_Ma Palle Andalu.mp3.mp3,295,10
ab43f0c7a1ef1ce3b9a76585d4298580,telugu,real,real,076_Ma Palle Andalu.mp3.mp3,296,10
38ded48ac931ec1d2b0a8db3919fa8a0,telugu,real,real,076_Ma Palle Andalu.mp3.mp3,297,10
d8666cfd11813577307e97402ae4fe48,telugu,real,real,076_Ma Palle Andalu.mp3.mp3,298,10
6597e481d74a7e11b150495e22d763bc,telugu,real,real,076_Ma Palle Andalu.mp3.mp3,299,10
8d42439a6b4d3255bbdaa061a1c8be8d,telugu,real,real,076_Ma Palle Andalu.mp3.mp3,300,10
3e20cc37bb2109749c8961796b5a3ac0,telugu,real,real,076_Ma Palle Andalu.mp3.mp3,301,10
aa0126edb897b75593e59021a861e8f3,telugu,real,real,076_Ma Palle Andalu.mp3.mp3,302,10
109fc3ac7fbc46074b87e081200b20bd,telugu,real,real,076_Ma Palle Andalu.mp3.mp3,303,10
643a4e7e3ab7cc1fbc462b38c37ac635,telugu,real,real,076_Ma Palle Andalu.mp3.mp3,304,10
3b3b25fe2f0e5bfa7b9372190a8167b4,telugu,real,real,076_Ma Palle Andalu.mp3.mp3,305,10
e85ba783899cbc61f21425ab75f48b08,telugu,real,real,076_Ma Palle Andalu.mp3.mp3,306,10
508e64216192c24662981987b6fbb5f1,telugu,real,real,076_Ma Palle Andalu.mp3.mp3,307,10
b2fb078116c203e28493b9a7177fc969,telugu,real,real,076_Ma Palle Andalu.mp3.mp3,308,10
ed45deb6aedd9ed36c83e4e0f24089e1,telugu,real,real,076_Ma Palle Andalu.mp3.mp3,309,10
6fe2d12144debe98dafdbbf37c558794,telugu,real,real,076_Ma Palle Andalu.mp3.mp3,310,10
4353e27c4c63c1e2a8f7f657427a4add,telugu,real,real,076_Ma Palle Andalu.mp3.mp3,311,10
b816d14c497515ff001c86ac36116081,telugu,real,real,076_Ma Palle Andalu.mp3.mp3,312,10
4aaadd9b46354c5c6fda9f2d823cc51e,telugu,real,real,076_Ma Palle Andalu.mp3.mp3,313,10
5f197979b60203e3ce454c041a5437ef,telugu,real,real,076_Ma Palle Andalu.mp3.mp3,314,10
8f4244e81c7af4966556621d91034174,telugu,real,real,076_Ma Palle Andalu.mp3.mp3,315,10
21f6c0f5073155d9227c96c682c963e0,telugu,real,real,076_Ma Palle Andalu.mp3.mp3,316,10
507ba282df421205e9b7ccf4ada1f375,telugu,real,real,076_Ma Palle Andalu.mp3.mp3,317,10
46abafb74a934e366315b3ebf75bfcd6,telugu,real,real,076_Ma Palle Andalu.mp3.mp3,318,10
9f563a61526576e1ba0fc42d5687cfbf,telugu,real,real,076_Ma Palle Andalu.mp3.mp3,319,10
af845937bbe523d208ce5fda84e90c52,telugu,real,real,076_Ma Palle Andalu.mp3.mp3,320,10
c8150792628cac86facf3cdf5ed1c9c1,telugu,real,real,076_Ma Palle Andalu.mp3.mp3,321,10
4d58f4292727f349f687bfabd5ba04c2,telugu,real,real,076_Ma Palle Andalu.mp3.mp3,322,10
cf8a2130bc9a8d36a8607a3c1de90ff3,telugu,real,real,076_Ma Palle Andalu.mp3.mp3,323,10
0645ed689c493e7f4460df622e471118,telugu,real,real,076_Ma Palle Andalu.mp3.mp3,324,10
8c3cc45b685e2ef5e71e870b2995c098,telugu,real,real,076_Ma Palle Andalu.mp3.mp3,325,10
32412c54e5eb38e8283b3985045a1142,telugu,real,real,076_Ma Palle Andalu.mp3.mp3,326,10
622617aba95124b92d8d1c7795885d7b,telugu,real,real,076_Ma Palle Andalu.mp3.mp3,327,10
17327fc97bfa83a938f9713c899df067,telugu,real,real,076_Ma Palle Andalu.mp3.mp3,328,10
81f32a0f8d565e69945aa08753835886,telugu,real,real,076_Ma Palle Andalu.mp3.mp3,329,10
b14a44cb48080e4ae5796773cb46012f,telugu,real,real,076_Ma Palle Andalu.mp3.mp3,330,10
054f75150c14c577d96a87c401658cee,telugu,real,real,076_Ma Palle Andalu.mp3.mp3,331,10
9ff120ba493af1d0dbd5087a639b1441,telugu,real,real,076_Ma Palle Andalu.mp3.mp3,332,10
50e7f7294ba5c82d75a02d55f9c3b184,telugu,real,real,076_Ma Palle Andalu.mp3.mp3,333,10
49214a547d0928baa0d4e7d9637a6c1e,telugu,real,real,076_Ma Palle Andalu.mp3.mp3,334,10
bfe7906302bcbfc491ddd78c9bc2cd71,telugu,real,real,076_Ma Palle Andalu.mp3.mp3,335,10
988918b9b812ffa930faa458036e412b,telugu,real,real,076_Ma Palle Andalu.mp3.mp3,336,10
927440eb26792ecef33de70a37b3fb81,telugu,real,real,076_Ma Palle Andalu.mp3.mp3,337,10
f97c7713cce54aee9d00a5eb86b7e181,telugu,real,real,076_Ma Palle Andalu.mp3.mp3,338,10
24806d702dcd50f8c9ff69bf3e03b3c5,telugu,real,real,076_Ma Palle Andalu.mp3.mp3,339,10
74f96819aeef546604a91cd83cb5d757,telugu,real,real,076_Ma Palle Andalu.mp3.mp3,340,10
5aa35229abb9e24fa6eefca237a942d3,telugu,real,real,076_Ma Palle Andalu.mp3.mp3,341,10
03b252625ee5644201aa00960a040bc8,telugu,real,real,076_Ma Palle Andalu.mp3.mp3,342,10
a43159dafbcf0e85fc2d9b6724759872,telugu,real,real,076_Ma Palle Andalu.mp3.mp3,343,10
663322c9496616ce52852537e8bd9c8a,telugu,real,real,076_Ma Palle Andalu.mp3.mp3,344,10
7d905d3ca4d44eee2e89bcb22fc05e96,telugu,real,real,076_Ma Palle Andalu.mp3.mp3,345,10
d8e9648a02f70b436d6707acf3f1d866,telugu,real,real,076_Ma Palle Andalu.mp3.mp3,346,10
78e7640e4bcec8335a2f8b8151a50c2d,telugu,real,real,076_Ma Palle Andalu.mp3.mp3,347,10
cb34156dbbdad2ef8ae4f6eec290c0f9,telugu,real,real,076_Ma Palle Andalu.mp3.mp3,348,10
232f31d5ace4fa6cccdd35f8fb5416b6,telugu,real,real,076_Ma Palle Andalu.mp3.mp3,349,10
3dea4f07464dd0f164cadc6c12918d90,telugu,real,real,076_Ma Palle Andalu.mp3.mp3,350,10
d3fc432b00c5253460dc92819c9887c5,telugu,real,real,076_Ma Palle Andalu.mp3.mp3,351,10
709510a3957725c1a00ff71af2bfb979,telugu,real,real,076_Ma Palle Andalu.mp3.mp3,352,10
0a5b0ed0ec8546b380d11cd402112bab,telugu,real,real,076_Ma Palle Andalu.mp3.mp3,353,10
2c43d9a57d2c518337d82aa425a1933c,telugu,real,real,076_Ma Palle Andalu.mp3.mp3,354,10
e9742fdfd70ede22abee24af2787a480,telugu,real,real,076_Ma Palle Andalu.mp3.mp3,355,10
2cc3aef42f35ab0c77e3e97e48062645,telugu,real,real,076_Ma Palle Andalu.mp3.mp3,356,10
637731ea44f3e2e44930adf866f73a08,telugu,real,real,076_Ma Palle Andalu.mp3.mp3,357,10
e2125524c6c2e9a9264ae712e09bc290,telugu,real,real,076_Ma Palle Andalu.mp3.mp3,358,10
e25ae6174ed7797c6a0b66920c0be09e,telugu,real,real,076_Ma Palle Andalu.mp3.mp3,359,10
60aca11163a38334dce4bcdbada05655,telugu,real,real,076_Ma Palle Andalu.mp3.mp3,360,10
22882392c8d8fd16441b1b43207ca5bb,telugu,real,real,076_Ma Palle Andalu.mp3.mp3,361,10
ed67ce4d296cf10832345727bbd30db7,telugu,real,real,076_Ma Palle Andalu.mp3.mp3,362,10
72532c985d641d079f193ee5ff6c6e79,telugu,real,real,076_Ma Palle Andalu.mp3.mp3,363,10
83e8f349caac4323f6318292d32fa9f8,telugu,real,real,076_Ma Palle Andalu.mp3.mp3,364,10
6e6c79803df204fba9cce5f42c7d155c,telugu,real,real,076_Ma Palle Andalu.mp3.mp3,365,10
48a015ebb27ae07c7f2ddb65ed6e0fab,telugu,real,real,076_Ma Palle Andalu.mp3.mp3,366,10
940b7d2f6a32bb04eb546602f89b3ac7,telugu,real,real,076_Ma Palle Andalu.mp3.mp3,367,10
1e0fb4a8cfa6203543b3836071261176,telugu,real,real,076_Ma Palle Andalu.mp3.mp3,368,10
651892adad81d8b4c7004c75b2fffd35,telugu,real,real,076_Ma Palle Andalu.mp3.mp3,369,10
b1e1c35251ffde5069ccb86e4c698709,telugu,real,real,076_Ma Palle Andalu.mp3.mp3,370,10
844ffc86a3abe1c6f947de33fd403bc1,telugu,real,real,076_Ma Palle Andalu.mp3.mp3,371,10
04418c821010d76972be422742e5d3ab,telugu,real,real,076_Ma Palle Andalu.mp3.mp3,372,10
5a8046f24565288470b8232de8c78fae,telugu,real,real,076_Ma Palle Andalu.mp3.mp3,373,10
88a3f2fc386e5e828972f5f23644e96f,telugu,real,real,076_Ma Palle Andalu.mp3.mp3,374,10
7046b49917c47ca48a305156e095c84c,telugu,real,real,076_Ma Palle Andalu.mp3.mp3,375,10
f04ea474ecb8c3579c4bf6b6183765f1,telugu,real,real,076_Ma Palle Andalu.mp3.mp3,376,10
0b8f74f68fc9c3355ba7fb9987c8aa97,telugu,real,real,076_Ma Palle Andalu.mp3.mp3,377,10
e12ab2bf29c435c0dde3874b3ef250e9,telugu,real,real,076_Ma Palle Andalu.mp3.mp3,378,10
8619b97002f1b21ad6c0762302f9532d,telugu,real,real,076_Ma Palle Andalu.mp3.mp3,379,10
9d0e3de23ee346a7fc40875bfd239923,telugu,real,real,076_Ma Palle Andalu.mp3.mp3,380,10
2e704a6a85355fdcd9e02b780424597c,telugu,real,real,076_Ma Palle Andalu.mp3.mp3,381,10
c4bddc698f7a90322b8039e7e6da5925,telugu,real,real,076_Ma Palle Andalu.mp3.mp3,382,10
353ab5c3bb5a9e0259d56b99b3f8df98,telugu,real,real,076_Ma Palle Andalu.mp3.mp3,383,10
cde3027df8c0e58f31cde45dd121d64d,telugu,real,real,076_Ma Palle Andalu.mp3.mp3,384,10
b00284fb16cce1ea085548b95aea3724,telugu,real,real,076_Ma Palle Andalu.mp3.mp3,385,10
f050b20530ac40a45466143ba17251c3,telugu,real,real,076_Ma Palle Andalu.mp3.mp3,386,10
b29d24214e9a46bb1c602b72bfc773e3,telugu,real,real,076_Ma Palle Andalu.mp3.mp3,387,10
2f4008fb37defcf5c10f70871e8b1765,telugu,real,real,076_Ma Palle Andalu.mp3.mp3,388,10
de8c6bf1a615d35e1d2f61558251f3ba,telugu,real,real,076_Ma Palle Andalu.mp3.mp3,389,10
250ab3c2e0fe99f0b06f043a436595e2,telugu,real,real,076_Ma Palle Andalu.mp3.mp3,390,10
08480968e4f8b9015a587a8f1869dcc5,telugu,real,real,076_Ma Palle Andalu.mp3.mp3,391,10
0ccddbd905d8bde2b5c9cb2df3c9d85b,telugu,real,real,076_Ma Palle Andalu.mp3.mp3,392,10
24c80cbab7a406f3b37b81ebf8f6d137,telugu,real,real,076_Ma Palle Andalu.mp3.mp3,393,10
b2db183ad2676238246d1b5c4407a033,telugu,real,real,076_Ma Palle Andalu.mp3.mp3,394,10
f897650d5c1afe4e294c1e738986a702,telugu,real,real,076_Ma Palle Andalu.mp3.mp3,395,10
127accc66a6b9303fe11b78854320e8f,telugu,real,real,076_Ma Palle Andalu.mp3.mp3,396,10
3a4cc627e882466f2c929ff59ba0978b,telugu,real,real,076_Ma Palle Andalu.mp3.mp3,397,10
bfa3d14a11f3f98f117efa74b3047007,telugu,real,real,076_Ma Palle Andalu.mp3.mp3,398,10
249d26249111400f735a4c1de5bdeab3,telugu,real,real,076_Ma Palle Andalu.mp3.mp3,399,10
5331bc1e9e299c105aab010099b2f525,telugu,real,real,076_Ma Palle Andalu.mp3.mp3,400,10
0464cae770fa8f9d3cbcf229f9963025,telugu,real,real,076_Ma Palle Andalu.mp3.mp3,401,10
9aeb5665991297496b1d0445ff0a2f5e,telugu,real,real,076_Ma Palle Andalu.mp3.mp3,402,10
6f46d421131a232da72b6fdd693aba26,telugu,real,real,076_Ma Palle Andalu.mp3.mp3,403,10
8ea5f6710c703b4a6584112cae017166,telugu,real,real,076_Ma Palle Andalu.mp3.mp3,404,10
408edd4d7f865611fb3908dabfe87745,telugu,real,real,076_Ma Palle Andalu.mp3.mp3,405,10
5ac8b5c6bf09090d83c1c99a4c3db3b8,telugu,real,real,076_Ma Palle Andalu.mp3.mp3,406,10
1476ca98f75b23fcb384dfa0f4e38609,telugu,real,real,076_Ma Palle Andalu.mp3.mp3,407,10
71d53088b8d111cb2e886763bcf27a19,telugu,real,real,076_Ma Palle Andalu.mp3.mp3,408,10
dfa8d4c30a84d0d2ca6bfb1f6a914054,telugu,real,real,076_Ma Palle Andalu.mp3.mp3,409,10
2a6e2f39f45ff12ca2b70cae86e7727a,telugu,real,real,076_Ma Palle Andalu.mp3.mp3,410,10
b9a281de00f9dabf3ca9de1c1fc23b3b,telugu,real,real,076_Ma Palle Andalu.mp3.mp3,411,10
8790c4a7264a88903d0bc25b4afca889,telugu,real,real,076_Ma Palle Andalu.mp3.mp3,412,10
dcf9941827c98208cc1943989844d456,telugu,real,real,076_Ma Palle Andalu.mp3.mp3,413,10
9941180a3b0a8e1de3a98a9d6a89f731,telugu,real,real,076_Ma Palle Andalu.mp3.mp3,414,10
7f9897aba59548e7c6c3cae9d86caab8,telugu,real,real,076_Ma Palle Andalu.mp3.mp3,415,10
bfe187fd8e8b0a5505eee3f261611989,telugu,real,real,076_Ma Palle Andalu.mp3.mp3,416,10
9ae3c76d7ad6d08bbac06505fb71439a,telugu,real,real,076_Ma Palle Andalu.mp3.mp3,417,10
1cb23769b5c90cb6ff07c055f7cc9015,telugu,real,real,076_Ma Palle Andalu.mp3.mp3,418,10
37a6bab8adbdb56ee1300ec26975718a,telugu,real,real,076_Ma Palle Andalu.mp3.mp3,419,10
edd7bd3b729d4e099c2b08caf24fe892,telugu,real,real,076_Ma Palle Andalu.mp3.mp3,420,10
53d5217ca0d1b96549cb6ccbf12c6206,telugu,real,real,076_Ma Palle Andalu.mp3.mp3,421,10
990948518689bd4ebedfca9e3f3121d8,telugu,real,real,076_Ma Palle Andalu.mp3.mp3,422,10
617a63979f4291ed62d53fd21a4f25c4,telugu,real,real,076_Ma Palle Andalu.mp3.mp3,423,10
b9950693ef57beb9aabdfe39f3f41f5d,telugu,real,real,076_Ma Palle Andalu.mp3.mp3,424,10
30ea3694e66a55fecf7cc877e1c5c0cd,telugu,real,real,076_Ma Palle Andalu.mp3.mp3,425,10
4b60e11bf82432a02206989466d8064f,telugu,real,real,077_Garibolla Kanneeti Gaadhalu.mp3.mp3,0,10
e59c7af1d2904604689225b296d45b03,telugu,real,real,077_Garibolla Kanneeti Gaadhalu.mp3.mp3,1,10
1245fd216af8cb90627d2954ba54e53b,telugu,real,real,077_Garibolla Kanneeti Gaadhalu.mp3.mp3,2,10
b68f628d77fd812545699985f411e819,telugu,real,real,077_Garibolla Kanneeti Gaadhalu.mp3.mp3,3,10
68c3222b6bb5a5c907fb665f5f02a8bd,telugu,real,real,077_Garibolla Kanneeti Gaadhalu.mp3.mp3,4,10
22145f79b4a19b54c708f0ae7c1d2788,telugu,real,real,077_Garibolla Kanneeti Gaadhalu.mp3.mp3,5,10
6f3c70be118761ffee6494e5db9118fc,telugu,real,real,077_Garibolla Kanneeti Gaadhalu.mp3.mp3,6,10
0a734bc3c25b3a0fa094e441446a0f44,telugu,real,real,077_Garibolla Kanneeti Gaadhalu.mp3.mp3,7,10
fa1ac6439b72f41421b10a443231024c,telugu,real,real,077_Garibolla Kanneeti Gaadhalu.mp3.mp3,8,10
0461452ee73e454504abeb6571af4740,telugu,real,real,077_Garibolla Kanneeti Gaadhalu.mp3.mp3,9,10
769da27c0653ff44578d4f3ab69ade18,telugu,real,real,077_Garibolla Kanneeti Gaadhalu.mp3.mp3,10,10
9fb0dbdd5ed741275240c4045996d750,telugu,real,real,077_Garibolla Kanneeti Gaadhalu.mp3.mp3,11,10
9fd1c930e86be294ab0104dcc7c2250a,telugu,real,real,077_Garibolla Kanneeti Gaadhalu.mp3.mp3,12,10
93b032a156525824efba6bbf4d830d3a,telugu,real,real,077_Garibolla Kanneeti Gaadhalu.mp3.mp3,13,10
4cbd3585eabd962e6f38a9cc4fbbe63b,telugu,real,real,077_Garibolla Kanneeti Gaadhalu.mp3.mp3,14,10
c24ed05d3b02f4a37794c0ff1e7517be,telugu,real,real,077_Garibolla Kanneeti Gaadhalu.mp3.mp3,15,10
2eb3ba537a4780d782401b8ac3bed60a,telugu,real,real,077_Garibolla Kanneeti Gaadhalu.mp3.mp3,16,10
51cfeaa1c4f2df137ffe7e8dfe4a1bae,telugu,real,real,077_Garibolla Kanneeti Gaadhalu.mp3.mp3,17,10
0c5e7fd71f83f260730eab0de56e8cc5,telugu,real,real,077_Garibolla Kanneeti Gaadhalu.mp3.mp3,18,10
97c2e3a4edfe91d243ab42a74a7dff18,telugu,real,real,077_Garibolla Kanneeti Gaadhalu.mp3.mp3,19,10
10b9b24a5366b67de79aac31505f5817,telugu,real,real,077_Garibolla Kanneeti Gaadhalu.mp3.mp3,20,10
ea44d4f85c2ebafbd0413d81aa8588fe,telugu,real,real,077_Garibolla Kanneeti Gaadhalu.mp3.mp3,21,10
3fbca8d5d4bf1b2cc2afd0cd32cf6b36,telugu,real,real,077_Garibolla Kanneeti Gaadhalu.mp3.mp3,22,10
0db61f71c903a41f6736addc2b2d1629,telugu,real,real,077_Garibolla Kanneeti Gaadhalu.mp3.mp3,23,10
f0185e8224fd2ce64f73de2f0356fb3d,telugu,real,real,077_Garibolla Kanneeti Gaadhalu.mp3.mp3,24,10
78e0f438fa87db388a8c09319f8fbec1,telugu,real,real,077_Garibolla Kanneeti Gaadhalu.mp3.mp3,25,10
f1e5f028659c63acfd1a1e206f6eac2b,telugu,real,real,077_Garibolla Kanneeti Gaadhalu.mp3.mp3,26,10
b028dce63a57367cbcadf6b74fda9b57,telugu,real,real,077_Garibolla Kanneeti Gaadhalu.mp3.mp3,27,10
30b8dd97fb00ce43735620b584a885dd,telugu,real,real,077_Garibolla Kanneeti Gaadhalu.mp3.mp3,28,10
49c1bb9cde7162835235b58c6bd6e2fc,telugu,real,real,077_Garibolla Kanneeti Gaadhalu.mp3.mp3,29,10
53e165148ba28a07183e6ab558fa600f,telugu,real,real,077_Garibolla Kanneeti Gaadhalu.mp3.mp3,30,10
b7167d50348a34116196f4377ad7c1e5,telugu,real,real,077_Garibolla Kanneeti Gaadhalu.mp3.mp3,31,10
70a147a2f289f99b74237e7e4db66c10,telugu,real,real,077_Garibolla Kanneeti Gaadhalu.mp3.mp3,32,10
9bd18968afa931584803a5d19c7000da,telugu,real,real,077_Garibolla Kanneeti Gaadhalu.mp3.mp3,33,10
63a155d13755c64864842c6cae42fc0b,telugu,real,real,077_Garibolla Kanneeti Gaadhalu.mp3.mp3,34,10
31340675424a5b1f754e3c64abee7f0e,telugu,real,real,077_Garibolla Kanneeti Gaadhalu.mp3.mp3,35,10
b6a3fcafcddefc94268f263464c35f40,telugu,real,real,077_Garibolla Kanneeti Gaadhalu.mp3.mp3,36,10
775a846d0a9e7cf3778413c2dced9440,telugu,real,real,077_Garibolla Kanneeti Gaadhalu.mp3.mp3,37,10
da10a8b02f3a3133cf53aaf5ed02e549,telugu,real,real,077_Garibolla Kanneeti Gaadhalu.mp3.mp3,38,10
79588676c11d7a2bf5884cc1ca8ce77f,telugu,real,real,077_Garibolla Kanneeti Gaadhalu.mp3.mp3,39,10
bd3c25f97f94bf7b87ec5fb6a883828b,telugu,real,real,077_Garibolla Kanneeti Gaadhalu.mp3.mp3,40,10
4c0f820fb40d9201ebf0872758152247,telugu,real,real,077_Garibolla Kanneeti Gaadhalu.mp3.mp3,41,10
8349a5cf5aa95d70170eed4d6a35a845,telugu,real,real,077_Garibolla Kanneeti Gaadhalu.mp3.mp3,42,10
07cb339f23f04b6f6a377fad8616c537,telugu,real,real,077_Garibolla Kanneeti Gaadhalu.mp3.mp3,43,10
2ab8c8458d3d726ef19b2941557f3d20,telugu,real,real,077_Garibolla Kanneeti Gaadhalu.mp3.mp3,44,10
11177c651824fd5e385f808c15e613b3,telugu,real,real,077_Garibolla Kanneeti Gaadhalu.mp3.mp3,45,10
3b1358d4e7396a7c16f23553309a84b7,telugu,real,real,077_Garibolla Kanneeti Gaadhalu.mp3.mp3,46,10
c622d81923d734906032777f20ffaa42,telugu,real,real,077_Garibolla Kanneeti Gaadhalu.mp3.mp3,47,10
9f248a0437bda5a6fb4d58826772480e,telugu,real,real,077_Garibolla Kanneeti Gaadhalu.mp3.mp3,48,10
f8cbe190610d9e6bf1592d2b3f87dda7,telugu,real,real,077_Garibolla Kanneeti Gaadhalu.mp3.mp3,49,10
6f614a9573c293b4eafd51301438fc06,telugu,real,real,077_Garibolla Kanneeti Gaadhalu.mp3.mp3,50,10
d53357997d06699a52f8b7cf7267bdc6,telugu,real,real,077_Garibolla Kanneeti Gaadhalu.mp3.mp3,51,10
f170a2258689419397da6175e4ef75ba,telugu,real,real,077_Garibolla Kanneeti Gaadhalu.mp3.mp3,52,10
7dd5714273a1b60b954a04fbc1a23426,telugu,real,real,077_Garibolla Kanneeti Gaadhalu.mp3.mp3,53,10
57b54b0b5c7323c20c0f5c1d5cd067a0,telugu,real,real,077_Garibolla Kanneeti Gaadhalu.mp3.mp3,54,10
f8169a648c278b736fb3a2e762b2b120,telugu,real,real,077_Garibolla Kanneeti Gaadhalu.mp3.mp3,55,10
88e8f150969aac1002392f27eb49abd2,telugu,real,real,077_Garibolla Kanneeti Gaadhalu.mp3.mp3,56,10
4264932a1fcffd637191103449daea24,telugu,real,real,077_Garibolla Kanneeti Gaadhalu.mp3.mp3,57,10
6d860c7a173e63e2dde72bba8fd10c51,telugu,real,real,077_Garibolla Kanneeti Gaadhalu.mp3.mp3,58,10
9479aaa2bdf0e19a5197874c49550a61,telugu,real,real,077_Garibolla Kanneeti Gaadhalu.mp3.mp3,59,10
00601a85f6150baadc1fe626849d7138,telugu,real,real,077_Garibolla Kanneeti Gaadhalu.mp3.mp3,60,10
2a0401e75bbbe19eb2c93b3a04ff5181,telugu,real,real,077_Garibolla Kanneeti Gaadhalu.mp3.mp3,61,10
99d9e132cafe3221f7f22eb035ff9fb8,telugu,real,real,077_Garibolla Kanneeti Gaadhalu.mp3.mp3,62,10
d84b772ad983423523a385f5f8e21999,telugu,real,real,077_Garibolla Kanneeti Gaadhalu.mp3.mp3,63,10
e7c7146492ff0a04083bd43766cce41b,telugu,real,real,077_Garibolla Kanneeti Gaadhalu.mp3.mp3,64,10
cb1f5113da2197bd5e8571c0a35fcaed,telugu,real,real,077_Garibolla Kanneeti Gaadhalu.mp3.mp3,65,10
368a2ce0384e9468ab241b8d36006069,telugu,real,real,077_Garibolla Kanneeti Gaadhalu.mp3.mp3,66,10
81cfaeafb172c6451cfc9ebc70b00660,telugu,real,real,077_Garibolla Kanneeti Gaadhalu.mp3.mp3,67,10
9a3484940a50a9480f195f90e9456041,telugu,real,real,077_Garibolla Kanneeti Gaadhalu.mp3.mp3,68,10
05bc3286047722aa9f6114494223e32d,telugu,real,real,077_Garibolla Kanneeti Gaadhalu.mp3.mp3,69,10
77bfa34a071f24330540215d03b9c4cf,telugu,real,real,077_Garibolla Kanneeti Gaadhalu.mp3.mp3,70,10
12778896df2ad4b285aad397c6bfd0dd,telugu,real,real,077_Garibolla Kanneeti Gaadhalu.mp3.mp3,71,10
12e87b67fb0604ad9dcb5744a4480564,telugu,real,real,077_Garibolla Kanneeti Gaadhalu.mp3.mp3,72,10
4cf21f2ec27ca478e1721de3ced82f60,telugu,real,real,077_Garibolla Kanneeti Gaadhalu.mp3.mp3,73,10
1e2fd3f926842b07f85c750523645014,telugu,real,real,077_Garibolla Kanneeti Gaadhalu.mp3.mp3,74,10
6e5342bebf71e483ce7a31fc105c4bad,telugu,real,real,077_Garibolla Kanneeti Gaadhalu.mp3.mp3,75,10
2ef6ad8fdfc595cfe52ef9bd7199372c,telugu,real,real,077_Garibolla Kanneeti Gaadhalu.mp3.mp3,76,10
b9b365adbd2cf502f4404a56ff57077f,telugu,real,real,077_Garibolla Kanneeti Gaadhalu.mp3.mp3,77,10
5373279f090969d01db39cc53390a54d,telugu,real,real,077_Garibolla Kanneeti Gaadhalu.mp3.mp3,78,10
94c9d3e5023e41d11a94872a571e264e,telugu,real,real,077_Garibolla Kanneeti Gaadhalu.mp3.mp3,79,10
875ad4a5103baee98c1bb0508932b410,telugu,real,real,077_Garibolla Kanneeti Gaadhalu.mp3.mp3,80,10
68a27a2edd4f084e61cbecba16460cd6,telugu,real,real,077_Garibolla Kanneeti Gaadhalu.mp3.mp3,81,10
5b11f5e0aa8f2944bb5001c12163c25c,telugu,real,real,077_Garibolla Kanneeti Gaadhalu.mp3.mp3,82,10
7b3a2b7930d0ebb14e080da79e6ed24f,telugu,real,real,077_Garibolla Kanneeti Gaadhalu.mp3.mp3,83,10
31b461fccfdc71f120a41de5e63cdf6b,telugu,real,real,077_Garibolla Kanneeti Gaadhalu.mp3.mp3,84,10
ccc7cba902756738dd8dcffa72660a44,telugu,real,real,077_Garibolla Kanneeti Gaadhalu.mp3.mp3,85,10
526d856c8e17ceb3430f3add6603e69b,telugu,real,real,077_Garibolla Kanneeti Gaadhalu.mp3.mp3,86,10
143f3cb7a0ac2ba11b0dc0ed72de128a,telugu,real,real,077_Garibolla Kanneeti Gaadhalu.mp3.mp3,87,10
cae9ff80e6c3d16db9a45c6b45973990,telugu,real,real,077_Garibolla Kanneeti Gaadhalu.mp3.mp3,88,10
97b30520122ed5b6acb5cb44cb4cdff0,telugu,real,real,077_Garibolla Kanneeti Gaadhalu.mp3.mp3,89,10
ab4644bbcdd13dcc79c826560c1c61b8,telugu,real,real,077_Garibolla Kanneeti Gaadhalu.mp3.mp3,90,10
75924ece8d4b2f1c138663a8d63f20fa,telugu,real,real,077_Garibolla Kanneeti Gaadhalu.mp3.mp3,91,10
b2a8c7a63b1ae3de0b851fb8a317123b,telugu,real,real,077_Garibolla Kanneeti Gaadhalu.mp3.mp3,92,10
56917b866aec9515118c82cf94fe0c5f,telugu,real,real,077_Garibolla Kanneeti Gaadhalu.mp3.mp3,93,10
487ecdb9628ac1ad02463b627c308b94,telugu,real,real,077_Garibolla Kanneeti Gaadhalu.mp3.mp3,94,10
f1922e030fe104105cea3c8baa00a895,telugu,real,real,077_Garibolla Kanneeti Gaadhalu.mp3.mp3,95,10
0ea2d00df00bcac53cb9084071d47304,telugu,real,real,077_Garibolla Kanneeti Gaadhalu.mp3.mp3,96,10
ec67f4bd175eccc1f67da5986e5a001f,telugu,real,real,077_Garibolla Kanneeti Gaadhalu.mp3.mp3,97,10
a6f447f7995bf0eb5e2705543d4f0c7b,telugu,real,real,077_Garibolla Kanneeti Gaadhalu.mp3.mp3,98,10
fe67685af19552be0c2067aedc17c1da,telugu,real,real,077_Garibolla Kanneeti Gaadhalu.mp3.mp3,99,10
f018ec30a8aa3e2d4e196242a256c044,telugu,real,real,077_Garibolla Kanneeti Gaadhalu.mp3.mp3,100,10
5d87f6212e690fae8ce6e6abfe973439,telugu,real,real,077_Garibolla Kanneeti Gaadhalu.mp3.mp3,101,10
75f4b31c0ac053eba8bf5a4c3a317bbc,telugu,real,real,077_Garibolla Kanneeti Gaadhalu.mp3.mp3,102,10
2858ca813d4c5b95358e6bb2a477ffc2,telugu,real,real,077_Garibolla Kanneeti Gaadhalu.mp3.mp3,103,10
94ce9c639aff477826af1410a4ccde7e,telugu,real,real,077_Garibolla Kanneeti Gaadhalu.mp3.mp3,104,10
cdea0abccddeaeceed75224f22c20844,telugu,real,real,077_Garibolla Kanneeti Gaadhalu.mp3.mp3,105,10
6ac2b9ccc77c2acb558feea1a4daa9f0,telugu,real,real,077_Garibolla Kanneeti Gaadhalu.mp3.mp3,106,10
a695dfcdc956b2d3c46651f457631d02,telugu,real,real,077_Garibolla Kanneeti Gaadhalu.mp3.mp3,107,10
3de1d24843793d2fb9115dfe52bbfc4f,telugu,real,real,077_Garibolla Kanneeti Gaadhalu.mp3.mp3,108,10
fe417e18f1ca48eeb5f98be7a5f3bfb3,telugu,real,real,077_Garibolla Kanneeti Gaadhalu.mp3.mp3,109,10
0fa3a6afb02da5b93bc55131299cf303,telugu,real,real,077_Garibolla Kanneeti Gaadhalu.mp3.mp3,110,10
a342879e3a89ee31afb7c2e79da4f116,telugu,real,real,077_Garibolla Kanneeti Gaadhalu.mp3.mp3,111,10
cc294c4c6d326d2cc270903b6f36d993,telugu,real,real,077_Garibolla Kanneeti Gaadhalu.mp3.mp3,112,10
4cf8d5ed2b160c04e1f236ab6b5b8c26,telugu,real,real,077_Garibolla Kanneeti Gaadhalu.mp3.mp3,113,10
28b8567abd09f6b6f6f31492a402f9da,telugu,real,real,077_Garibolla Kanneeti Gaadhalu.mp3.mp3,114,10
6c253e5ab54e5ce74ba1ff83251c3953,telugu,real,real,077_Garibolla Kanneeti Gaadhalu.mp3.mp3,115,10
30e1395554676c28e16af4897de261a2,telugu,real,real,077_Garibolla Kanneeti Gaadhalu.mp3.mp3,116,10
d60286b2631e4822b9d16ce45604903e,telugu,real,real,077_Garibolla Kanneeti Gaadhalu.mp3.mp3,117,10
2591d1ad9047a6bdd4870a7fe254e26d,telugu,real,real,077_Garibolla Kanneeti Gaadhalu.mp3.mp3,118,10
de4366edd80c6f64fe23c8042eae3e4e,telugu,real,real,077_Garibolla Kanneeti Gaadhalu.mp3.mp3,119,10
1cb57385dceac4a016578b641224620f,telugu,real,real,077_Garibolla Kanneeti Gaadhalu.mp3.mp3,120,10
d559421eab8b11cdbf0608bee3a8816d,telugu,real,real,077_Garibolla Kanneeti Gaadhalu.mp3.mp3,121,10
a9abd725a2929d6734b8ac0993725e90,telugu,real,real,077_Garibolla Kanneeti Gaadhalu.mp3.mp3,122,10
a5d56d8d0c0cb9b10b5eab3af3bf7368,telugu,real,real,077_Garibolla Kanneeti Gaadhalu.mp3.mp3,123,10
0a9b7851e32773d45313788b5ee0650a,telugu,real,real,077_Garibolla Kanneeti Gaadhalu.mp3.mp3,124,10
cb99f2a1bde3759420698fdd972b56df,telugu,real,real,077_Garibolla Kanneeti Gaadhalu.mp3.mp3,125,10
e2550e33616ba2eee92230c7dd1d948c,telugu,real,real,077_Garibolla Kanneeti Gaadhalu.mp3.mp3,126,10
6cca8e9723e749d54df186321c852233,telugu,real,real,077_Garibolla Kanneeti Gaadhalu.mp3.mp3,127,10
7b18da58f25d4088495eed2ed2ed4b78,telugu,real,real,077_Garibolla Kanneeti Gaadhalu.mp3.mp3,128,10
240ecf6199945fdb3d5bdab5318501d7,telugu,real,real,077_Garibolla Kanneeti Gaadhalu.mp3.mp3,129,10
599fb4da25249eff1419ca84dbf55fb7,telugu,real,real,077_Garibolla Kanneeti Gaadhalu.mp3.mp3,130,10
2e28f0037f153d3fa21498ee634b2a3a,telugu,real,real,077_Garibolla Kanneeti Gaadhalu.mp3.mp3,131,10
2af3639b90f74df01bc5c13064ab3ddd,telugu,real,real,077_Garibolla Kanneeti Gaadhalu.mp3.mp3,132,10
a00c8d414c21a9b4bb392e87e9f16995,telugu,real,real,077_Garibolla Kanneeti Gaadhalu.mp3.mp3,133,10
aef6147d018f1e86d461173243fdb447,telugu,real,real,077_Garibolla Kanneeti Gaadhalu.mp3.mp3,134,10
1e5849932da755fb47174fcba0bc83b9,telugu,real,real,077_Garibolla Kanneeti Gaadhalu.mp3.mp3,135,10
ef7be43f9fb65063167dbe12452222e6,telugu,real,real,077_Garibolla Kanneeti Gaadhalu.mp3.mp3,136,10
54e15d34752ac45fb6d9ce05a48ac843,telugu,real,real,077_Garibolla Kanneeti Gaadhalu.mp3.mp3,137,10
468f4d6ec9ba89d003e1e257c92292d1,telugu,real,real,077_Garibolla Kanneeti Gaadhalu.mp3.mp3,138,10
5affae24ed3e985b312902b94a0f001c,telugu,real,real,077_Garibolla Kanneeti Gaadhalu.mp3.mp3,139,10
ec3e430ad51fccf6433e0d1b4ead5acb,telugu,real,real,077_Garibolla Kanneeti Gaadhalu.mp3.mp3,140,10
021971eaabf4a02c2a1e2ff05574b3a9,telugu,real,real,077_Garibolla Kanneeti Gaadhalu.mp3.mp3,141,10
b648f4edf746f56da95bb961d180c84f,telugu,real,real,077_Garibolla Kanneeti Gaadhalu.mp3.mp3,142,10
60b0b94f8a08473596abc395f082a68b,telugu,real,real,077_Garibolla Kanneeti Gaadhalu.mp3.mp3,143,10
a3c61c5b8003e99e5a31c80e0c9214bf,telugu,real,real,077_Garibolla Kanneeti Gaadhalu.mp3.mp3,144,10
e5a422314e3bc4f324f67c8d47672c37,telugu,real,real,077_Garibolla Kanneeti Gaadhalu.mp3.mp3,145,10
7981e9625752af24cb6f8c68dba31a26,telugu,real,real,077_Garibolla Kanneeti Gaadhalu.mp3.mp3,146,10
e47b6fb8efa2078308ec9602780f4942,telugu,real,real,077_Garibolla Kanneeti Gaadhalu.mp3.mp3,147,10
2ad1ef99eeb13876e2d4fca5b9ba904d,telugu,real,real,077_Garibolla Kanneeti Gaadhalu.mp3.mp3,148,10
c81cc57b92867ccb214afa2e0aa32e26,telugu,real,real,077_Garibolla Kanneeti Gaadhalu.mp3.mp3,149,10
568997136d31534e4e4b7dcb85b09ea5,telugu,real,real,077_Garibolla Kanneeti Gaadhalu.mp3.mp3,150,10
338780817e2cdfd139c183d7402063e2,telugu,real,real,077_Garibolla Kanneeti Gaadhalu.mp3.mp3,151,10
569a52ccc46f1bab0a87636cf188bcac,telugu,real,real,077_Garibolla Kanneeti Gaadhalu.mp3.mp3,152,10
87c9c9ffa6f87e53f49dae0ef8d8eea6,telugu,real,real,077_Garibolla Kanneeti Gaadhalu.mp3.mp3,153,10
713bd8cb739c27af06d2d157c3bd1d01,telugu,real,real,077_Garibolla Kanneeti Gaadhalu.mp3.mp3,154,10
a7833b7cb515ea9d40d8dccbfbf43fae,telugu,real,real,077_Garibolla Kanneeti Gaadhalu.mp3.mp3,155,10
f700f9a6eaed8ed985df569ec874768f,telugu,real,real,077_Garibolla Kanneeti Gaadhalu.mp3.mp3,156,10
29087afb44b346691d83fafcfb84e75e,telugu,real,real,077_Garibolla Kanneeti Gaadhalu.mp3.mp3,157,10
ceb130b47bd73f3a82fffc0c5b22a291,telugu,real,real,077_Garibolla Kanneeti Gaadhalu.mp3.mp3,158,10
fc694c51ba7fec18458a7f05a5edabd5,telugu,real,real,077_Garibolla Kanneeti Gaadhalu.mp3.mp3,159,10
f0cad86f6ed548b5f72409413b5a8f9d,telugu,real,real,077_Garibolla Kanneeti Gaadhalu.mp3.mp3,160,10
e80c7a0b59f321df2ba001099b4b76fa,telugu,real,real,077_Garibolla Kanneeti Gaadhalu.mp3.mp3,161,10
e98d06799b12b22d0e93492e9d4844c2,telugu,real,real,077_Garibolla Kanneeti Gaadhalu.mp3.mp3,162,10
30edf33c3c08e3c5ea1a82ec6669f9ca,telugu,real,real,077_Garibolla Kanneeti Gaadhalu.mp3.mp3,163,10
df95dbf4248246c8ad69a2ccc4adfb6e,telugu,real,real,077_Garibolla Kanneeti Gaadhalu.mp3.mp3,164,10
7b3eab338df2ab379a5e0e8d63c5cf3c,telugu,real,real,077_Garibolla Kanneeti Gaadhalu.mp3.mp3,165,10
60779d26b4b484615886e88818cc2ec1,telugu,real,real,077_Garibolla Kanneeti Gaadhalu.mp3.mp3,166,10
229981eb098623ab6743d59885659ae2,telugu,real,real,077_Garibolla Kanneeti Gaadhalu.mp3.mp3,167,10
3c49c6c36001591bac6d24f3a4cdc648,telugu,real,real,077_Garibolla Kanneeti Gaadhalu.mp3.mp3,168,10
10fd3b159c4316263bfed83d77d87fa7,telugu,real,real,077_Garibolla Kanneeti Gaadhalu.mp3.mp3,169,10
a099f9158aa505d15adca799ecfaebe6,telugu,real,real,077_Garibolla Kanneeti Gaadhalu.mp3.mp3,170,10
9448a8b9b50e88158dc112bb3bfcf857,telugu,real,real,077_Garibolla Kanneeti Gaadhalu.mp3.mp3,171,10
2dbb7fc5da5cfe87e668ae0ec6851370,telugu,real,real,077_Garibolla Kanneeti Gaadhalu.mp3.mp3,172,10
13315bfa6c045170d668e110ddc08fa9,telugu,real,real,077_Garibolla Kanneeti Gaadhalu.mp3.mp3,173,10
12e14c0629fe4c9288aacc053bb24d7b,telugu,real,real,077_Garibolla Kanneeti Gaadhalu.mp3.mp3,174,10
10b35c175e9366cfe4f8c3b7a184ddb4,telugu,real,real,077_Garibolla Kanneeti Gaadhalu.mp3.mp3,175,10
a8a256efbc39310e2c94466cbebd127f,telugu,real,real,077_Garibolla Kanneeti Gaadhalu.mp3.mp3,176,10
93cf49d1b93ada2620208a30dce75660,telugu,real,real,077_Garibolla Kanneeti Gaadhalu.mp3.mp3,177,10
027ffcb4deeb6b89513818ac680bdbaa,telugu,real,real,077_Garibolla Kanneeti Gaadhalu.mp3.mp3,178,10
52690a5c1826f9e6f9bcace095d00a86,telugu,real,real,077_Garibolla Kanneeti Gaadhalu.mp3.mp3,179,10
60b9eb9c7e21801aa0235bf93afc96fe,telugu,real,real,077_Garibolla Kanneeti Gaadhalu.mp3.mp3,180,10
61e5f4f9b7afe704ec51d9ef521196c1,telugu,real,real,077_Garibolla Kanneeti Gaadhalu.mp3.mp3,181,10
a04b53b8bf00074827101d1100cc4f99,telugu,real,real,077_Garibolla Kanneeti Gaadhalu.mp3.mp3,182,10
d44d831d2419977dc2b589f330c0fb1c,telugu,real,real,077_Garibolla Kanneeti Gaadhalu.mp3.mp3,183,10
97eaea03c324de8a9ffd8c7da0e22fce,telugu,real,real,077_Garibolla Kanneeti Gaadhalu.mp3.mp3,184,10
45f09f9b8429789da9ab0b2cfdfaa30e,telugu,real,real,077_Garibolla Kanneeti Gaadhalu.mp3.mp3,185,10
1f72dd559101fba375347a24fe7d57ab,telugu,real,real,077_Garibolla Kanneeti Gaadhalu.mp3.mp3,186,10
db13f64a2e3c8ff071be3eeb821a6bdb,telugu,real,real,077_Garibolla Kanneeti Gaadhalu.mp3.mp3,187,10
b17eda9a7b6eeeb089bf9cd748aacad3,telugu,real,real,077_Garibolla Kanneeti Gaadhalu.mp3.mp3,188,10
a81b81b06abcf4523664e5b1b3db7f68,telugu,real,real,077_Garibolla Kanneeti Gaadhalu.mp3.mp3,189,10
df89394af0e06093a9aa163ef5b8d78e,telugu,real,real,077_Garibolla Kanneeti Gaadhalu.mp3.mp3,190,10
ec0228f76b31abae5d10c8f4fbd0efd2,telugu,real,real,077_Garibolla Kanneeti Gaadhalu.mp3.mp3,191,10
d702b4595fd41588ddf67a92ca50d37d,telugu,real,real,077_Garibolla Kanneeti Gaadhalu.mp3.mp3,192,10
152dd27c707a2a1267e4fe2d0d6c3e66,telugu,real,real,077_Garibolla Kanneeti Gaadhalu.mp3.mp3,193,10
3a5079d5c456c3dd6ca4c2b5d74e1196,telugu,real,real,077_Garibolla Kanneeti Gaadhalu.mp3.mp3,194,10
255fabdd0a739e1f037480bc8e1035e2,telugu,real,real,077_Garibolla Kanneeti Gaadhalu.mp3.mp3,195,10
9160535afe6977cae57e033368e582aa,telugu,real,real,077_Garibolla Kanneeti Gaadhalu.mp3.mp3,196,10
f13e2d97e735743f609052b01d0fea98,telugu,real,real,077_Garibolla Kanneeti Gaadhalu.mp3.mp3,197,10
e651bce7c7b0043d9dfd34ff1f91d7f4,telugu,real,real,077_Garibolla Kanneeti Gaadhalu.mp3.mp3,198,10
aa3ee773b883aafc69f8512091b834f6,telugu,real,real,077_Garibolla Kanneeti Gaadhalu.mp3.mp3,199,10
c3eb1dc46412ecdefcf364e10603f81d,telugu,real,real,077_Garibolla Kanneeti Gaadhalu.mp3.mp3,200,10
74b5beb905cef582787fb43f3b7ef63c,telugu,real,real,077_Garibolla Kanneeti Gaadhalu.mp3.mp3,201,10
b435789be8e1982fd3c8644806f05243,telugu,real,real,077_Garibolla Kanneeti Gaadhalu.mp3.mp3,202,10
4d818989402017318b9b4f5f21935dea,telugu,real,real,077_Garibolla Kanneeti Gaadhalu.mp3.mp3,203,10
d9e55ea4f9d70297d3bc76220b66fa4b,telugu,real,real,077_Garibolla Kanneeti Gaadhalu.mp3.mp3,204,10
1ed16cc01e054444884cce027f834bf1,telugu,real,real,077_Garibolla Kanneeti Gaadhalu.mp3.mp3,205,10
c5bea2e49042c587ec3a9e8dac6c9b3a,telugu,real,real,077_Garibolla Kanneeti Gaadhalu.mp3.mp3,206,10
902baa655f41d1fb073bc487912b911c,telugu,real,real,077_Garibolla Kanneeti Gaadhalu.mp3.mp3,207,10
4d6f8b88a92bf7108a946c3f34b08ef1,telugu,real,real,077_Garibolla Kanneeti Gaadhalu.mp3.mp3,208,10
99224fb7fbcbc89dab2c3a40d332c257,telugu,real,real,077_Garibolla Kanneeti Gaadhalu.mp3.mp3,209,10
9c7409e087375cc655779c32ee647716,telugu,real,real,077_Garibolla Kanneeti Gaadhalu.mp3.mp3,210,10
e689b6cd2a005c5ec786094ffdf035f1,telugu,real,real,077_Garibolla Kanneeti Gaadhalu.mp3.mp3,211,10
135bd8082f12168ae1f1b8ae7a50c5dc,telugu,real,real,077_Garibolla Kanneeti Gaadhalu.mp3.mp3,212,10
0d1f742c5334c36724d939213beffbc9,telugu,real,real,077_Garibolla Kanneeti Gaadhalu.mp3.mp3,213,10
10886b35d13283fab962997f7be381c8,telugu,real,real,077_Garibolla Kanneeti Gaadhalu.mp3.mp3,214,10
3dfd74293ced98c27392eb1850969b55,telugu,real,real,077_Garibolla Kanneeti Gaadhalu.mp3.mp3,215,10
7de38afa724c4a1999a96de9ccc7ccef,telugu,real,real,077_Garibolla Kanneeti Gaadhalu.mp3.mp3,216,10
91c13967ad3598fbbec3d7e223d1b983,telugu,real,real,077_Garibolla Kanneeti Gaadhalu.mp3.mp3,217,10
6a538077d8fd69412f58d11e754526e3,telugu,real,real,077_Garibolla Kanneeti Gaadhalu.mp3.mp3,218,10
26133fd24e5bd147f20f17962dba86b2,telugu,real,real,077_Garibolla Kanneeti Gaadhalu.mp3.mp3,219,10
08aa6f2ecab906c15dfcb64ed41b9246,telugu,real,real,077_Garibolla Kanneeti Gaadhalu.mp3.mp3,220,10
ff64fd4d80d780b138abd3692d347c65,telugu,real,real,077_Garibolla Kanneeti Gaadhalu.mp3.mp3,221,10
31c755464ac5e55ff82df470d5ea4f56,telugu,real,real,077_Garibolla Kanneeti Gaadhalu.mp3.mp3,222,10
62abb4f67c785ae15b8d4e139ad96df9,telugu,real,real,077_Garibolla Kanneeti Gaadhalu.mp3.mp3,223,10
bd510b417fa796983752207b08ae1267,telugu,real,real,077_Garibolla Kanneeti Gaadhalu.mp3.mp3,224,10
31f2c8d71f178223015602b845dbfaad,telugu,real,real,077_Garibolla Kanneeti Gaadhalu.mp3.mp3,225,10
eea3a1d9262057fa5b35c5285d6b66d9,telugu,real,real,077_Garibolla Kanneeti Gaadhalu.mp3.mp3,226,10
7fff5b3dca63eb787ed5539196cba130,telugu,real,real,077_Garibolla Kanneeti Gaadhalu.mp3.mp3,227,10
ae38b8086e175385efaeace4eeb3cf72,telugu,real,real,077_Garibolla Kanneeti Gaadhalu.mp3.mp3,228,10
3510ba5e3001ce833bbc171ad0ca5288,telugu,real,real,077_Garibolla Kanneeti Gaadhalu.mp3.mp3,229,10
2ce50d0ce9759f0ea36ebfee1cf7c2f3,telugu,real,real,077_Garibolla Kanneeti Gaadhalu.mp3.mp3,230,10
c71c1cc4da4f43dad0540a1b4ad4d252,telugu,real,real,077_Garibolla Kanneeti Gaadhalu.mp3.mp3,231,10
e3625836a945e0d50e90d26ed3e0defc,telugu,real,real,077_Garibolla Kanneeti Gaadhalu.mp3.mp3,232,10
279dbf6007c5cbc82cc745b1a8d26594,telugu,real,real,077_Garibolla Kanneeti Gaadhalu.mp3.mp3,233,10
3caaedbc1c3b83d15e7cf2da5fdfc1da,telugu,real,real,077_Garibolla Kanneeti Gaadhalu.mp3.mp3,234,10
c1c677c794338d377a2799c9f7c948f0,telugu,real,real,077_Garibolla Kanneeti Gaadhalu.mp3.mp3,235,10
0c9f2cfa5c503f26789906360d174411,telugu,real,real,077_Garibolla Kanneeti Gaadhalu.mp3.mp3,236,10
fbe20067b1543751ef1db839e4d6a62d,telugu,real,real,077_Garibolla Kanneeti Gaadhalu.mp3.mp3,237,10
dab0e69cf241698ffb8451ae1c02da72,telugu,real,real,077_Garibolla Kanneeti Gaadhalu.mp3.mp3,238,10
7ea623c6f8df05e9de352f62402a3cd0,telugu,real,real,077_Garibolla Kanneeti Gaadhalu.mp3.mp3,239,10
4a59554cdb05c90209b2e6c8d2995335,telugu,real,real,077_Garibolla Kanneeti Gaadhalu.mp3.mp3,240,10
3f9a79fbe27954ef02cd36c12d319f30,telugu,real,real,077_Garibolla Kanneeti Gaadhalu.mp3.mp3,241,10
c4cca10e386b8e1003157a8f67b0be96,telugu,real,real,077_Garibolla Kanneeti Gaadhalu.mp3.mp3,242,10
3fe7ecb2a751782a18be0821777cc2e6,telugu,real,real,077_Garibolla Kanneeti Gaadhalu.mp3.mp3,243,10
b55ba579f4de7b527613fb85749c72da,telugu,real,real,077_Garibolla Kanneeti Gaadhalu.mp3.mp3,244,10
802fea1c9b50e7477a048c57ec87524d,telugu,real,real,077_Garibolla Kanneeti Gaadhalu.mp3.mp3,245,10
e68ec138281d2450255a13cc0bcaf103,telugu,real,real,077_Garibolla Kanneeti Gaadhalu.mp3.mp3,246,10
3b4d543fbf7e1b45cb0c48c45d6b2f14,telugu,real,real,077_Garibolla Kanneeti Gaadhalu.mp3.mp3,247,10
1d9a95bf9e90f0b28f08de4a879a4cbd,telugu,real,real,077_Garibolla Kanneeti Gaadhalu.mp3.mp3,248,10
7a60de2cbe945a9c246741feb37719b7,telugu,real,real,077_Garibolla Kanneeti Gaadhalu.mp3.mp3,249,10
ba3921bacfa6540b2c86ef3eb9d550ab,telugu,real,real,077_Garibolla Kanneeti Gaadhalu.mp3.mp3,250,10
73dfec17d166389f997f5eb025baee9b,telugu,real,real,077_Garibolla Kanneeti Gaadhalu.mp3.mp3,251,10
934d7108dfb5179883ef4ba3cd8518dc,telugu,real,real,077_Garibolla Kanneeti Gaadhalu.mp3.mp3,252,10
69b9a7615cee465aa7a92e911dcd0855,telugu,real,real,077_Garibolla Kanneeti Gaadhalu.mp3.mp3,253,10
4b1b0c67b6371c1ff8aaf7a93cc16044,telugu,real,real,077_Garibolla Kanneeti Gaadhalu.mp3.mp3,254,10
ca146bd260b29192fb879545f135468e,telugu,real,real,077_Garibolla Kanneeti Gaadhalu.mp3.mp3,255,10
b619b85e2de7861a151bc4e38bca2bc8,telugu,real,real,077_Garibolla Kanneeti Gaadhalu.mp3.mp3,256,10
acf5d7210d4225cb2993d2c5db9be0f3,telugu,real,real,077_Garibolla Kanneeti Gaadhalu.mp3.mp3,257,10
652601333fa6cbbd5e5fd4d2254e0eb1,telugu,real,real,077_Garibolla Kanneeti Gaadhalu.mp3.mp3,258,10
4c9b8727b335d5adef36a78f7ffe9c9d,telugu,real,real,077_Garibolla Kanneeti Gaadhalu.mp3.mp3,259,10
27f27ad7b229888324257000ec250b6f,telugu,real,real,077_Garibolla Kanneeti Gaadhalu.mp3.mp3,260,10
e59bfc33b64c2d20838bad9cb614e7fe,telugu,real,real,077_Garibolla Kanneeti Gaadhalu.mp3.mp3,261,10
0c4d7209ad97bdc66ca8dd7ca3b9d594,telugu,real,real,077_Garibolla Kanneeti Gaadhalu.mp3.mp3,262,10
2a2c2c8b780ecc661fbbb8961dd8e237,telugu,real,real,077_Garibolla Kanneeti Gaadhalu.mp3.mp3,263,10
fab70d4e6d5abd6e30dfe0c56531bccd,telugu,real,real,077_Garibolla Kanneeti Gaadhalu.mp3.mp3,264,10
893082ef644bf6bc3c94de3866b448a9,telugu,real,real,079_Rasamayi Daruvu.mp3.mp3,0,10
bbecc38b776c7e93c215db1bc2ef33eb,telugu,real,real,079_Rasamayi Daruvu.mp3.mp3,1,10
874456d8ab273b9431e4feebb2b8e3ce,telugu,real,real,079_Rasamayi Daruvu.mp3.mp3,2,10
1f318f8670ad03bff769bff634788264,telugu,real,real,079_Rasamayi Daruvu.mp3.mp3,3,10
3bf21269a1ac3326778fc824168e4d21,telugu,real,real,079_Rasamayi Daruvu.mp3.mp3,4,10
6cda4d044e4435ffcc3d28a58f3578f9,telugu,real,real,079_Rasamayi Daruvu.mp3.mp3,5,10
1c1e3dec0c6d251a05deadfb695edb44,telugu,real,real,079_Rasamayi Daruvu.mp3.mp3,6,10
4b711e39f553f916d15f2d1cca572258,telugu,real,real,079_Rasamayi Daruvu.mp3.mp3,7,10
d32e4f478cb725b48a0c9c3ac595ade6,telugu,real,real,079_Rasamayi Daruvu.mp3.mp3,8,10
11dcd7fc059484e1d9cafde2018a154c,telugu,real,real,079_Rasamayi Daruvu.mp3.mp3,9,10
3bff55fdb1609d5b947517a0d62cc130,telugu,real,real,079_Rasamayi Daruvu.mp3.mp3,10,10
9b5f719289b6bb04f2cf61542a6e55ac,telugu,real,real,079_Rasamayi Daruvu.mp3.mp3,11,10
ce61764f5d5e0695d068c1f2a1063eae,telugu,real,real,079_Rasamayi Daruvu.mp3.mp3,12,10
8497bb84fc31be4f8c59eb0e194ddada,telugu,real,real,079_Rasamayi Daruvu.mp3.mp3,13,10
2651e96c8967ac133beb183953a89880,telugu,real,real,079_Rasamayi Daruvu.mp3.mp3,14,10
c16476129984b39914b20ed9e43823cb,telugu,real,real,079_Rasamayi Daruvu.mp3.mp3,15,10
fcf00d6e3996e69939ed2aefc3f1f7b5,telugu,real,real,079_Rasamayi Daruvu.mp3.mp3,16,10
28567af98cd8c074da01ed96599660d9,telugu,real,real,079_Rasamayi Daruvu.mp3.mp3,17,10
028e255ba06d77c23b9eec4a21b0abbd,telugu,real,real,079_Rasamayi Daruvu.mp3.mp3,18,10
3cc6d6d092dc1a0e00c7ab8e90f92e4a,telugu,real,real,079_Rasamayi Daruvu.mp3.mp3,19,10
5046e39e7742d4d92ed2ccd9f4ccc468,telugu,real,real,079_Rasamayi Daruvu.mp3.mp3,20,10
3e6a4ab9a5c9e552868e082161458b41,telugu,real,real,079_Rasamayi Daruvu.mp3.mp3,21,10
a66afb96824256dc61f170333f534ea5,telugu,real,real,079_Rasamayi Daruvu.mp3.mp3,22,10
274fc5103fd98360fbdde5a40449e1b5,telugu,real,real,079_Rasamayi Daruvu.mp3.mp3,23,10
7dc9e2a1e9154bf58f2a1b9d1857ec1d,telugu,real,real,079_Rasamayi Daruvu.mp3.mp3,24,10
348b408d16c8778a277b9f9d33690859,telugu,real,real,079_Rasamayi Daruvu.mp3.mp3,25,10
de47bf0910338d2fa96703214229e0b8,telugu,real,real,079_Rasamayi Daruvu.mp3.mp3,26,10
14aad8ba9a44ef465403822ff0e52e4f,telugu,real,real,079_Rasamayi Daruvu.mp3.mp3,27,10
a15f8520829bb94fee2a7070ecbb547b,telugu,real,real,079_Rasamayi Daruvu.mp3.mp3,28,10
fed211e7cd3beda3cab97b89b29fe90f,telugu,real,real,079_Rasamayi Daruvu.mp3.mp3,29,10
5e1905b17fd81adac1448c18ea47fd6f,telugu,real,real,079_Rasamayi Daruvu.mp3.mp3,30,10
fb79f68dac27a74033487f631afd7f93,telugu,real,real,079_Rasamayi Daruvu.mp3.mp3,31,10
cf2ba38d235681929dbc7b73796cc0d7,telugu,real,real,079_Rasamayi Daruvu.mp3.mp3,32,10
8258467dc7e42f16a2e68123a3769761,telugu,real,real,079_Rasamayi Daruvu.mp3.mp3,33,10
f81b0a0e780fa642940b15344a9bb8fb,telugu,real,real,079_Rasamayi Daruvu.mp3.mp3,34,10
d39516c77ce21392f938ff0d064b2d42,telugu,real,real,079_Rasamayi Daruvu.mp3.mp3,35,10
02c85a214de42ad696e2c5653e4ac8bf,telugu,real,real,079_Rasamayi Daruvu.mp3.mp3,36,10
5cd8f811eb8b7d072946d8abe8b6d376,telugu,real,real,079_Rasamayi Daruvu.mp3.mp3,37,10
27ad385738a6dea5a5ff1bb89c3955c2,telugu,real,real,079_Rasamayi Daruvu.mp3.mp3,38,10
f129e21a83700f9376e0df753a13008a,telugu,real,real,079_Rasamayi Daruvu.mp3.mp3,39,10
dd4fb44c54663eeefdd532db3838a07c,telugu,real,real,079_Rasamayi Daruvu.mp3.mp3,40,10
3532a7fa4546ee625aa58fb10bba42bb,telugu,real,real,079_Rasamayi Daruvu.mp3.mp3,41,10
6c7549a081a42284da8ef26adaf88f0b,telugu,real,real,079_Rasamayi Daruvu.mp3.mp3,42,10
31bccd4dd4f12aeac27ceabaf1d0eeb0,telugu,real,real,079_Rasamayi Daruvu.mp3.mp3,43,10
2a5e004c0192ed00c5d802d6ddd25919,telugu,real,real,079_Rasamayi Daruvu.mp3.mp3,44,10
5a6ffb9d6632aad19e0da51b0f69def4,telugu,real,real,079_Rasamayi Daruvu.mp3.mp3,45,10
cf93145de80f82a7b709b913a426b558,telugu,real,real,079_Rasamayi Daruvu.mp3.mp3,46,10
65ff45b7fa7b3338653b02452bb9890b,telugu,real,real,079_Rasamayi Daruvu.mp3.mp3,47,10
5a1d840282edc2e8e50d333f9ff8fd17,telugu,real,real,079_Rasamayi Daruvu.mp3.mp3,48,10
eb07528bae0db6afd9f3b06b378c45d6,telugu,real,real,079_Rasamayi Daruvu.mp3.mp3,49,10
86010e0dda87fbe070241b1becc418e9,telugu,real,real,079_Rasamayi Daruvu.mp3.mp3,50,10
ac9964cc854713a6b996161e184e97ce,telugu,real,real,079_Rasamayi Daruvu.mp3.mp3,51,10
e2c7a2f684755f389eff22c655baf2d4,telugu,real,real,079_Rasamayi Daruvu.mp3.mp3,52,10
956a7cf305a735bf9f4ac3702401b28a,telugu,real,real,079_Rasamayi Daruvu.mp3.mp3,53,10
f5634ca5f94724a6eedf26e661d16f6e,telugu,real,real,079_Rasamayi Daruvu.mp3.mp3,54,10
65726ddcd6725bbd3fbabcb118e5f97c,telugu,real,real,079_Rasamayi Daruvu.mp3.mp3,55,10
556b6e22154886b3940127faaf1e918e,telugu,real,real,079_Rasamayi Daruvu.mp3.mp3,56,10
e31101634e65d32d2c6c3153f57cbc1f,telugu,real,real,079_Rasamayi Daruvu.mp3.mp3,57,10
ecf1ba97b8d0f6ee184f84c3fb2ed959,telugu,real,real,079_Rasamayi Daruvu.mp3.mp3,58,10
ed8e6ed52a94595d4c50fb71006bdc7f,telugu,real,real,079_Rasamayi Daruvu.mp3.mp3,59,10
762997402286b64a7acff5912075ce84,telugu,real,real,079_Rasamayi Daruvu.mp3.mp3,60,10
3a933efbd74e73ee703f52faee52653b,telugu,real,real,079_Rasamayi Daruvu.mp3.mp3,61,10
4fc1e8cfe2877407598672b8ea7a270c,telugu,real,real,079_Rasamayi Daruvu.mp3.mp3,62,10
6924b34aa5febfb74992223886bdbaa2,telugu,real,real,079_Rasamayi Daruvu.mp3.mp3,63,10
7f14f2db3822cea7fd0ecedabd32752d,telugu,real,real,079_Rasamayi Daruvu.mp3.mp3,64,10
2cfb72877eb6a4b348638f242a99146d,telugu,real,real,079_Rasamayi Daruvu.mp3.mp3,65,10
fea1c77c8a79b91685d5de663173ba0f,telugu,real,real,079_Rasamayi Daruvu.mp3.mp3,66,10
83b77e0af58fc51d7b241a0be531950d,telugu,real,real,079_Rasamayi Daruvu.mp3.mp3,67,10
73737e6104f5b2e46db071721397d1cd,telugu,real,real,079_Rasamayi Daruvu.mp3.mp3,68,10
4cc948a5f88fb0c9691da023c454dcfc,telugu,real,real,079_Rasamayi Daruvu.mp3.mp3,69,10
4102761ef470df2f5ebc4fe1f6e33834,telugu,real,real,079_Rasamayi Daruvu.mp3.mp3,70,10
0e9a2da8f422b27f72cee0c299ebac4a,telugu,real,real,079_Rasamayi Daruvu.mp3.mp3,71,10
f96275ec3da4c1f73c24b261b9aa9dc9,telugu,real,real,079_Rasamayi Daruvu.mp3.mp3,72,10
4c50d5c157a5033b14f0d64d3c59f088,telugu,real,real,079_Rasamayi Daruvu.mp3.mp3,73,10
0f2ce3ef9f5845cb3b575d9ee6fcc99c,telugu,real,real,079_Rasamayi Daruvu.mp3.mp3,74,10
057e8664834ffebba8c1b7e9161126a7,telugu,real,real,079_Rasamayi Daruvu.mp3.mp3,75,10
ff578ecbdc5b39568ef4993eece59ee4,telugu,real,real,079_Rasamayi Daruvu.mp3.mp3,76,10
8eca5355fd0298f632dd1fa4cd918296,telugu,real,real,079_Rasamayi Daruvu.mp3.mp3,77,10
877d876d55339d9a9e49e640f623b1ff,telugu,real,real,079_Rasamayi Daruvu.mp3.mp3,78,10
f8ad8fd8fad153a5a691915b38ca985c,telugu,real,real,079_Rasamayi Daruvu.mp3.mp3,79,10
86fa47797c2d11739e27c303676d8672,telugu,real,real,079_Rasamayi Daruvu.mp3.mp3,80,10
c3a07675989cef41a1557279c059e0da,telugu,real,real,079_Rasamayi Daruvu.mp3.mp3,81,10
775e0d687074e5399c5a9632e6b559bc,telugu,real,real,079_Rasamayi Daruvu.mp3.mp3,82,10
3ded0dd5350c8f734fbe45c196f7747f,telugu,real,real,079_Rasamayi Daruvu.mp3.mp3,83,10
b87c87c716169db9110610a6ba045793,telugu,real,real,079_Rasamayi Daruvu.mp3.mp3,84,10
f9fd7beca0be5bb113e35684ffe27d46,telugu,real,real,079_Rasamayi Daruvu.mp3.mp3,85,10
3fc855848d581bb143e4fcac7da7d2cc,telugu,real,real,079_Rasamayi Daruvu.mp3.mp3,86,10
df08e3e0cecc6eeb724bf8faec91a43c,telugu,real,real,079_Rasamayi Daruvu.mp3.mp3,87,10
27c7db6d13b81f9a9cda7c3e1c888d1b,telugu,real,real,079_Rasamayi Daruvu.mp3.mp3,88,10
82908764a1b9b16fdb7f882ddf0549fc,telugu,real,real,079_Rasamayi Daruvu.mp3.mp3,89,10
9831978bd936c81790cc341d27868484,telugu,real,real,079_Rasamayi Daruvu.mp3.mp3,90,10
a157a2c0edfa867aecf98a25d5a0ebcf,telugu,real,real,079_Rasamayi Daruvu.mp3.mp3,91,10
9672aa8fefb0dcb4bb155cbf38328a2c,telugu,real,real,079_Rasamayi Daruvu.mp3.mp3,92,10
9d71e5b770b71d79faf0ed7bd93f298e,telugu,real,real,079_Rasamayi Daruvu.mp3.mp3,93,10
a91bed0705083ac2036c4c515b7de0b2,telugu,real,real,079_Rasamayi Daruvu.mp3.mp3,94,10
d2432e760a3d17c5bb2ff24e9cc3c03f,telugu,real,real,079_Rasamayi Daruvu.mp3.mp3,95,10
b48269b6c001da836606ced02ef20e81,telugu,real,real,079_Rasamayi Daruvu.mp3.mp3,96,10
b6319e4b00a1012ffbe8bc23848747af,telugu,real,real,079_Rasamayi Daruvu.mp3.mp3,97,10
9e7ea552d24fb919d01f37ed48831628,telugu,real,real,079_Rasamayi Daruvu.mp3.mp3,98,10
b125a197e9c537f1afe8e343d3cef6ee,telugu,real,real,079_Rasamayi Daruvu.mp3.mp3,99,10
39f43ff3de8a5e99426984a6e2b8d554,telugu,real,real,079_Rasamayi Daruvu.mp3.mp3,100,10
e3f100757f8ea50b75a8c4c059da716c,telugu,real,real,079_Rasamayi Daruvu.mp3.mp3,101,10
fc9424a083ab6015faf2a57ecc433986,telugu,real,real,080_AYYO RAMA RAMA BAALI.mp3.mp3,0,10
7872d2c1da544df5b16dbb726064baa3,telugu,real,real,080_AYYO RAMA RAMA BAALI.mp3.mp3,1,10
02c474ab477917dc1f72d60a9e2f6bf1,telugu,real,real,080_AYYO RAMA RAMA BAALI.mp3.mp3,2,10
702f42103db6a382f403fd6996c596a2,telugu,real,real,080_AYYO RAMA RAMA BAALI.mp3.mp3,3,10
c496e3635996ae535556f947c4e3ddd5,telugu,real,real,080_AYYO RAMA RAMA BAALI.mp3.mp3,4,10
7e8956b4effb02839122027e0891b7ad,telugu,real,real,081_Sarangadhara Jamukula Katha.mp3.mp3,0,10
277e91c95b61f74eb104524e8e7cf499,telugu,real,real,081_Sarangadhara Jamukula Katha.mp3.mp3,1,10
dfba17646f303c1e10f3e46b9241f271,telugu,real,real,081_Sarangadhara Jamukula Katha.mp3.mp3,2,10
8f368ee9dc0e1f1258684325e7548f13,telugu,real,real,081_Sarangadhara Jamukula Katha.mp3.mp3,3,10
3ea43b0056105e0b5057dfd3994ace86,telugu,real,real,081_Sarangadhara Jamukula Katha.mp3.mp3,4,10
73fd9a847db9659818589fa343c9acb1,telugu,real,real,081_Sarangadhara Jamukula Katha.mp3.mp3,5,10
8ca5b980555274c809c4a995bbfa0041,telugu,real,real,081_Sarangadhara Jamukula Katha.mp3.mp3,6,10
33335a4bbd38867529dbd67e98e0daee,telugu,real,real,081_Sarangadhara Jamukula Katha.mp3.mp3,7,10
bd28da3b5a1a8f27854588dcab656bb9,telugu,real,real,081_Sarangadhara Jamukula Katha.mp3.mp3,8,10
64f84983850c689a84246309bb898b6f,telugu,real,real,081_Sarangadhara Jamukula Katha.mp3.mp3,9,10
dcd01eba71db9646b7da1efc9e93c7eb,telugu,real,real,081_Sarangadhara Jamukula Katha.mp3.mp3,10,10
d935763b9f633e14bccbb7e5ad22d934,telugu,real,real,081_Sarangadhara Jamukula Katha.mp3.mp3,11,10
702b3e5d2f7866bc975833d9767c19f2,telugu,real,real,081_Sarangadhara Jamukula Katha.mp3.mp3,12,10
d39800b1dee4409c018e571d937b9359,telugu,real,real,081_Sarangadhara Jamukula Katha.mp3.mp3,13,10
c642d0564ecf4ae8380994f00ab7656f,telugu,real,real,081_Sarangadhara Jamukula Katha.mp3.mp3,14,10
bf63ddba61b5ee4278392c05df2524fe,telugu,real,real,081_Sarangadhara Jamukula Katha.mp3.mp3,15,10
00d6c6aee354f87d27c402e7691039b3,telugu,real,real,081_Sarangadhara Jamukula Katha.mp3.mp3,16,10
32b9c66f0425a778dc79d324b7a0b47d,telugu,real,real,081_Sarangadhara Jamukula Katha.mp3.mp3,17,10
78f032be54be97c3e612959fad051741,telugu,real,real,081_Sarangadhara Jamukula Katha.mp3.mp3,18,10
9b669fc450643450adc1cf061d728099,telugu,real,real,081_Sarangadhara Jamukula Katha.mp3.mp3,19,10
b83d96fb66efc3afb5f432e39804df75,telugu,real,real,081_Sarangadhara Jamukula Katha.mp3.mp3,20,10
57039c837c64b01996a04de476ce342f,telugu,real,real,081_Sarangadhara Jamukula Katha.mp3.mp3,21,10
883b2eafe64e12cee7dadadb3ee494b0,telugu,real,real,081_Sarangadhara Jamukula Katha.mp3.mp3,22,10
a04dbc3b815542ddb7539ad5082595f0,telugu,real,real,081_Sarangadhara Jamukula Katha.mp3.mp3,23,10
b2bb6a1932ccecab35f0a4eb777760f7,telugu,real,real,081_Sarangadhara Jamukula Katha.mp3.mp3,24,10
d0903834670bf9549c100cc810c0c6d1,telugu,real,real,081_Sarangadhara Jamukula Katha.mp3.mp3,25,10
d0586c4a3008085f2b9ae021385b33b7,telugu,real,real,081_Sarangadhara Jamukula Katha.mp3.mp3,26,10
a7f32c73d2f76ef400a409e9affb286a,telugu,real,real,081_Sarangadhara Jamukula Katha.mp3.mp3,27,10
7b1c182a66f31859ea106634f1582157,telugu,real,real,081_Sarangadhara Jamukula Katha.mp3.mp3,28,10
6844a6bd5897845e885543a1f3ee8b5b,telugu,real,real,081_Sarangadhara Jamukula Katha.mp3.mp3,29,10
e0cd999847e0ae3b6d220f7d6861846f,telugu,real,real,081_Sarangadhara Jamukula Katha.mp3.mp3,30,10
7674b6a68adad83053d58f89a2013cdd,telugu,real,real,081_Sarangadhara Jamukula Katha.mp3.mp3,31,10
e8111b356997bfd31c9245171cd440d4,telugu,real,real,081_Sarangadhara Jamukula Katha.mp3.mp3,32,10
8c33ed2449e1d37811904a9fdb1eb002,telugu,real,real,081_Sarangadhara Jamukula Katha.mp3.mp3,33,10
388eefbe43906e42312ada28c6267d7a,telugu,real,real,081_Sarangadhara Jamukula Katha.mp3.mp3,34,10
4a1ba8188bbc660472184c4fdc154d6f,telugu,real,real,081_Sarangadhara Jamukula Katha.mp3.mp3,35,10
71dd7db2a9e67282f9a6a8f3e4654fed,telugu,real,real,081_Sarangadhara Jamukula Katha.mp3.mp3,36,10
0f255a6d3d7675968217c67f947714bc,telugu,real,real,081_Sarangadhara Jamukula Katha.mp3.mp3,37,10
05ac1bcf28f117ccd369da386e79e5ee,telugu,real,real,081_Sarangadhara Jamukula Katha.mp3.mp3,38,10
e83145b96e9edd7c971b2b8d97dd6fca,telugu,real,real,081_Sarangadhara Jamukula Katha.mp3.mp3,39,10
5b6584e655f985881bce105e14b94de7,telugu,real,real,081_Sarangadhara Jamukula Katha.mp3.mp3,40,10
f3ab4bc29f1387bddd152c76d2cdbb4c,telugu,real,real,081_Sarangadhara Jamukula Katha.mp3.mp3,41,10
adcf04e1c074a07cea0654776c30aa10,telugu,real,real,081_Sarangadhara Jamukula Katha.mp3.mp3,42,10
5125f468a2992af0b90dd279fcca8e3b,telugu,real,real,081_Sarangadhara Jamukula Katha.mp3.mp3,43,10
206a48b69999d89f7de4831cc31cdc14,telugu,real,real,081_Sarangadhara Jamukula Katha.mp3.mp3,44,10
b2a512d587eb07af15b9f8d1d30c4494,telugu,real,real,081_Sarangadhara Jamukula Katha.mp3.mp3,45,10
5d8f8f3c662067afe51c6e79bdd777dc,telugu,real,real,081_Sarangadhara Jamukula Katha.mp3.mp3,46,10
3369330edab7af0ad69876c3881872f5,telugu,real,real,081_Sarangadhara Jamukula Katha.mp3.mp3,47,10
0f38906b3dd737ad94ea832b11150a5b,telugu,real,real,081_Sarangadhara Jamukula Katha.mp3.mp3,48,10
cf2f3fd34ffc71e4129357fbb16c6ca2,telugu,real,real,081_Sarangadhara Jamukula Katha.mp3.mp3,49,10
30bb3f72049ae211c1f907884420a94f,telugu,real,real,081_Sarangadhara Jamukula Katha.mp3.mp3,50,10
04dfb39dc6761bc4cbf904619497da73,telugu,real,real,081_Sarangadhara Jamukula Katha.mp3.mp3,51,10
6d2793ce4f3cd6accde7b05ca2980de5,telugu,real,real,081_Sarangadhara Jamukula Katha.mp3.mp3,52,10
9c62e4f183360e05253af0af95ca9371,telugu,real,real,081_Sarangadhara Jamukula Katha.mp3.mp3,53,10
741a47460abf64378530c0d2a1e089e7,telugu,real,real,081_Sarangadhara Jamukula Katha.mp3.mp3,54,10
cac6ad24a4d237eb91fe25e6cae857f1,telugu,real,real,081_Sarangadhara Jamukula Katha.mp3.mp3,55,10
5426b8d7ac85046b54874acf9f2ca6f0,telugu,real,real,081_Sarangadhara Jamukula Katha.mp3.mp3,56,10
80e03baeb8cba3a0f426333e3e74f863,telugu,real,real,081_Sarangadhara Jamukula Katha.mp3.mp3,57,10
88a83d300d86cab757aa9985afd9efed,telugu,real,real,081_Sarangadhara Jamukula Katha.mp3.mp3,58,10
74b43df0b1cd2318ef371638d5f46757,telugu,real,real,081_Sarangadhara Jamukula Katha.mp3.mp3,59,10
3de3625493a5d4e9e2daba918af276e6,telugu,real,real,081_Sarangadhara Jamukula Katha.mp3.mp3,60,10
385ef68a9da7ccc62dd9339a332c9221,telugu,real,real,081_Sarangadhara Jamukula Katha.mp3.mp3,61,10
bd7e632ad8599ea21578e8e15214cfed,telugu,real,real,081_Sarangadhara Jamukula Katha.mp3.mp3,62,10
9b657bfd2d754521b3401645147e05f5,telugu,real,real,081_Sarangadhara Jamukula Katha.mp3.mp3,63,10
0ad141a2c52545728f2387665e599895,telugu,real,real,081_Sarangadhara Jamukula Katha.mp3.mp3,64,10
9dd9acf62270f2c1d7d5dde4cf7fad6f,telugu,real,real,081_Sarangadhara Jamukula Katha.mp3.mp3,65,10
3d39eb85c7c7414adf1ceb6874a8b02e,telugu,real,real,081_Sarangadhara Jamukula Katha.mp3.mp3,66,10
0f750a77b8acf69895a297260cd2ef3f,telugu,real,real,081_Sarangadhara Jamukula Katha.mp3.mp3,67,10
70664dc7a9614a2af200a9ddd66e8975,telugu,real,real,081_Sarangadhara Jamukula Katha.mp3.mp3,68,10
4ba87e476583ca7a802d39bc8b7f6bb4,telugu,real,real,081_Sarangadhara Jamukula Katha.mp3.mp3,69,10
5eff29fb21a51ae53d7b6c222a08424a,telugu,real,real,081_Sarangadhara Jamukula Katha.mp3.mp3,70,10
7ecf833634960f1cbf6289c3454899e9,telugu,real,real,081_Sarangadhara Jamukula Katha.mp3.mp3,71,10
660ef6bdba90c84079c94908822a1605,telugu,real,real,081_Sarangadhara Jamukula Katha.mp3.mp3,72,10
b3ac06822e2323c95901d8e11a3c7c9a,telugu,real,real,081_Sarangadhara Jamukula Katha.mp3.mp3,73,10
95f6b88d6059f4f09969f9819ca7ac0d,telugu,real,real,081_Sarangadhara Jamukula Katha.mp3.mp3,74,10
f8e63a72a37b207b39071a4fce9b374a,telugu,real,real,081_Sarangadhara Jamukula Katha.mp3.mp3,75,10
487de34a87cca5015a4359ab060b077a,telugu,real,real,081_Sarangadhara Jamukula Katha.mp3.mp3,76,10
b43cec888b97ecda2467abbfdac9a792,telugu,real,real,081_Sarangadhara Jamukula Katha.mp3.mp3,77,10
f83d19b293381159e08a6a623a6e12c1,telugu,real,real,081_Sarangadhara Jamukula Katha.mp3.mp3,78,10
f132db89ddcb7d7a424fb1b4c69433b0,telugu,real,real,081_Sarangadhara Jamukula Katha.mp3.mp3,79,10
d2b03c16b7e7610d2361b135a5b572cd,telugu,real,real,081_Sarangadhara Jamukula Katha.mp3.mp3,80,10
01a766bfc6e4a40dd3b9c3d9d35414e4,telugu,real,real,081_Sarangadhara Jamukula Katha.mp3.mp3,81,10
e1405c77363be0ffa52358f5cd52e7c7,telugu,real,real,081_Sarangadhara Jamukula Katha.mp3.mp3,82,10
047216323a746243410d32fce5e8f28d,telugu,real,real,081_Sarangadhara Jamukula Katha.mp3.mp3,83,10
9363b4792a6e3a51e501358ff7c7752a,telugu,real,real,081_Sarangadhara Jamukula Katha.mp3.mp3,84,10
be0170591421a555673e697febe404dc,telugu,real,real,081_Sarangadhara Jamukula Katha.mp3.mp3,85,10
305549624820e4e759cae993b4386503,telugu,real,real,081_Sarangadhara Jamukula Katha.mp3.mp3,86,10
680b93c8ccbd681d4ecda6719c4086bc,telugu,real,real,081_Sarangadhara Jamukula Katha.mp3.mp3,87,10
f9afdade8346680b90bdb33393a268f7,telugu,real,real,081_Sarangadhara Jamukula Katha.mp3.mp3,88,10
b9911d8155e58214517bcc414be5b7f3,telugu,real,real,081_Sarangadhara Jamukula Katha.mp3.mp3,89,10
4dd50a64bec407c08b1a640d993174e6,telugu,real,real,081_Sarangadhara Jamukula Katha.mp3.mp3,90,10
365ef0595bad6b14da90cb364aa1be15,telugu,real,real,081_Sarangadhara Jamukula Katha.mp3.mp3,91,10
d533d5c3ed95a4f57942f74feed9ad25,telugu,real,real,081_Sarangadhara Jamukula Katha.mp3.mp3,92,10
d3ff7ca9c9e3996a5b0363d035748f58,telugu,real,real,081_Sarangadhara Jamukula Katha.mp3.mp3,93,10
fbc88d87b81b7331badc118a58d26b52,telugu,real,real,081_Sarangadhara Jamukula Katha.mp3.mp3,94,10
21f502c066cb950372c8987fd47282d0,telugu,real,real,081_Sarangadhara Jamukula Katha.mp3.mp3,95,10
b07020eaf01ab473f02f64bfcbb90d2e,telugu,real,real,081_Sarangadhara Jamukula Katha.mp3.mp3,96,10
9f90d964fd047a89fcf749b366589739,telugu,real,real,081_Sarangadhara Jamukula Katha.mp3.mp3,97,10
1e0dddb3bd47eec37e7caaee05306794,telugu,real,real,081_Sarangadhara Jamukula Katha.mp3.mp3,98,10
ce2353899ab16bd32f7f413da9417aa0,telugu,real,real,081_Sarangadhara Jamukula Katha.mp3.mp3,99,10
a74d71ed3f3b7d238ddf1820e4fe6cf9,telugu,real,real,081_Sarangadhara Jamukula Katha.mp3.mp3,100,10
4d3aebdfa9fdc09a9e8342ccc38778d2,telugu,real,real,081_Sarangadhara Jamukula Katha.mp3.mp3,101,10
8f2d06377752515960f84d44d189afe9,telugu,real,real,081_Sarangadhara Jamukula Katha.mp3.mp3,102,10
e9d91866d4d612f0dc4ab052a13adf15,telugu,real,real,081_Sarangadhara Jamukula Katha.mp3.mp3,103,10
58fd50b5e77cb11a1e0fbaa127980cf4,telugu,real,real,081_Sarangadhara Jamukula Katha.mp3.mp3,104,10
907590e0f754db9338ded91f5c3613cd,telugu,real,real,081_Sarangadhara Jamukula Katha.mp3.mp3,105,10
548f86059071a271dfae65813936eaaa,telugu,real,real,081_Sarangadhara Jamukula Katha.mp3.mp3,106,10
21dd86bf6a38315ca8db2bd0690165df,telugu,real,real,081_Sarangadhara Jamukula Katha.mp3.mp3,107,10
3a72d5ba3dd86511ff24a4f4fe4a354e,telugu,real,real,081_Sarangadhara Jamukula Katha.mp3.mp3,108,10
4689c3e85fee1a21d35f0cf157cca542,telugu,real,real,081_Sarangadhara Jamukula Katha.mp3.mp3,109,10
43b72cdb74219fad2861df5c4ff71ffd,telugu,real,real,081_Sarangadhara Jamukula Katha.mp3.mp3,110,10
5a22b58d552646e78e87adbf420da40e,telugu,real,real,081_Sarangadhara Jamukula Katha.mp3.mp3,111,10
ed4d29b240a61fe5fcbf040fd67cd6be,telugu,real,real,081_Sarangadhara Jamukula Katha.mp3.mp3,112,10
0ce1d003c668850242eef16887021e58,telugu,real,real,081_Sarangadhara Jamukula Katha.mp3.mp3,113,10
942539962e401d353c5b99a730e8b5d8,telugu,real,real,081_Sarangadhara Jamukula Katha.mp3.mp3,114,10
787359ad1af7e2d1f92cf70630c62c57,telugu,real,real,081_Sarangadhara Jamukula Katha.mp3.mp3,115,10
d5fda84130bc8720599511e08f88d9a0,telugu,real,real,081_Sarangadhara Jamukula Katha.mp3.mp3,116,10
aef3a48242899e466cf8dd678fad6082,telugu,real,real,081_Sarangadhara Jamukula Katha.mp3.mp3,117,10
ff017f0106512fe6b20812698aa89afe,telugu,real,real,081_Sarangadhara Jamukula Katha.mp3.mp3,118,10
f30a5f401b104d93f73127547491d0ce,telugu,real,real,081_Sarangadhara Jamukula Katha.mp3.mp3,119,10
771d9ac6f13ec33ebc527d4aa14f1d2e,telugu,real,real,081_Sarangadhara Jamukula Katha.mp3.mp3,120,10
6944a4fd9b2451bc55dfcc092e9772d9,telugu,real,real,081_Sarangadhara Jamukula Katha.mp3.mp3,121,10
2c0e37808f828a3c3855b663d2071fb0,telugu,real,real,081_Sarangadhara Jamukula Katha.mp3.mp3,122,10
af677e456ff83030544a850ca7c32dfe,telugu,real,real,081_Sarangadhara Jamukula Katha.mp3.mp3,123,10
ae7ac897264a91059ab4aea01d7776a8,telugu,real,real,081_Sarangadhara Jamukula Katha.mp3.mp3,124,10
c3433391b3c90a695dba6424f50cdd48,telugu,real,real,081_Sarangadhara Jamukula Katha.mp3.mp3,125,10
b5bc73b1dcef05455684c2f80bdf71e9,telugu,real,real,081_Sarangadhara Jamukula Katha.mp3.mp3,126,10
e0b33f87eb398a2592e23e2f532da58c,telugu,real,real,081_Sarangadhara Jamukula Katha.mp3.mp3,127,10
8054f87e20210afedcc970881cd5cddb,telugu,real,real,081_Sarangadhara Jamukula Katha.mp3.mp3,128,10
fe59fe3c63f9ae6cd753fd013769305d,telugu,real,real,081_Sarangadhara Jamukula Katha.mp3.mp3,129,10
b8aebb0f62c2f1c748a3ac2d9e6669fb,telugu,real,real,081_Sarangadhara Jamukula Katha.mp3.mp3,130,10
2947e06cf0b1e61e615b969852dcbec4,telugu,real,real,081_Sarangadhara Jamukula Katha.mp3.mp3,131,10
3c3c3f6a6d41f126c3dc10b1c38e5abf,telugu,real,real,081_Sarangadhara Jamukula Katha.mp3.mp3,132,10
6e69eb05f25be8ae79939ac756565c49,telugu,real,real,081_Sarangadhara Jamukula Katha.mp3.mp3,133,10
d892dad2ec9be8d67686ca8d63162699,telugu,real,real,081_Sarangadhara Jamukula Katha.mp3.mp3,134,10
9a10efdd129d9a1326c2fbfb53d7a2b6,telugu,real,real,081_Sarangadhara Jamukula Katha.mp3.mp3,135,10
3df3d8f21a2dd7a913741bea96bbb16d,telugu,real,real,081_Sarangadhara Jamukula Katha.mp3.mp3,136,10
da37dc413aa8fa78e626596169d26f09,telugu,real,real,081_Sarangadhara Jamukula Katha.mp3.mp3,137,10
7e28dd9403c0e30c69b9e9a66ad8dbe7,telugu,real,real,081_Sarangadhara Jamukula Katha.mp3.mp3,138,10
6256d209fbb3cdc27b75110d38cfcfd4,telugu,real,real,081_Sarangadhara Jamukula Katha.mp3.mp3,139,10
6d507b6223972400bb799df5088b31f0,telugu,real,real,081_Sarangadhara Jamukula Katha.mp3.mp3,140,10
6b96784b4363e138fab7d0ce57e15f15,telugu,real,real,081_Sarangadhara Jamukula Katha.mp3.mp3,141,10
6fdc064b046b5008e6d97b6fe684b439,telugu,real,real,081_Sarangadhara Jamukula Katha.mp3.mp3,142,10
9c6edc91648ae37cafbce0ba5222ac4e,telugu,real,real,081_Sarangadhara Jamukula Katha.mp3.mp3,143,10
066beb8ec94eab2bbdeec817a87556bf,telugu,real,real,081_Sarangadhara Jamukula Katha.mp3.mp3,144,10
a3218ca9d26a45a7eb1a00a8bafe43c8,telugu,real,real,081_Sarangadhara Jamukula Katha.mp3.mp3,145,10
f1a66c5457afe238645f6b21138b4a38,telugu,real,real,081_Sarangadhara Jamukula Katha.mp3.mp3,146,10
8c5fd9d4137a0ed33a799ee8edae2ae6,telugu,real,real,081_Sarangadhara Jamukula Katha.mp3.mp3,147,10
55e94942a2df1e5af5ca84ad04377b77,telugu,real,real,081_Sarangadhara Jamukula Katha.mp3.mp3,148,10
68c7745f6d734746825cbd17d467817d,telugu,real,real,081_Sarangadhara Jamukula Katha.mp3.mp3,149,10
a495b96b5a1a5cf6afeff74dd29f39fa,telugu,real,real,081_Sarangadhara Jamukula Katha.mp3.mp3,150,10
6bc232b49db820222a203304cdfae192,telugu,real,real,081_Sarangadhara Jamukula Katha.mp3.mp3,151,10
2dee2dbd7a37c133803ddfa14a4f1885,telugu,real,real,081_Sarangadhara Jamukula Katha.mp3.mp3,152,10
8b208781f06947a21747562bc4082ede,telugu,real,real,081_Sarangadhara Jamukula Katha.mp3.mp3,153,10
992e7dfc8c7b00fe3b4fbe24e4395ba2,telugu,real,real,081_Sarangadhara Jamukula Katha.mp3.mp3,154,10
429dc02e22b1f7c05e102a501d8549e4,telugu,real,real,081_Sarangadhara Jamukula Katha.mp3.mp3,155,10
52aefefc1ada3023f660459631a3073f,telugu,real,real,081_Sarangadhara Jamukula Katha.mp3.mp3,156,10
edd3bdc2426a6e1ea9c7610a4b3c84b9,telugu,real,real,081_Sarangadhara Jamukula Katha.mp3.mp3,157,10
7538557b82b4d43daefdccb01cc7b71e,telugu,real,real,081_Sarangadhara Jamukula Katha.mp3.mp3,158,10
5cc4d817d4f7001629ea05e77bcb8524,telugu,real,real,081_Sarangadhara Jamukula Katha.mp3.mp3,159,10
84d4845055b6a14c5541d23e3850c618,telugu,real,real,081_Sarangadhara Jamukula Katha.mp3.mp3,160,10
902e6a20e97a9d30fd21b14318fad0d0,telugu,real,real,081_Sarangadhara Jamukula Katha.mp3.mp3,161,10
303e81b3c12d7d0b539fbc6b8ccc69c4,telugu,real,real,081_Sarangadhara Jamukula Katha.mp3.mp3,162,10
dff5dd178526ad92ba751c85e818a7fd,telugu,real,real,081_Sarangadhara Jamukula Katha.mp3.mp3,163,10
6fe40077e6c953fa06a9978c8c534038,telugu,real,real,081_Sarangadhara Jamukula Katha.mp3.mp3,164,10
202a053fd79ea8849d53bfed6bde8738,telugu,real,real,081_Sarangadhara Jamukula Katha.mp3.mp3,165,10
25f5be4d9c87b37de9beab792bdd573a,telugu,real,real,081_Sarangadhara Jamukula Katha.mp3.mp3,166,10
23a9c4fb5d059fa455b8561d175eddcf,telugu,real,real,081_Sarangadhara Jamukula Katha.mp3.mp3,167,10
5224a570d34d633de3e0ba9bc8d7bef0,telugu,real,real,081_Sarangadhara Jamukula Katha.mp3.mp3,168,10
10c8128af49668a445d225c61da1d916,telugu,real,real,081_Sarangadhara Jamukula Katha.mp3.mp3,169,10
c4eceb85e9870cea131ad3c7f3fc03f1,telugu,real,real,081_Sarangadhara Jamukula Katha.mp3.mp3,170,10
0c24a2c271cd6a9358ec5f79e86f924c,telugu,real,real,081_Sarangadhara Jamukula Katha.mp3.mp3,171,10
d8aa8977608f7a710d3e08f2ce3181cb,telugu,real,real,081_Sarangadhara Jamukula Katha.mp3.mp3,172,10
6eb87030785382c7bca7f33ccc25ef26,telugu,real,real,081_Sarangadhara Jamukula Katha.mp3.mp3,173,10
a008e810accc354094555cc5f4d84e35,telugu,real,real,081_Sarangadhara Jamukula Katha.mp3.mp3,174,10
1a83474052fcaf09247844e58053adec,telugu,real,real,081_Sarangadhara Jamukula Katha.mp3.mp3,175,10
564704f0a4bf83af24ed556d97773033,telugu,real,real,081_Sarangadhara Jamukula Katha.mp3.mp3,176,10
066d02b04ea0f7b7c8a12ec0fe3cd2df,telugu,real,real,081_Sarangadhara Jamukula Katha.mp3.mp3,177,10
3c18658726b6ac209e34201fe4fe96f8,telugu,real,real,081_Sarangadhara Jamukula Katha.mp3.mp3,178,10
ad44121ab18f7598fd47a635422a6ade,telugu,real,real,081_Sarangadhara Jamukula Katha.mp3.mp3,179,10
33bdd7a6d00431101644a4333cc58cb5,telugu,real,real,081_Sarangadhara Jamukula Katha.mp3.mp3,180,10
43d8be2b932df27c0e461c7392fcc4ae,telugu,real,real,081_Sarangadhara Jamukula Katha.mp3.mp3,181,10
4c4a4727914afb877014f9a68bd54419,telugu,real,real,081_Sarangadhara Jamukula Katha.mp3.mp3,182,10
fb3b490990dc6b6b471d0c858e48a568,telugu,real,real,081_Sarangadhara Jamukula Katha.mp3.mp3,183,10
d45d9dbcd6681228f8add78c2f318497,telugu,real,real,081_Sarangadhara Jamukula Katha.mp3.mp3,184,10
3fd8e53e8559609871354de1dad412aa,telugu,real,real,081_Sarangadhara Jamukula Katha.mp3.mp3,185,10
6e5e669644beda86b7b1a5b24c1e0a49,telugu,real,real,081_Sarangadhara Jamukula Katha.mp3.mp3,186,10
fffbfd3c44cbeef3710562e7b1633d43,telugu,real,real,081_Sarangadhara Jamukula Katha.mp3.mp3,187,10
54fdbb43f72b58113215cade8d9d8caf,telugu,real,real,081_Sarangadhara Jamukula Katha.mp3.mp3,188,10
0842a64e20948d16b776c774c3ecbfac,telugu,real,real,081_Sarangadhara Jamukula Katha.mp3.mp3,189,10
3518a4ac4dcbf265024877e13f0b318e,telugu,real,real,081_Sarangadhara Jamukula Katha.mp3.mp3,190,10
78e0f6303c54234c07a26a7a365a7ac1,telugu,real,real,081_Sarangadhara Jamukula Katha.mp3.mp3,191,10
e4ca1bf853a53af28c4a1aec754429af,telugu,real,real,081_Sarangadhara Jamukula Katha.mp3.mp3,192,10
bbb82a339afc8270abfbeaa4bfa4f0ed,telugu,real,real,081_Sarangadhara Jamukula Katha.mp3.mp3,193,10
7bc4f3db1adbba628ec956c502896101,telugu,real,real,081_Sarangadhara Jamukula Katha.mp3.mp3,194,10
f4c8c473784a2bd531df92279e7d3022,telugu,real,real,081_Sarangadhara Jamukula Katha.mp3.mp3,195,10
c9ada6c353ab34271699353a121b3d2f,telugu,real,real,081_Sarangadhara Jamukula Katha.mp3.mp3,196,10
8c7a769eb65e8582884b6fc0501ab095,telugu,real,real,081_Sarangadhara Jamukula Katha.mp3.mp3,197,10
fbba262d610e76f97c616fd9e31d5e88,telugu,real,real,081_Sarangadhara Jamukula Katha.mp3.mp3,198,10
08c125c0c12691ce434a124aa8557fd4,telugu,real,real,081_Sarangadhara Jamukula Katha.mp3.mp3,199,10
6ec558e39f6014b347e6028294f527d1,telugu,real,real,081_Sarangadhara Jamukula Katha.mp3.mp3,200,10
9757f3e204d71fba290b8293ed4d96e2,telugu,real,real,081_Sarangadhara Jamukula Katha.mp3.mp3,201,10
8b04f29195371f08d0f616d686884a85,telugu,real,real,081_Sarangadhara Jamukula Katha.mp3.mp3,202,10
f69cfa3d40c2c8ac529d6cf4c3e5663b,telugu,real,real,081_Sarangadhara Jamukula Katha.mp3.mp3,203,10
12d371f4a27fb894267a145580ab4dea,telugu,real,real,081_Sarangadhara Jamukula Katha.mp3.mp3,204,10
8186f0a27d234c2f59cdde324e933609,telugu,real,real,081_Sarangadhara Jamukula Katha.mp3.mp3,205,10
b9673adcf53ed1c28508622174f19694,telugu,real,real,081_Sarangadhara Jamukula Katha.mp3.mp3,206,10
9ca523eec205fa22fcfe37cce54beb52,telugu,real,real,081_Sarangadhara Jamukula Katha.mp3.mp3,207,10
bc3e5fbc34d9919e33ae2f8817b59038,telugu,real,real,081_Sarangadhara Jamukula Katha.mp3.mp3,208,10
c2c2e70b5a0e1953ca66b426fdae1bde,telugu,real,real,081_Sarangadhara Jamukula Katha.mp3.mp3,209,10
5a9d92b75dac3a6c3681d069e30e8d94,telugu,real,real,081_Sarangadhara Jamukula Katha.mp3.mp3,210,10
7e7c85fd03f3304e771c53c2bbd5d2d3,telugu,real,real,081_Sarangadhara Jamukula Katha.mp3.mp3,211,10
ba67d6e1e15a1aa1f2dc83f87649efa9,telugu,real,real,081_Sarangadhara Jamukula Katha.mp3.mp3,212,10
386712d0a62d2f0d4a69ac1decbb3ffb,telugu,real,real,081_Sarangadhara Jamukula Katha.mp3.mp3,213,10
f41493db7a39f7fccf2defa5b8ebe9f1,telugu,real,real,081_Sarangadhara Jamukula Katha.mp3.mp3,214,10
b8b80c5b66b3aa500d9d05574a71d084,telugu,real,real,081_Sarangadhara Jamukula Katha.mp3.mp3,215,10
06488bc500f34543e65bb7f6201675b7,telugu,real,real,081_Sarangadhara Jamukula Katha.mp3.mp3,216,10
879e2e0854030c9eeca6e4a9914f4acb,telugu,real,real,081_Sarangadhara Jamukula Katha.mp3.mp3,217,10
483483ed34a34b6e709e104bdc5b902f,telugu,real,real,081_Sarangadhara Jamukula Katha.mp3.mp3,218,10
abc279c0ce28db36df278879c66fa1d3,telugu,real,real,081_Sarangadhara Jamukula Katha.mp3.mp3,219,10
f46d11f6a2e6ff4754135cfe0d1007d9,telugu,real,real,081_Sarangadhara Jamukula Katha.mp3.mp3,220,10
98d23974602588f9dd8b9414186ed624,telugu,real,real,081_Sarangadhara Jamukula Katha.mp3.mp3,221,10
70091c31ecccee6da13aec7e55d69c25,telugu,real,real,081_Sarangadhara Jamukula Katha.mp3.mp3,222,10
9b0b901fe26f17021eb203b040d31f0a,telugu,real,real,081_Sarangadhara Jamukula Katha.mp3.mp3,223,10
cf4417a8154ea0c1f3e444875dfb5591,telugu,real,real,081_Sarangadhara Jamukula Katha.mp3.mp3,224,10
fc5f27a2dc7c8de48ccac75127b92d8a,telugu,real,real,081_Sarangadhara Jamukula Katha.mp3.mp3,225,10
df8893f424d0b0aede9bb057b0903c18,telugu,real,real,081_Sarangadhara Jamukula Katha.mp3.mp3,226,10
09349f5a0984cbe63c6fb129f3493be8,telugu,real,real,081_Sarangadhara Jamukula Katha.mp3.mp3,227,10
cac0e321ee1c02fd33a2033dd427ab55,telugu,real,real,081_Sarangadhara Jamukula Katha.mp3.mp3,228,10
02e6bfb7cfde2d2943e170fbb734b9aa,telugu,real,real,081_Sarangadhara Jamukula Katha.mp3.mp3,229,10
e98bc18a73d43828ff6eac2aa9c650f4,telugu,real,real,081_Sarangadhara Jamukula Katha.mp3.mp3,230,10
7a76870d1a6f6de7b50deb8d0da7df1c,telugu,real,real,081_Sarangadhara Jamukula Katha.mp3.mp3,231,10
94eba0cba70c1da5008c2b135f67ebc7,telugu,real,real,081_Sarangadhara Jamukula Katha.mp3.mp3,232,10
207aeaf7306af75d39db7fc95a541cfd,telugu,real,real,081_Sarangadhara Jamukula Katha.mp3.mp3,233,10
c2c14c4f29c21d3d5171e1ed0b580ad6,telugu,real,real,081_Sarangadhara Jamukula Katha.mp3.mp3,234,10
823a69ea9c53676c4710e34281ec5c0b,telugu,real,real,081_Sarangadhara Jamukula Katha.mp3.mp3,235,10
7bb14b89d67077c29bd28d196513d0c2,telugu,real,real,081_Sarangadhara Jamukula Katha.mp3.mp3,236,10
3bf6ce723bc59385b796e5f139aac933,telugu,real,real,081_Sarangadhara Jamukula Katha.mp3.mp3,237,10
f8b344a506959d69aa0b283011c87121,telugu,real,real,081_Sarangadhara Jamukula Katha.mp3.mp3,238,10
17948a7e3dd01e0d99a61ccd83c10d80,telugu,real,real,081_Sarangadhara Jamukula Katha.mp3.mp3,239,10
a65a289ca8c48af911257e8fba118d08,telugu,real,real,081_Sarangadhara Jamukula Katha.mp3.mp3,240,10
c3d35b36fbd801d1d9893980f87bebe4,telugu,real,real,081_Sarangadhara Jamukula Katha.mp3.mp3,241,10
ee82c4390855ad31fb4191a47e6f9358,telugu,real,real,081_Sarangadhara Jamukula Katha.mp3.mp3,242,10
56b556d68fd085e0cfff54cf072aacde,telugu,real,real,081_Sarangadhara Jamukula Katha.mp3.mp3,243,10
baf7b2d7dc07cd9ff304ca3fc9664d42,telugu,real,real,081_Sarangadhara Jamukula Katha.mp3.mp3,244,10
28141c6446c72b0a4a53fbe86d536f0e,telugu,real,real,081_Sarangadhara Jamukula Katha.mp3.mp3,245,10
1a03dc9ef9b2922efd4b1f27b42f082f,telugu,real,real,081_Sarangadhara Jamukula Katha.mp3.mp3,246,10
1fea7939bcf3a9ac93e30b439e97c7be,telugu,real,real,081_Sarangadhara Jamukula Katha.mp3.mp3,247,10
7499b4a947e3a8033ea9174571d9ff23,telugu,real,real,081_Sarangadhara Jamukula Katha.mp3.mp3,248,10
c03a3411908650d0dc30f3ae975f8fdb,telugu,real,real,081_Sarangadhara Jamukula Katha.mp3.mp3,249,10
c0f719f63c4435a554395e9244c73cdd,telugu,real,real,081_Sarangadhara Jamukula Katha.mp3.mp3,250,10
9ef1d638636566730d49d145f9c78a75,telugu,real,real,081_Sarangadhara Jamukula Katha.mp3.mp3,251,10
3e497fd193a3e2a72eee8366cac42323,telugu,real,real,081_Sarangadhara Jamukula Katha.mp3.mp3,252,10
0d4073eaf6eb5d00bcdbd5296c4bdefc,telugu,real,real,081_Sarangadhara Jamukula Katha.mp3.mp3,253,10
2b8325e28547a33fe861fb0847cf05db,telugu,real,real,081_Sarangadhara Jamukula Katha.mp3.mp3,254,10
147217ffbec6a9041a8506568bce19a8,telugu,real,real,081_Sarangadhara Jamukula Katha.mp3.mp3,255,10
8b1e1c48945da4c7e71aa8551d8f0fa5,telugu,real,real,081_Sarangadhara Jamukula Katha.mp3.mp3,256,10
b8ac117ffaec58be422cfe25dbfa98b1,telugu,real,real,081_Sarangadhara Jamukula Katha.mp3.mp3,257,10
72877ab35a88a7b1b4665b80cc04e669,telugu,real,real,081_Sarangadhara Jamukula Katha.mp3.mp3,258,10
209c1ae962ae10f660c30248bc970df5,telugu,real,real,081_Sarangadhara Jamukula Katha.mp3.mp3,259,10
fede9ad8dec08bd462eefd3a2fac7fd3,telugu,real,real,081_Sarangadhara Jamukula Katha.mp3.mp3,260,10
cc0c6035ccdb02132ddd4d7767edb0b3,telugu,real,real,081_Sarangadhara Jamukula Katha.mp3.mp3,261,10
b248f9f04776a375191a2cf65bf9380b,telugu,real,real,081_Sarangadhara Jamukula Katha.mp3.mp3,262,10
b196777f7d9a502c4932efc6886d89b4,telugu,real,real,081_Sarangadhara Jamukula Katha.mp3.mp3,263,10
043282088b59f1829d01e34af90526d7,telugu,real,real,081_Sarangadhara Jamukula Katha.mp3.mp3,264,10
4982619216d57815113ed0388affea3a,telugu,real,real,081_Sarangadhara Jamukula Katha.mp3.mp3,265,10
2795edb7f626e2240ae1a8bb77ba4596,telugu,real,real,081_Sarangadhara Jamukula Katha.mp3.mp3,266,10
dd8544a576f49984b4fa54b914dcb82e,telugu,real,real,081_Sarangadhara Jamukula Katha.mp3.mp3,267,10
c3a9d4a971a3c1c965a443b538f23971,telugu,real,real,081_Sarangadhara Jamukula Katha.mp3.mp3,268,10
f14a87c16d5fdd10a13cb0f344771b24,telugu,real,real,081_Sarangadhara Jamukula Katha.mp3.mp3,269,10
1302a6de4f2e888a93e26ad3c5c53fa4,telugu,real,real,081_Sarangadhara Jamukula Katha.mp3.mp3,270,10
1d990273823ddb6dcf93165a418266f5,telugu,real,real,081_Sarangadhara Jamukula Katha.mp3.mp3,271,10
0165d9dcc51a9ad3f907ec3e062a2bc6,telugu,real,real,081_Sarangadhara Jamukula Katha.mp3.mp3,272,10
aa64abdfc77b1defbc71b76939a37ce3,telugu,real,real,081_Sarangadhara Jamukula Katha.mp3.mp3,273,10
bae3d42544d3d32f5cf1942c53e4eac6,telugu,real,real,081_Sarangadhara Jamukula Katha.mp3.mp3,274,10
6d89c86b1dd731215ce17520d741bf0e,telugu,real,real,081_Sarangadhara Jamukula Katha.mp3.mp3,275,10
4354d56584049d3471483ca6c84efd16,telugu,real,real,081_Sarangadhara Jamukula Katha.mp3.mp3,276,10
dfbb62387ce16d39f8201be3ef50ed35,telugu,real,real,081_Sarangadhara Jamukula Katha.mp3.mp3,277,10
916e31c1ec81fb0839f8d6c1feb499df,telugu,real,real,081_Sarangadhara Jamukula Katha.mp3.mp3,278,10
c874f6c6f3765218c8f5068e794561e6,telugu,real,real,081_Sarangadhara Jamukula Katha.mp3.mp3,279,10
b0af04fc357eaa5820f7e1bee66357fa,telugu,real,real,081_Sarangadhara Jamukula Katha.mp3.mp3,280,10
03acf2122d5ad0e60ad23ae3bbddbcc9,telugu,real,real,081_Sarangadhara Jamukula Katha.mp3.mp3,281,10
1e33024d67f9add7ef7037a04e3d8e7e,telugu,real,real,081_Sarangadhara Jamukula Katha.mp3.mp3,282,10
b9c31bd3081899b8add8e71fd5f2a61a,telugu,real,real,081_Sarangadhara Jamukula Katha.mp3.mp3,283,10
2a18a9246e4bde8e46a82d9c3fff6cda,telugu,real,real,081_Sarangadhara Jamukula Katha.mp3.mp3,284,10
d024f2c49c704cbfdeea28ee7450cd7d,telugu,real,real,081_Sarangadhara Jamukula Katha.mp3.mp3,285,10
be5bd25dbac992cec6423c935924ca16,telugu,real,real,081_Sarangadhara Jamukula Katha.mp3.mp3,286,10
a32eea62a8a435c9ead0a4c09b0c640b,telugu,real,real,081_Sarangadhara Jamukula Katha.mp3.mp3,287,10
b64376c936098ee4a5fd9f02ef27a068,telugu,real,real,081_Sarangadhara Jamukula Katha.mp3.mp3,288,10
eb24186dbd90251ca98c99fb87f528b0,telugu,real,real,081_Sarangadhara Jamukula Katha.mp3.mp3,289,10
2c44129648c3a1f32dedba31f6f114ae,telugu,real,real,081_Sarangadhara Jamukula Katha.mp3.mp3,290,10
fa19729f9bb37463772da0a9078da0b4,telugu,real,real,081_Sarangadhara Jamukula Katha.mp3.mp3,291,10
801dc4e5bfdcfda57f1a73051bbd285e,telugu,real,real,081_Sarangadhara Jamukula Katha.mp3.mp3,292,10
6d990a441abb98723c50c6e2abe9bf7f,telugu,real,real,081_Sarangadhara Jamukula Katha.mp3.mp3,293,10
138bda192426a21abe9893520f62ee6e,telugu,real,real,081_Sarangadhara Jamukula Katha.mp3.mp3,294,10
75e389f3cb00997a97ab51cfd9e24efa,telugu,real,real,081_Sarangadhara Jamukula Katha.mp3.mp3,295,10
fa6d32ba59477d2276d261d2fc4b38b7,telugu,real,real,081_Sarangadhara Jamukula Katha.mp3.mp3,296,10
f2e39b23cafd4d0534c1e1cf3d9a58ee,telugu,real,real,081_Sarangadhara Jamukula Katha.mp3.mp3,297,10
fe2d6c7741dcb4c5f568ac5b2ae2982c,telugu,real,real,081_Sarangadhara Jamukula Katha.mp3.mp3,298,10
3fd29645af860d4cbf8eb891767068b3,telugu,real,real,081_Sarangadhara Jamukula Katha.mp3.mp3,299,10
8611409cec6516fd7dc73cff3616195a,telugu,real,real,081_Sarangadhara Jamukula Katha.mp3.mp3,300,10
5c2498cc36d23a3be4304945562810a3,telugu,real,real,081_Sarangadhara Jamukula Katha.mp3.mp3,301,10
6dd8e35584383053d4313c6fab55d91e,telugu,real,real,081_Sarangadhara Jamukula Katha.mp3.mp3,302,10
22ade8c3d1cff10caa50337e7be06a8c,telugu,real,real,081_Sarangadhara Jamukula Katha.mp3.mp3,303,10
ac026a83edd37bde0493f2e40a36234f,telugu,real,real,081_Sarangadhara Jamukula Katha.mp3.mp3,304,10
02c0bf4bb494112f13351fde100600ea,telugu,real,real,081_Sarangadhara Jamukula Katha.mp3.mp3,305,10
0e102212d1cb763375a01d39ec4a71ff,telugu,real,real,081_Sarangadhara Jamukula Katha.mp3.mp3,306,10
406ceb79295f6474311c5b689bdf0011,telugu,real,real,081_Sarangadhara Jamukula Katha.mp3.mp3,307,10
fe13fb057eb0d77ecbb4aff644d30a0d,telugu,real,real,081_Sarangadhara Jamukula Katha.mp3.mp3,308,10
2ad9ef49c77d6c021bf6cb9acee169ac,telugu,real,real,081_Sarangadhara Jamukula Katha.mp3.mp3,309,10
2f22edc5f41c95d9260e5f6a2baa2849,telugu,real,real,081_Sarangadhara Jamukula Katha.mp3.mp3,310,10
bb996b896b4b664f8a8a42e618b5ef65,telugu,real,real,081_Sarangadhara Jamukula Katha.mp3.mp3,311,10
f9188040c40b8ae4b3ae27114332bd5e,telugu,real,real,081_Sarangadhara Jamukula Katha.mp3.mp3,312,10
31414a3679e7b772df8b641c69568359,telugu,real,real,081_Sarangadhara Jamukula Katha.mp3.mp3,313,10
4c578ac3eade17435a44e82541156bfa,telugu,real,real,081_Sarangadhara Jamukula Katha.mp3.mp3,314,10
f2cc696fdac5ce52a2173e071f2b59e6,telugu,real,real,081_Sarangadhara Jamukula Katha.mp3.mp3,315,10
9ec93d34c45e30ec7760767161ede019,telugu,real,real,081_Sarangadhara Jamukula Katha.mp3.mp3,316,10
fe4497a5a71e41e83c24eb2d9529b17f,telugu,real,real,081_Sarangadhara Jamukula Katha.mp3.mp3,317,10
9b55a5827f4f38e5ba10c232dd93c993,telugu,real,real,081_Sarangadhara Jamukula Katha.mp3.mp3,318,10
d37a14398ec003d9b8528ba9b448531c,telugu,real,real,081_Sarangadhara Jamukula Katha.mp3.mp3,319,10
09607deeec1293eb91135df693e2dace,telugu,real,real,081_Sarangadhara Jamukula Katha.mp3.mp3,320,10
631a2d200a4d34fddefd2f7475771bc0,telugu,real,real,081_Sarangadhara Jamukula Katha.mp3.mp3,321,10
8325d3b44a914bb22f44a0f7f2c30077,telugu,real,real,081_Sarangadhara Jamukula Katha.mp3.mp3,322,10
a3461f51de7fd7f746702d14e9ead652,telugu,real,real,081_Sarangadhara Jamukula Katha.mp3.mp3,323,10
e02215411c882068321cb54139c1cd53,telugu,real,real,081_Sarangadhara Jamukula Katha.mp3.mp3,324,10
3ec0317e8c60dcc96aeceb053e76e7bc,telugu,real,real,081_Sarangadhara Jamukula Katha.mp3.mp3,325,10
0f438b772db52a5f610434b0e8cc6d31,telugu,real,real,081_Sarangadhara Jamukula Katha.mp3.mp3,326,10
db68a579c8b7a4921001c852ec259b27,telugu,real,real,081_Sarangadhara Jamukula Katha.mp3.mp3,327,10
3f13c4a30ecb0c30a8744f7689956ce5,telugu,real,real,081_Sarangadhara Jamukula Katha.mp3.mp3,328,10
4f8a1c0985d151ab82d5e593444d4c9f,telugu,real,real,081_Sarangadhara Jamukula Katha.mp3.mp3,329,10
6e03bef95943609e22d008a385806596,telugu,real,real,081_Sarangadhara Jamukula Katha.mp3.mp3,330,10
2241bc0770a82c145102c4f9bf8b6e3d,telugu,real,real,081_Sarangadhara Jamukula Katha.mp3.mp3,331,10
d1a73520af5f2f52663e6093037e378b,telugu,real,real,081_Sarangadhara Jamukula Katha.mp3.mp3,332,10
0f1bb06d640d2c847c3949bdf688d3db,telugu,real,real,081_Sarangadhara Jamukula Katha.mp3.mp3,333,10
97b1911ac04ee89f464ff4b645f7c751,telugu,real,real,081_Sarangadhara Jamukula Katha.mp3.mp3,334,10
e3919ecae874bd53e637c9d133a30cb7,telugu,real,real,081_Sarangadhara Jamukula Katha.mp3.mp3,335,10
4263dace92985f623e9ec0a150d148fa,telugu,real,real,081_Sarangadhara Jamukula Katha.mp3.mp3,336,10
c55701955cc969d251a9af442703a30b,telugu,real,real,081_Sarangadhara Jamukula Katha.mp3.mp3,337,10
15926a7c181cfd5b744bde49734b3af9,telugu,real,real,081_Sarangadhara Jamukula Katha.mp3.mp3,338,10
852d470241e86dbb7830f6d49dabb53c,telugu,real,real,081_Sarangadhara Jamukula Katha.mp3.mp3,339,10
05e433a9dc10ec8af589ec99db02749e,telugu,real,real,081_Sarangadhara Jamukula Katha.mp3.mp3,340,10
f818f869c25331cf9e04378155aba415,telugu,real,real,081_Sarangadhara Jamukula Katha.mp3.mp3,341,10
f17f928b79236fab6f506ed27ad7641d,telugu,real,real,081_Sarangadhara Jamukula Katha.mp3.mp3,342,10
9a93e4ad508bf9293489950377bd292f,telugu,real,real,081_Sarangadhara Jamukula Katha.mp3.mp3,343,10
cbc246f0c563a4a8bfb3ad94d017ddb9,telugu,real,real,081_Sarangadhara Jamukula Katha.mp3.mp3,344,10
856f9bd64ffb634ff251b79342c453c1,telugu,real,real,081_Sarangadhara Jamukula Katha.mp3.mp3,345,10
2aafdbdeab0410e83caeed9dc9478064,telugu,real,real,081_Sarangadhara Jamukula Katha.mp3.mp3,346,10
d58ddaa1467e7eae7b32b2be6814adc0,telugu,real,real,081_Sarangadhara Jamukula Katha.mp3.mp3,347,10
677240e411064f21f16114cacd3c5f9e,telugu,real,real,081_Sarangadhara Jamukula Katha.mp3.mp3,348,10
1239477b36f8752a09f5d03cb9c2cbed,telugu,real,real,081_Sarangadhara Jamukula Katha.mp3.mp3,349,10
b740a731120bce627240691b65795edf,telugu,real,real,081_Sarangadhara Jamukula Katha.mp3.mp3,350,10
682150faeefa6f84e5174f217660bc40,telugu,real,real,081_Sarangadhara Jamukula Katha.mp3.mp3,351,10
cf86ab47ea87de87d61195e9853b8f7e,telugu,real,real,081_Sarangadhara Jamukula Katha.mp3.mp3,352,10
66e5b3d2b5cae4b1e9e81f42cfaaaa69,telugu,real,real,081_Sarangadhara Jamukula Katha.mp3.mp3,353,10
aff7c6670787df16c7bd4ccb89babdb3,telugu,real,real,081_Sarangadhara Jamukula Katha.mp3.mp3,354,10
f1d60090a3e7eb0ffb6c6781b616b4eb,telugu,real,real,081_Sarangadhara Jamukula Katha.mp3.mp3,355,10
9340ec9c0fc5fd29b9f56a342fa3607d,telugu,real,real,081_Sarangadhara Jamukula Katha.mp3.mp3,356,10
79b0e17b1384fb72319fe572aef34562,telugu,real,real,081_Sarangadhara Jamukula Katha.mp3.mp3,357,10
534a5d69941e6dec92ffc376c8136b3f,telugu,real,real,081_Sarangadhara Jamukula Katha.mp3.mp3,358,10
0118db525916327c5cb30c926a4edf2e,telugu,real,real,081_Sarangadhara Jamukula Katha.mp3.mp3,359,10
35f42f97697ac7740cd41e86ee84c118,telugu,real,real,081_Sarangadhara Jamukula Katha.mp3.mp3,360,10
c27479bbf6627f61b6db2a4a87f8495d,telugu,real,real,081_Sarangadhara Jamukula Katha.mp3.mp3,361,10
0eea0eaf2036a5fc87ab45ebe8beefeb,telugu,real,real,081_Sarangadhara Jamukula Katha.mp3.mp3,362,10
3ad471886cb7923db71707e91c3612e1,telugu,real,real,081_Sarangadhara Jamukula Katha.mp3.mp3,363,10
08346acfaf245a18d4ca47cebfda7006,telugu,real,real,081_Sarangadhara Jamukula Katha.mp3.mp3,364,10
2dd8621099325d1db09336b6ad34aea7,telugu,real,real,081_Sarangadhara Jamukula Katha.mp3.mp3,365,10
7e154a7f263d6587b0138db615d395ba,telugu,real,real,081_Sarangadhara Jamukula Katha.mp3.mp3,366,10
40d5b6ee3714d88a5436c34335c2237b,telugu,real,real,081_Sarangadhara Jamukula Katha.mp3.mp3,367,10
9212324e6ddf0c419fd64394346a4581,telugu,real,real,081_Sarangadhara Jamukula Katha.mp3.mp3,368,10
a29acf04f5e13ffd0d41e1875aa73f14,telugu,real,real,081_Sarangadhara Jamukula Katha.mp3.mp3,369,10
2229f72c78e7abf1f62cb9e6c8447153,telugu,real,real,081_Sarangadhara Jamukula Katha.mp3.mp3,370,10
a48a49d3c60d5c7944aea8d99fb051cf,telugu,real,real,081_Sarangadhara Jamukula Katha.mp3.mp3,371,10
a4b6056e71f71c218c3276653a8e11b6,telugu,real,real,081_Sarangadhara Jamukula Katha.mp3.mp3,372,10
9e22f62ad2e2519e93e6f90de36ac48b,telugu,real,real,081_Sarangadhara Jamukula Katha.mp3.mp3,373,10
ab5e63fb63b23451bc3c826f6a78c2b8,telugu,real,real,081_Sarangadhara Jamukula Katha.mp3.mp3,374,10
717fcd24a5b930d8624d89a35cee7eae,telugu,real,real,081_Sarangadhara Jamukula Katha.mp3.mp3,375,10
25b313a35fe19b98383826a8c3b7da2e,telugu,real,real,081_Sarangadhara Jamukula Katha.mp3.mp3,376,10
34e76c736b77cc5bff21cd03166680c9,telugu,real,real,081_Sarangadhara Jamukula Katha.mp3.mp3,377,10
ddf376353232601ff02fccbb56565fba,telugu,real,real,081_Sarangadhara Jamukula Katha.mp3.mp3,378,10
3be1d85a4b087be6e8f1a1fa279619ad,telugu,real,real,081_Sarangadhara Jamukula Katha.mp3.mp3,379,10
848fb0776f69a2d4823fe866da73e459,telugu,real,real,081_Sarangadhara Jamukula Katha.mp3.mp3,380,10
45621048ad9a89e9aa1b41488996e925,telugu,real,real,081_Sarangadhara Jamukula Katha.mp3.mp3,381,10
74c47c6a167740fad1c995eea2c402c8,telugu,real,real,081_Sarangadhara Jamukula Katha.mp3.mp3,382,10
6dda66904d3c38b4130d53e4a2b4a645,telugu,real,real,081_Sarangadhara Jamukula Katha.mp3.mp3,383,10
621aef7881ba01e76b22dd2e22b783dc,telugu,real,real,081_Sarangadhara Jamukula Katha.mp3.mp3,384,10
6f98d64cc6becdd77d14774f253d7de0,telugu,real,real,081_Sarangadhara Jamukula Katha.mp3.mp3,385,10
fee8b21fcc2234ad654e76daeffc8db6,telugu,real,real,081_Sarangadhara Jamukula Katha.mp3.mp3,386,10
ce1edfe4202e08f91a4497df19cded11,telugu,real,real,081_Sarangadhara Jamukula Katha.mp3.mp3,387,10
528ddfc7bb5bfb775e5626551a4a36f0,telugu,real,real,081_Sarangadhara Jamukula Katha.mp3.mp3,388,10
e9ae88ce716a15b666c2e6160989a089,telugu,real,real,081_Sarangadhara Jamukula Katha.mp3.mp3,389,10
d5a6dfe8c2568cc9af25e675efb6392b,telugu,real,real,081_Sarangadhara Jamukula Katha.mp3.mp3,390,10
929f5fa818fe914b6e2aa0b909acb55a,telugu,real,real,081_Sarangadhara Jamukula Katha.mp3.mp3,391,10
cde3604e5255401ef9e67e169eb64789,telugu,real,real,081_Sarangadhara Jamukula Katha.mp3.mp3,392,10
79623ec2b77cc6e9a61096b5a850aff7,telugu,real,real,081_Sarangadhara Jamukula Katha.mp3.mp3,393,10
6aca90a54a4528bc5cf2bb05cc7fa5c2,telugu,real,real,081_Sarangadhara Jamukula Katha.mp3.mp3,394,10
f9a26f354d530d1b2a5472d6f00a5d83,telugu,real,real,081_Sarangadhara Jamukula Katha.mp3.mp3,395,10
8e47259569774c574359fb20e8078650,telugu,real,real,081_Sarangadhara Jamukula Katha.mp3.mp3,396,10
1482f22015b84fd6c46f73fa1b4c7646,telugu,real,real,081_Sarangadhara Jamukula Katha.mp3.mp3,397,10
db1bfca739d9d4cb096438326323d2e0,telugu,real,real,081_Sarangadhara Jamukula Katha.mp3.mp3,398,10
c375fe6504dc9a2c7b2835b59c22febf,telugu,real,real,081_Sarangadhara Jamukula Katha.mp3.mp3,399,10
34788e548e9554860a6cf731d17f384d,telugu,real,real,081_Sarangadhara Jamukula Katha.mp3.mp3,400,10
5296206ff0440a560ccabd4f8964978a,telugu,real,real,081_Sarangadhara Jamukula Katha.mp3.mp3,401,10
2b6cb114e7e40b6ee59fe83a2faff269,telugu,real,real,081_Sarangadhara Jamukula Katha.mp3.mp3,402,10
806f0e21b193fc393e13801301db715d,telugu,real,real,081_Sarangadhara Jamukula Katha.mp3.mp3,403,10
31619be86ce27f497d210c0d50906a9a,telugu,real,real,081_Sarangadhara Jamukula Katha.mp3.mp3,404,10
f1f9b401d0424104c8fccfb31fa21627,telugu,real,real,081_Sarangadhara Jamukula Katha.mp3.mp3,405,10
feccefd5044d8962e5389aae3cd439e7,telugu,real,real,081_Sarangadhara Jamukula Katha.mp3.mp3,406,10
6c59bae808f6ffae62733fd906eb83dc,telugu,real,real,081_Sarangadhara Jamukula Katha.mp3.mp3,407,10
b81b325b3ea49295acd42225f67ad9da,telugu,real,real,081_Sarangadhara Jamukula Katha.mp3.mp3,408,10
fca4c68aacf6e27837db25faf300012f,telugu,real,real,081_Sarangadhara Jamukula Katha.mp3.mp3,409,10
71759bf5ca9294c84583111bd51252d4,telugu,real,real,082_Jamukula Buduku Music.mp3.mp3,0,10
e39d53582836a8140af82a561d616c1b,telugu,real,real,082_Jamukula Buduku Music.mp3.mp3,1,10
576a99f827bc55e0d0d53f7a8c3fd99e,telugu,real,real,082_Jamukula Buduku Music.mp3.mp3,2,10
c22e2142f16cd3b1dcb2d41233094ad2,telugu,real,real,082_Jamukula Buduku Music.mp3.mp3,3,10
4a304264eb711464f555e376b44a7937,telugu,real,real,082_Jamukula Buduku Music.mp3.mp3,4,10
3985910d14b9ae23bd0ee901599951d2,telugu,real,real,084_Bobbiliyuddam Burrakatha.mp3.mp3,0,10
255802b820c4750ade7a61abfa693044,telugu,real,real,084_Bobbiliyuddam Burrakatha.mp3.mp3,1,10
83472970040603ac4dfb74a5de4f177c,telugu,real,real,084_Bobbiliyuddam Burrakatha.mp3.mp3,2,10
4d49c9153ef5c792b3e5e36d4124c8bf,telugu,real,real,084_Bobbiliyuddam Burrakatha.mp3.mp3,3,10
7d81c1aff5f84707b965bedc30c6842d,telugu,real,real,084_Bobbiliyuddam Burrakatha.mp3.mp3,4,10
ced7d83bc4a541e710a80d0ddc5998eb,telugu,real,real,084_Bobbiliyuddam Burrakatha.mp3.mp3,5,10
f2087e5fc136eaf0a3c0f3de0c898ef7,telugu,real,real,084_Bobbiliyuddam Burrakatha.mp3.mp3,6,10
637bf2d8365fc2f252dddcd8f37021d4,telugu,real,real,084_Bobbiliyuddam Burrakatha.mp3.mp3,7,10
4687c24a5a6bb30feb1b1c53e0c83a99,telugu,real,real,084_Bobbiliyuddam Burrakatha.mp3.mp3,8,10
3f7431b4bb7b2e5f6dad231d871c3d85,telugu,real,real,084_Bobbiliyuddam Burrakatha.mp3.mp3,9,10
a51240ca83465ddcea30a2c98f45f9fd,telugu,real,real,084_Bobbiliyuddam Burrakatha.mp3.mp3,10,10
9f21781041961ac20714d65b7cfe0748,telugu,real,real,084_Bobbiliyuddam Burrakatha.mp3.mp3,11,10
80580c335c4b0836bf2396caacab9fcb,telugu,real,real,084_Bobbiliyuddam Burrakatha.mp3.mp3,12,10
d8df92c328ced580f477bffcd4e9e699,telugu,real,real,084_Bobbiliyuddam Burrakatha.mp3.mp3,13,10
cbd783e4137feba513fd172349b4b247,telugu,real,real,084_Bobbiliyuddam Burrakatha.mp3.mp3,14,10
f45f8acbef3ecccdf213e7704dcd5014,telugu,real,real,084_Bobbiliyuddam Burrakatha.mp3.mp3,15,10
0ab8b322cf7d4f620508705a5b6b195a,telugu,real,real,084_Bobbiliyuddam Burrakatha.mp3.mp3,16,10
93d0cf532a9d967d2143231bf7083fdc,telugu,real,real,084_Bobbiliyuddam Burrakatha.mp3.mp3,17,10
65a203a09f4f9425e5f2aa632506342c,telugu,real,real,084_Bobbiliyuddam Burrakatha.mp3.mp3,18,10
814984313a39d53a13618e7e5c422092,telugu,real,real,084_Bobbiliyuddam Burrakatha.mp3.mp3,19,10
77a995bfb15aec168269e4a002c93cdf,telugu,real,real,084_Bobbiliyuddam Burrakatha.mp3.mp3,20,10
b8829b89f135c5cb395a6c0929615cbc,telugu,real,real,084_Bobbiliyuddam Burrakatha.mp3.mp3,21,10
8e87d31d1576443d73241c04d261a389,telugu,real,real,084_Bobbiliyuddam Burrakatha.mp3.mp3,22,10
cfc99eb2376f90077f4e359cd4e07315,telugu,real,real,084_Bobbiliyuddam Burrakatha.mp3.mp3,23,10
1d40da9b9870c92b784b82c97321aecc,telugu,real,real,084_Bobbiliyuddam Burrakatha.mp3.mp3,24,10
b1d1b0bde253249b929e0c5ec93848e6,telugu,real,real,084_Bobbiliyuddam Burrakatha.mp3.mp3,25,10
10668ea2d80675a921638807cbf1e15c,telugu,real,real,084_Bobbiliyuddam Burrakatha.mp3.mp3,26,10
fce2ad46abce8514ec7def4380e88358,telugu,real,real,084_Bobbiliyuddam Burrakatha.mp3.mp3,27,10
5da4386b75e07434f1da54f4b86014ea,telugu,real,real,084_Bobbiliyuddam Burrakatha.mp3.mp3,28,10
884562834353cfe144402c9e71b80a42,telugu,real,real,084_Bobbiliyuddam Burrakatha.mp3.mp3,29,10
6a7e57ec689981e6d776e7a26e347443,telugu,real,real,084_Bobbiliyuddam Burrakatha.mp3.mp3,30,10
47a3bd6c3163d9e1760aedf6cddea1c0,telugu,real,real,084_Bobbiliyuddam Burrakatha.mp3.mp3,31,10
8b8fe380bcb8cdc3daf7aa897f86eb78,telugu,real,real,084_Bobbiliyuddam Burrakatha.mp3.mp3,32,10
99c9e9402c6172325ea8b17f94d8f02e,telugu,real,real,084_Bobbiliyuddam Burrakatha.mp3.mp3,33,10
e9077be522d99a1c0d37f60122076558,telugu,real,real,084_Bobbiliyuddam Burrakatha.mp3.mp3,34,10
e81d809f9922e535da29e60565682031,telugu,real,real,084_Bobbiliyuddam Burrakatha.mp3.mp3,35,10
7707bf14e71dcdb4f9c7f250dc21e43a,telugu,real,real,084_Bobbiliyuddam Burrakatha.mp3.mp3,36,10
4982727a23df83de7862516ec53d38d9,telugu,real,real,084_Bobbiliyuddam Burrakatha.mp3.mp3,37,10
d21dc7a8b11f17f4c582506951970623,telugu,real,real,084_Bobbiliyuddam Burrakatha.mp3.mp3,38,10
db3ad93c0804a33c364475b11185d761,telugu,real,real,084_Bobbiliyuddam Burrakatha.mp3.mp3,39,10
6f50cc2a09d4e019644333a28c97d74e,telugu,real,real,084_Bobbiliyuddam Burrakatha.mp3.mp3,40,10
87157f45c6d2b5795e3508a7637d994a,telugu,real,real,084_Bobbiliyuddam Burrakatha.mp3.mp3,41,10
27fb26a5d048856d397c1362171cd8ca,telugu,real,real,084_Bobbiliyuddam Burrakatha.mp3.mp3,42,10
4f81a49f83887d79ee8d2bef47a31fce,telugu,real,real,084_Bobbiliyuddam Burrakatha.mp3.mp3,43,10
b16aaceedba54391193edd1d9410cce8,telugu,real,real,084_Bobbiliyuddam Burrakatha.mp3.mp3,44,10
a2871a7b3d31632f2208014dd99b2b41,telugu,real,real,084_Bobbiliyuddam Burrakatha.mp3.mp3,45,10
c23a5a7f6f4eb5645fcf2a6a1adda30d,telugu,real,real,084_Bobbiliyuddam Burrakatha.mp3.mp3,46,10
1afeff9ce82e09d8bc44aefa2276e73c,telugu,real,real,084_Bobbiliyuddam Burrakatha.mp3.mp3,47,10
866ce49e2c797849e9d661aa18591167,telugu,real,real,084_Bobbiliyuddam Burrakatha.mp3.mp3,48,10
67094de6f7e6357fbb5b5f80cda8e89b,telugu,real,real,084_Bobbiliyuddam Burrakatha.mp3.mp3,49,10
8d61fcedaffcf60df7731e0fc106621c,telugu,real,real,084_Bobbiliyuddam Burrakatha.mp3.mp3,50,10
bbf20f265b6dabf446a22b96096cbd56,telugu,real,real,084_Bobbiliyuddam Burrakatha.mp3.mp3,51,10
74fe7eaae33b9010343d23492e0607c1,telugu,real,real,084_Bobbiliyuddam Burrakatha.mp3.mp3,52,10
7d78bcb2e018ffdc4b37c31ca6d8a94e,telugu,real,real,084_Bobbiliyuddam Burrakatha.mp3.mp3,53,10
54d79fb25b47a0f07ff9b1a83d3dedba,telugu,real,real,084_Bobbiliyuddam Burrakatha.mp3.mp3,54,10
f7a98a25df0275d401eef069f48b9d98,telugu,real,real,084_Bobbiliyuddam Burrakatha.mp3.mp3,55,10
0daf0590ac5ef5b7a1688c46298154a3,telugu,real,real,084_Bobbiliyuddam Burrakatha.mp3.mp3,56,10
62042bcab376a6730fc2ca3cfc9a1be1,telugu,real,real,084_Bobbiliyuddam Burrakatha.mp3.mp3,57,10
01f862d3808ae939af70c8e84f614a3f,telugu,real,real,084_Bobbiliyuddam Burrakatha.mp3.mp3,58,10
0a21a04450d589f174815f4eddc5c287,telugu,real,real,084_Bobbiliyuddam Burrakatha.mp3.mp3,59,10
cb2c925a2b5a21036058d50f51f8a6a3,telugu,real,real,084_Bobbiliyuddam Burrakatha.mp3.mp3,60,10
4a5ff5fb94d417c81fe51c06d413154b,telugu,real,real,084_Bobbiliyuddam Burrakatha.mp3.mp3,61,10
8dfb9b6c4759d22940f061c367395d38,telugu,real,real,084_Bobbiliyuddam Burrakatha.mp3.mp3,62,10
2b1ddf38d683ef789295af691385692e,telugu,real,real,084_Bobbiliyuddam Burrakatha.mp3.mp3,63,10
98fcee7180b712a0bfa94391f5f85ccc,telugu,real,real,084_Bobbiliyuddam Burrakatha.mp3.mp3,64,10
90297fbeeb616b9e0a26c36706445463,telugu,real,real,084_Bobbiliyuddam Burrakatha.mp3.mp3,65,10
fa51f1782f79813aebe39f01d60e8548,telugu,real,real,084_Bobbiliyuddam Burrakatha.mp3.mp3,66,10
9744dad8892bba3be1238332341e983c,telugu,real,real,084_Bobbiliyuddam Burrakatha.mp3.mp3,67,10
531d0df382ccc90b71f1057a20eda0a2,telugu,real,real,084_Bobbiliyuddam Burrakatha.mp3.mp3,68,10
0bf93a8040e43712d602a854e1cb50a6,telugu,real,real,084_Bobbiliyuddam Burrakatha.mp3.mp3,69,10
ed56e8b84024a35877862e060171291a,telugu,real,real,084_Bobbiliyuddam Burrakatha.mp3.mp3,70,10
102672d996ad588773074d6281208825,telugu,real,real,084_Bobbiliyuddam Burrakatha.mp3.mp3,71,10
1de509a6c40067264f3fe969e4605a08,telugu,real,real,084_Bobbiliyuddam Burrakatha.mp3.mp3,72,10
4f3cfe94ebac64de470ff2eb12e3f0e8,telugu,real,real,084_Bobbiliyuddam Burrakatha.mp3.mp3,73,10
099edf7bf9d508d99e5cff1c890e1191,telugu,real,real,084_Bobbiliyuddam Burrakatha.mp3.mp3,74,10
c5a2a8b1ec70aa63e1c54bb6d2324652,telugu,real,real,084_Bobbiliyuddam Burrakatha.mp3.mp3,75,10
07db72b9eeb74770f3042368fb58db14,telugu,real,real,084_Bobbiliyuddam Burrakatha.mp3.mp3,76,10
2858366833fbb83e3d40cad5bf00a45b,telugu,real,real,084_Bobbiliyuddam Burrakatha.mp3.mp3,77,10
d20a6f4ebc835ea6860987431ae5aca7,telugu,real,real,084_Bobbiliyuddam Burrakatha.mp3.mp3,78,10
009f335ef48b7de996bb272b20c17d9e,telugu,real,real,084_Bobbiliyuddam Burrakatha.mp3.mp3,79,10
6881067dcb695398daa08af9f0b2dcae,telugu,real,real,084_Bobbiliyuddam Burrakatha.mp3.mp3,80,10
d749e5571b9d29b3e19a4a153a984e00,telugu,real,real,084_Bobbiliyuddam Burrakatha.mp3.mp3,81,10
5712aa4ac0053d612640f498e2209aa3,telugu,real,real,084_Bobbiliyuddam Burrakatha.mp3.mp3,82,10
3d854e6267b6a4bf2c0c4f287a618562,telugu,real,real,084_Bobbiliyuddam Burrakatha.mp3.mp3,83,10
09bb557b13be97ffab61c107a5e53c7c,telugu,real,real,084_Bobbiliyuddam Burrakatha.mp3.mp3,84,10
ac5bdd24a26ea4df4c8c4eadaac1c285,telugu,real,real,084_Bobbiliyuddam Burrakatha.mp3.mp3,85,10
dd6b7bb12eda63c2a8705bd2c1dc73dd,telugu,real,real,084_Bobbiliyuddam Burrakatha.mp3.mp3,86,10
b6dee742ac660563bf9cb2daab39f4da,telugu,real,real,084_Bobbiliyuddam Burrakatha.mp3.mp3,87,10
a054e17f2b28103b8a37d70c288b2f64,telugu,real,real,084_Bobbiliyuddam Burrakatha.mp3.mp3,88,10
02b1660f4afa695d993ef7d94d63e814,telugu,real,real,084_Bobbiliyuddam Burrakatha.mp3.mp3,89,10
dcfd37176251344c53457a974b241520,telugu,real,real,084_Bobbiliyuddam Burrakatha.mp3.mp3,90,10
20cdf31f5dbfb1733c9ed24a67b5ecf4,telugu,real,real,084_Bobbiliyuddam Burrakatha.mp3.mp3,91,10
357df09e4142e68e5edc2fee134c73f3,telugu,real,real,084_Bobbiliyuddam Burrakatha.mp3.mp3,92,10
ac58e781f677609f27bc39391f0910ee,telugu,real,real,084_Bobbiliyuddam Burrakatha.mp3.mp3,93,10
101d3cf670bbe0e7c3786e7cae82e67c,telugu,real,real,084_Bobbiliyuddam Burrakatha.mp3.mp3,94,10
9760b532149f73f3ae7511cba2381a32,telugu,real,real,084_Bobbiliyuddam Burrakatha.mp3.mp3,95,10
2c204384812bc319c22008b46c50dc7a,telugu,real,real,084_Bobbiliyuddam Burrakatha.mp3.mp3,96,10
64155350d41b95555001ce96e748ff72,telugu,real,real,084_Bobbiliyuddam Burrakatha.mp3.mp3,97,10
3ffc049f2a6e441a4f3e841a92cc170c,telugu,real,real,084_Bobbiliyuddam Burrakatha.mp3.mp3,98,10
a418b57e019180d02f4f97b5669d69d5,telugu,real,real,084_Bobbiliyuddam Burrakatha.mp3.mp3,99,10
585079840713eb23cce41edd762bb2be,telugu,real,real,084_Bobbiliyuddam Burrakatha.mp3.mp3,100,10
185443165cb2fcef5b4cfbf4aa7ad235,telugu,real,real,084_Bobbiliyuddam Burrakatha.mp3.mp3,101,10
fbdb0b51bdbd6616a62bd8a9225553a0,telugu,real,real,084_Bobbiliyuddam Burrakatha.mp3.mp3,102,10
3d601afd39a396ca35ed17d18ee12661,telugu,real,real,084_Bobbiliyuddam Burrakatha.mp3.mp3,103,10
c028e696a8caa10242072a92ec2a2854,telugu,real,real,084_Bobbiliyuddam Burrakatha.mp3.mp3,104,10
94b77d8e915048513a939111e8fd4f90,telugu,real,real,084_Bobbiliyuddam Burrakatha.mp3.mp3,105,10
d64a08664bb23a4c328644db984ce60f,telugu,real,real,084_Bobbiliyuddam Burrakatha.mp3.mp3,106,10
3aa598049384e9eebdb346d9857da1e8,telugu,real,real,084_Bobbiliyuddam Burrakatha.mp3.mp3,107,10
1f03f91b0ada0d80f70f941f50f8ac78,telugu,real,real,084_Bobbiliyuddam Burrakatha.mp3.mp3,108,10
c64541f7b63d9135bda87621903e33f7,telugu,real,real,084_Bobbiliyuddam Burrakatha.mp3.mp3,109,10
03f4b16b76a39f5715b658d4659ebfc9,telugu,real,real,084_Bobbiliyuddam Burrakatha.mp3.mp3,110,10
b45053346bcf968643c4c3ab06f53281,telugu,real,real,084_Bobbiliyuddam Burrakatha.mp3.mp3,111,10
e76618f6eccfcf8d9b9dab45d3ca7f2e,telugu,real,real,084_Bobbiliyuddam Burrakatha.mp3.mp3,112,10
c8655330d219bfa090d0360569c6f20d,telugu,real,real,084_Bobbiliyuddam Burrakatha.mp3.mp3,113,10
1942509d560439b23410aa4b1679e3fa,telugu,real,real,084_Bobbiliyuddam Burrakatha.mp3.mp3,114,10
ec59b8b2825ff26718514d848b65923f,telugu,real,real,084_Bobbiliyuddam Burrakatha.mp3.mp3,115,10
c2563092f35cbf12953644f8e0bf80f9,telugu,real,real,084_Bobbiliyuddam Burrakatha.mp3.mp3,116,10
c94aba580d32a0332854d334624774f0,telugu,real,real,084_Bobbiliyuddam Burrakatha.mp3.mp3,117,10
ee96d8961450e7c63ff0696375167a55,telugu,real,real,084_Bobbiliyuddam Burrakatha.mp3.mp3,118,10
d7f872b83ca9222e861f993ae26b8fa1,telugu,real,real,084_Bobbiliyuddam Burrakatha.mp3.mp3,119,10
e060d27310d64d20aee3e6e2c5318b57,telugu,real,real,084_Bobbiliyuddam Burrakatha.mp3.mp3,120,10
7c331433a1e7ff47784819fc0946ff11,telugu,real,real,084_Bobbiliyuddam Burrakatha.mp3.mp3,121,10
962924d9aa41eb8b64a89a50029fc5e7,telugu,real,real,084_Bobbiliyuddam Burrakatha.mp3.mp3,122,10
28dfdfbbdae73c3b6a9b347a2ad80a8e,telugu,real,real,084_Bobbiliyuddam Burrakatha.mp3.mp3,123,10
b50da960c2937933869f50a48b0a2bb0,telugu,real,real,084_Bobbiliyuddam Burrakatha.mp3.mp3,124,10
6fa99abe26f51cfdae5846667313d365,telugu,real,real,084_Bobbiliyuddam Burrakatha.mp3.mp3,125,10
4e56a970065fee10f3c9806eef76b349,telugu,real,real,084_Bobbiliyuddam Burrakatha.mp3.mp3,126,10
a97009784e21a3540a34e5d7d2a56548,telugu,real,real,084_Bobbiliyuddam Burrakatha.mp3.mp3,127,10
f20c6b24b51330482f41b2084bb3e0da,telugu,real,real,084_Bobbiliyuddam Burrakatha.mp3.mp3,128,10
0f44ef8d6f7647642a4a32fe9f2569b4,telugu,real,real,084_Bobbiliyuddam Burrakatha.mp3.mp3,129,10
f836d811ca321643dfba16de2f44a09d,telugu,real,real,084_Bobbiliyuddam Burrakatha.mp3.mp3,130,10
96ebfee588c5f07e543d649c7343b68b,telugu,real,real,084_Bobbiliyuddam Burrakatha.mp3.mp3,131,10
ea967d160de1caef2c82f1c96261acc3,telugu,real,real,084_Bobbiliyuddam Burrakatha.mp3.mp3,132,10
0a68b478d9471619a6641dd594f5d50c,telugu,real,real,084_Bobbiliyuddam Burrakatha.mp3.mp3,133,10
aab296a307e7fe8bb8cd727dc5b43679,telugu,real,real,084_Bobbiliyuddam Burrakatha.mp3.mp3,134,10
2115ca1960113841178aa053e432c824,telugu,real,real,084_Bobbiliyuddam Burrakatha.mp3.mp3,135,10
f6673f31a62a788d6a69165ad1213c68,telugu,real,real,084_Bobbiliyuddam Burrakatha.mp3.mp3,136,10
08117f03e70a0e735dd7b3144b3b9d62,telugu,real,real,084_Bobbiliyuddam Burrakatha.mp3.mp3,137,10
060d5207d8e215ede76efec72d37a7fa,telugu,real,real,084_Bobbiliyuddam Burrakatha.mp3.mp3,138,10
0915a0ec805838e3a6b5175ecea852eb,telugu,real,real,084_Bobbiliyuddam Burrakatha.mp3.mp3,139,10
9d9f5e366cfa52740b6cf1cb1e55c4a6,telugu,real,real,084_Bobbiliyuddam Burrakatha.mp3.mp3,140,10
bc8a954b8db75e22a4bf2d324056e8ba,telugu,real,real,084_Bobbiliyuddam Burrakatha.mp3.mp3,141,10
c547ffa621e5d0b8492c8d8e813a6537,telugu,real,real,084_Bobbiliyuddam Burrakatha.mp3.mp3,142,10
6ba8a40c9b647f1eb0fef4658c187338,telugu,real,real,084_Bobbiliyuddam Burrakatha.mp3.mp3,143,10
210f089609c1dfb9e24b4cc09b804274,telugu,real,real,084_Bobbiliyuddam Burrakatha.mp3.mp3,144,10
8b6a17c2ead6225c0ab400bb719cc2c6,telugu,real,real,084_Bobbiliyuddam Burrakatha.mp3.mp3,145,10
a54d8d45cfad8d0e3f2a452cc90e2d6a,telugu,real,real,084_Bobbiliyuddam Burrakatha.mp3.mp3,146,10
63e4d6ac7199d4cf6654bb6eac250fd2,telugu,real,real,084_Bobbiliyuddam Burrakatha.mp3.mp3,147,10
d7a49a452c8320cc0df54ce0dc825ad8,telugu,real,real,084_Bobbiliyuddam Burrakatha.mp3.mp3,148,10
79c5c03d5d5c6e92e8516a97d1dbf6a8,telugu,real,real,084_Bobbiliyuddam Burrakatha.mp3.mp3,149,10
81d45e9c727e728cf9f12d61d8530850,telugu,real,real,084_Bobbiliyuddam Burrakatha.mp3.mp3,150,10
48f3c6e0b7d805b09a1c80ee01f38663,telugu,real,real,084_Bobbiliyuddam Burrakatha.mp3.mp3,151,10
8fad6613c5a9f2f232dedc3cb59b77c4,telugu,real,real,084_Bobbiliyuddam Burrakatha.mp3.mp3,152,10
1a114d7e78aad6db9bdbf35ee407316d,telugu,real,real,084_Bobbiliyuddam Burrakatha.mp3.mp3,153,10
bdaebc55cbb4356ea0b86227e6e81779,telugu,real,real,084_Bobbiliyuddam Burrakatha.mp3.mp3,154,10
e3d5f2fb627633555b1e05a9bf33c94d,telugu,real,real,084_Bobbiliyuddam Burrakatha.mp3.mp3,155,10
565d5f615d5fa5b722c8e02bbfcb8c27,telugu,real,real,084_Bobbiliyuddam Burrakatha.mp3.mp3,156,10
9dc7dec3696e7aaa0b1a21eb711364d0,telugu,real,real,084_Bobbiliyuddam Burrakatha.mp3.mp3,157,10
9df8a5134c405744864a55bc6d18f8ee,telugu,real,real,084_Bobbiliyuddam Burrakatha.mp3.mp3,158,10
73c6ec83d9e0d070a1f38e3c5e9cb3b1,telugu,real,real,084_Bobbiliyuddam Burrakatha.mp3.mp3,159,10
859f5b0ba41e0410192ca37521845893,telugu,real,real,084_Bobbiliyuddam Burrakatha.mp3.mp3,160,10
523b6c3a559ffdc210c1006d56851e0a,telugu,real,real,084_Bobbiliyuddam Burrakatha.mp3.mp3,161,10
1711e844fce6c73e94ad32072ade6b72,telugu,real,real,084_Bobbiliyuddam Burrakatha.mp3.mp3,162,10
a708e5a6ae52ebdf93bbfe9027fc1578,telugu,real,real,084_Bobbiliyuddam Burrakatha.mp3.mp3,163,10
9fb493be331df2a03a153803fd4e7187,telugu,real,real,084_Bobbiliyuddam Burrakatha.mp3.mp3,164,10
e03fdea490a8999a23e90ae849feb85f,telugu,real,real,084_Bobbiliyuddam Burrakatha.mp3.mp3,165,10
d30136db1404c78ceb35be414be0271c,telugu,real,real,084_Bobbiliyuddam Burrakatha.mp3.mp3,166,10
96187b1de0fa9ca6beeddd692b957afe,telugu,real,real,084_Bobbiliyuddam Burrakatha.mp3.mp3,167,10
15f52b682a3126edeefb4837db883503,telugu,real,real,084_Bobbiliyuddam Burrakatha.mp3.mp3,168,10
63144769531b20a0a96fa16beca140a4,telugu,real,real,084_Bobbiliyuddam Burrakatha.mp3.mp3,169,10
ba59177cfaaf6f0f47e678ff13ff019e,telugu,real,real,084_Bobbiliyuddam Burrakatha.mp3.mp3,170,10
c59b4c30dcb21b730c7ce2efc373e210,telugu,real,real,084_Bobbiliyuddam Burrakatha.mp3.mp3,171,10
273651f95dfb5015e9e3ca4a67a54f01,telugu,real,real,084_Bobbiliyuddam Burrakatha.mp3.mp3,172,10
065eee0a26e2ff2ca07fc3b30b1715a3,telugu,real,real,084_Bobbiliyuddam Burrakatha.mp3.mp3,173,10
e78861460508ef79141a4a1d84c938ed,telugu,real,real,084_Bobbiliyuddam Burrakatha.mp3.mp3,174,10
5227719c083dcbf5502a1de6c7b061b4,telugu,real,real,084_Bobbiliyuddam Burrakatha.mp3.mp3,175,10
caf07994c3d7504f2a89995e4bf0a0b3,telugu,real,real,084_Bobbiliyuddam Burrakatha.mp3.mp3,176,10
d8313761ec9630897ca428a8980d0648,telugu,real,real,084_Bobbiliyuddam Burrakatha.mp3.mp3,177,10
057e82f9abce3f5d694478bb4df47e27,telugu,real,real,084_Bobbiliyuddam Burrakatha.mp3.mp3,178,10
9e40f7b50f5382ce9bb5a62bcabab0ad,telugu,real,real,084_Bobbiliyuddam Burrakatha.mp3.mp3,179,10
c34484aaf17c4845690275b6f62c2cce,telugu,real,real,084_Bobbiliyuddam Burrakatha.mp3.mp3,180,10
566c9157fa1a96bdf20a0494c6388c39,telugu,real,real,084_Bobbiliyuddam Burrakatha.mp3.mp3,181,10
1b2295c59953d42013b02845e356b92f,telugu,real,real,084_Bobbiliyuddam Burrakatha.mp3.mp3,182,10
d85329206947031ba4da06ea2853adcb,telugu,real,real,084_Bobbiliyuddam Burrakatha.mp3.mp3,183,10
97b191f9b95ff80231145621aa6b13f1,telugu,real,real,084_Bobbiliyuddam Burrakatha.mp3.mp3,184,10
ec02f3be34fd2db98e7658937615f42a,telugu,real,real,084_Bobbiliyuddam Burrakatha.mp3.mp3,185,10
7c3c3dd7b79625fb39fbdbed7f08aa57,telugu,real,real,084_Bobbiliyuddam Burrakatha.mp3.mp3,186,10
612e9cc9f3a821720db828b2f27e255c,telugu,real,real,084_Bobbiliyuddam Burrakatha.mp3.mp3,187,10
9aee18bebdb0252a36fe1a3c3fdcd888,telugu,real,real,084_Bobbiliyuddam Burrakatha.mp3.mp3,188,10
1f20d91c6b3973b8be28f1a6acfa6305,telugu,real,real,084_Bobbiliyuddam Burrakatha.mp3.mp3,189,10
7372a74178310044a8342ad54b87ecf4,telugu,real,real,084_Bobbiliyuddam Burrakatha.mp3.mp3,190,10
39cf9c059d9d2571379518efcdbfc7d5,telugu,real,real,084_Bobbiliyuddam Burrakatha.mp3.mp3,191,10
e8aca6964a602a705c186dbffd97edda,telugu,real,real,084_Bobbiliyuddam Burrakatha.mp3.mp3,192,10
e162c5ceb74b74368c3058d054541e75,telugu,real,real,084_Bobbiliyuddam Burrakatha.mp3.mp3,193,10
c597605ea33a45e8e3af34d264cb7ca6,telugu,real,real,084_Bobbiliyuddam Burrakatha.mp3.mp3,194,10
dba0fdc3fffd01b13e2d5a9bda76d0a8,telugu,real,real,084_Bobbiliyuddam Burrakatha.mp3.mp3,195,10
c159e1761043486467512ad6a68b8028,telugu,real,real,084_Bobbiliyuddam Burrakatha.mp3.mp3,196,10
2e22f8c5386c08fa9e2711f615113c9e,telugu,real,real,084_Bobbiliyuddam Burrakatha.mp3.mp3,197,10
f27209a0807c69b0150833bc26488d7f,telugu,real,real,084_Bobbiliyuddam Burrakatha.mp3.mp3,198,10
cb3700fd9c686582b4aeeb1268248013,telugu,real,real,084_Bobbiliyuddam Burrakatha.mp3.mp3,199,10
ad4265031bb789fe7a18c593ccab87c4,telugu,real,real,084_Bobbiliyuddam Burrakatha.mp3.mp3,200,10
341bad60f074ef54687440e10d341709,telugu,real,real,084_Bobbiliyuddam Burrakatha.mp3.mp3,201,10
42c32addca1380a0dc80225f7ac46646,telugu,real,real,084_Bobbiliyuddam Burrakatha.mp3.mp3,202,10
d9a3e7cc6f1533bb348e0eea6a7bd0d4,telugu,real,real,084_Bobbiliyuddam Burrakatha.mp3.mp3,203,10
67ccbf583b53b91ecb2f09ed8f822892,telugu,real,real,084_Bobbiliyuddam Burrakatha.mp3.mp3,204,10
12dadd0e0be0b29c00ff0390105e9cf9,telugu,real,real,084_Bobbiliyuddam Burrakatha.mp3.mp3,205,10
b386080dea34b47cb042be86d7e4bfd2,telugu,real,real,084_Bobbiliyuddam Burrakatha.mp3.mp3,206,10
04d29a376478065ab13d00914cec7166,telugu,real,real,084_Bobbiliyuddam Burrakatha.mp3.mp3,207,10
84c89fdf56ab7c868e045e88aa55f682,telugu,real,real,084_Bobbiliyuddam Burrakatha.mp3.mp3,208,10
56e982a20f85be30874e6ebac7b1c44f,telugu,real,real,084_Bobbiliyuddam Burrakatha.mp3.mp3,209,10
817435a19341b5e9898445455f367dae,telugu,real,real,084_Bobbiliyuddam Burrakatha.mp3.mp3,210,10
f12e6f38761bf49f37c26e30b6a5e5ca,telugu,real,real,084_Bobbiliyuddam Burrakatha.mp3.mp3,211,10
5cefa365c5d7e232094362df84aed222,telugu,real,real,084_Bobbiliyuddam Burrakatha.mp3.mp3,212,10
8e5b02191e4a14c2d85dbf1266a74fb2,telugu,real,real,084_Bobbiliyuddam Burrakatha.mp3.mp3,213,10
0a11068b77762318c18df0dcae32b64a,telugu,real,real,084_Bobbiliyuddam Burrakatha.mp3.mp3,214,10
2a1ddb378ee816a60fd088c3036bc195,telugu,real,real,084_Bobbiliyuddam Burrakatha.mp3.mp3,215,10
40c6144f189bbc5e86c453803ff7c643,telugu,real,real,084_Bobbiliyuddam Burrakatha.mp3.mp3,216,10
d37a73f9c5d8b9951a45837ef57d2430,telugu,real,real,084_Bobbiliyuddam Burrakatha.mp3.mp3,217,10
92548da721b532dfa54d1bc96eb2d21b,telugu,real,real,084_Bobbiliyuddam Burrakatha.mp3.mp3,218,10
15fc3abe191f6da7c65f4e8c8b33ef81,telugu,real,real,084_Bobbiliyuddam Burrakatha.mp3.mp3,219,10
bd813e0feb49eb778d2e7224f2eeab54,telugu,real,real,084_Bobbiliyuddam Burrakatha.mp3.mp3,220,10
2f571ef513add7cd146389fcf8f7bd9c,telugu,real,real,084_Bobbiliyuddam Burrakatha.mp3.mp3,221,10
24777da6c37adab5fbef79918fedf265,telugu,real,real,084_Bobbiliyuddam Burrakatha.mp3.mp3,222,10
58c94fc43c2deecc3d847c7e75d8cd6c,telugu,real,real,084_Bobbiliyuddam Burrakatha.mp3.mp3,223,10
eb9c97b95f6bbd5b4005f356b6a59e4f,telugu,real,real,084_Bobbiliyuddam Burrakatha.mp3.mp3,224,10
905b5b610559c4ea50ea1e6cea439c60,telugu,real,real,084_Bobbiliyuddam Burrakatha.mp3.mp3,225,10
8b507bed4c710fb2ce26ba276f300e99,telugu,real,real,084_Bobbiliyuddam Burrakatha.mp3.mp3,226,10
b38b8e05270cad60779c06640e85cb45,telugu,real,real,084_Bobbiliyuddam Burrakatha.mp3.mp3,227,10
5e7942621a5155facf1915ad70a341f0,telugu,real,real,084_Bobbiliyuddam Burrakatha.mp3.mp3,228,10
c1668ab0b572c7c040ff8d4aa73e899f,telugu,real,real,084_Bobbiliyuddam Burrakatha.mp3.mp3,229,10
2ad36017471acda53009e4a85b2044a0,telugu,real,real,084_Bobbiliyuddam Burrakatha.mp3.mp3,230,10
6fa7c28330ca7fdcf768ec9e99084bb6,telugu,real,real,084_Bobbiliyuddam Burrakatha.mp3.mp3,231,10
355ecd51f52c5951117b320770526ed3,telugu,real,real,084_Bobbiliyuddam Burrakatha.mp3.mp3,232,10
3e7cb448c7355b37b7f9609fe3e5a6f3,telugu,real,real,084_Bobbiliyuddam Burrakatha.mp3.mp3,233,10
7a51f47af4f976ef5db89d94ff44ccab,telugu,real,real,084_Bobbiliyuddam Burrakatha.mp3.mp3,234,10
f447683bffbc9ae1a5cb0f5537db2b06,telugu,real,real,084_Bobbiliyuddam Burrakatha.mp3.mp3,235,10
02e122c9ed5f0b26bbc51ca0208cd2c9,telugu,real,real,084_Bobbiliyuddam Burrakatha.mp3.mp3,236,10
be25afec063fbceca7f9aa3c27146304,telugu,real,real,084_Bobbiliyuddam Burrakatha.mp3.mp3,237,10
f80d7bc779ef7e9ca6f725fd0a6d4c72,telugu,real,real,084_Bobbiliyuddam Burrakatha.mp3.mp3,238,10
97614e520b2df2d2d9532b2607cb559e,telugu,real,real,084_Bobbiliyuddam Burrakatha.mp3.mp3,239,10
d8baba01c3c1e8590bee50ff5e0d415c,telugu,real,real,084_Bobbiliyuddam Burrakatha.mp3.mp3,240,10
227c2fc737c91ccd79396910a2ca7cbd,telugu,real,real,084_Bobbiliyuddam Burrakatha.mp3.mp3,241,10
03ba8e262612baf310812adc846e8275,telugu,real,real,084_Bobbiliyuddam Burrakatha.mp3.mp3,242,10
0c06747acf29a979a389f3bbdcb6db22,telugu,real,real,084_Bobbiliyuddam Burrakatha.mp3.mp3,243,10
67a4922013dcda524c13e838a4dcc2fa,telugu,real,real,084_Bobbiliyuddam Burrakatha.mp3.mp3,244,10
f519043cfba26e18bd5ab574ace56722,telugu,real,real,084_Bobbiliyuddam Burrakatha.mp3.mp3,245,10
dbb1184264710accfc8235c6211132fa,telugu,real,real,084_Bobbiliyuddam Burrakatha.mp3.mp3,246,10
cadc1c3c2ed079f1522520782bd41117,telugu,real,real,084_Bobbiliyuddam Burrakatha.mp3.mp3,247,10
e627317da81002d1990de4f6b718ce11,telugu,real,real,084_Bobbiliyuddam Burrakatha.mp3.mp3,248,10
79e88b1f8c7751aaed2b27391dff7715,telugu,real,real,084_Bobbiliyuddam Burrakatha.mp3.mp3,249,10
dab46b007260aaafde87156235d2d00b,telugu,real,real,084_Bobbiliyuddam Burrakatha.mp3.mp3,250,10
a476f20ee7d5afd2a9bd4fa651c381bf,telugu,real,real,084_Bobbiliyuddam Burrakatha.mp3.mp3,251,10
6b4df368404ac71f0a56cd9573870b5f,telugu,real,real,084_Bobbiliyuddam Burrakatha.mp3.mp3,252,10
1bb0de5871dc6573a70b33180cb35712,telugu,real,real,084_Bobbiliyuddam Burrakatha.mp3.mp3,253,10
c31f4d06b162816296623670defd8643,telugu,real,real,084_Bobbiliyuddam Burrakatha.mp3.mp3,254,10
855becc8f201dfaa180d13b8f5e2436c,telugu,real,real,084_Bobbiliyuddam Burrakatha.mp3.mp3,255,10
3c977c89f51f3f528cd98aed282a7347,telugu,real,real,084_Bobbiliyuddam Burrakatha.mp3.mp3,256,10
349af6be21c9ad6d498399754115d660,telugu,real,real,084_Bobbiliyuddam Burrakatha.mp3.mp3,257,10
af4fb366e3a960f3df2ffba38769582a,telugu,real,real,084_Bobbiliyuddam Burrakatha.mp3.mp3,258,10
6c1fc2887f84af1aeac7269914d02fb1,telugu,real,real,084_Bobbiliyuddam Burrakatha.mp3.mp3,259,10
ce960afab64b603a58d952def4f6f4ea,telugu,real,real,084_Bobbiliyuddam Burrakatha.mp3.mp3,260,10
86172db086c0f444423fb7a4f2a32c49,telugu,real,real,084_Bobbiliyuddam Burrakatha.mp3.mp3,261,10
7ab0b0aecd48c884aa5c2444fb71ef1d,telugu,real,real,084_Bobbiliyuddam Burrakatha.mp3.mp3,262,10
5dc828edeb3c536acd26a2790254cc67,telugu,real,real,084_Bobbiliyuddam Burrakatha.mp3.mp3,263,10
762038a8b48d57fa5be330a4dbeaa515,telugu,real,real,084_Bobbiliyuddam Burrakatha.mp3.mp3,264,10
54a06736dd6376d68a173460966c8949,telugu,real,real,084_Bobbiliyuddam Burrakatha.mp3.mp3,265,10
202a04eeab11e89f94daf5e8f3fb13e6,telugu,real,real,084_Bobbiliyuddam Burrakatha.mp3.mp3,266,10
ead4d0d22e98478d307b8d1e51ee3c0f,telugu,real,real,084_Bobbiliyuddam Burrakatha.mp3.mp3,267,10
120cd297563e74bd5d5ab2a73769def2,telugu,real,real,084_Bobbiliyuddam Burrakatha.mp3.mp3,268,10
00767be6789f9ea64cb81176616d6aba,telugu,real,real,084_Bobbiliyuddam Burrakatha.mp3.mp3,269,10
215bc29ab77a3b994199ffeb2c51ccb8,telugu,real,real,084_Bobbiliyuddam Burrakatha.mp3.mp3,270,10
075c79c1b41c846781b979d8966a1573,telugu,real,real,084_Bobbiliyuddam Burrakatha.mp3.mp3,271,10
0e948281b17c01e564dfc16c4f42ffb7,telugu,real,real,084_Bobbiliyuddam Burrakatha.mp3.mp3,272,10
75604ab8c102ff8d65930147fc9eaa8b,telugu,real,real,084_Bobbiliyuddam Burrakatha.mp3.mp3,273,10
95ad79cc65fdaf91718de39bb9e1f191,telugu,real,real,084_Bobbiliyuddam Burrakatha.mp3.mp3,274,10
3c04cc6a0f6e39eec85697728fb0db35,telugu,real,real,084_Bobbiliyuddam Burrakatha.mp3.mp3,275,10
18cbd44d371587b7ad62b975c45109c1,telugu,real,real,084_Bobbiliyuddam Burrakatha.mp3.mp3,276,10
ed05df014fa8e2e6b6b68d46911c6991,telugu,real,real,084_Bobbiliyuddam Burrakatha.mp3.mp3,277,10
62fa5ce9d2f57cfbd6a61b78099e27c1,telugu,real,real,084_Bobbiliyuddam Burrakatha.mp3.mp3,278,10
fd082cb9fbf92ea4234e693ec18a4089,telugu,real,real,084_Bobbiliyuddam Burrakatha.mp3.mp3,279,10
b1158d252e786de5119f972f9a81af0f,telugu,real,real,084_Bobbiliyuddam Burrakatha.mp3.mp3,280,10
aa8abc586fa3b62244f1d0a6386988fd,telugu,real,real,084_Bobbiliyuddam Burrakatha.mp3.mp3,281,10
795aec361ca8d6146df931bb5fed427d,telugu,real,real,084_Bobbiliyuddam Burrakatha.mp3.mp3,282,10
7d700825638161cb0cee762facededa0,telugu,real,real,084_Bobbiliyuddam Burrakatha.mp3.mp3,283,10
6f433f054366d8666f58585dfdbca647,telugu,real,real,084_Bobbiliyuddam Burrakatha.mp3.mp3,284,10
9760a2e5f4610169c5063a20c272239e,telugu,real,real,084_Bobbiliyuddam Burrakatha.mp3.mp3,285,10
40ee82dca61503e8be20d51cd67aade3,telugu,real,real,084_Bobbiliyuddam Burrakatha.mp3.mp3,286,10
7d60b17db43f404b7401830184b0727d,telugu,real,real,084_Bobbiliyuddam Burrakatha.mp3.mp3,287,10
d792e5764c92f83f372743dcd9da565b,telugu,real,real,084_Bobbiliyuddam Burrakatha.mp3.mp3,288,10
f4b6315a16b31811d3800f337f5fbb0f,telugu,real,real,084_Bobbiliyuddam Burrakatha.mp3.mp3,289,10
b5d08ebc379c42b44fc369e9d5c29dcd,telugu,real,real,084_Bobbiliyuddam Burrakatha.mp3.mp3,290,10
42907b031f3e3be3656c8d493e4490bc,telugu,real,real,084_Bobbiliyuddam Burrakatha.mp3.mp3,291,10
be104178d080cbcee59981b976e70b45,telugu,real,real,084_Bobbiliyuddam Burrakatha.mp3.mp3,292,10
9b8f00cfa5a00c55a491552fdaacea7a,telugu,real,real,084_Bobbiliyuddam Burrakatha.mp3.mp3,293,10
3ad581cff12b70abae7d1b702d535616,telugu,real,real,084_Bobbiliyuddam Burrakatha.mp3.mp3,294,10
373aa3e2317b7b40123960c1ef9a9d97,telugu,real,real,084_Bobbiliyuddam Burrakatha.mp3.mp3,295,10
88a6888ce979279b7348624eec7a4dd5,telugu,real,real,084_Bobbiliyuddam Burrakatha.mp3.mp3,296,10
a375e4162f8e4c31bda50c6c2de9dca5,telugu,real,real,084_Bobbiliyuddam Burrakatha.mp3.mp3,297,10
c7fb3b3ac2cace4fc27200715c61af2b,telugu,real,real,084_Bobbiliyuddam Burrakatha.mp3.mp3,298,10
d62274ba1bf49818bea57222d3b9be79,telugu,real,real,084_Bobbiliyuddam Burrakatha.mp3.mp3,299,10
ba99775ed6a5946b7130bf71c760d88c,telugu,real,real,084_Bobbiliyuddam Burrakatha.mp3.mp3,300,10
423ee2a46db9ad0afa6e7d632807ce09,telugu,real,real,084_Bobbiliyuddam Burrakatha.mp3.mp3,301,10
cbcb4a0d7b113510e00d1a8b11ddca43,telugu,real,real,084_Bobbiliyuddam Burrakatha.mp3.mp3,302,10
c44ed7eb242876dd2869e753500b8815,telugu,real,real,084_Bobbiliyuddam Burrakatha.mp3.mp3,303,10
a3006bda8b31139d4171f141834d3f50,telugu,real,real,084_Bobbiliyuddam Burrakatha.mp3.mp3,304,10
c4c5fada5981d76049ee6d2d22836a17,telugu,real,real,084_Bobbiliyuddam Burrakatha.mp3.mp3,305,10
deba67765d8813c30c4b555768030b97,telugu,real,real,084_Bobbiliyuddam Burrakatha.mp3.mp3,306,10
63b0f034b843e2a0f1a95dfc110f24ec,telugu,real,real,084_Bobbiliyuddam Burrakatha.mp3.mp3,307,10
715f3f3b7b1ea2d0334216de3be1961d,telugu,real,real,084_Bobbiliyuddam Burrakatha.mp3.mp3,308,10
2e36c6995165eb1999ebbda29dacdce8,telugu,real,real,084_Bobbiliyuddam Burrakatha.mp3.mp3,309,10
