sample_id,language,label,method,original_filename,clip_index,duration_seconds
3989b8e2191f91aa4d21ba6781b463bd,bengali,fake,rvc,rvc_fixed_001_Tomar Hridmajhare Rakhbo.mp3_22k.wav,0,10
e1de5a9fc4e9e6040de074da153e033e,bengali,fake,rvc,rvc_fixed_001_Tomar Hridmajhare Rakhbo.mp3_22k.wav,1,10
64eb323bf48316e0b3aaa09d3dde3f43,bengali,fake,rvc,rvc_fixed_001_Tomar Hridmajhare Rakhbo.mp3_22k.wav,2,10
8ab4e7ee3d948c1f78732ec0c2e825f9,bengali,fake,rvc,rvc_fixed_001_Tomar Hridmajhare Rakhbo.mp3_22k.wav,3,10
40d9882740fed015704bc9ab7b261152,bengali,fake,rvc,rvc_fixed_001_Tomar Hridmajhare Rakhbo.mp3_22k.wav,4,10
16673d3ef95f91d96fdf803f7bb9d325,bengali,fake,rvc,rvc_fixed_001_Tomar Hridmajhare Rakhbo.mp3_22k.wav,5,10
9e347940a13fbcc5b243d7e78f1a110e,bengali,fake,rvc,rvc_fixed_001_Tomar Hridmajhare Rakhbo.mp3_22k.wav,6,10
7b1c075c1ad56947c92fd5eb6fc92f26,bengali,fake,rvc,rvc_fixed_001_Tomar Hridmajhare Rakhbo.mp3_22k.wav,7,10
27fc830a170f284e229176b2de35f3b8,bengali,fake,rvc,rvc_fixed_001_Tomar Hridmajhare Rakhbo.mp3_22k.wav,8,10
077ef603f4542f2ad33e965bb875bdca,bengali,fake,rvc,rvc_fixed_001_Tomar Hridmajhare Rakhbo.mp3_22k.wav,9,10
b193eb1809bdc5281719e868ec80ec51,bengali,fake,rvc,rvc_fixed_001_Tomar Hridmajhare Rakhbo.mp3_22k.wav,10,10
dd62112a516a87869e38030b0526b8a3,bengali,fake,rvc,rvc_fixed_001_Tomar Hridmajhare Rakhbo.mp3_22k.wav,11,10
332f3e93b08a7fb049cb02c89f409bbe,bengali,fake,rvc,rvc_fixed_001_Tomar Hridmajhare Rakhbo.mp3_22k.wav,12,10
a641263c160cdbf92afa892d51cb688e,bengali,fake,rvc,rvc_fixed_001_Tomar Hridmajhare Rakhbo.mp3_22k.wav,13,10
c1faec9656adeab165c88f3426088ccf,bengali,fake,rvc,rvc_fixed_001_Tomar Hridmajhare Rakhbo.mp3_22k.wav,14,10
6f94532b8a9864ee01441fdc49e0690d,bengali,fake,rvc,rvc_fixed_001_Tomar Hridmajhare Rakhbo.mp3_22k.wav,15,10
e272b35e866e29263ecaad85354f9f6a,bengali,fake,rvc,rvc_fixed_001_Tomar Hridmajhare Rakhbo.mp3_22k.wav,16,10
9efd0449fe43ac7011dd3013aa50283f,bengali,fake,rvc,rvc_fixed_001_Tomar Hridmajhare Rakhbo.mp3_22k.wav,17,10
d15a5414e50da2ddd40b3158725729d8,bengali,fake,rvc,rvc_fixed_001_Tomar Hridmajhare Rakhbo.mp3_22k.wav,18,10
ebdfa3cd4f06217f174809c5f821582b,bengali,fake,rvc,rvc_fixed_001_Tomar Hridmajhare Rakhbo.mp3_22k.wav,19,10
dc2dee281261c46caba37c408523e171,bengali,fake,rvc,rvc_fixed_001_Tomar Hridmajhare Rakhbo.mp3_22k.wav,20,10
d1a2af72500abaf2fb1504e5e24ffc70,bengali,fake,rvc,rvc_fixed_001_Tomar Hridmajhare Rakhbo.mp3_22k.wav,21,10
4d671cb37bd69b425d5701143bf53418,bengali,fake,rvc,rvc_fixed_001_Tomar Hridmajhare Rakhbo.mp3_22k.wav,22,10
fac6379c312b1b5be34cb72711abef47,bengali,fake,rvc,rvc_fixed_001_Tomar Hridmajhare Rakhbo.mp3_22k.wav,23,10
5b787028cdcfb5e5fba544039dd969cb,bengali,fake,rvc,rvc_fixed_001_Tomar Hridmajhare Rakhbo.mp3_22k.wav,24,10
82bd1b7f1f5359168c3f6c5db79a41d8,bengali,fake,rvc,rvc_fixed_001_Tomar Hridmajhare Rakhbo.mp3_22k.wav,25,10
1ed94966397b287075af52975e5acf31,bengali,fake,rvc,rvc_fixed_001_Tomar Hridmajhare Rakhbo.mp3_22k.wav,26,10
b70c611ea15ca92a8aefe6d992c3be76,bengali,fake,rvc,rvc_fixed_001_Tomar Hridmajhare Rakhbo.mp3_22k.wav,27,10
d63a9553ece232dd6ae2f143b18ac6f9,bengali,fake,rvc,rvc_fixed_001_Tomar Hridmajhare Rakhbo.mp3_22k.wav,28,10
7e43f1652efe4146eab798dce33a56db,bengali,fake,rvc,rvc_fixed_001_Tomar Hridmajhare Rakhbo.mp3_22k.wav,29,10
601fe0478c1fd5a5805846193fa55832,bengali,fake,rvc,rvc_fixed_001_Tomar Hridmajhare Rakhbo.mp3_22k.wav,30,10
53f4316872056b1b3c5c1ebfea40c7c0,bengali,fake,rvc,rvc_fixed_001_Tomar Hridmajhare Rakhbo.mp3_22k.wav,31,10
b63c3bae90cf3dd4ec5a7e9ee472c618,bengali,fake,rvc,rvc_fixed_001_Tomar Hridmajhare Rakhbo.mp3_22k.wav,32,10
fd192ce67b053b99f327d8660c4c46c1,bengali,fake,rvc,rvc_fixed_001_Tomar Hridmajhare Rakhbo.mp3_22k.wav,33,10
fe2ffa20e21b2b3bafecd688bac4cdba,bengali,fake,rvc,rvc_fixed_001_Tomar Hridmajhare Rakhbo.mp3_22k.wav,34,10
3f9427f149cac0f30cca3a11380b6593,bengali,fake,rvc,rvc_fixed_001_Tomar Hridmajhare Rakhbo.mp3_22k.wav,35,10
4d8a728ab183468a6f54abc47f5d07a7,bengali,fake,rvc,rvc_fixed_001_Tomar Hridmajhare Rakhbo.mp3_22k.wav,36,10
e183448781022b7518c466923c31ef4b,bengali,fake,rvc,rvc_fixed_002_Bosonto Batase.mp3_22k.wav,0,10
4cb44a1ecc42ddc64456df51ed0ec470,bengali,fake,rvc,rvc_fixed_002_Bosonto Batase.mp3_22k.wav,1,10
a950b1c9c5af9ae875ad11d1e953e908,bengali,fake,rvc,rvc_fixed_002_Bosonto Batase.mp3_22k.wav,2,10
49303576695579744967dbebc1710ffe,bengali,fake,rvc,rvc_fixed_002_Bosonto Batase.mp3_22k.wav,3,10
3c7cb5e3f12e9e625396722696d8405a,bengali,fake,rvc,rvc_fixed_002_Bosonto Batase.mp3_22k.wav,4,10
71a43af713a4f86a14645fb42367efcc,bengali,fake,rvc,rvc_fixed_002_Bosonto Batase.mp3_22k.wav,5,10
57d939cad3840da2ec48bbd650c9fccf,bengali,fake,rvc,rvc_fixed_002_Bosonto Batase.mp3_22k.wav,6,10
ae23dadd5fa0c18e487cc9ccea8391ea,bengali,fake,rvc,rvc_fixed_002_Bosonto Batase.mp3_22k.wav,7,10
5932c38b9213af738492ef792b450c9d,bengali,fake,rvc,rvc_fixed_002_Bosonto Batase.mp3_22k.wav,8,10
c0f5ac181e770ccc3d19c77b673f7cbf,bengali,fake,rvc,rvc_fixed_002_Bosonto Batase.mp3_22k.wav,9,10
046f0c9c89723066c1bb2a9023a0ff8f,bengali,fake,rvc,rvc_fixed_002_Bosonto Batase.mp3_22k.wav,10,10
c5b08011d9b406172e1c2c3ed8406eab,bengali,fake,rvc,rvc_fixed_002_Bosonto Batase.mp3_22k.wav,11,10
d2cc2b96c36f3688d0f6505e30c46584,bengali,fake,rvc,rvc_fixed_002_Bosonto Batase.mp3_22k.wav,12,10
5e96985298499e1726c6583a5767f143,bengali,fake,rvc,rvc_fixed_002_Bosonto Batase.mp3_22k.wav,13,10
1081744e992012d2e946052a678d0fc4,bengali,fake,rvc,rvc_fixed_002_Bosonto Batase.mp3_22k.wav,14,10
2502b189e77c2e9ab661032ae66c08e3,bengali,fake,rvc,rvc_fixed_002_Bosonto Batase.mp3_22k.wav,15,10
e06bf39b362160e799125a95f12944ff,bengali,fake,rvc,rvc_fixed_002_Bosonto Batase.mp3_22k.wav,16,10
58a262e5f753db3f70400784038f51b7,bengali,fake,rvc,rvc_fixed_002_Bosonto Batase.mp3_22k.wav,17,10
c3b5bb89fda6e00698cb8385f1836af7,bengali,fake,rvc,rvc_fixed_002_Bosonto Batase.mp3_22k.wav,18,10
7639213742fd26af5b34d8cf7c7080c5,bengali,fake,rvc,rvc_fixed_002_Bosonto Batase.mp3_22k.wav,19,10
bb6cea96b3c3476599d7f868e9889368,bengali,fake,rvc,rvc_fixed_002_Bosonto Batase.mp3_22k.wav,20,10
45eb5b47abeb96063d4dcdde0435b4a0,bengali,fake,rvc,rvc_fixed_002_Bosonto Batase.mp3_22k.wav,21,10
90b070c0795abbe4c9ad3766f87849c9,bengali,fake,rvc,rvc_fixed_002_Bosonto Batase.mp3_22k.wav,22,10
1145dd95bb30aab3f160d9673f2a86eb,bengali,fake,rvc,rvc_fixed_002_Bosonto Batase.mp3_22k.wav,23,10
22fc828bba4738645c7003748ecd056f,bengali,fake,rvc,rvc_fixed_002_Bosonto Batase.mp3_22k.wav,24,10
ac9594318f9fa6ec33bcf19c730a3afb,bengali,fake,rvc,rvc_fixed_002_Bosonto Batase.mp3_22k.wav,25,10
c1b0a9b27f5ad7dad186988b5d34a8cd,bengali,fake,rvc,rvc_fixed_002_Bosonto Batase.mp3_22k.wav,26,10
21179d1c8e80af4a8d9d60ae04f0db3d,bengali,fake,rvc,rvc_fixed_002_Bosonto Batase.mp3_22k.wav,27,10
ecc14f6f3f5483a8d0300485b4290709,bengali,fake,rvc,rvc_fixed_002_Bosonto Batase.mp3_22k.wav,28,10
c2ad3c97e303e27e25ddc47864c46a1f,bengali,fake,rvc,rvc_fixed_002_Bosonto Batase.mp3_22k.wav,29,10
2ed79051e48a764b4450a25d17496d84,bengali,fake,rvc,rvc_fixed_002_Bosonto Batase.mp3_22k.wav,30,10
0a8378ef6084b5b7c22433685665595b,bengali,fake,rvc,rvc_fixed_002_Bosonto Batase.mp3_22k.wav,31,10
94af7cf9d0c24bfb64acb6e135845db3,bengali,fake,rvc,rvc_fixed_002_Bosonto Batase.mp3_22k.wav,32,10
687e2035f23fe8d16870e11902822de2,bengali,fake,rvc,rvc_fixed_003_Kolonkini Radha.mp3_22k.wav,0,10
cc0ad2e4fe6b4f50755c3e9464733eee,bengali,fake,rvc,rvc_fixed_003_Kolonkini Radha.mp3_22k.wav,1,10
48d4d9fbaae1287e0e34f33a2ed5b814,bengali,fake,rvc,rvc_fixed_003_Kolonkini Radha.mp3_22k.wav,2,10
a0ee9a785cb15a3e4291190937d4ccbf,bengali,fake,rvc,rvc_fixed_003_Kolonkini Radha.mp3_22k.wav,3,10
ad069041b3bf9ead7cd57504a12e685c,bengali,fake,rvc,rvc_fixed_003_Kolonkini Radha.mp3_22k.wav,4,10
45bee29525faf74321102e509e33c342,bengali,fake,rvc,rvc_fixed_003_Kolonkini Radha.mp3_22k.wav,5,10
a6e21ccadfee6d36760b4c334b76a0b9,bengali,fake,rvc,rvc_fixed_003_Kolonkini Radha.mp3_22k.wav,6,10
fc607cca1eee5e38b6a17f619096f526,bengali,fake,rvc,rvc_fixed_003_Kolonkini Radha.mp3_22k.wav,7,10
973fb966920320ba30eba74e7990fb84,bengali,fake,rvc,rvc_fixed_003_Kolonkini Radha.mp3_22k.wav,8,10
34cb77489266950049ad78b917700a1a,bengali,fake,rvc,rvc_fixed_003_Kolonkini Radha.mp3_22k.wav,9,10
405ff42d5c94747d9d271f4849d0f3ea,bengali,fake,rvc,rvc_fixed_003_Kolonkini Radha.mp3_22k.wav,10,10
9dd26e08afdcc69a9182bf20bf9ebb1d,bengali,fake,rvc,rvc_fixed_003_Kolonkini Radha.mp3_22k.wav,11,10
7d6d11ded4d85162edfed949e40191cd,bengali,fake,rvc,rvc_fixed_003_Kolonkini Radha.mp3_22k.wav,12,10
5535fea573d518f39d395564521034fa,bengali,fake,rvc,rvc_fixed_003_Kolonkini Radha.mp3_22k.wav,13,10
060494ae78b83b476551d8487211932d,bengali,fake,rvc,rvc_fixed_003_Kolonkini Radha.mp3_22k.wav,14,10
6e4463e12f2d8b3cb1cc18762f12c8d1,bengali,fake,rvc,rvc_fixed_003_Kolonkini Radha.mp3_22k.wav,15,10
bc104ef9d587f278ac11012f950cb134,bengali,fake,rvc,rvc_fixed_003_Kolonkini Radha.mp3_22k.wav,16,10
11bca39faa98f6c53ee254b56e405c17,bengali,fake,rvc,rvc_fixed_003_Kolonkini Radha.mp3_22k.wav,17,10
6468ff9c932a85b83543aa30cd614e46,bengali,fake,rvc,rvc_fixed_003_Kolonkini Radha.mp3_22k.wav,18,10
def7513db76e2720d876d625ce9b7e3f,bengali,fake,rvc,rvc_fixed_003_Kolonkini Radha.mp3_22k.wav,19,10
965b12ae72811673e7904a083ad9ac91,bengali,fake,rvc,rvc_fixed_003_Kolonkini Radha.mp3_22k.wav,20,10
929f9a19d0c37bc0939d94d4620b0f10,bengali,fake,rvc,rvc_fixed_003_Kolonkini Radha.mp3_22k.wav,21,10
848b65ba81569cc75294048b40ce330b,bengali,fake,rvc,rvc_fixed_003_Kolonkini Radha.mp3_22k.wav,22,10
00404f8de75101be8fcba4787e93ae58,bengali,fake,rvc,rvc_fixed_003_Kolonkini Radha.mp3_22k.wav,23,10
51624f85822f36ae31c69bdc61494f72,bengali,fake,rvc,rvc_fixed_003_Kolonkini Radha.mp3_22k.wav,24,10
1869274159a9830385963617e898a8a7,bengali,fake,rvc,rvc_fixed_003_Kolonkini Radha.mp3_22k.wav,25,10
3582572f7ff648c5199abc70408f0445,bengali,fake,rvc,rvc_fixed_003_Kolonkini Radha.mp3_22k.wav,26,10
55a3f27c4ddd400d277f7a6473b0a596,bengali,fake,rvc,rvc_fixed_003_Kolonkini Radha.mp3_22k.wav,27,10
253ee5e1a67b41824f738f9142e9384c,bengali,fake,rvc,rvc_fixed_003_Kolonkini Radha.mp3_22k.wav,28,10
dc60c962d46ad13daec9e7e9d2e2e385,bengali,fake,rvc,rvc_fixed_003_Kolonkini Radha.mp3_22k.wav,29,10
c8f1d2e32d8f91feb160856e0885f272,bengali,fake,rvc,rvc_fixed_003_Kolonkini Radha.mp3_22k.wav,30,10
8f9d1ba677fd4efddf91cf6899658a2a,bengali,fake,rvc,rvc_fixed_003_Kolonkini Radha.mp3_22k.wav,31,10
2d5f8174702bd0ebb9a7d615d2f15c32,bengali,fake,rvc,rvc_fixed_003_Kolonkini Radha.mp3_22k.wav,32,10
9c8658895c45d9520925804b8794a97b,bengali,fake,rvc,rvc_fixed_003_Kolonkini Radha.mp3_22k.wav,33,10
4c054e70a76d2016f2260f0dd6815c3f,bengali,fake,rvc,rvc_fixed_003_Kolonkini Radha.mp3_22k.wav,34,10
79aa7aae5bc2e0b20fa1c2b7c2a31dd2,bengali,fake,rvc,rvc_fixed_003_Kolonkini Radha.mp3_22k.wav,35,10
fe21a57c15aaf94a1197613584037742,bengali,fake,rvc,rvc_fixed_003_Kolonkini Radha.mp3_22k.wav,36,10
fe46c1fbd1d1ecced4c3c889c6b8c97b,bengali,fake,rvc,rvc_fixed_003_Kolonkini Radha.mp3_22k.wav,37,10
7cc5885746d5c531030b6eb951d3dd5f,bengali,fake,rvc,rvc_fixed_003_Kolonkini Radha.mp3_22k.wav,38,10
bf65a4a36062169ea6e35241268ea5a8,bengali,fake,rvc,rvc_fixed_003_Kolonkini Radha.mp3_22k.wav,39,10
c41510a5c111ca8647910694deac7d0f,bengali,fake,rvc,rvc_fixed_003_Kolonkini Radha.mp3_22k.wav,40,10
7742f7604843cfe5c9cc393c2fb9df4c,bengali,fake,rvc,rvc_fixed_003_Kolonkini Radha.mp3_22k.wav,41,10
994a857670f0371df2501f50b944f3ea,bengali,fake,rvc,rvc_fixed_003_Kolonkini Radha.mp3_22k.wav,42,10
01e7876b0565f16f3496585c93bfdfb3,bengali,fake,rvc,rvc_fixed_003_Kolonkini Radha.mp3_22k.wav,43,10
691e4bb32a0db7d31cd99e59733898cd,bengali,fake,rvc,rvc_fixed_003_Kolonkini Radha.mp3_22k.wav,44,10
652706f6c18e476f3934ccb1938e385a,bengali,fake,rvc,rvc_fixed_003_Kolonkini Radha.mp3_22k.wav,45,10
57034df211999eb78f438f655b9cc0b5,bengali,fake,rvc,rvc_fixed_003_Kolonkini Radha.mp3_22k.wav,46,10
a858ec81b57dec16875f33795a9d94be,bengali,fake,rvc,rvc_fixed_003_Kolonkini Radha.mp3_22k.wav,47,10
eb3e97e26014b9190dd284f095925a99,bengali,fake,rvc,rvc_fixed_003_Kolonkini Radha.mp3_22k.wav,48,10
d7d0deace7842ae9da3d57925c6fa375,bengali,fake,rvc,rvc_fixed_004_Kichudin Mone Mone.mp3_22k.wav,0,10
3f2aaa25761a8fd5939fc5c04b7fc2c8,bengali,fake,rvc,rvc_fixed_004_Kichudin Mone Mone.mp3_22k.wav,1,10
50626d7f17fdc1670d6ad3712d6fadf6,bengali,fake,rvc,rvc_fixed_004_Kichudin Mone Mone.mp3_22k.wav,2,10
791ede17b4522887611c88d2a8bdee2c,bengali,fake,rvc,rvc_fixed_004_Kichudin Mone Mone.mp3_22k.wav,3,10
5f7e9443777dee31bf765990674fc1ce,bengali,fake,rvc,rvc_fixed_004_Kichudin Mone Mone.mp3_22k.wav,4,10
88e5a0011b47ed781b05539e2a58c059,bengali,fake,rvc,rvc_fixed_004_Kichudin Mone Mone.mp3_22k.wav,5,10
1b1153f42601cf9cdbdf92932bb662a5,bengali,fake,rvc,rvc_fixed_004_Kichudin Mone Mone.mp3_22k.wav,6,10
37ddfdaa4dc6aaae4647df185df19ee2,bengali,fake,rvc,rvc_fixed_004_Kichudin Mone Mone.mp3_22k.wav,7,10
337265aa801e4665c6845bb6ae385bee,bengali,fake,rvc,rvc_fixed_004_Kichudin Mone Mone.mp3_22k.wav,8,10
bd851fcc3192c464a3669c311326fa75,bengali,fake,rvc,rvc_fixed_004_Kichudin Mone Mone.mp3_22k.wav,9,10
4e9bd32ea34dd5d68f5e0b63832b35bb,bengali,fake,rvc,rvc_fixed_004_Kichudin Mone Mone.mp3_22k.wav,10,10
39c860fc17f57327af813d2cd345d9db,bengali,fake,rvc,rvc_fixed_004_Kichudin Mone Mone.mp3_22k.wav,11,10
aadb876b61e78f1e038ae36b1f571c72,bengali,fake,rvc,rvc_fixed_004_Kichudin Mone Mone.mp3_22k.wav,12,10
b8873db4fa6d0cf2fb6b165ec055b2d9,bengali,fake,rvc,rvc_fixed_004_Kichudin Mone Mone.mp3_22k.wav,13,10
cbb1f56e9afe7d89919c35dfd6081722,bengali,fake,rvc,rvc_fixed_004_Kichudin Mone Mone.mp3_22k.wav,14,10
e9be0e6699c11c99f44a0bd5c7f2019a,bengali,fake,rvc,rvc_fixed_004_Kichudin Mone Mone.mp3_22k.wav,15,10
d024517b3dd2da0a56c2bf8b4f966842,bengali,fake,rvc,rvc_fixed_004_Kichudin Mone Mone.mp3_22k.wav,16,10
68b8a24fd9be6adf14d15f7c55799f47,bengali,fake,rvc,rvc_fixed_004_Kichudin Mone Mone.mp3_22k.wav,17,10
b1731065eb7d2f4416df9332e5e1cf63,bengali,fake,rvc,rvc_fixed_004_Kichudin Mone Mone.mp3_22k.wav,18,10
4cfbb841c423fba84a8eeeeac8cafaa1,bengali,fake,rvc,rvc_fixed_004_Kichudin Mone Mone.mp3_22k.wav,19,10
5c1cdd4630bf98c17e76fab0c5368e67,bengali,fake,rvc,rvc_fixed_004_Kichudin Mone Mone.mp3_22k.wav,20,10
a5c60fb642c969516d6d8ae833e29a3f,bengali,fake,rvc,rvc_fixed_004_Kichudin Mone Mone.mp3_22k.wav,21,10
7e2875a23d0e46e950dfc1f0148dc430,bengali,fake,rvc,rvc_fixed_004_Kichudin Mone Mone.mp3_22k.wav,22,10
2ac281564de88d7ebdd752cd50b37b8c,bengali,fake,rvc,rvc_fixed_004_Kichudin Mone Mone.mp3_22k.wav,23,10
1a8cb511a3570aa05791454c3fd75923,bengali,fake,rvc,rvc_fixed_004_Kichudin Mone Mone.mp3_22k.wav,24,10
7178e53a69f0d9f08aedc007c404f4e4,bengali,fake,rvc,rvc_fixed_004_Kichudin Mone Mone.mp3_22k.wav,25,10
3530b0f719d37942f09a21571d8251d9,bengali,fake,rvc,rvc_fixed_004_Kichudin Mone Mone.mp3_22k.wav,26,10
4e2df4dc8333c45e024997162d19f7e7,bengali,fake,rvc,rvc_fixed_004_Kichudin Mone Mone.mp3_22k.wav,27,10
d77cbed134f0ce23e0570847ce915009,bengali,fake,rvc,rvc_fixed_004_Kichudin Mone Mone.mp3_22k.wav,28,10
5acb572bcc02006bf880165440e4d776,bengali,fake,rvc,rvc_fixed_004_Kichudin Mone Mone.mp3_22k.wav,29,10
e3c969c7094ba8784d1b4467a13d8078,bengali,fake,rvc,rvc_fixed_004_Kichudin Mone Mone.mp3_22k.wav,30,10
51e9ae55129e4dcbcee9bb67e9e3e7ba,bengali,fake,rvc,rvc_fixed_004_Kichudin Mone Mone.mp3_22k.wav,31,10
891d5a18d4b2da407998de3b4b76ef2e,bengali,fake,rvc,rvc_fixed_004_Kichudin Mone Mone.mp3_22k.wav,32,10
caf5f62d8e113ee5b60b831fc4f4cbc3,bengali,fake,rvc,rvc_fixed_004_Kichudin Mone Mone.mp3_22k.wav,33,10
994d9b76b812ca9af785e328d420c860,bengali,fake,rvc,rvc_fixed_005_Prem Sukho Nidhi Radhe.mp3_22k.wav,0,10
634323ee79d7bc1c2e0539f583ea2e52,bengali,fake,rvc,rvc_fixed_005_Prem Sukho Nidhi Radhe.mp3_22k.wav,1,10
467d2192c5572d6f6ef058b15175bc5c,bengali,fake,rvc,rvc_fixed_005_Prem Sukho Nidhi Radhe.mp3_22k.wav,2,10
88529561e25a29870e04417bd1993043,bengali,fake,rvc,rvc_fixed_005_Prem Sukho Nidhi Radhe.mp3_22k.wav,3,10
e650d06a93f5319351c6a2c52947e7e7,bengali,fake,rvc,rvc_fixed_005_Prem Sukho Nidhi Radhe.mp3_22k.wav,4,10
c593e59d9302b01e442227f6988cdcef,bengali,fake,rvc,rvc_fixed_005_Prem Sukho Nidhi Radhe.mp3_22k.wav,5,10
908b63ba7cffc529f6247caa05f46ec9,bengali,fake,rvc,rvc_fixed_005_Prem Sukho Nidhi Radhe.mp3_22k.wav,6,10
aad4f69c8017d1be0b8a2ca92d97163f,bengali,fake,rvc,rvc_fixed_005_Prem Sukho Nidhi Radhe.mp3_22k.wav,7,10
db7b85bda08efe770280c892bf6ef796,bengali,fake,rvc,rvc_fixed_005_Prem Sukho Nidhi Radhe.mp3_22k.wav,8,10
7d09b0033f6cc36654f0e4a42a3fc34c,bengali,fake,rvc,rvc_fixed_005_Prem Sukho Nidhi Radhe.mp3_22k.wav,9,10
276d4d2f39b0d9fd3bffe5732ebb246d,bengali,fake,rvc,rvc_fixed_005_Prem Sukho Nidhi Radhe.mp3_22k.wav,10,10
231cb461395b5bae677edac5d4b48d44,bengali,fake,rvc,rvc_fixed_005_Prem Sukho Nidhi Radhe.mp3_22k.wav,11,10
f94f824b36c1ae1995818df758114232,bengali,fake,rvc,rvc_fixed_005_Prem Sukho Nidhi Radhe.mp3_22k.wav,12,10
581b8dd791f98416746d3dde7d88cd25,bengali,fake,rvc,rvc_fixed_005_Prem Sukho Nidhi Radhe.mp3_22k.wav,13,10
3e52946ffb6a2061f61b2ddec525e826,bengali,fake,rvc,rvc_fixed_005_Prem Sukho Nidhi Radhe.mp3_22k.wav,14,10
1e4f7440167d2f68ed1ffed8511d538c,bengali,fake,rvc,rvc_fixed_005_Prem Sukho Nidhi Radhe.mp3_22k.wav,15,10
f6427fdc2b122a1ee1fbbfb85e557d4e,bengali,fake,rvc,rvc_fixed_005_Prem Sukho Nidhi Radhe.mp3_22k.wav,16,10
d6e8353be08c48293937bbcdd4e1e01f,bengali,fake,rvc,rvc_fixed_005_Prem Sukho Nidhi Radhe.mp3_22k.wav,17,10
677818a2cd0fdb763fc4169267d3f7aa,bengali,fake,rvc,rvc_fixed_005_Prem Sukho Nidhi Radhe.mp3_22k.wav,18,10
4d2f15f8ca7d5aec70a33f771ea0ee81,bengali,fake,rvc,rvc_fixed_005_Prem Sukho Nidhi Radhe.mp3_22k.wav,19,10
74e53693846b13eda67c3ecbae1d1155,bengali,fake,rvc,rvc_fixed_005_Prem Sukho Nidhi Radhe.mp3_22k.wav,20,10
5815e82654f9c837c77538e5647d449b,bengali,fake,rvc,rvc_fixed_005_Prem Sukho Nidhi Radhe.mp3_22k.wav,21,10
0c8be91096b680db8fd42c5e669f825b,bengali,fake,rvc,rvc_fixed_005_Prem Sukho Nidhi Radhe.mp3_22k.wav,22,10
210cda4714c3754837da761a371f181a,bengali,fake,rvc,rvc_fixed_005_Prem Sukho Nidhi Radhe.mp3_22k.wav,23,10
ac08c3ac438a2053238061aa1bddaae0,bengali,fake,rvc,rvc_fixed_005_Prem Sukho Nidhi Radhe.mp3_22k.wav,24,10
738e52141869dd5bcc973b3a06233f4d,bengali,fake,rvc,rvc_fixed_005_Prem Sukho Nidhi Radhe.mp3_22k.wav,25,10
fcaf1e11f9384affec5aafc888c20a50,bengali,fake,rvc,rvc_fixed_005_Prem Sukho Nidhi Radhe.mp3_22k.wav,26,10
a84e22d6c9e52cd29f5a7b8765959aec,bengali,fake,rvc,rvc_fixed_005_Prem Sukho Nidhi Radhe.mp3_22k.wav,27,10
64a9c6f43dad09d3f3b6db5a4c7e991d,bengali,fake,rvc,rvc_fixed_005_Prem Sukho Nidhi Radhe.mp3_22k.wav,28,10
c7d743aba117204788f07c01f7fcf14c,bengali,fake,rvc,rvc_fixed_005_Prem Sukho Nidhi Radhe.mp3_22k.wav,29,10
2483eed40ea32bbd61e56af321ab47e2,bengali,fake,rvc,rvc_fixed_005_Prem Sukho Nidhi Radhe.mp3_22k.wav,30,10
ea1e2f030548a64754c136ca8db60304,bengali,fake,rvc,rvc_fixed_005_Prem Sukho Nidhi Radhe.mp3_22k.wav,31,10
d1f71d3360d2db15ba24ffc28cdc839e,bengali,fake,rvc,rvc_fixed_005_Prem Sukho Nidhi Radhe.mp3_22k.wav,32,10
7a99a77f3a7302fd021fb402c4469e60,bengali,fake,rvc,rvc_fixed_005_Prem Sukho Nidhi Radhe.mp3_22k.wav,33,10
f624d858ba88682216ba79bf7542c2b7,bengali,fake,rvc,rvc_fixed_006_Bare Bare Ke Jeno Dake.mp3_22k.wav,0,10
2f0fd4b3e35461ad2852bfecc10cf2ff,bengali,fake,rvc,rvc_fixed_006_Bare Bare Ke Jeno Dake.mp3_22k.wav,1,10
ad7f183a15ce1e6dfddfac0319f6681a,bengali,fake,rvc,rvc_fixed_006_Bare Bare Ke Jeno Dake.mp3_22k.wav,2,10
782f7eae701f24404519bd7a7f22a095,bengali,fake,rvc,rvc_fixed_006_Bare Bare Ke Jeno Dake.mp3_22k.wav,3,10
3877a8a3ff8d6cba9cf0dbbffdbdb9e0,bengali,fake,rvc,rvc_fixed_006_Bare Bare Ke Jeno Dake.mp3_22k.wav,4,10
5f63a2e9a127ec3395add7f95e423268,bengali,fake,rvc,rvc_fixed_006_Bare Bare Ke Jeno Dake.mp3_22k.wav,5,10
0355e418c37dee89f73449a2ecd5a024,bengali,fake,rvc,rvc_fixed_006_Bare Bare Ke Jeno Dake.mp3_22k.wav,6,10
fff22a095eb3fc5c3b06a623bd010e35,bengali,fake,rvc,rvc_fixed_006_Bare Bare Ke Jeno Dake.mp3_22k.wav,7,10
511c253d5816c3e2a1b2d452fd7b4198,bengali,fake,rvc,rvc_fixed_006_Bare Bare Ke Jeno Dake.mp3_22k.wav,8,10
8da510d6d037622ec7e597314fab270a,bengali,fake,rvc,rvc_fixed_006_Bare Bare Ke Jeno Dake.mp3_22k.wav,9,10
a46c73d7fc3c69829073ec24643ba5d7,bengali,fake,rvc,rvc_fixed_006_Bare Bare Ke Jeno Dake.mp3_22k.wav,10,10
970e7f984f9b2b871c047c22b3961fde,bengali,fake,rvc,rvc_fixed_006_Bare Bare Ke Jeno Dake.mp3_22k.wav,11,10
15d40cc41b097d6ea902ef145c20d1a7,bengali,fake,rvc,rvc_fixed_006_Bare Bare Ke Jeno Dake.mp3_22k.wav,12,10
a891c20d99891ebdeebcbe037d0c52bb,bengali,fake,rvc,rvc_fixed_006_Bare Bare Ke Jeno Dake.mp3_22k.wav,13,10
11d60e7cf09d5ae5399278708e15599c,bengali,fake,rvc,rvc_fixed_006_Bare Bare Ke Jeno Dake.mp3_22k.wav,14,10
89bfdb5f17652a4550ada37f9f2d24a3,bengali,fake,rvc,rvc_fixed_006_Bare Bare Ke Jeno Dake.mp3_22k.wav,15,10
52d6a0fd62c5cd8334a9a424aab2fe49,bengali,fake,rvc,rvc_fixed_006_Bare Bare Ke Jeno Dake.mp3_22k.wav,16,10
ceeb154fe76c418754125a0f2618dcc6,bengali,fake,rvc,rvc_fixed_006_Bare Bare Ke Jeno Dake.mp3_22k.wav,17,10
5ffc4ec1e926c3e3e25842e5c378711e,bengali,fake,rvc,rvc_fixed_006_Bare Bare Ke Jeno Dake.mp3_22k.wav,18,10
c6af3f25a0686e433dbe0e5b0e093870,bengali,fake,rvc,rvc_fixed_007_Doyal Tomaro Lagiya.mp3_22k.wav,0,10
60278bb171ac992f7f2cecbde110618f,bengali,fake,rvc,rvc_fixed_007_Doyal Tomaro Lagiya.mp3_22k.wav,1,10
1ca97448f3528207bbf2e695f274f7e3,bengali,fake,rvc,rvc_fixed_007_Doyal Tomaro Lagiya.mp3_22k.wav,2,10
a7790554efde346d5f563f326e446e68,bengali,fake,rvc,rvc_fixed_007_Doyal Tomaro Lagiya.mp3_22k.wav,3,10
559a1e28cafeb4d6618bf563d2f5a57f,bengali,fake,rvc,rvc_fixed_007_Doyal Tomaro Lagiya.mp3_22k.wav,4,10
a53c725e702cd0cea0917c663650686d,bengali,fake,rvc,rvc_fixed_007_Doyal Tomaro Lagiya.mp3_22k.wav,5,10
25914604794a9adc3f07521e110de749,bengali,fake,rvc,rvc_fixed_007_Doyal Tomaro Lagiya.mp3_22k.wav,6,10
0e4e04ee11dda9e687d3546db9d65549,bengali,fake,rvc,rvc_fixed_007_Doyal Tomaro Lagiya.mp3_22k.wav,7,10
dcafb8963a0c4a4d25e7cbfdbaeab67f,bengali,fake,rvc,rvc_fixed_007_Doyal Tomaro Lagiya.mp3_22k.wav,8,10
60520695578bd845a4efa775f0aee307,bengali,fake,rvc,rvc_fixed_007_Doyal Tomaro Lagiya.mp3_22k.wav,9,10
0b1ed3cd01beeb7227e61aa2446687bf,bengali,fake,rvc,rvc_fixed_007_Doyal Tomaro Lagiya.mp3_22k.wav,10,10
c25910fb5b2b357397fe2cd4ad6874ed,bengali,fake,rvc,rvc_fixed_007_Doyal Tomaro Lagiya.mp3_22k.wav,11,10
6188c357573fb6c56cdd0b68e6332e2f,bengali,fake,rvc,rvc_fixed_007_Doyal Tomaro Lagiya.mp3_22k.wav,12,10
593d62e7b9b0c14e545e3fe010894a6d,bengali,fake,rvc,rvc_fixed_007_Doyal Tomaro Lagiya.mp3_22k.wav,13,10
d26b9337013ce82bc4dfcf0e00278d6a,bengali,fake,rvc,rvc_fixed_007_Doyal Tomaro Lagiya.mp3_22k.wav,14,10
dbe67f0571f4c179fce1107eb77c7261,bengali,fake,rvc,rvc_fixed_007_Doyal Tomaro Lagiya.mp3_22k.wav,15,10
1cbb0f5ed7d180f228e6cf043bb871a7,bengali,fake,rvc,rvc_fixed_007_Doyal Tomaro Lagiya.mp3_22k.wav,16,10
88ce520f896515862b86ef973b91ee04,bengali,fake,rvc,rvc_fixed_007_Doyal Tomaro Lagiya.mp3_22k.wav,17,10
8a1250dc273adfcccf8fd0c202b654cd,bengali,fake,rvc,rvc_fixed_007_Doyal Tomaro Lagiya.mp3_22k.wav,18,10
56f0812154a08b75682d9799e4b89f4a,bengali,fake,rvc,rvc_fixed_007_Doyal Tomaro Lagiya.mp3_22k.wav,19,10
8408eee85f366dafee17b15862ac6aa6,bengali,fake,rvc,rvc_fixed_007_Doyal Tomaro Lagiya.mp3_22k.wav,20,10
f40239df79ed2715c595b5b242092cb3,bengali,fake,rvc,rvc_fixed_007_Doyal Tomaro Lagiya.mp3_22k.wav,21,10
2d21605bd5dccb7d940af3a4b1c05008,bengali,fake,rvc,rvc_fixed_007_Doyal Tomaro Lagiya.mp3_22k.wav,22,10
80aec1b9f06ebc05f14d379c914e99ea,bengali,fake,rvc,rvc_fixed_007_Doyal Tomaro Lagiya.mp3_22k.wav,23,10
b9336ab2f7c3c189c59a05394a6217f5,bengali,fake,rvc,rvc_fixed_008_Bhromor.mp3_22k.wav,0,10
adbe390088556ecbf17660eff66a9e44,bengali,fake,rvc,rvc_fixed_008_Bhromor.mp3_22k.wav,1,10
8bc8d681f6f47c5860d9d28785097f11,bengali,fake,rvc,rvc_fixed_008_Bhromor.mp3_22k.wav,2,10
ca84b748a4604f3c4c2277b3dc657950,bengali,fake,rvc,rvc_fixed_008_Bhromor.mp3_22k.wav,3,10
5d624b26e3a5ad05b8d91b4dcf6864b2,bengali,fake,rvc,rvc_fixed_008_Bhromor.mp3_22k.wav,4,10
1c537a4449fb577b093076e34dfdc78b,bengali,fake,rvc,rvc_fixed_008_Bhromor.mp3_22k.wav,5,10
14af7b38c28120245a7cb0513dbca3d3,bengali,fake,rvc,rvc_fixed_008_Bhromor.mp3_22k.wav,6,10
e8b269b650976b23ded826a7d66fc5b2,bengali,fake,rvc,rvc_fixed_008_Bhromor.mp3_22k.wav,7,10
9e16597a09a68a22f178f17db20ea297,bengali,fake,rvc,rvc_fixed_008_Bhromor.mp3_22k.wav,8,10
3fa5d2266b59057a023089003d29d13f,bengali,fake,rvc,rvc_fixed_008_Bhromor.mp3_22k.wav,9,10
6f337ed2ea8036048c532e5cbc405cac,bengali,fake,rvc,rvc_fixed_008_Bhromor.mp3_22k.wav,10,10
7004db6458f27e895b838b33108265f8,bengali,fake,rvc,rvc_fixed_008_Bhromor.mp3_22k.wav,11,10
f6727c42ccd838d827f3a52b85a0dc37,bengali,fake,rvc,rvc_fixed_008_Bhromor.mp3_22k.wav,12,10
181152f060031839f50ad8df8293c49b,bengali,fake,rvc,rvc_fixed_008_Bhromor.mp3_22k.wav,13,10
4718c984751a6f5b7b871cd538f17b39,bengali,fake,rvc,rvc_fixed_008_Bhromor.mp3_22k.wav,14,10
fc3199f913042742be9981af1fe4d1b2,bengali,fake,rvc,rvc_fixed_008_Bhromor.mp3_22k.wav,15,10
a3d95119d34c698fcc8d756c7215bc96,bengali,fake,rvc,rvc_fixed_008_Bhromor.mp3_22k.wav,16,10
1e6805bc789f815397c77a84594703c9,bengali,fake,rvc,rvc_fixed_008_Bhromor.mp3_22k.wav,17,10
13c4dfa8ab63491cf14e7a43d591d9fc,bengali,fake,rvc,rvc_fixed_008_Bhromor.mp3_22k.wav,18,10
e22b0ad3ea54ae64a64cd4c8135ab739,bengali,fake,rvc,rvc_fixed_008_Bhromor.mp3_22k.wav,19,10
8f738c718aa91388daf7d6bea98f589c,bengali,fake,rvc,rvc_fixed_008_Bhromor.mp3_22k.wav,20,10
4ada420284ca869cc449c3ab1f8dc042,bengali,fake,rvc,rvc_fixed_008_Bhromor.mp3_22k.wav,21,10
ed60a43d883825623381a7386bd55d9d,bengali,fake,rvc,rvc_fixed_008_Bhromor.mp3_22k.wav,22,10
a80d8b623e619c9babef2ef6c4a6b3a5,bengali,fake,rvc,rvc_fixed_008_Bhromor.mp3_22k.wav,23,10
b32bec7d4b4133c5273c3389ac761125,bengali,fake,rvc,rvc_fixed_008_Bhromor.mp3_22k.wav,24,10
9dafb37530a5ea34b89f65b68a27deba,bengali,fake,rvc,rvc_fixed_008_Bhromor.mp3_22k.wav,25,10
db079f50295045825c40bb791f8a42b8,bengali,fake,rvc,rvc_fixed_008_Bhromor.mp3_22k.wav,26,10
fac531cfaa2553b4c3fec340eb001be7,bengali,fake,rvc,rvc_fixed_008_Bhromor.mp3_22k.wav,27,10
4d6d3b311370139a1196809526ea642a,bengali,fake,rvc,rvc_fixed_008_Bhromor.mp3_22k.wav,28,10
e8f28211446908849082957eb0de790f,bengali,fake,rvc,rvc_fixed_008_Bhromor.mp3_22k.wav,29,10
a86c093b9b8b8e2445bd11ae8005dee2,bengali,fake,rvc,rvc_fixed_008_Bhromor.mp3_22k.wav,30,10
2060a861f5cd72f6f52e902f7fc7b942,bengali,fake,rvc,rvc_fixed_008_Bhromor.mp3_22k.wav,31,10
32a906e51df241a53962cad4b76096f6,bengali,fake,rvc,rvc_fixed_008_Bhromor.mp3_22k.wav,32,10
f62f56eae9e2429db57f07fe575e28ad,bengali,fake,rvc,rvc_fixed_008_Bhromor.mp3_22k.wav,33,10
8cfbb107297c8adb30b7495901c21b77,bengali,fake,rvc,rvc_fixed_008_Bhromor.mp3_22k.wav,34,10
e668f1c862ebfdee20e3546477e1db1a,bengali,fake,rvc,rvc_fixed_008_Bhromor.mp3_22k.wav,35,10
35897df20eebfe5d81f214d64a3c4e1b,bengali,fake,rvc,rvc_fixed_009_Bareer Kachhe Arshinogor.mp3_22k.wav,0,10
a2f2adbf23b91851cffeb4c3d5245cb0,bengali,fake,rvc,rvc_fixed_009_Bareer Kachhe Arshinogor.mp3_22k.wav,1,10
ecb60487d2cea8d221e4357affcdebba,bengali,fake,rvc,rvc_fixed_009_Bareer Kachhe Arshinogor.mp3_22k.wav,2,10
b60b015bd49cdbf1abe89a01e8054bf9,bengali,fake,rvc,rvc_fixed_009_Bareer Kachhe Arshinogor.mp3_22k.wav,3,10
1db5880171a2496306ca56fed51144a7,bengali,fake,rvc,rvc_fixed_009_Bareer Kachhe Arshinogor.mp3_22k.wav,4,10
51094ecc025ae072ef61525f5518deb3,bengali,fake,rvc,rvc_fixed_009_Bareer Kachhe Arshinogor.mp3_22k.wav,5,10
4d0446c16ed0c9c160a628ff8fd31a09,bengali,fake,rvc,rvc_fixed_009_Bareer Kachhe Arshinogor.mp3_22k.wav,6,10
92f530dd96f6c8794f0d3929be6dbb61,bengali,fake,rvc,rvc_fixed_009_Bareer Kachhe Arshinogor.mp3_22k.wav,7,10
0ea149c62a57afdcef587630f882398b,bengali,fake,rvc,rvc_fixed_009_Bareer Kachhe Arshinogor.mp3_22k.wav,8,10
957ba2185472646354099bf201e00dfe,bengali,fake,rvc,rvc_fixed_009_Bareer Kachhe Arshinogor.mp3_22k.wav,9,10
16ed4fe883c468d7d30fc7714f3a76ff,bengali,fake,rvc,rvc_fixed_009_Bareer Kachhe Arshinogor.mp3_22k.wav,10,10
ec9ffad8d140886e499b076fe2cf81ce,bengali,fake,rvc,rvc_fixed_009_Bareer Kachhe Arshinogor.mp3_22k.wav,11,10
96133f41095d1524ed797e8528ef1f14,bengali,fake,rvc,rvc_fixed_009_Bareer Kachhe Arshinogor.mp3_22k.wav,12,10
a70a41a441e3581826bc886ac79c2d2b,bengali,fake,rvc,rvc_fixed_009_Bareer Kachhe Arshinogor.mp3_22k.wav,13,10
023ad5077f3aef466c59a64b6b3cfd94,bengali,fake,rvc,rvc_fixed_009_Bareer Kachhe Arshinogor.mp3_22k.wav,14,10
2863797b3426f8e214d26aaf24f8a5d1,bengali,fake,rvc,rvc_fixed_009_Bareer Kachhe Arshinogor.mp3_22k.wav,15,10
cec615a9111830fcf43beb4af7133dea,bengali,fake,rvc,rvc_fixed_009_Bareer Kachhe Arshinogor.mp3_22k.wav,16,10
90eb957e1100e94aeace54361fde0b35,bengali,fake,rvc,rvc_fixed_009_Bareer Kachhe Arshinogor.mp3_22k.wav,17,10
468d6ff7b2d9853dd70a6c6d442d16a0,bengali,fake,rvc,rvc_fixed_009_Bareer Kachhe Arshinogor.mp3_22k.wav,18,10
98a75f91e8a038de3a6ea9e19bd1126e,bengali,fake,rvc,rvc_fixed_009_Bareer Kachhe Arshinogor.mp3_22k.wav,19,10
e2021ef6e4a6cfdc0a16d8e2d412dde2,bengali,fake,rvc,rvc_fixed_009_Bareer Kachhe Arshinogor.mp3_22k.wav,20,10
1e2b7675032d9b85fc3e118412a213a8,bengali,fake,rvc,rvc_fixed_009_Bareer Kachhe Arshinogor.mp3_22k.wav,21,10
e9019f1116c6bd9bbff590be79ac1eab,bengali,fake,rvc,rvc_fixed_009_Bareer Kachhe Arshinogor.mp3_22k.wav,22,10
2d56710c06ab3473b9f6adc359d26928,bengali,fake,rvc,rvc_fixed_009_Bareer Kachhe Arshinogor.mp3_22k.wav,23,10
0d8e5d887cf72423935c723fab8ab994,bengali,fake,rvc,rvc_fixed_009_Bareer Kachhe Arshinogor.mp3_22k.wav,24,10
273e0e0508a109030dd200dc804ab36a,bengali,fake,rvc,rvc_fixed_009_Bareer Kachhe Arshinogor.mp3_22k.wav,25,10
0b3020c6270de0e7eeabefcd9564ad02,bengali,fake,rvc,rvc_fixed_009_Bareer Kachhe Arshinogor.mp3_22k.wav,26,10
d5784b0249beb57cbf2af50d52dc3467,bengali,fake,rvc,rvc_fixed_009_Bareer Kachhe Arshinogor.mp3_22k.wav,27,10
b25528aa8607011267c1e75065598d3f,bengali,fake,rvc,rvc_fixed_009_Bareer Kachhe Arshinogor.mp3_22k.wav,28,10
143c9bbc56fafdfe39060344922a05c0,bengali,fake,rvc,rvc_fixed_009_Bareer Kachhe Arshinogor.mp3_22k.wav,29,10
50d6bfe3d68db385a81d954e413147dd,bengali,fake,rvc,rvc_fixed_009_Bareer Kachhe Arshinogor.mp3_22k.wav,30,10
380b66e532d7eb4df950ef7a305b91de,bengali,fake,rvc,rvc_fixed_009_Bareer Kachhe Arshinogor.mp3_22k.wav,31,10
4e5e05f00cd8bbcac94c68048eb4ef4e,bengali,fake,rvc,rvc_fixed_009_Bareer Kachhe Arshinogor.mp3_22k.wav,32,10
8d64ec81d204ede486858350f1a9f440,bengali,fake,rvc,rvc_fixed_009_Bareer Kachhe Arshinogor.mp3_22k.wav,33,10
5873c11e7d58ad031bbefc662cc9d83d,bengali,fake,rvc,rvc_fixed_009_Bareer Kachhe Arshinogor.mp3_22k.wav,34,10
0f5cef4a87eb5f19a97f1a754e0f79d7,bengali,fake,rvc,rvc_fixed_009_Bareer Kachhe Arshinogor.mp3_22k.wav,35,10
5f01a08fa689aff2350a0715e39c7ccd,bengali,fake,rvc,rvc_fixed_009_Bareer Kachhe Arshinogor.mp3_22k.wav,36,10
c42e4b6cebffe0459c3b1035c58eebc9,bengali,fake,rvc,rvc_fixed_009_Bareer Kachhe Arshinogor.mp3_22k.wav,37,10
5d849cb09974590fb4f85d852aa65f45,bengali,fake,rvc,rvc_fixed_009_Bareer Kachhe Arshinogor.mp3_22k.wav,38,10
a4dcca58d4df0484b46e78fe85672596,bengali,fake,rvc,rvc_fixed_010_Moner Manush.mp3_22k.wav,0,10
3054afcffae9725456b009b729945f0c,bengali,fake,rvc,rvc_fixed_010_Moner Manush.mp3_22k.wav,1,10
44ad22fe5a43fdf09c45606ef52d9ee9,bengali,fake,rvc,rvc_fixed_010_Moner Manush.mp3_22k.wav,2,10
ab7fa835c260ecddc805ba201d136b56,bengali,fake,rvc,rvc_fixed_010_Moner Manush.mp3_22k.wav,3,10
c2e2fcdda059e387c399e85e601a85df,bengali,fake,rvc,rvc_fixed_010_Moner Manush.mp3_22k.wav,4,10
6c4c0ed9acc30195173fbea0ee3c1d81,bengali,fake,rvc,rvc_fixed_010_Moner Manush.mp3_22k.wav,5,10
c7901c65b02bf09697a8b7906b95524c,bengali,fake,rvc,rvc_fixed_010_Moner Manush.mp3_22k.wav,6,10
726df060990649aec6a8737b8fabb9de,bengali,fake,rvc,rvc_fixed_010_Moner Manush.mp3_22k.wav,7,10
45c459df335bb6b1cdf7aa947ddd44aa,bengali,fake,rvc,rvc_fixed_010_Moner Manush.mp3_22k.wav,8,10
6f478f412dd41d8f714269acab4c61dd,bengali,fake,rvc,rvc_fixed_010_Moner Manush.mp3_22k.wav,9,10
8bffaaff1b45f4aa99d5854adaa88c32,bengali,fake,rvc,rvc_fixed_010_Moner Manush.mp3_22k.wav,10,10
b88a778bfe57517c2f6ef8bf677f586d,bengali,fake,rvc,rvc_fixed_010_Moner Manush.mp3_22k.wav,11,10
8af67f675dd2a630a7deb413a8e58c10,bengali,fake,rvc,rvc_fixed_010_Moner Manush.mp3_22k.wav,12,10
0913b044da326e9a7b124ca826aabe95,bengali,fake,rvc,rvc_fixed_010_Moner Manush.mp3_22k.wav,13,10
9fffd0de1db0cf1af5668e0cb7cb20a2,bengali,fake,rvc,rvc_fixed_010_Moner Manush.mp3_22k.wav,14,10
6e01aedf94a1524f1deaca120605f69d,bengali,fake,rvc,rvc_fixed_010_Moner Manush.mp3_22k.wav,15,10
d207d46b5b45c15a9f72c634bfe5d47c,bengali,fake,rvc,rvc_fixed_010_Moner Manush.mp3_22k.wav,16,10
2828cb40f096d48153adc8f8ad63e8a7,bengali,fake,rvc,rvc_fixed_010_Moner Manush.mp3_22k.wav,17,10
399d8b48b6170283b1f6e4475334eda1,bengali,fake,rvc,rvc_fixed_010_Moner Manush.mp3_22k.wav,18,10
03ba630fcdc6757cd307d491a25dfff3,bengali,fake,rvc,rvc_fixed_010_Moner Manush.mp3_22k.wav,19,10
3f1f50ff2eb94f5e1337295f1fd77cef,bengali,fake,rvc,rvc_fixed_010_Moner Manush.mp3_22k.wav,20,10
9b9782c95f6efe7fdd0e6113bd9a8dc9,bengali,fake,rvc,rvc_fixed_010_Moner Manush.mp3_22k.wav,21,10
10f1b6cd1e713938c07870aad9e90ea0,bengali,fake,rvc,rvc_fixed_010_Moner Manush.mp3_22k.wav,22,10
18078db97ab362ca7f234a3987102c05,bengali,fake,rvc,rvc_fixed_010_Moner Manush.mp3_22k.wav,23,10
c0ce33fe927df48986618180bbdfe2d7,bengali,fake,rvc,rvc_fixed_010_Moner Manush.mp3_22k.wav,24,10
e0535b2c74f3c15e3cd0513b86e31de1,bengali,fake,rvc,rvc_fixed_010_Moner Manush.mp3_22k.wav,25,10
b1ab98e8108aba8e9ddadd680a20230f,bengali,fake,rvc,rvc_fixed_010_Moner Manush.mp3_22k.wav,26,10
477d4c65d7683c91efd4c5384d1bb9ab,bengali,fake,rvc,rvc_fixed_010_Moner Manush.mp3_22k.wav,27,10
11f3de94deb6d0110fbc65411f1517bf,bengali,fake,rvc,rvc_fixed_010_Moner Manush.mp3_22k.wav,28,10
f1450b00acdc102c5dd4b028a8dc27be,bengali,fake,rvc,rvc_fixed_010_Moner Manush.mp3_22k.wav,29,10
a2a020ad64a2e36802981d60cb4e364f,bengali,fake,rvc,rvc_fixed_010_Moner Manush.mp3_22k.wav,30,10
1cfb598af1229d760bf1a2453080a909,bengali,fake,rvc,rvc_fixed_010_Moner Manush.mp3_22k.wav,31,10
b173825b668782a97e41c213fd0d3c12,bengali,fake,rvc,rvc_fixed_010_Moner Manush.mp3_22k.wav,32,10
75876a668800fb5182e014927db561c1,bengali,fake,rvc,rvc_fixed_010_Moner Manush.mp3_22k.wav,33,10
958d15897a3bf61a3c7b842d00965578,bengali,fake,rvc,rvc_fixed_010_Moner Manush.mp3_22k.wav,34,10
a8396d66bb0c17c268ef70cb65e52b7d,bengali,fake,rvc,rvc_fixed_010_Moner Manush.mp3_22k.wav,35,10
87e2d284d67575583dab292e1567adce,bengali,fake,rvc,rvc_fixed_010_Moner Manush.mp3_22k.wav,36,10
9511dc9e1eba17d1d4d6db68f24e63a8,bengali,fake,rvc,rvc_fixed_010_Moner Manush.mp3_22k.wav,37,10
1ec63cd783253e77948388bf0317e2cc,bengali,fake,rvc,rvc_fixed_010_Moner Manush.mp3_22k.wav,38,10
b3cc87a018d2d51851bb4719ab9c23c5,bengali,fake,rvc,rvc_fixed_010_Moner Manush.mp3_22k.wav,39,10
3b2693c04ea3e55eebfb8c3c2aec8e3c,bengali,fake,rvc,rvc_fixed_010_Moner Manush.mp3_22k.wav,40,10
72f0c1febbb9c060111adddc458d7cef,bengali,fake,rvc,rvc_fixed_010_Moner Manush.mp3_22k.wav,41,10
725bba5c16fc778360c04ffe50b88e23,bengali,fake,rvc,rvc_fixed_010_Moner Manush.mp3_22k.wav,42,10
55dbfbd6bdba97d5bafbeac057c191d0,bengali,fake,rvc,rvc_fixed_010_Moner Manush.mp3_22k.wav,43,10
df80983511d62cf3b5efc5d8dfd74dbb,bengali,fake,rvc,rvc_fixed_010_Moner Manush.mp3_22k.wav,44,10
1b4856ffd888d2dda4ca8f10c731743d,bengali,fake,rvc,rvc_fixed_010_Moner Manush.mp3_22k.wav,45,10
792354543eb6847b54b280771ecba9ee,bengali,fake,rvc,rvc_fixed_010_Moner Manush.mp3_22k.wav,46,10
038f34d2774cf47e50a1435140b8c67f,bengali,fake,rvc,rvc_fixed_010_Moner Manush.mp3_22k.wav,47,10
30b1447e0bafc9f443695e272bcd4b03,bengali,fake,rvc,rvc_fixed_010_Moner Manush.mp3_22k.wav,48,10
dfada83e747bc7aad072530b37026ead,bengali,fake,rvc,rvc_fixed_010_Moner Manush.mp3_22k.wav,49,10
1e25750ba4b275de60810251619fcae2,bengali,fake,rvc,rvc_fixed_010_Moner Manush.mp3_22k.wav,50,10
20dcd48cebb2ea529c59e7a5346c28ff,bengali,fake,rvc,rvc_fixed_011_Jao Pakhi Bolo Tare.mp3_22k.wav,0,10
f19d984624912666ac68c6598416a0ad,bengali,fake,rvc,rvc_fixed_011_Jao Pakhi Bolo Tare.mp3_22k.wav,1,10
4376c7eb1e7a27e6fa7a570aa390d4b2,bengali,fake,rvc,rvc_fixed_011_Jao Pakhi Bolo Tare.mp3_22k.wav,2,10
f8f04317524cd4ce58da13c520111a9f,bengali,fake,rvc,rvc_fixed_011_Jao Pakhi Bolo Tare.mp3_22k.wav,3,10
ce60869cc54f7b6e51c2981a59045e17,bengali,fake,rvc,rvc_fixed_011_Jao Pakhi Bolo Tare.mp3_22k.wav,4,10
d6cd7454be4d812cbf1623c4bf0b8851,bengali,fake,rvc,rvc_fixed_011_Jao Pakhi Bolo Tare.mp3_22k.wav,5,10
31b850302771315313ca13b196486756,bengali,fake,rvc,rvc_fixed_011_Jao Pakhi Bolo Tare.mp3_22k.wav,6,10
fffdf5da2d6aea4767b2e2fe83f8135b,bengali,fake,rvc,rvc_fixed_011_Jao Pakhi Bolo Tare.mp3_22k.wav,7,10
dd3c3cfa2c68e37269253aae2cc65fb3,bengali,fake,rvc,rvc_fixed_011_Jao Pakhi Bolo Tare.mp3_22k.wav,8,10
736b9d02384a66a802340f163b379f30,bengali,fake,rvc,rvc_fixed_011_Jao Pakhi Bolo Tare.mp3_22k.wav,9,10
490566f7a978a8ecd837d4dd8412d99c,bengali,fake,rvc,rvc_fixed_011_Jao Pakhi Bolo Tare.mp3_22k.wav,10,10
61ad57030d6e9a63de96d5a88c4042b8,bengali,fake,rvc,rvc_fixed_011_Jao Pakhi Bolo Tare.mp3_22k.wav,11,10
69435159a21940bde69853c41ac823cd,bengali,fake,rvc,rvc_fixed_011_Jao Pakhi Bolo Tare.mp3_22k.wav,12,10
a63134827cb8e956e0e78a300a84dfd8,bengali,fake,rvc,rvc_fixed_011_Jao Pakhi Bolo Tare.mp3_22k.wav,13,10
37c81118aaad390fa6eaaba5ef0c650a,bengali,fake,rvc,rvc_fixed_011_Jao Pakhi Bolo Tare.mp3_22k.wav,14,10
3b5408cafa46b7366a450f6b45d94972,bengali,fake,rvc,rvc_fixed_011_Jao Pakhi Bolo Tare.mp3_22k.wav,15,10
29dcdf05d38121e9d475cea23aab16d6,bengali,fake,rvc,rvc_fixed_011_Jao Pakhi Bolo Tare.mp3_22k.wav,16,10
0f8361616420ea91bca39c8b6ebe5c25,bengali,fake,rvc,rvc_fixed_011_Jao Pakhi Bolo Tare.mp3_22k.wav,17,10
b03bdde1d11d5d0dfa58faacfe42db23,bengali,fake,rvc,rvc_fixed_011_Jao Pakhi Bolo Tare.mp3_22k.wav,18,10
39ce5db7b24c44c09f7a6b4b43a00811,bengali,fake,rvc,rvc_fixed_011_Jao Pakhi Bolo Tare.mp3_22k.wav,19,10
053d6d9c2519d7545df9e45c004d172c,bengali,fake,rvc,rvc_fixed_011_Jao Pakhi Bolo Tare.mp3_22k.wav,20,10
dfc0df34951ff0ac6b2bad5c025510e9,bengali,fake,rvc,rvc_fixed_011_Jao Pakhi Bolo Tare.mp3_22k.wav,21,10
8e8e0b091c658b8101d75516cc6fed45,bengali,fake,rvc,rvc_fixed_011_Jao Pakhi Bolo Tare.mp3_22k.wav,22,10
a213a07c1d7004ffd2b807686651fe42,bengali,fake,rvc,rvc_fixed_011_Jao Pakhi Bolo Tare.mp3_22k.wav,23,10
5ec99170d40eb846baeeedd735b8c53c,bengali,fake,rvc,rvc_fixed_011_Jao Pakhi Bolo Tare.mp3_22k.wav,24,10
f80080883e960fbb9257fab4bc5f2aae,bengali,fake,rvc,rvc_fixed_011_Jao Pakhi Bolo Tare.mp3_22k.wav,25,10
310d0d45c705ac27816bacb81db91c22,bengali,fake,rvc,rvc_fixed_012_Khachar Bhitor Achin Pakhi.mp3_22k.wav,0,10
76f801dc7d0b69f9c1e224f6aeece50f,bengali,fake,rvc,rvc_fixed_012_Khachar Bhitor Achin Pakhi.mp3_22k.wav,1,10
0b9252df71ee2359980383f5752f87df,bengali,fake,rvc,rvc_fixed_012_Khachar Bhitor Achin Pakhi.mp3_22k.wav,2,10
69be97c55bec635af59f39c734dc2386,bengali,fake,rvc,rvc_fixed_012_Khachar Bhitor Achin Pakhi.mp3_22k.wav,3,10
22eea6253ca059b587911c9548e96e91,bengali,fake,rvc,rvc_fixed_012_Khachar Bhitor Achin Pakhi.mp3_22k.wav,4,10
d40390d1dbb06bd0ad67e7791f85854c,bengali,fake,rvc,rvc_fixed_012_Khachar Bhitor Achin Pakhi.mp3_22k.wav,5,10
fb2e47288487a50001396e0707d08103,bengali,fake,rvc,rvc_fixed_012_Khachar Bhitor Achin Pakhi.mp3_22k.wav,6,10
903618157d3557c26198e8230f51392c,bengali,fake,rvc,rvc_fixed_012_Khachar Bhitor Achin Pakhi.mp3_22k.wav,7,10
75f118f95157ff71ba7baebaa4ddf92a,bengali,fake,rvc,rvc_fixed_012_Khachar Bhitor Achin Pakhi.mp3_22k.wav,8,10
aa8782b97c2a2aad0adbedb037d00e47,bengali,fake,rvc,rvc_fixed_012_Khachar Bhitor Achin Pakhi.mp3_22k.wav,9,10
06f6c06ad9660efed02443f832d97a45,bengali,fake,rvc,rvc_fixed_012_Khachar Bhitor Achin Pakhi.mp3_22k.wav,10,10
0c45b12e5ec8e26da777e0efe72a067f,bengali,fake,rvc,rvc_fixed_012_Khachar Bhitor Achin Pakhi.mp3_22k.wav,11,10
6f57db5f9f8870dcdae90bdc27800d83,bengali,fake,rvc,rvc_fixed_012_Khachar Bhitor Achin Pakhi.mp3_22k.wav,12,10
fa911c5f315112d6fcabd1ddd4f8523c,bengali,fake,rvc,rvc_fixed_012_Khachar Bhitor Achin Pakhi.mp3_22k.wav,13,10
11454b0c8510ea43fe1a90e5e768994c,bengali,fake,rvc,rvc_fixed_012_Khachar Bhitor Achin Pakhi.mp3_22k.wav,14,10
033a59e86d539236232f9002aa971a6e,bengali,fake,rvc,rvc_fixed_012_Khachar Bhitor Achin Pakhi.mp3_22k.wav,15,10
f0911083eeceba29c5b237d74a17fea5,bengali,fake,rvc,rvc_fixed_012_Khachar Bhitor Achin Pakhi.mp3_22k.wav,16,10
2a2c206534f86b7781c346e0bff7406b,bengali,fake,rvc,rvc_fixed_012_Khachar Bhitor Achin Pakhi.mp3_22k.wav,17,10
81a6e684f1b7e6902a53351c45bb9b9b,bengali,fake,rvc,rvc_fixed_012_Khachar Bhitor Achin Pakhi.mp3_22k.wav,18,10
ba8b35979173f703ab8fb03ac4a7b227,bengali,fake,rvc,rvc_fixed_012_Khachar Bhitor Achin Pakhi.mp3_22k.wav,19,10
253ead9f027fdaf3c14bc5164edb467a,bengali,fake,rvc,rvc_fixed_012_Khachar Bhitor Achin Pakhi.mp3_22k.wav,20,10
a8d755ff1bec5854003a974ec76249d5,bengali,fake,rvc,rvc_fixed_012_Khachar Bhitor Achin Pakhi.mp3_22k.wav,21,10
f27cc3ff3b69969d74e514de5eb383a2,bengali,fake,rvc,rvc_fixed_012_Khachar Bhitor Achin Pakhi.mp3_22k.wav,22,10
493adb0a5b03389c8bafda82f89fdd96,bengali,fake,rvc,rvc_fixed_012_Khachar Bhitor Achin Pakhi.mp3_22k.wav,23,10
17d9f646dc197c9d69d2ab021de0c5e4,bengali,fake,rvc,rvc_fixed_012_Khachar Bhitor Achin Pakhi.mp3_22k.wav,24,10
64e9f6d441a6169b5272a89c82c7aed7,bengali,fake,rvc,rvc_fixed_012_Khachar Bhitor Achin Pakhi.mp3_22k.wav,25,10
e7b1f6187f66b3962e45404d3c93f067,bengali,fake,rvc,rvc_fixed_012_Khachar Bhitor Achin Pakhi.mp3_22k.wav,26,10
090c374752b3069062f93d9c61c1f03f,bengali,fake,rvc,rvc_fixed_012_Khachar Bhitor Achin Pakhi.mp3_22k.wav,27,10
14de7430dde0b04277c92bd573da04fd,bengali,fake,rvc,rvc_fixed_012_Khachar Bhitor Achin Pakhi.mp3_22k.wav,28,10
c080fa08b4720f898a607582bad130bd,bengali,fake,rvc,rvc_fixed_012_Khachar Bhitor Achin Pakhi.mp3_22k.wav,29,10
29d181678bffb49fe0ea7f7df956e847,bengali,fake,rvc,rvc_fixed_012_Khachar Bhitor Achin Pakhi.mp3_22k.wav,30,10
06869b16e5d5316585ee461aa9e370e7,bengali,fake,rvc,rvc_fixed_012_Khachar Bhitor Achin Pakhi.mp3_22k.wav,31,10
1030c101a5ec1112c88c15ac6c031623,bengali,fake,rvc,rvc_fixed_012_Khachar Bhitor Achin Pakhi.mp3_22k.wav,32,10
fb01d6ac63eae167daee70e3278db76b,bengali,fake,rvc,rvc_fixed_012_Khachar Bhitor Achin Pakhi.mp3_22k.wav,33,10
4737e1ca180c6e62643a7b8ce5a0b08e,bengali,fake,rvc,rvc_fixed_012_Khachar Bhitor Achin Pakhi.mp3_22k.wav,34,10
1f6c1c165a188c812ac5ab928dbff020,bengali,fake,rvc,rvc_fixed_012_Khachar Bhitor Achin Pakhi.mp3_22k.wav,35,10
91f42c67c4040c0454c05abb881505c0,bengali,fake,rvc,rvc_fixed_012_Khachar Bhitor Achin Pakhi.mp3_22k.wav,36,10
fbfdafc5d7e6260875e2d17893892afd,bengali,fake,rvc,rvc_fixed_012_Khachar Bhitor Achin Pakhi.mp3_22k.wav,37,10
adef6dcbdccfd41b343c17ef7596d12e,bengali,fake,rvc,rvc_fixed_012_Khachar Bhitor Achin Pakhi.mp3_22k.wav,38,10
071d7e1e6a659342033af4e2ca8c14af,bengali,fake,rvc,rvc_fixed_012_Khachar Bhitor Achin Pakhi.mp3_22k.wav,39,10
c10e7de2cc6e4c0f34dd88b77d51cf80,bengali,fake,rvc,rvc_fixed_012_Khachar Bhitor Achin Pakhi.mp3_22k.wav,40,10
7a3fc5de9c0c1abbfd4daa6458457467,bengali,fake,rvc,rvc_fixed_012_Khachar Bhitor Achin Pakhi.mp3_22k.wav,41,10
42b299561858778a1798994dcc79d809,bengali,fake,rvc,rvc_fixed_012_Khachar Bhitor Achin Pakhi.mp3_22k.wav,42,10
e4d76143b5004486dd4b7c75de98b835,bengali,fake,rvc,rvc_fixed_012_Khachar Bhitor Achin Pakhi.mp3_22k.wav,43,10
98c9493aadadd88c309ccd88584c15f9,bengali,fake,rvc,rvc_fixed_012_Khachar Bhitor Achin Pakhi.mp3_22k.wav,44,10
9ceefa9fd0e8bdb893daa310e959e330,bengali,fake,rvc,rvc_fixed_012_Khachar Bhitor Achin Pakhi.mp3_22k.wav,45,10
5c3307ccbc74616ff4b9425ff0fc30a7,bengali,fake,rvc,rvc_fixed_013_Age Ki Sundor Din Kataitam.mp3_22k.wav,0,10
b8a123aa88dee93691be17df6e0a0710,bengali,fake,rvc,rvc_fixed_013_Age Ki Sundor Din Kataitam.mp3_22k.wav,1,10
3aeafc20a50c8333fc6cfbf2d9ad76dc,bengali,fake,rvc,rvc_fixed_013_Age Ki Sundor Din Kataitam.mp3_22k.wav,2,10
19c60eca5bbf6e1499cd8514f653a7c9,bengali,fake,rvc,rvc_fixed_013_Age Ki Sundor Din Kataitam.mp3_22k.wav,3,10
38cc7f6dfd185a8778c2128ccad7ebd5,bengali,fake,rvc,rvc_fixed_013_Age Ki Sundor Din Kataitam.mp3_22k.wav,4,10
1246c8b017f7f9e17fa9d8392a03f503,bengali,fake,rvc,rvc_fixed_013_Age Ki Sundor Din Kataitam.mp3_22k.wav,5,10
b9fdc8e123ac69220cc3421f06a32b5c,bengali,fake,rvc,rvc_fixed_013_Age Ki Sundor Din Kataitam.mp3_22k.wav,6,10
84d5ff9e90253a01da9f277de2231f8e,bengali,fake,rvc,rvc_fixed_013_Age Ki Sundor Din Kataitam.mp3_22k.wav,7,10
46312ff4b826081812a2842453cbd95a,bengali,fake,rvc,rvc_fixed_013_Age Ki Sundor Din Kataitam.mp3_22k.wav,8,10
3b73369dd5aaa2df54d1b8496a20551d,bengali,fake,rvc,rvc_fixed_013_Age Ki Sundor Din Kataitam.mp3_22k.wav,9,10
ab0c5eaef86d5ebab0e06941785f30ca,bengali,fake,rvc,rvc_fixed_013_Age Ki Sundor Din Kataitam.mp3_22k.wav,10,10
1f589a75852a50a006cb03168ca81dc4,bengali,fake,rvc,rvc_fixed_013_Age Ki Sundor Din Kataitam.mp3_22k.wav,11,10
8eef4a0de0970d03f9dcb386e0d9800d,bengali,fake,rvc,rvc_fixed_013_Age Ki Sundor Din Kataitam.mp3_22k.wav,12,10
547d8a118385b70cb7d7fd7241cfee25,bengali,fake,rvc,rvc_fixed_013_Age Ki Sundor Din Kataitam.mp3_22k.wav,13,10
9c87e57cfc393fd3af49d989b12916ce,bengali,fake,rvc,rvc_fixed_013_Age Ki Sundor Din Kataitam.mp3_22k.wav,14,10
e9059d780795c85e2a0d64bb92878380,bengali,fake,rvc,rvc_fixed_013_Age Ki Sundor Din Kataitam.mp3_22k.wav,15,10
fb4c94838d4d7d74b6c9923319c0a15c,bengali,fake,rvc,rvc_fixed_013_Age Ki Sundor Din Kataitam.mp3_22k.wav,16,10
4460c014f2d3805f59c876c215d3db4c,bengali,fake,rvc,rvc_fixed_013_Age Ki Sundor Din Kataitam.mp3_22k.wav,17,10
07db9bacb1096f00116938aa88116c44,bengali,fake,rvc,rvc_fixed_013_Age Ki Sundor Din Kataitam.mp3_22k.wav,18,10
2e35aac93ca1aa2473055457857767a6,bengali,fake,rvc,rvc_fixed_013_Age Ki Sundor Din Kataitam.mp3_22k.wav,19,10
9a5ced27cea11f6656e871fef1542c36,bengali,fake,rvc,rvc_fixed_013_Age Ki Sundor Din Kataitam.mp3_22k.wav,20,10
336ea6f2f185b8a8717e54d3a9029fb1,bengali,fake,rvc,rvc_fixed_013_Age Ki Sundor Din Kataitam.mp3_22k.wav,21,10
c0d40ddd0ea348f8d2b53ccd22e9e769,bengali,fake,rvc,rvc_fixed_013_Age Ki Sundor Din Kataitam.mp3_22k.wav,22,10
31596fa73610e39b6072cd8500031beb,bengali,fake,rvc,rvc_fixed_013_Age Ki Sundor Din Kataitam.mp3_22k.wav,23,10
2c45fe5097252a52d5a2f7bbb85a745d,bengali,fake,rvc,rvc_fixed_013_Age Ki Sundor Din Kataitam.mp3_22k.wav,24,10
98f5164c8a0d70c30f1e6c5d60d80dae,bengali,fake,rvc,rvc_fixed_013_Age Ki Sundor Din Kataitam.mp3_22k.wav,25,10
c14703277eda94ba9a743640dfaf80a9,bengali,fake,rvc,rvc_fixed_014_Pal Tule De.mp3_22k.wav,0,10
17dd40ad1ced88120c4bd9551f69e6fa,bengali,fake,rvc,rvc_fixed_014_Pal Tule De.mp3_22k.wav,1,10
29dcc4f9b60381e2003c3bdf1d0e102e,bengali,fake,rvc,rvc_fixed_014_Pal Tule De.mp3_22k.wav,2,10
03964c323f90f65c644852750051aeca,bengali,fake,rvc,rvc_fixed_014_Pal Tule De.mp3_22k.wav,3,10
cbb14c448051e10d17ac7ebf48def9b9,bengali,fake,rvc,rvc_fixed_014_Pal Tule De.mp3_22k.wav,4,10
37089f1cd5a708dab6e8c953dc09d3f0,bengali,fake,rvc,rvc_fixed_014_Pal Tule De.mp3_22k.wav,5,10
58862258694bf8930971bb7e75bc3620,bengali,fake,rvc,rvc_fixed_014_Pal Tule De.mp3_22k.wav,6,10
95bd103982a4ee2efe07c4ed782dd8b5,bengali,fake,rvc,rvc_fixed_014_Pal Tule De.mp3_22k.wav,7,10
75dba336ab62497b5c52793fe33c9f95,bengali,fake,rvc,rvc_fixed_014_Pal Tule De.mp3_22k.wav,8,10
bcac7db13677903af3fdccaad9a7aa9c,bengali,fake,rvc,rvc_fixed_014_Pal Tule De.mp3_22k.wav,9,10
a3a0dac6dd4fc90b55ac58791a57e914,bengali,fake,rvc,rvc_fixed_014_Pal Tule De.mp3_22k.wav,10,10
a7c184d2e4b2860b42b2d21842fd7c54,bengali,fake,rvc,rvc_fixed_014_Pal Tule De.mp3_22k.wav,11,10
be35d5d5e2b13c466db0610dc0d3d3aa,bengali,fake,rvc,rvc_fixed_014_Pal Tule De.mp3_22k.wav,12,10
c44a6098b0b84f973049342ce3427d4d,bengali,fake,rvc,rvc_fixed_014_Pal Tule De.mp3_22k.wav,13,10
c958526ff5557d35f4d548050794faed,bengali,fake,rvc,rvc_fixed_014_Pal Tule De.mp3_22k.wav,14,10
be75bba5634863c6d23b100b1f2d947e,bengali,fake,rvc,rvc_fixed_014_Pal Tule De.mp3_22k.wav,15,10
0f19a4392e0f8a6e0bcd7ae3077f1108,bengali,fake,rvc,rvc_fixed_014_Pal Tule De.mp3_22k.wav,16,10
59c64bc4c97e09ef19d92805b6a55772,bengali,fake,rvc,rvc_fixed_014_Pal Tule De.mp3_22k.wav,17,10
1ddf3e036380e27936a1bc6b94506e63,bengali,fake,rvc,rvc_fixed_014_Pal Tule De.mp3_22k.wav,18,10
68c523ee87141896ed770e06760efbce,bengali,fake,rvc,rvc_fixed_014_Pal Tule De.mp3_22k.wav,19,10
9cb018c13f3238b2c894579cae15989c,bengali,fake,rvc,rvc_fixed_014_Pal Tule De.mp3_22k.wav,20,10
298c8b0e8d5fd6c313b46a29d9d58834,bengali,fake,rvc,rvc_fixed_014_Pal Tule De.mp3_22k.wav,21,10
7e637b50587f6915aa753d529f65b34b,bengali,fake,rvc,rvc_fixed_014_Pal Tule De.mp3_22k.wav,22,10
778745e35c4f2dfedf642409199c4156,bengali,fake,rvc,rvc_fixed_014_Pal Tule De.mp3_22k.wav,23,10
089c5f73dd24bc245706ca2ead323310,bengali,fake,rvc,rvc_fixed_014_Pal Tule De.mp3_22k.wav,24,10
36150ba8bc15857bc5238b730beb7abe,bengali,fake,rvc,rvc_fixed_014_Pal Tule De.mp3_22k.wav,25,10
74e6f6763211b38b6e4cc4e4c52a3d77,bengali,fake,rvc,rvc_fixed_014_Pal Tule De.mp3_22k.wav,26,10
d86caebb2320dda70316dae7865f011f,bengali,fake,rvc,rvc_fixed_014_Pal Tule De.mp3_22k.wav,27,10
0cd63fc48560d1a9fd61165559c5f59b,bengali,fake,rvc,rvc_fixed_014_Pal Tule De.mp3_22k.wav,28,10
ef389a8657c14a7c0f58af0c7845b23e,bengali,fake,rvc,rvc_fixed_014_Pal Tule De.mp3_22k.wav,29,10
adb24a1e216646aac168419509f56fb6,bengali,fake,rvc,rvc_fixed_014_Pal Tule De.mp3_22k.wav,30,10
be4d9021adb99d8c62f36270aeb3b020,bengali,fake,rvc,rvc_fixed_014_Pal Tule De.mp3_22k.wav,31,10
d16b12a93e0afd0b4b96f5ced4177190,bengali,fake,rvc,rvc_fixed_014_Pal Tule De.mp3_22k.wav,32,10
8058d96f7f1e6d10400b53b8346a4e39,bengali,fake,rvc,rvc_fixed_014_Pal Tule De.mp3_22k.wav,33,10
db44a438dd6c3973ea5aea903b81c6a7,bengali,fake,rvc,rvc_fixed_014_Pal Tule De.mp3_22k.wav,34,10
d6e7437d2389734585a425fbb9b63230,bengali,fake,rvc,rvc_fixed_014_Pal Tule De.mp3_22k.wav,35,10
1710b044c840b68e338919a998829784,bengali,fake,rvc,rvc_fixed_014_Pal Tule De.mp3_22k.wav,36,10
fd1bb679349ad347de51391ac4d7ad03,bengali,fake,rvc,rvc_fixed_014_Pal Tule De.mp3_22k.wav,37,10
53f01f8d34c5b1d3fe5ed4cae43e3b5f,bengali,fake,rvc,rvc_fixed_014_Pal Tule De.mp3_22k.wav,38,10
3140471b3126541ff14244195f338c63,bengali,fake,rvc,rvc_fixed_014_Pal Tule De.mp3_22k.wav,39,10
db555fc90783c64c9aee98aad6bc1d4e,bengali,fake,rvc,rvc_fixed_014_Pal Tule De.mp3_22k.wav,40,10
afee5e1ca82c22cac4c80ec0de473652,bengali,fake,rvc,rvc_fixed_015_Bala Nacho To Dekhi.mp3_22k.wav,0,10
70c99ebf84d45de42082ba3bbd7fa23d,bengali,fake,rvc,rvc_fixed_015_Bala Nacho To Dekhi.mp3_22k.wav,1,10
c03ab172c3500e5aa7d1a86cb5a1f4ea,bengali,fake,rvc,rvc_fixed_015_Bala Nacho To Dekhi.mp3_22k.wav,2,10
c6847016fcbcf0027e58a0c57c4e097b,bengali,fake,rvc,rvc_fixed_015_Bala Nacho To Dekhi.mp3_22k.wav,3,10
46d0c6c3f1a2afcc5adcb3876949e490,bengali,fake,rvc,rvc_fixed_015_Bala Nacho To Dekhi.mp3_22k.wav,4,10
02f65aebcc9aaa6186cc136ccf8db4c4,bengali,fake,rvc,rvc_fixed_015_Bala Nacho To Dekhi.mp3_22k.wav,5,10
8925131b5a843b1c376be5b956dce81d,bengali,fake,rvc,rvc_fixed_015_Bala Nacho To Dekhi.mp3_22k.wav,6,10
be70e26b17471aa32474a02635740c67,bengali,fake,rvc,rvc_fixed_015_Bala Nacho To Dekhi.mp3_22k.wav,7,10
4e04c1778273834de23bd6308070cda8,bengali,fake,rvc,rvc_fixed_015_Bala Nacho To Dekhi.mp3_22k.wav,8,10
e1abddfd5bf47591e96be3f78531e200,bengali,fake,rvc,rvc_fixed_015_Bala Nacho To Dekhi.mp3_22k.wav,9,10
8f1bec8454bcea391c5307d6c0834ad3,bengali,fake,rvc,rvc_fixed_015_Bala Nacho To Dekhi.mp3_22k.wav,10,10
afdbd19c4ace47cfc14257f23d1923a5,bengali,fake,rvc,rvc_fixed_015_Bala Nacho To Dekhi.mp3_22k.wav,11,10
fe5df4fe7b32eebb0f30e64b3a99a625,bengali,fake,rvc,rvc_fixed_015_Bala Nacho To Dekhi.mp3_22k.wav,12,10
fafe83c239432e7374889fb925566ea9,bengali,fake,rvc,rvc_fixed_015_Bala Nacho To Dekhi.mp3_22k.wav,13,10
eafda9ab0d749c33ff0a5aa8f35610c8,bengali,fake,rvc,rvc_fixed_015_Bala Nacho To Dekhi.mp3_22k.wav,14,10
222e7a5affdc0941b1c66662140e6c68,bengali,fake,rvc,rvc_fixed_015_Bala Nacho To Dekhi.mp3_22k.wav,15,10
30a1310cbd1f42652ba73954b5932368,bengali,fake,rvc,rvc_fixed_015_Bala Nacho To Dekhi.mp3_22k.wav,16,10
4a4abb7b98816fadca9131cbb1910422,bengali,fake,rvc,rvc_fixed_015_Bala Nacho To Dekhi.mp3_22k.wav,17,10
ef9165517a7d67289028e79eff59b723,bengali,fake,rvc,rvc_fixed_015_Bala Nacho To Dekhi.mp3_22k.wav,18,10
7686db63eed0009922a76e5b721c985d,bengali,fake,rvc,rvc_fixed_015_Bala Nacho To Dekhi.mp3_22k.wav,19,10
1d83cf7952cd7e08f510260a41686af1,bengali,fake,rvc,rvc_fixed_015_Bala Nacho To Dekhi.mp3_22k.wav,20,10
5718f834331e13aaf940403876090d1f,bengali,fake,rvc,rvc_fixed_015_Bala Nacho To Dekhi.mp3_22k.wav,21,10
ac05223262c613279f5743ff7504da95,bengali,fake,rvc,rvc_fixed_015_Bala Nacho To Dekhi.mp3_22k.wav,22,10
be78f8430702c167f93bef38a4502380,bengali,fake,rvc,rvc_fixed_016_Pindare Polasher Bon.mp3_22k.wav,0,10
b506e27f729ee23776f277482c901d11,bengali,fake,rvc,rvc_fixed_016_Pindare Polasher Bon.mp3_22k.wav,1,10
16f5001d6804a952d6ada049cd5cae7e,bengali,fake,rvc,rvc_fixed_016_Pindare Polasher Bon.mp3_22k.wav,2,10
9d3acd159f747c32b99579b155e4c193,bengali,fake,rvc,rvc_fixed_016_Pindare Polasher Bon.mp3_22k.wav,3,10
e9f8eb3b0435fec06fad542037688d69,bengali,fake,rvc,rvc_fixed_016_Pindare Polasher Bon.mp3_22k.wav,4,10
c630d916140d739e052a7c6b0de862b1,bengali,fake,rvc,rvc_fixed_016_Pindare Polasher Bon.mp3_22k.wav,5,10
842561e18a0fa69d6636698e36c051f9,bengali,fake,rvc,rvc_fixed_016_Pindare Polasher Bon.mp3_22k.wav,6,10
553aac1d5bc511a4b5404a3b65e8197e,bengali,fake,rvc,rvc_fixed_016_Pindare Polasher Bon.mp3_22k.wav,7,10
c0aa9726099b54ba07389f1e60777889,bengali,fake,rvc,rvc_fixed_016_Pindare Polasher Bon.mp3_22k.wav,8,10
da3b56a95c280ab6b688a7e6208aa53b,bengali,fake,rvc,rvc_fixed_016_Pindare Polasher Bon.mp3_22k.wav,9,10
a394550091d00d3ccf772449f73fd715,bengali,fake,rvc,rvc_fixed_016_Pindare Polasher Bon.mp3_22k.wav,10,10
f1b4ede6a2860bc40691034167f150e2,bengali,fake,rvc,rvc_fixed_016_Pindare Polasher Bon.mp3_22k.wav,11,10
d3011d2a015643a3a0e865bf7cff8fba,bengali,fake,rvc,rvc_fixed_016_Pindare Polasher Bon.mp3_22k.wav,12,10
a5975d8a561206e7a73d6d48e53bdc1b,bengali,fake,rvc,rvc_fixed_016_Pindare Polasher Bon.mp3_22k.wav,13,10
b6523f0586bfd68c259ef8a76593192c,bengali,fake,rvc,rvc_fixed_016_Pindare Polasher Bon.mp3_22k.wav,14,10
391b62415ea72130eaaee16c11c0838e,bengali,fake,rvc,rvc_fixed_016_Pindare Polasher Bon.mp3_22k.wav,15,10
f3ba903a9140f0fba22246c2bbe889f3,bengali,fake,rvc,rvc_fixed_017_Sadher Lau Banaila More Bairagi.mp3_22k.wav,0,10
356e658a38c8a9f78ce33e7dc13e7859,bengali,fake,rvc,rvc_fixed_017_Sadher Lau Banaila More Bairagi.mp3_22k.wav,1,10
7e6f33802b2483265f530bfc5b9d76a2,bengali,fake,rvc,rvc_fixed_017_Sadher Lau Banaila More Bairagi.mp3_22k.wav,2,10
4cfd24b42f1feefd8deb53aff72098e9,bengali,fake,rvc,rvc_fixed_017_Sadher Lau Banaila More Bairagi.mp3_22k.wav,3,10
b8d798fe09b98ddecdab46f9d0f4a3be,bengali,fake,rvc,rvc_fixed_017_Sadher Lau Banaila More Bairagi.mp3_22k.wav,4,10
906fbf918e264ffcb705ba0bdf1efae8,bengali,fake,rvc,rvc_fixed_017_Sadher Lau Banaila More Bairagi.mp3_22k.wav,5,10
bc8d449d34f51d9f917b5a568032713f,bengali,fake,rvc,rvc_fixed_017_Sadher Lau Banaila More Bairagi.mp3_22k.wav,6,10
44c2aaca50f541a47b08c570b6d974eb,bengali,fake,rvc,rvc_fixed_017_Sadher Lau Banaila More Bairagi.mp3_22k.wav,7,10
b61525bbce5a0079b5e035e192545c24,bengali,fake,rvc,rvc_fixed_017_Sadher Lau Banaila More Bairagi.mp3_22k.wav,8,10
66973d052e59ae9f168fa9bc31ecd2f0,bengali,fake,rvc,rvc_fixed_017_Sadher Lau Banaila More Bairagi.mp3_22k.wav,9,10
87f5def184b8549ec54efbde4777cb95,bengali,fake,rvc,rvc_fixed_017_Sadher Lau Banaila More Bairagi.mp3_22k.wav,10,10
a0ab3675ead66db7a75f8dc16f149b9c,bengali,fake,rvc,rvc_fixed_017_Sadher Lau Banaila More Bairagi.mp3_22k.wav,11,10
3c3187eb66210d1d818aee014990d46e,bengali,fake,rvc,rvc_fixed_017_Sadher Lau Banaila More Bairagi.mp3_22k.wav,12,10
6d6ee84e62d92eaa38f6f288c0acc395,bengali,fake,rvc,rvc_fixed_017_Sadher Lau Banaila More Bairagi.mp3_22k.wav,13,10
a4bd3177339cb5d4c21a34f275fc018e,bengali,fake,rvc,rvc_fixed_017_Sadher Lau Banaila More Bairagi.mp3_22k.wav,14,10
ee7e1e439a8c544f2d44d4b23ba91efe,bengali,fake,rvc,rvc_fixed_017_Sadher Lau Banaila More Bairagi.mp3_22k.wav,15,10
5681d6552006d0e90a05aa24c81a1e24,bengali,fake,rvc,rvc_fixed_017_Sadher Lau Banaila More Bairagi.mp3_22k.wav,16,10
72aeb547653704e36ea05d116161e1c6,bengali,fake,rvc,rvc_fixed_017_Sadher Lau Banaila More Bairagi.mp3_22k.wav,17,10
f7b470f8e7cea6726bbe45a6f25c2593,bengali,fake,rvc,rvc_fixed_017_Sadher Lau Banaila More Bairagi.mp3_22k.wav,18,10
5808edfdccc531d41adf1bafff4e24c1,bengali,fake,rvc,rvc_fixed_018_Sohag Chand Badani Dhani.mp3_22k.wav,0,10
eccd1f188db86d4a7562d0ef963e4f12,bengali,fake,rvc,rvc_fixed_018_Sohag Chand Badani Dhani.mp3_22k.wav,1,10
1265805cf207156043c2aba4b0bbec60,bengali,fake,rvc,rvc_fixed_018_Sohag Chand Badani Dhani.mp3_22k.wav,2,10
6a899a26a1d49868a63b50a0d5489943,bengali,fake,rvc,rvc_fixed_018_Sohag Chand Badani Dhani.mp3_22k.wav,3,10
c88085dde04b6cce62fe667d7d44edec,bengali,fake,rvc,rvc_fixed_018_Sohag Chand Badani Dhani.mp3_22k.wav,4,10
efb928437656f06f714693e6edf7928b,bengali,fake,rvc,rvc_fixed_018_Sohag Chand Badani Dhani.mp3_22k.wav,5,10
1471a413e2bb8b3c4f37d6115abb6531,bengali,fake,rvc,rvc_fixed_018_Sohag Chand Badani Dhani.mp3_22k.wav,6,10
5a6308b432ce8c67fa0ba5e18e202f03,bengali,fake,rvc,rvc_fixed_018_Sohag Chand Badani Dhani.mp3_22k.wav,7,10
66cb4393b4e12c7e31b072007f9ff7a6,bengali,fake,rvc,rvc_fixed_018_Sohag Chand Badani Dhani.mp3_22k.wav,8,10
18e09da91b5ade7e2fb03c5aa149d675,bengali,fake,rvc,rvc_fixed_018_Sohag Chand Badani Dhani.mp3_22k.wav,9,10
890ae3a36df3eec16363dc16bef08e9c,bengali,fake,rvc,rvc_fixed_018_Sohag Chand Badani Dhani.mp3_22k.wav,10,10
b9f16229f2682248113eba813dedf584,bengali,fake,rvc,rvc_fixed_018_Sohag Chand Badani Dhani.mp3_22k.wav,11,10
956416001c751c305d803d8905c90798,bengali,fake,rvc,rvc_fixed_018_Sohag Chand Badani Dhani.mp3_22k.wav,12,10
9c7091766438d9acbe6bfe69662c40c3,bengali,fake,rvc,rvc_fixed_018_Sohag Chand Badani Dhani.mp3_22k.wav,13,10
9c7c46ab28e30fda41938b7f7c30e66c,bengali,fake,rvc,rvc_fixed_018_Sohag Chand Badani Dhani.mp3_22k.wav,14,10
c98895359942004a6a99522f9123e411,bengali,fake,rvc,rvc_fixed_018_Sohag Chand Badani Dhani.mp3_22k.wav,15,10
e2fd82ff75f88e5f321a5fce6b809cef,bengali,fake,rvc,rvc_fixed_019_Ami Eto Je Tomay Bhalobesechhi.mp3_22k.wav,0,10
cf98b798a1f51728c906ef575769b069,bengali,fake,rvc,rvc_fixed_019_Ami Eto Je Tomay Bhalobesechhi.mp3_22k.wav,1,10
b7288c7a76d3d1f1f282f4bb437be4b1,bengali,fake,rvc,rvc_fixed_019_Ami Eto Je Tomay Bhalobesechhi.mp3_22k.wav,2,10
16e4f3a3ca78650e907be5fa1f10fb93,bengali,fake,rvc,rvc_fixed_019_Ami Eto Je Tomay Bhalobesechhi.mp3_22k.wav,3,10
fbb4ce4c2a70a83f1c7eaa528d606865,bengali,fake,rvc,rvc_fixed_019_Ami Eto Je Tomay Bhalobesechhi.mp3_22k.wav,4,10
2bce1ba83ef6716d4f6c02415ca89a7d,bengali,fake,rvc,rvc_fixed_019_Ami Eto Je Tomay Bhalobesechhi.mp3_22k.wav,5,10
4f7d1a1baa7954395ac2ef799af16c37,bengali,fake,rvc,rvc_fixed_019_Ami Eto Je Tomay Bhalobesechhi.mp3_22k.wav,6,10
5d2dba142277e3229c286494dbaddd13,bengali,fake,rvc,rvc_fixed_019_Ami Eto Je Tomay Bhalobesechhi.mp3_22k.wav,7,10
314803a660125c7a048f3165c5037657,bengali,fake,rvc,rvc_fixed_019_Ami Eto Je Tomay Bhalobesechhi.mp3_22k.wav,8,10
fdaa82c4a0b1ab9c1d10af96b47f2870,bengali,fake,rvc,rvc_fixed_019_Ami Eto Je Tomay Bhalobesechhi.mp3_22k.wav,9,10
09899ea3f4ca9d3763adf9b06f378622,bengali,fake,rvc,rvc_fixed_019_Ami Eto Je Tomay Bhalobesechhi.mp3_22k.wav,10,10
3b968f1a12ce98de77cce3588ae78cdf,bengali,fake,rvc,rvc_fixed_019_Ami Eto Je Tomay Bhalobesechhi.mp3_22k.wav,11,10
00717fb662c99c91e260b9b748564e2c,bengali,fake,rvc,rvc_fixed_019_Ami Eto Je Tomay Bhalobesechhi.mp3_22k.wav,12,10
bb26d2c4fa2cff39e3b45b38c094b7ba,bengali,fake,rvc,rvc_fixed_019_Ami Eto Je Tomay Bhalobesechhi.mp3_22k.wav,13,10
38cacd4e520ff787e388dcacb3d46515,bengali,fake,rvc,rvc_fixed_019_Ami Eto Je Tomay Bhalobesechhi.mp3_22k.wav,14,10
3345ea42263c21df3bcbe38960851415,bengali,fake,rvc,rvc_fixed_019_Ami Eto Je Tomay Bhalobesechhi.mp3_22k.wav,15,10
155f6099abebb421487e02fc3cf01ca8,bengali,fake,rvc,rvc_fixed_019_Ami Eto Je Tomay Bhalobesechhi.mp3_22k.wav,16,10
b2a8a9d77a2c85d07313540b0198812e,bengali,fake,rvc,rvc_fixed_019_Ami Eto Je Tomay Bhalobesechhi.mp3_22k.wav,17,10
2aaad30a6896fca62c5120738944dbe6,bengali,fake,rvc,rvc_fixed_019_Ami Eto Je Tomay Bhalobesechhi.mp3_22k.wav,18,10
2a13dead4f57daac84261ad1ddf4f819,bengali,fake,rvc,rvc_fixed_019_Ami Eto Je Tomay Bhalobesechhi.mp3_22k.wav,19,10
d36abc4132464696e8cc5e61ca2522fa,bengali,fake,rvc,rvc_fixed_019_Ami Eto Je Tomay Bhalobesechhi.mp3_22k.wav,20,10
ef2c5c7ce2f6b0f5eaf886827fc9fd1e,bengali,fake,rvc,rvc_fixed_019_Ami Eto Je Tomay Bhalobesechhi.mp3_22k.wav,21,10
1517f39c208861ebd466bc1f61363568,bengali,fake,rvc,rvc_fixed_019_Ami Eto Je Tomay Bhalobesechhi.mp3_22k.wav,22,10
e513b7d1f358644c477820dd77cf679f,bengali,fake,rvc,rvc_fixed_019_Ami Eto Je Tomay Bhalobesechhi.mp3_22k.wav,23,10
265c7c96cede8766ae49253a03341265,bengali,fake,rvc,rvc_fixed_019_Ami Eto Je Tomay Bhalobesechhi.mp3_22k.wav,24,10
7b9514789f8adc1faff24cbc5b87d96a,bengali,fake,rvc,rvc_fixed_019_Ami Eto Je Tomay Bhalobesechhi.mp3_22k.wav,25,10
8f8fae0daabc0329c0986ebb303afaea,bengali,fake,rvc,rvc_fixed_019_Ami Eto Je Tomay Bhalobesechhi.mp3_22k.wav,26,10
c485d92ab6f5341695c1ece518b94854,bengali,fake,rvc,rvc_fixed_019_Ami Eto Je Tomay Bhalobesechhi.mp3_22k.wav,27,10
f7085420ce6ace3229b1c938d2d43153,bengali,fake,rvc,rvc_fixed_019_Ami Eto Je Tomay Bhalobesechhi.mp3_22k.wav,28,10
23781d758cca2591bd4943b47f2d702c,bengali,fake,rvc,rvc_fixed_019_Ami Eto Je Tomay Bhalobesechhi.mp3_22k.wav,29,10
0a1dc8045b52b9771c0e36dd2f4d06ce,bengali,fake,rvc,rvc_fixed_019_Ami Eto Je Tomay Bhalobesechhi.mp3_22k.wav,30,10
1e6116d3e7b606a7925cf76b100f9787,bengali,fake,rvc,rvc_fixed_019_Ami Eto Je Tomay Bhalobesechhi.mp3_22k.wav,31,10
03fa833d5fb4ece1416c545baf8efd5f,bengali,fake,rvc,rvc_fixed_019_Ami Eto Je Tomay Bhalobesechhi.mp3_22k.wav,32,10
4b9348b44fe8e1866f82c6b41ab25434,bengali,fake,rvc,rvc_fixed_019_Ami Eto Je Tomay Bhalobesechhi.mp3_22k.wav,33,10
3a76cae4eb09ba6b7d64096a2850eac4,bengali,fake,rvc,rvc_fixed_019_Ami Eto Je Tomay Bhalobesechhi.mp3_22k.wav,34,10
13b25df3aeba5a898169eef9502abbc4,bengali,fake,rvc,rvc_fixed_019_Ami Eto Je Tomay Bhalobesechhi.mp3_22k.wav,35,10
479351199895b99f1b79849253c1da59,bengali,fake,rvc,rvc_fixed_019_Ami Eto Je Tomay Bhalobesechhi.mp3_22k.wav,36,10
c343b143813cb03a1466b50bffeeb6e6,bengali,fake,rvc,rvc_fixed_019_Ami Eto Je Tomay Bhalobesechhi.mp3_22k.wav,37,10
de0114be091a6df3e9d6d11b817fc24d,bengali,fake,rvc,rvc_fixed_019_Ami Eto Je Tomay Bhalobesechhi.mp3_22k.wav,38,10
91d36151d450a208ec1e63b31a44b021,bengali,fake,rvc,rvc_fixed_019_Ami Eto Je Tomay Bhalobesechhi.mp3_22k.wav,39,10
b07b1e8064e08550232e602b449e295d,bengali,fake,rvc,rvc_fixed_019_Ami Eto Je Tomay Bhalobesechhi.mp3_22k.wav,40,10
c5efda2917b85b193ede0a6f26a1fb63,bengali,fake,rvc,rvc_fixed_019_Ami Eto Je Tomay Bhalobesechhi.mp3_22k.wav,41,10
5cf134de1f6948be018b147d8a88766c,bengali,fake,rvc,rvc_fixed_019_Ami Eto Je Tomay Bhalobesechhi.mp3_22k.wav,42,10
ac09b86deb40eb7dfd7d52d162f83bff,bengali,fake,rvc,rvc_fixed_019_Ami Eto Je Tomay Bhalobesechhi.mp3_22k.wav,43,10
3b5b41de4f386f0f358f6fc2b46f60f2,bengali,fake,rvc,rvc_fixed_019_Ami Eto Je Tomay Bhalobesechhi.mp3_22k.wav,44,10
1b68ea91fb41edd21f8c75eb3c91c376,bengali,fake,rvc,rvc_fixed_019_Ami Eto Je Tomay Bhalobesechhi.mp3_22k.wav,45,10
a3bc05cdd8a5e7b8ed104cd543cdcbe3,bengali,fake,rvc,rvc_fixed_019_Ami Eto Je Tomay Bhalobesechhi.mp3_22k.wav,46,10
989267911dce4ad6cd249a36039b8d36,bengali,fake,rvc,rvc_fixed_019_Ami Eto Je Tomay Bhalobesechhi.mp3_22k.wav,47,10
5f94029a610d8809ba8d51f70e1b9384,bengali,fake,rvc,rvc_fixed_019_Ami Eto Je Tomay Bhalobesechhi.mp3_22k.wav,48,10
ae103e639d7f792627a5133cc8b828ae,bengali,fake,rvc,rvc_fixed_019_Ami Eto Je Tomay Bhalobesechhi.mp3_22k.wav,49,10
638fbc62fa9fe33d5f09fa95fc1d8062,bengali,fake,rvc,rvc_fixed_019_Ami Eto Je Tomay Bhalobesechhi.mp3_22k.wav,50,10
088cc0a10a4dda9c2cbf4a3a62d2701f,bengali,fake,rvc,rvc_fixed_019_Ami Eto Je Tomay Bhalobesechhi.mp3_22k.wav,51,10
9a551c5ed68e372ad1ed77949dad48d2,bengali,fake,rvc,rvc_fixed_019_Ami Eto Je Tomay Bhalobesechhi.mp3_22k.wav,52,10
1ed8ffbbe275b66cdac0ab2f417e7b24,bengali,fake,rvc,rvc_fixed_019_Ami Eto Je Tomay Bhalobesechhi.mp3_22k.wav,53,10
0f12cce2aea0e0e25f8da2d9ecb8ca53,bengali,fake,rvc,rvc_fixed_019_Ami Eto Je Tomay Bhalobesechhi.mp3_22k.wav,54,10
a8e068d6ff106c60923654f953045254,bengali,fake,rvc,rvc_fixed_019_Ami Eto Je Tomay Bhalobesechhi.mp3_22k.wav,55,10
e1e1113f2ae86c3e37d7bade50c64d62,bengali,fake,rvc,rvc_fixed_019_Ami Eto Je Tomay Bhalobesechhi.mp3_22k.wav,56,10
b34f37a404b6fbecb579e6f1ed26f5b8,bengali,fake,rvc,rvc_fixed_019_Ami Eto Je Tomay Bhalobesechhi.mp3_22k.wav,57,10
85d775ad0711a5cac0fc77a64eda8535,bengali,fake,rvc,rvc_fixed_019_Ami Eto Je Tomay Bhalobesechhi.mp3_22k.wav,58,10
a74f3308bbe7facdbd85a3f0b89320d4,bengali,fake,rvc,rvc_fixed_019_Ami Eto Je Tomay Bhalobesechhi.mp3_22k.wav,59,10
9b44147e066402e90688919b2574540e,bengali,fake,rvc,rvc_fixed_019_Ami Eto Je Tomay Bhalobesechhi.mp3_22k.wav,60,10
2d1cc833dc141633cbbfac5f75e5bc69,bengali,fake,rvc,rvc_fixed_019_Ami Eto Je Tomay Bhalobesechhi.mp3_22k.wav,61,10
fe102af66b2709118807cdd644b37ad1,bengali,fake,rvc,rvc_fixed_019_Ami Eto Je Tomay Bhalobesechhi.mp3_22k.wav,62,10
2ceedcc44b49e60d888d78ec4c319d70,bengali,fake,rvc,rvc_fixed_019_Ami Eto Je Tomay Bhalobesechhi.mp3_22k.wav,63,10
96750c05f7f6545ff7ac68272b90be6e,bengali,fake,rvc,rvc_fixed_019_Ami Eto Je Tomay Bhalobesechhi.mp3_22k.wav,64,10
9f4032259884388a1372f4a460cc463f,bengali,fake,rvc,rvc_fixed_019_Ami Eto Je Tomay Bhalobesechhi.mp3_22k.wav,65,10
3635b2f6d9f721c7f3019b80263f2005,bengali,fake,rvc,rvc_fixed_019_Ami Eto Je Tomay Bhalobesechhi.mp3_22k.wav,66,10
b14448b4ee045be44d1a638ba8863d07,bengali,fake,rvc,rvc_fixed_019_Ami Eto Je Tomay Bhalobesechhi.mp3_22k.wav,67,10
f941b7576b04fce876007c9c7084ed0c,bengali,fake,rvc,rvc_fixed_019_Ami Eto Je Tomay Bhalobesechhi.mp3_22k.wav,68,10
e3c42bf21eaddd7909f47ae84356ccda,bengali,fake,rvc,rvc_fixed_019_Ami Eto Je Tomay Bhalobesechhi.mp3_22k.wav,69,10
9de8e1f935f72f1665965702777192ad,bengali,fake,rvc,rvc_fixed_019_Ami Eto Je Tomay Bhalobesechhi.mp3_22k.wav,70,10
dc09c513fcd740bde4b1ff9ed2352312,bengali,fake,rvc,rvc_fixed_019_Ami Eto Je Tomay Bhalobesechhi.mp3_22k.wav,71,10
fa559ba6a8f2eb34676d5fbdeab4d195,bengali,fake,rvc,rvc_fixed_019_Ami Eto Je Tomay Bhalobesechhi.mp3_22k.wav,72,10
5f8f846f6d259179e869b2ac661d5efd,bengali,fake,rvc,rvc_fixed_019_Ami Eto Je Tomay Bhalobesechhi.mp3_22k.wav,73,10
827c18e47304e1e0d419c21aefcb5a5a,bengali,fake,rvc,rvc_fixed_019_Ami Eto Je Tomay Bhalobesechhi.mp3_22k.wav,74,10
c8064aa229d6ce6c61c9a6073cfb4fb6,bengali,fake,rvc,rvc_fixed_019_Ami Eto Je Tomay Bhalobesechhi.mp3_22k.wav,75,10
baf52af0f05352673080698753eabb1e,bengali,fake,rvc,rvc_fixed_019_Ami Eto Je Tomay Bhalobesechhi.mp3_22k.wav,76,10
46f5db814f28e1d1b760cdf8bdba58d3,bengali,fake,rvc,rvc_fixed_019_Ami Eto Je Tomay Bhalobesechhi.mp3_22k.wav,77,10
3ce989f6b4f18519e598cfb24dfe2b28,bengali,fake,rvc,rvc_fixed_019_Ami Eto Je Tomay Bhalobesechhi.mp3_22k.wav,78,10
dca964cbe0a6ca1db01d7e34331ccdc2,bengali,fake,rvc,rvc_fixed_019_Ami Eto Je Tomay Bhalobesechhi.mp3_22k.wav,79,10
3f11bb5ca957c71fe344472ecafad1e9,bengali,fake,rvc,rvc_fixed_019_Ami Eto Je Tomay Bhalobesechhi.mp3_22k.wav,80,10
e850a98e32407209e2b0b49348374d58,bengali,fake,rvc,rvc_fixed_019_Ami Eto Je Tomay Bhalobesechhi.mp3_22k.wav,81,10
c87198a21975306ac2db620a84f25773,bengali,fake,rvc,rvc_fixed_019_Ami Eto Je Tomay Bhalobesechhi.mp3_22k.wav,82,10
cfda8f23f021b6f755094a1bef01e4f4,bengali,fake,rvc,rvc_fixed_019_Ami Eto Je Tomay Bhalobesechhi.mp3_22k.wav,83,10
44f0373baffd5c5ebe079021e2dc3e27,bengali,fake,rvc,rvc_fixed_019_Ami Eto Je Tomay Bhalobesechhi.mp3_22k.wav,84,10
7091976efffa22ee158099d976f7156b,bengali,fake,rvc,rvc_fixed_019_Ami Eto Je Tomay Bhalobesechhi.mp3_22k.wav,85,10
8e39c001a14a344175e6a64f8a1c8dba,bengali,fake,rvc,rvc_fixed_019_Ami Eto Je Tomay Bhalobesechhi.mp3_22k.wav,86,10
d7345add0d5cc6946299e0398eac315b,bengali,fake,rvc,rvc_fixed_019_Ami Eto Je Tomay Bhalobesechhi.mp3_22k.wav,87,10
88289c86902e55205ab4da77c564b9cb,bengali,fake,rvc,rvc_fixed_019_Ami Eto Je Tomay Bhalobesechhi.mp3_22k.wav,88,10
fbaa7f7fc11ea278f7be065ebfdbd63b,bengali,fake,rvc,rvc_fixed_019_Ami Eto Je Tomay Bhalobesechhi.mp3_22k.wav,89,10
4fd51a068f4f25b70d2eace91a54c400,bengali,fake,rvc,rvc_fixed_019_Ami Eto Je Tomay Bhalobesechhi.mp3_22k.wav,90,10
f89624b93fdd4d1db1d75539bb5ba92b,bengali,fake,rvc,rvc_fixed_019_Ami Eto Je Tomay Bhalobesechhi.mp3_22k.wav,91,10
63008dfbb9db16c62e894511723f411d,bengali,fake,rvc,rvc_fixed_019_Ami Eto Je Tomay Bhalobesechhi.mp3_22k.wav,92,10
72687e7b7c605bc3a98c0ed000bd4077,bengali,fake,rvc,rvc_fixed_019_Ami Eto Je Tomay Bhalobesechhi.mp3_22k.wav,93,10
44506e16c75547a21744ff659ef69f17,bengali,fake,rvc,rvc_fixed_019_Ami Eto Je Tomay Bhalobesechhi.mp3_22k.wav,94,10
2766be5d8039018e03e6e03e16576862,bengali,fake,rvc,rvc_fixed_019_Ami Eto Je Tomay Bhalobesechhi.mp3_22k.wav,95,10
99ca57165506845ae1135d4d0d1f6a21,bengali,fake,rvc,rvc_fixed_019_Ami Eto Je Tomay Bhalobesechhi.mp3_22k.wav,96,10
ce5f7bb6d0edcb4943c7e2a09f1223dd,bengali,fake,rvc,rvc_fixed_019_Ami Eto Je Tomay Bhalobesechhi.mp3_22k.wav,97,10
094b93dd2b5efd8114348fbd7731af9e,bengali,fake,rvc,rvc_fixed_019_Ami Eto Je Tomay Bhalobesechhi.mp3_22k.wav,98,10
70d343aecb8f854cb27b707a21d7e297,bengali,fake,rvc,rvc_fixed_019_Ami Eto Je Tomay Bhalobesechhi.mp3_22k.wav,99,10
acf199c1f22f6857bb6770ab9abd28df,bengali,fake,rvc,rvc_fixed_019_Ami Eto Je Tomay Bhalobesechhi.mp3_22k.wav,100,10
c0469f13cbede5854abc4c2de9dc7951,bengali,fake,rvc,rvc_fixed_019_Ami Eto Je Tomay Bhalobesechhi.mp3_22k.wav,101,10
da9c3e46f64163ad5ae0f51ce64ba3d6,bengali,fake,rvc,rvc_fixed_019_Ami Eto Je Tomay Bhalobesechhi.mp3_22k.wav,102,10
4ee7925650b4f25255318b460728dd3f,bengali,fake,rvc,rvc_fixed_019_Ami Eto Je Tomay Bhalobesechhi.mp3_22k.wav,103,10
9327b893776075c78f27078e2bb3670c,bengali,fake,rvc,rvc_fixed_019_Ami Eto Je Tomay Bhalobesechhi.mp3_22k.wav,104,10
72b9d371f36c128d91ecfc9a0486c85f,bengali,fake,rvc,rvc_fixed_019_Ami Eto Je Tomay Bhalobesechhi.mp3_22k.wav,105,10
ddb08605648ec0c5fc54d4449324ac3d,bengali,fake,rvc,rvc_fixed_019_Ami Eto Je Tomay Bhalobesechhi.mp3_22k.wav,106,10
e88914feee4a9098b449502fe9bafea0,bengali,fake,rvc,rvc_fixed_019_Ami Eto Je Tomay Bhalobesechhi.mp3_22k.wav,107,10
a5a22bf782fa54d1f9123cbef000c234,bengali,fake,rvc,rvc_fixed_019_Ami Eto Je Tomay Bhalobesechhi.mp3_22k.wav,108,10
6e02de281ee4f4c52c6bf17a7eeff903,bengali,fake,rvc,rvc_fixed_019_Ami Eto Je Tomay Bhalobesechhi.mp3_22k.wav,109,10
6f303faa1ce8cd6fd15c1e7a3f13f58c,bengali,fake,rvc,rvc_fixed_019_Ami Eto Je Tomay Bhalobesechhi.mp3_22k.wav,110,10
7b24bc77950d35b872acfd10f2ddf1b1,bengali,fake,rvc,rvc_fixed_019_Ami Eto Je Tomay Bhalobesechhi.mp3_22k.wav,111,10
6f4d4c21c62f00c7054475b4186c10ae,bengali,fake,rvc,rvc_fixed_019_Ami Eto Je Tomay Bhalobesechhi.mp3_22k.wav,112,10
3ff6564e6b9d36892201d5d22cc345ec,bengali,fake,rvc,rvc_fixed_019_Ami Eto Je Tomay Bhalobesechhi.mp3_22k.wav,113,10
b2364db139e34145e927c4631ed8d505,bengali,fake,rvc,rvc_fixed_019_Ami Eto Je Tomay Bhalobesechhi.mp3_22k.wav,114,10
4046dfd695c2f281c52c236ec612d34d,bengali,fake,rvc,rvc_fixed_019_Ami Eto Je Tomay Bhalobesechhi.mp3_22k.wav,115,10
0956592153c260ab6b1e31e7998a6b2d,bengali,fake,rvc,rvc_fixed_019_Ami Eto Je Tomay Bhalobesechhi.mp3_22k.wav,116,10
d42938c3b03c59bbde67b9a3a70e35ad,bengali,fake,rvc,rvc_fixed_019_Ami Eto Je Tomay Bhalobesechhi.mp3_22k.wav,117,10
3f37922d736cd02dd2778cdd984916b7,bengali,fake,rvc,rvc_fixed_019_Ami Eto Je Tomay Bhalobesechhi.mp3_22k.wav,118,10
667a5961f1ccd43299a83e8518f90e40,bengali,fake,rvc,rvc_fixed_019_Ami Eto Je Tomay Bhalobesechhi.mp3_22k.wav,119,10
2cb318fa1fbd84fe4add02c2f2c03adc,bengali,fake,rvc,rvc_fixed_019_Ami Eto Je Tomay Bhalobesechhi.mp3_22k.wav,120,10
c0548d0cab68a77c1b043977758f7cd9,bengali,fake,rvc,rvc_fixed_019_Ami Eto Je Tomay Bhalobesechhi.mp3_22k.wav,121,10
40df6d27e0d4cec5fd570aee41f195f4,bengali,fake,rvc,rvc_fixed_019_Ami Eto Je Tomay Bhalobesechhi.mp3_22k.wav,122,10
1e80c98dce0727d45aed49167542a8ac,bengali,fake,rvc,rvc_fixed_019_Ami Eto Je Tomay Bhalobesechhi.mp3_22k.wav,123,10
25073ceb3f789c1f4b407ad9b47d041a,bengali,fake,rvc,rvc_fixed_019_Ami Eto Je Tomay Bhalobesechhi.mp3_22k.wav,124,10
c3b9313bf7d812141e6042fb7f5af2ed,bengali,fake,rvc,rvc_fixed_019_Ami Eto Je Tomay Bhalobesechhi.mp3_22k.wav,125,10
59365222cf943f12ce1949b34eff0169,bengali,fake,rvc,rvc_fixed_019_Ami Eto Je Tomay Bhalobesechhi.mp3_22k.wav,126,10
0b45f434022aa4f919f5f4b2bb8c7bc8,bengali,fake,rvc,rvc_fixed_019_Ami Eto Je Tomay Bhalobesechhi.mp3_22k.wav,127,10
43bd08a59d7af46f96e68b14fc6e593f,bengali,fake,rvc,rvc_fixed_019_Ami Eto Je Tomay Bhalobesechhi.mp3_22k.wav,128,10
e937a6b261baae34054203d7c64763be,bengali,fake,rvc,rvc_fixed_019_Ami Eto Je Tomay Bhalobesechhi.mp3_22k.wav,129,10
292eaee26376482c4eb005a2ad9870e3,bengali,fake,rvc,rvc_fixed_019_Ami Eto Je Tomay Bhalobesechhi.mp3_22k.wav,130,10
5320160a7c2e00ab225eac52244f5b90,bengali,fake,rvc,rvc_fixed_019_Ami Eto Je Tomay Bhalobesechhi.mp3_22k.wav,131,10
eecbc61d2c12919a8cca8e4a4eec3bba,bengali,fake,rvc,rvc_fixed_019_Ami Eto Je Tomay Bhalobesechhi.mp3_22k.wav,132,10
6e5249b51df4bbd135683f419b579e9a,bengali,fake,rvc,rvc_fixed_019_Ami Eto Je Tomay Bhalobesechhi.mp3_22k.wav,133,10
5a84eda143b7b69d0c1140229762955d,bengali,fake,rvc,rvc_fixed_019_Ami Eto Je Tomay Bhalobesechhi.mp3_22k.wav,134,10
5a30238a2f3b8a84f6a216b79b8e747d,bengali,fake,rvc,rvc_fixed_019_Ami Eto Je Tomay Bhalobesechhi.mp3_22k.wav,135,10
b064eaeca185a62bac810ed90cd2dc52,bengali,fake,rvc,rvc_fixed_019_Ami Eto Je Tomay Bhalobesechhi.mp3_22k.wav,136,10
96e4805ff6a61bf041edc6c793ab7ac2,bengali,fake,rvc,rvc_fixed_019_Ami Eto Je Tomay Bhalobesechhi.mp3_22k.wav,137,10
f43232a4af5af70e5a3e9626eee8fdaa,bengali,fake,rvc,rvc_fixed_019_Ami Eto Je Tomay Bhalobesechhi.mp3_22k.wav,138,10
361cb27360bf15a4aaf53bc85fe54dfa,bengali,fake,rvc,rvc_fixed_019_Ami Eto Je Tomay Bhalobesechhi.mp3_22k.wav,139,10
7737e48505022cf54808977d5d59a9bb,bengali,fake,rvc,rvc_fixed_019_Ami Eto Je Tomay Bhalobesechhi.mp3_22k.wav,140,10
016b4d141ca9553bb2d150ecb4028307,bengali,fake,rvc,rvc_fixed_019_Ami Eto Je Tomay Bhalobesechhi.mp3_22k.wav,141,10
6e211fb3edbb2058fd0ec8e41d122d70,bengali,fake,rvc,rvc_fixed_019_Ami Eto Je Tomay Bhalobesechhi.mp3_22k.wav,142,10
3c4ef9af139b86be67d02575d8374d4e,bengali,fake,rvc,rvc_fixed_019_Ami Eto Je Tomay Bhalobesechhi.mp3_22k.wav,143,10
97ce52bf675573c729879fc222fd4439,bengali,fake,rvc,rvc_fixed_019_Ami Eto Je Tomay Bhalobesechhi.mp3_22k.wav,144,10
888235e7fa044864b81db0851ce96112,bengali,fake,rvc,rvc_fixed_019_Ami Eto Je Tomay Bhalobesechhi.mp3_22k.wav,145,10
59bab7da9ed7cbd705d3cc6205b4f3f0,bengali,fake,rvc,rvc_fixed_019_Ami Eto Je Tomay Bhalobesechhi.mp3_22k.wav,146,10
b75e31a4e76534ab94d614945cd06cfc,bengali,fake,rvc,rvc_fixed_019_Ami Eto Je Tomay Bhalobesechhi.mp3_22k.wav,147,10
72a937b2fbe9423c28c43592a6e50922,bengali,fake,rvc,rvc_fixed_019_Ami Eto Je Tomay Bhalobesechhi.mp3_22k.wav,148,10
fed52681e16342cf5c83ca41e486dec4,bengali,fake,rvc,rvc_fixed_019_Ami Eto Je Tomay Bhalobesechhi.mp3_22k.wav,149,10
557adec87ded8075f624a785c9ff4a7a,bengali,fake,rvc,rvc_fixed_019_Ami Eto Je Tomay Bhalobesechhi.mp3_22k.wav,150,10
d58b13baa63fa698f973561976bac585,bengali,fake,rvc,rvc_fixed_019_Ami Eto Je Tomay Bhalobesechhi.mp3_22k.wav,151,10
6e91e0af91f684e671e872f52b0ebb24,bengali,fake,rvc,rvc_fixed_019_Ami Eto Je Tomay Bhalobesechhi.mp3_22k.wav,152,10
4b1579011260c71dc9afd1434dd2ece0,bengali,fake,rvc,rvc_fixed_019_Ami Eto Je Tomay Bhalobesechhi.mp3_22k.wav,153,10
815c6c4512ac7940d8474842acff9f89,bengali,fake,rvc,rvc_fixed_019_Ami Eto Je Tomay Bhalobesechhi.mp3_22k.wav,154,10
88bc7b659ae031ec81658a4ba29a6fdc,bengali,fake,rvc,rvc_fixed_019_Ami Eto Je Tomay Bhalobesechhi.mp3_22k.wav,155,10
c9ff41f159f622df13abe9752f7b65e4,bengali,fake,rvc,rvc_fixed_019_Ami Eto Je Tomay Bhalobesechhi.mp3_22k.wav,156,10
e8d3e368d975db5a068cba7516665f4c,bengali,fake,rvc,rvc_fixed_019_Ami Eto Je Tomay Bhalobesechhi.mp3_22k.wav,157,10
2824204735426d3971f5af5df08e23ad,bengali,fake,rvc,rvc_fixed_019_Ami Eto Je Tomay Bhalobesechhi.mp3_22k.wav,158,10
65614c62cde07af60eb768e1731d29c7,bengali,fake,rvc,rvc_fixed_019_Ami Eto Je Tomay Bhalobesechhi.mp3_22k.wav,159,10
570fd377bdc99fb91590061a17d6bbb8,bengali,fake,rvc,rvc_fixed_019_Ami Eto Je Tomay Bhalobesechhi.mp3_22k.wav,160,10
865be806a986153a8090d7cf64b7379f,bengali,fake,rvc,rvc_fixed_019_Ami Eto Je Tomay Bhalobesechhi.mp3_22k.wav,161,10
2aec9b4b2e980180caadb82e3f360561,bengali,fake,rvc,rvc_fixed_019_Ami Eto Je Tomay Bhalobesechhi.mp3_22k.wav,162,10
b7c1635f4599e093dc6b05456b50936b,bengali,fake,rvc,rvc_fixed_019_Ami Eto Je Tomay Bhalobesechhi.mp3_22k.wav,163,10
576596a4e5e539f3eae065b8866b7374,bengali,fake,rvc,rvc_fixed_019_Ami Eto Je Tomay Bhalobesechhi.mp3_22k.wav,164,10
51f29fee824fe00a10aee6526869e07a,bengali,fake,rvc,rvc_fixed_019_Ami Eto Je Tomay Bhalobesechhi.mp3_22k.wav,165,10
969d2769142938759ec768ee762a8275,bengali,fake,rvc,rvc_fixed_019_Ami Eto Je Tomay Bhalobesechhi.mp3_22k.wav,166,10
db4bd74e366c8746cb60eff4731e62e3,bengali,fake,rvc,rvc_fixed_019_Ami Eto Je Tomay Bhalobesechhi.mp3_22k.wav,167,10
8a8f419bc763ec6f7d049f8e4fbe8b83,bengali,fake,rvc,rvc_fixed_019_Ami Eto Je Tomay Bhalobesechhi.mp3_22k.wav,168,10
f4cc5daf1ecd071592335fb5ec2088a7,bengali,fake,rvc,rvc_fixed_019_Ami Eto Je Tomay Bhalobesechhi.mp3_22k.wav,169,10
7e66efa5713301ef227737e6c736292c,bengali,fake,rvc,rvc_fixed_019_Ami Eto Je Tomay Bhalobesechhi.mp3_22k.wav,170,10
124449471d3ac091eda0e2f70f8e1d3a,bengali,fake,rvc,rvc_fixed_019_Ami Eto Je Tomay Bhalobesechhi.mp3_22k.wav,171,10
5d2713a8be730cb99b381f5c28474da1,bengali,fake,rvc,rvc_fixed_019_Ami Eto Je Tomay Bhalobesechhi.mp3_22k.wav,172,10
8aa6cd7a29ffcba03c3614b1efdace00,bengali,fake,rvc,rvc_fixed_019_Ami Eto Je Tomay Bhalobesechhi.mp3_22k.wav,173,10
e162463b2e9ccf7e52b353231f21839e,bengali,fake,rvc,rvc_fixed_019_Ami Eto Je Tomay Bhalobesechhi.mp3_22k.wav,174,10
352b9e69384d78a9415bcf5f55c8ee54,bengali,fake,rvc,rvc_fixed_019_Ami Eto Je Tomay Bhalobesechhi.mp3_22k.wav,175,10
045b8ba5b33c8a4c25f4b53a2b37ca6f,bengali,fake,rvc,rvc_fixed_019_Ami Eto Je Tomay Bhalobesechhi.mp3_22k.wav,176,10
bdec11cd9d6c2feace47665e1c84d024,bengali,fake,rvc,rvc_fixed_019_Ami Eto Je Tomay Bhalobesechhi.mp3_22k.wav,177,10
cac3160784b42308b7c16373d5b1b7cd,bengali,fake,rvc,rvc_fixed_019_Ami Eto Je Tomay Bhalobesechhi.mp3_22k.wav,178,10
85569071a02b7bf76b0061b737a79a72,bengali,fake,rvc,rvc_fixed_019_Ami Eto Je Tomay Bhalobesechhi.mp3_22k.wav,179,10
a878b655cd2dcdd04bf53ad3f2029b2d,bengali,fake,rvc,rvc_fixed_019_Ami Eto Je Tomay Bhalobesechhi.mp3_22k.wav,180,10
bce753130f40c28854623a19c272b321,bengali,fake,rvc,rvc_fixed_019_Ami Eto Je Tomay Bhalobesechhi.mp3_22k.wav,181,10
755f2417e253e7c841fa32f2d687d7a0,bengali,fake,rvc,rvc_fixed_019_Ami Eto Je Tomay Bhalobesechhi.mp3_22k.wav,182,10
eea88667ae06ec8af3945aba9e270236,bengali,fake,rvc,rvc_fixed_019_Ami Eto Je Tomay Bhalobesechhi.mp3_22k.wav,183,10
540127ea055408aec2ca67bddd26374a,bengali,fake,rvc,rvc_fixed_019_Ami Eto Je Tomay Bhalobesechhi.mp3_22k.wav,184,10
7a33e01d77ef7cc9ec4d7b370869d5ae,bengali,fake,rvc,rvc_fixed_019_Ami Eto Je Tomay Bhalobesechhi.mp3_22k.wav,185,10
bee4bf40961767be74610ca1a15100cb,bengali,fake,rvc,rvc_fixed_019_Ami Eto Je Tomay Bhalobesechhi.mp3_22k.wav,186,10
057bbe82889c4a5d24dbb7d9b3d768c3,bengali,fake,rvc,rvc_fixed_019_Ami Eto Je Tomay Bhalobesechhi.mp3_22k.wav,187,10
6cfb87561a1339085aa03d40a21c49a6,bengali,fake,rvc,rvc_fixed_019_Ami Eto Je Tomay Bhalobesechhi.mp3_22k.wav,188,10
4c773b54bbcd07686b2ff86593935adb,bengali,fake,rvc,rvc_fixed_019_Ami Eto Je Tomay Bhalobesechhi.mp3_22k.wav,189,10
8d18d35e604b896944cbf98f60727ed2,bengali,fake,rvc,rvc_fixed_019_Ami Eto Je Tomay Bhalobesechhi.mp3_22k.wav,190,10
d8b399b26eff96c6191c899a691728dc,bengali,fake,rvc,rvc_fixed_019_Ami Eto Je Tomay Bhalobesechhi.mp3_22k.wav,191,10
7390931834b706f832a45e7b889b90e6,bengali,fake,rvc,rvc_fixed_019_Ami Eto Je Tomay Bhalobesechhi.mp3_22k.wav,192,10
fbb855a38b51e839dc21fb6a7399914a,bengali,fake,rvc,rvc_fixed_019_Ami Eto Je Tomay Bhalobesechhi.mp3_22k.wav,193,10
0067067d7070794cc973a2249541aee4,bengali,fake,rvc,rvc_fixed_019_Ami Eto Je Tomay Bhalobesechhi.mp3_22k.wav,194,10
a6137be22d816f07089dac515b40fa8e,bengali,fake,rvc,rvc_fixed_019_Ami Eto Je Tomay Bhalobesechhi.mp3_22k.wav,195,10
102f50ba30fb65e6c9601f8d86c97574,bengali,fake,rvc,rvc_fixed_019_Ami Eto Je Tomay Bhalobesechhi.mp3_22k.wav,196,10
637f82160c8651cf2e196be40074680b,bengali,fake,rvc,rvc_fixed_019_Ami Eto Je Tomay Bhalobesechhi.mp3_22k.wav,197,10
5a1d793774c1d543d16d6200be7b4d62,bengali,fake,rvc,rvc_fixed_019_Ami Eto Je Tomay Bhalobesechhi.mp3_22k.wav,198,10
077f4332b2fd604f250b6556820d3fa8,bengali,fake,rvc,rvc_fixed_019_Ami Eto Je Tomay Bhalobesechhi.mp3_22k.wav,199,10
934c2524c60aaf1dee98915399acd98e,bengali,fake,rvc,rvc_fixed_019_Ami Eto Je Tomay Bhalobesechhi.mp3_22k.wav,200,10
a4f96213a2808045ad058943a7d61263,bengali,fake,rvc,rvc_fixed_019_Ami Eto Je Tomay Bhalobesechhi.mp3_22k.wav,201,10
dd2d49fee840604564ecc4863c711936,bengali,fake,rvc,rvc_fixed_019_Ami Eto Je Tomay Bhalobesechhi.mp3_22k.wav,202,10
755174912b53f529136de111f15f7c89,bengali,fake,rvc,rvc_fixed_019_Ami Eto Je Tomay Bhalobesechhi.mp3_22k.wav,203,10
1366a403a6dc366de4b2ee86d6a10116,bengali,fake,rvc,rvc_fixed_019_Ami Eto Je Tomay Bhalobesechhi.mp3_22k.wav,204,10
0385efe334da943341b46f21c361e6a0,bengali,fake,rvc,rvc_fixed_019_Ami Eto Je Tomay Bhalobesechhi.mp3_22k.wav,205,10
9aa7cf2056feab717e8e7dc10047dfa0,bengali,fake,rvc,rvc_fixed_019_Ami Eto Je Tomay Bhalobesechhi.mp3_22k.wav,206,10
210cac5916dc6ad4aabd17777a165931,bengali,fake,rvc,rvc_fixed_019_Ami Eto Je Tomay Bhalobesechhi.mp3_22k.wav,207,10
d305e8ba6decc0084861b7f36ea182ba,bengali,fake,rvc,rvc_fixed_019_Ami Eto Je Tomay Bhalobesechhi.mp3_22k.wav,208,10
fe867b5f5320574a3172d7f57872d702,bengali,fake,rvc,rvc_fixed_019_Ami Eto Je Tomay Bhalobesechhi.mp3_22k.wav,209,10
bcc5736c8c490e47f606ef6bac2527eb,bengali,fake,rvc,rvc_fixed_019_Ami Eto Je Tomay Bhalobesechhi.mp3_22k.wav,210,10
7fbe90fdbbcddb915a8a4e207336f0e2,bengali,fake,rvc,rvc_fixed_019_Ami Eto Je Tomay Bhalobesechhi.mp3_22k.wav,211,10
1a6b0c8600b4c28d67c718a745e8cf70,bengali,fake,rvc,rvc_fixed_019_Ami Eto Je Tomay Bhalobesechhi.mp3_22k.wav,212,10
e15426ea3773d8388317fc5f2b04f8c7,bengali,fake,rvc,rvc_fixed_019_Ami Eto Je Tomay Bhalobesechhi.mp3_22k.wav,213,10
d0c04b0a1443c8f9e82466f6fa274ccd,bengali,fake,rvc,rvc_fixed_019_Ami Eto Je Tomay Bhalobesechhi.mp3_22k.wav,214,10
8720a793529cce4e057b3e5b681fcd66,bengali,fake,rvc,rvc_fixed_019_Ami Eto Je Tomay Bhalobesechhi.mp3_22k.wav,215,10
40e5718c0794156a98b55b62a17385bf,bengali,fake,rvc,rvc_fixed_019_Ami Eto Je Tomay Bhalobesechhi.mp3_22k.wav,216,10
3bff1516a0b3159da2f6a1f52fbd2fc2,bengali,fake,rvc,rvc_fixed_019_Ami Eto Je Tomay Bhalobesechhi.mp3_22k.wav,217,10
cd79a7b94413671eba2141130c992c16,bengali,fake,rvc,rvc_fixed_019_Ami Eto Je Tomay Bhalobesechhi.mp3_22k.wav,218,10
3622ec3934047997e0e9838e14caef6b,bengali,fake,rvc,rvc_fixed_019_Ami Eto Je Tomay Bhalobesechhi.mp3_22k.wav,219,10
2d74dfa10eacd239b1ae0d2357990b57,bengali,fake,rvc,rvc_fixed_019_Ami Eto Je Tomay Bhalobesechhi.mp3_22k.wav,220,10
c860dc2d4da498bc6687a8f7e1a76322,bengali,fake,rvc,rvc_fixed_019_Ami Eto Je Tomay Bhalobesechhi.mp3_22k.wav,221,10
8b79f5efea6992fcef29172cf49f2f68,bengali,fake,rvc,rvc_fixed_019_Ami Eto Je Tomay Bhalobesechhi.mp3_22k.wav,222,10
483be0dd4c61a11a59027dc3ac12928b,bengali,fake,rvc,rvc_fixed_019_Ami Eto Je Tomay Bhalobesechhi.mp3_22k.wav,223,10
d5837ffba2b5816408f074dc1ca827b3,bengali,fake,rvc,rvc_fixed_019_Ami Eto Je Tomay Bhalobesechhi.mp3_22k.wav,224,10
2eb81f3d0b12dcf17b0ef869ef6cbd29,bengali,fake,rvc,rvc_fixed_019_Ami Eto Je Tomay Bhalobesechhi.mp3_22k.wav,225,10
f8e25d71e8e7b909b5f03b8325567991,bengali,fake,rvc,rvc_fixed_019_Ami Eto Je Tomay Bhalobesechhi.mp3_22k.wav,226,10
ad7de6c61d07cbc34d5c75b881083ea7,bengali,fake,rvc,rvc_fixed_019_Ami Eto Je Tomay Bhalobesechhi.mp3_22k.wav,227,10
91b23b4b7d12832f8bcd01aef0706888,bengali,fake,rvc,rvc_fixed_019_Ami Eto Je Tomay Bhalobesechhi.mp3_22k.wav,228,10
3431058a0a66a776a13595714f753e7f,bengali,fake,rvc,rvc_fixed_019_Ami Eto Je Tomay Bhalobesechhi.mp3_22k.wav,229,10
7dc49b35771ad38c2412dbef5446ae4c,bengali,fake,rvc,rvc_fixed_019_Ami Eto Je Tomay Bhalobesechhi.mp3_22k.wav,230,10
813d9819f9950cb064efd7c061d6a958,bengali,fake,rvc,rvc_fixed_019_Ami Eto Je Tomay Bhalobesechhi.mp3_22k.wav,231,10
bdb496f5b9424380be80bc479828f24b,bengali,fake,rvc,rvc_fixed_019_Ami Eto Je Tomay Bhalobesechhi.mp3_22k.wav,232,10
756d31a180604ffddc313cf09e1c1a3d,bengali,fake,rvc,rvc_fixed_019_Ami Eto Je Tomay Bhalobesechhi.mp3_22k.wav,233,10
fd785f8ee4739858413d3925abc69d21,bengali,fake,rvc,rvc_fixed_019_Ami Eto Je Tomay Bhalobesechhi.mp3_22k.wav,234,10
50f1b60fcb479d421fe4105e1071cac2,bengali,fake,rvc,rvc_fixed_019_Ami Eto Je Tomay Bhalobesechhi.mp3_22k.wav,235,10
f379699226be13a1042308d9e34821fb,bengali,fake,rvc,rvc_fixed_019_Ami Eto Je Tomay Bhalobesechhi.mp3_22k.wav,236,10
37e5623902234832096e3517b22b1091,bengali,fake,rvc,rvc_fixed_019_Ami Eto Je Tomay Bhalobesechhi.mp3_22k.wav,237,10
cd4f87cdca0e7ecb89a60739ebc2d5bb,bengali,fake,rvc,rvc_fixed_019_Ami Eto Je Tomay Bhalobesechhi.mp3_22k.wav,238,10
c5ecf57707512c6daffb6217e81ea515,bengali,fake,rvc,rvc_fixed_019_Ami Eto Je Tomay Bhalobesechhi.mp3_22k.wav,239,10
e5e102b8249246de2940daf9bd16b730,bengali,fake,rvc,rvc_fixed_019_Ami Eto Je Tomay Bhalobesechhi.mp3_22k.wav,240,10
4bbbfc9f6d1966f29fe36a3a92655c6f,bengali,fake,rvc,rvc_fixed_020_Bone Noy Mone Mor.mp3_22k.wav,0,10
092a8819e55cbf342c64c6e94633f9aa,bengali,fake,rvc,rvc_fixed_020_Bone Noy Mone Mor.mp3_22k.wav,1,10
b4782019cec17d80908f4a5ead72bc07,bengali,fake,rvc,rvc_fixed_020_Bone Noy Mone Mor.mp3_22k.wav,2,10
7558049a561e051c2b85967be40c3df9,bengali,fake,rvc,rvc_fixed_020_Bone Noy Mone Mor.mp3_22k.wav,3,10
b29f2500fb3511f79e79d119139c8e5c,bengali,fake,rvc,rvc_fixed_020_Bone Noy Mone Mor.mp3_22k.wav,4,10
cbbc2e1263d94ae10ccdaf95ef46a875,bengali,fake,rvc,rvc_fixed_020_Bone Noy Mone Mor.mp3_22k.wav,5,10
8703b3f7eb3ddbd1b032f8961ca1a0f8,bengali,fake,rvc,rvc_fixed_020_Bone Noy Mone Mor.mp3_22k.wav,6,10
70883437f9ee101046a5151221a0479d,bengali,fake,rvc,rvc_fixed_020_Bone Noy Mone Mor.mp3_22k.wav,7,10
4329b7b59d4224156f455824df6a37e5,bengali,fake,rvc,rvc_fixed_020_Bone Noy Mone Mor.mp3_22k.wav,8,10
25aba5012d0c73daf06a6dfc25e342e2,bengali,fake,rvc,rvc_fixed_020_Bone Noy Mone Mor.mp3_22k.wav,9,10
bd19c876104e40282d08f2d090236fa4,bengali,fake,rvc,rvc_fixed_020_Bone Noy Mone Mor.mp3_22k.wav,10,10
d41a8bafb2df343e7bf655eafd089d30,bengali,fake,rvc,rvc_fixed_020_Bone Noy Mone Mor.mp3_22k.wav,11,10
cf4b9527c56eb0d61c8228ae29141e0e,bengali,fake,rvc,rvc_fixed_020_Bone Noy Mone Mor.mp3_22k.wav,12,10
94e7ab8b50b17bcefdd5741e59b2db0f,bengali,fake,rvc,rvc_fixed_020_Bone Noy Mone Mor.mp3_22k.wav,13,10
f476f0553b50cab2059a65e8eba616ea,bengali,fake,rvc,rvc_fixed_020_Bone Noy Mone Mor.mp3_22k.wav,14,10
5ed64ea09c07fe3ccd99e2f94b1182d8,bengali,fake,rvc,rvc_fixed_020_Bone Noy Mone Mor.mp3_22k.wav,15,10
0d3e52b1283f6af566b37c43ce4eb8a1,bengali,fake,rvc,rvc_fixed_020_Bone Noy Mone Mor.mp3_22k.wav,16,10
cdeedc3d9e6bdb28800f1696ca7e1339,bengali,fake,rvc,rvc_fixed_020_Bone Noy Mone Mor.mp3_22k.wav,17,10
73d86becc5c10c4c717ecd532180ce33,bengali,fake,rvc,rvc_fixed_020_Bone Noy Mone Mor.mp3_22k.wav,18,10
9293f1555470821a9f30bf253f3cf9dc,bengali,fake,rvc,rvc_fixed_023_Tabo Achintya Rupa - Charita - Mahima.mp3_22k.wav,0,10
e579ab8999d8ac90eb02b49ce8e70963,bengali,fake,rvc,rvc_fixed_023_Tabo Achintya Rupa - Charita - Mahima.mp3_22k.wav,1,10
48156f7e5194329bd1afbf1f311a8ce1,bengali,fake,rvc,rvc_fixed_023_Tabo Achintya Rupa - Charita - Mahima.mp3_22k.wav,2,10
a6122f14aab7316fce25a86346eec607,bengali,fake,rvc,rvc_fixed_023_Tabo Achintya Rupa - Charita - Mahima.mp3_22k.wav,3,10
9ca2469e6909d1e24fdda613e62c8368,bengali,fake,rvc,rvc_fixed_023_Tabo Achintya Rupa - Charita - Mahima.mp3_22k.wav,4,10
fd405364a26b152c2a7574bbec9a9de9,bengali,fake,rvc,rvc_fixed_023_Tabo Achintya Rupa - Charita - Mahima.mp3_22k.wav,5,10
8b090ccd74d717ef9596b546210c3e23,bengali,fake,rvc,rvc_fixed_023_Tabo Achintya Rupa - Charita - Mahima.mp3_22k.wav,6,10
25cdf05ff254e0efd86ddbfadcaba3ea,bengali,fake,rvc,rvc_fixed_023_Tabo Achintya Rupa - Charita - Mahima.mp3_22k.wav,7,10
c86f4de6c0125d4d640e7b71ac474280,bengali,fake,rvc,rvc_fixed_023_Tabo Achintya Rupa - Charita - Mahima.mp3_22k.wav,8,10
35591964ff19af07237591ce1d06c9dc,bengali,fake,rvc,rvc_fixed_023_Tabo Achintya Rupa - Charita - Mahima.mp3_22k.wav,9,10
d9be838de5a4ba7dc4d4a22c262d6e57,bengali,fake,rvc,rvc_fixed_023_Tabo Achintya Rupa - Charita - Mahima.mp3_22k.wav,10,10
31aa0522008e982079f8eae02502485c,bengali,fake,rvc,rvc_fixed_023_Tabo Achintya Rupa - Charita - Mahima.mp3_22k.wav,11,10
ca1cabeb889bb08bc01e5f8d5bde87af,bengali,fake,rvc,rvc_fixed_023_Tabo Achintya Rupa - Charita - Mahima.mp3_22k.wav,12,10
18d05d859a75a04bdb2b670759acb082,bengali,fake,rvc,rvc_fixed_023_Tabo Achintya Rupa - Charita - Mahima.mp3_22k.wav,13,10
69634498daa6f81e7fe4a2e8e03bd78d,bengali,fake,rvc,rvc_fixed_023_Tabo Achintya Rupa - Charita - Mahima.mp3_22k.wav,14,10
f7ed81ac579f016a87745f41cd75cc8a,bengali,fake,rvc,rvc_fixed_023_Tabo Achintya Rupa - Charita - Mahima.mp3_22k.wav,15,10
c1b7b45eb62592a35e0bdac2d3cc737c,bengali,fake,rvc,rvc_fixed_023_Tabo Achintya Rupa - Charita - Mahima.mp3_22k.wav,16,10
784b3333915535e829057db69d4e869b,bengali,fake,rvc,rvc_fixed_023_Tabo Achintya Rupa - Charita - Mahima.mp3_22k.wav,17,10
7a939a7a6ca43026f230b6b37151b9f5,bengali,fake,rvc,rvc_fixed_023_Tabo Achintya Rupa - Charita - Mahima.mp3_22k.wav,18,10
fdb4ca21c5ee13586c4cc8711f80be30,bengali,fake,rvc,rvc_fixed_023_Tabo Achintya Rupa - Charita - Mahima.mp3_22k.wav,19,10
efcd2db786edff4bb4a6b606522ccba5,bengali,fake,rvc,rvc_fixed_023_Tabo Achintya Rupa - Charita - Mahima.mp3_22k.wav,20,10
0da2eccb8af4291cd6fab1f26ec37ba4,bengali,fake,rvc,rvc_fixed_023_Tabo Achintya Rupa - Charita - Mahima.mp3_22k.wav,21,10
5deadc27ba251e99f960775727f8bb1f,bengali,fake,rvc,rvc_fixed_023_Tabo Achintya Rupa - Charita - Mahima.mp3_22k.wav,22,10
79844f485edd1e22547a1090bffdbfcd,bengali,fake,rvc,rvc_fixed_024_Kotha He.mp3_22k.wav,0,10
56aea1131c042339fdb6205583ea50f1,bengali,fake,rvc,rvc_fixed_024_Kotha He.mp3_22k.wav,1,10
dc3216bbe851d099968ff6e3f7e70540,bengali,fake,rvc,rvc_fixed_024_Kotha He.mp3_22k.wav,2,10
5de9dae16387cd8d7ce91354d65170b4,bengali,fake,rvc,rvc_fixed_024_Kotha He.mp3_22k.wav,3,10
932fa5fe3a2adb3302180292afa4359a,bengali,fake,rvc,rvc_fixed_024_Kotha He.mp3_22k.wav,4,10
47586bab0fb82b95fd06bff0ba58753d,bengali,fake,rvc,rvc_fixed_024_Kotha He.mp3_22k.wav,5,10
ed05ed6c93542dcce1e14d68dde56707,bengali,fake,rvc,rvc_fixed_024_Kotha He.mp3_22k.wav,6,10
1f9a89040197b56a01b7ed63db8a2396,bengali,fake,rvc,rvc_fixed_024_Kotha He.mp3_22k.wav,7,10
e36661f2e94895de0ca46ae6e74326a7,bengali,fake,rvc,rvc_fixed_024_Kotha He.mp3_22k.wav,8,10
2ed598e01d9371e5dc8f29e2771ebff4,bengali,fake,rvc,rvc_fixed_024_Kotha He.mp3_22k.wav,9,10
743420a967e68eb3b741b7ce0335cb4b,bengali,fake,rvc,rvc_fixed_024_Kotha He.mp3_22k.wav,10,10
2daba01af0f17c353db03eee5567e870,bengali,fake,rvc,rvc_fixed_024_Kotha He.mp3_22k.wav,11,10
d4f917e97d4d9171ff9dc4270cb47d05,bengali,fake,rvc,rvc_fixed_024_Kotha He.mp3_22k.wav,12,10
075a2adf1848673ced401d591564c461,bengali,fake,rvc,rvc_fixed_024_Kotha He.mp3_22k.wav,13,10
c800eacd0e0c33ea6595f285be697742,bengali,fake,rvc,rvc_fixed_024_Kotha He.mp3_22k.wav,14,10
e14f31658677acc0b4d2134c432d4c2c,bengali,fake,rvc,rvc_fixed_024_Kotha He.mp3_22k.wav,15,10
82cc62590e5c49e3553cefa3c3f51fbd,bengali,fake,rvc,rvc_fixed_024_Kotha He.mp3_22k.wav,16,10
910ce5d8ccaa162d4cf547903115882b,bengali,fake,rvc,rvc_fixed_024_Kotha He.mp3_22k.wav,17,10
acddba02cbe0359ae718c96ce75ca128,bengali,fake,rvc,rvc_fixed_024_Kotha He.mp3_22k.wav,18,10
21ba2331707608a98b4c06de62dbe31e,bengali,fake,rvc,rvc_fixed_024_Kotha He.mp3_22k.wav,19,10
378ee9de8a8eedc0b907c24ad7fe9623,bengali,fake,rvc,rvc_fixed_024_Kotha He.mp3_22k.wav,20,10
07a20ae0609fe90c35daaf82514e3c75,bengali,fake,rvc,rvc_fixed_024_Kotha He.mp3_22k.wav,21,10
231b85f3de01c908f3508d0f136cd8b3,bengali,fake,rvc,rvc_fixed_024_Kotha He.mp3_22k.wav,22,10
463a5cee65f032b76541a5024d3ba940,bengali,fake,rvc,rvc_fixed_024_Kotha He.mp3_22k.wav,23,10
7d4ab7578bb57f3f8ebb50d4f3f3800f,bengali,fake,rvc,rvc_fixed_024_Kotha He.mp3_22k.wav,24,10
542523245dba9c6f76efd2935d0b12dd,bengali,fake,rvc,rvc_fixed_024_Kotha He.mp3_22k.wav,25,10
40cc9a58d17027589d5438b7ec8c0eec,bengali,fake,rvc,rvc_fixed_024_Kotha He.mp3_22k.wav,26,10
9d69921c0296732c2ee4aadcd3636fd3,bengali,fake,rvc,rvc_fixed_024_Kotha He.mp3_22k.wav,27,10
beb497a1f63b8e56597b7237a8426681,bengali,fake,rvc,rvc_fixed_024_Kotha He.mp3_22k.wav,28,10
02f7e5aaa1e34b25f14b8655c4b42646,bengali,fake,rvc,rvc_fixed_024_Kotha He.mp3_22k.wav,29,10
2cfb578a7407e638e20e8d515a8a7f72,bengali,fake,rvc,rvc_fixed_024_Kotha He.mp3_22k.wav,30,10
70fe9d885647242eee60626c002da83f,bengali,fake,rvc,rvc_fixed_024_Kotha He.mp3_22k.wav,31,10
ced264af0b4e4ad238b78898680a46de,bengali,fake,rvc,rvc_fixed_024_Kotha He.mp3_22k.wav,32,10
eb22e6a3968133b94e9f2ff8de73059b,bengali,fake,rvc,rvc_fixed_024_Kotha He.mp3_22k.wav,33,10
4ca40260a440ed3fc3269a95155a6cbb,bengali,fake,rvc,rvc_fixed_024_Kotha He.mp3_22k.wav,34,10
995513a8cfd629a83243d2b590bbb7bd,bengali,fake,rvc,rvc_fixed_024_Kotha He.mp3_22k.wav,35,10
1032ba99c22acfc3f3ef92582197c72c,bengali,fake,rvc,rvc_fixed_024_Kotha He.mp3_22k.wav,36,10
f07dc9491b1f397d3e92e7d681d2641a,bengali,fake,rvc,rvc_fixed_024_Kotha He.mp3_22k.wav,37,10
0b9763dc49707d7cd7565eb299167475,bengali,fake,rvc,rvc_fixed_025_Aj Noy Kaal Noy Roj Protidin.mp3_22k.wav,0,10
bb562dc234b86082887bdba1d4e41bea,bengali,fake,rvc,rvc_fixed_025_Aj Noy Kaal Noy Roj Protidin.mp3_22k.wav,1,10
4907f61602d1fc577ee6f3c8f9f8d943,bengali,fake,rvc,rvc_fixed_025_Aj Noy Kaal Noy Roj Protidin.mp3_22k.wav,2,10
72127ad5fe90ddbe8af74d182fb6d32c,bengali,fake,rvc,rvc_fixed_025_Aj Noy Kaal Noy Roj Protidin.mp3_22k.wav,3,10
6db6ae3698b8fdf91a51f36d15e02fbd,bengali,fake,rvc,rvc_fixed_025_Aj Noy Kaal Noy Roj Protidin.mp3_22k.wav,4,10
25c7fcfde17353f38bb358f68da4e475,bengali,fake,rvc,rvc_fixed_025_Aj Noy Kaal Noy Roj Protidin.mp3_22k.wav,5,10
d350ddc1297fb687b86f848a949fe72d,bengali,fake,rvc,rvc_fixed_025_Aj Noy Kaal Noy Roj Protidin.mp3_22k.wav,6,10
903f97df3432045572c148a8a2304593,bengali,fake,rvc,rvc_fixed_025_Aj Noy Kaal Noy Roj Protidin.mp3_22k.wav,7,10
9a615f65cf56473b56ca0e7a260c69d4,bengali,fake,rvc,rvc_fixed_025_Aj Noy Kaal Noy Roj Protidin.mp3_22k.wav,8,10
f870f1d9ab5b1b94dec7058567d8a59b,bengali,fake,rvc,rvc_fixed_025_Aj Noy Kaal Noy Roj Protidin.mp3_22k.wav,9,10
77c9f6ba72e43ec028165665833e1b85,bengali,fake,rvc,rvc_fixed_025_Aj Noy Kaal Noy Roj Protidin.mp3_22k.wav,10,10
a3f5f29a5620822b67017f24ca8d766e,bengali,fake,rvc,rvc_fixed_025_Aj Noy Kaal Noy Roj Protidin.mp3_22k.wav,11,10
2908118bdf52ad4dd32d38faf44d580a,bengali,fake,rvc,rvc_fixed_025_Aj Noy Kaal Noy Roj Protidin.mp3_22k.wav,12,10
c84a45bbf4c03f48dc76271ddcfde710,bengali,fake,rvc,rvc_fixed_025_Aj Noy Kaal Noy Roj Protidin.mp3_22k.wav,13,10
1388f08e9fc144dc6989fab82b99f86f,bengali,fake,rvc,rvc_fixed_025_Aj Noy Kaal Noy Roj Protidin.mp3_22k.wav,14,10
6483f7da80ca89f721bc1578898f13ce,bengali,fake,rvc,rvc_fixed_025_Aj Noy Kaal Noy Roj Protidin.mp3_22k.wav,15,10
c73114274eb072b472657437a87d8316,bengali,fake,rvc,rvc_fixed_025_Aj Noy Kaal Noy Roj Protidin.mp3_22k.wav,16,10
24de6729c40fbdd1627df2f0e6c8eb96,bengali,fake,rvc,rvc_fixed_025_Aj Noy Kaal Noy Roj Protidin.mp3_22k.wav,17,10
3121796e779e7c71115dd177730a428b,bengali,fake,rvc,rvc_fixed_025_Aj Noy Kaal Noy Roj Protidin.mp3_22k.wav,18,10
b9ead79cb64df00fd563b396550bde50,bengali,fake,rvc,rvc_fixed_025_Aj Noy Kaal Noy Roj Protidin.mp3_22k.wav,19,10
9e4ec1778fb71cdc49b29cdbd31e3052,bengali,fake,rvc,rvc_fixed_025_Aj Noy Kaal Noy Roj Protidin.mp3_22k.wav,20,10
7275d6c0f2cf802ba679cfc55485ecc5,bengali,fake,rvc,rvc_fixed_025_Aj Noy Kaal Noy Roj Protidin.mp3_22k.wav,21,10
b2f6f507aa77ab72c4a2a7d950911293,bengali,fake,rvc,rvc_fixed_025_Aj Noy Kaal Noy Roj Protidin.mp3_22k.wav,22,10
c32ab0c7ffb36a57638489e6260af9a6,bengali,fake,rvc,rvc_fixed_025_Aj Noy Kaal Noy Roj Protidin.mp3_22k.wav,23,10
b5524528c91495e3a6951fd5bb7f4c23,bengali,fake,rvc,rvc_fixed_025_Aj Noy Kaal Noy Roj Protidin.mp3_22k.wav,24,10
544cd6904a748b76bbd893e50f042ed9,bengali,fake,rvc,rvc_fixed_025_Aj Noy Kaal Noy Roj Protidin.mp3_22k.wav,25,10
a6ddac00c51e3bc141f75fdfbe53bc12,bengali,fake,rvc,rvc_fixed_025_Aj Noy Kaal Noy Roj Protidin.mp3_22k.wav,26,10
b11938b2c3b58a391085db4c0884f8bb,bengali,fake,rvc,rvc_fixed_025_Aj Noy Kaal Noy Roj Protidin.mp3_22k.wav,27,10
d0a17b55922dcf7e72d56c12ceeadd25,bengali,fake,rvc,rvc_fixed_025_Aj Noy Kaal Noy Roj Protidin.mp3_22k.wav,28,10
f3daa19bf87646c89d963fded3202dd6,bengali,fake,rvc,rvc_fixed_025_Aj Noy Kaal Noy Roj Protidin.mp3_22k.wav,29,10
0782a7496949382dccebc22689021067,bengali,fake,rvc,rvc_fixed_025_Aj Noy Kaal Noy Roj Protidin.mp3_22k.wav,30,10
c8d2d29147b4e0ab77b4a6072046af9d,bengali,fake,rvc,rvc_fixed_025_Aj Noy Kaal Noy Roj Protidin.mp3_22k.wav,31,10
0ea6ebaf3fad615cfd8996a650fa7b53,bengali,fake,rvc,rvc_fixed_025_Aj Noy Kaal Noy Roj Protidin.mp3_22k.wav,32,10
968c20feba734c4aefec84e8b35d40d5,bengali,fake,rvc,rvc_fixed_025_Aj Noy Kaal Noy Roj Protidin.mp3_22k.wav,33,10
76ec589ef09e3d41bc227edbd5580740,bengali,fake,rvc,rvc_fixed_025_Aj Noy Kaal Noy Roj Protidin.mp3_22k.wav,34,10
644656ff4f52efe1c156182bd3ebccfa,bengali,fake,rvc,rvc_fixed_027_Keno Phote Keno Kusum Jhare Jaay.mp3_22k.wav,0,10
765adb14b09813aa07046b523ab4d7ab,bengali,fake,rvc,rvc_fixed_027_Keno Phote Keno Kusum Jhare Jaay.mp3_22k.wav,1,10
23ed5af6e4c0049d0a95bd9aa41f3518,bengali,fake,rvc,rvc_fixed_027_Keno Phote Keno Kusum Jhare Jaay.mp3_22k.wav,2,10
be323519ee305346856760e99d1fc38f,bengali,fake,rvc,rvc_fixed_027_Keno Phote Keno Kusum Jhare Jaay.mp3_22k.wav,3,10
57e55589471580d1252eaac60cd398c1,bengali,fake,rvc,rvc_fixed_027_Keno Phote Keno Kusum Jhare Jaay.mp3_22k.wav,4,10
37b6e81bea395c9da2025b7702c21f0c,bengali,fake,rvc,rvc_fixed_027_Keno Phote Keno Kusum Jhare Jaay.mp3_22k.wav,5,10
aa9b410784921aca42bdd559a73f0614,bengali,fake,rvc,rvc_fixed_027_Keno Phote Keno Kusum Jhare Jaay.mp3_22k.wav,6,10
bc1052c2f59700dd5596a1d1dc1ddcf8,bengali,fake,rvc,rvc_fixed_027_Keno Phote Keno Kusum Jhare Jaay.mp3_22k.wav,7,10
388d6a47d78ee1edc05a86488e2e5779,bengali,fake,rvc,rvc_fixed_027_Keno Phote Keno Kusum Jhare Jaay.mp3_22k.wav,8,10
35f588594f795761269b79152140d848,bengali,fake,rvc,rvc_fixed_027_Keno Phote Keno Kusum Jhare Jaay.mp3_22k.wav,9,10
610bef7120caedb64b7bf11580aabcae,bengali,fake,rvc,rvc_fixed_027_Keno Phote Keno Kusum Jhare Jaay.mp3_22k.wav,10,10
24ab56fd8bd0e29f806a5b44c706f97b,bengali,fake,rvc,rvc_fixed_027_Keno Phote Keno Kusum Jhare Jaay.mp3_22k.wav,11,10
354a71ce1f49efa24d18d0348de107cf,bengali,fake,rvc,rvc_fixed_027_Keno Phote Keno Kusum Jhare Jaay.mp3_22k.wav,12,10
f7fe84028878c4132804da9cc43725a5,bengali,fake,rvc,rvc_fixed_027_Keno Phote Keno Kusum Jhare Jaay.mp3_22k.wav,13,10
a95a35897f7b069f3b08dc97ee52748f,bengali,fake,rvc,rvc_fixed_027_Keno Phote Keno Kusum Jhare Jaay.mp3_22k.wav,14,10
541030ab49850faec6d71f883984abe6,bengali,fake,rvc,rvc_fixed_027_Keno Phote Keno Kusum Jhare Jaay.mp3_22k.wav,15,10
5a17fc366b0196f38229b13ab6386f0b,bengali,fake,rvc,rvc_fixed_027_Keno Phote Keno Kusum Jhare Jaay.mp3_22k.wav,16,10
c86b74b88e14eccf811beadbbae01471,bengali,fake,rvc,rvc_fixed_027_Keno Phote Keno Kusum Jhare Jaay.mp3_22k.wav,17,10
70400ff74e64ccde60138a45aa69c599,bengali,fake,rvc,rvc_fixed_027_Keno Phote Keno Kusum Jhare Jaay.mp3_22k.wav,18,10
f9da30d67c938bae00ea7085babf0111,bengali,fake,rvc,rvc_fixed_027_Keno Phote Keno Kusum Jhare Jaay.mp3_22k.wav,19,10
1dda08d6540b5eefe466fedaaee8b3e0,bengali,fake,rvc,rvc_fixed_028_Mayur Ponkhi Louka.mp3_22k.wav,0,10
7195d45f93c8ce65bd5ebbc12920da58,bengali,fake,rvc,rvc_fixed_028_Mayur Ponkhi Louka.mp3_22k.wav,1,10
a125d3d620d6f6e828cd74564c2e207a,bengali,fake,rvc,rvc_fixed_028_Mayur Ponkhi Louka.mp3_22k.wav,2,10
bc61d6bf5a112606ccd8335c99f96f27,bengali,fake,rvc,rvc_fixed_028_Mayur Ponkhi Louka.mp3_22k.wav,3,10
b48a5997c98e6305effb3b685db6e962,bengali,fake,rvc,rvc_fixed_028_Mayur Ponkhi Louka.mp3_22k.wav,4,10
d714b4340edb0a8996679f33ac784876,bengali,fake,rvc,rvc_fixed_028_Mayur Ponkhi Louka.mp3_22k.wav,5,10
2830fbc677a3e8a63cb7fba400c8652e,bengali,fake,rvc,rvc_fixed_028_Mayur Ponkhi Louka.mp3_22k.wav,6,10
2da76532232185e6c13f1516c269d4b8,bengali,fake,rvc,rvc_fixed_028_Mayur Ponkhi Louka.mp3_22k.wav,7,10
8c52df86777290f7398ca83b7552b519,bengali,fake,rvc,rvc_fixed_028_Mayur Ponkhi Louka.mp3_22k.wav,8,10
5f386a3449d138592dc44419eae562a4,bengali,fake,rvc,rvc_fixed_028_Mayur Ponkhi Louka.mp3_22k.wav,9,10
44f8be37e8a91a89c85f74732949127e,bengali,fake,rvc,rvc_fixed_028_Mayur Ponkhi Louka.mp3_22k.wav,10,10
fad0d9cb441ad9a6274117eb070e1203,bengali,fake,rvc,rvc_fixed_028_Mayur Ponkhi Louka.mp3_22k.wav,11,10
6615502745166a69a188e5f93cb03818,bengali,fake,rvc,rvc_fixed_028_Mayur Ponkhi Louka.mp3_22k.wav,12,10
57af509b359789151dc5059f460fd424,bengali,fake,rvc,rvc_fixed_028_Mayur Ponkhi Louka.mp3_22k.wav,13,10
6912fc58aceea7463ba80953589abe35,bengali,fake,rvc,rvc_fixed_028_Mayur Ponkhi Louka.mp3_22k.wav,14,10
76bfc28ac7970908877dbc6c26b99460,bengali,fake,rvc,rvc_fixed_028_Mayur Ponkhi Louka.mp3_22k.wav,15,10
4a56f25188922150f0a7e25252b42b41,bengali,fake,rvc,rvc_fixed_028_Mayur Ponkhi Louka.mp3_22k.wav,16,10
36e687f08ecd60117188c78a39334167,bengali,fake,rvc,rvc_fixed_028_Mayur Ponkhi Louka.mp3_22k.wav,17,10
4bb68fdcbe871adb72f63f312b206ea5,bengali,fake,rvc,rvc_fixed_028_Mayur Ponkhi Louka.mp3_22k.wav,18,10
1b2118f0f77cb4e9f40ee1ff7175023e,bengali,fake,rvc,rvc_fixed_028_Mayur Ponkhi Louka.mp3_22k.wav,19,10
11e0170c8f3e8825663ab331f60f067c,bengali,fake,rvc,rvc_fixed_028_Mayur Ponkhi Louka.mp3_22k.wav,20,10
80143b5aa188d2b4a84c5902ec33474a,bengali,fake,rvc,rvc_fixed_028_Mayur Ponkhi Louka.mp3_22k.wav,21,10
45ad6c094ee390395ce589649c565c89,bengali,fake,rvc,rvc_fixed_028_Mayur Ponkhi Louka.mp3_22k.wav,22,10
b4738175255ac63df9f20fc5c269fba6,bengali,fake,rvc,rvc_fixed_028_Mayur Ponkhi Louka.mp3_22k.wav,23,10
778c66c2fed0a6f32f8e77da21f48ce2,bengali,fake,rvc,rvc_fixed_028_Mayur Ponkhi Louka.mp3_22k.wav,24,10
5a47624349f269a0a44ce38b6f71d97a,bengali,fake,rvc,rvc_fixed_028_Mayur Ponkhi Louka.mp3_22k.wav,25,10
e3b26cfafc69dd157ecd87d19732c63e,bengali,fake,rvc,rvc_fixed_030_Arunkanti Ke Go Jogi.mp3_22k.wav,0,10
4b4312e44267ab59631c4d31fa8340c5,bengali,fake,rvc,rvc_fixed_030_Arunkanti Ke Go Jogi.mp3_22k.wav,1,10
79f1e86d9831cf498f3e1171f9a3560d,bengali,fake,rvc,rvc_fixed_030_Arunkanti Ke Go Jogi.mp3_22k.wav,2,10
27bc6c8bf830fbfa02d2287260be1f6a,bengali,fake,rvc,rvc_fixed_030_Arunkanti Ke Go Jogi.mp3_22k.wav,3,10
f08eece37fe8072db9f7f218326afd02,bengali,fake,rvc,rvc_fixed_030_Arunkanti Ke Go Jogi.mp3_22k.wav,4,10
10e2c383e79f75f021dbbc944b3757ae,bengali,fake,rvc,rvc_fixed_030_Arunkanti Ke Go Jogi.mp3_22k.wav,5,10
d528fc14a9803cedd300aeb7053a2755,bengali,fake,rvc,rvc_fixed_030_Arunkanti Ke Go Jogi.mp3_22k.wav,6,10
44ae20e39a3201f3bdf1ca0068dafaa4,bengali,fake,rvc,rvc_fixed_030_Arunkanti Ke Go Jogi.mp3_22k.wav,7,10
c28d9f063a5c6c800417296419eae40d,bengali,fake,rvc,rvc_fixed_030_Arunkanti Ke Go Jogi.mp3_22k.wav,8,10
c1d6d35f96b320acb9e169f46091ec16,bengali,fake,rvc,rvc_fixed_030_Arunkanti Ke Go Jogi.mp3_22k.wav,9,10
ec85c45b01348e6733d96bccec266f28,bengali,fake,rvc,rvc_fixed_030_Arunkanti Ke Go Jogi.mp3_22k.wav,10,10
48b59cdf88fcacd6df052d542f6bca31,bengali,fake,rvc,rvc_fixed_030_Arunkanti Ke Go Jogi.mp3_22k.wav,11,10
b47fdd2b754d9deb0a0428243676e86c,bengali,fake,rvc,rvc_fixed_030_Arunkanti Ke Go Jogi.mp3_22k.wav,12,10
1cd2583991263ac4568b87adf500a9bf,bengali,fake,rvc,rvc_fixed_030_Arunkanti Ke Go Jogi.mp3_22k.wav,13,10
fa6241fcb900ae6186980e0978f44854,bengali,fake,rvc,rvc_fixed_030_Arunkanti Ke Go Jogi.mp3_22k.wav,14,10
e034cd86cd236b06a61a57bbc9bad38f,bengali,fake,rvc,rvc_fixed_030_Arunkanti Ke Go Jogi.mp3_22k.wav,15,10
bfc0f7ab1c324a7b746ab2a095fa50e3,bengali,fake,rvc,rvc_fixed_030_Arunkanti Ke Go Jogi.mp3_22k.wav,16,10
97cbb5d95d264696b0857fe0814445e2,bengali,fake,rvc,rvc_fixed_030_Arunkanti Ke Go Jogi.mp3_22k.wav,17,10
f0eb78f82d38bdcc6e391fb56681f69a,bengali,fake,rvc,rvc_fixed_031_Bagichay Bulbuli Tui.mp3_22k.wav,0,10
558a0ba20713d3a23f0afec19fe06c5a,bengali,fake,rvc,rvc_fixed_031_Bagichay Bulbuli Tui.mp3_22k.wav,1,10
15215e5ed695eeda1565cd9052656ed5,bengali,fake,rvc,rvc_fixed_031_Bagichay Bulbuli Tui.mp3_22k.wav,2,10
6a7059bf4aae2cea029c68dbc8a8792f,bengali,fake,rvc,rvc_fixed_031_Bagichay Bulbuli Tui.mp3_22k.wav,3,10
56ab51c9d8ec8b46245eb0f1794ae50b,bengali,fake,rvc,rvc_fixed_031_Bagichay Bulbuli Tui.mp3_22k.wav,4,10
c36d635ef9d8d15c58fa32b6244efa13,bengali,fake,rvc,rvc_fixed_031_Bagichay Bulbuli Tui.mp3_22k.wav,5,10
26af50edd196e3c1f560a1fc33919a09,bengali,fake,rvc,rvc_fixed_031_Bagichay Bulbuli Tui.mp3_22k.wav,6,10
77e7af62ad4a5aeafa76c6e472109e71,bengali,fake,rvc,rvc_fixed_031_Bagichay Bulbuli Tui.mp3_22k.wav,7,10
c0f1dd73b4c4ea5402ce8a4030be656d,bengali,fake,rvc,rvc_fixed_031_Bagichay Bulbuli Tui.mp3_22k.wav,8,10
6938821e43535cace56cbace7b2ef76f,bengali,fake,rvc,rvc_fixed_031_Bagichay Bulbuli Tui.mp3_22k.wav,9,10
60224b2a7836d78a7ee7bad059132b58,bengali,fake,rvc,rvc_fixed_031_Bagichay Bulbuli Tui.mp3_22k.wav,10,10
8e4bc699289e826a647d363e079701fa,bengali,fake,rvc,rvc_fixed_031_Bagichay Bulbuli Tui.mp3_22k.wav,11,10
eb73664c1b4665567984510887649bb4,bengali,fake,rvc,rvc_fixed_031_Bagichay Bulbuli Tui.mp3_22k.wav,12,10
db5c0860decf830d150628dceae65e24,bengali,fake,rvc,rvc_fixed_031_Bagichay Bulbuli Tui.mp3_22k.wav,13,10
d650748465360295f31fcd1ad7ceab3d,bengali,fake,rvc,rvc_fixed_031_Bagichay Bulbuli Tui.mp3_22k.wav,14,10
b3758a5a8418139a77f3be5d769e3fad,bengali,fake,rvc,rvc_fixed_031_Bagichay Bulbuli Tui.mp3_22k.wav,15,10
d009fe5bdfc0f2fd4aa857dd935da19f,bengali,fake,rvc,rvc_fixed_031_Bagichay Bulbuli Tui.mp3_22k.wav,16,10
fb5342b2d1f1fba3afb5236722118066,bengali,fake,rvc,rvc_fixed_031_Bagichay Bulbuli Tui.mp3_22k.wav,17,10
d7a250f71b59c8a689f0629673d4650f,bengali,fake,rvc,rvc_fixed_031_Bagichay Bulbuli Tui.mp3_22k.wav,18,10
2d0add949cb02b4d7bfa610f438a3aa1,bengali,fake,rvc,rvc_fixed_032_Akashta Kanpchhilo Kyan.mp3_22k.wav,0,10
f7fe8a4e71ca8b10dc7d1ba5200f6d76,bengali,fake,rvc,rvc_fixed_032_Akashta Kanpchhilo Kyan.mp3_22k.wav,1,10
4be99a965d7bacb16391beed2e5cee0b,bengali,fake,rvc,rvc_fixed_032_Akashta Kanpchhilo Kyan.mp3_22k.wav,2,10
0eb2ea3ddcc550e4ff201bbf02af04bd,bengali,fake,rvc,rvc_fixed_032_Akashta Kanpchhilo Kyan.mp3_22k.wav,3,10
ad4809dd2084c5cc2b985922b3b41934,bengali,fake,rvc,rvc_fixed_032_Akashta Kanpchhilo Kyan.mp3_22k.wav,4,10
58d0f82f7767beaf8d3e04598da72b56,bengali,fake,rvc,rvc_fixed_032_Akashta Kanpchhilo Kyan.mp3_22k.wav,5,10
ea92a13f35bb6e6e89ed54f1eaad6e4e,bengali,fake,rvc,rvc_fixed_032_Akashta Kanpchhilo Kyan.mp3_22k.wav,6,10
a188e5fe632802a695e0ca4f196683e4,bengali,fake,rvc,rvc_fixed_032_Akashta Kanpchhilo Kyan.mp3_22k.wav,7,10
a762c355f358d703b2a7cbfecde60a4f,bengali,fake,rvc,rvc_fixed_032_Akashta Kanpchhilo Kyan.mp3_22k.wav,8,10
9051fef5d060fa43f487d0ae93430c69,bengali,fake,rvc,rvc_fixed_032_Akashta Kanpchhilo Kyan.mp3_22k.wav,9,10
f7aafd2e86b59c413fe84697cb60f8d0,bengali,fake,rvc,rvc_fixed_032_Akashta Kanpchhilo Kyan.mp3_22k.wav,10,10
49d0465d6283812a8820681fc2164328,bengali,fake,rvc,rvc_fixed_032_Akashta Kanpchhilo Kyan.mp3_22k.wav,11,10
1a9e86701f8577d072e07229db49a5d6,bengali,fake,rvc,rvc_fixed_032_Akashta Kanpchhilo Kyan.mp3_22k.wav,12,10
163d3fe0d201c7b5f93ec89117637bc0,bengali,fake,rvc,rvc_fixed_032_Akashta Kanpchhilo Kyan.mp3_22k.wav,13,10
2857aab2a9be97b409226f9539767ec6,bengali,fake,rvc,rvc_fixed_032_Akashta Kanpchhilo Kyan.mp3_22k.wav,14,10
8b040589dec0daf238236b5435c695c1,bengali,fake,rvc,rvc_fixed_032_Akashta Kanpchhilo Kyan.mp3_22k.wav,15,10
f97ea6e806410c282a670ba0db807d0e,bengali,fake,rvc,rvc_fixed_032_Akashta Kanpchhilo Kyan.mp3_22k.wav,16,10
4b36753cdc1089fa89f4f86dc1b05144,bengali,fake,rvc,rvc_fixed_032_Akashta Kanpchhilo Kyan.mp3_22k.wav,17,10
d360548ee1ea0f7129fb84cd4f7fb942,bengali,fake,rvc,rvc_fixed_032_Akashta Kanpchhilo Kyan.mp3_22k.wav,18,10
ea2216c3b8318a3f0dfd749bcc0a24e7,bengali,fake,rvc,rvc_fixed_032_Akashta Kanpchhilo Kyan.mp3_22k.wav,19,10
9466495e73ba61f2db9d4558bd0ced18,bengali,fake,rvc,rvc_fixed_032_Akashta Kanpchhilo Kyan.mp3_22k.wav,20,10
7746a40cf427a55a4b75ee392bc886cc,bengali,fake,rvc,rvc_fixed_032_Akashta Kanpchhilo Kyan.mp3_22k.wav,21,10
292453907cbdcdfa45feae3d50798bff,bengali,fake,rvc,rvc_fixed_032_Akashta Kanpchhilo Kyan.mp3_22k.wav,22,10
a772206983d87339ea06672a285406af,bengali,fake,rvc,rvc_fixed_032_Akashta Kanpchhilo Kyan.mp3_22k.wav,23,10
9c738bd494b8bd51eae3d7710e1e9180,bengali,fake,rvc,rvc_fixed_032_Akashta Kanpchhilo Kyan.mp3_22k.wav,24,10
7d28acbfbbc0c147012a8183afd04184,bengali,fake,rvc,rvc_fixed_032_Akashta Kanpchhilo Kyan.mp3_22k.wav,25,10
cf6a3e22d80417086b7506dff5cade83,bengali,fake,rvc,rvc_fixed_032_Akashta Kanpchhilo Kyan.mp3_22k.wav,26,10
ab84bad3e984f2b05d5cf24684056b87,bengali,fake,rvc,rvc_fixed_032_Akashta Kanpchhilo Kyan.mp3_22k.wav,27,10
63243f2a0a8b08f25b47c4b154b5d181,bengali,fake,rvc,rvc_fixed_032_Akashta Kanpchhilo Kyan.mp3_22k.wav,28,10
748593656173bde20267b0399780d7cb,bengali,fake,rvc,rvc_fixed_032_Akashta Kanpchhilo Kyan.mp3_22k.wav,29,10
7c86916bed5b35dcdbda68ef38c9a328,bengali,fake,rvc,rvc_fixed_035_Jani Amar Sadhana Nai.mp3_22k.wav,0,10
da42b0a17bc4d62d3d33429ca1779870,bengali,fake,rvc,rvc_fixed_035_Jani Amar Sadhana Nai.mp3_22k.wav,1,10
f91b20abe51e695f8e5c5b9710ef43aa,bengali,fake,rvc,rvc_fixed_035_Jani Amar Sadhana Nai.mp3_22k.wav,2,10
f10963578d06dbf9e843b90e02d64365,bengali,fake,rvc,rvc_fixed_035_Jani Amar Sadhana Nai.mp3_22k.wav,3,10
2b2b95696281a81cea346269f797e938,bengali,fake,rvc,rvc_fixed_035_Jani Amar Sadhana Nai.mp3_22k.wav,4,10
d958538cd4e3ee8ea019862999750264,bengali,fake,rvc,rvc_fixed_035_Jani Amar Sadhana Nai.mp3_22k.wav,5,10
d56a5cee30101a162b16147b76a2baa9,bengali,fake,rvc,rvc_fixed_035_Jani Amar Sadhana Nai.mp3_22k.wav,6,10
357960798f5087fc20a15bf27db0e18b,bengali,fake,rvc,rvc_fixed_035_Jani Amar Sadhana Nai.mp3_22k.wav,7,10
6e038aded81eec2cbac16a3320129227,bengali,fake,rvc,rvc_fixed_035_Jani Amar Sadhana Nai.mp3_22k.wav,8,10
c387f11fd1e2c018fe9448d4e19b1b61,bengali,fake,rvc,rvc_fixed_035_Jani Amar Sadhana Nai.mp3_22k.wav,9,10
e92c1e63ace940fda094ed8c9e437fc3,bengali,fake,rvc,rvc_fixed_035_Jani Amar Sadhana Nai.mp3_22k.wav,10,10
e6121c55636cf70c749a622f2d975b6a,bengali,fake,rvc,rvc_fixed_035_Jani Amar Sadhana Nai.mp3_22k.wav,11,10
26743a58882006c89208859e0e8bc7f0,bengali,fake,rvc,rvc_fixed_035_Jani Amar Sadhana Nai.mp3_22k.wav,12,10
936ae3f18dda015390df13115fa0ee4e,bengali,fake,rvc,rvc_fixed_035_Jani Amar Sadhana Nai.mp3_22k.wav,13,10
a2db67e6459c5e686467c8cfb2afc4ce,bengali,fake,rvc,rvc_fixed_035_Jani Amar Sadhana Nai.mp3_22k.wav,14,10
dcd448ccad8c1ef3cf2f1c97919dd147,bengali,fake,rvc,rvc_fixed_035_Jani Amar Sadhana Nai.mp3_22k.wav,15,10
1a2867ea133336d8718d683a0509f547,bengali,fake,rvc,rvc_fixed_035_Jani Amar Sadhana Nai.mp3_22k.wav,16,10
c3b141c2b5c767897222e371f32b0776,bengali,fake,rvc,rvc_fixed_037_Kul Kolonko.mp3_22k.wav,0,10
d8537dfda8154e75a05e75649e67aeb3,bengali,fake,rvc,rvc_fixed_037_Kul Kolonko.mp3_22k.wav,1,10
0d897b653a07d56c89754dce91539c65,bengali,fake,rvc,rvc_fixed_037_Kul Kolonko.mp3_22k.wav,2,10
f8a5b2a61cfebd6823a0ac0491f751af,bengali,fake,rvc,rvc_fixed_037_Kul Kolonko.mp3_22k.wav,3,10
2c31900a3ae389a6d311be6f8e45ee0c,bengali,fake,rvc,rvc_fixed_037_Kul Kolonko.mp3_22k.wav,4,10
8d78d6349f20a00ae49b98bcc330ec0c,bengali,fake,rvc,rvc_fixed_037_Kul Kolonko.mp3_22k.wav,5,10
903b716af8cd228122cc93dbb08c548f,bengali,fake,rvc,rvc_fixed_037_Kul Kolonko.mp3_22k.wav,6,10
842fd7f809996cb9a2605668674c10c9,bengali,fake,rvc,rvc_fixed_037_Kul Kolonko.mp3_22k.wav,7,10
e83340f7015a1fe07a50dbb403e3ce60,bengali,fake,rvc,rvc_fixed_037_Kul Kolonko.mp3_22k.wav,8,10
5de8806faa3170c297110641e6af68a5,bengali,fake,rvc,rvc_fixed_037_Kul Kolonko.mp3_22k.wav,9,10
9784dadf71c174b2f1420348c0af82d9,bengali,fake,rvc,rvc_fixed_037_Kul Kolonko.mp3_22k.wav,10,10
32cf60e5b59c1c9659d7870578fbb9c0,bengali,fake,rvc,rvc_fixed_037_Kul Kolonko.mp3_22k.wav,11,10
eca71e5a5fc46a4b644cd9672e347354,bengali,fake,rvc,rvc_fixed_037_Kul Kolonko.mp3_22k.wav,12,10
56af9c45701bf7aa37326185058a1cde,bengali,fake,rvc,rvc_fixed_037_Kul Kolonko.mp3_22k.wav,13,10
1bc232183e17acb47e34293b82780834,bengali,fake,rvc,rvc_fixed_037_Kul Kolonko.mp3_22k.wav,14,10
e6d530d470e618ed14e8390e56534a7b,bengali,fake,rvc,rvc_fixed_037_Kul Kolonko.mp3_22k.wav,15,10
7f98286028ea7acd18df8d0868d5857f,bengali,fake,rvc,rvc_fixed_037_Kul Kolonko.mp3_22k.wav,16,10
f0ce47e4ce76ca250e86e863f36e7f8f,bengali,fake,rvc,rvc_fixed_037_Kul Kolonko.mp3_22k.wav,17,10
f3c7ec8837478c85b962c803979ba2f6,bengali,fake,rvc,rvc_fixed_037_Kul Kolonko.mp3_22k.wav,18,10
23a89e6b40b539934a7cf9ef9e751f89,bengali,fake,rvc,rvc_fixed_037_Kul Kolonko.mp3_22k.wav,19,10
5adf7fb368ce0e17633b53a6253cdd84,bengali,fake,rvc,rvc_fixed_037_Kul Kolonko.mp3_22k.wav,20,10
432cc4197100b75093f7676866f54bc6,bengali,fake,rvc,rvc_fixed_037_Kul Kolonko.mp3_22k.wav,21,10
a4350bac0ddd258aca06a082a9c8b54e,bengali,fake,rvc,rvc_fixed_037_Kul Kolonko.mp3_22k.wav,22,10
dae1da9d8f03544dc9d2cac74f8848d1,bengali,fake,rvc,rvc_fixed_037_Kul Kolonko.mp3_22k.wav,23,10
3d198468c0d018e663ec58153abeab67,bengali,fake,rvc,rvc_fixed_037_Kul Kolonko.mp3_22k.wav,24,10
e3037bc5b8a8a97ebd096626606399da,bengali,fake,rvc,rvc_fixed_037_Kul Kolonko.mp3_22k.wav,25,10
b679f67daf288dc3fe4c48eb0e8dfb49,bengali,fake,rvc,rvc_fixed_037_Kul Kolonko.mp3_22k.wav,26,10
dd454610a1706b992699e14e0716e552,bengali,fake,rvc,rvc_fixed_037_Kul Kolonko.mp3_22k.wav,27,10
67ff14c0ffbc6f0937e2874841cf6951,bengali,fake,rvc,rvc_fixed_037_Kul Kolonko.mp3_22k.wav,28,10
f4507b580f6a5509637bc9413c828ccb,bengali,fake,rvc,rvc_fixed_037_Kul Kolonko.mp3_22k.wav,29,10
0baef1d8151901468487f46292ee2e54,bengali,fake,rvc,rvc_fixed_037_Kul Kolonko.mp3_22k.wav,30,10
e8c30e44f2455411e605a5214ef3e1e7,bengali,fake,rvc,rvc_fixed_037_Kul Kolonko.mp3_22k.wav,31,10
8ad1b711140296f4fe3588ce69d67104,bengali,fake,rvc,rvc_fixed_037_Kul Kolonko.mp3_22k.wav,32,10
0b18db1c09758dd8660646ee13d1aec0,bengali,fake,rvc,rvc_fixed_037_Kul Kolonko.mp3_22k.wav,33,10
1ea8409cbf004e278c865ad353461881,bengali,fake,rvc,rvc_fixed_037_Kul Kolonko.mp3_22k.wav,34,10
01e7cb282f4d76f28ee0ef32b92835fe,bengali,fake,rvc,rvc_fixed_037_Kul Kolonko.mp3_22k.wav,35,10
60dd50eec55910440a7ef99a5bc1ba8a,bengali,fake,rvc,rvc_fixed_037_Kul Kolonko.mp3_22k.wav,36,10
3a9c62b05c445874e2e869a9b6d06cd3,bengali,fake,rvc,rvc_fixed_037_Kul Kolonko.mp3_22k.wav,37,10
fc8f126e80378eba1c6141e1c596ea97,bengali,fake,rvc,rvc_fixed_037_Kul Kolonko.mp3_22k.wav,38,10
aeb301b219511adf98ca9230d9ae243f,bengali,fake,rvc,rvc_fixed_037_Kul Kolonko.mp3_22k.wav,39,10
f3dddf814709a027e089c7b01cb157e4,bengali,fake,rvc,rvc_fixed_037_Kul Kolonko.mp3_22k.wav,40,10
40b9e53facf3e1b4d2e595f5e3ac4b30,bengali,fake,rvc,rvc_fixed_037_Kul Kolonko.mp3_22k.wav,41,10
a045ea7d4d87c8e60f4309f061cd424c,bengali,fake,rvc,rvc_fixed_037_Kul Kolonko.mp3_22k.wav,42,10
5a1abb3e9f4380d63f0d27ab32e46e0a,bengali,fake,rvc,rvc_fixed_037_Kul Kolonko.mp3_22k.wav,43,10
f7539c9d747d931c8e7491d273a0565a,bengali,fake,rvc,rvc_fixed_037_Kul Kolonko.mp3_22k.wav,44,10
abd40d3ee17be69f044be98590a169de,bengali,fake,rvc,rvc_fixed_038_Bou Katha Kao.mp3_22k.wav,0,10
2351452faff24147ed4ed502dd8a33f4,bengali,fake,rvc,rvc_fixed_038_Bou Katha Kao.mp3_22k.wav,1,10
c8bb458c7ec9113636da4a97b287cccc,bengali,fake,rvc,rvc_fixed_038_Bou Katha Kao.mp3_22k.wav,2,10
bf7362bcb7f45e030d2c8ac03c7f485b,bengali,fake,rvc,rvc_fixed_038_Bou Katha Kao.mp3_22k.wav,3,10
195f4ab88da0b06d2902a91e6ff31472,bengali,fake,rvc,rvc_fixed_038_Bou Katha Kao.mp3_22k.wav,4,10
09cdc92b1302a2ea40aa16562f8bb2b4,bengali,fake,rvc,rvc_fixed_038_Bou Katha Kao.mp3_22k.wav,5,10
f9126f7b1da38d4ccba2441c56d3e5d1,bengali,fake,rvc,rvc_fixed_038_Bou Katha Kao.mp3_22k.wav,6,10
ddb15dcc66092c51438132c7af7fda94,bengali,fake,rvc,rvc_fixed_038_Bou Katha Kao.mp3_22k.wav,7,10
598fd0e4c24778d137d99efdba9878dd,bengali,fake,rvc,rvc_fixed_038_Bou Katha Kao.mp3_22k.wav,8,10
cbcf8ab0eb6b35e9f8011e89fdd73409,bengali,fake,rvc,rvc_fixed_038_Bou Katha Kao.mp3_22k.wav,9,10
fb624f3819d7d6af7044da5f6f52688f,bengali,fake,rvc,rvc_fixed_038_Bou Katha Kao.mp3_22k.wav,10,10
2e0dd154f33f02ddf20f63eee6769e4a,bengali,fake,rvc,rvc_fixed_038_Bou Katha Kao.mp3_22k.wav,11,10
adb44e340cbc608a8122058a2d62e2e7,bengali,fake,rvc,rvc_fixed_038_Bou Katha Kao.mp3_22k.wav,12,10
36361a7652ad93cb333060a6dd256c5f,bengali,fake,rvc,rvc_fixed_038_Bou Katha Kao.mp3_22k.wav,13,10
a47dc6eae718ae48de358d40f936c54f,bengali,fake,rvc,rvc_fixed_038_Bou Katha Kao.mp3_22k.wav,14,10
9f23237a657ace3265dde2213a011601,bengali,fake,rvc,rvc_fixed_038_Bou Katha Kao.mp3_22k.wav,15,10
482675cab4960e906ca3dba6da9d7b11,bengali,fake,rvc,rvc_fixed_038_Bou Katha Kao.mp3_22k.wav,16,10
463bd9738861c8df43a66a67e4dd398e,bengali,fake,rvc,rvc_fixed_038_Bou Katha Kao.mp3_22k.wav,17,10
801547fa083419b68b87c5dee1023e1e,bengali,fake,rvc,rvc_fixed_038_Bou Katha Kao.mp3_22k.wav,18,10
c0c1c6525ffd2d692c462dba92d84475,bengali,fake,rvc,rvc_fixed_038_Bou Katha Kao.mp3_22k.wav,19,10
16cd2c2334550862a60a855c87e7924e,bengali,fake,rvc,rvc_fixed_039_Andhakare Ese Tumi.mp3_22k.wav,0,10
ef287bd1be37d2122e336f04a860f827,bengali,fake,rvc,rvc_fixed_039_Andhakare Ese Tumi.mp3_22k.wav,1,10
04c285b071c88a66508e46ba5b8e6df6,bengali,fake,rvc,rvc_fixed_039_Andhakare Ese Tumi.mp3_22k.wav,2,10
15460f4b550a9a632b19b4b3cee72b65,bengali,fake,rvc,rvc_fixed_039_Andhakare Ese Tumi.mp3_22k.wav,3,10
46e0bca5bfb35825f6941869a91c56e1,bengali,fake,rvc,rvc_fixed_039_Andhakare Ese Tumi.mp3_22k.wav,4,10
2760f6d05c2be109e13e478468589450,bengali,fake,rvc,rvc_fixed_039_Andhakare Ese Tumi.mp3_22k.wav,5,10
bf945b3da16263c7e42f7a5f0c0ca76c,bengali,fake,rvc,rvc_fixed_039_Andhakare Ese Tumi.mp3_22k.wav,6,10
6fb48092bf547b6065365e7caa818069,bengali,fake,rvc,rvc_fixed_039_Andhakare Ese Tumi.mp3_22k.wav,7,10
5665c4faab76ad86509e3f0354081801,bengali,fake,rvc,rvc_fixed_039_Andhakare Ese Tumi.mp3_22k.wav,8,10
39d11f064ec954be3aa4fea7ed8788b2,bengali,fake,rvc,rvc_fixed_039_Andhakare Ese Tumi.mp3_22k.wav,9,10
d89fa9aa653aeeadd2b142dad027da8b,bengali,fake,rvc,rvc_fixed_039_Andhakare Ese Tumi.mp3_22k.wav,10,10
1913735ce3fd3e0c680ea4e8faa33ecb,bengali,fake,rvc,rvc_fixed_039_Andhakare Ese Tumi.mp3_22k.wav,11,10
d94d9c2113300900d7cc0d40415a04cc,bengali,fake,rvc,rvc_fixed_039_Andhakare Ese Tumi.mp3_22k.wav,12,10
3d7351f5bd815931c22cab890aed125e,bengali,fake,rvc,rvc_fixed_039_Andhakare Ese Tumi.mp3_22k.wav,13,10
8c6a1ab7f1ce6aee18199721ae1b52d4,bengali,fake,rvc,rvc_fixed_039_Andhakare Ese Tumi.mp3_22k.wav,14,10
6811f7f97e91b3105fff372c6b8e63e6,bengali,fake,rvc,rvc_fixed_039_Andhakare Ese Tumi.mp3_22k.wav,15,10
e3be32daa0e1c6814249d49ddc361296,bengali,fake,rvc,rvc_fixed_040_Keno Tomra Amai Dako.mp3_22k.wav,0,10
df3edb2e8166297bdad74961c28a7403,bengali,fake,rvc,rvc_fixed_040_Keno Tomra Amai Dako.mp3_22k.wav,1,10
25a4207d54693c06cd7961383dbaf037,bengali,fake,rvc,rvc_fixed_040_Keno Tomra Amai Dako.mp3_22k.wav,2,10
ff69d0d2c6ce87348f9972a4f1d3ac75,bengali,fake,rvc,rvc_fixed_040_Keno Tomra Amai Dako.mp3_22k.wav,3,10
9f55f40db4449d203cfc2af60c45c953,bengali,fake,rvc,rvc_fixed_040_Keno Tomra Amai Dako.mp3_22k.wav,4,10
42ad28dd033ffaf05dc4584b911bf546,bengali,fake,rvc,rvc_fixed_040_Keno Tomra Amai Dako.mp3_22k.wav,5,10
3d6469f10a38ef01faf3f1d715dafbf6,bengali,fake,rvc,rvc_fixed_040_Keno Tomra Amai Dako.mp3_22k.wav,6,10
e4065411a9ce6a3cf42229a291dde06b,bengali,fake,rvc,rvc_fixed_040_Keno Tomra Amai Dako.mp3_22k.wav,7,10
52e47a87a20955a7c5e5d34c17cb06e9,bengali,fake,rvc,rvc_fixed_040_Keno Tomra Amai Dako.mp3_22k.wav,8,10
904305869fde84c969202808c0bbdc5d,bengali,fake,rvc,rvc_fixed_040_Keno Tomra Amai Dako.mp3_22k.wav,9,10
57876c010673073651d293af027e41c2,bengali,fake,rvc,rvc_fixed_040_Keno Tomra Amai Dako.mp3_22k.wav,10,10
c91300099712c418af370ada5aa85d68,bengali,fake,rvc,rvc_fixed_040_Keno Tomra Amai Dako.mp3_22k.wav,11,10
546bf9a78653e76da9ce0aff249c5ebb,bengali,fake,rvc,rvc_fixed_040_Keno Tomra Amai Dako.mp3_22k.wav,12,10
0b405533076557e75b3680f1317a3687,bengali,fake,rvc,rvc_fixed_040_Keno Tomra Amai Dako.mp3_22k.wav,13,10
0c445b397825be42ea24850bbd797372,bengali,fake,rvc,rvc_fixed_040_Keno Tomra Amai Dako.mp3_22k.wav,14,10
fc83e6f80990b32dd071d9e0d426f39b,bengali,fake,rvc,rvc_fixed_040_Keno Tomra Amai Dako.mp3_22k.wav,15,10
afade8f9857937c38bf772707c4114cc,bengali,fake,rvc,rvc_fixed_040_Keno Tomra Amai Dako.mp3_22k.wav,16,10
ad127255c8a922d2d8f8830cb623b11f,bengali,fake,rvc,rvc_fixed_040_Keno Tomra Amai Dako.mp3_22k.wav,17,10
af046a9d48c74ec26131c57338fefc98,bengali,fake,rvc,rvc_fixed_040_Keno Tomra Amai Dako.mp3_22k.wav,18,10
99c05cac7456e6eeede2210b3a0b5e40,bengali,fake,rvc,rvc_fixed_041_Tor Bhubane Jwale Eto Alo.mp3_22k.wav,0,10
0b6ccc8c698f0c1d53574af0efd4595d,bengali,fake,rvc,rvc_fixed_041_Tor Bhubane Jwale Eto Alo.mp3_22k.wav,1,10
9a01af2f51f199af5abbfe4a6cea8e00,bengali,fake,rvc,rvc_fixed_041_Tor Bhubane Jwale Eto Alo.mp3_22k.wav,2,10
bbcca0e3973114aa79ae08f51de243ea,bengali,fake,rvc,rvc_fixed_041_Tor Bhubane Jwale Eto Alo.mp3_22k.wav,3,10
99431c0295fc145cf3652d50bc59102d,bengali,fake,rvc,rvc_fixed_041_Tor Bhubane Jwale Eto Alo.mp3_22k.wav,4,10
ef0449e4f8c28a8060ae4d610e58f88a,bengali,fake,rvc,rvc_fixed_041_Tor Bhubane Jwale Eto Alo.mp3_22k.wav,5,10
e0d50509a55e70efd9e90057b73609ec,bengali,fake,rvc,rvc_fixed_041_Tor Bhubane Jwale Eto Alo.mp3_22k.wav,6,10
6732985990a8f22c537302d0e45a6a99,bengali,fake,rvc,rvc_fixed_041_Tor Bhubane Jwale Eto Alo.mp3_22k.wav,7,10
e50066ecbb31ab9c38fcd1a67ad8c25e,bengali,fake,rvc,rvc_fixed_041_Tor Bhubane Jwale Eto Alo.mp3_22k.wav,8,10
f41a82f84df8245511841ad244a46e91,bengali,fake,rvc,rvc_fixed_041_Tor Bhubane Jwale Eto Alo.mp3_22k.wav,9,10
a4012c0f695647449cf31d9b0acdabfb,bengali,fake,rvc,rvc_fixed_041_Tor Bhubane Jwale Eto Alo.mp3_22k.wav,10,10
51862c0a73094f7668da1deb9288e3a0,bengali,fake,rvc,rvc_fixed_041_Tor Bhubane Jwale Eto Alo.mp3_22k.wav,11,10
333e169c0f216c87380d201fcedb532e,bengali,fake,rvc,rvc_fixed_041_Tor Bhubane Jwale Eto Alo.mp3_22k.wav,12,10
b6d64f84d8a6ec9245494961f51b3b4c,bengali,fake,rvc,rvc_fixed_041_Tor Bhubane Jwale Eto Alo.mp3_22k.wav,13,10
d84d47d8f15d1b15adb0583cc3ce0b4c,bengali,fake,rvc,rvc_fixed_041_Tor Bhubane Jwale Eto Alo.mp3_22k.wav,14,10
e1defade56704dfbb71ed8dd1defebac,bengali,fake,rvc,rvc_fixed_041_Tor Bhubane Jwale Eto Alo.mp3_22k.wav,15,10
6d50b8950a75d145def9bfe9b7cef386,bengali,fake,rvc,rvc_fixed_041_Tor Bhubane Jwale Eto Alo.mp3_22k.wav,16,10
e3078819eed3d8f9354edbc9a96b18e9,bengali,fake,rvc,rvc_fixed_041_Tor Bhubane Jwale Eto Alo.mp3_22k.wav,17,10
e0bf9b46b36e34fc2b8152c2aaf3f2b2,bengali,fake,rvc,rvc_fixed_041_Tor Bhubane Jwale Eto Alo.mp3_22k.wav,18,10
d03da1c50ba142845a0956f0dbf39e62,bengali,fake,rvc,rvc_fixed_041_Tor Bhubane Jwale Eto Alo.mp3_22k.wav,19,10
5e4f6432fec07bf986e817cf0099cc61,bengali,fake,rvc,rvc_fixed_041_Tor Bhubane Jwale Eto Alo.mp3_22k.wav,20,10
9b201f4ae94a3c566f292e489dc47844,bengali,fake,rvc,rvc_fixed_041_Tor Bhubane Jwale Eto Alo.mp3_22k.wav,21,10
237021f5cf07e571127f754b4a2acb19,bengali,fake,rvc,rvc_fixed_042_Amar Bhetor Ami Ke.mp3_22k.wav,0,10
c69e413973ebe0c9b2a772ee251190b7,bengali,fake,rvc,rvc_fixed_042_Amar Bhetor Ami Ke.mp3_22k.wav,1,10
947b458e7949969053b65c423ca4a79d,bengali,fake,rvc,rvc_fixed_042_Amar Bhetor Ami Ke.mp3_22k.wav,2,10
0d38d42ad295d8a49f82bc4bb1bc7875,bengali,fake,rvc,rvc_fixed_042_Amar Bhetor Ami Ke.mp3_22k.wav,3,10
519c5710b7e6afd9e92f2367f7749449,bengali,fake,rvc,rvc_fixed_042_Amar Bhetor Ami Ke.mp3_22k.wav,4,10
01046b06650a3e8a6d09dff3a530511c,bengali,fake,rvc,rvc_fixed_042_Amar Bhetor Ami Ke.mp3_22k.wav,5,10
679f2984fdc1995fa0807d0e59d26ec6,bengali,fake,rvc,rvc_fixed_042_Amar Bhetor Ami Ke.mp3_22k.wav,6,10
820bca6e96dcaad5a0c518f1ab0078a7,bengali,fake,rvc,rvc_fixed_042_Amar Bhetor Ami Ke.mp3_22k.wav,7,10
2fd9ca10d810de2ab05d70830b252161,bengali,fake,rvc,rvc_fixed_042_Amar Bhetor Ami Ke.mp3_22k.wav,8,10
a1309088bd4b8011107f8fccfd2842da,bengali,fake,rvc,rvc_fixed_042_Amar Bhetor Ami Ke.mp3_22k.wav,9,10
44e9c783716ed8bf2d0637b97b72c9a6,bengali,fake,rvc,rvc_fixed_042_Amar Bhetor Ami Ke.mp3_22k.wav,10,10
8687086182088f1ac2ce3de942888ac1,bengali,fake,rvc,rvc_fixed_042_Amar Bhetor Ami Ke.mp3_22k.wav,11,10
8d130bdc0604c8becd71d9165a634156,bengali,fake,rvc,rvc_fixed_042_Amar Bhetor Ami Ke.mp3_22k.wav,12,10
52e785b326154979640442e38718fc34,bengali,fake,rvc,rvc_fixed_042_Amar Bhetor Ami Ke.mp3_22k.wav,13,10
16be284cde156b4ca8c91ac603e30296,bengali,fake,rvc,rvc_fixed_042_Amar Bhetor Ami Ke.mp3_22k.wav,14,10
bc315041f642ee06dfec153ec54e91b9,bengali,fake,rvc,rvc_fixed_042_Amar Bhetor Ami Ke.mp3_22k.wav,15,10
6fa944dc1e43b1831afdc853247c47e5,bengali,fake,rvc,rvc_fixed_042_Amar Bhetor Ami Ke.mp3_22k.wav,16,10
b388b1e9aae55b54c016f3255a8352fd,bengali,fake,rvc,rvc_fixed_042_Amar Bhetor Ami Ke.mp3_22k.wav,17,10
8d1821a31ad6df9a09072eaefe3d970e,bengali,fake,rvc,rvc_fixed_042_Amar Bhetor Ami Ke.mp3_22k.wav,18,10
9bad8d1de37f86e42d55398c951ab82c,bengali,fake,rvc,rvc_fixed_042_Amar Bhetor Ami Ke.mp3_22k.wav,19,10
048f9c66c9077427fd60638f0faaddb2,bengali,fake,rvc,rvc_fixed_042_Amar Bhetor Ami Ke.mp3_22k.wav,20,10
2f6b7d06492a5d87c5ad1cd4cdc9a6a1,bengali,fake,rvc,rvc_fixed_042_Amar Bhetor Ami Ke.mp3_22k.wav,21,10
5a676a00132b124d1226ffba9272e20e,bengali,fake,rvc,rvc_fixed_042_Amar Bhetor Ami Ke.mp3_22k.wav,22,10
6f1408005c03f6c132271ed62fc98c50,bengali,fake,rvc,rvc_fixed_042_Amar Bhetor Ami Ke.mp3_22k.wav,23,10
64e289e26fd83c945b4f6bf15f5bd4c3,bengali,fake,rvc,rvc_fixed_042_Amar Bhetor Ami Ke.mp3_22k.wav,24,10
254a6a7871b162938a60e72eaa430eee,bengali,fake,rvc,rvc_fixed_042_Amar Bhetor Ami Ke.mp3_22k.wav,25,10
5b803f6436b74a9b0e123a7211be0280,bengali,fake,rvc,rvc_fixed_042_Amar Bhetor Ami Ke.mp3_22k.wav,26,10
f86e29c9de3eb97661d3f4437162d25a,bengali,fake,rvc,rvc_fixed_042_Amar Bhetor Ami Ke.mp3_22k.wav,27,10
f86e5c3387d423620c08cdd04b4347fe,bengali,fake,rvc,rvc_fixed_042_Amar Bhetor Ami Ke.mp3_22k.wav,28,10
3d9038552c3054735e393c3eb1a9c1b2,bengali,fake,rvc,rvc_fixed_042_Amar Bhetor Ami Ke.mp3_22k.wav,29,10
b8f22b9b5c8400eb8a664e51aef1843e,bengali,fake,rvc,rvc_fixed_042_Amar Bhetor Ami Ke.mp3_22k.wav,30,10
1d9fc5fa720fc4e3f9925c4c1716241f,bengali,fake,rvc,rvc_fixed_042_Amar Bhetor Ami Ke.mp3_22k.wav,31,10
c8c51535b7c23832d3ab77b2b857de5a,bengali,fake,rvc,rvc_fixed_042_Amar Bhetor Ami Ke.mp3_22k.wav,32,10
fd9840a9473d756b4abf5f8b5b0a2b43,bengali,fake,rvc,rvc_fixed_042_Amar Bhetor Ami Ke.mp3_22k.wav,33,10
aca0e6e3ef2210f3dab117d528403728,bengali,fake,rvc,rvc_fixed_042_Amar Bhetor Ami Ke.mp3_22k.wav,34,10
acfc982e0eab950cc0eaaebf0ee401d6,bengali,fake,rvc,rvc_fixed_042_Amar Bhetor Ami Ke.mp3_22k.wav,35,10
f22a9064aecb642cfd095c55937e78ac,bengali,fake,rvc,rvc_fixed_042_Amar Bhetor Ami Ke.mp3_22k.wav,36,10
a19589fd5f810b969f7f198960ddd14f,bengali,fake,rvc,rvc_fixed_042_Amar Bhetor Ami Ke.mp3_22k.wav,37,10
b8fc4eacd91bb8761b898198185ce765,bengali,fake,rvc,rvc_fixed_042_Amar Bhetor Ami Ke.mp3_22k.wav,38,10
00471b6e1c9164c96d62596fcc423a6a,bengali,fake,rvc,rvc_fixed_042_Amar Bhetor Ami Ke.mp3_22k.wav,39,10
1b893cd7b28b324dcf34a3b222d76e32,bengali,fake,rvc,rvc_fixed_042_Amar Bhetor Ami Ke.mp3_22k.wav,40,10
f726d78f74f1e7e1324b3b48548832e0,bengali,fake,rvc,rvc_fixed_042_Amar Bhetor Ami Ke.mp3_22k.wav,41,10
b32994ca3671c9d7f8e7240a4f9ce5ce,bengali,fake,rvc,rvc_fixed_042_Amar Bhetor Ami Ke.mp3_22k.wav,42,10
628d37da15554a5cebc6eefd995f8f18,bengali,fake,rvc,rvc_fixed_042_Amar Bhetor Ami Ke.mp3_22k.wav,43,10
90a633e4f9c9d58c182273d8b77f7fac,bengali,fake,rvc,rvc_fixed_042_Amar Bhetor Ami Ke.mp3_22k.wav,44,10
d744322d630a158aadde2e1d42fb0b7e,bengali,fake,rvc,rvc_fixed_042_Amar Bhetor Ami Ke.mp3_22k.wav,45,10
39725bdabe02e3cc438add31d23e520c,bengali,fake,rvc,rvc_fixed_042_Amar Bhetor Ami Ke.mp3_22k.wav,46,10
adcb3e70eee5c7807283dfa8ffa2da8c,bengali,fake,rvc,rvc_fixed_042_Amar Bhetor Ami Ke.mp3_22k.wav,47,10
2e8cd937212f03231ea29f7074545d82,bengali,fake,rvc,rvc_fixed_042_Amar Bhetor Ami Ke.mp3_22k.wav,48,10
80e94a4892b6e1601d83ccc4a9412339,bengali,fake,rvc,rvc_fixed_042_Amar Bhetor Ami Ke.mp3_22k.wav,49,10
f27973db7cf2cf6bec1cdd5d0d2e66d3,bengali,fake,rvc,rvc_fixed_042_Amar Bhetor Ami Ke.mp3_22k.wav,50,10
c5b46e07dae95381fcf0d70d37e47315,bengali,fake,rvc,rvc_fixed_042_Amar Bhetor Ami Ke.mp3_22k.wav,51,10
f179628d06ea881f160ac8e7c4edf57e,bengali,fake,rvc,rvc_fixed_042_Amar Bhetor Ami Ke.mp3_22k.wav,52,10
9a2af5a4e330df76367709e3fbe3398d,bengali,fake,rvc,rvc_fixed_043_Ma Habi Na Meye Habi.mp3_22k.wav,0,10
d70ae75bd0f6c88288a335c032a64045,bengali,fake,rvc,rvc_fixed_043_Ma Habi Na Meye Habi.mp3_22k.wav,1,10
4befbc9da6c74869e53d3d79ce2fbfd2,bengali,fake,rvc,rvc_fixed_043_Ma Habi Na Meye Habi.mp3_22k.wav,2,10
d098ff6c3b1adc2caa1a0869c50e396c,bengali,fake,rvc,rvc_fixed_043_Ma Habi Na Meye Habi.mp3_22k.wav,3,10
f9b91589d9057b00cc05977c06bc6eed,bengali,fake,rvc,rvc_fixed_043_Ma Habi Na Meye Habi.mp3_22k.wav,4,10
01bd0d65b2be7046218925c1efbe592b,bengali,fake,rvc,rvc_fixed_043_Ma Habi Na Meye Habi.mp3_22k.wav,5,10
14011c0dcdd3f25c8e83fc8dd9044657,bengali,fake,rvc,rvc_fixed_043_Ma Habi Na Meye Habi.mp3_22k.wav,6,10
3e2bcac89d94a90be264466f1f334fb4,bengali,fake,rvc,rvc_fixed_043_Ma Habi Na Meye Habi.mp3_22k.wav,7,10
c189f09a9d9e1ca4af63180652111fa5,bengali,fake,rvc,rvc_fixed_043_Ma Habi Na Meye Habi.mp3_22k.wav,8,10
96b7f9cb60e0258c555a888b22adc84b,bengali,fake,rvc,rvc_fixed_043_Ma Habi Na Meye Habi.mp3_22k.wav,9,10
d9dbe81685f027e7c53187fd27ff2998,bengali,fake,rvc,rvc_fixed_043_Ma Habi Na Meye Habi.mp3_22k.wav,10,10
0c2d1a3fb198d12c3dc5c16a0e7b27aa,bengali,fake,rvc,rvc_fixed_043_Ma Habi Na Meye Habi.mp3_22k.wav,11,10
5cc82eb168ab3490c047329a3d067a18,bengali,fake,rvc,rvc_fixed_043_Ma Habi Na Meye Habi.mp3_22k.wav,12,10
3ceda55521880b885e89af6ad48e381c,bengali,fake,rvc,rvc_fixed_043_Ma Habi Na Meye Habi.mp3_22k.wav,13,10
341956cb017ef0004ca3b3c492d114cc,bengali,fake,rvc,rvc_fixed_043_Ma Habi Na Meye Habi.mp3_22k.wav,14,10
b5148160f39345475a8b52c96f27e81e,bengali,fake,rvc,rvc_fixed_043_Ma Habi Na Meye Habi.mp3_22k.wav,15,10
72d1adb41e2821c47cd2824cd1a597f8,bengali,fake,rvc,rvc_fixed_043_Ma Habi Na Meye Habi.mp3_22k.wav,16,10
92a2d75173574df45d2cd1de723ba37d,bengali,fake,rvc,rvc_fixed_043_Ma Habi Na Meye Habi.mp3_22k.wav,17,10
da1fdd9c8e3026f3f56be34327c391b5,bengali,fake,rvc,rvc_fixed_043_Ma Habi Na Meye Habi.mp3_22k.wav,18,10
fd5bf007457162b8843fbcd732860780,bengali,fake,rvc,rvc_fixed_043_Ma Habi Na Meye Habi.mp3_22k.wav,19,10
42c9b9a445181404f6ae5a37646d3d82,bengali,fake,rvc,rvc_fixed_043_Ma Habi Na Meye Habi.mp3_22k.wav,20,10
672d393aaedb6214a39bec9ac40fbb25,bengali,fake,rvc,rvc_fixed_043_Ma Habi Na Meye Habi.mp3_22k.wav,21,10
4396ff0951a7511a5e5a96b2ed73b85d,bengali,fake,rvc,rvc_fixed_043_Ma Habi Na Meye Habi.mp3_22k.wav,22,10
24429b8962d80ce5fa6fa19137e26129,bengali,fake,rvc,rvc_fixed_043_Ma Habi Na Meye Habi.mp3_22k.wav,23,10
0bdab2a0f5a9cb7f65bb6671b08d4f3b,bengali,fake,rvc,rvc_fixed_043_Ma Habi Na Meye Habi.mp3_22k.wav,24,10
0ae3e45b96bb0f710cd58f990f2eadca,bengali,fake,rvc,rvc_fixed_043_Ma Habi Na Meye Habi.mp3_22k.wav,25,10
76cf415d71bea4db5bda7b7259d9024f,bengali,fake,rvc,rvc_fixed_043_Ma Habi Na Meye Habi.mp3_22k.wav,26,10
87b92c583508bc3ba2cc0c45ef816b5f,bengali,fake,rvc,rvc_fixed_043_Ma Habi Na Meye Habi.mp3_22k.wav,27,10
5a1e8a11c508c71c5ab75bb0cbd318da,bengali,fake,rvc,rvc_fixed_043_Ma Habi Na Meye Habi.mp3_22k.wav,28,10
c0b830dceb8e7313aa8bdd7380c3c8b6,bengali,fake,rvc,rvc_fixed_043_Ma Habi Na Meye Habi.mp3_22k.wav,29,10
e95dccc9b412abca14feb571a2188590,bengali,fake,rvc,rvc_fixed_043_Ma Habi Na Meye Habi.mp3_22k.wav,30,10
6c2977b981506b48da56f1b37900f381,bengali,fake,rvc,rvc_fixed_043_Ma Habi Na Meye Habi.mp3_22k.wav,31,10
f358fb1e0fbe1fdde01d8d0a15d9c2e4,bengali,fake,rvc,rvc_fixed_043_Ma Habi Na Meye Habi.mp3_22k.wav,32,10
d2f8532c7fe8df87a5583dfc5d4374f1,bengali,fake,rvc,rvc_fixed_043_Ma Habi Na Meye Habi.mp3_22k.wav,33,10
bd95ad25a6ad27816590711fe5ed0daa,bengali,fake,rvc,rvc_fixed_043_Ma Habi Na Meye Habi.mp3_22k.wav,34,10
ae5fb522ea850527fe42c28be65bc7fc,bengali,fake,rvc,rvc_fixed_043_Ma Habi Na Meye Habi.mp3_22k.wav,35,10
4bbf7c4c8654bf477d28d2b34ef38f4c,bengali,fake,rvc,rvc_fixed_043_Ma Habi Na Meye Habi.mp3_22k.wav,36,10
161a0a587cf9ecd34a9e12089f620cb1,bengali,fake,rvc,rvc_fixed_043_Ma Habi Na Meye Habi.mp3_22k.wav,37,10
2d3d84ab76a836f24c0266df237c8c06,bengali,fake,rvc,rvc_fixed_043_Ma Habi Na Meye Habi.mp3_22k.wav,38,10
18d3e23c96b41d664e9871548ad415cd,bengali,fake,rvc,rvc_fixed_043_Ma Habi Na Meye Habi.mp3_22k.wav,39,10
ae1c3a4296cf4581f1691ae8796fd183,bengali,fake,rvc,rvc_fixed_043_Ma Habi Na Meye Habi.mp3_22k.wav,40,10
4dc3ac41131b5c44d0c752a66f5fde41,bengali,fake,rvc,rvc_fixed_043_Ma Habi Na Meye Habi.mp3_22k.wav,41,10
98fa147da9500c97758f3f690995cf38,bengali,fake,rvc,rvc_fixed_043_Ma Habi Na Meye Habi.mp3_22k.wav,42,10
260168400a0fb6cf76f42ea449a86ffe,bengali,fake,rvc,rvc_fixed_043_Ma Habi Na Meye Habi.mp3_22k.wav,43,10
236458fb0254662515c11018bc032bb9,bengali,fake,rvc,rvc_fixed_043_Ma Habi Na Meye Habi.mp3_22k.wav,44,10
d5d4a9d708ed0b5736e6c2e4d89c9bea,bengali,fake,rvc,rvc_fixed_043_Ma Habi Na Meye Habi.mp3_22k.wav,45,10
e5dc238d41848fb787e37f7206eb5b6a,bengali,fake,rvc,rvc_fixed_043_Ma Habi Na Meye Habi.mp3_22k.wav,46,10
c99cfedf610a178ca2b81a83b920e937,bengali,fake,rvc,rvc_fixed_043_Ma Habi Na Meye Habi.mp3_22k.wav,47,10
ee2aca722ec50aadda8a258af9f28df7,bengali,fake,rvc,rvc_fixed_043_Ma Habi Na Meye Habi.mp3_22k.wav,48,10
3debd467beb902168bae73cc82ab8ba9,bengali,fake,rvc,rvc_fixed_043_Ma Habi Na Meye Habi.mp3_22k.wav,49,10
0fe216f5caba8940d016045af2081ea9,bengali,fake,rvc,rvc_fixed_043_Ma Habi Na Meye Habi.mp3_22k.wav,50,10
9cfe1f6c4556f630ebc9188789295f4a,bengali,fake,rvc,rvc_fixed_043_Ma Habi Na Meye Habi.mp3_22k.wav,51,10
84a8bb8c6c9e76f0b4e4572f4b2b303d,bengali,fake,rvc,rvc_fixed_043_Ma Habi Na Meye Habi.mp3_22k.wav,52,10
a7c94e24a1c4c10a8cec4bd395f3e2d1,bengali,fake,rvc,rvc_fixed_043_Ma Habi Na Meye Habi.mp3_22k.wav,53,10
5b8cdc2703fcdc1888bfbc38406064cd,bengali,fake,rvc,rvc_fixed_043_Ma Habi Na Meye Habi.mp3_22k.wav,54,10
13815b85907a57be289ba1c3cbd4a54d,bengali,fake,rvc,rvc_fixed_043_Ma Habi Na Meye Habi.mp3_22k.wav,55,10
da6dc93ecf6adea0d5af810a0e950d5d,bengali,fake,rvc,rvc_fixed_043_Ma Habi Na Meye Habi.mp3_22k.wav,56,10
4b38aa855ded18af1b535debdfb978aa,bengali,fake,rvc,rvc_fixed_043_Ma Habi Na Meye Habi.mp3_22k.wav,57,10
910b9062ebc3914ed1fd8ad2fde84d7a,bengali,fake,rvc,rvc_fixed_043_Ma Habi Na Meye Habi.mp3_22k.wav,58,10
8a0314d6039f4114e34abb2cd9570bbc,bengali,fake,rvc,rvc_fixed_043_Ma Habi Na Meye Habi.mp3_22k.wav,59,10
b62568b136ece6e4e5f6278d729ad554,bengali,fake,rvc,rvc_fixed_043_Ma Habi Na Meye Habi.mp3_22k.wav,60,10
bf55697bc2e689bcb2ea093c8dcc3584,bengali,fake,rvc,rvc_fixed_043_Ma Habi Na Meye Habi.mp3_22k.wav,61,10
6082a2117d04d0e42e6f8ffcdf62d85d,bengali,fake,rvc,rvc_fixed_043_Ma Habi Na Meye Habi.mp3_22k.wav,62,10
be523d33a6d98f374936044c9cb7f3ac,bengali,fake,rvc,rvc_fixed_043_Ma Habi Na Meye Habi.mp3_22k.wav,63,10
9e8d37df93f95d83b73e2aea95284ad3,bengali,fake,rvc,rvc_fixed_043_Ma Habi Na Meye Habi.mp3_22k.wav,64,10
95d0bb2cd18297379efe8b4f8e11d780,bengali,fake,rvc,rvc_fixed_043_Ma Habi Na Meye Habi.mp3_22k.wav,65,10
2509a3ce8fd7efd2b6bf42100935a75d,bengali,fake,rvc,rvc_fixed_043_Ma Habi Na Meye Habi.mp3_22k.wav,66,10
72101d2d071260c02e4f66ea7dec7d95,bengali,fake,rvc,rvc_fixed_043_Ma Habi Na Meye Habi.mp3_22k.wav,67,10
27b6888b27cc512bd26446babaabd55f,bengali,fake,rvc,rvc_fixed_043_Ma Habi Na Meye Habi.mp3_22k.wav,68,10
960caf757216e43797e35486714447da,bengali,fake,rvc,rvc_fixed_043_Ma Habi Na Meye Habi.mp3_22k.wav,69,10
1439792f382340f32c5aac0080427c93,bengali,fake,rvc,rvc_fixed_043_Ma Habi Na Meye Habi.mp3_22k.wav,70,10
a617ec31ed7f0f75629752c7656fd42b,bengali,fake,rvc,rvc_fixed_043_Ma Habi Na Meye Habi.mp3_22k.wav,71,10
8435dce3759a84ef4d037c10084db887,bengali,fake,rvc,rvc_fixed_043_Ma Habi Na Meye Habi.mp3_22k.wav,72,10
a26fb42d7c0d5f174ec8803d14695db0,bengali,fake,rvc,rvc_fixed_043_Ma Habi Na Meye Habi.mp3_22k.wav,73,10
bd1b8a899b07c61d9256444221a6ae22,bengali,fake,rvc,rvc_fixed_043_Ma Habi Na Meye Habi.mp3_22k.wav,74,10
6db90fc67a2cad277152eeac0d8d3e0a,bengali,fake,rvc,rvc_fixed_043_Ma Habi Na Meye Habi.mp3_22k.wav,75,10
64edc41134c8a7d0b874c49a33a0997f,bengali,fake,rvc,rvc_fixed_043_Ma Habi Na Meye Habi.mp3_22k.wav,76,10
fe2f2bec35c033f03de657d95a893a2a,bengali,fake,rvc,rvc_fixed_043_Ma Habi Na Meye Habi.mp3_22k.wav,77,10
cbce23abd6f3621629ae997462c341b7,bengali,fake,rvc,rvc_fixed_043_Ma Habi Na Meye Habi.mp3_22k.wav,78,10
0851e279798ea49ab8f1b30d65e9e304,bengali,fake,rvc,rvc_fixed_043_Ma Habi Na Meye Habi.mp3_22k.wav,79,10
0f9ec86d4a9db9cbe3b8f922152399eb,bengali,fake,rvc,rvc_fixed_043_Ma Habi Na Meye Habi.mp3_22k.wav,80,10
0b860d93c0816bf7b06fb7b3528d0226,bengali,fake,rvc,rvc_fixed_043_Ma Habi Na Meye Habi.mp3_22k.wav,81,10
66bbe85244406fc925e2e54e787fcd6a,bengali,fake,rvc,rvc_fixed_043_Ma Habi Na Meye Habi.mp3_22k.wav,82,10
1e7a43cfda3ca399ea5a50c7b46ea181,bengali,fake,rvc,rvc_fixed_043_Ma Habi Na Meye Habi.mp3_22k.wav,83,10
da36271e576ceafeb5b9f85f013744d6,bengali,fake,rvc,rvc_fixed_043_Ma Habi Na Meye Habi.mp3_22k.wav,84,10
4bd3c8b6e1e43d4a8b444a7daeddf21a,bengali,fake,rvc,rvc_fixed_043_Ma Habi Na Meye Habi.mp3_22k.wav,85,10
bec71f0d159cb756b37be26b4a4816f3,bengali,fake,rvc,rvc_fixed_043_Ma Habi Na Meye Habi.mp3_22k.wav,86,10
f413c92ad87a0f859accd31bee493e1a,bengali,fake,rvc,rvc_fixed_043_Ma Habi Na Meye Habi.mp3_22k.wav,87,10
f288dd9fa58de94481d1b6782afba1a8,bengali,fake,rvc,rvc_fixed_043_Ma Habi Na Meye Habi.mp3_22k.wav,88,10
6278e96a28720a3028b0a6075f315184,bengali,fake,rvc,rvc_fixed_043_Ma Habi Na Meye Habi.mp3_22k.wav,89,10
b19d3db41bc2461a2d49ca8b27e27bdd,bengali,fake,rvc,rvc_fixed_043_Ma Habi Na Meye Habi.mp3_22k.wav,90,10
8784e70cd6cb40bc124378fec48f4c28,bengali,fake,rvc,rvc_fixed_043_Ma Habi Na Meye Habi.mp3_22k.wav,91,10
115d1c02ef500f1a23a552d37a56bfb6,bengali,fake,rvc,rvc_fixed_043_Ma Habi Na Meye Habi.mp3_22k.wav,92,10
4d1aa8eefcda4e0c3771c058de465682,bengali,fake,rvc,rvc_fixed_043_Ma Habi Na Meye Habi.mp3_22k.wav,93,10
48419234f253bbf271b1512ef13f1521,bengali,fake,rvc,rvc_fixed_043_Ma Habi Na Meye Habi.mp3_22k.wav,94,10
40c69241e0ce035f09ada9b31c4fc68c,bengali,fake,rvc,rvc_fixed_043_Ma Habi Na Meye Habi.mp3_22k.wav,95,10
0d834a5c8c9b583b820444cca399b7db,bengali,fake,rvc,rvc_fixed_043_Ma Habi Na Meye Habi.mp3_22k.wav,96,10
81fac6b3dafd24e3041da1ff54965de5,bengali,fake,rvc,rvc_fixed_043_Ma Habi Na Meye Habi.mp3_22k.wav,97,10
5408e1e8ab9445128282823735474082,bengali,fake,rvc,rvc_fixed_043_Ma Habi Na Meye Habi.mp3_22k.wav,98,10
bca2ba7215549618c574d68f1faa82c7,bengali,fake,rvc,rvc_fixed_043_Ma Habi Na Meye Habi.mp3_22k.wav,99,10
0aadbe3a45f9409160da4f64a9e69e64,bengali,fake,rvc,rvc_fixed_043_Ma Habi Na Meye Habi.mp3_22k.wav,100,10
3a07cd3b4046189391f4eac7462e7ce6,bengali,fake,rvc,rvc_fixed_043_Ma Habi Na Meye Habi.mp3_22k.wav,101,10
46fff1788283b96ae4d3d6b68e6bd224,bengali,fake,rvc,rvc_fixed_043_Ma Habi Na Meye Habi.mp3_22k.wav,102,10
56fc80cc56491af958cfbf9b2ac9d3bf,bengali,fake,rvc,rvc_fixed_043_Ma Habi Na Meye Habi.mp3_22k.wav,103,10
f885ba575742eefee63c8765fa23ce08,bengali,fake,rvc,rvc_fixed_043_Ma Habi Na Meye Habi.mp3_22k.wav,104,10
50bd5ad67c7e951874980eb92ab23eea,bengali,fake,rvc,rvc_fixed_043_Ma Habi Na Meye Habi.mp3_22k.wav,105,10
72e2b3c42fb3aafa426501a0edb87410,bengali,fake,rvc,rvc_fixed_043_Ma Habi Na Meye Habi.mp3_22k.wav,106,10
a1a4b68456fd63e5aa9c61a48383f5b5,bengali,fake,rvc,rvc_fixed_043_Ma Habi Na Meye Habi.mp3_22k.wav,107,10
9eda9ef61ab167b486ec017080da2f6d,bengali,fake,rvc,rvc_fixed_043_Ma Habi Na Meye Habi.mp3_22k.wav,108,10
4f6e9a5cb72be4df0ad354954f4d0f24,bengali,fake,rvc,rvc_fixed_043_Ma Habi Na Meye Habi.mp3_22k.wav,109,10
b4a5fcd11b45cf1e8b356f1905624f3a,bengali,fake,rvc,rvc_fixed_043_Ma Habi Na Meye Habi.mp3_22k.wav,110,10
eb1e68e52c41c15f46c72c58dcea6d68,bengali,fake,rvc,rvc_fixed_043_Ma Habi Na Meye Habi.mp3_22k.wav,111,10
9472a2768b388f355ebae9a8f1fef791,bengali,fake,rvc,rvc_fixed_043_Ma Habi Na Meye Habi.mp3_22k.wav,112,10
b7a0c2b2a0529ecc149e747cc513122c,bengali,fake,rvc,rvc_fixed_043_Ma Habi Na Meye Habi.mp3_22k.wav,113,10
c3d83d85a5d3c0b46e0a6fdcbf3c38b4,bengali,fake,rvc,rvc_fixed_043_Ma Habi Na Meye Habi.mp3_22k.wav,114,10
e1719f432bf4b802c50e6fd717f11ba7,bengali,fake,rvc,rvc_fixed_043_Ma Habi Na Meye Habi.mp3_22k.wav,115,10
3aa8eb7e75229f15e311a57346f959ed,bengali,fake,rvc,rvc_fixed_043_Ma Habi Na Meye Habi.mp3_22k.wav,116,10
ea5929e5156084ffc8f41e2c568cd746,bengali,fake,rvc,rvc_fixed_043_Ma Habi Na Meye Habi.mp3_22k.wav,117,10
fa2a8a04f57634eee0143a69e362ae18,bengali,fake,rvc,rvc_fixed_043_Ma Habi Na Meye Habi.mp3_22k.wav,118,10
b933ebb236e50659a9c10e3eb9c871fd,bengali,fake,rvc,rvc_fixed_043_Ma Habi Na Meye Habi.mp3_22k.wav,119,10
7884fdc0464faa187f67e4ec98eca13c,bengali,fake,rvc,rvc_fixed_043_Ma Habi Na Meye Habi.mp3_22k.wav,120,10
262de07aed98510ba3e6dd5c063fe2eb,bengali,fake,rvc,rvc_fixed_043_Ma Habi Na Meye Habi.mp3_22k.wav,121,10
8995a7dcc123398cf885e6103c3cd7e2,bengali,fake,rvc,rvc_fixed_043_Ma Habi Na Meye Habi.mp3_22k.wav,122,10
92e67a8cc566690d3a0c152e723b7165,bengali,fake,rvc,rvc_fixed_043_Ma Habi Na Meye Habi.mp3_22k.wav,123,10
bfb3712c9ce088a9b1a3263ddcfd9281,bengali,fake,rvc,rvc_fixed_043_Ma Habi Na Meye Habi.mp3_22k.wav,124,10
06ed07571bead619a65aeaffb1afc1fb,bengali,fake,rvc,rvc_fixed_043_Ma Habi Na Meye Habi.mp3_22k.wav,125,10
c9c9d759b147e8c8f8e1ad192ac5e8a1,bengali,fake,rvc,rvc_fixed_043_Ma Habi Na Meye Habi.mp3_22k.wav,126,10
7c50ba83b3cdad07bf3525cda216361d,bengali,fake,rvc,rvc_fixed_043_Ma Habi Na Meye Habi.mp3_22k.wav,127,10
84949363b8d445667e26a87adb914c36,bengali,fake,rvc,rvc_fixed_043_Ma Habi Na Meye Habi.mp3_22k.wav,128,10
2836af4044569c8af31edf645a241881,bengali,fake,rvc,rvc_fixed_043_Ma Habi Na Meye Habi.mp3_22k.wav,129,10
aafcef4fdfac7b4a74255e17445600d2,bengali,fake,rvc,rvc_fixed_043_Ma Habi Na Meye Habi.mp3_22k.wav,130,10
85b3a792341024359e52e461fb041d1e,bengali,fake,rvc,rvc_fixed_043_Ma Habi Na Meye Habi.mp3_22k.wav,131,10
214fa91491c41e87e9232b235cf002b9,bengali,fake,rvc,rvc_fixed_043_Ma Habi Na Meye Habi.mp3_22k.wav,132,10
d41aefd07523b3f9487c19ff071f3e49,bengali,fake,rvc,rvc_fixed_043_Ma Habi Na Meye Habi.mp3_22k.wav,133,10
565278309c6c6c73dd12f1b792aaafa6,bengali,fake,rvc,rvc_fixed_043_Ma Habi Na Meye Habi.mp3_22k.wav,134,10
69892a242d2f60b17bbdd23a48b5230f,bengali,fake,rvc,rvc_fixed_043_Ma Habi Na Meye Habi.mp3_22k.wav,135,10
84a7d86915e3c2130fb5d4526b36bae9,bengali,fake,rvc,rvc_fixed_043_Ma Habi Na Meye Habi.mp3_22k.wav,136,10
60e402ba4774dec4db557c8ff2dab5c6,bengali,fake,rvc,rvc_fixed_043_Ma Habi Na Meye Habi.mp3_22k.wav,137,10
f9cf62f07221bc8a1069f3383d71f8d3,bengali,fake,rvc,rvc_fixed_043_Ma Habi Na Meye Habi.mp3_22k.wav,138,10
daf8b27e62418f913653a768279ed22c,bengali,fake,rvc,rvc_fixed_043_Ma Habi Na Meye Habi.mp3_22k.wav,139,10
712c68b2d014545d3be842075b95b666,bengali,fake,rvc,rvc_fixed_043_Ma Habi Na Meye Habi.mp3_22k.wav,140,10
db4f8296f4135504dc90c13ac1c7f9f8,bengali,fake,rvc,rvc_fixed_043_Ma Habi Na Meye Habi.mp3_22k.wav,141,10
539050e8d4f6fde2a9e89bdfb33e4ef0,bengali,fake,rvc,rvc_fixed_043_Ma Habi Na Meye Habi.mp3_22k.wav,142,10
c172e88bcb67a72013919585b25543a8,bengali,fake,rvc,rvc_fixed_043_Ma Habi Na Meye Habi.mp3_22k.wav,143,10
45ccf90b8666795825ea270fbe0820f0,bengali,fake,rvc,rvc_fixed_043_Ma Habi Na Meye Habi.mp3_22k.wav,144,10
7870ec32d6ff659511103cc1a24bc188,bengali,fake,rvc,rvc_fixed_043_Ma Habi Na Meye Habi.mp3_22k.wav,145,10
9d93d13d7cf0a7c48135dad1a5593311,bengali,fake,rvc,rvc_fixed_043_Ma Habi Na Meye Habi.mp3_22k.wav,146,10
5e3baadcca08f3f7d2a0c5b48189a7ab,bengali,fake,rvc,rvc_fixed_043_Ma Habi Na Meye Habi.mp3_22k.wav,147,10
1a5dd0e93c605f154d39b72926330d5e,bengali,fake,rvc,rvc_fixed_043_Ma Habi Na Meye Habi.mp3_22k.wav,148,10
b444b05d9fb016c6b9d607961eff51e9,bengali,fake,rvc,rvc_fixed_043_Ma Habi Na Meye Habi.mp3_22k.wav,149,10
4a313c822fe599b349c5e126ad0ce6b2,bengali,fake,rvc,rvc_fixed_043_Ma Habi Na Meye Habi.mp3_22k.wav,150,10
e49d83534e30dbfe722495e5fd075a67,bengali,fake,rvc,rvc_fixed_043_Ma Habi Na Meye Habi.mp3_22k.wav,151,10
4d4bde2dd4286bca759964abc69377f3,bengali,fake,rvc,rvc_fixed_043_Ma Habi Na Meye Habi.mp3_22k.wav,152,10
7d1698361bcf600ea7353cc8c8ea4995,bengali,fake,rvc,rvc_fixed_043_Ma Habi Na Meye Habi.mp3_22k.wav,153,10
d3c9831a0c59ad8f7084c5bf25de25aa,bengali,fake,rvc,rvc_fixed_043_Ma Habi Na Meye Habi.mp3_22k.wav,154,10
d5e9b819f1bceb8556ca519df69e79f0,bengali,fake,rvc,rvc_fixed_043_Ma Habi Na Meye Habi.mp3_22k.wav,155,10
6f2ea1a26f3b5b413f850d295983178e,bengali,fake,rvc,rvc_fixed_043_Ma Habi Na Meye Habi.mp3_22k.wav,156,10
152355f23a4975b4f0e6253762b68948,bengali,fake,rvc,rvc_fixed_043_Ma Habi Na Meye Habi.mp3_22k.wav,157,10
3e61e0a9846011c9134559a738ee7551,bengali,fake,rvc,rvc_fixed_043_Ma Habi Na Meye Habi.mp3_22k.wav,158,10
1401f77e50cd34dac0c165205c0eee52,bengali,fake,rvc,rvc_fixed_043_Ma Habi Na Meye Habi.mp3_22k.wav,159,10
a790e3a6c1064c5654ebb276aab81bd9,bengali,fake,rvc,rvc_fixed_043_Ma Habi Na Meye Habi.mp3_22k.wav,160,10
09cd3ee2e1160ef6f51c4723dd946286,bengali,fake,rvc,rvc_fixed_043_Ma Habi Na Meye Habi.mp3_22k.wav,161,10
37225e80cb3bb75060bceca8db9dc894,bengali,fake,rvc,rvc_fixed_043_Ma Habi Na Meye Habi.mp3_22k.wav,162,10
e9250d262649167b5976c4b42b4efa5a,bengali,fake,rvc,rvc_fixed_043_Ma Habi Na Meye Habi.mp3_22k.wav,163,10
a591707ad62004b83f6e2366d6d8b41d,bengali,fake,rvc,rvc_fixed_043_Ma Habi Na Meye Habi.mp3_22k.wav,164,10
b83db930e4831b68ae6f0a477f4349c2,bengali,fake,rvc,rvc_fixed_043_Ma Habi Na Meye Habi.mp3_22k.wav,165,10
672ba69303f59edb1f2c3d506521119b,bengali,fake,rvc,rvc_fixed_043_Ma Habi Na Meye Habi.mp3_22k.wav,166,10
5bdc06f202d3bd9e29b82e9c3134bde0,bengali,fake,rvc,rvc_fixed_043_Ma Habi Na Meye Habi.mp3_22k.wav,167,10
aa9ee526ff192795fa843916cbce7cca,bengali,fake,rvc,rvc_fixed_043_Ma Habi Na Meye Habi.mp3_22k.wav,168,10
a45c7b6b7ec975b573550bbee946e4c6,bengali,fake,rvc,rvc_fixed_043_Ma Habi Na Meye Habi.mp3_22k.wav,169,10
50e3df49d347d46869316e1d4b56f2b9,bengali,fake,rvc,rvc_fixed_043_Ma Habi Na Meye Habi.mp3_22k.wav,170,10
acb6ae92001f3705b5cba74df6259c03,bengali,fake,rvc,rvc_fixed_043_Ma Habi Na Meye Habi.mp3_22k.wav,171,10
a7599216e880c089ec27a4acdc01a5c6,bengali,fake,rvc,rvc_fixed_043_Ma Habi Na Meye Habi.mp3_22k.wav,172,10
e926e05160407368da9c6dbdd8f8f503,bengali,fake,rvc,rvc_fixed_043_Ma Habi Na Meye Habi.mp3_22k.wav,173,10
529963cf0dbb7307e0a442294205fb9a,bengali,fake,rvc,rvc_fixed_043_Ma Habi Na Meye Habi.mp3_22k.wav,174,10
7ce2305b6f63122b93ac54545de14e0b,bengali,fake,rvc,rvc_fixed_043_Ma Habi Na Meye Habi.mp3_22k.wav,175,10
2af99cf8f32f5d5518c04f00a9439fb7,bengali,fake,rvc,rvc_fixed_043_Ma Habi Na Meye Habi.mp3_22k.wav,176,10
5a90d4a36dcb9c117bea0af99198013f,bengali,fake,rvc,rvc_fixed_043_Ma Habi Na Meye Habi.mp3_22k.wav,177,10
1aedb17342a8dd2bb66b97fd267b3d06,bengali,fake,rvc,rvc_fixed_043_Ma Habi Na Meye Habi.mp3_22k.wav,178,10
0c5cdcc8d16e2730387911ce625bcb14,bengali,fake,rvc,rvc_fixed_043_Ma Habi Na Meye Habi.mp3_22k.wav,179,10
a17b042c98f8d11e5949743a07477211,bengali,fake,rvc,rvc_fixed_043_Ma Habi Na Meye Habi.mp3_22k.wav,180,10
b5854446728c20d5c4c1d3b092e2ab18,bengali,fake,rvc,rvc_fixed_043_Ma Habi Na Meye Habi.mp3_22k.wav,181,10
6c4550ba1822682ebd1dca1781702c83,bengali,fake,rvc,rvc_fixed_043_Ma Habi Na Meye Habi.mp3_22k.wav,182,10
d08fb9f4932496edaebcee6b54664c5b,bengali,fake,rvc,rvc_fixed_043_Ma Habi Na Meye Habi.mp3_22k.wav,183,10
4702f9137d1be599e7667ecc6803442b,bengali,fake,rvc,rvc_fixed_043_Ma Habi Na Meye Habi.mp3_22k.wav,184,10
eac25f7aad1352cf46f907a014211ed8,bengali,fake,rvc,rvc_fixed_043_Ma Habi Na Meye Habi.mp3_22k.wav,185,10
8a2c702c7d5e735462710275db600cb0,bengali,fake,rvc,rvc_fixed_043_Ma Habi Na Meye Habi.mp3_22k.wav,186,10
e7e0c965c842d71c4063eb9bc29579b7,bengali,fake,rvc,rvc_fixed_043_Ma Habi Na Meye Habi.mp3_22k.wav,187,10
ef8b4b0f687a489f15d56e225070f770,bengali,fake,rvc,rvc_fixed_043_Ma Habi Na Meye Habi.mp3_22k.wav,188,10
d29d1a4bca3261118c80712e4351f876,bengali,fake,rvc,rvc_fixed_043_Ma Habi Na Meye Habi.mp3_22k.wav,189,10
1b27572c8179a08c3c4ddaba49f030cd,bengali,fake,rvc,rvc_fixed_043_Ma Habi Na Meye Habi.mp3_22k.wav,190,10
316279171c2ce28edf15dc49b17bf11b,bengali,fake,rvc,rvc_fixed_043_Ma Habi Na Meye Habi.mp3_22k.wav,191,10
f487f1d1677ef2b9a34bb8f16311647b,bengali,fake,rvc,rvc_fixed_043_Ma Habi Na Meye Habi.mp3_22k.wav,192,10
4961e6d53b11c8b375f5c845b4fa6e7e,bengali,fake,rvc,rvc_fixed_043_Ma Habi Na Meye Habi.mp3_22k.wav,193,10
337511d48be32ed0032366f7d962c7df,bengali,fake,rvc,rvc_fixed_043_Ma Habi Na Meye Habi.mp3_22k.wav,194,10
59ad290037e2abfd2afa755422eb7d1b,bengali,fake,rvc,rvc_fixed_043_Ma Habi Na Meye Habi.mp3_22k.wav,195,10
07d516a8c6d511f22dfb4495d5d899c3,bengali,fake,rvc,rvc_fixed_043_Ma Habi Na Meye Habi.mp3_22k.wav,196,10
87744248b5ad4bbc2bca5d65babe7c3f,bengali,fake,rvc,rvc_fixed_043_Ma Habi Na Meye Habi.mp3_22k.wav,197,10
da5ee9ff9cb746c78639d79a0fd49417,bengali,fake,rvc,rvc_fixed_043_Ma Habi Na Meye Habi.mp3_22k.wav,198,10
1f49cdef6f86414b0277c267410ded2a,bengali,fake,rvc,rvc_fixed_043_Ma Habi Na Meye Habi.mp3_22k.wav,199,10
77b9252737c60a7193983530c22be539,bengali,fake,rvc,rvc_fixed_043_Ma Habi Na Meye Habi.mp3_22k.wav,200,10
b018ecf069ee575d8a822363317d4f18,bengali,fake,rvc,rvc_fixed_043_Ma Habi Na Meye Habi.mp3_22k.wav,201,10
52260818e04a3b367d25dc4f2c9033fc,bengali,fake,rvc,rvc_fixed_043_Ma Habi Na Meye Habi.mp3_22k.wav,202,10
69e56398321ecfc58fa98175b2c6378d,bengali,fake,rvc,rvc_fixed_043_Ma Habi Na Meye Habi.mp3_22k.wav,203,10
cb8090d349793ad61f5e0c8724ed0492,bengali,fake,rvc,rvc_fixed_043_Ma Habi Na Meye Habi.mp3_22k.wav,204,10
e6e86e39568cad3686e6ee64eb9e641b,bengali,fake,rvc,rvc_fixed_043_Ma Habi Na Meye Habi.mp3_22k.wav,205,10
831cd1999a25b6b17c38897a4727b221,bengali,fake,rvc,rvc_fixed_043_Ma Habi Na Meye Habi.mp3_22k.wav,206,10
6dff304306f88d96cfa837bb0cd0868a,bengali,fake,rvc,rvc_fixed_043_Ma Habi Na Meye Habi.mp3_22k.wav,207,10
daff67f5fc01b1fb45a771fb304bb991,bengali,fake,rvc,rvc_fixed_043_Ma Habi Na Meye Habi.mp3_22k.wav,208,10
06bd66e48de22c58f51b69f138f0d9cd,bengali,fake,rvc,rvc_fixed_043_Ma Habi Na Meye Habi.mp3_22k.wav,209,10
f8f39bdcf76259822687ac71b5e6342a,bengali,fake,rvc,rvc_fixed_043_Ma Habi Na Meye Habi.mp3_22k.wav,210,10
ee5261cc5832961cb85c72f84305edb6,bengali,fake,rvc,rvc_fixed_043_Ma Habi Na Meye Habi.mp3_22k.wav,211,10
560400159c21bd07a4e261a8a8f9a0c1,bengali,fake,rvc,rvc_fixed_043_Ma Habi Na Meye Habi.mp3_22k.wav,212,10
d63af97b92491b198a7d5622d5f42e63,bengali,fake,rvc,rvc_fixed_043_Ma Habi Na Meye Habi.mp3_22k.wav,213,10
9b59532f49ad130f55df50359a0a3a50,bengali,fake,rvc,rvc_fixed_043_Ma Habi Na Meye Habi.mp3_22k.wav,214,10
16630c3d59c3ed312902858cfb6fd52c,bengali,fake,rvc,rvc_fixed_043_Ma Habi Na Meye Habi.mp3_22k.wav,215,10
d6e072c2d52ec6ce036221c10d40ba11,bengali,fake,rvc,rvc_fixed_043_Ma Habi Na Meye Habi.mp3_22k.wav,216,10
ba793b3423c6221edba81d5b52b1b75b,bengali,fake,rvc,rvc_fixed_043_Ma Habi Na Meye Habi.mp3_22k.wav,217,10
9f3cdb9bfd8e9f2fcb67401d4d60c354,bengali,fake,rvc,rvc_fixed_043_Ma Habi Na Meye Habi.mp3_22k.wav,218,10
cc86292373477998a820e9c82cdff4c9,bengali,fake,rvc,rvc_fixed_043_Ma Habi Na Meye Habi.mp3_22k.wav,219,10
dbe5ff7e1105b0a98e162429ac27d6f8,bengali,fake,rvc,rvc_fixed_043_Ma Habi Na Meye Habi.mp3_22k.wav,220,10
9dbb4476e8bc870646845ed16ed3b2b6,bengali,fake,rvc,rvc_fixed_043_Ma Habi Na Meye Habi.mp3_22k.wav,221,10
0acdfdf7945e260ac747e38bef759b17,bengali,fake,rvc,rvc_fixed_043_Ma Habi Na Meye Habi.mp3_22k.wav,222,10
18c5e4fd9a3788eb9e90e45e5a12b4d2,bengali,fake,rvc,rvc_fixed_043_Ma Habi Na Meye Habi.mp3_22k.wav,223,10
70a3b18d6e6e55bfc59e3b515f003db3,bengali,fake,rvc,rvc_fixed_043_Ma Habi Na Meye Habi.mp3_22k.wav,224,10
ea8cd25a7c9891e8337e1abeeaf4441f,bengali,fake,rvc,rvc_fixed_043_Ma Habi Na Meye Habi.mp3_22k.wav,225,10
446cf1f095de2ad4e3d1d48a4a008a9b,bengali,fake,rvc,rvc_fixed_043_Ma Habi Na Meye Habi.mp3_22k.wav,226,10
425178d9b8fa3dfe673685613e990015,bengali,fake,rvc,rvc_fixed_043_Ma Habi Na Meye Habi.mp3_22k.wav,227,10
26198ce2bd8bf0a42e23cb328a2a730a,bengali,fake,rvc,rvc_fixed_043_Ma Habi Na Meye Habi.mp3_22k.wav,228,10
9408e7fbab6cd4e40dbd7993924d3085,bengali,fake,rvc,rvc_fixed_043_Ma Habi Na Meye Habi.mp3_22k.wav,229,10
ed050939824f3cd5c979c278b370442d,bengali,fake,rvc,rvc_fixed_043_Ma Habi Na Meye Habi.mp3_22k.wav,230,10
f7dc64e1984a7eac1cc746e2e4f6d877,bengali,fake,rvc,rvc_fixed_043_Ma Habi Na Meye Habi.mp3_22k.wav,231,10
71afb1fb6c4979448e653e3c09a87087,bengali,fake,rvc,rvc_fixed_043_Ma Habi Na Meye Habi.mp3_22k.wav,232,10
f8b19e91ab43d7287a7c64f7924bc1ed,bengali,fake,rvc,rvc_fixed_043_Ma Habi Na Meye Habi.mp3_22k.wav,233,10
355b16f18c5c7fdb1ba027e965b3182c,bengali,fake,rvc,rvc_fixed_043_Ma Habi Na Meye Habi.mp3_22k.wav,234,10
1e338644194a22c68abeb4eca34adb86,bengali,fake,rvc,rvc_fixed_043_Ma Habi Na Meye Habi.mp3_22k.wav,235,10
720395b37717e40e6e0bb9a44599a973,bengali,fake,rvc,rvc_fixed_043_Ma Habi Na Meye Habi.mp3_22k.wav,236,10
795593666975dd1fc745b61e1b04ff7e,bengali,fake,rvc,rvc_fixed_043_Ma Habi Na Meye Habi.mp3_22k.wav,237,10
9e3685e24cd63e13868a57cdeb7a5a3c,bengali,fake,rvc,rvc_fixed_043_Ma Habi Na Meye Habi.mp3_22k.wav,238,10
39d16320ee91418c401a79261b6e713f,bengali,fake,rvc,rvc_fixed_043_Ma Habi Na Meye Habi.mp3_22k.wav,239,10
a3c970faaf9cad5fcaa8c733cc09d098,bengali,fake,rvc,rvc_fixed_043_Ma Habi Na Meye Habi.mp3_22k.wav,240,10
827ff2c17c5108143a3f707e10089455,bengali,fake,rvc,rvc_fixed_044_Nachiye Nachiye.mp3_22k.wav,0,10
af6eab556ef8279dc451ea039e291880,bengali,fake,rvc,rvc_fixed_044_Nachiye Nachiye.mp3_22k.wav,1,10
18bacde8e2bdc0fe136ca0aa785a2dc6,bengali,fake,rvc,rvc_fixed_044_Nachiye Nachiye.mp3_22k.wav,2,10
3a52869504ca9d64895360341ed4af1e,bengali,fake,rvc,rvc_fixed_044_Nachiye Nachiye.mp3_22k.wav,3,10
3ac95c2508117b89f8579fdcac60c23d,bengali,fake,rvc,rvc_fixed_044_Nachiye Nachiye.mp3_22k.wav,4,10
e71f7d7ad1e9a8a1e0b6ef095e409077,bengali,fake,rvc,rvc_fixed_044_Nachiye Nachiye.mp3_22k.wav,5,10
86d85defef747c456f21b04b7245caaf,bengali,fake,rvc,rvc_fixed_044_Nachiye Nachiye.mp3_22k.wav,6,10
fde99a95d466e6b776a26fd3219cca1a,bengali,fake,rvc,rvc_fixed_044_Nachiye Nachiye.mp3_22k.wav,7,10
c4385f7db4179ea42c913e731bf63bf3,bengali,fake,rvc,rvc_fixed_044_Nachiye Nachiye.mp3_22k.wav,8,10
f2a6aea08f3733f57045c650d99f7163,bengali,fake,rvc,rvc_fixed_044_Nachiye Nachiye.mp3_22k.wav,9,10
3a1fc356b168fbc17eda9c53347b51f1,bengali,fake,rvc,rvc_fixed_044_Nachiye Nachiye.mp3_22k.wav,10,10
a5e7ea3d5a0db8998f6ba04b9ff66905,bengali,fake,rvc,rvc_fixed_044_Nachiye Nachiye.mp3_22k.wav,11,10
3ffccf3cd1172d60672b0b47967508d1,bengali,fake,rvc,rvc_fixed_044_Nachiye Nachiye.mp3_22k.wav,12,10
239f88564da34e4c8c87bbefaf793d05,bengali,fake,rvc,rvc_fixed_044_Nachiye Nachiye.mp3_22k.wav,13,10
9872a4a6b47702c1ed4390a4ac4e6ab9,bengali,fake,rvc,rvc_fixed_044_Nachiye Nachiye.mp3_22k.wav,14,10
5f65fa73b20110d66adc5df251588836,bengali,fake,rvc,rvc_fixed_044_Nachiye Nachiye.mp3_22k.wav,15,10
00a8479d413114f1e7d50b7f386df751,bengali,fake,rvc,rvc_fixed_044_Nachiye Nachiye.mp3_22k.wav,16,10
003501c983e763739bf035ad587582f1,bengali,fake,rvc,rvc_fixed_044_Nachiye Nachiye.mp3_22k.wav,17,10
7e7bb369393e95f14736ca6912cd43b6,bengali,fake,rvc,rvc_fixed_044_Nachiye Nachiye.mp3_22k.wav,18,10
e7f9ab177cec4b3605bf71a86f19bc76,bengali,fake,rvc,rvc_fixed_044_Nachiye Nachiye.mp3_22k.wav,19,10
b28a6764be5a8f07a91deec94fafe8fc,bengali,fake,rvc,rvc_fixed_044_Nachiye Nachiye.mp3_22k.wav,20,10
06b726fe54c267f2900587a21a6039c2,bengali,fake,rvc,rvc_fixed_044_Nachiye Nachiye.mp3_22k.wav,21,10
ac0737a5e5250ac3a093904a9b28e493,bengali,fake,rvc,rvc_fixed_044_Nachiye Nachiye.mp3_22k.wav,22,10
ee8dee58da24fa3dd27d71dc4ce2bdf2,bengali,fake,rvc,rvc_fixed_044_Nachiye Nachiye.mp3_22k.wav,23,10
5359acaf8084b57c9013d067c8257c16,bengali,fake,rvc,rvc_fixed_044_Nachiye Nachiye.mp3_22k.wav,24,10
a272e2a3986a34577fbf2798db250cbc,bengali,fake,rvc,rvc_fixed_044_Nachiye Nachiye.mp3_22k.wav,25,10
1d530936805854c819e050f09299d2e4,bengali,fake,rvc,rvc_fixed_044_Nachiye Nachiye.mp3_22k.wav,26,10
c8b85b02950fc6a556cce391fc393e5c,bengali,fake,rvc,rvc_fixed_044_Nachiye Nachiye.mp3_22k.wav,27,10
d18f0396c6929653023a732ac8d1bad1,bengali,fake,rvc,rvc_fixed_044_Nachiye Nachiye.mp3_22k.wav,28,10
8db2c506b25f929fb12267c6f6d642d2,bengali,fake,rvc,rvc_fixed_044_Nachiye Nachiye.mp3_22k.wav,29,10
b5874f3adf004c72989b0cd41bfabe12,bengali,fake,rvc,rvc_fixed_044_Nachiye Nachiye.mp3_22k.wav,30,10
fc44ac8c52acc1dc34156da30993e5d6,bengali,fake,rvc,rvc_fixed_044_Nachiye Nachiye.mp3_22k.wav,31,10
4332e10221a6fab3fd38d829df91fe46,bengali,fake,rvc,rvc_fixed_044_Nachiye Nachiye.mp3_22k.wav,32,10
b150c338e79e3a2fc1963c7fc31ebb47,bengali,fake,rvc,rvc_fixed_044_Nachiye Nachiye.mp3_22k.wav,33,10
883a42fc02f70990b44a49c72f58b80b,bengali,fake,rvc,rvc_fixed_044_Nachiye Nachiye.mp3_22k.wav,34,10
53286715597b1b42c88842b21b94ca82,bengali,fake,rvc,rvc_fixed_044_Nachiye Nachiye.mp3_22k.wav,35,10
57a3dd72b5ef9c69dfe3dc911b7feee9,bengali,fake,rvc,rvc_fixed_044_Nachiye Nachiye.mp3_22k.wav,36,10
d0d27d47578ae163235310483aeb2544,bengali,fake,rvc,rvc_fixed_044_Nachiye Nachiye.mp3_22k.wav,37,10
d6b6a804e71e2d8ddfe631ca63875090,bengali,fake,rvc,rvc_fixed_044_Nachiye Nachiye.mp3_22k.wav,38,10
91e7b0082dee01a1a6d491055504f678,bengali,fake,rvc,rvc_fixed_044_Nachiye Nachiye.mp3_22k.wav,39,10
f7c7df2d083eb977720b71c5616ca340,bengali,fake,rvc,rvc_fixed_044_Nachiye Nachiye.mp3_22k.wav,40,10
232b39107ccaa094937aaf0bb885f86a,bengali,fake,rvc,rvc_fixed_044_Nachiye Nachiye.mp3_22k.wav,41,10
8d804bc78456834a8a33e7bd2384caaf,bengali,fake,rvc,rvc_fixed_044_Nachiye Nachiye.mp3_22k.wav,42,10
ee9ba3fa4e4f790edb5f12aebad380df,bengali,fake,rvc,rvc_fixed_044_Nachiye Nachiye.mp3_22k.wav,43,10
4624a3ebc6832b17fed6ebe532f4bf36,bengali,fake,rvc,rvc_fixed_044_Nachiye Nachiye.mp3_22k.wav,44,10
1131172098c5d89853d4374dc33ab272,bengali,fake,rvc,rvc_fixed_044_Nachiye Nachiye.mp3_22k.wav,45,10
bd2a0264de80cc86bfc1f2056ef134b3,bengali,fake,rvc,rvc_fixed_044_Nachiye Nachiye.mp3_22k.wav,46,10
96055cf7b5a40773a68f5e375633ebd7,bengali,fake,rvc,rvc_fixed_044_Nachiye Nachiye.mp3_22k.wav,47,10
3d2878c5a1df768d973e9305428d046c,bengali,fake,rvc,rvc_fixed_044_Nachiye Nachiye.mp3_22k.wav,48,10
1c0a641e690d9ac62d4a0874f2192ee5,bengali,fake,rvc,rvc_fixed_044_Nachiye Nachiye.mp3_22k.wav,49,10
9cc5a351dd31e27e7a95e3c9fdf66120,bengali,fake,rvc,rvc_fixed_044_Nachiye Nachiye.mp3_22k.wav,50,10
c6e3e895e8fe6cea96d4f60f687bfc5f,bengali,fake,rvc,rvc_fixed_044_Nachiye Nachiye.mp3_22k.wav,51,10
eb726a77ccc93099934a0a8bcd917c21,bengali,fake,rvc,rvc_fixed_044_Nachiye Nachiye.mp3_22k.wav,52,10
f2b2c1e02aa9ab5b67d07d5949259544,bengali,fake,rvc,rvc_fixed_044_Nachiye Nachiye.mp3_22k.wav,53,10
ee1e7b7e6e7cdbbbe5dabef82e090812,bengali,fake,rvc,rvc_fixed_044_Nachiye Nachiye.mp3_22k.wav,54,10
226bf9fcca4e371c65148e9badde31be,bengali,fake,rvc,rvc_fixed_044_Nachiye Nachiye.mp3_22k.wav,55,10
0d69e1ff92f83dfeddeea22dca472335,bengali,fake,rvc,rvc_fixed_044_Nachiye Nachiye.mp3_22k.wav,56,10
ee363d0ecfb4ec54fbf79e0664ccb08b,bengali,fake,rvc,rvc_fixed_044_Nachiye Nachiye.mp3_22k.wav,57,10
a991d4a0c41790066c5d885039a3b244,bengali,fake,rvc,rvc_fixed_044_Nachiye Nachiye.mp3_22k.wav,58,10
c5011b02cfd97434b88883234737c7fd,bengali,fake,rvc,rvc_fixed_044_Nachiye Nachiye.mp3_22k.wav,59,10
a4d5b834b0f2210cc0df19bad841d951,bengali,fake,rvc,rvc_fixed_044_Nachiye Nachiye.mp3_22k.wav,60,10
6198c1f69abf56788cacac57b00d7306,bengali,fake,rvc,rvc_fixed_044_Nachiye Nachiye.mp3_22k.wav,61,10
7820a4765cf26f905e60352ed11c3bb4,bengali,fake,rvc,rvc_fixed_044_Nachiye Nachiye.mp3_22k.wav,62,10
b50624bd708f5df5351a52f293eebf1b,bengali,fake,rvc,rvc_fixed_044_Nachiye Nachiye.mp3_22k.wav,63,10
1cbe591c4c1debfbe881943d8a2927bf,bengali,fake,rvc,rvc_fixed_044_Nachiye Nachiye.mp3_22k.wav,64,10
37b143513726fcf5bdd75fc4365c66ab,bengali,fake,rvc,rvc_fixed_044_Nachiye Nachiye.mp3_22k.wav,65,10
12a99b80e3743658b99283a9f8f00ec6,bengali,fake,rvc,rvc_fixed_044_Nachiye Nachiye.mp3_22k.wav,66,10
d674e5d366fed201ce6abf4a850de6df,bengali,fake,rvc,rvc_fixed_044_Nachiye Nachiye.mp3_22k.wav,67,10
ef903a19be43c27532cb9df76ca9d58d,bengali,fake,rvc,rvc_fixed_044_Nachiye Nachiye.mp3_22k.wav,68,10
5a7894bc4d6a5db294ce7d68ae5f199e,bengali,fake,rvc,rvc_fixed_044_Nachiye Nachiye.mp3_22k.wav,69,10
a66d48d470c93cc0e0b57bbff65a95bf,bengali,fake,rvc,rvc_fixed_044_Nachiye Nachiye.mp3_22k.wav,70,10
94030aa02d9519627e8c22e94e7a6dd7,bengali,fake,rvc,rvc_fixed_044_Nachiye Nachiye.mp3_22k.wav,71,10
270701eb8482e3af0627584cce16f3a3,bengali,fake,rvc,rvc_fixed_044_Nachiye Nachiye.mp3_22k.wav,72,10
5794d52b4c24d18bbc2c03226567138e,bengali,fake,rvc,rvc_fixed_044_Nachiye Nachiye.mp3_22k.wav,73,10
b0e478cc3f4df928ac4e43abeaac3117,bengali,fake,rvc,rvc_fixed_044_Nachiye Nachiye.mp3_22k.wav,74,10
d9f758f555dda9eab90531d233692593,bengali,fake,rvc,rvc_fixed_044_Nachiye Nachiye.mp3_22k.wav,75,10
d3845934e001bc6022fac5cd4a98e5ff,bengali,fake,rvc,rvc_fixed_044_Nachiye Nachiye.mp3_22k.wav,76,10
882d4ffbaf2bd4e9f85075546dabd74b,bengali,fake,rvc,rvc_fixed_044_Nachiye Nachiye.mp3_22k.wav,77,10
001d987071c480430e0457de44011bfa,bengali,fake,rvc,rvc_fixed_044_Nachiye Nachiye.mp3_22k.wav,78,10
5a7439d1f9c3b734134a1513e7f3dd2e,bengali,fake,rvc,rvc_fixed_044_Nachiye Nachiye.mp3_22k.wav,79,10
a0b76b4dbe59ea1244e746cec2567cb7,bengali,fake,rvc,rvc_fixed_044_Nachiye Nachiye.mp3_22k.wav,80,10
accee75c3c9d589fe3a67151f48647d3,bengali,fake,rvc,rvc_fixed_044_Nachiye Nachiye.mp3_22k.wav,81,10
7efefa69f60e3c9432aa43ebf4bb6295,bengali,fake,rvc,rvc_fixed_044_Nachiye Nachiye.mp3_22k.wav,82,10
d8e4611172a0b257ab4efedbf6bdcb71,bengali,fake,rvc,rvc_fixed_044_Nachiye Nachiye.mp3_22k.wav,83,10
bdf8cf4335c858344242776996247552,bengali,fake,rvc,rvc_fixed_044_Nachiye Nachiye.mp3_22k.wav,84,10
d44688238b70ae06040a2b9428ca45ec,bengali,fake,rvc,rvc_fixed_044_Nachiye Nachiye.mp3_22k.wav,85,10
27a82fcbe5c106fbf74850558e5ed5f5,bengali,fake,rvc,rvc_fixed_044_Nachiye Nachiye.mp3_22k.wav,86,10
442a485485f77a9a984bb5a401b80041,bengali,fake,rvc,rvc_fixed_044_Nachiye Nachiye.mp3_22k.wav,87,10
439c7d7b657da4a050ea9e2324b2c4c2,bengali,fake,rvc,rvc_fixed_044_Nachiye Nachiye.mp3_22k.wav,88,10
acede0d01bc9116943fc0490ce03330c,bengali,fake,rvc,rvc_fixed_044_Nachiye Nachiye.mp3_22k.wav,89,10
3ac6bfee08ae3ba7e0df44e381ac50f2,bengali,fake,rvc,rvc_fixed_044_Nachiye Nachiye.mp3_22k.wav,90,10
7ba088831a1403de89ba6858049136ab,bengali,fake,rvc,rvc_fixed_044_Nachiye Nachiye.mp3_22k.wav,91,10
22d7f36335656f7f5addee2975f89316,bengali,fake,rvc,rvc_fixed_044_Nachiye Nachiye.mp3_22k.wav,92,10
466c242190fd6ca5c82900e4523d4746,bengali,fake,rvc,rvc_fixed_044_Nachiye Nachiye.mp3_22k.wav,93,10
1b0689d3020cc85dbbb1382082bd2318,bengali,fake,rvc,rvc_fixed_045_Hori Naamer Tori.mp3_22k.wav,0,10
b25550de569770a5552629edab009ebc,bengali,fake,rvc,rvc_fixed_045_Hori Naamer Tori.mp3_22k.wav,1,10
52e16e3e4e6c410a197dbad13bc30115,bengali,fake,rvc,rvc_fixed_045_Hori Naamer Tori.mp3_22k.wav,2,10
6c022b8947e4b679511294049a9b00e5,bengali,fake,rvc,rvc_fixed_045_Hori Naamer Tori.mp3_22k.wav,3,10
5bd8bfaa90a3ce08d666683d28efa09b,bengali,fake,rvc,rvc_fixed_045_Hori Naamer Tori.mp3_22k.wav,4,10
4d176a7e9e63fc2db3d49092ad64dfbd,bengali,fake,rvc,rvc_fixed_045_Hori Naamer Tori.mp3_22k.wav,5,10
bf08f9b3b1f8cdf55a62470fb9747af5,bengali,fake,rvc,rvc_fixed_045_Hori Naamer Tori.mp3_22k.wav,6,10
96b3c6c6309e9ca0b4bd9a1cbe5d785c,bengali,fake,rvc,rvc_fixed_045_Hori Naamer Tori.mp3_22k.wav,7,10
d86694edae94563f5dc72a227d022099,bengali,fake,rvc,rvc_fixed_045_Hori Naamer Tori.mp3_22k.wav,8,10
64fabf991e542a1b18c0deb449d9a49c,bengali,fake,rvc,rvc_fixed_045_Hori Naamer Tori.mp3_22k.wav,9,10
28fba91698cc0f7a9ad224c6a1bb19cb,bengali,fake,rvc,rvc_fixed_045_Hori Naamer Tori.mp3_22k.wav,10,10
adb2674d84458a80d3379074046747ca,bengali,fake,rvc,rvc_fixed_045_Hori Naamer Tori.mp3_22k.wav,11,10
fc10e9bf2b5b25785e541d69b9dd341a,bengali,fake,rvc,rvc_fixed_045_Hori Naamer Tori.mp3_22k.wav,12,10
7727db1a0c7ca9ad2b915570d59b2b3d,bengali,fake,rvc,rvc_fixed_045_Hori Naamer Tori.mp3_22k.wav,13,10
34c119020e4eea27ff6ef0c11bb418c6,bengali,fake,rvc,rvc_fixed_045_Hori Naamer Tori.mp3_22k.wav,14,10
a9de75ade6004211041505c4bb702963,bengali,fake,rvc,rvc_fixed_045_Hori Naamer Tori.mp3_22k.wav,15,10
f6307fd0fb2d2a61b1fbb4d2d7721d56,bengali,fake,rvc,rvc_fixed_045_Hori Naamer Tori.mp3_22k.wav,16,10
022e44a701214c47ef9cdcb83b7c0dd1,bengali,fake,rvc,rvc_fixed_045_Hori Naamer Tori.mp3_22k.wav,17,10
c18f245a2ac3e1881ec10bb5884a20f4,bengali,fake,rvc,rvc_fixed_045_Hori Naamer Tori.mp3_22k.wav,18,10
f41f20f01a517baf9c5d1422e3efc578,bengali,fake,rvc,rvc_fixed_045_Hori Naamer Tori.mp3_22k.wav,19,10
6d757390cb174bfec8a7919c3116c531,bengali,fake,rvc,rvc_fixed_045_Hori Naamer Tori.mp3_22k.wav,20,10
b3e6c7fa2df52fd4cc51686179b32fea,bengali,fake,rvc,rvc_fixed_045_Hori Naamer Tori.mp3_22k.wav,21,10
17f482cc16f95e46ac10ee59b7903daa,bengali,fake,rvc,rvc_fixed_045_Hori Naamer Tori.mp3_22k.wav,22,10
dfcb91c8b92a4aec3b5ae08547db4183,bengali,fake,rvc,rvc_fixed_045_Hori Naamer Tori.mp3_22k.wav,23,10
37f37ca31269b74fcc564d290a94f2c1,bengali,fake,rvc,rvc_fixed_045_Hori Naamer Tori.mp3_22k.wav,24,10
b891c6cf48ea69d4845fe1fb50ba0883,bengali,fake,rvc,rvc_fixed_045_Hori Naamer Tori.mp3_22k.wav,25,10
cde6459e416f5c89912424105d904a3d,bengali,fake,rvc,rvc_fixed_045_Hori Naamer Tori.mp3_22k.wav,26,10
7c8ac61b78c75133e4ccde6814b0356b,bengali,fake,rvc,rvc_fixed_045_Hori Naamer Tori.mp3_22k.wav,27,10
dd88412869ebe7b1f217c302644bb950,bengali,fake,rvc,rvc_fixed_045_Hori Naamer Tori.mp3_22k.wav,28,10
614d92a3809d2fb06cf3538ac20a9953,bengali,fake,rvc,rvc_fixed_045_Hori Naamer Tori.mp3_22k.wav,29,10
a57ecd5a6e1d40989a3402d30cd01d1b,bengali,fake,rvc,rvc_fixed_045_Hori Naamer Tori.mp3_22k.wav,30,10
f7d60e192f45751c5f8161897a4f8bb1,bengali,fake,rvc,rvc_fixed_045_Hori Naamer Tori.mp3_22k.wav,31,10
13de4e08c55c80a1c867986ed98f7e4e,bengali,fake,rvc,rvc_fixed_045_Hori Naamer Tori.mp3_22k.wav,32,10
f580025474126c9c0f92ab68232d3605,bengali,fake,rvc,rvc_fixed_046_Deeno Tarini.mp3_22k.wav,0,10
61af42947d83e45025404ca796aa42ea,bengali,fake,rvc,rvc_fixed_046_Deeno Tarini.mp3_22k.wav,1,10
60dac1ddfc89f74af06a97ff586eeb94,bengali,fake,rvc,rvc_fixed_046_Deeno Tarini.mp3_22k.wav,2,10
f5695d853648fff7155edd3a7e1df791,bengali,fake,rvc,rvc_fixed_046_Deeno Tarini.mp3_22k.wav,3,10
43bd2beb5df2414021a6c02d889e859d,bengali,fake,rvc,rvc_fixed_046_Deeno Tarini.mp3_22k.wav,4,10
ff87c368be962bb6b08b5fa2a30e3fa0,bengali,fake,rvc,rvc_fixed_046_Deeno Tarini.mp3_22k.wav,5,10
4988e81a5963d40d7f8e480681afb1b9,bengali,fake,rvc,rvc_fixed_046_Deeno Tarini.mp3_22k.wav,6,10
4d1c79041f8982be87eda0a258d6fe00,bengali,fake,rvc,rvc_fixed_046_Deeno Tarini.mp3_22k.wav,7,10
1be77e0e4487630a92b8d5f1a5035515,bengali,fake,rvc,rvc_fixed_046_Deeno Tarini.mp3_22k.wav,8,10
a10c376d022a22fb1b72550664f8ebfc,bengali,fake,rvc,rvc_fixed_046_Deeno Tarini.mp3_22k.wav,9,10
0155e7d53dcce0f6bc1d863b2bbc4600,bengali,fake,rvc,rvc_fixed_046_Deeno Tarini.mp3_22k.wav,10,10
f57a812461b646043e603cef0e5408b6,bengali,fake,rvc,rvc_fixed_046_Deeno Tarini.mp3_22k.wav,11,10
c3d3df80218c2c937c69ce56be6899b0,bengali,fake,rvc,rvc_fixed_046_Deeno Tarini.mp3_22k.wav,12,10
be786051210595ccf0d662dfed462ff7,bengali,fake,rvc,rvc_fixed_046_Deeno Tarini.mp3_22k.wav,13,10
57c98732f90bcde9e5d9ba480413577e,bengali,fake,rvc,rvc_fixed_046_Deeno Tarini.mp3_22k.wav,14,10
d0266c366f28a81265fed889406553b9,bengali,fake,rvc,rvc_fixed_046_Deeno Tarini.mp3_22k.wav,15,10
b34315b0dc9c782b59ab6c9b82457b36,bengali,fake,rvc,rvc_fixed_046_Deeno Tarini.mp3_22k.wav,16,10
a75ab620e5024c731452db2296d28c21,bengali,fake,rvc,rvc_fixed_046_Deeno Tarini.mp3_22k.wav,17,10
8c6a19c1d8893694f2aab07772835163,bengali,fake,rvc,rvc_fixed_046_Deeno Tarini.mp3_22k.wav,18,10
d1a2785b9681fbaca6555597a9a22e62,bengali,fake,rvc,rvc_fixed_046_Deeno Tarini.mp3_22k.wav,19,10
34c6c418066784619723f3f7bfe1dd9b,bengali,fake,rvc,rvc_fixed_046_Deeno Tarini.mp3_22k.wav,20,10
2ea84c08d633a320d6eab4611d823d07,bengali,fake,rvc,rvc_fixed_046_Deeno Tarini.mp3_22k.wav,21,10
dac71329f5f2f6cd7f181aac2c473c1e,bengali,fake,rvc,rvc_fixed_046_Deeno Tarini.mp3_22k.wav,22,10
87dc01308e66a64340edfbbb0f76c761,bengali,fake,rvc,rvc_fixed_046_Deeno Tarini.mp3_22k.wav,23,10
ebfd4bd7892dfdf94d905e56a37ead13,bengali,fake,rvc,rvc_fixed_046_Deeno Tarini.mp3_22k.wav,24,10
a5dffbbb3b8f70dd1e2597f7f29bc055,bengali,fake,rvc,rvc_fixed_046_Deeno Tarini.mp3_22k.wav,25,10
9fd682ec866b44189445c619b8a3e242,bengali,fake,rvc,rvc_fixed_046_Deeno Tarini.mp3_22k.wav,26,10
d3fc0de4c7d1cfaddc845a3322d7533a,bengali,fake,rvc,rvc_fixed_046_Deeno Tarini.mp3_22k.wav,27,10
5bdb1b56c989f9e3b10084949da9a492,bengali,fake,rvc,rvc_fixed_046_Deeno Tarini.mp3_22k.wav,28,10
cf1416215ceb2471df1ea242a6246dcd,bengali,fake,rvc,rvc_fixed_046_Deeno Tarini.mp3_22k.wav,29,10
ae642ef737782f87269799c4c54ee6c7,bengali,fake,rvc,rvc_fixed_046_Deeno Tarini.mp3_22k.wav,30,10
abf1f38121590be253935b283cc78f19,bengali,fake,rvc,rvc_fixed_046_Deeno Tarini.mp3_22k.wav,31,10
a5c834456b200c11cc174652401b6bd3,bengali,fake,rvc,rvc_fixed_046_Deeno Tarini.mp3_22k.wav,32,10
5beb02181452d8db0e123eb7020b8d5e,bengali,fake,rvc,rvc_fixed_046_Deeno Tarini.mp3_22k.wav,33,10
852eea17bafc1851e55e6857a5b22fc3,bengali,fake,rvc,rvc_fixed_046_Deeno Tarini.mp3_22k.wav,34,10
dd2f2c9f4ff80a8025a0fa0e692279a4,bengali,fake,rvc,rvc_fixed_046_Deeno Tarini.mp3_22k.wav,35,10
87b1a8f59f574509f72c13fc5fc5dffb,bengali,fake,rvc,rvc_fixed_046_Deeno Tarini.mp3_22k.wav,36,10
9b07de4601bfa866962a42c09ec27487,bengali,fake,rvc,rvc_fixed_046_Deeno Tarini.mp3_22k.wav,37,10
031817fedfca31d023a4a597f4e8bed8,bengali,fake,rvc,rvc_fixed_046_Deeno Tarini.mp3_22k.wav,38,10
938f0b3b1098abce5394ad6270b1cb1f,bengali,fake,rvc,rvc_fixed_046_Deeno Tarini.mp3_22k.wav,39,10
b0c7f7e8d45a80e713c6adde56229fe8,bengali,fake,rvc,rvc_fixed_046_Deeno Tarini.mp3_22k.wav,40,10
847e66be11ac64cbd575c8ad55476d84,bengali,fake,rvc,rvc_fixed_046_Deeno Tarini.mp3_22k.wav,41,10
57bc69bcbef773b96dce05b7b13ef17a,bengali,fake,rvc,rvc_fixed_046_Deeno Tarini.mp3_22k.wav,42,10
d24362ecea32e2d21e613d223190a344,bengali,fake,rvc,rvc_fixed_046_Deeno Tarini.mp3_22k.wav,43,10
812cd4fcb8c82161119fada699527895,bengali,fake,rvc,rvc_fixed_046_Deeno Tarini.mp3_22k.wav,44,10
1cbfed345739f650bf79d293582bce31,bengali,fake,rvc,rvc_fixed_046_Deeno Tarini.mp3_22k.wav,45,10
09af9cd0d0db91604339499bda9dd58d,bengali,fake,rvc,rvc_fixed_046_Deeno Tarini.mp3_22k.wav,46,10
9f38ccd18c98ca633f297dea4cc8291c,bengali,fake,rvc,rvc_fixed_046_Deeno Tarini.mp3_22k.wav,47,10
9e08c2ef5c701c7787fa8934ff15e80b,bengali,fake,rvc,rvc_fixed_047_Ami Jhanjhar Mato Durbar.mp3_22k.wav,0,10
7a96d35360e412d2cd466847541e7387,bengali,fake,rvc,rvc_fixed_047_Ami Jhanjhar Mato Durbar.mp3_22k.wav,1,10
58289670632d8c3cf12af8b3048d9a71,bengali,fake,rvc,rvc_fixed_047_Ami Jhanjhar Mato Durbar.mp3_22k.wav,2,10
104b4b7ba2806f0ed5b9866c9b22d76d,bengali,fake,rvc,rvc_fixed_047_Ami Jhanjhar Mato Durbar.mp3_22k.wav,3,10
06670fb6047798737b76e3c3bad0b2a4,bengali,fake,rvc,rvc_fixed_047_Ami Jhanjhar Mato Durbar.mp3_22k.wav,4,10
6924b5249bf69db75362931a3dbf2d87,bengali,fake,rvc,rvc_fixed_047_Ami Jhanjhar Mato Durbar.mp3_22k.wav,5,10
bd51577b04ee5bc6d9376d2d27254bcb,bengali,fake,rvc,rvc_fixed_047_Ami Jhanjhar Mato Durbar.mp3_22k.wav,6,10
61a7880bd7f9e91477fd35d7b82d7a27,bengali,fake,rvc,rvc_fixed_047_Ami Jhanjhar Mato Durbar.mp3_22k.wav,7,10
ed913402d881c4a1695b1e70f1a7148f,bengali,fake,rvc,rvc_fixed_047_Ami Jhanjhar Mato Durbar.mp3_22k.wav,8,10
e6fcca58b00341b4933e731c2d045859,bengali,fake,rvc,rvc_fixed_047_Ami Jhanjhar Mato Durbar.mp3_22k.wav,9,10
41e47548136b981d4bac9a7b60eee1e5,bengali,fake,rvc,rvc_fixed_047_Ami Jhanjhar Mato Durbar.mp3_22k.wav,10,10
bef5643904389fc83bd199d6663c6f67,bengali,fake,rvc,rvc_fixed_047_Ami Jhanjhar Mato Durbar.mp3_22k.wav,11,10
e9e564b1c3281f8eadf932a2a270d4a5,bengali,fake,rvc,rvc_fixed_047_Ami Jhanjhar Mato Durbar.mp3_22k.wav,12,10
0303b86f83ac40331bae3669914c2829,bengali,fake,rvc,rvc_fixed_047_Ami Jhanjhar Mato Durbar.mp3_22k.wav,13,10
efc0a2cf4f08f95bccf35d79247e079e,bengali,fake,rvc,rvc_fixed_047_Ami Jhanjhar Mato Durbar.mp3_22k.wav,14,10
2d28e001ceb30a2f35e2953ae96e69a1,bengali,fake,rvc,rvc_fixed_047_Ami Jhanjhar Mato Durbar.mp3_22k.wav,15,10
7e4c0c844de1620474e89cf90e069117,bengali,fake,rvc,rvc_fixed_047_Ami Jhanjhar Mato Durbar.mp3_22k.wav,16,10
53f53f1a42c24d8ac8f54becdf561614,bengali,fake,rvc,rvc_fixed_048_E Ki Labanye Purna Pran.mp3_22k.wav,0,10
5d2bf1a8680f4a60e3dcffa382c49449,bengali,fake,rvc,rvc_fixed_048_E Ki Labanye Purna Pran.mp3_22k.wav,1,10
104b573105ca5f2c2f9e54029a5ace8b,bengali,fake,rvc,rvc_fixed_048_E Ki Labanye Purna Pran.mp3_22k.wav,2,10
9a4ff76c5598a733c2d9867da7de6abe,bengali,fake,rvc,rvc_fixed_048_E Ki Labanye Purna Pran.mp3_22k.wav,3,10
750f4838a32d10e0598a39820f0cd450,bengali,fake,rvc,rvc_fixed_048_E Ki Labanye Purna Pran.mp3_22k.wav,4,10
9a4b5186a51e33eb83f83a6f8680ee79,bengali,fake,rvc,rvc_fixed_048_E Ki Labanye Purna Pran.mp3_22k.wav,5,10
1ab340e78431ad4a55becfa8e41851fa,bengali,fake,rvc,rvc_fixed_048_E Ki Labanye Purna Pran.mp3_22k.wav,6,10
1cf7ff699eacdf9d2d6f4387d3f60571,bengali,fake,rvc,rvc_fixed_048_E Ki Labanye Purna Pran.mp3_22k.wav,7,10
2b8818644aa8664dc8d3d32b15fc9d2f,bengali,fake,rvc,rvc_fixed_048_E Ki Labanye Purna Pran.mp3_22k.wav,8,10
fba117328271a8c0a81adc55f7843ee1,bengali,fake,rvc,rvc_fixed_048_E Ki Labanye Purna Pran.mp3_22k.wav,9,10
1c9fcf0a2ac84679bcdf3f551f01a068,bengali,fake,rvc,rvc_fixed_048_E Ki Labanye Purna Pran.mp3_22k.wav,10,10
38ab8227dd48b007f2ce9ab31138cd82,bengali,fake,rvc,rvc_fixed_048_E Ki Labanye Purna Pran.mp3_22k.wav,11,10
3deee6ffa072f37376fa844043990e76,bengali,fake,rvc,rvc_fixed_048_E Ki Labanye Purna Pran.mp3_22k.wav,12,10
ce2d0abfb0f9a38b29fd30f954438c83,bengali,fake,rvc,rvc_fixed_048_E Ki Labanye Purna Pran.mp3_22k.wav,13,10
dbbe2a80fb9c4f6d359d22b999cd57fe,bengali,fake,rvc,rvc_fixed_048_E Ki Labanye Purna Pran.mp3_22k.wav,14,10
bfeb06b00df4fac69cc1ab3642c657fc,bengali,fake,rvc,rvc_fixed_048_E Ki Labanye Purna Pran.mp3_22k.wav,15,10
5f6266110e6d4f23b3d5d8b809ecb4b2,bengali,fake,rvc,rvc_fixed_048_E Ki Labanye Purna Pran.mp3_22k.wav,16,10
0887b0b6016bcddb672a05acc368a8d6,bengali,fake,rvc,rvc_fixed_048_E Ki Labanye Purna Pran.mp3_22k.wav,17,10
3378059c8cfe7ce8d5e618167e2d6f8c,bengali,fake,rvc,rvc_fixed_048_E Ki Labanye Purna Pran.mp3_22k.wav,18,10
9a154532d326aa208a82342bc3868985,bengali,fake,rvc,rvc_fixed_051_Akoruno Shathire.mp3_22k.wav,0,10
222568cd62de4df47c406c5b9082c487,bengali,fake,rvc,rvc_fixed_051_Akoruno Shathire.mp3_22k.wav,1,10
2c2923e4aee2f717ba36e602e1049faa,bengali,fake,rvc,rvc_fixed_051_Akoruno Shathire.mp3_22k.wav,2,10
ceb19344e95dc9d2a8c95cc434e67863,bengali,fake,rvc,rvc_fixed_051_Akoruno Shathire.mp3_22k.wav,3,10
31f00335a15a8de55c6c490851579bd8,bengali,fake,rvc,rvc_fixed_051_Akoruno Shathire.mp3_22k.wav,4,10
401de6ce7a8fc4244bd0edeab6299757,bengali,fake,rvc,rvc_fixed_051_Akoruno Shathire.mp3_22k.wav,5,10
330fb110ca3d33dce72b762184c6a5d7,bengali,fake,rvc,rvc_fixed_051_Akoruno Shathire.mp3_22k.wav,6,10
80363acc22e96694419089090a3335c7,bengali,fake,rvc,rvc_fixed_051_Akoruno Shathire.mp3_22k.wav,7,10
43b42dc048ea2c7df449909f6ff11f00,bengali,fake,rvc,rvc_fixed_051_Akoruno Shathire.mp3_22k.wav,8,10
657a7cf7b86fd4cd40bf517558c2b8c1,bengali,fake,rvc,rvc_fixed_051_Akoruno Shathire.mp3_22k.wav,9,10
600664b66985d01fe08d92b99baf86e4,bengali,fake,rvc,rvc_fixed_051_Akoruno Shathire.mp3_22k.wav,10,10
41518a7c19316df9bf060ed4abf8ac6e,bengali,fake,rvc,rvc_fixed_051_Akoruno Shathire.mp3_22k.wav,11,10
d684f128be83242cfc08175ae5389375,bengali,fake,rvc,rvc_fixed_051_Akoruno Shathire.mp3_22k.wav,12,10
7f3682b9b4e1aa225a1912810cc8ea91,bengali,fake,rvc,rvc_fixed_051_Akoruno Shathire.mp3_22k.wav,13,10
99bd290f6ab94197b526766973f74ee4,bengali,fake,rvc,rvc_fixed_051_Akoruno Shathire.mp3_22k.wav,14,10
9644057fd8943b5b622d0166ecf61a27,bengali,fake,rvc,rvc_fixed_051_Akoruno Shathire.mp3_22k.wav,15,10
e1df3d7990360cb7492c06b4dffe1b05,bengali,fake,rvc,rvc_fixed_051_Akoruno Shathire.mp3_22k.wav,16,10
cf07ba594c7ae0c5637da3e3f9f2df23,bengali,fake,rvc,rvc_fixed_051_Akoruno Shathire.mp3_22k.wav,17,10
b879cd65ad47c04202d0c9ebb92a2fce,bengali,fake,rvc,rvc_fixed_051_Akoruno Shathire.mp3_22k.wav,18,10
530cbd68f77bb8a87a34b859c96eab2b,bengali,fake,rvc,rvc_fixed_051_Akoruno Shathire.mp3_22k.wav,19,10
a162c4f9d80179c70265ef232934eb62,bengali,fake,rvc,rvc_fixed_051_Akoruno Shathire.mp3_22k.wav,20,10
2b34db57e0811e5c6de4f1470b6aaa14,bengali,fake,rvc,rvc_fixed_051_Akoruno Shathire.mp3_22k.wav,21,10
e0b5e35f5f587629a20f8b24a4c3a523,bengali,fake,rvc,rvc_fixed_051_Akoruno Shathire.mp3_22k.wav,22,10
2157b6ecef0a9f0a8e1ba717be290b8f,bengali,fake,rvc,rvc_fixed_051_Akoruno Shathire.mp3_22k.wav,23,10
944edeb114cd3381707c216fb12a4423,bengali,fake,rvc,rvc_fixed_051_Akoruno Shathire.mp3_22k.wav,24,10
b013414718773c7d17601be4fb76abbb,bengali,fake,rvc,rvc_fixed_051_Akoruno Shathire.mp3_22k.wav,25,10
18ecb5db4fdc2d96fb12799fc4cf7d9d,bengali,fake,rvc,rvc_fixed_051_Akoruno Shathire.mp3_22k.wav,26,10
ce6f7dbe1c03bfead69d227339e90483,bengali,fake,rvc,rvc_fixed_051_Akoruno Shathire.mp3_22k.wav,27,10
a38882c1b8cf94ef296920fabee24f7e,bengali,fake,rvc,rvc_fixed_051_Akoruno Shathire.mp3_22k.wav,28,10
ba434d66bc68060a00f0c2d4c6f6286d,bengali,fake,rvc,rvc_fixed_051_Akoruno Shathire.mp3_22k.wav,29,10
f74a23b9f8e52596f0631050da42d9c5,bengali,fake,rvc,rvc_fixed_051_Akoruno Shathire.mp3_22k.wav,30,10
8b1361f9908d0756bb10ac9ad2ba6c04,bengali,fake,rvc,rvc_fixed_051_Akoruno Shathire.mp3_22k.wav,31,10
8b0eebe40bf9f3dec10fe2568f050590,bengali,fake,rvc,rvc_fixed_051_Akoruno Shathire.mp3_22k.wav,32,10
cb7014ad663e78cca2445aaa8125d73c,bengali,fake,rvc,rvc_fixed_051_Akoruno Shathire.mp3_22k.wav,33,10
984b6fbed767f3ea447f396b29f47e68,bengali,fake,rvc,rvc_fixed_051_Akoruno Shathire.mp3_22k.wav,34,10
51f0427f07c0bda8edb4fc0efa45fb87,bengali,fake,rvc,rvc_fixed_051_Akoruno Shathire.mp3_22k.wav,35,10
02d88605f1ec1de828dc48b4c937d5cc,bengali,fake,rvc,rvc_fixed_051_Akoruno Shathire.mp3_22k.wav,36,10
7d5341545e6a9ee412cf7af7bfa94910,bengali,fake,rvc,rvc_fixed_051_Akoruno Shathire.mp3_22k.wav,37,10
3baf3559cf8c5e7c4eb3317b6501ec37,bengali,fake,rvc,rvc_fixed_051_Akoruno Shathire.mp3_22k.wav,38,10
13efadc387a1d9f9877d25d3ebd0c397,bengali,fake,rvc,rvc_fixed_051_Akoruno Shathire.mp3_22k.wav,39,10
c80c6dc9517ba375fbdb86634d0465e5,bengali,fake,rvc,rvc_fixed_051_Akoruno Shathire.mp3_22k.wav,40,10
06645dc0f4b1a5b6940bb6cfdf588f1d,bengali,fake,rvc,rvc_fixed_051_Akoruno Shathire.mp3_22k.wav,41,10
cd28961b94e49a4bb796ad75f6dd1e04,bengali,fake,rvc,rvc_fixed_051_Akoruno Shathire.mp3_22k.wav,42,10
51f3411f9b328b2ac57f35e940e143ed,bengali,fake,rvc,rvc_fixed_051_Akoruno Shathire.mp3_22k.wav,43,10
ffe9a3acef7842bf89c9f53f2fef5ee0,bengali,fake,rvc,rvc_fixed_051_Akoruno Shathire.mp3_22k.wav,44,10
f6860bc63a131a04d4fe0b6512c212ee,bengali,fake,rvc,rvc_fixed_051_Akoruno Shathire.mp3_22k.wav,45,10
31511faa184abd9762b15055056dd376,bengali,fake,rvc,rvc_fixed_051_Akoruno Shathire.mp3_22k.wav,46,10
b6974ac81628cb2a95944080c53424f3,bengali,fake,rvc,rvc_fixed_051_Akoruno Shathire.mp3_22k.wav,47,10
daef380ff9a61984ab870e307d4ff16a,bengali,fake,rvc,rvc_fixed_051_Akoruno Shathire.mp3_22k.wav,48,10
20fab0a7c54129b981b0ac93240f06a8,bengali,fake,rvc,rvc_fixed_051_Akoruno Shathire.mp3_22k.wav,49,10
bea10c219b69f84e57cbd0905863242b,bengali,fake,rvc,rvc_fixed_051_Akoruno Shathire.mp3_22k.wav,50,10
9469f6e2828cbed00feabac080e001e7,bengali,fake,rvc,rvc_fixed_051_Akoruno Shathire.mp3_22k.wav,51,10
d13b49a4a93927b253bd89657325fd3c,bengali,fake,rvc,rvc_fixed_051_Akoruno Shathire.mp3_22k.wav,52,10
f43109465b2a26665f23d7e5b41ba6cf,bengali,fake,rvc,rvc_fixed_051_Akoruno Shathire.mp3_22k.wav,53,10
04acfd83c89ac6eef932ad4921ccc91d,bengali,fake,rvc,rvc_fixed_051_Akoruno Shathire.mp3_22k.wav,54,10
7d687d2f91b82ff005a25b4fa02a9101,bengali,fake,rvc,rvc_fixed_051_Akoruno Shathire.mp3_22k.wav,55,10
44292bbab6cfb58f598ba6681ad33624,bengali,fake,rvc,rvc_fixed_051_Akoruno Shathire.mp3_22k.wav,56,10
a2a4db4b6e24e26827aab46f86cc60e0,bengali,fake,rvc,rvc_fixed_051_Akoruno Shathire.mp3_22k.wav,57,10
b4f088ddf0f25a9e752755c78421b77b,bengali,fake,rvc,rvc_fixed_051_Akoruno Shathire.mp3_22k.wav,58,10
7e47e91982f1c90f94881d711d37df45,bengali,fake,rvc,rvc_fixed_051_Akoruno Shathire.mp3_22k.wav,59,10
90b22ef8308082ed05dfe335dc04d7a4,bengali,fake,rvc,rvc_fixed_051_Akoruno Shathire.mp3_22k.wav,60,10
fa51c88e60e8915ad4e6cabde0b95536,bengali,fake,rvc,rvc_fixed_051_Akoruno Shathire.mp3_22k.wav,61,10
ceff3b98d30a57ad0b691c27ef083922,bengali,fake,rvc,rvc_fixed_051_Akoruno Shathire.mp3_22k.wav,62,10
6497b366c7c7593c14e5d33eb5ce063d,bengali,fake,rvc,rvc_fixed_051_Akoruno Shathire.mp3_22k.wav,63,10
7166ea41d56dd27cfebacb3cf4834bf3,bengali,fake,rvc,rvc_fixed_051_Akoruno Shathire.mp3_22k.wav,64,10
4d872186fb72771fcf50511a25e2f764,bengali,fake,rvc,rvc_fixed_051_Akoruno Shathire.mp3_22k.wav,65,10
81cc1a533be50cfaf4acc010e7a72539,bengali,fake,rvc,rvc_fixed_051_Akoruno Shathire.mp3_22k.wav,66,10
f2db275843366285c174aced43bc3c73,bengali,fake,rvc,rvc_fixed_051_Akoruno Shathire.mp3_22k.wav,67,10
9e862f0a6c2bae04d8dd0d55c82bd8f0,bengali,fake,rvc,rvc_fixed_051_Akoruno Shathire.mp3_22k.wav,68,10
31d7f6442b913ac9c856fe189e17612a,bengali,fake,rvc,rvc_fixed_051_Akoruno Shathire.mp3_22k.wav,69,10
d104972b1d4663662436260c1abb352c,bengali,fake,rvc,rvc_fixed_051_Akoruno Shathire.mp3_22k.wav,70,10
b353ed5a752bbc79fba09ea107119aad,bengali,fake,rvc,rvc_fixed_051_Akoruno Shathire.mp3_22k.wav,71,10
d2e3f90efba9243a130e10fc2b251396,bengali,fake,rvc,rvc_fixed_051_Akoruno Shathire.mp3_22k.wav,72,10
1b7d47fa8feddf1b0f0a2fd546cd3cb4,bengali,fake,rvc,rvc_fixed_051_Akoruno Shathire.mp3_22k.wav,73,10
9fcaad1dae5f2edb6cacece1caf55960,bengali,fake,rvc,rvc_fixed_051_Akoruno Shathire.mp3_22k.wav,74,10
6d8c53b5413603342f1712a0d177e708,bengali,fake,rvc,rvc_fixed_051_Akoruno Shathire.mp3_22k.wav,75,10
813e60d92607b035e9197813a31b6265,bengali,fake,rvc,rvc_fixed_051_Akoruno Shathire.mp3_22k.wav,76,10
439197256902f961f5b85a9427bfb02b,bengali,fake,rvc,rvc_fixed_051_Akoruno Shathire.mp3_22k.wav,77,10
d8fd016a1d8d1037cbdc88c7fff9d61d,bengali,fake,rvc,rvc_fixed_051_Akoruno Shathire.mp3_22k.wav,78,10
f870d8f24d9564045f272eb1cc76511b,bengali,fake,rvc,rvc_fixed_051_Akoruno Shathire.mp3_22k.wav,79,10
c660bd07c15f4612a06c7b61a4046c4e,bengali,fake,rvc,rvc_fixed_051_Akoruno Shathire.mp3_22k.wav,80,10
5e81ab0dfc82baa7b4e49db870ca7375,bengali,fake,rvc,rvc_fixed_053_Moder Ei Shikal Pora Chhal.mp3_22k.wav,0,10
2e6fa1e2aa009dbbc6610d8e04dffbc7,bengali,fake,rvc,rvc_fixed_053_Moder Ei Shikal Pora Chhal.mp3_22k.wav,1,10
9387a833d0b8d0624c18138ee616277d,bengali,fake,rvc,rvc_fixed_053_Moder Ei Shikal Pora Chhal.mp3_22k.wav,2,10
93de5a9ef479e1a5d1757d6fb2a3b038,bengali,fake,rvc,rvc_fixed_053_Moder Ei Shikal Pora Chhal.mp3_22k.wav,3,10
5c3fc37f24fdf99c6ac37940e9e18a42,bengali,fake,rvc,rvc_fixed_053_Moder Ei Shikal Pora Chhal.mp3_22k.wav,4,10
1a05409a6dbd7b2b68e0249093e2aab2,bengali,fake,rvc,rvc_fixed_053_Moder Ei Shikal Pora Chhal.mp3_22k.wav,5,10
2a53abeff751160222b9512b109700d6,bengali,fake,rvc,rvc_fixed_053_Moder Ei Shikal Pora Chhal.mp3_22k.wav,6,10
4400a75d75281bceb0544389d6a610ad,bengali,fake,rvc,rvc_fixed_053_Moder Ei Shikal Pora Chhal.mp3_22k.wav,7,10
237e315af11c264ee0c566a91406f2cc,bengali,fake,rvc,rvc_fixed_053_Moder Ei Shikal Pora Chhal.mp3_22k.wav,8,10
a16d195f97d14ff834fb0a99259d1531,bengali,fake,rvc,rvc_fixed_053_Moder Ei Shikal Pora Chhal.mp3_22k.wav,9,10
7d5836ca6baafe8e6b8dab8da8cbf3fc,bengali,fake,rvc,rvc_fixed_053_Moder Ei Shikal Pora Chhal.mp3_22k.wav,10,10
0f9bd8419659c5b86753e213bc5d32fb,bengali,fake,rvc,rvc_fixed_053_Moder Ei Shikal Pora Chhal.mp3_22k.wav,11,10
f8c716bf9d78766d39112f4b9697d67f,bengali,fake,rvc,rvc_fixed_053_Moder Ei Shikal Pora Chhal.mp3_22k.wav,12,10
ef30729ec2ea8107e940f612a6f4e60d,bengali,fake,rvc,rvc_fixed_053_Moder Ei Shikal Pora Chhal.mp3_22k.wav,13,10
712ffe6a13d3a03e80ec3417ac096042,bengali,fake,rvc,rvc_fixed_053_Moder Ei Shikal Pora Chhal.mp3_22k.wav,14,10
8706977f6f699acc8201caf0c25b9a96,bengali,fake,rvc,rvc_fixed_053_Moder Ei Shikal Pora Chhal.mp3_22k.wav,15,10
ec11862e8522bb846894b50026c013f3,bengali,fake,rvc,rvc_fixed_053_Moder Ei Shikal Pora Chhal.mp3_22k.wav,16,10
12340ee46169799f7742ceaac1940ac5,bengali,fake,rvc,rvc_fixed_053_Moder Ei Shikal Pora Chhal.mp3_22k.wav,17,10
792da51ca176f736aa87e510bd64819d,bengali,fake,rvc,rvc_fixed_053_Moder Ei Shikal Pora Chhal.mp3_22k.wav,18,10
5505492c79d8c5df7a392804ffce6fa2,bengali,fake,rvc,rvc_fixed_053_Moder Ei Shikal Pora Chhal.mp3_22k.wav,19,10
f22127d841c1ebb55225906c31b5280b,bengali,fake,rvc,rvc_fixed_053_Moder Ei Shikal Pora Chhal.mp3_22k.wav,20,10
9b5249efc8b70985c8cc8768f51dcdf3,bengali,fake,rvc,rvc_fixed_053_Moder Ei Shikal Pora Chhal.mp3_22k.wav,21,10
36773bc939d943f1c8ef8c8711710215,bengali,fake,rvc,rvc_fixed_053_Moder Ei Shikal Pora Chhal.mp3_22k.wav,22,10
e04724690eeae13d998daa9c8c14406a,bengali,fake,rvc,rvc_fixed_053_Moder Ei Shikal Pora Chhal.mp3_22k.wav,23,10
7f2c727770d9d36d7f12683e20f37c18,bengali,fake,rvc,rvc_fixed_053_Moder Ei Shikal Pora Chhal.mp3_22k.wav,24,10
a6d1e014e53d1b69801e2746bcbcce95,bengali,fake,rvc,rvc_fixed_053_Moder Ei Shikal Pora Chhal.mp3_22k.wav,25,10
1864d380fa7bac2dc734421469433ac6,bengali,fake,rvc,rvc_fixed_053_Moder Ei Shikal Pora Chhal.mp3_22k.wav,26,10
6ef477c060998ebc9ad2eced23b32520,bengali,fake,rvc,rvc_fixed_053_Moder Ei Shikal Pora Chhal.mp3_22k.wav,27,10
68111710a87399d46ac70dc01cbce374,bengali,fake,rvc,rvc_fixed_053_Moder Ei Shikal Pora Chhal.mp3_22k.wav,28,10
85765ace57370076097409e4386c48d5,bengali,fake,rvc,rvc_fixed_053_Moder Ei Shikal Pora Chhal.mp3_22k.wav,29,10
95726055408434728ea64d79d7365fdb,bengali,fake,rvc,rvc_fixed_054_Bhoriya Paran Shunitechhi Gaan.mp3_22k.wav,0,10
88da2821094ab1782c7e33f4e4ed31f3,bengali,fake,rvc,rvc_fixed_054_Bhoriya Paran Shunitechhi Gaan.mp3_22k.wav,1,10
61f14c551628ec083ca6d1866173f438,bengali,fake,rvc,rvc_fixed_054_Bhoriya Paran Shunitechhi Gaan.mp3_22k.wav,2,10
c9800c2a876f699e6d3d79de7cb361f4,bengali,fake,rvc,rvc_fixed_054_Bhoriya Paran Shunitechhi Gaan.mp3_22k.wav,3,10
61e4d8fb78e1cd607d3bd29c5a88986c,bengali,fake,rvc,rvc_fixed_054_Bhoriya Paran Shunitechhi Gaan.mp3_22k.wav,4,10
08837bfe7d9b4705a3f2780b64e227fc,bengali,fake,rvc,rvc_fixed_054_Bhoriya Paran Shunitechhi Gaan.mp3_22k.wav,5,10
d91259a6abe1d7f1cd3af51e1dbe2ff5,bengali,fake,rvc,rvc_fixed_054_Bhoriya Paran Shunitechhi Gaan.mp3_22k.wav,6,10
14630a792a5e8353c647cd77044141d3,bengali,fake,rvc,rvc_fixed_054_Bhoriya Paran Shunitechhi Gaan.mp3_22k.wav,7,10
6bd0ebcf36f0dbab9b523b9bc81aff23,bengali,fake,rvc,rvc_fixed_054_Bhoriya Paran Shunitechhi Gaan.mp3_22k.wav,8,10
0b49e866c82d652f8d11f05e6858cf91,bengali,fake,rvc,rvc_fixed_054_Bhoriya Paran Shunitechhi Gaan.mp3_22k.wav,9,10
4a040cfc1a485dc5764af7e84539be81,bengali,fake,rvc,rvc_fixed_054_Bhoriya Paran Shunitechhi Gaan.mp3_22k.wav,10,10
afcae0da0345ab332206b00b1cc16034,bengali,fake,rvc,rvc_fixed_054_Bhoriya Paran Shunitechhi Gaan.mp3_22k.wav,11,10
0e7f67e0f08f9724dfdf5e82124c7f5a,bengali,fake,rvc,rvc_fixed_054_Bhoriya Paran Shunitechhi Gaan.mp3_22k.wav,12,10
d00afcf3ef5b668ba40b7866772623c6,bengali,fake,rvc,rvc_fixed_054_Bhoriya Paran Shunitechhi Gaan.mp3_22k.wav,13,10
45a83e34bfb973b4f424cbe3e638e455,bengali,fake,rvc,rvc_fixed_054_Bhoriya Paran Shunitechhi Gaan.mp3_22k.wav,14,10
22171fb0d2bf8bf2e2206a70925dfeac,bengali,fake,rvc,rvc_fixed_054_Bhoriya Paran Shunitechhi Gaan.mp3_22k.wav,15,10
dc6cc803262d3af3f42e1c6f75cb6a82,bengali,fake,rvc,rvc_fixed_054_Bhoriya Paran Shunitechhi Gaan.mp3_22k.wav,16,10
73c5df7b473cce3cfe86081078c59e92,bengali,fake,rvc,rvc_fixed_054_Bhoriya Paran Shunitechhi Gaan.mp3_22k.wav,17,10
592cf6cdd6e4fcb8b2800564e3ea8cb4,bengali,fake,rvc,rvc_fixed_054_Bhoriya Paran Shunitechhi Gaan.mp3_22k.wav,18,10
16f49ba75edec330edd97ee68a6c516a,bengali,fake,rvc,rvc_fixed_055_Nishi Raat.mp3_22k.wav,0,10
f2e9fd3d9a17eb0eb66aaa27f36d649c,bengali,fake,rvc,rvc_fixed_055_Nishi Raat.mp3_22k.wav,1,10
94f16db568a8b82af222f2ad0d054272,bengali,fake,rvc,rvc_fixed_055_Nishi Raat.mp3_22k.wav,2,10
1bc34009786e45724d6a3f8a8aa0e114,bengali,fake,rvc,rvc_fixed_055_Nishi Raat.mp3_22k.wav,3,10
c7109240996fc7750a21e102db75bf0e,bengali,fake,rvc,rvc_fixed_055_Nishi Raat.mp3_22k.wav,4,10
1a1ebea78d4889584928fc4a5e4b3b5f,bengali,fake,rvc,rvc_fixed_055_Nishi Raat.mp3_22k.wav,5,10
f38d3fe6ad18e1654d1902f295efd327,bengali,fake,rvc,rvc_fixed_055_Nishi Raat.mp3_22k.wav,6,10
e652717426e349b14c137d5d2f73a066,bengali,fake,rvc,rvc_fixed_055_Nishi Raat.mp3_22k.wav,7,10
04038e2a658ad99ef91470852c601435,bengali,fake,rvc,rvc_fixed_055_Nishi Raat.mp3_22k.wav,8,10
368a483922faf4e874f7111cfd18d451,bengali,fake,rvc,rvc_fixed_055_Nishi Raat.mp3_22k.wav,9,10
60ed64ac127687aadd7495e30ab43e50,bengali,fake,rvc,rvc_fixed_055_Nishi Raat.mp3_22k.wav,10,10
ba6187164446e264190780cc33dbbad9,bengali,fake,rvc,rvc_fixed_055_Nishi Raat.mp3_22k.wav,11,10
b61ee72eedae0823b292f0ed0e9fc56b,bengali,fake,rvc,rvc_fixed_055_Nishi Raat.mp3_22k.wav,12,10
eecfa67b194fa05442375f11d49261b2,bengali,fake,rvc,rvc_fixed_055_Nishi Raat.mp3_22k.wav,13,10
ab7476514b5bc370cbea90811be8395c,bengali,fake,rvc,rvc_fixed_055_Nishi Raat.mp3_22k.wav,14,10
e7d838dd920623a4a5032e8323ac59a1,bengali,fake,rvc,rvc_fixed_055_Nishi Raat.mp3_22k.wav,15,10
707feed570fa69740f44e49f28df6362,bengali,fake,rvc,rvc_fixed_055_Nishi Raat.mp3_22k.wav,16,10
8b4b432d6e11193b19b59b0a352f33ea,bengali,fake,rvc,rvc_fixed_055_Nishi Raat.mp3_22k.wav,17,10
b793cfb2f206340fdf11053fed9948a8,bengali,fake,rvc,rvc_fixed_055_Nishi Raat.mp3_22k.wav,18,10
7097c57f36908bc7e68cee1242a402e8,bengali,fake,rvc,rvc_fixed_055_Nishi Raat.mp3_22k.wav,19,10
f4d72c32a687f35c53680200729ae789,bengali,fake,rvc,rvc_fixed_055_Nishi Raat.mp3_22k.wav,20,10
2524cef1c51eebb8a94420fc5392f409,bengali,fake,rvc,rvc_fixed_056_Kusume Kusume Charonchinha.mp3_22k.wav,0,10
987aeb1c55b0e3214506ecfe44f45d03,bengali,fake,rvc,rvc_fixed_056_Kusume Kusume Charonchinha.mp3_22k.wav,1,10
40aac9629e9e8b0a4bd531c28d56c219,bengali,fake,rvc,rvc_fixed_056_Kusume Kusume Charonchinha.mp3_22k.wav,2,10
81a2ef42cd715b4b5797259e60e5f4cd,bengali,fake,rvc,rvc_fixed_056_Kusume Kusume Charonchinha.mp3_22k.wav,3,10
519722032c11859691269a838eb949cd,bengali,fake,rvc,rvc_fixed_056_Kusume Kusume Charonchinha.mp3_22k.wav,4,10
26f8c6ba562f200241cc59680602cf68,bengali,fake,rvc,rvc_fixed_056_Kusume Kusume Charonchinha.mp3_22k.wav,5,10
2dcb2fb3b28a1484734f55ef7d250e14,bengali,fake,rvc,rvc_fixed_056_Kusume Kusume Charonchinha.mp3_22k.wav,6,10
4da93d11b44e879c1976ff1d54cf1c1f,bengali,fake,rvc,rvc_fixed_056_Kusume Kusume Charonchinha.mp3_22k.wav,7,10
416f3360026b717031c152bff28ab3b8,bengali,fake,rvc,rvc_fixed_056_Kusume Kusume Charonchinha.mp3_22k.wav,8,10
3eaf960cf33e45f13bd4b1c0df1bad1c,bengali,fake,rvc,rvc_fixed_056_Kusume Kusume Charonchinha.mp3_22k.wav,9,10
b6826c3b08370103b1724cefb4b5482d,bengali,fake,rvc,rvc_fixed_056_Kusume Kusume Charonchinha.mp3_22k.wav,10,10
403a083ea7822f47c09240192a59ee6c,bengali,fake,rvc,rvc_fixed_056_Kusume Kusume Charonchinha.mp3_22k.wav,11,10
7c04fa3ef505fa3b17c74254940eac91,bengali,fake,rvc,rvc_fixed_056_Kusume Kusume Charonchinha.mp3_22k.wav,12,10
f2cda8f50e3b702e8fabcb34abcd60e1,bengali,fake,rvc,rvc_fixed_056_Kusume Kusume Charonchinha.mp3_22k.wav,13,10
e3d1dac44928f60635b0cd2e550d8b84,bengali,fake,rvc,rvc_fixed_056_Kusume Kusume Charonchinha.mp3_22k.wav,14,10
fc256593288633515b64fa01aa1f7177,bengali,fake,rvc,rvc_fixed_056_Kusume Kusume Charonchinha.mp3_22k.wav,15,10
e533cf2669c278749e0eb4bc7f7b14ea,bengali,fake,rvc,rvc_fixed_056_Kusume Kusume Charonchinha.mp3_22k.wav,16,10
a184e95a847e42cce09ea8a49e69ab35,bengali,fake,rvc,rvc_fixed_056_Kusume Kusume Charonchinha.mp3_22k.wav,17,10
08a015cacd93513509e7e621ac321eaf,bengali,fake,rvc,rvc_fixed_056_Kusume Kusume Charonchinha.mp3_22k.wav,18,10
6cf8168f37421a597859b8db71861595,bengali,fake,rvc,rvc_fixed_056_Kusume Kusume Charonchinha.mp3_22k.wav,19,10
646f2c49443dff25e0819accda82bffa,bengali,fake,rvc,rvc_fixed_056_Kusume Kusume Charonchinha.mp3_22k.wav,20,10
83da82b3270138538e6af7081fb9cad6,bengali,fake,rvc,rvc_fixed_056_Kusume Kusume Charonchinha.mp3_22k.wav,21,10
1e28825a2d1fcee22adc073768ae41c6,bengali,fake,rvc,rvc_fixed_056_Kusume Kusume Charonchinha.mp3_22k.wav,22,10
85192b90a691207819cd470430f02815,bengali,fake,rvc,rvc_fixed_056_Kusume Kusume Charonchinha.mp3_22k.wav,23,10
f3463573c3441f43af1bd3c5b078afdd,bengali,fake,rvc,rvc_fixed_056_Kusume Kusume Charonchinha.mp3_22k.wav,24,10
cbc8cd89a11e5bbf4ef71aee10d581b0,bengali,fake,rvc,rvc_fixed_058_Ache Syam Ange Rai Ango Helia.mp3_22k.wav,0,10
839a689947f07d610f631ec284c9ba0f,bengali,fake,rvc,rvc_fixed_058_Ache Syam Ange Rai Ango Helia.mp3_22k.wav,1,10
ddcff0fe75f1c8d765040776e76c0651,bengali,fake,rvc,rvc_fixed_058_Ache Syam Ange Rai Ango Helia.mp3_22k.wav,2,10
cd116feb84ec571bbfe0af7c336ccd15,bengali,fake,rvc,rvc_fixed_058_Ache Syam Ange Rai Ango Helia.mp3_22k.wav,3,10
2da18d761004075752986dabd31e56aa,bengali,fake,rvc,rvc_fixed_058_Ache Syam Ange Rai Ango Helia.mp3_22k.wav,4,10
585a8a212e0e8285ccf7bf51aada2681,bengali,fake,rvc,rvc_fixed_058_Ache Syam Ange Rai Ango Helia.mp3_22k.wav,5,10
fe06af05a839930b1e312799c3855a0e,bengali,fake,rvc,rvc_fixed_058_Ache Syam Ange Rai Ango Helia.mp3_22k.wav,6,10
5767b95f5e476e85b98603c73659f224,bengali,fake,rvc,rvc_fixed_058_Ache Syam Ange Rai Ango Helia.mp3_22k.wav,7,10
b31b1ff077c5b8bd97737f12ed900e0e,bengali,fake,rvc,rvc_fixed_058_Ache Syam Ange Rai Ango Helia.mp3_22k.wav,8,10
909986895d5377dc4bc7e33d3e96c97a,bengali,fake,rvc,rvc_fixed_058_Ache Syam Ange Rai Ango Helia.mp3_22k.wav,9,10
a913eb649480e6f3bdae62af9e45c02e,bengali,fake,rvc,rvc_fixed_058_Ache Syam Ange Rai Ango Helia.mp3_22k.wav,10,10
e78b8dfd7664819b64fa1dc9096ce168,bengali,fake,rvc,rvc_fixed_058_Ache Syam Ange Rai Ango Helia.mp3_22k.wav,11,10
c34789bf9f8325276d254d77e01f5d56,bengali,fake,rvc,rvc_fixed_058_Ache Syam Ange Rai Ango Helia.mp3_22k.wav,12,10
4c7610e538368510e9a0bf0bd4b24c6f,bengali,fake,rvc,rvc_fixed_058_Ache Syam Ange Rai Ango Helia.mp3_22k.wav,13,10
35b2fcb916d5a10d11a0790b7b7563e0,bengali,fake,rvc,rvc_fixed_058_Ache Syam Ange Rai Ango Helia.mp3_22k.wav,14,10
772b365415f215082a523b2b53e1c774,bengali,fake,rvc,rvc_fixed_058_Ache Syam Ange Rai Ango Helia.mp3_22k.wav,15,10
0fc858ca2bfcea9675ce24bc479f2cf0,bengali,fake,rvc,rvc_fixed_058_Ache Syam Ange Rai Ango Helia.mp3_22k.wav,16,10
5d3bd5df3840ce8e7d7302be33aafc44,bengali,fake,rvc,rvc_fixed_058_Ache Syam Ange Rai Ango Helia.mp3_22k.wav,17,10
b714e98944b6e0c39b5fe4adbb7e9935,bengali,fake,rvc,rvc_fixed_058_Ache Syam Ange Rai Ango Helia.mp3_22k.wav,18,10
241327e3f16b212394177df7b5c17556,bengali,fake,rvc,rvc_fixed_058_Ache Syam Ange Rai Ango Helia.mp3_22k.wav,19,10
924dc540481138a2228edb7616bf1074,bengali,fake,rvc,rvc_fixed_058_Ache Syam Ange Rai Ango Helia.mp3_22k.wav,20,10
43bf4686392d930dbc4d64a2a3777393,bengali,fake,rvc,rvc_fixed_058_Ache Syam Ange Rai Ango Helia.mp3_22k.wav,21,10
63585d120ababf633312710b37759aa8,bengali,fake,rvc,rvc_fixed_058_Ache Syam Ange Rai Ango Helia.mp3_22k.wav,22,10
d875e130dad1eaffe2aa7566be0b89b1,bengali,fake,rvc,rvc_fixed_058_Ache Syam Ange Rai Ango Helia.mp3_22k.wav,23,10
bf07974519a591dea089419df158abad,bengali,fake,rvc,rvc_fixed_058_Ache Syam Ange Rai Ango Helia.mp3_22k.wav,24,10
7c19884e8ba85730f57bed5459632075,bengali,fake,rvc,rvc_fixed_058_Ache Syam Ange Rai Ango Helia.mp3_22k.wav,25,10
9b71d9327ad7585b776b9f1cd9001f40,bengali,fake,rvc,rvc_fixed_058_Ache Syam Ange Rai Ango Helia.mp3_22k.wav,26,10
2cfa92d68a2d0cb2582bd7a627fa4c9f,bengali,fake,rvc,rvc_fixed_058_Ache Syam Ange Rai Ango Helia.mp3_22k.wav,27,10
e04c2b2bcdc17fd9bf21288918fc871a,bengali,fake,rvc,rvc_fixed_058_Ache Syam Ange Rai Ango Helia.mp3_22k.wav,28,10
5a11fee539f5f9cee9f0bbecb9884747,bengali,fake,rvc,rvc_fixed_058_Ache Syam Ange Rai Ango Helia.mp3_22k.wav,29,10
5d9c37d8d05c58306165d8f047404091,bengali,fake,rvc,rvc_fixed_058_Ache Syam Ange Rai Ango Helia.mp3_22k.wav,30,10
0c5f1d39f8b427e36c0fa17963b3872d,bengali,fake,rvc,rvc_fixed_058_Ache Syam Ange Rai Ango Helia.mp3_22k.wav,31,10
505a09ccaf891824d2ab8cfde520591c,bengali,fake,rvc,rvc_fixed_058_Ache Syam Ange Rai Ango Helia.mp3_22k.wav,32,10
21f573f6285100b3e16983ad3ced265f,bengali,fake,rvc,rvc_fixed_059_Kala.mp3_22k.wav,0,10
404a2f505bf4b0ac3f0f8f9271db741e,bengali,fake,rvc,rvc_fixed_059_Kala.mp3_22k.wav,1,10
f9e0fde825961b810053bb9d1bd677e9,bengali,fake,rvc,rvc_fixed_059_Kala.mp3_22k.wav,2,10
1a8d2b02a1ccd0a2972a84ca6dc39624,bengali,fake,rvc,rvc_fixed_059_Kala.mp3_22k.wav,3,10
f6e234d1908feeb01ebdf5737f8fadf2,bengali,fake,rvc,rvc_fixed_059_Kala.mp3_22k.wav,4,10
941af495e90c763cc5227e7cc1701b22,bengali,fake,rvc,rvc_fixed_059_Kala.mp3_22k.wav,5,10
a80174e3cb24e4d5102352ae683db76f,bengali,fake,rvc,rvc_fixed_059_Kala.mp3_22k.wav,6,10
1b3393c6e5edf3b2b92e0dd616457a95,bengali,fake,rvc,rvc_fixed_059_Kala.mp3_22k.wav,7,10
2731a6ec1c80d31a3a456374ab074d44,bengali,fake,rvc,rvc_fixed_059_Kala.mp3_22k.wav,8,10
f95c81721e73fe8d80728c628a7f65c9,bengali,fake,rvc,rvc_fixed_059_Kala.mp3_22k.wav,9,10
72c43d3ccb77f06d8b7f3538d3a64fb8,bengali,fake,rvc,rvc_fixed_059_Kala.mp3_22k.wav,10,10
2e39b2c882130ad78dfdeb836a5b27eb,bengali,fake,rvc,rvc_fixed_059_Kala.mp3_22k.wav,11,10
22a59af23d0c3ff9b238b32333c9582f,bengali,fake,rvc,rvc_fixed_059_Kala.mp3_22k.wav,12,10
61ea7d6f717841b0f011f604d6feb17d,bengali,fake,rvc,rvc_fixed_059_Kala.mp3_22k.wav,13,10
1aed3c7ecf451891eee6cdd4cc9a01ea,bengali,fake,rvc,rvc_fixed_059_Kala.mp3_22k.wav,14,10
ef4f52b04a6e110c7cc71ce1d526a70a,bengali,fake,rvc,rvc_fixed_059_Kala.mp3_22k.wav,15,10
25f26037e1eac49d2d96803ca43cb125,bengali,fake,rvc,rvc_fixed_059_Kala.mp3_22k.wav,16,10
cbbf1885908bd484bb5df455e3afca7c,bengali,fake,rvc,rvc_fixed_059_Kala.mp3_22k.wav,17,10
fd205d0311b4c31d024e093930879e55,bengali,fake,rvc,rvc_fixed_059_Kala.mp3_22k.wav,18,10
da54acc2fc96232abece70a5492db969,bengali,fake,rvc,rvc_fixed_059_Kala.mp3_22k.wav,19,10
e24acf9c0d161eb3949039c53681cdc0,bengali,fake,rvc,rvc_fixed_059_Kala.mp3_22k.wav,20,10
aa0ee8d10d63c57c4efdd6b2ca1b295f,bengali,fake,rvc,rvc_fixed_059_Kala.mp3_22k.wav,21,10
7f609e5aaba25dea72740adb2ff178a8,bengali,fake,rvc,rvc_fixed_059_Kala.mp3_22k.wav,22,10
c90febaebe9da95b4a34551acff22464,bengali,fake,rvc,rvc_fixed_059_Kala.mp3_22k.wav,23,10
9d95a175162a0f395153ac2e4dbe7c4c,bengali,fake,rvc,rvc_fixed_059_Kala.mp3_22k.wav,24,10
2f89977e2b8d63bcddb596008a57c855,bengali,fake,rvc,rvc_fixed_059_Kala.mp3_22k.wav,25,10
ba74e97c3f51efeb6ba140d77420ee1d,bengali,fake,rvc,rvc_fixed_059_Kala.mp3_22k.wav,26,10
bc5348a488035c7eea8850c13c667469,bengali,fake,rvc,rvc_fixed_059_Kala.mp3_22k.wav,27,10
00afcff659dcf3d95248a6c54a345cd6,bengali,fake,rvc,rvc_fixed_059_Kala.mp3_22k.wav,28,10
51cec231618405ddc8473a57a4711615,bengali,fake,rvc,rvc_fixed_059_Kala.mp3_22k.wav,29,10
40f9537dcfb5fbb6e291d656d8c3f0d7,bengali,fake,rvc,rvc_fixed_059_Kala.mp3_22k.wav,30,10
2ef5e693368f32d39eaf8f6a90c4732c,bengali,fake,rvc,rvc_fixed_059_Kala.mp3_22k.wav,31,10
bb585f99244efdb48e8a8a84c70014a1,bengali,fake,rvc,rvc_fixed_059_Kala.mp3_22k.wav,32,10
0aef1ac84e166c54a3832a053ba9ade0,bengali,fake,rvc,rvc_fixed_059_Kala.mp3_22k.wav,33,10
b1475ca95e7d5987d12fd327c0a33d10,bengali,fake,rvc,rvc_fixed_059_Kala.mp3_22k.wav,34,10
018eddd4d8afbc20185aeb7de80e35e5,bengali,fake,rvc,rvc_fixed_059_Kala.mp3_22k.wav,35,10
e78dafb066823e2e0b961acb418c5d29,bengali,fake,rvc,rvc_fixed_059_Kala.mp3_22k.wav,36,10
8ae6a11c51b1e3216c245dcc6672855b,bengali,fake,rvc,rvc_fixed_059_Kala.mp3_22k.wav,37,10
1d8b4aee371c279c5d6885466935702c,bengali,fake,rvc,rvc_fixed_059_Kala.mp3_22k.wav,38,10
b11b7e87070647841cc05004171431ed,bengali,fake,rvc,rvc_fixed_059_Kala.mp3_22k.wav,39,10
8601cd540d7d802e1fb794879981d575,bengali,fake,rvc,rvc_fixed_059_Kala.mp3_22k.wav,40,10
1989d01034dabaf2f07607bf2516f19b,bengali,fake,rvc,rvc_fixed_059_Kala.mp3_22k.wav,41,10
9be8abad5be765faca9b4b7bd3e50c2f,bengali,fake,rvc,rvc_fixed_059_Kala.mp3_22k.wav,42,10
09259014c8b8670046befc1d0108fd0e,bengali,fake,rvc,rvc_fixed_059_Kala.mp3_22k.wav,43,10
816a4a8b242cd362dc993b8bed8bea6d,bengali,fake,rvc,rvc_fixed_059_Kala.mp3_22k.wav,44,10
600a99a08edb96fd75ab9f1bea593e3b,bengali,fake,rvc,rvc_fixed_059_Kala.mp3_22k.wav,45,10
ad897a639a9edceee21931f8c772a3e2,bengali,fake,rvc,rvc_fixed_059_Kala.mp3_22k.wav,46,10
016c67ba40c021e0a91e9da72f656619,bengali,fake,rvc,rvc_fixed_059_Kala.mp3_22k.wav,47,10
a78841230fd0c6190c4623448acc37b3,bengali,fake,rvc,rvc_fixed_059_Kala.mp3_22k.wav,48,10
da233b0433f8442902a3a52636de4fd1,bengali,fake,rvc,rvc_fixed_059_Kala.mp3_22k.wav,49,10
2b4703f3f0577c9bb2fbef3ca502c57d,bengali,fake,rvc,rvc_fixed_059_Kala.mp3_22k.wav,50,10
9cbd92a2c4cd513755a1b48ccb93249c,bengali,fake,rvc,rvc_fixed_059_Kala.mp3_22k.wav,51,10
55c153972aa1a2b7d0d76aa81aedf4ad,bengali,fake,rvc,rvc_fixed_059_Kala.mp3_22k.wav,52,10
17cf01d1978ebcf6f59a9d115bb59603,bengali,fake,rvc,rvc_fixed_059_Kala.mp3_22k.wav,53,10
a3301b26d3874a213f74aff8ea6eed6f,bengali,fake,rvc,rvc_fixed_059_Kala.mp3_22k.wav,54,10
b44492943236d81ee65cd99aed8ebd01,bengali,fake,rvc,rvc_fixed_059_Kala.mp3_22k.wav,55,10
4658b292f7b6a2a73d508b6c8344e989,bengali,fake,rvc,rvc_fixed_059_Kala.mp3_22k.wav,56,10
9583c5473f70c07ac810179673342ff2,bengali,fake,rvc,rvc_fixed_059_Kala.mp3_22k.wav,57,10
9af061b5c02f71aa29854b4ddd22ea72,bengali,fake,rvc,rvc_fixed_059_Kala.mp3_22k.wav,58,10
2f981ac94e58b9a499879c9e7230a97a,bengali,fake,rvc,rvc_fixed_059_Kala.mp3_22k.wav,59,10
36f5208ea890c36b3612c5bac4e84c35,bengali,fake,rvc,rvc_fixed_059_Kala.mp3_22k.wav,60,10
61989ac0edd8e0c86da9589a7efb1383,bengali,fake,rvc,rvc_fixed_059_Kala.mp3_22k.wav,61,10
a9bc4f635fe31f3e0fe53e5106b247c8,bengali,fake,rvc,rvc_fixed_059_Kala.mp3_22k.wav,62,10
c5a86e5463aeaf7da231997e63421a94,bengali,fake,rvc,rvc_fixed_059_Kala.mp3_22k.wav,63,10
fa2a8c741d6e7fefc3862fbcd527570e,bengali,fake,rvc,rvc_fixed_059_Kala.mp3_22k.wav,64,10
39eb02dc74f8223c7c4c83506f026f11,bengali,fake,rvc,rvc_fixed_059_Kala.mp3_22k.wav,65,10
9c10d04ad79067d3855085ca3b668275,bengali,fake,rvc,rvc_fixed_059_Kala.mp3_22k.wav,66,10
e0c080757f59f4e32a5af4e4bdadec82,bengali,fake,rvc,rvc_fixed_059_Kala.mp3_22k.wav,67,10
a6100715ef0d11baae82581b9200857b,bengali,fake,rvc,rvc_fixed_059_Kala.mp3_22k.wav,68,10
ab562ccfb207c62892ac5eb1599de5eb,bengali,fake,rvc,rvc_fixed_059_Kala.mp3_22k.wav,69,10
90d07640ebd62c5e0796ac6860ce86df,bengali,fake,rvc,rvc_fixed_059_Kala.mp3_22k.wav,70,10
34a78979761cec0d5bcdac7009f1093f,bengali,fake,rvc,rvc_fixed_059_Kala.mp3_22k.wav,71,10
502e5da1b1c0cf6b8da75c87d99c56c5,bengali,fake,rvc,rvc_fixed_059_Kala.mp3_22k.wav,72,10
06ecc64ded12dd2d319bd09eac349e01,bengali,fake,rvc,rvc_fixed_060_Apon Moner Baghe.mp3_22k.wav,0,10
0957dc6a6a4abe0b21441ce84ba470dc,bengali,fake,rvc,rvc_fixed_060_Apon Moner Baghe.mp3_22k.wav,1,10
a541eac67900e710a5fcdc9de3e6c55d,bengali,fake,rvc,rvc_fixed_060_Apon Moner Baghe.mp3_22k.wav,2,10
8e05b8b08b75d591f8ab441e8b28cb94,bengali,fake,rvc,rvc_fixed_060_Apon Moner Baghe.mp3_22k.wav,3,10
4407acd9a2f01a559d5795392151c5b9,bengali,fake,rvc,rvc_fixed_060_Apon Moner Baghe.mp3_22k.wav,4,10
e4ac71b51749c591550bf522ff4beb02,bengali,fake,rvc,rvc_fixed_060_Apon Moner Baghe.mp3_22k.wav,5,10
5ac2f194a6591941abbd78017a4e2f99,bengali,fake,rvc,rvc_fixed_060_Apon Moner Baghe.mp3_22k.wav,6,10
be34fd49c6521f52b49b9a7953ee9817,bengali,fake,rvc,rvc_fixed_060_Apon Moner Baghe.mp3_22k.wav,7,10
cb4abdcdda4469dc12052c1755c897e9,bengali,fake,rvc,rvc_fixed_060_Apon Moner Baghe.mp3_22k.wav,8,10
fd07519220f690889790bcf7f9a97919,bengali,fake,rvc,rvc_fixed_060_Apon Moner Baghe.mp3_22k.wav,9,10
6f87bdbe8ad59981b370ef35562f22ba,bengali,fake,rvc,rvc_fixed_060_Apon Moner Baghe.mp3_22k.wav,10,10
f250888ce837aa974fd23b4d0d604cd5,bengali,fake,rvc,rvc_fixed_060_Apon Moner Baghe.mp3_22k.wav,11,10
5ad2130fbdfc10f75d82cbf4c03630b8,bengali,fake,rvc,rvc_fixed_060_Apon Moner Baghe.mp3_22k.wav,12,10
f56c08564fc5a36d0bbb1472141f31ce,bengali,fake,rvc,rvc_fixed_060_Apon Moner Baghe.mp3_22k.wav,13,10
61791d34fea3225290aa9b82c6d984d4,bengali,fake,rvc,rvc_fixed_060_Apon Moner Baghe.mp3_22k.wav,14,10
cb91694d3ac161e7b0dcd0770f0cced8,bengali,fake,rvc,rvc_fixed_060_Apon Moner Baghe.mp3_22k.wav,15,10
735b42099d2307aae32ab75c807e8e54,bengali,fake,rvc,rvc_fixed_060_Apon Moner Baghe.mp3_22k.wav,16,10
677f0a11af7ecae8babc32126d50be8a,bengali,fake,rvc,rvc_fixed_060_Apon Moner Baghe.mp3_22k.wav,17,10
8a75a648070a2adc1af3ae9f4b8fc9b2,bengali,fake,rvc,rvc_fixed_060_Apon Moner Baghe.mp3_22k.wav,18,10
c967f5361a10864793ab9ccf013fb138,bengali,fake,rvc,rvc_fixed_060_Apon Moner Baghe.mp3_22k.wav,19,10
bfa38e6439cf3ed9d112492f1ebe0fd6,bengali,fake,rvc,rvc_fixed_060_Apon Moner Baghe.mp3_22k.wav,20,10
a902d4ed77cd3807cf392c1f4f5227d3,bengali,fake,rvc,rvc_fixed_060_Apon Moner Baghe.mp3_22k.wav,21,10
5bcba6ee093e916e0099c73fbaf245ca,bengali,fake,rvc,rvc_fixed_060_Apon Moner Baghe.mp3_22k.wav,22,10
688bf2e53e740a23fae494a499ebf364,bengali,fake,rvc,rvc_fixed_060_Apon Moner Baghe.mp3_22k.wav,23,10
2f4be1b38978e5e0cdbc93e4387b09a5,bengali,fake,rvc,rvc_fixed_060_Apon Moner Baghe.mp3_22k.wav,24,10
aec430b95ada622842a5e28179ba0096,bengali,fake,rvc,rvc_fixed_060_Apon Moner Baghe.mp3_22k.wav,25,10
447fdac5f86369a3cb0e17247ed1ac38,bengali,fake,rvc,rvc_fixed_060_Apon Moner Baghe.mp3_22k.wav,26,10
a64cb8ba291d6114001114d3888669a0,bengali,fake,rvc,rvc_fixed_060_Apon Moner Baghe.mp3_22k.wav,27,10
70f68ec8c2659e416769fb73af53ad0d,bengali,fake,rvc,rvc_fixed_060_Apon Moner Baghe.mp3_22k.wav,28,10
5584e01a600af31a68f3972226b21447,bengali,fake,rvc,rvc_fixed_060_Apon Moner Baghe.mp3_22k.wav,29,10
11ac1b995e61f058b50259879a0b85a9,bengali,fake,rvc,rvc_fixed_060_Apon Moner Baghe.mp3_22k.wav,30,10
bbe0dc4ff603533a94fa78d5b45cf5a8,bengali,fake,rvc,rvc_fixed_060_Apon Moner Baghe.mp3_22k.wav,31,10
e5e13bbec16978fa8efb7690eac868ba,bengali,fake,rvc,rvc_fixed_060_Apon Moner Baghe.mp3_22k.wav,32,10
4b90ab30c4cf20dd07601867b13ca1b0,bengali,fake,rvc,rvc_fixed_060_Apon Moner Baghe.mp3_22k.wav,33,10
f24448ef5f02d772602a9cde32244fc0,bengali,fake,rvc,rvc_fixed_060_Apon Moner Baghe.mp3_22k.wav,34,10
587aa92117624d742d2585067f51da52,bengali,fake,rvc,rvc_fixed_060_Apon Moner Baghe.mp3_22k.wav,35,10
d6d05a222070d7a5516c44ef170e006a,bengali,fake,rvc,rvc_fixed_060_Apon Moner Baghe.mp3_22k.wav,36,10
27ec173eaf7206d62c6991a16350ac7c,bengali,fake,rvc,rvc_fixed_060_Apon Moner Baghe.mp3_22k.wav,37,10
bd8418608d5ecdde707011a90a1d8d31,bengali,fake,rvc,rvc_fixed_060_Apon Moner Baghe.mp3_22k.wav,38,10
65438e852a889d1d9123a8fda16e4dfd,bengali,fake,rvc,rvc_fixed_060_Apon Moner Baghe.mp3_22k.wav,39,10
ed2570ee3af81cf573be9060e057e23a,bengali,fake,rvc,rvc_fixed_060_Apon Moner Baghe.mp3_22k.wav,40,10
c3f5f5a9eace71d5d498f2ed7a8ae871,bengali,fake,rvc,rvc_fixed_060_Apon Moner Baghe.mp3_22k.wav,41,10
4b1ef92b7e7067be40ae55f1255f16ef,bengali,fake,rvc,rvc_fixed_060_Apon Moner Baghe.mp3_22k.wav,42,10
cb83b36555257a3022005ef83684a930,bengali,fake,rvc,rvc_fixed_060_Apon Moner Baghe.mp3_22k.wav,43,10
6cbc8070afdae2fe60e25a189f2a4f66,bengali,fake,rvc,rvc_fixed_060_Apon Moner Baghe.mp3_22k.wav,44,10
0864e38fe92298665493ababc1341481,bengali,fake,rvc,rvc_fixed_061_Se Chokh Kothai Tomar.mp3_22k.wav,0,10
3d82a3adcb98c547498fc484dda7adcf,bengali,fake,rvc,rvc_fixed_061_Se Chokh Kothai Tomar.mp3_22k.wav,1,10
af27d60b08c779f5fe7a4cb303fa0e12,bengali,fake,rvc,rvc_fixed_061_Se Chokh Kothai Tomar.mp3_22k.wav,2,10
70341369b3d35cb926cf6f89453d85cd,bengali,fake,rvc,rvc_fixed_061_Se Chokh Kothai Tomar.mp3_22k.wav,3,10
bca18c8d24ecdb59ba0de694ad8c3b25,bengali,fake,rvc,rvc_fixed_061_Se Chokh Kothai Tomar.mp3_22k.wav,4,10
8f743006bd133cf5839e9f2a6a9f01b8,bengali,fake,rvc,rvc_fixed_061_Se Chokh Kothai Tomar.mp3_22k.wav,5,10
f642cff74cacd2d75d776692c7b87390,bengali,fake,rvc,rvc_fixed_061_Se Chokh Kothai Tomar.mp3_22k.wav,6,10
20cef5aec91950b217db680633e87500,bengali,fake,rvc,rvc_fixed_061_Se Chokh Kothai Tomar.mp3_22k.wav,7,10
3f1fa0f6e2c937994c0e23befb2b0a70,bengali,fake,rvc,rvc_fixed_061_Se Chokh Kothai Tomar.mp3_22k.wav,8,10
ed745c777560fff4bd1817f4a74cac22,bengali,fake,rvc,rvc_fixed_061_Se Chokh Kothai Tomar.mp3_22k.wav,9,10
308e493d5475e53fe47b8ad7bae8d1f5,bengali,fake,rvc,rvc_fixed_061_Se Chokh Kothai Tomar.mp3_22k.wav,10,10
8ec5fab9314f122dd62e1328d878dc57,bengali,fake,rvc,rvc_fixed_061_Se Chokh Kothai Tomar.mp3_22k.wav,11,10
94e59a0978d6b81b4bf804f6a87548ba,bengali,fake,rvc,rvc_fixed_061_Se Chokh Kothai Tomar.mp3_22k.wav,12,10
d649d6612b3eb085651dace27e06fa40,bengali,fake,rvc,rvc_fixed_061_Se Chokh Kothai Tomar.mp3_22k.wav,13,10
c5c88ffb30dae95bde7581b4d77031ea,bengali,fake,rvc,rvc_fixed_061_Se Chokh Kothai Tomar.mp3_22k.wav,14,10
76c697d0752ff9dbe8fae4e70f627067,bengali,fake,rvc,rvc_fixed_061_Se Chokh Kothai Tomar.mp3_22k.wav,15,10
d1fb37cdafa8983bdf208f2a0a6a5990,bengali,fake,rvc,rvc_fixed_061_Se Chokh Kothai Tomar.mp3_22k.wav,16,10
98d7568fe3c6d37f47e39dbaa49278dc,bengali,fake,rvc,rvc_fixed_062_Ami Je Kato Ekela.mp3_22k.wav,0,10
16afeb00fff7fab972f0c2bfe9b76168,bengali,fake,rvc,rvc_fixed_062_Ami Je Kato Ekela.mp3_22k.wav,1,10
78d4a8b166b74ec3db6ab5f18e9a5675,bengali,fake,rvc,rvc_fixed_062_Ami Je Kato Ekela.mp3_22k.wav,2,10
f1cd7a14b26bd3b5a5e5dce92cf1c412,bengali,fake,rvc,rvc_fixed_062_Ami Je Kato Ekela.mp3_22k.wav,3,10
0f4cd841ec31b155d5f45712ea3bf3e8,bengali,fake,rvc,rvc_fixed_062_Ami Je Kato Ekela.mp3_22k.wav,4,10
318e254c6bb408623502c915c58faf70,bengali,fake,rvc,rvc_fixed_062_Ami Je Kato Ekela.mp3_22k.wav,5,10
13728bcd24fcbf19de929f2e637c0cf2,bengali,fake,rvc,rvc_fixed_062_Ami Je Kato Ekela.mp3_22k.wav,6,10
eef5c10cf94044159e6bfd9bf2e26ceb,bengali,fake,rvc,rvc_fixed_062_Ami Je Kato Ekela.mp3_22k.wav,7,10
93ca250fd7c09eca3c80954226169cd8,bengali,fake,rvc,rvc_fixed_062_Ami Je Kato Ekela.mp3_22k.wav,8,10
227c403288a80a5104dfd60129b43287,bengali,fake,rvc,rvc_fixed_062_Ami Je Kato Ekela.mp3_22k.wav,9,10
0d4f6cf9d704473d03bb19a0daf44316,bengali,fake,rvc,rvc_fixed_062_Ami Je Kato Ekela.mp3_22k.wav,10,10
85dfff36ccf9035e41afebea1a86d101,bengali,fake,rvc,rvc_fixed_062_Ami Je Kato Ekela.mp3_22k.wav,11,10
0c397231ea44ee23afc16c0415721300,bengali,fake,rvc,rvc_fixed_062_Ami Je Kato Ekela.mp3_22k.wav,12,10
c9d3b1d4de79f182b24be8ea1c8b7fcd,bengali,fake,rvc,rvc_fixed_062_Ami Je Kato Ekela.mp3_22k.wav,13,10
4af1a46d7ce3df06b8d2da873ee84e1d,bengali,fake,rvc,rvc_fixed_062_Ami Je Kato Ekela.mp3_22k.wav,14,10
5f9bb15761c00cd601feb6241b7213d6,bengali,fake,rvc,rvc_fixed_062_Ami Je Kato Ekela.mp3_22k.wav,15,10
2e3771043e71f2c6827db3ad13d757d5,bengali,fake,rvc,rvc_fixed_062_Ami Je Kato Ekela.mp3_22k.wav,16,10
bf756ea1de11eea1a46f94e2dba224b4,bengali,fake,rvc,rvc_fixed_062_Ami Je Kato Ekela.mp3_22k.wav,17,10
2eab445a486358363a9448bcc46a39da,bengali,fake,rvc,rvc_fixed_062_Ami Je Kato Ekela.mp3_22k.wav,18,10
55b2cc18b3c1326daf7b7594a9dc20e5,bengali,fake,rvc,rvc_fixed_064_Say Hari Mynah Bird.mp3_22k.wav,0,10
8646239952232893334a6078ed31753a,bengali,fake,rvc,rvc_fixed_064_Say Hari Mynah Bird.mp3_22k.wav,1,10
d134d675b31e9ab88709fd1aac3b50f6,bengali,fake,rvc,rvc_fixed_064_Say Hari Mynah Bird.mp3_22k.wav,2,10
972ef42837e2f1533eaa75038f08e672,bengali,fake,rvc,rvc_fixed_064_Say Hari Mynah Bird.mp3_22k.wav,3,10
445c9c6160ef76c4cad4bdb3bca8ca79,bengali,fake,rvc,rvc_fixed_064_Say Hari Mynah Bird.mp3_22k.wav,4,10
49dcfec82b87fefc61324191470ab6cf,bengali,fake,rvc,rvc_fixed_064_Say Hari Mynah Bird.mp3_22k.wav,5,10
d93595632dfafbbb7d66b08f05132519,bengali,fake,rvc,rvc_fixed_064_Say Hari Mynah Bird.mp3_22k.wav,6,10
7ebbd6b81030339ed2707aa8160f3b8d,bengali,fake,rvc,rvc_fixed_064_Say Hari Mynah Bird.mp3_22k.wav,7,10
65ea3f15ba72d83f94aa44d444c0cec3,bengali,fake,rvc,rvc_fixed_064_Say Hari Mynah Bird.mp3_22k.wav,8,10
3ec4d7ccd5336c9e571c158730945d73,bengali,fake,rvc,rvc_fixed_064_Say Hari Mynah Bird.mp3_22k.wav,9,10
d160ecf3df924e28ed3c125f66882ca1,bengali,fake,rvc,rvc_fixed_064_Say Hari Mynah Bird.mp3_22k.wav,10,10
34dd6f3640bcf0821280b876640569d3,bengali,fake,rvc,rvc_fixed_064_Say Hari Mynah Bird.mp3_22k.wav,11,10
2b4b8c8ddb3bb5bfd1b925eea743fa48,bengali,fake,rvc,rvc_fixed_064_Say Hari Mynah Bird.mp3_22k.wav,12,10
ec0c3a91127d0e56d0aa9d7e91c0c4c3,bengali,fake,rvc,rvc_fixed_064_Say Hari Mynah Bird.mp3_22k.wav,13,10
f410949d70ace554391d7791e564657b,bengali,fake,rvc,rvc_fixed_064_Say Hari Mynah Bird.mp3_22k.wav,14,10
d18b576fc364a35c57a1606f80fa576c,bengali,fake,rvc,rvc_fixed_064_Say Hari Mynah Bird.mp3_22k.wav,15,10
e8370c579b1fde5f3a84d11940243ad3,bengali,fake,rvc,rvc_fixed_064_Say Hari Mynah Bird.mp3_22k.wav,16,10
50d3eaecaa5359d6ceae6d095e8d007d,bengali,fake,rvc,rvc_fixed_064_Say Hari Mynah Bird.mp3_22k.wav,17,10
abc443fab4bc4fb9dbe626fdf035b3d1,bengali,fake,rvc,rvc_fixed_064_Say Hari Mynah Bird.mp3_22k.wav,18,10
8226736df328a145ac702ac24272c43c,bengali,fake,rvc,rvc_fixed_064_Say Hari Mynah Bird.mp3_22k.wav,19,10
07f501ee69ef904d1a484187019856c5,bengali,fake,rvc,rvc_fixed_064_Say Hari Mynah Bird.mp3_22k.wav,20,10
89f2fe9a176a63c7c1fa75f532adda6f,bengali,fake,rvc,rvc_fixed_064_Say Hari Mynah Bird.mp3_22k.wav,21,10
09049d0c7ffb2baee9d8d6afdbb0d858,bengali,fake,rvc,rvc_fixed_064_Say Hari Mynah Bird.mp3_22k.wav,22,10
0cf8fb8dc0b168870aad3a4d37352b38,bengali,fake,rvc,rvc_fixed_064_Say Hari Mynah Bird.mp3_22k.wav,23,10
768e35fbd46b2ad96170ece0bb03dcbe,bengali,fake,rvc,rvc_fixed_064_Say Hari Mynah Bird.mp3_22k.wav,24,10
3be46781c696897a748f56f42e34a9e2,bengali,fake,rvc,rvc_fixed_064_Say Hari Mynah Bird.mp3_22k.wav,25,10
3c660470842a0cb3e36d20a779bb24e9,bengali,fake,rvc,rvc_fixed_064_Say Hari Mynah Bird.mp3_22k.wav,26,10
f6129afa267d78a65ec7dc801677ebff,bengali,fake,rvc,rvc_fixed_064_Say Hari Mynah Bird.mp3_22k.wav,27,10
b6a02ad3a89bfe7038bf56f790189da8,bengali,fake,rvc,rvc_fixed_064_Say Hari Mynah Bird.mp3_22k.wav,28,10
cb2f68f85c3f9cde92ef166cf35e1f54,bengali,fake,rvc,rvc_fixed_064_Say Hari Mynah Bird.mp3_22k.wav,29,10
826d5872de0aa285cb04fe2b8f2017c6,bengali,fake,rvc,rvc_fixed_064_Say Hari Mynah Bird.mp3_22k.wav,30,10
e27d0f3be0b55f2a54ba033dfa7f88f9,bengali,fake,rvc,rvc_fixed_064_Say Hari Mynah Bird.mp3_22k.wav,31,10
25d1b7a1b96d24a00f3ce96e37e73ca9,bengali,fake,rvc,rvc_fixed_064_Say Hari Mynah Bird.mp3_22k.wav,32,10
12225213e3d516d22df23c8d4de562e3,bengali,fake,rvc,rvc_fixed_064_Say Hari Mynah Bird.mp3_22k.wav,33,10
a4e34680280127e26e021acc589ff095,bengali,fake,rvc,rvc_fixed_064_Say Hari Mynah Bird.mp3_22k.wav,34,10
38c632caf69c800268419f2a82a9d0ef,bengali,fake,rvc,rvc_fixed_064_Say Hari Mynah Bird.mp3_22k.wav,35,10
49142f8b05ed20f4b02bf83ae38f2cf1,bengali,fake,rvc,rvc_fixed_064_Say Hari Mynah Bird.mp3_22k.wav,36,10
8494fcdfdc8cbfe41651677669564217,bengali,fake,rvc,rvc_fixed_064_Say Hari Mynah Bird.mp3_22k.wav,37,10
d62303db861fbe65b3eb3e41aaec9cb5,bengali,fake,rvc,rvc_fixed_064_Say Hari Mynah Bird.mp3_22k.wav,38,10
3e84795300d45e02ddb931e0d4e68fb7,bengali,fake,rvc,rvc_fixed_064_Say Hari Mynah Bird.mp3_22k.wav,39,10
5d458a63388074ce6360e91e84f6cdf3,bengali,fake,rvc,rvc_fixed_064_Say Hari Mynah Bird.mp3_22k.wav,40,10
13eef27547c051bb02c94c2d1633e2b2,bengali,fake,rvc,rvc_fixed_064_Say Hari Mynah Bird.mp3_22k.wav,41,10
a5052729e3fa32207747c000c2541dd1,bengali,fake,rvc,rvc_fixed_064_Say Hari Mynah Bird.mp3_22k.wav,42,10
36ad614cf90c4e3d86dcf64d234fe815,bengali,fake,rvc,rvc_fixed_064_Say Hari Mynah Bird.mp3_22k.wav,43,10
8b6f997fb473c2f583a26f99c1002d64,bengali,fake,rvc,rvc_fixed_064_Say Hari Mynah Bird.mp3_22k.wav,44,10
4df544396936a93c27c88b8ddb3164ac,bengali,fake,rvc,rvc_fixed_064_Say Hari Mynah Bird.mp3_22k.wav,45,10
f2a946e918940dc92ae72ec40bca2703,bengali,fake,rvc,rvc_fixed_064_Say Hari Mynah Bird.mp3_22k.wav,46,10
e05b78bfa71791972a5fd40687a37585,bengali,fake,rvc,rvc_fixed_064_Say Hari Mynah Bird.mp3_22k.wav,47,10
90614fe3c5d995e8d7ebdc3dba649e9a,bengali,fake,rvc,rvc_fixed_064_Say Hari Mynah Bird.mp3_22k.wav,48,10
4e0e14257c5be7bafd5b0f51497ccc2c,bengali,fake,rvc,rvc_fixed_064_Say Hari Mynah Bird.mp3_22k.wav,49,10
dbbbfbbd8cb36db5eda6af08a8ae917b,bengali,fake,rvc,rvc_fixed_064_Say Hari Mynah Bird.mp3_22k.wav,50,10
ca1f8a670f34490cee2719541d1f2d3e,bengali,fake,rvc,rvc_fixed_064_Say Hari Mynah Bird.mp3_22k.wav,51,10
509d73251250df33bf687ca3ea33f57c,bengali,fake,rvc,rvc_fixed_064_Say Hari Mynah Bird.mp3_22k.wav,52,10
9c3a114c1a2726f46569dd976b3f3123,bengali,fake,rvc,rvc_fixed_064_Say Hari Mynah Bird.mp3_22k.wav,53,10
8a99ff319feeab575332e2b508c01390,bengali,fake,rvc,rvc_fixed_064_Say Hari Mynah Bird.mp3_22k.wav,54,10
fa7533438bf6813fe3b887920f4806c7,bengali,fake,rvc,rvc_fixed_064_Say Hari Mynah Bird.mp3_22k.wav,55,10
131243dd53a067c164e61d8eb086061b,bengali,fake,rvc,rvc_fixed_064_Say Hari Mynah Bird.mp3_22k.wav,56,10
ac8010b63b3dd8394ea1d55d2247858e,bengali,fake,rvc,rvc_fixed_064_Say Hari Mynah Bird.mp3_22k.wav,57,10
4812dd6df681ab238142046b6c12cfe1,bengali,fake,rvc,rvc_fixed_067_Jonomo Morono Hobe Nibarono.mp3_22k.wav,0,10
bed67e0f1c3c6f9e253fcc64c9da4e9e,bengali,fake,rvc,rvc_fixed_067_Jonomo Morono Hobe Nibarono.mp3_22k.wav,1,10
960c1220e243b3e25dacc52672b7dab0,bengali,fake,rvc,rvc_fixed_067_Jonomo Morono Hobe Nibarono.mp3_22k.wav,2,10
3ff586c6f04a55a39be2fdd635630742,bengali,fake,rvc,rvc_fixed_067_Jonomo Morono Hobe Nibarono.mp3_22k.wav,3,10
326feb2b3d1216c3682a034ebbfd6afb,bengali,fake,rvc,rvc_fixed_067_Jonomo Morono Hobe Nibarono.mp3_22k.wav,4,10
5c4a80743f9ad5ebc5c6e1ee517a1864,bengali,fake,rvc,rvc_fixed_067_Jonomo Morono Hobe Nibarono.mp3_22k.wav,5,10
f4ca4832553f70b182997963d958c6f1,bengali,fake,rvc,rvc_fixed_067_Jonomo Morono Hobe Nibarono.mp3_22k.wav,6,10
3fdd7d7021e963a61807f9aae8bfdd70,bengali,fake,rvc,rvc_fixed_067_Jonomo Morono Hobe Nibarono.mp3_22k.wav,7,10
e69f23acc0f92603832c961d83c772f4,bengali,fake,rvc,rvc_fixed_067_Jonomo Morono Hobe Nibarono.mp3_22k.wav,8,10
01b46e9513132200ec01f8e44974a2ef,bengali,fake,rvc,rvc_fixed_067_Jonomo Morono Hobe Nibarono.mp3_22k.wav,9,10
c6a53b03c1e18d1c30264cf26ef5be0a,bengali,fake,rvc,rvc_fixed_067_Jonomo Morono Hobe Nibarono.mp3_22k.wav,10,10
3e1ab352593c50182275948ab50b9500,bengali,fake,rvc,rvc_fixed_067_Jonomo Morono Hobe Nibarono.mp3_22k.wav,11,10
0792719556cd62e1eaf0be5d08b814e1,bengali,fake,rvc,rvc_fixed_067_Jonomo Morono Hobe Nibarono.mp3_22k.wav,12,10
57264931c10b3723fb39f923ee8b7d41,bengali,fake,rvc,rvc_fixed_067_Jonomo Morono Hobe Nibarono.mp3_22k.wav,13,10
89cb6e87a24ed37f3277a44b3bac7033,bengali,fake,rvc,rvc_fixed_067_Jonomo Morono Hobe Nibarono.mp3_22k.wav,14,10
4aecf635c885aaefd1ca4cc4be0b332d,bengali,fake,rvc,rvc_fixed_067_Jonomo Morono Hobe Nibarono.mp3_22k.wav,15,10
9b0f822c4c2f8837bd3a5eb558ca1304,bengali,fake,rvc,rvc_fixed_067_Jonomo Morono Hobe Nibarono.mp3_22k.wav,16,10
277df4fd1f50c6b147392e43f2ae41d6,bengali,fake,rvc,rvc_fixed_067_Jonomo Morono Hobe Nibarono.mp3_22k.wav,17,10
92b45a524fc89cb49e0bdefc144a8412,bengali,fake,rvc,rvc_fixed_067_Jonomo Morono Hobe Nibarono.mp3_22k.wav,18,10
75a55bd40fc5bba10d129cd1b567723b,bengali,fake,rvc,rvc_fixed_067_Jonomo Morono Hobe Nibarono.mp3_22k.wav,19,10
33f5198ecde915e0bc0408c0ee02820e,bengali,fake,rvc,rvc_fixed_067_Jonomo Morono Hobe Nibarono.mp3_22k.wav,20,10
1c3e5f0d4143969e2c92bcfaec98ed5f,bengali,fake,rvc,rvc_fixed_067_Jonomo Morono Hobe Nibarono.mp3_22k.wav,21,10
7244ea554fd960fd870ba241369f0aa5,bengali,fake,rvc,rvc_fixed_067_Jonomo Morono Hobe Nibarono.mp3_22k.wav,22,10
49db354be86ea0f8ad09720073969285,bengali,fake,rvc,rvc_fixed_067_Jonomo Morono Hobe Nibarono.mp3_22k.wav,23,10
445d97ce5439594ec6f473918a54e640,bengali,fake,rvc,rvc_fixed_067_Jonomo Morono Hobe Nibarono.mp3_22k.wav,24,10
3e7178a973e6ab4e23c1d99482927e1a,bengali,fake,rvc,rvc_fixed_067_Jonomo Morono Hobe Nibarono.mp3_22k.wav,25,10
37e41377ff2afbb2f3d8cbd2c62979aa,bengali,fake,rvc,rvc_fixed_067_Jonomo Morono Hobe Nibarono.mp3_22k.wav,26,10
86480be926baa23d6ee2f70911c2feb8,bengali,fake,rvc,rvc_fixed_067_Jonomo Morono Hobe Nibarono.mp3_22k.wav,27,10
d59276fabe869ba3499548c74035a9f8,bengali,fake,rvc,rvc_fixed_067_Jonomo Morono Hobe Nibarono.mp3_22k.wav,28,10
df686782c08f564176e47d0713a59160,bengali,fake,rvc,rvc_fixed_067_Jonomo Morono Hobe Nibarono.mp3_22k.wav,29,10
c397c383ed6734df388e89b0f605672a,bengali,fake,rvc,rvc_fixed_067_Jonomo Morono Hobe Nibarono.mp3_22k.wav,30,10
6aa7e2cf9c387ea1c1cc91d97a3a4d0b,bengali,fake,rvc,rvc_fixed_067_Jonomo Morono Hobe Nibarono.mp3_22k.wav,31,10
40ed48603fcec9481c26669448e2a039,bengali,fake,rvc,rvc_fixed_067_Jonomo Morono Hobe Nibarono.mp3_22k.wav,32,10
759d85144d039f3acbd8e19c0ec77190,bengali,fake,rvc,rvc_fixed_067_Jonomo Morono Hobe Nibarono.mp3_22k.wav,33,10
bfc548a0dee28d53f596108dd011d40c,bengali,fake,rvc,rvc_fixed_067_Jonomo Morono Hobe Nibarono.mp3_22k.wav,34,10
f75bdff113cb6635151d5a5b5fea5819,bengali,fake,rvc,rvc_fixed_067_Jonomo Morono Hobe Nibarono.mp3_22k.wav,35,10
41a139573086d54b74cd9326ba26440e,bengali,fake,rvc,rvc_fixed_067_Jonomo Morono Hobe Nibarono.mp3_22k.wav,36,10
6efb157eb9a27778d1498131d7fd8c26,bengali,fake,rvc,rvc_fixed_067_Jonomo Morono Hobe Nibarono.mp3_22k.wav,37,10
0a4918c31d8799dfce10ec74ac1ed3e2,bengali,fake,rvc,rvc_fixed_067_Jonomo Morono Hobe Nibarono.mp3_22k.wav,38,10
2c75b6aff02034251fa05396cdf8771b,bengali,fake,rvc,rvc_fixed_067_Jonomo Morono Hobe Nibarono.mp3_22k.wav,39,10
77aafb647f06896a2b7cce2e315fb413,bengali,fake,rvc,rvc_fixed_067_Jonomo Morono Hobe Nibarono.mp3_22k.wav,40,10
45d41be0c10d6975f157037e4b2f117e,bengali,fake,rvc,rvc_fixed_067_Jonomo Morono Hobe Nibarono.mp3_22k.wav,41,10
a8f1511735dc248b4b4f1a027b9aa22d,bengali,fake,rvc,rvc_fixed_067_Jonomo Morono Hobe Nibarono.mp3_22k.wav,42,10
a08c8debc37de8d8c5101443c573871f,bengali,fake,rvc,rvc_fixed_067_Jonomo Morono Hobe Nibarono.mp3_22k.wav,43,10
eca11a0cb60cad27413a51c780828446,bengali,fake,rvc,rvc_fixed_067_Jonomo Morono Hobe Nibarono.mp3_22k.wav,44,10
b695953c1554faf644eabe7b40d7f78e,bengali,fake,rvc,rvc_fixed_067_Jonomo Morono Hobe Nibarono.mp3_22k.wav,45,10
38a7157e7bcf478d91c3bae00b2b9a42,bengali,fake,rvc,rvc_fixed_067_Jonomo Morono Hobe Nibarono.mp3_22k.wav,46,10
269dc477188bc7c160d9d4b4a1b667dd,bengali,fake,rvc,rvc_fixed_067_Jonomo Morono Hobe Nibarono.mp3_22k.wav,47,10
321b020863825a88a354300b8cdc4b76,bengali,fake,rvc,rvc_fixed_067_Jonomo Morono Hobe Nibarono.mp3_22k.wav,48,10
c6b63807b6b0b65db7ad1756f6cce692,bengali,fake,rvc,rvc_fixed_067_Jonomo Morono Hobe Nibarono.mp3_22k.wav,49,10
bd0423d9aaccf9c8adb7191fbfc9ce2d,bengali,fake,rvc,rvc_fixed_067_Jonomo Morono Hobe Nibarono.mp3_22k.wav,50,10
be9b09ed0f963dab0c0797415c57018e,bengali,fake,rvc,rvc_fixed_067_Jonomo Morono Hobe Nibarono.mp3_22k.wav,51,10
8d63a4a6a90748a1f6a835c0665f5aaf,bengali,fake,rvc,rvc_fixed_067_Jonomo Morono Hobe Nibarono.mp3_22k.wav,52,10
300183e4171593630d24033765cebff8,bengali,fake,rvc,rvc_fixed_067_Jonomo Morono Hobe Nibarono.mp3_22k.wav,53,10
cd76a1698701ffa6e937c32f089960ad,bengali,fake,rvc,rvc_fixed_067_Jonomo Morono Hobe Nibarono.mp3_22k.wav,54,10
ae17b3f4320189f28983cf90136acde3,bengali,fake,rvc,rvc_fixed_067_Jonomo Morono Hobe Nibarono.mp3_22k.wav,55,10
c0ea3c3282fc8fbc2fb8979fb96fbf41,bengali,fake,rvc,rvc_fixed_067_Jonomo Morono Hobe Nibarono.mp3_22k.wav,56,10
d0f60d724bc1356bf00dfa11b9f05e24,bengali,fake,rvc,rvc_fixed_067_Jonomo Morono Hobe Nibarono.mp3_22k.wav,57,10
187152a33affadf5d23a3ea17404d4c3,bengali,fake,rvc,rvc_fixed_067_Jonomo Morono Hobe Nibarono.mp3_22k.wav,58,10
6ec935061948a9a81d2cb6a4a2997f7d,bengali,fake,rvc,rvc_fixed_067_Jonomo Morono Hobe Nibarono.mp3_22k.wav,59,10
2f54713d4a433de4566c71efe3a6eb4d,bengali,fake,rvc,rvc_fixed_067_Jonomo Morono Hobe Nibarono.mp3_22k.wav,60,10
a4e3a61073b77b09f03ea9b684498560,bengali,fake,rvc,rvc_fixed_067_Jonomo Morono Hobe Nibarono.mp3_22k.wav,61,10
ab2659a6e2c9714540d6c261cbf8bf7a,bengali,fake,rvc,rvc_fixed_067_Jonomo Morono Hobe Nibarono.mp3_22k.wav,62,10
3117727e9e37dcd8af73340ecd1d41c0,bengali,fake,rvc,rvc_fixed_067_Jonomo Morono Hobe Nibarono.mp3_22k.wav,63,10
fe995dfb59b6d7894c255eab6dd734c2,bengali,fake,rvc,rvc_fixed_067_Jonomo Morono Hobe Nibarono.mp3_22k.wav,64,10
f97984e43027368b90844107b7029546,bengali,fake,rvc,rvc_fixed_067_Jonomo Morono Hobe Nibarono.mp3_22k.wav,65,10
472f59c23f326651324a45c6434524be,bengali,fake,rvc,rvc_fixed_067_Jonomo Morono Hobe Nibarono.mp3_22k.wav,66,10
d7087427fdce62db8a62ed76e948c37b,bengali,fake,rvc,rvc_fixed_067_Jonomo Morono Hobe Nibarono.mp3_22k.wav,67,10
b0f3e62958f8c4bb532ca2e66aab3041,bengali,fake,rvc,rvc_fixed_067_Jonomo Morono Hobe Nibarono.mp3_22k.wav,68,10
ac67987b4590cd9c0bdeefd5617b8926,bengali,fake,rvc,rvc_fixed_067_Jonomo Morono Hobe Nibarono.mp3_22k.wav,69,10
85960d6290d79ebed962ab753df2ad89,bengali,fake,rvc,rvc_fixed_067_Jonomo Morono Hobe Nibarono.mp3_22k.wav,70,10
0fc3bf0350a08d33d50820378eab309c,bengali,fake,rvc,rvc_fixed_067_Jonomo Morono Hobe Nibarono.mp3_22k.wav,71,10
4d8ae95cc8874d7467a0d8fcbb2ad76e,bengali,fake,rvc,rvc_fixed_067_Jonomo Morono Hobe Nibarono.mp3_22k.wav,72,10
a3d3f49198bfb0c81d9145fc591c9304,bengali,fake,rvc,rvc_fixed_067_Jonomo Morono Hobe Nibarono.mp3_22k.wav,73,10
688db54cb840662660c4bc22e8dcafdb,bengali,fake,rvc,rvc_fixed_067_Jonomo Morono Hobe Nibarono.mp3_22k.wav,74,10
2b78c57da3ef2eaea14abb72847238c5,bengali,fake,rvc,rvc_fixed_067_Jonomo Morono Hobe Nibarono.mp3_22k.wav,75,10
3589081bb87b450ff512df3c9ca33af6,bengali,fake,rvc,rvc_fixed_067_Jonomo Morono Hobe Nibarono.mp3_22k.wav,76,10
afee6073e82cbcfe802484f8177566f6,bengali,fake,rvc,rvc_fixed_067_Jonomo Morono Hobe Nibarono.mp3_22k.wav,77,10
5244d15cde9bcd161ac3b070834fe21a,bengali,fake,rvc,rvc_fixed_067_Jonomo Morono Hobe Nibarono.mp3_22k.wav,78,10
97947245472cb761a7d1aaa97cbeef96,bengali,fake,rvc,rvc_fixed_067_Jonomo Morono Hobe Nibarono.mp3_22k.wav,79,10
42ecee5e48e8fd8182cf5b58e1e5aedd,bengali,fake,rvc,rvc_fixed_067_Jonomo Morono Hobe Nibarono.mp3_22k.wav,80,10
4d591f16b4a906aa1dabc3e4594520e8,bengali,fake,rvc,rvc_fixed_067_Jonomo Morono Hobe Nibarono.mp3_22k.wav,81,10
96c3d8705ca2017a16b328d48c4c72c5,bengali,fake,rvc,rvc_fixed_067_Jonomo Morono Hobe Nibarono.mp3_22k.wav,82,10
6f0f72fa7c91c7a65e4641bbf3d98f04,bengali,fake,rvc,rvc_fixed_067_Jonomo Morono Hobe Nibarono.mp3_22k.wav,83,10
d5bb0d9026771401a854cecaa13e0b3b,bengali,fake,rvc,rvc_fixed_067_Jonomo Morono Hobe Nibarono.mp3_22k.wav,84,10
34289cffe74be5f7e66bc14a682a38c8,bengali,fake,rvc,rvc_fixed_067_Jonomo Morono Hobe Nibarono.mp3_22k.wav,85,10
5640ae386d9954b1123fdd40aeb808b9,bengali,fake,rvc,rvc_fixed_067_Jonomo Morono Hobe Nibarono.mp3_22k.wav,86,10
59a76a108335ec83da34cee7a46849c4,bengali,fake,rvc,rvc_fixed_067_Jonomo Morono Hobe Nibarono.mp3_22k.wav,87,10
a13b7036f1fd9126d7c04d538e83f95a,bengali,fake,rvc,rvc_fixed_067_Jonomo Morono Hobe Nibarono.mp3_22k.wav,88,10
f47567d1421bdeb3b4d033dbfd049827,bengali,fake,rvc,rvc_fixed_067_Jonomo Morono Hobe Nibarono.mp3_22k.wav,89,10
ecd792a2d2a0354fea33ff65baa189a0,bengali,fake,rvc,rvc_fixed_067_Jonomo Morono Hobe Nibarono.mp3_22k.wav,90,10
a971663dacb5c96dae30ba35f78f4d4d,bengali,fake,rvc,rvc_fixed_067_Jonomo Morono Hobe Nibarono.mp3_22k.wav,91,10
7946d2d5392d72086973a2894cc30d1e,bengali,fake,rvc,rvc_fixed_067_Jonomo Morono Hobe Nibarono.mp3_22k.wav,92,10
47ba877491fcaf3f7611527a8d9ec66d,bengali,fake,rvc,rvc_fixed_067_Jonomo Morono Hobe Nibarono.mp3_22k.wav,93,10
4d0944b5ddd0b53264595c08809064da,bengali,fake,rvc,rvc_fixed_067_Jonomo Morono Hobe Nibarono.mp3_22k.wav,94,10
05b53dafc101d9f6e16376a54f81a948,bengali,fake,rvc,rvc_fixed_067_Jonomo Morono Hobe Nibarono.mp3_22k.wav,95,10
c527a7e79b896c2a9d60c24acb4ebcc0,bengali,fake,rvc,rvc_fixed_067_Jonomo Morono Hobe Nibarono.mp3_22k.wav,96,10
2f09b5909ac0638cb71a6b86fba2df82,bengali,fake,rvc,rvc_fixed_067_Jonomo Morono Hobe Nibarono.mp3_22k.wav,97,10
482ad470480934197fda613bb32587b1,bengali,fake,rvc,rvc_fixed_067_Jonomo Morono Hobe Nibarono.mp3_22k.wav,98,10
245dcd87eb46da71080d63b0c7e074fb,bengali,fake,rvc,rvc_fixed_067_Jonomo Morono Hobe Nibarono.mp3_22k.wav,99,10
c4a9a504eeb72e6edba176446375d7a1,bengali,fake,rvc,rvc_fixed_067_Jonomo Morono Hobe Nibarono.mp3_22k.wav,100,10
526917927bc0a3ccb7f772c607eb4e5b,bengali,fake,rvc,rvc_fixed_067_Jonomo Morono Hobe Nibarono.mp3_22k.wav,101,10
cb3435abb52486aa5a03b7516fb0a251,bengali,fake,rvc,rvc_fixed_067_Jonomo Morono Hobe Nibarono.mp3_22k.wav,102,10
dd7b646f4e62f07a7ddd8c4e0e567a60,bengali,fake,rvc,rvc_fixed_067_Jonomo Morono Hobe Nibarono.mp3_22k.wav,103,10
0efd3f93b425d55e8d5077ed6d9265a4,bengali,fake,rvc,rvc_fixed_067_Jonomo Morono Hobe Nibarono.mp3_22k.wav,104,10
8d8e22554573c55e8cbb95ec2e49225a,bengali,fake,rvc,rvc_fixed_067_Jonomo Morono Hobe Nibarono.mp3_22k.wav,105,10
13ef7184db64735ff3adc963abe56d1b,bengali,fake,rvc,rvc_fixed_067_Jonomo Morono Hobe Nibarono.mp3_22k.wav,106,10
afa0d02298490084bad26ad175d428a5,bengali,fake,rvc,rvc_fixed_067_Jonomo Morono Hobe Nibarono.mp3_22k.wav,107,10
1182bbe019cdf2cfc1b68fe95257589f,bengali,fake,rvc,rvc_fixed_067_Jonomo Morono Hobe Nibarono.mp3_22k.wav,108,10
4a051e9bf5b595572035a4788e70da72,bengali,fake,rvc,rvc_fixed_067_Jonomo Morono Hobe Nibarono.mp3_22k.wav,109,10
c14425603b37e5c6b6fd9ab19e225fc0,bengali,fake,rvc,rvc_fixed_067_Jonomo Morono Hobe Nibarono.mp3_22k.wav,110,10
2cd408fa6711b05a074a243ae0965b17,bengali,fake,rvc,rvc_fixed_067_Jonomo Morono Hobe Nibarono.mp3_22k.wav,111,10
fa281bd7bca4fd35a590e602b7bb04e5,bengali,fake,rvc,rvc_fixed_067_Jonomo Morono Hobe Nibarono.mp3_22k.wav,112,10
ed9d20e77710f116f13bf7b61481fc81,bengali,fake,rvc,rvc_fixed_067_Jonomo Morono Hobe Nibarono.mp3_22k.wav,113,10
9471a247524b686ccc4fd3ce804c8039,bengali,fake,rvc,rvc_fixed_067_Jonomo Morono Hobe Nibarono.mp3_22k.wav,114,10
34438ac160e1c4b3c06674d0f8471526,bengali,fake,rvc,rvc_fixed_067_Jonomo Morono Hobe Nibarono.mp3_22k.wav,115,10
f33c26c2324a06ce2021e2f3a7c5f496,bengali,fake,rvc,rvc_fixed_067_Jonomo Morono Hobe Nibarono.mp3_22k.wav,116,10
29fab7d638565517f866d0bcfe281a15,bengali,fake,rvc,rvc_fixed_067_Jonomo Morono Hobe Nibarono.mp3_22k.wav,117,10
ab09c8de307693247c88ec9860e545c2,bengali,fake,rvc,rvc_fixed_067_Jonomo Morono Hobe Nibarono.mp3_22k.wav,118,10
9c4d5f1fcd6291990d66a9fe24c6a723,bengali,fake,rvc,rvc_fixed_067_Jonomo Morono Hobe Nibarono.mp3_22k.wav,119,10
bd1e9c65f84c1c71bcbc93124ad585e0,bengali,fake,rvc,rvc_fixed_067_Jonomo Morono Hobe Nibarono.mp3_22k.wav,120,10
63f50e7c30bfde6b58eb6102f04e9a2b,bengali,fake,rvc,rvc_fixed_067_Jonomo Morono Hobe Nibarono.mp3_22k.wav,121,10
c2c85e32145d654690ba98482077b78a,bengali,fake,rvc,rvc_fixed_067_Jonomo Morono Hobe Nibarono.mp3_22k.wav,122,10
87b92cf4266569f543e54162c40c6fe4,bengali,fake,rvc,rvc_fixed_067_Jonomo Morono Hobe Nibarono.mp3_22k.wav,123,10
71af5d072582201ea6f5dead77090cbb,bengali,fake,rvc,rvc_fixed_067_Jonomo Morono Hobe Nibarono.mp3_22k.wav,124,10
11adcefd88a9415ffda471dedb39529a,bengali,fake,rvc,rvc_fixed_067_Jonomo Morono Hobe Nibarono.mp3_22k.wav,125,10
b979cd875e253a31dcc6bda3f54fc75a,bengali,fake,rvc,rvc_fixed_067_Jonomo Morono Hobe Nibarono.mp3_22k.wav,126,10
463d30f70d57aa75b08fa357a02d01c8,bengali,fake,rvc,rvc_fixed_067_Jonomo Morono Hobe Nibarono.mp3_22k.wav,127,10
666f78b02856a40d65bc52be86edefcb,bengali,fake,rvc,rvc_fixed_067_Jonomo Morono Hobe Nibarono.mp3_22k.wav,128,10
146d0b315e5855bc63ad513b8279b390,bengali,fake,rvc,rvc_fixed_067_Jonomo Morono Hobe Nibarono.mp3_22k.wav,129,10
9184f0d8e9b407c9f458a7a03d41d764,bengali,fake,rvc,rvc_fixed_067_Jonomo Morono Hobe Nibarono.mp3_22k.wav,130,10
21a92392faf316b86cb7e9d785e76853,bengali,fake,rvc,rvc_fixed_067_Jonomo Morono Hobe Nibarono.mp3_22k.wav,131,10
2a032c23c13daf720b03cf9f504fad7a,bengali,fake,rvc,rvc_fixed_067_Jonomo Morono Hobe Nibarono.mp3_22k.wav,132,10
92c8836eaa19b4e0b7e005700aa93f21,bengali,fake,rvc,rvc_fixed_067_Jonomo Morono Hobe Nibarono.mp3_22k.wav,133,10
c150cbd59aacf5596af4c5875eec26e8,bengali,fake,rvc,rvc_fixed_067_Jonomo Morono Hobe Nibarono.mp3_22k.wav,134,10
557535b01c16e81058802845cad2cc3d,bengali,fake,rvc,rvc_fixed_067_Jonomo Morono Hobe Nibarono.mp3_22k.wav,135,10
23ed914c60ed389f727b9da5c830306a,bengali,fake,rvc,rvc_fixed_067_Jonomo Morono Hobe Nibarono.mp3_22k.wav,136,10
9c8d950db65c6581ce10d85f873b62b2,bengali,fake,rvc,rvc_fixed_067_Jonomo Morono Hobe Nibarono.mp3_22k.wav,137,10
2437979a3a485ef1fa997039dbf222ca,bengali,fake,rvc,rvc_fixed_067_Jonomo Morono Hobe Nibarono.mp3_22k.wav,138,10
a48155827d6dbc8a0c812317398d5f25,bengali,fake,rvc,rvc_fixed_067_Jonomo Morono Hobe Nibarono.mp3_22k.wav,139,10
462d388a7acfbd1231e35fcde1e369f5,bengali,fake,rvc,rvc_fixed_067_Jonomo Morono Hobe Nibarono.mp3_22k.wav,140,10
4ee4b35ad9091d86a530c8d941a385fe,bengali,fake,rvc,rvc_fixed_067_Jonomo Morono Hobe Nibarono.mp3_22k.wav,141,10
72cf908860a111c1c0d15f40af3781ea,bengali,fake,rvc,rvc_fixed_067_Jonomo Morono Hobe Nibarono.mp3_22k.wav,142,10
0593317bf1d1b762efcbe3f23f5edf68,bengali,fake,rvc,rvc_fixed_067_Jonomo Morono Hobe Nibarono.mp3_22k.wav,143,10
3e2ab1f15bfdc998e2e2dd90876614a5,bengali,fake,rvc,rvc_fixed_067_Jonomo Morono Hobe Nibarono.mp3_22k.wav,144,10
05e6cb09350a42c2f551565b8025395a,bengali,fake,rvc,rvc_fixed_067_Jonomo Morono Hobe Nibarono.mp3_22k.wav,145,10
822222f3bb26f21f769c9c6f6e5c60de,bengali,fake,rvc,rvc_fixed_067_Jonomo Morono Hobe Nibarono.mp3_22k.wav,146,10
5775e3a28bda258195297241d542ec18,bengali,fake,rvc,rvc_fixed_067_Jonomo Morono Hobe Nibarono.mp3_22k.wav,147,10
074f49620633a3cbd3d11929f8ca9637,bengali,fake,rvc,rvc_fixed_067_Jonomo Morono Hobe Nibarono.mp3_22k.wav,148,10
603a2774e8473a97cf2c8bc04e19d8eb,bengali,fake,rvc,rvc_fixed_067_Jonomo Morono Hobe Nibarono.mp3_22k.wav,149,10
5ff3c03095173e9e6c69e3f9edd2659a,bengali,fake,rvc,rvc_fixed_067_Jonomo Morono Hobe Nibarono.mp3_22k.wav,150,10
25073010c8db2bc3fcea94d88310f107,bengali,fake,rvc,rvc_fixed_067_Jonomo Morono Hobe Nibarono.mp3_22k.wav,151,10
b29d483175f5b10a6d9e78cba2f73f55,bengali,fake,rvc,rvc_fixed_067_Jonomo Morono Hobe Nibarono.mp3_22k.wav,152,10
3d431f9b858c98df8dc98fb99941c8c2,bengali,fake,rvc,rvc_fixed_068_Ami Tomar Lageya Re.mp3_22k.wav,0,10
08daf9ac2bcc2816cff237cd7526acfa,bengali,fake,rvc,rvc_fixed_068_Ami Tomar Lageya Re.mp3_22k.wav,1,10
d656108fe20849e845a6ca9e953c88e9,bengali,fake,rvc,rvc_fixed_068_Ami Tomar Lageya Re.mp3_22k.wav,2,10
19bfbddc7bf7cfdef0f788398f080ab7,bengali,fake,rvc,rvc_fixed_068_Ami Tomar Lageya Re.mp3_22k.wav,3,10
4c72b9ef0a95579374d1d16af4446a16,bengali,fake,rvc,rvc_fixed_068_Ami Tomar Lageya Re.mp3_22k.wav,4,10
6daf49ff4f4a8b69e861f29d3faf783d,bengali,fake,rvc,rvc_fixed_068_Ami Tomar Lageya Re.mp3_22k.wav,5,10
e0dffa324685d573e5dfb1b8259057b6,bengali,fake,rvc,rvc_fixed_068_Ami Tomar Lageya Re.mp3_22k.wav,6,10
c09f0189f7f51b398bb3d9aa5c71b676,bengali,fake,rvc,rvc_fixed_068_Ami Tomar Lageya Re.mp3_22k.wav,7,10
549b946d8006d97c6518c413a012a80b,bengali,fake,rvc,rvc_fixed_068_Ami Tomar Lageya Re.mp3_22k.wav,8,10
65bc5213a5d4286bdbdb26a0a7305ed5,bengali,fake,rvc,rvc_fixed_068_Ami Tomar Lageya Re.mp3_22k.wav,9,10
c79046b48efd9bfc961d50611f3a972a,bengali,fake,rvc,rvc_fixed_068_Ami Tomar Lageya Re.mp3_22k.wav,10,10
582780225b1065caedfc4dc2f42d9def,bengali,fake,rvc,rvc_fixed_068_Ami Tomar Lageya Re.mp3_22k.wav,11,10
e442d8acfc81ccd4a06183eea308e961,bengali,fake,rvc,rvc_fixed_068_Ami Tomar Lageya Re.mp3_22k.wav,12,10
e1375bfc048e2872acdbd673b1b6dc3d,bengali,fake,rvc,rvc_fixed_068_Ami Tomar Lageya Re.mp3_22k.wav,13,10
9f32375cf8184f28605930acbd9f7779,bengali,fake,rvc,rvc_fixed_068_Ami Tomar Lageya Re.mp3_22k.wav,14,10
eb967bc00c6be0f7d6859ffcf3544cba,bengali,fake,rvc,rvc_fixed_068_Ami Tomar Lageya Re.mp3_22k.wav,15,10
f4ce774d267c370a698f351faaf807f7,bengali,fake,rvc,rvc_fixed_068_Ami Tomar Lageya Re.mp3_22k.wav,16,10
52066fcb9c9c4a162c009e16413f3ad6,bengali,fake,rvc,rvc_fixed_068_Ami Tomar Lageya Re.mp3_22k.wav,17,10
d6bacc8d0ebf4c1fdb00414d6e8c2a6f,bengali,fake,rvc,rvc_fixed_068_Ami Tomar Lageya Re.mp3_22k.wav,18,10
b358f6a653dc29f14bce7cc26168833b,bengali,fake,rvc,rvc_fixed_068_Ami Tomar Lageya Re.mp3_22k.wav,19,10
b3766ac7d4684a1908ec09b758e955f0,bengali,fake,rvc,rvc_fixed_068_Ami Tomar Lageya Re.mp3_22k.wav,20,10
2c87c5862dad27379ff836bbcd295605,bengali,fake,rvc,rvc_fixed_068_Ami Tomar Lageya Re.mp3_22k.wav,21,10
e9373866139eeaa3f357b5c62a9d5453,bengali,fake,rvc,rvc_fixed_068_Ami Tomar Lageya Re.mp3_22k.wav,22,10
1aad9dbe11444e572cb87100691694cc,bengali,fake,rvc,rvc_fixed_068_Ami Tomar Lageya Re.mp3_22k.wav,23,10
f7d23e618ea6e59a4d8e04e0a9459039,bengali,fake,rvc,rvc_fixed_068_Ami Tomar Lageya Re.mp3_22k.wav,24,10
31bb34b010633f5942a4fb05e11e8cea,bengali,fake,rvc,rvc_fixed_068_Ami Tomar Lageya Re.mp3_22k.wav,25,10
90e577cba5aadf67a374674bd6003577,bengali,fake,rvc,rvc_fixed_068_Ami Tomar Lageya Re.mp3_22k.wav,26,10
413dd55fa2943a92c019aeac8d24657e,bengali,fake,rvc,rvc_fixed_068_Ami Tomar Lageya Re.mp3_22k.wav,27,10
43a339d36512842b2133b13c75e09071,bengali,fake,rvc,rvc_fixed_068_Ami Tomar Lageya Re.mp3_22k.wav,28,10
ea41bd1b367aaca490df01765ebd3584,bengali,fake,rvc,rvc_fixed_068_Ami Tomar Lageya Re.mp3_22k.wav,29,10
96ea1e4324fabf08100734aaf7dcb8a4,bengali,fake,rvc,rvc_fixed_068_Ami Tomar Lageya Re.mp3_22k.wav,30,10
52f9e458f072e1f98016614c1bf0bea5,bengali,fake,rvc,rvc_fixed_068_Ami Tomar Lageya Re.mp3_22k.wav,31,10
bb75323ea60ea1d3b955ab3a270476ca,bengali,fake,rvc,rvc_fixed_068_Ami Tomar Lageya Re.mp3_22k.wav,32,10
a17e008eeecf2d9eed4af4a92d0edcc9,bengali,fake,rvc,rvc_fixed_068_Ami Tomar Lageya Re.mp3_22k.wav,33,10
90857b650db1e2b87a9b966cbcea05ee,bengali,fake,rvc,rvc_fixed_068_Ami Tomar Lageya Re.mp3_22k.wav,34,10
ac9c364c232f9a450fa230c2c65b7e94,bengali,fake,rvc,rvc_fixed_068_Ami Tomar Lageya Re.mp3_22k.wav,35,10
47ea3d82bd999d9b6518d25d245bc12c,bengali,fake,rvc,rvc_fixed_068_Ami Tomar Lageya Re.mp3_22k.wav,36,10
01e609c93546f8e72e590fe25c587de0,bengali,fake,rvc,rvc_fixed_068_Ami Tomar Lageya Re.mp3_22k.wav,37,10
6cf683ebe521ec6e6619d6c113ee9120,bengali,fake,rvc,rvc_fixed_068_Ami Tomar Lageya Re.mp3_22k.wav,38,10
c13dc55eaabdd8f5997b793d43c35ef4,bengali,fake,rvc,rvc_fixed_068_Ami Tomar Lageya Re.mp3_22k.wav,39,10
87fa354cc4d5d12ca938e807321d1a01,bengali,fake,rvc,rvc_fixed_068_Ami Tomar Lageya Re.mp3_22k.wav,40,10
58e1cf4048930ea548387a6292eea8f4,bengali,fake,rvc,rvc_fixed_068_Ami Tomar Lageya Re.mp3_22k.wav,41,10
7886c3ab8eec0b59fe54221e1f697b74,bengali,fake,rvc,rvc_fixed_068_Ami Tomar Lageya Re.mp3_22k.wav,42,10
a9b47ee02eb9fddccb1e3f8b38ae3b2a,bengali,fake,rvc,rvc_fixed_068_Ami Tomar Lageya Re.mp3_22k.wav,43,10
01d94b382dfdf642c152984129d000ba,bengali,fake,rvc,rvc_fixed_068_Ami Tomar Lageya Re.mp3_22k.wav,44,10
70877d781e3ac5c0ebf011d7ba4e2f08,bengali,fake,rvc,rvc_fixed_068_Ami Tomar Lageya Re.mp3_22k.wav,45,10
89be2035a64e7bc596becce9a8256d2b,bengali,fake,rvc,rvc_fixed_068_Ami Tomar Lageya Re.mp3_22k.wav,46,10
65a8d8b71823bb6751f1dbf5e6c9f605,bengali,fake,rvc,rvc_fixed_068_Ami Tomar Lageya Re.mp3_22k.wav,47,10
e43dcd342ab68388b92e048ea7d6a954,bengali,fake,rvc,rvc_fixed_068_Ami Tomar Lageya Re.mp3_22k.wav,48,10
1a8e4a5945bf7ac2254295e9e3822fbd,bengali,fake,rvc,rvc_fixed_068_Ami Tomar Lageya Re.mp3_22k.wav,49,10
e5fb03d0226eea7a6538983d65cb5bda,bengali,fake,rvc,rvc_fixed_068_Ami Tomar Lageya Re.mp3_22k.wav,50,10
e88c331f5f607d7bdf9fde3e0a3ec160,bengali,fake,rvc,rvc_fixed_068_Ami Tomar Lageya Re.mp3_22k.wav,51,10
83c4fe47a7b79665cce2391282c7717a,bengali,fake,rvc,rvc_fixed_068_Ami Tomar Lageya Re.mp3_22k.wav,52,10
03a3dd0c3571152a61ac502388384adc,bengali,fake,rvc,rvc_fixed_068_Ami Tomar Lageya Re.mp3_22k.wav,53,10
5deb20192e068fef2238969b8fc29d40,bengali,fake,rvc,rvc_fixed_068_Ami Tomar Lageya Re.mp3_22k.wav,54,10
8d88d2245156e94e3bc5687afa773a98,bengali,fake,rvc,rvc_fixed_068_Ami Tomar Lageya Re.mp3_22k.wav,55,10
23ebfedc96293dd4adb8c728bfc286d1,bengali,fake,rvc,rvc_fixed_068_Ami Tomar Lageya Re.mp3_22k.wav,56,10
3fa152e6513805aa4224fe67c4c5eaa5,bengali,fake,rvc,rvc_fixed_068_Ami Tomar Lageya Re.mp3_22k.wav,57,10
3a927c4aee070361544945b73a62614a,bengali,fake,rvc,rvc_fixed_068_Ami Tomar Lageya Re.mp3_22k.wav,58,10
7d3dec323c9bd26d4ca3c099026af5db,bengali,fake,rvc,rvc_fixed_068_Ami Tomar Lageya Re.mp3_22k.wav,59,10
607b1660e71ee0d56a93c194cae4a7a4,bengali,fake,rvc,rvc_fixed_068_Ami Tomar Lageya Re.mp3_22k.wav,60,10
eab186837969f9ebc74b14fcf84ef331,bengali,fake,rvc,rvc_fixed_068_Ami Tomar Lageya Re.mp3_22k.wav,61,10
0028a82c8c5b5442e23a6cfc0978c93b,bengali,fake,rvc,rvc_fixed_068_Ami Tomar Lageya Re.mp3_22k.wav,62,10
cec4e6e8d65ebf702ae3adbacf3b67d3,bengali,fake,rvc,rvc_fixed_068_Ami Tomar Lageya Re.mp3_22k.wav,63,10
bd4adbb2f462596912f4e3d4cc371f33,bengali,fake,rvc,rvc_fixed_068_Ami Tomar Lageya Re.mp3_22k.wav,64,10
ce164ad3649b2ec09d15dde520b2b69c,bengali,fake,rvc,rvc_fixed_068_Ami Tomar Lageya Re.mp3_22k.wav,65,10
b856b380c6f1c1a50350a8770f2fd000,bengali,fake,rvc,rvc_fixed_068_Ami Tomar Lageya Re.mp3_22k.wav,66,10
a05cf809c2445f0680eeb1f0f11223e6,bengali,fake,rvc,rvc_fixed_068_Ami Tomar Lageya Re.mp3_22k.wav,67,10
d5b7f96645fd471ef2eb90745ef70c97,bengali,fake,rvc,rvc_fixed_068_Ami Tomar Lageya Re.mp3_22k.wav,68,10
51f5829a9688e0e1695dd147ebe4d354,bengali,fake,rvc,rvc_fixed_068_Ami Tomar Lageya Re.mp3_22k.wav,69,10
e537730a707446f04b8b6946212e5980,bengali,fake,rvc,rvc_fixed_068_Ami Tomar Lageya Re.mp3_22k.wav,70,10
e93254b57b17b96038d1e0cf40384fc5,bengali,fake,rvc,rvc_fixed_068_Ami Tomar Lageya Re.mp3_22k.wav,71,10
81790310f2ad866415ff32e631177cef,bengali,fake,rvc,rvc_fixed_069_Aaji Milan Basar Priya.mp3_22k.wav,0,10
974cc7b7593b4e0b715c5e4c4a7194a7,bengali,fake,rvc,rvc_fixed_069_Aaji Milan Basar Priya.mp3_22k.wav,1,10
feaedfacf9898e6de348e4a112d9aeb2,bengali,fake,rvc,rvc_fixed_069_Aaji Milan Basar Priya.mp3_22k.wav,2,10
5357574b2d7fb002d432b735a48c0a2d,bengali,fake,rvc,rvc_fixed_069_Aaji Milan Basar Priya.mp3_22k.wav,3,10
03ce617e4fc527a74cd510d13b1e30b3,bengali,fake,rvc,rvc_fixed_069_Aaji Milan Basar Priya.mp3_22k.wav,4,10
a08575c9d0d34ebf2c108d84a9aaf47f,bengali,fake,rvc,rvc_fixed_069_Aaji Milan Basar Priya.mp3_22k.wav,5,10
d35d0dc549ca299de1e50c8845a16a92,bengali,fake,rvc,rvc_fixed_069_Aaji Milan Basar Priya.mp3_22k.wav,6,10
2cea78c238d1303a775895b7fe864167,bengali,fake,rvc,rvc_fixed_069_Aaji Milan Basar Priya.mp3_22k.wav,7,10
1f0f0a0e7e4572609e123d3fe23b5473,bengali,fake,rvc,rvc_fixed_069_Aaji Milan Basar Priya.mp3_22k.wav,8,10
46446057b794ce8c5cb05f56b80b1be8,bengali,fake,rvc,rvc_fixed_069_Aaji Milan Basar Priya.mp3_22k.wav,9,10
e2d7e98b80e6f45ecde643c31c6fa64d,bengali,fake,rvc,rvc_fixed_069_Aaji Milan Basar Priya.mp3_22k.wav,10,10
5cd4813c3630403adece45b1e0bc3a65,bengali,fake,rvc,rvc_fixed_069_Aaji Milan Basar Priya.mp3_22k.wav,11,10
1ee603925d891c2f6e08f2f520118ac3,bengali,fake,rvc,rvc_fixed_069_Aaji Milan Basar Priya.mp3_22k.wav,12,10
adfb9b0e3f877b0801387872ffd962d8,bengali,fake,rvc,rvc_fixed_069_Aaji Milan Basar Priya.mp3_22k.wav,13,10
d91e19753f528e4c17441cc0cf10afce,bengali,fake,rvc,rvc_fixed_069_Aaji Milan Basar Priya.mp3_22k.wav,14,10
642dce4c36476b286d5fb748bc983db1,bengali,fake,rvc,rvc_fixed_069_Aaji Milan Basar Priya.mp3_22k.wav,15,10
96adc7808e4b63d4f80efb94f6664f22,bengali,fake,rvc,rvc_fixed_069_Aaji Milan Basar Priya.mp3_22k.wav,16,10
f2ee86807a188a3b0938659f8c81c8b7,bengali,fake,rvc,rvc_fixed_069_Aaji Milan Basar Priya.mp3_22k.wav,17,10
82fbb50a56b55cac6152367565f16bb0,bengali,fake,rvc,rvc_fixed_069_Aaji Milan Basar Priya.mp3_22k.wav,18,10
10a4f4e6c83dcde2fe7f4607f32d4ad0,bengali,fake,rvc,rvc_fixed_069_Aaji Milan Basar Priya.mp3_22k.wav,19,10
ceb8febb5f3d179948ecee1b6e893dd0,bengali,fake,rvc,rvc_fixed_069_Aaji Milan Basar Priya.mp3_22k.wav,20,10
8ce7f833799ef085d9eb271ec8f011eb,bengali,fake,rvc,rvc_fixed_069_Aaji Milan Basar Priya.mp3_22k.wav,21,10
b41ec6521702eb87d754866970b5b4b7,bengali,fake,rvc,rvc_fixed_069_Aaji Milan Basar Priya.mp3_22k.wav,22,10
2c23bb8dfc822bb7abac1034993095a3,bengali,fake,rvc,rvc_fixed_069_Aaji Milan Basar Priya.mp3_22k.wav,23,10
2e26c629b5b38e28c2605535329df7ce,bengali,fake,rvc,rvc_fixed_069_Aaji Milan Basar Priya.mp3_22k.wav,24,10
37f6599677794ef6885079885d9d0fb4,bengali,fake,rvc,rvc_fixed_069_Aaji Milan Basar Priya.mp3_22k.wav,25,10
11aea68376ff5436130756319ba77697,bengali,fake,rvc,rvc_fixed_069_Aaji Milan Basar Priya.mp3_22k.wav,26,10
5ffe72423139de59cc0c32269dcaad68,bengali,fake,rvc,rvc_fixed_069_Aaji Milan Basar Priya.mp3_22k.wav,27,10
c3e42489ce5b51b978318dc728cbaa06,bengali,fake,rvc,rvc_fixed_069_Aaji Milan Basar Priya.mp3_22k.wav,28,10
a685d269ca4ec44186502c5805bea5ee,bengali,fake,rvc,rvc_fixed_069_Aaji Milan Basar Priya.mp3_22k.wav,29,10
4eb3258bfa2303a15ba8e09b08869c56,bengali,fake,rvc,rvc_fixed_069_Aaji Milan Basar Priya.mp3_22k.wav,30,10
6074802a31a5a57b3e257334ec88d7e9,bengali,fake,rvc,rvc_fixed_069_Aaji Milan Basar Priya.mp3_22k.wav,31,10
d1837396f24426309b4f3fe57483a8bf,bengali,fake,rvc,rvc_fixed_069_Aaji Milan Basar Priya.mp3_22k.wav,32,10
a53b530556b93925e9412008e632091d,bengali,fake,rvc,rvc_fixed_069_Aaji Milan Basar Priya.mp3_22k.wav,33,10
6b454fd2f6bdc47ea8762cd27d608c68,bengali,fake,rvc,rvc_fixed_069_Aaji Milan Basar Priya.mp3_22k.wav,34,10
3d813606c86451ea4db834e0530d7f6d,bengali,fake,rvc,rvc_fixed_069_Aaji Milan Basar Priya.mp3_22k.wav,35,10
bb632dcc29b14823ff821c695b5864dd,bengali,fake,rvc,rvc_fixed_069_Aaji Milan Basar Priya.mp3_22k.wav,36,10
24987f5ff8aa7d39a2cb8af8b01e77d5,bengali,fake,rvc,rvc_fixed_069_Aaji Milan Basar Priya.mp3_22k.wav,37,10
427d140a96845d67da66dfc5e6312609,bengali,fake,rvc,rvc_fixed_069_Aaji Milan Basar Priya.mp3_22k.wav,38,10
b317a8d2858be6c72ed53e4d41a43a60,bengali,fake,rvc,rvc_fixed_069_Aaji Milan Basar Priya.mp3_22k.wav,39,10
92cda091809000cf1c8a827d7f1ac5ed,bengali,fake,rvc,rvc_fixed_069_Aaji Milan Basar Priya.mp3_22k.wav,40,10
0719cb618407f6894707b5b3f955b6af,bengali,fake,rvc,rvc_fixed_069_Aaji Milan Basar Priya.mp3_22k.wav,41,10
83000bafd5382af42343e3fb32b4d8b4,bengali,fake,rvc,rvc_fixed_069_Aaji Milan Basar Priya.mp3_22k.wav,42,10
6cba2a6ed49fffb75c9411a34ec98778,bengali,fake,rvc,rvc_fixed_069_Aaji Milan Basar Priya.mp3_22k.wav,43,10
5ed0ed5bdce238c5f7d65b9a41944a82,bengali,fake,rvc,rvc_fixed_069_Aaji Milan Basar Priya.mp3_22k.wav,44,10
06602c41ccc5f59fce92f1bc6db7da79,bengali,fake,rvc,rvc_fixed_069_Aaji Milan Basar Priya.mp3_22k.wav,45,10
44cdcef3ce04a19f781b40dc584a7b97,bengali,fake,rvc,rvc_fixed_069_Aaji Milan Basar Priya.mp3_22k.wav,46,10
bc9e5b229ef8bcc04d7cfee4215f591f,bengali,fake,rvc,rvc_fixed_072_O Amar Chandramallika.mp3_22k.wav,0,10
c4819d1c709097372c1d14c1813fb323,bengali,fake,rvc,rvc_fixed_072_O Amar Chandramallika.mp3_22k.wav,1,10
15462eab161af8e35636dcda00805c61,bengali,fake,rvc,rvc_fixed_072_O Amar Chandramallika.mp3_22k.wav,2,10
bd1113ded34ab0c21dec42518cf68d45,bengali,fake,rvc,rvc_fixed_072_O Amar Chandramallika.mp3_22k.wav,3,10
f11de4569817b97a39dead46f20aebb0,bengali,fake,rvc,rvc_fixed_072_O Amar Chandramallika.mp3_22k.wav,4,10
92d58264d4f3af2099b0c1e39c8c3638,bengali,fake,rvc,rvc_fixed_072_O Amar Chandramallika.mp3_22k.wav,5,10
9d394ecdfd46f5f21821be0fd4980225,bengali,fake,rvc,rvc_fixed_072_O Amar Chandramallika.mp3_22k.wav,6,10
5ba3f741b4f3fe7bc03a764f6e382529,bengali,fake,rvc,rvc_fixed_072_O Amar Chandramallika.mp3_22k.wav,7,10
66c549d25f6896b1e2c12d11a7a7c268,bengali,fake,rvc,rvc_fixed_072_O Amar Chandramallika.mp3_22k.wav,8,10
7badff9caf4bd6411179c938e8f110b7,bengali,fake,rvc,rvc_fixed_072_O Amar Chandramallika.mp3_22k.wav,9,10
a45209bcc5b4fa6f9e150bf1f64bb4b1,bengali,fake,rvc,rvc_fixed_072_O Amar Chandramallika.mp3_22k.wav,10,10
ef4ce4fe141b546b17a542c2a8d8eced,bengali,fake,rvc,rvc_fixed_072_O Amar Chandramallika.mp3_22k.wav,11,10
a2a8a18934748e8857e95923e6fd4c6c,bengali,fake,rvc,rvc_fixed_072_O Amar Chandramallika.mp3_22k.wav,12,10
6b43bbccdccb1f226f81fcabaa19b8d2,bengali,fake,rvc,rvc_fixed_072_O Amar Chandramallika.mp3_22k.wav,13,10
56f60141897523f51acce1a265fb3441,bengali,fake,rvc,rvc_fixed_072_O Amar Chandramallika.mp3_22k.wav,14,10
937fef85bd5d0d5ba4c598488d8f607a,bengali,fake,rvc,rvc_fixed_072_O Amar Chandramallika.mp3_22k.wav,15,10
a3317a35f8b3848cb902da04b02f097b,bengali,fake,rvc,rvc_fixed_072_O Amar Chandramallika.mp3_22k.wav,16,10
0ad3e9dbd8cbfea55063d6516372fc50,bengali,fake,rvc,rvc_fixed_072_O Amar Chandramallika.mp3_22k.wav,17,10
a88c5055c5be50c11da3dbb2b257b6fd,bengali,fake,rvc,rvc_fixed_072_O Amar Chandramallika.mp3_22k.wav,18,10
de8a9a6dac6ddc59a1d36b2cc3354a8d,bengali,fake,rvc,rvc_fixed_072_O Amar Chandramallika.mp3_22k.wav,19,10
c1911459b24a19b9bd49d1a40a09fef1,bengali,fake,rvc,rvc_fixed_074_Purbo Digontey.mp3_22k.wav,0,10
e459ea78983436431ce2329f132af032,bengali,fake,rvc,rvc_fixed_074_Purbo Digontey.mp3_22k.wav,1,10
730aac7db2cd46b536b9f23602ab2ea6,bengali,fake,rvc,rvc_fixed_074_Purbo Digontey.mp3_22k.wav,2,10
14c47b0738048b51f7c34fe0d1c2cbd1,bengali,fake,rvc,rvc_fixed_074_Purbo Digontey.mp3_22k.wav,3,10
2991696471f1feefda672043cec3ada1,bengali,fake,rvc,rvc_fixed_074_Purbo Digontey.mp3_22k.wav,4,10
75a379cc637268de85c8d0876ca2d082,bengali,fake,rvc,rvc_fixed_074_Purbo Digontey.mp3_22k.wav,5,10
cd452fd32b3078b0d061c11a728d9bbc,bengali,fake,rvc,rvc_fixed_074_Purbo Digontey.mp3_22k.wav,6,10
b3973e5ec0acf1e828e3a5cdfe5269c2,bengali,fake,rvc,rvc_fixed_074_Purbo Digontey.mp3_22k.wav,7,10
1327955e245ce2b48eda4011449b0b8c,bengali,fake,rvc,rvc_fixed_074_Purbo Digontey.mp3_22k.wav,8,10
bbd1e978a7c7e2ffc9c50f28771dc552,bengali,fake,rvc,rvc_fixed_074_Purbo Digontey.mp3_22k.wav,9,10
2ee81abd70a447d6112b578c9878ae5e,bengali,fake,rvc,rvc_fixed_074_Purbo Digontey.mp3_22k.wav,10,10
7bdae9f44cb843fd26f754ee59fdf26b,bengali,fake,rvc,rvc_fixed_074_Purbo Digontey.mp3_22k.wav,11,10
ddd8016ecbf51ed12e2ffef3bd361bef,bengali,fake,rvc,rvc_fixed_074_Purbo Digontey.mp3_22k.wav,12,10
cfb8bdb9e3e68c7a1713903be331a664,bengali,fake,rvc,rvc_fixed_075_Milon Hobe Koto Dine.mp3_22k.wav,0,10
5842cc06b9a9e0797983c00df599f3c1,bengali,fake,rvc,rvc_fixed_075_Milon Hobe Koto Dine.mp3_22k.wav,1,10
b4b8712b8514895d69cb25f3ddbec6fc,bengali,fake,rvc,rvc_fixed_075_Milon Hobe Koto Dine.mp3_22k.wav,2,10
c8558356942de537ac23db2104591c01,bengali,fake,rvc,rvc_fixed_075_Milon Hobe Koto Dine.mp3_22k.wav,3,10
c9d2fbf8d2e90217c4fc6b536229b8b5,bengali,fake,rvc,rvc_fixed_075_Milon Hobe Koto Dine.mp3_22k.wav,4,10
0d43b1365d7c8afd727b9b69b630709c,bengali,fake,rvc,rvc_fixed_075_Milon Hobe Koto Dine.mp3_22k.wav,5,10
86c026f900a72dc741e41cdd1fb7cd8b,bengali,fake,rvc,rvc_fixed_075_Milon Hobe Koto Dine.mp3_22k.wav,6,10
80ac7b8921ffe097ecea056bd369ef79,bengali,fake,rvc,rvc_fixed_075_Milon Hobe Koto Dine.mp3_22k.wav,7,10
535486e2494f925399d19e3dd5d63b7c,bengali,fake,rvc,rvc_fixed_075_Milon Hobe Koto Dine.mp3_22k.wav,8,10
16fc4cd6adfd208d7b535371e7c7e960,bengali,fake,rvc,rvc_fixed_075_Milon Hobe Koto Dine.mp3_22k.wav,9,10
9032a92deac93b19e95a776e7bd00eee,bengali,fake,rvc,rvc_fixed_075_Milon Hobe Koto Dine.mp3_22k.wav,10,10
c5d883ac74dc1a46d93d7e465f9220b5,bengali,fake,rvc,rvc_fixed_075_Milon Hobe Koto Dine.mp3_22k.wav,11,10
6134d142434ae787f34b92dd93100e2d,bengali,fake,rvc,rvc_fixed_075_Milon Hobe Koto Dine.mp3_22k.wav,12,10
11a1e6da28f4a8d8fe84ecf4b92fadfb,bengali,fake,rvc,rvc_fixed_075_Milon Hobe Koto Dine.mp3_22k.wav,13,10
392b0db230cb628cbb3bb688ede949d4,bengali,fake,rvc,rvc_fixed_075_Milon Hobe Koto Dine.mp3_22k.wav,14,10
e06caba8b3591d8e2ef4567c82790512,bengali,fake,rvc,rvc_fixed_075_Milon Hobe Koto Dine.mp3_22k.wav,15,10
3cf7823e887e20440b7e6214939b01ec,bengali,fake,rvc,rvc_fixed_075_Milon Hobe Koto Dine.mp3_22k.wav,16,10
1a82fc6274dbda610de877b208b8b1a7,bengali,fake,rvc,rvc_fixed_076_Loke Bale Bale Re.mp3_22k.wav,0,10
31a514fd9e10738f88bf46ed724d4e3a,bengali,fake,rvc,rvc_fixed_076_Loke Bale Bale Re.mp3_22k.wav,1,10
3138f7091a133d58751147d033f63d2b,bengali,fake,rvc,rvc_fixed_076_Loke Bale Bale Re.mp3_22k.wav,2,10
6b84feef6eab64d37e66713d06d656eb,bengali,fake,rvc,rvc_fixed_076_Loke Bale Bale Re.mp3_22k.wav,3,10
b9d5722402d2bf341a1b4896abe3b918,bengali,fake,rvc,rvc_fixed_076_Loke Bale Bale Re.mp3_22k.wav,4,10
b04c7108d6fa26e707f37755d790e8d1,bengali,fake,rvc,rvc_fixed_076_Loke Bale Bale Re.mp3_22k.wav,5,10
33ec7fb6c5a05c3493bfa28c75d2e17b,bengali,fake,rvc,rvc_fixed_076_Loke Bale Bale Re.mp3_22k.wav,6,10
26b665eb340760eb6850808d76ba6c9d,bengali,fake,rvc,rvc_fixed_076_Loke Bale Bale Re.mp3_22k.wav,7,10
421514731e736550eef38b53debe7d6b,bengali,fake,rvc,rvc_fixed_076_Loke Bale Bale Re.mp3_22k.wav,8,10
007867ccfead9407ba3499a9ce275536,bengali,fake,rvc,rvc_fixed_076_Loke Bale Bale Re.mp3_22k.wav,9,10
d4638afebbc34f5c5434ed6080f5a925,bengali,fake,rvc,rvc_fixed_076_Loke Bale Bale Re.mp3_22k.wav,10,10
7e721c4fe40a306b4de89f2b429a5602,bengali,fake,rvc,rvc_fixed_076_Loke Bale Bale Re.mp3_22k.wav,11,10
506d64878dac7c152a55f22ccf533d59,bengali,fake,rvc,rvc_fixed_076_Loke Bale Bale Re.mp3_22k.wav,12,10
7a7ab106cb5e5a8609d73f6643870a04,bengali,fake,rvc,rvc_fixed_076_Loke Bale Bale Re.mp3_22k.wav,13,10
f5ad2b2b67e7e11743ff0cb124dfddf2,bengali,fake,rvc,rvc_fixed_076_Loke Bale Bale Re.mp3_22k.wav,14,10
03435e06c8225b6ce8930e4a055d1bec,bengali,fake,rvc,rvc_fixed_076_Loke Bale Bale Re.mp3_22k.wav,15,10
c416ddba466f2e3644120c5b5bc9fe8e,bengali,fake,rvc,rvc_fixed_076_Loke Bale Bale Re.mp3_22k.wav,16,10
64c8a96cfb1defd0de226f2b52b7010a,bengali,fake,rvc,rvc_fixed_076_Loke Bale Bale Re.mp3_22k.wav,17,10
8548debffcc11f48f26c140878164e42,bengali,fake,rvc,rvc_fixed_076_Loke Bale Bale Re.mp3_22k.wav,18,10
073afed2cbdba7e63adbe39e57edd27b,bengali,fake,rvc,rvc_fixed_076_Loke Bale Bale Re.mp3_22k.wav,19,10
7a420f184116a56664e5feb57778e772,bengali,fake,rvc,rvc_fixed_076_Loke Bale Bale Re.mp3_22k.wav,20,10
95370df0b1169b6377da0d82df12be3e,bengali,fake,rvc,rvc_fixed_076_Loke Bale Bale Re.mp3_22k.wav,21,10
11ce49110c725846b6e16bc356df2441,bengali,fake,rvc,rvc_fixed_076_Loke Bale Bale Re.mp3_22k.wav,22,10
bde0006fc02c08041a553fa78a250499,bengali,fake,rvc,rvc_fixed_076_Loke Bale Bale Re.mp3_22k.wav,23,10
5174b1641772af56e215b014516a4e33,bengali,fake,rvc,rvc_fixed_076_Loke Bale Bale Re.mp3_22k.wav,24,10
aec1b66add026ff527862643c46dfd99,bengali,fake,rvc,rvc_fixed_076_Loke Bale Bale Re.mp3_22k.wav,25,10
1c1c90cab85b6ea162a09b9498703821,bengali,fake,rvc,rvc_fixed_076_Loke Bale Bale Re.mp3_22k.wav,26,10
aed9d9df6866b966bd11ac0398c26e0a,bengali,fake,rvc,rvc_fixed_076_Loke Bale Bale Re.mp3_22k.wav,27,10
da20a14b63d64aedc1e6db757f5133be,bengali,fake,rvc,rvc_fixed_076_Loke Bale Bale Re.mp3_22k.wav,28,10
03f339e9c0e19cf24b89d07573697412,bengali,fake,rvc,rvc_fixed_076_Loke Bale Bale Re.mp3_22k.wav,29,10
8387a4e7b2d98a3ac2535b9de10b0fda,bengali,fake,rvc,rvc_fixed_076_Loke Bale Bale Re.mp3_22k.wav,30,10
a0404ccf993afa39dfc093505e7ecdde,bengali,fake,rvc,rvc_fixed_076_Loke Bale Bale Re.mp3_22k.wav,31,10
adc7676b0f0c249bd6c5caf7ad4b5aa2,bengali,fake,rvc,rvc_fixed_076_Loke Bale Bale Re.mp3_22k.wav,32,10
7b0e326ce1b148b1c6edc5559d1716ad,bengali,fake,rvc,rvc_fixed_076_Loke Bale Bale Re.mp3_22k.wav,33,10
601290863f5d806e49e0e55193e165eb,bengali,fake,rvc,rvc_fixed_076_Loke Bale Bale Re.mp3_22k.wav,34,10
a008b082be13befc533a220202f38d95,bengali,fake,rvc,rvc_fixed_076_Loke Bale Bale Re.mp3_22k.wav,35,10
0ee735b3b6b58e9b16d0718085783adf,bengali,fake,rvc,rvc_fixed_076_Loke Bale Bale Re.mp3_22k.wav,36,10
30f7d56a3c250eb7321b92c9104cad01,bengali,fake,rvc,rvc_fixed_076_Loke Bale Bale Re.mp3_22k.wav,37,10
ebe8283d2d5de001bf9b9d5c29c8770d,bengali,fake,rvc,rvc_fixed_076_Loke Bale Bale Re.mp3_22k.wav,38,10
a1205fa602262f1934c50bedaf386cba,bengali,fake,rvc,rvc_fixed_076_Loke Bale Bale Re.mp3_22k.wav,39,10
6819e33f41cc1b86702a72b1ab16a708,bengali,fake,rvc,rvc_fixed_076_Loke Bale Bale Re.mp3_22k.wav,40,10
60b837e715599f24438620f9ef81b49c,bengali,fake,rvc,rvc_fixed_076_Loke Bale Bale Re.mp3_22k.wav,41,10
dd0393ab6fcf8a41e4683577fd093070,bengali,fake,rvc,rvc_fixed_076_Loke Bale Bale Re.mp3_22k.wav,42,10
9d7b53aa3feaf8bc78e044f0517f82b3,bengali,fake,rvc,rvc_fixed_076_Loke Bale Bale Re.mp3_22k.wav,43,10
4166e20ad574cf5abe1907dd6ccae319,bengali,fake,rvc,rvc_fixed_076_Loke Bale Bale Re.mp3_22k.wav,44,10
5a9b2bcb43342316cc9f819e06f2afdf,bengali,fake,rvc,rvc_fixed_076_Loke Bale Bale Re.mp3_22k.wav,45,10
e7765d1ea9cb99fe28b2116795ccd6e5,bengali,fake,rvc,rvc_fixed_076_Loke Bale Bale Re.mp3_22k.wav,46,10
8c69cd9a58387ed09d40a0eae962fdc9,bengali,fake,rvc,rvc_fixed_076_Loke Bale Bale Re.mp3_22k.wav,47,10
190972d2528e80dabbb64750d0731492,bengali,fake,rvc,rvc_fixed_076_Loke Bale Bale Re.mp3_22k.wav,48,10
2eefe2af047601d816bc13b8f1599c79,bengali,fake,rvc,rvc_fixed_076_Loke Bale Bale Re.mp3_22k.wav,49,10
86ea89c5988c075b7b9548b6f02f7edb,bengali,fake,rvc,rvc_fixed_076_Loke Bale Bale Re.mp3_22k.wav,50,10
ac561ca892914610d3e3170fb139e66c,bengali,fake,rvc,rvc_fixed_076_Loke Bale Bale Re.mp3_22k.wav,51,10
15496363d562486c6b0ffaff8691564b,bengali,fake,rvc,rvc_fixed_076_Loke Bale Bale Re.mp3_22k.wav,52,10
4ca58575ddebf4a9c64490fc28a762d7,bengali,fake,rvc,rvc_fixed_076_Loke Bale Bale Re.mp3_22k.wav,53,10
b06599201aa3f0aefcd557df533f3142,bengali,fake,rvc,rvc_fixed_076_Loke Bale Bale Re.mp3_22k.wav,54,10
09ece336483f243bb0c34c8c169a5a4a,bengali,fake,rvc,rvc_fixed_076_Loke Bale Bale Re.mp3_22k.wav,55,10
01d35d6e68d39c579fb436df6d1c62d9,bengali,fake,rvc,rvc_fixed_076_Loke Bale Bale Re.mp3_22k.wav,56,10
06434b912b1a2210897520575461d990,bengali,fake,rvc,rvc_fixed_076_Loke Bale Bale Re.mp3_22k.wav,57,10
41547c3b41d68743063723243e898164,bengali,fake,rvc,rvc_fixed_076_Loke Bale Bale Re.mp3_22k.wav,58,10
7be84699758a8c8858acd219d0540f24,bengali,fake,rvc,rvc_fixed_076_Loke Bale Bale Re.mp3_22k.wav,59,10
c5b671faeffafe6e2684eadf0f799cd5,bengali,fake,rvc,rvc_fixed_076_Loke Bale Bale Re.mp3_22k.wav,60,10
9ddc146266d1332387fb6bea66fe238f,bengali,fake,rvc,rvc_fixed_076_Loke Bale Bale Re.mp3_22k.wav,61,10
6ec818dd91bbc7c13b7882f52961d87d,bengali,fake,rvc,rvc_fixed_076_Loke Bale Bale Re.mp3_22k.wav,62,10
2ecc1496d2e3a5bbc9b78c3c29717282,bengali,fake,rvc,rvc_fixed_076_Loke Bale Bale Re.mp3_22k.wav,63,10
ba5ddf54ef6c872c243f2a6ac84ebad3,bengali,fake,rvc,rvc_fixed_076_Loke Bale Bale Re.mp3_22k.wav,64,10
7ce95e0c96e04c1327480f7806f3a96e,bengali,fake,rvc,rvc_fixed_076_Loke Bale Bale Re.mp3_22k.wav,65,10
75d23b41b5248edeea9decad04fa75bd,bengali,fake,rvc,rvc_fixed_076_Loke Bale Bale Re.mp3_22k.wav,66,10
27b105b34ebf2e6213d3d863aaf9d136,bengali,fake,rvc,rvc_fixed_076_Loke Bale Bale Re.mp3_22k.wav,67,10
d10d9d0126f088675772fd583ada5094,bengali,fake,rvc,rvc_fixed_076_Loke Bale Bale Re.mp3_22k.wav,68,10
3536d1abb2092566b8cc31ae64541aeb,bengali,fake,rvc,rvc_fixed_076_Loke Bale Bale Re.mp3_22k.wav,69,10
c92ca305c84646348615caa0aa22fa62,bengali,fake,rvc,rvc_fixed_076_Loke Bale Bale Re.mp3_22k.wav,70,10
8747f08954797d5f3b72fd00bde08524,bengali,fake,rvc,rvc_fixed_076_Loke Bale Bale Re.mp3_22k.wav,71,10
795b13d0d044d8cc611f0a843f0176c7,bengali,fake,rvc,rvc_fixed_076_Loke Bale Bale Re.mp3_22k.wav,72,10
16db978d2a63c8b59805f26c9ac494d1,bengali,fake,rvc,rvc_fixed_076_Loke Bale Bale Re.mp3_22k.wav,73,10
262606cec56fdb9a469973e77417f618,bengali,fake,rvc,rvc_fixed_076_Loke Bale Bale Re.mp3_22k.wav,74,10
b05951fdd5421b0afcb109635c142e6b,bengali,fake,rvc,rvc_fixed_076_Loke Bale Bale Re.mp3_22k.wav,75,10
37a5cca84861dc1c923b71b62b39a8f1,bengali,fake,rvc,rvc_fixed_076_Loke Bale Bale Re.mp3_22k.wav,76,10
4344021ec4e4518521c8752797876532,bengali,fake,rvc,rvc_fixed_076_Loke Bale Bale Re.mp3_22k.wav,77,10
7e35b3b016b872e75775d08df05bb3ff,bengali,fake,rvc,rvc_fixed_076_Loke Bale Bale Re.mp3_22k.wav,78,10
9c0f4e353848e3115e6102c79073823f,bengali,fake,rvc,rvc_fixed_076_Loke Bale Bale Re.mp3_22k.wav,79,10
94a21ac71a2cfaa638cab7319c77f347,bengali,fake,rvc,rvc_fixed_076_Loke Bale Bale Re.mp3_22k.wav,80,10
448ac7d9affdccab3f8b69f54125191f,bengali,fake,rvc,rvc_fixed_076_Loke Bale Bale Re.mp3_22k.wav,81,10
99911220516b103ea7d58a5f3236b2ef,bengali,fake,rvc,rvc_fixed_076_Loke Bale Bale Re.mp3_22k.wav,82,10
29239f29058018b9debce2ccb7663d15,bengali,fake,rvc,rvc_fixed_076_Loke Bale Bale Re.mp3_22k.wav,83,10
21167d991ce91b816727f7b829686bc4,bengali,fake,rvc,rvc_fixed_076_Loke Bale Bale Re.mp3_22k.wav,84,10
ebd072d3c20f065e1cdcdceaef44d1fc,bengali,fake,rvc,rvc_fixed_076_Loke Bale Bale Re.mp3_22k.wav,85,10
fe70fc482e98cec008c650d6ba11ed82,bengali,fake,rvc,rvc_fixed_076_Loke Bale Bale Re.mp3_22k.wav,86,10
ef656e00a5461f1e58ae813f467069e2,bengali,fake,rvc,rvc_fixed_076_Loke Bale Bale Re.mp3_22k.wav,87,10
963d74afb8f96d7120ab9a1ff411f2de,bengali,fake,rvc,rvc_fixed_076_Loke Bale Bale Re.mp3_22k.wav,88,10
cf9da29a7279b756de204e531e85265c,bengali,fake,rvc,rvc_fixed_076_Loke Bale Bale Re.mp3_22k.wav,89,10
cad388f85a9cc563439001fec8ec8270,bengali,fake,rvc,rvc_fixed_076_Loke Bale Bale Re.mp3_22k.wav,90,10
d98188eee0d36b451c411d4a7fba58c7,bengali,fake,rvc,rvc_fixed_076_Loke Bale Bale Re.mp3_22k.wav,91,10
951a953c97c3b3f9676b43a66e1f179c,bengali,fake,rvc,rvc_fixed_076_Loke Bale Bale Re.mp3_22k.wav,92,10
f572aea842df2866468acdf93ad500f6,bengali,fake,rvc,rvc_fixed_076_Loke Bale Bale Re.mp3_22k.wav,93,10
76dd0b9e36497336e23c5ed96dfaba04,bengali,fake,rvc,rvc_fixed_076_Loke Bale Bale Re.mp3_22k.wav,94,10
c46113489636363e2af62cb21a752965,bengali,fake,rvc,rvc_fixed_076_Loke Bale Bale Re.mp3_22k.wav,95,10
78df44a62a7eeb4fbce083ec0232ae1c,bengali,fake,rvc,rvc_fixed_076_Loke Bale Bale Re.mp3_22k.wav,96,10
9c788deb3df6749f775aa754812898bc,bengali,fake,rvc,rvc_fixed_076_Loke Bale Bale Re.mp3_22k.wav,97,10
510ad720ead031ca55be23d1f0f5e222,bengali,fake,rvc,rvc_fixed_076_Loke Bale Bale Re.mp3_22k.wav,98,10
5aba4100f48c5404b5f9f45ff2e2ec38,bengali,fake,rvc,rvc_fixed_076_Loke Bale Bale Re.mp3_22k.wav,99,10
04a9127795f4f1599937c5e8acba4a75,bengali,fake,rvc,rvc_fixed_076_Loke Bale Bale Re.mp3_22k.wav,100,10
494136fd583d8297053d7d4d99177b4d,bengali,fake,rvc,rvc_fixed_076_Loke Bale Bale Re.mp3_22k.wav,101,10
5a58a8c2d27a778c30f6aedf26147477,bengali,fake,rvc,rvc_fixed_076_Loke Bale Bale Re.mp3_22k.wav,102,10
76da6e178bed36a4060acea578602e82,bengali,fake,rvc,rvc_fixed_076_Loke Bale Bale Re.mp3_22k.wav,103,10
b3f6c03033594c074c98e38a0a21c4c0,bengali,fake,rvc,rvc_fixed_076_Loke Bale Bale Re.mp3_22k.wav,104,10
073696bc81ad04270af1c533184b4da7,bengali,fake,rvc,rvc_fixed_076_Loke Bale Bale Re.mp3_22k.wav,105,10
8e1dccc062ac93add2bd31191189841e,bengali,fake,rvc,rvc_fixed_076_Loke Bale Bale Re.mp3_22k.wav,106,10
f28aca5b74567e005223b2f0eca89245,bengali,fake,rvc,rvc_fixed_076_Loke Bale Bale Re.mp3_22k.wav,107,10
42c3a300f0bc5447406bb07fc253c7d7,bengali,fake,rvc,rvc_fixed_076_Loke Bale Bale Re.mp3_22k.wav,108,10
9fb39985dbb74b4297674c1da531e969,bengali,fake,rvc,rvc_fixed_076_Loke Bale Bale Re.mp3_22k.wav,109,10
bc95aa604f693ca74dd0caf82e29e7d3,bengali,fake,rvc,rvc_fixed_076_Loke Bale Bale Re.mp3_22k.wav,110,10
25e6c0a834eab9628319847c76b17c28,bengali,fake,rvc,rvc_fixed_076_Loke Bale Bale Re.mp3_22k.wav,111,10
c4a840495f6d3c77e1bda5ddf80eeca0,bengali,fake,rvc,rvc_fixed_076_Loke Bale Bale Re.mp3_22k.wav,112,10
8aa570b689f91912a4b2cf7c5ad8105c,bengali,fake,rvc,rvc_fixed_076_Loke Bale Bale Re.mp3_22k.wav,113,10
fde8a06fb553e7289a8a11c789bf3ce6,bengali,fake,rvc,rvc_fixed_076_Loke Bale Bale Re.mp3_22k.wav,114,10
9bc26addb80c032e28bebb26af64369e,bengali,fake,rvc,rvc_fixed_076_Loke Bale Bale Re.mp3_22k.wav,115,10
736ee76acf4ac9b04c847d37cea27e3d,bengali,fake,rvc,rvc_fixed_076_Loke Bale Bale Re.mp3_22k.wav,116,10
93c582592b72ae39899f759dc050a3d1,bengali,fake,rvc,rvc_fixed_076_Loke Bale Bale Re.mp3_22k.wav,117,10
7e859eac1635b9d39e8b3ac7c427e3da,bengali,fake,rvc,rvc_fixed_076_Loke Bale Bale Re.mp3_22k.wav,118,10
159e22c8487197678faf1a2916261028,bengali,fake,rvc,rvc_fixed_076_Loke Bale Bale Re.mp3_22k.wav,119,10
75dbe6f6d48d7aaac347e44cef69b53a,bengali,fake,rvc,rvc_fixed_076_Loke Bale Bale Re.mp3_22k.wav,120,10
996c9c6d4e5a4d3124c0161793123768,bengali,fake,rvc,rvc_fixed_076_Loke Bale Bale Re.mp3_22k.wav,121,10
7ad68f2662782e6a320822d276713f86,bengali,fake,rvc,rvc_fixed_076_Loke Bale Bale Re.mp3_22k.wav,122,10
cb23d9084867b9fc23f3b88549c74dd3,bengali,fake,rvc,rvc_fixed_076_Loke Bale Bale Re.mp3_22k.wav,123,10
2d6f42c9f3e566e310e3c8a0b31caf8c,bengali,fake,rvc,rvc_fixed_076_Loke Bale Bale Re.mp3_22k.wav,124,10
050cb4198b1ce6053220b43590538bc6,bengali,fake,rvc,rvc_fixed_076_Loke Bale Bale Re.mp3_22k.wav,125,10
43a0aa6a6856f1734c173c087e856af2,bengali,fake,rvc,rvc_fixed_076_Loke Bale Bale Re.mp3_22k.wav,126,10
6c11d0627f530cf38224516c7491aa82,bengali,fake,rvc,rvc_fixed_076_Loke Bale Bale Re.mp3_22k.wav,127,10
f0cd46a96614b6ba719f909b15020da3,bengali,fake,rvc,rvc_fixed_076_Loke Bale Bale Re.mp3_22k.wav,128,10
20122942168c3c90eb354e3050a0aa25,bengali,fake,rvc,rvc_fixed_076_Loke Bale Bale Re.mp3_22k.wav,129,10
8766928496646aaf2d2ff86c4bd694dd,bengali,fake,rvc,rvc_fixed_076_Loke Bale Bale Re.mp3_22k.wav,130,10
f72a54f766fe703707b6a0c6644f33cb,bengali,fake,rvc,rvc_fixed_076_Loke Bale Bale Re.mp3_22k.wav,131,10
450c1fb8da6a42eb33f3c644b540fded,bengali,fake,rvc,rvc_fixed_076_Loke Bale Bale Re.mp3_22k.wav,132,10
e118abd54ec66dab391de7ddad141bba,bengali,fake,rvc,rvc_fixed_076_Loke Bale Bale Re.mp3_22k.wav,133,10
28561113d23299f72131938059a8de70,bengali,fake,rvc,rvc_fixed_076_Loke Bale Bale Re.mp3_22k.wav,134,10
705f5dc6f12ee97c19cdda11e91d1552,bengali,fake,rvc,rvc_fixed_076_Loke Bale Bale Re.mp3_22k.wav,135,10
c7052592b4dde99fc051cadd5a50dfc3,bengali,fake,rvc,rvc_fixed_076_Loke Bale Bale Re.mp3_22k.wav,136,10
fa8f6c49ce0f70ca20da9e006c97ccfd,bengali,fake,rvc,rvc_fixed_076_Loke Bale Bale Re.mp3_22k.wav,137,10
aef4b683723b84b9efabdb11f4906a5f,bengali,fake,rvc,rvc_fixed_076_Loke Bale Bale Re.mp3_22k.wav,138,10
f3715c4ae397fa63c61c08f1294273fb,bengali,fake,rvc,rvc_fixed_076_Loke Bale Bale Re.mp3_22k.wav,139,10
e68617a90a0cff054e36e588eb427f18,bengali,fake,rvc,rvc_fixed_076_Loke Bale Bale Re.mp3_22k.wav,140,10
8cf41256623bdb8b18e3c20e3802ae46,bengali,fake,rvc,rvc_fixed_076_Loke Bale Bale Re.mp3_22k.wav,141,10
e373a4b7738951f4e7ced39a9b303139,bengali,fake,rvc,rvc_fixed_076_Loke Bale Bale Re.mp3_22k.wav,142,10
6104b4cab0284c03b6a2d48f4663004e,bengali,fake,rvc,rvc_fixed_076_Loke Bale Bale Re.mp3_22k.wav,143,10
dfbb41db289a90b40d4d7882452efe80,bengali,fake,rvc,rvc_fixed_076_Loke Bale Bale Re.mp3_22k.wav,144,10
65e97fceed98b2ed3cd65a14ecb97543,bengali,fake,rvc,rvc_fixed_076_Loke Bale Bale Re.mp3_22k.wav,145,10
aca0ce56896d4f0d69eec06b9fcfb984,bengali,fake,rvc,rvc_fixed_076_Loke Bale Bale Re.mp3_22k.wav,146,10
c859e7e170f2b87ce92b789410c2c03f,bengali,fake,rvc,rvc_fixed_076_Loke Bale Bale Re.mp3_22k.wav,147,10
dbc5d070505a17e3bf91c79ffc3e049c,bengali,fake,rvc,rvc_fixed_076_Loke Bale Bale Re.mp3_22k.wav,148,10
d86dfddab2b35a93bc9b2fd79d893719,bengali,fake,rvc,rvc_fixed_076_Loke Bale Bale Re.mp3_22k.wav,149,10
1ca81bc2cceff955ed69d331530cc68a,bengali,fake,rvc,rvc_fixed_076_Loke Bale Bale Re.mp3_22k.wav,150,10
a03fca91d4a717b92390737fb43e0924,bengali,fake,rvc,rvc_fixed_076_Loke Bale Bale Re.mp3_22k.wav,151,10
9ab3db142f267120f257db13a37574e3,bengali,fake,rvc,rvc_fixed_076_Loke Bale Bale Re.mp3_22k.wav,152,10
55a0e56248329469492466613dc8c052,bengali,fake,rvc,rvc_fixed_076_Loke Bale Bale Re.mp3_22k.wav,153,10
6737ef7a6ebb5aee68e4991016b57cb5,bengali,fake,rvc,rvc_fixed_076_Loke Bale Bale Re.mp3_22k.wav,154,10
7d13e8904e858c77cf76457909186019,bengali,fake,rvc,rvc_fixed_076_Loke Bale Bale Re.mp3_22k.wav,155,10
00b8fd0e0f591d4b98f534435ca78bfe,bengali,fake,rvc,rvc_fixed_076_Loke Bale Bale Re.mp3_22k.wav,156,10
c5923bcce498fed3c30214a96833b72f,bengali,fake,rvc,rvc_fixed_076_Loke Bale Bale Re.mp3_22k.wav,157,10
567508f9c994698345216c4e089cfa9c,bengali,fake,rvc,rvc_fixed_076_Loke Bale Bale Re.mp3_22k.wav,158,10
84e0cea3bdd282c4c6d693dbabe0c64b,bengali,fake,rvc,rvc_fixed_076_Loke Bale Bale Re.mp3_22k.wav,159,10
bc6157884a9e0a8ea7beb9c4e9fdb0ae,bengali,fake,rvc,rvc_fixed_076_Loke Bale Bale Re.mp3_22k.wav,160,10
fe0932436ef5a63307ddf6a9157504ef,bengali,fake,rvc,rvc_fixed_076_Loke Bale Bale Re.mp3_22k.wav,161,10
d194bc16025d6cfad4db8691389d3d8a,bengali,fake,rvc,rvc_fixed_076_Loke Bale Bale Re.mp3_22k.wav,162,10
65e3954793db33521dbe51b5acd97a98,bengali,fake,rvc,rvc_fixed_076_Loke Bale Bale Re.mp3_22k.wav,163,10
8f42c0a193393c8386c4a3d9cd0d8ded,bengali,fake,rvc,rvc_fixed_076_Loke Bale Bale Re.mp3_22k.wav,164,10
63ab84c6243e95a5b122091b061ae7f7,bengali,fake,rvc,rvc_fixed_076_Loke Bale Bale Re.mp3_22k.wav,165,10
c85e193f4ee65f43b951a107aede0433,bengali,fake,rvc,rvc_fixed_076_Loke Bale Bale Re.mp3_22k.wav,166,10
7a817add50798ccd6f1706087913a168,bengali,fake,rvc,rvc_fixed_076_Loke Bale Bale Re.mp3_22k.wav,167,10
f6ebb0d58f1a481f216eb5f8ada39c87,bengali,fake,rvc,rvc_fixed_076_Loke Bale Bale Re.mp3_22k.wav,168,10
f53aab7954edc5e4e159ba6403053329,bengali,fake,rvc,rvc_fixed_076_Loke Bale Bale Re.mp3_22k.wav,169,10
a20bec4067b3ca2997efb9872abf8778,bengali,fake,rvc,rvc_fixed_076_Loke Bale Bale Re.mp3_22k.wav,170,10
b0da33804013c0b82e968c55a578423a,bengali,fake,rvc,rvc_fixed_076_Loke Bale Bale Re.mp3_22k.wav,171,10
8b0c5f2b928d210ed9392ed75b662d66,bengali,fake,rvc,rvc_fixed_076_Loke Bale Bale Re.mp3_22k.wav,172,10
97c2301193d66d8d550c62c362e5d936,bengali,fake,rvc,rvc_fixed_076_Loke Bale Bale Re.mp3_22k.wav,173,10
bafc5901836529ea5b48eeeac528be80,bengali,fake,rvc,rvc_fixed_076_Loke Bale Bale Re.mp3_22k.wav,174,10
c9177536d208a496dc343633a1dd86db,bengali,fake,rvc,rvc_fixed_076_Loke Bale Bale Re.mp3_22k.wav,175,10
45c5d56b29f63ac7899143156ed7a121,bengali,fake,rvc,rvc_fixed_076_Loke Bale Bale Re.mp3_22k.wav,176,10
49e5d6993f86c120bf73de1a5f8d6502,bengali,fake,rvc,rvc_fixed_076_Loke Bale Bale Re.mp3_22k.wav,177,10
1280d84ad5ab7954938e242ebdbb0853,bengali,fake,rvc,rvc_fixed_076_Loke Bale Bale Re.mp3_22k.wav,178,10
1deb62b5c97738c5202e5940bef0d4d4,bengali,fake,rvc,rvc_fixed_076_Loke Bale Bale Re.mp3_22k.wav,179,10
ca455e3c5732f74ff178cac0bcbcb778,bengali,fake,rvc,rvc_fixed_076_Loke Bale Bale Re.mp3_22k.wav,180,10
dd3c5dcb34271aeea888a798d3c412d8,bengali,fake,rvc,rvc_fixed_076_Loke Bale Bale Re.mp3_22k.wav,181,10
99e4376c94cf17bd262c3c5879698212,bengali,fake,rvc,rvc_fixed_076_Loke Bale Bale Re.mp3_22k.wav,182,10
99d19a9855533bbef6c6b772ffb2f15f,bengali,fake,rvc,rvc_fixed_076_Loke Bale Bale Re.mp3_22k.wav,183,10
ba8408ae4d88a796cc291c5216d804a7,bengali,fake,rvc,rvc_fixed_076_Loke Bale Bale Re.mp3_22k.wav,184,10
8e062823e6b126eea8c924028c555c50,bengali,fake,rvc,rvc_fixed_076_Loke Bale Bale Re.mp3_22k.wav,185,10
fb9665977b9cf7610d8f5daea09c77c0,bengali,fake,rvc,rvc_fixed_076_Loke Bale Bale Re.mp3_22k.wav,186,10
e39f8bf46a4b24ac3d86da28ce3f4446,bengali,fake,rvc,rvc_fixed_076_Loke Bale Bale Re.mp3_22k.wav,187,10
36c88123746272eaa35a59e685e758b1,bengali,fake,rvc,rvc_fixed_076_Loke Bale Bale Re.mp3_22k.wav,188,10
f52e8fffd2e49d64137440b2b30a0aea,bengali,fake,rvc,rvc_fixed_076_Loke Bale Bale Re.mp3_22k.wav,189,10
97fb41209837bacbb15bf70b6c8ecd91,bengali,fake,rvc,rvc_fixed_076_Loke Bale Bale Re.mp3_22k.wav,190,10
f8f76cf9bcd1729d439530fa4efb524a,bengali,fake,rvc,rvc_fixed_076_Loke Bale Bale Re.mp3_22k.wav,191,10
a257d7e8237546eb5734f0415c652fe8,bengali,fake,rvc,rvc_fixed_076_Loke Bale Bale Re.mp3_22k.wav,192,10
ab3b04c9f10bbada471db018c8cf90b4,bengali,fake,rvc,rvc_fixed_076_Loke Bale Bale Re.mp3_22k.wav,193,10
ca64ba785d3dff6e340c67cd166cdf57,bengali,fake,rvc,rvc_fixed_076_Loke Bale Bale Re.mp3_22k.wav,194,10
9c774d9163c8ac569cdbf46f24f3c476,bengali,fake,rvc,rvc_fixed_076_Loke Bale Bale Re.mp3_22k.wav,195,10
4c041467031bc420243ba0ecd4a09277,bengali,fake,rvc,rvc_fixed_076_Loke Bale Bale Re.mp3_22k.wav,196,10
0de6961f3c83dd5e47e259600b5fc922,bengali,fake,rvc,rvc_fixed_076_Loke Bale Bale Re.mp3_22k.wav,197,10
0533d23803eeed0fe6301501e50ed3fa,bengali,fake,rvc,rvc_fixed_076_Loke Bale Bale Re.mp3_22k.wav,198,10
8360e6cc4656dc1cf15eb42a81a5114b,bengali,fake,rvc,rvc_fixed_076_Loke Bale Bale Re.mp3_22k.wav,199,10
c5288d9e2158c3aa4c25e1789d6ba2cb,bengali,fake,rvc,rvc_fixed_076_Loke Bale Bale Re.mp3_22k.wav,200,10
4517dcfd50e7b428e1be47996067a113,bengali,fake,rvc,rvc_fixed_076_Loke Bale Bale Re.mp3_22k.wav,201,10
06446ec2e31e7d0ab0cb742f2ab9374a,bengali,fake,rvc,rvc_fixed_076_Loke Bale Bale Re.mp3_22k.wav,202,10
2fd377c764a2a617493cf328fef8c40a,bengali,fake,rvc,rvc_fixed_076_Loke Bale Bale Re.mp3_22k.wav,203,10
ba0231ea89eb0d1a6e75b61c20394b6e,bengali,fake,rvc,rvc_fixed_076_Loke Bale Bale Re.mp3_22k.wav,204,10
988b35ede0140b015428be29ffcd2f46,bengali,fake,rvc,rvc_fixed_076_Loke Bale Bale Re.mp3_22k.wav,205,10
db5f54cca51b1c994d8d2baca35997ba,bengali,fake,rvc,rvc_fixed_076_Loke Bale Bale Re.mp3_22k.wav,206,10
64764267d889c6f6544f1df919fe591e,bengali,fake,rvc,rvc_fixed_076_Loke Bale Bale Re.mp3_22k.wav,207,10
22a29aa119f26290a3706ede10ac6b39,bengali,fake,rvc,rvc_fixed_076_Loke Bale Bale Re.mp3_22k.wav,208,10
84371b8a9eb1bfbc224fe3efaa8a5d11,bengali,fake,rvc,rvc_fixed_076_Loke Bale Bale Re.mp3_22k.wav,209,10
f14656ce622f569a391e1423d5376fa5,bengali,fake,rvc,rvc_fixed_076_Loke Bale Bale Re.mp3_22k.wav,210,10
7ea4ecd5856f603ec05b5f206b640341,bengali,fake,rvc,rvc_fixed_076_Loke Bale Bale Re.mp3_22k.wav,211,10
9e6b9490aa5e59e4ccd55f7035fe48d6,bengali,fake,rvc,rvc_fixed_076_Loke Bale Bale Re.mp3_22k.wav,212,10
df7f150033a160efda705ce99d1b759c,bengali,fake,rvc,rvc_fixed_076_Loke Bale Bale Re.mp3_22k.wav,213,10
ca8be8a7a42c3a8643565714454bb1d2,bengali,fake,rvc,rvc_fixed_076_Loke Bale Bale Re.mp3_22k.wav,214,10
5a03cfe8a18144bf42896cbd2c0f27a4,bengali,fake,rvc,rvc_fixed_076_Loke Bale Bale Re.mp3_22k.wav,215,10
2359c1bb99c623ccbc9b47c7ea8acee2,bengali,fake,rvc,rvc_fixed_076_Loke Bale Bale Re.mp3_22k.wav,216,10
c264b4fff7ed543be7d5e3b7dff6771d,bengali,fake,rvc,rvc_fixed_076_Loke Bale Bale Re.mp3_22k.wav,217,10
352063026bbafa5e0a1433eb4776f6a7,bengali,fake,rvc,rvc_fixed_076_Loke Bale Bale Re.mp3_22k.wav,218,10
26f17c0d34d2699b7dfc34269320ffb1,bengali,fake,rvc,rvc_fixed_076_Loke Bale Bale Re.mp3_22k.wav,219,10
c3d30f7e98ae0b36ac439e2e2680dd2f,bengali,fake,rvc,rvc_fixed_076_Loke Bale Bale Re.mp3_22k.wav,220,10
3f33fdbc7989e7dd562462926cf45157,bengali,fake,rvc,rvc_fixed_076_Loke Bale Bale Re.mp3_22k.wav,221,10
e3bd752046d26a2018719c9af99d54eb,bengali,fake,rvc,rvc_fixed_076_Loke Bale Bale Re.mp3_22k.wav,222,10
b6d017250624217c023cf9c016a0430f,bengali,fake,rvc,rvc_fixed_076_Loke Bale Bale Re.mp3_22k.wav,223,10
a317bdbd2123003cfca7d2d5f9a039e6,bengali,fake,rvc,rvc_fixed_076_Loke Bale Bale Re.mp3_22k.wav,224,10
48b546b0b404c8caa106ed7e1f301de8,bengali,fake,rvc,rvc_fixed_076_Loke Bale Bale Re.mp3_22k.wav,225,10
2f36583c282050bc74f38ac142cc6f8f,bengali,fake,rvc,rvc_fixed_076_Loke Bale Bale Re.mp3_22k.wav,226,10
638c0944b5559f740f8b99f723c21f28,bengali,fake,rvc,rvc_fixed_076_Loke Bale Bale Re.mp3_22k.wav,227,10
73c0abbad4ec67fbc8507a92355cfc49,bengali,fake,rvc,rvc_fixed_076_Loke Bale Bale Re.mp3_22k.wav,228,10
a1b47f22b1295c40c22272bc24ae3916,bengali,fake,rvc,rvc_fixed_076_Loke Bale Bale Re.mp3_22k.wav,229,10
3032ad9912a47a0468b7f30496aa678a,bengali,fake,rvc,rvc_fixed_076_Loke Bale Bale Re.mp3_22k.wav,230,10
61ea2113d7680013b00462289ea6cd78,bengali,fake,rvc,rvc_fixed_076_Loke Bale Bale Re.mp3_22k.wav,231,10
f0890144f5f7d0a711d9da9f1ed2802a,bengali,fake,rvc,rvc_fixed_076_Loke Bale Bale Re.mp3_22k.wav,232,10
82a83f43c22c770ed3364bca7ac53315,bengali,fake,rvc,rvc_fixed_076_Loke Bale Bale Re.mp3_22k.wav,233,10
e040772b9f0b0a78fc31175a6eefa931,bengali,fake,rvc,rvc_fixed_076_Loke Bale Bale Re.mp3_22k.wav,234,10
5497f16b42c14f5aabaa575a433e32b3,bengali,fake,rvc,rvc_fixed_076_Loke Bale Bale Re.mp3_22k.wav,235,10
649641313a62e23eba242e63058854cf,bengali,fake,rvc,rvc_fixed_076_Loke Bale Bale Re.mp3_22k.wav,236,10
b63e08190fc366c546c26eecf9cf68e9,bengali,fake,rvc,rvc_fixed_076_Loke Bale Bale Re.mp3_22k.wav,237,10
0f58995660c7586581a31ec6b63619df,bengali,fake,rvc,rvc_fixed_076_Loke Bale Bale Re.mp3_22k.wav,238,10
13c6dc8f2a0be009d8bf37fe274c8562,bengali,fake,rvc,rvc_fixed_076_Loke Bale Bale Re.mp3_22k.wav,239,10
ddc38fe93220c4c0e1ff179f10714ce2,bengali,fake,rvc,rvc_fixed_076_Loke Bale Bale Re.mp3_22k.wav,240,10
bc0f030c0a2bb47f1293c801d2fef61d,bengali,fake,rvc,rvc_fixed_076_Loke Bale Bale Re.mp3_22k.wav,241,10
f0f46c7959411779cdb6f66320b227a5,bengali,fake,rvc,rvc_fixed_076_Loke Bale Bale Re.mp3_22k.wav,242,10
d7962ec41fdf60bf2fc26b3b6a1fb016,bengali,fake,rvc,rvc_fixed_076_Loke Bale Bale Re.mp3_22k.wav,243,10
e2bbf52e05e2285b31da78d58b5ca71e,bengali,fake,rvc,rvc_fixed_076_Loke Bale Bale Re.mp3_22k.wav,244,10
9920bf552f38bc1cbe670be8f95175a5,bengali,fake,rvc,rvc_fixed_077_Menoka Mathaye Dilo.mp3_22k.wav,0,10
2e37bda205f7915d956491455315b894,bengali,fake,rvc,rvc_fixed_077_Menoka Mathaye Dilo.mp3_22k.wav,1,10
823ccb4320ab245abbdb9f068bf24da5,bengali,fake,rvc,rvc_fixed_077_Menoka Mathaye Dilo.mp3_22k.wav,2,10
aeef407f3fa722f329003ce40d1f0b5b,bengali,fake,rvc,rvc_fixed_077_Menoka Mathaye Dilo.mp3_22k.wav,3,10
55e041d5a8ab551e9203ed1bef233ff8,bengali,fake,rvc,rvc_fixed_077_Menoka Mathaye Dilo.mp3_22k.wav,4,10
5e3854f2006bea6c0349a0fe2bacd335,bengali,fake,rvc,rvc_fixed_077_Menoka Mathaye Dilo.mp3_22k.wav,5,10
3852cd891a2bb6b311373aaa22f1c3be,bengali,fake,rvc,rvc_fixed_077_Menoka Mathaye Dilo.mp3_22k.wav,6,10
b9d55220e69af23a14d7fe7ef6c99610,bengali,fake,rvc,rvc_fixed_077_Menoka Mathaye Dilo.mp3_22k.wav,7,10
24bbc80b569cd86aeaadce6c254e2b96,bengali,fake,rvc,rvc_fixed_077_Menoka Mathaye Dilo.mp3_22k.wav,8,10
5e0c866fa466294fb3d9b6d1c3098dff,bengali,fake,rvc,rvc_fixed_077_Menoka Mathaye Dilo.mp3_22k.wav,9,10
367d2b61597b54d8a4ac6035a4e1ed23,bengali,fake,rvc,rvc_fixed_077_Menoka Mathaye Dilo.mp3_22k.wav,10,10
5fe21cabeb0be2b0da07478e5132f2e5,bengali,fake,rvc,rvc_fixed_077_Menoka Mathaye Dilo.mp3_22k.wav,11,10
fb877f240fbb15c56c98f09c84744cb3,bengali,fake,rvc,rvc_fixed_077_Menoka Mathaye Dilo.mp3_22k.wav,12,10
9ab9a5ae1b4a7a9c4604333a8c75d5c6,bengali,fake,rvc,rvc_fixed_077_Menoka Mathaye Dilo.mp3_22k.wav,13,10
a10bc067e62c0a9862e375af621a3235,bengali,fake,rvc,rvc_fixed_077_Menoka Mathaye Dilo.mp3_22k.wav,14,10
8aaacd57687b6580419a9741d1be84c9,bengali,fake,rvc,rvc_fixed_077_Menoka Mathaye Dilo.mp3_22k.wav,15,10
9c9b730f25c6ef10d6df663bb67aa25d,bengali,fake,rvc,rvc_fixed_077_Menoka Mathaye Dilo.mp3_22k.wav,16,10
278104a6249648ee46109f1049548030,bengali,fake,rvc,rvc_fixed_077_Menoka Mathaye Dilo.mp3_22k.wav,17,10
374fbb31c5230bbeed4c406bfdef99c7,bengali,fake,rvc,rvc_fixed_077_Menoka Mathaye Dilo.mp3_22k.wav,18,10
77294b4e311b796bdb4d71764c6985c1,bengali,fake,rvc,rvc_fixed_077_Menoka Mathaye Dilo.mp3_22k.wav,19,10
ce9a3d00ad1f54c679f0d9d11529f93a,bengali,fake,rvc,rvc_fixed_077_Menoka Mathaye Dilo.mp3_22k.wav,20,10
480c85c5ba5274dc37fa3058057efd1f,bengali,fake,rvc,rvc_fixed_077_Menoka Mathaye Dilo.mp3_22k.wav,21,10
61b07a1642d8f7fac5a33d45d76188cc,bengali,fake,rvc,rvc_fixed_077_Menoka Mathaye Dilo.mp3_22k.wav,22,10
d53450a0439fb31ae10fb070b6489644,bengali,fake,rvc,rvc_fixed_077_Menoka Mathaye Dilo.mp3_22k.wav,23,10
35e9d2f7d86fc2e765b7a38671f4041d,bengali,fake,rvc,rvc_fixed_077_Menoka Mathaye Dilo.mp3_22k.wav,24,10
e69ab51eb705140aa0724c63a3ffac70,bengali,fake,rvc,rvc_fixed_077_Menoka Mathaye Dilo.mp3_22k.wav,25,10
db6f5b11959c23c6cdc5ffe75a4aaa55,bengali,fake,rvc,rvc_fixed_077_Menoka Mathaye Dilo.mp3_22k.wav,26,10
7f14e15eeed08c944803333efd22ff9c,bengali,fake,rvc,rvc_fixed_077_Menoka Mathaye Dilo.mp3_22k.wav,27,10
44ab5a21866308b93602279903579749,bengali,fake,rvc,rvc_fixed_077_Menoka Mathaye Dilo.mp3_22k.wav,28,10
e7abe1d5ea549373008300aafd29a234,bengali,fake,rvc,rvc_fixed_077_Menoka Mathaye Dilo.mp3_22k.wav,29,10
08d34fdf6f5b5002cf76c4c45b78a4f4,bengali,fake,rvc,rvc_fixed_077_Menoka Mathaye Dilo.mp3_22k.wav,30,10
f42b53184dcaa33cb861b86405bbd05f,bengali,fake,rvc,rvc_fixed_077_Menoka Mathaye Dilo.mp3_22k.wav,31,10
41cc6d5248c073ea55fb72f4eece7872,bengali,fake,rvc,rvc_fixed_077_Menoka Mathaye Dilo.mp3_22k.wav,32,10
cb5272d3e1100fa4c6d0dfd20aead57a,bengali,fake,rvc,rvc_fixed_077_Menoka Mathaye Dilo.mp3_22k.wav,33,10
272d6357c1e3dea84c8a638cad5e4425,bengali,fake,rvc,rvc_fixed_077_Menoka Mathaye Dilo.mp3_22k.wav,34,10
6fe1318985f8f761ff0ac75f47f1b0a5,bengali,fake,rvc,rvc_fixed_077_Menoka Mathaye Dilo.mp3_22k.wav,35,10
a4882c0056f2a978b31fad3edba6302c,bengali,fake,rvc,rvc_fixed_077_Menoka Mathaye Dilo.mp3_22k.wav,36,10
bab31a0bfb8ed11d86b1bb61e11092eb,bengali,fake,rvc,rvc_fixed_077_Menoka Mathaye Dilo.mp3_22k.wav,37,10
0693a63cddf467365e9d8c1210ce02d4,bengali,fake,rvc,rvc_fixed_077_Menoka Mathaye Dilo.mp3_22k.wav,38,10
d1670644ae5499e71cb6a471557e73c9,bengali,fake,rvc,rvc_fixed_079_Kalo Jole Kuchla Tole.mp3_22k.wav,0,10
ef889792a774d19534e7aa25295256af,bengali,fake,rvc,rvc_fixed_079_Kalo Jole Kuchla Tole.mp3_22k.wav,1,10
33d244f67a3ba4040e107454a24d2a80,bengali,fake,rvc,rvc_fixed_080_Lal Paharir Deshe Ja.mp3_22k.wav,0,10
36c4e42a8cbe7cc832daf6d956ceb132,bengali,fake,rvc,rvc_fixed_080_Lal Paharir Deshe Ja.mp3_22k.wav,1,10
d1646cdb59c33c61a71a1bdf6e8f7be2,bengali,fake,rvc,rvc_fixed_080_Lal Paharir Deshe Ja.mp3_22k.wav,2,10
9b826ae80f442fe146fabe50f3c8c203,bengali,fake,rvc,rvc_fixed_080_Lal Paharir Deshe Ja.mp3_22k.wav,3,10
6603905b9f7de0ab85d494d7bf60b33a,bengali,fake,rvc,rvc_fixed_080_Lal Paharir Deshe Ja.mp3_22k.wav,4,10
e7f4232f378d70272175697200ada9a5,bengali,fake,rvc,rvc_fixed_080_Lal Paharir Deshe Ja.mp3_22k.wav,5,10
770e8cbcdbaeee9e2f6b55d59d8698c0,bengali,fake,rvc,rvc_fixed_080_Lal Paharir Deshe Ja.mp3_22k.wav,6,10
32e70526afa389cd7ee6c301574c765c,bengali,fake,rvc,rvc_fixed_080_Lal Paharir Deshe Ja.mp3_22k.wav,7,10
78960f224298052793df0b90b44eec1f,bengali,fake,rvc,rvc_fixed_080_Lal Paharir Deshe Ja.mp3_22k.wav,8,10
f6321d5298a7d16b4b91ae459c7bd659,bengali,fake,rvc,rvc_fixed_080_Lal Paharir Deshe Ja.mp3_22k.wav,9,10
5d064444292432401a11b5f44475c01c,bengali,fake,rvc,rvc_fixed_080_Lal Paharir Deshe Ja.mp3_22k.wav,10,10
4290f6c81eabaaa4a07ee34688dba40a,bengali,fake,rvc,rvc_fixed_080_Lal Paharir Deshe Ja.mp3_22k.wav,11,10
8f4758eefcf099ed369dbfa0bd0d6313,bengali,fake,rvc,rvc_fixed_080_Lal Paharir Deshe Ja.mp3_22k.wav,12,10
59a4c420ccef17174220496d21c9940f,bengali,fake,rvc,rvc_fixed_080_Lal Paharir Deshe Ja.mp3_22k.wav,13,10
e88a633dcce364fb2da05ffddc7c77e9,bengali,fake,rvc,rvc_fixed_080_Lal Paharir Deshe Ja.mp3_22k.wav,14,10
addf90ba2002d3f2c3ddc69e9b2c8579,bengali,fake,rvc,rvc_fixed_080_Lal Paharir Deshe Ja.mp3_22k.wav,15,10
f4745d6e85e14258a168b20395f29d72,bengali,fake,rvc,rvc_fixed_080_Lal Paharir Deshe Ja.mp3_22k.wav,16,10
ca3add8939172fab9e2a343857696f63,bengali,fake,rvc,rvc_fixed_080_Lal Paharir Deshe Ja.mp3_22k.wav,17,10
40d9e37ff1003676d708727e427eabed,bengali,fake,rvc,rvc_fixed_080_Lal Paharir Deshe Ja.mp3_22k.wav,18,10
c72e437bd5f598c9fc82f1b8c4407764,bengali,fake,rvc,rvc_fixed_080_Lal Paharir Deshe Ja.mp3_22k.wav,19,10
0522060a61db045b0ff38985464e694b,bengali,fake,rvc,rvc_fixed_080_Lal Paharir Deshe Ja.mp3_22k.wav,20,10
524758a8507233ecdf48948b4a73ef80,bengali,fake,rvc,rvc_fixed_080_Lal Paharir Deshe Ja.mp3_22k.wav,21,10
9bbb5f5e8e1a00361cb25cfe9c9ed8af,bengali,fake,rvc,rvc_fixed_080_Lal Paharir Deshe Ja.mp3_22k.wav,22,10
856c9a05803e0ac46fda2c51a551861a,bengali,fake,rvc,rvc_fixed_080_Lal Paharir Deshe Ja.mp3_22k.wav,23,10
af8b12e452eb6e7b5280f6bd93f66f24,bengali,fake,rvc,rvc_fixed_080_Lal Paharir Deshe Ja.mp3_22k.wav,24,10
015433337f83eede5a4d2264c3539829,bengali,fake,rvc,rvc_fixed_080_Lal Paharir Deshe Ja.mp3_22k.wav,25,10
a09862b07c50a2ba89389b67e07fe004,bengali,fake,rvc,rvc_fixed_080_Lal Paharir Deshe Ja.mp3_22k.wav,26,10
d74cf46c77b017ac844713359b0e18c8,bengali,fake,rvc,rvc_fixed_080_Lal Paharir Deshe Ja.mp3_22k.wav,27,10
ca9819de8e545b90bfc982cf3e41881e,bengali,fake,rvc,rvc_fixed_080_Lal Paharir Deshe Ja.mp3_22k.wav,28,10
c0a509938b7f2a256fe99f5cfd9a916c,bengali,fake,rvc,rvc_fixed_080_Lal Paharir Deshe Ja.mp3_22k.wav,29,10
8733b1c4908f2e14f8e47747e1ca44d8,bengali,fake,rvc,rvc_fixed_081_Phagooner Mohonaye.mp3_22k.wav,0,10
8515d2eda9fd4cd9c5a0b0167b907964,bengali,fake,rvc,rvc_fixed_081_Phagooner Mohonaye.mp3_22k.wav,1,10
3a40768f1a6445ba6185d676532b53bd,bengali,fake,rvc,rvc_fixed_081_Phagooner Mohonaye.mp3_22k.wav,2,10
2ba9c81f158fe2a500496ff4056352c5,bengali,fake,rvc,rvc_fixed_081_Phagooner Mohonaye.mp3_22k.wav,3,10
56f1cd757576e8d9f7151f80b232a64a,bengali,fake,rvc,rvc_fixed_081_Phagooner Mohonaye.mp3_22k.wav,4,10
a1bf518be50a0a245cbfbe4cf3c59ae2,bengali,fake,rvc,rvc_fixed_081_Phagooner Mohonaye.mp3_22k.wav,5,10
547524d800984f3973841390a57f9836,bengali,fake,rvc,rvc_fixed_081_Phagooner Mohonaye.mp3_22k.wav,6,10
a8d471fdfe4a5ef337f145e5129efb36,bengali,fake,rvc,rvc_fixed_081_Phagooner Mohonaye.mp3_22k.wav,7,10
b6835f04b3d60f346f03eb88c5014fbb,bengali,fake,rvc,rvc_fixed_081_Phagooner Mohonaye.mp3_22k.wav,8,10
8aaeda9d697ba8b0dcd5e06f37a18714,bengali,fake,rvc,rvc_fixed_081_Phagooner Mohonaye.mp3_22k.wav,9,10
689d2f91b4cb47f0fc78717ba81f5864,bengali,fake,rvc,rvc_fixed_081_Phagooner Mohonaye.mp3_22k.wav,10,10
8232a6e5e85dfb09049de58b44830232,bengali,fake,rvc,rvc_fixed_081_Phagooner Mohonaye.mp3_22k.wav,11,10
14a80976c8f15223ad1ae4ad950f3df7,bengali,fake,rvc,rvc_fixed_081_Phagooner Mohonaye.mp3_22k.wav,12,10
e59c9cb49cc68a894992e1802f49e0cc,bengali,fake,rvc,rvc_fixed_081_Phagooner Mohonaye.mp3_22k.wav,13,10
fc47071effdf1418d92a88e4c3d71ed5,bengali,fake,rvc,rvc_fixed_081_Phagooner Mohonaye.mp3_22k.wav,14,10
6b9cedb451650557c187d7d73e74ed26,bengali,fake,rvc,rvc_fixed_081_Phagooner Mohonaye.mp3_22k.wav,15,10
f5e158bd4fe3b98eff924c69c8f97a2f,bengali,fake,rvc,rvc_fixed_081_Phagooner Mohonaye.mp3_22k.wav,16,10
25d57b050caa0b748dd17a9e62301706,bengali,fake,rvc,rvc_fixed_081_Phagooner Mohonaye.mp3_22k.wav,17,10
36bfebdc2e32c8b4ded3080c3cc314ca,bengali,fake,rvc,rvc_fixed_081_Phagooner Mohonaye.mp3_22k.wav,18,10
042890b1875478e7a1ba552ad4343903,bengali,fake,rvc,rvc_fixed_081_Phagooner Mohonaye.mp3_22k.wav,19,10
0e6fe0a1615198dc86fedf545bf5a3c7,bengali,fake,rvc,rvc_fixed_081_Phagooner Mohonaye.mp3_22k.wav,20,10
71c51c6d96545747217c9dc6728e4acb,bengali,fake,rvc,rvc_fixed_081_Phagooner Mohonaye.mp3_22k.wav,21,10
99e6079c283b66bcb6383e3bcfeab873,bengali,fake,rvc,rvc_fixed_084_Sheeter Hawaay.mp3_22k.wav,0,10
1d75c07a61cbc00de7b646dba6435dfb,bengali,fake,rvc,rvc_fixed_084_Sheeter Hawaay.mp3_22k.wav,1,10
3dcc58cca30debd739706c635b9f2583,bengali,fake,rvc,rvc_fixed_084_Sheeter Hawaay.mp3_22k.wav,2,10
81fafa78d7043528a6abb89e7a2c2b22,bengali,fake,rvc,rvc_fixed_084_Sheeter Hawaay.mp3_22k.wav,3,10
82c202f7b821add6fb827879cb185386,bengali,fake,rvc,rvc_fixed_084_Sheeter Hawaay.mp3_22k.wav,4,10
69bfb1dcb45b9202ccecb0a6dfb6b547,bengali,fake,rvc,rvc_fixed_084_Sheeter Hawaay.mp3_22k.wav,5,10
91b5853c29a2df75c1ab9c4d3a826ede,bengali,fake,rvc,rvc_fixed_084_Sheeter Hawaay.mp3_22k.wav,6,10
8ba585dcb326c5109937a77d0c790f51,bengali,fake,rvc,rvc_fixed_084_Sheeter Hawaay.mp3_22k.wav,7,10
f61b6db9ea71289c5cf98de807158b62,bengali,fake,rvc,rvc_fixed_084_Sheeter Hawaay.mp3_22k.wav,8,10
dd49b0ec8fcc2d2b3681e8a91f306267,bengali,fake,rvc,rvc_fixed_084_Sheeter Hawaay.mp3_22k.wav,9,10
f6dff32bb6b862e808b80a73a93c0021,bengali,fake,rvc,rvc_fixed_084_Sheeter Hawaay.mp3_22k.wav,10,10
aaddd742327525707c66babcb1535919,bengali,fake,rvc,rvc_fixed_084_Sheeter Hawaay.mp3_22k.wav,11,10
ab5c448a1c85ccb41e538e9ce1987acb,bengali,fake,rvc,rvc_fixed_084_Sheeter Hawaay.mp3_22k.wav,12,10
2f3a4894a06b609fd5254adb66ac399a,bengali,fake,rvc,rvc_fixed_084_Sheeter Hawaay.mp3_22k.wav,13,10
9534cb4582f300bbafa8a830b3619e3a,bengali,fake,rvc,rvc_fixed_084_Sheeter Hawaay.mp3_22k.wav,14,10
8f7b354d54467d4fa1155588f0821a2a,bengali,fake,rvc,rvc_fixed_084_Sheeter Hawaay.mp3_22k.wav,15,10
e83b7f34461698abf44856837fc3287f,bengali,fake,rvc,rvc_fixed_084_Sheeter Hawaay.mp3_22k.wav,16,10
0dbd8d66b704ff28badcbe9f525ff5b2,bengali,fake,rvc,rvc_fixed_084_Sheeter Hawaay.mp3_22k.wav,17,10
a54299c4c23249a4675053be1a1aae1d,bengali,fake,rvc,rvc_fixed_084_Sheeter Hawaay.mp3_22k.wav,18,10
af8d63af7f1e737ec56b87d5294691e0,bengali,fake,rvc,rvc_fixed_084_Sheeter Hawaay.mp3_22k.wav,19,10
76c00e7594ec3439a447df2eeb8f3cec,bengali,fake,rvc,rvc_fixed_084_Sheeter Hawaay.mp3_22k.wav,20,10
2484c81012b1975bfbb7cb61376d98cd,bengali,fake,rvc,rvc_fixed_084_Sheeter Hawaay.mp3_22k.wav,21,10
d34a599cebd406cc597ec8d0651da75f,bengali,fake,rvc,rvc_fixed_084_Sheeter Hawaay.mp3_22k.wav,22,10
f7f6b9050a6d7d0ca98d99354d953a75,bengali,fake,rvc,rvc_fixed_084_Sheeter Hawaay.mp3_22k.wav,23,10
6362cb20425bf491b9fe916ff4bbe8a8,bengali,fake,rvc,rvc_fixed_084_Sheeter Hawaay.mp3_22k.wav,24,10
39005cb5c8b0a54766edb91bdc338982,bengali,fake,rvc,rvc_fixed_084_Sheeter Hawaay.mp3_22k.wav,25,10
84c4c0897f190d5bdb4e3e2efeeace16,bengali,fake,rvc,rvc_fixed_084_Sheeter Hawaay.mp3_22k.wav,26,10
9cd8f8508c5c52c8ce9ad777e383e908,bengali,fake,rvc,rvc_fixed_084_Sheeter Hawaay.mp3_22k.wav,27,10
5847bd610dca9fb1ce314dc1fe5deec0,bengali,fake,rvc,rvc_fixed_084_Sheeter Hawaay.mp3_22k.wav,28,10
026047d724345b8a5f6da120b6aa41eb,bengali,fake,rvc,rvc_fixed_084_Sheeter Hawaay.mp3_22k.wav,29,10
4fe179f5f13eb03242bec92b4aacc315,bengali,fake,rvc,rvc_fixed_084_Sheeter Hawaay.mp3_22k.wav,30,10
7e69c01cb25a734338992c2b622580b6,bengali,fake,rvc,rvc_fixed_084_Sheeter Hawaay.mp3_22k.wav,31,10
acd2accb8c74c82b19a135122fbb7a8d,bengali,fake,rvc,rvc_fixed_084_Sheeter Hawaay.mp3_22k.wav,32,10
c4999556ecad8cca09d041d7bf8caf95,bengali,fake,rvc,rvc_fixed_084_Sheeter Hawaay.mp3_22k.wav,33,10
2a76d0255b3038e6b5980c2820f2a361,bengali,fake,rvc,rvc_fixed_084_Sheeter Hawaay.mp3_22k.wav,34,10
08d458f08d1334484990813371b3754f,bengali,fake,rvc,rvc_fixed_084_Sheeter Hawaay.mp3_22k.wav,35,10
e16fbcf70417f469c3a440e48235864b,bengali,fake,rvc,rvc_fixed_084_Sheeter Hawaay.mp3_22k.wav,36,10
619c7978583704223a5852385a484412,bengali,fake,rvc,rvc_fixed_084_Sheeter Hawaay.mp3_22k.wav,37,10
ff9a5097d24e2d81b88dcf6f5fb19f97,bengali,fake,rvc,rvc_fixed_084_Sheeter Hawaay.mp3_22k.wav,38,10
962bb9854f85f6c5b04deb19eab98eb4,bengali,fake,rvc,rvc_fixed_084_Sheeter Hawaay.mp3_22k.wav,39,10
e2b1984a2a434623523334539e526c5a,bengali,fake,rvc,rvc_fixed_084_Sheeter Hawaay.mp3_22k.wav,40,10
7b5b19689dac71b3a4243788e325ff54,bengali,fake,rvc,rvc_fixed_084_Sheeter Hawaay.mp3_22k.wav,41,10
1773d01e558e441f4e0748eeb709148a,bengali,fake,rvc,rvc_fixed_084_Sheeter Hawaay.mp3_22k.wav,42,10
