sample_id,language,label,method,original_filename,clip_index,duration_seconds
bce43657f91d12079997b0167351b908,output,fake,sovits,anime_kawaii_girl_001_Alo Bau Lo Bau _ Folk _ Sudha Mishra.wav,0,10
8334779f496f86ec191862797ccadbbb,output,fake,sovits,anime_kawaii_girl_001_Alo Bau Lo Bau _ Folk _ Sudha Mishra.wav,1,10
e255d1c53d58ead99fbee0236c4514d9,output,fake,sovits,anime_kawaii_girl_001_Alo Bau Lo Bau _ Folk _ Sudha Mishra.wav,2,10
16e7f2941da3e079b372a838f70dca7d,output,fake,sovits,anime_kawaii_girl_001_Alo Bau Lo Bau _ Folk _ Sudha Mishra.wav,3,10
e69b56a8d9d7f301e0a67b53f59b6a88,output,fake,sovits,anime_kawaii_girl_001_Alo Bau Lo Bau _ Folk _ Sudha Mishra.wav,4,10
553cd706decb1de31bc59049586c4e8b,output,fake,sovits,anime_kawaii_girl_001_Alo Bau Lo Bau _ Folk _ Sudha Mishra.wav,5,10
9e711adc76844681b5900f7cb6c92afb,output,fake,sovits,anime_kawaii_girl_001_Alo Bau Lo Bau _ Folk _ Sudha Mishra.wav,6,10
1a49d562f683d75ba965f277e5dd5cd6,output,fake,sovits,anime_kawaii_girl_001_Alo Bau Lo Bau _ Folk _ Sudha Mishra.wav,7,10
e73a2d0666143ae455211c0ec6e454d3,output,fake,sovits,anime_kawaii_girl_001_Alo Bau Lo Bau _ Folk _ Sudha Mishra.wav,8,10
2f0f5c6233ac078c78a2d4addb3cc449,output,fake,sovits,anime_kawaii_girl_001_Alo Bau Lo Bau _ Folk _ Sudha Mishra.wav,9,10
a2ad8fb8ac221f184f038e0069d9d293,output,fake,sovits,anime_kawaii_girl_001_Alo Bau Lo Bau _ Folk _ Sudha Mishra.wav,10,10
09b618141d72105a7629250f0cee0d3e,output,fake,sovits,anime_kawaii_girl_001_Alo Bau Lo Bau _ Folk _ Sudha Mishra.wav,11,10
2a472aa05e9373cc5c482dae7c9e1ec3,output,fake,sovits,anime_kawaii_girl_001_Alo Bau Lo Bau _ Folk _ Sudha Mishra.wav,12,10
bae1173cbb1e08f93106b33f8868df00,output,fake,sovits,anime_kawaii_girl_001_Alo Bau Lo Bau _ Folk _ Sudha Mishra.wav,13,10
2a034a25c6f6a88500673e07138b84e2,output,fake,sovits,anime_kawaii_girl_001_Alo Bau Lo Bau _ Folk _ Sudha Mishra.wav,14,10
ec51f0d0e7f93cd19982a7da2a65c90f,output,fake,sovits,anime_kawaii_girl_001_Alo Bau Lo Bau _ Folk _ Sudha Mishra.wav,15,10
62c5138375dbd0effd09d6e4ac547096,output,fake,sovits,anime_kawaii_girl_001_Alo Bau Lo Bau _ Folk _ Sudha Mishra.wav,16,10
0885443c692d46d4a401d3668cba9c78,output,fake,sovits,anime_kawaii_girl_001_Alo Bau Lo Bau _ Folk _ Sudha Mishra.wav,17,10
e7b492146f7675add96e4d127de3a0b8,output,fake,sovits,anime_kawaii_girl_001_Alo Bau Lo Bau _ Folk _ Sudha Mishra.wav,18,10
e20cb3b0886e4a14a380710f3c39a5c4,output,fake,sovits,anime_kawaii_girl_001_Alo Bau Lo Bau _ Folk _ Sudha Mishra.wav,19,10
3a44e01d28f58ab5507278b72565f8eb,output,fake,sovits,anime_kawaii_girl_001_Alo Bau Lo Bau _ Folk _ Sudha Mishra.wav,20,10
b157f76644e3ce4a881afcabd88f582a,output,fake,sovits,anime_kawaii_girl_001_Alo Bau Lo Bau _ Folk _ Sudha Mishra.wav,21,10
05c6a829d008eb82f1384bd731b6f285,output,fake,sovits,anime_kawaii_girl_001_Alo Bau Lo Bau _ Folk _ Sudha Mishra.wav,22,10
f354a6b67e01f499859339db57fba10e,output,fake,sovits,anime_kawaii_girl_001_Alo Bau Lo Bau _ Folk _ Sudha Mishra.wav,23,10
159806266230a50c2c6eff595094c265,output,fake,sovits,anime_kawaii_girl_001_Alo Bau Lo Bau _ Folk _ Sudha Mishra.wav,24,10
007ebc492672610362f48817a4377d00,output,fake,sovits,anime_kawaii_girl_001_Alo Bau Lo Bau _ Folk _ Sudha Mishra.wav,25,10
62ab93344287799bfc9b072ceccda94b,output,fake,sovits,anime_kawaii_girl_001_Alo Bau Lo Bau _ Folk _ Sudha Mishra.wav,26,10
83537a8e895149d0c59af719869bd55b,output,fake,sovits,anime_kawaii_girl_001_Alo Bau Lo Bau _ Folk _ Sudha Mishra.wav,27,10
ae45f774cb3c7e1d62f2be1b40f70f56,output,fake,sovits,anime_kawaii_girl_001_Alo Bau Lo Bau _ Folk _ Sudha Mishra.wav,28,10
9d179937e525020d39a0ccb6e75f19bb,output,fake,sovits,anime_kawaii_girl_001_Alo Bau Lo Bau _ Folk _ Sudha Mishra.wav,29,10
0529c5166c2927c4671034788e17f16a,output,fake,sovits,anime_kawaii_girl_001_Alo Bau Lo Bau _ Folk _ Sudha Mishra.wav,30,10
1a457ea3bd40a2240ead8add7566e4b5,output,fake,sovits,anime_kawaii_girl_001_Alo Bau Lo Bau _ Folk _ Sudha Mishra.wav,31,10
38ff82b4c94ece070d5161ca979fff21,output,fake,sovits,anime_kawaii_girl_001_Alo Bau Lo Bau _ Folk _ Sudha Mishra.wav,32,10
09a002dee150a9eeb0d2b6b7266f1e5a,output,fake,sovits,anime_kawaii_girl_001_Alo Bau Lo Bau _ Folk _ Sudha Mishra.wav,33,10
80f23987672f7d4719ee85ad03d4ad0e,output,fake,sovits,anime_kawaii_girl_001_Alo Bau Lo Bau _ Folk _ Sudha Mishra.wav,34,10
364254261d8558b17fcc2877db88875c,output,fake,sovits,anime_kawaii_girl_001_Alo Bau Lo Bau _ Folk _ Sudha Mishra.wav,35,10
43539fde5b2071ba203f5aa565022226,output,fake,sovits,anime_kawaii_girl_001_Alo Bau Lo Bau _ Folk _ Sudha Mishra.wav,36,10
2b911a6b7bded33b79b8729c95d0df1d,output,fake,sovits,anime_kawaii_girl_001_Alo Bau Lo Bau _ Folk _ Sudha Mishra.wav,37,10
6b1deeff38edff68a07546d6bb5ac9e4,output,fake,sovits,anime_kawaii_girl_001_Alo Bau Lo Bau _ Folk _ Sudha Mishra.wav,38,10
dfbb6768af0895ca5cc6f3f26faf1eb6,output,fake,sovits,anime_kawaii_girl_001_Alo Bau Lo Bau _ Folk _ Sudha Mishra.wav,39,10
14bdb3135a5b84c54e27be9699c74069,output,fake,sovits,anime_kawaii_girl_001_Alo Bau Lo Bau _ Folk _ Sudha Mishra.wav,40,10
97b8ca4ef027347e9ba9804d9ea586bb,output,fake,sovits,anime_kawaii_girl_001_Alo Bau Lo Bau _ Folk _ Sudha Mishra.wav,41,10
1d50e2e2db8461e70459d2c547ca9cfc,output,fake,sovits,anime_kawaii_girl_001_Alo Bau Lo Bau _ Folk _ Sudha Mishra.wav,42,10
fdf2eb824bb7de9b862d94f3a035882d,output,fake,sovits,anime_kawaii_girl_001_Alo Bau Lo Bau _ Folk _ Sudha Mishra.wav,43,10
68525f3e849a7c2ca4bcb6f35341b6ad,output,fake,sovits,anime_kawaii_girl_001_Alo Bau Lo Bau _ Folk _ Sudha Mishra.wav,44,10
7b2f2ea34988a593f3ae8ebe1efc7c24,output,fake,sovits,anime_kawaii_girl_001_Alo Bau Lo Bau _ Folk _ Sudha Mishra.wav,45,10
6588ed24bd85e8dcb69336e7123c4016,output,fake,sovits,anime_kawaii_girl_001_Alo Bau Lo Bau _ Folk _ Sudha Mishra.wav,46,10
c3b7f4ab63f5f0368414527a98599c69,output,fake,sovits,anime_kawaii_girl_001_Alo Bau Lo Bau _ Folk _ Sudha Mishra.wav,47,10
e749b689c8b7017f341b3779ee2eae49,output,fake,sovits,anime_kawaii_girl_001_Alo Bau Lo Bau _ Folk _ Sudha Mishra.wav,48,10
cc5289bedd57c3a526e992afd2a1875b,output,fake,sovits,anime_kawaii_girl_001_Alo Bau Lo Bau _ Folk _ Sudha Mishra.wav,49,10
da508b34153e73ad58d45b1f21d1a247,output,fake,sovits,anime_kawaii_girl_001_Alo Bau Lo Bau _ Folk _ Sudha Mishra.wav,50,10
6b7446249ee5e5418b0df2746a80bbe1,output,fake,sovits,anime_kawaii_girl_001_Alo Bau Lo Bau _ Folk _ Sudha Mishra.wav,51,10
279d854471a82eaa5a91c47e1ddeea45,output,fake,sovits,anime_kawaii_girl_001_Alo Bau Lo Bau _ Folk _ Sudha Mishra.wav,52,10
7eddcfa8354e2cb0e7ba4a70fa598a2d,output,fake,sovits,anime_kawaii_girl_001_Alo Bau Lo Bau _ Folk _ Sudha Mishra.wav,53,10
f82d8e6c30f1d939a34d60f6db0b58c9,output,fake,sovits,anime_kawaii_girl_001_Alo Bau Lo Bau _ Folk _ Sudha Mishra.wav,54,10
0226f777098cd19474619c462e45e896,output,fake,sovits,anime_kawaii_girl_001_Alo Bau Lo Bau _ Folk _ Sudha Mishra.wav,55,10
59efde9695f01b2f5dd1732b694e1153,output,fake,sovits,anime_kawaii_girl_001_Alo Bau Lo Bau _ Folk _ Sudha Mishra.wav,56,10
01f96b2be3a0a2aac08635f3bf6e1481,output,fake,sovits,anime_kawaii_girl_001_Alo Bau Lo Bau _ Folk _ Sudha Mishra.wav,57,10
eb58d22cd506a086b7c5859ecb2c82e7,output,fake,sovits,anime_kawaii_girl_001_Alo Bau Lo Bau _ Folk _ Sudha Mishra.wav,58,10
534f0d5bb138c7da46935975b1ee866f,output,fake,sovits,anime_kawaii_girl_001_Alo Bau Lo Bau _ Folk _ Sudha Mishra.wav,59,10
97624c8a8f2da842a80601d296907022,output,fake,sovits,anime_kawaii_girl_001_Alo Bau Lo Bau _ Folk _ Sudha Mishra.wav,60,10
e357ccf2cc9b335760ee35f60d54ce4f,output,fake,sovits,anime_kawaii_girl_001_Alo Bau Lo Bau _ Folk _ Sudha Mishra.wav,61,10
8506ae708dd62ce165c669cb7ecb031e,output,fake,sovits,anime_kawaii_girl_001_Alo Bau Lo Bau _ Folk _ Sudha Mishra.wav,62,10
8ab991a40cc65c679f563867dd752061,output,fake,sovits,anime_kawaii_girl_001_Alo Bau Lo Bau _ Folk _ Sudha Mishra.wav,63,10
5539fd32fc3ad2ea1eace9fadef6d525,output,fake,sovits,anime_kawaii_girl_001_Alo Bau Lo Bau _ Folk _ Sudha Mishra.wav,64,10
93cae65c46f9b6ce84359fc3aaa95672,output,fake,sovits,anime_kawaii_girl_001_Alo Bau Lo Bau _ Folk _ Sudha Mishra.wav,65,10
1aad1d8da65fe394df9c6b7df0292b1c,output,fake,sovits,anime_kawaii_girl_001_Alo Bau Lo Bau _ Folk _ Sudha Mishra.wav,66,10
eabf1744a1cc22ad25915208e9c07bd4,output,fake,sovits,anime_kawaii_girl_001_Alo Bau Lo Bau _ Folk _ Sudha Mishra.wav,67,10
0fd4b97be7a10f7b03940229fc4f827b,output,fake,sovits,anime_kawaii_girl_001_Alo Bau Lo Bau _ Folk _ Sudha Mishra.wav,68,10
637de0ddf6825c72fc095ba9b7e1d95e,output,fake,sovits,anime_kawaii_girl_001_Alo Bau Lo Bau _ Folk _ Sudha Mishra.wav,69,10
405a12c748742c5ff7fea02caac1b4fd,output,fake,sovits,anime_kawaii_girl_001_Alo Bau Lo Bau _ Folk _ Sudha Mishra.wav,70,10
894226c866fe804fdc563bea8c72a912,output,fake,sovits,anime_kawaii_girl_001_Alo Bau Lo Bau _ Folk _ Sudha Mishra.wav,71,10
698ff01f6391d5f4673fcb5030dc75fb,output,fake,sovits,anime_kawaii_girl_001_Alo Bau Lo Bau _ Folk _ Sudha Mishra.wav,72,10
48574e4d258cbb98304b55fe9f4c65dd,output,fake,sovits,anime_kawaii_girl_001_Alo Bau Lo Bau _ Folk _ Sudha Mishra.wav,73,10
8437eb7ab1674e387c65de2f46460f95,output,fake,sovits,anime_kawaii_girl_001_Alo Bau Lo Bau _ Folk _ Sudha Mishra.wav,74,10
cc228852a2bcb572444626fdebce9b84,output,fake,sovits,anime_kawaii_girl_001_Alo Bau Lo Bau _ Folk _ Sudha Mishra.wav,75,10
31baeaf879a58adb7c6b6dce70d1cdbb,output,fake,sovits,anime_kawaii_girl_001_Alo Bau Lo Bau _ Folk _ Sudha Mishra.wav,76,10
fc92c1a669af2ef35d0388675ad2ee3b,output,fake,sovits,anime_kawaii_girl_001_Alo Bau Lo Bau _ Folk _ Sudha Mishra.wav,77,10
a8cfae4f8d5591929bfd5558f85e5839,output,fake,sovits,anime_kawaii_girl_001_Alo Bau Lo Bau _ Folk _ Sudha Mishra.wav,78,10
72882a68f5daec2503bdc0268ab4bbee,output,fake,sovits,anime_kawaii_girl_001_Alo Bau Lo Bau _ Folk _ Sudha Mishra.wav,79,10
3e681aadcc682ef3efaf09adbf25de73,output,fake,sovits,anime_kawaii_girl_001_Alo Bau Lo Bau _ Folk _ Sudha Mishra.wav,80,10
e8df148b4ae8b7884ba56f31d3254c06,output,fake,sovits,anime_kawaii_girl_001_Alo Bau Lo Bau _ Folk _ Sudha Mishra.wav,81,10
3d8c0496204bccd8326bd4e17577b45d,output,fake,sovits,anime_kawaii_girl_001_Alo Bau Lo Bau _ Folk _ Sudha Mishra.wav,82,10
78abbbbdd82011764d1fbacb8846eceb,output,fake,sovits,anime_kawaii_girl_001_Alo Bau Lo Bau _ Folk _ Sudha Mishra.wav,83,10
cb898c065cbdc70ba46c4fdddf5adfad,output,fake,sovits,anime_kawaii_girl_001_Alo Bau Lo Bau _ Folk _ Sudha Mishra.wav,84,10
abb3a5cd3805e25523b82aa63753fe7a,output,fake,sovits,anime_kawaii_girl_001_Alo Bau Lo Bau _ Folk _ Sudha Mishra.wav,85,10
005bd4f2131d7503722ce9c3533de58e,output,fake,sovits,anime_kawaii_girl_001_Alo Bau Lo Bau _ Folk _ Sudha Mishra.wav,86,10
518b616004617ac05079f27c8bcf42ec,output,fake,sovits,anime_kawaii_girl_001_Alo Bau Lo Bau _ Folk _ Sudha Mishra.wav,87,10
ae4bd8d2abf25f1ce294bdfc8c9e7e25,output,fake,sovits,anime_kawaii_girl_001_Alo Bau Lo Bau _ Folk _ Sudha Mishra.wav,88,10
a849e6917ccd16db7d0b480407e75380,output,fake,sovits,anime_kawaii_girl_001_Alo Bau Lo Bau _ Folk _ Sudha Mishra.wav,89,10
e260600b3888f381e4f677844bfbb4a1,output,fake,sovits,anime_kawaii_girl_001_Alo Bau Lo Bau _ Folk _ Sudha Mishra.wav,90,10
5221c268fd9387064d12260bbed4f3d6,output,fake,sovits,anime_kawaii_girl_001_Alo Bau Lo Bau _ Folk _ Sudha Mishra.wav,91,10
53f739ee32e1b0d39d457d52802d7115,output,fake,sovits,anime_kawaii_girl_001_Alo Bau Lo Bau _ Folk _ Sudha Mishra.wav,92,10
af6448960e95866cedc0a0d30f5d2d69,output,fake,sovits,anime_kawaii_girl_001_Alo Bau Lo Bau _ Folk _ Sudha Mishra.wav,93,10
c9b7d9a6a479e1954b4af8493f9b3655,output,fake,sovits,anime_kawaii_girl_001_Alo Bau Lo Bau _ Folk _ Sudha Mishra.wav,94,10
d7241012d1d9eb52b207bd845e0320f7,output,fake,sovits,anime_kawaii_girl_001_Alo Bau Lo Bau _ Folk _ Sudha Mishra.wav,95,10
b5b283f2d84dd5fee32269f49a46606a,output,fake,sovits,anime_kawaii_girl_001_Alo Bau Lo Bau _ Folk _ Sudha Mishra.wav,96,10
5f6f1842c7da32a0bc6c514ec42dffe4,output,fake,sovits,anime_kawaii_girl_001_Alo Bau Lo Bau _ Folk _ Sudha Mishra.wav,97,10
6a4a267c2ba65ab77f23ba130094d137,output,fake,sovits,anime_kawaii_girl_001_Alo Bau Lo Bau _ Folk _ Sudha Mishra.wav,98,10
dbd96575393757a8cec42e2d490fb9cb,output,fake,sovits,anime_kawaii_girl_001_Alo Bau Lo Bau _ Folk _ Sudha Mishra.wav,99,10
33fd5104a4c92bc20bf2c7201ee4f0ee,output,fake,sovits,anime_kawaii_girl_001_Alo Bau Lo Bau _ Folk _ Sudha Mishra.wav,100,10
9fa43a383b347a4db5fbfbd55f8efeca,output,fake,sovits,anime_kawaii_girl_001_Alo Bau Lo Bau _ Folk _ Sudha Mishra.wav,101,10
8ff78f641593dcf6c831fd152d1a3a58,output,fake,sovits,anime_kawaii_girl_001_Alo Bau Lo Bau _ Folk _ Sudha Mishra.wav,102,10
0d61af401775e563f06824743bf9e2f9,output,fake,sovits,anime_kawaii_girl_001_Alo Bau Lo Bau _ Folk _ Sudha Mishra.wav,103,10
d112be216af9f3d254f59a011c3f02a8,output,fake,sovits,anime_kawaii_girl_001_Alo Bau Lo Bau _ Folk _ Sudha Mishra.wav,104,10
c942fc2f6ecc6f0a3cf745ffb3102f4b,output,fake,sovits,anime_kawaii_girl_001_Alo Bau Lo Bau _ Folk _ Sudha Mishra.wav,105,10
f0a2f0c425e4c3076882afe148679cd5,output,fake,sovits,anime_kawaii_girl_001_Alo Bau Lo Bau _ Folk _ Sudha Mishra.wav,106,10
bd9fd7e0f1bcdd71119426edf2553d14,output,fake,sovits,anime_kawaii_girl_001_Alo Bau Lo Bau _ Folk _ Sudha Mishra.wav,107,10
b1a7ed7af8d296552090286abab9ac98,output,fake,sovits,anime_kawaii_girl_001_Alo Bau Lo Bau _ Folk _ Sudha Mishra.wav,108,10
c4d9b535df27c26f855540f9c5668b1f,output,fake,sovits,anime_kawaii_girl_001_Alo Bau Lo Bau _ Folk _ Sudha Mishra.wav,109,10
b17ba2650343c20cee82e25e22006778,output,fake,sovits,anime_kawaii_girl_001_Alo Bau Lo Bau _ Folk _ Sudha Mishra.wav,110,10
9d6d6f485b97d66ab4eb884e691b4bb7,output,fake,sovits,anime_kawaii_girl_001_Alo Bau Lo Bau _ Folk _ Sudha Mishra.wav,111,10
e2b1ea0b5e5be7ea19beb7a6dd3df1c2,output,fake,sovits,anime_kawaii_girl_001_Alo Bau Lo Bau _ Folk _ Sudha Mishra.wav,112,10
d1f27c14bca66312cc4cb36e07df5555,output,fake,sovits,anime_kawaii_girl_001_Alo Bau Lo Bau _ Folk _ Sudha Mishra.wav,113,10
ca7a374e09a8337d6caeb2391e9a343b,output,fake,sovits,anime_kawaii_girl_001_Alo Bau Lo Bau _ Folk _ Sudha Mishra.wav,114,10
303f68d21f562f69c8cf977f892cec44,output,fake,sovits,anime_kawaii_girl_001_Alo Bau Lo Bau _ Folk _ Sudha Mishra.wav,115,10
f26c791d21f2a976694733fbd25e38f7,output,fake,sovits,anime_kawaii_girl_001_Alo Bau Lo Bau _ Folk _ Sudha Mishra.wav,116,10
458bbe78038271cf536ae681448ccfb8,output,fake,sovits,anime_kawaii_girl_001_Alo Bau Lo Bau _ Folk _ Sudha Mishra.wav,117,10
0739b98d2de7881423fc23b6f120117e,output,fake,sovits,anime_kawaii_girl_001_Alo Bau Lo Bau _ Folk _ Sudha Mishra.wav,118,10
6302845b64a80c601258f7390ecbece6,output,fake,sovits,anime_kawaii_girl_001_Alo Bau Lo Bau _ Folk _ Sudha Mishra.wav,119,10
3242c1c06c16b4a40e684501472c4a52,output,fake,sovits,anime_kawaii_girl_001_Alo Bau Lo Bau _ Folk _ Sudha Mishra.wav,120,10
015b4255354047601db2258aebfc6e68,output,fake,sovits,anime_kawaii_girl_001_Alo Bau Lo Bau _ Folk _ Sudha Mishra.wav,121,10
702308250cdeb4d11646af72e14a0e84,output,fake,sovits,anime_kawaii_girl_001_Alo Bau Lo Bau _ Folk _ Sudha Mishra.wav,122,10
652ac6226bcd38b27d7eec4bc36e00dd,output,fake,sovits,anime_kawaii_girl_001_Alo Bau Lo Bau _ Folk _ Sudha Mishra.wav,123,10
706997e5c8ca5c41878352f7858476bf,output,fake,sovits,anime_kawaii_girl_001_Alo Bau Lo Bau _ Folk _ Sudha Mishra.wav,124,10
cd16f018f6f81aa26c372b62181157e2,output,fake,sovits,anime_kawaii_girl_001_Alo Bau Lo Bau _ Folk _ Sudha Mishra.wav,125,10
92662e7d6031c7e493ef489d314f56c2,output,fake,sovits,anime_kawaii_girl_001_Alo Bau Lo Bau _ Folk _ Sudha Mishra.wav,126,10
0631ba021d83c256a176e28b1e8a39ba,output,fake,sovits,anime_kawaii_girl_001_Alo Bau Lo Bau _ Folk _ Sudha Mishra.wav,127,10
b65bb56f52fa783892b22a8bbcde9424,output,fake,sovits,anime_kawaii_girl_001_Alo Bau Lo Bau _ Folk _ Sudha Mishra.wav,128,10
5a02b9bc03579aed9457c4be548fd28c,output,fake,sovits,anime_kawaii_girl_001_Alo Bau Lo Bau _ Folk _ Sudha Mishra.wav,129,10
fb9e1b795038f20d306557949c53ff63,output,fake,sovits,anime_kawaii_girl_001_Alo Bau Lo Bau _ Folk _ Sudha Mishra.wav,130,10
fdf6bc3b47b2da6857b5be1f6214062c,output,fake,sovits,anime_kawaii_girl_001_Alo Bau Lo Bau _ Folk _ Sudha Mishra.wav,131,10
cbdf442ecee6ad5544ffaf0712a43e53,output,fake,sovits,anime_kawaii_girl_001_Alo Bau Lo Bau _ Folk _ Sudha Mishra.wav,132,10
9c05f9ea79d789cafa26e8de45a35436,output,fake,sovits,anime_kawaii_girl_001_Alo Bau Lo Bau _ Folk _ Sudha Mishra.wav,133,10
5851db1750ac038675ad9870a441c371,output,fake,sovits,anime_kawaii_girl_001_Alo Bau Lo Bau _ Folk _ Sudha Mishra.wav,134,10
43e5b81bed32c117d6b6843d3bf58de1,output,fake,sovits,anime_kawaii_girl_001_Alo Bau Lo Bau _ Folk _ Sudha Mishra.wav,135,10
7721599f3a51c6c0f0ef4678a37fa194,output,fake,sovits,anime_kawaii_girl_001_Alo Bau Lo Bau _ Folk _ Sudha Mishra.wav,136,10
f14671eded45524b4cfa07a1e15aef94,output,fake,sovits,anime_kawaii_girl_001_Alo Bau Lo Bau _ Folk _ Sudha Mishra.wav,137,10
bafa81194faace2b3a009c96b709205b,output,fake,sovits,anime_kawaii_girl_001_Alo Bau Lo Bau _ Folk _ Sudha Mishra.wav,138,10
7de96b36c1b3599ae5b4f19ca7d81917,output,fake,sovits,anime_kawaii_girl_001_Alo Bau Lo Bau _ Folk _ Sudha Mishra.wav,139,10
d988ccf5957f237eb09e5bf55f268f6b,output,fake,sovits,anime_kawaii_girl_001_Alo Bau Lo Bau _ Folk _ Sudha Mishra.wav,140,10
726c1c190d6c9f640b5cf2676d708d11,output,fake,sovits,anime_kawaii_girl_001_Alo Bau Lo Bau _ Folk _ Sudha Mishra.wav,141,10
126ba199bfbbbac1b79d7d6e434735d7,output,fake,sovits,anime_kawaii_girl_001_Alo Bau Lo Bau _ Folk _ Sudha Mishra.wav,142,10
557d61958161660d63f364fddc6316b5,output,fake,sovits,anime_kawaii_girl_001_Alo Bau Lo Bau _ Folk _ Sudha Mishra.wav,143,10
59a58ea0f2d2ec28e9b653a76ff4f67b,output,fake,sovits,anime_kawaii_girl_001_Alo Bau Lo Bau _ Folk _ Sudha Mishra.wav,144,10
7a4e2cfc247723119ac2d1fc73ae791f,output,fake,sovits,anime_kawaii_girl_001_Alo Bau Lo Bau _ Folk _ Sudha Mishra.wav,145,10
65927a1e2e6e013700be4a1390917abc,output,fake,sovits,anime_kawaii_girl_001_Alo Bau Lo Bau _ Folk _ Sudha Mishra.wav,146,10
e6c0bd04fccd522e55f03bdc186b4e45,output,fake,sovits,anime_kawaii_girl_001_Alo Bau Lo Bau _ Folk _ Sudha Mishra.wav,147,10
1fd75329fd2d924608a02bb2c1d0832a,output,fake,sovits,anime_kawaii_girl_001_Alo Bau Lo Bau _ Folk _ Sudha Mishra.wav,148,10
9af03a8c6c46859a81f8ece2ede0b18d,output,fake,sovits,anime_kawaii_girl_001_Alo Bau Lo Bau _ Folk _ Sudha Mishra.wav,149,10
a885145b7207c510e96bbfc997d91325,output,fake,sovits,anime_kawaii_girl_001_Alo Bau Lo Bau _ Folk _ Sudha Mishra.wav,150,10
279d9d3faf35eb2485e5c7f17c27c04a,output,fake,sovits,anime_kawaii_girl_001_Alo Bau Lo Bau _ Folk _ Sudha Mishra.wav,151,10
333ce71e75031264ea626381156e771d,output,fake,sovits,anime_kawaii_girl_001_Alo Bau Lo Bau _ Folk _ Sudha Mishra.wav,152,10
7cc26650f1453051e4b790671e0c5a2b,output,fake,sovits,anime_kawaii_girl_001_Alo Bau Lo Bau _ Folk _ Sudha Mishra.wav,153,10
c069d6ce3dbf46834ae130db9fa0e25e,output,fake,sovits,anime_kawaii_girl_001_Alo Bau Lo Bau _ Folk _ Sudha Mishra.wav,154,10
15e4beee34588a4c13fe3cc0d45d3633,output,fake,sovits,anime_kawaii_girl_001_Alo Bau Lo Bau _ Folk _ Sudha Mishra.wav,155,10
7c04a4ffca634ac50544411362800223,output,fake,sovits,anime_kawaii_girl_001_Alo Bau Lo Bau _ Folk _ Sudha Mishra.wav,156,10
10d9116ea01511997f53929dda120b8f,output,fake,sovits,anime_kawaii_girl_001_Alo Bau Lo Bau _ Folk _ Sudha Mishra.wav,157,10
0bb256c1f3bdcb2554c1e44d06cf96e9,output,fake,sovits,anime_kawaii_girl_001_Alo Bau Lo Bau _ Folk _ Sudha Mishra.wav,158,10
3dd4cbe4b2ee040ffeb5766150ab4c80,output,fake,sovits,anime_kawaii_girl_001_Alo Bau Lo Bau _ Folk _ Sudha Mishra.wav,159,10
cfb23d1a31ca63a4c42df0b0d61a62ff,output,fake,sovits,anime_kawaii_girl_001_Alo Bau Lo Bau _ Folk _ Sudha Mishra.wav,160,10
3f0df8494a407da2eddf5d81c8957c2b,output,fake,sovits,anime_kawaii_girl_001_Alo Bau Lo Bau _ Folk _ Sudha Mishra.wav,161,10
8e40ef3dfdb707b6f6c118053459d52c,output,fake,sovits,anime_kawaii_girl_001_Alo Bau Lo Bau _ Folk _ Sudha Mishra.wav,162,10
d733c7ca9a59b0e1a0dc212062cb7a82,output,fake,sovits,anime_kawaii_girl_001_Alo Bau Lo Bau _ Folk _ Sudha Mishra.wav,163,10
74bbf543bd47e763d581e0229f54836d,output,fake,sovits,anime_kawaii_girl_001_Alo Bau Lo Bau _ Folk _ Sudha Mishra.wav,164,10
fa1ac31bb1d82d45bd74c3779d5b0bdc,output,fake,sovits,anime_kawaii_girl_001_Alo Bau Lo Bau _ Folk _ Sudha Mishra.wav,165,10
2132937fbac41bc4f5060ddc02d7069a,output,fake,sovits,anime_kawaii_girl_001_Alo Bau Lo Bau _ Folk _ Sudha Mishra.wav,166,10
8d69346a2f557a5e137e94f662e47099,output,fake,sovits,anime_kawaii_girl_001_Alo Bau Lo Bau _ Folk _ Sudha Mishra.wav,167,10
4b976d0cbed43279cf37df3dce200eb5,output,fake,sovits,anime_kawaii_girl_001_Alo Bau Lo Bau _ Folk _ Sudha Mishra.wav,168,10
ad9202cf9bbbbc799a3ccaf2e2a0da9e,output,fake,sovits,anime_kawaii_girl_001_Alo Bau Lo Bau _ Folk _ Sudha Mishra.wav,169,10
6bc8e12bc9f62ee09148ee73e7c08ab6,output,fake,sovits,anime_kawaii_girl_001_Alo Bau Lo Bau _ Folk _ Sudha Mishra.wav,170,10
d551fb20f40432516434c98874ddd4a5,output,fake,sovits,anime_kawaii_girl_001_Alo Bau Lo Bau _ Folk _ Sudha Mishra.wav,171,10
0bb6bc66693d55634f767ad3afc80c21,output,fake,sovits,anime_kawaii_girl_001_Alo Bau Lo Bau _ Folk _ Sudha Mishra.wav,172,10
2b1eeb32d094904a59cbcc0520d155a5,output,fake,sovits,anime_kawaii_girl_001_Alo Bau Lo Bau _ Folk _ Sudha Mishra.wav,173,10
2a22d27ded7191e6e51fba43dd61487c,output,fake,sovits,anime_kawaii_girl_001_Alo Bau Lo Bau _ Folk _ Sudha Mishra.wav,174,10
d2babd01c684965b311e3000694dcdd8,output,fake,sovits,anime_kawaii_girl_001_Alo Bau Lo Bau _ Folk _ Sudha Mishra.wav,175,10
df967a87d81334a0d78da7d4a409d0fd,output,fake,sovits,anime_kawaii_girl_001_Alo Bau Lo Bau _ Folk _ Sudha Mishra.wav,176,10
b1e0e24630265400a1fe82a43d3718f3,output,fake,sovits,anime_kawaii_girl_001_Alo Bau Lo Bau _ Folk _ Sudha Mishra.wav,177,10
8ca8114c8f625de6dc0d2ccecddc6690,output,fake,sovits,anime_kawaii_girl_001_Alo Bau Lo Bau _ Folk _ Sudha Mishra.wav,178,10
102d183c7ad0564f53deb40fc323971c,output,fake,sovits,anime_kawaii_girl_001_Alo Bau Lo Bau _ Folk _ Sudha Mishra.wav,179,10
4ce7f026208f633c1f821bf16b0c5033,output,fake,sovits,anime_kawaii_girl_001_Alo Bau Lo Bau _ Folk _ Sudha Mishra.wav,180,10
413bac5d2b989d05134ca4648d8e0c67,output,fake,sovits,anime_kawaii_girl_001_Alo Bau Lo Bau _ Folk _ Sudha Mishra.wav,181,10
3a0b6a7d3024817564142fdd66740410,output,fake,sovits,anime_kawaii_girl_001_Alo Bau Lo Bau _ Folk _ Sudha Mishra.wav,182,10
35ad9c2705fc2a3b3401543f3613f701,output,fake,sovits,anime_kawaii_girl_001_Alo Bau Lo Bau _ Folk _ Sudha Mishra.wav,183,10
e982ce8c66462b508cc242dafda1328f,output,fake,sovits,anime_kawaii_girl_001_Alo Bau Lo Bau _ Folk _ Sudha Mishra.wav,184,10
d9c33e2321a6c8d528d9af68b66e6f41,output,fake,sovits,anime_kawaii_girl_001_Alo Bau Lo Bau _ Folk _ Sudha Mishra.wav,185,10
87ac8181154faccfac85178626d668f9,output,fake,sovits,anime_kawaii_girl_001_Alo Bau Lo Bau _ Folk _ Sudha Mishra.wav,186,10
52eca49cfee6fa90d4d3f4e3fee95b72,output,fake,sovits,anime_kawaii_girl_001_Alo Bau Lo Bau _ Folk _ Sudha Mishra.wav,187,10
6d2356e09dc1514a07431e62c28f2104,output,fake,sovits,anime_kawaii_girl_001_Alo Bau Lo Bau _ Folk _ Sudha Mishra.wav,188,10
537327ed7d814d705c43ac817a32fd12,output,fake,sovits,anime_kawaii_girl_001_Alo Bau Lo Bau _ Folk _ Sudha Mishra.wav,189,10
0ef22e120b2a1a821938414eb52d791e,output,fake,sovits,anime_kawaii_girl_001_Alo Bau Lo Bau _ Folk _ Sudha Mishra.wav,190,10
d12e609e6f9357ca198688833649a411,output,fake,sovits,anime_kawaii_girl_001_Alo Bau Lo Bau _ Folk _ Sudha Mishra.wav,191,10
47b8aadd80002ff86f338daebe814f13,output,fake,sovits,anime_kawaii_girl_001_Alo Bau Lo Bau _ Folk _ Sudha Mishra.wav,192,10
a96b3cad9848707a7df2787329cafed4,output,fake,sovits,anime_kawaii_girl_001_Alo Bau Lo Bau _ Folk _ Sudha Mishra.wav,193,10
37d9c7fc0af72cc66eadf4a3fb9cb158,output,fake,sovits,anime_kawaii_girl_001_Alo Bau Lo Bau _ Folk _ Sudha Mishra.wav,194,10
b7d9e38362690f0339bb2a9444e5f03b,output,fake,sovits,anime_kawaii_girl_001_Alo Bau Lo Bau _ Folk _ Sudha Mishra.wav,195,10
0bd0cc5148bdfff32120d2d33e533fe7,output,fake,sovits,anime_kawaii_girl_001_Alo Bau Lo Bau _ Folk _ Sudha Mishra.wav,196,10
2b760a26dfd9073a2c6df072ae06f51d,output,fake,sovits,anime_kawaii_girl_001_Alo Bau Lo Bau _ Folk _ Sudha Mishra.wav,197,10
6856d33db1fc71d4dd3b5e1d5eb71e94,output,fake,sovits,anime_kawaii_girl_001_Alo Bau Lo Bau _ Folk _ Sudha Mishra.wav,198,10
2fc4c9430ca8e0c926fd2e8938e9137c,output,fake,sovits,anime_kawaii_girl_001_Alo Bau Lo Bau _ Folk _ Sudha Mishra.wav,199,10
9f5eecd5fcf8815dc1889675db6bb576,output,fake,sovits,anime_kawaii_girl_001_Alo Bau Lo Bau _ Folk _ Sudha Mishra.wav,200,10
2de0b9fc91796187d4f225e7ea68e0fe,output,fake,sovits,anime_kawaii_girl_001_Alo Bau Lo Bau _ Folk _ Sudha Mishra.wav,201,10
e3e3b15d69f074e17a3b77a02e05d61c,output,fake,sovits,anime_kawaii_girl_001_Alo Bau Lo Bau _ Folk _ Sudha Mishra.wav,202,10
0a8f316e2559e99ad5d7fa0677ca86fd,output,fake,sovits,anime_kawaii_girl_001_Alo Bau Lo Bau _ Folk _ Sudha Mishra.wav,203,10
0209e1010425217c715183dff073210f,output,fake,sovits,anime_kawaii_girl_001_Alo Bau Lo Bau _ Folk _ Sudha Mishra.wav,204,10
8c2e18a1f4e838433579e26e02c57208,output,fake,sovits,anime_kawaii_girl_001_Alo Bau Lo Bau _ Folk _ Sudha Mishra.wav,205,10
0f006ee32a11b39ecca43f9d21f53f8e,output,fake,sovits,anime_kawaii_girl_001_Alo Bau Lo Bau _ Folk _ Sudha Mishra.wav,206,10
9bd28b739673b0670c7aaea298199c4d,output,fake,sovits,anime_energetic_idol_002_Asharah Masara Jata _ Folk _ Sudha Mishra.wav,0,10
ea3f45b69048b8380b3015dcb2c9c00e,output,fake,sovits,anime_energetic_idol_002_Asharah Masara Jata _ Folk _ Sudha Mishra.wav,1,10
712481e8e97bc14b561a874a5f808454,output,fake,sovits,anime_energetic_idol_002_Asharah Masara Jata _ Folk _ Sudha Mishra.wav,2,10
066e3a1c84b041d6ca80fe8572fc2315,output,fake,sovits,anime_energetic_idol_002_Asharah Masara Jata _ Folk _ Sudha Mishra.wav,3,10
a47b1efb2e246c7373aded3ec94b92e6,output,fake,sovits,anime_energetic_idol_002_Asharah Masara Jata _ Folk _ Sudha Mishra.wav,4,10
40b94518bc02fea8ca1f6dc86eb5faa2,output,fake,sovits,anime_energetic_idol_002_Asharah Masara Jata _ Folk _ Sudha Mishra.wav,5,10
c1914b695ca3cac7af7271018bff3bb0,output,fake,sovits,anime_energetic_idol_002_Asharah Masara Jata _ Folk _ Sudha Mishra.wav,6,10
4988505056308b1dfd572c4d02d6f7da,output,fake,sovits,anime_energetic_idol_002_Asharah Masara Jata _ Folk _ Sudha Mishra.wav,7,10
1991300e08319e5ccdcb606516735274,output,fake,sovits,anime_energetic_idol_002_Asharah Masara Jata _ Folk _ Sudha Mishra.wav,8,10
e92d57d62db606da25d0f2547e614029,output,fake,sovits,anime_energetic_idol_002_Asharah Masara Jata _ Folk _ Sudha Mishra.wav,9,10
797365607c94bfe9b8749546c252b803,output,fake,sovits,anime_energetic_idol_002_Asharah Masara Jata _ Folk _ Sudha Mishra.wav,10,10
16de53ab4773c3d63be0beccea88db7a,output,fake,sovits,anime_energetic_idol_002_Asharah Masara Jata _ Folk _ Sudha Mishra.wav,11,10
076c6dfd4410534ef6ae7ce5bf6141ca,output,fake,sovits,anime_energetic_idol_002_Asharah Masara Jata _ Folk _ Sudha Mishra.wav,12,10
220fddac29ba1e329ce381f27400e163,output,fake,sovits,anime_energetic_idol_002_Asharah Masara Jata _ Folk _ Sudha Mishra.wav,13,10
00c90749e94abd29f2c5fa80486fc5d7,output,fake,sovits,anime_energetic_idol_002_Asharah Masara Jata _ Folk _ Sudha Mishra.wav,14,10
f5789a702aad7e7de7a748aaeb08bae9,output,fake,sovits,anime_energetic_idol_002_Asharah Masara Jata _ Folk _ Sudha Mishra.wav,15,10
8a4c1ab043102b254cae005f27d7743d,output,fake,sovits,anime_energetic_idol_002_Asharah Masara Jata _ Folk _ Sudha Mishra.wav,16,10
c742076533652cb5900c1b3285be309d,output,fake,sovits,anime_energetic_idol_002_Asharah Masara Jata _ Folk _ Sudha Mishra.wav,17,10
4a8cee7329ce91b885530dec8bbea764,output,fake,sovits,anime_energetic_idol_002_Asharah Masara Jata _ Folk _ Sudha Mishra.wav,18,10
48d353bfd2eef8527058b59dc0594a92,output,fake,sovits,anime_energetic_idol_002_Asharah Masara Jata _ Folk _ Sudha Mishra.wav,19,10
3a1ee705a1f51bc89d0416ed72bbf4fd,output,fake,sovits,anime_energetic_idol_002_Asharah Masara Jata _ Folk _ Sudha Mishra.wav,20,10
13ebbfb5f083e0c7b5c3a50de1437a35,output,fake,sovits,anime_energetic_idol_002_Asharah Masara Jata _ Folk _ Sudha Mishra.wav,21,10
1828d95b7e69c786ae3348113fad39fe,output,fake,sovits,anime_energetic_idol_002_Asharah Masara Jata _ Folk _ Sudha Mishra.wav,22,10
1c32dfd498904958d399586f1951eeb4,output,fake,sovits,anime_energetic_idol_002_Asharah Masara Jata _ Folk _ Sudha Mishra.wav,23,10
e8468676466967dc40afe0849902c1ca,output,fake,sovits,anime_energetic_idol_002_Asharah Masara Jata _ Folk _ Sudha Mishra.wav,24,10
0954bdddf961f02b7fa9247166f05f1b,output,fake,sovits,anime_energetic_idol_002_Asharah Masara Jata _ Folk _ Sudha Mishra.wav,25,10
c6d6b95639717e029661a33714cebc52,output,fake,sovits,anime_energetic_idol_002_Asharah Masara Jata _ Folk _ Sudha Mishra.wav,26,10
8d0e453e2555083929b648900d67cab2,output,fake,sovits,anime_energetic_idol_002_Asharah Masara Jata _ Folk _ Sudha Mishra.wav,27,10
f9db4f1f2e253dc8bd54269d8c6145d6,output,fake,sovits,anime_energetic_idol_002_Asharah Masara Jata _ Folk _ Sudha Mishra.wav,28,10
5b8c296dac4977c125fd0998fa5b46b5,output,fake,sovits,anime_energetic_idol_002_Asharah Masara Jata _ Folk _ Sudha Mishra.wav,29,10
db6f2b01a884c9303535a7a98d3f5824,output,fake,sovits,anime_energetic_idol_002_Asharah Masara Jata _ Folk _ Sudha Mishra.wav,30,10
686da5439a4d17562ce4c7307ef75b24,output,fake,sovits,anime_energetic_idol_002_Asharah Masara Jata _ Folk _ Sudha Mishra.wav,31,10
9780360d7cc2d263578b147a6aa4d76b,output,fake,sovits,anime_energetic_idol_002_Asharah Masara Jata _ Folk _ Sudha Mishra.wav,32,10
acfa928c811e7dca33a22634067313c9,output,fake,sovits,anime_energetic_idol_002_Asharah Masara Jata _ Folk _ Sudha Mishra.wav,33,10
9e45e085af91f4fa73f2f60668f17b4d,output,fake,sovits,anime_energetic_idol_002_Asharah Masara Jata _ Folk _ Sudha Mishra.wav,34,10
0e5bd9086c14e83550416c428dd22941,output,fake,sovits,anime_energetic_idol_002_Asharah Masara Jata _ Folk _ Sudha Mishra.wav,35,10
a54e02100fc86a6ce39b6c6a49fb4892,output,fake,sovits,anime_energetic_idol_002_Asharah Masara Jata _ Folk _ Sudha Mishra.wav,36,10
ad5236b4e6015bfd2f652725f81ab414,output,fake,sovits,anime_energetic_idol_002_Asharah Masara Jata _ Folk _ Sudha Mishra.wav,37,10
4be295c2d6155c6595a2951db5f42822,output,fake,sovits,anime_energetic_idol_002_Asharah Masara Jata _ Folk _ Sudha Mishra.wav,38,10
75207730fe719f71a1d6e49dfd4d7bff,output,fake,sovits,anime_energetic_idol_002_Asharah Masara Jata _ Folk _ Sudha Mishra.wav,39,10
84c269ed82de6ef3190fc5c6ed81080b,output,fake,sovits,anime_energetic_idol_002_Asharah Masara Jata _ Folk _ Sudha Mishra.wav,40,10
17d94aaf8665767deacba04a9ab2bf97,output,fake,sovits,anime_energetic_idol_002_Asharah Masara Jata _ Folk _ Sudha Mishra.wav,41,10
f954781ee95a8b7ab72b9a48ebdcba6f,output,fake,sovits,anime_energetic_idol_002_Asharah Masara Jata _ Folk _ Sudha Mishra.wav,42,10
bafb5333dbf880670408d92f8ab9815f,output,fake,sovits,anime_energetic_idol_002_Asharah Masara Jata _ Folk _ Sudha Mishra.wav,43,10
eb757d8d157d0e628c6573a0999c8ce7,output,fake,sovits,anime_energetic_idol_002_Asharah Masara Jata _ Folk _ Sudha Mishra.wav,44,10
ed287fbd5f42594a68475e003b5c8708,output,fake,sovits,anime_energetic_idol_002_Asharah Masara Jata _ Folk _ Sudha Mishra.wav,45,10
76a01bed36c19e167e8b3b15408b681e,output,fake,sovits,anime_energetic_idol_002_Asharah Masara Jata _ Folk _ Sudha Mishra.wav,46,10
bba8405234b810a4589445987cf15d6e,output,fake,sovits,anime_energetic_idol_002_Asharah Masara Jata _ Folk _ Sudha Mishra.wav,47,10
88b8f1a048e2391b6ab67faeaf9d0a70,output,fake,sovits,anime_energetic_idol_002_Asharah Masara Jata _ Folk _ Sudha Mishra.wav,48,10
1178efe17410bdfcc14de6b7b8fb6d85,output,fake,sovits,anime_energetic_idol_002_Asharah Masara Jata _ Folk _ Sudha Mishra.wav,49,10
aef9e1004fb0dc5acc6c9a25de57aade,output,fake,sovits,anime_energetic_idol_002_Asharah Masara Jata _ Folk _ Sudha Mishra.wav,50,10
d5627ccca921c99821a6b5d13167b604,output,fake,sovits,anime_energetic_idol_002_Asharah Masara Jata _ Folk _ Sudha Mishra.wav,51,10
121a4b1d36183af84ca5cad73907ca3e,output,fake,sovits,anime_energetic_idol_002_Asharah Masara Jata _ Folk _ Sudha Mishra.wav,52,10
680d30d1864ef658608280f1e7028a63,output,fake,sovits,anime_energetic_idol_002_Asharah Masara Jata _ Folk _ Sudha Mishra.wav,53,10
a8dd7b12a9b536efc54d918fcb3419f6,output,fake,sovits,anime_energetic_idol_002_Asharah Masara Jata _ Folk _ Sudha Mishra.wav,54,10
d6a95d11d23d487416b7eb8b5e47b97d,output,fake,sovits,anime_energetic_idol_002_Asharah Masara Jata _ Folk _ Sudha Mishra.wav,55,10
2802125560045a000914538dfd4f4b37,output,fake,sovits,anime_energetic_idol_002_Asharah Masara Jata _ Folk _ Sudha Mishra.wav,56,10
7d34fd52e8d6de9ffa7156423b76b342,output,fake,sovits,anime_energetic_idol_002_Asharah Masara Jata _ Folk _ Sudha Mishra.wav,57,10
4ce0cb1e0c582be8f1f9ef324ca3d13c,output,fake,sovits,anime_energetic_idol_002_Asharah Masara Jata _ Folk _ Sudha Mishra.wav,58,10
81394c84f25fabd0feba64601d63038c,output,fake,sovits,anime_energetic_idol_002_Asharah Masara Jata _ Folk _ Sudha Mishra.wav,59,10
62713b6d256950b82fc6c30f33cf376f,output,fake,sovits,anime_energetic_idol_002_Asharah Masara Jata _ Folk _ Sudha Mishra.wav,60,10
7fda93c76c3f9b5b0abeaa79642b06c0,output,fake,sovits,anime_energetic_idol_002_Asharah Masara Jata _ Folk _ Sudha Mishra.wav,61,10
2028714768eee9fa0b187f12f22c4ae0,output,fake,sovits,anime_energetic_idol_002_Asharah Masara Jata _ Folk _ Sudha Mishra.wav,62,10
609dc81f0d748807d1b79e39b5698dbf,output,fake,sovits,anime_energetic_idol_002_Asharah Masara Jata _ Folk _ Sudha Mishra.wav,63,10
d0026edd8f395c51abda5364a89a0bb1,output,fake,sovits,anime_energetic_idol_002_Asharah Masara Jata _ Folk _ Sudha Mishra.wav,64,10
622fa4fceacc6ba10528bf66dc535b5d,output,fake,sovits,anime_energetic_idol_002_Asharah Masara Jata _ Folk _ Sudha Mishra.wav,65,10
71aceed08879d0805bd6e4420a0f525d,output,fake,sovits,anime_energetic_idol_002_Asharah Masara Jata _ Folk _ Sudha Mishra.wav,66,10
0ffbfbd112adc67c8d7fd4dbfe41a1c7,output,fake,sovits,anime_energetic_idol_002_Asharah Masara Jata _ Folk _ Sudha Mishra.wav,67,10
43b74a11316fea38552e6df7af1eea58,output,fake,sovits,anime_energetic_idol_002_Asharah Masara Jata _ Folk _ Sudha Mishra.wav,68,10
bc4bc1072204d9b1fc0acbf7538f999b,output,fake,sovits,anime_energetic_idol_002_Asharah Masara Jata _ Folk _ Sudha Mishra.wav,69,10
fce7ff001ee797565052cf4949128cb3,output,fake,sovits,anime_energetic_idol_002_Asharah Masara Jata _ Folk _ Sudha Mishra.wav,70,10
5f40e05688713707e67f08da0cfbd5ad,output,fake,sovits,anime_energetic_idol_002_Asharah Masara Jata _ Folk _ Sudha Mishra.wav,71,10
a04fb59811c216eba563607cc10d3b59,output,fake,sovits,anime_energetic_idol_002_Asharah Masara Jata _ Folk _ Sudha Mishra.wav,72,10
a93bcf6b33ce6380efe6de7641cdbc0e,output,fake,sovits,anime_energetic_idol_002_Asharah Masara Jata _ Folk _ Sudha Mishra.wav,73,10
40abf412213e234b81bb9b1c39953727,output,fake,sovits,anime_energetic_idol_002_Asharah Masara Jata _ Folk _ Sudha Mishra.wav,74,10
3767fa838121646c0a91461d975dbf19,output,fake,sovits,anime_energetic_idol_002_Asharah Masara Jata _ Folk _ Sudha Mishra.wav,75,10
25811a1057604a7f5e3351d1e9924560,output,fake,sovits,anime_energetic_idol_002_Asharah Masara Jata _ Folk _ Sudha Mishra.wav,76,10
5a89cd9ebc3290f4be19fc7336f7d97d,output,fake,sovits,anime_energetic_idol_002_Asharah Masara Jata _ Folk _ Sudha Mishra.wav,77,10
75c561de3b1b519259b3ebc2ad5de1f3,output,fake,sovits,anime_energetic_idol_002_Asharah Masara Jata _ Folk _ Sudha Mishra.wav,78,10
dd6f9163f5a71dd986c576fd9202e6bb,output,fake,sovits,anime_energetic_idol_002_Asharah Masara Jata _ Folk _ Sudha Mishra.wav,79,10
fea4143c6a1593bd84c0b0c726cd5882,output,fake,sovits,anime_energetic_idol_002_Asharah Masara Jata _ Folk _ Sudha Mishra.wav,80,10
6f3327ec439d1d5820aa45197d47d726,output,fake,sovits,anime_energetic_idol_002_Asharah Masara Jata _ Folk _ Sudha Mishra.wav,81,10
5dc74661d3b25d359daafb58c69d0edf,output,fake,sovits,anime_energetic_idol_002_Asharah Masara Jata _ Folk _ Sudha Mishra.wav,82,10
40a81d64f2f581f6d8a6fc6a5222185a,output,fake,sovits,anime_energetic_idol_002_Asharah Masara Jata _ Folk _ Sudha Mishra.wav,83,10
f9994bf3e94f5d6a5f95c6f4049d7b06,output,fake,sovits,anime_energetic_idol_002_Asharah Masara Jata _ Folk _ Sudha Mishra.wav,84,10
41be38e98ce17ae4d36688bb17c9f5f6,output,fake,sovits,anime_energetic_idol_002_Asharah Masara Jata _ Folk _ Sudha Mishra.wav,85,10
62249a5cc862a1b26f54627427277986,output,fake,sovits,anime_energetic_idol_002_Asharah Masara Jata _ Folk _ Sudha Mishra.wav,86,10
e0d3af4b5b366f466a024524bf537926,output,fake,sovits,anime_energetic_idol_002_Asharah Masara Jata _ Folk _ Sudha Mishra.wav,87,10
4db0c4cc61485338f3e113d7a65877a5,output,fake,sovits,anime_energetic_idol_002_Asharah Masara Jata _ Folk _ Sudha Mishra.wav,88,10
5b113dc0f1e1cccf3bad683c0b5a7c9f,output,fake,sovits,anime_energetic_idol_002_Asharah Masara Jata _ Folk _ Sudha Mishra.wav,89,10
f01e993b08ad0f1956f275791833e255,output,fake,sovits,anime_energetic_idol_002_Asharah Masara Jata _ Folk _ Sudha Mishra.wav,90,10
66e8dbb5630f734fcc6f82d8d5d5258b,output,fake,sovits,anime_energetic_idol_002_Asharah Masara Jata _ Folk _ Sudha Mishra.wav,91,10
a9b779182add6304886856dabd6bdece,output,fake,sovits,anime_energetic_idol_002_Asharah Masara Jata _ Folk _ Sudha Mishra.wav,92,10
e8a496a980735b4decbab82259b74ad8,output,fake,sovits,anime_energetic_idol_002_Asharah Masara Jata _ Folk _ Sudha Mishra.wav,93,10
102e89dccd8e032c98a570655e53f6bc,output,fake,sovits,anime_energetic_idol_002_Asharah Masara Jata _ Folk _ Sudha Mishra.wav,94,10
d3314f3ace79c0af2538f1db46dd2cb8,output,fake,sovits,anime_energetic_idol_002_Asharah Masara Jata _ Folk _ Sudha Mishra.wav,95,10
cb018ff15fdafd18b17a16c39d482d1f,output,fake,sovits,anime_energetic_idol_002_Asharah Masara Jata _ Folk _ Sudha Mishra.wav,96,10
972502ba36c19b91003838f61cfce08c,output,fake,sovits,anime_energetic_idol_002_Asharah Masara Jata _ Folk _ Sudha Mishra.wav,97,10
fb1ce3bf1b68cbfb232e8c8ea849c588,output,fake,sovits,anime_energetic_idol_002_Asharah Masara Jata _ Folk _ Sudha Mishra.wav,98,10
08c47dbbb2e067012f65c7178ae16c42,output,fake,sovits,anime_energetic_idol_002_Asharah Masara Jata _ Folk _ Sudha Mishra.wav,99,10
f3b095beece76a83daddc8e8985a9136,output,fake,sovits,anime_energetic_idol_002_Asharah Masara Jata _ Folk _ Sudha Mishra.wav,100,10
f323e4952ab55f798db96c136d872d83,output,fake,sovits,anime_energetic_idol_002_Asharah Masara Jata _ Folk _ Sudha Mishra.wav,101,10
96de59429be59138e3c6b81925d394c0,output,fake,sovits,anime_energetic_idol_002_Asharah Masara Jata _ Folk _ Sudha Mishra.wav,102,10
23c242a1a1dd53f3e38305de1cf74fd1,output,fake,sovits,anime_energetic_idol_002_Asharah Masara Jata _ Folk _ Sudha Mishra.wav,103,10
fa54b39edc70d0468d0dd29cf7ee859c,output,fake,sovits,anime_energetic_idol_002_Asharah Masara Jata _ Folk _ Sudha Mishra.wav,104,10
01cea5eb2dbc7293dd46605a5ec69297,output,fake,sovits,anime_energetic_idol_002_Asharah Masara Jata _ Folk _ Sudha Mishra.wav,105,10
a1da2663980b3136d338013818b5c5e0,output,fake,sovits,anime_energetic_idol_002_Asharah Masara Jata _ Folk _ Sudha Mishra.wav,106,10
31364f9d826b4eba70921f643852c0ed,output,fake,sovits,anime_energetic_idol_002_Asharah Masara Jata _ Folk _ Sudha Mishra.wav,107,10
3bca84ddccaade832588c42f47dd967d,output,fake,sovits,anime_energetic_idol_002_Asharah Masara Jata _ Folk _ Sudha Mishra.wav,108,10
3e5f9eb89e0df3f6f31ec33119d3a836,output,fake,sovits,anime_energetic_idol_002_Asharah Masara Jata _ Folk _ Sudha Mishra.wav,109,10
1260b1bdd3885f6d08b003510c9e4c48,output,fake,sovits,anime_energetic_idol_002_Asharah Masara Jata _ Folk _ Sudha Mishra.wav,110,10
2241f4bacf8cc2b783a01554b19942a7,output,fake,sovits,anime_energetic_idol_002_Asharah Masara Jata _ Folk _ Sudha Mishra.wav,111,10
73eefb87643e50446f86c807c3976c25,output,fake,sovits,anime_energetic_idol_002_Asharah Masara Jata _ Folk _ Sudha Mishra.wav,112,10
17aef4fca6a9cca6f3d73f2ed85b7e9f,output,fake,sovits,anime_energetic_idol_002_Asharah Masara Jata _ Folk _ Sudha Mishra.wav,113,10
82b9069a7795f678cf83513aa56221f5,output,fake,sovits,anime_energetic_idol_002_Asharah Masara Jata _ Folk _ Sudha Mishra.wav,114,10
8a44b67af68757a985b3bad082c840a3,output,fake,sovits,anime_energetic_idol_002_Asharah Masara Jata _ Folk _ Sudha Mishra.wav,115,10
972e832dc2525df6d01fdc90a0ed52ed,output,fake,sovits,anime_energetic_idol_002_Asharah Masara Jata _ Folk _ Sudha Mishra.wav,116,10
0fd987ae41c496f2c93707d793d3e8a0,output,fake,sovits,anime_energetic_idol_002_Asharah Masara Jata _ Folk _ Sudha Mishra.wav,117,10
bb9771b4148929b953681e277da9faad,output,fake,sovits,anime_energetic_idol_002_Asharah Masara Jata _ Folk _ Sudha Mishra.wav,118,10
93692b7620c2256dd8ac6399ea4ebb5d,output,fake,sovits,anime_energetic_idol_002_Asharah Masara Jata _ Folk _ Sudha Mishra.wav,119,10
2dbfc128868e705a580176c02502772c,output,fake,sovits,anime_energetic_idol_002_Asharah Masara Jata _ Folk _ Sudha Mishra.wav,120,10
d9a67b0fdf9e5e9b983a210ed9405344,output,fake,sovits,anime_energetic_idol_002_Asharah Masara Jata _ Folk _ Sudha Mishra.wav,121,10
1b3e542b25119b1095fa689295ec0678,output,fake,sovits,anime_energetic_idol_002_Asharah Masara Jata _ Folk _ Sudha Mishra.wav,122,10
815fbb0feaad75a3fc61c62986ffccea,output,fake,sovits,anime_energetic_idol_002_Asharah Masara Jata _ Folk _ Sudha Mishra.wav,123,10
abba8d36c8686288d08d618800b7ba07,output,fake,sovits,anime_energetic_idol_002_Asharah Masara Jata _ Folk _ Sudha Mishra.wav,124,10
1d724de87f62ea4001a34ce7f1578ff7,output,fake,sovits,anime_energetic_idol_002_Asharah Masara Jata _ Folk _ Sudha Mishra.wav,125,10
35942ead4e84bc503054fbf46827a3b7,output,fake,sovits,anime_energetic_idol_002_Asharah Masara Jata _ Folk _ Sudha Mishra.wav,126,10
f17d7d10a1b544035cc1ae696870bfb4,output,fake,sovits,anime_energetic_idol_002_Asharah Masara Jata _ Folk _ Sudha Mishra.wav,127,10
29febb1e60ca8f8c8a4a2e1967607c8e,output,fake,sovits,anime_energetic_idol_002_Asharah Masara Jata _ Folk _ Sudha Mishra.wav,128,10
805a7581538e8410ffd7e69c6691950b,output,fake,sovits,anime_energetic_idol_002_Asharah Masara Jata _ Folk _ Sudha Mishra.wav,129,10
7636aa2f995e17246cb09327c8ddf601,output,fake,sovits,anime_energetic_idol_002_Asharah Masara Jata _ Folk _ Sudha Mishra.wav,130,10
d2b9368140342a4a96644875c02aef79,output,fake,sovits,anime_energetic_idol_002_Asharah Masara Jata _ Folk _ Sudha Mishra.wav,131,10
50d369c23cbbc054d0b734e11991ec78,output,fake,sovits,anime_energetic_idol_002_Asharah Masara Jata _ Folk _ Sudha Mishra.wav,132,10
25874b1d9df35d5fe18671e569d1abcd,output,fake,sovits,anime_energetic_idol_002_Asharah Masara Jata _ Folk _ Sudha Mishra.wav,133,10
7011d2cc7386b9c99dde7f4929779a90,output,fake,sovits,anime_energetic_idol_002_Asharah Masara Jata _ Folk _ Sudha Mishra.wav,134,10
68e53d7d5b6f5f2aa71650c8a6958e17,output,fake,sovits,anime_energetic_idol_002_Asharah Masara Jata _ Folk _ Sudha Mishra.wav,135,10
b719af8dd70649880e0bc7570120481e,output,fake,sovits,anime_energetic_idol_002_Asharah Masara Jata _ Folk _ Sudha Mishra.wav,136,10
2b157cc36264853d47c885bc0570c8cd,output,fake,sovits,anime_energetic_idol_002_Asharah Masara Jata _ Folk _ Sudha Mishra.wav,137,10
9403391709be3ee0ad01bd9bf3ac80bd,output,fake,sovits,anime_energetic_idol_002_Asharah Masara Jata _ Folk _ Sudha Mishra.wav,138,10
22112fb7a0b33d31a95421a9c47f5c55,output,fake,sovits,anime_energetic_idol_002_Asharah Masara Jata _ Folk _ Sudha Mishra.wav,139,10
f38f01f06be35bdf454ef6824277114b,output,fake,sovits,anime_energetic_idol_002_Asharah Masara Jata _ Folk _ Sudha Mishra.wav,140,10
99979880731f256d74d6e9869a3fe89a,output,fake,sovits,anime_energetic_idol_002_Asharah Masara Jata _ Folk _ Sudha Mishra.wav,141,10
f06823d68d7c27363dbbbe5b33477210,output,fake,sovits,anime_energetic_idol_002_Asharah Masara Jata _ Folk _ Sudha Mishra.wav,142,10
04b0812e53f79813ae99e17e50351ba6,output,fake,sovits,anime_energetic_idol_002_Asharah Masara Jata _ Folk _ Sudha Mishra.wav,143,10
285b3e442c60cd61b93965b67838204c,output,fake,sovits,anime_energetic_idol_002_Asharah Masara Jata _ Folk _ Sudha Mishra.wav,144,10
b3859240f5a089c03fb8715960fa49eb,output,fake,sovits,anime_energetic_idol_002_Asharah Masara Jata _ Folk _ Sudha Mishra.wav,145,10
ab63eedf7a3282850bc589c764e09038,output,fake,sovits,anime_energetic_idol_002_Asharah Masara Jata _ Folk _ Sudha Mishra.wav,146,10
ca1a56e22fc3510d08317c4e37c9dcc3,output,fake,sovits,anime_energetic_idol_002_Asharah Masara Jata _ Folk _ Sudha Mishra.wav,147,10
05e29c7eb31e1588b6c6d9c766f28590,output,fake,sovits,anime_energetic_idol_002_Asharah Masara Jata _ Folk _ Sudha Mishra.wav,148,10
91c80e070080a51a0386218794ffdad8,output,fake,sovits,anime_energetic_idol_002_Asharah Masara Jata _ Folk _ Sudha Mishra.wav,149,10
50ded7913b06649f4c79b85b39251e2b,output,fake,sovits,anime_energetic_idol_002_Asharah Masara Jata _ Folk _ Sudha Mishra.wav,150,10
d773853f24834e74c528563527485905,output,fake,sovits,anime_energetic_idol_002_Asharah Masara Jata _ Folk _ Sudha Mishra.wav,151,10
9873edba8c78e75c28f7646b7e8c4571,output,fake,sovits,anime_energetic_idol_002_Asharah Masara Jata _ Folk _ Sudha Mishra.wav,152,10
d0bb2e404c35e4571a625a5fa62c4500,output,fake,sovits,anime_energetic_idol_002_Asharah Masara Jata _ Folk _ Sudha Mishra.wav,153,10
215ea3c5804ef3fd6206a168d7519f6c,output,fake,sovits,anime_energetic_idol_002_Asharah Masara Jata _ Folk _ Sudha Mishra.wav,154,10
57c09346a53a0266453158bad8f3c4d4,output,fake,sovits,anime_energetic_idol_002_Asharah Masara Jata _ Folk _ Sudha Mishra.wav,155,10
31dc7f313556acf288464af40d1195fc,output,fake,sovits,anime_energetic_idol_002_Asharah Masara Jata _ Folk _ Sudha Mishra.wav,156,10
3ed4b09cebcf70b0c1f0628c8ea89739,output,fake,sovits,anime_energetic_idol_002_Asharah Masara Jata _ Folk _ Sudha Mishra.wav,157,10
24c7ffa1517c9087adddf082f14a64b6,output,fake,sovits,anime_energetic_idol_002_Asharah Masara Jata _ Folk _ Sudha Mishra.wav,158,10
e10aa3f2c73b0b1a093b74beef972010,output,fake,sovits,anime_energetic_idol_002_Asharah Masara Jata _ Folk _ Sudha Mishra.wav,159,10
fbc29b753847486295c519dfcef51aee,output,fake,sovits,anime_energetic_idol_002_Asharah Masara Jata _ Folk _ Sudha Mishra.wav,160,10
da59d4304f6cc174cd4bb60a756fdbaa,output,fake,sovits,anime_energetic_idol_002_Asharah Masara Jata _ Folk _ Sudha Mishra.wav,161,10
6e6f8fbfc47b7b5d959b5c4fd331278a,output,fake,sovits,anime_energetic_idol_002_Asharah Masara Jata _ Folk _ Sudha Mishra.wav,162,10
6a406a92be514e36b83ffe754204d89b,output,fake,sovits,anime_energetic_idol_002_Asharah Masara Jata _ Folk _ Sudha Mishra.wav,163,10
68b67ac35abfb10513aeae92a1ade58b,output,fake,sovits,anime_energetic_idol_002_Asharah Masara Jata _ Folk _ Sudha Mishra.wav,164,10
55afa2027582924b4a496c947eaeaadc,output,fake,sovits,anime_energetic_idol_002_Asharah Masara Jata _ Folk _ Sudha Mishra.wav,165,10
3867dd24b7d05aeceee8264b7a9e7c5b,output,fake,sovits,anime_energetic_idol_002_Asharah Masara Jata _ Folk _ Sudha Mishra.wav,166,10
2a6c89f09c63bf3a6ac9c8b67d1a1000,output,fake,sovits,anime_energetic_idol_002_Asharah Masara Jata _ Folk _ Sudha Mishra.wav,167,10
d788f8eb12186827a84d2f951a98d778,output,fake,sovits,anime_energetic_idol_002_Asharah Masara Jata _ Folk _ Sudha Mishra.wav,168,10
7f7f22672e54ccb92c67b49cc33a7048,output,fake,sovits,anime_energetic_idol_002_Asharah Masara Jata _ Folk _ Sudha Mishra.wav,169,10
d31f0c5b36708a57f475a5a9b1d54ea3,output,fake,sovits,anime_energetic_idol_002_Asharah Masara Jata _ Folk _ Sudha Mishra.wav,170,10
05cf3e4e7b91def038474261e7b8d281,output,fake,sovits,anime_energetic_idol_002_Asharah Masara Jata _ Folk _ Sudha Mishra.wav,171,10
73f5077a255a530c5aa39d126391ac79,output,fake,sovits,anime_energetic_idol_002_Asharah Masara Jata _ Folk _ Sudha Mishra.wav,172,10
ba37e6aebd322e5816f800957c71c814,output,fake,sovits,anime_energetic_idol_002_Asharah Masara Jata _ Folk _ Sudha Mishra.wav,173,10
8c5b7657e8390f40587f442e4fd1e153,output,fake,sovits,anime_energetic_idol_002_Asharah Masara Jata _ Folk _ Sudha Mishra.wav,174,10
299059affc18b3892a8a57a1d0f98cd7,output,fake,sovits,anime_energetic_idol_002_Asharah Masara Jata _ Folk _ Sudha Mishra.wav,175,10
ee117967ae7a15af9f128030dcbfb2ab,output,fake,sovits,anime_energetic_idol_002_Asharah Masara Jata _ Folk _ Sudha Mishra.wav,176,10
0d2204c21cc71c213398ee97d9d01604,output,fake,sovits,anime_energetic_idol_002_Asharah Masara Jata _ Folk _ Sudha Mishra.wav,177,10
6a2835a80d31aec791f5571012368aba,output,fake,sovits,anime_energetic_idol_002_Asharah Masara Jata _ Folk _ Sudha Mishra.wav,178,10
ad0421668d16104d08da6d6f7447ff0a,output,fake,sovits,anime_energetic_idol_002_Asharah Masara Jata _ Folk _ Sudha Mishra.wav,179,10
ae371c96675f8904ca8dc6fe66de9c16,output,fake,sovits,anime_energetic_idol_002_Asharah Masara Jata _ Folk _ Sudha Mishra.wav,180,10
25906ea90fd4b8008aa85dafc0f6b938,output,fake,sovits,anime_energetic_idol_002_Asharah Masara Jata _ Folk _ Sudha Mishra.wav,181,10
def73d19d8b486157942acd810f495e0,output,fake,sovits,anime_energetic_idol_002_Asharah Masara Jata _ Folk _ Sudha Mishra.wav,182,10
b78c427a4a2a75b093d3cca81cd55642,output,fake,sovits,anime_energetic_idol_002_Asharah Masara Jata _ Folk _ Sudha Mishra.wav,183,10
eb14e44e2533eda3d4c489e487a6ff82,output,fake,sovits,anime_energetic_idol_002_Asharah Masara Jata _ Folk _ Sudha Mishra.wav,184,10
e987a3d9f7e94e54cde1b37ed796185f,output,fake,sovits,anime_energetic_idol_002_Asharah Masara Jata _ Folk _ Sudha Mishra.wav,185,10
b819974c65c5732f554759b542a01e0f,output,fake,sovits,anime_energetic_idol_002_Asharah Masara Jata _ Folk _ Sudha Mishra.wav,186,10
6404a57ae0b1542243438d95a904a454,output,fake,sovits,anime_energetic_idol_002_Asharah Masara Jata _ Folk _ Sudha Mishra.wav,187,10
ebd5150b41e40c93feaa5bb35a97a625,output,fake,sovits,anime_energetic_idol_002_Asharah Masara Jata _ Folk _ Sudha Mishra.wav,188,10
4dd0e7e4590a86d2739c80ac2d7a34f2,output,fake,sovits,anime_energetic_idol_002_Asharah Masara Jata _ Folk _ Sudha Mishra.wav,189,10
ac573a349e0c8fbe071e066a1456c814,output,fake,sovits,anime_energetic_idol_002_Asharah Masara Jata _ Folk _ Sudha Mishra.wav,190,10
bd08a38b1f7faa135f74b92c2a53575e,output,fake,sovits,anime_energetic_idol_002_Asharah Masara Jata _ Folk _ Sudha Mishra.wav,191,10
d410bf1b7d2fb9f3a6da215b31d81566,output,fake,sovits,anime_energetic_idol_002_Asharah Masara Jata _ Folk _ Sudha Mishra.wav,192,10
fa4e23e67b11554e5669e0657d6b1c1e,output,fake,sovits,anime_energetic_idol_002_Asharah Masara Jata _ Folk _ Sudha Mishra.wav,193,10
502eb07e8c29b99557985fa50b382a1a,output,fake,sovits,anime_energetic_idol_002_Asharah Masara Jata _ Folk _ Sudha Mishra.wav,194,10
c886180b3ca92b63c6ac5941166fcfe0,output,fake,sovits,anime_energetic_idol_002_Asharah Masara Jata _ Folk _ Sudha Mishra.wav,195,10
20ad0d929315bf342a262f6de9001fc0,output,fake,sovits,anime_energetic_idol_002_Asharah Masara Jata _ Folk _ Sudha Mishra.wav,196,10
2ea891c2e68088afcc656cbe38b37ee6,output,fake,sovits,anime_energetic_idol_002_Asharah Masara Jata _ Folk _ Sudha Mishra.wav,197,10
c30571467f3e4ea45d6683ef06a1cd07,output,fake,sovits,anime_energetic_idol_002_Asharah Masara Jata _ Folk _ Sudha Mishra.wav,198,10
061829c3f3b15fa6f6c4c088025a6888,output,fake,sovits,anime_energetic_idol_002_Asharah Masara Jata _ Folk _ Sudha Mishra.wav,199,10
531772e5a8e521ce33b255807b933240,output,fake,sovits,anime_energetic_idol_002_Asharah Masara Jata _ Folk _ Sudha Mishra.wav,200,10
d30b2aced0f87bf4d460d9b8352c5fee,output,fake,sovits,anime_energetic_idol_002_Asharah Masara Jata _ Folk _ Sudha Mishra.wav,201,10
162a1c5185c9064c6937f674abacf80c,output,fake,sovits,anime_energetic_idol_002_Asharah Masara Jata _ Folk _ Sudha Mishra.wav,202,10
f6740b173b3e9411c55b0b8d553db152,output,fake,sovits,anime_energetic_idol_002_Asharah Masara Jata _ Folk _ Sudha Mishra.wav,203,10
43484ec5dfa5cbe8daaa12033ff513ab,output,fake,sovits,anime_energetic_idol_002_Asharah Masara Jata _ Folk _ Sudha Mishra.wav,204,10
a943b7e4ade5747b01d64e65508bbe03,output,fake,sovits,anime_energetic_idol_002_Asharah Masara Jata _ Folk _ Sudha Mishra.wav,205,10
4f145ab08d096b57ae692683b260d1c9,output,fake,sovits,anime_energetic_idol_002_Asharah Masara Jata _ Folk _ Sudha Mishra.wav,206,10
d2187bd4c8aac1517d3aec3d57c06b56,output,fake,sovits,anime_soft_anime_003_Dalkhai Re _ New Version _ Lopamudra.wav,0,10
543de029b945ea82f48d016fed039341,output,fake,sovits,anime_soft_anime_003_Dalkhai Re _ New Version _ Lopamudra.wav,1,10
c250c4e0bd8f2932d81488e5832fbb8a,output,fake,sovits,anime_soft_anime_003_Dalkhai Re _ New Version _ Lopamudra.wav,2,10
57bed03dfe443a21e46b20750cca492e,output,fake,sovits,anime_soft_anime_003_Dalkhai Re _ New Version _ Lopamudra.wav,3,10
566effd0c06d21368589af232eff0524,output,fake,sovits,anime_soft_anime_003_Dalkhai Re _ New Version _ Lopamudra.wav,4,10
c4b7e22333bce7c1ce49b8fab54616e2,output,fake,sovits,anime_soft_anime_003_Dalkhai Re _ New Version _ Lopamudra.wav,5,10
e379259441827b90d646acdb25dea8ac,output,fake,sovits,anime_soft_anime_003_Dalkhai Re _ New Version _ Lopamudra.wav,6,10
12deda36d6e81d4734103b25c8245e95,output,fake,sovits,anime_soft_anime_003_Dalkhai Re _ New Version _ Lopamudra.wav,7,10
400fb38cc9fe33862c5b50ba8b7817e3,output,fake,sovits,anime_soft_anime_003_Dalkhai Re _ New Version _ Lopamudra.wav,8,10
a5ef91883ca9238c020bf4ed64a1aca0,output,fake,sovits,anime_soft_anime_003_Dalkhai Re _ New Version _ Lopamudra.wav,9,10
4a34b7122879eb22f3a5af9ddf754e07,output,fake,sovits,anime_soft_anime_003_Dalkhai Re _ New Version _ Lopamudra.wav,10,10
baa9053548bc0b030b1970967ef20340,output,fake,sovits,anime_soft_anime_003_Dalkhai Re _ New Version _ Lopamudra.wav,11,10
1b8b95c358477f935b895ea0073915d1,output,fake,sovits,anime_soft_anime_003_Dalkhai Re _ New Version _ Lopamudra.wav,12,10
e3da2480d50a975fc44e9057bf340263,output,fake,sovits,anime_soft_anime_003_Dalkhai Re _ New Version _ Lopamudra.wav,13,10
3149c01c742b53676043e33de1b18c15,output,fake,sovits,anime_soft_anime_003_Dalkhai Re _ New Version _ Lopamudra.wav,14,10
f4cf62fb5c50584a617858ea79bea2c4,output,fake,sovits,anime_soft_anime_003_Dalkhai Re _ New Version _ Lopamudra.wav,15,10
de75aa48fa0a3e30999d5a43f59eed12,output,fake,sovits,anime_soft_anime_003_Dalkhai Re _ New Version _ Lopamudra.wav,16,10
a87cd516b8b7e9634fef35573613c5a8,output,fake,sovits,anime_soft_anime_003_Dalkhai Re _ New Version _ Lopamudra.wav,17,10
8ecaaeaeedbec38c246f6d68abd4d4e3,output,fake,sovits,anime_soft_anime_003_Dalkhai Re _ New Version _ Lopamudra.wav,18,10
e721d0ca047719bd53d5879ee00594f7,output,fake,sovits,anime_soft_anime_003_Dalkhai Re _ New Version _ Lopamudra.wav,19,10
5db41ddc3c1ae2ce6109e1802f82e20f,output,fake,sovits,anime_soft_anime_003_Dalkhai Re _ New Version _ Lopamudra.wav,20,10
1f2ea06ee8d0208ccd8bb0563a28794a,output,fake,sovits,anime_soft_anime_003_Dalkhai Re _ New Version _ Lopamudra.wav,21,10
1ede171bd0f30d18a2b9da0c7bb72ab7,output,fake,sovits,anime_soft_anime_003_Dalkhai Re _ New Version _ Lopamudra.wav,22,10
051b4e9a63712fd6a6f68f9ec9ab4d25,output,fake,sovits,anime_soft_anime_003_Dalkhai Re _ New Version _ Lopamudra.wav,23,10
f79a2a4fc3e62cb4cc2edaa02e47f71c,output,fake,sovits,anime_soft_anime_003_Dalkhai Re _ New Version _ Lopamudra.wav,24,10
c63cc65473540eddda17140bc23bb24d,output,fake,sovits,anime_soft_anime_003_Dalkhai Re _ New Version _ Lopamudra.wav,25,10
1008716c1fd30762a01c26918b8a7561,output,fake,sovits,anime_soft_anime_003_Dalkhai Re _ New Version _ Lopamudra.wav,26,10
684048a16c163a2030f5ab60e0817a69,output,fake,sovits,anime_soft_anime_003_Dalkhai Re _ New Version _ Lopamudra.wav,27,10
cf94ed420c96d1a8b135f73a5cffd718,output,fake,sovits,anime_soft_anime_003_Dalkhai Re _ New Version _ Lopamudra.wav,28,10
bb9ceae216ce7cc285f2c1c1cc5f2e31,output,fake,sovits,anime_kawaii_girl_004_Dalkhai Re _ Provided to YouTube (Audio).wav,0,10
f5130058521f005b8c0bce17aa91ae82,output,fake,sovits,anime_kawaii_girl_004_Dalkhai Re _ Provided to YouTube (Audio).wav,1,10
97c92fa05e67f75a181ce250a0b2fd48,output,fake,sovits,anime_kawaii_girl_004_Dalkhai Re _ Provided to YouTube (Audio).wav,2,10
0e381b160fb78b8a32022742a28432b5,output,fake,sovits,anime_kawaii_girl_004_Dalkhai Re _ Provided to YouTube (Audio).wav,3,10
134811b4de0abc1c13e7c131f60137d5,output,fake,sovits,anime_kawaii_girl_004_Dalkhai Re _ Provided to YouTube (Audio).wav,4,10
353168d1202ff19056571a18109f88a4,output,fake,sovits,anime_kawaii_girl_004_Dalkhai Re _ Provided to YouTube (Audio).wav,5,10
13ad3668a120d8195b4b1c24e01d7c6d,output,fake,sovits,anime_kawaii_girl_004_Dalkhai Re _ Provided to YouTube (Audio).wav,6,10
a2f21345a91a4421a27a4407cbac201f,output,fake,sovits,anime_kawaii_girl_004_Dalkhai Re _ Provided to YouTube (Audio).wav,7,10
f63f203750d16a9122472b176e334b96,output,fake,sovits,anime_kawaii_girl_004_Dalkhai Re _ Provided to YouTube (Audio).wav,8,10
7621b9670c74915e14edee661db4c6bc,output,fake,sovits,anime_kawaii_girl_004_Dalkhai Re _ Provided to YouTube (Audio).wav,9,10
77ee4c6d6b25fceca46139cc7f12fabc,output,fake,sovits,anime_kawaii_girl_004_Dalkhai Re _ Provided to YouTube (Audio).wav,10,10
d7eefcce5d4c76338f2875946b4caf9d,output,fake,sovits,anime_kawaii_girl_004_Dalkhai Re _ Provided to YouTube (Audio).wav,11,10
2915ad60a6cb3e06d96e1457f5569183,output,fake,sovits,anime_kawaii_girl_004_Dalkhai Re _ Provided to YouTube (Audio).wav,12,10
b7c1e3121321fb2cfc501e5bf07d48cb,output,fake,sovits,anime_kawaii_girl_004_Dalkhai Re _ Provided to YouTube (Audio).wav,13,10
4c0e2f372c81aede2a4b716755891fed,output,fake,sovits,anime_kawaii_girl_004_Dalkhai Re _ Provided to YouTube (Audio).wav,14,10
2e9f5527d4451bdbebbbe785e289a8f4,output,fake,sovits,anime_kawaii_girl_004_Dalkhai Re _ Provided to YouTube (Audio).wav,15,10
d2757cfa704cc7f2d548357941dcfe50,output,fake,sovits,anime_kawaii_girl_004_Dalkhai Re _ Provided to YouTube (Audio).wav,16,10
4e2f96050bca4c2a682fa719829a26fe,output,fake,sovits,anime_kawaii_girl_004_Dalkhai Re _ Provided to YouTube (Audio).wav,17,10
64f4309e9adf97e9b1e1fbe32b1ba905,output,fake,sovits,anime_kawaii_girl_004_Dalkhai Re _ Provided to YouTube (Audio).wav,18,10
aa3da6d36e485f93e8fd43520d47326d,output,fake,sovits,anime_kawaii_girl_004_Dalkhai Re _ Provided to YouTube (Audio).wav,19,10
beaedd106c738c7735ee5837aac508cd,output,fake,sovits,anime_kawaii_girl_004_Dalkhai Re _ Provided to YouTube (Audio).wav,20,10
baa407454c644d46f97dc4ecacc8f4a6,output,fake,sovits,anime_kawaii_girl_004_Dalkhai Re _ Provided to YouTube (Audio).wav,21,10
6264ee99e39b865fc72ee1543116a9ff,output,fake,sovits,anime_kawaii_girl_004_Dalkhai Re _ Provided to YouTube (Audio).wav,22,10
eb2431eb26d403aa8ae376e37e73fce5,output,fake,sovits,anime_kawaii_girl_004_Dalkhai Re _ Provided to YouTube (Audio).wav,23,10
4bcb9c1b164857f497a3255ebb63f1bf,output,fake,sovits,anime_kawaii_girl_004_Dalkhai Re _ Provided to YouTube (Audio).wav,24,10
49aed2e006cd05b1894540344096adec,output,fake,sovits,anime_kawaii_girl_004_Dalkhai Re _ Provided to YouTube (Audio).wav,25,10
d39153ccfab600dd40a193007e6ca863,output,fake,sovits,anime_kawaii_girl_004_Dalkhai Re _ Provided to YouTube (Audio).wav,26,10
0f98865d5635e7243704767c96cc9568,output,fake,sovits,anime_kawaii_girl_004_Dalkhai Re _ Provided to YouTube (Audio).wav,27,10
b0cf792c08d6e06655fb52d338975884,output,fake,sovits,anime_energetic_idol_005_Dalkhai Re _ Sambalpuri Folk Dance Video.wav,0,10
558dae1ca14e1ed3902339db44510698,output,fake,sovits,anime_energetic_idol_005_Dalkhai Re _ Sambalpuri Folk Dance Video.wav,1,10
0b3246c24d33c190ed096656fca415e0,output,fake,sovits,anime_energetic_idol_005_Dalkhai Re _ Sambalpuri Folk Dance Video.wav,2,10
3d0cbd3a35874b4af66ef88ca459add8,output,fake,sovits,anime_energetic_idol_005_Dalkhai Re _ Sambalpuri Folk Dance Video.wav,3,10
7e20883428d3b1da6b1baa7dce281cf8,output,fake,sovits,anime_energetic_idol_005_Dalkhai Re _ Sambalpuri Folk Dance Video.wav,4,10
11170129c8554f6b93996eab9b752e53,output,fake,sovits,anime_energetic_idol_005_Dalkhai Re _ Sambalpuri Folk Dance Video.wav,5,10
4c0680dd02f9a8eb1e25e61085986af7,output,fake,sovits,anime_energetic_idol_005_Dalkhai Re _ Sambalpuri Folk Dance Video.wav,6,10
e9e5a33f86d09e2ac934260e37fb6071,output,fake,sovits,anime_energetic_idol_005_Dalkhai Re _ Sambalpuri Folk Dance Video.wav,7,10
417ac663ddf678abdeca6fbdefa122da,output,fake,sovits,anime_energetic_idol_005_Dalkhai Re _ Sambalpuri Folk Dance Video.wav,8,10
cfa744661d4d98745eed6455ba9e355d,output,fake,sovits,anime_energetic_idol_005_Dalkhai Re _ Sambalpuri Folk Dance Video.wav,9,10
de98fce25a54860870e180ed8a6715db,output,fake,sovits,anime_energetic_idol_005_Dalkhai Re _ Sambalpuri Folk Dance Video.wav,10,10
7225970cea39544cd5b2e42e619d9eaf,output,fake,sovits,anime_energetic_idol_005_Dalkhai Re _ Sambalpuri Folk Dance Video.wav,11,10
3726b1fdde477d5482bd566ea0ba6adb,output,fake,sovits,anime_energetic_idol_005_Dalkhai Re _ Sambalpuri Folk Dance Video.wav,12,10
aab195d74822da1d5ca4f3ccf5db8538,output,fake,sovits,anime_energetic_idol_005_Dalkhai Re _ Sambalpuri Folk Dance Video.wav,13,10
57c8d7bf1a8669657cd166dd7325a5ba,output,fake,sovits,anime_energetic_idol_005_Dalkhai Re _ Sambalpuri Folk Dance Video.wav,14,10
363b5ca23a6d05cb68e6d5b191a04f32,output,fake,sovits,anime_energetic_idol_005_Dalkhai Re _ Sambalpuri Folk Dance Video.wav,15,10
4cdf5879babc5b53fe5a8c5687c0c8f0,output,fake,sovits,anime_energetic_idol_005_Dalkhai Re _ Sambalpuri Folk Dance Video.wav,16,10
9f47e5a2ad6fa9d0dd9668c38b1ad68d,output,fake,sovits,anime_energetic_idol_005_Dalkhai Re _ Sambalpuri Folk Dance Video.wav,17,10
6b9d58cec3e2a2608ffe7227d1615079,output,fake,sovits,anime_energetic_idol_005_Dalkhai Re _ Sambalpuri Folk Dance Video.wav,18,10
5ab1923db85e909f3fb599c1fecd6557,output,fake,sovits,anime_energetic_idol_005_Dalkhai Re _ Sambalpuri Folk Dance Video.wav,19,10
27ea79fcd600a65070ac45d266c0af90,output,fake,sovits,anime_energetic_idol_005_Dalkhai Re _ Sambalpuri Folk Dance Video.wav,20,10
35964192913657757806f2412eaf2fb8,output,fake,sovits,anime_energetic_idol_005_Dalkhai Re _ Sambalpuri Folk Dance Video.wav,21,10
1b9cdfc163b4de233ab6fe745c470dd8,output,fake,sovits,anime_energetic_idol_005_Dalkhai Re _ Sambalpuri Folk Dance Video.wav,22,10
b19e7b13076a9d0d76ee8b55f76028c6,output,fake,sovits,anime_energetic_idol_005_Dalkhai Re _ Sambalpuri Folk Dance Video.wav,23,10
09cf9b09c129d1169067ab3dfdaacf92,output,fake,sovits,anime_energetic_idol_005_Dalkhai Re _ Sambalpuri Folk Dance Video.wav,24,10
766773e38de4d94893d91d25621d92da,output,fake,sovits,anime_energetic_idol_005_Dalkhai Re _ Sambalpuri Folk Dance Video.wav,25,10
a8d62f3510f454be14aac14f74670033,output,fake,sovits,anime_energetic_idol_005_Dalkhai Re _ Sambalpuri Folk Dance Video.wav,26,10
5cf7a1634f5a5a67db654c93c7bed562,output,fake,sovits,anime_energetic_idol_005_Dalkhai Re _ Sambalpuri Folk Dance Video.wav,27,10
448a6ebfa9a864ce04ffc06e7cf89e74,output,fake,sovits,anime_energetic_idol_005_Dalkhai Re _ Sambalpuri Folk Dance Video.wav,28,10
acb35ab7b6944b55203ae20313af5e47,output,fake,sovits,anime_energetic_idol_005_Dalkhai Re _ Sambalpuri Folk Dance Video.wav,29,10
7ff2e504414607bde039fd1671971b3e,output,fake,sovits,anime_energetic_idol_005_Dalkhai Re _ Sambalpuri Folk Dance Video.wav,30,10
cd783302eeb52b6d9889520cd487f35b,output,fake,sovits,anime_energetic_idol_005_Dalkhai Re _ Sambalpuri Folk Dance Video.wav,31,10
cd782cf114f137e2ad445bd3000e1702,output,fake,sovits,anime_energetic_idol_005_Dalkhai Re _ Sambalpuri Folk Dance Video.wav,32,10
1304fa22d913b00bf5b61d44cc3c426a,output,fake,sovits,anime_energetic_idol_005_Dalkhai Re _ Sambalpuri Folk Dance Video.wav,33,10
e9243aab375d9e1f8d8f5a3a8db4349d,output,fake,sovits,anime_energetic_idol_005_Dalkhai Re _ Sambalpuri Folk Dance Video.wav,34,10
ab0fc93342865c091121edea738a37f9,output,fake,sovits,anime_energetic_idol_005_Dalkhai Re _ Sambalpuri Folk Dance Video.wav,35,10
f625f243ea2ace7d7ba3252be7bb24ca,output,fake,sovits,anime_energetic_idol_005_Dalkhai Re _ Sambalpuri Folk Dance Video.wav,36,10
eb3e1a63e54f486669f1699313559e4d,output,fake,sovits,anime_energetic_idol_005_Dalkhai Re _ Sambalpuri Folk Dance Video.wav,37,10
5da7f0b0f41dd83bf6ac959c44f9a94b,output,fake,sovits,anime_energetic_idol_005_Dalkhai Re _ Sambalpuri Folk Dance Video.wav,38,10
c83721e895483efb2826d1a98b15074f,output,fake,sovits,anime_energetic_idol_005_Dalkhai Re _ Sambalpuri Folk Dance Video.wav,39,10
92ebd9f6511fe163002a55d79e9655cf,output,fake,sovits,anime_energetic_idol_005_Dalkhai Re _ Sambalpuri Folk Dance Video.wav,40,10
fe79c2ced8a2d37ec5a86ebddde17274,output,fake,sovits,anime_soft_anime_006_Dalkhai Re _ Sujata _ Sika Music.wav,0,10
2b465fee6081de1017ede2cf4311e675,output,fake,sovits,anime_soft_anime_006_Dalkhai Re _ Sujata _ Sika Music.wav,1,10
f79ace152812b6e9c36cc44bed7c4596,output,fake,sovits,anime_soft_anime_006_Dalkhai Re _ Sujata _ Sika Music.wav,2,10
d622bdca0e6467151a8a982e9bb1fc53,output,fake,sovits,anime_soft_anime_006_Dalkhai Re _ Sujata _ Sika Music.wav,3,10
8f49508385621a2f879412deeab3e7b4,output,fake,sovits,anime_soft_anime_006_Dalkhai Re _ Sujata _ Sika Music.wav,4,10
eccb8a58e4064befef397723ec6cf8bc,output,fake,sovits,anime_soft_anime_006_Dalkhai Re _ Sujata _ Sika Music.wav,5,10
49aec95a24f0cd6a37896f8447d804f9,output,fake,sovits,anime_soft_anime_006_Dalkhai Re _ Sujata _ Sika Music.wav,6,10
415afd592d68ce587e8ac6f7b0547da7,output,fake,sovits,anime_soft_anime_006_Dalkhai Re _ Sujata _ Sika Music.wav,7,10
ceaf06a18f088dd62c3b5e8d25e4f882,output,fake,sovits,anime_soft_anime_006_Dalkhai Re _ Sujata _ Sika Music.wav,8,10
466a37c3176788cf6cfa3c9d8636078d,output,fake,sovits,anime_soft_anime_006_Dalkhai Re _ Sujata _ Sika Music.wav,9,10
3f0173ad84ab7377a8302c093ce1e97e,output,fake,sovits,anime_soft_anime_006_Dalkhai Re _ Sujata _ Sika Music.wav,10,10
1e9c38149292c5b474b4e1e5cbca35e7,output,fake,sovits,anime_soft_anime_006_Dalkhai Re _ Sujata _ Sika Music.wav,11,10
5c470e5b558ce8dd1f4d3851b690842b,output,fake,sovits,anime_soft_anime_006_Dalkhai Re _ Sujata _ Sika Music.wav,12,10
d459b468b984ff4a4ec2c60ad7b72425,output,fake,sovits,anime_soft_anime_006_Dalkhai Re _ Sujata _ Sika Music.wav,13,10
171824b34da7096d059ad9885d898b93,output,fake,sovits,anime_soft_anime_006_Dalkhai Re _ Sujata _ Sika Music.wav,14,10
2d3ab7ecfe9ba1cac05d28481d1a2b34,output,fake,sovits,anime_soft_anime_006_Dalkhai Re _ Sujata _ Sika Music.wav,15,10
f409d6a6f2db7fa7e7c43f51e5ee82cd,output,fake,sovits,anime_soft_anime_006_Dalkhai Re _ Sujata _ Sika Music.wav,16,10
71fcdfd8ba4a8ae48d1c625a58e75fd6,output,fake,sovits,anime_soft_anime_006_Dalkhai Re _ Sujata _ Sika Music.wav,17,10
d14d2e563d0d27d08fad99add5625d16,output,fake,sovits,anime_soft_anime_006_Dalkhai Re _ Sujata _ Sika Music.wav,18,10
b9965253da932ee68418cba5f49c40b6,output,fake,sovits,anime_soft_anime_006_Dalkhai Re _ Sujata _ Sika Music.wav,19,10
4fedcc760551e72d7245b5333313168b,output,fake,sovits,anime_soft_anime_006_Dalkhai Re _ Sujata _ Sika Music.wav,20,10
e590f69a1013369fd9ba8f95e2b51ba1,output,fake,sovits,anime_soft_anime_006_Dalkhai Re _ Sujata _ Sika Music.wav,21,10
7070deb28630a3f03277e0aba229b504,output,fake,sovits,anime_soft_anime_006_Dalkhai Re _ Sujata _ Sika Music.wav,22,10
fe3499470c8ef2ed1a5d019abf7f9c34,output,fake,sovits,anime_soft_anime_006_Dalkhai Re _ Sujata _ Sika Music.wav,23,10
7eadf7370781d5ec5c6026c16d5172ce,output,fake,sovits,anime_soft_anime_006_Dalkhai Re _ Sujata _ Sika Music.wav,24,10
e95b4fe33c13b7eedc7f420ae20955dd,output,fake,sovits,anime_soft_anime_006_Dalkhai Re _ Sujata _ Sika Music.wav,25,10
e3c520f26887c70ef189e3380a33863e,output,fake,sovits,anime_soft_anime_006_Dalkhai Re _ Sujata _ Sika Music.wav,26,10
6108b54bb8f24b670d28c4af62798b36,output,fake,sovits,anime_soft_anime_006_Dalkhai Re _ Sujata _ Sika Music.wav,27,10
66ffebcb8299468d00aa3dfaaba50122,output,fake,sovits,anime_soft_anime_006_Dalkhai Re _ Sujata _ Sika Music.wav,28,10
530b10e7b4c3651f12a25d9e539d67f4,output,fake,sovits,anime_soft_anime_006_Dalkhai Re _ Sujata _ Sika Music.wav,29,10
97491db7cc239a50328dcd3828ff23a6,output,fake,sovits,anime_soft_anime_006_Dalkhai Re _ Sujata _ Sika Music.wav,30,10
081d0cffb0125abac47d85cfa82c48e7,output,fake,sovits,anime_soft_anime_006_Dalkhai Re _ Sujata _ Sika Music.wav,31,10
0982ac8dc6d0f0cc1b6e45871f7432f4,output,fake,sovits,anime_soft_anime_006_Dalkhai Re _ Sujata _ Sika Music.wav,32,10
bc85ebc9cf078f21ef30763260440655,output,fake,sovits,anime_soft_anime_006_Dalkhai Re _ Sujata _ Sika Music.wav,33,10
b41176124d07596b4ae476546a79707e,output,fake,sovits,anime_soft_anime_006_Dalkhai Re _ Sujata _ Sika Music.wav,34,10
330927a42de90024ebc24f4939379344,output,fake,sovits,anime_soft_anime_006_Dalkhai Re _ Sujata _ Sika Music.wav,35,10
b22ec4105a694733942fb71700c36975,output,fake,sovits,anime_soft_anime_006_Dalkhai Re _ Sujata _ Sika Music.wav,36,10
518cd584801bad74c5ab996ec2477b56,output,fake,sovits,anime_soft_anime_006_Dalkhai Re _ Sujata _ Sika Music.wav,37,10
0cf3765e98601ecb8aecdd6d987e62ef,output,fake,sovits,anime_soft_anime_006_Dalkhai Re _ Sujata _ Sika Music.wav,38,10
5ac85e23a8499a65e29ce002957dafe5,output,fake,sovits,anime_kawaii_girl_007_Dalkhai _ Sambalpuri Folk Song 2020.wav,0,10
f4d00fca7d65a87b217d172f9859a46d,output,fake,sovits,anime_kawaii_girl_007_Dalkhai _ Sambalpuri Folk Song 2020.wav,1,10
41328d09fb386c5b57f155c4d3d4a62b,output,fake,sovits,anime_kawaii_girl_007_Dalkhai _ Sambalpuri Folk Song 2020.wav,2,10
9a12c492fdd19a7c7fcff59b7ddba6dd,output,fake,sovits,anime_kawaii_girl_007_Dalkhai _ Sambalpuri Folk Song 2020.wav,3,10
b3e6addf34438204c56a8fb4a3e8eb68,output,fake,sovits,anime_kawaii_girl_007_Dalkhai _ Sambalpuri Folk Song 2020.wav,4,10
f034709d1c12d03c7716b9aa62688477,output,fake,sovits,anime_kawaii_girl_007_Dalkhai _ Sambalpuri Folk Song 2020.wav,5,10
543bbec89df4b31ce3f6ec9a9887a056,output,fake,sovits,anime_kawaii_girl_007_Dalkhai _ Sambalpuri Folk Song 2020.wav,6,10
125e526081f291b33f2a3256310f3a35,output,fake,sovits,anime_kawaii_girl_007_Dalkhai _ Sambalpuri Folk Song 2020.wav,7,10
4853bf98d79be5369516227a01519798,output,fake,sovits,anime_kawaii_girl_007_Dalkhai _ Sambalpuri Folk Song 2020.wav,8,10
304817ba73d19552be1fcb303752d7e9,output,fake,sovits,anime_kawaii_girl_007_Dalkhai _ Sambalpuri Folk Song 2020.wav,9,10
8eecfd0efe88de9d003bb6382922b044,output,fake,sovits,anime_kawaii_girl_007_Dalkhai _ Sambalpuri Folk Song 2020.wav,10,10
bf6ff4fa35a1b5446a32caa37e6944c4,output,fake,sovits,anime_kawaii_girl_007_Dalkhai _ Sambalpuri Folk Song 2020.wav,11,10
63bd654021e885d70b74769a8aa0d836,output,fake,sovits,anime_kawaii_girl_007_Dalkhai _ Sambalpuri Folk Song 2020.wav,12,10
4cf4f8a9cceedff73b62ff02e9368208,output,fake,sovits,anime_kawaii_girl_007_Dalkhai _ Sambalpuri Folk Song 2020.wav,13,10
c8bdd7111943a391bcfa576db9178284,output,fake,sovits,anime_kawaii_girl_007_Dalkhai _ Sambalpuri Folk Song 2020.wav,14,10
11d55ef79f3cfc3738159dc5900b7120,output,fake,sovits,anime_kawaii_girl_007_Dalkhai _ Sambalpuri Folk Song 2020.wav,15,10
86eab45a0b56ab7094fe43a0a58dc5fc,output,fake,sovits,anime_kawaii_girl_007_Dalkhai _ Sambalpuri Folk Song 2020.wav,16,10
4e3ef68febb4e8ed04e6353fd926f64b,output,fake,sovits,anime_kawaii_girl_007_Dalkhai _ Sambalpuri Folk Song 2020.wav,17,10
4b5fff079c9f3d76860e7855725f5f0d,output,fake,sovits,anime_kawaii_girl_007_Dalkhai _ Sambalpuri Folk Song 2020.wav,18,10
8fc5ef156f47d3ba092dd1e3ea4546fd,output,fake,sovits,anime_kawaii_girl_007_Dalkhai _ Sambalpuri Folk Song 2020.wav,19,10
b0c5fe2c01be37130557753856211cc4,output,fake,sovits,anime_kawaii_girl_007_Dalkhai _ Sambalpuri Folk Song 2020.wav,20,10
4918aa7b7cb40aab530f43ebeaa1898f,output,fake,sovits,anime_kawaii_girl_007_Dalkhai _ Sambalpuri Folk Song 2020.wav,21,10
448b5ca32317d97d2385e66cef678432,output,fake,sovits,anime_kawaii_girl_007_Dalkhai _ Sambalpuri Folk Song 2020.wav,22,10
8002aac4b88e55af432d392a9ae4c166,output,fake,sovits,anime_kawaii_girl_007_Dalkhai _ Sambalpuri Folk Song 2020.wav,23,10
f631a4294e42c2ff9530dd16e11c7643,output,fake,sovits,anime_kawaii_girl_007_Dalkhai _ Sambalpuri Folk Song 2020.wav,24,10
af97c75df41c24010daba9c68ccd5437,output,fake,sovits,anime_kawaii_girl_007_Dalkhai _ Sambalpuri Folk Song 2020.wav,25,10
8c8ed44e96d7855deb646fa0bdb1dab9,output,fake,sovits,anime_kawaii_girl_007_Dalkhai _ Sambalpuri Folk Song 2020.wav,26,10
81e8f1ed0e06709f85aab394c78f40bd,output,fake,sovits,anime_kawaii_girl_007_Dalkhai _ Sambalpuri Folk Song 2020.wav,27,10
7f985a3117b0dba628dc4f13512d1670,output,fake,sovits,anime_kawaii_girl_007_Dalkhai _ Sambalpuri Folk Song 2020.wav,28,10
c9b712ba37df0ddefeba803fb9fd7f38,output,fake,sovits,anime_kawaii_girl_007_Dalkhai _ Sambalpuri Folk Song 2020.wav,29,10
28e08cfddb858f79ef15f50d682ae73f,output,fake,sovits,anime_kawaii_girl_007_Dalkhai _ Sambalpuri Folk Song 2020.wav,30,10
1e7be7a32fd51ba0e84ed43afb9af1a9,output,fake,sovits,anime_kawaii_girl_007_Dalkhai _ Sambalpuri Folk Song 2020.wav,31,10
1b178cd0b61fef61195920b1355b2207,output,fake,sovits,anime_kawaii_girl_007_Dalkhai _ Sambalpuri Folk Song 2020.wav,32,10
db1fe9f1f747f5d4dd901a45765abfe9,output,fake,sovits,anime_kawaii_girl_007_Dalkhai _ Sambalpuri Folk Song 2020.wav,33,10
3bc1a7177f71b4d273460c5b252c8f4a,output,fake,sovits,anime_energetic_idol_008_Din Gani Gani _ Odia Folk Song.wav,0,10
fe4fe54b0b6675a64077cfc16492accd,output,fake,sovits,anime_energetic_idol_008_Din Gani Gani _ Odia Folk Song.wav,1,10
2e2336652cd9e1334457ad83083e4af1,output,fake,sovits,anime_energetic_idol_008_Din Gani Gani _ Odia Folk Song.wav,2,10
ae85542f77dc959cf77c9e5ca8099b85,output,fake,sovits,anime_energetic_idol_008_Din Gani Gani _ Odia Folk Song.wav,3,10
de02a0dbd0bacd7a4393f59bf93dbf81,output,fake,sovits,anime_energetic_idol_008_Din Gani Gani _ Odia Folk Song.wav,4,10
91f1c131833dc2a3b36065a0c9413934,output,fake,sovits,anime_energetic_idol_008_Din Gani Gani _ Odia Folk Song.wav,5,10
a30aedb3602754baf00e671819895118,output,fake,sovits,anime_energetic_idol_008_Din Gani Gani _ Odia Folk Song.wav,6,10
47328027f8c94f2566b621fc81f17bab,output,fake,sovits,anime_energetic_idol_008_Din Gani Gani _ Odia Folk Song.wav,7,10
0ae7deaf34d32715cd6482631bf49d84,output,fake,sovits,anime_energetic_idol_008_Din Gani Gani _ Odia Folk Song.wav,8,10
7e8c6107444eca5c303a0409f523e484,output,fake,sovits,anime_energetic_idol_008_Din Gani Gani _ Odia Folk Song.wav,9,10
d29f3268ff887af08cd35c35b5b8afba,output,fake,sovits,anime_energetic_idol_008_Din Gani Gani _ Odia Folk Song.wav,10,10
d4f0af97eafbfd6c9fa02693c9c46627,output,fake,sovits,anime_energetic_idol_008_Din Gani Gani _ Odia Folk Song.wav,11,10
0f541c815a0d0588749b08c6f3ca8568,output,fake,sovits,anime_energetic_idol_008_Din Gani Gani _ Odia Folk Song.wav,12,10
d2922bea8d2e8b693afdc45b1cd1ac47,output,fake,sovits,anime_energetic_idol_008_Din Gani Gani _ Odia Folk Song.wav,13,10
63a73a9ce3aa6b8aae20cde53f9fd38a,output,fake,sovits,anime_energetic_idol_008_Din Gani Gani _ Odia Folk Song.wav,14,10
168fb7d6b1af1b4fd3d133ead398e578,output,fake,sovits,anime_energetic_idol_008_Din Gani Gani _ Odia Folk Song.wav,15,10
a700d6b3c7521bdda39218e2b298dc65,output,fake,sovits,anime_soft_anime_009_Mo Maina _ Folk Songs of Oriya _ Sudha Mishra.wav,0,10
9cc5e43863a65eb7c5434de91d6efece,output,fake,sovits,anime_soft_anime_009_Mo Maina _ Folk Songs of Oriya _ Sudha Mishra.wav,1,10
81706865a8976e7a57db0c69a3c18e79,output,fake,sovits,anime_soft_anime_009_Mo Maina _ Folk Songs of Oriya _ Sudha Mishra.wav,2,10
a726bfcf50e372050e44dd1586628a7d,output,fake,sovits,anime_soft_anime_009_Mo Maina _ Folk Songs of Oriya _ Sudha Mishra.wav,3,10
4dad21c1224c5b94d34502b9589c1aff,output,fake,sovits,anime_soft_anime_009_Mo Maina _ Folk Songs of Oriya _ Sudha Mishra.wav,4,10
de4f9f9d82f585e0b231b28f657dc912,output,fake,sovits,anime_soft_anime_009_Mo Maina _ Folk Songs of Oriya _ Sudha Mishra.wav,5,10
c78e35ae6cd635263757e9e0f26b166c,output,fake,sovits,anime_soft_anime_009_Mo Maina _ Folk Songs of Oriya _ Sudha Mishra.wav,6,10
813a0c110908950808b4b17065b51b98,output,fake,sovits,anime_soft_anime_009_Mo Maina _ Folk Songs of Oriya _ Sudha Mishra.wav,7,10
530489095bc8f36b27b06dfd1b60b4ea,output,fake,sovits,anime_soft_anime_009_Mo Maina _ Folk Songs of Oriya _ Sudha Mishra.wav,8,10
a2efd0d225e50a048e9fb21ce4214374,output,fake,sovits,anime_soft_anime_009_Mo Maina _ Folk Songs of Oriya _ Sudha Mishra.wav,9,10
f0d115cef0fb358dda191417e635f0cf,output,fake,sovits,anime_soft_anime_009_Mo Maina _ Folk Songs of Oriya _ Sudha Mishra.wav,10,10
64cd35c986666e68bc1ddb4cedfa3d66,output,fake,sovits,anime_soft_anime_009_Mo Maina _ Folk Songs of Oriya _ Sudha Mishra.wav,11,10
d48e7eaeddbf3bb9b22cdf0ce95c3705,output,fake,sovits,anime_soft_anime_009_Mo Maina _ Folk Songs of Oriya _ Sudha Mishra.wav,12,10
358b28772168f5ccd20b08d68aeeb674,output,fake,sovits,anime_soft_anime_009_Mo Maina _ Folk Songs of Oriya _ Sudha Mishra.wav,13,10
3b1dd185b71bdaa8c3f86b5cd58f8926,output,fake,sovits,anime_soft_anime_009_Mo Maina _ Folk Songs of Oriya _ Sudha Mishra.wav,14,10
7a6d1749a890a21ddc92e8ce195f2276,output,fake,sovits,anime_soft_anime_009_Mo Maina _ Folk Songs of Oriya _ Sudha Mishra.wav,15,10
0ef04a32921a0f0840dffd806011a842,output,fake,sovits,anime_soft_anime_009_Mo Maina _ Folk Songs of Oriya _ Sudha Mishra.wav,16,10
6749c3ce126733e32d5ef52fda11ed9e,output,fake,sovits,anime_soft_anime_009_Mo Maina _ Folk Songs of Oriya _ Sudha Mishra.wav,17,10
e3a18ef3330f04c54054fc003bb503f1,output,fake,sovits,anime_soft_anime_009_Mo Maina _ Folk Songs of Oriya _ Sudha Mishra.wav,18,10
784a803c4dfececa58cf640f5a72c8b5,output,fake,sovits,anime_soft_anime_009_Mo Maina _ Folk Songs of Oriya _ Sudha Mishra.wav,19,10
32f349ff3e1a9bb486af172da159def7,output,fake,sovits,anime_soft_anime_009_Mo Maina _ Folk Songs of Oriya _ Sudha Mishra.wav,20,10
72250ae1a60c87c43b6162013bb61b81,output,fake,sovits,anime_soft_anime_009_Mo Maina _ Folk Songs of Oriya _ Sudha Mishra.wav,21,10
2d2f8af705fa089839c8ac986365d7f3,output,fake,sovits,anime_soft_anime_009_Mo Maina _ Folk Songs of Oriya _ Sudha Mishra.wav,22,10
c4f9ea17009e9afe67a26a9ab194284f,output,fake,sovits,anime_soft_anime_009_Mo Maina _ Folk Songs of Oriya _ Sudha Mishra.wav,23,10
da8d3a57ce63a277adab061ef137cfed,output,fake,sovits,anime_soft_anime_009_Mo Maina _ Folk Songs of Oriya _ Sudha Mishra.wav,24,10
0ea08bfa66511df6c2f7b4b9ea79cee9,output,fake,sovits,anime_soft_anime_009_Mo Maina _ Folk Songs of Oriya _ Sudha Mishra.wav,25,10
18a5c70f151fab688d26015f340a8098,output,fake,sovits,anime_soft_anime_009_Mo Maina _ Folk Songs of Oriya _ Sudha Mishra.wav,26,10
ca4bd344ac02978f5a09200ddc36e7e7,output,fake,sovits,anime_soft_anime_009_Mo Maina _ Folk Songs of Oriya _ Sudha Mishra.wav,27,10
1c10a8cd2b160d0905ce0d813b03b10a,output,fake,sovits,anime_soft_anime_009_Mo Maina _ Folk Songs of Oriya _ Sudha Mishra.wav,28,10
02411ea05d7f3f1155cd25acf6b31c5b,output,fake,sovits,anime_soft_anime_009_Mo Maina _ Folk Songs of Oriya _ Sudha Mishra.wav,29,10
46a6ca947cced64b4bb7db4f8828749a,output,fake,sovits,anime_soft_anime_009_Mo Maina _ Folk Songs of Oriya _ Sudha Mishra.wav,30,10
e11a83f4b8da8d6a81ded29e278d2c68,output,fake,sovits,anime_soft_anime_009_Mo Maina _ Folk Songs of Oriya _ Sudha Mishra.wav,31,10
0922cd7787ca0d3ef6af265985e1f675,output,fake,sovits,anime_soft_anime_009_Mo Maina _ Folk Songs of Oriya _ Sudha Mishra.wav,32,10
e39f4dbb4a530d4cd9db106e0a755141,output,fake,sovits,anime_soft_anime_009_Mo Maina _ Folk Songs of Oriya _ Sudha Mishra.wav,33,10
9d3a680e648dff658debe2d515b9038a,output,fake,sovits,anime_soft_anime_009_Mo Maina _ Folk Songs of Oriya _ Sudha Mishra.wav,34,10
387a1e4d5898c2a954ef4d3add6eaf82,output,fake,sovits,anime_soft_anime_009_Mo Maina _ Folk Songs of Oriya _ Sudha Mishra.wav,35,10
6349e8635a9ba24c53de0dad4c7c1a82,output,fake,sovits,anime_soft_anime_009_Mo Maina _ Folk Songs of Oriya _ Sudha Mishra.wav,36,10
ee009677ff1eef1b1818462e6e612485,output,fake,sovits,anime_soft_anime_009_Mo Maina _ Folk Songs of Oriya _ Sudha Mishra.wav,37,10
02cbb023362a80b6c26776c8f12e2818,output,fake,sovits,anime_soft_anime_009_Mo Maina _ Folk Songs of Oriya _ Sudha Mishra.wav,38,10
9167745112070c1ce3ccb0d93a9346a4,output,fake,sovits,anime_soft_anime_009_Mo Maina _ Folk Songs of Oriya _ Sudha Mishra.wav,39,10
17b32fda8c5bff433af61e9a8bc83c7d,output,fake,sovits,anime_soft_anime_009_Mo Maina _ Folk Songs of Oriya _ Sudha Mishra.wav,40,10
f57a76845e8830fed673ddcdba6cd8c0,output,fake,sovits,anime_soft_anime_009_Mo Maina _ Folk Songs of Oriya _ Sudha Mishra.wav,41,10
9a7204163ec296649680ad35f8084145,output,fake,sovits,anime_soft_anime_009_Mo Maina _ Folk Songs of Oriya _ Sudha Mishra.wav,42,10
ceab74fc14489ae8a659f452ddf9c8e0,output,fake,sovits,anime_soft_anime_009_Mo Maina _ Folk Songs of Oriya _ Sudha Mishra.wav,43,10
7396a132b3bd62bbe85eb2c43fa8c486,output,fake,sovits,anime_soft_anime_009_Mo Maina _ Folk Songs of Oriya _ Sudha Mishra.wav,44,10
526b9d9678a53866afa3d1f7e7aab5a8,output,fake,sovits,anime_soft_anime_009_Mo Maina _ Folk Songs of Oriya _ Sudha Mishra.wav,45,10
29c5de809f5226f160262035593e92de,output,fake,sovits,anime_soft_anime_009_Mo Maina _ Folk Songs of Oriya _ Sudha Mishra.wav,46,10
06038937954a11d3c06bc1fa3c5613d6,output,fake,sovits,anime_soft_anime_009_Mo Maina _ Folk Songs of Oriya _ Sudha Mishra.wav,47,10
4e057a864e0d41945fa1e27d4241af55,output,fake,sovits,anime_soft_anime_009_Mo Maina _ Folk Songs of Oriya _ Sudha Mishra.wav,48,10
96cabcb4d24a9e95fd3f2500a38b938e,output,fake,sovits,anime_soft_anime_009_Mo Maina _ Folk Songs of Oriya _ Sudha Mishra.wav,49,10
f722f424f63bbae76af580263cc74841,output,fake,sovits,anime_soft_anime_009_Mo Maina _ Folk Songs of Oriya _ Sudha Mishra.wav,50,10
f086c33512583c9c0072df49ddbf8949,output,fake,sovits,anime_soft_anime_009_Mo Maina _ Folk Songs of Oriya _ Sudha Mishra.wav,51,10
ec0a30783498ef32e1af6ba56c248d91,output,fake,sovits,anime_soft_anime_009_Mo Maina _ Folk Songs of Oriya _ Sudha Mishra.wav,52,10
5ab0a3277c711309254170e9118f0cda,output,fake,sovits,anime_soft_anime_009_Mo Maina _ Folk Songs of Oriya _ Sudha Mishra.wav,53,10
a4aea7ce12f989af01a2a3f839868639,output,fake,sovits,anime_soft_anime_009_Mo Maina _ Folk Songs of Oriya _ Sudha Mishra.wav,54,10
a0d7877a3ee65ecc35e2f15fe7af094c,output,fake,sovits,anime_soft_anime_009_Mo Maina _ Folk Songs of Oriya _ Sudha Mishra.wav,55,10
7ee50aecdf83c4742913442216e1eb78,output,fake,sovits,anime_soft_anime_009_Mo Maina _ Folk Songs of Oriya _ Sudha Mishra.wav,56,10
4305df9bbb15f074a9699458ebc3881f,output,fake,sovits,anime_soft_anime_009_Mo Maina _ Folk Songs of Oriya _ Sudha Mishra.wav,57,10
a47b7ec64134c2853bdfa3c4494d312f,output,fake,sovits,anime_soft_anime_009_Mo Maina _ Folk Songs of Oriya _ Sudha Mishra.wav,58,10
56c9ffb2e8572692695fe8f9ee625b83,output,fake,sovits,anime_soft_anime_009_Mo Maina _ Folk Songs of Oriya _ Sudha Mishra.wav,59,10
d43b4f8f7bdc4b39998e3859f3e747f5,output,fake,sovits,anime_soft_anime_009_Mo Maina _ Folk Songs of Oriya _ Sudha Mishra.wav,60,10
3e07428ae5e04cf3674c96f1d36daafd,output,fake,sovits,anime_soft_anime_009_Mo Maina _ Folk Songs of Oriya _ Sudha Mishra.wav,61,10
dd4890afc5c1f0c4725bfa5377a2d983,output,fake,sovits,anime_soft_anime_009_Mo Maina _ Folk Songs of Oriya _ Sudha Mishra.wav,62,10
97895a30b7fc842c446ecddfea139dae,output,fake,sovits,anime_soft_anime_009_Mo Maina _ Folk Songs of Oriya _ Sudha Mishra.wav,63,10
6862d1c4c41a3a4beb9938ed7baf9eb7,output,fake,sovits,anime_soft_anime_009_Mo Maina _ Folk Songs of Oriya _ Sudha Mishra.wav,64,10
91e2714498d4e1706b17274ba03e1031,output,fake,sovits,anime_soft_anime_009_Mo Maina _ Folk Songs of Oriya _ Sudha Mishra.wav,65,10
8347a0a647ae493e78f7f8b438935875,output,fake,sovits,anime_soft_anime_009_Mo Maina _ Folk Songs of Oriya _ Sudha Mishra.wav,66,10
19f66ec500dd5dffae990619e6ade02b,output,fake,sovits,anime_soft_anime_009_Mo Maina _ Folk Songs of Oriya _ Sudha Mishra.wav,67,10
dfae4da88ec25a0f4a4e1e1ed95d02b7,output,fake,sovits,anime_soft_anime_009_Mo Maina _ Folk Songs of Oriya _ Sudha Mishra.wav,68,10
0496729a7fe8cbd78ce30450b1298391,output,fake,sovits,anime_soft_anime_009_Mo Maina _ Folk Songs of Oriya _ Sudha Mishra.wav,69,10
f9a64f061e6932d21b881f2db52e54a7,output,fake,sovits,anime_soft_anime_009_Mo Maina _ Folk Songs of Oriya _ Sudha Mishra.wav,70,10
73d63abad095cb3ba638f897a43e60c8,output,fake,sovits,anime_soft_anime_009_Mo Maina _ Folk Songs of Oriya _ Sudha Mishra.wav,71,10
79ce2d95e3357e2d9b12923d2c4275a6,output,fake,sovits,anime_soft_anime_009_Mo Maina _ Folk Songs of Oriya _ Sudha Mishra.wav,72,10
61d7a934e5b1837734103dbf5caa070d,output,fake,sovits,anime_soft_anime_009_Mo Maina _ Folk Songs of Oriya _ Sudha Mishra.wav,73,10
b3e939c6f76696e6eede713d5900fe84,output,fake,sovits,anime_soft_anime_009_Mo Maina _ Folk Songs of Oriya _ Sudha Mishra.wav,74,10
c9a36d68700ccf9f373ecb94b700b745,output,fake,sovits,anime_soft_anime_009_Mo Maina _ Folk Songs of Oriya _ Sudha Mishra.wav,75,10
5cce3c6ab734c00830808e0d5d0c7dfb,output,fake,sovits,anime_soft_anime_009_Mo Maina _ Folk Songs of Oriya _ Sudha Mishra.wav,76,10
26c38053efb86fc4a83a638e8645955e,output,fake,sovits,anime_soft_anime_009_Mo Maina _ Folk Songs of Oriya _ Sudha Mishra.wav,77,10
e6c2825897011bdc430817d9be1ec64d,output,fake,sovits,anime_soft_anime_009_Mo Maina _ Folk Songs of Oriya _ Sudha Mishra.wav,78,10
c9ae2b95e8927e3852c88db9deb5b220,output,fake,sovits,anime_soft_anime_009_Mo Maina _ Folk Songs of Oriya _ Sudha Mishra.wav,79,10
de01a35d0c8f3b9324913039209b042a,output,fake,sovits,anime_soft_anime_009_Mo Maina _ Folk Songs of Oriya _ Sudha Mishra.wav,80,10
936c08536d84bec493d935d880ad0eb4,output,fake,sovits,anime_soft_anime_009_Mo Maina _ Folk Songs of Oriya _ Sudha Mishra.wav,81,10
d36ab26b8235cf4d105e9dd0766f6fba,output,fake,sovits,anime_soft_anime_009_Mo Maina _ Folk Songs of Oriya _ Sudha Mishra.wav,82,10
bcaea55432994382d71a1c02a3a51844,output,fake,sovits,anime_soft_anime_009_Mo Maina _ Folk Songs of Oriya _ Sudha Mishra.wav,83,10
2cd452ab3b0481c5a6c6e2f5f4e128b0,output,fake,sovits,anime_soft_anime_009_Mo Maina _ Folk Songs of Oriya _ Sudha Mishra.wav,84,10
914122809f81280b0a80f1386110845d,output,fake,sovits,anime_soft_anime_009_Mo Maina _ Folk Songs of Oriya _ Sudha Mishra.wav,85,10
aaa4b6b456c99d8ef4bea45a48c57b24,output,fake,sovits,anime_soft_anime_009_Mo Maina _ Folk Songs of Oriya _ Sudha Mishra.wav,86,10
d99532f7b7f13d07b75ec61b055392ba,output,fake,sovits,anime_soft_anime_009_Mo Maina _ Folk Songs of Oriya _ Sudha Mishra.wav,87,10
8cfc9c1bd3421867d18fd5b736632572,output,fake,sovits,anime_soft_anime_009_Mo Maina _ Folk Songs of Oriya _ Sudha Mishra.wav,88,10
c01a7d509b6b97c245573e315fae7ddd,output,fake,sovits,anime_soft_anime_009_Mo Maina _ Folk Songs of Oriya _ Sudha Mishra.wav,89,10
6111cc5c6fb2c793f95b601ad7e1bd36,output,fake,sovits,anime_soft_anime_009_Mo Maina _ Folk Songs of Oriya _ Sudha Mishra.wav,90,10
25f78894ae95524b9ee3f04ef6ec72b5,output,fake,sovits,anime_soft_anime_009_Mo Maina _ Folk Songs of Oriya _ Sudha Mishra.wav,91,10
529b709e1f72ed66efb048643802f970,output,fake,sovits,anime_soft_anime_009_Mo Maina _ Folk Songs of Oriya _ Sudha Mishra.wav,92,10
7f867c19d64a55f4db764126cd083a6f,output,fake,sovits,anime_soft_anime_009_Mo Maina _ Folk Songs of Oriya _ Sudha Mishra.wav,93,10
1469d87e2fa261af5eefdf1e220dbf98,output,fake,sovits,anime_soft_anime_009_Mo Maina _ Folk Songs of Oriya _ Sudha Mishra.wav,94,10
2221fe5e83fcce0a306eede9c549bd4a,output,fake,sovits,anime_soft_anime_009_Mo Maina _ Folk Songs of Oriya _ Sudha Mishra.wav,95,10
0e01749385b139506da54cc5c9eedd7b,output,fake,sovits,anime_soft_anime_009_Mo Maina _ Folk Songs of Oriya _ Sudha Mishra.wav,96,10
891e2c7642bd989d088a33ced699ff61,output,fake,sovits,anime_soft_anime_009_Mo Maina _ Folk Songs of Oriya _ Sudha Mishra.wav,97,10
7c607f073dcf45e3b047b7d3b7725798,output,fake,sovits,anime_soft_anime_009_Mo Maina _ Folk Songs of Oriya _ Sudha Mishra.wav,98,10
bdbe07c16cd7cdc34480cec83213daee,output,fake,sovits,anime_soft_anime_009_Mo Maina _ Folk Songs of Oriya _ Sudha Mishra.wav,99,10
5c824ae3aa9a7c10f00f693343f10ce6,output,fake,sovits,anime_soft_anime_009_Mo Maina _ Folk Songs of Oriya _ Sudha Mishra.wav,100,10
7bdb47e382c0e1746f9103bb07deb1a4,output,fake,sovits,anime_soft_anime_009_Mo Maina _ Folk Songs of Oriya _ Sudha Mishra.wav,101,10
8b75c52383bc1e58f0aad247b417b6c0,output,fake,sovits,anime_soft_anime_009_Mo Maina _ Folk Songs of Oriya _ Sudha Mishra.wav,102,10
05dbb697fd351a7c20aaeebf527a407a,output,fake,sovits,anime_soft_anime_009_Mo Maina _ Folk Songs of Oriya _ Sudha Mishra.wav,103,10
e321c33cbce8c0aa504c892316206c1c,output,fake,sovits,anime_soft_anime_009_Mo Maina _ Folk Songs of Oriya _ Sudha Mishra.wav,104,10
de5ace283ab8e8241939fca2db6a6a7d,output,fake,sovits,anime_soft_anime_009_Mo Maina _ Folk Songs of Oriya _ Sudha Mishra.wav,105,10
23373e8f091fe53ca9df8f8a02d306b3,output,fake,sovits,anime_soft_anime_009_Mo Maina _ Folk Songs of Oriya _ Sudha Mishra.wav,106,10
67838f4f0f9101615881ad604a20b026,output,fake,sovits,anime_soft_anime_009_Mo Maina _ Folk Songs of Oriya _ Sudha Mishra.wav,107,10
73205671dbc591e3aac6671fbaaeac29,output,fake,sovits,anime_soft_anime_009_Mo Maina _ Folk Songs of Oriya _ Sudha Mishra.wav,108,10
43e302b63fb3a2195fd5d475771f93d3,output,fake,sovits,anime_soft_anime_009_Mo Maina _ Folk Songs of Oriya _ Sudha Mishra.wav,109,10
d93f6425b7d11accacc94760bba4d904,output,fake,sovits,anime_soft_anime_009_Mo Maina _ Folk Songs of Oriya _ Sudha Mishra.wav,110,10
02c3d659f9c68e0f80ac3debdf916b4c,output,fake,sovits,anime_soft_anime_009_Mo Maina _ Folk Songs of Oriya _ Sudha Mishra.wav,111,10
9daefaff459772c810d916de3138e687,output,fake,sovits,anime_soft_anime_009_Mo Maina _ Folk Songs of Oriya _ Sudha Mishra.wav,112,10
5934f056eb5a9e0f9c7b8b7fe7c2ffc4,output,fake,sovits,anime_soft_anime_009_Mo Maina _ Folk Songs of Oriya _ Sudha Mishra.wav,113,10
cec9e67e79746a1441279d2a06892677,output,fake,sovits,anime_soft_anime_009_Mo Maina _ Folk Songs of Oriya _ Sudha Mishra.wav,114,10
e9e70819e5aa1f3f33f8c91270e14983,output,fake,sovits,anime_soft_anime_009_Mo Maina _ Folk Songs of Oriya _ Sudha Mishra.wav,115,10
11536f33aedff39ddbdad97dfb23f8a9,output,fake,sovits,anime_soft_anime_009_Mo Maina _ Folk Songs of Oriya _ Sudha Mishra.wav,116,10
0164dd9d89cf3673309380eed42ecf79,output,fake,sovits,anime_soft_anime_009_Mo Maina _ Folk Songs of Oriya _ Sudha Mishra.wav,117,10
618cd9e25d53b3cea584a13adcb73f64,output,fake,sovits,anime_soft_anime_009_Mo Maina _ Folk Songs of Oriya _ Sudha Mishra.wav,118,10
609ab63db6ba1dc8a9cd89b0f064fd6d,output,fake,sovits,anime_soft_anime_009_Mo Maina _ Folk Songs of Oriya _ Sudha Mishra.wav,119,10
df9c1759938ffb30a9fdb94a8b432d56,output,fake,sovits,anime_soft_anime_009_Mo Maina _ Folk Songs of Oriya _ Sudha Mishra.wav,120,10
56d78e59aefa2a22979960bb99eab9aa,output,fake,sovits,anime_soft_anime_009_Mo Maina _ Folk Songs of Oriya _ Sudha Mishra.wav,121,10
a15463d252de8695c7b76c00d96969b3,output,fake,sovits,anime_soft_anime_009_Mo Maina _ Folk Songs of Oriya _ Sudha Mishra.wav,122,10
200ee88c0c884a20257c419f12b21566,output,fake,sovits,anime_soft_anime_009_Mo Maina _ Folk Songs of Oriya _ Sudha Mishra.wav,123,10
f964be7edf1eb5dbcae3cd7417e74710,output,fake,sovits,anime_soft_anime_009_Mo Maina _ Folk Songs of Oriya _ Sudha Mishra.wav,124,10
ea3d45c59417745d92d728c7a0b4647e,output,fake,sovits,anime_soft_anime_009_Mo Maina _ Folk Songs of Oriya _ Sudha Mishra.wav,125,10
26cacb11cc80dc7348778c0191d5784a,output,fake,sovits,anime_soft_anime_009_Mo Maina _ Folk Songs of Oriya _ Sudha Mishra.wav,126,10
1e02113c54e422c15eadc138ae455e8f,output,fake,sovits,anime_soft_anime_009_Mo Maina _ Folk Songs of Oriya _ Sudha Mishra.wav,127,10
81aa2c68f7260b7e0cc99f2df2564f78,output,fake,sovits,anime_soft_anime_009_Mo Maina _ Folk Songs of Oriya _ Sudha Mishra.wav,128,10
f14782005c1ce13958e2fa4164d6118f,output,fake,sovits,anime_soft_anime_009_Mo Maina _ Folk Songs of Oriya _ Sudha Mishra.wav,129,10
a6fa25df187ce009a55bf0b2c56501b4,output,fake,sovits,anime_soft_anime_009_Mo Maina _ Folk Songs of Oriya _ Sudha Mishra.wav,130,10
b6aac684a3148bdd62f63fcfff60ce75,output,fake,sovits,anime_soft_anime_009_Mo Maina _ Folk Songs of Oriya _ Sudha Mishra.wav,131,10
104ce9d0a6e6df7a60b45f0234f367d3,output,fake,sovits,anime_soft_anime_009_Mo Maina _ Folk Songs of Oriya _ Sudha Mishra.wav,132,10
63507b83222a48ecdade1780804bff52,output,fake,sovits,anime_soft_anime_009_Mo Maina _ Folk Songs of Oriya _ Sudha Mishra.wav,133,10
e495d720ef3cd5262287bed41ed15af8,output,fake,sovits,anime_soft_anime_009_Mo Maina _ Folk Songs of Oriya _ Sudha Mishra.wav,134,10
a753df53af8842bd80b92e566cb87803,output,fake,sovits,anime_soft_anime_009_Mo Maina _ Folk Songs of Oriya _ Sudha Mishra.wav,135,10
fc42a8e6c73f4ee2ab69fb4c06f933b3,output,fake,sovits,anime_soft_anime_009_Mo Maina _ Folk Songs of Oriya _ Sudha Mishra.wav,136,10
e0c2dab2d1fe93d47782e34321cb432b,output,fake,sovits,anime_soft_anime_009_Mo Maina _ Folk Songs of Oriya _ Sudha Mishra.wav,137,10
e10dd3c9d2cfe2e2684709b4fef11056,output,fake,sovits,anime_soft_anime_009_Mo Maina _ Folk Songs of Oriya _ Sudha Mishra.wav,138,10
2949f0a5152cbd78a99fe9fafe254f5c,output,fake,sovits,anime_soft_anime_009_Mo Maina _ Folk Songs of Oriya _ Sudha Mishra.wav,139,10
4a2942f51b654f008daf9f208cfd6370,output,fake,sovits,anime_soft_anime_009_Mo Maina _ Folk Songs of Oriya _ Sudha Mishra.wav,140,10
5b3430d2d2c2366fdb8e645938ae9d43,output,fake,sovits,anime_soft_anime_009_Mo Maina _ Folk Songs of Oriya _ Sudha Mishra.wav,141,10
d33ad0a176a8a2dc289496f6cb0d18ff,output,fake,sovits,anime_soft_anime_009_Mo Maina _ Folk Songs of Oriya _ Sudha Mishra.wav,142,10
bca41504b14b02601f5a827b4fd702d2,output,fake,sovits,anime_soft_anime_009_Mo Maina _ Folk Songs of Oriya _ Sudha Mishra.wav,143,10
94bacdd27155c7df21d561789c78921a,output,fake,sovits,anime_soft_anime_009_Mo Maina _ Folk Songs of Oriya _ Sudha Mishra.wav,144,10
0caf473c5494af0c24c1cd067088e5ff,output,fake,sovits,anime_soft_anime_009_Mo Maina _ Folk Songs of Oriya _ Sudha Mishra.wav,145,10
b066a424e523f60d8b69949cec9b8921,output,fake,sovits,anime_soft_anime_009_Mo Maina _ Folk Songs of Oriya _ Sudha Mishra.wav,146,10
3fa40f03b3c2cd3d2ca4d0f3ba1bcac7,output,fake,sovits,anime_soft_anime_009_Mo Maina _ Folk Songs of Oriya _ Sudha Mishra.wav,147,10
1ee2d8c574b8f6b01a98faa9b3cb945d,output,fake,sovits,anime_soft_anime_009_Mo Maina _ Folk Songs of Oriya _ Sudha Mishra.wav,148,10
b8edfac3976ff8b718d80563d694220a,output,fake,sovits,anime_soft_anime_009_Mo Maina _ Folk Songs of Oriya _ Sudha Mishra.wav,149,10
a6d6fd87584bca828ddce146ad90666b,output,fake,sovits,anime_soft_anime_009_Mo Maina _ Folk Songs of Oriya _ Sudha Mishra.wav,150,10
b94ee654cd4e30a9f4c0fc71f82656bd,output,fake,sovits,anime_soft_anime_009_Mo Maina _ Folk Songs of Oriya _ Sudha Mishra.wav,151,10
90389b166b59bd1f7aa9fff02a1c16ce,output,fake,sovits,anime_soft_anime_009_Mo Maina _ Folk Songs of Oriya _ Sudha Mishra.wav,152,10
4c52fe4bd2dc33132a2e3252434a639b,output,fake,sovits,anime_soft_anime_009_Mo Maina _ Folk Songs of Oriya _ Sudha Mishra.wav,153,10
3278364f2d270cb67ef53c561462a272,output,fake,sovits,anime_soft_anime_009_Mo Maina _ Folk Songs of Oriya _ Sudha Mishra.wav,154,10
19c1cfc10332ba67a36ad61f49d5f734,output,fake,sovits,anime_soft_anime_009_Mo Maina _ Folk Songs of Oriya _ Sudha Mishra.wav,155,10
eff2ba3cb668e6303532582b37c7a6d1,output,fake,sovits,anime_soft_anime_009_Mo Maina _ Folk Songs of Oriya _ Sudha Mishra.wav,156,10
bcf2be01bdde2deda528a569f76ab9ee,output,fake,sovits,anime_soft_anime_009_Mo Maina _ Folk Songs of Oriya _ Sudha Mishra.wav,157,10
59a0231ecd5f2fdf86fe00fd4f1db671,output,fake,sovits,anime_soft_anime_009_Mo Maina _ Folk Songs of Oriya _ Sudha Mishra.wav,158,10
8c1ab5fc07dae8703e97af70ea9ee897,output,fake,sovits,anime_soft_anime_009_Mo Maina _ Folk Songs of Oriya _ Sudha Mishra.wav,159,10
926b9a332153220a8d5ddd131565362b,output,fake,sovits,anime_soft_anime_009_Mo Maina _ Folk Songs of Oriya _ Sudha Mishra.wav,160,10
d7ac049570e46121e67ce25f74fbee9d,output,fake,sovits,anime_soft_anime_009_Mo Maina _ Folk Songs of Oriya _ Sudha Mishra.wav,161,10
e755a94566c37e69f3843a4454b3bc1d,output,fake,sovits,anime_soft_anime_009_Mo Maina _ Folk Songs of Oriya _ Sudha Mishra.wav,162,10
efa8cc362af655d36ddf0cb49fd74dfb,output,fake,sovits,anime_soft_anime_009_Mo Maina _ Folk Songs of Oriya _ Sudha Mishra.wav,163,10
96cfd261e35b1eb4b77bf7644dd3c968,output,fake,sovits,anime_soft_anime_009_Mo Maina _ Folk Songs of Oriya _ Sudha Mishra.wav,164,10
3357e2b6aaba2380c2be09540fdfef68,output,fake,sovits,anime_soft_anime_009_Mo Maina _ Folk Songs of Oriya _ Sudha Mishra.wav,165,10
702cdc0f29c301777128672c8c5ab5b5,output,fake,sovits,anime_soft_anime_009_Mo Maina _ Folk Songs of Oriya _ Sudha Mishra.wav,166,10
69af96ba863ae28fef51dbaaa4f91769,output,fake,sovits,anime_soft_anime_009_Mo Maina _ Folk Songs of Oriya _ Sudha Mishra.wav,167,10
97d9b1e07eacf6b6eb7592dfe7518bda,output,fake,sovits,anime_soft_anime_009_Mo Maina _ Folk Songs of Oriya _ Sudha Mishra.wav,168,10
452a0a5e2d8130e279289413b5724bb9,output,fake,sovits,anime_soft_anime_009_Mo Maina _ Folk Songs of Oriya _ Sudha Mishra.wav,169,10
a6ba7eb1c4dd394f397715ade0e75ef0,output,fake,sovits,anime_soft_anime_009_Mo Maina _ Folk Songs of Oriya _ Sudha Mishra.wav,170,10
7fcd5bc98228427b5bc58b74301eeac0,output,fake,sovits,anime_soft_anime_009_Mo Maina _ Folk Songs of Oriya _ Sudha Mishra.wav,171,10
dcd5a82a22d81a79ac53a7fae13fadc2,output,fake,sovits,anime_soft_anime_009_Mo Maina _ Folk Songs of Oriya _ Sudha Mishra.wav,172,10
1dcb8d44a574749c7db718166024b812,output,fake,sovits,anime_soft_anime_009_Mo Maina _ Folk Songs of Oriya _ Sudha Mishra.wav,173,10
7d9e054d77e8ee387ea25fc453dfebd5,output,fake,sovits,anime_soft_anime_009_Mo Maina _ Folk Songs of Oriya _ Sudha Mishra.wav,174,10
892eeaee90d099bedd238d060233752e,output,fake,sovits,anime_soft_anime_009_Mo Maina _ Folk Songs of Oriya _ Sudha Mishra.wav,175,10
c82b7b520e1f03b6132a9efd5d8bc123,output,fake,sovits,anime_soft_anime_009_Mo Maina _ Folk Songs of Oriya _ Sudha Mishra.wav,176,10
6850ec4c530795a311483c94c066d6fc,output,fake,sovits,anime_soft_anime_009_Mo Maina _ Folk Songs of Oriya _ Sudha Mishra.wav,177,10
57b6142b77bea1b0b13f8846014d0570,output,fake,sovits,anime_soft_anime_009_Mo Maina _ Folk Songs of Oriya _ Sudha Mishra.wav,178,10
8f3c70f6d820241fb89affacd6dd490f,output,fake,sovits,anime_soft_anime_009_Mo Maina _ Folk Songs of Oriya _ Sudha Mishra.wav,179,10
18b6b3f2a0a80d3833770be601241932,output,fake,sovits,anime_soft_anime_009_Mo Maina _ Folk Songs of Oriya _ Sudha Mishra.wav,180,10
e3575efbcc4d7330ae3b369345be47ba,output,fake,sovits,anime_soft_anime_009_Mo Maina _ Folk Songs of Oriya _ Sudha Mishra.wav,181,10
d352ff02cb5e4584cde6254d36819293,output,fake,sovits,anime_soft_anime_009_Mo Maina _ Folk Songs of Oriya _ Sudha Mishra.wav,182,10
63e0e83b5a6768ce5b151c9bab32285b,output,fake,sovits,anime_soft_anime_009_Mo Maina _ Folk Songs of Oriya _ Sudha Mishra.wav,183,10
5acdc3acc51fc612b9d79dac1d6628d2,output,fake,sovits,anime_soft_anime_009_Mo Maina _ Folk Songs of Oriya _ Sudha Mishra.wav,184,10
8359fd7f33340139fea4eb6d1a5b1020,output,fake,sovits,anime_soft_anime_009_Mo Maina _ Folk Songs of Oriya _ Sudha Mishra.wav,185,10
2af9981b9642a00e7ea6ac7f638071dc,output,fake,sovits,anime_soft_anime_009_Mo Maina _ Folk Songs of Oriya _ Sudha Mishra.wav,186,10
ebae8b1a2ca1c3c9ebc8cc2b74f29af6,output,fake,sovits,anime_soft_anime_009_Mo Maina _ Folk Songs of Oriya _ Sudha Mishra.wav,187,10
5a8ab07be86c81f7caac75ccc81ecd86,output,fake,sovits,anime_soft_anime_009_Mo Maina _ Folk Songs of Oriya _ Sudha Mishra.wav,188,10
c890fcd0eb7aefb709e27723447da5c6,output,fake,sovits,anime_soft_anime_009_Mo Maina _ Folk Songs of Oriya _ Sudha Mishra.wav,189,10
8be28baecf12f13d743d434352a3c6c9,output,fake,sovits,anime_soft_anime_009_Mo Maina _ Folk Songs of Oriya _ Sudha Mishra.wav,190,10
d17ee6274588ffa5b61aadcd0dd94ce8,output,fake,sovits,anime_soft_anime_009_Mo Maina _ Folk Songs of Oriya _ Sudha Mishra.wav,191,10
3b08d69c72c3917af7c6b68aa01b22b1,output,fake,sovits,anime_soft_anime_009_Mo Maina _ Folk Songs of Oriya _ Sudha Mishra.wav,192,10
26a22dc271abb3ec1a0bef21e4dffcc5,output,fake,sovits,anime_soft_anime_009_Mo Maina _ Folk Songs of Oriya _ Sudha Mishra.wav,193,10
43ad41279f16b3b6624d66ad56f665ed,output,fake,sovits,anime_soft_anime_009_Mo Maina _ Folk Songs of Oriya _ Sudha Mishra.wav,194,10
ffbb3c293a549e04912cbc52f72ea913,output,fake,sovits,anime_soft_anime_009_Mo Maina _ Folk Songs of Oriya _ Sudha Mishra.wav,195,10
1b6292cb18ace2106991bed19cebfabc,output,fake,sovits,anime_soft_anime_009_Mo Maina _ Folk Songs of Oriya _ Sudha Mishra.wav,196,10
b196381c0a8a6d7a0a383f1e79ac29c1,output,fake,sovits,anime_soft_anime_009_Mo Maina _ Folk Songs of Oriya _ Sudha Mishra.wav,197,10
ec90f7e2de047ce18049f869b82bdecc,output,fake,sovits,anime_soft_anime_009_Mo Maina _ Folk Songs of Oriya _ Sudha Mishra.wav,198,10
e04eb469f6174aeea553eb03ba1e6406,output,fake,sovits,anime_soft_anime_009_Mo Maina _ Folk Songs of Oriya _ Sudha Mishra.wav,199,10
40554545eb7e7d2e149e7b3632171229,output,fake,sovits,anime_soft_anime_009_Mo Maina _ Folk Songs of Oriya _ Sudha Mishra.wav,200,10
f7911c4fd7d4ded76790fc77e512cc45,output,fake,sovits,anime_soft_anime_009_Mo Maina _ Folk Songs of Oriya _ Sudha Mishra.wav,201,10
d8815ad6d9d944432b08c6fd95883dad,output,fake,sovits,anime_soft_anime_009_Mo Maina _ Folk Songs of Oriya _ Sudha Mishra.wav,202,10
0734a33df89e331f7b3947d2b1369323,output,fake,sovits,anime_soft_anime_009_Mo Maina _ Folk Songs of Oriya _ Sudha Mishra.wav,203,10
82926b490a838397fc4b9e51f61782f4,output,fake,sovits,anime_soft_anime_009_Mo Maina _ Folk Songs of Oriya _ Sudha Mishra.wav,204,10
21471bcd0e746f25dc1ebba2eabde6fb,output,fake,sovits,anime_soft_anime_009_Mo Maina _ Folk Songs of Oriya _ Sudha Mishra.wav,205,10
7ba95864a24216f9414fd8a0a22dbdab,output,fake,sovits,anime_soft_anime_009_Mo Maina _ Folk Songs of Oriya _ Sudha Mishra.wav,206,10
292b436ccbeae4c2aa7f3e4c08e24288,output,fake,sovits,anime_kawaii_girl_010_Pakshi Rajo Charhike _ Folk _ Sudha Mishra.wav,0,10
7114efcfa509563513f6e3b75f29297b,output,fake,sovits,anime_kawaii_girl_010_Pakshi Rajo Charhike _ Folk _ Sudha Mishra.wav,1,10
687afc6e3bf707d60242ae749c928002,output,fake,sovits,anime_kawaii_girl_010_Pakshi Rajo Charhike _ Folk _ Sudha Mishra.wav,2,10
20f7d1467e0907031b2212b4f32079fe,output,fake,sovits,anime_kawaii_girl_010_Pakshi Rajo Charhike _ Folk _ Sudha Mishra.wav,3,10
432175fac5d6560fd938fc859acddbaf,output,fake,sovits,anime_kawaii_girl_010_Pakshi Rajo Charhike _ Folk _ Sudha Mishra.wav,4,10
773e6c3b1f705b05490f43ccc2651107,output,fake,sovits,anime_kawaii_girl_010_Pakshi Rajo Charhike _ Folk _ Sudha Mishra.wav,5,10
478bee72db56bece656fc994ea6e85f4,output,fake,sovits,anime_kawaii_girl_010_Pakshi Rajo Charhike _ Folk _ Sudha Mishra.wav,6,10
5df51d9353aa19d835c4934b22d45ea3,output,fake,sovits,anime_kawaii_girl_010_Pakshi Rajo Charhike _ Folk _ Sudha Mishra.wav,7,10
08ce369c8c019da24256c399e9c26746,output,fake,sovits,anime_kawaii_girl_010_Pakshi Rajo Charhike _ Folk _ Sudha Mishra.wav,8,10
70fd6e6923f567123e6eff166e5a81a5,output,fake,sovits,anime_kawaii_girl_010_Pakshi Rajo Charhike _ Folk _ Sudha Mishra.wav,9,10
dfab9cff6841b0f02aa7d4644dda68f2,output,fake,sovits,anime_kawaii_girl_010_Pakshi Rajo Charhike _ Folk _ Sudha Mishra.wav,10,10
e247d4dd237f3410d1f4d6d4884f0a6d,output,fake,sovits,anime_kawaii_girl_010_Pakshi Rajo Charhike _ Folk _ Sudha Mishra.wav,11,10
c3794b4fd51cc98dfdfc45fe556bc6f3,output,fake,sovits,anime_kawaii_girl_010_Pakshi Rajo Charhike _ Folk _ Sudha Mishra.wav,12,10
56ad144a51517189ca8f4ea8fe1a34cc,output,fake,sovits,anime_kawaii_girl_010_Pakshi Rajo Charhike _ Folk _ Sudha Mishra.wav,13,10
2009d16c3f7912923c0e14462f853d73,output,fake,sovits,anime_kawaii_girl_010_Pakshi Rajo Charhike _ Folk _ Sudha Mishra.wav,14,10
151174870c1f5666ab221c32a9f404ef,output,fake,sovits,anime_kawaii_girl_010_Pakshi Rajo Charhike _ Folk _ Sudha Mishra.wav,15,10
92119f6503c71c4569fc32a92ef1689e,output,fake,sovits,anime_kawaii_girl_010_Pakshi Rajo Charhike _ Folk _ Sudha Mishra.wav,16,10
cd04bcb99dcdeafa106677c88f33838f,output,fake,sovits,anime_kawaii_girl_010_Pakshi Rajo Charhike _ Folk _ Sudha Mishra.wav,17,10
6918ee74b680918401417bdc14105832,output,fake,sovits,anime_kawaii_girl_010_Pakshi Rajo Charhike _ Folk _ Sudha Mishra.wav,18,10
22bcc4b35158c63374b0b4272ea93c53,output,fake,sovits,anime_kawaii_girl_010_Pakshi Rajo Charhike _ Folk _ Sudha Mishra.wav,19,10
2ab80be39ff41606a56a3ac20fdf863b,output,fake,sovits,anime_kawaii_girl_010_Pakshi Rajo Charhike _ Folk _ Sudha Mishra.wav,20,10
188ec9a90cec3cf5cad99ecee8e6b439,output,fake,sovits,anime_kawaii_girl_010_Pakshi Rajo Charhike _ Folk _ Sudha Mishra.wav,21,10
54a1fef481ae2d6a582c2a3531f66f22,output,fake,sovits,anime_kawaii_girl_010_Pakshi Rajo Charhike _ Folk _ Sudha Mishra.wav,22,10
e4d748186445d9d1bc9ab16a3747bbc1,output,fake,sovits,anime_kawaii_girl_010_Pakshi Rajo Charhike _ Folk _ Sudha Mishra.wav,23,10
c349ffd48a13ad2f9357b949e95a3468,output,fake,sovits,anime_kawaii_girl_010_Pakshi Rajo Charhike _ Folk _ Sudha Mishra.wav,24,10
a2b283963f7fe2a1b5d92eec7f6d48ac,output,fake,sovits,anime_kawaii_girl_010_Pakshi Rajo Charhike _ Folk _ Sudha Mishra.wav,25,10
5f50302f874b82e3ae36b9e912ce1322,output,fake,sovits,anime_kawaii_girl_010_Pakshi Rajo Charhike _ Folk _ Sudha Mishra.wav,26,10
a7f170d7df4a06fa8bbd73dfc16a4da7,output,fake,sovits,anime_kawaii_girl_010_Pakshi Rajo Charhike _ Folk _ Sudha Mishra.wav,27,10
c3ff94558b0e78e1bf8a3298adfd99df,output,fake,sovits,anime_kawaii_girl_010_Pakshi Rajo Charhike _ Folk _ Sudha Mishra.wav,28,10
18ce31bbbd21abf70d8719adbd0c5c8d,output,fake,sovits,anime_kawaii_girl_010_Pakshi Rajo Charhike _ Folk _ Sudha Mishra.wav,29,10
eb2bf843cfc9ddcfcf590cae5468ed2a,output,fake,sovits,anime_kawaii_girl_010_Pakshi Rajo Charhike _ Folk _ Sudha Mishra.wav,30,10
c60389a1ecc6ae127fda05f775d23d6f,output,fake,sovits,anime_kawaii_girl_010_Pakshi Rajo Charhike _ Folk _ Sudha Mishra.wav,31,10
2b6fc12a4d2a59e3aa47155228c96c03,output,fake,sovits,anime_kawaii_girl_010_Pakshi Rajo Charhike _ Folk _ Sudha Mishra.wav,32,10
4f73009c36317ce42ef86d4cc7c6f2da,output,fake,sovits,anime_kawaii_girl_010_Pakshi Rajo Charhike _ Folk _ Sudha Mishra.wav,33,10
f0f1dc6a7d6bed9a04ea52b1efbaac17,output,fake,sovits,anime_kawaii_girl_010_Pakshi Rajo Charhike _ Folk _ Sudha Mishra.wav,34,10
5d0310c924920f36d842e201f208adc8,output,fake,sovits,anime_kawaii_girl_010_Pakshi Rajo Charhike _ Folk _ Sudha Mishra.wav,35,10
8c3ae3c15ec6f238b3cff3923b6df9ec,output,fake,sovits,anime_kawaii_girl_010_Pakshi Rajo Charhike _ Folk _ Sudha Mishra.wav,36,10
2d45feb731d384e6ae1a804c5e997529,output,fake,sovits,anime_kawaii_girl_010_Pakshi Rajo Charhike _ Folk _ Sudha Mishra.wav,37,10
325cbb1a1f26a6791d1fb004ea7084b8,output,fake,sovits,anime_kawaii_girl_010_Pakshi Rajo Charhike _ Folk _ Sudha Mishra.wav,38,10
6b9377c671d1e51661c2012d2c8f3047,output,fake,sovits,anime_kawaii_girl_010_Pakshi Rajo Charhike _ Folk _ Sudha Mishra.wav,39,10
37e6c90705912f66ed38fc62ca434ab5,output,fake,sovits,anime_kawaii_girl_010_Pakshi Rajo Charhike _ Folk _ Sudha Mishra.wav,40,10
67675159148a1af17a9cb47cbbe7a6a7,output,fake,sovits,anime_kawaii_girl_010_Pakshi Rajo Charhike _ Folk _ Sudha Mishra.wav,41,10
d989b248b2343bb98de5bdb56362bdd1,output,fake,sovits,anime_kawaii_girl_010_Pakshi Rajo Charhike _ Folk _ Sudha Mishra.wav,42,10
740b564a18b666f349ebc7f35486bc3b,output,fake,sovits,anime_kawaii_girl_010_Pakshi Rajo Charhike _ Folk _ Sudha Mishra.wav,43,10
aa8dee2e7f787dc264631c429eafd7f1,output,fake,sovits,anime_kawaii_girl_010_Pakshi Rajo Charhike _ Folk _ Sudha Mishra.wav,44,10
87de9b78a48235e1aaea9fd4d29c5ec3,output,fake,sovits,anime_kawaii_girl_010_Pakshi Rajo Charhike _ Folk _ Sudha Mishra.wav,45,10
3c5f1f493b3bf0eaa469b0510c7ecb46,output,fake,sovits,anime_kawaii_girl_010_Pakshi Rajo Charhike _ Folk _ Sudha Mishra.wav,46,10
6f99360fe4fc2550e36659d869c3cc54,output,fake,sovits,anime_kawaii_girl_010_Pakshi Rajo Charhike _ Folk _ Sudha Mishra.wav,47,10
b2da604b4cd692d92f0018edb955bd9e,output,fake,sovits,anime_kawaii_girl_010_Pakshi Rajo Charhike _ Folk _ Sudha Mishra.wav,48,10
2846a29994447663216759e2dc8286d2,output,fake,sovits,anime_kawaii_girl_010_Pakshi Rajo Charhike _ Folk _ Sudha Mishra.wav,49,10
44ec2d75076de1bf1c0b25d992d580fe,output,fake,sovits,anime_kawaii_girl_010_Pakshi Rajo Charhike _ Folk _ Sudha Mishra.wav,50,10
e33923b2d88b62dbd523fbd5ae362e41,output,fake,sovits,anime_kawaii_girl_010_Pakshi Rajo Charhike _ Folk _ Sudha Mishra.wav,51,10
b79de6fc007209f38b3ae93534f1985b,output,fake,sovits,anime_kawaii_girl_010_Pakshi Rajo Charhike _ Folk _ Sudha Mishra.wav,52,10
8b3d574e8cd7c538181393e17adcf7db,output,fake,sovits,anime_kawaii_girl_010_Pakshi Rajo Charhike _ Folk _ Sudha Mishra.wav,53,10
ad4ba7c18189649cfe1e88704c38af86,output,fake,sovits,anime_kawaii_girl_010_Pakshi Rajo Charhike _ Folk _ Sudha Mishra.wav,54,10
54fbb4b01ad5b573288c2c585d6b9110,output,fake,sovits,anime_kawaii_girl_010_Pakshi Rajo Charhike _ Folk _ Sudha Mishra.wav,55,10
612509e61448a59504c2002b827269c5,output,fake,sovits,anime_kawaii_girl_010_Pakshi Rajo Charhike _ Folk _ Sudha Mishra.wav,56,10
932866ef25cd045899f1f28f65cde468,output,fake,sovits,anime_kawaii_girl_010_Pakshi Rajo Charhike _ Folk _ Sudha Mishra.wav,57,10
16c4a7fae8b849c560bcb71a0f198d77,output,fake,sovits,anime_kawaii_girl_010_Pakshi Rajo Charhike _ Folk _ Sudha Mishra.wav,58,10
161980a9f9a03f70c9c3a3b21779fdd6,output,fake,sovits,anime_kawaii_girl_010_Pakshi Rajo Charhike _ Folk _ Sudha Mishra.wav,59,10
91ea94f57bbd3792363b9027dedf2e5f,output,fake,sovits,anime_kawaii_girl_010_Pakshi Rajo Charhike _ Folk _ Sudha Mishra.wav,60,10
aad159e740f1621dfbf93181e45a2b90,output,fake,sovits,anime_kawaii_girl_010_Pakshi Rajo Charhike _ Folk _ Sudha Mishra.wav,61,10
aa8c410ec57616adb0cd42ed3456de95,output,fake,sovits,anime_kawaii_girl_010_Pakshi Rajo Charhike _ Folk _ Sudha Mishra.wav,62,10
7fbf5a10ef1b30d74f0e5ff1d42259f4,output,fake,sovits,anime_kawaii_girl_010_Pakshi Rajo Charhike _ Folk _ Sudha Mishra.wav,63,10
5716ce143579de2956c31545d6ebb555,output,fake,sovits,anime_kawaii_girl_010_Pakshi Rajo Charhike _ Folk _ Sudha Mishra.wav,64,10
dbf126b4d581014041e7a352544cf7c0,output,fake,sovits,anime_kawaii_girl_010_Pakshi Rajo Charhike _ Folk _ Sudha Mishra.wav,65,10
096f77eed70427271d02d8554f62e566,output,fake,sovits,anime_kawaii_girl_010_Pakshi Rajo Charhike _ Folk _ Sudha Mishra.wav,66,10
9151314d28332dff4ae8279c6802086d,output,fake,sovits,anime_kawaii_girl_010_Pakshi Rajo Charhike _ Folk _ Sudha Mishra.wav,67,10
df102003c98082dda7ba3565c9ca935d,output,fake,sovits,anime_kawaii_girl_010_Pakshi Rajo Charhike _ Folk _ Sudha Mishra.wav,68,10
380751676cb6757a19c3c42a393b23a3,output,fake,sovits,anime_kawaii_girl_010_Pakshi Rajo Charhike _ Folk _ Sudha Mishra.wav,69,10
51928680de743304f21c1e1ad2b76c5a,output,fake,sovits,anime_kawaii_girl_010_Pakshi Rajo Charhike _ Folk _ Sudha Mishra.wav,70,10
5d1858f0adb88d7c37e22eed1ead5d2d,output,fake,sovits,anime_kawaii_girl_010_Pakshi Rajo Charhike _ Folk _ Sudha Mishra.wav,71,10
b35460f9e01ba0018ded375c3b6f976a,output,fake,sovits,anime_kawaii_girl_010_Pakshi Rajo Charhike _ Folk _ Sudha Mishra.wav,72,10
a8494660cb40e322649471665ea780b1,output,fake,sovits,anime_kawaii_girl_010_Pakshi Rajo Charhike _ Folk _ Sudha Mishra.wav,73,10
3beba192d07c329f0d773d1a22f51058,output,fake,sovits,anime_kawaii_girl_010_Pakshi Rajo Charhike _ Folk _ Sudha Mishra.wav,74,10
cae119eac754532aff8559ae208451b5,output,fake,sovits,anime_kawaii_girl_010_Pakshi Rajo Charhike _ Folk _ Sudha Mishra.wav,75,10
909e75bac6deb2f9609a8b1bba0fdeb2,output,fake,sovits,anime_kawaii_girl_010_Pakshi Rajo Charhike _ Folk _ Sudha Mishra.wav,76,10
50e57df8271b3b9556ab8e22c68dcc76,output,fake,sovits,anime_kawaii_girl_010_Pakshi Rajo Charhike _ Folk _ Sudha Mishra.wav,77,10
7caae8d0f3362095e12e0529febeb38a,output,fake,sovits,anime_kawaii_girl_010_Pakshi Rajo Charhike _ Folk _ Sudha Mishra.wav,78,10
5678641ad884e248ca70cc7c96d7818d,output,fake,sovits,anime_kawaii_girl_010_Pakshi Rajo Charhike _ Folk _ Sudha Mishra.wav,79,10
8849ff40c3b21157a12d8e70e6733904,output,fake,sovits,anime_kawaii_girl_010_Pakshi Rajo Charhike _ Folk _ Sudha Mishra.wav,80,10
f41be9b5e063605c4f9b5a221e4f2b19,output,fake,sovits,anime_kawaii_girl_010_Pakshi Rajo Charhike _ Folk _ Sudha Mishra.wav,81,10
276c0a1927dd93283703e941463d20cd,output,fake,sovits,anime_kawaii_girl_010_Pakshi Rajo Charhike _ Folk _ Sudha Mishra.wav,82,10
bbb789bc7b2bed788b00c5ed8b042d41,output,fake,sovits,anime_kawaii_girl_010_Pakshi Rajo Charhike _ Folk _ Sudha Mishra.wav,83,10
86bb0f8b7bffc48f5541d3eef0e50c97,output,fake,sovits,anime_kawaii_girl_010_Pakshi Rajo Charhike _ Folk _ Sudha Mishra.wav,84,10
f285b8b3ff751d6e6223b942f5225e2d,output,fake,sovits,anime_kawaii_girl_010_Pakshi Rajo Charhike _ Folk _ Sudha Mishra.wav,85,10
9301c133e8155cfd35044947461f0742,output,fake,sovits,anime_kawaii_girl_010_Pakshi Rajo Charhike _ Folk _ Sudha Mishra.wav,86,10
763ca76982e0e185c24a893d682ffd1b,output,fake,sovits,anime_kawaii_girl_010_Pakshi Rajo Charhike _ Folk _ Sudha Mishra.wav,87,10
bef65a09b89cbb6203ef6957a2ffdd7e,output,fake,sovits,anime_kawaii_girl_010_Pakshi Rajo Charhike _ Folk _ Sudha Mishra.wav,88,10
9396a372c905e3232da76a266d657469,output,fake,sovits,anime_kawaii_girl_010_Pakshi Rajo Charhike _ Folk _ Sudha Mishra.wav,89,10
95cf78e58ac85e392c318c3056956d27,output,fake,sovits,anime_kawaii_girl_010_Pakshi Rajo Charhike _ Folk _ Sudha Mishra.wav,90,10
625baec67bf2b8b9a4838ebec55eb6fa,output,fake,sovits,anime_kawaii_girl_010_Pakshi Rajo Charhike _ Folk _ Sudha Mishra.wav,91,10
0772f311a548d56c70a1b1c1632b74df,output,fake,sovits,anime_kawaii_girl_010_Pakshi Rajo Charhike _ Folk _ Sudha Mishra.wav,92,10
ed466e191732dfb700c6e4afffc30114,output,fake,sovits,anime_kawaii_girl_010_Pakshi Rajo Charhike _ Folk _ Sudha Mishra.wav,93,10
83d41dc8f8b7f743cb55a31d4c6960e7,output,fake,sovits,anime_kawaii_girl_010_Pakshi Rajo Charhike _ Folk _ Sudha Mishra.wav,94,10
91d37ac8fb682a8ea6ac255f1b8663bd,output,fake,sovits,anime_kawaii_girl_010_Pakshi Rajo Charhike _ Folk _ Sudha Mishra.wav,95,10
b11ec9e43dd4b3b83686aad58aeff697,output,fake,sovits,anime_kawaii_girl_010_Pakshi Rajo Charhike _ Folk _ Sudha Mishra.wav,96,10
7b95276cd574ad839c4570220dff1d8f,output,fake,sovits,anime_kawaii_girl_010_Pakshi Rajo Charhike _ Folk _ Sudha Mishra.wav,97,10
a1085fe85a963dc5668c86553c0dcf15,output,fake,sovits,anime_kawaii_girl_010_Pakshi Rajo Charhike _ Folk _ Sudha Mishra.wav,98,10
7bf5e1eea161bfc54bc27c06aa547912,output,fake,sovits,anime_kawaii_girl_010_Pakshi Rajo Charhike _ Folk _ Sudha Mishra.wav,99,10
78df588b8864c08938e753e5b5221aa4,output,fake,sovits,anime_kawaii_girl_010_Pakshi Rajo Charhike _ Folk _ Sudha Mishra.wav,100,10
5f28c0c3935a40ea71013d292644cd9b,output,fake,sovits,anime_kawaii_girl_010_Pakshi Rajo Charhike _ Folk _ Sudha Mishra.wav,101,10
78dedfa598dcef9a56f3a5924c19e328,output,fake,sovits,anime_kawaii_girl_010_Pakshi Rajo Charhike _ Folk _ Sudha Mishra.wav,102,10
02dcdfb3d2ab341808ed41adc5826aa8,output,fake,sovits,anime_kawaii_girl_010_Pakshi Rajo Charhike _ Folk _ Sudha Mishra.wav,103,10
dbe89c28f52cb0b23c4f503320300bcb,output,fake,sovits,anime_kawaii_girl_010_Pakshi Rajo Charhike _ Folk _ Sudha Mishra.wav,104,10
603dd5e0bd2b4526db4ed1c680ee2881,output,fake,sovits,anime_kawaii_girl_010_Pakshi Rajo Charhike _ Folk _ Sudha Mishra.wav,105,10
7aa3894a27fff565ca7f1162bce42c27,output,fake,sovits,anime_kawaii_girl_010_Pakshi Rajo Charhike _ Folk _ Sudha Mishra.wav,106,10
50e374244cccbd6e04835b2469085d39,output,fake,sovits,anime_kawaii_girl_010_Pakshi Rajo Charhike _ Folk _ Sudha Mishra.wav,107,10
80d29536990795c0735528122a86f36a,output,fake,sovits,anime_kawaii_girl_010_Pakshi Rajo Charhike _ Folk _ Sudha Mishra.wav,108,10
09ef2e35b00b15f60445192a2443542c,output,fake,sovits,anime_kawaii_girl_010_Pakshi Rajo Charhike _ Folk _ Sudha Mishra.wav,109,10
c502673d6317f9478ecb81234434f2a5,output,fake,sovits,anime_kawaii_girl_010_Pakshi Rajo Charhike _ Folk _ Sudha Mishra.wav,110,10
2b6ecb5342186670488dc6116cc5eba1,output,fake,sovits,anime_kawaii_girl_010_Pakshi Rajo Charhike _ Folk _ Sudha Mishra.wav,111,10
0d363c445553439b031a8230f34810ea,output,fake,sovits,anime_kawaii_girl_010_Pakshi Rajo Charhike _ Folk _ Sudha Mishra.wav,112,10
c47c6fc4ee6fc8368d82810209b80b86,output,fake,sovits,anime_kawaii_girl_010_Pakshi Rajo Charhike _ Folk _ Sudha Mishra.wav,113,10
c3e40be3b1ac0ed156571a345e6f1382,output,fake,sovits,anime_kawaii_girl_010_Pakshi Rajo Charhike _ Folk _ Sudha Mishra.wav,114,10
3fd62977a7384d3bc682ab34cc4e63c0,output,fake,sovits,anime_kawaii_girl_010_Pakshi Rajo Charhike _ Folk _ Sudha Mishra.wav,115,10
4063f6221c15ab7231ea45f8a7f4a73f,output,fake,sovits,anime_kawaii_girl_010_Pakshi Rajo Charhike _ Folk _ Sudha Mishra.wav,116,10
1b90bb8e0b9c5bb9cdfa27a4b0ca1953,output,fake,sovits,anime_kawaii_girl_010_Pakshi Rajo Charhike _ Folk _ Sudha Mishra.wav,117,10
090a52f7064a92a0d77986610997ab09,output,fake,sovits,anime_kawaii_girl_010_Pakshi Rajo Charhike _ Folk _ Sudha Mishra.wav,118,10
eefaaac9d5046444390e08fbc547c96e,output,fake,sovits,anime_kawaii_girl_010_Pakshi Rajo Charhike _ Folk _ Sudha Mishra.wav,119,10
fdc3dc6a1370bbbe29c70879b82a0e5f,output,fake,sovits,anime_kawaii_girl_010_Pakshi Rajo Charhike _ Folk _ Sudha Mishra.wav,120,10
bbd2a4faa10cb243d12899cd92a18037,output,fake,sovits,anime_kawaii_girl_010_Pakshi Rajo Charhike _ Folk _ Sudha Mishra.wav,121,10
dbc6d13741b9ee469691a199ed57f7e9,output,fake,sovits,anime_kawaii_girl_010_Pakshi Rajo Charhike _ Folk _ Sudha Mishra.wav,122,10
cb9a40c81ac9fef452c178a835259374,output,fake,sovits,anime_kawaii_girl_010_Pakshi Rajo Charhike _ Folk _ Sudha Mishra.wav,123,10
5c4f3b9d1cf6004701593dee821aa325,output,fake,sovits,anime_kawaii_girl_010_Pakshi Rajo Charhike _ Folk _ Sudha Mishra.wav,124,10
16dc52bb0d370b327eb2d64e363357aa,output,fake,sovits,anime_kawaii_girl_010_Pakshi Rajo Charhike _ Folk _ Sudha Mishra.wav,125,10
c150b1a7b2d87a333f9a6c4b5ab23425,output,fake,sovits,anime_kawaii_girl_010_Pakshi Rajo Charhike _ Folk _ Sudha Mishra.wav,126,10
37136646c026571b4338d068349ae8ba,output,fake,sovits,anime_kawaii_girl_010_Pakshi Rajo Charhike _ Folk _ Sudha Mishra.wav,127,10
de55de9a40f353fe07976da85a7ecd30,output,fake,sovits,anime_kawaii_girl_010_Pakshi Rajo Charhike _ Folk _ Sudha Mishra.wav,128,10
b734704dbf100e0271d3c2c86e90156d,output,fake,sovits,anime_kawaii_girl_010_Pakshi Rajo Charhike _ Folk _ Sudha Mishra.wav,129,10
0cafd027f51f3bc51756a1c1860944d7,output,fake,sovits,anime_kawaii_girl_010_Pakshi Rajo Charhike _ Folk _ Sudha Mishra.wav,130,10
fa9aca80b39200eaeea1034ff12ce2e4,output,fake,sovits,anime_kawaii_girl_010_Pakshi Rajo Charhike _ Folk _ Sudha Mishra.wav,131,10
94b33ec4daefff0ea67d8e4f7ea49565,output,fake,sovits,anime_kawaii_girl_010_Pakshi Rajo Charhike _ Folk _ Sudha Mishra.wav,132,10
b614a05d45ca22180639f4269e45e188,output,fake,sovits,anime_kawaii_girl_010_Pakshi Rajo Charhike _ Folk _ Sudha Mishra.wav,133,10
3fb34593ea98794510bf25821243b297,output,fake,sovits,anime_kawaii_girl_010_Pakshi Rajo Charhike _ Folk _ Sudha Mishra.wav,134,10
bb230fe5bf7066a76bb51e420e56b665,output,fake,sovits,anime_kawaii_girl_010_Pakshi Rajo Charhike _ Folk _ Sudha Mishra.wav,135,10
8cb2b94d43a6051ea45fe82247017944,output,fake,sovits,anime_kawaii_girl_010_Pakshi Rajo Charhike _ Folk _ Sudha Mishra.wav,136,10
6f580841b1fc100116eea055d8f31a92,output,fake,sovits,anime_kawaii_girl_010_Pakshi Rajo Charhike _ Folk _ Sudha Mishra.wav,137,10
1fcf0c9b1812daf3fe71d17f641f97bd,output,fake,sovits,anime_kawaii_girl_010_Pakshi Rajo Charhike _ Folk _ Sudha Mishra.wav,138,10
b5bc7d5af258016d793912c86cac31fd,output,fake,sovits,anime_kawaii_girl_010_Pakshi Rajo Charhike _ Folk _ Sudha Mishra.wav,139,10
dbdb06e007e8fd7e3ade0a4a73c4dc7d,output,fake,sovits,anime_kawaii_girl_010_Pakshi Rajo Charhike _ Folk _ Sudha Mishra.wav,140,10
dff4e1daf41d855d60e08c7181af4de4,output,fake,sovits,anime_kawaii_girl_010_Pakshi Rajo Charhike _ Folk _ Sudha Mishra.wav,141,10
35a9926e2a2de238478dae04a26342e6,output,fake,sovits,anime_kawaii_girl_010_Pakshi Rajo Charhike _ Folk _ Sudha Mishra.wav,142,10
c56fb9e2d97974b4f857931cbfa510e0,output,fake,sovits,anime_kawaii_girl_010_Pakshi Rajo Charhike _ Folk _ Sudha Mishra.wav,143,10
b441949cdcb332207ae863b7a1181692,output,fake,sovits,anime_kawaii_girl_010_Pakshi Rajo Charhike _ Folk _ Sudha Mishra.wav,144,10
c0ae05b46aec5e5f9d3e64c8e9d2de04,output,fake,sovits,anime_kawaii_girl_010_Pakshi Rajo Charhike _ Folk _ Sudha Mishra.wav,145,10
7a5c419f63290db1f790a690f3589092,output,fake,sovits,anime_kawaii_girl_010_Pakshi Rajo Charhike _ Folk _ Sudha Mishra.wav,146,10
d6f0e96904e9a8148336c79191ad613c,output,fake,sovits,anime_kawaii_girl_010_Pakshi Rajo Charhike _ Folk _ Sudha Mishra.wav,147,10
ee460d904c8cf400b5295e9704a7d934,output,fake,sovits,anime_kawaii_girl_010_Pakshi Rajo Charhike _ Folk _ Sudha Mishra.wav,148,10
94466c915ea9b257226c64a73c7a5de5,output,fake,sovits,anime_kawaii_girl_010_Pakshi Rajo Charhike _ Folk _ Sudha Mishra.wav,149,10
347bed2dea8e75f6b91ee5e270e2ba16,output,fake,sovits,anime_kawaii_girl_010_Pakshi Rajo Charhike _ Folk _ Sudha Mishra.wav,150,10
06ee0ccdbcd968d68fa78f9bf12f2b55,output,fake,sovits,anime_kawaii_girl_010_Pakshi Rajo Charhike _ Folk _ Sudha Mishra.wav,151,10
f60fd873491e11224fbc4aa1588ea520,output,fake,sovits,anime_kawaii_girl_010_Pakshi Rajo Charhike _ Folk _ Sudha Mishra.wav,152,10
c08b6d1845cb700b1f3bda2479487630,output,fake,sovits,anime_kawaii_girl_010_Pakshi Rajo Charhike _ Folk _ Sudha Mishra.wav,153,10
ab2a134015df614eb710da32314cf59a,output,fake,sovits,anime_kawaii_girl_010_Pakshi Rajo Charhike _ Folk _ Sudha Mishra.wav,154,10
4e7adfb14fcb889f780ec5ab94d630c2,output,fake,sovits,anime_kawaii_girl_010_Pakshi Rajo Charhike _ Folk _ Sudha Mishra.wav,155,10
a35a92e5b9712326e0903d5836f91e5a,output,fake,sovits,anime_kawaii_girl_010_Pakshi Rajo Charhike _ Folk _ Sudha Mishra.wav,156,10
a776f88774eb2dbeb69314e473d43098,output,fake,sovits,anime_kawaii_girl_010_Pakshi Rajo Charhike _ Folk _ Sudha Mishra.wav,157,10
d7c5e80da830b3161719072dd6776633,output,fake,sovits,anime_kawaii_girl_010_Pakshi Rajo Charhike _ Folk _ Sudha Mishra.wav,158,10
9ec55baff49360d72b94ea7bd6d298f8,output,fake,sovits,anime_kawaii_girl_010_Pakshi Rajo Charhike _ Folk _ Sudha Mishra.wav,159,10
521914d4ae8600a84cd6f5792fa658c3,output,fake,sovits,anime_kawaii_girl_010_Pakshi Rajo Charhike _ Folk _ Sudha Mishra.wav,160,10
90b020c3efe38d30713ef83822876645,output,fake,sovits,anime_kawaii_girl_010_Pakshi Rajo Charhike _ Folk _ Sudha Mishra.wav,161,10
f1e927ee54e0814fe4b5484d525db898,output,fake,sovits,anime_kawaii_girl_010_Pakshi Rajo Charhike _ Folk _ Sudha Mishra.wav,162,10
300392219668cf42c8a800d502e7051d,output,fake,sovits,anime_kawaii_girl_010_Pakshi Rajo Charhike _ Folk _ Sudha Mishra.wav,163,10
ba8ac75c3cb24f7dbe0a2aae78e17298,output,fake,sovits,anime_kawaii_girl_010_Pakshi Rajo Charhike _ Folk _ Sudha Mishra.wav,164,10
8c94ddf82e79b3bc29e55bcf4b3c6db6,output,fake,sovits,anime_kawaii_girl_010_Pakshi Rajo Charhike _ Folk _ Sudha Mishra.wav,165,10
b8d798c210e98df253a8458edad9ada0,output,fake,sovits,anime_kawaii_girl_010_Pakshi Rajo Charhike _ Folk _ Sudha Mishra.wav,166,10
2ba5f258cdf15b38ac6ee4619ceac11b,output,fake,sovits,anime_kawaii_girl_010_Pakshi Rajo Charhike _ Folk _ Sudha Mishra.wav,167,10
e8825a5c4562427d393a0e1975136082,output,fake,sovits,anime_kawaii_girl_010_Pakshi Rajo Charhike _ Folk _ Sudha Mishra.wav,168,10
e4d7f8ed5308969b12b7d3c9878c58ae,output,fake,sovits,anime_kawaii_girl_010_Pakshi Rajo Charhike _ Folk _ Sudha Mishra.wav,169,10
eb3c8bfab1da9eff25bb2de85e8daa71,output,fake,sovits,anime_kawaii_girl_010_Pakshi Rajo Charhike _ Folk _ Sudha Mishra.wav,170,10
e917ad2117b0a77204c38469bb4388f4,output,fake,sovits,anime_kawaii_girl_010_Pakshi Rajo Charhike _ Folk _ Sudha Mishra.wav,171,10
da75cbba82a766d7b18db30a7613c3e5,output,fake,sovits,anime_kawaii_girl_010_Pakshi Rajo Charhike _ Folk _ Sudha Mishra.wav,172,10
5e29f5f3b0a9404d740773bf503bc8c2,output,fake,sovits,anime_kawaii_girl_010_Pakshi Rajo Charhike _ Folk _ Sudha Mishra.wav,173,10
a81024df8dd75bd109a483bc8774b1bf,output,fake,sovits,anime_kawaii_girl_010_Pakshi Rajo Charhike _ Folk _ Sudha Mishra.wav,174,10
a9ca0e8a1e9a725a6c4dce1c3430cf2c,output,fake,sovits,anime_kawaii_girl_010_Pakshi Rajo Charhike _ Folk _ Sudha Mishra.wav,175,10
f024a41293cb134d6b7d0f716dc7000f,output,fake,sovits,anime_kawaii_girl_010_Pakshi Rajo Charhike _ Folk _ Sudha Mishra.wav,176,10
af7a596c9ebb0ab936bad5287722e74e,output,fake,sovits,anime_kawaii_girl_010_Pakshi Rajo Charhike _ Folk _ Sudha Mishra.wav,177,10
05de62bbcdd426f131bdd028e435da1f,output,fake,sovits,anime_kawaii_girl_010_Pakshi Rajo Charhike _ Folk _ Sudha Mishra.wav,178,10
87cbee9cf0f7e14d0cecc307d9bfd759,output,fake,sovits,anime_kawaii_girl_010_Pakshi Rajo Charhike _ Folk _ Sudha Mishra.wav,179,10
6ce2c226d8bb075d99637534c8b64f70,output,fake,sovits,anime_kawaii_girl_010_Pakshi Rajo Charhike _ Folk _ Sudha Mishra.wav,180,10
93827c612c69fe578531c0861cecbd27,output,fake,sovits,anime_kawaii_girl_010_Pakshi Rajo Charhike _ Folk _ Sudha Mishra.wav,181,10
a5149d0f7a2193433d91be5bb806dbb7,output,fake,sovits,anime_kawaii_girl_010_Pakshi Rajo Charhike _ Folk _ Sudha Mishra.wav,182,10
fa4cd80f84924326f3242605f1a1e8c1,output,fake,sovits,anime_kawaii_girl_010_Pakshi Rajo Charhike _ Folk _ Sudha Mishra.wav,183,10
7c56fb2a7b22c6561aabbed2dad203ef,output,fake,sovits,anime_kawaii_girl_010_Pakshi Rajo Charhike _ Folk _ Sudha Mishra.wav,184,10
e9bdea183a0b75b9b63ca6eaab384605,output,fake,sovits,anime_kawaii_girl_010_Pakshi Rajo Charhike _ Folk _ Sudha Mishra.wav,185,10
6d995685ca82d02d86885340816e2114,output,fake,sovits,anime_kawaii_girl_010_Pakshi Rajo Charhike _ Folk _ Sudha Mishra.wav,186,10
6c7b5903bf084c9cf43dc28cbbbcf160,output,fake,sovits,anime_kawaii_girl_010_Pakshi Rajo Charhike _ Folk _ Sudha Mishra.wav,187,10
f846934d264015fc91d5176d65b1619c,output,fake,sovits,anime_kawaii_girl_010_Pakshi Rajo Charhike _ Folk _ Sudha Mishra.wav,188,10
c8ab5f3a028061898b72327448be9967,output,fake,sovits,anime_kawaii_girl_010_Pakshi Rajo Charhike _ Folk _ Sudha Mishra.wav,189,10
781af90e464a9db7d738f1adfdfe5ccf,output,fake,sovits,anime_kawaii_girl_010_Pakshi Rajo Charhike _ Folk _ Sudha Mishra.wav,190,10
ebba136108150d9ca84d11e8d32d066b,output,fake,sovits,anime_kawaii_girl_010_Pakshi Rajo Charhike _ Folk _ Sudha Mishra.wav,191,10
0a8fc59fb1f5098d189685aedfc3c700,output,fake,sovits,anime_kawaii_girl_010_Pakshi Rajo Charhike _ Folk _ Sudha Mishra.wav,192,10
e8d6b2ff1a26478b9a1006a4de05e19e,output,fake,sovits,anime_kawaii_girl_010_Pakshi Rajo Charhike _ Folk _ Sudha Mishra.wav,193,10
cee32cbcba392c34204bbf8e6c963d7e,output,fake,sovits,anime_kawaii_girl_010_Pakshi Rajo Charhike _ Folk _ Sudha Mishra.wav,194,10
df75cc7a3912cb2ecfd954ccf5652dc9,output,fake,sovits,anime_kawaii_girl_010_Pakshi Rajo Charhike _ Folk _ Sudha Mishra.wav,195,10
9dddeb1a0fc2e413ff239cbcad3b6d6c,output,fake,sovits,anime_kawaii_girl_010_Pakshi Rajo Charhike _ Folk _ Sudha Mishra.wav,196,10
088dbb10c2def8d0e8e13550ef5dbfbe,output,fake,sovits,anime_kawaii_girl_010_Pakshi Rajo Charhike _ Folk _ Sudha Mishra.wav,197,10
e5497c36bc57b32e9ae47a5ab39882a2,output,fake,sovits,anime_kawaii_girl_010_Pakshi Rajo Charhike _ Folk _ Sudha Mishra.wav,198,10
b8f8d3432269587e55c1e630b7e25228,output,fake,sovits,anime_kawaii_girl_010_Pakshi Rajo Charhike _ Folk _ Sudha Mishra.wav,199,10
04bd25e5e710649962276bd3aefca9fb,output,fake,sovits,anime_kawaii_girl_010_Pakshi Rajo Charhike _ Folk _ Sudha Mishra.wav,200,10
a515afdcaef23ca13c950ceb59359eb9,output,fake,sovits,anime_kawaii_girl_010_Pakshi Rajo Charhike _ Folk _ Sudha Mishra.wav,201,10
a30baade5dc8c50c84c8450293106ece,output,fake,sovits,anime_kawaii_girl_010_Pakshi Rajo Charhike _ Folk _ Sudha Mishra.wav,202,10
688a071e1fb91dc380f5822156cf0863,output,fake,sovits,anime_kawaii_girl_010_Pakshi Rajo Charhike _ Folk _ Sudha Mishra.wav,203,10
d3808e4c68ab20b1693bbddfd150a960,output,fake,sovits,anime_kawaii_girl_010_Pakshi Rajo Charhike _ Folk _ Sudha Mishra.wav,204,10
15ef4baa009f304975de6c162e15b60c,output,fake,sovits,anime_kawaii_girl_010_Pakshi Rajo Charhike _ Folk _ Sudha Mishra.wav,205,10
8fd59d21c257dc308d6ef0e58cb19a22,output,fake,sovits,anime_kawaii_girl_010_Pakshi Rajo Charhike _ Folk _ Sudha Mishra.wav,206,10
ff8b3666c7274bc3033cdf8a57cde9c6,output,fake,sovits,anime_energetic_idol_011_Rangabati (Live) _ Tapu Mishra & Jitendriya Haripal.wav,0,10
a7f541b54377a0c632b73ed6c61e834b,output,fake,sovits,anime_energetic_idol_011_Rangabati (Live) _ Tapu Mishra & Jitendriya Haripal.wav,1,10
6bd683e451bec56f1ae5db4e5696b6ff,output,fake,sovits,anime_energetic_idol_011_Rangabati (Live) _ Tapu Mishra & Jitendriya Haripal.wav,2,10
a6a41bfd66fc8a80e6372f81d721a869,output,fake,sovits,anime_energetic_idol_011_Rangabati (Live) _ Tapu Mishra & Jitendriya Haripal.wav,3,10
2dd669aa23f8744d5dbe0a682626c3ba,output,fake,sovits,anime_energetic_idol_011_Rangabati (Live) _ Tapu Mishra & Jitendriya Haripal.wav,4,10
0cc72361a7fd1966f9bc45d429f630b9,output,fake,sovits,anime_energetic_idol_011_Rangabati (Live) _ Tapu Mishra & Jitendriya Haripal.wav,5,10
4489812e424bed43593182c5788df84c,output,fake,sovits,anime_energetic_idol_011_Rangabati (Live) _ Tapu Mishra & Jitendriya Haripal.wav,6,10
a08deda93de1d4de53ea1dcfc6e0f7e9,output,fake,sovits,anime_energetic_idol_011_Rangabati (Live) _ Tapu Mishra & Jitendriya Haripal.wav,7,10
4600d54fa07d398fcedf6b927bfd4db6,output,fake,sovits,anime_energetic_idol_011_Rangabati (Live) _ Tapu Mishra & Jitendriya Haripal.wav,8,10
58c084f8985968eaa0d8462b51ff8282,output,fake,sovits,anime_energetic_idol_011_Rangabati (Live) _ Tapu Mishra & Jitendriya Haripal.wav,9,10
5b6e399e361647aa8920011133b32a7f,output,fake,sovits,anime_energetic_idol_011_Rangabati (Live) _ Tapu Mishra & Jitendriya Haripal.wav,10,10
cfb9fb090ce20acccd82a6dcfa8b84ce,output,fake,sovits,anime_energetic_idol_011_Rangabati (Live) _ Tapu Mishra & Jitendriya Haripal.wav,11,10
0eeb5411f7aec52ae9f90f278919085f,output,fake,sovits,anime_energetic_idol_011_Rangabati (Live) _ Tapu Mishra & Jitendriya Haripal.wav,12,10
c65aae3dc021d755cbd94f656982e714,output,fake,sovits,anime_energetic_idol_011_Rangabati (Live) _ Tapu Mishra & Jitendriya Haripal.wav,13,10
db625371354010cd873a7e2d1ec3a198,output,fake,sovits,anime_energetic_idol_011_Rangabati (Live) _ Tapu Mishra & Jitendriya Haripal.wav,14,10
26dfc5c6fcd652fea770728eaaaac8e5,output,fake,sovits,anime_energetic_idol_011_Rangabati (Live) _ Tapu Mishra & Jitendriya Haripal.wav,15,10
7a40e5a21fca31a56258aebb232f196c,output,fake,sovits,anime_energetic_idol_011_Rangabati (Live) _ Tapu Mishra & Jitendriya Haripal.wav,16,10
a94eb9fc02922fbf156f68762ccd6ebc,output,fake,sovits,anime_energetic_idol_011_Rangabati (Live) _ Tapu Mishra & Jitendriya Haripal.wav,17,10
6a7989764d25438f111cc467ba806a45,output,fake,sovits,anime_energetic_idol_011_Rangabati (Live) _ Tapu Mishra & Jitendriya Haripal.wav,18,10
9b59a5a4615f0117f99cdba9fea28ca3,output,fake,sovits,anime_energetic_idol_011_Rangabati (Live) _ Tapu Mishra & Jitendriya Haripal.wav,19,10
e125d0f92e85ebeb0096519950a41952,output,fake,sovits,anime_energetic_idol_011_Rangabati (Live) _ Tapu Mishra & Jitendriya Haripal.wav,20,10
148d34cea78632c48c47f6eaaf1e6e17,output,fake,sovits,anime_energetic_idol_011_Rangabati (Live) _ Tapu Mishra & Jitendriya Haripal.wav,21,10
c974599066c155a92b20248ca17aa52f,output,fake,sovits,anime_energetic_idol_011_Rangabati (Live) _ Tapu Mishra & Jitendriya Haripal.wav,22,10
f4ed4c2a5d883d53adcbe4e8ff799c02,output,fake,sovits,anime_energetic_idol_011_Rangabati (Live) _ Tapu Mishra & Jitendriya Haripal.wav,23,10
2eb6c38bd400298a6d0585545d1cf6bf,output,fake,sovits,anime_energetic_idol_011_Rangabati (Live) _ Tapu Mishra & Jitendriya Haripal.wav,24,10
7e77898be7d34240f0efd71cc7784449,output,fake,sovits,anime_energetic_idol_011_Rangabati (Live) _ Tapu Mishra & Jitendriya Haripal.wav,25,10
0b0d0b62908df2576e80dafa1c024720,output,fake,sovits,anime_energetic_idol_011_Rangabati (Live) _ Tapu Mishra & Jitendriya Haripal.wav,26,10
ad94bc7b803e0373f98a500e29d483f7,output,fake,sovits,anime_energetic_idol_011_Rangabati (Live) _ Tapu Mishra & Jitendriya Haripal.wav,27,10
7c6444a445a3d30891711c499737dc62,output,fake,sovits,anime_energetic_idol_011_Rangabati (Live) _ Tapu Mishra & Jitendriya Haripal.wav,28,10
ee314e5b9201e58ccf31b5f46afc9bfd,output,fake,sovits,anime_energetic_idol_011_Rangabati (Live) _ Tapu Mishra & Jitendriya Haripal.wav,29,10
9d0db4465598bc5b924eb2e77ab164cd,output,fake,sovits,anime_energetic_idol_011_Rangabati (Live) _ Tapu Mishra & Jitendriya Haripal.wav,30,10
d3db9e1763add7783f658287aef84fc7,output,fake,sovits,anime_energetic_idol_011_Rangabati (Live) _ Tapu Mishra & Jitendriya Haripal.wav,31,10
94f6ea8108aab7bf5c5e732c039a08d5,output,fake,sovits,anime_energetic_idol_011_Rangabati (Live) _ Tapu Mishra & Jitendriya Haripal.wav,32,10
b94e4c94eaad0178f631f8aeabe35e78,output,fake,sovits,anime_energetic_idol_011_Rangabati (Live) _ Tapu Mishra & Jitendriya Haripal.wav,33,10
b8e32b6e96828e3a6647e3668aba71ac,output,fake,sovits,anime_energetic_idol_011_Rangabati (Live) _ Tapu Mishra & Jitendriya Haripal.wav,34,10
5ba42f59e8efa05af0d9ce5bc8b635a3,output,fake,sovits,anime_energetic_idol_011_Rangabati (Live) _ Tapu Mishra & Jitendriya Haripal.wav,35,10
5ffdc82bae052fc95212ef629ba840a4,output,fake,sovits,anime_energetic_idol_011_Rangabati (Live) _ Tapu Mishra & Jitendriya Haripal.wav,36,10
5b337729c0395e587c207df7447242b4,output,fake,sovits,anime_energetic_idol_011_Rangabati (Live) _ Tapu Mishra & Jitendriya Haripal.wav,37,10
34536a2b796bc7dabcdd83724f27b8ff,output,fake,sovits,anime_soft_anime_012_Rangabati E Rangabati (Full Song) _ Jukebox Cut.wav,0,10
1b9911846c0be6a873b94daa9479855f,output,fake,sovits,anime_soft_anime_012_Rangabati E Rangabati (Full Song) _ Jukebox Cut.wav,1,10
9a9943115f1d04e0fda9b211d4df703d,output,fake,sovits,anime_soft_anime_012_Rangabati E Rangabati (Full Song) _ Jukebox Cut.wav,2,10
8ec271e005ae061b335d943a5c2ed6bc,output,fake,sovits,anime_soft_anime_012_Rangabati E Rangabati (Full Song) _ Jukebox Cut.wav,3,10
61f3cd196b59a924a9284ce4d57bbc87,output,fake,sovits,anime_soft_anime_012_Rangabati E Rangabati (Full Song) _ Jukebox Cut.wav,4,10
bd539c9e29d173b2d7b1909b3cb0e130,output,fake,sovits,anime_soft_anime_012_Rangabati E Rangabati (Full Song) _ Jukebox Cut.wav,5,10
f164f706629b470dbd508d0702333770,output,fake,sovits,anime_soft_anime_012_Rangabati E Rangabati (Full Song) _ Jukebox Cut.wav,6,10
7e7f304008705c3c5c9408d248a1ebed,output,fake,sovits,anime_soft_anime_012_Rangabati E Rangabati (Full Song) _ Jukebox Cut.wav,7,10
cdfd1cb08d3e3008480a738c7d19cfd0,output,fake,sovits,anime_soft_anime_012_Rangabati E Rangabati (Full Song) _ Jukebox Cut.wav,8,10
3723b4020ac152983207062cc5823cc2,output,fake,sovits,anime_soft_anime_012_Rangabati E Rangabati (Full Song) _ Jukebox Cut.wav,9,10
f4973e95914069212a418187566b26e1,output,fake,sovits,anime_soft_anime_012_Rangabati E Rangabati (Full Song) _ Jukebox Cut.wav,10,10
84f721b31f79905e6c176f47ea7a5be8,output,fake,sovits,anime_soft_anime_012_Rangabati E Rangabati (Full Song) _ Jukebox Cut.wav,11,10
ca5fb1e4ed5e36a517fdfd0bc54712ff,output,fake,sovits,anime_soft_anime_012_Rangabati E Rangabati (Full Song) _ Jukebox Cut.wav,12,10
058a66724d11a5a1967164dc7a5388ce,output,fake,sovits,anime_soft_anime_012_Rangabati E Rangabati (Full Song) _ Jukebox Cut.wav,13,10
eb2fbba5b022545e60a2cfd7a7be1563,output,fake,sovits,anime_soft_anime_012_Rangabati E Rangabati (Full Song) _ Jukebox Cut.wav,14,10
61e29ee7502d821e1011bcacc12870c1,output,fake,sovits,anime_soft_anime_012_Rangabati E Rangabati (Full Song) _ Jukebox Cut.wav,15,10
9a4493a7852743a554ce3249a9ce22b2,output,fake,sovits,anime_soft_anime_012_Rangabati E Rangabati (Full Song) _ Jukebox Cut.wav,16,10
9247d68333d2cc28a7a0ab0d9cbbc8f5,output,fake,sovits,anime_soft_anime_012_Rangabati E Rangabati (Full Song) _ Jukebox Cut.wav,17,10
748515116fb96fc3e6edcc88fcf9089e,output,fake,sovits,anime_soft_anime_012_Rangabati E Rangabati (Full Song) _ Jukebox Cut.wav,18,10
94bbf9421be73a88e14b7fd5ad53eb58,output,fake,sovits,anime_soft_anime_012_Rangabati E Rangabati (Full Song) _ Jukebox Cut.wav,19,10
3f22d451daeb069088c1860a93486de7,output,fake,sovits,anime_soft_anime_012_Rangabati E Rangabati (Full Song) _ Jukebox Cut.wav,20,10
21890f36f98c054fa9ab0b6ba132bce7,output,fake,sovits,anime_soft_anime_012_Rangabati E Rangabati (Full Song) _ Jukebox Cut.wav,21,10
73ae8ec85f2aeccdfd5b285ec6fe5d42,output,fake,sovits,anime_soft_anime_012_Rangabati E Rangabati (Full Song) _ Jukebox Cut.wav,22,10
c0175565bbb6e91e5f794b7082159b75,output,fake,sovits,anime_soft_anime_012_Rangabati E Rangabati (Full Song) _ Jukebox Cut.wav,23,10
2be64d8a8766172fa54ae942f401f79c,output,fake,sovits,anime_soft_anime_012_Rangabati E Rangabati (Full Song) _ Jukebox Cut.wav,24,10
adcc0145750ed18e88c577152785c7e3,output,fake,sovits,anime_soft_anime_012_Rangabati E Rangabati (Full Song) _ Jukebox Cut.wav,25,10
2dba5be2f977d877c98a5bad962c3da8,output,fake,sovits,anime_soft_anime_012_Rangabati E Rangabati (Full Song) _ Jukebox Cut.wav,26,10
0568425cf2ecea577742b9f1cf59cf58,output,fake,sovits,anime_soft_anime_012_Rangabati E Rangabati (Full Song) _ Jukebox Cut.wav,27,10
ebac7a4cb73376dddc34fd1b2ec3ccee,output,fake,sovits,anime_soft_anime_012_Rangabati E Rangabati (Full Song) _ Jukebox Cut.wav,28,10
91033a437a4c9722765b5ad0c02d6e69,output,fake,sovits,anime_soft_anime_012_Rangabati E Rangabati (Full Song) _ Jukebox Cut.wav,29,10
9bd3a87137c3c1c1d11ba09d040135fc,output,fake,sovits,anime_soft_anime_012_Rangabati E Rangabati (Full Song) _ Jukebox Cut.wav,30,10
9e2081de6354c71fb1ba2b190542979d,output,fake,sovits,anime_soft_anime_012_Rangabati E Rangabati (Full Song) _ Jukebox Cut.wav,31,10
e8a2d0d553eda0a6b1c5fb549a57f5a1,output,fake,sovits,anime_soft_anime_012_Rangabati E Rangabati (Full Song) _ Jukebox Cut.wav,32,10
a5a5d2b82ab1faf70f9092abb0c92a14,output,fake,sovits,anime_soft_anime_012_Rangabati E Rangabati (Full Song) _ Jukebox Cut.wav,33,10
6b1b14e04d0e60423840fcd92cbd0857,output,fake,sovits,anime_kawaii_girl_013_Rangabati _ Original Sambalpuri Folk Song.wav,0,10
6983cacffa1b652e15f367e9d826371d,output,fake,sovits,anime_kawaii_girl_013_Rangabati _ Original Sambalpuri Folk Song.wav,1,10
77d88bb3d8b3f884e0d5bcec1f8a5c5b,output,fake,sovits,anime_kawaii_girl_013_Rangabati _ Original Sambalpuri Folk Song.wav,2,10
174abbb7fcfe2c02dffb3b8bd82ea393,output,fake,sovits,anime_kawaii_girl_013_Rangabati _ Original Sambalpuri Folk Song.wav,3,10
274d40d9c593dced22ac9c7778e03c76,output,fake,sovits,anime_kawaii_girl_013_Rangabati _ Original Sambalpuri Folk Song.wav,4,10
bce73a0636255f2c1b056c021145690e,output,fake,sovits,anime_kawaii_girl_013_Rangabati _ Original Sambalpuri Folk Song.wav,5,10
d3bc760a5b1f0634313d03f2e6a91b10,output,fake,sovits,anime_kawaii_girl_013_Rangabati _ Original Sambalpuri Folk Song.wav,6,10
8d6296590987b965ff4eef55cb5b464a,output,fake,sovits,anime_kawaii_girl_013_Rangabati _ Original Sambalpuri Folk Song.wav,7,10
e27d349602498af1243e37dd8aeaab78,output,fake,sovits,anime_kawaii_girl_013_Rangabati _ Original Sambalpuri Folk Song.wav,8,10
16897e2013083500c58dbd92df37c26a,output,fake,sovits,anime_kawaii_girl_013_Rangabati _ Original Sambalpuri Folk Song.wav,9,10
810302b1484cd0fb6d63828a347f0cf8,output,fake,sovits,anime_kawaii_girl_013_Rangabati _ Original Sambalpuri Folk Song.wav,10,10
44938c70d592be0e7ad458f4873b4fe7,output,fake,sovits,anime_kawaii_girl_013_Rangabati _ Original Sambalpuri Folk Song.wav,11,10
ddddaa1300b355375558581e5aa102f3,output,fake,sovits,anime_kawaii_girl_013_Rangabati _ Original Sambalpuri Folk Song.wav,12,10
3300ca0df4eebf82dba62d95e13c1ec3,output,fake,sovits,anime_kawaii_girl_013_Rangabati _ Original Sambalpuri Folk Song.wav,13,10
56f4a8ad0d852cf250eb55431c1d4b0f,output,fake,sovits,anime_kawaii_girl_013_Rangabati _ Original Sambalpuri Folk Song.wav,14,10
9f059d9750bd461b49db6cd32b85fe4e,output,fake,sovits,anime_kawaii_girl_013_Rangabati _ Original Sambalpuri Folk Song.wav,15,10
25a7679404e11ff2cc567f0a22e0e00d,output,fake,sovits,anime_kawaii_girl_013_Rangabati _ Original Sambalpuri Folk Song.wav,16,10
58d6e11a88cab0a4c749f00f55420691,output,fake,sovits,anime_kawaii_girl_013_Rangabati _ Original Sambalpuri Folk Song.wav,17,10
3de34861111892f599c9dce27c91a4f4,output,fake,sovits,anime_kawaii_girl_013_Rangabati _ Original Sambalpuri Folk Song.wav,18,10
aab2ca37f8e2ceba41a244065f791b65,output,fake,sovits,anime_kawaii_girl_013_Rangabati _ Original Sambalpuri Folk Song.wav,19,10
e5d66a5a59be60815d828a8d2c528f10,output,fake,sovits,anime_kawaii_girl_013_Rangabati _ Original Sambalpuri Folk Song.wav,20,10
7e72ea519ad79d37c89ac0aad68c5f04,output,fake,sovits,anime_kawaii_girl_013_Rangabati _ Original Sambalpuri Folk Song.wav,21,10
6d8a960aa6012383f8c39c09fd2d62de,output,fake,sovits,anime_kawaii_girl_013_Rangabati _ Original Sambalpuri Folk Song.wav,22,10
86fe8b2f09aaafbce2e47f050d3b7d12,output,fake,sovits,anime_kawaii_girl_013_Rangabati _ Original Sambalpuri Folk Song.wav,23,10
6442661b1846b9066e0a27ff6c4af7c1,output,fake,sovits,anime_kawaii_girl_013_Rangabati _ Original Sambalpuri Folk Song.wav,24,10
a3cb4859a2033a7f3712b5df67060d22,output,fake,sovits,anime_kawaii_girl_013_Rangabati _ Original Sambalpuri Folk Song.wav,25,10
b854b44264c65f1d09163805287eac7c,output,fake,sovits,anime_kawaii_girl_013_Rangabati _ Original Sambalpuri Folk Song.wav,26,10
b18c0e17dddffd7a5fabfb6bceb128a3,output,fake,sovits,anime_kawaii_girl_013_Rangabati _ Original Sambalpuri Folk Song.wav,27,10
a00ee9fc78d71215f89be42248033b7b,output,fake,sovits,anime_kawaii_girl_013_Rangabati _ Original Sambalpuri Folk Song.wav,28,10
2e596c738f4ef01307fcea244ef35584,output,fake,sovits,anime_kawaii_girl_013_Rangabati _ Original Sambalpuri Folk Song.wav,29,10
1060d3dce39fa0119d99312390754cb3,output,fake,sovits,anime_kawaii_girl_013_Rangabati _ Original Sambalpuri Folk Song.wav,30,10
90f967b54862b1a212c5aa1e0bde205c,output,fake,sovits,anime_kawaii_girl_013_Rangabati _ Original Sambalpuri Folk Song.wav,31,10
f13bad75729f8ae9c1753e8a019e4024,output,fake,sovits,anime_kawaii_girl_013_Rangabati _ Original Sambalpuri Folk Song.wav,32,10
9b6f090c9445f725b51a18d064e908c4,output,fake,sovits,anime_energetic_idol_014_Rangabati _ Original Songs & Singer Jitendra Haripal.wav,0,10
9e5d3d6e9fd41b25874a219471c0d349,output,fake,sovits,anime_energetic_idol_014_Rangabati _ Original Songs & Singer Jitendra Haripal.wav,1,10
d827e2257ff82196aa6c1877279a7e70,output,fake,sovits,anime_energetic_idol_014_Rangabati _ Original Songs & Singer Jitendra Haripal.wav,2,10
fd274ebceffb2788e003c833264d680c,output,fake,sovits,anime_energetic_idol_014_Rangabati _ Original Songs & Singer Jitendra Haripal.wav,3,10
7d1cb3d4abb0419955ba78ae27fdd4eb,output,fake,sovits,anime_energetic_idol_014_Rangabati _ Original Songs & Singer Jitendra Haripal.wav,4,10
1cee288786f42a0eb18b6914cb6c8501,output,fake,sovits,anime_energetic_idol_014_Rangabati _ Original Songs & Singer Jitendra Haripal.wav,5,10
d7adeaaf0a63abd49abefc93fdbc3612,output,fake,sovits,anime_energetic_idol_014_Rangabati _ Original Songs & Singer Jitendra Haripal.wav,6,10
4665377fa14af76e64e1d2953d8fcf76,output,fake,sovits,anime_energetic_idol_014_Rangabati _ Original Songs & Singer Jitendra Haripal.wav,7,10
e9bcbf37a98c57f0c252b830f607667e,output,fake,sovits,anime_energetic_idol_014_Rangabati _ Original Songs & Singer Jitendra Haripal.wav,8,10
fc9d543fe1b6c8dfe46ed0a889235928,output,fake,sovits,anime_energetic_idol_014_Rangabati _ Original Songs & Singer Jitendra Haripal.wav,9,10
53c1e22a0af75122a9eaec4a3d73e3ff,output,fake,sovits,anime_energetic_idol_014_Rangabati _ Original Songs & Singer Jitendra Haripal.wav,10,10
1aeba06ac9545723bbba3a39e9c8005f,output,fake,sovits,anime_energetic_idol_014_Rangabati _ Original Songs & Singer Jitendra Haripal.wav,11,10
25794432931f11ebcde277fe03ed8c89,output,fake,sovits,anime_energetic_idol_014_Rangabati _ Original Songs & Singer Jitendra Haripal.wav,12,10
f909cd797c63aca4ed7234647d6449b8,output,fake,sovits,anime_energetic_idol_014_Rangabati _ Original Songs & Singer Jitendra Haripal.wav,13,10
f49e7ff9b0dd783ca7771ff7773203a7,output,fake,sovits,anime_energetic_idol_014_Rangabati _ Original Songs & Singer Jitendra Haripal.wav,14,10
88dceeb3fed28aa96afe7ff8f27b8c2e,output,fake,sovits,anime_energetic_idol_014_Rangabati _ Original Songs & Singer Jitendra Haripal.wav,15,10
0018b3059ec33912892406fad7e38738,output,fake,sovits,anime_energetic_idol_014_Rangabati _ Original Songs & Singer Jitendra Haripal.wav,16,10
6f8d95cca3cd7015f36fdfd80559a80d,output,fake,sovits,anime_energetic_idol_014_Rangabati _ Original Songs & Singer Jitendra Haripal.wav,17,10
a5e405916a759318f6ea94635de50ac4,output,fake,sovits,anime_energetic_idol_014_Rangabati _ Original Songs & Singer Jitendra Haripal.wav,18,10
04063479a588ef152326fcef521659cc,output,fake,sovits,anime_energetic_idol_014_Rangabati _ Original Songs & Singer Jitendra Haripal.wav,19,10
759434f6fab34337ca99cc4952feb19b,output,fake,sovits,anime_energetic_idol_014_Rangabati _ Original Songs & Singer Jitendra Haripal.wav,20,10
6601b07b70af85f5c49e75e1001495e9,output,fake,sovits,anime_energetic_idol_014_Rangabati _ Original Songs & Singer Jitendra Haripal.wav,21,10
cebcef8807786c4988411a506b963268,output,fake,sovits,anime_energetic_idol_014_Rangabati _ Original Songs & Singer Jitendra Haripal.wav,22,10
422b55be83d04e879783763daa0bf32a,output,fake,sovits,anime_energetic_idol_014_Rangabati _ Original Songs & Singer Jitendra Haripal.wav,23,10
bf4fc313cad71648443a56064ad552e6,output,fake,sovits,anime_energetic_idol_014_Rangabati _ Original Songs & Singer Jitendra Haripal.wav,24,10
bd3501b96eeea4ab624cbbadd437ba7b,output,fake,sovits,anime_energetic_idol_014_Rangabati _ Original Songs & Singer Jitendra Haripal.wav,25,10
285b8d7e7e7f86dff5d26242e4c71347,output,fake,sovits,anime_energetic_idol_014_Rangabati _ Original Songs & Singer Jitendra Haripal.wav,26,10
ed387570723ab4dd9e7d892bc2ffd396,output,fake,sovits,anime_energetic_idol_014_Rangabati _ Original Songs & Singer Jitendra Haripal.wav,27,10
79b112b391343c61f92793a215cb7e4e,output,fake,sovits,anime_energetic_idol_014_Rangabati _ Original Songs & Singer Jitendra Haripal.wav,28,10
c10d63ae819c6b3c04b3d018b09d5f98,output,fake,sovits,anime_energetic_idol_014_Rangabati _ Original Songs & Singer Jitendra Haripal.wav,29,10
a6b60659a51ed3ae347d066fa947d7ec,output,fake,sovits,anime_energetic_idol_014_Rangabati _ Original Songs & Singer Jitendra Haripal.wav,30,10
ff1a6bf762616d4ba4d8b1d775714119,output,fake,sovits,anime_energetic_idol_014_Rangabati _ Original Songs & Singer Jitendra Haripal.wav,31,10
e9dfd72eedd3d497331ec4e37362b541,output,fake,sovits,anime_energetic_idol_014_Rangabati _ Original Songs & Singer Jitendra Haripal.wav,32,10
47db33067e5c87463d4e285a05e7c0f0,output,fake,sovits,anime_energetic_idol_014_Rangabati _ Original Songs & Singer Jitendra Haripal.wav,33,10
ea1bd845f415e3e08e2689434bf02e48,output,fake,sovits,anime_energetic_idol_014_Rangabati _ Original Songs & Singer Jitendra Haripal.wav,34,10
842d794e4ce46b81e08210126a37ddcc,output,fake,sovits,anime_energetic_idol_014_Rangabati _ Original Songs & Singer Jitendra Haripal.wav,35,10
5aa05ed35e9b8b860996d1a04613deea,output,fake,sovits,anime_energetic_idol_014_Rangabati _ Original Songs & Singer Jitendra Haripal.wav,36,10
d5b67bc008e9ae357125b1b114fe74f9,output,fake,sovits,anime_energetic_idol_014_Rangabati _ Original Songs & Singer Jitendra Haripal.wav,37,10
143ef782cba4e169646f5dd3ad56a559,output,fake,sovits,anime_energetic_idol_014_Rangabati _ Original Songs & Singer Jitendra Haripal.wav,38,10
5cdd328bab62c8892aab7b0c5a9ac9b9,output,fake,sovits,anime_energetic_idol_014_Rangabati _ Original Songs & Singer Jitendra Haripal.wav,39,10
b4f17eab92625265fa61321566d936c0,output,fake,sovits,anime_energetic_idol_014_Rangabati _ Original Songs & Singer Jitendra Haripal.wav,40,10
e4717c956395c7f44112e474503d8a7c,output,fake,sovits,anime_energetic_idol_014_Rangabati _ Original Songs & Singer Jitendra Haripal.wav,41,10
5a41d49825fec99e4da1d7651a95a736,output,fake,sovits,anime_energetic_idol_014_Rangabati _ Original Songs & Singer Jitendra Haripal.wav,42,10
c4568544c6b103f6c62a08244dc24877,output,fake,sovits,anime_energetic_idol_014_Rangabati _ Original Songs & Singer Jitendra Haripal.wav,43,10
4918ab3f6327b3dbd7a0811f09502cfd,output,fake,sovits,anime_energetic_idol_014_Rangabati _ Original Songs & Singer Jitendra Haripal.wav,44,10
79ab4506585bb227c5afb7da71fe12c9,output,fake,sovits,anime_energetic_idol_014_Rangabati _ Original Songs & Singer Jitendra Haripal.wav,45,10
03405eddc48351854ca4239b55571022,output,fake,sovits,anime_energetic_idol_014_Rangabati _ Original Songs & Singer Jitendra Haripal.wav,46,10
17d8bb43b2153b7913c01b94f602a546,output,fake,sovits,anime_energetic_idol_014_Rangabati _ Original Songs & Singer Jitendra Haripal.wav,47,10
470fa731911158fc775f29864d225d8d,output,fake,sovits,anime_energetic_idol_014_Rangabati _ Original Songs & Singer Jitendra Haripal.wav,48,10
7a62db521b46710e326ecd78db512af6,output,fake,sovits,anime_energetic_idol_014_Rangabati _ Original Songs & Singer Jitendra Haripal.wav,49,10
e049fb65990fcebf9bf5bbfc4bc48c36,output,fake,sovits,anime_energetic_idol_014_Rangabati _ Original Songs & Singer Jitendra Haripal.wav,50,10
4e4359d04660ea3a3826a483b92c65b4,output,fake,sovits,anime_energetic_idol_014_Rangabati _ Original Songs & Singer Jitendra Haripal.wav,51,10
33feb8e64f6d4f3addb686ae05148f89,output,fake,sovits,anime_energetic_idol_014_Rangabati _ Original Songs & Singer Jitendra Haripal.wav,52,10
98b5362b06b3bc780af83f738a712e52,output,fake,sovits,anime_energetic_idol_014_Rangabati _ Original Songs & Singer Jitendra Haripal.wav,53,10
8253d83ee210a53206d1892e996533ec,output,fake,sovits,anime_energetic_idol_014_Rangabati _ Original Songs & Singer Jitendra Haripal.wav,54,10
4cd9175c56be0a394529fe088f00eebf,output,fake,sovits,anime_energetic_idol_014_Rangabati _ Original Songs & Singer Jitendra Haripal.wav,55,10
f8b10ec96cff94cf7aeb993afdf28533,output,fake,sovits,anime_energetic_idol_014_Rangabati _ Original Songs & Singer Jitendra Haripal.wav,56,10
abe1210f338b29bb4431afe9110cd5fe,output,fake,sovits,anime_energetic_idol_014_Rangabati _ Original Songs & Singer Jitendra Haripal.wav,57,10
f9744c982f3bf28b1bba820071d59b11,output,fake,sovits,anime_energetic_idol_014_Rangabati _ Original Songs & Singer Jitendra Haripal.wav,58,10
098e3c1c99e13df2ffa81e02de10ceda,output,fake,sovits,anime_energetic_idol_014_Rangabati _ Original Songs & Singer Jitendra Haripal.wav,59,10
f8fa99c13196506e34d26ac14cc23c8c,output,fake,sovits,anime_energetic_idol_014_Rangabati _ Original Songs & Singer Jitendra Haripal.wav,60,10
25b330acd2504a255adbcf97b8935e96,output,fake,sovits,anime_energetic_idol_014_Rangabati _ Original Songs & Singer Jitendra Haripal.wav,61,10
77e0a677b56a7af80fd08a9339a67379,output,fake,sovits,anime_energetic_idol_014_Rangabati _ Original Songs & Singer Jitendra Haripal.wav,62,10
b1ab6d21ce97e04cc08dd0ddbfb22899,output,fake,sovits,anime_energetic_idol_014_Rangabati _ Original Songs & Singer Jitendra Haripal.wav,63,10
ff5f44c9144c6df594198eb4448d5dd4,output,fake,sovits,anime_energetic_idol_014_Rangabati _ Original Songs & Singer Jitendra Haripal.wav,64,10
10834313e6e9be1ac426a014c295b2bb,output,fake,sovits,anime_energetic_idol_014_Rangabati _ Original Songs & Singer Jitendra Haripal.wav,65,10
a71a4fb721decd258947af0a1f75cde2,output,fake,sovits,anime_energetic_idol_014_Rangabati _ Original Songs & Singer Jitendra Haripal.wav,66,10
78238faf46f6c2b01ee825fd070d7861,output,fake,sovits,anime_energetic_idol_014_Rangabati _ Original Songs & Singer Jitendra Haripal.wav,67,10
303f03661e858ccbbf87eb16aab6a65e,output,fake,sovits,anime_energetic_idol_014_Rangabati _ Original Songs & Singer Jitendra Haripal.wav,68,10
e272d7818d824de40792a0da2686c6be,output,fake,sovits,anime_energetic_idol_014_Rangabati _ Original Songs & Singer Jitendra Haripal.wav,69,10
1ea4fb9abbb7101fa8fcafae9d81aa2a,output,fake,sovits,anime_energetic_idol_014_Rangabati _ Original Songs & Singer Jitendra Haripal.wav,70,10
9cf227e5d0c15cb9160bb752ec5503a3,output,fake,sovits,anime_energetic_idol_014_Rangabati _ Original Songs & Singer Jitendra Haripal.wav,71,10
2c82fefeb6a95b5b0176cbe2a91f7554,output,fake,sovits,anime_energetic_idol_014_Rangabati _ Original Songs & Singer Jitendra Haripal.wav,72,10
2782d8581eb6263bcb475ad2bfa55a7c,output,fake,sovits,anime_energetic_idol_014_Rangabati _ Original Songs & Singer Jitendra Haripal.wav,73,10
942881572ac183abed3782ca69baf7d3,output,fake,sovits,anime_energetic_idol_014_Rangabati _ Original Songs & Singer Jitendra Haripal.wav,74,10
a94f6e15866be202d62a82c21a674407,output,fake,sovits,anime_energetic_idol_014_Rangabati _ Original Songs & Singer Jitendra Haripal.wav,75,10
11ff7049eb8faf223f8d46823a380823,output,fake,sovits,anime_energetic_idol_014_Rangabati _ Original Songs & Singer Jitendra Haripal.wav,76,10
6b11266e6289e9b25093e477e726dd8e,output,fake,sovits,anime_energetic_idol_014_Rangabati _ Original Songs & Singer Jitendra Haripal.wav,77,10
4c50b0d8d4bab19800a69f12f104a714,output,fake,sovits,anime_energetic_idol_014_Rangabati _ Original Songs & Singer Jitendra Haripal.wav,78,10
872e5373fad7fffeabe058b64540ce4b,output,fake,sovits,anime_energetic_idol_014_Rangabati _ Original Songs & Singer Jitendra Haripal.wav,79,10
abcbd0c99c37deb9e84493f00a12ac6b,output,fake,sovits,anime_energetic_idol_014_Rangabati _ Original Songs & Singer Jitendra Haripal.wav,80,10
2c370be48170895bc26cdb604bdfd5af,output,fake,sovits,anime_energetic_idol_014_Rangabati _ Original Songs & Singer Jitendra Haripal.wav,81,10
9c72c929f8352e552476add76c819d9b,output,fake,sovits,anime_energetic_idol_014_Rangabati _ Original Songs & Singer Jitendra Haripal.wav,82,10
6d4b898acffebcdac9f6271d52529812,output,fake,sovits,anime_energetic_idol_014_Rangabati _ Original Songs & Singer Jitendra Haripal.wav,83,10
d8dcb71b3f7d04b8a3ef4337935da89c,output,fake,sovits,anime_energetic_idol_014_Rangabati _ Original Songs & Singer Jitendra Haripal.wav,84,10
d5572138a71978fc0c6c18ea42d3330f,output,fake,sovits,anime_energetic_idol_014_Rangabati _ Original Songs & Singer Jitendra Haripal.wav,85,10
a127bcca1ce852fa7b9e92c48e223fb7,output,fake,sovits,anime_energetic_idol_014_Rangabati _ Original Songs & Singer Jitendra Haripal.wav,86,10
6e6de37141ccef77d45ca272dfcfd681,output,fake,sovits,anime_energetic_idol_014_Rangabati _ Original Songs & Singer Jitendra Haripal.wav,87,10
864df5dba3b4654ff2874221a6387590,output,fake,sovits,anime_energetic_idol_014_Rangabati _ Original Songs & Singer Jitendra Haripal.wav,88,10
18ff50d0eb98d4e6a0e7419fa70fd483,output,fake,sovits,anime_energetic_idol_014_Rangabati _ Original Songs & Singer Jitendra Haripal.wav,89,10
96c29488285228e3c4c3dc4a3814ff4b,output,fake,sovits,anime_energetic_idol_014_Rangabati _ Original Songs & Singer Jitendra Haripal.wav,90,10
dab7ea2b3d9925cf55f6d9007e658f47,output,fake,sovits,anime_energetic_idol_014_Rangabati _ Original Songs & Singer Jitendra Haripal.wav,91,10
abe800f683f96e28b3f38c00ee46c0d3,output,fake,sovits,anime_energetic_idol_014_Rangabati _ Original Songs & Singer Jitendra Haripal.wav,92,10
0bf00a1d79475b42bffe6b8b45219cf1,output,fake,sovits,anime_energetic_idol_014_Rangabati _ Original Songs & Singer Jitendra Haripal.wav,93,10
800261f4721a098f66e9a9411cc06961,output,fake,sovits,anime_energetic_idol_014_Rangabati _ Original Songs & Singer Jitendra Haripal.wav,94,10
4ed271eb3481cc953b5ed7ecb5992ebf,output,fake,sovits,anime_energetic_idol_014_Rangabati _ Original Songs & Singer Jitendra Haripal.wav,95,10
4de5b01aa56f95747ad7510a54de9aae,output,fake,sovits,anime_energetic_idol_014_Rangabati _ Original Songs & Singer Jitendra Haripal.wav,96,10
e269e6389ad81092f4b4b4d0c70fa82a,output,fake,sovits,anime_energetic_idol_014_Rangabati _ Original Songs & Singer Jitendra Haripal.wav,97,10
8ef9acf89ab2419ba175e54896f7114c,output,fake,sovits,anime_energetic_idol_014_Rangabati _ Original Songs & Singer Jitendra Haripal.wav,98,10
6b2d6356837496e4137df75c680512d8,output,fake,sovits,anime_energetic_idol_014_Rangabati _ Original Songs & Singer Jitendra Haripal.wav,99,10
a1a5ef44f0b3ad3dc91619735d6d4f6a,output,fake,sovits,anime_energetic_idol_014_Rangabati _ Original Songs & Singer Jitendra Haripal.wav,100,10
fc874d78ba585479730b8eae23b84ccc,output,fake,sovits,anime_energetic_idol_014_Rangabati _ Original Songs & Singer Jitendra Haripal.wav,101,10
742fe9597aea010541e7d27c029a7246,output,fake,sovits,anime_energetic_idol_014_Rangabati _ Original Songs & Singer Jitendra Haripal.wav,102,10
3e324fb50ccbe0e8e334f48d59eb0ad3,output,fake,sovits,anime_energetic_idol_014_Rangabati _ Original Songs & Singer Jitendra Haripal.wav,103,10
8bade1927308da03d2c7caf85fe63b2a,output,fake,sovits,anime_energetic_idol_014_Rangabati _ Original Songs & Singer Jitendra Haripal.wav,104,10
c10b86dd1a0da76e6706d2bb6bdb1769,output,fake,sovits,anime_energetic_idol_014_Rangabati _ Original Songs & Singer Jitendra Haripal.wav,105,10
d0f0a9cf2513b1d24b73008d6492b0f7,output,fake,sovits,anime_energetic_idol_014_Rangabati _ Original Songs & Singer Jitendra Haripal.wav,106,10
63a8f79bacf704e5edf22e1a9d47582c,output,fake,sovits,anime_energetic_idol_014_Rangabati _ Original Songs & Singer Jitendra Haripal.wav,107,10
11a853ef3465e0e0a23262cea3cf4d54,output,fake,sovits,anime_energetic_idol_014_Rangabati _ Original Songs & Singer Jitendra Haripal.wav,108,10
48453cbeae1aeb576d1c5ca598adf02e,output,fake,sovits,anime_energetic_idol_014_Rangabati _ Original Songs & Singer Jitendra Haripal.wav,109,10
3a347bce6b1cb952f0d6c290627846b4,output,fake,sovits,anime_energetic_idol_014_Rangabati _ Original Songs & Singer Jitendra Haripal.wav,110,10
41c599733b94d292963b343639dec415,output,fake,sovits,anime_energetic_idol_014_Rangabati _ Original Songs & Singer Jitendra Haripal.wav,111,10
54cc3410a64d5642ecdd99a3bad37b23,output,fake,sovits,anime_energetic_idol_014_Rangabati _ Original Songs & Singer Jitendra Haripal.wav,112,10
676e320b6db1de0e75dfc453bbf3dd1e,output,fake,sovits,anime_energetic_idol_014_Rangabati _ Original Songs & Singer Jitendra Haripal.wav,113,10
8aa2905abfe80cf8dbf2ce9fd6ac6de6,output,fake,sovits,anime_energetic_idol_014_Rangabati _ Original Songs & Singer Jitendra Haripal.wav,114,10
38ff471e97ec1575945caf1580595754,output,fake,sovits,anime_energetic_idol_014_Rangabati _ Original Songs & Singer Jitendra Haripal.wav,115,10
a8543fafa20db71a7155515baf048365,output,fake,sovits,anime_energetic_idol_014_Rangabati _ Original Songs & Singer Jitendra Haripal.wav,116,10
3769eeedd493a39be50ab479d2379401,output,fake,sovits,anime_energetic_idol_014_Rangabati _ Original Songs & Singer Jitendra Haripal.wav,117,10
6a0338a9d87fa8116312f29daa7452ce,output,fake,sovits,anime_energetic_idol_014_Rangabati _ Original Songs & Singer Jitendra Haripal.wav,118,10
3559d107e22af5c57cc1195466ad17f8,output,fake,sovits,anime_energetic_idol_014_Rangabati _ Original Songs & Singer Jitendra Haripal.wav,119,10
97bbefc7d1c5daaee57df332e2167674,output,fake,sovits,anime_energetic_idol_014_Rangabati _ Original Songs & Singer Jitendra Haripal.wav,120,10
844ab5b62830af7da841cf5b4b92172d,output,fake,sovits,anime_energetic_idol_014_Rangabati _ Original Songs & Singer Jitendra Haripal.wav,121,10
da1e2e1c3986ad89c96b47fc676c82f9,output,fake,sovits,anime_energetic_idol_014_Rangabati _ Original Songs & Singer Jitendra Haripal.wav,122,10
53dcbad0126f45a98e1076c6b6aab591,output,fake,sovits,anime_energetic_idol_014_Rangabati _ Original Songs & Singer Jitendra Haripal.wav,123,10
d5cb6b1e62d3b18e86122e7387f0190c,output,fake,sovits,anime_energetic_idol_014_Rangabati _ Original Songs & Singer Jitendra Haripal.wav,124,10
66b64f322bf77d4269788b60916f1499,output,fake,sovits,anime_energetic_idol_014_Rangabati _ Original Songs & Singer Jitendra Haripal.wav,125,10
7ec051187eab7ca529d5858ab82d6e86,output,fake,sovits,anime_energetic_idol_014_Rangabati _ Original Songs & Singer Jitendra Haripal.wav,126,10
0918ba6ab3a76f41e54cb12b785794d5,output,fake,sovits,anime_energetic_idol_014_Rangabati _ Original Songs & Singer Jitendra Haripal.wav,127,10
1117f9a4a8a367a33f54e4e422a1a8f1,output,fake,sovits,anime_energetic_idol_014_Rangabati _ Original Songs & Singer Jitendra Haripal.wav,128,10
2ace542f8ca384ecb63843383e04548f,output,fake,sovits,anime_energetic_idol_014_Rangabati _ Original Songs & Singer Jitendra Haripal.wav,129,10
7790da2410751939f07f447b83425a88,output,fake,sovits,anime_energetic_idol_014_Rangabati _ Original Songs & Singer Jitendra Haripal.wav,130,10
6e6fd43e6abd49e334b62839274411e9,output,fake,sovits,anime_energetic_idol_014_Rangabati _ Original Songs & Singer Jitendra Haripal.wav,131,10
c3555b7790046b46dea93ef334ab2f2f,output,fake,sovits,anime_energetic_idol_014_Rangabati _ Original Songs & Singer Jitendra Haripal.wav,132,10
2e349e30461f34ddb5bce64ab8377d32,output,fake,sovits,anime_energetic_idol_014_Rangabati _ Original Songs & Singer Jitendra Haripal.wav,133,10
dc914e41f1cc13f3d05e960363173d49,output,fake,sovits,anime_energetic_idol_014_Rangabati _ Original Songs & Singer Jitendra Haripal.wav,134,10
d264522b1310408dd0a7fdcf7dcda284,output,fake,sovits,anime_energetic_idol_014_Rangabati _ Original Songs & Singer Jitendra Haripal.wav,135,10
c95da5c76692b67cafbd8abd5ed0067c,output,fake,sovits,anime_energetic_idol_014_Rangabati _ Original Songs & Singer Jitendra Haripal.wav,136,10
055865c2e545d368a234bcdf741c1a15,output,fake,sovits,anime_energetic_idol_014_Rangabati _ Original Songs & Singer Jitendra Haripal.wav,137,10
bea1d949df780c209f06d261bacd6baf,output,fake,sovits,anime_energetic_idol_014_Rangabati _ Original Songs & Singer Jitendra Haripal.wav,138,10
7bd09dc7a2be1a98feabe61758f06df3,output,fake,sovits,anime_energetic_idol_014_Rangabati _ Original Songs & Singer Jitendra Haripal.wav,139,10
56ff2184d1a8a70592b6ffe52848aeff,output,fake,sovits,anime_energetic_idol_014_Rangabati _ Original Songs & Singer Jitendra Haripal.wav,140,10
662679ea1c249401ec59ef243c0c5133,output,fake,sovits,anime_energetic_idol_014_Rangabati _ Original Songs & Singer Jitendra Haripal.wav,141,10
4c4425c4e5c5dec8a876245834c7db89,output,fake,sovits,anime_energetic_idol_014_Rangabati _ Original Songs & Singer Jitendra Haripal.wav,142,10
87c240ee6b92778f986b4de8a44a543e,output,fake,sovits,anime_energetic_idol_014_Rangabati _ Original Songs & Singer Jitendra Haripal.wav,143,10
d637bac1fb8e4060db192f0f6d91b913,output,fake,sovits,anime_energetic_idol_014_Rangabati _ Original Songs & Singer Jitendra Haripal.wav,144,10
4a160f832bc84fa51a01712e4a9fcb26,output,fake,sovits,anime_energetic_idol_014_Rangabati _ Original Songs & Singer Jitendra Haripal.wav,145,10
dfb9c84ddb18f47b271a07cbe6493307,output,fake,sovits,anime_energetic_idol_014_Rangabati _ Original Songs & Singer Jitendra Haripal.wav,146,10
b0e65da8099c5ab378be551f358f3e57,output,fake,sovits,anime_energetic_idol_014_Rangabati _ Original Songs & Singer Jitendra Haripal.wav,147,10
e51ca15983f53e77e47acb3401fd0ca9,output,fake,sovits,anime_energetic_idol_014_Rangabati _ Original Songs & Singer Jitendra Haripal.wav,148,10
95c4a20e2678472d36ff7bf0de7a50bb,output,fake,sovits,anime_energetic_idol_014_Rangabati _ Original Songs & Singer Jitendra Haripal.wav,149,10
e25b693471d2f252779cfa41f774d61a,output,fake,sovits,anime_energetic_idol_014_Rangabati _ Original Songs & Singer Jitendra Haripal.wav,150,10
40d4d83d1be8e4eccfd05c74a21d356a,output,fake,sovits,anime_energetic_idol_014_Rangabati _ Original Songs & Singer Jitendra Haripal.wav,151,10
1531d6c8a12ade082290d82909cba8de,output,fake,sovits,anime_energetic_idol_014_Rangabati _ Original Songs & Singer Jitendra Haripal.wav,152,10
7d91b6ae6dfba7373523166416c93c39,output,fake,sovits,anime_energetic_idol_014_Rangabati _ Original Songs & Singer Jitendra Haripal.wav,153,10
59b19937891152367ac5b3ff9d6c3354,output,fake,sovits,anime_energetic_idol_014_Rangabati _ Original Songs & Singer Jitendra Haripal.wav,154,10
4a37e2ef064933bc4a1793ccc5ef3d0e,output,fake,sovits,anime_energetic_idol_014_Rangabati _ Original Songs & Singer Jitendra Haripal.wav,155,10
b5df9abd6e6cbff1e4d5b7961428e26c,output,fake,sovits,anime_energetic_idol_014_Rangabati _ Original Songs & Singer Jitendra Haripal.wav,156,10
52f425200467ec0d7dcbb991cd8690b2,output,fake,sovits,anime_energetic_idol_014_Rangabati _ Original Songs & Singer Jitendra Haripal.wav,157,10
01f0275666ea155a51c2a81acfb80685,output,fake,sovits,anime_energetic_idol_014_Rangabati _ Original Songs & Singer Jitendra Haripal.wav,158,10
d45e8c596405ca8cc086bf9e74792deb,output,fake,sovits,anime_energetic_idol_014_Rangabati _ Original Songs & Singer Jitendra Haripal.wav,159,10
9bdf3117eaffa883dd3a6705789fd222,output,fake,sovits,anime_energetic_idol_014_Rangabati _ Original Songs & Singer Jitendra Haripal.wav,160,10
9e11a61b53e5e438ff6fe431a4f582ff,output,fake,sovits,anime_energetic_idol_014_Rangabati _ Original Songs & Singer Jitendra Haripal.wav,161,10
cd4283c1e673eeb5109d70cc85158123,output,fake,sovits,anime_energetic_idol_014_Rangabati _ Original Songs & Singer Jitendra Haripal.wav,162,10
b5825dcb900262eb6d2802b3cc27681b,output,fake,sovits,anime_energetic_idol_014_Rangabati _ Original Songs & Singer Jitendra Haripal.wav,163,10
f8898228dd7aa4c7c49acfb2c2e9d9c9,output,fake,sovits,anime_energetic_idol_014_Rangabati _ Original Songs & Singer Jitendra Haripal.wav,164,10
04dc7ebe490494027b9bb699ab17098a,output,fake,sovits,anime_energetic_idol_014_Rangabati _ Original Songs & Singer Jitendra Haripal.wav,165,10
c8374332fbd861cb4107b11b1ba7cca6,output,fake,sovits,anime_energetic_idol_014_Rangabati _ Original Songs & Singer Jitendra Haripal.wav,166,10
8491b75716c78b4805eccd8b6f916414,output,fake,sovits,anime_energetic_idol_014_Rangabati _ Original Songs & Singer Jitendra Haripal.wav,167,10
77a67213a551d64f1e61100147e725b5,output,fake,sovits,anime_energetic_idol_014_Rangabati _ Original Songs & Singer Jitendra Haripal.wav,168,10
f5138ed2a9951079fd2e3e3873629249,output,fake,sovits,anime_energetic_idol_014_Rangabati _ Original Songs & Singer Jitendra Haripal.wav,169,10
5bdfa2fdf26486fddcb145016fbfbaa5,output,fake,sovits,anime_energetic_idol_014_Rangabati _ Original Songs & Singer Jitendra Haripal.wav,170,10
564fefa5935d341663a7b78c8b3b2cc5,output,fake,sovits,anime_energetic_idol_014_Rangabati _ Original Songs & Singer Jitendra Haripal.wav,171,10
f0f7e62b0d6005eb88c0d08fea4876c1,output,fake,sovits,anime_energetic_idol_014_Rangabati _ Original Songs & Singer Jitendra Haripal.wav,172,10
db8941483fcdd3baa852e50a0b03d737,output,fake,sovits,anime_energetic_idol_014_Rangabati _ Original Songs & Singer Jitendra Haripal.wav,173,10
883eaca120904bfc1ac062ee5d04a74d,output,fake,sovits,anime_energetic_idol_014_Rangabati _ Original Songs & Singer Jitendra Haripal.wav,174,10
f6b745a97421fd00d695e73e72fda319,output,fake,sovits,anime_energetic_idol_014_Rangabati _ Original Songs & Singer Jitendra Haripal.wav,175,10
674e70e8a7c2b6fc6282b7982b3d643b,output,fake,sovits,anime_energetic_idol_014_Rangabati _ Original Songs & Singer Jitendra Haripal.wav,176,10
a327868be132b4cade1f78e070033a0e,output,fake,sovits,anime_energetic_idol_014_Rangabati _ Original Songs & Singer Jitendra Haripal.wav,177,10
3348aa94207d313bacd074341a657510,output,fake,sovits,anime_energetic_idol_014_Rangabati _ Original Songs & Singer Jitendra Haripal.wav,178,10
526d9646e72e543f0855aeab8972db1a,output,fake,sovits,anime_energetic_idol_014_Rangabati _ Original Songs & Singer Jitendra Haripal.wav,179,10
588e3327a7f56c91b1ef90c3ffcf2594,output,fake,sovits,anime_energetic_idol_014_Rangabati _ Original Songs & Singer Jitendra Haripal.wav,180,10
f11b47ba7676011b30cd51066125e717,output,fake,sovits,anime_energetic_idol_014_Rangabati _ Original Songs & Singer Jitendra Haripal.wav,181,10
3f579c5a1d493bcb810f367c8de0cc3e,output,fake,sovits,anime_energetic_idol_014_Rangabati _ Original Songs & Singer Jitendra Haripal.wav,182,10
0d02bf10b80cd799762518b813e6c9ec,output,fake,sovits,anime_energetic_idol_014_Rangabati _ Original Songs & Singer Jitendra Haripal.wav,183,10
fe030f93692e385ac7e751f3945214d3,output,fake,sovits,anime_energetic_idol_014_Rangabati _ Original Songs & Singer Jitendra Haripal.wav,184,10
3782050790c3638b4b0305a33daa58f9,output,fake,sovits,anime_energetic_idol_014_Rangabati _ Original Songs & Singer Jitendra Haripal.wav,185,10
18d0fe9ec15f66788d50c7574754a781,output,fake,sovits,anime_energetic_idol_014_Rangabati _ Original Songs & Singer Jitendra Haripal.wav,186,10
edf835d50e902d7c2fc7060c367a52f2,output,fake,sovits,anime_energetic_idol_014_Rangabati _ Original Songs & Singer Jitendra Haripal.wav,187,10
5a21e7608795b6db0d94c53c3d76a2f7,output,fake,sovits,anime_energetic_idol_014_Rangabati _ Original Songs & Singer Jitendra Haripal.wav,188,10
9563d3ba7e1f08df90e4e3c137a6d698,output,fake,sovits,anime_energetic_idol_014_Rangabati _ Original Songs & Singer Jitendra Haripal.wav,189,10
6382149b33379b0e22c544e3d8dde959,output,fake,sovits,anime_energetic_idol_014_Rangabati _ Original Songs & Singer Jitendra Haripal.wav,190,10
7375a6587a74b5f67ced68f8a63cb397,output,fake,sovits,anime_energetic_idol_014_Rangabati _ Original Songs & Singer Jitendra Haripal.wav,191,10
b2d43a0a2416858b7aa1c4a09f9e3ea4,output,fake,sovits,anime_energetic_idol_014_Rangabati _ Original Songs & Singer Jitendra Haripal.wav,192,10
f03b9c96f0fe70802684a644f41b771b,output,fake,sovits,anime_energetic_idol_014_Rangabati _ Original Songs & Singer Jitendra Haripal.wav,193,10
99f247407f9d688507831fd591a8c5a8,output,fake,sovits,anime_energetic_idol_014_Rangabati _ Original Songs & Singer Jitendra Haripal.wav,194,10
e1fc26569d0c7c2c3968fe2dba049064,output,fake,sovits,anime_energetic_idol_014_Rangabati _ Original Songs & Singer Jitendra Haripal.wav,195,10
1794e03a15dd3714fc11acd63f5dcf5f,output,fake,sovits,anime_energetic_idol_014_Rangabati _ Original Songs & Singer Jitendra Haripal.wav,196,10
ef4aec3d7d856876b0bb358ebd82d72c,output,fake,sovits,anime_energetic_idol_014_Rangabati _ Original Songs & Singer Jitendra Haripal.wav,197,10
abbad662da96354ad1a887e1b80aa020,output,fake,sovits,anime_energetic_idol_014_Rangabati _ Original Songs & Singer Jitendra Haripal.wav,198,10
8529ce2728ef30a4fe695bb954bb4e5e,output,fake,sovits,anime_energetic_idol_014_Rangabati _ Original Songs & Singer Jitendra Haripal.wav,199,10
0bf90fae5fcd66a632fd855ab9894525,output,fake,sovits,anime_energetic_idol_014_Rangabati _ Original Songs & Singer Jitendra Haripal.wav,200,10
4438ce88d5faea9cd9c30d8af183d1f2,output,fake,sovits,anime_energetic_idol_014_Rangabati _ Original Songs & Singer Jitendra Haripal.wav,201,10
058ae5a16f6aa8896d41d8eb8f94fd21,output,fake,sovits,anime_energetic_idol_014_Rangabati _ Original Songs & Singer Jitendra Haripal.wav,202,10
ccd60289eb5dfe25e7758abca0fb6c6f,output,fake,sovits,anime_energetic_idol_014_Rangabati _ Original Songs & Singer Jitendra Haripal.wav,203,10
a54aa8b57201b5c8c5bc7b752b7b947e,output,fake,sovits,anime_energetic_idol_014_Rangabati _ Original Songs & Singer Jitendra Haripal.wav,204,10
053ddadc955335e15ba0987e0ebf8e74,output,fake,sovits,anime_energetic_idol_014_Rangabati _ Original Songs & Singer Jitendra Haripal.wav,205,10
7026ad7d19c7b382209d62291ff47b69,output,fake,sovits,anime_energetic_idol_014_Rangabati _ Original Songs & Singer Jitendra Haripal.wav,206,10
7655e06e6aede73c554559c707f56ae6,output,fake,sovits,anime_energetic_idol_014_Rangabati _ Original Songs & Singer Jitendra Haripal.wav,207,10
80040603209cb20afef1a3cd2a9698b9,output,fake,sovits,anime_energetic_idol_014_Rangabati _ Original Songs & Singer Jitendra Haripal.wav,208,10
935229e46929468d17b2e0f68fcdf026,output,fake,sovits,anime_energetic_idol_014_Rangabati _ Original Songs & Singer Jitendra Haripal.wav,209,10
169b128b3b86ec56f90fb0d7aedc8cf3,output,fake,sovits,anime_energetic_idol_014_Rangabati _ Original Songs & Singer Jitendra Haripal.wav,210,10
2139084804bc5477215adf9cf574e421,output,fake,sovits,anime_energetic_idol_014_Rangabati _ Original Songs & Singer Jitendra Haripal.wav,211,10
f760625865ea9f2984d89af6d75151bc,output,fake,sovits,anime_energetic_idol_014_Rangabati _ Original Songs & Singer Jitendra Haripal.wav,212,10
2056474cb472696b28a5e32bbcd9e81e,output,fake,sovits,anime_energetic_idol_014_Rangabati _ Original Songs & Singer Jitendra Haripal.wav,213,10
50a211a521a3b32f4838a90b0de236f5,output,fake,sovits,anime_energetic_idol_014_Rangabati _ Original Songs & Singer Jitendra Haripal.wav,214,10
c2103e110c6deb956cec64bb57660ad4,output,fake,sovits,anime_energetic_idol_014_Rangabati _ Original Songs & Singer Jitendra Haripal.wav,215,10
edbcba03ffa2047fee9ac3c6ba5235e8,output,fake,sovits,anime_energetic_idol_014_Rangabati _ Original Songs & Singer Jitendra Haripal.wav,216,10
f33159a05d8844f607e59b7782ce3fdb,output,fake,sovits,anime_energetic_idol_014_Rangabati _ Original Songs & Singer Jitendra Haripal.wav,217,10
abf3cda2eef9c0ac35fd1f8fe3d00171,output,fake,sovits,anime_energetic_idol_014_Rangabati _ Original Songs & Singer Jitendra Haripal.wav,218,10
43036436f54d2d7cde0c0645f9c09fad,output,fake,sovits,anime_energetic_idol_014_Rangabati _ Original Songs & Singer Jitendra Haripal.wav,219,10
9010142807183a3389695853fef9a752,output,fake,sovits,anime_energetic_idol_014_Rangabati _ Original Songs & Singer Jitendra Haripal.wav,220,10
bd93653420f73f1b48b03d13a0a43f46,output,fake,sovits,anime_energetic_idol_014_Rangabati _ Original Songs & Singer Jitendra Haripal.wav,221,10
96e7033f8d235fe269ef8a2bbb328638,output,fake,sovits,anime_energetic_idol_014_Rangabati _ Original Songs & Singer Jitendra Haripal.wav,222,10
ccbd9ec93ce4e50f908bfebb430daa87,output,fake,sovits,anime_energetic_idol_014_Rangabati _ Original Songs & Singer Jitendra Haripal.wav,223,10
dadf921e4e743f7b41b3f5ffdd5c3144,output,fake,sovits,anime_energetic_idol_014_Rangabati _ Original Songs & Singer Jitendra Haripal.wav,224,10
8bcb8cbc59476d03625baa6f0a2825a7,output,fake,sovits,anime_energetic_idol_014_Rangabati _ Original Songs & Singer Jitendra Haripal.wav,225,10
3befa804fde2ef3b3350a00177859d3f,output,fake,sovits,anime_energetic_idol_014_Rangabati _ Original Songs & Singer Jitendra Haripal.wav,226,10
10b66c3d235e9814ad4f07796f920776,output,fake,sovits,anime_energetic_idol_014_Rangabati _ Original Songs & Singer Jitendra Haripal.wav,227,10
e5db9ed0d3d66bda1cb8bc1c97b3701c,output,fake,sovits,anime_energetic_idol_014_Rangabati _ Original Songs & Singer Jitendra Haripal.wav,228,10
24d2745ead587217ec1c1be8ccaa4a59,output,fake,sovits,anime_energetic_idol_014_Rangabati _ Original Songs & Singer Jitendra Haripal.wav,229,10
8a19470b6eb512bc998a9509b2d218b6,output,fake,sovits,anime_energetic_idol_014_Rangabati _ Original Songs & Singer Jitendra Haripal.wav,230,10
1a4caa2d904c714af3947837ff911289,output,fake,sovits,anime_energetic_idol_014_Rangabati _ Original Songs & Singer Jitendra Haripal.wav,231,10
fed741b90bafa22bdd8afad967f9e9f4,output,fake,sovits,anime_energetic_idol_014_Rangabati _ Original Songs & Singer Jitendra Haripal.wav,232,10
2861cb1c8d41b50a30c987d26986567d,output,fake,sovits,anime_energetic_idol_014_Rangabati _ Original Songs & Singer Jitendra Haripal.wav,233,10
43a8224f03fceb9a2b084afd690890a2,output,fake,sovits,anime_energetic_idol_014_Rangabati _ Original Songs & Singer Jitendra Haripal.wav,234,10
1eed9b978cbd96f503b9497082cefdc3,output,fake,sovits,anime_energetic_idol_014_Rangabati _ Original Songs & Singer Jitendra Haripal.wav,235,10
bbfcef5daacf83f658a775e00e9121af,output,fake,sovits,anime_energetic_idol_014_Rangabati _ Original Songs & Singer Jitendra Haripal.wav,236,10
415d9e50ad2d5d34f8adaa44de6742db,output,fake,sovits,anime_energetic_idol_014_Rangabati _ Original Songs & Singer Jitendra Haripal.wav,237,10
66002124ae1c1949a25f82cbb97e1ddc,output,fake,sovits,anime_energetic_idol_014_Rangabati _ Original Songs & Singer Jitendra Haripal.wav,238,10
812a3b47cc4553edc8f8abb96ae9e7bc,output,fake,sovits,anime_energetic_idol_014_Rangabati _ Original Songs & Singer Jitendra Haripal.wav,239,10
d40aae3f6d2dc9e15fc3401e54818bdd,output,fake,sovits,anime_energetic_idol_014_Rangabati _ Original Songs & Singer Jitendra Haripal.wav,240,10
90070d9d4fc412290893542ba2d589fd,output,fake,sovits,anime_energetic_idol_014_Rangabati _ Original Songs & Singer Jitendra Haripal.wav,241,10
c0e84c574323e812aee2705c7f18db25,output,fake,sovits,anime_energetic_idol_014_Rangabati _ Original Songs & Singer Jitendra Haripal.wav,242,10
14e40512c81aa1fb4824a9ace31b5e90,output,fake,sovits,anime_energetic_idol_014_Rangabati _ Original Songs & Singer Jitendra Haripal.wav,243,10
8fb6edf05826a48388c3c4a1e78da9c0,output,fake,sovits,anime_energetic_idol_014_Rangabati _ Original Songs & Singer Jitendra Haripal.wav,244,10
62ee915247a4a0516fab97c1fe243d89,output,fake,sovits,anime_energetic_idol_014_Rangabati _ Original Songs & Singer Jitendra Haripal.wav,245,10
c6abd0d4d1353ddcdb564573ae2cce39,output,fake,sovits,anime_energetic_idol_014_Rangabati _ Original Songs & Singer Jitendra Haripal.wav,246,10
a64deeff294606322cbe33c47c826dc3,output,fake,sovits,anime_energetic_idol_014_Rangabati _ Original Songs & Singer Jitendra Haripal.wav,247,10
9075c3f8538b6d4888ea7c4633a7fd01,output,fake,sovits,anime_energetic_idol_014_Rangabati _ Original Songs & Singer Jitendra Haripal.wav,248,10
a6b83368d9c966b4eaaeeef1f8a6ae6e,output,fake,sovits,anime_energetic_idol_014_Rangabati _ Original Songs & Singer Jitendra Haripal.wav,249,10
41f973f1f54f8274e997e915d03ee20c,output,fake,sovits,anime_energetic_idol_014_Rangabati _ Original Songs & Singer Jitendra Haripal.wav,250,10
6c88e7c3834f4a27812a3852ae9877ef,output,fake,sovits,anime_energetic_idol_014_Rangabati _ Original Songs & Singer Jitendra Haripal.wav,251,10
0b689cb429f7ee564ec1652dc2d96c21,output,fake,sovits,anime_energetic_idol_014_Rangabati _ Original Songs & Singer Jitendra Haripal.wav,252,10
9c54209082c4f3ac8406a2f805ef53c8,output,fake,sovits,anime_energetic_idol_014_Rangabati _ Original Songs & Singer Jitendra Haripal.wav,253,10
a9a7a28b35a5d4b31012fa483dc22f29,output,fake,sovits,anime_energetic_idol_014_Rangabati _ Original Songs & Singer Jitendra Haripal.wav,254,10
e3f26d1cf0b81f283695c141b49c9803,output,fake,sovits,anime_energetic_idol_014_Rangabati _ Original Songs & Singer Jitendra Haripal.wav,255,10
2deaeea7837202488d35169b24ff19b3,output,fake,sovits,anime_energetic_idol_014_Rangabati _ Original Songs & Singer Jitendra Haripal.wav,256,10
b161bdd7fc156aeaffa5f3bf627f28de,output,fake,sovits,anime_energetic_idol_014_Rangabati _ Original Songs & Singer Jitendra Haripal.wav,257,10
7b8129bc03b718313d5ae594f12a0ecc,output,fake,sovits,anime_energetic_idol_014_Rangabati _ Original Songs & Singer Jitendra Haripal.wav,258,10
9d2f794c56b0f55972b30ed6a8190093,output,fake,sovits,anime_energetic_idol_014_Rangabati _ Original Songs & Singer Jitendra Haripal.wav,259,10
c42d060fcfc8abf56b7407c8aa93b8bc,output,fake,sovits,anime_energetic_idol_014_Rangabati _ Original Songs & Singer Jitendra Haripal.wav,260,10
d97c479a8bca142c951cdca81e520923,output,fake,sovits,anime_energetic_idol_014_Rangabati _ Original Songs & Singer Jitendra Haripal.wav,261,10
19f8b28142c41b0cdf9c7e715241474a,output,fake,sovits,anime_energetic_idol_014_Rangabati _ Original Songs & Singer Jitendra Haripal.wav,262,10
04c68a1c29c925e3f6e9ee048e5eb8f8,output,fake,sovits,anime_energetic_idol_014_Rangabati _ Original Songs & Singer Jitendra Haripal.wav,263,10
ff41a34fa71830cd61725a2759a50007,output,fake,sovits,anime_energetic_idol_014_Rangabati _ Original Songs & Singer Jitendra Haripal.wav,264,10
0384b8e9ca0ca8e20c4b38d806f387f1,output,fake,sovits,anime_energetic_idol_014_Rangabati _ Original Songs & Singer Jitendra Haripal.wav,265,10
395d49e9dacb5131b8cd5b0b140eb11c,output,fake,sovits,anime_energetic_idol_014_Rangabati _ Original Songs & Singer Jitendra Haripal.wav,266,10
cbe2dc81557205d1e238372d55caa73a,output,fake,sovits,anime_energetic_idol_014_Rangabati _ Original Songs & Singer Jitendra Haripal.wav,267,10
385fc770f580a90660da494284f39215,output,fake,sovits,anime_energetic_idol_014_Rangabati _ Original Songs & Singer Jitendra Haripal.wav,268,10
e350112ae8d59f147f2deddcac79890e,output,fake,sovits,anime_energetic_idol_014_Rangabati _ Original Songs & Singer Jitendra Haripal.wav,269,10
c665ff68a517cf63f57bbb094f597be8,output,fake,sovits,anime_energetic_idol_014_Rangabati _ Original Songs & Singer Jitendra Haripal.wav,270,10
c687acb2a431553d2c981133cd3925df,output,fake,sovits,anime_energetic_idol_014_Rangabati _ Original Songs & Singer Jitendra Haripal.wav,271,10
5b8f7be8f05c0847b47efc27f1dc779b,output,fake,sovits,anime_energetic_idol_014_Rangabati _ Original Songs & Singer Jitendra Haripal.wav,272,10
e50664eaecc4d644538ac5a6f403f972,output,fake,sovits,anime_energetic_idol_014_Rangabati _ Original Songs & Singer Jitendra Haripal.wav,273,10
b56df9347a4e2869b5469049c41eab45,output,fake,sovits,anime_energetic_idol_014_Rangabati _ Original Songs & Singer Jitendra Haripal.wav,274,10
70014d4f13ff82007dcbd5f4baf1781d,output,fake,sovits,anime_energetic_idol_014_Rangabati _ Original Songs & Singer Jitendra Haripal.wav,275,10
4e48a9829a60072878140ab8f049658a,output,fake,sovits,anime_energetic_idol_014_Rangabati _ Original Songs & Singer Jitendra Haripal.wav,276,10
9a264452b5ccb3dca87a825919abd3c1,output,fake,sovits,anime_energetic_idol_014_Rangabati _ Original Songs & Singer Jitendra Haripal.wav,277,10
215e34ff0328c71684f1dad45a70faf2,output,fake,sovits,anime_energetic_idol_014_Rangabati _ Original Songs & Singer Jitendra Haripal.wav,278,10
916a728bca74500def528b6d36856c11,output,fake,sovits,anime_energetic_idol_014_Rangabati _ Original Songs & Singer Jitendra Haripal.wav,279,10
6e6b9672f09460ce27d69a872f597137,output,fake,sovits,anime_energetic_idol_014_Rangabati _ Original Songs & Singer Jitendra Haripal.wav,280,10
7cf6ed73480e123b958cb213a66e37c7,output,fake,sovits,anime_energetic_idol_014_Rangabati _ Original Songs & Singer Jitendra Haripal.wav,281,10
a8ca4f2544740b763f55a91906484631,output,fake,sovits,anime_energetic_idol_014_Rangabati _ Original Songs & Singer Jitendra Haripal.wav,282,10
6b4bc87dce69f6a6f49a9f8a08a11690,output,fake,sovits,anime_energetic_idol_014_Rangabati _ Original Songs & Singer Jitendra Haripal.wav,283,10
de3fcf4b1134fb09f025f19028d372cf,output,fake,sovits,anime_energetic_idol_014_Rangabati _ Original Songs & Singer Jitendra Haripal.wav,284,10
a10bee7dfa66918fd76d1c4f8d01a489,output,fake,sovits,anime_energetic_idol_014_Rangabati _ Original Songs & Singer Jitendra Haripal.wav,285,10
adfdc350a4662caa94b4a30bc92ae802,output,fake,sovits,anime_energetic_idol_014_Rangabati _ Original Songs & Singer Jitendra Haripal.wav,286,10
8047c8209efc008265f03ec5aa4bfa78,output,fake,sovits,anime_energetic_idol_014_Rangabati _ Original Songs & Singer Jitendra Haripal.wav,287,10
f847dcfc19606c81277dd23f033656b2,output,fake,sovits,anime_energetic_idol_014_Rangabati _ Original Songs & Singer Jitendra Haripal.wav,288,10
809795768e393b2fdb07cd8ce8e6f3ce,output,fake,sovits,anime_energetic_idol_014_Rangabati _ Original Songs & Singer Jitendra Haripal.wav,289,10
1a0783f43051ba0a5f549e5a870bacd2,output,fake,sovits,anime_energetic_idol_014_Rangabati _ Original Songs & Singer Jitendra Haripal.wav,290,10
7f0d35e6e4401347e6596ce66dcd6098,output,fake,sovits,anime_energetic_idol_014_Rangabati _ Original Songs & Singer Jitendra Haripal.wav,291,10
d49f14ca4128b9b54568792cd1cf1f61,output,fake,sovits,anime_energetic_idol_014_Rangabati _ Original Songs & Singer Jitendra Haripal.wav,292,10
8dbd4372cb69c4a31c022beb94fd82a8,output,fake,sovits,anime_energetic_idol_014_Rangabati _ Original Songs & Singer Jitendra Haripal.wav,293,10
6bcb377f246693bb74edfe7585ddad09,output,fake,sovits,anime_energetic_idol_014_Rangabati _ Original Songs & Singer Jitendra Haripal.wav,294,10
29c190f4b3146cd0bcf480549318c5f8,output,fake,sovits,anime_energetic_idol_014_Rangabati _ Original Songs & Singer Jitendra Haripal.wav,295,10
d14e29c55ed3deceb29cc12ef295996d,output,fake,sovits,anime_energetic_idol_014_Rangabati _ Original Songs & Singer Jitendra Haripal.wav,296,10
086af51e8c6bb8fd9281782833100071,output,fake,sovits,anime_energetic_idol_014_Rangabati _ Original Songs & Singer Jitendra Haripal.wav,297,10
42b9ee6420ff9df5730237d717afd6de,output,fake,sovits,anime_energetic_idol_014_Rangabati _ Original Songs & Singer Jitendra Haripal.wav,298,10
e753f3dded50032718a6170c457dc203,output,fake,sovits,anime_energetic_idol_014_Rangabati _ Original Songs & Singer Jitendra Haripal.wav,299,10
c1630ef879a095b09f5d3bbc270a6353,output,fake,sovits,anime_energetic_idol_014_Rangabati _ Original Songs & Singer Jitendra Haripal.wav,300,10
f528b1407a8dce70a03e2d9e10f315d2,output,fake,sovits,anime_energetic_idol_014_Rangabati _ Original Songs & Singer Jitendra Haripal.wav,301,10
28a8fdfe0b431f4de93f5d93cb37b6a7,output,fake,sovits,anime_energetic_idol_014_Rangabati _ Original Songs & Singer Jitendra Haripal.wav,302,10
190509dea24731ce8fb1f393d7d837a4,output,fake,sovits,anime_energetic_idol_014_Rangabati _ Original Songs & Singer Jitendra Haripal.wav,303,10
4138f72321552672755f30f9cacd7a81,output,fake,sovits,anime_energetic_idol_014_Rangabati _ Original Songs & Singer Jitendra Haripal.wav,304,10
c4b816be4818f3038e06fd2d8ef98eb3,output,fake,sovits,anime_energetic_idol_014_Rangabati _ Original Songs & Singer Jitendra Haripal.wav,305,10
8fff7fc76c08c62c660fcaeb30b8a655,output,fake,sovits,anime_energetic_idol_014_Rangabati _ Original Songs & Singer Jitendra Haripal.wav,306,10
0d9850089d8757bd0910fc347fb94bdc,output,fake,sovits,anime_energetic_idol_014_Rangabati _ Original Songs & Singer Jitendra Haripal.wav,307,10
20fe3e3e663f87459aa10a986101b071,output,fake,sovits,anime_energetic_idol_014_Rangabati _ Original Songs & Singer Jitendra Haripal.wav,308,10
5f87b2394cf100be4408466ee8588901,output,fake,sovits,anime_energetic_idol_014_Rangabati _ Original Songs & Singer Jitendra Haripal.wav,309,10
1314e7c3db59116054f168b60ef28b99,output,fake,sovits,anime_energetic_idol_014_Rangabati _ Original Songs & Singer Jitendra Haripal.wav,310,10
bbad71a6888c23333d1a946984038d17,output,fake,sovits,anime_energetic_idol_014_Rangabati _ Original Songs & Singer Jitendra Haripal.wav,311,10
214ea41bfb1082067c2209a184debe49,output,fake,sovits,anime_energetic_idol_014_Rangabati _ Original Songs & Singer Jitendra Haripal.wav,312,10
96b07731e20fb3f24e7ccfdbba7f91df,output,fake,sovits,anime_energetic_idol_014_Rangabati _ Original Songs & Singer Jitendra Haripal.wav,313,10
8265220ce21ca3a474c0d2289af3c83f,output,fake,sovits,anime_energetic_idol_014_Rangabati _ Original Songs & Singer Jitendra Haripal.wav,314,10
8b4d47c9f8763269491184125c0e1823,output,fake,sovits,anime_energetic_idol_014_Rangabati _ Original Songs & Singer Jitendra Haripal.wav,315,10
707ce0e5973645c0cae78ad0cdbae464,output,fake,sovits,anime_energetic_idol_014_Rangabati _ Original Songs & Singer Jitendra Haripal.wav,316,10
edb3a1b56042bac068b2cc5e0bacdc71,output,fake,sovits,anime_energetic_idol_014_Rangabati _ Original Songs & Singer Jitendra Haripal.wav,317,10
6061f3933d831eca867f8319da41e070,output,fake,sovits,anime_energetic_idol_014_Rangabati _ Original Songs & Singer Jitendra Haripal.wav,318,10
bcda12e26cbbcae0a16090a9e47f8546,output,fake,sovits,anime_energetic_idol_014_Rangabati _ Original Songs & Singer Jitendra Haripal.wav,319,10
5f505c47fd809904193ef7bfc35b027c,output,fake,sovits,anime_energetic_idol_014_Rangabati _ Original Songs & Singer Jitendra Haripal.wav,320,10
f4ed06de31d7a9b5c343979006e6b857,output,fake,sovits,anime_energetic_idol_014_Rangabati _ Original Songs & Singer Jitendra Haripal.wav,321,10
e959ef99895ea811739158203be18fcf,output,fake,sovits,anime_energetic_idol_014_Rangabati _ Original Songs & Singer Jitendra Haripal.wav,322,10
936ce39e825dc452406073399a140494,output,fake,sovits,anime_energetic_idol_014_Rangabati _ Original Songs & Singer Jitendra Haripal.wav,323,10
9128cdda702c23c557eec8e7fa0aa9b6,output,fake,sovits,anime_energetic_idol_014_Rangabati _ Original Songs & Singer Jitendra Haripal.wav,324,10
4cedba3c93cef7e72ab5262886a4620f,output,fake,sovits,anime_energetic_idol_014_Rangabati _ Original Songs & Singer Jitendra Haripal.wav,325,10
0d9e923d6a22eadbb0d002a9f0384feb,output,fake,sovits,anime_energetic_idol_014_Rangabati _ Original Songs & Singer Jitendra Haripal.wav,326,10
cc246421689d73249f7af97ca74f5a76,output,fake,sovits,anime_energetic_idol_014_Rangabati _ Original Songs & Singer Jitendra Haripal.wav,327,10
f90134626e7417a4f7b1072570ba32e6,output,fake,sovits,anime_energetic_idol_014_Rangabati _ Original Songs & Singer Jitendra Haripal.wav,328,10
de6042128188072fe73841f10c8e557c,output,fake,sovits,anime_energetic_idol_014_Rangabati _ Original Songs & Singer Jitendra Haripal.wav,329,10
a13f378c99227124a79a1ede699ed0ca,output,fake,sovits,anime_energetic_idol_014_Rangabati _ Original Songs & Singer Jitendra Haripal.wav,330,10
d5156b2df8e9740880c784c4409d9e80,output,fake,sovits,anime_energetic_idol_014_Rangabati _ Original Songs & Singer Jitendra Haripal.wav,331,10
5711ae943798ad5a3d4cbec23a9bffde,output,fake,sovits,anime_energetic_idol_014_Rangabati _ Original Songs & Singer Jitendra Haripal.wav,332,10
113a2b4fccf2b9f8697e54489b5fa40f,output,fake,sovits,anime_energetic_idol_014_Rangabati _ Original Songs & Singer Jitendra Haripal.wav,333,10
561883cba97bf6e05c8ffa155cc84cc0,output,fake,sovits,anime_energetic_idol_014_Rangabati _ Original Songs & Singer Jitendra Haripal.wav,334,10
ec573f8250b17144370e03f60bcf70b3,output,fake,sovits,anime_energetic_idol_014_Rangabati _ Original Songs & Singer Jitendra Haripal.wav,335,10
93dc996b04fb767dfdc53cd696312b97,output,fake,sovits,anime_energetic_idol_014_Rangabati _ Original Songs & Singer Jitendra Haripal.wav,336,10
e9f86ac8c4d317739f1632001a254d6f,output,fake,sovits,anime_energetic_idol_014_Rangabati _ Original Songs & Singer Jitendra Haripal.wav,337,10
14f5452831fd4d566448ab83d60937ff,output,fake,sovits,anime_energetic_idol_014_Rangabati _ Original Songs & Singer Jitendra Haripal.wav,338,10
0e1aada62dd4d7c1a5015ce6fa6a7a4f,output,fake,sovits,anime_energetic_idol_014_Rangabati _ Original Songs & Singer Jitendra Haripal.wav,339,10
66e34546a09d3906e5cba733f63cbcd7,output,fake,sovits,anime_energetic_idol_014_Rangabati _ Original Songs & Singer Jitendra Haripal.wav,340,10
8e40fbb1feb626c787e9cbe73e1ff472,output,fake,sovits,anime_energetic_idol_014_Rangabati _ Original Songs & Singer Jitendra Haripal.wav,341,10
cfd01d7789c95ebc305deb7bc535417a,output,fake,sovits,anime_energetic_idol_014_Rangabati _ Original Songs & Singer Jitendra Haripal.wav,342,10
4986289bb42b5c65c1f0e22261de49bb,output,fake,sovits,anime_energetic_idol_014_Rangabati _ Original Songs & Singer Jitendra Haripal.wav,343,10
974ac1e2806ff1d7a6aac8e024f51c08,output,fake,sovits,anime_energetic_idol_014_Rangabati _ Original Songs & Singer Jitendra Haripal.wav,344,10
28dbe67d27926f5f74ef0e7cf0fce810,output,fake,sovits,anime_energetic_idol_014_Rangabati _ Original Songs & Singer Jitendra Haripal.wav,345,10
2f49ba5dff47aff5f5e734ae1763aadc,output,fake,sovits,anime_energetic_idol_014_Rangabati _ Original Songs & Singer Jitendra Haripal.wav,346,10
209da81fa7ee03528524844595250cd5,output,fake,sovits,anime_energetic_idol_014_Rangabati _ Original Songs & Singer Jitendra Haripal.wav,347,10
5693db8e3e697cacf74cfe15f95f7a56,output,fake,sovits,anime_energetic_idol_014_Rangabati _ Original Songs & Singer Jitendra Haripal.wav,348,10
9ef35125ddadc62ac4f700278bab4547,output,fake,sovits,anime_energetic_idol_014_Rangabati _ Original Songs & Singer Jitendra Haripal.wav,349,10
589ff303d33e7a4d4bf4edc47db1e227,output,fake,sovits,anime_energetic_idol_014_Rangabati _ Original Songs & Singer Jitendra Haripal.wav,350,10
d6368ff13b7ca3cdced5e5b5b967e298,output,fake,sovits,anime_energetic_idol_014_Rangabati _ Original Songs & Singer Jitendra Haripal.wav,351,10
8a27ead5cddf446b410e38e0e3265b00,output,fake,sovits,anime_soft_anime_015_Rangabati _ Original song With Lyrics.wav,0,10
eb65d3288c86ca609f746a4adc9c15ef,output,fake,sovits,anime_soft_anime_015_Rangabati _ Original song With Lyrics.wav,1,10
c9ee4fde6b851bed5cce7c57893741c9,output,fake,sovits,anime_soft_anime_015_Rangabati _ Original song With Lyrics.wav,2,10
56de43e1245b3f38d4deb9f3784dab70,output,fake,sovits,anime_soft_anime_015_Rangabati _ Original song With Lyrics.wav,3,10
3d9f71818b6ca8448a4bf5bd56f364eb,output,fake,sovits,anime_soft_anime_015_Rangabati _ Original song With Lyrics.wav,4,10
8adcb089146ac0d6463d640d3b120c44,output,fake,sovits,anime_soft_anime_015_Rangabati _ Original song With Lyrics.wav,5,10
cb78a711b24dbb0f341a24b6a6ae64ec,output,fake,sovits,anime_soft_anime_015_Rangabati _ Original song With Lyrics.wav,6,10
dd7ec3a6ed4d3e774d198246b722893a,output,fake,sovits,anime_soft_anime_015_Rangabati _ Original song With Lyrics.wav,7,10
e92e52c07b4f0bf87a9616eedf7a8d18,output,fake,sovits,anime_soft_anime_015_Rangabati _ Original song With Lyrics.wav,8,10
86628dcb4b0aeecc22d77b28676fad8d,output,fake,sovits,anime_soft_anime_015_Rangabati _ Original song With Lyrics.wav,9,10
7919111b0520f65e2a62d11f6b95687d,output,fake,sovits,anime_soft_anime_015_Rangabati _ Original song With Lyrics.wav,10,10
c750e4e76c6e51d78c49987898731c76,output,fake,sovits,anime_soft_anime_015_Rangabati _ Original song With Lyrics.wav,11,10
77590f67d07dc3e63778fe4bd5b33bd4,output,fake,sovits,anime_soft_anime_015_Rangabati _ Original song With Lyrics.wav,12,10
87798b2df9bdad23ab714b00b73ba9d7,output,fake,sovits,anime_soft_anime_015_Rangabati _ Original song With Lyrics.wav,13,10
6459dc503fa3832a5c57135673641d1a,output,fake,sovits,anime_soft_anime_015_Rangabati _ Original song With Lyrics.wav,14,10
b7ef402de1589789cb31e0eea572ed77,output,fake,sovits,anime_soft_anime_015_Rangabati _ Original song With Lyrics.wav,15,10
c879fd02f496dd76871928b52d420b07,output,fake,sovits,anime_soft_anime_015_Rangabati _ Original song With Lyrics.wav,16,10
0c7402ea8813399f500958539d4f053e,output,fake,sovits,anime_soft_anime_015_Rangabati _ Original song With Lyrics.wav,17,10
5debf57109d9e2584e38e67d9da7f31b,output,fake,sovits,anime_soft_anime_015_Rangabati _ Original song With Lyrics.wav,18,10
e1b788aa0aef6ee1f1052549d90a5d3e,output,fake,sovits,anime_soft_anime_015_Rangabati _ Original song With Lyrics.wav,19,10
67f9d749cf90a356d13d20f4f3297cd7,output,fake,sovits,anime_soft_anime_015_Rangabati _ Original song With Lyrics.wav,20,10
53e8d1eff59cb6063982479e49be7da9,output,fake,sovits,anime_soft_anime_015_Rangabati _ Original song With Lyrics.wav,21,10
dae588199548018598bf644342348411,output,fake,sovits,anime_soft_anime_015_Rangabati _ Original song With Lyrics.wav,22,10
906eb7e66a5e003f436978ada5bd0fb6,output,fake,sovits,anime_soft_anime_015_Rangabati _ Original song With Lyrics.wav,23,10
46a3ab5a30542ea317bf3d76336eaeb9,output,fake,sovits,anime_soft_anime_015_Rangabati _ Original song With Lyrics.wav,24,10
2df45f18aeafc75d0d1675e16ebdef0a,output,fake,sovits,anime_soft_anime_015_Rangabati _ Original song With Lyrics.wav,25,10
f27d083215cee3005a3a293c0c20db23,output,fake,sovits,anime_soft_anime_015_Rangabati _ Original song With Lyrics.wav,26,10
bf5592bceb6ca2a51914afafcdb1a7e7,output,fake,sovits,anime_soft_anime_015_Rangabati _ Original song With Lyrics.wav,27,10
a32c12f1a3f560e761acdc59240d6153,output,fake,sovits,anime_soft_anime_015_Rangabati _ Original song With Lyrics.wav,28,10
45d52544b1beaf80e0a67edc32267f63,output,fake,sovits,anime_soft_anime_015_Rangabati _ Original song With Lyrics.wav,29,10
28eb9d5d485108b9cd00441e4a891b5b,output,fake,sovits,anime_soft_anime_015_Rangabati _ Original song With Lyrics.wav,30,10
b858b7f44cee31fdf0bef346dc5b3b4f,output,fake,sovits,anime_soft_anime_015_Rangabati _ Original song With Lyrics.wav,31,10
3e05f86ca1a0aa8f8734847906c00fe5,output,fake,sovits,anime_soft_anime_015_Rangabati _ Original song With Lyrics.wav,32,10
