sample_id,language,label,method,original_filename,clip_index,duration_seconds
17127482d07ec377b0ce9119630f8ff2,output,fake,sovits,anime_kawaii_girl_001_001_Lachimi Na Chinni Lachimi.mp3.wav,0,10
19189961d02526fa046445365b2d0572,output,fake,sovits,anime_kawaii_girl_001_001_Lachimi Na Chinni Lachimi.mp3.wav,1,10
d5e05614bc3acf7f1d82083ab4c5e7a3,output,fake,sovits,anime_kawaii_girl_001_001_Lachimi Na Chinni Lachimi.mp3.wav,2,10
8e801e9cf564f0dee9d11c08653277a5,output,fake,sovits,anime_kawaii_girl_001_001_Lachimi Na Chinni Lachimi.mp3.wav,3,10
d5427ebd40a1f6b1a22f79a60bc26c09,output,fake,sovits,anime_kawaii_girl_001_001_Lachimi Na Chinni Lachimi.mp3.wav,4,10
bf42e837f42d9d8e91b7a452a3cf30be,output,fake,sovits,anime_kawaii_girl_001_001_Lachimi Na Chinni Lachimi.mp3.wav,5,10
f3bd1dd19efc62aa3d6d1eb6ee550b3d,output,fake,sovits,anime_kawaii_girl_001_001_Lachimi Na Chinni Lachimi.mp3.wav,6,10
b9744e9ce6aca5c17323a0c821aba400,output,fake,sovits,anime_kawaii_girl_001_001_Lachimi Na Chinni Lachimi.mp3.wav,7,10
bc5e35e7bc0fcaee8bb5de1935f3f4dc,output,fake,sovits,anime_kawaii_girl_001_001_Lachimi Na Chinni Lachimi.mp3.wav,8,10
5bdce404387a4bc5a9d1d5506e568a7e,output,fake,sovits,anime_kawaii_girl_001_001_Lachimi Na Chinni Lachimi.mp3.wav,9,10
4106ed2308b06267e00d28c70f92720b,output,fake,sovits,anime_kawaii_girl_001_001_Lachimi Na Chinni Lachimi.mp3.wav,10,10
be443aacc2a520ef7560279e597eb447,output,fake,sovits,anime_kawaii_girl_001_001_Lachimi Na Chinni Lachimi.mp3.wav,11,10
83b995d753385e90dbb7e7c1939ad45b,output,fake,sovits,anime_kawaii_girl_001_001_Lachimi Na Chinni Lachimi.mp3.wav,12,10
650e1426ee357c69a1ddb7b4a5d818e2,output,fake,sovits,anime_kawaii_girl_001_001_Lachimi Na Chinni Lachimi.mp3.wav,13,10
850e6043fb1de7573e9d3ff7a017c18b,output,fake,sovits,anime_kawaii_girl_001_001_Lachimi Na Chinni Lachimi.mp3.wav,14,10
c3914a784567980fa89b63097ab63507,output,fake,sovits,anime_kawaii_girl_001_001_Lachimi Na Chinni Lachimi.mp3.wav,15,10
dff1ee84127346fc248f71c7827291b1,output,fake,sovits,anime_kawaii_girl_001_001_Lachimi Na Chinni Lachimi.mp3.wav,16,10
b17c597c675e8ab05a803eaa1a7d3c66,output,fake,sovits,anime_kawaii_girl_001_001_Lachimi Na Chinni Lachimi.mp3.wav,17,10
7a7a4b9554e1da62aa520a784128d753,output,fake,sovits,anime_kawaii_girl_001_001_Lachimi Na Chinni Lachimi.mp3.wav,18,10
355ac7ec064ab4dece3145e9ba53b285,output,fake,sovits,anime_kawaii_girl_001_001_Lachimi Na Chinni Lachimi.mp3.wav,19,10
fe4ac8759c10971c3b35087b2fd7c7af,output,fake,sovits,anime_kawaii_girl_001_001_Lachimi Na Chinni Lachimi.mp3.wav,20,10
725149f44b55f3603f283fb1fbccbc36,output,fake,sovits,anime_kawaii_girl_001_001_Lachimi Na Chinni Lachimi.mp3.wav,21,10
c9fb6d2344f1ff6e465541871ee89160,output,fake,sovits,anime_kawaii_girl_001_001_Lachimi Na Chinni Lachimi.mp3.wav,22,10
f5fce85d0ca3b88fb4c131afe5250f17,output,fake,sovits,anime_kawaii_girl_001_001_Lachimi Na Chinni Lachimi.mp3.wav,23,10
c6a9f1fb7edbb5d3a2d6f3c817144653,output,fake,sovits,anime_kawaii_girl_001_001_Lachimi Na Chinni Lachimi.mp3.wav,24,10
df96cc0e5ce04e64f0b25256aad37abd,output,fake,sovits,anime_kawaii_girl_001_001_Lachimi Na Chinni Lachimi.mp3.wav,25,10
9072ceff6a97e846f7514eb9d2b2afc9,output,fake,sovits,anime_kawaii_girl_001_001_Lachimi Na Chinni Lachimi.mp3.wav,26,10
f46db84ad10cc693c6ffb6d494605b3d,output,fake,sovits,anime_energetic_idol_002_002_Nee Valla O Pilla.mp3.wav,0,10
dbdc2201f66161ca3d128bdebac5ceb9,output,fake,sovits,anime_energetic_idol_002_002_Nee Valla O Pilla.mp3.wav,1,10
1419102c5be72f7a3376a62407a7df37,output,fake,sovits,anime_energetic_idol_002_002_Nee Valla O Pilla.mp3.wav,2,10
b83a82741df885f12c9b9db57f8a02fb,output,fake,sovits,anime_energetic_idol_002_002_Nee Valla O Pilla.mp3.wav,3,10
09e3f8c6c76deab696319cea46680615,output,fake,sovits,anime_soft_anime_003_004_Bavalla Na Bavalla.mp3.wav,0,10
3bcccb75c6eef8c863a2bbe0d61d5987,output,fake,sovits,anime_soft_anime_003_004_Bavalla Na Bavalla.mp3.wav,1,10
48a248625de2bd392d14b7147e74ab58,output,fake,sovits,anime_soft_anime_003_004_Bavalla Na Bavalla.mp3.wav,2,10
cd426f641c682f4d95c295541f517e32,output,fake,sovits,anime_soft_anime_003_004_Bavalla Na Bavalla.mp3.wav,3,10
b13efd3a052a09c6c77ec9cc5e5ddb77,output,fake,sovits,anime_soft_anime_003_004_Bavalla Na Bavalla.mp3.wav,4,10
aeb8675a67df2bd9747f7850c1c2359d,output,fake,sovits,anime_soft_anime_003_004_Bavalla Na Bavalla.mp3.wav,5,10
2bc47789dbd2d12be7d1718173f59b67,output,fake,sovits,anime_soft_anime_003_004_Bavalla Na Bavalla.mp3.wav,6,10
0057756bed48215ef52abf2e7c2e5bd1,output,fake,sovits,anime_soft_anime_003_004_Bavalla Na Bavalla.mp3.wav,7,10
22774c7dddb8184dbf3fc358096fdcbb,output,fake,sovits,anime_soft_anime_003_004_Bavalla Na Bavalla.mp3.wav,8,10
ddc7146f240ea38b1cbae87c9fe4661f,output,fake,sovits,anime_soft_anime_003_004_Bavalla Na Bavalla.mp3.wav,9,10
0dd67f54805160eeccf95b2cf212caed,output,fake,sovits,anime_soft_anime_003_004_Bavalla Na Bavalla.mp3.wav,10,10
18fd8ee00f7424e4ff2231e11856ac3f,output,fake,sovits,anime_soft_anime_003_004_Bavalla Na Bavalla.mp3.wav,11,10
1e522c875d911eec522e8333939d922a,output,fake,sovits,anime_soft_anime_003_004_Bavalla Na Bavalla.mp3.wav,12,10
db0226136e56a500fcffacc3796db50b,output,fake,sovits,anime_soft_anime_003_004_Bavalla Na Bavalla.mp3.wav,13,10
6dd691fddb991798b16e01702226efe9,output,fake,sovits,anime_soft_anime_003_004_Bavalla Na Bavalla.mp3.wav,14,10
58b7e49bb03ffe642f30912eef0974a4,output,fake,sovits,anime_soft_anime_003_004_Bavalla Na Bavalla.mp3.wav,15,10
872e931acd99d58cba11233d2a5f31d4,output,fake,sovits,anime_soft_anime_003_004_Bavalla Na Bavalla.mp3.wav,16,10
df1cbb2d27dbc69861bc11804c257ce2,output,fake,sovits,anime_soft_anime_003_004_Bavalla Na Bavalla.mp3.wav,17,10
6403574fa9263a5df4a00b80f11e70c7,output,fake,sovits,anime_soft_anime_003_004_Bavalla Na Bavalla.mp3.wav,18,10
7a21a08b37fa7efa6d5ced7f060a5084,output,fake,sovits,anime_soft_anime_003_004_Bavalla Na Bavalla.mp3.wav,19,10
b862d795cb0eaa62ef8ffe416deb3bc2,output,fake,sovits,anime_soft_anime_003_004_Bavalla Na Bavalla.mp3.wav,20,10
094c6dcd2ca3972239cdaf9e664a6500,output,fake,sovits,anime_soft_anime_003_004_Bavalla Na Bavalla.mp3.wav,21,10
c97d9dedf01778afa01b056e355956b4,output,fake,sovits,anime_kawaii_girl_004_009_Allahe Allaha.mp3.wav,0,10
ce98c8e3f0696b1defd38c8d343cd361,output,fake,sovits,anime_kawaii_girl_004_009_Allahe Allaha.mp3.wav,1,10
3d7362951e72e7d1d40a7219e99ae98d,output,fake,sovits,anime_kawaii_girl_004_009_Allahe Allaha.mp3.wav,2,10
abe0aea9d05ef55e77430b6e764ef123,output,fake,sovits,anime_kawaii_girl_004_009_Allahe Allaha.mp3.wav,3,10
7ebe342f165fa0bdea193d11d754e009,output,fake,sovits,anime_kawaii_girl_004_009_Allahe Allaha.mp3.wav,4,10
97ab2d355dee991b1005eebed4eb8594,output,fake,sovits,anime_kawaii_girl_004_009_Allahe Allaha.mp3.wav,5,10
2a717a6de122021527f4cae18789a92f,output,fake,sovits,anime_kawaii_girl_004_009_Allahe Allaha.mp3.wav,6,10
2562935d3b70313197c9535e74746220,output,fake,sovits,anime_kawaii_girl_004_009_Allahe Allaha.mp3.wav,7,10
a4420bdbeae06844384a6f3d97a70e62,output,fake,sovits,anime_kawaii_girl_004_009_Allahe Allaha.mp3.wav,8,10
b4408abd3bce1336879d9cef26b13a71,output,fake,sovits,anime_kawaii_girl_004_009_Allahe Allaha.mp3.wav,9,10
b9aab06212753637ee5a3a1f159ae66c,output,fake,sovits,anime_kawaii_girl_004_009_Allahe Allaha.mp3.wav,10,10
5fb1c7bf5c06384492e1e2a4d23c6c81,output,fake,sovits,anime_kawaii_girl_004_009_Allahe Allaha.mp3.wav,11,10
e5bac51cbd4394e65d69022d5463c42a,output,fake,sovits,anime_kawaii_girl_004_009_Allahe Allaha.mp3.wav,12,10
75d0335674cb36ced455221849ed0ea4,output,fake,sovits,anime_kawaii_girl_004_009_Allahe Allaha.mp3.wav,13,10
f420fdf44b56a9f02fc6d1b97a8dfca7,output,fake,sovits,anime_kawaii_girl_004_009_Allahe Allaha.mp3.wav,14,10
38fb8c389f094c00d0045d2a267e3b20,output,fake,sovits,anime_kawaii_girl_004_009_Allahe Allaha.mp3.wav,15,10
309bd43393329ef9964a433d27a9c234,output,fake,sovits,anime_kawaii_girl_004_009_Allahe Allaha.mp3.wav,16,10
c88d848c29f3361f64b911b84842b3b3,output,fake,sovits,anime_kawaii_girl_004_009_Allahe Allaha.mp3.wav,17,10
6327f974636811124fd0ecee987920ec,output,fake,sovits,anime_kawaii_girl_004_009_Allahe Allaha.mp3.wav,18,10
019ff91783f7a6d7a3662bae0e8f2253,output,fake,sovits,anime_kawaii_girl_004_009_Allahe Allaha.mp3.wav,19,10
8c0e53574d6ba341320680e8d6a3b606,output,fake,sovits,anime_kawaii_girl_004_009_Allahe Allaha.mp3.wav,20,10
f2806f146d31749f9f79fd303524d483,output,fake,sovits,anime_kawaii_girl_004_009_Allahe Allaha.mp3.wav,21,10
4e6a0ad7d83a2d9cc82b292e5db1c82f,output,fake,sovits,anime_kawaii_girl_004_009_Allahe Allaha.mp3.wav,22,10
a5481cb6c72a33929b37c02e679fe756,output,fake,sovits,anime_kawaii_girl_004_009_Allahe Allaha.mp3.wav,23,10
c3e281e104fce1d26b5621e10f068b1d,output,fake,sovits,anime_kawaii_girl_004_009_Allahe Allaha.mp3.wav,24,10
8b4f790e944f8f3374d3d79d9b114f7c,output,fake,sovits,anime_kawaii_girl_004_009_Allahe Allaha.mp3.wav,25,10
13c74f26e0f05ccd69859bcbce047ce4,output,fake,sovits,anime_energetic_idol_005_010_Nindu Punammi Vela.mp3.wav,0,10
3f4fd789f964fed46ed5dac8e2742355,output,fake,sovits,anime_energetic_idol_005_010_Nindu Punammi Vela.mp3.wav,1,10
5086872acf78cd1436a726acb3a67f4a,output,fake,sovits,anime_energetic_idol_005_010_Nindu Punammi Vela.mp3.wav,2,10
d9b497b8c0e4dd64e39758e1966515b5,output,fake,sovits,anime_energetic_idol_005_010_Nindu Punammi Vela.mp3.wav,3,10
baaad9330204362f2c8cbf644255351a,output,fake,sovits,anime_energetic_idol_005_010_Nindu Punammi Vela.mp3.wav,4,10
1c50ed9257c77af5da98e2b777745b43,output,fake,sovits,anime_energetic_idol_005_010_Nindu Punammi Vela.mp3.wav,5,10
b9c53305df8ae007f0c15efaef6542d9,output,fake,sovits,anime_energetic_idol_005_010_Nindu Punammi Vela.mp3.wav,6,10
3e480bcf578f69b715e258f686b96414,output,fake,sovits,anime_energetic_idol_005_010_Nindu Punammi Vela.mp3.wav,7,10
02b8dfb303a7fa663fb74b3d7a3de1f4,output,fake,sovits,anime_energetic_idol_005_010_Nindu Punammi Vela.mp3.wav,8,10
23d011b0d04d2fb4deaa99d88aac9761,output,fake,sovits,anime_soft_anime_006_011_Vintunna O Pilla.mp3.wav,0,10
470377c404c661f3fd22257a7af9e27a,output,fake,sovits,anime_soft_anime_006_011_Vintunna O Pilla.mp3.wav,1,10
e10f6eaf438db6c019482a235e17649d,output,fake,sovits,anime_soft_anime_006_011_Vintunna O Pilla.mp3.wav,2,10
0ad555886573e4115271319c74cca2f7,output,fake,sovits,anime_soft_anime_006_011_Vintunna O Pilla.mp3.wav,3,10
c7b53531bd5586753c5f3ea07d9d19ef,output,fake,sovits,anime_soft_anime_006_011_Vintunna O Pilla.mp3.wav,4,10
66b6f8f60878b81d5dd3fbbefd6972f2,output,fake,sovits,anime_soft_anime_006_011_Vintunna O Pilla.mp3.wav,5,10
59956f3b5e52f02c3c1465c692f6c40f,output,fake,sovits,anime_soft_anime_006_011_Vintunna O Pilla.mp3.wav,6,10
bdcf8a233c57c0a5c6de7d5b2221c848,output,fake,sovits,anime_soft_anime_006_011_Vintunna O Pilla.mp3.wav,7,10
b86cb7f999f8e728cdd1237665a4ea22,output,fake,sovits,anime_soft_anime_006_011_Vintunna O Pilla.mp3.wav,8,10
b096c2bbebb46ccbee94cf0e92d2a101,output,fake,sovits,anime_soft_anime_006_011_Vintunna O Pilla.mp3.wav,9,10
b2de90d116de90b10bbf7b975b40dd1f,output,fake,sovits,anime_soft_anime_006_011_Vintunna O Pilla.mp3.wav,10,10
4a54741966075e9c94a27e3439b72ee9,output,fake,sovits,anime_soft_anime_006_011_Vintunna O Pilla.mp3.wav,11,10
69aa9462b9de50fa1862c2266bc4c3ff,output,fake,sovits,anime_soft_anime_006_011_Vintunna O Pilla.mp3.wav,12,10
82abc0b7674844756a22ef91a7d91987,output,fake,sovits,anime_soft_anime_006_011_Vintunna O Pilla.mp3.wav,13,10
c299feb50c9b73f03b85117b712c63c9,output,fake,sovits,anime_soft_anime_006_011_Vintunna O Pilla.mp3.wav,14,10
f11f90a2d4ec50e3f80ddb9287eb67cb,output,fake,sovits,anime_soft_anime_006_011_Vintunna O Pilla.mp3.wav,15,10
da8cd4a9cd80aa41978a9f47a77e734d,output,fake,sovits,anime_soft_anime_006_011_Vintunna O Pilla.mp3.wav,16,10
5b9ce3ec5138a625243c3a09144b968c,output,fake,sovits,anime_soft_anime_006_011_Vintunna O Pilla.mp3.wav,17,10
86ce255904f7dcd3f262c325888dbb02,output,fake,sovits,anime_soft_anime_006_011_Vintunna O Pilla.mp3.wav,18,10
9cc3971b5dc15c5ff67f6dc6a14d4e9d,output,fake,sovits,anime_soft_anime_006_011_Vintunna O Pilla.mp3.wav,19,10
af4911a3e4b859d08f5f80bcfda433bf,output,fake,sovits,anime_soft_anime_006_011_Vintunna O Pilla.mp3.wav,20,10
5cadd2a82bbc9e36f757511aee77527f,output,fake,sovits,anime_soft_anime_006_011_Vintunna O Pilla.mp3.wav,21,10
68698b256cbc94dd151e09e58762171f,output,fake,sovits,anime_soft_anime_006_011_Vintunna O Pilla.mp3.wav,22,10
bd7e4770c2e3ba5ebb4bf227ec7b70f7,output,fake,sovits,anime_soft_anime_006_011_Vintunna O Pilla.mp3.wav,23,10
8364a184f59159dbb2b038da94e1adfc,output,fake,sovits,anime_soft_anime_006_011_Vintunna O Pilla.mp3.wav,24,10
0f67ce8027ffbebf354b1bb9e7870f0c,output,fake,sovits,anime_soft_anime_006_011_Vintunna O Pilla.mp3.wav,25,10
069da786d19b64b23a026f3025455488,output,fake,sovits,anime_kawaii_girl_007_012_Sinna Sinnaga.mp3.wav,0,10
f5e9073afd6541582461178702bfb348,output,fake,sovits,anime_kawaii_girl_007_012_Sinna Sinnaga.mp3.wav,1,10
116d4ed37d4ddb51a637e90a30eb015e,output,fake,sovits,anime_kawaii_girl_007_012_Sinna Sinnaga.mp3.wav,2,10
bddb19e80f6bf5ecb8b72ab24e03bed8,output,fake,sovits,anime_kawaii_girl_007_012_Sinna Sinnaga.mp3.wav,3,10
2d8b557fb3b953986f59694f8de8f5b9,output,fake,sovits,anime_kawaii_girl_007_012_Sinna Sinnaga.mp3.wav,4,10
e6b09d73dcb9c854aadbaa0e88ed5c79,output,fake,sovits,anime_kawaii_girl_007_012_Sinna Sinnaga.mp3.wav,5,10
841a1539afbdc9d236496512ead5927d,output,fake,sovits,anime_kawaii_girl_007_012_Sinna Sinnaga.mp3.wav,6,10
c5666e98e8622b44cde12bbd7da4ed61,output,fake,sovits,anime_kawaii_girl_007_012_Sinna Sinnaga.mp3.wav,7,10
2f9b200fdb55d729d8577c76821a4acc,output,fake,sovits,anime_kawaii_girl_007_012_Sinna Sinnaga.mp3.wav,8,10
bfc5b736dcd722395b67f93ecc968844,output,fake,sovits,anime_kawaii_girl_007_012_Sinna Sinnaga.mp3.wav,9,10
009d55164c93ba37381768ac9094fa8d,output,fake,sovits,anime_kawaii_girl_007_012_Sinna Sinnaga.mp3.wav,10,10
68318f8ba9d91fc310ca63bea3fbed77,output,fake,sovits,anime_kawaii_girl_007_012_Sinna Sinnaga.mp3.wav,11,10
c1e6ab74dadba796280cd4248e0d1773,output,fake,sovits,anime_kawaii_girl_007_012_Sinna Sinnaga.mp3.wav,12,10
63c0903bfde034a3c7e85129e4faf2be,output,fake,sovits,anime_kawaii_girl_007_012_Sinna Sinnaga.mp3.wav,13,10
f309cbb8a0ba160f3a826a574e36e722,output,fake,sovits,anime_kawaii_girl_007_012_Sinna Sinnaga.mp3.wav,14,10
523b51548745ef57fbe5136e181f4ad6,output,fake,sovits,anime_kawaii_girl_007_012_Sinna Sinnaga.mp3.wav,15,10
8da81056e8cc7ac3c980d27bc77b8579,output,fake,sovits,anime_kawaii_girl_007_012_Sinna Sinnaga.mp3.wav,16,10
b93ad0e79972a7ff4826c321f948be7b,output,fake,sovits,anime_kawaii_girl_007_012_Sinna Sinnaga.mp3.wav,17,10
62c31cb101191744f6d92e76b1f88c3a,output,fake,sovits,anime_kawaii_girl_007_012_Sinna Sinnaga.mp3.wav,18,10
236df44c7eba2974e0d83ba4fe0d02c8,output,fake,sovits,anime_kawaii_girl_007_012_Sinna Sinnaga.mp3.wav,19,10
01b451b4defef8be37bea2393464a9bb,output,fake,sovits,anime_kawaii_girl_007_012_Sinna Sinnaga.mp3.wav,20,10
c8d5ad91893b042151d9178e5ce1a0b6,output,fake,sovits,anime_kawaii_girl_007_012_Sinna Sinnaga.mp3.wav,21,10
08d964b424fe41aa2d4dcbe34bf10c18,output,fake,sovits,anime_kawaii_girl_007_012_Sinna Sinnaga.mp3.wav,22,10
bbbd29a386e2f75de9dffc9fc035c1a6,output,fake,sovits,anime_kawaii_girl_007_012_Sinna Sinnaga.mp3.wav,23,10
85902394922f715f6aaf93a4289a8bec,output,fake,sovits,anime_energetic_idol_008_016_Rave Bangaru Bomma.mp3.wav,0,10
f3b616d5ca84bb73c44a11b0fdce96c8,output,fake,sovits,anime_energetic_idol_008_016_Rave Bangaru Bomma.mp3.wav,1,10
5999fbfa38cfff3ee9f86822f80f6533,output,fake,sovits,anime_energetic_idol_008_016_Rave Bangaru Bomma.mp3.wav,2,10
3653fe0785a6b9134afd7ec2ed1d9be8,output,fake,sovits,anime_energetic_idol_008_016_Rave Bangaru Bomma.mp3.wav,3,10
5ccf7d4256198fec267cc752b716f50b,output,fake,sovits,anime_energetic_idol_008_016_Rave Bangaru Bomma.mp3.wav,4,10
d55d4518576f8876882468d8306fece6,output,fake,sovits,anime_energetic_idol_008_016_Rave Bangaru Bomma.mp3.wav,5,10
39d287eabffb890bf15fa4058da99585,output,fake,sovits,anime_energetic_idol_008_016_Rave Bangaru Bomma.mp3.wav,6,10
e3a2696bb3976708b31bd46b583afbd5,output,fake,sovits,anime_energetic_idol_008_016_Rave Bangaru Bomma.mp3.wav,7,10
3941090efc887eb01cabe473157e4685,output,fake,sovits,anime_energetic_idol_008_016_Rave Bangaru Bomma.mp3.wav,8,10
065c90abf0099507944a74774fec7959,output,fake,sovits,anime_energetic_idol_008_016_Rave Bangaru Bomma.mp3.wav,9,10
b648c9f5885231e45127fb618a32c912,output,fake,sovits,anime_energetic_idol_008_016_Rave Bangaru Bomma.mp3.wav,10,10
c69bfe8e1cbf0415799ca01dbb99d3ec,output,fake,sovits,anime_energetic_idol_008_016_Rave Bangaru Bomma.mp3.wav,11,10
e814a4e1a89db0a437dc4e0a3cf55193,output,fake,sovits,anime_energetic_idol_008_016_Rave Bangaru Bomma.mp3.wav,12,10
bd895f3d59d9dda3e9b9734d51fef980,output,fake,sovits,anime_energetic_idol_008_016_Rave Bangaru Bomma.mp3.wav,13,10
5f8129ffebdbef2a651ac85f624c3c13,output,fake,sovits,anime_energetic_idol_008_016_Rave Bangaru Bomma.mp3.wav,14,10
dccdbfec905a153d0637d6d050aaa191,output,fake,sovits,anime_energetic_idol_008_016_Rave Bangaru Bomma.mp3.wav,15,10
d76490369f50ebd230da65128adb05ff,output,fake,sovits,anime_energetic_idol_008_016_Rave Bangaru Bomma.mp3.wav,16,10
e710a583c6780e376346eac0662f782d,output,fake,sovits,anime_energetic_idol_008_016_Rave Bangaru Bomma.mp3.wav,17,10
6b8ee50f67a92020c6d2ec0b38091851,output,fake,sovits,anime_energetic_idol_008_016_Rave Bangaru Bomma.mp3.wav,18,10
9d05e9b4f9b47fd63708d7490767d9eb,output,fake,sovits,anime_energetic_idol_008_016_Rave Bangaru Bomma.mp3.wav,19,10
ce818d3f3e14d4b9e719843a0518133f,output,fake,sovits,anime_energetic_idol_008_016_Rave Bangaru Bomma.mp3.wav,20,10
7d4dcb96a50d4deb893bc2e1df6506b1,output,fake,sovits,anime_energetic_idol_008_016_Rave Bangaru Bomma.mp3.wav,21,10
144a9834d5d861b6c7846dab205d6e5e,output,fake,sovits,anime_soft_anime_009_018_Sudaradhe Prameela.mp3.wav,0,10
7a57d33e0deac22452cdbbfb467d29fd,output,fake,sovits,anime_soft_anime_009_018_Sudaradhe Prameela.mp3.wav,1,10
68faa3c0bf10d3832fa0450299e5f092,output,fake,sovits,anime_soft_anime_009_018_Sudaradhe Prameela.mp3.wav,2,10
fdc5ecee30d0c2ada05e5424b2dc6b71,output,fake,sovits,anime_soft_anime_009_018_Sudaradhe Prameela.mp3.wav,3,10
d46e55e3da846a56f38c08ea6c8dfc09,output,fake,sovits,anime_soft_anime_009_018_Sudaradhe Prameela.mp3.wav,4,10
342cb735be721b27ca09670ed200c856,output,fake,sovits,anime_soft_anime_009_018_Sudaradhe Prameela.mp3.wav,5,10
20567441dbda2cc4e85b560a24e0499d,output,fake,sovits,anime_soft_anime_009_018_Sudaradhe Prameela.mp3.wav,6,10
95e9702d4270fff94ccb5c60051805fe,output,fake,sovits,anime_soft_anime_009_018_Sudaradhe Prameela.mp3.wav,7,10
cb4e466310229f2bf9eef962c8021421,output,fake,sovits,anime_soft_anime_009_018_Sudaradhe Prameela.mp3.wav,8,10
5e53197a246988816a738fc7068878d0,output,fake,sovits,anime_soft_anime_009_018_Sudaradhe Prameela.mp3.wav,9,10
0dddf2ac5bec5611bab64e0094473758,output,fake,sovits,anime_soft_anime_009_018_Sudaradhe Prameela.mp3.wav,10,10
2cd00b1af199176b4610642412866ad4,output,fake,sovits,anime_soft_anime_009_018_Sudaradhe Prameela.mp3.wav,11,10
9225f92b1ce7a4b68445551d482480f7,output,fake,sovits,anime_soft_anime_009_018_Sudaradhe Prameela.mp3.wav,12,10
7e47d28bd41ed0ffad1d046a28e1f101,output,fake,sovits,anime_soft_anime_009_018_Sudaradhe Prameela.mp3.wav,13,10
bb8284141d342797f241386ebd34bfd9,output,fake,sovits,anime_soft_anime_009_018_Sudaradhe Prameela.mp3.wav,14,10
30394b7fa3731a23b05f06b36a129611,output,fake,sovits,anime_soft_anime_009_018_Sudaradhe Prameela.mp3.wav,15,10
3b78e54510a2aa1b4c896081275b2553,output,fake,sovits,anime_soft_anime_009_018_Sudaradhe Prameela.mp3.wav,16,10
87402ee43a7732b211037d8817fd6bc2,output,fake,sovits,anime_soft_anime_009_018_Sudaradhe Prameela.mp3.wav,17,10
1cd167d2365fd8c0a58826b39e1f3abb,output,fake,sovits,anime_soft_anime_009_018_Sudaradhe Prameela.mp3.wav,18,10
6f0d9e5922d9ef74f9b1f06501f40abf,output,fake,sovits,anime_soft_anime_009_018_Sudaradhe Prameela.mp3.wav,19,10
bc36b09f010a0c40237fdad8ca533fca,output,fake,sovits,anime_soft_anime_009_018_Sudaradhe Prameela.mp3.wav,20,10
7928136a96a7e902af1abaa3cbe13d3e,output,fake,sovits,anime_soft_anime_009_018_Sudaradhe Prameela.mp3.wav,21,10
82913245fa4b310eadcef634181097d8,output,fake,sovits,anime_soft_anime_009_018_Sudaradhe Prameela.mp3.wav,22,10
98e0c4f45985273123a1253ddcbccf3f,output,fake,sovits,anime_soft_anime_009_018_Sudaradhe Prameela.mp3.wav,23,10
f3e7614abc8de843b5532e4d761c2ef7,output,fake,sovits,anime_soft_anime_009_018_Sudaradhe Prameela.mp3.wav,24,10
64e52480e6875029a78a540413afa242,output,fake,sovits,anime_soft_anime_009_018_Sudaradhe Prameela.mp3.wav,25,10
0cf825ebb831b5291278d97afdd4343a,output,fake,sovits,anime_kawaii_girl_010_020_Pushpa.mp3.wav,0,10
d40b255c7d865019dd0bb9c8595d0461,output,fake,sovits,anime_kawaii_girl_010_020_Pushpa.mp3.wav,1,10
d705e7a318c363716225fdcc1280a7b5,output,fake,sovits,anime_kawaii_girl_010_020_Pushpa.mp3.wav,2,10
9ee29fa4d1bbd2a5c79d1a50d1484a19,output,fake,sovits,anime_kawaii_girl_010_020_Pushpa.mp3.wav,3,10
c806b58fb933f8e5baccd67c505bfa1e,output,fake,sovits,anime_kawaii_girl_010_020_Pushpa.mp3.wav,4,10
c35c7a53268340c7e8412d8375e54894,output,fake,sovits,anime_kawaii_girl_010_020_Pushpa.mp3.wav,5,10
48d99f385388339655116240d23cc208,output,fake,sovits,anime_kawaii_girl_010_020_Pushpa.mp3.wav,6,10
2f19d9a7f361987343ed0b5387676939,output,fake,sovits,anime_kawaii_girl_010_020_Pushpa.mp3.wav,7,10
fde0e49d56baa87329aab464a00bc871,output,fake,sovits,anime_kawaii_girl_010_020_Pushpa.mp3.wav,8,10
f90bbbea9cb4599474a1fddb086b602b,output,fake,sovits,anime_kawaii_girl_010_020_Pushpa.mp3.wav,9,10
2dc14914d902eab8aabf74a90b980d2f,output,fake,sovits,anime_kawaii_girl_010_020_Pushpa.mp3.wav,10,10
9859655e58428083e85fe0cbd67655fc,output,fake,sovits,anime_kawaii_girl_010_020_Pushpa.mp3.wav,11,10
902c0ae1b92b12aee911bc03498765aa,output,fake,sovits,anime_kawaii_girl_010_020_Pushpa.mp3.wav,12,10
c8643e3be6e7e77e2b5351f402701dea,output,fake,sovits,anime_kawaii_girl_010_020_Pushpa.mp3.wav,13,10
b3b30b0164f64be5f7349d1ba7100575,output,fake,sovits,anime_kawaii_girl_010_020_Pushpa.mp3.wav,14,10
5bc1f53adf4bd03c41ebbe84b137c3ae,output,fake,sovits,anime_kawaii_girl_010_020_Pushpa.mp3.wav,15,10
3378fbe33e62d672499f4a4303face26,output,fake,sovits,anime_energetic_idol_011_022_SENIGA CHENLA NILABADI CHETHULIYAVE.mp3.wav,0,10
70cc66c5b561c28234efd93a9de9fdc5,output,fake,sovits,anime_energetic_idol_011_022_SENIGA CHENLA NILABADI CHETHULIYAVE.mp3.wav,1,10
45da2c8a90c00bee5557af35413ef053,output,fake,sovits,anime_energetic_idol_011_022_SENIGA CHENLA NILABADI CHETHULIYAVE.mp3.wav,2,10
fa8eb4ae619c7bed98fe54cb6143adf2,output,fake,sovits,anime_energetic_idol_011_022_SENIGA CHENLA NILABADI CHETHULIYAVE.mp3.wav,3,10
3dd9de5476795fdb9e53627e132bd35e,output,fake,sovits,anime_energetic_idol_011_022_SENIGA CHENLA NILABADI CHETHULIYAVE.mp3.wav,4,10
4e02df709de70da6c0e8d457eefeccd0,output,fake,sovits,anime_energetic_idol_011_022_SENIGA CHENLA NILABADI CHETHULIYAVE.mp3.wav,5,10
c12cd84d35b0f033225ee3840a3ac0be,output,fake,sovits,anime_energetic_idol_011_022_SENIGA CHENLA NILABADI CHETHULIYAVE.mp3.wav,6,10
46e1cdfc222ee02e832fd8ba9cb10f15,output,fake,sovits,anime_energetic_idol_011_022_SENIGA CHENLA NILABADI CHETHULIYAVE.mp3.wav,7,10
92bebfc5a18379f2337cf97d8aff0fb0,output,fake,sovits,anime_energetic_idol_011_022_SENIGA CHENLA NILABADI CHETHULIYAVE.mp3.wav,8,10
41c00ce034380a4cee492ebd68cf51ee,output,fake,sovits,anime_energetic_idol_011_022_SENIGA CHENLA NILABADI CHETHULIYAVE.mp3.wav,9,10
a9cc5c1883caf544e9273cb7d235ffca,output,fake,sovits,anime_energetic_idol_011_022_SENIGA CHENLA NILABADI CHETHULIYAVE.mp3.wav,10,10
2399e4682607591ed10ff10cc4e778d3,output,fake,sovits,anime_energetic_idol_011_022_SENIGA CHENLA NILABADI CHETHULIYAVE.mp3.wav,11,10
1fbad2fe6012bae5c828a2fc8094eef2,output,fake,sovits,anime_energetic_idol_011_022_SENIGA CHENLA NILABADI CHETHULIYAVE.mp3.wav,12,10
83a3756a9b8aadad036de10e843486b4,output,fake,sovits,anime_energetic_idol_011_022_SENIGA CHENLA NILABADI CHETHULIYAVE.mp3.wav,13,10
d7f5eef3f1130dbf2375291ba80cf950,output,fake,sovits,anime_energetic_idol_011_022_SENIGA CHENLA NILABADI CHETHULIYAVE.mp3.wav,14,10
5973110b444735aa883af71ac9e196fd,output,fake,sovits,anime_energetic_idol_011_022_SENIGA CHENLA NILABADI CHETHULIYAVE.mp3.wav,15,10
7710d8e059baa13cb32e618c8b344d9a,output,fake,sovits,anime_energetic_idol_011_022_SENIGA CHENLA NILABADI CHETHULIYAVE.mp3.wav,16,10
e6740aae94fa72a76baaf7168590ac5a,output,fake,sovits,anime_energetic_idol_011_022_SENIGA CHENLA NILABADI CHETHULIYAVE.mp3.wav,17,10
34038a66607e7911b2e1264b0498cf34,output,fake,sovits,anime_energetic_idol_011_022_SENIGA CHENLA NILABADI CHETHULIYAVE.mp3.wav,18,10
cb608f6c6d8158acdfc5afdf85d4e1ba,output,fake,sovits,anime_energetic_idol_011_022_SENIGA CHENLA NILABADI CHETHULIYAVE.mp3.wav,19,10
5e8ae80b8b976a86b016097dc893a151,output,fake,sovits,anime_energetic_idol_011_022_SENIGA CHENLA NILABADI CHETHULIYAVE.mp3.wav,20,10
718d545cd7fd5b5d1b6eda0920a59010,output,fake,sovits,anime_energetic_idol_011_022_SENIGA CHENLA NILABADI CHETHULIYAVE.mp3.wav,21,10
5793ef8165198cd23f2161b587fb20bb,output,fake,sovits,anime_energetic_idol_011_022_SENIGA CHENLA NILABADI CHETHULIYAVE.mp3.wav,22,10
735493fef45f053bbd49cc0cfd15ae4f,output,fake,sovits,anime_energetic_idol_011_022_SENIGA CHENLA NILABADI CHETHULIYAVE.mp3.wav,23,10
2634606b35768e609a05ab9738d21f1e,output,fake,sovits,anime_energetic_idol_011_022_SENIGA CHENLA NILABADI CHETHULIYAVE.mp3.wav,24,10
b4c650f567945fea193b978f879546a8,output,fake,sovits,anime_soft_anime_012_023_UDUKUDUKU ROTTELU.mp3.wav,0,10
2482c145b8887cce86a5b6de3c111a16,output,fake,sovits,anime_soft_anime_012_023_UDUKUDUKU ROTTELU.mp3.wav,1,10
f3229a8592ca0c34dafe5dad851bfadf,output,fake,sovits,anime_soft_anime_012_023_UDUKUDUKU ROTTELU.mp3.wav,2,10
91f4b0280ecf934f0e37c49219edd9dc,output,fake,sovits,anime_soft_anime_012_023_UDUKUDUKU ROTTELU.mp3.wav,3,10
0e6e6e6424449d5f4fb0a6a23e5cacad,output,fake,sovits,anime_soft_anime_012_023_UDUKUDUKU ROTTELU.mp3.wav,4,10
4703c048047504dab2c7835d66c79e64,output,fake,sovits,anime_soft_anime_012_023_UDUKUDUKU ROTTELU.mp3.wav,5,10
c8badaecf9078c3ebb4140b060bc2e93,output,fake,sovits,anime_soft_anime_012_023_UDUKUDUKU ROTTELU.mp3.wav,6,10
d2ae3b7558c2632f15c98f9dc6cc237c,output,fake,sovits,anime_soft_anime_012_023_UDUKUDUKU ROTTELU.mp3.wav,7,10
d586555fce4abd9a733d19f1117cbebf,output,fake,sovits,anime_soft_anime_012_023_UDUKUDUKU ROTTELU.mp3.wav,8,10
3dff0598e3d2c3e41761c76ac474a77f,output,fake,sovits,anime_soft_anime_012_023_UDUKUDUKU ROTTELU.mp3.wav,9,10
d84a4395b088a439e2d576bb5731c9bf,output,fake,sovits,anime_soft_anime_012_023_UDUKUDUKU ROTTELU.mp3.wav,10,10
f2b3ab4a0d219b72d0415c5a8174f8c0,output,fake,sovits,anime_soft_anime_012_023_UDUKUDUKU ROTTELU.mp3.wav,11,10
6341cbcba48f6d0fb81917d508fcf855,output,fake,sovits,anime_soft_anime_012_023_UDUKUDUKU ROTTELU.mp3.wav,12,10
20b70f6340632b4533ffdf0264f6a32f,output,fake,sovits,anime_soft_anime_012_023_UDUKUDUKU ROTTELU.mp3.wav,13,10
85f267938019fd0c7fc7ca1aa39bede3,output,fake,sovits,anime_soft_anime_012_023_UDUKUDUKU ROTTELU.mp3.wav,14,10
677ccb3048d0295ff61f6c1ebc123e45,output,fake,sovits,anime_soft_anime_012_023_UDUKUDUKU ROTTELU.mp3.wav,15,10
a2617aa797a7549d4af8c034cd933c80,output,fake,sovits,anime_soft_anime_012_023_UDUKUDUKU ROTTELU.mp3.wav,16,10
d4e0a83baa6af0bf20248d14200fe268,output,fake,sovits,anime_soft_anime_012_023_UDUKUDUKU ROTTELU.mp3.wav,17,10
3b78f29aa125ea9a4fe561c60b28c516,output,fake,sovits,anime_kawaii_girl_013_024_Andala Aparanji.mp3.wav,0,10
b0b67a64b6db726b7f17b8ddd86fdce7,output,fake,sovits,anime_kawaii_girl_013_024_Andala Aparanji.mp3.wav,1,10
38568c7a06fe6ab6c36ec842e022f47f,output,fake,sovits,anime_kawaii_girl_013_024_Andala Aparanji.mp3.wav,2,10
856044a0935eaf060feb407564097c4a,output,fake,sovits,anime_kawaii_girl_013_024_Andala Aparanji.mp3.wav,3,10
b337380a5b5406485e3636338d775235,output,fake,sovits,anime_kawaii_girl_013_024_Andala Aparanji.mp3.wav,4,10
9280ed2ffde7363dc68210a3195aae32,output,fake,sovits,anime_kawaii_girl_013_024_Andala Aparanji.mp3.wav,5,10
423c2ffd01067083b101a1ca0e0c11e9,output,fake,sovits,anime_kawaii_girl_013_024_Andala Aparanji.mp3.wav,6,10
967fd56d6a1f3a62cd68b16b3af2b5e6,output,fake,sovits,anime_kawaii_girl_013_024_Andala Aparanji.mp3.wav,7,10
cd6bb18619327d8564d5736949bc9981,output,fake,sovits,anime_kawaii_girl_013_024_Andala Aparanji.mp3.wav,8,10
9b7dfef518372eedd20a038f38ef9b83,output,fake,sovits,anime_kawaii_girl_013_024_Andala Aparanji.mp3.wav,9,10
77b5731db52342d182d2458ba86a22ec,output,fake,sovits,anime_kawaii_girl_013_024_Andala Aparanji.mp3.wav,10,10
84e0befb9b0af0dda568b1b3c4976ee6,output,fake,sovits,anime_kawaii_girl_013_024_Andala Aparanji.mp3.wav,11,10
ddc83e1939f51a88b82a76b156cd318f,output,fake,sovits,anime_kawaii_girl_013_024_Andala Aparanji.mp3.wav,12,10
141bd04c6acb835697f3448b5756370b,output,fake,sovits,anime_kawaii_girl_013_024_Andala Aparanji.mp3.wav,13,10
9fb56de65b4c7e2778bd04ae1617bb1d,output,fake,sovits,anime_kawaii_girl_013_024_Andala Aparanji.mp3.wav,14,10
67ed0e11d28a35440d370116e2bdbb14,output,fake,sovits,anime_kawaii_girl_013_024_Andala Aparanji.mp3.wav,15,10
e1e6ee7a00d895806175c7d3ef3c41c1,output,fake,sovits,anime_kawaii_girl_013_024_Andala Aparanji.mp3.wav,16,10
53a5bef172db32f6b52550737e095deb,output,fake,sovits,anime_kawaii_girl_013_024_Andala Aparanji.mp3.wav,17,10
cf2cac9eb9b53e176cfc2fe6d9d184d6,output,fake,sovits,anime_kawaii_girl_013_024_Andala Aparanji.mp3.wav,18,10
57da1f37d48279a8500ed0cc243408eb,output,fake,sovits,anime_kawaii_girl_013_024_Andala Aparanji.mp3.wav,19,10
42e8efe9e0be632fac4b8e50e5b68051,output,fake,sovits,anime_kawaii_girl_013_024_Andala Aparanji.mp3.wav,20,10
149c5ad02e7b33e4b471fc9cf38b5af4,output,fake,sovits,anime_kawaii_girl_013_024_Andala Aparanji.mp3.wav,21,10
5425b2481501af54b326048a5064df2b,output,fake,sovits,anime_kawaii_girl_013_024_Andala Aparanji.mp3.wav,22,10
d2f0ea41aa21c3e175c862d2d1822474,output,fake,sovits,anime_kawaii_girl_013_024_Andala Aparanji.mp3.wav,23,10
6d75914ebb1d24975615b0d4e9e424e9,output,fake,sovits,anime_energetic_idol_014_025_Ma Gallilo Okkadu Poradu.mp3.wav,0,10
71a62412db64fbf0c48b604f50abc0c7,output,fake,sovits,anime_energetic_idol_014_025_Ma Gallilo Okkadu Poradu.mp3.wav,1,10
cad48a4d685568407ee5b34be68d499c,output,fake,sovits,anime_energetic_idol_014_025_Ma Gallilo Okkadu Poradu.mp3.wav,2,10
0cc40a6a46915123dd6feb86522077b2,output,fake,sovits,anime_energetic_idol_014_025_Ma Gallilo Okkadu Poradu.mp3.wav,3,10
2c36ad0fbee37968d25a7e2cd4ba6691,output,fake,sovits,anime_energetic_idol_014_025_Ma Gallilo Okkadu Poradu.mp3.wav,4,10
c3d6c4f2f7940ef282e4b4fc690344d5,output,fake,sovits,anime_energetic_idol_014_025_Ma Gallilo Okkadu Poradu.mp3.wav,5,10
17089dbd0b0b37b3a5cec8478d1d314e,output,fake,sovits,anime_energetic_idol_014_025_Ma Gallilo Okkadu Poradu.mp3.wav,6,10
a97413b8fd5fbf8da67012a5ddfd704e,output,fake,sovits,anime_energetic_idol_014_025_Ma Gallilo Okkadu Poradu.mp3.wav,7,10
4176a38ff55535bc214742bab8742a1c,output,fake,sovits,anime_energetic_idol_014_025_Ma Gallilo Okkadu Poradu.mp3.wav,8,10
6e5cafaa7223a5b7de95a996fee4c62b,output,fake,sovits,anime_energetic_idol_014_025_Ma Gallilo Okkadu Poradu.mp3.wav,9,10
3c6daff99d9f5194cf8e4a30d4eeee10,output,fake,sovits,anime_energetic_idol_014_025_Ma Gallilo Okkadu Poradu.mp3.wav,10,10
9480d4dc7bade28615064c929c52ea50,output,fake,sovits,anime_energetic_idol_014_025_Ma Gallilo Okkadu Poradu.mp3.wav,11,10
62119699e661b46b75e7a8838a3b9124,output,fake,sovits,anime_energetic_idol_014_025_Ma Gallilo Okkadu Poradu.mp3.wav,12,10
eb11f745d3bafe24dbe60679a87d2d3e,output,fake,sovits,anime_energetic_idol_014_025_Ma Gallilo Okkadu Poradu.mp3.wav,13,10
7b6a8d10ed3c42fe0abd2e60c9223bdb,output,fake,sovits,anime_energetic_idol_014_025_Ma Gallilo Okkadu Poradu.mp3.wav,14,10
6f20e9f9d530c8a613b375ec8cc9a877,output,fake,sovits,anime_energetic_idol_014_025_Ma Gallilo Okkadu Poradu.mp3.wav,15,10
6538e8ccd91a4830099ebe348dd3ccc0,output,fake,sovits,anime_energetic_idol_014_025_Ma Gallilo Okkadu Poradu.mp3.wav,16,10
81f8d084274021e9d59c4d1929a786fa,output,fake,sovits,anime_energetic_idol_014_025_Ma Gallilo Okkadu Poradu.mp3.wav,17,10
f40c22461df7b12901a309b5c5e8ce1b,output,fake,sovits,anime_energetic_idol_014_025_Ma Gallilo Okkadu Poradu.mp3.wav,18,10
9401f4f46ba978f9f2d759cfae8a9046,output,fake,sovits,anime_energetic_idol_014_025_Ma Gallilo Okkadu Poradu.mp3.wav,19,10
22750341dca5c3a7388c61093dd30e97,output,fake,sovits,anime_energetic_idol_014_025_Ma Gallilo Okkadu Poradu.mp3.wav,20,10
33ad192a234c76d7c4110f4fc9b360ef,output,fake,sovits,anime_energetic_idol_014_025_Ma Gallilo Okkadu Poradu.mp3.wav,21,10
20533f596fbf1e6aa2b100d29ed9a876,output,fake,sovits,anime_energetic_idol_014_025_Ma Gallilo Okkadu Poradu.mp3.wav,22,10
53ee81e05fd911d8950e8df1551b934d,output,fake,sovits,anime_energetic_idol_014_025_Ma Gallilo Okkadu Poradu.mp3.wav,23,10
b23c9e2f2469cd115d784e1001bd2abb,output,fake,sovits,anime_soft_anime_015_028_Nagamani.mp3.wav,0,10
3637da431e28992e3f4a2ef572a1d198,output,fake,sovits,anime_soft_anime_015_028_Nagamani.mp3.wav,1,10
288daa0ecce792fc76a53c5769cf4261,output,fake,sovits,anime_soft_anime_015_028_Nagamani.mp3.wav,2,10
3f4670e4b72304efdff6a41d3f7061be,output,fake,sovits,anime_soft_anime_015_028_Nagamani.mp3.wav,3,10
db25b249541556c745247e74d8c3031e,output,fake,sovits,anime_soft_anime_015_028_Nagamani.mp3.wav,4,10
e975944d4e2b9efe1b336fcc68374a79,output,fake,sovits,anime_soft_anime_015_028_Nagamani.mp3.wav,5,10
a0c800cd808eed90ecac99bbba2ef02e,output,fake,sovits,anime_soft_anime_015_028_Nagamani.mp3.wav,6,10
0242c967a6af86446d752b3ce7e0617e,output,fake,sovits,anime_soft_anime_015_028_Nagamani.mp3.wav,7,10
f9f07894e85ba5d56fbf68dd980ad4e7,output,fake,sovits,anime_soft_anime_015_028_Nagamani.mp3.wav,8,10
e9167154c4954c08c177fb30ab528c67,output,fake,sovits,anime_soft_anime_015_028_Nagamani.mp3.wav,9,10
ec5f8447024cd6f955ce04f162b1ab10,output,fake,sovits,anime_soft_anime_015_028_Nagamani.mp3.wav,10,10
58311c5f06d7a05620d67978c127b3ef,output,fake,sovits,anime_soft_anime_015_028_Nagamani.mp3.wav,11,10
c98267eb7cbc23869869e17e13a3e5d0,output,fake,sovits,anime_soft_anime_015_028_Nagamani.mp3.wav,12,10
5ceb089960169e3850a11c20863b2c6c,output,fake,sovits,anime_soft_anime_015_028_Nagamani.mp3.wav,13,10
dd686092c957401da46c8a5cd05c1035,output,fake,sovits,anime_soft_anime_015_028_Nagamani.mp3.wav,14,10
f03d62c4137b5a51daf3d8372ebf94ae,output,fake,sovits,anime_soft_anime_015_028_Nagamani.mp3.wav,15,10
8efaa90ec01010f0276f4c951262079f,output,fake,sovits,anime_soft_anime_015_028_Nagamani.mp3.wav,16,10
df7bbbc8959cfa754ec8cf840657ffa1,output,fake,sovits,anime_soft_anime_015_028_Nagamani.mp3.wav,17,10
d03c4afa4a5cb832c6e792767a539905,output,fake,sovits,anime_soft_anime_015_028_Nagamani.mp3.wav,18,10
d237a44bb6ba8eed08f0fdd8c8089bea,output,fake,sovits,anime_soft_anime_015_028_Nagamani.mp3.wav,19,10
e665a882804be63189391accb7481946,output,fake,sovits,anime_soft_anime_015_028_Nagamani.mp3.wav,20,10
a2fc1dd6dc131487c459a7ee86df8b16,output,fake,sovits,anime_soft_anime_015_028_Nagamani.mp3.wav,21,10
7e0133a40b44525043d7fd2c57b96e98,output,fake,sovits,anime_soft_anime_015_028_Nagamani.mp3.wav,22,10
444cfb1f01c8fc0971b1674a7f5c3fe7,output,fake,sovits,anime_soft_anime_015_028_Nagamani.mp3.wav,23,10
2fb5bafcb9419e3a1be6a31fbf6dddf9,output,fake,sovits,anime_soft_anime_015_028_Nagamani.mp3.wav,24,10
222460dc4739a3fc66fa7c67a808f517,output,fake,sovits,anime_soft_anime_015_028_Nagamani.mp3.wav,25,10
068a83e4c7b31674b7d9ceea66c9bac1,output,fake,sovits,anime_soft_anime_015_028_Nagamani.mp3.wav,26,10
1ca1ffcb28c7d6642e810df4d3da9812,output,fake,sovits,anime_soft_anime_015_028_Nagamani.mp3.wav,27,10
d7a8f3c128069760935db18f748a6c83,output,fake,sovits,anime_soft_anime_015_028_Nagamani.mp3.wav,28,10
b1aff534351d3c33d3a92bf0888415f2,output,fake,sovits,anime_soft_anime_015_028_Nagamani.mp3.wav,29,10
030bb474a626261e278a9284a07b1af4,output,fake,sovits,anime_soft_anime_015_028_Nagamani.mp3.wav,30,10
b03982fe22be0789433ab76f9eaa5dfc,output,fake,sovits,anime_soft_anime_015_028_Nagamani.mp3.wav,31,10
7269eec1bd5f27ec2b11d804606160d1,output,fake,sovits,anime_soft_anime_015_028_Nagamani.mp3.wav,32,10
d96c56138e4db56e42cf80add8b304d9,output,fake,sovits,anime_soft_anime_015_028_Nagamani.mp3.wav,33,10
2d65c6c2e78d39f6529fe5fc6bcc8882,output,fake,sovits,anime_soft_anime_015_028_Nagamani.mp3.wav,34,10
106bfff7e56bccfd8588c63d98f47562,output,fake,sovits,anime_soft_anime_015_028_Nagamani.mp3.wav,35,10
4b8854888566fa113dd22d6562e163dc,output,fake,sovits,anime_kawaii_girl_016_030_Kammari Thirupathi.mp3.wav,0,10
a69550ac2f32fd663d46dcbcfa846db0,output,fake,sovits,anime_kawaii_girl_016_030_Kammari Thirupathi.mp3.wav,1,10
a368df850aa4ad007ecc00d8c7da68ed,output,fake,sovits,anime_kawaii_girl_016_030_Kammari Thirupathi.mp3.wav,2,10
37b0a7240f96159a4c921bcb149b067f,output,fake,sovits,anime_kawaii_girl_016_030_Kammari Thirupathi.mp3.wav,3,10
fbf24de7f30bca290bc332e498fc7343,output,fake,sovits,anime_kawaii_girl_016_030_Kammari Thirupathi.mp3.wav,4,10
f01e2a4e8b89c5611684368698881f43,output,fake,sovits,anime_kawaii_girl_016_030_Kammari Thirupathi.mp3.wav,5,10
6ed71b78d1508d6b54e697ecec5f0268,output,fake,sovits,anime_kawaii_girl_016_030_Kammari Thirupathi.mp3.wav,6,10
d1244454506afc281e12912922991028,output,fake,sovits,anime_kawaii_girl_016_030_Kammari Thirupathi.mp3.wav,7,10
a39e8e3d17a54675f45995e1896cff18,output,fake,sovits,anime_kawaii_girl_016_030_Kammari Thirupathi.mp3.wav,8,10
3881d32e9864921509ac4d837ac51110,output,fake,sovits,anime_kawaii_girl_016_030_Kammari Thirupathi.mp3.wav,9,10
3d167e888650da7ef2ab574014a9265e,output,fake,sovits,anime_kawaii_girl_016_030_Kammari Thirupathi.mp3.wav,10,10
287a593685d56f466679e7bde3e584ce,output,fake,sovits,anime_kawaii_girl_016_030_Kammari Thirupathi.mp3.wav,11,10
fd29595ddc5173ad891eb22f9718bb13,output,fake,sovits,anime_kawaii_girl_016_030_Kammari Thirupathi.mp3.wav,12,10
c3eb91fef9bdba79a70b175d0df60f82,output,fake,sovits,anime_kawaii_girl_016_030_Kammari Thirupathi.mp3.wav,13,10
91c185f1fc4bea1db6a29ec2f4638b8c,output,fake,sovits,anime_kawaii_girl_016_030_Kammari Thirupathi.mp3.wav,14,10
d6c4a6bd2b7f586ee4925503421a1bf8,output,fake,sovits,anime_kawaii_girl_016_030_Kammari Thirupathi.mp3.wav,15,10
224b00850145892395b6fb135326096d,output,fake,sovits,anime_kawaii_girl_016_030_Kammari Thirupathi.mp3.wav,16,10
81f8ac636d0baed10535892d28bff0a5,output,fake,sovits,anime_kawaii_girl_016_030_Kammari Thirupathi.mp3.wav,17,10
987d5202d0ae6a8f72817ef73a49d3c5,output,fake,sovits,anime_kawaii_girl_016_030_Kammari Thirupathi.mp3.wav,18,10
2915f24c0f1f758bdeca9d5e8f6d1b64,output,fake,sovits,anime_kawaii_girl_016_030_Kammari Thirupathi.mp3.wav,19,10
98192acccbba23ca5ffef3d93cc752db,output,fake,sovits,anime_kawaii_girl_016_030_Kammari Thirupathi.mp3.wav,20,10
bd145d4c0dc439a023239201d9ef541e,output,fake,sovits,anime_kawaii_girl_016_030_Kammari Thirupathi.mp3.wav,21,10
57c1ce5b24f1ff1e6d9f9fc4f91d1deb,output,fake,sovits,anime_kawaii_girl_016_030_Kammari Thirupathi.mp3.wav,22,10
422625bcecc42dba582aa0ea454c2099,output,fake,sovits,anime_kawaii_girl_016_030_Kammari Thirupathi.mp3.wav,23,10
bbe1f664581efcd873737edac3e13078,output,fake,sovits,anime_kawaii_girl_016_030_Kammari Thirupathi.mp3.wav,24,10
fc658bb0ecd9825c21b6e6eafc63bfba,output,fake,sovits,anime_kawaii_girl_016_030_Kammari Thirupathi.mp3.wav,25,10
9f0b74dc33521281f24ce5ab46bcb632,output,fake,sovits,anime_energetic_idol_017_034_Paligiri Rajendar.mp3.wav,0,10
0041b3dc20f1dc9adce48457ae4108ec,output,fake,sovits,anime_energetic_idol_017_034_Paligiri Rajendar.mp3.wav,1,10
96f9efb284f5f389cbe332e68349fc6a,output,fake,sovits,anime_energetic_idol_017_034_Paligiri Rajendar.mp3.wav,2,10
0b29fd072fbed8ca53f0338c5d6fc42b,output,fake,sovits,anime_energetic_idol_017_034_Paligiri Rajendar.mp3.wav,3,10
63647ca72e34e355bcca3cadd90afc16,output,fake,sovits,anime_energetic_idol_017_034_Paligiri Rajendar.mp3.wav,4,10
6d9b86a70d62301e8d893022a97fe6ea,output,fake,sovits,anime_energetic_idol_017_034_Paligiri Rajendar.mp3.wav,5,10
25f3a1e14abd21216da793a25cc4cce4,output,fake,sovits,anime_energetic_idol_017_034_Paligiri Rajendar.mp3.wav,6,10
c13865eb054278b31fcd63ab7627daeb,output,fake,sovits,anime_energetic_idol_017_034_Paligiri Rajendar.mp3.wav,7,10
2b3d553486be0eaed3566e6cfb1bf033,output,fake,sovits,anime_energetic_idol_017_034_Paligiri Rajendar.mp3.wav,8,10
5479594e239cf1c4863ff068c94f74c1,output,fake,sovits,anime_energetic_idol_017_034_Paligiri Rajendar.mp3.wav,9,10
e041163966314530948381eac5fc09e8,output,fake,sovits,anime_energetic_idol_017_034_Paligiri Rajendar.mp3.wav,10,10
0d0d1979780c7a3d650d05ac41e75374,output,fake,sovits,anime_energetic_idol_017_034_Paligiri Rajendar.mp3.wav,11,10
571878e1e6b87b8f1905bda75380bb18,output,fake,sovits,anime_energetic_idol_017_034_Paligiri Rajendar.mp3.wav,12,10
6fb181d27733893a02969de2467e5d6b,output,fake,sovits,anime_energetic_idol_017_034_Paligiri Rajendar.mp3.wav,13,10
7ffab3bbcc27ad1eccda2bce60db4609,output,fake,sovits,anime_energetic_idol_017_034_Paligiri Rajendar.mp3.wav,14,10
f96e05ca5d6c0622937e7951d613767d,output,fake,sovits,anime_energetic_idol_017_034_Paligiri Rajendar.mp3.wav,15,10
7e7aad2aa2d09f96b200f21a0a73497e,output,fake,sovits,anime_energetic_idol_017_034_Paligiri Rajendar.mp3.wav,16,10
89db25ebf7774a9f53ecd074bcbbebf0,output,fake,sovits,anime_energetic_idol_017_034_Paligiri Rajendar.mp3.wav,17,10
84f42dd4a76ef1f56af8e7f031e560ce,output,fake,sovits,anime_energetic_idol_017_034_Paligiri Rajendar.mp3.wav,18,10
1cb191d95feddb2e3a295af2e588a7d5,output,fake,sovits,anime_energetic_idol_017_034_Paligiri Rajendar.mp3.wav,19,10
2b4defe61d15ccc021966914b8e36461,output,fake,sovits,anime_energetic_idol_017_034_Paligiri Rajendar.mp3.wav,20,10
756a27c3f29bb2ddea0556b144192e55,output,fake,sovits,anime_energetic_idol_017_034_Paligiri Rajendar.mp3.wav,21,10
66889d25561979a7f8887d908d906404,output,fake,sovits,anime_energetic_idol_017_034_Paligiri Rajendar.mp3.wav,22,10
f5c238abbdcab5da7dac0d95a00af29d,output,fake,sovits,anime_energetic_idol_017_034_Paligiri Rajendar.mp3.wav,23,10
1c5fce63f9d12267e71539487684f913,output,fake,sovits,anime_energetic_idol_017_034_Paligiri Rajendar.mp3.wav,24,10
be620343a78ed8dde0fec974125fc9a2,output,fake,sovits,anime_energetic_idol_017_034_Paligiri Rajendar.mp3.wav,25,10
89ccdef9dc041002496cc8d1cec50db8,output,fake,sovits,anime_energetic_idol_017_034_Paligiri Rajendar.mp3.wav,26,10
90d8eab3cdb9869cff5050be024dd723,output,fake,sovits,anime_energetic_idol_017_034_Paligiri Rajendar.mp3.wav,27,10
a529956cf59d5f18e0b2de4af3b0de97,output,fake,sovits,anime_energetic_idol_017_034_Paligiri Rajendar.mp3.wav,28,10
1a21c93c10475aebb2f1cdc0a68412d6,output,fake,sovits,anime_energetic_idol_017_034_Paligiri Rajendar.mp3.wav,29,10
a8a4a38f77e5ed2f59e9f1a000b13b7c,output,fake,sovits,anime_energetic_idol_017_034_Paligiri Rajendar.mp3.wav,30,10
f6308bee8ee17f6a04b8644887c5028d,output,fake,sovits,anime_energetic_idol_017_034_Paligiri Rajendar.mp3.wav,31,10
17e6b6b6e15d69742124d144bfce2fa8,output,fake,sovits,anime_energetic_idol_017_034_Paligiri Rajendar.mp3.wav,32,10
1170b9c506a2d770db6a2571f63786ea,output,fake,sovits,anime_energetic_idol_017_034_Paligiri Rajendar.mp3.wav,33,10
4d1717122a42b59d7ce7948e685960a6,output,fake,sovits,anime_energetic_idol_017_034_Paligiri Rajendar.mp3.wav,34,10
359ea54c5e0bd813fa2baf552a2b2273,output,fake,sovits,anime_energetic_idol_017_034_Paligiri Rajendar.mp3.wav,35,10
f97767ada46fc9c03f3be0c33935ddc3,output,fake,sovits,anime_energetic_idol_017_034_Paligiri Rajendar.mp3.wav,36,10
a72910346d6540f634705a6871f0c0e4,output,fake,sovits,anime_energetic_idol_017_034_Paligiri Rajendar.mp3.wav,37,10
58dbffa375a58f8683449f0cf30bbbbf,output,fake,sovits,anime_energetic_idol_017_034_Paligiri Rajendar.mp3.wav,38,10
e091c73685718e905bf7aa3ac1a15579,output,fake,sovits,anime_energetic_idol_017_034_Paligiri Rajendar.mp3.wav,39,10
b8787fa22faa7fe794816ad07bb6b222,output,fake,sovits,anime_energetic_idol_017_034_Paligiri Rajendar.mp3.wav,40,10
45aa0826b8a0509dff77269ef62a5c52,output,fake,sovits,anime_energetic_idol_017_034_Paligiri Rajendar.mp3.wav,41,10
01caa3eaed0b81e75b3f7110faf8a6f4,output,fake,sovits,anime_energetic_idol_017_034_Paligiri Rajendar.mp3.wav,42,10
7f51be538c7a5ec6c85da5ed3e9fbfd0,output,fake,sovits,anime_energetic_idol_017_034_Paligiri Rajendar.mp3.wav,43,10
3550502e9a89b93461d520766c54c633,output,fake,sovits,anime_energetic_idol_017_034_Paligiri Rajendar.mp3.wav,44,10
7daee72316ea968ef2fd6473f2ffad86,output,fake,sovits,anime_energetic_idol_017_034_Paligiri Rajendar.mp3.wav,45,10
379d5c41a6c69e5d999023047ae1fd80,output,fake,sovits,anime_energetic_idol_017_034_Paligiri Rajendar.mp3.wav,46,10
660515cb5ff0bc711898f755384976aa,output,fake,sovits,anime_energetic_idol_017_034_Paligiri Rajendar.mp3.wav,47,10
773b0dd80f57f53e8659f03519de2bf6,output,fake,sovits,anime_energetic_idol_017_034_Paligiri Rajendar.mp3.wav,48,10
a24fe1a6f3222e384631dddcbcf52a04,output,fake,sovits,anime_energetic_idol_017_034_Paligiri Rajendar.mp3.wav,49,10
dd60ed80645fb368aa0bd53a73d253fe,output,fake,sovits,anime_energetic_idol_017_034_Paligiri Rajendar.mp3.wav,50,10
8a53bceeaf01fbfff5b5356e6819dd47,output,fake,sovits,anime_energetic_idol_017_034_Paligiri Rajendar.mp3.wav,51,10
ae9c8fbaddadce5a94f2d2595722dd99,output,fake,sovits,anime_energetic_idol_017_034_Paligiri Rajendar.mp3.wav,52,10
a6954b7587268f3747aab7436b3ba2f1,output,fake,sovits,anime_energetic_idol_017_034_Paligiri Rajendar.mp3.wav,53,10
6f263589b5a119c54d249987dffc4b49,output,fake,sovits,anime_energetic_idol_017_034_Paligiri Rajendar.mp3.wav,54,10
6561213359159300ca69d8d860f9dafe,output,fake,sovits,anime_energetic_idol_017_034_Paligiri Rajendar.mp3.wav,55,10
27bb0a6d428a2dcef26efd355a6cf4ff,output,fake,sovits,anime_energetic_idol_017_034_Paligiri Rajendar.mp3.wav,56,10
d9e26ec481a95aa8fde1ea77b2b80da9,output,fake,sovits,anime_energetic_idol_017_034_Paligiri Rajendar.mp3.wav,57,10
d347a5057d41364397fd66820d4ba354,output,fake,sovits,anime_energetic_idol_017_034_Paligiri Rajendar.mp3.wav,58,10
e8b293ae8d2e4d78100f549d260efad8,output,fake,sovits,anime_energetic_idol_017_034_Paligiri Rajendar.mp3.wav,59,10
81897e9dec26825d105a36b4c78989cf,output,fake,sovits,anime_energetic_idol_017_034_Paligiri Rajendar.mp3.wav,60,10
19a9f4ad497f3e76cc8982fb9ae0faf3,output,fake,sovits,anime_energetic_idol_017_034_Paligiri Rajendar.mp3.wav,61,10
76b48b77efddcc5c782fab6e3d81978b,output,fake,sovits,anime_energetic_idol_017_034_Paligiri Rajendar.mp3.wav,62,10
66d3b081531efe426994237f878de768,output,fake,sovits,anime_energetic_idol_017_034_Paligiri Rajendar.mp3.wav,63,10
681235c2af317315d752d66595a3fd22,output,fake,sovits,anime_energetic_idol_017_034_Paligiri Rajendar.mp3.wav,64,10
1b5146cbdfc01f24cc38cdafe66b3f59,output,fake,sovits,anime_energetic_idol_017_034_Paligiri Rajendar.mp3.wav,65,10
898cd53785ed7b00f038cd79a0fcca70,output,fake,sovits,anime_energetic_idol_017_034_Paligiri Rajendar.mp3.wav,66,10
02b1b4afb0409ad53bff4acc3ee9793a,output,fake,sovits,anime_energetic_idol_017_034_Paligiri Rajendar.mp3.wav,67,10
d047c2aabe90c1a9ae4d7c56d41f0f86,output,fake,sovits,anime_energetic_idol_017_034_Paligiri Rajendar.mp3.wav,68,10
667335b5daf17900d0e40da6b439485f,output,fake,sovits,anime_energetic_idol_017_034_Paligiri Rajendar.mp3.wav,69,10
56805caf120177c8e7b4fcf31370211a,output,fake,sovits,anime_energetic_idol_017_034_Paligiri Rajendar.mp3.wav,70,10
6c64f608c6f7156f5dcdac606c140974,output,fake,sovits,anime_energetic_idol_017_034_Paligiri Rajendar.mp3.wav,71,10
87c309c84a878137ffc888b569b31f7a,output,fake,sovits,anime_energetic_idol_017_034_Paligiri Rajendar.mp3.wav,72,10
d24a22468e2d1415a88d433847476a74,output,fake,sovits,anime_energetic_idol_017_034_Paligiri Rajendar.mp3.wav,73,10
98862e39fbc55ddcbcaf17115e550470,output,fake,sovits,anime_energetic_idol_017_034_Paligiri Rajendar.mp3.wav,74,10
5669550634dc77e23a8ad7f97ba7f087,output,fake,sovits,anime_energetic_idol_017_034_Paligiri Rajendar.mp3.wav,75,10
17100c01850ba5cf5d00e33e067a21b7,output,fake,sovits,anime_energetic_idol_017_034_Paligiri Rajendar.mp3.wav,76,10
5efeb32fc0f3c79d11d36d720f007207,output,fake,sovits,anime_energetic_idol_017_034_Paligiri Rajendar.mp3.wav,77,10
ed32b632a73a50c4756d3569f811d3c3,output,fake,sovits,anime_energetic_idol_017_034_Paligiri Rajendar.mp3.wav,78,10
65b557fff365c9d387b20ec337d5aa17,output,fake,sovits,anime_energetic_idol_017_034_Paligiri Rajendar.mp3.wav,79,10
f9f92842f9e7fb122b3cf2b81899fee7,output,fake,sovits,anime_energetic_idol_017_034_Paligiri Rajendar.mp3.wav,80,10
ff2f9ba286067bd0662a3a2c76fe5524,output,fake,sovits,anime_energetic_idol_017_034_Paligiri Rajendar.mp3.wav,81,10
415648a84331ac68d0d866a18015d65c,output,fake,sovits,anime_energetic_idol_017_034_Paligiri Rajendar.mp3.wav,82,10
3b038dea606ce101d5dd5dd7df6511de,output,fake,sovits,anime_energetic_idol_017_034_Paligiri Rajendar.mp3.wav,83,10
7ac9789ca6caa1e1d4e38af40ed38c5b,output,fake,sovits,anime_energetic_idol_017_034_Paligiri Rajendar.mp3.wav,84,10
cde831076c74f105b84d9b728c34aa31,output,fake,sovits,anime_energetic_idol_017_034_Paligiri Rajendar.mp3.wav,85,10
bd1deeaba11ef47122de26f173f56bc7,output,fake,sovits,anime_energetic_idol_017_034_Paligiri Rajendar.mp3.wav,86,10
476aa1526430107125d1b0648f63c112,output,fake,sovits,anime_energetic_idol_017_034_Paligiri Rajendar.mp3.wav,87,10
ddb6b7d8d47d33731040f1178baeefa1,output,fake,sovits,anime_energetic_idol_017_034_Paligiri Rajendar.mp3.wav,88,10
b2a23b0ea58dd0b6d01c0e9653280218,output,fake,sovits,anime_energetic_idol_017_034_Paligiri Rajendar.mp3.wav,89,10
cb5d3c5798fe275361c9350be61f806f,output,fake,sovits,anime_energetic_idol_017_034_Paligiri Rajendar.mp3.wav,90,10
408beab5eca480190168608db04e643b,output,fake,sovits,anime_energetic_idol_017_034_Paligiri Rajendar.mp3.wav,91,10
3ff33cba3588086e4b9d5cfda4ac41d1,output,fake,sovits,anime_energetic_idol_017_034_Paligiri Rajendar.mp3.wav,92,10
e4ba3db954a8933eb94045e89305ddc0,output,fake,sovits,anime_energetic_idol_017_034_Paligiri Rajendar.mp3.wav,93,10
f9e6dd8b864446da1158dcd2158bbff6,output,fake,sovits,anime_energetic_idol_017_034_Paligiri Rajendar.mp3.wav,94,10
5b60cfe31fbedf876fe41df9f1c42a1f,output,fake,sovits,anime_energetic_idol_017_034_Paligiri Rajendar.mp3.wav,95,10
a464311e6171fcee73cd350ea87edc04,output,fake,sovits,anime_energetic_idol_017_034_Paligiri Rajendar.mp3.wav,96,10
19f66a6ea02777169c6f2cd19a82f05a,output,fake,sovits,anime_energetic_idol_017_034_Paligiri Rajendar.mp3.wav,97,10
425e9bf5e907a9ef4cc6dba729d265cc,output,fake,sovits,anime_energetic_idol_017_034_Paligiri Rajendar.mp3.wav,98,10
27063889500d88628b4cb552b9ab426d,output,fake,sovits,anime_energetic_idol_017_034_Paligiri Rajendar.mp3.wav,99,10
ae150dee672304ddc841e2271f595d43,output,fake,sovits,anime_energetic_idol_017_034_Paligiri Rajendar.mp3.wav,100,10
c0261b02346d6c79ffdd0937898ef606,output,fake,sovits,anime_energetic_idol_017_034_Paligiri Rajendar.mp3.wav,101,10
0a718c4702bb066a048910da1913f1b4,output,fake,sovits,anime_energetic_idol_017_034_Paligiri Rajendar.mp3.wav,102,10
75be2566ce2779be70c7e84b7f94ad73,output,fake,sovits,anime_energetic_idol_017_034_Paligiri Rajendar.mp3.wav,103,10
eac753ccb08e2ea4734832a4532727e1,output,fake,sovits,anime_energetic_idol_017_034_Paligiri Rajendar.mp3.wav,104,10
64904fbe44c0fbb0f78b77514806fb8b,output,fake,sovits,anime_energetic_idol_017_034_Paligiri Rajendar.mp3.wav,105,10
3331440e4c0af6b367b68705cdb74c68,output,fake,sovits,anime_energetic_idol_017_034_Paligiri Rajendar.mp3.wav,106,10
46f47c694f3342f1c2d3cea4e91f8367,output,fake,sovits,anime_energetic_idol_017_034_Paligiri Rajendar.mp3.wav,107,10
88aeb28bb50c16d88171b0f5e748a725,output,fake,sovits,anime_energetic_idol_017_034_Paligiri Rajendar.mp3.wav,108,10
34741e2c42e8136f0fd93bae6a063c43,output,fake,sovits,anime_energetic_idol_017_034_Paligiri Rajendar.mp3.wav,109,10
9cca38221ac3db068f715ff45f5945c5,output,fake,sovits,anime_energetic_idol_017_034_Paligiri Rajendar.mp3.wav,110,10
2acdbdb49167a3b82f012f77b1b39f3d,output,fake,sovits,anime_energetic_idol_017_034_Paligiri Rajendar.mp3.wav,111,10
38de4ad580304e6366c558a6a877b2d1,output,fake,sovits,anime_energetic_idol_017_034_Paligiri Rajendar.mp3.wav,112,10
33a108fec1bb2ff3e9c5e29087654b42,output,fake,sovits,anime_energetic_idol_017_034_Paligiri Rajendar.mp3.wav,113,10
912039170576a23d63a60b2d74d353be,output,fake,sovits,anime_energetic_idol_017_034_Paligiri Rajendar.mp3.wav,114,10
68959786d9adb55535bc85be79627ba7,output,fake,sovits,anime_energetic_idol_017_034_Paligiri Rajendar.mp3.wav,115,10
11136df22dbc595c7dbeb8bf3a86a8c1,output,fake,sovits,anime_energetic_idol_017_034_Paligiri Rajendar.mp3.wav,116,10
1046a2732e1e14f25a8b0e2b3843dd57,output,fake,sovits,anime_energetic_idol_017_034_Paligiri Rajendar.mp3.wav,117,10
d86b0bcae95ff787f9c922f20ab1d0f0,output,fake,sovits,anime_energetic_idol_017_034_Paligiri Rajendar.mp3.wav,118,10
4fff475d2fd615611d4ae9fa1f6e9656,output,fake,sovits,anime_energetic_idol_017_034_Paligiri Rajendar.mp3.wav,119,10
d7af22a53243d9c85e8e5c0d880e9993,output,fake,sovits,anime_energetic_idol_017_034_Paligiri Rajendar.mp3.wav,120,10
bd9493c2b3df83d6760b3b25f145a5a3,output,fake,sovits,anime_energetic_idol_017_034_Paligiri Rajendar.mp3.wav,121,10
07a826d31b78e8c20c3fcced9c6493fd,output,fake,sovits,anime_energetic_idol_017_034_Paligiri Rajendar.mp3.wav,122,10
d3f7908d1bceb35b7181b5abd1788f29,output,fake,sovits,anime_energetic_idol_017_034_Paligiri Rajendar.mp3.wav,123,10
9c01ccb43272cf743be4e51c91d12149,output,fake,sovits,anime_energetic_idol_017_034_Paligiri Rajendar.mp3.wav,124,10
14d0e76e727c892d02b0e7de76372a40,output,fake,sovits,anime_energetic_idol_017_034_Paligiri Rajendar.mp3.wav,125,10
f7d99efd2afa02836ba4e3b059168469,output,fake,sovits,anime_energetic_idol_017_034_Paligiri Rajendar.mp3.wav,126,10
452ab8394582094b3ac7bf49dea839c5,output,fake,sovits,anime_energetic_idol_017_034_Paligiri Rajendar.mp3.wav,127,10
33e27e7dff5557869daf6ebb9ef3489c,output,fake,sovits,anime_energetic_idol_017_034_Paligiri Rajendar.mp3.wav,128,10
54a8297deb2f66b495a68c0568d55ca2,output,fake,sovits,anime_energetic_idol_017_034_Paligiri Rajendar.mp3.wav,129,10
1bb0d1a540a18dec9f99b4e0c35fe3e4,output,fake,sovits,anime_energetic_idol_017_034_Paligiri Rajendar.mp3.wav,130,10
1679df6e8f398b56452aab59e8499064,output,fake,sovits,anime_energetic_idol_017_034_Paligiri Rajendar.mp3.wav,131,10
128b012b46905ebd99e38c560ee3aefc,output,fake,sovits,anime_energetic_idol_017_034_Paligiri Rajendar.mp3.wav,132,10
164b4f36a75acd57133e95cac13208e7,output,fake,sovits,anime_energetic_idol_017_034_Paligiri Rajendar.mp3.wav,133,10
d78b00a685d3f825ee8b76b67c2cf527,output,fake,sovits,anime_energetic_idol_017_034_Paligiri Rajendar.mp3.wav,134,10
20ee43772cfa5426eb272880442cbba1,output,fake,sovits,anime_energetic_idol_017_034_Paligiri Rajendar.mp3.wav,135,10
a0fc4df9723fd93505e6700af56ff156,output,fake,sovits,anime_energetic_idol_017_034_Paligiri Rajendar.mp3.wav,136,10
aeb8d5cf13e7d3eb9f122af3269964c8,output,fake,sovits,anime_energetic_idol_017_034_Paligiri Rajendar.mp3.wav,137,10
bfe68151998b09e2a23a23bde960a9e3,output,fake,sovits,anime_energetic_idol_017_034_Paligiri Rajendar.mp3.wav,138,10
f3e8eb56704989d46763a53cc7a0543c,output,fake,sovits,anime_energetic_idol_017_034_Paligiri Rajendar.mp3.wav,139,10
caca7f136abe44ad91b809fb49493335,output,fake,sovits,anime_energetic_idol_017_034_Paligiri Rajendar.mp3.wav,140,10
7e6d2c0d5cd5cc5417c824eb9a896a3a,output,fake,sovits,anime_energetic_idol_017_034_Paligiri Rajendar.mp3.wav,141,10
0033e66139207d3cf4c90b21e40ca4a2,output,fake,sovits,anime_energetic_idol_017_034_Paligiri Rajendar.mp3.wav,142,10
4e7f6cbda57f6f3160a7ee80ac53eee2,output,fake,sovits,anime_energetic_idol_017_034_Paligiri Rajendar.mp3.wav,143,10
62ea4ae2671f3fc803868e20a0610dc8,output,fake,sovits,anime_energetic_idol_017_034_Paligiri Rajendar.mp3.wav,144,10
5e272e9301ac3cb842ff944b6113ed54,output,fake,sovits,anime_energetic_idol_017_034_Paligiri Rajendar.mp3.wav,145,10
354243d10ff0daf3952b24617372cb57,output,fake,sovits,anime_energetic_idol_017_034_Paligiri Rajendar.mp3.wav,146,10
cd4a52a1b665b7645c2620258e1f6590,output,fake,sovits,anime_energetic_idol_017_034_Paligiri Rajendar.mp3.wav,147,10
fcaac7009613258c024d88f4b8a4b172,output,fake,sovits,anime_energetic_idol_017_034_Paligiri Rajendar.mp3.wav,148,10
41eb2ef60cd163d11b53564d514e6820,output,fake,sovits,anime_energetic_idol_017_034_Paligiri Rajendar.mp3.wav,149,10
9da6e24531cc9371b88785dfd09d84ab,output,fake,sovits,anime_energetic_idol_017_034_Paligiri Rajendar.mp3.wav,150,10
77186f3e158e5b11803282271978dab8,output,fake,sovits,anime_energetic_idol_017_034_Paligiri Rajendar.mp3.wav,151,10
df6267e859628b962879decce4ab84f0,output,fake,sovits,anime_energetic_idol_017_034_Paligiri Rajendar.mp3.wav,152,10
2dc9fb9991113db8de32945bb35f152d,output,fake,sovits,anime_energetic_idol_017_034_Paligiri Rajendar.mp3.wav,153,10
304b56d34097ecd42f2a8b699127308b,output,fake,sovits,anime_energetic_idol_017_034_Paligiri Rajendar.mp3.wav,154,10
014a3179de829d36e7b3c1064bc46010,output,fake,sovits,anime_energetic_idol_017_034_Paligiri Rajendar.mp3.wav,155,10
98354c490c1c90970ad3aef1e806cee7,output,fake,sovits,anime_energetic_idol_017_034_Paligiri Rajendar.mp3.wav,156,10
6bb5d650543114bd914c0bbf91c2df77,output,fake,sovits,anime_energetic_idol_017_034_Paligiri Rajendar.mp3.wav,157,10
8f3cac8a4a2aea3dc184329ee078b339,output,fake,sovits,anime_energetic_idol_017_034_Paligiri Rajendar.mp3.wav,158,10
7ecb7c69c7cd7b83740f2485eef860ec,output,fake,sovits,anime_energetic_idol_017_034_Paligiri Rajendar.mp3.wav,159,10
94021f62eddea40f258e914badb55152,output,fake,sovits,anime_energetic_idol_017_034_Paligiri Rajendar.mp3.wav,160,10
90952a985e8c812290905e94fc85aed9,output,fake,sovits,anime_energetic_idol_017_034_Paligiri Rajendar.mp3.wav,161,10
07b434b915aa3c4982d43ba15d8d5d0b,output,fake,sovits,anime_energetic_idol_017_034_Paligiri Rajendar.mp3.wav,162,10
573f9304e94a2959f08ad6446d485fa8,output,fake,sovits,anime_energetic_idol_017_034_Paligiri Rajendar.mp3.wav,163,10
6dca23a32ae1153057e801715367cae3,output,fake,sovits,anime_energetic_idol_017_034_Paligiri Rajendar.mp3.wav,164,10
46064c181eb1f22c0ed9190f5bcca78a,output,fake,sovits,anime_energetic_idol_017_034_Paligiri Rajendar.mp3.wav,165,10
ed49c99c745221ab1efffd208f26d67e,output,fake,sovits,anime_energetic_idol_017_034_Paligiri Rajendar.mp3.wav,166,10
019f9daaa9662e22e5002b688d274831,output,fake,sovits,anime_energetic_idol_017_034_Paligiri Rajendar.mp3.wav,167,10
2b3f44400645bc4355c78903d936b39c,output,fake,sovits,anime_energetic_idol_017_034_Paligiri Rajendar.mp3.wav,168,10
4e5ae6c70fc4ee80921896469fe32f80,output,fake,sovits,anime_energetic_idol_017_034_Paligiri Rajendar.mp3.wav,169,10
a6626cd150ebe312ad70b1243813f292,output,fake,sovits,anime_energetic_idol_017_034_Paligiri Rajendar.mp3.wav,170,10
e30c5066ac7d1d1eccaa53846156ff4e,output,fake,sovits,anime_energetic_idol_017_034_Paligiri Rajendar.mp3.wav,171,10
e7136b4276ea85e8e1a678f30a100c0b,output,fake,sovits,anime_energetic_idol_017_034_Paligiri Rajendar.mp3.wav,172,10
ea4841c456a45be13e1a4d99a7566da7,output,fake,sovits,anime_energetic_idol_017_034_Paligiri Rajendar.mp3.wav,173,10
9631ae69b503bd75fcf07425b1d8572e,output,fake,sovits,anime_energetic_idol_017_034_Paligiri Rajendar.mp3.wav,174,10
797c974bad6865abda0597c262ef88ea,output,fake,sovits,anime_energetic_idol_017_034_Paligiri Rajendar.mp3.wav,175,10
caa4a5e6864e93073e1ad98af05b9949,output,fake,sovits,anime_energetic_idol_017_034_Paligiri Rajendar.mp3.wav,176,10
86ead8c06c856a363b42968496c91da6,output,fake,sovits,anime_energetic_idol_017_034_Paligiri Rajendar.mp3.wav,177,10
c7a28b473834a3b2a330b16d394b4328,output,fake,sovits,anime_energetic_idol_017_034_Paligiri Rajendar.mp3.wav,178,10
cff37a0d27d0693419a63db2cf09c4b9,output,fake,sovits,anime_energetic_idol_017_034_Paligiri Rajendar.mp3.wav,179,10
99aec32e2aa0d54b4755924a0d96a579,output,fake,sovits,anime_energetic_idol_017_034_Paligiri Rajendar.mp3.wav,180,10
3681e0cba1bdf7ed4ffa710391058ab4,output,fake,sovits,anime_energetic_idol_017_034_Paligiri Rajendar.mp3.wav,181,10
5cc6726adffb8c37fb49c974056db10a,output,fake,sovits,anime_energetic_idol_017_034_Paligiri Rajendar.mp3.wav,182,10
011961fc66996941cc05474cfc346eb3,output,fake,sovits,anime_energetic_idol_017_034_Paligiri Rajendar.mp3.wav,183,10
060d70b6fbcf89c12c5fd2305a81e868,output,fake,sovits,anime_energetic_idol_017_034_Paligiri Rajendar.mp3.wav,184,10
6ec7be9c82d9084fd483f56cc3437bdc,output,fake,sovits,anime_energetic_idol_017_034_Paligiri Rajendar.mp3.wav,185,10
92a077afbc9e8680eae75018454e3568,output,fake,sovits,anime_energetic_idol_017_034_Paligiri Rajendar.mp3.wav,186,10
4b0b7975d6db5c14a206422183af52cf,output,fake,sovits,anime_energetic_idol_017_034_Paligiri Rajendar.mp3.wav,187,10
fa07ed872adcd58d2c8a5117e16adf6e,output,fake,sovits,anime_energetic_idol_017_034_Paligiri Rajendar.mp3.wav,188,10
636925f6deb383f43df4d84172e3cbc2,output,fake,sovits,anime_energetic_idol_017_034_Paligiri Rajendar.mp3.wav,189,10
d903ec639f13a2819b8d4f3757680313,output,fake,sovits,anime_energetic_idol_017_034_Paligiri Rajendar.mp3.wav,190,10
ff644aa55fc5da4be7d049d778c0f9ce,output,fake,sovits,anime_energetic_idol_017_034_Paligiri Rajendar.mp3.wav,191,10
2ebfafb56ba9b8728a38a390f4f43ea3,output,fake,sovits,anime_energetic_idol_017_034_Paligiri Rajendar.mp3.wav,192,10
800f414eca7f210cc8bacc896f62e269,output,fake,sovits,anime_energetic_idol_017_034_Paligiri Rajendar.mp3.wav,193,10
712168d9112466a668bf55e36e238f0f,output,fake,sovits,anime_energetic_idol_017_034_Paligiri Rajendar.mp3.wav,194,10
40283e3d4527752dd2da2dc803ad3ac9,output,fake,sovits,anime_energetic_idol_017_034_Paligiri Rajendar.mp3.wav,195,10
33fe4dc3a3585a660389410015723029,output,fake,sovits,anime_energetic_idol_017_034_Paligiri Rajendar.mp3.wav,196,10
c0ba5814a87e3d31d9b236fdeb763f7f,output,fake,sovits,anime_energetic_idol_017_034_Paligiri Rajendar.mp3.wav,197,10
8c42730323670dc02c600bdee627d119,output,fake,sovits,anime_energetic_idol_017_034_Paligiri Rajendar.mp3.wav,198,10
d10b94942f75ece933e5cd06c75096bd,output,fake,sovits,anime_energetic_idol_017_034_Paligiri Rajendar.mp3.wav,199,10
a0deb1df50e905a74c1f38b20ef5ac4b,output,fake,sovits,anime_energetic_idol_017_034_Paligiri Rajendar.mp3.wav,200,10
451e94c3565419d5f48bed47d56f7d01,output,fake,sovits,anime_energetic_idol_017_034_Paligiri Rajendar.mp3.wav,201,10
927eaa6bb144b1be84847a5bc4ebc47b,output,fake,sovits,anime_energetic_idol_017_034_Paligiri Rajendar.mp3.wav,202,10
b3e5910ebb663678954be9c45455ced1,output,fake,sovits,anime_energetic_idol_017_034_Paligiri Rajendar.mp3.wav,203,10
1f78d2538fb2176bd1d6fb5f4bb74fa7,output,fake,sovits,anime_energetic_idol_017_034_Paligiri Rajendar.mp3.wav,204,10
c18a1124205ae8e725e26561e3085919,output,fake,sovits,anime_energetic_idol_017_034_Paligiri Rajendar.mp3.wav,205,10
7ee379d49110e4790f97583486fa4f86,output,fake,sovits,anime_energetic_idol_017_034_Paligiri Rajendar.mp3.wav,206,10
85106f03db3a85b4b49b636fce89b9b4,output,fake,sovits,anime_energetic_idol_017_034_Paligiri Rajendar.mp3.wav,207,10
153bb0375c0b54021f84d6b0f246fa80,output,fake,sovits,anime_energetic_idol_017_034_Paligiri Rajendar.mp3.wav,208,10
e4662de7fbed14b0b34f852b4f57f99a,output,fake,sovits,anime_energetic_idol_017_034_Paligiri Rajendar.mp3.wav,209,10
c540461ca7fd77457bb04c97b0500a19,output,fake,sovits,anime_energetic_idol_017_034_Paligiri Rajendar.mp3.wav,210,10
a782413bab9ec3e0c05dfc9df11255bb,output,fake,sovits,anime_energetic_idol_017_034_Paligiri Rajendar.mp3.wav,211,10
7f0ab5459dec87028fcb01cec408d2a1,output,fake,sovits,anime_energetic_idol_017_034_Paligiri Rajendar.mp3.wav,212,10
9adbb2d8f073abe4b17a7e0939df27db,output,fake,sovits,anime_energetic_idol_017_034_Paligiri Rajendar.mp3.wav,213,10
9c393af60e5b499b62902f8e85995df6,output,fake,sovits,anime_energetic_idol_017_034_Paligiri Rajendar.mp3.wav,214,10
f156bd0cb0ec622d021805270893d196,output,fake,sovits,anime_energetic_idol_017_034_Paligiri Rajendar.mp3.wav,215,10
d6449feb80ac80b901d382b9e713c8f9,output,fake,sovits,anime_energetic_idol_017_034_Paligiri Rajendar.mp3.wav,216,10
9261a45a81a77f4c99f3a93ffbe9eae5,output,fake,sovits,anime_energetic_idol_017_034_Paligiri Rajendar.mp3.wav,217,10
bacf84cc86c5eb790a1f59a1f232e02e,output,fake,sovits,anime_energetic_idol_017_034_Paligiri Rajendar.mp3.wav,218,10
9788c3934e4d57788c7538974332cf4c,output,fake,sovits,anime_energetic_idol_017_034_Paligiri Rajendar.mp3.wav,219,10
5a0aa9cff7e0607e13adef550173f659,output,fake,sovits,anime_energetic_idol_017_034_Paligiri Rajendar.mp3.wav,220,10
7c6b314b1dbef61f692006c1499c5313,output,fake,sovits,anime_energetic_idol_017_034_Paligiri Rajendar.mp3.wav,221,10
7e2bd7d0187c8ba348a354ad8b62aaf7,output,fake,sovits,anime_energetic_idol_017_034_Paligiri Rajendar.mp3.wav,222,10
8c33d543f5016c8d8a7d035d6e65ea07,output,fake,sovits,anime_energetic_idol_017_034_Paligiri Rajendar.mp3.wav,223,10
06cbd810fe1edc6343281fdc31fe30d1,output,fake,sovits,anime_energetic_idol_017_034_Paligiri Rajendar.mp3.wav,224,10
03a08a7e64b930f55a962d0b265c7878,output,fake,sovits,anime_energetic_idol_017_034_Paligiri Rajendar.mp3.wav,225,10
b31d55c5b59ccfd2e97d8033549978cb,output,fake,sovits,anime_energetic_idol_017_034_Paligiri Rajendar.mp3.wav,226,10
1549d59b5b5cc197a612826724cd0831,output,fake,sovits,anime_energetic_idol_017_034_Paligiri Rajendar.mp3.wav,227,10
3902c7855c165eeda6363a8b538d02ca,output,fake,sovits,anime_energetic_idol_017_034_Paligiri Rajendar.mp3.wav,228,10
244449b63b8faf67d10c20f96b81bab7,output,fake,sovits,anime_energetic_idol_017_034_Paligiri Rajendar.mp3.wav,229,10
7a9bcb017f8c6007a53721a70d4ec05a,output,fake,sovits,anime_energetic_idol_017_034_Paligiri Rajendar.mp3.wav,230,10
a3355db1b4b7a1fa5e8580fd6123fd21,output,fake,sovits,anime_energetic_idol_017_034_Paligiri Rajendar.mp3.wav,231,10
3738a159a1f0be9149069e8439d0ba09,output,fake,sovits,anime_energetic_idol_017_034_Paligiri Rajendar.mp3.wav,232,10
523e3ef52bd87f586b32934df0ea32df,output,fake,sovits,anime_energetic_idol_017_034_Paligiri Rajendar.mp3.wav,233,10
aa9976358fb664861594885e6825ae7d,output,fake,sovits,anime_energetic_idol_017_034_Paligiri Rajendar.mp3.wav,234,10
2cdf7293961e234fdd25d58743be48a4,output,fake,sovits,anime_energetic_idol_017_034_Paligiri Rajendar.mp3.wav,235,10
79818e668e3a9860d681dcb0f458bac4,output,fake,sovits,anime_energetic_idol_017_034_Paligiri Rajendar.mp3.wav,236,10
ff00fe922b387895ab0c161e88fc7d1e,output,fake,sovits,anime_energetic_idol_017_034_Paligiri Rajendar.mp3.wav,237,10
6a98cbf63227508283a6c66f292ed052,output,fake,sovits,anime_energetic_idol_017_034_Paligiri Rajendar.mp3.wav,238,10
f24e436c7d0ba11ced41df6470ac7488,output,fake,sovits,anime_energetic_idol_017_034_Paligiri Rajendar.mp3.wav,239,10
0b29d9b46297a51d833fbaebd60adbcb,output,fake,sovits,anime_energetic_idol_017_034_Paligiri Rajendar.mp3.wav,240,10
b92cc4d5b90b6e176fd7e299aea17d91,output,fake,sovits,anime_energetic_idol_017_034_Paligiri Rajendar.mp3.wav,241,10
101fa2e33fed993715a8c585ce22f1f8,output,fake,sovits,anime_energetic_idol_017_034_Paligiri Rajendar.mp3.wav,242,10
0fb17ff3dc32c78172b238b0400674a4,output,fake,sovits,anime_energetic_idol_017_034_Paligiri Rajendar.mp3.wav,243,10
62d84d65f28a656b8d8cf1881084ab30,output,fake,sovits,anime_energetic_idol_017_034_Paligiri Rajendar.mp3.wav,244,10
7df245d77954478b662a873ed752e053,output,fake,sovits,anime_energetic_idol_017_034_Paligiri Rajendar.mp3.wav,245,10
ba63966e53d3464c640e755d4cedc69e,output,fake,sovits,anime_energetic_idol_017_034_Paligiri Rajendar.mp3.wav,246,10
15da6fd255cc96ebe2465c5f3c87669e,output,fake,sovits,anime_energetic_idol_017_034_Paligiri Rajendar.mp3.wav,247,10
6eec2d6ad1f083a27cc4a733a5ab6ca3,output,fake,sovits,anime_energetic_idol_017_034_Paligiri Rajendar.mp3.wav,248,10
f0e7c6d70c1f30f37a423eb29ac119bd,output,fake,sovits,anime_energetic_idol_017_034_Paligiri Rajendar.mp3.wav,249,10
b69fbf23fcf0cee936c5148729b101cc,output,fake,sovits,anime_energetic_idol_017_034_Paligiri Rajendar.mp3.wav,250,10
a6999f5cf1a470bb279cdd1a1ac536ad,output,fake,sovits,anime_energetic_idol_017_034_Paligiri Rajendar.mp3.wav,251,10
4e00b89516957e6d74e6e926cc45f8f1,output,fake,sovits,anime_energetic_idol_017_034_Paligiri Rajendar.mp3.wav,252,10
a51dedd2682e113bcac2ab1af9a2d55f,output,fake,sovits,anime_energetic_idol_017_034_Paligiri Rajendar.mp3.wav,253,10
f41774734dcfea678f51ecf51ece4890,output,fake,sovits,anime_energetic_idol_017_034_Paligiri Rajendar.mp3.wav,254,10
cb634d1e9dbb96f8b56e62601c850976,output,fake,sovits,anime_energetic_idol_017_034_Paligiri Rajendar.mp3.wav,255,10
8a16ba048270b7877df7e4db7abec5bf,output,fake,sovits,anime_energetic_idol_017_034_Paligiri Rajendar.mp3.wav,256,10
30fb06cd53de1ebd54587abfaa8765ae,output,fake,sovits,anime_soft_anime_018_035_Jadala Ramesh.mp3.wav,0,10
c77693f7ed6fb7cffdffd4c5f60c2dca,output,fake,sovits,anime_soft_anime_018_035_Jadala Ramesh.mp3.wav,1,10
80eb8f4f7cbc8a8aad849b5c7dfb1f93,output,fake,sovits,anime_soft_anime_018_035_Jadala Ramesh.mp3.wav,2,10
9ba2df28568e4599fc46cd1f01cf86c0,output,fake,sovits,anime_soft_anime_018_035_Jadala Ramesh.mp3.wav,3,10
1b52f7e0441ca3bf78496a696e5927e2,output,fake,sovits,anime_soft_anime_018_035_Jadala Ramesh.mp3.wav,4,10
892859f42284d21e371d79566889e9a1,output,fake,sovits,anime_soft_anime_018_035_Jadala Ramesh.mp3.wav,5,10
6e6dcd3d17e626c364db0087b6da58fe,output,fake,sovits,anime_soft_anime_018_035_Jadala Ramesh.mp3.wav,6,10
bf9a6f8a0a110e762fb9b8ac6e960b29,output,fake,sovits,anime_soft_anime_018_035_Jadala Ramesh.mp3.wav,7,10
675eed3b7c61c1cf1b3934b0c5f37479,output,fake,sovits,anime_soft_anime_018_035_Jadala Ramesh.mp3.wav,8,10
e29ad690e6eb4b5281179fe1e37c236c,output,fake,sovits,anime_soft_anime_018_035_Jadala Ramesh.mp3.wav,9,10
cbd043aaecd8f14d433155271bdc5677,output,fake,sovits,anime_soft_anime_018_035_Jadala Ramesh.mp3.wav,10,10
35f3439a5df751e127aa953f55323a5a,output,fake,sovits,anime_soft_anime_018_035_Jadala Ramesh.mp3.wav,11,10
a7c4f9f3d9441a7cc27f28ebf1a7d77b,output,fake,sovits,anime_soft_anime_018_035_Jadala Ramesh.mp3.wav,12,10
91933d80cd3f23218e0157ded0bb89e2,output,fake,sovits,anime_soft_anime_018_035_Jadala Ramesh.mp3.wav,13,10
7e3f7a6c74fa8e37b8a7468730f24cf1,output,fake,sovits,anime_soft_anime_018_035_Jadala Ramesh.mp3.wav,14,10
c72c5534d792ea5600f7f7040cd82c72,output,fake,sovits,anime_soft_anime_018_035_Jadala Ramesh.mp3.wav,15,10
1e31d6e7b850b0347e2e5a86d507cfd2,output,fake,sovits,anime_soft_anime_018_035_Jadala Ramesh.mp3.wav,16,10
94bd21065e30ae8c514c4a63d2a3c937,output,fake,sovits,anime_soft_anime_018_035_Jadala Ramesh.mp3.wav,17,10
0e6ce7b9029c50fee25204d46d559c64,output,fake,sovits,anime_soft_anime_018_035_Jadala Ramesh.mp3.wav,18,10
157ccaddc75f1f95f3a87446bb2d3fae,output,fake,sovits,anime_soft_anime_018_035_Jadala Ramesh.mp3.wav,19,10
33df693a7ac6b895a7363b88f31847da,output,fake,sovits,anime_soft_anime_018_035_Jadala Ramesh.mp3.wav,20,10
8863bb101df90c7f32e40f3a2751b6e7,output,fake,sovits,anime_soft_anime_018_035_Jadala Ramesh.mp3.wav,21,10
87c9a9630a81336728f4ecadf7512413,output,fake,sovits,anime_soft_anime_018_035_Jadala Ramesh.mp3.wav,22,10
2ea2a62f595d1bdcddb9b50c45403f3e,output,fake,sovits,anime_soft_anime_018_035_Jadala Ramesh.mp3.wav,23,10
05f0c2ea57975f5ea4ccf6146b0478ed,output,fake,sovits,anime_soft_anime_018_035_Jadala Ramesh.mp3.wav,24,10
0bfc5443b635cedf54f9ff956f6829c0,output,fake,sovits,anime_soft_anime_018_035_Jadala Ramesh.mp3.wav,25,10
b4e4ade5e2509da40a6fd3fe0efa5bdf,output,fake,sovits,anime_soft_anime_018_035_Jadala Ramesh.mp3.wav,26,10
0affac62b612ed6d027e5279a9dbed84,output,fake,sovits,anime_soft_anime_018_035_Jadala Ramesh.mp3.wav,27,10
cb539b0b798f802c40364d60377066a2,output,fake,sovits,anime_soft_anime_018_035_Jadala Ramesh.mp3.wav,28,10
5035926c75c8d175133831b07b8ceae2,output,fake,sovits,anime_soft_anime_018_035_Jadala Ramesh.mp3.wav,29,10
b9c2e467e5af1e378b91b987b56967d0,output,fake,sovits,anime_soft_anime_018_035_Jadala Ramesh.mp3.wav,30,10
89ecb9083103783179e8caf6796e34fa,output,fake,sovits,anime_soft_anime_018_035_Jadala Ramesh.mp3.wav,31,10
59150e7e1874c19ac14317b53a9a1a49,output,fake,sovits,anime_soft_anime_018_035_Jadala Ramesh.mp3.wav,32,10
93c489ce079be6f1f0a51a0e16db3dd7,output,fake,sovits,anime_soft_anime_018_035_Jadala Ramesh.mp3.wav,33,10
8cdea93104299fbf415a12c779b2bc4e,output,fake,sovits,anime_soft_anime_018_035_Jadala Ramesh.mp3.wav,34,10
751fc1f1a030b4186f826cb9b4513efb,output,fake,sovits,anime_soft_anime_018_035_Jadala Ramesh.mp3.wav,35,10
bda88506827caa1ee8c52deaf6a13c32,output,fake,sovits,anime_soft_anime_018_035_Jadala Ramesh.mp3.wav,36,10
1e87f9ced6c15621b8353ede2e4aef78,output,fake,sovits,anime_soft_anime_018_035_Jadala Ramesh.mp3.wav,37,10
74616e06d6dee29a16930b13679f2551,output,fake,sovits,anime_soft_anime_018_035_Jadala Ramesh.mp3.wav,38,10
82169d5d6252674370b04c71a6c54108,output,fake,sovits,anime_soft_anime_018_035_Jadala Ramesh.mp3.wav,39,10
6a0ffb9799daafa90f89c1d2cdc61bcc,output,fake,sovits,anime_soft_anime_018_035_Jadala Ramesh.mp3.wav,40,10
a29ccc5980127743e3bf7a8a8eebecfd,output,fake,sovits,anime_soft_anime_018_035_Jadala Ramesh.mp3.wav,41,10
fb62593f3aa4dd5b5a3f014e5a56dba6,output,fake,sovits,anime_soft_anime_018_035_Jadala Ramesh.mp3.wav,42,10
a0a90f3a4a136af5fac0573095d22c83,output,fake,sovits,anime_soft_anime_018_035_Jadala Ramesh.mp3.wav,43,10
c9d2b2409cd557577bf728d3d96195e9,output,fake,sovits,anime_soft_anime_018_035_Jadala Ramesh.mp3.wav,44,10
615d4e9499ec85c3181455c41d24fb66,output,fake,sovits,anime_soft_anime_018_035_Jadala Ramesh.mp3.wav,45,10
247e7d32cecab1f5ee4f56aa7906ffea,output,fake,sovits,anime_soft_anime_018_035_Jadala Ramesh.mp3.wav,46,10
c2f3f10e2b4e7715e1e5d9df372dd35c,output,fake,sovits,anime_soft_anime_018_035_Jadala Ramesh.mp3.wav,47,10
345e2e6e144e995c01f3a067fd5ba9a0,output,fake,sovits,anime_soft_anime_018_035_Jadala Ramesh.mp3.wav,48,10
6cded99c2942181b0062141842d7e38b,output,fake,sovits,anime_soft_anime_018_035_Jadala Ramesh.mp3.wav,49,10
21e0d5fc7d0492a23725e4e99fde4b3d,output,fake,sovits,anime_soft_anime_018_035_Jadala Ramesh.mp3.wav,50,10
7e1e9578dcb065e390b4c53cee975c89,output,fake,sovits,anime_soft_anime_018_035_Jadala Ramesh.mp3.wav,51,10
8cf0cafbd37a19d83f720d6e097d3a21,output,fake,sovits,anime_soft_anime_018_035_Jadala Ramesh.mp3.wav,52,10
2e9aa6d79d038a3d9bfe57aced3b9670,output,fake,sovits,anime_soft_anime_018_035_Jadala Ramesh.mp3.wav,53,10
ded5f572f28dc42d36078f6833aa49bd,output,fake,sovits,anime_soft_anime_018_035_Jadala Ramesh.mp3.wav,54,10
f29038db85906deeecb8d8b008d403d7,output,fake,sovits,anime_soft_anime_018_035_Jadala Ramesh.mp3.wav,55,10
f07662173642ff6b05930419ea25bb1a,output,fake,sovits,anime_soft_anime_018_035_Jadala Ramesh.mp3.wav,56,10
fb5bd1cc322762951d95e0f5ea467114,output,fake,sovits,anime_soft_anime_018_035_Jadala Ramesh.mp3.wav,57,10
faf6626995e4e12b66450a3820bb6569,output,fake,sovits,anime_soft_anime_018_035_Jadala Ramesh.mp3.wav,58,10
be0bd4c06dd28e8d789a22ea2153eb94,output,fake,sovits,anime_soft_anime_018_035_Jadala Ramesh.mp3.wav,59,10
55c97a51757059af15b684e7f9718260,output,fake,sovits,anime_soft_anime_018_035_Jadala Ramesh.mp3.wav,60,10
75a43811565fa592f0038e17b311d30e,output,fake,sovits,anime_soft_anime_018_035_Jadala Ramesh.mp3.wav,61,10
227005aa4fe4a9357ba319102add76fe,output,fake,sovits,anime_soft_anime_018_035_Jadala Ramesh.mp3.wav,62,10
2cc2acf513597688a0eec738f104f47f,output,fake,sovits,anime_soft_anime_018_035_Jadala Ramesh.mp3.wav,63,10
9592f5e6fa0ea1a236140e3e191d32e4,output,fake,sovits,anime_soft_anime_018_035_Jadala Ramesh.mp3.wav,64,10
ebbd66e69b1b0f2ca4c8fda37589ab3f,output,fake,sovits,anime_soft_anime_018_035_Jadala Ramesh.mp3.wav,65,10
510d84b2d22b44ed5800c9d385feb88e,output,fake,sovits,anime_soft_anime_018_035_Jadala Ramesh.mp3.wav,66,10
519222c5fb1c150065d6890031b7fdac,output,fake,sovits,anime_soft_anime_018_035_Jadala Ramesh.mp3.wav,67,10
5a80472b2313fb659debf98c8da9e186,output,fake,sovits,anime_soft_anime_018_035_Jadala Ramesh.mp3.wav,68,10
29478e21eeebf02431d339b66bd6cd0a,output,fake,sovits,anime_soft_anime_018_035_Jadala Ramesh.mp3.wav,69,10
bcf19c89bb03bfc0d068a390b9f0b8e2,output,fake,sovits,anime_soft_anime_018_035_Jadala Ramesh.mp3.wav,70,10
fec0317a5bfbd19524ffc893ee168813,output,fake,sovits,anime_soft_anime_018_035_Jadala Ramesh.mp3.wav,71,10
cc9b476f9a079ff0247e5bc8b8405e5c,output,fake,sovits,anime_soft_anime_018_035_Jadala Ramesh.mp3.wav,72,10
0b8e96f4e4615866b5171e1b656eea5e,output,fake,sovits,anime_soft_anime_018_035_Jadala Ramesh.mp3.wav,73,10
c478bb1e7b5f687a2b0d576c7b3a42d0,output,fake,sovits,anime_soft_anime_018_035_Jadala Ramesh.mp3.wav,74,10
d0e47cf59eb222ea0313461b903cc43a,output,fake,sovits,anime_soft_anime_018_035_Jadala Ramesh.mp3.wav,75,10
554726e3ba9d6e7eaec02a70cd6e0209,output,fake,sovits,anime_soft_anime_018_035_Jadala Ramesh.mp3.wav,76,10
6c52a95171886dd8927900eda597f68e,output,fake,sovits,anime_soft_anime_018_035_Jadala Ramesh.mp3.wav,77,10
ba6cfc443b0303355d7b92aea7547dda,output,fake,sovits,anime_soft_anime_018_035_Jadala Ramesh.mp3.wav,78,10
045bd5aee9f026fcdfa61db8920ee4dc,output,fake,sovits,anime_soft_anime_018_035_Jadala Ramesh.mp3.wav,79,10
f80016807681a9a88a6e56c822bf16a8,output,fake,sovits,anime_soft_anime_018_035_Jadala Ramesh.mp3.wav,80,10
31a563362cb62d1889e71ccda96905b8,output,fake,sovits,anime_soft_anime_018_035_Jadala Ramesh.mp3.wav,81,10
0937cf47e8b0d049cebf84dc58a40cfb,output,fake,sovits,anime_soft_anime_018_035_Jadala Ramesh.mp3.wav,82,10
de2ab6920d344ce49f21ff37c2e66a87,output,fake,sovits,anime_soft_anime_018_035_Jadala Ramesh.mp3.wav,83,10
7a5ea38378838798b73a7019c3e1f243,output,fake,sovits,anime_soft_anime_018_035_Jadala Ramesh.mp3.wav,84,10
07c4273d03fe00acf8e580648a750151,output,fake,sovits,anime_soft_anime_018_035_Jadala Ramesh.mp3.wav,85,10
8e09c296b9868713f28c0f8f713c2299,output,fake,sovits,anime_soft_anime_018_035_Jadala Ramesh.mp3.wav,86,10
290c7b81ca7682cd40cfd5ac5d75f7de,output,fake,sovits,anime_soft_anime_018_035_Jadala Ramesh.mp3.wav,87,10
a0eb66c8af5b3d05170bc2589c9b8270,output,fake,sovits,anime_soft_anime_018_035_Jadala Ramesh.mp3.wav,88,10
1d52deb72b3427f6d3249d1871a3dcdc,output,fake,sovits,anime_soft_anime_018_035_Jadala Ramesh.mp3.wav,89,10
834d4746b767d76bd3181c121c635559,output,fake,sovits,anime_soft_anime_018_035_Jadala Ramesh.mp3.wav,90,10
a93966236228d59631ee7af89cb136b0,output,fake,sovits,anime_soft_anime_018_035_Jadala Ramesh.mp3.wav,91,10
f5c10d6fce18342734b49593fb59b462,output,fake,sovits,anime_soft_anime_018_035_Jadala Ramesh.mp3.wav,92,10
b05210f4f1efcc232069514538d66bea,output,fake,sovits,anime_soft_anime_018_035_Jadala Ramesh.mp3.wav,93,10
1cc02ba10d0028befc269fdcf8bc30db,output,fake,sovits,anime_soft_anime_018_035_Jadala Ramesh.mp3.wav,94,10
7e4ba8c94b796c7c4774da0286ecafbc,output,fake,sovits,anime_soft_anime_018_035_Jadala Ramesh.mp3.wav,95,10
759e0d6acfd11d41fc998b1e4fde9083,output,fake,sovits,anime_soft_anime_018_035_Jadala Ramesh.mp3.wav,96,10
eb39869af9cc342e8938b55708dbec78,output,fake,sovits,anime_soft_anime_018_035_Jadala Ramesh.mp3.wav,97,10
b81653773039e399c3b13a136c00e7e7,output,fake,sovits,anime_soft_anime_018_035_Jadala Ramesh.mp3.wav,98,10
0f38d4af6bcdbbd02ba7a152897b5f7b,output,fake,sovits,anime_soft_anime_018_035_Jadala Ramesh.mp3.wav,99,10
19d51f94a60de55890489ae5a507e694,output,fake,sovits,anime_soft_anime_018_035_Jadala Ramesh.mp3.wav,100,10
3821b8185721f6c93bb3e9d06c5dc161,output,fake,sovits,anime_soft_anime_018_035_Jadala Ramesh.mp3.wav,101,10
27191484aef52698ec85b3ca07e1ca54,output,fake,sovits,anime_soft_anime_018_035_Jadala Ramesh.mp3.wav,102,10
ae4e9939498f5707ef56f2dbec9faa25,output,fake,sovits,anime_soft_anime_018_035_Jadala Ramesh.mp3.wav,103,10
a5c4cbdbf7481862ae44f2c6b033cea5,output,fake,sovits,anime_soft_anime_018_035_Jadala Ramesh.mp3.wav,104,10
f2993948a30d91f5659ec89461299943,output,fake,sovits,anime_soft_anime_018_035_Jadala Ramesh.mp3.wav,105,10
a24eeeff0bcc9224aa2c386a20cdbd33,output,fake,sovits,anime_soft_anime_018_035_Jadala Ramesh.mp3.wav,106,10
ece8561db83e4ae88be718a60a64fb33,output,fake,sovits,anime_soft_anime_018_035_Jadala Ramesh.mp3.wav,107,10
1f8f4e59030b89a22fc68d26bd8d0ab8,output,fake,sovits,anime_soft_anime_018_035_Jadala Ramesh.mp3.wav,108,10
40633a97490448c3d1ce39d0ff558a18,output,fake,sovits,anime_soft_anime_018_035_Jadala Ramesh.mp3.wav,109,10
0aefe4d661cf333ff7da834e981d2052,output,fake,sovits,anime_soft_anime_018_035_Jadala Ramesh.mp3.wav,110,10
f2b6d989b7dbe177651cdbcac59ce0ae,output,fake,sovits,anime_soft_anime_018_035_Jadala Ramesh.mp3.wav,111,10
6008186a410024412283b6df4023ba81,output,fake,sovits,anime_soft_anime_018_035_Jadala Ramesh.mp3.wav,112,10
6a1cc6f55148fdcb8eefa94a74e53226,output,fake,sovits,anime_soft_anime_018_035_Jadala Ramesh.mp3.wav,113,10
7ddfbe27f4d41fd7fef15ff79192b8ea,output,fake,sovits,anime_soft_anime_018_035_Jadala Ramesh.mp3.wav,114,10
e9ca9d843ece75e84fa669d8073ea6b5,output,fake,sovits,anime_soft_anime_018_035_Jadala Ramesh.mp3.wav,115,10
0ce5fa270f52da543fa41b6a68433a69,output,fake,sovits,anime_soft_anime_018_035_Jadala Ramesh.mp3.wav,116,10
77f685bb1b8dbaf04fa57919420ebdde,output,fake,sovits,anime_soft_anime_018_035_Jadala Ramesh.mp3.wav,117,10
1434b446c08d4d320bbe4f3b9fde5173,output,fake,sovits,anime_soft_anime_018_035_Jadala Ramesh.mp3.wav,118,10
ef8561b5f55eab6170c6f92279f5c597,output,fake,sovits,anime_soft_anime_018_035_Jadala Ramesh.mp3.wav,119,10
1572b8c6bb9f58eb312999c15beab7f6,output,fake,sovits,anime_soft_anime_018_035_Jadala Ramesh.mp3.wav,120,10
e84651f2d813ae4f865f70980d0cd490,output,fake,sovits,anime_soft_anime_018_035_Jadala Ramesh.mp3.wav,121,10
9b6590407be5fb2fa5a880ffd06d3f1e,output,fake,sovits,anime_soft_anime_018_035_Jadala Ramesh.mp3.wav,122,10
14dc5f10d263e37cf7c4cfaf2fd93e0b,output,fake,sovits,anime_soft_anime_018_035_Jadala Ramesh.mp3.wav,123,10
87a93bc46069f39708b5678d88fa6237,output,fake,sovits,anime_soft_anime_018_035_Jadala Ramesh.mp3.wav,124,10
a247c8d154eddf8cf9a0a131febfdabe,output,fake,sovits,anime_soft_anime_018_035_Jadala Ramesh.mp3.wav,125,10
df1024c9649a8b07a4a556f5e6a2b47d,output,fake,sovits,anime_soft_anime_018_035_Jadala Ramesh.mp3.wav,126,10
b6a9a13354b38e951cbb5640db14e7e1,output,fake,sovits,anime_soft_anime_018_035_Jadala Ramesh.mp3.wav,127,10
0ff5c2fdef56dc9ff1710aa4cdf8377c,output,fake,sovits,anime_soft_anime_018_035_Jadala Ramesh.mp3.wav,128,10
e70c1f99ab289efcaecafcf795956fab,output,fake,sovits,anime_soft_anime_018_035_Jadala Ramesh.mp3.wav,129,10
c67811bba80def7380fde86a31d22fdb,output,fake,sovits,anime_soft_anime_018_035_Jadala Ramesh.mp3.wav,130,10
dff457a11b302d61f3303864664a3692,output,fake,sovits,anime_soft_anime_018_035_Jadala Ramesh.mp3.wav,131,10
19e4e6dbe765f7b0f0b20d511bb687ad,output,fake,sovits,anime_soft_anime_018_035_Jadala Ramesh.mp3.wav,132,10
a1af9f6b6cf18a26afa8d03c6b95bf95,output,fake,sovits,anime_soft_anime_018_035_Jadala Ramesh.mp3.wav,133,10
f476997756180bbcc24f0567ee6a91b8,output,fake,sovits,anime_soft_anime_018_035_Jadala Ramesh.mp3.wav,134,10
3c85035d5d86450e6a36f5163463639c,output,fake,sovits,anime_soft_anime_018_035_Jadala Ramesh.mp3.wav,135,10
726cfccb697153e5c883048c5cc0153f,output,fake,sovits,anime_soft_anime_018_035_Jadala Ramesh.mp3.wav,136,10
4a5caefc2a9d2aada51a46837ef5e443,output,fake,sovits,anime_soft_anime_018_035_Jadala Ramesh.mp3.wav,137,10
1d1760a7fa239fae6cf74c6060a8b9b6,output,fake,sovits,anime_soft_anime_018_035_Jadala Ramesh.mp3.wav,138,10
abc1a73765fada055336bbea6096ad97,output,fake,sovits,anime_soft_anime_018_035_Jadala Ramesh.mp3.wav,139,10
ab45526991f443a72fe8609bce68ec4d,output,fake,sovits,anime_soft_anime_018_035_Jadala Ramesh.mp3.wav,140,10
c6cb55e8a0288435b3cad16729e3f7df,output,fake,sovits,anime_soft_anime_018_035_Jadala Ramesh.mp3.wav,141,10
4af12d12c31a3ac1073bed2dbcda7d1f,output,fake,sovits,anime_soft_anime_018_035_Jadala Ramesh.mp3.wav,142,10
e6f1136c0393a895b7691dad36617760,output,fake,sovits,anime_soft_anime_018_035_Jadala Ramesh.mp3.wav,143,10
ef22449146a91e067bec9fcac9c54954,output,fake,sovits,anime_soft_anime_018_035_Jadala Ramesh.mp3.wav,144,10
aa33782b2a2d282b9d6b2435b39e05b5,output,fake,sovits,anime_soft_anime_018_035_Jadala Ramesh.mp3.wav,145,10
05efaa54baa6a2675f04af126d320373,output,fake,sovits,anime_soft_anime_018_035_Jadala Ramesh.mp3.wav,146,10
702e7799e8e1a5e90530437d7c102c65,output,fake,sovits,anime_soft_anime_018_035_Jadala Ramesh.mp3.wav,147,10
d92835823a00d7347724364e0bf699cb,output,fake,sovits,anime_soft_anime_018_035_Jadala Ramesh.mp3.wav,148,10
e6265a49e10921174069975c4fe6c601,output,fake,sovits,anime_soft_anime_018_035_Jadala Ramesh.mp3.wav,149,10
8dad38d8e171d1152f3a0d82de2c8bda,output,fake,sovits,anime_soft_anime_018_035_Jadala Ramesh.mp3.wav,150,10
01eb7dba746fc88e9910305388c8efd9,output,fake,sovits,anime_soft_anime_018_035_Jadala Ramesh.mp3.wav,151,10
823f93f968e5cb76ae76a5f5d7b97a54,output,fake,sovits,anime_soft_anime_018_035_Jadala Ramesh.mp3.wav,152,10
f183242e16097da5930c2456dbbe586b,output,fake,sovits,anime_soft_anime_018_035_Jadala Ramesh.mp3.wav,153,10
29a0065107332084a9261adf02a66fda,output,fake,sovits,anime_soft_anime_018_035_Jadala Ramesh.mp3.wav,154,10
48a8e974446de59284e03a876a960ebb,output,fake,sovits,anime_soft_anime_018_035_Jadala Ramesh.mp3.wav,155,10
4ac9b53cff03aeecc762f46ff927e838,output,fake,sovits,anime_soft_anime_018_035_Jadala Ramesh.mp3.wav,156,10
b1c433cc6632c2c96f7ca2549330ccc5,output,fake,sovits,anime_soft_anime_018_035_Jadala Ramesh.mp3.wav,157,10
658cc8007e17544bf44e47559b2c4eb0,output,fake,sovits,anime_soft_anime_018_035_Jadala Ramesh.mp3.wav,158,10
6bff5dce1ceddf943715fac26ae24958,output,fake,sovits,anime_soft_anime_018_035_Jadala Ramesh.mp3.wav,159,10
291dc1f30c1b4e732fc2921767c8ff97,output,fake,sovits,anime_soft_anime_018_035_Jadala Ramesh.mp3.wav,160,10
aff4a9211db20608bc5aeaff4df2f831,output,fake,sovits,anime_soft_anime_018_035_Jadala Ramesh.mp3.wav,161,10
bec65079ae0f015fa09c2c7768e5e364,output,fake,sovits,anime_soft_anime_018_035_Jadala Ramesh.mp3.wav,162,10
0e69650b7ad117c0ccec5b25b11cd6b0,output,fake,sovits,anime_soft_anime_018_035_Jadala Ramesh.mp3.wav,163,10
8242936023929039fcc5f88d378ddc64,output,fake,sovits,anime_soft_anime_018_035_Jadala Ramesh.mp3.wav,164,10
755b2273c45759da75ee92c5f84927b1,output,fake,sovits,anime_soft_anime_018_035_Jadala Ramesh.mp3.wav,165,10
6b643ee69ae34de04f53d422fa5f8f90,output,fake,sovits,anime_soft_anime_018_035_Jadala Ramesh.mp3.wav,166,10
5aa56a6be173a0218ca1ead0ad4f76f5,output,fake,sovits,anime_soft_anime_018_035_Jadala Ramesh.mp3.wav,167,10
efd9a4c251d5561fb028f0e9341176af,output,fake,sovits,anime_soft_anime_018_035_Jadala Ramesh.mp3.wav,168,10
e2157ea6f4747d2f728b90591e67f43e,output,fake,sovits,anime_soft_anime_018_035_Jadala Ramesh.mp3.wav,169,10
fe85c5b96afa3ce441ba8a47f45f5ef1,output,fake,sovits,anime_soft_anime_018_035_Jadala Ramesh.mp3.wav,170,10
194c5d5636b32868f3998ca021078c8a,output,fake,sovits,anime_soft_anime_018_035_Jadala Ramesh.mp3.wav,171,10
7b5ea45d33110902ceb98ae30f668329,output,fake,sovits,anime_soft_anime_018_035_Jadala Ramesh.mp3.wav,172,10
e378f3d5ff1c0762a90601f7e77b94b8,output,fake,sovits,anime_soft_anime_018_035_Jadala Ramesh.mp3.wav,173,10
56aa3f593c3e8d73879ed05d0796152b,output,fake,sovits,anime_soft_anime_018_035_Jadala Ramesh.mp3.wav,174,10
15ab75acb49e37c4cfeeef628112d5f2,output,fake,sovits,anime_soft_anime_018_035_Jadala Ramesh.mp3.wav,175,10
d0f5f308327385c0cba64186080f88d5,output,fake,sovits,anime_soft_anime_018_035_Jadala Ramesh.mp3.wav,176,10
4e2df7ec24e6dd46232d3c05e61bfebe,output,fake,sovits,anime_soft_anime_018_035_Jadala Ramesh.mp3.wav,177,10
e1543ec2ffe25e449ed9e0f9ce19444e,output,fake,sovits,anime_soft_anime_018_035_Jadala Ramesh.mp3.wav,178,10
0ba792332e8fd159ade095ed2ed29353,output,fake,sovits,anime_soft_anime_018_035_Jadala Ramesh.mp3.wav,179,10
28f288dd345f93879791c05e1da2c741,output,fake,sovits,anime_soft_anime_018_035_Jadala Ramesh.mp3.wav,180,10
ba507ef07cf792e8618fd026dea3dacf,output,fake,sovits,anime_soft_anime_018_035_Jadala Ramesh.mp3.wav,181,10
6595a6a852cb3c0c81afef3d2f8e26d0,output,fake,sovits,anime_soft_anime_018_035_Jadala Ramesh.mp3.wav,182,10
9a4c0c6ca5f5d6a6225637c0fa5ac50a,output,fake,sovits,anime_soft_anime_018_035_Jadala Ramesh.mp3.wav,183,10
de86539f53cb2fdffe13663247a77546,output,fake,sovits,anime_soft_anime_018_035_Jadala Ramesh.mp3.wav,184,10
6d8cc0408af85f268de21119950dbf28,output,fake,sovits,anime_soft_anime_018_035_Jadala Ramesh.mp3.wav,185,10
0798d35617a956d88838bff06e7fca85,output,fake,sovits,anime_soft_anime_018_035_Jadala Ramesh.mp3.wav,186,10
308a573c8c000568a858b96d90a8fc92,output,fake,sovits,anime_soft_anime_018_035_Jadala Ramesh.mp3.wav,187,10
ea9b75ce597d98589f29adcc2c1077c7,output,fake,sovits,anime_soft_anime_018_035_Jadala Ramesh.mp3.wav,188,10
a0bb4ced8b5aaceb08fa2c4bf4624ddb,output,fake,sovits,anime_soft_anime_018_035_Jadala Ramesh.mp3.wav,189,10
f320916d6209f3097f7b04c788e94d42,output,fake,sovits,anime_soft_anime_018_035_Jadala Ramesh.mp3.wav,190,10
242e0b675a7f512039a4bc791bdae76c,output,fake,sovits,anime_soft_anime_018_035_Jadala Ramesh.mp3.wav,191,10
94b3cd4984cabd5013ca37f763c83911,output,fake,sovits,anime_soft_anime_018_035_Jadala Ramesh.mp3.wav,192,10
fab3e9246bcc6deebb2f5b91127f1089,output,fake,sovits,anime_soft_anime_018_035_Jadala Ramesh.mp3.wav,193,10
e03768db75fcef85bccb04583fb935d5,output,fake,sovits,anime_soft_anime_018_035_Jadala Ramesh.mp3.wav,194,10
64d1f9ce803f6c01f13ed2ecbdc9a4d0,output,fake,sovits,anime_soft_anime_018_035_Jadala Ramesh.mp3.wav,195,10
32adab200fd9efceb449fa440cc0e2aa,output,fake,sovits,anime_soft_anime_018_035_Jadala Ramesh.mp3.wav,196,10
9670d1295099ad12922da2de55c5fad0,output,fake,sovits,anime_soft_anime_018_035_Jadala Ramesh.mp3.wav,197,10
816ac49cdd81561a3bbdfab33639a1d9,output,fake,sovits,anime_soft_anime_018_035_Jadala Ramesh.mp3.wav,198,10
d412202e84810cef6f84a3e0b0fa418a,output,fake,sovits,anime_soft_anime_018_035_Jadala Ramesh.mp3.wav,199,10
c5908468edd5773defd6e794408fea0d,output,fake,sovits,anime_soft_anime_018_035_Jadala Ramesh.mp3.wav,200,10
44bdc2393cf69700b121c180af64ffb5,output,fake,sovits,anime_soft_anime_018_035_Jadala Ramesh.mp3.wav,201,10
e8d166e98ecaed7b77ab58a7e8cca24d,output,fake,sovits,anime_soft_anime_018_035_Jadala Ramesh.mp3.wav,202,10
a37b0241c7d912c36511d3132e3baf74,output,fake,sovits,anime_soft_anime_018_035_Jadala Ramesh.mp3.wav,203,10
699e5d24577cd174c10c85c181400df8,output,fake,sovits,anime_soft_anime_018_035_Jadala Ramesh.mp3.wav,204,10
5dfffadcab9c5998db0a440962146ad1,output,fake,sovits,anime_soft_anime_018_035_Jadala Ramesh.mp3.wav,205,10
86e1832309596c9b1024acafaa006ecb,output,fake,sovits,anime_soft_anime_018_035_Jadala Ramesh.mp3.wav,206,10
0850ab53b979b6eff9c3a88ba5be14e6,output,fake,sovits,anime_soft_anime_018_035_Jadala Ramesh.mp3.wav,207,10
55cbf3f4f86fd27e6d732c7ad5977f11,output,fake,sovits,anime_soft_anime_018_035_Jadala Ramesh.mp3.wav,208,10
d90525fd1093ad018b395a2eb5449a0f,output,fake,sovits,anime_soft_anime_018_035_Jadala Ramesh.mp3.wav,209,10
90e1f7224c7f45d23c71b7283d02f710,output,fake,sovits,anime_soft_anime_018_035_Jadala Ramesh.mp3.wav,210,10
72911ed2229935d29ded55ba52a00a3a,output,fake,sovits,anime_soft_anime_018_035_Jadala Ramesh.mp3.wav,211,10
8e25214cc3b9f2dce45a4fe8d2cf184f,output,fake,sovits,anime_soft_anime_018_035_Jadala Ramesh.mp3.wav,212,10
f2e5d82fdb7426dfa883cee452912aa1,output,fake,sovits,anime_soft_anime_018_035_Jadala Ramesh.mp3.wav,213,10
0641dd8c878582b148c34962fea60e6b,output,fake,sovits,anime_soft_anime_018_035_Jadala Ramesh.mp3.wav,214,10
b2952344b51f0384d3f1e2306cc17d0c,output,fake,sovits,anime_soft_anime_018_035_Jadala Ramesh.mp3.wav,215,10
fc097777aee436920db21dde5fadd173,output,fake,sovits,anime_soft_anime_018_035_Jadala Ramesh.mp3.wav,216,10
058a8f2d360ddf15f3672df1af47dbc9,output,fake,sovits,anime_soft_anime_018_035_Jadala Ramesh.mp3.wav,217,10
ed439b05983a9a723f6c7a337e977eaa,output,fake,sovits,anime_soft_anime_018_035_Jadala Ramesh.mp3.wav,218,10
17cb3d65e5d25d8884c10b4606255f96,output,fake,sovits,anime_soft_anime_018_035_Jadala Ramesh.mp3.wav,219,10
8ecd1d576dd5d4862f299e725b7ff34d,output,fake,sovits,anime_soft_anime_018_035_Jadala Ramesh.mp3.wav,220,10
6652726ae3c9d986a32beb7e89b3cd74,output,fake,sovits,anime_soft_anime_018_035_Jadala Ramesh.mp3.wav,221,10
c611037cedcfdc03731f5c3e7e920b83,output,fake,sovits,anime_soft_anime_018_035_Jadala Ramesh.mp3.wav,222,10
ef7ac6b46cf764d3ca40747628f29265,output,fake,sovits,anime_soft_anime_018_035_Jadala Ramesh.mp3.wav,223,10
4c75e37994c0c6ddf10032abe17e0bae,output,fake,sovits,anime_soft_anime_018_035_Jadala Ramesh.mp3.wav,224,10
e074703c326e45ef4c26a09e976aa789,output,fake,sovits,anime_soft_anime_018_035_Jadala Ramesh.mp3.wav,225,10
3f17d17677562c497d2ed12aea531994,output,fake,sovits,anime_soft_anime_018_035_Jadala Ramesh.mp3.wav,226,10
c0a115a160192aeb5148aff449a859bf,output,fake,sovits,anime_soft_anime_018_035_Jadala Ramesh.mp3.wav,227,10
098a9ad5d710f8b0058f9b7754398733,output,fake,sovits,anime_soft_anime_018_035_Jadala Ramesh.mp3.wav,228,10
dd5efb04651e5513a61da3cc9eb6307d,output,fake,sovits,anime_soft_anime_018_035_Jadala Ramesh.mp3.wav,229,10
ac3203f8fa1153f7e3baef44773008fa,output,fake,sovits,anime_soft_anime_018_035_Jadala Ramesh.mp3.wav,230,10
159c8126e1bea2c9ab33e33727d843e2,output,fake,sovits,anime_soft_anime_018_035_Jadala Ramesh.mp3.wav,231,10
b7fb564211084be63c4e8649d4190932,output,fake,sovits,anime_soft_anime_018_035_Jadala Ramesh.mp3.wav,232,10
252f04b6e32a4b24e76a0526f8e79ec2,output,fake,sovits,anime_soft_anime_018_035_Jadala Ramesh.mp3.wav,233,10
f5a2d81aa02fd7aeadb3c4d1ea9a9fbd,output,fake,sovits,anime_soft_anime_018_035_Jadala Ramesh.mp3.wav,234,10
9d2a2fe4a1a706139bdf681b1edf5ef1,output,fake,sovits,anime_soft_anime_018_035_Jadala Ramesh.mp3.wav,235,10
bb308fe7f65acc645bb18e6db06beeea,output,fake,sovits,anime_soft_anime_018_035_Jadala Ramesh.mp3.wav,236,10
ca383109e77a74da089d9c3b717eef56,output,fake,sovits,anime_soft_anime_018_035_Jadala Ramesh.mp3.wav,237,10
ef847ab6efd903bcb7dfa4f3744bc5b7,output,fake,sovits,anime_soft_anime_018_035_Jadala Ramesh.mp3.wav,238,10
0285c4f33b5b0a2c86a3b28af0088f9a,output,fake,sovits,anime_soft_anime_018_035_Jadala Ramesh.mp3.wav,239,10
28d7e9524c11e2e137d8eacb1e1e3918,output,fake,sovits,anime_soft_anime_018_035_Jadala Ramesh.mp3.wav,240,10
d6a6ed44ae1ec82c9ea8730376625823,output,fake,sovits,anime_soft_anime_018_035_Jadala Ramesh.mp3.wav,241,10
95c3a785968a5ce415c982ca5bc2118b,output,fake,sovits,anime_soft_anime_018_035_Jadala Ramesh.mp3.wav,242,10
10bff331eecfe073d9599ed1ffd8f51a,output,fake,sovits,anime_soft_anime_018_035_Jadala Ramesh.mp3.wav,243,10
1f826b3a883f8044cba9d5769cd57b3d,output,fake,sovits,anime_soft_anime_018_035_Jadala Ramesh.mp3.wav,244,10
c32c4332e5bad3fd489865c2d0c77446,output,fake,sovits,anime_soft_anime_018_035_Jadala Ramesh.mp3.wav,245,10
7cf15b5283b092e0bface097c892cbf9,output,fake,sovits,anime_soft_anime_018_035_Jadala Ramesh.mp3.wav,246,10
4659de6249d70b7bdb7c982179beccd8,output,fake,sovits,anime_soft_anime_018_035_Jadala Ramesh.mp3.wav,247,10
4e3101f34c9a9856f944736930b4551e,output,fake,sovits,anime_soft_anime_018_035_Jadala Ramesh.mp3.wav,248,10
f2037576f84e9ec0f21b0e676e8630bc,output,fake,sovits,anime_soft_anime_018_035_Jadala Ramesh.mp3.wav,249,10
1995b1dee60115923228aa40ca6d3dea,output,fake,sovits,anime_soft_anime_018_035_Jadala Ramesh.mp3.wav,250,10
8871bbcf190200b6c2b5be21d5383a16,output,fake,sovits,anime_soft_anime_018_035_Jadala Ramesh.mp3.wav,251,10
759d3fc2ce51de4dbc78eec6db8ba0a3,output,fake,sovits,anime_soft_anime_018_035_Jadala Ramesh.mp3.wav,252,10
4c63ea41d6cdd57fd4996a0be8adfbc5,output,fake,sovits,anime_soft_anime_018_035_Jadala Ramesh.mp3.wav,253,10
9403a29a9987dd947adf67ed0a6e1f26,output,fake,sovits,anime_soft_anime_018_035_Jadala Ramesh.mp3.wav,254,10
cb5a94cdecfbfc7ec6a24471b1276fce,output,fake,sovits,anime_soft_anime_018_035_Jadala Ramesh.mp3.wav,255,10
96fa1849e53c260a16a1921564a20ac5,output,fake,sovits,anime_soft_anime_018_035_Jadala Ramesh.mp3.wav,256,10
767127b1d14be9fda9fd210f0e3f373a,output,fake,sovits,anime_soft_anime_018_035_Jadala Ramesh.mp3.wav,257,10
33d017d618c6b2107e30ebe842a33c26,output,fake,sovits,anime_soft_anime_018_035_Jadala Ramesh.mp3.wav,258,10
eabf29a3e7b90178c035ed8e40619fd1,output,fake,sovits,anime_soft_anime_018_035_Jadala Ramesh.mp3.wav,259,10
17e15865cfe521c8a13439241cc2bdc1,output,fake,sovits,anime_soft_anime_018_035_Jadala Ramesh.mp3.wav,260,10
e6793e4c3a2cb82883d71099eb6c123e,output,fake,sovits,anime_soft_anime_018_035_Jadala Ramesh.mp3.wav,261,10
96c62707ed9952c7cd0cb7358ce878ed,output,fake,sovits,anime_soft_anime_018_035_Jadala Ramesh.mp3.wav,262,10
e80f7c0ef1b3f963162a640a01e172ec,output,fake,sovits,anime_soft_anime_018_035_Jadala Ramesh.mp3.wav,263,10
215b8a4f34dcb7ee280fdb0d243e2183,output,fake,sovits,anime_soft_anime_018_035_Jadala Ramesh.mp3.wav,264,10
b171cac7e325fba4bf0e83df7d942327,output,fake,sovits,anime_soft_anime_018_035_Jadala Ramesh.mp3.wav,265,10
8ca0bdc0f8b06df22cfceed7ea3e074d,output,fake,sovits,anime_soft_anime_018_035_Jadala Ramesh.mp3.wav,266,10
ba71991d1b8a6032419fc996f332e474,output,fake,sovits,anime_soft_anime_018_035_Jadala Ramesh.mp3.wav,267,10
35b6cf624a7092f4078e33f2a96a7682,output,fake,sovits,anime_soft_anime_018_035_Jadala Ramesh.mp3.wav,268,10
3aba94f66e61b6111537f5d3752b8c71,output,fake,sovits,anime_soft_anime_018_035_Jadala Ramesh.mp3.wav,269,10
003f16728d9251174b3db31c8997fac7,output,fake,sovits,anime_soft_anime_018_035_Jadala Ramesh.mp3.wav,270,10
b261567454c9da430bc2b430f2385ef8,output,fake,sovits,anime_soft_anime_018_035_Jadala Ramesh.mp3.wav,271,10
911a20a6bed8706827fb95327f1cfde7,output,fake,sovits,anime_soft_anime_018_035_Jadala Ramesh.mp3.wav,272,10
bf6e26576c40fd8d51491a574109d762,output,fake,sovits,anime_soft_anime_018_035_Jadala Ramesh.mp3.wav,273,10
17e57749ac8f18dfee78ac60d48dee64,output,fake,sovits,anime_soft_anime_018_035_Jadala Ramesh.mp3.wav,274,10
03474282f6a344cad66e29eaa64a57cb,output,fake,sovits,anime_soft_anime_018_035_Jadala Ramesh.mp3.wav,275,10
9d50947c7912000b872016da55d1ae53,output,fake,sovits,anime_soft_anime_018_035_Jadala Ramesh.mp3.wav,276,10
fc7a9865bbae05b683581d6c818960d9,output,fake,sovits,anime_soft_anime_018_035_Jadala Ramesh.mp3.wav,277,10
da13a4d78272ba618bbaed8230359bbe,output,fake,sovits,anime_soft_anime_018_035_Jadala Ramesh.mp3.wav,278,10
4ae2db99d44f078d3273e872089643c0,output,fake,sovits,anime_soft_anime_018_035_Jadala Ramesh.mp3.wav,279,10
ebc8048a454af392b194ccf3414384b6,output,fake,sovits,anime_soft_anime_018_035_Jadala Ramesh.mp3.wav,280,10
0af8dc3dea7308b64e6c364d74a796b3,output,fake,sovits,anime_soft_anime_018_035_Jadala Ramesh.mp3.wav,281,10
16e6cd750aad1d1661ef5b2538232bf4,output,fake,sovits,anime_soft_anime_018_035_Jadala Ramesh.mp3.wav,282,10
94d12cfa03743b2bfa5697ff750064bc,output,fake,sovits,anime_soft_anime_018_035_Jadala Ramesh.mp3.wav,283,10
5903e0268b4b9800efcea52c04cabd88,output,fake,sovits,anime_soft_anime_018_035_Jadala Ramesh.mp3.wav,284,10
74dcf6fce5cf0a991a9588d28c26ba5a,output,fake,sovits,anime_soft_anime_018_035_Jadala Ramesh.mp3.wav,285,10
f911290e922dfb924002d8d3368bccc4,output,fake,sovits,anime_soft_anime_018_035_Jadala Ramesh.mp3.wav,286,10
8996d488f5b88d0a9460580c75ee33e2,output,fake,sovits,anime_soft_anime_018_035_Jadala Ramesh.mp3.wav,287,10
6f7b746b8d6460053e8be93b1d862b61,output,fake,sovits,anime_soft_anime_018_035_Jadala Ramesh.mp3.wav,288,10
54f111bfd5e5e95459fed4d74d110eb3,output,fake,sovits,anime_soft_anime_018_035_Jadala Ramesh.mp3.wav,289,10
406554a06b3c4cb6fb1f4f0cff99658b,output,fake,sovits,anime_soft_anime_018_035_Jadala Ramesh.mp3.wav,290,10
a7d27ab4b2ea359fe2ac9748508447da,output,fake,sovits,anime_soft_anime_018_035_Jadala Ramesh.mp3.wav,291,10
605f1fea5ab92cc5a31cd5f1afae61a9,output,fake,sovits,anime_soft_anime_018_035_Jadala Ramesh.mp3.wav,292,10
d4ea88e4f3cfd8496b640e1d5bbf5554,output,fake,sovits,anime_soft_anime_018_035_Jadala Ramesh.mp3.wav,293,10
b2e774d2cfbb4ea10eda468eff2261be,output,fake,sovits,anime_soft_anime_018_035_Jadala Ramesh.mp3.wav,294,10
1badafae80023aa382c481058210c843,output,fake,sovits,anime_soft_anime_018_035_Jadala Ramesh.mp3.wav,295,10
ed8a04bad731d027f1f32ff082381ba2,output,fake,sovits,anime_soft_anime_018_035_Jadala Ramesh.mp3.wav,296,10
13b1c69cc9779bc80b57636bf5cdd86f,output,fake,sovits,anime_soft_anime_018_035_Jadala Ramesh.mp3.wav,297,10
0352987709cc80c625917e5265407764,output,fake,sovits,anime_soft_anime_018_035_Jadala Ramesh.mp3.wav,298,10
c57b49d1bae97407d8365a5d194ef3ed,output,fake,sovits,anime_soft_anime_018_035_Jadala Ramesh.mp3.wav,299,10
9e68d458973421fb8ca4788757b79f4c,output,fake,sovits,anime_soft_anime_018_035_Jadala Ramesh.mp3.wav,300,10
0869c4e4741281c80dff1ae96ae54c1f,output,fake,sovits,anime_soft_anime_018_035_Jadala Ramesh.mp3.wav,301,10
277cee2f47ff95ad2695bfa0064a8b04,output,fake,sovits,anime_soft_anime_018_035_Jadala Ramesh.mp3.wav,302,10
8eb5ee98b23159b745feff691938af66,output,fake,sovits,anime_soft_anime_018_035_Jadala Ramesh.mp3.wav,303,10
08c04b10cd84eee72425ec8e8481ed10,output,fake,sovits,anime_soft_anime_018_035_Jadala Ramesh.mp3.wav,304,10
0de02fdba45e92f74dff9a3ca95523e0,output,fake,sovits,anime_soft_anime_018_035_Jadala Ramesh.mp3.wav,305,10
cc5d0d9d686ec89622c4e7edc5b126ce,output,fake,sovits,anime_soft_anime_018_035_Jadala Ramesh.mp3.wav,306,10
c0e4e27f2451831a996dc690b46fa13d,output,fake,sovits,anime_soft_anime_018_035_Jadala Ramesh.mp3.wav,307,10
d558652000ccd748053ae3abb4aeb35d,output,fake,sovits,anime_soft_anime_018_035_Jadala Ramesh.mp3.wav,308,10
a6879264df62f7b753c74f1ac19fbebe,output,fake,sovits,anime_soft_anime_018_035_Jadala Ramesh.mp3.wav,309,10
30c8e75f0f78a587d0b67c76e9916131,output,fake,sovits,anime_soft_anime_018_035_Jadala Ramesh.mp3.wav,310,10
77e50547c06aa40da2008ec39d350ecb,output,fake,sovits,anime_soft_anime_018_035_Jadala Ramesh.mp3.wav,311,10
8f0c6ba8392a82da9a5b61dfd84e7d41,output,fake,sovits,anime_soft_anime_018_035_Jadala Ramesh.mp3.wav,312,10
e06fd7476a9342d76049663c6956cc9e,output,fake,sovits,anime_soft_anime_018_035_Jadala Ramesh.mp3.wav,313,10
ba965e5275cf6a953a656af61bfa85e1,output,fake,sovits,anime_soft_anime_018_035_Jadala Ramesh.mp3.wav,314,10
cc9fbf1d7eca1491521d445884876fd6,output,fake,sovits,anime_soft_anime_018_035_Jadala Ramesh.mp3.wav,315,10
771c4c90c536019603370859921e316a,output,fake,sovits,anime_soft_anime_018_035_Jadala Ramesh.mp3.wav,316,10
db582eb25b8023b1057c81c9a344c327,output,fake,sovits,anime_soft_anime_018_035_Jadala Ramesh.mp3.wav,317,10
111de40ed328a074ba822b4d1d50cedb,output,fake,sovits,anime_soft_anime_018_035_Jadala Ramesh.mp3.wav,318,10
99b994def810413eed1be44149cb05e2,output,fake,sovits,anime_soft_anime_018_035_Jadala Ramesh.mp3.wav,319,10
24513d3fd1b4cfc4ea67ec3c7aba43d7,output,fake,sovits,anime_soft_anime_018_035_Jadala Ramesh.mp3.wav,320,10
78b07c5a826fbdbc0b86faeaf62a2103,output,fake,sovits,anime_soft_anime_018_035_Jadala Ramesh.mp3.wav,321,10
bdc1df8cb9a11c8ffa5532b47026507a,output,fake,sovits,anime_soft_anime_018_035_Jadala Ramesh.mp3.wav,322,10
672680f3716a3be8d0222cf013505cce,output,fake,sovits,anime_soft_anime_018_035_Jadala Ramesh.mp3.wav,323,10
29dfeae4598b44da2b50b2ef3ff8fc23,output,fake,sovits,anime_soft_anime_018_035_Jadala Ramesh.mp3.wav,324,10
84954c70b2ec5a4b4f38d6b647eb41c9,output,fake,sovits,anime_soft_anime_018_035_Jadala Ramesh.mp3.wav,325,10
20da03a35ea2cee6b27f3900f22393e8,output,fake,sovits,anime_soft_anime_018_035_Jadala Ramesh.mp3.wav,326,10
817f02e62b6f7aae6e79d5e66e00626f,output,fake,sovits,anime_soft_anime_018_035_Jadala Ramesh.mp3.wav,327,10
4b798e3116f8a96ba21735efdb97553b,output,fake,sovits,anime_soft_anime_018_035_Jadala Ramesh.mp3.wav,328,10
65c37eae2e96e7cccfa1c64f56ad0d96,output,fake,sovits,anime_soft_anime_018_035_Jadala Ramesh.mp3.wav,329,10
f0278e3154cecdcf44e0245e6a2a65ad,output,fake,sovits,anime_soft_anime_018_035_Jadala Ramesh.mp3.wav,330,10
2969f192cfcea18b7a49b8afe31278ec,output,fake,sovits,anime_soft_anime_018_035_Jadala Ramesh.mp3.wav,331,10
2c4e5943efe7fac9dc0715cc2eb1852c,output,fake,sovits,anime_soft_anime_018_035_Jadala Ramesh.mp3.wav,332,10
eb2ad6dc16d54bb6152a3859a0fd41ef,output,fake,sovits,anime_soft_anime_018_035_Jadala Ramesh.mp3.wav,333,10
d15d7e5e843e9b2aae431e20fc0599e5,output,fake,sovits,anime_soft_anime_018_035_Jadala Ramesh.mp3.wav,334,10
343a0a0741f4a9933ede3c5a25be7c75,output,fake,sovits,anime_soft_anime_018_035_Jadala Ramesh.mp3.wav,335,10
b59c886b07aaefe8ac03afcf0db5bb45,output,fake,sovits,anime_soft_anime_018_035_Jadala Ramesh.mp3.wav,336,10
c2b120086c7b7d9758eda6a7443706d1,output,fake,sovits,anime_soft_anime_018_035_Jadala Ramesh.mp3.wav,337,10
c9798e4baee8858c0f253b1daef32e35,output,fake,sovits,anime_soft_anime_018_035_Jadala Ramesh.mp3.wav,338,10
49f145bf0f2b6488979a91bd09fe91e2,output,fake,sovits,anime_soft_anime_018_035_Jadala Ramesh.mp3.wav,339,10
d43d154115aa48bc3585e5cd333fc464,output,fake,sovits,anime_soft_anime_018_035_Jadala Ramesh.mp3.wav,340,10
2006389271d6c739122fddf2378d3bfe,output,fake,sovits,anime_soft_anime_018_035_Jadala Ramesh.mp3.wav,341,10
542cb3f2d93dc83d41f6c2bc429f9e2d,output,fake,sovits,anime_soft_anime_018_035_Jadala Ramesh.mp3.wav,342,10
19777b678e55b677ded10b02749e5d84,output,fake,sovits,anime_soft_anime_018_035_Jadala Ramesh.mp3.wav,343,10
be5f427ee129b3ae740c081530d8a1de,output,fake,sovits,anime_soft_anime_018_035_Jadala Ramesh.mp3.wav,344,10
0e64fc8335c5aac70f729d071aba0288,output,fake,sovits,anime_soft_anime_018_035_Jadala Ramesh.mp3.wav,345,10
88db2f0be6e41509171547e4c3680c8c,output,fake,sovits,anime_soft_anime_018_035_Jadala Ramesh.mp3.wav,346,10
852c7c703e51d5caf1c00b5bdb8d5401,output,fake,sovits,anime_soft_anime_018_035_Jadala Ramesh.mp3.wav,347,10
cd41ed74dc2f08d3495d676983b84c09,output,fake,sovits,anime_soft_anime_018_035_Jadala Ramesh.mp3.wav,348,10
c77df88bf827e63a065c75adcd761618,output,fake,sovits,anime_soft_anime_018_035_Jadala Ramesh.mp3.wav,349,10
b3c9edc3a8c9f5b33d7697b306ff1aa2,output,fake,sovits,anime_soft_anime_018_035_Jadala Ramesh.mp3.wav,350,10
a81fa5078cb6258e55044db9b397029e,output,fake,sovits,anime_soft_anime_018_035_Jadala Ramesh.mp3.wav,351,10
2ae4d62f2faf4f748cf363d684a6a3f1,output,fake,sovits,anime_soft_anime_018_035_Jadala Ramesh.mp3.wav,352,10
27b1ba0043dcde5539fb26c1599da57e,output,fake,sovits,anime_soft_anime_018_035_Jadala Ramesh.mp3.wav,353,10
56716d1da49c80615fd92810e32bee03,output,fake,sovits,anime_soft_anime_018_035_Jadala Ramesh.mp3.wav,354,10
761edd92c132807eab478149a022015d,output,fake,sovits,anime_soft_anime_018_035_Jadala Ramesh.mp3.wav,355,10
f072907c0dc948079492bc4ffc5a577d,output,fake,sovits,anime_soft_anime_018_035_Jadala Ramesh.mp3.wav,356,10
dbb557247e833e99d3250f5f69fe2820,output,fake,sovits,anime_soft_anime_018_035_Jadala Ramesh.mp3.wav,357,10
e483761d3292ac718b699c4811471364,output,fake,sovits,anime_soft_anime_018_035_Jadala Ramesh.mp3.wav,358,10
b4e512ba6aa4e855884d4315fcfd4954,output,fake,sovits,anime_soft_anime_018_035_Jadala Ramesh.mp3.wav,359,10
daf0cd073bae766ad811e7c6a5a637eb,output,fake,sovits,anime_soft_anime_018_035_Jadala Ramesh.mp3.wav,360,10
3db6152de85c29007df5b5427487bea0,output,fake,sovits,anime_soft_anime_018_035_Jadala Ramesh.mp3.wav,361,10
f533afe8267aef958e505341f3b49ab5,output,fake,sovits,anime_soft_anime_018_035_Jadala Ramesh.mp3.wav,362,10
e4ff12530829ec5cc3bcfc5bb8b876dd,output,fake,sovits,anime_soft_anime_018_035_Jadala Ramesh.mp3.wav,363,10
034caab74627a44b8e240f78dbc443f7,output,fake,sovits,anime_soft_anime_018_035_Jadala Ramesh.mp3.wav,364,10
dd94ff3c16394c1d6b731e67371c1ad2,output,fake,sovits,anime_soft_anime_018_035_Jadala Ramesh.mp3.wav,365,10
282642fd8019ac612bc66a742b12893d,output,fake,sovits,anime_soft_anime_018_035_Jadala Ramesh.mp3.wav,366,10
3af465f35dbb91ddf339550a7057bb46,output,fake,sovits,anime_soft_anime_018_035_Jadala Ramesh.mp3.wav,367,10
65c1c184c359b666b874657482bf94bc,output,fake,sovits,anime_soft_anime_018_035_Jadala Ramesh.mp3.wav,368,10
b1ccf43be85d8909378a8331014426cf,output,fake,sovits,anime_soft_anime_018_035_Jadala Ramesh.mp3.wav,369,10
1e2b6b7c4404b993b24f8f2eb53b4695,output,fake,sovits,anime_soft_anime_018_035_Jadala Ramesh.mp3.wav,370,10
b019c142639b5c58c1d85c8223404c22,output,fake,sovits,anime_soft_anime_018_035_Jadala Ramesh.mp3.wav,371,10
a3eb9351f298754bb7c194f4975fcc79,output,fake,sovits,anime_soft_anime_018_035_Jadala Ramesh.mp3.wav,372,10
ff6666cbf79e841f2f53c0d7561f58ff,output,fake,sovits,anime_soft_anime_018_035_Jadala Ramesh.mp3.wav,373,10
cbc47df3d254778367d5c6a622d595a9,output,fake,sovits,anime_soft_anime_018_035_Jadala Ramesh.mp3.wav,374,10
29aa7fb9805ee44f76f87267e4de7d6d,output,fake,sovits,anime_soft_anime_018_035_Jadala Ramesh.mp3.wav,375,10
ec0101b013938345015b81ad94f32eb1,output,fake,sovits,anime_soft_anime_018_035_Jadala Ramesh.mp3.wav,376,10
acb788f9840b9cdfda00dd0ab5309c19,output,fake,sovits,anime_soft_anime_018_035_Jadala Ramesh.mp3.wav,377,10
7a3372c150d402d9610cde8dd16b484f,output,fake,sovits,anime_soft_anime_018_035_Jadala Ramesh.mp3.wav,378,10
ab3235ee646061b0f45dd00345026495,output,fake,sovits,anime_soft_anime_018_035_Jadala Ramesh.mp3.wav,379,10
5b47505b610d4123cc7024960ba201ac,output,fake,sovits,anime_soft_anime_018_035_Jadala Ramesh.mp3.wav,380,10
838c97c1bfd3a1d0d9da9ae88345cee6,output,fake,sovits,anime_soft_anime_018_035_Jadala Ramesh.mp3.wav,381,10
205ca6403099f1270a8bc640203e0ef9,output,fake,sovits,anime_soft_anime_018_035_Jadala Ramesh.mp3.wav,382,10
b047c35537693e688d5de16d524f5b73,output,fake,sovits,anime_soft_anime_018_035_Jadala Ramesh.mp3.wav,383,10
290eaf9cdca1088747119f9ab7835d7d,output,fake,sovits,anime_soft_anime_018_035_Jadala Ramesh.mp3.wav,384,10
b8a99009b7ba1cc9a9ef73e6dfe297b6,output,fake,sovits,anime_soft_anime_018_035_Jadala Ramesh.mp3.wav,385,10
ed5b949268af5f84254ee6a40007b9df,output,fake,sovits,anime_soft_anime_018_035_Jadala Ramesh.mp3.wav,386,10
ed3e5d6b23973e13d500c4e30c488096,output,fake,sovits,anime_soft_anime_018_035_Jadala Ramesh.mp3.wav,387,10
d02cc032059116a49c14d4954a73861c,output,fake,sovits,anime_soft_anime_018_035_Jadala Ramesh.mp3.wav,388,10
9a9156dae9d5864628d75868855959f6,output,fake,sovits,anime_soft_anime_018_035_Jadala Ramesh.mp3.wav,389,10
d99b92402511e04810d817784694b201,output,fake,sovits,anime_soft_anime_018_035_Jadala Ramesh.mp3.wav,390,10
3da7aa4ec8e048b03f57d7ba9dac9507,output,fake,sovits,anime_soft_anime_018_035_Jadala Ramesh.mp3.wav,391,10
e070da21e52e95e8a944e700fb9492c3,output,fake,sovits,anime_soft_anime_018_035_Jadala Ramesh.mp3.wav,392,10
3ed19c64b85988c277ad8004ce878e29,output,fake,sovits,anime_soft_anime_018_035_Jadala Ramesh.mp3.wav,393,10
3cdf210916cdbbf781d7982dc31f5fbc,output,fake,sovits,anime_soft_anime_018_035_Jadala Ramesh.mp3.wav,394,10
0617484e21e98ad9a5e8c0113e72ca16,output,fake,sovits,anime_soft_anime_018_035_Jadala Ramesh.mp3.wav,395,10
033c7cac10ade4793d08c3d6ac7c9e54,output,fake,sovits,anime_soft_anime_018_035_Jadala Ramesh.mp3.wav,396,10
e608103f369147e8baa1531cdf1ded5c,output,fake,sovits,anime_soft_anime_018_035_Jadala Ramesh.mp3.wav,397,10
9d83b342095094a16fe3feb522efa43d,output,fake,sovits,anime_soft_anime_018_035_Jadala Ramesh.mp3.wav,398,10
4b69f6508e25d335ceee041f59adf238,output,fake,sovits,anime_soft_anime_018_035_Jadala Ramesh.mp3.wav,399,10
3ab36dde311b2b0c2df3418767eb9164,output,fake,sovits,anime_soft_anime_018_035_Jadala Ramesh.mp3.wav,400,10
eb3ca045df6b1e8c3db088366ef37d98,output,fake,sovits,anime_soft_anime_018_035_Jadala Ramesh.mp3.wav,401,10
4b56255b578e525368e40cdf6d311b4a,output,fake,sovits,anime_soft_anime_018_035_Jadala Ramesh.mp3.wav,402,10
8b0af0b95db73e57e4b246bd68a7f381,output,fake,sovits,anime_soft_anime_018_035_Jadala Ramesh.mp3.wav,403,10
972d31f414659be1e7dce54d7ffaaf0d,output,fake,sovits,anime_soft_anime_018_035_Jadala Ramesh.mp3.wav,404,10
9c3379949ad0b19c10b7347f0750f4f8,output,fake,sovits,anime_soft_anime_018_035_Jadala Ramesh.mp3.wav,405,10
bcdc4164e460bc52c54a4fee690a4380,output,fake,sovits,anime_soft_anime_018_035_Jadala Ramesh.mp3.wav,406,10
61b6e15c5449869195276c374ee2ba8b,output,fake,sovits,anime_soft_anime_018_035_Jadala Ramesh.mp3.wav,407,10
0e29e6b4ef23fb5e448688b6a6b4e6f1,output,fake,sovits,anime_soft_anime_018_035_Jadala Ramesh.mp3.wav,408,10
fce5c670385537caea1d8355d6249826,output,fake,sovits,anime_soft_anime_018_035_Jadala Ramesh.mp3.wav,409,10
bf00905b292243fbb5bdf9542f763b3e,output,fake,sovits,anime_soft_anime_018_035_Jadala Ramesh.mp3.wav,410,10
5359fdd7fc026855fd82b55856fb3f08,output,fake,sovits,anime_soft_anime_018_035_Jadala Ramesh.mp3.wav,411,10
ac1e38ad1787aa2396bda6c11840cc99,output,fake,sovits,anime_soft_anime_018_035_Jadala Ramesh.mp3.wav,412,10
e17be6375141b264a4ceb010b6ed68fd,output,fake,sovits,anime_soft_anime_018_035_Jadala Ramesh.mp3.wav,413,10
76508f9335c2d44fcd11c114a42b5341,output,fake,sovits,anime_soft_anime_018_035_Jadala Ramesh.mp3.wav,414,10
c48626bde695b3669ae5da94ebb79dc4,output,fake,sovits,anime_soft_anime_018_035_Jadala Ramesh.mp3.wav,415,10
ffb1f302fc93511351ab638fb73d46e5,output,fake,sovits,anime_soft_anime_018_035_Jadala Ramesh.mp3.wav,416,10
3f876c9797f0d1be584197094a991528,output,fake,sovits,anime_soft_anime_018_035_Jadala Ramesh.mp3.wav,417,10
203b21ce509f6b363bf6f91c8819c771,output,fake,sovits,anime_soft_anime_018_035_Jadala Ramesh.mp3.wav,418,10
cf6c2d72fe5323328f635d1250f8e6fc,output,fake,sovits,anime_soft_anime_018_035_Jadala Ramesh.mp3.wav,419,10
7e46812a20da272c7ad6505714cdc077,output,fake,sovits,anime_soft_anime_018_035_Jadala Ramesh.mp3.wav,420,10
d9396b1052134cbc9d965efc131a81f1,output,fake,sovits,anime_soft_anime_018_035_Jadala Ramesh.mp3.wav,421,10
42ff0b42e6106117390f3c96925fe0b7,output,fake,sovits,anime_soft_anime_018_035_Jadala Ramesh.mp3.wav,422,10
84d4028dfbeb3d84f43e3d9dc31afb6b,output,fake,sovits,anime_soft_anime_018_035_Jadala Ramesh.mp3.wav,423,10
33b16a69d21111d46d897f4eae1552fd,output,fake,sovits,anime_soft_anime_018_035_Jadala Ramesh.mp3.wav,424,10
473c3ab42d1583512847ca7c9dcd9d0a,output,fake,sovits,anime_soft_anime_018_035_Jadala Ramesh.mp3.wav,425,10
c8677c74acaae24a80f74745effc0d27,output,fake,sovits,anime_soft_anime_018_035_Jadala Ramesh.mp3.wav,426,10
5bebacb7a7ef621be3c89fdb8656754a,output,fake,sovits,anime_soft_anime_018_035_Jadala Ramesh.mp3.wav,427,10
5913e8a5ca37c07a08e4af4775f8aa5b,output,fake,sovits,anime_soft_anime_018_035_Jadala Ramesh.mp3.wav,428,10
32eb685fd9d13a5e9de0815fec669b7e,output,fake,sovits,anime_soft_anime_018_035_Jadala Ramesh.mp3.wav,429,10
aa7883f5814d802f2ed9bfffe3e002a6,output,fake,sovits,anime_soft_anime_018_035_Jadala Ramesh.mp3.wav,430,10
689665cdfd0cdeea5cd16c66213bd706,output,fake,sovits,anime_soft_anime_018_035_Jadala Ramesh.mp3.wav,431,10
9219775606e0d4db171cbf9b87895cae,output,fake,sovits,anime_soft_anime_018_035_Jadala Ramesh.mp3.wav,432,10
5981e3b7a27261e5f7fe4c8e4ce24c8a,output,fake,sovits,anime_soft_anime_018_035_Jadala Ramesh.mp3.wav,433,10
8a5d3dcbcc8d65b993b0b5322856bc7d,output,fake,sovits,anime_soft_anime_018_035_Jadala Ramesh.mp3.wav,434,10
59ab19dc93f555222bb644319c0dcbec,output,fake,sovits,anime_soft_anime_018_035_Jadala Ramesh.mp3.wav,435,10
9043f3ce765ba0f11d5008f479eceed9,output,fake,sovits,anime_soft_anime_018_035_Jadala Ramesh.mp3.wav,436,10
b174268748ae906646536b2a5ff0f033,output,fake,sovits,anime_soft_anime_018_035_Jadala Ramesh.mp3.wav,437,10
d7c25f3604a6b74f0319377ea818f49a,output,fake,sovits,anime_soft_anime_018_035_Jadala Ramesh.mp3.wav,438,10
2931777b508ffa3a08ad745540fd3319,output,fake,sovits,anime_soft_anime_018_035_Jadala Ramesh.mp3.wav,439,10
c3afb99b8e283078b2ef88b3a13bb2b4,output,fake,sovits,anime_soft_anime_018_035_Jadala Ramesh.mp3.wav,440,10
d14a3beca85635bbef026130740dcab7,output,fake,sovits,anime_soft_anime_018_035_Jadala Ramesh.mp3.wav,441,10
5b3bdc71aa41a8c2ec9bfe23cbde142a,output,fake,sovits,anime_soft_anime_018_035_Jadala Ramesh.mp3.wav,442,10
3084935a6a8f7e196ea0be1bf17d6519,output,fake,sovits,anime_soft_anime_018_035_Jadala Ramesh.mp3.wav,443,10
73127dfac506e7728984b22f81d02977,output,fake,sovits,anime_soft_anime_018_035_Jadala Ramesh.mp3.wav,444,10
a51c51caa883119460bf71603eca5859,output,fake,sovits,anime_soft_anime_018_035_Jadala Ramesh.mp3.wav,445,10
d6587b6391da7f2d36c4665e748ff3d0,output,fake,sovits,anime_soft_anime_018_035_Jadala Ramesh.mp3.wav,446,10
5a538c6b6f27c66a08a18ae955716d19,output,fake,sovits,anime_soft_anime_018_035_Jadala Ramesh.mp3.wav,447,10
f22ab62764b3f59e440a2be8885e66d4,output,fake,sovits,anime_soft_anime_018_035_Jadala Ramesh.mp3.wav,448,10
8fef3bf8ff8f8cbd46d2c04dd6f2cd31,output,fake,sovits,anime_soft_anime_018_035_Jadala Ramesh.mp3.wav,449,10
e005fb0834916499c3dd8d36b18507e3,output,fake,sovits,anime_soft_anime_018_035_Jadala Ramesh.mp3.wav,450,10
30e3565da158038aa1257421a943bba4,output,fake,sovits,anime_soft_anime_018_035_Jadala Ramesh.mp3.wav,451,10
423ed19f8108feb4de1ff0aa0b070c10,output,fake,sovits,anime_soft_anime_018_035_Jadala Ramesh.mp3.wav,452,10
b38fc9eed1b1cd59ac4ea084918dbd1c,output,fake,sovits,anime_soft_anime_018_035_Jadala Ramesh.mp3.wav,453,10
e8dcd3db57417bce33c9d2a877003e99,output,fake,sovits,anime_soft_anime_018_035_Jadala Ramesh.mp3.wav,454,10
75b41e50d36f9476c02b81102acd0824,output,fake,sovits,anime_soft_anime_018_035_Jadala Ramesh.mp3.wav,455,10
7f6672dd46d8b3b14af84f5655754025,output,fake,sovits,anime_soft_anime_018_035_Jadala Ramesh.mp3.wav,456,10
7ba1066d7a9dd65dd9839c08206882c9,output,fake,sovits,anime_soft_anime_018_035_Jadala Ramesh.mp3.wav,457,10
3b739dc1cb50439d986cf90781513e20,output,fake,sovits,anime_soft_anime_018_035_Jadala Ramesh.mp3.wav,458,10
48e7a070c43b93eda5cebfe2d108d00f,output,fake,sovits,anime_soft_anime_018_035_Jadala Ramesh.mp3.wav,459,10
248f9872fbad2bf6c43904ad4024ace3,output,fake,sovits,anime_soft_anime_018_035_Jadala Ramesh.mp3.wav,460,10
ab699699de7a39b4573aa37044427e2e,output,fake,sovits,anime_soft_anime_018_035_Jadala Ramesh.mp3.wav,461,10
e50c555f9e8809b2b3fc599fee0ceb65,output,fake,sovits,anime_soft_anime_018_035_Jadala Ramesh.mp3.wav,462,10
41593182a0f4ac7341bbae6c8451642a,output,fake,sovits,anime_soft_anime_018_035_Jadala Ramesh.mp3.wav,463,10
8501695b35dbeec743b9d39311d79433,output,fake,sovits,anime_soft_anime_018_035_Jadala Ramesh.mp3.wav,464,10
4c9bbc3a808340371c88c60748fc909f,output,fake,sovits,anime_soft_anime_018_035_Jadala Ramesh.mp3.wav,465,10
2e2807fcd304982ec7ed76c5143a09dc,output,fake,sovits,anime_soft_anime_018_035_Jadala Ramesh.mp3.wav,466,10
914bb2917a70d1bee1a23457c2abc61d,output,fake,sovits,anime_soft_anime_018_035_Jadala Ramesh.mp3.wav,467,10
32f10ff120586b7774eb7eb7b19e725e,output,fake,sovits,anime_soft_anime_018_035_Jadala Ramesh.mp3.wav,468,10
adccc793be21197d9dc1efcbbe19bd5e,output,fake,sovits,anime_soft_anime_018_035_Jadala Ramesh.mp3.wav,469,10
57b97c34de2bc951265e0cc32f95b9ed,output,fake,sovits,anime_soft_anime_018_035_Jadala Ramesh.mp3.wav,470,10
232e2d7f0bdf6bdb3823b7e31dfe51c9,output,fake,sovits,anime_soft_anime_018_035_Jadala Ramesh.mp3.wav,471,10
964eebd1f6df57201ef89a0146518ba1,output,fake,sovits,anime_soft_anime_018_035_Jadala Ramesh.mp3.wav,472,10
d3987b907b19f861d8914b887ded0b13,output,fake,sovits,anime_soft_anime_018_035_Jadala Ramesh.mp3.wav,473,10
1377e6d65f12dede4c9469539951ec85,output,fake,sovits,anime_soft_anime_018_035_Jadala Ramesh.mp3.wav,474,10
7a86f567331571ff2352f83f487fd6a8,output,fake,sovits,anime_soft_anime_018_035_Jadala Ramesh.mp3.wav,475,10
e49878ab0f45c9d3d522820836b7a63e,output,fake,sovits,anime_soft_anime_018_035_Jadala Ramesh.mp3.wav,476,10
fcab96ed8f3499b8d4eebd31436540c8,output,fake,sovits,anime_soft_anime_018_035_Jadala Ramesh.mp3.wav,477,10
9da555b595c4b78cb2a60aff1026f83e,output,fake,sovits,anime_soft_anime_018_035_Jadala Ramesh.mp3.wav,478,10
0220f1c52e0342f1ec33e24a9ddf04cf,output,fake,sovits,anime_soft_anime_018_035_Jadala Ramesh.mp3.wav,479,10
c8f44eeaafc75505cd37bdadc2937eb5,output,fake,sovits,anime_soft_anime_018_035_Jadala Ramesh.mp3.wav,480,10
a6236fc2dc4f115112c3ecea505463f7,output,fake,sovits,anime_soft_anime_018_035_Jadala Ramesh.mp3.wav,481,10
39b631b4df42dfbb89cd1c5f71400a24,output,fake,sovits,anime_soft_anime_018_035_Jadala Ramesh.mp3.wav,482,10
d761e8a6b111a2cdb2d9b3c0adb68237,output,fake,sovits,anime_soft_anime_018_035_Jadala Ramesh.mp3.wav,483,10
83b37e20403d204f9e6075a68cdb30ff,output,fake,sovits,anime_soft_anime_018_035_Jadala Ramesh.mp3.wav,484,10
4e4dde6b1c4a81b3d5eef602884ce5a6,output,fake,sovits,anime_soft_anime_018_035_Jadala Ramesh.mp3.wav,485,10
510e26e24e4d1551a0a6126ff1c8081e,output,fake,sovits,anime_soft_anime_018_035_Jadala Ramesh.mp3.wav,486,10
2d5c1c60a933788fe5a53f56501590fd,output,fake,sovits,anime_soft_anime_018_035_Jadala Ramesh.mp3.wav,487,10
5132f50552ee7f371036ed6dad593e82,output,fake,sovits,anime_soft_anime_018_035_Jadala Ramesh.mp3.wav,488,10
8dc579be2aaf8cb18c54eb1d712cf6bc,output,fake,sovits,anime_soft_anime_018_035_Jadala Ramesh.mp3.wav,489,10
16ca73168362f5107a9fd3a6340441fd,output,fake,sovits,anime_soft_anime_018_035_Jadala Ramesh.mp3.wav,490,10
d31386f5fea2be7b4baa216d32ad2dae,output,fake,sovits,anime_soft_anime_018_035_Jadala Ramesh.mp3.wav,491,10
bae6a1d76721cd95ed1149c6f5d8ae54,output,fake,sovits,anime_soft_anime_018_035_Jadala Ramesh.mp3.wav,492,10
de2a515fe8f94cb31056f6cf06ab671c,output,fake,sovits,anime_soft_anime_018_035_Jadala Ramesh.mp3.wav,493,10
b4575c6dbd8c2ab08d276c3e40f7060e,output,fake,sovits,anime_soft_anime_018_035_Jadala Ramesh.mp3.wav,494,10
f3e3dcf2a0f729a7d468c51067a69cd1,output,fake,sovits,anime_soft_anime_018_035_Jadala Ramesh.mp3.wav,495,10
c727ee60091941f6355fb3fc2e302740,output,fake,sovits,anime_soft_anime_018_035_Jadala Ramesh.mp3.wav,496,10
95bd528f609be5d4789c0dbf7fb62195,output,fake,sovits,anime_soft_anime_018_035_Jadala Ramesh.mp3.wav,497,10
158d294b8dfc483fbc8521456a0a66ca,output,fake,sovits,anime_soft_anime_018_035_Jadala Ramesh.mp3.wav,498,10
c2ce0860756c4700e438e7ec03fad60e,output,fake,sovits,anime_soft_anime_018_035_Jadala Ramesh.mp3.wav,499,10
45db1a631b12454353c63251e3fa5ede,output,fake,sovits,anime_soft_anime_018_035_Jadala Ramesh.mp3.wav,500,10
5b1c7c04023072f7be08d7fe6e314162,output,fake,sovits,anime_soft_anime_018_035_Jadala Ramesh.mp3.wav,501,10
ee976023a12973ba277178711613113a,output,fake,sovits,anime_soft_anime_018_035_Jadala Ramesh.mp3.wav,502,10
640c5c85a4fa954ab27213f64c8b4f8e,output,fake,sovits,anime_soft_anime_018_035_Jadala Ramesh.mp3.wav,503,10
c7352ed085409b07a42e6d5b09be420b,output,fake,sovits,anime_soft_anime_018_035_Jadala Ramesh.mp3.wav,504,10
f46b0db12492376005258297ad03e128,output,fake,sovits,anime_soft_anime_018_035_Jadala Ramesh.mp3.wav,505,10
245ae298a76e122615a674897640ab2c,output,fake,sovits,anime_soft_anime_018_035_Jadala Ramesh.mp3.wav,506,10
8103f1d0727bf7be2f9a33a3956da962,output,fake,sovits,anime_soft_anime_018_035_Jadala Ramesh.mp3.wav,507,10
9d440b206f20e56b400d9c8116b10f1c,output,fake,sovits,anime_soft_anime_018_035_Jadala Ramesh.mp3.wav,508,10
1b1eca433670a8bc3952a705f9e67cd4,output,fake,sovits,anime_soft_anime_018_035_Jadala Ramesh.mp3.wav,509,10
89628cded3ecc0c99a95afecc965f8f4,output,fake,sovits,anime_soft_anime_018_035_Jadala Ramesh.mp3.wav,510,10
e7350f89354704e5d84131132989634d,output,fake,sovits,anime_soft_anime_018_035_Jadala Ramesh.mp3.wav,511,10
15fc0930ecce8b8d4ced0f00feb75c9e,output,fake,sovits,anime_soft_anime_018_035_Jadala Ramesh.mp3.wav,512,10
26e49369b0360c624db9f1bba078f499,output,fake,sovits,anime_kawaii_girl_019_039_Sandhya Koyyada.mp3.wav,0,10
15085bb484a46f6b19b35455412889b4,output,fake,sovits,anime_kawaii_girl_019_039_Sandhya Koyyada.mp3.wav,1,10
30d91d53db6a1973736a4d598ae3364c,output,fake,sovits,anime_kawaii_girl_019_039_Sandhya Koyyada.mp3.wav,2,10
0ab7b7dc531d1ba0bf1a2566626f1eab,output,fake,sovits,anime_kawaii_girl_019_039_Sandhya Koyyada.mp3.wav,3,10
f630aa4b9866aeabd71cd96bf0788cb0,output,fake,sovits,anime_kawaii_girl_019_039_Sandhya Koyyada.mp3.wav,4,10
cef4f0d72f730e93c9af59f12ece13eb,output,fake,sovits,anime_kawaii_girl_019_039_Sandhya Koyyada.mp3.wav,5,10
94ef96a7267d6793ae819da117210ff7,output,fake,sovits,anime_kawaii_girl_019_039_Sandhya Koyyada.mp3.wav,6,10
cce72bc54064d35c07eda2bfff7fc858,output,fake,sovits,anime_kawaii_girl_019_039_Sandhya Koyyada.mp3.wav,7,10
719efd927fcf0e628d53676088866949,output,fake,sovits,anime_kawaii_girl_019_039_Sandhya Koyyada.mp3.wav,8,10
6d1b422c5fc324e758fe04a41c5281b6,output,fake,sovits,anime_kawaii_girl_019_039_Sandhya Koyyada.mp3.wav,9,10
07071a09ff00e81d69fc585601f9eb55,output,fake,sovits,anime_kawaii_girl_019_039_Sandhya Koyyada.mp3.wav,10,10
259d7181ce714911529d0870206ee878,output,fake,sovits,anime_kawaii_girl_019_039_Sandhya Koyyada.mp3.wav,11,10
1fa0a4925e3a688640956116b988f6e4,output,fake,sovits,anime_kawaii_girl_019_039_Sandhya Koyyada.mp3.wav,12,10
5e6d4a6d272b013f169b171bbb471751,output,fake,sovits,anime_kawaii_girl_019_039_Sandhya Koyyada.mp3.wav,13,10
d5b8d5f935c6daa4c37b940975cd35da,output,fake,sovits,anime_kawaii_girl_019_039_Sandhya Koyyada.mp3.wav,14,10
593ac6d16bd33a895bf83d6be108cbd9,output,fake,sovits,anime_kawaii_girl_019_039_Sandhya Koyyada.mp3.wav,15,10
63ea75faa6400d55deac112080f7f831,output,fake,sovits,anime_kawaii_girl_019_039_Sandhya Koyyada.mp3.wav,16,10
3fbe4accaeb81686a08cc7ffe6b935a0,output,fake,sovits,anime_kawaii_girl_019_039_Sandhya Koyyada.mp3.wav,17,10
4908ca1bc71ff547d1ddf0687d764fba,output,fake,sovits,anime_kawaii_girl_019_039_Sandhya Koyyada.mp3.wav,18,10
eb472f1b0fb75f27bae6d7069eb6b0e7,output,fake,sovits,anime_kawaii_girl_019_039_Sandhya Koyyada.mp3.wav,19,10
6964f20e478805eb2816d7737e9d06af,output,fake,sovits,anime_kawaii_girl_019_039_Sandhya Koyyada.mp3.wav,20,10
31d2fae7b55ddd8261ad212dbe8736bd,output,fake,sovits,anime_kawaii_girl_019_039_Sandhya Koyyada.mp3.wav,21,10
c79dd74241c3007b352cf1ab6252abbd,output,fake,sovits,anime_kawaii_girl_019_039_Sandhya Koyyada.mp3.wav,22,10
cf46cae72051174c9194dd2fc94eb77e,output,fake,sovits,anime_kawaii_girl_019_039_Sandhya Koyyada.mp3.wav,23,10
961e84018aa44cab86b5e5d440f00467,output,fake,sovits,anime_kawaii_girl_019_039_Sandhya Koyyada.mp3.wav,24,10
94e8577b7a23be605930245f99285230,output,fake,sovits,anime_kawaii_girl_019_039_Sandhya Koyyada.mp3.wav,25,10
3af51b0d518826bf3794704fa143a563,output,fake,sovits,anime_kawaii_girl_019_039_Sandhya Koyyada.mp3.wav,26,10
997b601598a45a6b75127e5eac20e683,output,fake,sovits,anime_kawaii_girl_019_039_Sandhya Koyyada.mp3.wav,27,10
a79817f9ee73fb4cef2ad0d5c946c6a6,output,fake,sovits,anime_kawaii_girl_019_039_Sandhya Koyyada.mp3.wav,28,10
466e8c61d7ed6ee6829c397cea55ca90,output,fake,sovits,anime_energetic_idol_020_040_Mounika Reddy.mp3.wav,0,10
207c252278cdeb39ea6a22543af8024b,output,fake,sovits,anime_energetic_idol_020_040_Mounika Reddy.mp3.wav,1,10
299247d9c96e5be38c7e67a34cf3b7a4,output,fake,sovits,anime_energetic_idol_020_040_Mounika Reddy.mp3.wav,2,10
d752e858b2037533c3fb9705a7988b2d,output,fake,sovits,anime_energetic_idol_020_040_Mounika Reddy.mp3.wav,3,10
e94bdb99f46ac0b9bb4f5e46878b58b0,output,fake,sovits,anime_energetic_idol_020_040_Mounika Reddy.mp3.wav,4,10
08f7906df880811f3ef24298842e8f3f,output,fake,sovits,anime_energetic_idol_020_040_Mounika Reddy.mp3.wav,5,10
f5c8eaf2679f202d61644c0b700ab96c,output,fake,sovits,anime_energetic_idol_020_040_Mounika Reddy.mp3.wav,6,10
c15c7ebc211423a16f2f9ae5e45bd29e,output,fake,sovits,anime_energetic_idol_020_040_Mounika Reddy.mp3.wav,7,10
6b8ee79616a036ec8617698f9944a446,output,fake,sovits,anime_energetic_idol_020_040_Mounika Reddy.mp3.wav,8,10
72c043bb04803f5b9f2a64d1fedcc109,output,fake,sovits,anime_energetic_idol_020_040_Mounika Reddy.mp3.wav,9,10
ff89960cb8de1e20a2f427038344a8f4,output,fake,sovits,anime_energetic_idol_020_040_Mounika Reddy.mp3.wav,10,10
204ee6be2bab37686308199aaa78b9ab,output,fake,sovits,anime_energetic_idol_020_040_Mounika Reddy.mp3.wav,11,10
839e143dbebf6ea1379dbdf29f88b31d,output,fake,sovits,anime_energetic_idol_020_040_Mounika Reddy.mp3.wav,12,10
c4414ece91afaa0d03ddbf97594386fd,output,fake,sovits,anime_energetic_idol_020_040_Mounika Reddy.mp3.wav,13,10
781316031509e1981fd229f299b4a129,output,fake,sovits,anime_energetic_idol_020_040_Mounika Reddy.mp3.wav,14,10
4b630e1c7379f3293a730c7ef82f00cc,output,fake,sovits,anime_energetic_idol_020_040_Mounika Reddy.mp3.wav,15,10
07337a3079f0754ec0cbc7bd3ef5fbde,output,fake,sovits,anime_energetic_idol_020_040_Mounika Reddy.mp3.wav,16,10
88f2d4eeaa252d29820dbe08a8291c7a,output,fake,sovits,anime_energetic_idol_020_040_Mounika Reddy.mp3.wav,17,10
a4e055c8d3444fe8e763449296df4f6c,output,fake,sovits,anime_energetic_idol_020_040_Mounika Reddy.mp3.wav,18,10
626b99a93ec5555e1a1a73b961ec98eb,output,fake,sovits,anime_energetic_idol_020_040_Mounika Reddy.mp3.wav,19,10
ab4d3356da066c95745caad45c51b46f,output,fake,sovits,anime_energetic_idol_020_040_Mounika Reddy.mp3.wav,20,10
ddbd190e8c51820073666ad22bde5318,output,fake,sovits,anime_energetic_idol_020_040_Mounika Reddy.mp3.wav,21,10
d39992d43878a5411ebfe53dfe13e40c,output,fake,sovits,anime_energetic_idol_020_040_Mounika Reddy.mp3.wav,22,10
4f39633d5bb24ab07f6c3c23e972f154,output,fake,sovits,anime_energetic_idol_020_040_Mounika Reddy.mp3.wav,23,10
906b4742a4d7333817a54bb1aa643f70,output,fake,sovits,anime_energetic_idol_020_040_Mounika Reddy.mp3.wav,24,10
3b42664d65b229ceede2a316d3772e27,output,fake,sovits,anime_energetic_idol_020_040_Mounika Reddy.mp3.wav,25,10
5ce47a3714190a15c7ccd3c8f528735a,output,fake,sovits,anime_energetic_idol_020_040_Mounika Reddy.mp3.wav,26,10
0fb55a3be89bd10292b3b7c85760157d,output,fake,sovits,anime_energetic_idol_020_040_Mounika Reddy.mp3.wav,27,10
a60604b3808ff8a9d318e1b4336d76ca,output,fake,sovits,anime_energetic_idol_020_040_Mounika Reddy.mp3.wav,28,10
d2b35da7d93edea0cab86d5547067789,output,fake,sovits,anime_energetic_idol_020_040_Mounika Reddy.mp3.wav,29,10
91bc7986ab47b216eba995672b3b3209,output,fake,sovits,anime_energetic_idol_020_040_Mounika Reddy.mp3.wav,30,10
bb1be4a9c370dbc588ec20d0e69b4869,output,fake,sovits,anime_soft_anime_021_042_Vandemataram Srinivas.mp3.wav,0,10
eb54d26eb4b7fbbe980b7b15a35bc984,output,fake,sovits,anime_soft_anime_021_042_Vandemataram Srinivas.mp3.wav,1,10
5a550a8779dc5c13cecd2347e15184e4,output,fake,sovits,anime_soft_anime_021_042_Vandemataram Srinivas.mp3.wav,2,10
460fb5e2b50e127ccd5147d010b16e14,output,fake,sovits,anime_soft_anime_021_042_Vandemataram Srinivas.mp3.wav,3,10
d5ab12ba7b79c0313b0d6abbfd91f056,output,fake,sovits,anime_soft_anime_021_042_Vandemataram Srinivas.mp3.wav,4,10
444ec4f0e97080441efc7bbd909ebbbb,output,fake,sovits,anime_soft_anime_021_042_Vandemataram Srinivas.mp3.wav,5,10
89f469edd361da4f0fd54259993fbcd7,output,fake,sovits,anime_soft_anime_021_042_Vandemataram Srinivas.mp3.wav,6,10
1c402e55fe84d90c136dd12ff04b850c,output,fake,sovits,anime_soft_anime_021_042_Vandemataram Srinivas.mp3.wav,7,10
b949ef979ee0a44cfab8c0e5bc843fc5,output,fake,sovits,anime_soft_anime_021_042_Vandemataram Srinivas.mp3.wav,8,10
e4f768cba686b76abed2be67b2b42af6,output,fake,sovits,anime_soft_anime_021_042_Vandemataram Srinivas.mp3.wav,9,10
71f41b0a4a45cbae4d515dd69f68d2e5,output,fake,sovits,anime_soft_anime_021_042_Vandemataram Srinivas.mp3.wav,10,10
1167c2989c809d1c3e893a3dbd89e2fc,output,fake,sovits,anime_soft_anime_021_042_Vandemataram Srinivas.mp3.wav,11,10
c9dafcbe98c77f95d2c0faf812e8326a,output,fake,sovits,anime_soft_anime_021_042_Vandemataram Srinivas.mp3.wav,12,10
c3417f059aa89dc85758f287c042839c,output,fake,sovits,anime_soft_anime_021_042_Vandemataram Srinivas.mp3.wav,13,10
a4fa085c617ac6972ff9c4d969af3bcf,output,fake,sovits,anime_soft_anime_021_042_Vandemataram Srinivas.mp3.wav,14,10
529d9f473e4cec31587f55d024379d4b,output,fake,sovits,anime_soft_anime_021_042_Vandemataram Srinivas.mp3.wav,15,10
6e4075ce091868430e8970d70755ab21,output,fake,sovits,anime_soft_anime_021_042_Vandemataram Srinivas.mp3.wav,16,10
fb51f1c88fd2e7a7cea3412ca38f8508,output,fake,sovits,anime_soft_anime_021_042_Vandemataram Srinivas.mp3.wav,17,10
bfeb93d7fc0c09146aca61952ef5e590,output,fake,sovits,anime_soft_anime_021_042_Vandemataram Srinivas.mp3.wav,18,10
52107e940d4a78da9a1ad8edd66f8f0f,output,fake,sovits,anime_soft_anime_021_042_Vandemataram Srinivas.mp3.wav,19,10
ac22b67b25bcccff975fc1deff6b8f28,output,fake,sovits,anime_soft_anime_021_042_Vandemataram Srinivas.mp3.wav,20,10
ea1f30a080de1fef0daca00f2b30f003,output,fake,sovits,anime_soft_anime_021_042_Vandemataram Srinivas.mp3.wav,21,10
8baf6811704299251f55141d69f0d075,output,fake,sovits,anime_soft_anime_021_042_Vandemataram Srinivas.mp3.wav,22,10
e346c69c03ae932b19622654063837a8,output,fake,sovits,anime_soft_anime_021_042_Vandemataram Srinivas.mp3.wav,23,10
441c494fb7a5422e3ad897cbdc26ac55,output,fake,sovits,anime_soft_anime_021_042_Vandemataram Srinivas.mp3.wav,24,10
107d5ba5d21f5fe7d8cb7591f1d13640,output,fake,sovits,anime_soft_anime_021_042_Vandemataram Srinivas.mp3.wav,25,10
5b81064239bc049e8a87efd4fc6a7725,output,fake,sovits,anime_soft_anime_021_042_Vandemataram Srinivas.mp3.wav,26,10
62039e84e15054a2bab4f62d33719570,output,fake,sovits,anime_soft_anime_021_042_Vandemataram Srinivas.mp3.wav,27,10
39eed6b584be4d0eac6f8bf55843edf1,output,fake,sovits,anime_soft_anime_021_042_Vandemataram Srinivas.mp3.wav,28,10
50a8d2031de1a9e6326a8559187346d5,output,fake,sovits,anime_soft_anime_021_042_Vandemataram Srinivas.mp3.wav,29,10
64bb44654e3f81d1824ba22ec0a99a50,output,fake,sovits,anime_kawaii_girl_022_044_Devayya.mp3.wav,0,10
3eeb964fa8197996b728c47228607183,output,fake,sovits,anime_kawaii_girl_022_044_Devayya.mp3.wav,1,10
7ee51ef1b3b890d70c79937d6a2a5f95,output,fake,sovits,anime_kawaii_girl_022_044_Devayya.mp3.wav,2,10
e0805943dcdb12416a2789091ada5b11,output,fake,sovits,anime_kawaii_girl_022_044_Devayya.mp3.wav,3,10
b18bea80aa828187239822e7514cbf57,output,fake,sovits,anime_kawaii_girl_022_044_Devayya.mp3.wav,4,10
826c07517ef550b4920b65294816b81c,output,fake,sovits,anime_kawaii_girl_022_044_Devayya.mp3.wav,5,10
a9033794f1773cc82e9182d8c68fdc4e,output,fake,sovits,anime_kawaii_girl_022_044_Devayya.mp3.wav,6,10
5557071ae8c7a91234136c1f30b52b3a,output,fake,sovits,anime_kawaii_girl_022_044_Devayya.mp3.wav,7,10
f21677f1fc8cca39b368629ffb1011aa,output,fake,sovits,anime_kawaii_girl_022_044_Devayya.mp3.wav,8,10
766697e6da987d95b4e5cceeb6bb599b,output,fake,sovits,anime_kawaii_girl_022_044_Devayya.mp3.wav,9,10
555225ec5615c670b5ce629240ab2276,output,fake,sovits,anime_kawaii_girl_022_044_Devayya.mp3.wav,10,10
8cac4e90be92d51e053833d70885325d,output,fake,sovits,anime_kawaii_girl_022_044_Devayya.mp3.wav,11,10
6b71d548670cc0192ae33d449a9d8f63,output,fake,sovits,anime_kawaii_girl_022_044_Devayya.mp3.wav,12,10
dbab2ddc9d9f98708bc3a9ff743f19c6,output,fake,sovits,anime_kawaii_girl_022_044_Devayya.mp3.wav,13,10
ff18b2abcff987932f5b3af1966dcf5d,output,fake,sovits,anime_kawaii_girl_022_044_Devayya.mp3.wav,14,10
264c3b418f90157362e77898420afdda,output,fake,sovits,anime_kawaii_girl_022_044_Devayya.mp3.wav,15,10
f36f62d5d4c6890bd6d7984c89fff8a9,output,fake,sovits,anime_kawaii_girl_022_044_Devayya.mp3.wav,16,10
d745f421b7b23bab9e1d7e101933fcd8,output,fake,sovits,anime_kawaii_girl_022_044_Devayya.mp3.wav,17,10
d4bf61e6e38b6dd9e985f8afbe5931cb,output,fake,sovits,anime_kawaii_girl_022_044_Devayya.mp3.wav,18,10
800efded018952e5a158de1fff264221,output,fake,sovits,anime_kawaii_girl_022_044_Devayya.mp3.wav,19,10
f37ff8c6494d94dd64a06d6ae5fa446b,output,fake,sovits,anime_kawaii_girl_022_044_Devayya.mp3.wav,20,10
71f7f71e7f4cb3ef63a8111277cd6d5e,output,fake,sovits,anime_kawaii_girl_022_044_Devayya.mp3.wav,21,10
f26e9c4ec125f525638b407395b00b4c,output,fake,sovits,anime_kawaii_girl_022_044_Devayya.mp3.wav,22,10
f9f5d95eacf93655dc6e23070b10f1ee,output,fake,sovits,anime_kawaii_girl_022_044_Devayya.mp3.wav,23,10
20934fe592948bdef1e81a9187593267,output,fake,sovits,anime_kawaii_girl_022_044_Devayya.mp3.wav,24,10
ac2144009e74422ef6df81e2353b6675,output,fake,sovits,anime_kawaii_girl_022_044_Devayya.mp3.wav,25,10
a27c9cd3bdde6422f6329780ef893853,output,fake,sovits,anime_kawaii_girl_022_044_Devayya.mp3.wav,26,10
8b7c9d9190bc2164b41384ea24608e5c,output,fake,sovits,anime_kawaii_girl_022_044_Devayya.mp3.wav,27,10
e945e96916d9540eac26b218ee32d72a,output,fake,sovits,anime_kawaii_girl_022_044_Devayya.mp3.wav,28,10
0af53b719c4df79e393ee9dc264d5c9c,output,fake,sovits,anime_kawaii_girl_022_044_Devayya.mp3.wav,29,10
e48f894aef6f4bd455b16b5ed5aab651,output,fake,sovits,anime_kawaii_girl_022_044_Devayya.mp3.wav,30,10
129467a4c3aa49083aafc378bb9f23c7,output,fake,sovits,anime_kawaii_girl_022_044_Devayya.mp3.wav,31,10
f2c5c3222630ad4053505a1049649d81,output,fake,sovits,anime_kawaii_girl_022_044_Devayya.mp3.wav,32,10
583b0313a48442733a1809e18d2592d2,output,fake,sovits,anime_kawaii_girl_022_044_Devayya.mp3.wav,33,10
550e218f71d0539a369342edb25214eb,output,fake,sovits,anime_kawaii_girl_022_044_Devayya.mp3.wav,34,10
53714603f8267670abc532e191eb1b56,output,fake,sovits,anime_kawaii_girl_022_044_Devayya.mp3.wav,35,10
79cee3b5259d53fb6eca998bc490fdf9,output,fake,sovits,anime_kawaii_girl_022_044_Devayya.mp3.wav,36,10
80ba47871febe50e7d4ec564920eb57c,output,fake,sovits,anime_kawaii_girl_022_044_Devayya.mp3.wav,37,10
7e5554250075912ba143bbcbba121f3d,output,fake,sovits,anime_kawaii_girl_022_044_Devayya.mp3.wav,38,10
4c5b745ffd5d448855b2411f43db677b,output,fake,sovits,anime_kawaii_girl_022_044_Devayya.mp3.wav,39,10
cb2953e308bb1dd9f4128cde8e8977ba,output,fake,sovits,anime_kawaii_girl_022_044_Devayya.mp3.wav,40,10
a03fae402bef14a13d952647409ed90e,output,fake,sovits,anime_kawaii_girl_022_044_Devayya.mp3.wav,41,10
ce1b49e44ffbd36680772d8d87349c3b,output,fake,sovits,anime_kawaii_girl_022_044_Devayya.mp3.wav,42,10
3ab5c94f866b57ee40020b3d945045f8,output,fake,sovits,anime_kawaii_girl_022_044_Devayya.mp3.wav,43,10
1c94ff33feb06522d23aa6bdb4c928d7,output,fake,sovits,anime_kawaii_girl_022_044_Devayya.mp3.wav,44,10
77ef72b4c2a2d0dfa495cfbbd69b624b,output,fake,sovits,anime_kawaii_girl_022_044_Devayya.mp3.wav,45,10
3e3b9dec6ea95fb186e0702051791075,output,fake,sovits,anime_kawaii_girl_022_044_Devayya.mp3.wav,46,10
d63859f68b28cd987a251ab4252fec99,output,fake,sovits,anime_kawaii_girl_022_044_Devayya.mp3.wav,47,10
8dddda292c06f4126e9c648ab58cdcb0,output,fake,sovits,anime_kawaii_girl_022_044_Devayya.mp3.wav,48,10
60738f86c0769869a29386df335fad42,output,fake,sovits,anime_kawaii_girl_022_044_Devayya.mp3.wav,49,10
ac0b53a043ea8c4138e52fb2db11fd10,output,fake,sovits,anime_kawaii_girl_022_044_Devayya.mp3.wav,50,10
e82a49ca626ee6c42b2a8e9fcdf98be5,output,fake,sovits,anime_kawaii_girl_022_044_Devayya.mp3.wav,51,10
e995a1ea28ae03c21a669951382686e9,output,fake,sovits,anime_kawaii_girl_022_044_Devayya.mp3.wav,52,10
3bd28c529b931152aca10eaf42fb7918,output,fake,sovits,anime_kawaii_girl_022_044_Devayya.mp3.wav,53,10
0a44d06e1e9792d8d0b318225cff0a3e,output,fake,sovits,anime_kawaii_girl_022_044_Devayya.mp3.wav,54,10
0d567f5d2961be1dd994966d83943c54,output,fake,sovits,anime_kawaii_girl_022_044_Devayya.mp3.wav,55,10
78dbdb29112d91f2855d109e97d4a3cc,output,fake,sovits,anime_kawaii_girl_022_044_Devayya.mp3.wav,56,10
a604d3f67f9711252b932479de333474,output,fake,sovits,anime_kawaii_girl_022_044_Devayya.mp3.wav,57,10
ce93367244db6a10b98fbb608982a843,output,fake,sovits,anime_kawaii_girl_022_044_Devayya.mp3.wav,58,10
bc7491ac0e0d04f01792dd3816ff3c60,output,fake,sovits,anime_kawaii_girl_022_044_Devayya.mp3.wav,59,10
1824d9a549422f20d0b48f5f987d4810,output,fake,sovits,anime_kawaii_girl_022_044_Devayya.mp3.wav,60,10
c117198cc6838918bdc8f8e5bb5e37d9,output,fake,sovits,anime_kawaii_girl_022_044_Devayya.mp3.wav,61,10
3c132364f13b082e1f480523fff26de2,output,fake,sovits,anime_kawaii_girl_022_044_Devayya.mp3.wav,62,10
0b72c3517156edd4fd418aff9b43e98b,output,fake,sovits,anime_kawaii_girl_022_044_Devayya.mp3.wav,63,10
55d898d0c4a51ffbba8d4d59b06ab98e,output,fake,sovits,anime_kawaii_girl_022_044_Devayya.mp3.wav,64,10
48ef713c6a6025712cd5c06267b63ee1,output,fake,sovits,anime_kawaii_girl_022_044_Devayya.mp3.wav,65,10
020aa7a48fa596dfc0a1942cd4f77e1f,output,fake,sovits,anime_kawaii_girl_022_044_Devayya.mp3.wav,66,10
c3852b63d8e4dc1a6e8e13a302281535,output,fake,sovits,anime_kawaii_girl_022_044_Devayya.mp3.wav,67,10
b6fb414be896b3d8c3375d335421f522,output,fake,sovits,anime_kawaii_girl_022_044_Devayya.mp3.wav,68,10
0d2c0349fc00745e4dbdeaa9c3ffaa9b,output,fake,sovits,anime_kawaii_girl_022_044_Devayya.mp3.wav,69,10
c0e0511148f009778a53798251c68ba7,output,fake,sovits,anime_kawaii_girl_022_044_Devayya.mp3.wav,70,10
18bc10b0f10b5f376ec26981c3fb2652,output,fake,sovits,anime_kawaii_girl_022_044_Devayya.mp3.wav,71,10
4f5ea0cd85bfcd03f06ac979040768aa,output,fake,sovits,anime_kawaii_girl_022_044_Devayya.mp3.wav,72,10
e053c5e8c88dd2d226e84cca893176bd,output,fake,sovits,anime_kawaii_girl_022_044_Devayya.mp3.wav,73,10
f40ff109a79f32d77835054eabe94b94,output,fake,sovits,anime_kawaii_girl_022_044_Devayya.mp3.wav,74,10
56d550822439468e7f8b73b7059cbc33,output,fake,sovits,anime_kawaii_girl_022_044_Devayya.mp3.wav,75,10
21bcdda23f1dbd2d17471c1d9bb1f670,output,fake,sovits,anime_kawaii_girl_022_044_Devayya.mp3.wav,76,10
6be07576742f982cf57c09a5d13b02a1,output,fake,sovits,anime_kawaii_girl_022_044_Devayya.mp3.wav,77,10
19db2513d9c416e15a36d3223c0fa79e,output,fake,sovits,anime_kawaii_girl_022_044_Devayya.mp3.wav,78,10
54eb0ead3fc4cb4dd3fa2f7c848585b0,output,fake,sovits,anime_kawaii_girl_022_044_Devayya.mp3.wav,79,10
e952aa793e2e14f28d4d01591408a509,output,fake,sovits,anime_kawaii_girl_022_044_Devayya.mp3.wav,80,10
55fe26a82096ca2d2bf4d54cf86db74e,output,fake,sovits,anime_kawaii_girl_022_044_Devayya.mp3.wav,81,10
2463c3cafbb903f915fd70fba16301ac,output,fake,sovits,anime_kawaii_girl_022_044_Devayya.mp3.wav,82,10
d06d8de58f10329bbdbb64cb787fccf6,output,fake,sovits,anime_kawaii_girl_022_044_Devayya.mp3.wav,83,10
e2d1b309108f5946f8ff0acd5218f780,output,fake,sovits,anime_kawaii_girl_022_044_Devayya.mp3.wav,84,10
9e1dea67774aa6bb960665fe13062e69,output,fake,sovits,anime_kawaii_girl_022_044_Devayya.mp3.wav,85,10
470c9ff372c7da1e7eb7e4c8a89a9adb,output,fake,sovits,anime_kawaii_girl_022_044_Devayya.mp3.wav,86,10
420a8d0cba1c28269150f0d1a32ebc7f,output,fake,sovits,anime_kawaii_girl_022_044_Devayya.mp3.wav,87,10
68d1b120b8a640d0a8f5a82b6fd8800e,output,fake,sovits,anime_kawaii_girl_022_044_Devayya.mp3.wav,88,10
b1d81a16beed6a0522d2e33a4988b6e1,output,fake,sovits,anime_kawaii_girl_022_044_Devayya.mp3.wav,89,10
acb95519012209cfd5a9f2f86c8f3f6d,output,fake,sovits,anime_kawaii_girl_022_044_Devayya.mp3.wav,90,10
d55397448ade5e5863a4a306f55b4d09,output,fake,sovits,anime_kawaii_girl_022_044_Devayya.mp3.wav,91,10
103fb62e3a22e7672f1e3ad0c728ee98,output,fake,sovits,anime_kawaii_girl_022_044_Devayya.mp3.wav,92,10
4438ecd55d625a8463b7d02cb0e1c25d,output,fake,sovits,anime_kawaii_girl_022_044_Devayya.mp3.wav,93,10
f3914e40750c6848645a833c7f4f45e8,output,fake,sovits,anime_kawaii_girl_022_044_Devayya.mp3.wav,94,10
c5957af29151047ccff41792a708c917,output,fake,sovits,anime_kawaii_girl_022_044_Devayya.mp3.wav,95,10
7f031f34aae1bd9425f0fb69035eaded,output,fake,sovits,anime_kawaii_girl_022_044_Devayya.mp3.wav,96,10
a9ac646757170479bd175fe8d8031392,output,fake,sovits,anime_kawaii_girl_022_044_Devayya.mp3.wav,97,10
eaa02cff30a3b18fa0e9c9f0d920f29a,output,fake,sovits,anime_kawaii_girl_022_044_Devayya.mp3.wav,98,10
0a41a3dc099ab687b0242ed09a5020ff,output,fake,sovits,anime_kawaii_girl_022_044_Devayya.mp3.wav,99,10
c3cb5c31215565f87a5a7b6793eefedd,output,fake,sovits,anime_kawaii_girl_022_044_Devayya.mp3.wav,100,10
52481c44da87d9dc89c36217f05cfdf7,output,fake,sovits,anime_kawaii_girl_022_044_Devayya.mp3.wav,101,10
1fb2ee65fe2b9a6a3485e147e29c71ab,output,fake,sovits,anime_kawaii_girl_022_044_Devayya.mp3.wav,102,10
eddcf580a9099de6e09166b28ef31f93,output,fake,sovits,anime_kawaii_girl_022_044_Devayya.mp3.wav,103,10
e9b5a035b3ce9084cb04fea5a4f2f3b0,output,fake,sovits,anime_kawaii_girl_022_044_Devayya.mp3.wav,104,10
8efcac8cb5f0ce9fdd348373783228e2,output,fake,sovits,anime_kawaii_girl_022_044_Devayya.mp3.wav,105,10
b3d2748b582f45b0149d0c170758086a,output,fake,sovits,anime_kawaii_girl_022_044_Devayya.mp3.wav,106,10
1132939c743947c2d749697003cc874b,output,fake,sovits,anime_kawaii_girl_022_044_Devayya.mp3.wav,107,10
45f8d0663fb502153b8c6138221bc99a,output,fake,sovits,anime_kawaii_girl_022_044_Devayya.mp3.wav,108,10
c4324f85599b93889d9efdede5a6f989,output,fake,sovits,anime_kawaii_girl_022_044_Devayya.mp3.wav,109,10
e5c14cebe19c909a6a34ab4c3ca3fcb2,output,fake,sovits,anime_kawaii_girl_022_044_Devayya.mp3.wav,110,10
037dcdb2105bd7a67023cd0d8ed36803,output,fake,sovits,anime_kawaii_girl_022_044_Devayya.mp3.wav,111,10
03e7ad86fa730947fcaa8c49fc53a42b,output,fake,sovits,anime_kawaii_girl_022_044_Devayya.mp3.wav,112,10
57485405d76a5480000541a7b7d245cc,output,fake,sovits,anime_kawaii_girl_022_044_Devayya.mp3.wav,113,10
df0b8e2d74d151a59af4ae7592e7c728,output,fake,sovits,anime_kawaii_girl_022_044_Devayya.mp3.wav,114,10
86e70993ba1e146559e2636e5eb1d968,output,fake,sovits,anime_kawaii_girl_022_044_Devayya.mp3.wav,115,10
d3619ff95ff684ccdbdf00ebb903cb4d,output,fake,sovits,anime_kawaii_girl_022_044_Devayya.mp3.wav,116,10
7cd42f4ac00a529401b30f60ed5a8406,output,fake,sovits,anime_kawaii_girl_022_044_Devayya.mp3.wav,117,10
81b1b46cea2cf134a551e62178151330,output,fake,sovits,anime_kawaii_girl_022_044_Devayya.mp3.wav,118,10
07e46a0df5da5a4d1aaeff151785288b,output,fake,sovits,anime_kawaii_girl_022_044_Devayya.mp3.wav,119,10
fd86eb9fd1ef3535900e8d2ed2160cf5,output,fake,sovits,anime_kawaii_girl_022_044_Devayya.mp3.wav,120,10
f036c9fcef98f42f517a46ba08a019c5,output,fake,sovits,anime_kawaii_girl_022_044_Devayya.mp3.wav,121,10
2201349ab0f40b8bde58002282ce7f94,output,fake,sovits,anime_kawaii_girl_022_044_Devayya.mp3.wav,122,10
168b18d39c86a8c81f632d5f927134ef,output,fake,sovits,anime_kawaii_girl_022_044_Devayya.mp3.wav,123,10
6800a1f3df932bc24d297bb89cc357d0,output,fake,sovits,anime_kawaii_girl_022_044_Devayya.mp3.wav,124,10
a9258e51d4573a5b385d115c278ca4ea,output,fake,sovits,anime_kawaii_girl_022_044_Devayya.mp3.wav,125,10
16f8b66558d5807752c3bab3188709dd,output,fake,sovits,anime_kawaii_girl_022_044_Devayya.mp3.wav,126,10
885e874210a17bfa8fe289c51c0a0f48,output,fake,sovits,anime_kawaii_girl_022_044_Devayya.mp3.wav,127,10
bce2b6eba7930353ce74d1ba38b65b1e,output,fake,sovits,anime_kawaii_girl_022_044_Devayya.mp3.wav,128,10
5d6845e500fac0d480f6e9b5df95f919,output,fake,sovits,anime_kawaii_girl_022_044_Devayya.mp3.wav,129,10
2686b60f5d512a56ebfd37bfad7ab5f9,output,fake,sovits,anime_kawaii_girl_022_044_Devayya.mp3.wav,130,10
60e7010f8d8c383bb82db6ab42c1ad9c,output,fake,sovits,anime_kawaii_girl_022_044_Devayya.mp3.wav,131,10
bee485b4fb579708e57b1070914841da,output,fake,sovits,anime_kawaii_girl_022_044_Devayya.mp3.wav,132,10
77ad931b5c85bbf24eaa500153fe33aa,output,fake,sovits,anime_kawaii_girl_022_044_Devayya.mp3.wav,133,10
5a7ce11742ed1bcfdf8ca3663f8af705,output,fake,sovits,anime_kawaii_girl_022_044_Devayya.mp3.wav,134,10
8976272b6662b19ff6afda2cbb425bbf,output,fake,sovits,anime_kawaii_girl_022_044_Devayya.mp3.wav,135,10
1bd695fe86edd96019ad4217dfbf944a,output,fake,sovits,anime_kawaii_girl_022_044_Devayya.mp3.wav,136,10
1ff49ba94598a6f6c2e907081c556ea2,output,fake,sovits,anime_kawaii_girl_022_044_Devayya.mp3.wav,137,10
505d9cc51914288128a096c78c190e7a,output,fake,sovits,anime_kawaii_girl_022_044_Devayya.mp3.wav,138,10
30307a5bc41cc9e99f23cdd4b13a68a6,output,fake,sovits,anime_kawaii_girl_022_044_Devayya.mp3.wav,139,10
97dd755a82f495a60771415f5eacfee9,output,fake,sovits,anime_kawaii_girl_022_044_Devayya.mp3.wav,140,10
cff9a2171ed7d4582b8c70891fded962,output,fake,sovits,anime_kawaii_girl_022_044_Devayya.mp3.wav,141,10
a52e3b82193cf76d6e458dd2dbecd236,output,fake,sovits,anime_kawaii_girl_022_044_Devayya.mp3.wav,142,10
88181b1804210a8fdb6df548f66e35c6,output,fake,sovits,anime_kawaii_girl_022_044_Devayya.mp3.wav,143,10
a276ac091d859cfcf3d174c0a6ddacb0,output,fake,sovits,anime_kawaii_girl_022_044_Devayya.mp3.wav,144,10
df11dc50f5732e3fdd4d11f384315350,output,fake,sovits,anime_kawaii_girl_022_044_Devayya.mp3.wav,145,10
f9dee9f8496a2f9dd613158ed38c7a6b,output,fake,sovits,anime_kawaii_girl_022_044_Devayya.mp3.wav,146,10
2e0958edc622e531d4d2a4b374348c95,output,fake,sovits,anime_kawaii_girl_022_044_Devayya.mp3.wav,147,10
9e81596294136de1f93860ad283d4f69,output,fake,sovits,anime_kawaii_girl_022_044_Devayya.mp3.wav,148,10
0753a5e5801fb8645bfc0996cece679a,output,fake,sovits,anime_kawaii_girl_022_044_Devayya.mp3.wav,149,10
4e5229bcf37734e43b2fbee0fdbde75b,output,fake,sovits,anime_kawaii_girl_022_044_Devayya.mp3.wav,150,10
808aedf6b0cb0885de4436fb5790a0bd,output,fake,sovits,anime_kawaii_girl_022_044_Devayya.mp3.wav,151,10
dd67f13b0de2d92f00b41e07a4529fd7,output,fake,sovits,anime_kawaii_girl_022_044_Devayya.mp3.wav,152,10
bd7c0c1f69301adcf2eb93844bab4a65,output,fake,sovits,anime_kawaii_girl_022_044_Devayya.mp3.wav,153,10
9522e1cfadb299f8083d9e17886001bd,output,fake,sovits,anime_kawaii_girl_022_044_Devayya.mp3.wav,154,10
f4661052fde3d8138b38a4fd4cb681c7,output,fake,sovits,anime_kawaii_girl_022_044_Devayya.mp3.wav,155,10
e61c7db7c310a3605acd18503abecccd,output,fake,sovits,anime_kawaii_girl_022_044_Devayya.mp3.wav,156,10
6c7d76892bd95fab9e9d00bf4d512bf6,output,fake,sovits,anime_kawaii_girl_022_044_Devayya.mp3.wav,157,10
cc6c362b2093a616d3e6d561bc2645ee,output,fake,sovits,anime_kawaii_girl_022_044_Devayya.mp3.wav,158,10
df724270ba509707f23781b7aae64691,output,fake,sovits,anime_kawaii_girl_022_044_Devayya.mp3.wav,159,10
fcff2be2fc7f16d813888b61c0045434,output,fake,sovits,anime_kawaii_girl_022_044_Devayya.mp3.wav,160,10
27ef56f7d33874534d326630fa64a241,output,fake,sovits,anime_kawaii_girl_022_044_Devayya.mp3.wav,161,10
68b36011eb3ebaf9dfa5d32564fa47cb,output,fake,sovits,anime_kawaii_girl_022_044_Devayya.mp3.wav,162,10
837a1573504d18a2d4db10557a063944,output,fake,sovits,anime_kawaii_girl_022_044_Devayya.mp3.wav,163,10
e379ef5ba1a7985ba2c3ea47c2d60033,output,fake,sovits,anime_kawaii_girl_022_044_Devayya.mp3.wav,164,10
43f4104098afad39abc0ebf85ed4be46,output,fake,sovits,anime_kawaii_girl_022_044_Devayya.mp3.wav,165,10
2789e3a795d8aff20d76449d6c122930,output,fake,sovits,anime_kawaii_girl_022_044_Devayya.mp3.wav,166,10
ef4fe6afe87aca343fdd8d8dcf94280d,output,fake,sovits,anime_kawaii_girl_022_044_Devayya.mp3.wav,167,10
3ad085600fb87aa9d5751b2e7c100d14,output,fake,sovits,anime_kawaii_girl_022_044_Devayya.mp3.wav,168,10
32dc87b435aa00f4fa45bcd3d2d31a95,output,fake,sovits,anime_kawaii_girl_022_044_Devayya.mp3.wav,169,10
41e083d2356b8cf2e5233380c9bb1d07,output,fake,sovits,anime_kawaii_girl_022_044_Devayya.mp3.wav,170,10
ef160aa42f47c3e0d0bb3f0c50b75876,output,fake,sovits,anime_kawaii_girl_022_044_Devayya.mp3.wav,171,10
f64d81bc891079c6fa0552091b8acaa4,output,fake,sovits,anime_kawaii_girl_022_044_Devayya.mp3.wav,172,10
21f8bdd04af4e00bd4e9835c8f0176ab,output,fake,sovits,anime_kawaii_girl_022_044_Devayya.mp3.wav,173,10
4c7d308bb595d29d1b54c345de2393b9,output,fake,sovits,anime_kawaii_girl_022_044_Devayya.mp3.wav,174,10
76644311435b223e0db14f540a7b829e,output,fake,sovits,anime_kawaii_girl_022_044_Devayya.mp3.wav,175,10
d525d02f79d79128af97a87f43251bc8,output,fake,sovits,anime_kawaii_girl_022_044_Devayya.mp3.wav,176,10
9746c2746f53c8997410781e0aec4715,output,fake,sovits,anime_kawaii_girl_022_044_Devayya.mp3.wav,177,10
494bec307da2769be69cb13cdba0da8c,output,fake,sovits,anime_kawaii_girl_022_044_Devayya.mp3.wav,178,10
9e982d3ae836f618f7beb6e761c5c237,output,fake,sovits,anime_kawaii_girl_022_044_Devayya.mp3.wav,179,10
f11d4b0af5879ae06435334106e6ab5e,output,fake,sovits,anime_kawaii_girl_022_044_Devayya.mp3.wav,180,10
47957dadcc3359225f67ceb1cbc702b9,output,fake,sovits,anime_kawaii_girl_022_044_Devayya.mp3.wav,181,10
a449d2fe3e46e41e8b3db698cf4f9677,output,fake,sovits,anime_kawaii_girl_022_044_Devayya.mp3.wav,182,10
9165dc09bc232f93e086e100bd090a3d,output,fake,sovits,anime_kawaii_girl_022_044_Devayya.mp3.wav,183,10
1031a886072281e99ff0b08f9f1def53,output,fake,sovits,anime_kawaii_girl_022_044_Devayya.mp3.wav,184,10
f77513c6cd6e962e82cdf0b0d5ae82f1,output,fake,sovits,anime_kawaii_girl_022_044_Devayya.mp3.wav,185,10
47791a968d158687b44c7fe2e7b52e07,output,fake,sovits,anime_kawaii_girl_022_044_Devayya.mp3.wav,186,10
f37247b07f28ed7d78217a18372ff701,output,fake,sovits,anime_kawaii_girl_022_044_Devayya.mp3.wav,187,10
2cbea75d610f9167628e283082789861,output,fake,sovits,anime_kawaii_girl_022_044_Devayya.mp3.wav,188,10
0507d74b42fb92b20987c77bb6b1148d,output,fake,sovits,anime_kawaii_girl_022_044_Devayya.mp3.wav,189,10
7633bb1cdfbf3f89270449c7d2aef3f5,output,fake,sovits,anime_kawaii_girl_022_044_Devayya.mp3.wav,190,10
0f9cae5bc04c0b7800086d9e6d687f21,output,fake,sovits,anime_kawaii_girl_022_044_Devayya.mp3.wav,191,10
a45ba7e8ce9b39f6ad6ab755122b13e7,output,fake,sovits,anime_kawaii_girl_022_044_Devayya.mp3.wav,192,10
317568acb58eb481f6b360bd0bde38a2,output,fake,sovits,anime_kawaii_girl_022_044_Devayya.mp3.wav,193,10
003b2d53cf274c1cd92bd9129fcb38f1,output,fake,sovits,anime_kawaii_girl_022_044_Devayya.mp3.wav,194,10
3b80813957141dbfd093a2c5088ad19f,output,fake,sovits,anime_kawaii_girl_022_044_Devayya.mp3.wav,195,10
f370b66388263cbba63ae3edf37700a1,output,fake,sovits,anime_kawaii_girl_022_044_Devayya.mp3.wav,196,10
555c2a2ff3f7eb6f8f9875d03c75302a,output,fake,sovits,anime_kawaii_girl_022_044_Devayya.mp3.wav,197,10
ade81c36e24aa8968f66f18c54b42bc8,output,fake,sovits,anime_kawaii_girl_022_044_Devayya.mp3.wav,198,10
0aa072a00e09cf0c4681ecbc10e49442,output,fake,sovits,anime_kawaii_girl_022_044_Devayya.mp3.wav,199,10
1d75086cc05a39fd98085deb43cceb08,output,fake,sovits,anime_kawaii_girl_022_044_Devayya.mp3.wav,200,10
6a55ba21a27fe7078878b84b4fcc40e1,output,fake,sovits,anime_kawaii_girl_022_044_Devayya.mp3.wav,201,10
e2e1b7a3fa8e4432baf6176ab0217da2,output,fake,sovits,anime_kawaii_girl_022_044_Devayya.mp3.wav,202,10
b5dc1aa77a9f0eec2e2fa4437fd450e5,output,fake,sovits,anime_kawaii_girl_022_044_Devayya.mp3.wav,203,10
1fe4aff1fb2f1880d7ac3961c395eae0,output,fake,sovits,anime_kawaii_girl_022_044_Devayya.mp3.wav,204,10
4aaadb7369236d9b3c8ed4f569cb9f13,output,fake,sovits,anime_kawaii_girl_022_044_Devayya.mp3.wav,205,10
31b2767bc8a8668ce376fb59239adfad,output,fake,sovits,anime_kawaii_girl_022_044_Devayya.mp3.wav,206,10
db38ee0f56149e8113d6b46b389c478c,output,fake,sovits,anime_kawaii_girl_022_044_Devayya.mp3.wav,207,10
1ab05d7da50a509775707576e25dca40,output,fake,sovits,anime_kawaii_girl_022_044_Devayya.mp3.wav,208,10
bf51c7088e76aa70c0e1c8d5445a7b89,output,fake,sovits,anime_kawaii_girl_022_044_Devayya.mp3.wav,209,10
7b91ab3cfb555264bbc82528bcb1d621,output,fake,sovits,anime_kawaii_girl_022_044_Devayya.mp3.wav,210,10
abdb767d25f78cd2929090c6e2d2f793,output,fake,sovits,anime_kawaii_girl_022_044_Devayya.mp3.wav,211,10
8046a867aee03b5da6a5afdd47a97a1c,output,fake,sovits,anime_kawaii_girl_022_044_Devayya.mp3.wav,212,10
1bfecbb9e280f28d7e25fa29c08ec1de,output,fake,sovits,anime_kawaii_girl_022_044_Devayya.mp3.wav,213,10
d3390bd470f37659bedaec848a2ab09e,output,fake,sovits,anime_kawaii_girl_022_044_Devayya.mp3.wav,214,10
95bd55f2718fa5fbbb1f18698ba6360c,output,fake,sovits,anime_kawaii_girl_022_044_Devayya.mp3.wav,215,10
f4264aa53aad7183602bc777aeea5595,output,fake,sovits,anime_kawaii_girl_022_044_Devayya.mp3.wav,216,10
e315ce5beb899d47db18464a0063b0f7,output,fake,sovits,anime_kawaii_girl_022_044_Devayya.mp3.wav,217,10
fe71a0c3e8ce8a4d001e59ab30eb5fc3,output,fake,sovits,anime_kawaii_girl_022_044_Devayya.mp3.wav,218,10
b9bcc25baa1e29a1b526fef211c30c73,output,fake,sovits,anime_kawaii_girl_022_044_Devayya.mp3.wav,219,10
0559c795071a140c4a26f55e2ed7d71e,output,fake,sovits,anime_kawaii_girl_022_044_Devayya.mp3.wav,220,10
42aa6f3291152c4c0a85b0c69bf264c1,output,fake,sovits,anime_kawaii_girl_022_044_Devayya.mp3.wav,221,10
590f01331784f9c5880ba12414ca9988,output,fake,sovits,anime_kawaii_girl_022_044_Devayya.mp3.wav,222,10
b9d1eb4b9be63f98909b14c635240246,output,fake,sovits,anime_kawaii_girl_022_044_Devayya.mp3.wav,223,10
4405abebfccb90b672c495adc1558140,output,fake,sovits,anime_kawaii_girl_022_044_Devayya.mp3.wav,224,10
f2fb57502ef01cd34721299c789fee11,output,fake,sovits,anime_kawaii_girl_022_044_Devayya.mp3.wav,225,10
027e0e6035c1ced4ca5c1c85e43b5c55,output,fake,sovits,anime_kawaii_girl_022_044_Devayya.mp3.wav,226,10
0ad823f9e72bd1d87ec27b7904cd0659,output,fake,sovits,anime_kawaii_girl_022_044_Devayya.mp3.wav,227,10
bc6fdc29e380dbbdde969a34faa61155,output,fake,sovits,anime_kawaii_girl_022_044_Devayya.mp3.wav,228,10
a364f5f281f12a3dbda7e235da14db90,output,fake,sovits,anime_kawaii_girl_022_044_Devayya.mp3.wav,229,10
70ea445d351135286c22b11386d35918,output,fake,sovits,anime_kawaii_girl_022_044_Devayya.mp3.wav,230,10
70cc4600c2104d23b40db5583e62121d,output,fake,sovits,anime_kawaii_girl_022_044_Devayya.mp3.wav,231,10
b4599858a9ec243f7381e78a6704ce26,output,fake,sovits,anime_kawaii_girl_022_044_Devayya.mp3.wav,232,10
98611dc399ff0de87f732ac59aa9f2eb,output,fake,sovits,anime_kawaii_girl_022_044_Devayya.mp3.wav,233,10
add6532f7a986ce12f1dd0bea761b2a9,output,fake,sovits,anime_kawaii_girl_022_044_Devayya.mp3.wav,234,10
43fb0a669249f42773e0f81c08d473b8,output,fake,sovits,anime_kawaii_girl_022_044_Devayya.mp3.wav,235,10
0c70c20817ecd388dc6f77fb9921c015,output,fake,sovits,anime_kawaii_girl_022_044_Devayya.mp3.wav,236,10
827eb51ec671ab033d63bc6c32f65359,output,fake,sovits,anime_kawaii_girl_022_044_Devayya.mp3.wav,237,10
d1945cefd98319a3e0348563dda1fc0e,output,fake,sovits,anime_kawaii_girl_022_044_Devayya.mp3.wav,238,10
bb37c6020fbceeef8a89a38f1ce9feb2,output,fake,sovits,anime_kawaii_girl_022_044_Devayya.mp3.wav,239,10
485c86fefac6d9c14ba8ef3449539864,output,fake,sovits,anime_kawaii_girl_022_044_Devayya.mp3.wav,240,10
6e513a1e4a518255fe363c675d64fdc3,output,fake,sovits,anime_kawaii_girl_022_044_Devayya.mp3.wav,241,10
8d514e1f1b166c634efa3d8ef52add42,output,fake,sovits,anime_kawaii_girl_022_044_Devayya.mp3.wav,242,10
7748b6a103d187a04c8a89ed5fd01f35,output,fake,sovits,anime_kawaii_girl_022_044_Devayya.mp3.wav,243,10
f733ca807bc45a66a3d759a56b35d5c9,output,fake,sovits,anime_kawaii_girl_022_044_Devayya.mp3.wav,244,10
a586a81ed0691b5f5c457dd00e80e681,output,fake,sovits,anime_kawaii_girl_022_044_Devayya.mp3.wav,245,10
b9c5ddacf051b0117d676f138030e0a8,output,fake,sovits,anime_kawaii_girl_022_044_Devayya.mp3.wav,246,10
264112bd3313973cd34283db349acb18,output,fake,sovits,anime_kawaii_girl_022_044_Devayya.mp3.wav,247,10
8eec7b9fd137650512a589a9a483c0bb,output,fake,sovits,anime_kawaii_girl_022_044_Devayya.mp3.wav,248,10
06a322f05346977ee28f6823ca8fe5de,output,fake,sovits,anime_kawaii_girl_022_044_Devayya.mp3.wav,249,10
55f86973a78cc61f640c43b7d0fd7b7a,output,fake,sovits,anime_kawaii_girl_022_044_Devayya.mp3.wav,250,10
ac99830a702b9efba675012fadd4e5e7,output,fake,sovits,anime_kawaii_girl_022_044_Devayya.mp3.wav,251,10
1aa300b73353a957a6a245787d10cedf,output,fake,sovits,anime_kawaii_girl_022_044_Devayya.mp3.wav,252,10
6a2c96ecf6e3c66ca97a1e79c98e8047,output,fake,sovits,anime_kawaii_girl_022_044_Devayya.mp3.wav,253,10
32b41c798689775068176194dbf16add,output,fake,sovits,anime_kawaii_girl_022_044_Devayya.mp3.wav,254,10
422487264c85a5fef7460deac2dfe0f3,output,fake,sovits,anime_kawaii_girl_022_044_Devayya.mp3.wav,255,10
23306157b718f20cc638ca4442ffea07,output,fake,sovits,anime_kawaii_girl_022_044_Devayya.mp3.wav,256,10
499557255fa5db39325e218a77cccefc,output,fake,sovits,anime_kawaii_girl_022_044_Devayya.mp3.wav,257,10
431df8bfa862a2ef895b93ec9f2755e7,output,fake,sovits,anime_kawaii_girl_022_044_Devayya.mp3.wav,258,10
474e646151aa92358391054118f2cfb2,output,fake,sovits,anime_kawaii_girl_022_044_Devayya.mp3.wav,259,10
56ba73de7291ee57606ab167e3f33f2e,output,fake,sovits,anime_kawaii_girl_022_044_Devayya.mp3.wav,260,10
bad9f52e62b4c283c1cba636d08d0847,output,fake,sovits,anime_kawaii_girl_022_044_Devayya.mp3.wav,261,10
a0173e7f16945896042a2a29880eb53b,output,fake,sovits,anime_kawaii_girl_022_044_Devayya.mp3.wav,262,10
4e7d5f12dcd0fd5353ce59006bdf1459,output,fake,sovits,anime_kawaii_girl_022_044_Devayya.mp3.wav,263,10
8a46f606e300d918bd1a3f3c544744f2,output,fake,sovits,anime_kawaii_girl_022_044_Devayya.mp3.wav,264,10
f5e24225aef299faf72281c529297091,output,fake,sovits,anime_kawaii_girl_022_044_Devayya.mp3.wav,265,10
804f608399caefa9772f1f1a7e3464ea,output,fake,sovits,anime_kawaii_girl_022_044_Devayya.mp3.wav,266,10
5025afba5f4951377e1089b597fbed96,output,fake,sovits,anime_kawaii_girl_022_044_Devayya.mp3.wav,267,10
9624adb7d915be14a5bf4a86c452b11d,output,fake,sovits,anime_kawaii_girl_022_044_Devayya.mp3.wav,268,10
55741c56a0cb54f2854cdc16decc9a35,output,fake,sovits,anime_kawaii_girl_022_044_Devayya.mp3.wav,269,10
c086345ced6aa06c56c58be2bcb08c7c,output,fake,sovits,anime_kawaii_girl_022_044_Devayya.mp3.wav,270,10
637df8c08203e38e78eb418da25997e7,output,fake,sovits,anime_kawaii_girl_022_044_Devayya.mp3.wav,271,10
72c6cab2136da6adc2a7e8e305e2e775,output,fake,sovits,anime_kawaii_girl_022_044_Devayya.mp3.wav,272,10
6001dae0b731035ffe3bd5b6b8e38b2f,output,fake,sovits,anime_kawaii_girl_022_044_Devayya.mp3.wav,273,10
8783f7c30143c5ddba0b6db527df5d94,output,fake,sovits,anime_kawaii_girl_022_044_Devayya.mp3.wav,274,10
d5b1193219c7e3ae5bd165b10af582f4,output,fake,sovits,anime_kawaii_girl_022_044_Devayya.mp3.wav,275,10
585db05d80eb5626f2437554393a0529,output,fake,sovits,anime_kawaii_girl_022_044_Devayya.mp3.wav,276,10
7a157e4fcef9bb57fdee238ef73f74cc,output,fake,sovits,anime_kawaii_girl_022_044_Devayya.mp3.wav,277,10
4ac544c0112b271a6713a8995a574d6c,output,fake,sovits,anime_kawaii_girl_022_044_Devayya.mp3.wav,278,10
c5d4bace104da9902f212ea567377bd0,output,fake,sovits,anime_kawaii_girl_022_044_Devayya.mp3.wav,279,10
a2f3c7fd24f418936feec41b4db9b0c9,output,fake,sovits,anime_kawaii_girl_022_044_Devayya.mp3.wav,280,10
01a7370df64325e9a3f8ad164fa0b826,output,fake,sovits,anime_kawaii_girl_022_044_Devayya.mp3.wav,281,10
8238aa5315122a2e6385d4f971604978,output,fake,sovits,anime_kawaii_girl_022_044_Devayya.mp3.wav,282,10
48e4d5cc2aacf71fc857cff063998801,output,fake,sovits,anime_kawaii_girl_022_044_Devayya.mp3.wav,283,10
f968782207666d924d934b3dbac80443,output,fake,sovits,anime_kawaii_girl_022_044_Devayya.mp3.wav,284,10
384dc1fea84fe4ff4d4e4096c3c2516b,output,fake,sovits,anime_kawaii_girl_022_044_Devayya.mp3.wav,285,10
21565406122f9824930cb19d579ef73d,output,fake,sovits,anime_kawaii_girl_022_044_Devayya.mp3.wav,286,10
0b10b474bf20afbff914d9a1e7a97aca,output,fake,sovits,anime_kawaii_girl_022_044_Devayya.mp3.wav,287,10
384f136dba10d9ac92f3af69dc2a01c3,output,fake,sovits,anime_kawaii_girl_022_044_Devayya.mp3.wav,288,10
5b819dd7cccaa093cde183177081485f,output,fake,sovits,anime_kawaii_girl_022_044_Devayya.mp3.wav,289,10
ebe98d30eb927c547cc18e77998d540e,output,fake,sovits,anime_kawaii_girl_022_044_Devayya.mp3.wav,290,10
66ac28c3aae26ecef9dee5f49070d1dd,output,fake,sovits,anime_kawaii_girl_022_044_Devayya.mp3.wav,291,10
9ed4192418bc5f9583c427a48011819e,output,fake,sovits,anime_kawaii_girl_022_044_Devayya.mp3.wav,292,10
e6e85fc6df1079d53af63c6b79359309,output,fake,sovits,anime_kawaii_girl_022_044_Devayya.mp3.wav,293,10
2cc1f62eb5de120fbf794ccc7c43b013,output,fake,sovits,anime_kawaii_girl_022_044_Devayya.mp3.wav,294,10
d0eb2f8be11962c6ecd26283ea4322d5,output,fake,sovits,anime_kawaii_girl_022_044_Devayya.mp3.wav,295,10
9112be1e8188d15ee09386259a2d6864,output,fake,sovits,anime_kawaii_girl_022_044_Devayya.mp3.wav,296,10
c33413672c3f00c548fb91f07e6dc0f8,output,fake,sovits,anime_kawaii_girl_022_044_Devayya.mp3.wav,297,10
3694bc113e740106b4bae47d758a880f,output,fake,sovits,anime_kawaii_girl_022_044_Devayya.mp3.wav,298,10
3f8c6b41e6e3d9966f89579a7730df3b,output,fake,sovits,anime_kawaii_girl_022_044_Devayya.mp3.wav,299,10
75c87c843299bdc1c59cc0bf0e923354,output,fake,sovits,anime_kawaii_girl_022_044_Devayya.mp3.wav,300,10
ef0d727e3700e9670ff1d1f374bcaf67,output,fake,sovits,anime_kawaii_girl_022_044_Devayya.mp3.wav,301,10
a00a1bfc5caccf4f1406846137679453,output,fake,sovits,anime_kawaii_girl_022_044_Devayya.mp3.wav,302,10
2002ff94cee0c80eee021b768fab4cca,output,fake,sovits,anime_kawaii_girl_022_044_Devayya.mp3.wav,303,10
e521e784e9c067c957cf7308386f1580,output,fake,sovits,anime_kawaii_girl_022_044_Devayya.mp3.wav,304,10
335443f7cbc58aedc9d26332ca570342,output,fake,sovits,anime_kawaii_girl_022_044_Devayya.mp3.wav,305,10
9c7d37eb41d42dda4a9827717ab3f79a,output,fake,sovits,anime_kawaii_girl_022_044_Devayya.mp3.wav,306,10
0e8b47505083759ee7093dfcf24d6dc7,output,fake,sovits,anime_kawaii_girl_022_044_Devayya.mp3.wav,307,10
5ed8857e492395de6e4dfb832a6b80b2,output,fake,sovits,anime_kawaii_girl_022_044_Devayya.mp3.wav,308,10
b9f0a041083829a453d9c9189b9cbab9,output,fake,sovits,anime_kawaii_girl_022_044_Devayya.mp3.wav,309,10
1f48f995d76dddaa850f63f31012c6f1,output,fake,sovits,anime_kawaii_girl_022_044_Devayya.mp3.wav,310,10
929f9b22e66a2fbe392e516dcb3497c8,output,fake,sovits,anime_kawaii_girl_022_044_Devayya.mp3.wav,311,10
7d6aef7c97f458cb03fde1cf010f385d,output,fake,sovits,anime_kawaii_girl_022_044_Devayya.mp3.wav,312,10
678a570c0dd32852f4a070723b58074e,output,fake,sovits,anime_kawaii_girl_022_044_Devayya.mp3.wav,313,10
b5f74731866c993984bc57cdd845679f,output,fake,sovits,anime_kawaii_girl_022_044_Devayya.mp3.wav,314,10
07208abba4bd72aa188f45800da984bc,output,fake,sovits,anime_kawaii_girl_022_044_Devayya.mp3.wav,315,10
8f7afcbc5837ea52870e1e1c7e93d595,output,fake,sovits,anime_kawaii_girl_022_044_Devayya.mp3.wav,316,10
1e50d8af8ffb34288a5fe4390e84b823,output,fake,sovits,anime_kawaii_girl_022_044_Devayya.mp3.wav,317,10
05104a8985caa017f5516c5bf11e9bff,output,fake,sovits,anime_kawaii_girl_022_044_Devayya.mp3.wav,318,10
4e1956d61d8fca7497d42d27428f0f8c,output,fake,sovits,anime_kawaii_girl_022_044_Devayya.mp3.wav,319,10
9af7280e4d13ca17fc61cb1295f52b3c,output,fake,sovits,anime_kawaii_girl_022_044_Devayya.mp3.wav,320,10
43d202a23df146cde95694528951556b,output,fake,sovits,anime_kawaii_girl_022_044_Devayya.mp3.wav,321,10
068e2bfbfcdd33279ddb2f9595655356,output,fake,sovits,anime_kawaii_girl_022_044_Devayya.mp3.wav,322,10
1444462c5b80397162e2893279b1cbb1,output,fake,sovits,anime_kawaii_girl_022_044_Devayya.mp3.wav,323,10
5080d5a40fd2524b176bce422e686bb9,output,fake,sovits,anime_kawaii_girl_022_044_Devayya.mp3.wav,324,10
f651edbc8c560130a5091125d02ef5fb,output,fake,sovits,anime_kawaii_girl_022_044_Devayya.mp3.wav,325,10
f1263b4dc4408f04bbb06f485e272e58,output,fake,sovits,anime_kawaii_girl_022_044_Devayya.mp3.wav,326,10
a455cbd8655f7c6ac9e46afdadb6f29a,output,fake,sovits,anime_kawaii_girl_022_044_Devayya.mp3.wav,327,10
8ca2af26216d0abf3c0ef12100307836,output,fake,sovits,anime_kawaii_girl_022_044_Devayya.mp3.wav,328,10
06b2653dc3d50bbcb259b6394d1413ed,output,fake,sovits,anime_kawaii_girl_022_044_Devayya.mp3.wav,329,10
2936fcce081ad5165a024e00799834b6,output,fake,sovits,anime_kawaii_girl_022_044_Devayya.mp3.wav,330,10
81ab7b269927a4bc51e79fd6e423c3bc,output,fake,sovits,anime_kawaii_girl_022_044_Devayya.mp3.wav,331,10
cb71c470274bb521dd193fb2e3e45087,output,fake,sovits,anime_kawaii_girl_022_044_Devayya.mp3.wav,332,10
e650e88c7bc070147fca2dfaed633f4e,output,fake,sovits,anime_kawaii_girl_022_044_Devayya.mp3.wav,333,10
bfa7f9d8453a5a0d7a58132739616cf4,output,fake,sovits,anime_kawaii_girl_022_044_Devayya.mp3.wav,334,10
85342d6cc542a8844f00a0cafac61835,output,fake,sovits,anime_kawaii_girl_022_044_Devayya.mp3.wav,335,10
37744fa32175ce8b08f989e5037e391a,output,fake,sovits,anime_kawaii_girl_022_044_Devayya.mp3.wav,336,10
a06195dc5bb24c9014f3b0a2d04b49a8,output,fake,sovits,anime_kawaii_girl_022_044_Devayya.mp3.wav,337,10
01d95c600a06f5b231683c6265d5b58a,output,fake,sovits,anime_kawaii_girl_022_044_Devayya.mp3.wav,338,10
86d8ac743385467eafc4d7cda5c143c4,output,fake,sovits,anime_kawaii_girl_022_044_Devayya.mp3.wav,339,10
9154639406c245fc273220da25133ebc,output,fake,sovits,anime_kawaii_girl_022_044_Devayya.mp3.wav,340,10
554352043bfad4a5f85682fe19b6879f,output,fake,sovits,anime_kawaii_girl_022_044_Devayya.mp3.wav,341,10
a6c0f90398ad2c7e58f8a2b18b625e20,output,fake,sovits,anime_kawaii_girl_022_044_Devayya.mp3.wav,342,10
64caef4bfbd244ee976cb3741d175914,output,fake,sovits,anime_kawaii_girl_022_044_Devayya.mp3.wav,343,10
e47256c56c995314575eb84b3a60fd95,output,fake,sovits,anime_kawaii_girl_022_044_Devayya.mp3.wav,344,10
b83803b3606d7dd9ac78b838a115437e,output,fake,sovits,anime_kawaii_girl_022_044_Devayya.mp3.wav,345,10
6bb50c6422db4aa24ea4cd804af6f18a,output,fake,sovits,anime_kawaii_girl_022_044_Devayya.mp3.wav,346,10
6294ce4f1c4a3a0e260fc9fecd3978f1,output,fake,sovits,anime_kawaii_girl_022_044_Devayya.mp3.wav,347,10
551c56c7282001c0ace92c56def47a99,output,fake,sovits,anime_kawaii_girl_022_044_Devayya.mp3.wav,348,10
3f10ff7b3c5f6b8caa7d0c6678d47dff,output,fake,sovits,anime_kawaii_girl_022_044_Devayya.mp3.wav,349,10
0bfcaa6683db9ea52589f7cff7ea6bff,output,fake,sovits,anime_kawaii_girl_022_044_Devayya.mp3.wav,350,10
78b1c2d9a98813121639d5475f26a35a,output,fake,sovits,anime_kawaii_girl_022_044_Devayya.mp3.wav,351,10
5bc6836942610f24199a399b7ccb5a3c,output,fake,sovits,anime_kawaii_girl_022_044_Devayya.mp3.wav,352,10
ae9b4f11bf241f6e0b5e497df4132f44,output,fake,sovits,anime_kawaii_girl_022_044_Devayya.mp3.wav,353,10
0ae241ae1db12697a96d44a5dc757ec5,output,fake,sovits,anime_kawaii_girl_022_044_Devayya.mp3.wav,354,10
bd8d2d59016e472a203468bc04c40aff,output,fake,sovits,anime_kawaii_girl_022_044_Devayya.mp3.wav,355,10
fa79632b8818a0718b37bbf812efe08c,output,fake,sovits,anime_kawaii_girl_022_044_Devayya.mp3.wav,356,10
1a5027805f45966f4e28773d642def7c,output,fake,sovits,anime_kawaii_girl_022_044_Devayya.mp3.wav,357,10
ce2270f701802f033fc2942b76d6fb23,output,fake,sovits,anime_kawaii_girl_022_044_Devayya.mp3.wav,358,10
abe01cc5b0070eb25b6a52b1adc5d4fb,output,fake,sovits,anime_kawaii_girl_022_044_Devayya.mp3.wav,359,10
d968e0b1259f31dc92e8aef8dc0ec12d,output,fake,sovits,anime_kawaii_girl_022_044_Devayya.mp3.wav,360,10
967bad4ad058af8337fac6ce2c943772,output,fake,sovits,anime_kawaii_girl_022_044_Devayya.mp3.wav,361,10
8b47f5343e628308468e4e1097a87371,output,fake,sovits,anime_kawaii_girl_022_044_Devayya.mp3.wav,362,10
77a72dbf45c507ab185f34511c35d71f,output,fake,sovits,anime_kawaii_girl_022_044_Devayya.mp3.wav,363,10
d590b71acbea95280eafe494f11ccf74,output,fake,sovits,anime_kawaii_girl_022_044_Devayya.mp3.wav,364,10
baefc0c47defcb8e870db7ae95e6acb5,output,fake,sovits,anime_kawaii_girl_022_044_Devayya.mp3.wav,365,10
7c6c7ec7023600d4966fce5550f98797,output,fake,sovits,anime_kawaii_girl_022_044_Devayya.mp3.wav,366,10
4a2815295ad7a09436d6fc0746e1bc0d,output,fake,sovits,anime_kawaii_girl_022_044_Devayya.mp3.wav,367,10
29f7dc8fd6d132ac4a1eade7135eb458,output,fake,sovits,anime_kawaii_girl_022_044_Devayya.mp3.wav,368,10
2209d1d0dff3de04bd8ba7c0f6ecae54,output,fake,sovits,anime_kawaii_girl_022_044_Devayya.mp3.wav,369,10
fdcd6e8e15bc2755e7f03b3c1f6602a8,output,fake,sovits,anime_kawaii_girl_022_044_Devayya.mp3.wav,370,10
a1ef2bed4c70408c56ffccf0f1634a63,output,fake,sovits,anime_kawaii_girl_022_044_Devayya.mp3.wav,371,10
887d01e7a55fe9a8d08af5feaea12dc1,output,fake,sovits,anime_kawaii_girl_022_044_Devayya.mp3.wav,372,10
d2dbe27f444d24003e1d0dd965c13d39,output,fake,sovits,anime_kawaii_girl_022_044_Devayya.mp3.wav,373,10
610d623e6c07d7805427f34db272074c,output,fake,sovits,anime_kawaii_girl_022_044_Devayya.mp3.wav,374,10
e747bab69331f589b0fe3afc767917b1,output,fake,sovits,anime_kawaii_girl_022_044_Devayya.mp3.wav,375,10
9f6de8fcffa8eb38354f40438ebdd08c,output,fake,sovits,anime_kawaii_girl_022_044_Devayya.mp3.wav,376,10
379f612028fcbdbea25c50884a813c63,output,fake,sovits,anime_kawaii_girl_022_044_Devayya.mp3.wav,377,10
1af6417c09bfc3af80f5e84cc3bba9f1,output,fake,sovits,anime_kawaii_girl_022_044_Devayya.mp3.wav,378,10
bcc6102121ca4ae27d5ae53f1ed0eb11,output,fake,sovits,anime_kawaii_girl_022_044_Devayya.mp3.wav,379,10
3e601774f4b013c876f6ac1e9a41ede4,output,fake,sovits,anime_kawaii_girl_022_044_Devayya.mp3.wav,380,10
af1a40c80a94d97d2f0e54bf28b2766d,output,fake,sovits,anime_kawaii_girl_022_044_Devayya.mp3.wav,381,10
29c8a41ac6656c627bc15e9b8b5ac78f,output,fake,sovits,anime_kawaii_girl_022_044_Devayya.mp3.wav,382,10
115611a745a38bc82cc125afbd251150,output,fake,sovits,anime_kawaii_girl_022_044_Devayya.mp3.wav,383,10
0a831b7efafb3abbcdc3c7530623c04e,output,fake,sovits,anime_kawaii_girl_022_044_Devayya.mp3.wav,384,10
6efd5c1ace7666bb383c566508900ea1,output,fake,sovits,anime_kawaii_girl_022_044_Devayya.mp3.wav,385,10
f8614ad31504e7658ad7ad08003e937b,output,fake,sovits,anime_kawaii_girl_022_044_Devayya.mp3.wav,386,10
a2e00cd62c61f65f722f7aad6ede2904,output,fake,sovits,anime_kawaii_girl_022_044_Devayya.mp3.wav,387,10
6d40e42ea27225cff06815e1fccef269,output,fake,sovits,anime_kawaii_girl_022_044_Devayya.mp3.wav,388,10
56b4e83a57b08f6d1de41d91dd9d9de9,output,fake,sovits,anime_kawaii_girl_022_044_Devayya.mp3.wav,389,10
a27c2d12935be7ed35ce1e7ddb97b648,output,fake,sovits,anime_kawaii_girl_022_044_Devayya.mp3.wav,390,10
d59de1a45332180073c47708db2609c8,output,fake,sovits,anime_kawaii_girl_022_044_Devayya.mp3.wav,391,10
f06e9fc89fa8eba138f0c0ba15abedcb,output,fake,sovits,anime_kawaii_girl_022_044_Devayya.mp3.wav,392,10
3375721c46c7feaaac5eccd170a827ef,output,fake,sovits,anime_kawaii_girl_022_044_Devayya.mp3.wav,393,10
e3a00c1fdc35287019731fd0f85d0da9,output,fake,sovits,anime_kawaii_girl_022_044_Devayya.mp3.wav,394,10
dd223d95769eb1213f1245ba93492f84,output,fake,sovits,anime_kawaii_girl_022_044_Devayya.mp3.wav,395,10
7b89b65b0ffa474a70e78fa3fb716431,output,fake,sovits,anime_kawaii_girl_022_044_Devayya.mp3.wav,396,10
7c1e1ed8cc9a9284bf248428798471b0,output,fake,sovits,anime_kawaii_girl_022_044_Devayya.mp3.wav,397,10
b27e8338252728bd0479b6bb64dc1973,output,fake,sovits,anime_kawaii_girl_022_044_Devayya.mp3.wav,398,10
201a16052e5cc8248a0d84d1d30ec091,output,fake,sovits,anime_kawaii_girl_022_044_Devayya.mp3.wav,399,10
96f4d44794926610a4e414e36d85a276,output,fake,sovits,anime_kawaii_girl_022_044_Devayya.mp3.wav,400,10
6480811fa89edbadfb2bf89734754efc,output,fake,sovits,anime_kawaii_girl_022_044_Devayya.mp3.wav,401,10
a0f9430fc077c9626dfc8a7a9f2c2c7e,output,fake,sovits,anime_kawaii_girl_022_044_Devayya.mp3.wav,402,10
d0b853f755be37787f5ff5c66b1cf5f9,output,fake,sovits,anime_kawaii_girl_022_044_Devayya.mp3.wav,403,10
1e2802b79d1b87038685cbb2b80a1012,output,fake,sovits,anime_kawaii_girl_022_044_Devayya.mp3.wav,404,10
af92418bfeb81cde89c7e93ce1dd1c30,output,fake,sovits,anime_kawaii_girl_022_044_Devayya.mp3.wav,405,10
984e4c3069832fdd7591d1269e68f0e1,output,fake,sovits,anime_kawaii_girl_022_044_Devayya.mp3.wav,406,10
ddaecd43037bc86f447e3390d176aefc,output,fake,sovits,anime_kawaii_girl_022_044_Devayya.mp3.wav,407,10
4875f5f97ef03acea39779822e7e6ba7,output,fake,sovits,anime_kawaii_girl_022_044_Devayya.mp3.wav,408,10
98e697141fbd838c664a8e58b8c1c2dc,output,fake,sovits,anime_kawaii_girl_022_044_Devayya.mp3.wav,409,10
0f3098c406cc88f92e7e39b28191b6d9,output,fake,sovits,anime_kawaii_girl_022_044_Devayya.mp3.wav,410,10
a3b3cbbafebd9a4be31bf430b49f445d,output,fake,sovits,anime_kawaii_girl_022_044_Devayya.mp3.wav,411,10
6d8d8e4b02a5fb4b9302f5846b2e3491,output,fake,sovits,anime_kawaii_girl_022_044_Devayya.mp3.wav,412,10
a3190512720eb9f3c44b0095f7fd246c,output,fake,sovits,anime_kawaii_girl_022_044_Devayya.mp3.wav,413,10
8a3ba12c9f16a2163d11ef60db28bd28,output,fake,sovits,anime_kawaii_girl_022_044_Devayya.mp3.wav,414,10
d74fed6eff31c443b4869dd9b5d9dbfa,output,fake,sovits,anime_kawaii_girl_022_044_Devayya.mp3.wav,415,10
30d7605a0038b9b73dac4fe6a6ae97bd,output,fake,sovits,anime_kawaii_girl_022_044_Devayya.mp3.wav,416,10
1922ceab1c8b4f625501fb76e939bf59,output,fake,sovits,anime_kawaii_girl_022_044_Devayya.mp3.wav,417,10
a49079a846e94467557c960abc40eee1,output,fake,sovits,anime_kawaii_girl_022_044_Devayya.mp3.wav,418,10
74eef6dec25d0add468d0f38c9ab7825,output,fake,sovits,anime_kawaii_girl_022_044_Devayya.mp3.wav,419,10
5639325c8106034c3eb089bf794f9a91,output,fake,sovits,anime_kawaii_girl_022_044_Devayya.mp3.wav,420,10
22c16b43f0e8525a7f29ab0d3683e605,output,fake,sovits,anime_kawaii_girl_022_044_Devayya.mp3.wav,421,10
6dd33cd2ace4affb54ac76bf95c677fd,output,fake,sovits,anime_kawaii_girl_022_044_Devayya.mp3.wav,422,10
08abcfca43d22ad0e7bfd9a20c548cd6,output,fake,sovits,anime_kawaii_girl_022_044_Devayya.mp3.wav,423,10
24ae697ef2163df5cc190562e67f4988,output,fake,sovits,anime_kawaii_girl_022_044_Devayya.mp3.wav,424,10
1fafd27eab7e9b9b065accf76a692e35,output,fake,sovits,anime_kawaii_girl_022_044_Devayya.mp3.wav,425,10
c3ad0df9753455be50a6626c976631f0,output,fake,sovits,anime_kawaii_girl_022_044_Devayya.mp3.wav,426,10
1e690c1d41e89b17299399680eb82362,output,fake,sovits,anime_kawaii_girl_022_044_Devayya.mp3.wav,427,10
e6dcbc6ac50899efab79c1c7f512fe44,output,fake,sovits,anime_kawaii_girl_022_044_Devayya.mp3.wav,428,10
c6d76cd59c66dac9bf534ea46e7654b4,output,fake,sovits,anime_kawaii_girl_022_044_Devayya.mp3.wav,429,10
88e9b88cb38b7087720173e8746edd87,output,fake,sovits,anime_kawaii_girl_022_044_Devayya.mp3.wav,430,10
392c3f325a4227b5af389e530d6810d2,output,fake,sovits,anime_kawaii_girl_022_044_Devayya.mp3.wav,431,10
e2732461f379f8df25e33cc7f6e5c185,output,fake,sovits,anime_kawaii_girl_022_044_Devayya.mp3.wav,432,10
aae6191e12977c45ad3357e57a0c19ea,output,fake,sovits,anime_kawaii_girl_022_044_Devayya.mp3.wav,433,10
81c42e14d70d7d426bc7ae6bbc9c3578,output,fake,sovits,anime_kawaii_girl_022_044_Devayya.mp3.wav,434,10
c4878ff41326c997e55b94f83417b855,output,fake,sovits,anime_kawaii_girl_022_044_Devayya.mp3.wav,435,10
4861c9c551191264264ce5ddcaa59a22,output,fake,sovits,anime_kawaii_girl_022_044_Devayya.mp3.wav,436,10
ce6c0d062a1446e9d7beccd47f2b1e85,output,fake,sovits,anime_kawaii_girl_022_044_Devayya.mp3.wav,437,10
7561ce18f85cd395294717c573b276fb,output,fake,sovits,anime_kawaii_girl_022_044_Devayya.mp3.wav,438,10
77fa9616ea7156623a1e90188ccb58c5,output,fake,sovits,anime_kawaii_girl_022_044_Devayya.mp3.wav,439,10
95ec17fd747f7ee3b4c0417b95907d66,output,fake,sovits,anime_kawaii_girl_022_044_Devayya.mp3.wav,440,10
96bc928be092480899bb3ee98c587fe5,output,fake,sovits,anime_kawaii_girl_022_044_Devayya.mp3.wav,441,10
a13d8ed654a68d9ed898cfc3d449108d,output,fake,sovits,anime_kawaii_girl_022_044_Devayya.mp3.wav,442,10
0491fbf195c366ad1e28d02af7012a0a,output,fake,sovits,anime_kawaii_girl_022_044_Devayya.mp3.wav,443,10
084176199478af8743d71ed06db0b431,output,fake,sovits,anime_kawaii_girl_022_044_Devayya.mp3.wav,444,10
4f978698312a20e06d0bc3631a828aca,output,fake,sovits,anime_kawaii_girl_022_044_Devayya.mp3.wav,445,10
d729b1b2d12956ba371256c4caf3c6d2,output,fake,sovits,anime_kawaii_girl_022_044_Devayya.mp3.wav,446,10
2d03f90e5e305bfa16464590955be59b,output,fake,sovits,anime_kawaii_girl_022_044_Devayya.mp3.wav,447,10
d4b1cef539b3b5fd006f58ec7c4e6083,output,fake,sovits,anime_kawaii_girl_022_044_Devayya.mp3.wav,448,10
b2e77bee55f728e272cf797c6b1a6de5,output,fake,sovits,anime_kawaii_girl_022_044_Devayya.mp3.wav,449,10
929a0ee68178293ec75ae9132db3f3dd,output,fake,sovits,anime_kawaii_girl_022_044_Devayya.mp3.wav,450,10
9e903629d0130433dd5befdc90d5c459,output,fake,sovits,anime_kawaii_girl_022_044_Devayya.mp3.wav,451,10
8373417e5b6e094f54e2abc211e555e6,output,fake,sovits,anime_kawaii_girl_022_044_Devayya.mp3.wav,452,10
73e4157935465dac8b076ddb07761e86,output,fake,sovits,anime_kawaii_girl_022_044_Devayya.mp3.wav,453,10
fa8cfd48e71d9ff7ce622ea44df11c1c,output,fake,sovits,anime_kawaii_girl_022_044_Devayya.mp3.wav,454,10
89fee3e1af57bcc6619d3251380dd030,output,fake,sovits,anime_kawaii_girl_022_044_Devayya.mp3.wav,455,10
2ce242e2ec7b7e5f239918d3b0bc7633,output,fake,sovits,anime_kawaii_girl_022_044_Devayya.mp3.wav,456,10
925ca2285141dfd89f29775f6876a2e2,output,fake,sovits,anime_kawaii_girl_022_044_Devayya.mp3.wav,457,10
e57aeec6ab1c2f8175ae810739a0038d,output,fake,sovits,anime_kawaii_girl_022_044_Devayya.mp3.wav,458,10
04b79b02da95869f4d8a614c970b779e,output,fake,sovits,anime_kawaii_girl_022_044_Devayya.mp3.wav,459,10
db6b0f81b6492ca52ea134c9f170d911,output,fake,sovits,anime_kawaii_girl_022_044_Devayya.mp3.wav,460,10
c29ac12b12daabb7850c2cb9fe085527,output,fake,sovits,anime_kawaii_girl_022_044_Devayya.mp3.wav,461,10
d0bd22902d753acf2e1d13e8615bb924,output,fake,sovits,anime_kawaii_girl_022_044_Devayya.mp3.wav,462,10
0828d7c60b7a563c06da55acff7c7747,output,fake,sovits,anime_kawaii_girl_022_044_Devayya.mp3.wav,463,10
dfdcf9de5e0f2af087d012d6b899a9a9,output,fake,sovits,anime_kawaii_girl_022_044_Devayya.mp3.wav,464,10
34533c74b1521cf2a98872bfada1bc6e,output,fake,sovits,anime_kawaii_girl_022_044_Devayya.mp3.wav,465,10
97641459fdc677b3b0bc3aee769daf0d,output,fake,sovits,anime_kawaii_girl_022_044_Devayya.mp3.wav,466,10
aa699f03efa1d82880049d495c4aeaa1,output,fake,sovits,anime_kawaii_girl_022_044_Devayya.mp3.wav,467,10
c2c2ea20e716b7ce66a8f382afa1fd48,output,fake,sovits,anime_kawaii_girl_022_044_Devayya.mp3.wav,468,10
868021cb00ba5d3c91a14a80fcb15e98,output,fake,sovits,anime_kawaii_girl_022_044_Devayya.mp3.wav,469,10
edfce73968c9b04fa5b49a1bf5b752d4,output,fake,sovits,anime_kawaii_girl_022_044_Devayya.mp3.wav,470,10
0ee860e30412327984aa10a962f4a918,output,fake,sovits,anime_kawaii_girl_022_044_Devayya.mp3.wav,471,10
4a5ffce41b27f63662559d6f66b1c08d,output,fake,sovits,anime_kawaii_girl_022_044_Devayya.mp3.wav,472,10
8202fbd0cf0348d2e5d64a43a4f097ca,output,fake,sovits,anime_kawaii_girl_022_044_Devayya.mp3.wav,473,10
70a4ce715240d2092e61b6137fa888ad,output,fake,sovits,anime_kawaii_girl_022_044_Devayya.mp3.wav,474,10
f72147b1a409d25066ff5a05a97f8559,output,fake,sovits,anime_kawaii_girl_022_044_Devayya.mp3.wav,475,10
378594a004b23f7f79888fc379d068ad,output,fake,sovits,anime_kawaii_girl_022_044_Devayya.mp3.wav,476,10
a697709456c3e1f80e6bddcd74ec0610,output,fake,sovits,anime_kawaii_girl_022_044_Devayya.mp3.wav,477,10
ac497e8acc38bbd2edb783c66af9fd8c,output,fake,sovits,anime_kawaii_girl_022_044_Devayya.mp3.wav,478,10
0400cae33b830c0e82ffd15a913475ca,output,fake,sovits,anime_kawaii_girl_022_044_Devayya.mp3.wav,479,10
8a95298c122c6f5311106ad84c64d941,output,fake,sovits,anime_kawaii_girl_022_044_Devayya.mp3.wav,480,10
4363ea887b0c8d51e5abf6631f4436ff,output,fake,sovits,anime_kawaii_girl_022_044_Devayya.mp3.wav,481,10
58b05209fa0a07d80ddabdd418d73706,output,fake,sovits,anime_kawaii_girl_022_044_Devayya.mp3.wav,482,10
6d0c38f1905a042cd411b058d40748ee,output,fake,sovits,anime_kawaii_girl_022_044_Devayya.mp3.wav,483,10
4c6fbb7366cdee6b157a0bd1a3d68e93,output,fake,sovits,anime_kawaii_girl_022_044_Devayya.mp3.wav,484,10
332debc3faf0b569e3584eb1d5d56117,output,fake,sovits,anime_kawaii_girl_022_044_Devayya.mp3.wav,485,10
5316555487684f1dc574bb1ec8fb8f60,output,fake,sovits,anime_kawaii_girl_022_044_Devayya.mp3.wav,486,10
2fcbd7ee986ed7d8d4317177bce8d7db,output,fake,sovits,anime_kawaii_girl_022_044_Devayya.mp3.wav,487,10
7b029cccf86077a0b6a79f1fd6da6752,output,fake,sovits,anime_kawaii_girl_022_044_Devayya.mp3.wav,488,10
b4ee8e09050a401ed9fd0fc49502dfd4,output,fake,sovits,anime_kawaii_girl_022_044_Devayya.mp3.wav,489,10
8148bd87c7c3b1bae89e059f3172eefc,output,fake,sovits,anime_kawaii_girl_022_044_Devayya.mp3.wav,490,10
367764a416fba9bda30dc45cee70ac2d,output,fake,sovits,anime_kawaii_girl_022_044_Devayya.mp3.wav,491,10
0a42a1f112045b47102c75af1323f526,output,fake,sovits,anime_kawaii_girl_022_044_Devayya.mp3.wav,492,10
55f90905d7f1f1a6fec6915cd784569f,output,fake,sovits,anime_kawaii_girl_022_044_Devayya.mp3.wav,493,10
921cf75d1a309412f00a0e8cd739430a,output,fake,sovits,anime_kawaii_girl_022_044_Devayya.mp3.wav,494,10
f262205cbd13e39b16a14195b92f956e,output,fake,sovits,anime_kawaii_girl_022_044_Devayya.mp3.wav,495,10
7012b95213103686ab58e5bb95e59ef0,output,fake,sovits,anime_kawaii_girl_022_044_Devayya.mp3.wav,496,10
e6b39aaab44814429eb836481d912fa9,output,fake,sovits,anime_kawaii_girl_022_044_Devayya.mp3.wav,497,10
9e970d8fbe9b74f8a0dcbe6d96ae5c3b,output,fake,sovits,anime_kawaii_girl_022_044_Devayya.mp3.wav,498,10
6da01b4ef9bbc550a831c8db33da206a,output,fake,sovits,anime_kawaii_girl_022_044_Devayya.mp3.wav,499,10
1484c25eaa1e7b8f9ef0e8c25f0567b0,output,fake,sovits,anime_kawaii_girl_022_044_Devayya.mp3.wav,500,10
89999205040569010b8548e7fc61bf2d,output,fake,sovits,anime_kawaii_girl_022_044_Devayya.mp3.wav,501,10
50c57abbe736d444126dec9a1635d97c,output,fake,sovits,anime_kawaii_girl_022_044_Devayya.mp3.wav,502,10
c6311295df1ad00b6ff79618675f6087,output,fake,sovits,anime_kawaii_girl_022_044_Devayya.mp3.wav,503,10
f676078a6afbae08ac12d1932709b277,output,fake,sovits,anime_kawaii_girl_022_044_Devayya.mp3.wav,504,10
4a6d6788bb9b1538dfaaddb571ba9b79,output,fake,sovits,anime_kawaii_girl_022_044_Devayya.mp3.wav,505,10
d04f4d21ba37d2a7feb689c2138666db,output,fake,sovits,anime_kawaii_girl_022_044_Devayya.mp3.wav,506,10
dc969e382cb3579a02fa2571918fa838,output,fake,sovits,anime_kawaii_girl_022_044_Devayya.mp3.wav,507,10
4f254fa71d47bc7685e812726f27f46c,output,fake,sovits,anime_kawaii_girl_022_044_Devayya.mp3.wav,508,10
fc2c4bd298a67d669f62c70fe82b2c4e,output,fake,sovits,anime_kawaii_girl_022_044_Devayya.mp3.wav,509,10
14805a80f88b1d18edfc097a1cccf304,output,fake,sovits,anime_kawaii_girl_022_044_Devayya.mp3.wav,510,10
f00f20008ecc7405ff280bbbc9514cf4,output,fake,sovits,anime_kawaii_girl_022_044_Devayya.mp3.wav,511,10
4e1142242a3cc5c9ab624e0ac203b539,output,fake,sovits,anime_kawaii_girl_022_044_Devayya.mp3.wav,512,10
7cbca26e8fb14f7e3553f3b71d82bf1b,output,fake,sovits,anime_kawaii_girl_022_044_Devayya.mp3.wav,513,10
804c26591cdc810e2874fbdbd4e210ae,output,fake,sovits,anime_kawaii_girl_022_044_Devayya.mp3.wav,514,10
a607f3b163512425f325cfd449995b8e,output,fake,sovits,anime_kawaii_girl_022_044_Devayya.mp3.wav,515,10
8ff788344c131697c9f8fddef7506b24,output,fake,sovits,anime_kawaii_girl_022_044_Devayya.mp3.wav,516,10
d214ccb39271c6a15f37e162903d5a38,output,fake,sovits,anime_kawaii_girl_022_044_Devayya.mp3.wav,517,10
425854dd587751d2fa0a1b90f461cf33,output,fake,sovits,anime_kawaii_girl_022_044_Devayya.mp3.wav,518,10
9d2752bef90ba8846167fa22ca08a0f2,output,fake,sovits,anime_kawaii_girl_022_044_Devayya.mp3.wav,519,10
a4e8d243f49d2821e6014e67f99aaf80,output,fake,sovits,anime_kawaii_girl_022_044_Devayya.mp3.wav,520,10
f2017152440124adf45f711df3858c21,output,fake,sovits,anime_kawaii_girl_022_044_Devayya.mp3.wav,521,10
1bd7bcd15d7feb8c765ad26f6fede8f9,output,fake,sovits,anime_kawaii_girl_022_044_Devayya.mp3.wav,522,10
70e19336008e5af7dbf6a75427f7f8fa,output,fake,sovits,anime_kawaii_girl_022_044_Devayya.mp3.wav,523,10
d846e4b3d47dcf150a732b03e471f74a,output,fake,sovits,anime_kawaii_girl_022_044_Devayya.mp3.wav,524,10
24aa524b0f3b806f3c012e014238ff98,output,fake,sovits,anime_kawaii_girl_022_044_Devayya.mp3.wav,525,10
21f13c4de8df3e52b77213462ead2fab,output,fake,sovits,anime_kawaii_girl_022_044_Devayya.mp3.wav,526,10
0cba8531985d21213e40f20234ca915b,output,fake,sovits,anime_kawaii_girl_022_044_Devayya.mp3.wav,527,10
ef343519645413ee140267b817d59287,output,fake,sovits,anime_kawaii_girl_022_044_Devayya.mp3.wav,528,10
d589cfc14ecb07ac205aaaf7c6ff0101,output,fake,sovits,anime_kawaii_girl_022_044_Devayya.mp3.wav,529,10
c32b88e818f11c1c7ac6666490a34fef,output,fake,sovits,anime_kawaii_girl_022_044_Devayya.mp3.wav,530,10
c1fde7a893cb990cc99622bdcb3cd4ba,output,fake,sovits,anime_kawaii_girl_022_044_Devayya.mp3.wav,531,10
b31b3ffb2cb32abbb94a163d3e484c02,output,fake,sovits,anime_kawaii_girl_022_044_Devayya.mp3.wav,532,10
282e66bcff8f3f09a7b06e44e45207fb,output,fake,sovits,anime_kawaii_girl_022_044_Devayya.mp3.wav,533,10
d4f6996c0e74d47821b87becc0ff6482,output,fake,sovits,anime_kawaii_girl_022_044_Devayya.mp3.wav,534,10
16f4b789f94d7da21281e6f92a29dbcf,output,fake,sovits,anime_kawaii_girl_022_044_Devayya.mp3.wav,535,10
bf45fb3272eeffe03bd974ef291b7d80,output,fake,sovits,anime_kawaii_girl_022_044_Devayya.mp3.wav,536,10
bf165a5e3fb48821f8b11d941fd5f325,output,fake,sovits,anime_kawaii_girl_022_044_Devayya.mp3.wav,537,10
12ed8b71a43af7cefb42a66b8741cfb9,output,fake,sovits,anime_kawaii_girl_022_044_Devayya.mp3.wav,538,10
0d0c51c3db958f794b669426d81c5bae,output,fake,sovits,anime_kawaii_girl_022_044_Devayya.mp3.wav,539,10
a86e8855ecfc1c9fe71403a880c63fed,output,fake,sovits,anime_kawaii_girl_022_044_Devayya.mp3.wav,540,10
3fda54975e591243e4add50ef7143554,output,fake,sovits,anime_kawaii_girl_022_044_Devayya.mp3.wav,541,10
d941ae1876eb43ba6bf76f59c1f2b91e,output,fake,sovits,anime_kawaii_girl_022_044_Devayya.mp3.wav,542,10
8b8d778d625183496227a945a29c060b,output,fake,sovits,anime_kawaii_girl_022_044_Devayya.mp3.wav,543,10
04a3b2c5fdb55f365c28db9772c46215,output,fake,sovits,anime_kawaii_girl_022_044_Devayya.mp3.wav,544,10
a090d96b7e09980002412140828ad09f,output,fake,sovits,anime_kawaii_girl_022_044_Devayya.mp3.wav,545,10
64739b5df093f65ac481f2b18339cdd8,output,fake,sovits,anime_kawaii_girl_022_044_Devayya.mp3.wav,546,10
b2d89c643008c3cd00e3da9786ded79e,output,fake,sovits,anime_kawaii_girl_022_044_Devayya.mp3.wav,547,10
ed7c04b6f0f93cacdb63b00b3e2a880e,output,fake,sovits,anime_kawaii_girl_022_044_Devayya.mp3.wav,548,10
2b1aace67741152ec0c7feeaeb9c2d49,output,fake,sovits,anime_kawaii_girl_022_044_Devayya.mp3.wav,549,10
99a1832085986696092892444c83628a,output,fake,sovits,anime_kawaii_girl_022_044_Devayya.mp3.wav,550,10
554b959f3808dac2d64d56d58cffe58f,output,fake,sovits,anime_kawaii_girl_022_044_Devayya.mp3.wav,551,10
5675a024f3c6c617bd64bd34737b66a9,output,fake,sovits,anime_kawaii_girl_022_044_Devayya.mp3.wav,552,10
9606c98821ef2612c9b8d7279877341d,output,fake,sovits,anime_kawaii_girl_022_044_Devayya.mp3.wav,553,10
75b9fe7e84e9cc0b8ef782b6377a3405,output,fake,sovits,anime_kawaii_girl_022_044_Devayya.mp3.wav,554,10
1c3104cc84f4da81b61405d66b1ddad8,output,fake,sovits,anime_kawaii_girl_022_044_Devayya.mp3.wav,555,10
6b37b0b0b56529b6d71ef07c2aa64a1a,output,fake,sovits,anime_kawaii_girl_022_044_Devayya.mp3.wav,556,10
1b8ffcb1393ba70605d24051552c2802,output,fake,sovits,anime_kawaii_girl_022_044_Devayya.mp3.wav,557,10
81260c3189e6136d85addfdca1671d77,output,fake,sovits,anime_kawaii_girl_022_044_Devayya.mp3.wav,558,10
a7934c8138e654d79ca484f87ce45bfc,output,fake,sovits,anime_kawaii_girl_022_044_Devayya.mp3.wav,559,10
650d73af024c59ac1f7749df32301ddc,output,fake,sovits,anime_kawaii_girl_022_044_Devayya.mp3.wav,560,10
8663730f565b0d5c47293b7136b77971,output,fake,sovits,anime_kawaii_girl_022_044_Devayya.mp3.wav,561,10
7b28890f2619ed31ac4be23d20d84688,output,fake,sovits,anime_kawaii_girl_022_044_Devayya.mp3.wav,562,10
bb5aa174004304eddbbc5ff869dcfdce,output,fake,sovits,anime_kawaii_girl_022_044_Devayya.mp3.wav,563,10
27df8a62117a2afd0f46675d969a7e78,output,fake,sovits,anime_kawaii_girl_022_044_Devayya.mp3.wav,564,10
622e111318bf07abec416e66ace0c307,output,fake,sovits,anime_kawaii_girl_022_044_Devayya.mp3.wav,565,10
528f2b91a40f04538fe8cff519d497e8,output,fake,sovits,anime_kawaii_girl_022_044_Devayya.mp3.wav,566,10
62b691eb95ac5766f58d38c7914c9d4b,output,fake,sovits,anime_kawaii_girl_022_044_Devayya.mp3.wav,567,10
c9bec2e0bc70bef3065d75d6e453f5f1,output,fake,sovits,anime_kawaii_girl_022_044_Devayya.mp3.wav,568,10
7526114ca799c993584f74d56791e53e,output,fake,sovits,anime_kawaii_girl_022_044_Devayya.mp3.wav,569,10
421525eac24a941e526834364ae411da,output,fake,sovits,anime_kawaii_girl_022_044_Devayya.mp3.wav,570,10
ec6b9236ad0fb58666843cbf0fa4faa0,output,fake,sovits,anime_kawaii_girl_022_044_Devayya.mp3.wav,571,10
85295501216d3fe5575dbe2cec1e1d5d,output,fake,sovits,anime_kawaii_girl_022_044_Devayya.mp3.wav,572,10
d9b76f22f14bfce6f12c8d967af152df,output,fake,sovits,anime_kawaii_girl_022_044_Devayya.mp3.wav,573,10
1a7a3c2d9352a07ac8d9f65de45e4099,output,fake,sovits,anime_kawaii_girl_022_044_Devayya.mp3.wav,574,10
d5d8cc1bbeb9160886c35183cf94ef45,output,fake,sovits,anime_kawaii_girl_022_044_Devayya.mp3.wav,575,10
023cdbb6eeffa4a3d8475e778e854e87,output,fake,sovits,anime_kawaii_girl_022_044_Devayya.mp3.wav,576,10
b2c822c7c4b19dbf706ebee577449ab1,output,fake,sovits,anime_kawaii_girl_022_044_Devayya.mp3.wav,577,10
f5cd32f8e52c92df3456b7f14d9cde56,output,fake,sovits,anime_kawaii_girl_022_044_Devayya.mp3.wav,578,10
f8fdb9d7abcd759c0a063619a6b3b3f1,output,fake,sovits,anime_kawaii_girl_022_044_Devayya.mp3.wav,579,10
0f57df4cf3f9d4bb7114a95bd7a4150c,output,fake,sovits,anime_kawaii_girl_022_044_Devayya.mp3.wav,580,10
7015fec7e09b6b247463d1760b325d19,output,fake,sovits,anime_kawaii_girl_022_044_Devayya.mp3.wav,581,10
dbc157df73c8af70183f4d2d6dbc5079,output,fake,sovits,anime_kawaii_girl_022_044_Devayya.mp3.wav,582,10
a24bf0a8b826c01d4094c2d58a131e2f,output,fake,sovits,anime_kawaii_girl_022_044_Devayya.mp3.wav,583,10
01ebaedfda454fe89a44575eaea7a424,output,fake,sovits,anime_kawaii_girl_022_044_Devayya.mp3.wav,584,10
9279ce00539ae969bd67e907688ef65b,output,fake,sovits,anime_kawaii_girl_022_044_Devayya.mp3.wav,585,10
54299c061c4b46ecafbe25d190d7bb3c,output,fake,sovits,anime_kawaii_girl_022_044_Devayya.mp3.wav,586,10
e63f0a91218871f13ceb9f08edb607c1,output,fake,sovits,anime_kawaii_girl_022_044_Devayya.mp3.wav,587,10
7e433a0e90eb5332f186fe845e9e1c87,output,fake,sovits,anime_kawaii_girl_022_044_Devayya.mp3.wav,588,10
e13e78421824df906c3d0d4eb1ddb698,output,fake,sovits,anime_kawaii_girl_022_044_Devayya.mp3.wav,589,10
bccc346f529b4c90d77cc1ae556b7932,output,fake,sovits,anime_kawaii_girl_022_044_Devayya.mp3.wav,590,10
432d6c28262f72fbdffabf50e071c1a7,output,fake,sovits,anime_kawaii_girl_022_044_Devayya.mp3.wav,591,10
f8393dd3c2939b2829752e189f895d27,output,fake,sovits,anime_kawaii_girl_022_044_Devayya.mp3.wav,592,10
cc68e6227f0ca25b73c4d18850286c3f,output,fake,sovits,anime_kawaii_girl_022_044_Devayya.mp3.wav,593,10
49d0ce473a07671cd37b87336b902dcd,output,fake,sovits,anime_kawaii_girl_022_044_Devayya.mp3.wav,594,10
2afa6cf1ca3e5514f6533d764d046c8a,output,fake,sovits,anime_kawaii_girl_022_044_Devayya.mp3.wav,595,10
8e20c8c959eb4846597e03c983faa5c6,output,fake,sovits,anime_kawaii_girl_022_044_Devayya.mp3.wav,596,10
32ce17c29a527130c3757a29941411df,output,fake,sovits,anime_kawaii_girl_022_044_Devayya.mp3.wav,597,10
0b2a8495fb5b817807d314b89ada12df,output,fake,sovits,anime_kawaii_girl_022_044_Devayya.mp3.wav,598,10
96a26d3221d52128a689879add835a44,output,fake,sovits,anime_kawaii_girl_022_044_Devayya.mp3.wav,599,10
ac93e518a002eaf84fa2cd320d305f91,output,fake,sovits,anime_kawaii_girl_022_044_Devayya.mp3.wav,600,10
230ebf707969365010c248bc635cb193,output,fake,sovits,anime_kawaii_girl_022_044_Devayya.mp3.wav,601,10
0c7b780d110c3f4d1da5a04412cc1838,output,fake,sovits,anime_kawaii_girl_022_044_Devayya.mp3.wav,602,10
3568070166201a7e0842287923010a70,output,fake,sovits,anime_kawaii_girl_022_044_Devayya.mp3.wav,603,10
ce952c06f66181d0992b6f0edbaf073d,output,fake,sovits,anime_kawaii_girl_022_044_Devayya.mp3.wav,604,10
31015a71e0dad35a4bc7cf2a1f2666fa,output,fake,sovits,anime_kawaii_girl_022_044_Devayya.mp3.wav,605,10
e724442e79b99a65ad15c1fcafb9e8d1,output,fake,sovits,anime_kawaii_girl_022_044_Devayya.mp3.wav,606,10
2fbe5d3a0bb6c6844e82aaee28fb1668,output,fake,sovits,anime_kawaii_girl_022_044_Devayya.mp3.wav,607,10
98f263ff0b7f27703405f9b30915f0cc,output,fake,sovits,anime_kawaii_girl_022_044_Devayya.mp3.wav,608,10
6237e7ca7c601fe6f469548ad13323b1,output,fake,sovits,anime_kawaii_girl_022_044_Devayya.mp3.wav,609,10
b821719e810bef6cea9fe3765b9a6f63,output,fake,sovits,anime_kawaii_girl_022_044_Devayya.mp3.wav,610,10
e343283afbb501058be907b4c6a47789,output,fake,sovits,anime_kawaii_girl_022_044_Devayya.mp3.wav,611,10
6c12de2c922f2d22949a517866f83970,output,fake,sovits,anime_energetic_idol_023_046_Ashwini Rathod.mp3.wav,0,10
bf68318a60b9c80c79306b0642360dfe,output,fake,sovits,anime_energetic_idol_023_046_Ashwini Rathod.mp3.wav,1,10
6f42002b6617897fb6016aac5936f1db,output,fake,sovits,anime_energetic_idol_023_046_Ashwini Rathod.mp3.wav,2,10
590749d8bbda6bf6b14ca95fc231a1b4,output,fake,sovits,anime_energetic_idol_023_046_Ashwini Rathod.mp3.wav,3,10
5f3129b3920fe820880e134911ed8008,output,fake,sovits,anime_energetic_idol_023_046_Ashwini Rathod.mp3.wav,4,10
9f188280e3fd4426add61367b49ae94b,output,fake,sovits,anime_energetic_idol_023_046_Ashwini Rathod.mp3.wav,5,10
e86e2d00dbce65a50465cb376cf688d0,output,fake,sovits,anime_energetic_idol_023_046_Ashwini Rathod.mp3.wav,6,10
f02578da48921f17f25894e9d76c1f87,output,fake,sovits,anime_energetic_idol_023_046_Ashwini Rathod.mp3.wav,7,10
7375e86c72ce10c1c8141169d98d34c5,output,fake,sovits,anime_energetic_idol_023_046_Ashwini Rathod.mp3.wav,8,10
4e72d96d7c88e5be929c127becbf9670,output,fake,sovits,anime_energetic_idol_023_046_Ashwini Rathod.mp3.wav,9,10
56f7af235398398cd8881b794fc8f7ea,output,fake,sovits,anime_energetic_idol_023_046_Ashwini Rathod.mp3.wav,10,10
0c8116342fcb2f0c7d63e2d45dac0efd,output,fake,sovits,anime_energetic_idol_023_046_Ashwini Rathod.mp3.wav,11,10
91271695221adf110e363f69a8d40c16,output,fake,sovits,anime_energetic_idol_023_046_Ashwini Rathod.mp3.wav,12,10
ae361ac5e75064ceda5ebee4d81a27ff,output,fake,sovits,anime_energetic_idol_023_046_Ashwini Rathod.mp3.wav,13,10
317eb4501c96b5440aa51abe85a4ad6d,output,fake,sovits,anime_energetic_idol_023_046_Ashwini Rathod.mp3.wav,14,10
4c2ab0b7ff446aa0dc1b58345493da40,output,fake,sovits,anime_energetic_idol_023_046_Ashwini Rathod.mp3.wav,15,10
0e249d8baa3d3e2614a98599163bbd10,output,fake,sovits,anime_energetic_idol_023_046_Ashwini Rathod.mp3.wav,16,10
b24bed3d1946cdf1da3ab1187df93194,output,fake,sovits,anime_energetic_idol_023_046_Ashwini Rathod.mp3.wav,17,10
6dc728e7afa7d1afb8eadd5e448617af,output,fake,sovits,anime_energetic_idol_023_046_Ashwini Rathod.mp3.wav,18,10
0588ec98129a6a80ebea88cf6df77ec7,output,fake,sovits,anime_energetic_idol_023_046_Ashwini Rathod.mp3.wav,19,10
c8b01dfc35258b67b57efec790ac8388,output,fake,sovits,anime_energetic_idol_023_046_Ashwini Rathod.mp3.wav,20,10
5996536fb576a6bbb39c58bd3bf1de16,output,fake,sovits,anime_energetic_idol_023_046_Ashwini Rathod.mp3.wav,21,10
f60c37a5f3ad1ecaca33210c97795b57,output,fake,sovits,anime_soft_anime_024_047_Ranu Bombai Ki Ranu.mp3.wav,0,10
70a9e15e6a3572857a81d574b3a98e98,output,fake,sovits,anime_soft_anime_024_047_Ranu Bombai Ki Ranu.mp3.wav,1,10
cb5a09e1746eda7ff18b9777e86c20d5,output,fake,sovits,anime_soft_anime_024_047_Ranu Bombai Ki Ranu.mp3.wav,2,10
42589a226fc284677a8965bbca6cb354,output,fake,sovits,anime_soft_anime_024_047_Ranu Bombai Ki Ranu.mp3.wav,3,10
2de4be63ea2228faaf54ea69e4acefba,output,fake,sovits,anime_soft_anime_024_047_Ranu Bombai Ki Ranu.mp3.wav,4,10
f7edba763fb68e0ea24f21de5b0dd4d8,output,fake,sovits,anime_soft_anime_024_047_Ranu Bombai Ki Ranu.mp3.wav,5,10
dd9695026cae4bb290790fda31597424,output,fake,sovits,anime_soft_anime_024_047_Ranu Bombai Ki Ranu.mp3.wav,6,10
ae3e7407e042e926fe7058ff8b66d350,output,fake,sovits,anime_soft_anime_024_047_Ranu Bombai Ki Ranu.mp3.wav,7,10
9e4ca6ddad1bdc100115a091056873ca,output,fake,sovits,anime_soft_anime_024_047_Ranu Bombai Ki Ranu.mp3.wav,8,10
5740eb975449cd311924914bbadf5662,output,fake,sovits,anime_soft_anime_024_047_Ranu Bombai Ki Ranu.mp3.wav,9,10
028151b4d9a18cf809c2bbedf1952039,output,fake,sovits,anime_soft_anime_024_047_Ranu Bombai Ki Ranu.mp3.wav,10,10
bfdc77362876f22f55a3df9eee3b6130,output,fake,sovits,anime_soft_anime_024_047_Ranu Bombai Ki Ranu.mp3.wav,11,10
31db3b99e6b4fe3597477a17d343dc23,output,fake,sovits,anime_soft_anime_024_047_Ranu Bombai Ki Ranu.mp3.wav,12,10
14bf1c6285823b8243d1f18fc9194834,output,fake,sovits,anime_soft_anime_024_047_Ranu Bombai Ki Ranu.mp3.wav,13,10
ff172bdcec73278e1187d8cb838b1b86,output,fake,sovits,anime_soft_anime_024_047_Ranu Bombai Ki Ranu.mp3.wav,14,10
fb85eb058f3a58930cef82402204e3a0,output,fake,sovits,anime_soft_anime_024_047_Ranu Bombai Ki Ranu.mp3.wav,15,10
6fa94274d504fe2ea89b2b416af7d117,output,fake,sovits,anime_soft_anime_024_047_Ranu Bombai Ki Ranu.mp3.wav,16,10
66ad5e9e1ea9a105245161f6c97439cf,output,fake,sovits,anime_soft_anime_024_047_Ranu Bombai Ki Ranu.mp3.wav,17,10
c980c5986c7c961a06410b4b2642ee2e,output,fake,sovits,anime_soft_anime_024_047_Ranu Bombai Ki Ranu.mp3.wav,18,10
7ca8d8d6f72d405a020b9d39281d1b26,output,fake,sovits,anime_soft_anime_024_047_Ranu Bombai Ki Ranu.mp3.wav,19,10
96369aa38e1f69a68506031f579f4996,output,fake,sovits,anime_soft_anime_024_047_Ranu Bombai Ki Ranu.mp3.wav,20,10
671b8f4d769f1bb201e31a9538da64e1,output,fake,sovits,anime_soft_anime_024_047_Ranu Bombai Ki Ranu.mp3.wav,21,10
1eae78449bf519f53622b63607e1caca,output,fake,sovits,anime_soft_anime_024_047_Ranu Bombai Ki Ranu.mp3.wav,22,10
405dce502ad6e0d2b6c032d696a25893,output,fake,sovits,anime_soft_anime_024_047_Ranu Bombai Ki Ranu.mp3.wav,23,10
573ae93da0cc151893bf5915f03d11fa,output,fake,sovits,anime_soft_anime_024_047_Ranu Bombai Ki Ranu.mp3.wav,24,10
9c15809a037224e5f780edd9fed5bc43,output,fake,sovits,anime_soft_anime_024_047_Ranu Bombai Ki Ranu.mp3.wav,25,10
965c63d8d123596260dc22e4e944d05c,output,fake,sovits,anime_soft_anime_024_047_Ranu Bombai Ki Ranu.mp3.wav,26,10
11cfd77b591cb3c95108448eb0fa13d2,output,fake,sovits,anime_kawaii_girl_025_048_Sommasilli Pothunnave O Chinna Ramulamma.mp3.wav,0,10
0bce99e82b4474824a939b8f0db367ab,output,fake,sovits,anime_kawaii_girl_025_048_Sommasilli Pothunnave O Chinna Ramulamma.mp3.wav,1,10
0f722688df348d4bc81e324d8713faa5,output,fake,sovits,anime_kawaii_girl_025_048_Sommasilli Pothunnave O Chinna Ramulamma.mp3.wav,2,10
2da6cea9a1b1852e162d852ecacf22fe,output,fake,sovits,anime_kawaii_girl_025_048_Sommasilli Pothunnave O Chinna Ramulamma.mp3.wav,3,10
201837c73605d2d65d57f17fdd3315b8,output,fake,sovits,anime_kawaii_girl_025_048_Sommasilli Pothunnave O Chinna Ramulamma.mp3.wav,4,10
76569421ad3f4bf2a0b4daea444c101e,output,fake,sovits,anime_kawaii_girl_025_048_Sommasilli Pothunnave O Chinna Ramulamma.mp3.wav,5,10
cfb66a70931d2da7f95e8c0eb92efbd4,output,fake,sovits,anime_kawaii_girl_025_048_Sommasilli Pothunnave O Chinna Ramulamma.mp3.wav,6,10
084eb3a50763182758c2086bbb918549,output,fake,sovits,anime_kawaii_girl_025_048_Sommasilli Pothunnave O Chinna Ramulamma.mp3.wav,7,10
f0c1cdc82e3bba439ebe9fde27fa3222,output,fake,sovits,anime_kawaii_girl_025_048_Sommasilli Pothunnave O Chinna Ramulamma.mp3.wav,8,10
e679d51d0e8f190a20cc4e2f19100af3,output,fake,sovits,anime_kawaii_girl_025_048_Sommasilli Pothunnave O Chinna Ramulamma.mp3.wav,9,10
a3c1635af7dcd624d5b9a654fe9aeda1,output,fake,sovits,anime_kawaii_girl_025_048_Sommasilli Pothunnave O Chinna Ramulamma.mp3.wav,10,10
d4374aac72c6ffc4e61ece422518f493,output,fake,sovits,anime_kawaii_girl_025_048_Sommasilli Pothunnave O Chinna Ramulamma.mp3.wav,11,10
4a19ba3991c7d34b76405575bb3f03f4,output,fake,sovits,anime_kawaii_girl_025_048_Sommasilli Pothunnave O Chinna Ramulamma.mp3.wav,12,10
d8f5bed52cf9e22a971034913b4e3e72,output,fake,sovits,anime_kawaii_girl_025_048_Sommasilli Pothunnave O Chinna Ramulamma.mp3.wav,13,10
c699eb791bc404d1b1722aeab0a53c97,output,fake,sovits,anime_kawaii_girl_025_048_Sommasilli Pothunnave O Chinna Ramulamma.mp3.wav,14,10
f3fbd1a303374ea129349eed7f6d486b,output,fake,sovits,anime_kawaii_girl_025_048_Sommasilli Pothunnave O Chinna Ramulamma.mp3.wav,15,10
e4c02249053ba2c1b47f681fddd5487f,output,fake,sovits,anime_kawaii_girl_025_048_Sommasilli Pothunnave O Chinna Ramulamma.mp3.wav,16,10
33d4b1287ef5f2bc2a27eee724986610,output,fake,sovits,anime_kawaii_girl_025_048_Sommasilli Pothunnave O Chinna Ramulamma.mp3.wav,17,10
955453ad0952171962a49571e9c5affd,output,fake,sovits,anime_kawaii_girl_025_048_Sommasilli Pothunnave O Chinna Ramulamma.mp3.wav,18,10
b92e747dee6e5f9499240e1e67240919,output,fake,sovits,anime_kawaii_girl_025_048_Sommasilli Pothunnave O Chinna Ramulamma.mp3.wav,19,10
f9021921e709acf5d3d27fdc9860ba38,output,fake,sovits,anime_kawaii_girl_025_048_Sommasilli Pothunnave O Chinna Ramulamma.mp3.wav,20,10
1f03447236e57f1d083f54dc2cce92f8,output,fake,sovits,anime_kawaii_girl_025_048_Sommasilli Pothunnave O Chinna Ramulamma.mp3.wav,21,10
18bc1557d199d82c76c99440cb11528a,output,fake,sovits,anime_kawaii_girl_025_048_Sommasilli Pothunnave O Chinna Ramulamma.mp3.wav,22,10
6994edeec27d1ec1f466ef891380bc9a,output,fake,sovits,anime_kawaii_girl_025_048_Sommasilli Pothunnave O Chinna Ramulamma.mp3.wav,23,10
899213abea625bf2073b75b793aca566,output,fake,sovits,anime_kawaii_girl_025_048_Sommasilli Pothunnave O Chinna Ramulamma.mp3.wav,24,10
61e86a7ca174f79d7f2c8007b153b243,output,fake,sovits,anime_kawaii_girl_025_048_Sommasilli Pothunnave O Chinna Ramulamma.mp3.wav,25,10
9dc9316054aa0af4178cae26099a1bd7,output,fake,sovits,anime_kawaii_girl_025_048_Sommasilli Pothunnave O Chinna Ramulamma.mp3.wav,26,10
04e6e44b37463c3882193f53459c145c,output,fake,sovits,anime_kawaii_girl_025_048_Sommasilli Pothunnave O Chinna Ramulamma.mp3.wav,27,10
165073c4c19c9e0fff9820f98a3b7a23,output,fake,sovits,anime_kawaii_girl_025_048_Sommasilli Pothunnave O Chinna Ramulamma.mp3.wav,28,10
4aefff3ca993597319bc16be2818340b,output,fake,sovits,anime_kawaii_girl_025_048_Sommasilli Pothunnave O Chinna Ramulamma.mp3.wav,29,10
4d256ae164da7d5ef41e6324050b7038,output,fake,sovits,anime_kawaii_girl_025_048_Sommasilli Pothunnave O Chinna Ramulamma.mp3.wav,30,10
8f242273cb4032c586aaa477fad8931e,output,fake,sovits,anime_kawaii_girl_025_048_Sommasilli Pothunnave O Chinna Ramulamma.mp3.wav,31,10
5b5c6008aa5fdd313bb991072961cbe8,output,fake,sovits,anime_kawaii_girl_025_048_Sommasilli Pothunnave O Chinna Ramulamma.mp3.wav,32,10
de9c22a13769dfba9492dcde9a5ad23d,output,fake,sovits,anime_kawaii_girl_025_048_Sommasilli Pothunnave O Chinna Ramulamma.mp3.wav,33,10
897972f4d9a2893a82524fcbde272acf,output,fake,sovits,anime_kawaii_girl_025_048_Sommasilli Pothunnave O Chinna Ramulamma.mp3.wav,34,10
88959297115eae23ded19cc0b2e464a5,output,fake,sovits,anime_kawaii_girl_025_048_Sommasilli Pothunnave O Chinna Ramulamma.mp3.wav,35,10
783297dc5b82518603327095ff9fd8bd,output,fake,sovits,anime_kawaii_girl_025_048_Sommasilli Pothunnave O Chinna Ramulamma.mp3.wav,36,10
b67113107d37a9521b8b4cd3d8b8f62e,output,fake,sovits,anime_kawaii_girl_025_048_Sommasilli Pothunnave O Chinna Ramulamma.mp3.wav,37,10
16cd485a33c8b38faf72b49f0a6f4d6d,output,fake,sovits,anime_kawaii_girl_025_048_Sommasilli Pothunnave O Chinna Ramulamma.mp3.wav,38,10
187f84592621972e6e3b741dd6531cf2,output,fake,sovits,anime_kawaii_girl_025_048_Sommasilli Pothunnave O Chinna Ramulamma.mp3.wav,39,10
5164cfbec4a88af30294457884f77a7b,output,fake,sovits,anime_kawaii_girl_025_048_Sommasilli Pothunnave O Chinna Ramulamma.mp3.wav,40,10
9d61773982871082f17c37fe50651c74,output,fake,sovits,anime_kawaii_girl_025_048_Sommasilli Pothunnave O Chinna Ramulamma.mp3.wav,41,10
11fbdd0ef640d3b77a60e243113851ac,output,fake,sovits,anime_kawaii_girl_025_048_Sommasilli Pothunnave O Chinna Ramulamma.mp3.wav,42,10
d090ca8e0175f121ab4e990043cedf20,output,fake,sovits,anime_kawaii_girl_025_048_Sommasilli Pothunnave O Chinna Ramulamma.mp3.wav,43,10
81572e7965597e25defcb15c2dc08eff,output,fake,sovits,anime_kawaii_girl_025_048_Sommasilli Pothunnave O Chinna Ramulamma.mp3.wav,44,10
7811b31473111a57c4344e28792236b6,output,fake,sovits,anime_kawaii_girl_025_048_Sommasilli Pothunnave O Chinna Ramulamma.mp3.wav,45,10
700269a591fb30f5df0397c2afc2c4d3,output,fake,sovits,anime_kawaii_girl_025_048_Sommasilli Pothunnave O Chinna Ramulamma.mp3.wav,46,10
95dd8fd8a3b0195ffe9b44618f829c3d,output,fake,sovits,anime_kawaii_girl_025_048_Sommasilli Pothunnave O Chinna Ramulamma.mp3.wav,47,10
94d781bfe7c8e83bdced979ba441e098,output,fake,sovits,anime_kawaii_girl_025_048_Sommasilli Pothunnave O Chinna Ramulamma.mp3.wav,48,10
3eef0c621f768fccba1c3462eda59118,output,fake,sovits,anime_kawaii_girl_025_048_Sommasilli Pothunnave O Chinna Ramulamma.mp3.wav,49,10
fff70dff82162f28f16cec07e969b93d,output,fake,sovits,anime_kawaii_girl_025_048_Sommasilli Pothunnave O Chinna Ramulamma.mp3.wav,50,10
75928eca9354cb818d550865a47ae4fb,output,fake,sovits,anime_kawaii_girl_025_048_Sommasilli Pothunnave O Chinna Ramulamma.mp3.wav,51,10
5a03e012ad7a52105f9139868367fb7b,output,fake,sovits,anime_kawaii_girl_025_048_Sommasilli Pothunnave O Chinna Ramulamma.mp3.wav,52,10
5d5bd95680701166f55a6c05785e22cf,output,fake,sovits,anime_kawaii_girl_025_048_Sommasilli Pothunnave O Chinna Ramulamma.mp3.wav,53,10
00cc3cd0ec298c17d5cde924ee85b7bb,output,fake,sovits,anime_kawaii_girl_025_048_Sommasilli Pothunnave O Chinna Ramulamma.mp3.wav,54,10
9fcb966dd6810e83054c4752cabbbaf5,output,fake,sovits,anime_kawaii_girl_025_048_Sommasilli Pothunnave O Chinna Ramulamma.mp3.wav,55,10
85fcd14b9374c308242ddb755a5ef461,output,fake,sovits,anime_kawaii_girl_025_048_Sommasilli Pothunnave O Chinna Ramulamma.mp3.wav,56,10
8befacd34c6677fe96e641f585d1cdb1,output,fake,sovits,anime_kawaii_girl_025_048_Sommasilli Pothunnave O Chinna Ramulamma.mp3.wav,57,10
15670bc41aae1030a80ac5499313f241,output,fake,sovits,anime_kawaii_girl_025_048_Sommasilli Pothunnave O Chinna Ramulamma.mp3.wav,58,10
25a18cb4538f3e177729a6806248949c,output,fake,sovits,anime_kawaii_girl_025_048_Sommasilli Pothunnave O Chinna Ramulamma.mp3.wav,59,10
9d5d8df97e9f4d2c34760ba4276d6c12,output,fake,sovits,anime_kawaii_girl_025_048_Sommasilli Pothunnave O Chinna Ramulamma.mp3.wav,60,10
328a9cb3c03035371485e1fb231ed173,output,fake,sovits,anime_kawaii_girl_025_048_Sommasilli Pothunnave O Chinna Ramulamma.mp3.wav,61,10
4c13f82438c08479bf994c6de6224761,output,fake,sovits,anime_kawaii_girl_025_048_Sommasilli Pothunnave O Chinna Ramulamma.mp3.wav,62,10
7903869add62796b970af496d941de6e,output,fake,sovits,anime_kawaii_girl_025_048_Sommasilli Pothunnave O Chinna Ramulamma.mp3.wav,63,10
22a7a2f13a1c5e5a564ce1ba36108b85,output,fake,sovits,anime_kawaii_girl_025_048_Sommasilli Pothunnave O Chinna Ramulamma.mp3.wav,64,10
5507ccfac90ef2e934c661df307d07f4,output,fake,sovits,anime_kawaii_girl_025_048_Sommasilli Pothunnave O Chinna Ramulamma.mp3.wav,65,10
55c1cad1a0617ff4f851d7b5003469b6,output,fake,sovits,anime_kawaii_girl_025_048_Sommasilli Pothunnave O Chinna Ramulamma.mp3.wav,66,10
8b94246f472a0595efc672aa6fdcde84,output,fake,sovits,anime_kawaii_girl_025_048_Sommasilli Pothunnave O Chinna Ramulamma.mp3.wav,67,10
a7c19efc76441c636ec4458918ebce24,output,fake,sovits,anime_kawaii_girl_025_048_Sommasilli Pothunnave O Chinna Ramulamma.mp3.wav,68,10
b082c8876b2336c7617b0df76557e885,output,fake,sovits,anime_kawaii_girl_025_048_Sommasilli Pothunnave O Chinna Ramulamma.mp3.wav,69,10
dede9ece85a22df9955a5d112f996aea,output,fake,sovits,anime_kawaii_girl_025_048_Sommasilli Pothunnave O Chinna Ramulamma.mp3.wav,70,10
a073474aedad37e516d5c4feb6ffcd87,output,fake,sovits,anime_kawaii_girl_025_048_Sommasilli Pothunnave O Chinna Ramulamma.mp3.wav,71,10
3b08eef020a462e4281f3e0bdd5052db,output,fake,sovits,anime_kawaii_girl_025_048_Sommasilli Pothunnave O Chinna Ramulamma.mp3.wav,72,10
d5260a99de8a5e85099e8bc8166348d6,output,fake,sovits,anime_energetic_idol_026_049_Ringu Ringula Juttudhana.mp3.wav,0,10
056cb4dccbe333fcb291c6cdd1cae10f,output,fake,sovits,anime_energetic_idol_026_049_Ringu Ringula Juttudhana.mp3.wav,1,10
aff27f33f141932a0c8bf24c447e2098,output,fake,sovits,anime_energetic_idol_026_049_Ringu Ringula Juttudhana.mp3.wav,2,10
10bc25624e3a967203dc0deac0b428c1,output,fake,sovits,anime_energetic_idol_026_049_Ringu Ringula Juttudhana.mp3.wav,3,10
af60b7a50df7694e5fa6053bca4588b3,output,fake,sovits,anime_energetic_idol_026_049_Ringu Ringula Juttudhana.mp3.wav,4,10
21454ca4b8ccd08e16488744e96a0928,output,fake,sovits,anime_energetic_idol_026_049_Ringu Ringula Juttudhana.mp3.wav,5,10
d13b6385be17e7752fdd3a084b575ee8,output,fake,sovits,anime_energetic_idol_026_049_Ringu Ringula Juttudhana.mp3.wav,6,10
2c89a100e98276ad8e228fb5ff64d541,output,fake,sovits,anime_energetic_idol_026_049_Ringu Ringula Juttudhana.mp3.wav,7,10
3bfb6051d26590a4aed5609e4370ed42,output,fake,sovits,anime_energetic_idol_026_049_Ringu Ringula Juttudhana.mp3.wav,8,10
7ae2b37948992fe17e86cba99d52eead,output,fake,sovits,anime_energetic_idol_026_049_Ringu Ringula Juttudhana.mp3.wav,9,10
bfdc1aed77fb3b444e26f9621a38fc13,output,fake,sovits,anime_energetic_idol_026_049_Ringu Ringula Juttudhana.mp3.wav,10,10
fb76203da0ee533cf1d2ac1332e63e1c,output,fake,sovits,anime_energetic_idol_026_049_Ringu Ringula Juttudhana.mp3.wav,11,10
aec909ef9a26246ebd67bd00f5fff7ef,output,fake,sovits,anime_energetic_idol_026_049_Ringu Ringula Juttudhana.mp3.wav,12,10
5338efdefd1e72414f187c923d7ac9fe,output,fake,sovits,anime_energetic_idol_026_049_Ringu Ringula Juttudhana.mp3.wav,13,10
64bc239975b8a6aa9dccad4c6b172d14,output,fake,sovits,anime_energetic_idol_026_049_Ringu Ringula Juttudhana.mp3.wav,14,10
c6527ffa077494302bb8e7cd4904a3d8,output,fake,sovits,anime_energetic_idol_026_049_Ringu Ringula Juttudhana.mp3.wav,15,10
09f7f2573441e4d70e5a0a9056d9173c,output,fake,sovits,anime_energetic_idol_026_049_Ringu Ringula Juttudhana.mp3.wav,16,10
55c6582056b645aa1bb48fa43b949447,output,fake,sovits,anime_energetic_idol_026_049_Ringu Ringula Juttudhana.mp3.wav,17,10
296343888338b980ccb3973870442ea4,output,fake,sovits,anime_energetic_idol_026_049_Ringu Ringula Juttudhana.mp3.wav,18,10
81c8322fe4f8648d5a5457e900e485fa,output,fake,sovits,anime_energetic_idol_026_049_Ringu Ringula Juttudhana.mp3.wav,19,10
7c8815e247267b7b180a0ac808756594,output,fake,sovits,anime_energetic_idol_026_049_Ringu Ringula Juttudhana.mp3.wav,20,10
6ec762cc0ed1b79f0c558102e502ef7f,output,fake,sovits,anime_energetic_idol_026_049_Ringu Ringula Juttudhana.mp3.wav,21,10
f9df556db5d4216953e38b9d73495a72,output,fake,sovits,anime_energetic_idol_026_049_Ringu Ringula Juttudhana.mp3.wav,22,10
deccd4dede8f04d4facd83e496cb3b3b,output,fake,sovits,anime_energetic_idol_026_049_Ringu Ringula Juttudhana.mp3.wav,23,10
1ea66320ec8dd7911356c129f1ea21f0,output,fake,sovits,anime_energetic_idol_026_049_Ringu Ringula Juttudhana.mp3.wav,24,10
2fb9d2f69ee989571e089d227e58f66c,output,fake,sovits,anime_energetic_idol_026_049_Ringu Ringula Juttudhana.mp3.wav,25,10
65ac75beb7a52ce2a1501770288ca3bd,output,fake,sovits,anime_energetic_idol_026_049_Ringu Ringula Juttudhana.mp3.wav,26,10
d78ae37c1afe97d8227e2f975af2be0d,output,fake,sovits,anime_energetic_idol_026_049_Ringu Ringula Juttudhana.mp3.wav,27,10
ed4a8b4dd329cd1b59c02a3106ebc912,output,fake,sovits,anime_energetic_idol_026_049_Ringu Ringula Juttudhana.mp3.wav,28,10
b9ddcc067b84707a81c6caf0c9453e53,output,fake,sovits,anime_soft_anime_027_050_Yedikelli Vachinaave.mp3.wav,0,10
7338d9e4ee1374e4e86d74c274f7877c,output,fake,sovits,anime_soft_anime_027_050_Yedikelli Vachinaave.mp3.wav,1,10
7765ed0b30b07ba82106c2267325fee9,output,fake,sovits,anime_soft_anime_027_050_Yedikelli Vachinaave.mp3.wav,2,10
906f8253db1010be4a521eefe02b5f55,output,fake,sovits,anime_soft_anime_027_050_Yedikelli Vachinaave.mp3.wav,3,10
cf457414ad8d3bc9dd897401dd8ae50d,output,fake,sovits,anime_soft_anime_027_050_Yedikelli Vachinaave.mp3.wav,4,10
13ebe46f93b603d0a287bb903e4a55bf,output,fake,sovits,anime_soft_anime_027_050_Yedikelli Vachinaave.mp3.wav,5,10
b2ebdeb8532f9c7c1debd4574e68bf9a,output,fake,sovits,anime_soft_anime_027_050_Yedikelli Vachinaave.mp3.wav,6,10
75fd80c79974ad78e0c4329c33ca1737,output,fake,sovits,anime_soft_anime_027_050_Yedikelli Vachinaave.mp3.wav,7,10
b12e61b593b03c2e68e0173f30660421,output,fake,sovits,anime_soft_anime_027_050_Yedikelli Vachinaave.mp3.wav,8,10
f13ea7ac7d5d3d14c578755c1b77ec8f,output,fake,sovits,anime_soft_anime_027_050_Yedikelli Vachinaave.mp3.wav,9,10
cc748743d378ab4d70a916adb6abad1d,output,fake,sovits,anime_soft_anime_027_050_Yedikelli Vachinaave.mp3.wav,10,10
f757e0d1c30d724a790ca71159074d5d,output,fake,sovits,anime_soft_anime_027_050_Yedikelli Vachinaave.mp3.wav,11,10
c23ff367c2a0d056d4e2fe45c7f593f3,output,fake,sovits,anime_soft_anime_027_050_Yedikelli Vachinaave.mp3.wav,12,10
40f3d33c40086d097c2aa5826d8cf0fc,output,fake,sovits,anime_soft_anime_027_050_Yedikelli Vachinaave.mp3.wav,13,10
b69628390a12e8b804fbccf02d8614fe,output,fake,sovits,anime_soft_anime_027_050_Yedikelli Vachinaave.mp3.wav,14,10
9716a0b178fb28489f0764edd6b755ea,output,fake,sovits,anime_soft_anime_027_050_Yedikelli Vachinaave.mp3.wav,15,10
b5fa910d9d38b925932dd6cbe2e6d72a,output,fake,sovits,anime_soft_anime_027_050_Yedikelli Vachinaave.mp3.wav,16,10
34f7f13bd1eed7a58bb5ad4fec3429c8,output,fake,sovits,anime_soft_anime_027_050_Yedikelli Vachinaave.mp3.wav,17,10
20c3309006678040926b340c4b320a80,output,fake,sovits,anime_soft_anime_027_050_Yedikelli Vachinaave.mp3.wav,18,10
c8ce9198d29d3815cc5f9957afbf1dcd,output,fake,sovits,anime_soft_anime_027_050_Yedikelli Vachinaave.mp3.wav,19,10
c32c2f64a056076e756b046af9f25bb3,output,fake,sovits,anime_soft_anime_027_050_Yedikelli Vachinaave.mp3.wav,20,10
6eb251156e5b367bb1d050431bb4fe44,output,fake,sovits,anime_soft_anime_027_050_Yedikelli Vachinaave.mp3.wav,21,10
b5efb034016f98d078893ea913b004e1,output,fake,sovits,anime_soft_anime_027_050_Yedikelli Vachinaave.mp3.wav,22,10
4cf6473217f241b08ebf2f9b02373ad5,output,fake,sovits,anime_soft_anime_027_050_Yedikelli Vachinaave.mp3.wav,23,10
fbe926f793da35b3dc1e8dd457b12cee,output,fake,sovits,anime_soft_anime_027_050_Yedikelli Vachinaave.mp3.wav,24,10
23b7be5cc7e3200d94222836c38bca8d,output,fake,sovits,anime_soft_anime_027_050_Yedikelli Vachinaave.mp3.wav,25,10
3ad5161ea12d108d34d31946c784900a,output,fake,sovits,anime_soft_anime_027_050_Yedikelli Vachinaave.mp3.wav,26,10
bf4589e26a28ef19f26919e109178ee3,output,fake,sovits,anime_kawaii_girl_028_051_Are Emainde Pilla.mp3.wav,0,10
ac9b3b23d85c78ebab41d25128e01f1d,output,fake,sovits,anime_kawaii_girl_028_051_Are Emainde Pilla.mp3.wav,1,10
feaf65b15d7694ad67715f3ea6d0de6f,output,fake,sovits,anime_kawaii_girl_028_051_Are Emainde Pilla.mp3.wav,2,10
3cbdf79cfbd7dc324e9aab3c7ae9e1df,output,fake,sovits,anime_kawaii_girl_028_051_Are Emainde Pilla.mp3.wav,3,10
b2a6055a9f6ff8004384594c956e3ecb,output,fake,sovits,anime_kawaii_girl_028_051_Are Emainde Pilla.mp3.wav,4,10
917236f7749058307e222b17ae5d8a74,output,fake,sovits,anime_kawaii_girl_028_051_Are Emainde Pilla.mp3.wav,5,10
4d7a7dc6b1a7a759b1cd63afbb3d1da8,output,fake,sovits,anime_kawaii_girl_028_051_Are Emainde Pilla.mp3.wav,6,10
77f3cd0688942f84da9e79d628f460dd,output,fake,sovits,anime_kawaii_girl_028_051_Are Emainde Pilla.mp3.wav,7,10
8938e93cf52beed00f61c82ed3de70f2,output,fake,sovits,anime_kawaii_girl_028_051_Are Emainde Pilla.mp3.wav,8,10
03f27e103d97c557a82228ed699f43c7,output,fake,sovits,anime_kawaii_girl_028_051_Are Emainde Pilla.mp3.wav,9,10
af154005afd2733987780b98944c3da2,output,fake,sovits,anime_kawaii_girl_028_051_Are Emainde Pilla.mp3.wav,10,10
07fc2ba83c88f29443258e688cb50439,output,fake,sovits,anime_kawaii_girl_028_051_Are Emainde Pilla.mp3.wav,11,10
bc9aa82d356f1db56b8887efafbe59fb,output,fake,sovits,anime_kawaii_girl_028_051_Are Emainde Pilla.mp3.wav,12,10
ef42d6f716f040c9c785d99483820bcf,output,fake,sovits,anime_kawaii_girl_028_051_Are Emainde Pilla.mp3.wav,13,10
3bbb41863fb6580c413f7768777d1c9a,output,fake,sovits,anime_kawaii_girl_028_051_Are Emainde Pilla.mp3.wav,14,10
42a440a5b1d6dee52c79dc79ec25c776,output,fake,sovits,anime_kawaii_girl_028_051_Are Emainde Pilla.mp3.wav,15,10
6eb195a80c2696b5caba00b63e34137f,output,fake,sovits,anime_kawaii_girl_028_051_Are Emainde Pilla.mp3.wav,16,10
40728c525af859d243659db05f4784c1,output,fake,sovits,anime_kawaii_girl_028_051_Are Emainde Pilla.mp3.wav,17,10
9ed5c5fa8ebe2d453582d8f5be6e5cfe,output,fake,sovits,anime_energetic_idol_029_052_Atha Oyatha.mp3.wav,0,10
f56f2457817b3abc745a1c021c66ab63,output,fake,sovits,anime_energetic_idol_029_052_Atha Oyatha.mp3.wav,1,10
2cbfee53b224c97e2e21a8f1e5efc6f0,output,fake,sovits,anime_energetic_idol_029_052_Atha Oyatha.mp3.wav,2,10
bd38b8d61904fd758c09aa60e6d07a02,output,fake,sovits,anime_energetic_idol_029_052_Atha Oyatha.mp3.wav,3,10
85227466c71c7f39368a7080174cf424,output,fake,sovits,anime_energetic_idol_029_052_Atha Oyatha.mp3.wav,4,10
be7fe305ee31f65c4f818b680ba847dc,output,fake,sovits,anime_energetic_idol_029_052_Atha Oyatha.mp3.wav,5,10
b44a302df2e413faecada234b6dd9ae8,output,fake,sovits,anime_energetic_idol_029_052_Atha Oyatha.mp3.wav,6,10
2a9f7e666b90f26122c0076c96a64bd9,output,fake,sovits,anime_energetic_idol_029_052_Atha Oyatha.mp3.wav,7,10
1712de4b0ec2b5d65da5409b996b1a62,output,fake,sovits,anime_energetic_idol_029_052_Atha Oyatha.mp3.wav,8,10
f55605ab12ac31dde856e0c606ae31e4,output,fake,sovits,anime_energetic_idol_029_052_Atha Oyatha.mp3.wav,9,10
59760e97c938536c5cab7b21159a0f8e,output,fake,sovits,anime_energetic_idol_029_052_Atha Oyatha.mp3.wav,10,10
6ab137f4ef1d418e11fdd71f517ca946,output,fake,sovits,anime_energetic_idol_029_052_Atha Oyatha.mp3.wav,11,10
d62be960c7aeef1db1f0a45ae1b7917c,output,fake,sovits,anime_energetic_idol_029_052_Atha Oyatha.mp3.wav,12,10
e309f9b48c83e7948a1ad43b54a0828e,output,fake,sovits,anime_energetic_idol_029_052_Atha Oyatha.mp3.wav,13,10
dbdef1c1c358e69a9518cf00fadb75b0,output,fake,sovits,anime_energetic_idol_029_052_Atha Oyatha.mp3.wav,14,10
ad6807c0ef4c6ce0a35a8bbda25b04ff,output,fake,sovits,anime_energetic_idol_029_052_Atha Oyatha.mp3.wav,15,10
e8414a00f5c89caf4167ed8969457d59,output,fake,sovits,anime_energetic_idol_029_052_Atha Oyatha.mp3.wav,16,10
97fd8299393b3c415dc38738cef8995c,output,fake,sovits,anime_energetic_idol_029_052_Atha Oyatha.mp3.wav,17,10
09906e5057c224f61d4bf505472477b2,output,fake,sovits,anime_energetic_idol_029_052_Atha Oyatha.mp3.wav,18,10
e168a8a3f35be075d86a4674c281dfc9,output,fake,sovits,anime_energetic_idol_029_052_Atha Oyatha.mp3.wav,19,10
865a20d8279a3ef0d8234d8fe485cba5,output,fake,sovits,anime_energetic_idol_029_052_Atha Oyatha.mp3.wav,20,10
88f09251291346477811c6c0aae88a7e,output,fake,sovits,anime_energetic_idol_029_052_Atha Oyatha.mp3.wav,21,10
55a68cc384187b11915954f7f5839a80,output,fake,sovits,anime_energetic_idol_029_052_Atha Oyatha.mp3.wav,22,10
451b11521bd56801dcb15793a67622d1,output,fake,sovits,anime_energetic_idol_029_052_Atha Oyatha.mp3.wav,23,10
3bad625bf77dd1da764ec72954d51eec,output,fake,sovits,anime_energetic_idol_029_052_Atha Oyatha.mp3.wav,24,10
ffe4c4f29294003aeedd9bf25a54755d,output,fake,sovits,anime_energetic_idol_029_052_Atha Oyatha.mp3.wav,25,10
ceefbaf093d24f6f84a961b250240ae2,output,fake,sovits,anime_energetic_idol_029_052_Atha Oyatha.mp3.wav,26,10
db036d5edec1dbe0ec57b1dd2c665146,output,fake,sovits,anime_energetic_idol_029_052_Atha Oyatha.mp3.wav,27,10
2cd8555399c048af648cbc613d923873,output,fake,sovits,anime_energetic_idol_029_052_Atha Oyatha.mp3.wav,28,10
0d99afd4ac560a62554c2a68a1274827,output,fake,sovits,anime_energetic_idol_029_052_Atha Oyatha.mp3.wav,29,10
a9a40535ac99c3253c049ed8651772fd,output,fake,sovits,anime_energetic_idol_029_052_Atha Oyatha.mp3.wav,30,10
3e224c818ce5ede52d26804c868ad85f,output,fake,sovits,anime_soft_anime_030_053_Mogudu Pellala.mp3.wav,0,10
e678143ac81b5ec7ffe760c731b2e838,output,fake,sovits,anime_soft_anime_030_053_Mogudu Pellala.mp3.wav,1,10
a6bef0faf0936efb25b3a4e31b2d31ed,output,fake,sovits,anime_soft_anime_030_053_Mogudu Pellala.mp3.wav,2,10
6a8c7fc7bdc77b8ee9dc8178d8761b56,output,fake,sovits,anime_soft_anime_030_053_Mogudu Pellala.mp3.wav,3,10
a2a45336e02662065b6d492e7b2b7cb1,output,fake,sovits,anime_soft_anime_030_053_Mogudu Pellala.mp3.wav,4,10
e21bcdfe0570fb6bdc9c2670a3b9f866,output,fake,sovits,anime_soft_anime_030_053_Mogudu Pellala.mp3.wav,5,10
0a13d680985ce2050bce73c5a89b6def,output,fake,sovits,anime_soft_anime_030_053_Mogudu Pellala.mp3.wav,6,10
0e8cf32d7bb29a0a7d29b653d29924f7,output,fake,sovits,anime_soft_anime_030_053_Mogudu Pellala.mp3.wav,7,10
1678a349404412627e3ab6177c70deb9,output,fake,sovits,anime_soft_anime_030_053_Mogudu Pellala.mp3.wav,8,10
56569aae59fbe2891e8fcb32b5d9f736,output,fake,sovits,anime_soft_anime_030_053_Mogudu Pellala.mp3.wav,9,10
43c105226c67b563ddc30b090656bbe7,output,fake,sovits,anime_soft_anime_030_053_Mogudu Pellala.mp3.wav,10,10
98fdfd66567b648b92013774116aff1b,output,fake,sovits,anime_soft_anime_030_053_Mogudu Pellala.mp3.wav,11,10
dc1a463936953b5c6018784ee0337539,output,fake,sovits,anime_soft_anime_030_053_Mogudu Pellala.mp3.wav,12,10
baa453679851a39a7823667b068edb8b,output,fake,sovits,anime_soft_anime_030_053_Mogudu Pellala.mp3.wav,13,10
7a34c63e0ec4eff3197d8fc17a82e7af,output,fake,sovits,anime_soft_anime_030_053_Mogudu Pellala.mp3.wav,14,10
8ae92f401eb24790a91817e52e7ccada,output,fake,sovits,anime_soft_anime_030_053_Mogudu Pellala.mp3.wav,15,10
5f43bee2424254cb9f70517ab717c2d0,output,fake,sovits,anime_soft_anime_030_053_Mogudu Pellala.mp3.wav,16,10
840bb7a7fae2ad57a6a18569a4fc7b81,output,fake,sovits,anime_soft_anime_030_053_Mogudu Pellala.mp3.wav,17,10
f6561d64b67009d72fe0b1fcc34734c3,output,fake,sovits,anime_soft_anime_030_053_Mogudu Pellala.mp3.wav,18,10
5e40b87c63a3d02699e6fef688a90e88,output,fake,sovits,anime_soft_anime_030_053_Mogudu Pellala.mp3.wav,19,10
cba56c997bd68e7851e9bd804f94bfdf,output,fake,sovits,anime_soft_anime_030_053_Mogudu Pellala.mp3.wav,20,10
71bf9bdbe346b3cf6bccfaea6fb284a6,output,fake,sovits,anime_soft_anime_030_053_Mogudu Pellala.mp3.wav,21,10
e8d59d1be6b1096809f2bb275a85bec5,output,fake,sovits,anime_soft_anime_030_053_Mogudu Pellala.mp3.wav,22,10
3a6e91593486906c98ed2a226272da3a,output,fake,sovits,anime_soft_anime_030_053_Mogudu Pellala.mp3.wav,23,10
a29c4b07524db56f91f5ba80f4292ceb,output,fake,sovits,anime_soft_anime_030_053_Mogudu Pellala.mp3.wav,24,10
1bb9d2a5b446aaf172547001648d2981,output,fake,sovits,anime_soft_anime_030_053_Mogudu Pellala.mp3.wav,25,10
e10fcf11af9a72e4c23c1b3d0d5cfd24,output,fake,sovits,anime_soft_anime_030_053_Mogudu Pellala.mp3.wav,26,10
9c622e8b1628b0914b2b976e4e0fdf35,output,fake,sovits,anime_soft_anime_030_053_Mogudu Pellala.mp3.wav,27,10
91410b83ae562390220515c698f97ac5,output,fake,sovits,anime_soft_anime_030_053_Mogudu Pellala.mp3.wav,28,10
a31d84f260c0bb37ce7cc7dc6dae207e,output,fake,sovits,anime_soft_anime_030_053_Mogudu Pellala.mp3.wav,29,10
abe8e65964c7b70bb8629fc2ce174931,output,fake,sovits,anime_soft_anime_030_053_Mogudu Pellala.mp3.wav,30,10
883b4760a3f9f53aee6d65194f35a1b5,output,fake,sovits,anime_soft_anime_030_053_Mogudu Pellala.mp3.wav,31,10
97dca587c99c3d1414d3d18bfe26ae6b,output,fake,sovits,anime_soft_anime_030_053_Mogudu Pellala.mp3.wav,32,10
c65e59bd14ef9f4df5384517b57ba045,output,fake,sovits,anime_soft_anime_030_053_Mogudu Pellala.mp3.wav,33,10
da29f8fc89b0c46fa89c68d2a84fe245,output,fake,sovits,anime_soft_anime_030_053_Mogudu Pellala.mp3.wav,34,10
c541fe7ed09c43a352bab3911d8aadb1,output,fake,sovits,anime_soft_anime_030_053_Mogudu Pellala.mp3.wav,35,10
c5d2a2e35c4607cb488983894e8255ef,output,fake,sovits,anime_soft_anime_030_053_Mogudu Pellala.mp3.wav,36,10
499808d0362d85a98d5d53909e276442,output,fake,sovits,anime_soft_anime_030_053_Mogudu Pellala.mp3.wav,37,10
39b0c6b40347cdebe0243d7483e283a3,output,fake,sovits,anime_soft_anime_030_053_Mogudu Pellala.mp3.wav,38,10
f4651459d0ae32112ffb007ea15b6802,output,fake,sovits,anime_soft_anime_030_053_Mogudu Pellala.mp3.wav,39,10
16c42ebce58584fd34b33cc6b659c168,output,fake,sovits,anime_soft_anime_030_053_Mogudu Pellala.mp3.wav,40,10
b7d39884fd2fdefaaf6996897fde9aae,output,fake,sovits,anime_soft_anime_030_053_Mogudu Pellala.mp3.wav,41,10
6a9143af16e8dc6e27cda5c5a295060a,output,fake,sovits,anime_soft_anime_030_053_Mogudu Pellala.mp3.wav,42,10
c029e1e47684dc33c947a6af9a091da4,output,fake,sovits,anime_soft_anime_030_053_Mogudu Pellala.mp3.wav,43,10
c6e20aa74ff25a479241474db1e156cc,output,fake,sovits,anime_soft_anime_030_053_Mogudu Pellala.mp3.wav,44,10
8ab65587bb3a703c9c7251b10863a026,output,fake,sovits,anime_soft_anime_030_053_Mogudu Pellala.mp3.wav,45,10
71d0088e2e5112a81625ad7a765867dd,output,fake,sovits,anime_soft_anime_030_053_Mogudu Pellala.mp3.wav,46,10
ddd4e8d6221092f744a8e570d9c0423a,output,fake,sovits,anime_soft_anime_030_053_Mogudu Pellala.mp3.wav,47,10
1d111f54412de0e320545b4354dfb13b,output,fake,sovits,anime_soft_anime_030_053_Mogudu Pellala.mp3.wav,48,10
ff6c67b548c392f57769702c89a88616,output,fake,sovits,anime_soft_anime_030_053_Mogudu Pellala.mp3.wav,49,10
193d4ac7b7f6b9b14271802369f34dc4,output,fake,sovits,anime_soft_anime_030_053_Mogudu Pellala.mp3.wav,50,10
2b11e5a82e9153cc8bda5f49570f6ee6,output,fake,sovits,anime_soft_anime_030_053_Mogudu Pellala.mp3.wav,51,10
b3e9dd562c5fab1431009f07a1cb0c31,output,fake,sovits,anime_soft_anime_030_053_Mogudu Pellala.mp3.wav,52,10
e50775fc75357c53568d9017b34907ef,output,fake,sovits,anime_soft_anime_030_053_Mogudu Pellala.mp3.wav,53,10
619a1d22bdf85d348cc9d44e3004fce2,output,fake,sovits,anime_soft_anime_030_053_Mogudu Pellala.mp3.wav,54,10
5b43c2dc7ba4b8b2faf84f70f45513b2,output,fake,sovits,anime_soft_anime_030_053_Mogudu Pellala.mp3.wav,55,10
c519e91764712a9deedd97aec2249d73,output,fake,sovits,anime_soft_anime_030_053_Mogudu Pellala.mp3.wav,56,10
896cdb4747bcf80c324970966fe165ba,output,fake,sovits,anime_soft_anime_030_053_Mogudu Pellala.mp3.wav,57,10
985526f03cacb0930cc846af8ee021e7,output,fake,sovits,anime_soft_anime_030_053_Mogudu Pellala.mp3.wav,58,10
90457501d10da785e91cc0cf2888cd68,output,fake,sovits,anime_soft_anime_030_053_Mogudu Pellala.mp3.wav,59,10
514fa6dbf31cd3fe671265e4b06ad2f9,output,fake,sovits,anime_soft_anime_030_053_Mogudu Pellala.mp3.wav,60,10
b23b2041c79d0df137a74059461b7b75,output,fake,sovits,anime_soft_anime_030_053_Mogudu Pellala.mp3.wav,61,10
20fc58bc1dcf491301a7cc3f82998ebc,output,fake,sovits,anime_soft_anime_030_053_Mogudu Pellala.mp3.wav,62,10
288a241bdce7a2e13d5346422515e74f,output,fake,sovits,anime_soft_anime_030_053_Mogudu Pellala.mp3.wav,63,10
e77fcc71f9d1a8752bcd4973eafb195c,output,fake,sovits,anime_soft_anime_030_053_Mogudu Pellala.mp3.wav,64,10
b454bd83981e08be6d0a91e2e4aa5461,output,fake,sovits,anime_soft_anime_030_053_Mogudu Pellala.mp3.wav,65,10
f5180865697d1c0ccf96b77b7908027f,output,fake,sovits,anime_soft_anime_030_053_Mogudu Pellala.mp3.wav,66,10
4e31c630ea810abed31e2370061d7b2e,output,fake,sovits,anime_soft_anime_030_053_Mogudu Pellala.mp3.wav,67,10
1fea1db272ca90acd61625dec2455538,output,fake,sovits,anime_soft_anime_030_053_Mogudu Pellala.mp3.wav,68,10
dc5703749faf6d39e020b6939481974c,output,fake,sovits,anime_soft_anime_030_053_Mogudu Pellala.mp3.wav,69,10
1506012d1e09842957fa4cf08ad6d1c7,output,fake,sovits,anime_kawaii_girl_031_054_Kuliki Vastava Raghu Mallelo Rama.mp3.wav,0,10
86271fa4eb38d3763ae5063979def417,output,fake,sovits,anime_kawaii_girl_031_054_Kuliki Vastava Raghu Mallelo Rama.mp3.wav,1,10
5801f711f468cc7524d90e28ea5f0309,output,fake,sovits,anime_kawaii_girl_031_054_Kuliki Vastava Raghu Mallelo Rama.mp3.wav,2,10
5c7994c6a21652a4bd17f91217cb5d6d,output,fake,sovits,anime_kawaii_girl_031_054_Kuliki Vastava Raghu Mallelo Rama.mp3.wav,3,10
8c670862edfe12b3f5a81487564426a3,output,fake,sovits,anime_kawaii_girl_031_054_Kuliki Vastava Raghu Mallelo Rama.mp3.wav,4,10
bedd8a7b1565b8e9e6a6d04f70bf54cf,output,fake,sovits,anime_kawaii_girl_031_054_Kuliki Vastava Raghu Mallelo Rama.mp3.wav,5,10
77e28ea74a22f8e6676d74a219f34d27,output,fake,sovits,anime_kawaii_girl_031_054_Kuliki Vastava Raghu Mallelo Rama.mp3.wav,6,10
b676de9da58641ed12398bc2751590e8,output,fake,sovits,anime_kawaii_girl_031_054_Kuliki Vastava Raghu Mallelo Rama.mp3.wav,7,10
fb77e48623d64559bd739a8cc41ae132,output,fake,sovits,anime_kawaii_girl_031_054_Kuliki Vastava Raghu Mallelo Rama.mp3.wav,8,10
13c79cad3305c999e6c6a0572aca3925,output,fake,sovits,anime_kawaii_girl_031_054_Kuliki Vastava Raghu Mallelo Rama.mp3.wav,9,10
64824ca9a38a9da768b8ec4b04bc17b0,output,fake,sovits,anime_kawaii_girl_031_054_Kuliki Vastava Raghu Mallelo Rama.mp3.wav,10,10
08d54a4963507a977f91f208c56e8783,output,fake,sovits,anime_kawaii_girl_031_054_Kuliki Vastava Raghu Mallelo Rama.mp3.wav,11,10
da306751f67acf9b93a664b1a022d80e,output,fake,sovits,anime_kawaii_girl_031_054_Kuliki Vastava Raghu Mallelo Rama.mp3.wav,12,10
20a494651dd4f77701c6b90f1bef1a76,output,fake,sovits,anime_kawaii_girl_031_054_Kuliki Vastava Raghu Mallelo Rama.mp3.wav,13,10
30c86a579b0a5dc54973ddda6bba31e3,output,fake,sovits,anime_kawaii_girl_031_054_Kuliki Vastava Raghu Mallelo Rama.mp3.wav,14,10
cae38859f2bde21a03ed0b5167c9ce41,output,fake,sovits,anime_kawaii_girl_031_054_Kuliki Vastava Raghu Mallelo Rama.mp3.wav,15,10
229516a4d350bfa1514ed4f76092411c,output,fake,sovits,anime_kawaii_girl_031_054_Kuliki Vastava Raghu Mallelo Rama.mp3.wav,16,10
58036a6b3288272d8cbf5e2b55276cd5,output,fake,sovits,anime_kawaii_girl_031_054_Kuliki Vastava Raghu Mallelo Rama.mp3.wav,17,10
cdfd32b80fa1099e41b82584cae08019,output,fake,sovits,anime_kawaii_girl_031_054_Kuliki Vastava Raghu Mallelo Rama.mp3.wav,18,10
31747379d9d80cb774e092a619892732,output,fake,sovits,anime_kawaii_girl_031_054_Kuliki Vastava Raghu Mallelo Rama.mp3.wav,19,10
00d1c9b91a6781b1008d5fea516acbca,output,fake,sovits,anime_kawaii_girl_031_054_Kuliki Vastava Raghu Mallelo Rama.mp3.wav,20,10
773e997b77d1388054614499d0de2ca1,output,fake,sovits,anime_kawaii_girl_031_054_Kuliki Vastava Raghu Mallelo Rama.mp3.wav,21,10
02d71e975dd1dfa37d03b6a34550e0ad,output,fake,sovits,anime_kawaii_girl_031_054_Kuliki Vastava Raghu Mallelo Rama.mp3.wav,22,10
ba4dcfab5bcf84e537b832ea507b1065,output,fake,sovits,anime_kawaii_girl_031_054_Kuliki Vastava Raghu Mallelo Rama.mp3.wav,23,10
33b4a0a004890b0b1fc28e88a8965db4,output,fake,sovits,anime_kawaii_girl_031_054_Kuliki Vastava Raghu Mallelo Rama.mp3.wav,24,10
6daca412d48690c7ba04196ea70764f2,output,fake,sovits,anime_kawaii_girl_031_054_Kuliki Vastava Raghu Mallelo Rama.mp3.wav,25,10
3324c6f160dc35b0903deb733d40c726,output,fake,sovits,anime_kawaii_girl_031_054_Kuliki Vastava Raghu Mallelo Rama.mp3.wav,26,10
b1ccb682d272b59475df32efabb973be,output,fake,sovits,anime_kawaii_girl_031_054_Kuliki Vastava Raghu Mallelo Rama.mp3.wav,27,10
0e10c933cbd41d59bd0d6601d9ff44b0,output,fake,sovits,anime_kawaii_girl_031_054_Kuliki Vastava Raghu Mallelo Rama.mp3.wav,28,10
530e0d8ccfa5fd21feaf4d31adc6987c,output,fake,sovits,anime_kawaii_girl_031_054_Kuliki Vastava Raghu Mallelo Rama.mp3.wav,29,10
19d9a15b7538bc5447d4ed7d867e01e5,output,fake,sovits,anime_kawaii_girl_031_054_Kuliki Vastava Raghu Mallelo Rama.mp3.wav,30,10
e3266bb6258a65a5d9db2b6b4a4770b7,output,fake,sovits,anime_kawaii_girl_031_054_Kuliki Vastava Raghu Mallelo Rama.mp3.wav,31,10
13a58b55364bda8cb902b518bc4d3abe,output,fake,sovits,anime_kawaii_girl_031_054_Kuliki Vastava Raghu Mallelo Rama.mp3.wav,32,10
92d36c090bb879654f3cd6740f9972c7,output,fake,sovits,anime_kawaii_girl_031_054_Kuliki Vastava Raghu Mallelo Rama.mp3.wav,33,10
4b12eb45833558044615518c9c926ce7,output,fake,sovits,anime_kawaii_girl_031_054_Kuliki Vastava Raghu Mallelo Rama.mp3.wav,34,10
81ff409b002654a69678e335fe3a754a,output,fake,sovits,anime_kawaii_girl_031_054_Kuliki Vastava Raghu Mallelo Rama.mp3.wav,35,10
8169d52e89c4e29820ec414fa9eb5068,output,fake,sovits,anime_kawaii_girl_031_054_Kuliki Vastava Raghu Mallelo Rama.mp3.wav,36,10
38fef1a244eefa4348298eb3faba0940,output,fake,sovits,anime_energetic_idol_032_055_SIRIPURAM ANGATLA.mp3.wav,0,10
cd8dbae8d18ca46d75a135d5ab4755e5,output,fake,sovits,anime_energetic_idol_032_055_SIRIPURAM ANGATLA.mp3.wav,1,10
894b110149c4f1f3369d54aa74165349,output,fake,sovits,anime_energetic_idol_032_055_SIRIPURAM ANGATLA.mp3.wav,2,10
a394579f527c446dbff60b6d039e80ab,output,fake,sovits,anime_soft_anime_033_056_Sharanu Sharanu Maayamma.mp3.wav,0,10
d394401299554caa55c330accc45b43a,output,fake,sovits,anime_soft_anime_033_056_Sharanu Sharanu Maayamma.mp3.wav,1,10
0040733984ed15a703ac6197e89c1389,output,fake,sovits,anime_soft_anime_033_056_Sharanu Sharanu Maayamma.mp3.wav,2,10
10b1f9641c90448e6a31ffea6d1750ff,output,fake,sovits,anime_soft_anime_033_056_Sharanu Sharanu Maayamma.mp3.wav,3,10
d996c87616e09a463ec1b8caebc540d9,output,fake,sovits,anime_soft_anime_033_056_Sharanu Sharanu Maayamma.mp3.wav,4,10
97f4e87e1c50fec8d164adb04bbd43eb,output,fake,sovits,anime_soft_anime_033_056_Sharanu Sharanu Maayamma.mp3.wav,5,10
91add6689668a2e4cdbc662233e6e6e5,output,fake,sovits,anime_soft_anime_033_056_Sharanu Sharanu Maayamma.mp3.wav,6,10
3a144d5f27a36ad44db10c3ee1e4beb5,output,fake,sovits,anime_soft_anime_033_056_Sharanu Sharanu Maayamma.mp3.wav,7,10
33952a20dfb6e9dc44848ee7c16e21c8,output,fake,sovits,anime_soft_anime_033_056_Sharanu Sharanu Maayamma.mp3.wav,8,10
59659d9a1cd36bac6a506c55b9c83418,output,fake,sovits,anime_soft_anime_033_056_Sharanu Sharanu Maayamma.mp3.wav,9,10
b8676b825bda18a93748f87e4af41b19,output,fake,sovits,anime_soft_anime_033_056_Sharanu Sharanu Maayamma.mp3.wav,10,10
986102f3dff35c1900c6b0b15d9e63b4,output,fake,sovits,anime_soft_anime_033_056_Sharanu Sharanu Maayamma.mp3.wav,11,10
83a92704599e6925cc48591fa494a9f2,output,fake,sovits,anime_soft_anime_033_056_Sharanu Sharanu Maayamma.mp3.wav,12,10
ebac19ec8f2be6bab5b60684857d3aae,output,fake,sovits,anime_soft_anime_033_056_Sharanu Sharanu Maayamma.mp3.wav,13,10
748faaa4bea8014b37101f5d4147f306,output,fake,sovits,anime_soft_anime_033_056_Sharanu Sharanu Maayamma.mp3.wav,14,10
3937b9eb988c2bfd5722c42cc7b1420b,output,fake,sovits,anime_soft_anime_033_056_Sharanu Sharanu Maayamma.mp3.wav,15,10
ab4f36f43be8f48e9e30780610a6ec1f,output,fake,sovits,anime_soft_anime_033_056_Sharanu Sharanu Maayamma.mp3.wav,16,10
c59b00f68bcf06abdeb2e99535ba8ac7,output,fake,sovits,anime_soft_anime_033_056_Sharanu Sharanu Maayamma.mp3.wav,17,10
a7177806d12e3d9bef618585b3efea8f,output,fake,sovits,anime_soft_anime_033_056_Sharanu Sharanu Maayamma.mp3.wav,18,10
a256ee307a9a4b9b9e968181d5dd6108,output,fake,sovits,anime_soft_anime_033_056_Sharanu Sharanu Maayamma.mp3.wav,19,10
eacee13fe9e80596a04b62129ff32352,output,fake,sovits,anime_soft_anime_033_056_Sharanu Sharanu Maayamma.mp3.wav,20,10
b0c442149be15e10a52d23edd7a33851,output,fake,sovits,anime_soft_anime_033_056_Sharanu Sharanu Maayamma.mp3.wav,21,10
dce0c4bebeaf85e38482ae8d09e26f45,output,fake,sovits,anime_soft_anime_033_056_Sharanu Sharanu Maayamma.mp3.wav,22,10
ef285476fca88a645b3f47b011f95497,output,fake,sovits,anime_soft_anime_033_056_Sharanu Sharanu Maayamma.mp3.wav,23,10
57cd8aa6132ea7b9e04c3b379e388f0c,output,fake,sovits,anime_soft_anime_033_056_Sharanu Sharanu Maayamma.mp3.wav,24,10
a2979f568d08a806f2d5374d06a63d90,output,fake,sovits,anime_soft_anime_033_056_Sharanu Sharanu Maayamma.mp3.wav,25,10
e8dc026b124ebe5f3edf91325679aae3,output,fake,sovits,anime_soft_anime_033_056_Sharanu Sharanu Maayamma.mp3.wav,26,10
c25643d1a6e23dd28999051c714010a1,output,fake,sovits,anime_soft_anime_033_056_Sharanu Sharanu Maayamma.mp3.wav,27,10
c5b19d275219e15848b1f9040d626697,output,fake,sovits,anime_soft_anime_033_056_Sharanu Sharanu Maayamma.mp3.wav,28,10
f5dc70513f001514b01d2bffd7c0957c,output,fake,sovits,anime_soft_anime_033_056_Sharanu Sharanu Maayamma.mp3.wav,29,10
901621b76aeec61a67c493be02756ef0,output,fake,sovits,anime_soft_anime_033_056_Sharanu Sharanu Maayamma.mp3.wav,30,10
0232311c378ed1f3e4c372360e5e42cb,output,fake,sovits,anime_soft_anime_033_056_Sharanu Sharanu Maayamma.mp3.wav,31,10
e79f596a7a20c5418d9cab6cebc82270,output,fake,sovits,anime_soft_anime_033_056_Sharanu Sharanu Maayamma.mp3.wav,32,10
06cdb344f09bf692921661e9a36934e4,output,fake,sovits,anime_kawaii_girl_034_057_Ammamma Yedabothe.mp3.wav,0,10
24b7c4ad3c4042aab98cc2b4b225910c,output,fake,sovits,anime_kawaii_girl_034_057_Ammamma Yedabothe.mp3.wav,1,10
250cbbed7f09e71ef02371b3bf169796,output,fake,sovits,anime_kawaii_girl_034_057_Ammamma Yedabothe.mp3.wav,2,10
0768a62529a056cf9c0881ee83615b09,output,fake,sovits,anime_kawaii_girl_034_057_Ammamma Yedabothe.mp3.wav,3,10
911bd1f17e6af7b2b94488341cb2a217,output,fake,sovits,anime_kawaii_girl_034_057_Ammamma Yedabothe.mp3.wav,4,10
c5fa290a8a4afdc4ce15b8bb8233bd89,output,fake,sovits,anime_kawaii_girl_034_057_Ammamma Yedabothe.mp3.wav,5,10
64ded60e0d37ec680bb215f583199662,output,fake,sovits,anime_kawaii_girl_034_057_Ammamma Yedabothe.mp3.wav,6,10
6344cc3603b9b97d76f475d23435f640,output,fake,sovits,anime_kawaii_girl_034_057_Ammamma Yedabothe.mp3.wav,7,10
35229ec3cc8fd0fa60acf289625abcd6,output,fake,sovits,anime_kawaii_girl_034_057_Ammamma Yedabothe.mp3.wav,8,10
ee2b3b95dbcd25540bd2d7ffeef1df65,output,fake,sovits,anime_kawaii_girl_034_057_Ammamma Yedabothe.mp3.wav,9,10
fb2853a170816b46fbfd9fceac0add21,output,fake,sovits,anime_kawaii_girl_034_057_Ammamma Yedabothe.mp3.wav,10,10
d1d85a640ccf712441d9550aa2dade44,output,fake,sovits,anime_kawaii_girl_034_057_Ammamma Yedabothe.mp3.wav,11,10
2f7e2e1ade71e0554d8bcf2525bcf6e1,output,fake,sovits,anime_kawaii_girl_034_057_Ammamma Yedabothe.mp3.wav,12,10
ecd1a7901375bfc6c756890edab53e7e,output,fake,sovits,anime_kawaii_girl_034_057_Ammamma Yedabothe.mp3.wav,13,10
690c50e35d11015322f18388342c7720,output,fake,sovits,anime_kawaii_girl_034_057_Ammamma Yedabothe.mp3.wav,14,10
e5c2bdf8978c2a30e87573608dff6553,output,fake,sovits,anime_kawaii_girl_034_057_Ammamma Yedabothe.mp3.wav,15,10
fb13c0f07c99e62441fa9feacb00972a,output,fake,sovits,anime_kawaii_girl_034_057_Ammamma Yedabothe.mp3.wav,16,10
cb706517608a362a86cf0062b0857f9b,output,fake,sovits,anime_kawaii_girl_034_057_Ammamma Yedabothe.mp3.wav,17,10
0b3ca8f1d8a803d18e731e275a0ab597,output,fake,sovits,anime_kawaii_girl_034_057_Ammamma Yedabothe.mp3.wav,18,10
4ecde6734f3681af3b4c5333c8578b42,output,fake,sovits,anime_kawaii_girl_034_057_Ammamma Yedabothe.mp3.wav,19,10
39e2d579458bcb9ab4a19d8791fcc3b6,output,fake,sovits,anime_kawaii_girl_034_057_Ammamma Yedabothe.mp3.wav,20,10
aaf0b9b9d8a53ced916c16a1a8345036,output,fake,sovits,anime_kawaii_girl_034_057_Ammamma Yedabothe.mp3.wav,21,10
de2144da79b67d8d35b5e5e59d859eef,output,fake,sovits,anime_kawaii_girl_034_057_Ammamma Yedabothe.mp3.wav,22,10
659968a9e317b5bd9a5cf19742befb6a,output,fake,sovits,anime_kawaii_girl_034_057_Ammamma Yedabothe.mp3.wav,23,10
4c15cbcb8df515e1620707236fda8749,output,fake,sovits,anime_kawaii_girl_034_057_Ammamma Yedabothe.mp3.wav,24,10
9f718e04738233d67116893251774569,output,fake,sovits,anime_energetic_idol_035_059_Swamulara Babu.mp3.wav,0,10
a51fa9ada9032f2c60f938b5598c9643,output,fake,sovits,anime_energetic_idol_035_059_Swamulara Babu.mp3.wav,1,10
6fbb31047573eb6573bdc31def681d73,output,fake,sovits,anime_energetic_idol_035_059_Swamulara Babu.mp3.wav,2,10
60f9c375195aa37110d48c570958c243,output,fake,sovits,anime_energetic_idol_035_059_Swamulara Babu.mp3.wav,3,10
fdee5bec0f67edefb180c4cf2523be6b,output,fake,sovits,anime_energetic_idol_035_059_Swamulara Babu.mp3.wav,4,10
136f92c3fea731ba509ceacf4cb99fc0,output,fake,sovits,anime_energetic_idol_035_059_Swamulara Babu.mp3.wav,5,10
af22614f6153176f5ce8edebd8a4ebba,output,fake,sovits,anime_energetic_idol_035_059_Swamulara Babu.mp3.wav,6,10
01b7edd1530ec5ce00e854263159b97c,output,fake,sovits,anime_energetic_idol_035_059_Swamulara Babu.mp3.wav,7,10
4590262a9f9d63a4ec6c377271344e95,output,fake,sovits,anime_energetic_idol_035_059_Swamulara Babu.mp3.wav,8,10
498a5bee5c6e0c0cdb5d50d5a5e7b2b0,output,fake,sovits,anime_energetic_idol_035_059_Swamulara Babu.mp3.wav,9,10
6869d2c3785eee8bb9b6cc2a6bf24204,output,fake,sovits,anime_energetic_idol_035_059_Swamulara Babu.mp3.wav,10,10
22218a157290bba0cf5a4908c6be4a49,output,fake,sovits,anime_energetic_idol_035_059_Swamulara Babu.mp3.wav,11,10
0979f620bbce6a108cbc21364cfa5b2a,output,fake,sovits,anime_energetic_idol_035_059_Swamulara Babu.mp3.wav,12,10
dc9e987abee254e16136564680c90efa,output,fake,sovits,anime_energetic_idol_035_059_Swamulara Babu.mp3.wav,13,10
1b8a56f92fd3c40d9372476e64b0b481,output,fake,sovits,anime_energetic_idol_035_059_Swamulara Babu.mp3.wav,14,10
352ba0f30ea7379f8557d4055f98198c,output,fake,sovits,anime_energetic_idol_035_059_Swamulara Babu.mp3.wav,15,10
7170d1d76885714b93cf935575b09a13,output,fake,sovits,anime_energetic_idol_035_059_Swamulara Babu.mp3.wav,16,10
bd9d45cb873a0221162505a6d6aea40e,output,fake,sovits,anime_energetic_idol_035_059_Swamulara Babu.mp3.wav,17,10
d2cc402f1e5da434e14749b48c7d16ff,output,fake,sovits,anime_energetic_idol_035_059_Swamulara Babu.mp3.wav,18,10
eb9df074d1c3ecd7d723c732610a0ef9,output,fake,sovits,anime_energetic_idol_035_059_Swamulara Babu.mp3.wav,19,10
f3a622517178187860061f1473956793,output,fake,sovits,anime_energetic_idol_035_059_Swamulara Babu.mp3.wav,20,10
be27ec46adf9de993a79bac6ce708b4b,output,fake,sovits,anime_energetic_idol_035_059_Swamulara Babu.mp3.wav,21,10
df7225dc68b21da91925414018976e2d,output,fake,sovits,anime_energetic_idol_035_059_Swamulara Babu.mp3.wav,22,10
f7be90b6f9c36aaa7169c2d7f5791d00,output,fake,sovits,anime_soft_anime_036_060_Appe Chestavo.mp3.wav,0,10
26679d0371be346046c9e77d09010efa,output,fake,sovits,anime_soft_anime_036_060_Appe Chestavo.mp3.wav,1,10
5db4df36c27666ea1d6c18f5b65b7ed1,output,fake,sovits,anime_soft_anime_036_060_Appe Chestavo.mp3.wav,2,10
7db02fc41b277f65340f24f521318708,output,fake,sovits,anime_soft_anime_036_060_Appe Chestavo.mp3.wav,3,10
68c6231d373f4bf5209e63968644be83,output,fake,sovits,anime_soft_anime_036_060_Appe Chestavo.mp3.wav,4,10
cae4d98ef10cfb3e4202bb9875a237e0,output,fake,sovits,anime_soft_anime_036_060_Appe Chestavo.mp3.wav,5,10
845db6add1f1f621989a0f5bb3964d11,output,fake,sovits,anime_soft_anime_036_060_Appe Chestavo.mp3.wav,6,10
7b3adedeb56d05275da59f87249174e8,output,fake,sovits,anime_soft_anime_036_060_Appe Chestavo.mp3.wav,7,10
d421f164c3d32a0e6c6313d46428e5fb,output,fake,sovits,anime_soft_anime_036_060_Appe Chestavo.mp3.wav,8,10
74aa315bb72a5c9fce60fef35b0eae38,output,fake,sovits,anime_soft_anime_036_060_Appe Chestavo.mp3.wav,9,10
5bf42e537f5f0353a3c1f36b8319e307,output,fake,sovits,anime_soft_anime_036_060_Appe Chestavo.mp3.wav,10,10
8bd58a0f62f352b96e5649c39197a598,output,fake,sovits,anime_soft_anime_036_060_Appe Chestavo.mp3.wav,11,10
5c7fac55871b8aa12265b6954068ac23,output,fake,sovits,anime_soft_anime_036_060_Appe Chestavo.mp3.wav,12,10
2d1c19bb14ef632fc75f8e376fb1d021,output,fake,sovits,anime_soft_anime_036_060_Appe Chestavo.mp3.wav,13,10
a7608f96746aa7c010377ae382c20eaa,output,fake,sovits,anime_soft_anime_036_060_Appe Chestavo.mp3.wav,14,10
5caafaead1e03b9f2dcc2ba1ee82a0ae,output,fake,sovits,anime_soft_anime_036_060_Appe Chestavo.mp3.wav,15,10
53227e36fc9b19b9d1a873ffb3443e06,output,fake,sovits,anime_soft_anime_036_060_Appe Chestavo.mp3.wav,16,10
af6718c3c900001fb8e7e2320e05b53a,output,fake,sovits,anime_soft_anime_036_060_Appe Chestavo.mp3.wav,17,10
786eebc9df74f29b2eb52413603afc9a,output,fake,sovits,anime_soft_anime_036_060_Appe Chestavo.mp3.wav,18,10
b5e85c158a3d8c810751e274a4baba9f,output,fake,sovits,anime_soft_anime_036_060_Appe Chestavo.mp3.wav,19,10
8e52460f0c435bd1549d400850ae813e,output,fake,sovits,anime_soft_anime_036_060_Appe Chestavo.mp3.wav,20,10
d1a03bbfc0620733160f517b27924187,output,fake,sovits,anime_soft_anime_036_060_Appe Chestavo.mp3.wav,21,10
6a1668e4da547dc59128cacaabed3cc0,output,fake,sovits,anime_soft_anime_036_060_Appe Chestavo.mp3.wav,22,10
576ccbccf9c0082652463215465c2557,output,fake,sovits,anime_soft_anime_036_060_Appe Chestavo.mp3.wav,23,10
2b7c4f6dfb2b30e7acf5d83435c3fa9b,output,fake,sovits,anime_soft_anime_036_060_Appe Chestavo.mp3.wav,24,10
0416858c8752398273a754f908d35013,output,fake,sovits,anime_soft_anime_036_060_Appe Chestavo.mp3.wav,25,10
6865ae5a8f3a58f9a87312b5baae647f,output,fake,sovits,anime_soft_anime_036_060_Appe Chestavo.mp3.wav,26,10
7dee104936d75f9255aee57b3dd5f94d,output,fake,sovits,anime_kawaii_girl_037_061_Pachhani Mana Pally.mp3.wav,0,10
acdcecb3162ad056197ab905b25ccce8,output,fake,sovits,anime_kawaii_girl_037_061_Pachhani Mana Pally.mp3.wav,1,10
7810da67d4641d516720ec70292da15b,output,fake,sovits,anime_kawaii_girl_037_061_Pachhani Mana Pally.mp3.wav,2,10
c4d841979108a72c236f18ee83289b58,output,fake,sovits,anime_kawaii_girl_037_061_Pachhani Mana Pally.mp3.wav,3,10
c3c43a470fd8e6d6be5dfaf8f7063e59,output,fake,sovits,anime_kawaii_girl_037_061_Pachhani Mana Pally.mp3.wav,4,10
496e137b9d72aaf0f502769c181c0686,output,fake,sovits,anime_kawaii_girl_037_061_Pachhani Mana Pally.mp3.wav,5,10
7df1fcc450bcb3e135899aa3f0f25fcd,output,fake,sovits,anime_kawaii_girl_037_061_Pachhani Mana Pally.mp3.wav,6,10
0911960b8b64cd17c09841c59b1de96d,output,fake,sovits,anime_kawaii_girl_037_061_Pachhani Mana Pally.mp3.wav,7,10
7caa899259e5c35db492f0d0b6bd3373,output,fake,sovits,anime_kawaii_girl_037_061_Pachhani Mana Pally.mp3.wav,8,10
a6b2a81f5bb1102bd0a149d122b259e4,output,fake,sovits,anime_kawaii_girl_037_061_Pachhani Mana Pally.mp3.wav,9,10
0aa739080c5d866f8176f04644384821,output,fake,sovits,anime_kawaii_girl_037_061_Pachhani Mana Pally.mp3.wav,10,10
0bc2dda072245d08a6188e27ce1a5b14,output,fake,sovits,anime_kawaii_girl_037_061_Pachhani Mana Pally.mp3.wav,11,10
1e679d02ac84707501570dd51680bf06,output,fake,sovits,anime_kawaii_girl_037_061_Pachhani Mana Pally.mp3.wav,12,10
6702a632e705f1cf23d22bcdbc717442,output,fake,sovits,anime_kawaii_girl_037_061_Pachhani Mana Pally.mp3.wav,13,10
ea8d684a7487ffe90fa29caa794a4da2,output,fake,sovits,anime_kawaii_girl_037_061_Pachhani Mana Pally.mp3.wav,14,10
eb926d37fdc891688382760d3d6f55de,output,fake,sovits,anime_kawaii_girl_037_061_Pachhani Mana Pally.mp3.wav,15,10
3000b0d4bb9f71c9f3d7560082287861,output,fake,sovits,anime_kawaii_girl_037_061_Pachhani Mana Pally.mp3.wav,16,10
39d5d43523cd672e1c5adf3f721da4e2,output,fake,sovits,anime_kawaii_girl_037_061_Pachhani Mana Pally.mp3.wav,17,10
4dff1574e9c4f246621e0268c53eb3cc,output,fake,sovits,anime_energetic_idol_038_062_Ayyori Mogada.mp3.wav,0,10
4a40b40052923fdf9d7305cc27fdb380,output,fake,sovits,anime_energetic_idol_038_062_Ayyori Mogada.mp3.wav,1,10
004ae087d1276c779d44600808ee3259,output,fake,sovits,anime_energetic_idol_038_062_Ayyori Mogada.mp3.wav,2,10
b87cf726909f8f32ab5dd913db3de6ef,output,fake,sovits,anime_energetic_idol_038_062_Ayyori Mogada.mp3.wav,3,10
0281d34cf81dcca0b8062201d283be4b,output,fake,sovits,anime_energetic_idol_038_062_Ayyori Mogada.mp3.wav,4,10
2f590a42f459ceef19c3a3f2a25de930,output,fake,sovits,anime_energetic_idol_038_062_Ayyori Mogada.mp3.wav,5,10
b6aa9bfe5d95e645d9bd5d5c7cbc2cc9,output,fake,sovits,anime_energetic_idol_038_062_Ayyori Mogada.mp3.wav,6,10
cfedaee63dda4b79e8a49eebcd018bd4,output,fake,sovits,anime_energetic_idol_038_062_Ayyori Mogada.mp3.wav,7,10
36c8020ff69c64be05a837b5adc6ea5b,output,fake,sovits,anime_energetic_idol_038_062_Ayyori Mogada.mp3.wav,8,10
4b755b67f9ca3c146ddd7dc979e3cc9c,output,fake,sovits,anime_energetic_idol_038_062_Ayyori Mogada.mp3.wav,9,10
cdbbc25edd69a6d621dff9fa7d1965ed,output,fake,sovits,anime_energetic_idol_038_062_Ayyori Mogada.mp3.wav,10,10
54907705c8c2228af570b8ec2630320b,output,fake,sovits,anime_energetic_idol_038_062_Ayyori Mogada.mp3.wav,11,10
35e75d1815fdd9772f96dee08657a6af,output,fake,sovits,anime_energetic_idol_038_062_Ayyori Mogada.mp3.wav,12,10
d5d4fc531cb2955971b3ba4ded1242a9,output,fake,sovits,anime_energetic_idol_038_062_Ayyori Mogada.mp3.wav,13,10
2aa1f14e12abde5a44095a57f64b02bc,output,fake,sovits,anime_energetic_idol_038_062_Ayyori Mogada.mp3.wav,14,10
96330096d30aec65696264c28513a157,output,fake,sovits,anime_energetic_idol_038_062_Ayyori Mogada.mp3.wav,15,10
7b2546f3aa11807980ba9cfc4b62c9a9,output,fake,sovits,anime_energetic_idol_038_062_Ayyori Mogada.mp3.wav,16,10
dd40431a901f7dbd04c0d6cae9fc9ebf,output,fake,sovits,anime_energetic_idol_038_062_Ayyori Mogada.mp3.wav,17,10
af6c08984ffc52f8a059f8271b816ba5,output,fake,sovits,anime_energetic_idol_038_062_Ayyori Mogada.mp3.wav,18,10
d5600a973a80f18b7a2e09c7a93512bc,output,fake,sovits,anime_energetic_idol_038_062_Ayyori Mogada.mp3.wav,19,10
0300fb44c10e04a1bd7fa3b28e526bd6,output,fake,sovits,anime_energetic_idol_038_062_Ayyori Mogada.mp3.wav,20,10
b82efa710c9ec036cff3485ab4013a87,output,fake,sovits,anime_energetic_idol_038_062_Ayyori Mogada.mp3.wav,21,10
921298e107095a2785ab8e6b78e243c6,output,fake,sovits,anime_soft_anime_039_063_Yemi Rajakiyalo.mp3.wav,0,10
0ca02dca7f17dd62dddc49aa847b0a46,output,fake,sovits,anime_soft_anime_039_063_Yemi Rajakiyalo.mp3.wav,1,10
2ec2acdd599e90ef4fceaeb6479ebd0f,output,fake,sovits,anime_soft_anime_039_063_Yemi Rajakiyalo.mp3.wav,2,10
cc849962b61786a43f7dec011928b57d,output,fake,sovits,anime_soft_anime_039_063_Yemi Rajakiyalo.mp3.wav,3,10
806b49a0927ead5509cdc8f1d041c608,output,fake,sovits,anime_soft_anime_039_063_Yemi Rajakiyalo.mp3.wav,4,10
cd6e4ad9b0d41ffaa9eec5f9816e06a5,output,fake,sovits,anime_soft_anime_039_063_Yemi Rajakiyalo.mp3.wav,5,10
04931455763f75af20136746681ab6ff,output,fake,sovits,anime_soft_anime_039_063_Yemi Rajakiyalo.mp3.wav,6,10
a61e7d37be9db6b9e772d0ece460a0b3,output,fake,sovits,anime_soft_anime_039_063_Yemi Rajakiyalo.mp3.wav,7,10
3440f19cbc6537b1008785bd90c7ab72,output,fake,sovits,anime_soft_anime_039_063_Yemi Rajakiyalo.mp3.wav,8,10
553c871dba086cf2c29131586c3a3dc6,output,fake,sovits,anime_soft_anime_039_063_Yemi Rajakiyalo.mp3.wav,9,10
c771794f356ffb891137e570fa3969cd,output,fake,sovits,anime_soft_anime_039_063_Yemi Rajakiyalo.mp3.wav,10,10
09f461fa984198ba92dcfcfc5c58f720,output,fake,sovits,anime_soft_anime_039_063_Yemi Rajakiyalo.mp3.wav,11,10
5279e96b211bc3cadc7c6fff64bf4115,output,fake,sovits,anime_soft_anime_039_063_Yemi Rajakiyalo.mp3.wav,12,10
47a0088f1335194576f1b6417946fcfb,output,fake,sovits,anime_soft_anime_039_063_Yemi Rajakiyalo.mp3.wav,13,10
f4c348ec1408ef244dae76c8ddd89070,output,fake,sovits,anime_soft_anime_039_063_Yemi Rajakiyalo.mp3.wav,14,10
cdb6c0f045e2d4eadaf003224941d4d1,output,fake,sovits,anime_soft_anime_039_063_Yemi Rajakiyalo.mp3.wav,15,10
6c4e0b624a3780636e10d19bc437cbcb,output,fake,sovits,anime_soft_anime_039_063_Yemi Rajakiyalo.mp3.wav,16,10
75fac4bb1e06f41f45e4c1da10b49098,output,fake,sovits,anime_soft_anime_039_063_Yemi Rajakiyalo.mp3.wav,17,10
fabc26aa592d8413103c0f1700d8c831,output,fake,sovits,anime_soft_anime_039_063_Yemi Rajakiyalo.mp3.wav,18,10
88493f505faf4875f1d372f8ce747397,output,fake,sovits,anime_soft_anime_039_063_Yemi Rajakiyalo.mp3.wav,19,10
692d00baf7516cb0a99e4c9d6f5a7055,output,fake,sovits,anime_soft_anime_039_063_Yemi Rajakiyalo.mp3.wav,20,10
5213afd0d24f0d8039b633916d8addba,output,fake,sovits,anime_soft_anime_039_063_Yemi Rajakiyalo.mp3.wav,21,10
1ffde969a813016d45481e0439671005,output,fake,sovits,anime_soft_anime_039_063_Yemi Rajakiyalo.mp3.wav,22,10
bc36cf575b8c4e45ee9140648c33cccb,output,fake,sovits,anime_soft_anime_039_063_Yemi Rajakiyalo.mp3.wav,23,10
36f2d8ca1ea020f924c622f4bdad17d8,output,fake,sovits,anime_soft_anime_039_063_Yemi Rajakiyalo.mp3.wav,24,10
e7902c14bdcc34989384329656f382f1,output,fake,sovits,anime_soft_anime_039_063_Yemi Rajakiyalo.mp3.wav,25,10
2ca23ca75ee2aa3db2152c06194fafa0,output,fake,sovits,anime_soft_anime_039_063_Yemi Rajakiyalo.mp3.wav,26,10
6f3a3e547d64f2db897e8bd9ae6b3dfc,output,fake,sovits,anime_soft_anime_039_063_Yemi Rajakiyalo.mp3.wav,27,10
42be9e1d1332e95deed09a16dc973065,output,fake,sovits,anime_soft_anime_039_063_Yemi Rajakiyalo.mp3.wav,28,10
a7c306b60d092adaaa6f9574a63184e0,output,fake,sovits,anime_soft_anime_039_063_Yemi Rajakiyalo.mp3.wav,29,10
c99161e97cfb49f3d6e791dad32e78c4,output,fake,sovits,anime_soft_anime_039_063_Yemi Rajakiyalo.mp3.wav,30,10
7329b8b702389cf600fcea3fbda7df3a,output,fake,sovits,anime_soft_anime_039_063_Yemi Rajakiyalo.mp3.wav,31,10
71e9cf252e5eda3ec62445f6945d5e72,output,fake,sovits,anime_soft_anime_039_063_Yemi Rajakiyalo.mp3.wav,32,10
31491c80f35029503119d949ed7fce55,output,fake,sovits,anime_soft_anime_039_063_Yemi Rajakiyalo.mp3.wav,33,10
b0a5147e0e66c0a22964b8e263d34455,output,fake,sovits,anime_soft_anime_039_063_Yemi Rajakiyalo.mp3.wav,34,10
e831b55412c3653dd4ab5f51e730f687,output,fake,sovits,anime_soft_anime_039_063_Yemi Rajakiyalo.mp3.wav,35,10
69091650fcff33c2c020532fc786a9a6,output,fake,sovits,anime_soft_anime_039_063_Yemi Rajakiyalo.mp3.wav,36,10
6912dfa90fe34c283671a74a28814e19,output,fake,sovits,anime_soft_anime_039_063_Yemi Rajakiyalo.mp3.wav,37,10
f5446accb1caa38cc7aca5118e2fb340,output,fake,sovits,anime_soft_anime_039_063_Yemi Rajakiyalo.mp3.wav,38,10
1489fa4f70efd686746b6e767e95061c,output,fake,sovits,anime_soft_anime_039_063_Yemi Rajakiyalo.mp3.wav,39,10
878a5377206165c830af420518aede89,output,fake,sovits,anime_soft_anime_039_063_Yemi Rajakiyalo.mp3.wav,40,10
cefc0d13ac5181e549fdd85366b24434,output,fake,sovits,anime_kawaii_girl_040_066_Bonala Patalu.mp3.wav,0,10
24d75553cdb4ccfa7b43a29a45d16904,output,fake,sovits,anime_kawaii_girl_040_066_Bonala Patalu.mp3.wav,1,10
3fe4fc9f6cc7f52c90683d4efaa88618,output,fake,sovits,anime_kawaii_girl_040_066_Bonala Patalu.mp3.wav,2,10
f070fafc511288df8b91913e696fc048,output,fake,sovits,anime_kawaii_girl_040_066_Bonala Patalu.mp3.wav,3,10
4c9b1d6ab645426f0db75ea2ec484a92,output,fake,sovits,anime_kawaii_girl_040_066_Bonala Patalu.mp3.wav,4,10
c42d3619afdf5bda01a6c9375be6ceb7,output,fake,sovits,anime_kawaii_girl_040_066_Bonala Patalu.mp3.wav,5,10
cfd84290d8d2e6c3e6a2893f10e6c38d,output,fake,sovits,anime_kawaii_girl_040_066_Bonala Patalu.mp3.wav,6,10
94d8ba839a79065f0bd93a8253ac00e7,output,fake,sovits,anime_kawaii_girl_040_066_Bonala Patalu.mp3.wav,7,10
32df28ce2fd1f5414d727fc9a250b756,output,fake,sovits,anime_kawaii_girl_040_066_Bonala Patalu.mp3.wav,8,10
177032b0633729cf8b0e0407ce58a043,output,fake,sovits,anime_kawaii_girl_040_066_Bonala Patalu.mp3.wav,9,10
14eb847565ec694b5d3d52fe6f88ffcd,output,fake,sovits,anime_kawaii_girl_040_066_Bonala Patalu.mp3.wav,10,10
6dd4ec602edaf59c2e4a06bbd53a9737,output,fake,sovits,anime_kawaii_girl_040_066_Bonala Patalu.mp3.wav,11,10
6ed32343a4e10d60d78402c5a29e520d,output,fake,sovits,anime_kawaii_girl_040_066_Bonala Patalu.mp3.wav,12,10
1db035978d426b4ce47941b10bff98f8,output,fake,sovits,anime_kawaii_girl_040_066_Bonala Patalu.mp3.wav,13,10
16cb52d7af5d84f2e0d1b1cbdfbe3c83,output,fake,sovits,anime_kawaii_girl_040_066_Bonala Patalu.mp3.wav,14,10
ab214f9679495311a5f6cb646f2acf5e,output,fake,sovits,anime_kawaii_girl_040_066_Bonala Patalu.mp3.wav,15,10
087fbf72d7a9aa07aa604cd303e82d4c,output,fake,sovits,anime_kawaii_girl_040_066_Bonala Patalu.mp3.wav,16,10
e172e39ed338c9f2ab6f84d11ffb86ae,output,fake,sovits,anime_kawaii_girl_040_066_Bonala Patalu.mp3.wav,17,10
61f5f76f86f62d902f12874f63ea236e,output,fake,sovits,anime_kawaii_girl_040_066_Bonala Patalu.mp3.wav,18,10
243f0b437dbfcd2f8888e25a4fabed91,output,fake,sovits,anime_kawaii_girl_040_066_Bonala Patalu.mp3.wav,19,10
3e209ae34ed4b646153c88b6e06d9939,output,fake,sovits,anime_kawaii_girl_040_066_Bonala Patalu.mp3.wav,20,10
5100df1e5304d0f737a5fde15f9a8a8d,output,fake,sovits,anime_kawaii_girl_040_066_Bonala Patalu.mp3.wav,21,10
71b5869f38f8b3c659bf05b965fcfbba,output,fake,sovits,anime_kawaii_girl_040_066_Bonala Patalu.mp3.wav,22,10
989c492ab92c9e9a88029e8ac981b09c,output,fake,sovits,anime_energetic_idol_041_069_Palle Kanneru Peduthundo.mp3.wav,0,10
0107b20a03bcdcf93fa93d8cbaba434f,output,fake,sovits,anime_energetic_idol_041_069_Palle Kanneru Peduthundo.mp3.wav,1,10
43f0ca5121672f52ce9efb7631e8794f,output,fake,sovits,anime_energetic_idol_041_069_Palle Kanneru Peduthundo.mp3.wav,2,10
d90cd771a56e07e6201292334b50bb57,output,fake,sovits,anime_energetic_idol_041_069_Palle Kanneru Peduthundo.mp3.wav,3,10
0334a3a263e1cbbf7666c7cbb1ff8a31,output,fake,sovits,anime_energetic_idol_041_069_Palle Kanneru Peduthundo.mp3.wav,4,10
25e548cbb2f479b3aa540a0191f4b4c1,output,fake,sovits,anime_energetic_idol_041_069_Palle Kanneru Peduthundo.mp3.wav,5,10
ebab40352f917ea511b631257f1f4e75,output,fake,sovits,anime_energetic_idol_041_069_Palle Kanneru Peduthundo.mp3.wav,6,10
7f09417b3ea8b030af4f4a83f57b6a36,output,fake,sovits,anime_energetic_idol_041_069_Palle Kanneru Peduthundo.mp3.wav,7,10
731a92283f55626dc1b68504e002b6e0,output,fake,sovits,anime_energetic_idol_041_069_Palle Kanneru Peduthundo.mp3.wav,8,10
7711e98373d295fcd7c8e4559f02cf60,output,fake,sovits,anime_energetic_idol_041_069_Palle Kanneru Peduthundo.mp3.wav,9,10
c744ad0e0925fdce225bc6f31a7e84dc,output,fake,sovits,anime_energetic_idol_041_069_Palle Kanneru Peduthundo.mp3.wav,10,10
1439fdd76e5b30b59050aeb124d5bc9f,output,fake,sovits,anime_energetic_idol_041_069_Palle Kanneru Peduthundo.mp3.wav,11,10
e09944a254354c1d0c6792d4fadf2050,output,fake,sovits,anime_energetic_idol_041_069_Palle Kanneru Peduthundo.mp3.wav,12,10
7277a0f73c6d3d5d567077b08ac1a475,output,fake,sovits,anime_energetic_idol_041_069_Palle Kanneru Peduthundo.mp3.wav,13,10
8c285b465c6342860cfffd3ad77b7319,output,fake,sovits,anime_energetic_idol_041_069_Palle Kanneru Peduthundo.mp3.wav,14,10
c947b50a2ea2b2419d20eba7463202b1,output,fake,sovits,anime_energetic_idol_041_069_Palle Kanneru Peduthundo.mp3.wav,15,10
c82c6d365b2997c51e8c217896cb4cdb,output,fake,sovits,anime_energetic_idol_041_069_Palle Kanneru Peduthundo.mp3.wav,16,10
701f65cae214ecdc1a04e5c84cf57408,output,fake,sovits,anime_energetic_idol_041_069_Palle Kanneru Peduthundo.mp3.wav,17,10
837fd991bb066c83a9a6544601a9723d,output,fake,sovits,anime_energetic_idol_041_069_Palle Kanneru Peduthundo.mp3.wav,18,10
4168bc2229483df6a71f3a1c2e845294,output,fake,sovits,anime_energetic_idol_041_069_Palle Kanneru Peduthundo.mp3.wav,19,10
e342066ad4a238123e7d303afb4a3efd,output,fake,sovits,anime_energetic_idol_041_069_Palle Kanneru Peduthundo.mp3.wav,20,10
c2d33f6bdfca4a3bb2f795a9679a04c5,output,fake,sovits,anime_energetic_idol_041_069_Palle Kanneru Peduthundo.mp3.wav,21,10
4aa7f86a7dc9877d5df79c7bab1b1f0b,output,fake,sovits,anime_energetic_idol_041_069_Palle Kanneru Peduthundo.mp3.wav,22,10
aaa81cd0012dd89168018d21d8452b3e,output,fake,sovits,anime_energetic_idol_041_069_Palle Kanneru Peduthundo.mp3.wav,23,10
a74061c40b5975c8994c506c28e57647,output,fake,sovits,anime_energetic_idol_041_069_Palle Kanneru Peduthundo.mp3.wav,24,10
0b6a174a264f3cc2a5d0f3095bf5efbe,output,fake,sovits,anime_energetic_idol_041_069_Palle Kanneru Peduthundo.mp3.wav,25,10
a2a31283faa66ecf3bc0cb1d5034c841,output,fake,sovits,anime_energetic_idol_041_069_Palle Kanneru Peduthundo.mp3.wav,26,10
b0afe6781a69aa94707ea7c9fd778f53,output,fake,sovits,anime_energetic_idol_041_069_Palle Kanneru Peduthundo.mp3.wav,27,10
60c2278269d0804da7bc81442007f2b9,output,fake,sovits,anime_energetic_idol_041_069_Palle Kanneru Peduthundo.mp3.wav,28,10
55933964accdff30a5e80a84c8a30a1f,output,fake,sovits,anime_energetic_idol_041_069_Palle Kanneru Peduthundo.mp3.wav,29,10
25dada4c493a54bea85e07e2b05fe8df,output,fake,sovits,anime_energetic_idol_041_069_Palle Kanneru Peduthundo.mp3.wav,30,10
7a3420fd98893faaa00bb5ccc42f6e99,output,fake,sovits,anime_energetic_idol_041_069_Palle Kanneru Peduthundo.mp3.wav,31,10
88de38932d9505aa6be2dd0286e99400,output,fake,sovits,anime_energetic_idol_041_069_Palle Kanneru Peduthundo.mp3.wav,32,10
6d3d3a0e19a3c34ab0ec575ffbee5d3e,output,fake,sovits,anime_energetic_idol_041_069_Palle Kanneru Peduthundo.mp3.wav,33,10
475b13f67fec80b81fc7a54fb305357a,output,fake,sovits,anime_energetic_idol_041_069_Palle Kanneru Peduthundo.mp3.wav,34,10
1061dcb3d3519dd490cbf890974f5aa7,output,fake,sovits,anime_energetic_idol_041_069_Palle Kanneru Peduthundo.mp3.wav,35,10
756fd51e80897bcabfe97a1b625b0d80,output,fake,sovits,anime_energetic_idol_041_069_Palle Kanneru Peduthundo.mp3.wav,36,10
87134dc49c9f9c0537866164cd8a422f,output,fake,sovits,anime_energetic_idol_041_069_Palle Kanneru Peduthundo.mp3.wav,37,10
2a636563b2e96f7677e514dfd5e0d7df,output,fake,sovits,anime_energetic_idol_041_069_Palle Kanneru Peduthundo.mp3.wav,38,10
1f900225d047b9801319c420a5eea90a,output,fake,sovits,anime_energetic_idol_041_069_Palle Kanneru Peduthundo.mp3.wav,39,10
7be4e2b50bcb4ba5cbf5d1b4c7f59e1b,output,fake,sovits,anime_energetic_idol_041_069_Palle Kanneru Peduthundo.mp3.wav,40,10
c79e615c8bcb07dce83001dec482fefb,output,fake,sovits,anime_energetic_idol_041_069_Palle Kanneru Peduthundo.mp3.wav,41,10
bd7bb6e13c3d8d87846de63f00608c20,output,fake,sovits,anime_energetic_idol_041_069_Palle Kanneru Peduthundo.mp3.wav,42,10
7400530791feab1e8cf50ef2635a53fb,output,fake,sovits,anime_energetic_idol_041_069_Palle Kanneru Peduthundo.mp3.wav,43,10
848e48aa562627de5fa12024a8e576eb,output,fake,sovits,anime_energetic_idol_041_069_Palle Kanneru Peduthundo.mp3.wav,44,10
62943c33599dde43e97211ffa907fcae,output,fake,sovits,anime_energetic_idol_041_069_Palle Kanneru Peduthundo.mp3.wav,45,10
46a25022be463a2cfa02327bddb8d07c,output,fake,sovits,anime_energetic_idol_041_069_Palle Kanneru Peduthundo.mp3.wav,46,10
0226a188b33bfe8e400dd7284f433d0e,output,fake,sovits,anime_energetic_idol_041_069_Palle Kanneru Peduthundo.mp3.wav,47,10
8974188ce75e9f9afcbe1d70cdf0505d,output,fake,sovits,anime_energetic_idol_041_069_Palle Kanneru Peduthundo.mp3.wav,48,10
cfa601e363e3a28b74871cc5fa9273bf,output,fake,sovits,anime_energetic_idol_041_069_Palle Kanneru Peduthundo.mp3.wav,49,10
e375414d15e335affcfc5c0f5ed030a0,output,fake,sovits,anime_energetic_idol_041_069_Palle Kanneru Peduthundo.mp3.wav,50,10
4138c163d8a14c6c654182ebbbe3a00b,output,fake,sovits,anime_energetic_idol_041_069_Palle Kanneru Peduthundo.mp3.wav,51,10
a4626024c3d5ee121b384e40db41e895,output,fake,sovits,anime_energetic_idol_041_069_Palle Kanneru Peduthundo.mp3.wav,52,10
c2eb64c95f82accc63e5fcdee0cb9625,output,fake,sovits,anime_energetic_idol_041_069_Palle Kanneru Peduthundo.mp3.wav,53,10
270bd3211b742d96480459f67c03b7a5,output,fake,sovits,anime_energetic_idol_041_069_Palle Kanneru Peduthundo.mp3.wav,54,10
10308d8a8eaa2a12dad873debfb12816,output,fake,sovits,anime_energetic_idol_041_069_Palle Kanneru Peduthundo.mp3.wav,55,10
f0237e972908deb43959193dde7cba36,output,fake,sovits,anime_energetic_idol_041_069_Palle Kanneru Peduthundo.mp3.wav,56,10
50f146ee8b0183d68ce47358d6f45d0b,output,fake,sovits,anime_energetic_idol_041_069_Palle Kanneru Peduthundo.mp3.wav,57,10
aadcb69c46a34abe4a258db74eafef00,output,fake,sovits,anime_energetic_idol_041_069_Palle Kanneru Peduthundo.mp3.wav,58,10
7943a815e7fefd8f432aa16e732aec1e,output,fake,sovits,anime_energetic_idol_041_069_Palle Kanneru Peduthundo.mp3.wav,59,10
ed642feb73500c58573272ef8f46caec,output,fake,sovits,anime_energetic_idol_041_069_Palle Kanneru Peduthundo.mp3.wav,60,10
1d63479567a9c74bdbfbb07fe2893c16,output,fake,sovits,anime_energetic_idol_041_069_Palle Kanneru Peduthundo.mp3.wav,61,10
ef93ec3730ddfceb344f29789ebeb668,output,fake,sovits,anime_energetic_idol_041_069_Palle Kanneru Peduthundo.mp3.wav,62,10
50481a840fd48adb5517f943716aa02e,output,fake,sovits,anime_energetic_idol_041_069_Palle Kanneru Peduthundo.mp3.wav,63,10
c5a274d9edeb8e25578a684df374b995,output,fake,sovits,anime_energetic_idol_041_069_Palle Kanneru Peduthundo.mp3.wav,64,10
ad20497da0027923359fcc03e5011842,output,fake,sovits,anime_energetic_idol_041_069_Palle Kanneru Peduthundo.mp3.wav,65,10
b7d6218faf2c3e23124a4f4791034846,output,fake,sovits,anime_energetic_idol_041_069_Palle Kanneru Peduthundo.mp3.wav,66,10
16cdbce86b9c793fff3c07cc31b66e47,output,fake,sovits,anime_energetic_idol_041_069_Palle Kanneru Peduthundo.mp3.wav,67,10
7c076e7bba65433ffcd435578b83e511,output,fake,sovits,anime_energetic_idol_041_069_Palle Kanneru Peduthundo.mp3.wav,68,10
539384f313c8f1e49af32d0ccc9be22f,output,fake,sovits,anime_energetic_idol_041_069_Palle Kanneru Peduthundo.mp3.wav,69,10
bc124bf64c4dc898841ae5f92be34155,output,fake,sovits,anime_energetic_idol_041_069_Palle Kanneru Peduthundo.mp3.wav,70,10
1f06117c326566835e4965285b5e2576,output,fake,sovits,anime_energetic_idol_041_069_Palle Kanneru Peduthundo.mp3.wav,71,10
36b509843e874fe71520fe0bf8f1d8ee,output,fake,sovits,anime_energetic_idol_041_069_Palle Kanneru Peduthundo.mp3.wav,72,10
d21e17422769f173160b57230a3a82a8,output,fake,sovits,anime_energetic_idol_041_069_Palle Kanneru Peduthundo.mp3.wav,73,10
a547c58d2386a43c71d7034244093d68,output,fake,sovits,anime_energetic_idol_041_069_Palle Kanneru Peduthundo.mp3.wav,74,10
a45e39d684fa923fa7b7acc9f767f87a,output,fake,sovits,anime_energetic_idol_041_069_Palle Kanneru Peduthundo.mp3.wav,75,10
9b7dac5e22d1aebadb02f8ab770687ca,output,fake,sovits,anime_energetic_idol_041_069_Palle Kanneru Peduthundo.mp3.wav,76,10
6a5f8980fda39f018207df9e100d2a51,output,fake,sovits,anime_energetic_idol_041_069_Palle Kanneru Peduthundo.mp3.wav,77,10
8fe20801541c32931bf02ea62ff51712,output,fake,sovits,anime_energetic_idol_041_069_Palle Kanneru Peduthundo.mp3.wav,78,10
a790d969ff75b5e242d784fca9d3e3ac,output,fake,sovits,anime_energetic_idol_041_069_Palle Kanneru Peduthundo.mp3.wav,79,10
c8909b987a3ba13ade3d948d18021401,output,fake,sovits,anime_energetic_idol_041_069_Palle Kanneru Peduthundo.mp3.wav,80,10
9695faf6a3dd94446b5563e2e9fdd459,output,fake,sovits,anime_energetic_idol_041_069_Palle Kanneru Peduthundo.mp3.wav,81,10
3406b3a08d952dd4d61a93841211b8bd,output,fake,sovits,anime_energetic_idol_041_069_Palle Kanneru Peduthundo.mp3.wav,82,10
e4a1b6fd2f1dd0ef57d3e818e8c6f886,output,fake,sovits,anime_energetic_idol_041_069_Palle Kanneru Peduthundo.mp3.wav,83,10
71264da05676a1f263307da5620c70d9,output,fake,sovits,anime_energetic_idol_041_069_Palle Kanneru Peduthundo.mp3.wav,84,10
8cc430200aa9fd848d35c00301d9beeb,output,fake,sovits,anime_energetic_idol_041_069_Palle Kanneru Peduthundo.mp3.wav,85,10
b7c5e0632eec87d73e3acd566c4bcd5a,output,fake,sovits,anime_energetic_idol_041_069_Palle Kanneru Peduthundo.mp3.wav,86,10
06313f54d62f47d03f3e36338ef0a203,output,fake,sovits,anime_energetic_idol_041_069_Palle Kanneru Peduthundo.mp3.wav,87,10
099d157d9c26074e6beccf2ba175f436,output,fake,sovits,anime_energetic_idol_041_069_Palle Kanneru Peduthundo.mp3.wav,88,10
e059fb8f72801eefc945617df5e1193c,output,fake,sovits,anime_energetic_idol_041_069_Palle Kanneru Peduthundo.mp3.wav,89,10
32223cb5b1b4cd5d1d5578d5413d2c18,output,fake,sovits,anime_energetic_idol_041_069_Palle Kanneru Peduthundo.mp3.wav,90,10
56ed567deace2dd7caa2b2e52f639501,output,fake,sovits,anime_energetic_idol_041_069_Palle Kanneru Peduthundo.mp3.wav,91,10
297fbcefb26579aa1d01450cf9aa20e0,output,fake,sovits,anime_energetic_idol_041_069_Palle Kanneru Peduthundo.mp3.wav,92,10
1f43bd54aadc6f1a2cdd1d1917c7fac8,output,fake,sovits,anime_energetic_idol_041_069_Palle Kanneru Peduthundo.mp3.wav,93,10
63f979e3cd5ad6e7e84ea7087762e590,output,fake,sovits,anime_energetic_idol_041_069_Palle Kanneru Peduthundo.mp3.wav,94,10
4f0ea39252548ef80189f2e45fb8c61c,output,fake,sovits,anime_energetic_idol_041_069_Palle Kanneru Peduthundo.mp3.wav,95,10
e0ba1dd355880d7296f29d8e61012867,output,fake,sovits,anime_energetic_idol_041_069_Palle Kanneru Peduthundo.mp3.wav,96,10
cfd2460147ed1a9a495cc8a0c9a4ec0e,output,fake,sovits,anime_energetic_idol_041_069_Palle Kanneru Peduthundo.mp3.wav,97,10
7e581644c8ee15c903c9794577590f70,output,fake,sovits,anime_energetic_idol_041_069_Palle Kanneru Peduthundo.mp3.wav,98,10
5006d2cb7fefa2ec446720ec62dae340,output,fake,sovits,anime_energetic_idol_041_069_Palle Kanneru Peduthundo.mp3.wav,99,10
41070dfa3f5856358c864b5f38d8c3b5,output,fake,sovits,anime_energetic_idol_041_069_Palle Kanneru Peduthundo.mp3.wav,100,10
4d0f1abe2ed9d0bd228df7d2a2a889f6,output,fake,sovits,anime_energetic_idol_041_069_Palle Kanneru Peduthundo.mp3.wav,101,10
d1e66f58ea738814b385c9c3aaf9ad87,output,fake,sovits,anime_energetic_idol_041_069_Palle Kanneru Peduthundo.mp3.wav,102,10
93d3268baa680b723f1a45bdb9c1b321,output,fake,sovits,anime_energetic_idol_041_069_Palle Kanneru Peduthundo.mp3.wav,103,10
0f55ff50cc572381a265737cc2b01111,output,fake,sovits,anime_energetic_idol_041_069_Palle Kanneru Peduthundo.mp3.wav,104,10
dc023d76cea4b51729b2ff7412b964a9,output,fake,sovits,anime_energetic_idol_041_069_Palle Kanneru Peduthundo.mp3.wav,105,10
fdc6032530868504067d44663d1db842,output,fake,sovits,anime_energetic_idol_041_069_Palle Kanneru Peduthundo.mp3.wav,106,10
da9c5d1ada1b27bdc4fed954533b3792,output,fake,sovits,anime_energetic_idol_041_069_Palle Kanneru Peduthundo.mp3.wav,107,10
b7d3e6071ed3c3f809dbf1faf604b274,output,fake,sovits,anime_energetic_idol_041_069_Palle Kanneru Peduthundo.mp3.wav,108,10
dc290691cee3727dc5ef125d2c2c0adf,output,fake,sovits,anime_energetic_idol_041_069_Palle Kanneru Peduthundo.mp3.wav,109,10
04ce18c1ac762fc8bd2da7575942032d,output,fake,sovits,anime_energetic_idol_041_069_Palle Kanneru Peduthundo.mp3.wav,110,10
6aefe4effd788dc1d71f4f72bb15895d,output,fake,sovits,anime_energetic_idol_041_069_Palle Kanneru Peduthundo.mp3.wav,111,10
e065ed22294ac166062128f39237f559,output,fake,sovits,anime_energetic_idol_041_069_Palle Kanneru Peduthundo.mp3.wav,112,10
98bd75f3d5aea9aef1d5b57f77281265,output,fake,sovits,anime_energetic_idol_041_069_Palle Kanneru Peduthundo.mp3.wav,113,10
98c0d6522687dd87b14174f80d32a00a,output,fake,sovits,anime_energetic_idol_041_069_Palle Kanneru Peduthundo.mp3.wav,114,10
9d66d2ab85cb2dc25236469c118e6ee7,output,fake,sovits,anime_energetic_idol_041_069_Palle Kanneru Peduthundo.mp3.wav,115,10
31d51ab96d5db896fd2b822d6c6c8ec0,output,fake,sovits,anime_energetic_idol_041_069_Palle Kanneru Peduthundo.mp3.wav,116,10
141339b9079e995aea31abf6a4a04459,output,fake,sovits,anime_energetic_idol_041_069_Palle Kanneru Peduthundo.mp3.wav,117,10
b182aeb864e35408daff8a6c8acca65e,output,fake,sovits,anime_energetic_idol_041_069_Palle Kanneru Peduthundo.mp3.wav,118,10
ab1294fabaef87105f0027f15e9f237d,output,fake,sovits,anime_energetic_idol_041_069_Palle Kanneru Peduthundo.mp3.wav,119,10
83f1a0245b9d97de4d109c8aa6571b66,output,fake,sovits,anime_energetic_idol_041_069_Palle Kanneru Peduthundo.mp3.wav,120,10
bccc2190b6fa1302c8b9eb48e31bfd5a,output,fake,sovits,anime_energetic_idol_041_069_Palle Kanneru Peduthundo.mp3.wav,121,10
b52076d03472f3ac6ac0dc1e39f447d6,output,fake,sovits,anime_energetic_idol_041_069_Palle Kanneru Peduthundo.mp3.wav,122,10
39277520c83aba2348e8a8ea4629e6a2,output,fake,sovits,anime_energetic_idol_041_069_Palle Kanneru Peduthundo.mp3.wav,123,10
ecc1ce986ee4b28ef5a39b4ef2f3e856,output,fake,sovits,anime_energetic_idol_041_069_Palle Kanneru Peduthundo.mp3.wav,124,10
df0c08d354421830a81d497810e2adc9,output,fake,sovits,anime_energetic_idol_041_069_Palle Kanneru Peduthundo.mp3.wav,125,10
df550c40d43b223849396551a4b4d549,output,fake,sovits,anime_energetic_idol_041_069_Palle Kanneru Peduthundo.mp3.wav,126,10
9f7104f0b63c028be173c02d2f565fa4,output,fake,sovits,anime_energetic_idol_041_069_Palle Kanneru Peduthundo.mp3.wav,127,10
0a4c68fafef2e0797f6da6c6b4459f04,output,fake,sovits,anime_energetic_idol_041_069_Palle Kanneru Peduthundo.mp3.wav,128,10
a5209e7199622f029e55744da2807956,output,fake,sovits,anime_energetic_idol_041_069_Palle Kanneru Peduthundo.mp3.wav,129,10
f2428785f68c671ee9bcc730db0c7bec,output,fake,sovits,anime_energetic_idol_041_069_Palle Kanneru Peduthundo.mp3.wav,130,10
038be5d76d412f8f6c2e8538fa38b416,output,fake,sovits,anime_energetic_idol_041_069_Palle Kanneru Peduthundo.mp3.wav,131,10
34afe3fa8da9aec1f07555a617125421,output,fake,sovits,anime_energetic_idol_041_069_Palle Kanneru Peduthundo.mp3.wav,132,10
370a220c50745be083dc049aa5bf8a14,output,fake,sovits,anime_energetic_idol_041_069_Palle Kanneru Peduthundo.mp3.wav,133,10
58a36e5ebb79826ca19b585d536beeea,output,fake,sovits,anime_energetic_idol_041_069_Palle Kanneru Peduthundo.mp3.wav,134,10
9363d8b36dd9f5a41bb766668cc251c5,output,fake,sovits,anime_energetic_idol_041_069_Palle Kanneru Peduthundo.mp3.wav,135,10
0028ce09b887af86c0fc487d1fd6d9f6,output,fake,sovits,anime_energetic_idol_041_069_Palle Kanneru Peduthundo.mp3.wav,136,10
e1ca65c965bf8da31fe4b29f95fab6f8,output,fake,sovits,anime_energetic_idol_041_069_Palle Kanneru Peduthundo.mp3.wav,137,10
8aab150af0508bc94a916c7a7a3ab4ac,output,fake,sovits,anime_energetic_idol_041_069_Palle Kanneru Peduthundo.mp3.wav,138,10
4ed50c120a897bf1346a6dfd77a3c600,output,fake,sovits,anime_energetic_idol_041_069_Palle Kanneru Peduthundo.mp3.wav,139,10
f3397398b9ee0aa5ca342f0f889edfc9,output,fake,sovits,anime_energetic_idol_041_069_Palle Kanneru Peduthundo.mp3.wav,140,10
b362b98317914eac1478073d6194499e,output,fake,sovits,anime_energetic_idol_041_069_Palle Kanneru Peduthundo.mp3.wav,141,10
e971fa517db0886e820278dbac28c893,output,fake,sovits,anime_energetic_idol_041_069_Palle Kanneru Peduthundo.mp3.wav,142,10
c938b699aefc1da380904fd7d0bedaaf,output,fake,sovits,anime_energetic_idol_041_069_Palle Kanneru Peduthundo.mp3.wav,143,10
9189e8f509d47192a559c5d045fb110b,output,fake,sovits,anime_energetic_idol_041_069_Palle Kanneru Peduthundo.mp3.wav,144,10
6b20cc39ce5b8517054bc09395356069,output,fake,sovits,anime_energetic_idol_041_069_Palle Kanneru Peduthundo.mp3.wav,145,10
1a3d977e7f916ba31801f4d1b271c596,output,fake,sovits,anime_energetic_idol_041_069_Palle Kanneru Peduthundo.mp3.wav,146,10
461e068b39957ba8913a2bdc9dffa15c,output,fake,sovits,anime_energetic_idol_041_069_Palle Kanneru Peduthundo.mp3.wav,147,10
df2b1bb2809bf1a3d4dde1aff7182aed,output,fake,sovits,anime_energetic_idol_041_069_Palle Kanneru Peduthundo.mp3.wav,148,10
f456fb196d7e28e024facbc171d01a57,output,fake,sovits,anime_energetic_idol_041_069_Palle Kanneru Peduthundo.mp3.wav,149,10
7cfd00a7f0f8df79dee4a6a71f33a5d8,output,fake,sovits,anime_energetic_idol_041_069_Palle Kanneru Peduthundo.mp3.wav,150,10
4b99666a525283d87f23a13c03213c8b,output,fake,sovits,anime_energetic_idol_041_069_Palle Kanneru Peduthundo.mp3.wav,151,10
9857c795c9f04fef47144e4b5bd6136a,output,fake,sovits,anime_energetic_idol_041_069_Palle Kanneru Peduthundo.mp3.wav,152,10
1078ca18e93ce589ebd4b1b8dc4daa70,output,fake,sovits,anime_energetic_idol_041_069_Palle Kanneru Peduthundo.mp3.wav,153,10
43fce6e15c15512823626f29a2d4aaf5,output,fake,sovits,anime_energetic_idol_041_069_Palle Kanneru Peduthundo.mp3.wav,154,10
80ace33b768167fea7275d4225a9e01a,output,fake,sovits,anime_energetic_idol_041_069_Palle Kanneru Peduthundo.mp3.wav,155,10
7e48830bbf50871101c45aae7b759bea,output,fake,sovits,anime_energetic_idol_041_069_Palle Kanneru Peduthundo.mp3.wav,156,10
16110a74b8d93f1914f2e2efcd781c54,output,fake,sovits,anime_energetic_idol_041_069_Palle Kanneru Peduthundo.mp3.wav,157,10
d34d1a1577de67d04fc98667955923c4,output,fake,sovits,anime_energetic_idol_041_069_Palle Kanneru Peduthundo.mp3.wav,158,10
97a26242f9208f064f59a7e5d144887f,output,fake,sovits,anime_energetic_idol_041_069_Palle Kanneru Peduthundo.mp3.wav,159,10
cff9a767aa9bf96cb45f91093c5f2f5f,output,fake,sovits,anime_energetic_idol_041_069_Palle Kanneru Peduthundo.mp3.wav,160,10
d192e2a001a826ad50a431d784b41d4b,output,fake,sovits,anime_energetic_idol_041_069_Palle Kanneru Peduthundo.mp3.wav,161,10
8a5a3cdde76e85c6a136e17bd6f692ec,output,fake,sovits,anime_energetic_idol_041_069_Palle Kanneru Peduthundo.mp3.wav,162,10
9bef30e654038b346d2a08deb12c0513,output,fake,sovits,anime_energetic_idol_041_069_Palle Kanneru Peduthundo.mp3.wav,163,10
3a34814c168c7edf445ed413d5559a01,output,fake,sovits,anime_energetic_idol_041_069_Palle Kanneru Peduthundo.mp3.wav,164,10
ceba068021b9f965a16c7fc8c3d434ca,output,fake,sovits,anime_energetic_idol_041_069_Palle Kanneru Peduthundo.mp3.wav,165,10
fbd65ba937eb7b7abf5a58b65fefa75d,output,fake,sovits,anime_energetic_idol_041_069_Palle Kanneru Peduthundo.mp3.wav,166,10
4867fdc4d27a0ca0ac5c64c01cb1cf19,output,fake,sovits,anime_energetic_idol_041_069_Palle Kanneru Peduthundo.mp3.wav,167,10
a992ced57b2c769e35a07686119e2841,output,fake,sovits,anime_energetic_idol_041_069_Palle Kanneru Peduthundo.mp3.wav,168,10
657593a605afff18344fa42246d3ba2d,output,fake,sovits,anime_energetic_idol_041_069_Palle Kanneru Peduthundo.mp3.wav,169,10
1282c79a77e524c83c5a346c21daca76,output,fake,sovits,anime_energetic_idol_041_069_Palle Kanneru Peduthundo.mp3.wav,170,10
63c8fc1a81e2f67f1bb9660bbacc77d9,output,fake,sovits,anime_energetic_idol_041_069_Palle Kanneru Peduthundo.mp3.wav,171,10
378e329e90dd2bb9d0ae6f3096fd5a3d,output,fake,sovits,anime_energetic_idol_041_069_Palle Kanneru Peduthundo.mp3.wav,172,10
85096657e2f50269ab3105df8a6796e0,output,fake,sovits,anime_energetic_idol_041_069_Palle Kanneru Peduthundo.mp3.wav,173,10
c70486c8e7c85c4f9d733cf5b669782b,output,fake,sovits,anime_energetic_idol_041_069_Palle Kanneru Peduthundo.mp3.wav,174,10
7e598fcbf0ab91b295aefb120e70d629,output,fake,sovits,anime_energetic_idol_041_069_Palle Kanneru Peduthundo.mp3.wav,175,10
15058802a94d8a46fe07ff5ddc95f150,output,fake,sovits,anime_energetic_idol_041_069_Palle Kanneru Peduthundo.mp3.wav,176,10
73041836703442fb05c4f1c4b0379388,output,fake,sovits,anime_energetic_idol_041_069_Palle Kanneru Peduthundo.mp3.wav,177,10
46df9dd3c28aa1b62c8149c05169cf44,output,fake,sovits,anime_energetic_idol_041_069_Palle Kanneru Peduthundo.mp3.wav,178,10
bb2a53c78dc77cfda0fe3cd80bffa770,output,fake,sovits,anime_energetic_idol_041_069_Palle Kanneru Peduthundo.mp3.wav,179,10
7321b4f277f5e0317815660b9d92f3d0,output,fake,sovits,anime_energetic_idol_041_069_Palle Kanneru Peduthundo.mp3.wav,180,10
f3baec26d9f56dabb5b3d43fb186f2a9,output,fake,sovits,anime_energetic_idol_041_069_Palle Kanneru Peduthundo.mp3.wav,181,10
f5afcbdd059956bd3b92633d79fcc45d,output,fake,sovits,anime_energetic_idol_041_069_Palle Kanneru Peduthundo.mp3.wav,182,10
796e4bb081d010eb909c262706bffaaa,output,fake,sovits,anime_energetic_idol_041_069_Palle Kanneru Peduthundo.mp3.wav,183,10
d34de97172283a384a9d36f42ca17b31,output,fake,sovits,anime_energetic_idol_041_069_Palle Kanneru Peduthundo.mp3.wav,184,10
59f6a95e668fff1058c6bba23f71deac,output,fake,sovits,anime_energetic_idol_041_069_Palle Kanneru Peduthundo.mp3.wav,185,10
cc320812e6daed94c98cd30a8b1f398e,output,fake,sovits,anime_energetic_idol_041_069_Palle Kanneru Peduthundo.mp3.wav,186,10
5a337a49f8548cbc8d03a5e7c4b8cdab,output,fake,sovits,anime_energetic_idol_041_069_Palle Kanneru Peduthundo.mp3.wav,187,10
3b84dca126a2c54d14c283322b84a581,output,fake,sovits,anime_energetic_idol_041_069_Palle Kanneru Peduthundo.mp3.wav,188,10
da10ef7df82909e720d4d87b1d7f8c64,output,fake,sovits,anime_energetic_idol_041_069_Palle Kanneru Peduthundo.mp3.wav,189,10
6b0d5645c85578ab0f26077c77f0c0d7,output,fake,sovits,anime_energetic_idol_041_069_Palle Kanneru Peduthundo.mp3.wav,190,10
e414879b9e1672be5e98c239a2c58113,output,fake,sovits,anime_energetic_idol_041_069_Palle Kanneru Peduthundo.mp3.wav,191,10
8e3360f095e34f56c76f546d17e20acf,output,fake,sovits,anime_energetic_idol_041_069_Palle Kanneru Peduthundo.mp3.wav,192,10
f85f68cc019d5f1368b25ad47bfb8bae,output,fake,sovits,anime_energetic_idol_041_069_Palle Kanneru Peduthundo.mp3.wav,193,10
973d6244ed239831675bbb0140a222d2,output,fake,sovits,anime_energetic_idol_041_069_Palle Kanneru Peduthundo.mp3.wav,194,10
8ca4f898b30d9cacd56fd74e23cf998d,output,fake,sovits,anime_energetic_idol_041_069_Palle Kanneru Peduthundo.mp3.wav,195,10
1c3fa7dd833b9a80f6a51d84f2dd9935,output,fake,sovits,anime_energetic_idol_041_069_Palle Kanneru Peduthundo.mp3.wav,196,10
aeda9f307ca7cbfd13990f51dfe7b2e5,output,fake,sovits,anime_energetic_idol_041_069_Palle Kanneru Peduthundo.mp3.wav,197,10
ec74422a1f4cf425b82e413cd600d49d,output,fake,sovits,anime_energetic_idol_041_069_Palle Kanneru Peduthundo.mp3.wav,198,10
f750700981dae3d6a1bfa9244d966fa1,output,fake,sovits,anime_energetic_idol_041_069_Palle Kanneru Peduthundo.mp3.wav,199,10
80a456d70b0244728fc0d70cf69c9b80,output,fake,sovits,anime_energetic_idol_041_069_Palle Kanneru Peduthundo.mp3.wav,200,10
2280def748bae9cfb67b8656695c511f,output,fake,sovits,anime_energetic_idol_041_069_Palle Kanneru Peduthundo.mp3.wav,201,10
07978879587d233e4f42ae8f6d0ce05b,output,fake,sovits,anime_energetic_idol_041_069_Palle Kanneru Peduthundo.mp3.wav,202,10
d3aaaa8a2ca24e318337158233988cae,output,fake,sovits,anime_energetic_idol_041_069_Palle Kanneru Peduthundo.mp3.wav,203,10
daaafc2f519ba1a51247c27cada37516,output,fake,sovits,anime_energetic_idol_041_069_Palle Kanneru Peduthundo.mp3.wav,204,10
215824bd4e0653fbdc87f6e0ba962d8f,output,fake,sovits,anime_energetic_idol_041_069_Palle Kanneru Peduthundo.mp3.wav,205,10
32c98ba7d12568a95aa3c1c3b97534d4,output,fake,sovits,anime_energetic_idol_041_069_Palle Kanneru Peduthundo.mp3.wav,206,10
4f9d88db0a0e412990950e7449efb8a1,output,fake,sovits,anime_energetic_idol_041_069_Palle Kanneru Peduthundo.mp3.wav,207,10
913b0dd726927e47ec091f5f088891a8,output,fake,sovits,anime_energetic_idol_041_069_Palle Kanneru Peduthundo.mp3.wav,208,10
0d0ec10825b0f6992b0a1ba325db4817,output,fake,sovits,anime_energetic_idol_041_069_Palle Kanneru Peduthundo.mp3.wav,209,10
593b28ecdebd85316bea3c901f5b1e9f,output,fake,sovits,anime_energetic_idol_041_069_Palle Kanneru Peduthundo.mp3.wav,210,10
f884be5a45c2c2c39ebd079e1b49bdcd,output,fake,sovits,anime_energetic_idol_041_069_Palle Kanneru Peduthundo.mp3.wav,211,10
06a4525f2835a02762d5b48dafb49963,output,fake,sovits,anime_energetic_idol_041_069_Palle Kanneru Peduthundo.mp3.wav,212,10
4c07aa8728413764dda39c4eff6f9115,output,fake,sovits,anime_energetic_idol_041_069_Palle Kanneru Peduthundo.mp3.wav,213,10
c29e7eaf9f1b250404cab81a73296e16,output,fake,sovits,anime_energetic_idol_041_069_Palle Kanneru Peduthundo.mp3.wav,214,10
50de17a0633aaa02461615b0750855fd,output,fake,sovits,anime_energetic_idol_041_069_Palle Kanneru Peduthundo.mp3.wav,215,10
1105f87a8cbe8dc227c3aaf0feb0d1ac,output,fake,sovits,anime_energetic_idol_041_069_Palle Kanneru Peduthundo.mp3.wav,216,10
def55364ff284bc1f9d9925e7c6862f8,output,fake,sovits,anime_energetic_idol_041_069_Palle Kanneru Peduthundo.mp3.wav,217,10
bac25e7d5287469477346d17ad4a6d43,output,fake,sovits,anime_energetic_idol_041_069_Palle Kanneru Peduthundo.mp3.wav,218,10
8190c1a95614c8ef263e03fcb90aec0a,output,fake,sovits,anime_energetic_idol_041_069_Palle Kanneru Peduthundo.mp3.wav,219,10
ce481f06da93f25c1617b79676b578bd,output,fake,sovits,anime_energetic_idol_041_069_Palle Kanneru Peduthundo.mp3.wav,220,10
2eb05620157aed37f52aa9e59fe6af5e,output,fake,sovits,anime_energetic_idol_041_069_Palle Kanneru Peduthundo.mp3.wav,221,10
9796478904f7780aa23e2561ed4c3638,output,fake,sovits,anime_energetic_idol_041_069_Palle Kanneru Peduthundo.mp3.wav,222,10
464dd1cc45a0c9d015073a38c666594a,output,fake,sovits,anime_energetic_idol_041_069_Palle Kanneru Peduthundo.mp3.wav,223,10
39cbdfe77005a2536e3e1172fb5777d5,output,fake,sovits,anime_energetic_idol_041_069_Palle Kanneru Peduthundo.mp3.wav,224,10
dab265ff1e7bb701167094102847151d,output,fake,sovits,anime_energetic_idol_041_069_Palle Kanneru Peduthundo.mp3.wav,225,10
2c0675e662ef5722420f1e8d1eb6ede9,output,fake,sovits,anime_energetic_idol_041_069_Palle Kanneru Peduthundo.mp3.wav,226,10
f775d927fd9062911a2d2e06a0f66df4,output,fake,sovits,anime_energetic_idol_041_069_Palle Kanneru Peduthundo.mp3.wav,227,10
23e071404252fa8873a70c6d36ce92fd,output,fake,sovits,anime_energetic_idol_041_069_Palle Kanneru Peduthundo.mp3.wav,228,10
f9ed5672bea9042d70f2532fb92a3dd4,output,fake,sovits,anime_energetic_idol_041_069_Palle Kanneru Peduthundo.mp3.wav,229,10
9a42fe2be5bf82685fd3563f6b84bc4c,output,fake,sovits,anime_energetic_idol_041_069_Palle Kanneru Peduthundo.mp3.wav,230,10
5292051224d1c7ff1054567a2cffb9da,output,fake,sovits,anime_energetic_idol_041_069_Palle Kanneru Peduthundo.mp3.wav,231,10
98badf6f126217bb904618879f02fad5,output,fake,sovits,anime_energetic_idol_041_069_Palle Kanneru Peduthundo.mp3.wav,232,10
8f43b292436d455098a5eeab63b0c50c,output,fake,sovits,anime_energetic_idol_041_069_Palle Kanneru Peduthundo.mp3.wav,233,10
2a46828e4411cec77598e052927dd0b2,output,fake,sovits,anime_energetic_idol_041_069_Palle Kanneru Peduthundo.mp3.wav,234,10
f2e836d861006f5acd6a7a98f448856d,output,fake,sovits,anime_energetic_idol_041_069_Palle Kanneru Peduthundo.mp3.wav,235,10
954c1dd2fb0558631706c0a9b2b8292b,output,fake,sovits,anime_energetic_idol_041_069_Palle Kanneru Peduthundo.mp3.wav,236,10
af0dd2ba09db54d10e8da79599acc4cb,output,fake,sovits,anime_energetic_idol_041_069_Palle Kanneru Peduthundo.mp3.wav,237,10
06ca9f4e85cb10a87fc675934e1c5c0e,output,fake,sovits,anime_energetic_idol_041_069_Palle Kanneru Peduthundo.mp3.wav,238,10
706e357a8ffb9abdd5e0fab6627bbbbd,output,fake,sovits,anime_energetic_idol_041_069_Palle Kanneru Peduthundo.mp3.wav,239,10
4bd627742ccd5cb90c890308627a75b7,output,fake,sovits,anime_energetic_idol_041_069_Palle Kanneru Peduthundo.mp3.wav,240,10
8fdd3b0f8b61490920ab290677eb3dc8,output,fake,sovits,anime_energetic_idol_041_069_Palle Kanneru Peduthundo.mp3.wav,241,10
47fdd9cda60dc5802f0acb21df56180c,output,fake,sovits,anime_energetic_idol_041_069_Palle Kanneru Peduthundo.mp3.wav,242,10
7619e49c3351e1d607b2a87a91e103e9,output,fake,sovits,anime_energetic_idol_041_069_Palle Kanneru Peduthundo.mp3.wav,243,10
a05984b583bd3646ae3f14d577468699,output,fake,sovits,anime_energetic_idol_041_069_Palle Kanneru Peduthundo.mp3.wav,244,10
083dbbec83d9f2cd6095a9c5651cecc8,output,fake,sovits,anime_energetic_idol_041_069_Palle Kanneru Peduthundo.mp3.wav,245,10
aaa228d93f95d5fd90ba2d78dca89a13,output,fake,sovits,anime_energetic_idol_041_069_Palle Kanneru Peduthundo.mp3.wav,246,10
73eb6bf728c7218a3f70a966f4f31bec,output,fake,sovits,anime_energetic_idol_041_069_Palle Kanneru Peduthundo.mp3.wav,247,10
5151b888b2d769714e76f87284e9e774,output,fake,sovits,anime_energetic_idol_041_069_Palle Kanneru Peduthundo.mp3.wav,248,10
1986ef54c90d26a73580d0c896f6b231,output,fake,sovits,anime_energetic_idol_041_069_Palle Kanneru Peduthundo.mp3.wav,249,10
098a0aab00c6ec6a3873b83629e44670,output,fake,sovits,anime_energetic_idol_041_069_Palle Kanneru Peduthundo.mp3.wav,250,10
84ee2a279ebd7094e23f19de21a62c30,output,fake,sovits,anime_energetic_idol_041_069_Palle Kanneru Peduthundo.mp3.wav,251,10
5cd7d0b4f19066f0ccbe576b810fc737,output,fake,sovits,anime_energetic_idol_041_069_Palle Kanneru Peduthundo.mp3.wav,252,10
048aecdd5a048085a4385b435c8b788e,output,fake,sovits,anime_energetic_idol_041_069_Palle Kanneru Peduthundo.mp3.wav,253,10
6cf4f09b221ff9c641cd0334e12f2529,output,fake,sovits,anime_energetic_idol_041_069_Palle Kanneru Peduthundo.mp3.wav,254,10
0ae5a3834e01b1c5e3d57c24600fa43f,output,fake,sovits,anime_energetic_idol_041_069_Palle Kanneru Peduthundo.mp3.wav,255,10
589ee151d5115ce4df46bce068740d4e,output,fake,sovits,anime_energetic_idol_041_069_Palle Kanneru Peduthundo.mp3.wav,256,10
fe7eef871ad26160c862335753d7ce10,output,fake,sovits,anime_energetic_idol_041_069_Palle Kanneru Peduthundo.mp3.wav,257,10
36a393d54a0bca7d8804c1305b927240,output,fake,sovits,anime_energetic_idol_041_069_Palle Kanneru Peduthundo.mp3.wav,258,10
4c1846c426bec67877b320d5ec91a354,output,fake,sovits,anime_energetic_idol_041_069_Palle Kanneru Peduthundo.mp3.wav,259,10
4971405a57ca1d73a852d07078f98645,output,fake,sovits,anime_energetic_idol_041_069_Palle Kanneru Peduthundo.mp3.wav,260,10
77ffe804fb2e857a6e264a07a1de9618,output,fake,sovits,anime_energetic_idol_041_069_Palle Kanneru Peduthundo.mp3.wav,261,10
ec7a4d5c87dfa2fe8659903c752f052b,output,fake,sovits,anime_energetic_idol_041_069_Palle Kanneru Peduthundo.mp3.wav,262,10
6610f81f9919eb8df0782fb00b0734a4,output,fake,sovits,anime_energetic_idol_041_069_Palle Kanneru Peduthundo.mp3.wav,263,10
f7f31ec53549cb593f0b75e531775c8d,output,fake,sovits,anime_energetic_idol_041_069_Palle Kanneru Peduthundo.mp3.wav,264,10
f9403157bc28f28456500ac2fc3d7cd9,output,fake,sovits,anime_energetic_idol_041_069_Palle Kanneru Peduthundo.mp3.wav,265,10
6e2f2fecfa9ad823b8c916d7d45f3139,output,fake,sovits,anime_energetic_idol_041_069_Palle Kanneru Peduthundo.mp3.wav,266,10
6af39bbcc49e37a30a178990fd2caa23,output,fake,sovits,anime_energetic_idol_041_069_Palle Kanneru Peduthundo.mp3.wav,267,10
f7de5d68084a5a8a4b57badc30a8497c,output,fake,sovits,anime_energetic_idol_041_069_Palle Kanneru Peduthundo.mp3.wav,268,10
c3034fbe2788cad0ef0db33925c58550,output,fake,sovits,anime_energetic_idol_041_069_Palle Kanneru Peduthundo.mp3.wav,269,10
a9833155d94c82a2bbc5cbe4ba7a8880,output,fake,sovits,anime_energetic_idol_041_069_Palle Kanneru Peduthundo.mp3.wav,270,10
f71b57c246c3de5f33132ae7d08518d8,output,fake,sovits,anime_energetic_idol_041_069_Palle Kanneru Peduthundo.mp3.wav,271,10
8c53844ccf84429bb62ed1c8de60cb5e,output,fake,sovits,anime_energetic_idol_041_069_Palle Kanneru Peduthundo.mp3.wav,272,10
6cd3a1092635df1b7fb56acc9b2d37af,output,fake,sovits,anime_energetic_idol_041_069_Palle Kanneru Peduthundo.mp3.wav,273,10
bf6e1857fa1f050b0220a109fd153d6a,output,fake,sovits,anime_energetic_idol_041_069_Palle Kanneru Peduthundo.mp3.wav,274,10
6a5918d427e8c42955d5665512036ec8,output,fake,sovits,anime_energetic_idol_041_069_Palle Kanneru Peduthundo.mp3.wav,275,10
e0942ec031b8bb643929b0f89481b3ab,output,fake,sovits,anime_energetic_idol_041_069_Palle Kanneru Peduthundo.mp3.wav,276,10
5f0f3dc468bb9acff70da19843024480,output,fake,sovits,anime_energetic_idol_041_069_Palle Kanneru Peduthundo.mp3.wav,277,10
0773a5cf0f7c14ad6006f62b7b19286a,output,fake,sovits,anime_energetic_idol_041_069_Palle Kanneru Peduthundo.mp3.wav,278,10
793d3dff2aa4b7d01f1a25f47d0c10b1,output,fake,sovits,anime_energetic_idol_041_069_Palle Kanneru Peduthundo.mp3.wav,279,10
61b9db062669cacd4a2a33ef292fcddd,output,fake,sovits,anime_energetic_idol_041_069_Palle Kanneru Peduthundo.mp3.wav,280,10
d6e0daf86139dce80f31ee7a2455a202,output,fake,sovits,anime_soft_anime_042_074_Orugalluna Akshara Vruksham.mp3.wav,0,10
dea4d4de17d86d82e4c789f2cda7b065,output,fake,sovits,anime_soft_anime_042_074_Orugalluna Akshara Vruksham.mp3.wav,1,10
e3afed0ca3a7d44f00c89f391ba956b0,output,fake,sovits,anime_soft_anime_042_074_Orugalluna Akshara Vruksham.mp3.wav,2,10
db1b8a5e0925e01fe7d1501023a7016c,output,fake,sovits,anime_soft_anime_042_074_Orugalluna Akshara Vruksham.mp3.wav,3,10
d9e4fc523dc438be4dcea2b887b9c718,output,fake,sovits,anime_soft_anime_042_074_Orugalluna Akshara Vruksham.mp3.wav,4,10
f772f3cb0af69a16d9f642942c6f5226,output,fake,sovits,anime_soft_anime_042_074_Orugalluna Akshara Vruksham.mp3.wav,5,10
9418564b941c29e74e846de01b889299,output,fake,sovits,anime_soft_anime_042_074_Orugalluna Akshara Vruksham.mp3.wav,6,10
d5e8456b35a66649afd7139f0bfe77a6,output,fake,sovits,anime_soft_anime_042_074_Orugalluna Akshara Vruksham.mp3.wav,7,10
a2c2e21d73d2d8fb9f1b3a090ef3d2f4,output,fake,sovits,anime_soft_anime_042_074_Orugalluna Akshara Vruksham.mp3.wav,8,10
50e068d932dde3240a6cff4c4da72d52,output,fake,sovits,anime_soft_anime_042_074_Orugalluna Akshara Vruksham.mp3.wav,9,10
7cc8ea001e49429afacbdc7fe6a31db7,output,fake,sovits,anime_soft_anime_042_074_Orugalluna Akshara Vruksham.mp3.wav,10,10
c5c9b08464bc6f0befbc0033008a952e,output,fake,sovits,anime_soft_anime_042_074_Orugalluna Akshara Vruksham.mp3.wav,11,10
3b157bf6d25712876d81be256feb0092,output,fake,sovits,anime_soft_anime_042_074_Orugalluna Akshara Vruksham.mp3.wav,12,10
38ba3324d0c7353ce0a484e96c10a853,output,fake,sovits,anime_soft_anime_042_074_Orugalluna Akshara Vruksham.mp3.wav,13,10
1f6fa4e9e7ca8443234cb09ac3bd8234,output,fake,sovits,anime_soft_anime_042_074_Orugalluna Akshara Vruksham.mp3.wav,14,10
fa744013ffb7e6a532d1e40056ed6087,output,fake,sovits,anime_soft_anime_042_074_Orugalluna Akshara Vruksham.mp3.wav,15,10
ae8c80368bb5b2e5805fd8c936c8b9ca,output,fake,sovits,anime_soft_anime_042_074_Orugalluna Akshara Vruksham.mp3.wav,16,10
ca2fbaf901822ce607710bc68b939a99,output,fake,sovits,anime_soft_anime_042_074_Orugalluna Akshara Vruksham.mp3.wav,17,10
95895d104907e4f63bbd43c71a64af74,output,fake,sovits,anime_soft_anime_042_074_Orugalluna Akshara Vruksham.mp3.wav,18,10
b9d795d4f9bb36ec351282d2fd345832,output,fake,sovits,anime_soft_anime_042_074_Orugalluna Akshara Vruksham.mp3.wav,19,10
ef6e5633dbb59d8f725589edec8ed49d,output,fake,sovits,anime_kawaii_girl_043_075_Melukonna Telangana Chudara.mp3.wav,0,10
3479feaa72040e66d205e26835c1944c,output,fake,sovits,anime_kawaii_girl_043_075_Melukonna Telangana Chudara.mp3.wav,1,10
c7900fe4a521e5ab71b979263fd11316,output,fake,sovits,anime_kawaii_girl_043_075_Melukonna Telangana Chudara.mp3.wav,2,10
e7c1535103819d96d75063f6a365f820,output,fake,sovits,anime_kawaii_girl_043_075_Melukonna Telangana Chudara.mp3.wav,3,10
bfe5be124c4e03b243e05384b6b2e110,output,fake,sovits,anime_kawaii_girl_043_075_Melukonna Telangana Chudara.mp3.wav,4,10
09bb3b84fb0c5e22447e2636f35bc7b7,output,fake,sovits,anime_kawaii_girl_043_075_Melukonna Telangana Chudara.mp3.wav,5,10
13c953d4048963f7d3f2a0ea600a50a4,output,fake,sovits,anime_kawaii_girl_043_075_Melukonna Telangana Chudara.mp3.wav,6,10
63fd5310e2ae9b417e43b60942d9a083,output,fake,sovits,anime_kawaii_girl_043_075_Melukonna Telangana Chudara.mp3.wav,7,10
362ae5c6eb81cfc6e832ad2bfb5ad877,output,fake,sovits,anime_kawaii_girl_043_075_Melukonna Telangana Chudara.mp3.wav,8,10
7aee9d64c698082efd4d8f7d2e8b94fe,output,fake,sovits,anime_kawaii_girl_043_075_Melukonna Telangana Chudara.mp3.wav,9,10
f7e62607debb2ad170e6c77eec8be5be,output,fake,sovits,anime_kawaii_girl_043_075_Melukonna Telangana Chudara.mp3.wav,10,10
7af27f7b9a9f54773db19043c8494e8d,output,fake,sovits,anime_kawaii_girl_043_075_Melukonna Telangana Chudara.mp3.wav,11,10
d0205b1f08211cc99d9349c145676515,output,fake,sovits,anime_kawaii_girl_043_075_Melukonna Telangana Chudara.mp3.wav,12,10
085fcc0af32b3e868b9b2e4bab08141b,output,fake,sovits,anime_kawaii_girl_043_075_Melukonna Telangana Chudara.mp3.wav,13,10
05fb42dd4f27b31bda05c61afa6777f9,output,fake,sovits,anime_kawaii_girl_043_075_Melukonna Telangana Chudara.mp3.wav,14,10
ebf3bd753203b6e240538917cfda4a54,output,fake,sovits,anime_kawaii_girl_043_075_Melukonna Telangana Chudara.mp3.wav,15,10
54d97a7ba688cb212f248b039c54fb64,output,fake,sovits,anime_kawaii_girl_043_075_Melukonna Telangana Chudara.mp3.wav,16,10
bd4c306fc97de103eb565082050b85f7,output,fake,sovits,anime_kawaii_girl_043_075_Melukonna Telangana Chudara.mp3.wav,17,10
7238fadfb826beda2476ef0df6c4f928,output,fake,sovits,anime_kawaii_girl_043_075_Melukonna Telangana Chudara.mp3.wav,18,10
ff1848013530d53a9b5fe22badfb273f,output,fake,sovits,anime_kawaii_girl_043_075_Melukonna Telangana Chudara.mp3.wav,19,10
db40ac42432f6d8bfd7098b25fafe5ef,output,fake,sovits,anime_kawaii_girl_043_075_Melukonna Telangana Chudara.mp3.wav,20,10
c32a8666edeb6e635d96ac7e0d4f4582,output,fake,sovits,anime_kawaii_girl_043_075_Melukonna Telangana Chudara.mp3.wav,21,10
306130fbac177ba6db6297c818797bca,output,fake,sovits,anime_kawaii_girl_043_075_Melukonna Telangana Chudara.mp3.wav,22,10
b63aefec7ae16044fb1e7400cd8c68fc,output,fake,sovits,anime_kawaii_girl_043_075_Melukonna Telangana Chudara.mp3.wav,23,10
39faca02c65a5b701c489ec9c99e8c89,output,fake,sovits,anime_kawaii_girl_043_075_Melukonna Telangana Chudara.mp3.wav,24,10
0451b5d27476ef8b0ab49a09e628553d,output,fake,sovits,anime_kawaii_girl_043_075_Melukonna Telangana Chudara.mp3.wav,25,10
ed86527d520f9036f6496137e0da8eda,output,fake,sovits,anime_kawaii_girl_043_075_Melukonna Telangana Chudara.mp3.wav,26,10
6e9a0ca630804ac11104b6e9af71555f,output,fake,sovits,anime_kawaii_girl_043_075_Melukonna Telangana Chudara.mp3.wav,27,10
31b5560852cb07cf3391094fc1e4efdb,output,fake,sovits,anime_kawaii_girl_043_075_Melukonna Telangana Chudara.mp3.wav,28,10
5fc344f78dc7627ad7a5433cb9eb3f66,output,fake,sovits,anime_kawaii_girl_043_075_Melukonna Telangana Chudara.mp3.wav,29,10
97a4c6d9d4341888e9ddc0bf3b79169e,output,fake,sovits,anime_kawaii_girl_043_075_Melukonna Telangana Chudara.mp3.wav,30,10
7b59dfa89610f93c02318dbc72cb8fda,output,fake,sovits,anime_kawaii_girl_043_075_Melukonna Telangana Chudara.mp3.wav,31,10
74ff8829cc14dcf71c63c8be95ceedc1,output,fake,sovits,anime_kawaii_girl_043_075_Melukonna Telangana Chudara.mp3.wav,32,10
4fe0b1937adbf808b7a51b8950339987,output,fake,sovits,anime_kawaii_girl_043_075_Melukonna Telangana Chudara.mp3.wav,33,10
bc872e16fbfad2c149f339285c42081f,output,fake,sovits,anime_kawaii_girl_043_075_Melukonna Telangana Chudara.mp3.wav,34,10
b70c4c59b2921ac20aa1e874b9cf0191,output,fake,sovits,anime_kawaii_girl_043_075_Melukonna Telangana Chudara.mp3.wav,35,10
c37a7ed7cc3ccf1a6e98b1699ccf0718,output,fake,sovits,anime_kawaii_girl_043_075_Melukonna Telangana Chudara.mp3.wav,36,10
2c661e75429083f0955faf5370565538,output,fake,sovits,anime_kawaii_girl_043_075_Melukonna Telangana Chudara.mp3.wav,37,10
169a5597187555547e1bb064b6def24f,output,fake,sovits,anime_kawaii_girl_043_075_Melukonna Telangana Chudara.mp3.wav,38,10
4346f9ebf648a23567b903f36fb7a64b,output,fake,sovits,anime_kawaii_girl_043_075_Melukonna Telangana Chudara.mp3.wav,39,10
04b77cf3a92ee1843b62706e6bc8c89d,output,fake,sovits,anime_kawaii_girl_043_075_Melukonna Telangana Chudara.mp3.wav,40,10
d381b5c254cd1226482e65b2e2d0a98d,output,fake,sovits,anime_kawaii_girl_043_075_Melukonna Telangana Chudara.mp3.wav,41,10
203d6e15080e254201dd392f02b7d4fc,output,fake,sovits,anime_kawaii_girl_043_075_Melukonna Telangana Chudara.mp3.wav,42,10
19ed40532dbe09989fe393b6fa779e21,output,fake,sovits,anime_kawaii_girl_043_075_Melukonna Telangana Chudara.mp3.wav,43,10
810f8f027160184cfb3aa2cde903e04e,output,fake,sovits,anime_kawaii_girl_043_075_Melukonna Telangana Chudara.mp3.wav,44,10
8af1fd1520ae1a929e0da46d1a7bd8dd,output,fake,sovits,anime_kawaii_girl_043_075_Melukonna Telangana Chudara.mp3.wav,45,10
b0459d88a740d359a8b581855f40fa50,output,fake,sovits,anime_kawaii_girl_043_075_Melukonna Telangana Chudara.mp3.wav,46,10
440ce272257aefefb61d9f67544a6352,output,fake,sovits,anime_kawaii_girl_043_075_Melukonna Telangana Chudara.mp3.wav,47,10
bf741f3b0086e7b68ee9bbe03f232453,output,fake,sovits,anime_kawaii_girl_043_075_Melukonna Telangana Chudara.mp3.wav,48,10
a3bb0bf22424e9bd83a5927b36bb057f,output,fake,sovits,anime_kawaii_girl_043_075_Melukonna Telangana Chudara.mp3.wav,49,10
0532933b0582b2213d9f9a992389db20,output,fake,sovits,anime_kawaii_girl_043_075_Melukonna Telangana Chudara.mp3.wav,50,10
493b7dd5fb3ce8d78aa9edb6e5310e0d,output,fake,sovits,anime_kawaii_girl_043_075_Melukonna Telangana Chudara.mp3.wav,51,10
fd91481dc927ab169eb20366783a2e0e,output,fake,sovits,anime_kawaii_girl_043_075_Melukonna Telangana Chudara.mp3.wav,52,10
03446c2f776c02279b401f0009cb8185,output,fake,sovits,anime_kawaii_girl_043_075_Melukonna Telangana Chudara.mp3.wav,53,10
935f930a7bcc7402a71cc252c175775c,output,fake,sovits,anime_kawaii_girl_043_075_Melukonna Telangana Chudara.mp3.wav,54,10
acdc787ffdd0ca4e464bee23bef978f7,output,fake,sovits,anime_kawaii_girl_043_075_Melukonna Telangana Chudara.mp3.wav,55,10
8cb9ada60866e6ea238d3bd143c42254,output,fake,sovits,anime_kawaii_girl_043_075_Melukonna Telangana Chudara.mp3.wav,56,10
a0967deec56c44a18939a918b093c225,output,fake,sovits,anime_kawaii_girl_043_075_Melukonna Telangana Chudara.mp3.wav,57,10
b6a2fe8b53dbb4ab918a6640671363f4,output,fake,sovits,anime_kawaii_girl_043_075_Melukonna Telangana Chudara.mp3.wav,58,10
fbb637db4f0a7040d3fdec5ff7a2b773,output,fake,sovits,anime_kawaii_girl_043_075_Melukonna Telangana Chudara.mp3.wav,59,10
2d31d3add815aff39aebb57ee0c6ca97,output,fake,sovits,anime_kawaii_girl_043_075_Melukonna Telangana Chudara.mp3.wav,60,10
a09e806d4fa5e7f3fde799ff24836e38,output,fake,sovits,anime_kawaii_girl_043_075_Melukonna Telangana Chudara.mp3.wav,61,10
43dac04208699ecf1cc143bf7330c809,output,fake,sovits,anime_kawaii_girl_043_075_Melukonna Telangana Chudara.mp3.wav,62,10
11165e2176c2b766052d7d5b2c4e570c,output,fake,sovits,anime_kawaii_girl_043_075_Melukonna Telangana Chudara.mp3.wav,63,10
54a93660e0911ba62ea1caea23c48673,output,fake,sovits,anime_kawaii_girl_043_075_Melukonna Telangana Chudara.mp3.wav,64,10
cd64e8af20cae0666bd0ce7c321124c5,output,fake,sovits,anime_kawaii_girl_043_075_Melukonna Telangana Chudara.mp3.wav,65,10
c860f415cf234a89930f383dd7937186,output,fake,sovits,anime_kawaii_girl_043_075_Melukonna Telangana Chudara.mp3.wav,66,10
6e20a0a541eee0c1a458e732348b7a4d,output,fake,sovits,anime_kawaii_girl_043_075_Melukonna Telangana Chudara.mp3.wav,67,10
eeb58e0eb70513ce1e3554538e879311,output,fake,sovits,anime_kawaii_girl_043_075_Melukonna Telangana Chudara.mp3.wav,68,10
94723b7d4710f77910388e8c21a98903,output,fake,sovits,anime_kawaii_girl_043_075_Melukonna Telangana Chudara.mp3.wav,69,10
387444e4056cb275bfc05a3923142353,output,fake,sovits,anime_kawaii_girl_043_075_Melukonna Telangana Chudara.mp3.wav,70,10
23cec17ee0c67b258276c9f293d1228c,output,fake,sovits,anime_kawaii_girl_043_075_Melukonna Telangana Chudara.mp3.wav,71,10
bbc2f630ce94c9e5bd88dd055b7c2adf,output,fake,sovits,anime_kawaii_girl_043_075_Melukonna Telangana Chudara.mp3.wav,72,10
6215b4c2f5281229209a2e0a9841ed80,output,fake,sovits,anime_kawaii_girl_043_075_Melukonna Telangana Chudara.mp3.wav,73,10
820277f568330c5ce224b00c3e483530,output,fake,sovits,anime_kawaii_girl_043_075_Melukonna Telangana Chudara.mp3.wav,74,10
f44438f8d73c14d46ea98e3af1bfabd5,output,fake,sovits,anime_kawaii_girl_043_075_Melukonna Telangana Chudara.mp3.wav,75,10
4dadcdf63aed15a09282fa7182488e15,output,fake,sovits,anime_kawaii_girl_043_075_Melukonna Telangana Chudara.mp3.wav,76,10
9c27ee4bac414af77ebf7b3636cb6fa8,output,fake,sovits,anime_kawaii_girl_043_075_Melukonna Telangana Chudara.mp3.wav,77,10
72be9b55c8cae17a26e94e2d55d60242,output,fake,sovits,anime_kawaii_girl_043_075_Melukonna Telangana Chudara.mp3.wav,78,10
b8909eafa1d7b7737fba125effe58979,output,fake,sovits,anime_kawaii_girl_043_075_Melukonna Telangana Chudara.mp3.wav,79,10
20436b44b5776c62aa6ad0d2f98b60d1,output,fake,sovits,anime_kawaii_girl_043_075_Melukonna Telangana Chudara.mp3.wav,80,10
a63c1990006c813b54e163f3ff5e079f,output,fake,sovits,anime_kawaii_girl_043_075_Melukonna Telangana Chudara.mp3.wav,81,10
92e343cacf00f84ae78b7c2d15455ae4,output,fake,sovits,anime_kawaii_girl_043_075_Melukonna Telangana Chudara.mp3.wav,82,10
4458e661abd7784683367a7e0ab7ee98,output,fake,sovits,anime_kawaii_girl_043_075_Melukonna Telangana Chudara.mp3.wav,83,10
b00acbeef3697162c7a001ae7b2ae4c3,output,fake,sovits,anime_kawaii_girl_043_075_Melukonna Telangana Chudara.mp3.wav,84,10
bd18e0e0b4eb162cde15ce85604770c9,output,fake,sovits,anime_kawaii_girl_043_075_Melukonna Telangana Chudara.mp3.wav,85,10
22f2658e9357c08c5165fd82a4174917,output,fake,sovits,anime_kawaii_girl_043_075_Melukonna Telangana Chudara.mp3.wav,86,10
877505439ea7fd934bab75c36197370b,output,fake,sovits,anime_kawaii_girl_043_075_Melukonna Telangana Chudara.mp3.wav,87,10
a16bd1d60a81f42300bdb92041c45ec6,output,fake,sovits,anime_kawaii_girl_043_075_Melukonna Telangana Chudara.mp3.wav,88,10
babcc96a889f12b314633f5816334193,output,fake,sovits,anime_kawaii_girl_043_075_Melukonna Telangana Chudara.mp3.wav,89,10
5f1c395474f323b846a56591973cdd12,output,fake,sovits,anime_kawaii_girl_043_075_Melukonna Telangana Chudara.mp3.wav,90,10
f846a0401d8311eb3bd9ab07afd307b9,output,fake,sovits,anime_kawaii_girl_043_075_Melukonna Telangana Chudara.mp3.wav,91,10
e571ada4cc80160814fee5b918d1d2f7,output,fake,sovits,anime_kawaii_girl_043_075_Melukonna Telangana Chudara.mp3.wav,92,10
e0eaf2813300d867413a856717e659a5,output,fake,sovits,anime_kawaii_girl_043_075_Melukonna Telangana Chudara.mp3.wav,93,10
d38fb42d40b625217ffac836c11ada36,output,fake,sovits,anime_kawaii_girl_043_075_Melukonna Telangana Chudara.mp3.wav,94,10
4a215c7db97419f491a2b700e0b10e39,output,fake,sovits,anime_kawaii_girl_043_075_Melukonna Telangana Chudara.mp3.wav,95,10
efdc5cae94cde44a20d864a439b1a4c7,output,fake,sovits,anime_kawaii_girl_043_075_Melukonna Telangana Chudara.mp3.wav,96,10
992dbe99bfc6a5aca8835fecd8bd4da6,output,fake,sovits,anime_kawaii_girl_043_075_Melukonna Telangana Chudara.mp3.wav,97,10
4439898f3d53f93d26ae3c5bb0e899a7,output,fake,sovits,anime_kawaii_girl_043_075_Melukonna Telangana Chudara.mp3.wav,98,10
31320a60878934b300058009602a4789,output,fake,sovits,anime_kawaii_girl_043_075_Melukonna Telangana Chudara.mp3.wav,99,10
2c68555b5955fe356b708c4ca5a6308e,output,fake,sovits,anime_kawaii_girl_043_075_Melukonna Telangana Chudara.mp3.wav,100,10
397734030d64a5af41bf7105458f2ec6,output,fake,sovits,anime_kawaii_girl_043_075_Melukonna Telangana Chudara.mp3.wav,101,10
84f9f1e84d71d8ccd23806826e9e7625,output,fake,sovits,anime_kawaii_girl_043_075_Melukonna Telangana Chudara.mp3.wav,102,10
22dce6b3422710c7d1e99788650572df,output,fake,sovits,anime_kawaii_girl_043_075_Melukonna Telangana Chudara.mp3.wav,103,10
be2972b67272d52dfc223b8455ddeca8,output,fake,sovits,anime_kawaii_girl_043_075_Melukonna Telangana Chudara.mp3.wav,104,10
3af277144c67051cba66c2f92a4e2f36,output,fake,sovits,anime_kawaii_girl_043_075_Melukonna Telangana Chudara.mp3.wav,105,10
7c21fdf84b8b4193c42077e1b9989c6e,output,fake,sovits,anime_kawaii_girl_043_075_Melukonna Telangana Chudara.mp3.wav,106,10
0882b2ca4ebb246e1ced9bb5ec6f6976,output,fake,sovits,anime_kawaii_girl_043_075_Melukonna Telangana Chudara.mp3.wav,107,10
826df76dd69b5881e3c668b556799793,output,fake,sovits,anime_kawaii_girl_043_075_Melukonna Telangana Chudara.mp3.wav,108,10
302eeb4d9cfdf52b86b311c0c48cb590,output,fake,sovits,anime_kawaii_girl_043_075_Melukonna Telangana Chudara.mp3.wav,109,10
f74675a56c4f83c9fbead2a4075be659,output,fake,sovits,anime_kawaii_girl_043_075_Melukonna Telangana Chudara.mp3.wav,110,10
fa812561bd0e3f018707f779fa00c711,output,fake,sovits,anime_kawaii_girl_043_075_Melukonna Telangana Chudara.mp3.wav,111,10
a280795e68e71ea1acb1fe0bc6f94fb0,output,fake,sovits,anime_kawaii_girl_043_075_Melukonna Telangana Chudara.mp3.wav,112,10
4c0feab36c33d3f7491205ca9fecc17c,output,fake,sovits,anime_kawaii_girl_043_075_Melukonna Telangana Chudara.mp3.wav,113,10
6734485a08109bac128d3fa2fd023247,output,fake,sovits,anime_kawaii_girl_043_075_Melukonna Telangana Chudara.mp3.wav,114,10
5fd0f459e43c5bbf50ce0d6e2ca2f77b,output,fake,sovits,anime_kawaii_girl_043_075_Melukonna Telangana Chudara.mp3.wav,115,10
58f104a361317adfde887f81a0e69464,output,fake,sovits,anime_kawaii_girl_043_075_Melukonna Telangana Chudara.mp3.wav,116,10
49c349ff7007d7b3f1e2448ad3a18ae7,output,fake,sovits,anime_kawaii_girl_043_075_Melukonna Telangana Chudara.mp3.wav,117,10
18ce77f100acbd4e987feffc8611baf7,output,fake,sovits,anime_kawaii_girl_043_075_Melukonna Telangana Chudara.mp3.wav,118,10
73c70b23f9d4847ff79c8003f79073d7,output,fake,sovits,anime_kawaii_girl_043_075_Melukonna Telangana Chudara.mp3.wav,119,10
8a6c9f8752ee87208bd32ba41e8b973b,output,fake,sovits,anime_kawaii_girl_043_075_Melukonna Telangana Chudara.mp3.wav,120,10
89c9925606957d80108d2af186d39665,output,fake,sovits,anime_kawaii_girl_043_075_Melukonna Telangana Chudara.mp3.wav,121,10
d09098aa8ed70b48d3407f0dc9a681c1,output,fake,sovits,anime_kawaii_girl_043_075_Melukonna Telangana Chudara.mp3.wav,122,10
eb6661239824b56da1e8430945e63fdb,output,fake,sovits,anime_kawaii_girl_043_075_Melukonna Telangana Chudara.mp3.wav,123,10
c0dbd81ccde9715e06100e792c66938d,output,fake,sovits,anime_kawaii_girl_043_075_Melukonna Telangana Chudara.mp3.wav,124,10
337618329a011514f9f4e141518b1be6,output,fake,sovits,anime_kawaii_girl_043_075_Melukonna Telangana Chudara.mp3.wav,125,10
6cbc0d798ae8c0682ecec659db07f78e,output,fake,sovits,anime_kawaii_girl_043_075_Melukonna Telangana Chudara.mp3.wav,126,10
30823f5e1d643158b07d164337533e77,output,fake,sovits,anime_kawaii_girl_043_075_Melukonna Telangana Chudara.mp3.wav,127,10
50eb60d25413cb9942f4a8d7d0787554,output,fake,sovits,anime_kawaii_girl_043_075_Melukonna Telangana Chudara.mp3.wav,128,10
088c1516112ca9f8c35d6d2ed87caa86,output,fake,sovits,anime_kawaii_girl_043_075_Melukonna Telangana Chudara.mp3.wav,129,10
d3bf62b9fa81811f4d07307707c60759,output,fake,sovits,anime_kawaii_girl_043_075_Melukonna Telangana Chudara.mp3.wav,130,10
63ec375dbf37dbe5b622fed2754d86d1,output,fake,sovits,anime_kawaii_girl_043_075_Melukonna Telangana Chudara.mp3.wav,131,10
bceab3907d80b7b20db602cca802d58b,output,fake,sovits,anime_kawaii_girl_043_075_Melukonna Telangana Chudara.mp3.wav,132,10
e4dfbd6854327468a544f17144773ee4,output,fake,sovits,anime_kawaii_girl_043_075_Melukonna Telangana Chudara.mp3.wav,133,10
b99b12d37bb49a5a6f1923989fc44c76,output,fake,sovits,anime_kawaii_girl_043_075_Melukonna Telangana Chudara.mp3.wav,134,10
986161f7e42c6f46e28a56dcc74a3082,output,fake,sovits,anime_kawaii_girl_043_075_Melukonna Telangana Chudara.mp3.wav,135,10
ee38eaa76f48dbfc102f83308da43efb,output,fake,sovits,anime_kawaii_girl_043_075_Melukonna Telangana Chudara.mp3.wav,136,10
487b5853527f1176bcb0aa11dece4db0,output,fake,sovits,anime_kawaii_girl_043_075_Melukonna Telangana Chudara.mp3.wav,137,10
5df5da5e1cef8e4952548aa579659537,output,fake,sovits,anime_kawaii_girl_043_075_Melukonna Telangana Chudara.mp3.wav,138,10
b07530430305a8537f19d65a9fbb7645,output,fake,sovits,anime_kawaii_girl_043_075_Melukonna Telangana Chudara.mp3.wav,139,10
df5e096699ae32c6b2b18b20df176ede,output,fake,sovits,anime_kawaii_girl_043_075_Melukonna Telangana Chudara.mp3.wav,140,10
265ee53bea7751d7ad5cf50762b3f3ff,output,fake,sovits,anime_kawaii_girl_043_075_Melukonna Telangana Chudara.mp3.wav,141,10
c090b66fabd9144a424e33464eac2acf,output,fake,sovits,anime_kawaii_girl_043_075_Melukonna Telangana Chudara.mp3.wav,142,10
4550e9fcd91a32f2261827d34281cbbc,output,fake,sovits,anime_kawaii_girl_043_075_Melukonna Telangana Chudara.mp3.wav,143,10
9a0b0fe6191b8e8d40c8424e1bafb28b,output,fake,sovits,anime_kawaii_girl_043_075_Melukonna Telangana Chudara.mp3.wav,144,10
1eed7b3d1cfff8402a16783a72ebbe7b,output,fake,sovits,anime_kawaii_girl_043_075_Melukonna Telangana Chudara.mp3.wav,145,10
897afa941ebe5214dd7555fc17757dba,output,fake,sovits,anime_kawaii_girl_043_075_Melukonna Telangana Chudara.mp3.wav,146,10
efefa347820042afda0b3cd113cdacfb,output,fake,sovits,anime_kawaii_girl_043_075_Melukonna Telangana Chudara.mp3.wav,147,10
aa8047924fc46a35d1f7d7485e8d918d,output,fake,sovits,anime_kawaii_girl_043_075_Melukonna Telangana Chudara.mp3.wav,148,10
8a8359fe9d3804854ced1899607e0fb7,output,fake,sovits,anime_kawaii_girl_043_075_Melukonna Telangana Chudara.mp3.wav,149,10
fb5182d59236952595db364f770324f9,output,fake,sovits,anime_kawaii_girl_043_075_Melukonna Telangana Chudara.mp3.wav,150,10
5aa44c9a39e292bfb943d6b09b32cdb1,output,fake,sovits,anime_kawaii_girl_043_075_Melukonna Telangana Chudara.mp3.wav,151,10
ed3e8145fe4a60976fcf19ab1416f42b,output,fake,sovits,anime_kawaii_girl_043_075_Melukonna Telangana Chudara.mp3.wav,152,10
f9554e36e93e77ade590568bd140f474,output,fake,sovits,anime_kawaii_girl_043_075_Melukonna Telangana Chudara.mp3.wav,153,10
9d1d324e9a3d1913499eb2af92949096,output,fake,sovits,anime_kawaii_girl_043_075_Melukonna Telangana Chudara.mp3.wav,154,10
a4552cc0f2c1cf6287b87e0825954b2c,output,fake,sovits,anime_kawaii_girl_043_075_Melukonna Telangana Chudara.mp3.wav,155,10
1f705e092772cad2292c5bc0549b4862,output,fake,sovits,anime_kawaii_girl_043_075_Melukonna Telangana Chudara.mp3.wav,156,10
82d9dbd7138e0b14e44897731810fe2e,output,fake,sovits,anime_kawaii_girl_043_075_Melukonna Telangana Chudara.mp3.wav,157,10
ba44e213d700218e9c99c06ff5323809,output,fake,sovits,anime_kawaii_girl_043_075_Melukonna Telangana Chudara.mp3.wav,158,10
356de5c9c22ac0f2762efb8f1758f5c5,output,fake,sovits,anime_kawaii_girl_043_075_Melukonna Telangana Chudara.mp3.wav,159,10
56c5c2e1e360fde61cdfa95211f4853b,output,fake,sovits,anime_kawaii_girl_043_075_Melukonna Telangana Chudara.mp3.wav,160,10
0fb2f3aa4f52ce0cfe2f453f38a4dc8f,output,fake,sovits,anime_kawaii_girl_043_075_Melukonna Telangana Chudara.mp3.wav,161,10
02c225cef470756f9ce67361b4ab4761,output,fake,sovits,anime_kawaii_girl_043_075_Melukonna Telangana Chudara.mp3.wav,162,10
b3fa4547a03b363e2973c5272f285cfa,output,fake,sovits,anime_kawaii_girl_043_075_Melukonna Telangana Chudara.mp3.wav,163,10
66e82c34ef99df8085cb9420f7ac9b79,output,fake,sovits,anime_kawaii_girl_043_075_Melukonna Telangana Chudara.mp3.wav,164,10
2bae061e7ea6868dc43b51e45fa33870,output,fake,sovits,anime_kawaii_girl_043_075_Melukonna Telangana Chudara.mp3.wav,165,10
17eda29544a882e71f32c99f7351c555,output,fake,sovits,anime_kawaii_girl_043_075_Melukonna Telangana Chudara.mp3.wav,166,10
54c8d42741fac4587e71fa3c38f519c3,output,fake,sovits,anime_kawaii_girl_043_075_Melukonna Telangana Chudara.mp3.wav,167,10
1667fa00dfc5103513bf33748e9d1e64,output,fake,sovits,anime_kawaii_girl_043_075_Melukonna Telangana Chudara.mp3.wav,168,10
3682038edf623b932ec8f0f0addd82b3,output,fake,sovits,anime_kawaii_girl_043_075_Melukonna Telangana Chudara.mp3.wav,169,10
7f252ccd6f7796126bbf2e2502d23314,output,fake,sovits,anime_kawaii_girl_043_075_Melukonna Telangana Chudara.mp3.wav,170,10
13ecde0746944d584efcd46d0a8b0895,output,fake,sovits,anime_kawaii_girl_043_075_Melukonna Telangana Chudara.mp3.wav,171,10
1aab087212e516695ec29408e048a087,output,fake,sovits,anime_kawaii_girl_043_075_Melukonna Telangana Chudara.mp3.wav,172,10
3489a08c9b3fcee4d651bc0843ee2b35,output,fake,sovits,anime_kawaii_girl_043_075_Melukonna Telangana Chudara.mp3.wav,173,10
118efc8301eec2ea5ca531ac8164d7d9,output,fake,sovits,anime_kawaii_girl_043_075_Melukonna Telangana Chudara.mp3.wav,174,10
1d85bdc01e72eaf74ff7e8c8e95e21a2,output,fake,sovits,anime_kawaii_girl_043_075_Melukonna Telangana Chudara.mp3.wav,175,10
49c973936201b3632e5aad0ddd9a6501,output,fake,sovits,anime_kawaii_girl_043_075_Melukonna Telangana Chudara.mp3.wav,176,10
3fa58f2eb570b0fcf2a86e657ac55f5b,output,fake,sovits,anime_kawaii_girl_043_075_Melukonna Telangana Chudara.mp3.wav,177,10
2eab4ec0eb56c55544b048cdcedc4bc9,output,fake,sovits,anime_kawaii_girl_043_075_Melukonna Telangana Chudara.mp3.wav,178,10
ad87f1da01e3caa7a5551c113e9eedf2,output,fake,sovits,anime_kawaii_girl_043_075_Melukonna Telangana Chudara.mp3.wav,179,10
88f67de956870151fd386153947bc6f4,output,fake,sovits,anime_kawaii_girl_043_075_Melukonna Telangana Chudara.mp3.wav,180,10
fdae3102a46c0d249311d20729f2f67f,output,fake,sovits,anime_kawaii_girl_043_075_Melukonna Telangana Chudara.mp3.wav,181,10
ce7cfd8eb3f7184e78e0dc0bebb5fbf9,output,fake,sovits,anime_kawaii_girl_043_075_Melukonna Telangana Chudara.mp3.wav,182,10
ad58a70462c5de6de09965038bd8b63d,output,fake,sovits,anime_kawaii_girl_043_075_Melukonna Telangana Chudara.mp3.wav,183,10
b5140163e97e95573fba7ade87c24c31,output,fake,sovits,anime_kawaii_girl_043_075_Melukonna Telangana Chudara.mp3.wav,184,10
1a0695823047d14efde60d029a39f7e1,output,fake,sovits,anime_kawaii_girl_043_075_Melukonna Telangana Chudara.mp3.wav,185,10
6ac22be773f2b8a985a417b45f96d078,output,fake,sovits,anime_kawaii_girl_043_075_Melukonna Telangana Chudara.mp3.wav,186,10
b86d412b669957b5b73be533ec296f99,output,fake,sovits,anime_kawaii_girl_043_075_Melukonna Telangana Chudara.mp3.wav,187,10
692c4f5fd514e2ab51203f4ac9a961c1,output,fake,sovits,anime_kawaii_girl_043_075_Melukonna Telangana Chudara.mp3.wav,188,10
93e2b407ed1b740f5efbae29d00d7fb1,output,fake,sovits,anime_kawaii_girl_043_075_Melukonna Telangana Chudara.mp3.wav,189,10
27ba87a73a6b2ed82844c3cda126f6ec,output,fake,sovits,anime_kawaii_girl_043_075_Melukonna Telangana Chudara.mp3.wav,190,10
2fe522445de48d3beee37055ff40ea06,output,fake,sovits,anime_kawaii_girl_043_075_Melukonna Telangana Chudara.mp3.wav,191,10
40a68c52dc404c9bc56b4ca4c0ee6028,output,fake,sovits,anime_kawaii_girl_043_075_Melukonna Telangana Chudara.mp3.wav,192,10
b76db3c65ddeb03a4de25b8db18e130b,output,fake,sovits,anime_kawaii_girl_043_075_Melukonna Telangana Chudara.mp3.wav,193,10
88d76f39e38d77883924724fef020267,output,fake,sovits,anime_kawaii_girl_043_075_Melukonna Telangana Chudara.mp3.wav,194,10
80f6d87c9ab3459433884900772ce593,output,fake,sovits,anime_kawaii_girl_043_075_Melukonna Telangana Chudara.mp3.wav,195,10
f20f10071ca0868f5107bca5d572b341,output,fake,sovits,anime_kawaii_girl_043_075_Melukonna Telangana Chudara.mp3.wav,196,10
a5cc47f6722ae952e3e758fa855767a9,output,fake,sovits,anime_kawaii_girl_043_075_Melukonna Telangana Chudara.mp3.wav,197,10
83a37ed0a8b81c2304833542573a54d0,output,fake,sovits,anime_kawaii_girl_043_075_Melukonna Telangana Chudara.mp3.wav,198,10
c6561b9d6c161da6c75e78c90b533cab,output,fake,sovits,anime_kawaii_girl_043_075_Melukonna Telangana Chudara.mp3.wav,199,10
7bf2bb1f40390cc9a50f140675d89537,output,fake,sovits,anime_kawaii_girl_043_075_Melukonna Telangana Chudara.mp3.wav,200,10
97391fc71368e42774446b869eaae0ff,output,fake,sovits,anime_kawaii_girl_043_075_Melukonna Telangana Chudara.mp3.wav,201,10
1f6c35cca6c800306cd759dcf5d3dcbc,output,fake,sovits,anime_kawaii_girl_043_075_Melukonna Telangana Chudara.mp3.wav,202,10
799f54aeeb9cb2a15382bab1f3b13ee2,output,fake,sovits,anime_kawaii_girl_043_075_Melukonna Telangana Chudara.mp3.wav,203,10
2d833ea08436548d56baaf654e3a1304,output,fake,sovits,anime_kawaii_girl_043_075_Melukonna Telangana Chudara.mp3.wav,204,10
5be41a6a7145f05c8af6b3673415f1e8,output,fake,sovits,anime_kawaii_girl_043_075_Melukonna Telangana Chudara.mp3.wav,205,10
8eb6d53537845ccd25c3bced8507ab20,output,fake,sovits,anime_kawaii_girl_043_075_Melukonna Telangana Chudara.mp3.wav,206,10
ad74d134c586e934f3dc5c68c4fd345e,output,fake,sovits,anime_kawaii_girl_043_075_Melukonna Telangana Chudara.mp3.wav,207,10
eb9c37d3e0b93d81606c654e25242f1a,output,fake,sovits,anime_kawaii_girl_043_075_Melukonna Telangana Chudara.mp3.wav,208,10
c2433e04de2be48ee9b0916fdd210e71,output,fake,sovits,anime_kawaii_girl_043_075_Melukonna Telangana Chudara.mp3.wav,209,10
5915f7d2678d1feecf29153755418c97,output,fake,sovits,anime_kawaii_girl_043_075_Melukonna Telangana Chudara.mp3.wav,210,10
eb4065d24c3afd7dc523dd037fb7be11,output,fake,sovits,anime_kawaii_girl_043_075_Melukonna Telangana Chudara.mp3.wav,211,10
fb17e28b13cd9cb698e12fabfaf69676,output,fake,sovits,anime_kawaii_girl_043_075_Melukonna Telangana Chudara.mp3.wav,212,10
7181821954d25e073aed291c9a3440ff,output,fake,sovits,anime_kawaii_girl_043_075_Melukonna Telangana Chudara.mp3.wav,213,10
90462567a45b023f7b350634eb85f7e0,output,fake,sovits,anime_kawaii_girl_043_075_Melukonna Telangana Chudara.mp3.wav,214,10
2aed12626e1cd15ad071e81988c127a2,output,fake,sovits,anime_kawaii_girl_043_075_Melukonna Telangana Chudara.mp3.wav,215,10
741117bd9fb3f78f4b6de2cbf8883c6e,output,fake,sovits,anime_kawaii_girl_043_075_Melukonna Telangana Chudara.mp3.wav,216,10
bccb951a64936f462d37d06e4294493d,output,fake,sovits,anime_kawaii_girl_043_075_Melukonna Telangana Chudara.mp3.wav,217,10
b4891af0a6f1d138d5bee9d17ea9ff78,output,fake,sovits,anime_kawaii_girl_043_075_Melukonna Telangana Chudara.mp3.wav,218,10
33edda938e9e510ee1ec59034677f723,output,fake,sovits,anime_kawaii_girl_043_075_Melukonna Telangana Chudara.mp3.wav,219,10
c1fabf98dd7014d0aab3a90ccc099ed1,output,fake,sovits,anime_kawaii_girl_043_075_Melukonna Telangana Chudara.mp3.wav,220,10
a1d5e9a92e21742a00bc2da3c03811b8,output,fake,sovits,anime_kawaii_girl_043_075_Melukonna Telangana Chudara.mp3.wav,221,10
e79b6631a37320cb1859bb6521547dbe,output,fake,sovits,anime_kawaii_girl_043_075_Melukonna Telangana Chudara.mp3.wav,222,10
30a5e585f829df55f61ab19bac917ae5,output,fake,sovits,anime_kawaii_girl_043_075_Melukonna Telangana Chudara.mp3.wav,223,10
28c774d5285fad5ec6d11228867126db,output,fake,sovits,anime_kawaii_girl_043_075_Melukonna Telangana Chudara.mp3.wav,224,10
e2df07ce6a72d5bb594171517dd3a5c0,output,fake,sovits,anime_kawaii_girl_043_075_Melukonna Telangana Chudara.mp3.wav,225,10
472bceb186cec9d5fcfe361c19e6b564,output,fake,sovits,anime_kawaii_girl_043_075_Melukonna Telangana Chudara.mp3.wav,226,10
59af737004648f90fee422032ef176f7,output,fake,sovits,anime_kawaii_girl_043_075_Melukonna Telangana Chudara.mp3.wav,227,10
de24477a0f383ef94b5f86de9050f1bc,output,fake,sovits,anime_kawaii_girl_043_075_Melukonna Telangana Chudara.mp3.wav,228,10
97839305e03bb45a9a159192400a6977,output,fake,sovits,anime_kawaii_girl_043_075_Melukonna Telangana Chudara.mp3.wav,229,10
1674a00c8f77cf7c9c7df953f3ba7ac1,output,fake,sovits,anime_kawaii_girl_043_075_Melukonna Telangana Chudara.mp3.wav,230,10
6b8bb7ff453c1297f23aed99823ffb22,output,fake,sovits,anime_kawaii_girl_043_075_Melukonna Telangana Chudara.mp3.wav,231,10
40f8133f92af086c4976abde7315bdd5,output,fake,sovits,anime_kawaii_girl_043_075_Melukonna Telangana Chudara.mp3.wav,232,10
e82321c1c2a4eeb22cb2c2e34631cf55,output,fake,sovits,anime_kawaii_girl_043_075_Melukonna Telangana Chudara.mp3.wav,233,10
59ab8b3e8496cad98b6f1dd2a2494d41,output,fake,sovits,anime_kawaii_girl_043_075_Melukonna Telangana Chudara.mp3.wav,234,10
57f61dd122baeed46fd54db66359b935,output,fake,sovits,anime_kawaii_girl_043_075_Melukonna Telangana Chudara.mp3.wav,235,10
cc588695c2e64144b157af655523ffc0,output,fake,sovits,anime_kawaii_girl_043_075_Melukonna Telangana Chudara.mp3.wav,236,10
d073438df416433a99582169acd73a81,output,fake,sovits,anime_kawaii_girl_043_075_Melukonna Telangana Chudara.mp3.wav,237,10
5aba2a375f635c61731503603c34973f,output,fake,sovits,anime_kawaii_girl_043_075_Melukonna Telangana Chudara.mp3.wav,238,10
0c17d4ed2786c9bccf18f388cf9c1b2a,output,fake,sovits,anime_kawaii_girl_043_075_Melukonna Telangana Chudara.mp3.wav,239,10
29148a571839a2b09cecc0649a087446,output,fake,sovits,anime_kawaii_girl_043_075_Melukonna Telangana Chudara.mp3.wav,240,10
b3c1dba3106e9f758abb8823558c8ae5,output,fake,sovits,anime_kawaii_girl_043_075_Melukonna Telangana Chudara.mp3.wav,241,10
577332ef280cfcdb73d46c53cf6b9183,output,fake,sovits,anime_kawaii_girl_043_075_Melukonna Telangana Chudara.mp3.wav,242,10
445e14531e6a876b531371bad921778d,output,fake,sovits,anime_kawaii_girl_043_075_Melukonna Telangana Chudara.mp3.wav,243,10
2f00a2d954b22a440d365d75a103ad0a,output,fake,sovits,anime_kawaii_girl_043_075_Melukonna Telangana Chudara.mp3.wav,244,10
f9877141f311dcce3010d4465f82f14a,output,fake,sovits,anime_kawaii_girl_043_075_Melukonna Telangana Chudara.mp3.wav,245,10
dbabb0df52cb50311471c4e2601a55b9,output,fake,sovits,anime_kawaii_girl_043_075_Melukonna Telangana Chudara.mp3.wav,246,10
e99ac9b58705c83ca25292a46735f16d,output,fake,sovits,anime_kawaii_girl_043_075_Melukonna Telangana Chudara.mp3.wav,247,10
74d904e6cd88e8e4e9f826183140ed4f,output,fake,sovits,anime_kawaii_girl_043_075_Melukonna Telangana Chudara.mp3.wav,248,10
5ad8a4184b6b0e5ae0f64c5cffbad9c7,output,fake,sovits,anime_kawaii_girl_043_075_Melukonna Telangana Chudara.mp3.wav,249,10
95726ee429f636a0dd277f46a00ad928,output,fake,sovits,anime_kawaii_girl_043_075_Melukonna Telangana Chudara.mp3.wav,250,10
3a8f4e5fb297c62fe34e6eb820400bd1,output,fake,sovits,anime_kawaii_girl_043_075_Melukonna Telangana Chudara.mp3.wav,251,10
36194b062e4e39eda41e0d067d2ea2ba,output,fake,sovits,anime_kawaii_girl_043_075_Melukonna Telangana Chudara.mp3.wav,252,10
deb99297adbb08e84d3a388fa0f0f998,output,fake,sovits,anime_kawaii_girl_043_075_Melukonna Telangana Chudara.mp3.wav,253,10
f2163e4e5eac19be8f06f1e732566440,output,fake,sovits,anime_kawaii_girl_043_075_Melukonna Telangana Chudara.mp3.wav,254,10
a2261797a09d988fa3b321976cbd2104,output,fake,sovits,anime_kawaii_girl_043_075_Melukonna Telangana Chudara.mp3.wav,255,10
0ffd277bb1766843338873d406bc05f0,output,fake,sovits,anime_kawaii_girl_043_075_Melukonna Telangana Chudara.mp3.wav,256,10
2a07cd6fdaf5df52236f97e6b038154f,output,fake,sovits,anime_kawaii_girl_043_075_Melukonna Telangana Chudara.mp3.wav,257,10
a82eb383be2de9d2be723707dee004ee,output,fake,sovits,anime_kawaii_girl_043_075_Melukonna Telangana Chudara.mp3.wav,258,10
37fdc3cc1ae2e8c2030a0050603800e8,output,fake,sovits,anime_kawaii_girl_043_075_Melukonna Telangana Chudara.mp3.wav,259,10
6174bd93660cb845f70b09640987b528,output,fake,sovits,anime_kawaii_girl_043_075_Melukonna Telangana Chudara.mp3.wav,260,10
a5023c133fa3ada8daf8e4dca3cf8f2f,output,fake,sovits,anime_kawaii_girl_043_075_Melukonna Telangana Chudara.mp3.wav,261,10
63b30bbb573684efae4f14f986028158,output,fake,sovits,anime_kawaii_girl_043_075_Melukonna Telangana Chudara.mp3.wav,262,10
d058759d0163089c2b4c064c2e797cec,output,fake,sovits,anime_kawaii_girl_043_075_Melukonna Telangana Chudara.mp3.wav,263,10
bd0cbe5eb750fd1e5737054bc90f43e2,output,fake,sovits,anime_kawaii_girl_043_075_Melukonna Telangana Chudara.mp3.wav,264,10
275f7b9fb86bff74189821b22fe14df6,output,fake,sovits,anime_kawaii_girl_043_075_Melukonna Telangana Chudara.mp3.wav,265,10
3ba0846739a5902d346304ca03a88821,output,fake,sovits,anime_kawaii_girl_043_075_Melukonna Telangana Chudara.mp3.wav,266,10
d197565501d8a6cfc581ad069cbc5180,output,fake,sovits,anime_kawaii_girl_043_075_Melukonna Telangana Chudara.mp3.wav,267,10
408c2424c0a40e121cfd17b83eeb463c,output,fake,sovits,anime_kawaii_girl_043_075_Melukonna Telangana Chudara.mp3.wav,268,10
c4d1cae1e8422911e1579004e782bfa2,output,fake,sovits,anime_kawaii_girl_043_075_Melukonna Telangana Chudara.mp3.wav,269,10
b3fbe7961605538ae5e1d4d89916be42,output,fake,sovits,anime_kawaii_girl_043_075_Melukonna Telangana Chudara.mp3.wav,270,10
37814c4478577151f3473956d3ffa020,output,fake,sovits,anime_kawaii_girl_043_075_Melukonna Telangana Chudara.mp3.wav,271,10
c316674636bc705b86a6a3c754acd70e,output,fake,sovits,anime_kawaii_girl_043_075_Melukonna Telangana Chudara.mp3.wav,272,10
5145a00c05b52ac4c8f80d9dd93b9590,output,fake,sovits,anime_kawaii_girl_043_075_Melukonna Telangana Chudara.mp3.wav,273,10
2672bde109939deabe7a7c7f5f0176a4,output,fake,sovits,anime_kawaii_girl_043_075_Melukonna Telangana Chudara.mp3.wav,274,10
949dc356b5f0492f2967f0ea799864dd,output,fake,sovits,anime_kawaii_girl_043_075_Melukonna Telangana Chudara.mp3.wav,275,10
22d3cffa649af029b6ab9629cd943422,output,fake,sovits,anime_kawaii_girl_043_075_Melukonna Telangana Chudara.mp3.wav,276,10
bbd9acd705dac380f389da824bd3bd3c,output,fake,sovits,anime_kawaii_girl_043_075_Melukonna Telangana Chudara.mp3.wav,277,10
75feb349166a81bb619ca7ea1a2abfd0,output,fake,sovits,anime_kawaii_girl_043_075_Melukonna Telangana Chudara.mp3.wav,278,10
0995f59d520a9f8a1645d723a7231861,output,fake,sovits,anime_kawaii_girl_043_075_Melukonna Telangana Chudara.mp3.wav,279,10
3c186804bc20e0a0d123835a397c03a8,output,fake,sovits,anime_kawaii_girl_043_075_Melukonna Telangana Chudara.mp3.wav,280,10
e4e5234f5cec6d8933114b80d0665de2,output,fake,sovits,anime_energetic_idol_044_076_Ma Palle Andalu.mp3.wav,0,10
3bfc61988e5bd620dc866a384d780f38,output,fake,sovits,anime_energetic_idol_044_076_Ma Palle Andalu.mp3.wav,1,10
5280a6e9c652fab6e56ed06af94d4a77,output,fake,sovits,anime_energetic_idol_044_076_Ma Palle Andalu.mp3.wav,2,10
65d81b970057117f651b65eeb991e2af,output,fake,sovits,anime_energetic_idol_044_076_Ma Palle Andalu.mp3.wav,3,10
9ed0be7672a7917fef3df2d45f74c502,output,fake,sovits,anime_energetic_idol_044_076_Ma Palle Andalu.mp3.wav,4,10
d1e45ecfeaf762516e35daf847415aff,output,fake,sovits,anime_energetic_idol_044_076_Ma Palle Andalu.mp3.wav,5,10
8d248d8ac85527d2f8e51512e33629bb,output,fake,sovits,anime_energetic_idol_044_076_Ma Palle Andalu.mp3.wav,6,10
48b45d83b99f1b6b75556412c8d972f9,output,fake,sovits,anime_energetic_idol_044_076_Ma Palle Andalu.mp3.wav,7,10
1e258e4abd22945bff3c73563e8c4708,output,fake,sovits,anime_energetic_idol_044_076_Ma Palle Andalu.mp3.wav,8,10
937869a79bec1689c96d010f9a48f852,output,fake,sovits,anime_energetic_idol_044_076_Ma Palle Andalu.mp3.wav,9,10
88ba11e5c01ec1ea19e514c5e65c4072,output,fake,sovits,anime_energetic_idol_044_076_Ma Palle Andalu.mp3.wav,10,10
f2b3891e4b25ba3d06fc3d7ad711318b,output,fake,sovits,anime_energetic_idol_044_076_Ma Palle Andalu.mp3.wav,11,10
e19da3eead2c85db1179df5c50558d07,output,fake,sovits,anime_energetic_idol_044_076_Ma Palle Andalu.mp3.wav,12,10
921546c4968f8732e2c481e93a704007,output,fake,sovits,anime_energetic_idol_044_076_Ma Palle Andalu.mp3.wav,13,10
7798ca8656a10923ba8f4a67d7bb18c8,output,fake,sovits,anime_energetic_idol_044_076_Ma Palle Andalu.mp3.wav,14,10
280e885f8e4417e031b6add03deb2f6a,output,fake,sovits,anime_energetic_idol_044_076_Ma Palle Andalu.mp3.wav,15,10
6ef9e7ddcb1e73052c230c24da05453c,output,fake,sovits,anime_energetic_idol_044_076_Ma Palle Andalu.mp3.wav,16,10
891239f18082c7e622a53a8dd138eab8,output,fake,sovits,anime_energetic_idol_044_076_Ma Palle Andalu.mp3.wav,17,10
476489ef5153a2cbc82eb967ae890ec9,output,fake,sovits,anime_energetic_idol_044_076_Ma Palle Andalu.mp3.wav,18,10
70c3b4bc8fbd6144ef8235684075c732,output,fake,sovits,anime_energetic_idol_044_076_Ma Palle Andalu.mp3.wav,19,10
cfc71709295191e880d048dc72e51ca7,output,fake,sovits,anime_energetic_idol_044_076_Ma Palle Andalu.mp3.wav,20,10
3285e5d584f8560400b334d7bbcfff0f,output,fake,sovits,anime_energetic_idol_044_076_Ma Palle Andalu.mp3.wav,21,10
7eae2e72366ce580561e1212551b3d8e,output,fake,sovits,anime_energetic_idol_044_076_Ma Palle Andalu.mp3.wav,22,10
f6faf2ca845367642968d60b642d36fe,output,fake,sovits,anime_energetic_idol_044_076_Ma Palle Andalu.mp3.wav,23,10
5aa0e24d37249132940ff36a344d7b90,output,fake,sovits,anime_energetic_idol_044_076_Ma Palle Andalu.mp3.wav,24,10
00b29b08bc42326945a3d7ce50265961,output,fake,sovits,anime_energetic_idol_044_076_Ma Palle Andalu.mp3.wav,25,10
3a552e26e4a3adad1c5c008c69dcdf46,output,fake,sovits,anime_energetic_idol_044_076_Ma Palle Andalu.mp3.wav,26,10
4a2331c197be0c79e62baa9e455dabde,output,fake,sovits,anime_energetic_idol_044_076_Ma Palle Andalu.mp3.wav,27,10
25bf9fae53f157466b4d6948a254dba5,output,fake,sovits,anime_energetic_idol_044_076_Ma Palle Andalu.mp3.wav,28,10
50f83151a2bdde0e1438c02fb5e9707a,output,fake,sovits,anime_energetic_idol_044_076_Ma Palle Andalu.mp3.wav,29,10
c46b11f84786d3956eeb2d55c4a0aa6b,output,fake,sovits,anime_energetic_idol_044_076_Ma Palle Andalu.mp3.wav,30,10
c0a47b7c029fcb28ce98487b022bf0db,output,fake,sovits,anime_energetic_idol_044_076_Ma Palle Andalu.mp3.wav,31,10
96632a0519f9e9c74685897a6c649942,output,fake,sovits,anime_energetic_idol_044_076_Ma Palle Andalu.mp3.wav,32,10
d7ce470167091448ae2a0b05daf4e7e5,output,fake,sovits,anime_energetic_idol_044_076_Ma Palle Andalu.mp3.wav,33,10
97d4e0f8e181230fcc02d6d2c5991a63,output,fake,sovits,anime_energetic_idol_044_076_Ma Palle Andalu.mp3.wav,34,10
334adc8cf835dbb5354be0da87602e69,output,fake,sovits,anime_energetic_idol_044_076_Ma Palle Andalu.mp3.wav,35,10
465e5ab6588a2d96843bd65da4a27fad,output,fake,sovits,anime_energetic_idol_044_076_Ma Palle Andalu.mp3.wav,36,10
b8789353c3653285f6761ce5f5bb4ac3,output,fake,sovits,anime_energetic_idol_044_076_Ma Palle Andalu.mp3.wav,37,10
a217a88f8cf0aeaecc029d1de04b194e,output,fake,sovits,anime_energetic_idol_044_076_Ma Palle Andalu.mp3.wav,38,10
5bdc4fe99b8d933837da5780acfa29c8,output,fake,sovits,anime_energetic_idol_044_076_Ma Palle Andalu.mp3.wav,39,10
7a27b83522e5c880116dd424a1545da8,output,fake,sovits,anime_energetic_idol_044_076_Ma Palle Andalu.mp3.wav,40,10
999be7584fe626c0536c4a0c6bb3a2ef,output,fake,sovits,anime_energetic_idol_044_076_Ma Palle Andalu.mp3.wav,41,10
e3da8f53006ffc2e4f2d16b07083aa89,output,fake,sovits,anime_energetic_idol_044_076_Ma Palle Andalu.mp3.wav,42,10
ba5e508e082143c0cccc178a56530181,output,fake,sovits,anime_energetic_idol_044_076_Ma Palle Andalu.mp3.wav,43,10
b7dc4a4d5328a055adad862b40e288f7,output,fake,sovits,anime_energetic_idol_044_076_Ma Palle Andalu.mp3.wav,44,10
32b09d928291de60bfd4515b609bbc7d,output,fake,sovits,anime_energetic_idol_044_076_Ma Palle Andalu.mp3.wav,45,10
c05f96a57e489cbf1c1d8a4ad3d815b7,output,fake,sovits,anime_energetic_idol_044_076_Ma Palle Andalu.mp3.wav,46,10
a6a2bfb4a2a41ad3473cf15a5a61e9d6,output,fake,sovits,anime_energetic_idol_044_076_Ma Palle Andalu.mp3.wav,47,10
6b3231d467161b6ae46450174491b829,output,fake,sovits,anime_energetic_idol_044_076_Ma Palle Andalu.mp3.wav,48,10
52ae5715b3f2a4709cec6f925a29bfb3,output,fake,sovits,anime_energetic_idol_044_076_Ma Palle Andalu.mp3.wav,49,10
52f82c96d3a5f834fc5c7c57a70c9883,output,fake,sovits,anime_energetic_idol_044_076_Ma Palle Andalu.mp3.wav,50,10
04a1bfc76634c51ee6c306bc66e00c08,output,fake,sovits,anime_energetic_idol_044_076_Ma Palle Andalu.mp3.wav,51,10
39befa65cbd5fc5be7f27df302ee9f0c,output,fake,sovits,anime_energetic_idol_044_076_Ma Palle Andalu.mp3.wav,52,10
211b1c7e0118a97e1e37b7c700f53b48,output,fake,sovits,anime_energetic_idol_044_076_Ma Palle Andalu.mp3.wav,53,10
85cbf435fdf5c154ebaad4d9163f6a10,output,fake,sovits,anime_energetic_idol_044_076_Ma Palle Andalu.mp3.wav,54,10
59adebfe7d3e8a853156ae7b2acb35a1,output,fake,sovits,anime_energetic_idol_044_076_Ma Palle Andalu.mp3.wav,55,10
cc2e5602cba5896bc82057e0b226bf34,output,fake,sovits,anime_energetic_idol_044_076_Ma Palle Andalu.mp3.wav,56,10
c6a6eda8ae815c98cd3a5a377258b52b,output,fake,sovits,anime_energetic_idol_044_076_Ma Palle Andalu.mp3.wav,57,10
2716cf7882e4ec6751afbcacc9164e32,output,fake,sovits,anime_energetic_idol_044_076_Ma Palle Andalu.mp3.wav,58,10
6ed64ce204fd1abcf09b712ad6b46ba6,output,fake,sovits,anime_energetic_idol_044_076_Ma Palle Andalu.mp3.wav,59,10
b6ca7bf8e106779c1229cc9c72c643bb,output,fake,sovits,anime_energetic_idol_044_076_Ma Palle Andalu.mp3.wav,60,10
6daf1cc085592225d38d3cf33c393624,output,fake,sovits,anime_energetic_idol_044_076_Ma Palle Andalu.mp3.wav,61,10
a67801d76871207255e6c21bb7bb18fd,output,fake,sovits,anime_energetic_idol_044_076_Ma Palle Andalu.mp3.wav,62,10
74ab40a47849962116bbc6555741c502,output,fake,sovits,anime_energetic_idol_044_076_Ma Palle Andalu.mp3.wav,63,10
7028d9e32a89359e19522570618328cb,output,fake,sovits,anime_energetic_idol_044_076_Ma Palle Andalu.mp3.wav,64,10
c5f287d12f581ce8b3a2631a8e5f0c05,output,fake,sovits,anime_energetic_idol_044_076_Ma Palle Andalu.mp3.wav,65,10
9236137e229a8d38e10a3dcfa535cad9,output,fake,sovits,anime_energetic_idol_044_076_Ma Palle Andalu.mp3.wav,66,10
aab0daa8e64b0ccd4cd9fabaf9f590af,output,fake,sovits,anime_energetic_idol_044_076_Ma Palle Andalu.mp3.wav,67,10
d5d0595b0cc939e1edb9239c4aef76d9,output,fake,sovits,anime_energetic_idol_044_076_Ma Palle Andalu.mp3.wav,68,10
8fa6e8ba7f5611f39ce1c523e1bbab3c,output,fake,sovits,anime_energetic_idol_044_076_Ma Palle Andalu.mp3.wav,69,10
b52de207c8edd131ec863284e7c2b7d5,output,fake,sovits,anime_energetic_idol_044_076_Ma Palle Andalu.mp3.wav,70,10
bddaaa9fc23945cd3055a39a3e8832a2,output,fake,sovits,anime_energetic_idol_044_076_Ma Palle Andalu.mp3.wav,71,10
40f14e350ff917f3765c8c6eee1d0490,output,fake,sovits,anime_energetic_idol_044_076_Ma Palle Andalu.mp3.wav,72,10
1199d0b5b429540c171e70ed8878d87e,output,fake,sovits,anime_energetic_idol_044_076_Ma Palle Andalu.mp3.wav,73,10
70a2b5f71b7c7f9301b06767c9d2c401,output,fake,sovits,anime_energetic_idol_044_076_Ma Palle Andalu.mp3.wav,74,10
8fa491fb8057b365924d48a98024a603,output,fake,sovits,anime_energetic_idol_044_076_Ma Palle Andalu.mp3.wav,75,10
f888b039301ba5e0d59f4fdcd02fac29,output,fake,sovits,anime_energetic_idol_044_076_Ma Palle Andalu.mp3.wav,76,10
dff8824dd1b4f405084fdcbe34a78dc3,output,fake,sovits,anime_energetic_idol_044_076_Ma Palle Andalu.mp3.wav,77,10
23d1089a0aac47ba7a32bd74321b100f,output,fake,sovits,anime_energetic_idol_044_076_Ma Palle Andalu.mp3.wav,78,10
62f85bcb777c85126ea52deb991343c4,output,fake,sovits,anime_energetic_idol_044_076_Ma Palle Andalu.mp3.wav,79,10
42d25d3d9a0b0a2d27e458bdad455eea,output,fake,sovits,anime_energetic_idol_044_076_Ma Palle Andalu.mp3.wav,80,10
cccfab48a8a699d46de7aac21f365c8b,output,fake,sovits,anime_energetic_idol_044_076_Ma Palle Andalu.mp3.wav,81,10
86832aa8cf136e94d76c0ed14e681233,output,fake,sovits,anime_energetic_idol_044_076_Ma Palle Andalu.mp3.wav,82,10
1f7e22ff4af85a962e2dabd961586715,output,fake,sovits,anime_energetic_idol_044_076_Ma Palle Andalu.mp3.wav,83,10
a8a3fbbb720a29b96ccc22cbf17d5651,output,fake,sovits,anime_energetic_idol_044_076_Ma Palle Andalu.mp3.wav,84,10
94c035a24c387c88a2d5656c213d150c,output,fake,sovits,anime_energetic_idol_044_076_Ma Palle Andalu.mp3.wav,85,10
c9c6ef5edc5fda5ddc1de61bd93a822c,output,fake,sovits,anime_energetic_idol_044_076_Ma Palle Andalu.mp3.wav,86,10
33aac0827a28c6e9c87feb1c76050f0b,output,fake,sovits,anime_energetic_idol_044_076_Ma Palle Andalu.mp3.wav,87,10
bae68da4dc0d5a4a3fc8828703fa4cf5,output,fake,sovits,anime_energetic_idol_044_076_Ma Palle Andalu.mp3.wav,88,10
d1ef54150d604e5e8955d59763cbdce1,output,fake,sovits,anime_energetic_idol_044_076_Ma Palle Andalu.mp3.wav,89,10
c4e557c70d1deea6ea79b55342af7723,output,fake,sovits,anime_energetic_idol_044_076_Ma Palle Andalu.mp3.wav,90,10
ed13896c1314d381ecc671cf9655f5bf,output,fake,sovits,anime_energetic_idol_044_076_Ma Palle Andalu.mp3.wav,91,10
a3edfbba787e1e22b0b889f88ddefd5c,output,fake,sovits,anime_energetic_idol_044_076_Ma Palle Andalu.mp3.wav,92,10
919d21d38d0e1d303accb1fd19eba2db,output,fake,sovits,anime_energetic_idol_044_076_Ma Palle Andalu.mp3.wav,93,10
f7334e3e948bf4ce655f67a1121d0ac8,output,fake,sovits,anime_energetic_idol_044_076_Ma Palle Andalu.mp3.wav,94,10
91857d92c529fa6d52f0df63f30269b2,output,fake,sovits,anime_energetic_idol_044_076_Ma Palle Andalu.mp3.wav,95,10
c17d7eb72f037cfb8596049c788a8f44,output,fake,sovits,anime_energetic_idol_044_076_Ma Palle Andalu.mp3.wav,96,10
2242ef1d57e1e87b3f08f0099be1504e,output,fake,sovits,anime_energetic_idol_044_076_Ma Palle Andalu.mp3.wav,97,10
934391f6ba5a0efe92ac2afc4388d624,output,fake,sovits,anime_energetic_idol_044_076_Ma Palle Andalu.mp3.wav,98,10
35dbcf6a1f07c9025da0dfcc89005d50,output,fake,sovits,anime_energetic_idol_044_076_Ma Palle Andalu.mp3.wav,99,10
342d299d5ce40aa6a1d6b7e016efeb67,output,fake,sovits,anime_energetic_idol_044_076_Ma Palle Andalu.mp3.wav,100,10
5a249532739b6bd4baf17a159995cb0e,output,fake,sovits,anime_energetic_idol_044_076_Ma Palle Andalu.mp3.wav,101,10
f36d8aa5d7af8e2a911631ac7973ca6e,output,fake,sovits,anime_energetic_idol_044_076_Ma Palle Andalu.mp3.wav,102,10
96827c58c4f82f5b2b04c63fa38a7305,output,fake,sovits,anime_energetic_idol_044_076_Ma Palle Andalu.mp3.wav,103,10
741b0e70f5c00e3725d7cb98b0414ecf,output,fake,sovits,anime_energetic_idol_044_076_Ma Palle Andalu.mp3.wav,104,10
5e48f1ab7bf2edb12bbac8197557ebc0,output,fake,sovits,anime_energetic_idol_044_076_Ma Palle Andalu.mp3.wav,105,10
edbbe7632217437b74443c3ece3c2733,output,fake,sovits,anime_energetic_idol_044_076_Ma Palle Andalu.mp3.wav,106,10
4a883b66032d3fc0286d12ab87358600,output,fake,sovits,anime_energetic_idol_044_076_Ma Palle Andalu.mp3.wav,107,10
8b9fb1b76df7a09c79ed5f98ff38f51f,output,fake,sovits,anime_energetic_idol_044_076_Ma Palle Andalu.mp3.wav,108,10
ce3627b24e55c8a75f97521598e2f592,output,fake,sovits,anime_energetic_idol_044_076_Ma Palle Andalu.mp3.wav,109,10
578e6a83478e52ffde5b4632fcf877ff,output,fake,sovits,anime_energetic_idol_044_076_Ma Palle Andalu.mp3.wav,110,10
6a0b35027b00c11b40c19391334a550f,output,fake,sovits,anime_energetic_idol_044_076_Ma Palle Andalu.mp3.wav,111,10
da4ea57d176724d3a101f6830904907a,output,fake,sovits,anime_energetic_idol_044_076_Ma Palle Andalu.mp3.wav,112,10
4f70d3d38c14edd0e9029cfbb0801ebb,output,fake,sovits,anime_energetic_idol_044_076_Ma Palle Andalu.mp3.wav,113,10
deefcc95ced75e6bd51c390d0ec3039b,output,fake,sovits,anime_energetic_idol_044_076_Ma Palle Andalu.mp3.wav,114,10
2e83e77a2e92d6d0836e03b5cc5d3751,output,fake,sovits,anime_energetic_idol_044_076_Ma Palle Andalu.mp3.wav,115,10
9f3b0f86898442ca3630d36a58029859,output,fake,sovits,anime_energetic_idol_044_076_Ma Palle Andalu.mp3.wav,116,10
0d4f8a93542939f177a1e4f1a409da11,output,fake,sovits,anime_energetic_idol_044_076_Ma Palle Andalu.mp3.wav,117,10
dc1c4b0a632740354686b815df4882f0,output,fake,sovits,anime_energetic_idol_044_076_Ma Palle Andalu.mp3.wav,118,10
405f8126de43b6edbdf1436c1a967b3c,output,fake,sovits,anime_energetic_idol_044_076_Ma Palle Andalu.mp3.wav,119,10
d2f134e2a927ee956e791167fa4459c4,output,fake,sovits,anime_energetic_idol_044_076_Ma Palle Andalu.mp3.wav,120,10
496a935d82e4e79a101663f4a4234c7e,output,fake,sovits,anime_energetic_idol_044_076_Ma Palle Andalu.mp3.wav,121,10
093920b849be05a75c7782c09a38a25a,output,fake,sovits,anime_energetic_idol_044_076_Ma Palle Andalu.mp3.wav,122,10
e4e903bfa9b34375380ebccf6e724af3,output,fake,sovits,anime_energetic_idol_044_076_Ma Palle Andalu.mp3.wav,123,10
67656e6044924c32701726dcd547e9fa,output,fake,sovits,anime_energetic_idol_044_076_Ma Palle Andalu.mp3.wav,124,10
fac41adbec10cd4570ba8860d3822d9d,output,fake,sovits,anime_energetic_idol_044_076_Ma Palle Andalu.mp3.wav,125,10
67e0315cc2cc3ec468eaac694fe83877,output,fake,sovits,anime_energetic_idol_044_076_Ma Palle Andalu.mp3.wav,126,10
8083dfaabccf3d19175afb1d6683e8d0,output,fake,sovits,anime_energetic_idol_044_076_Ma Palle Andalu.mp3.wav,127,10
db446b9d457abcb917f2e0f34cca0abf,output,fake,sovits,anime_energetic_idol_044_076_Ma Palle Andalu.mp3.wav,128,10
2ff2df64ddf3c8eb07009b44ea74d036,output,fake,sovits,anime_energetic_idol_044_076_Ma Palle Andalu.mp3.wav,129,10
cc3ee6b9967459b2b2b4aabe451bfb61,output,fake,sovits,anime_energetic_idol_044_076_Ma Palle Andalu.mp3.wav,130,10
17f0b3fdeb74591def9fe2954e94f153,output,fake,sovits,anime_energetic_idol_044_076_Ma Palle Andalu.mp3.wav,131,10
9cbbea56bb405bf10de15028d644ad63,output,fake,sovits,anime_energetic_idol_044_076_Ma Palle Andalu.mp3.wav,132,10
d3a630b9dfd0178d20c60e860318e65f,output,fake,sovits,anime_energetic_idol_044_076_Ma Palle Andalu.mp3.wav,133,10
91635f630a6c82ddf80d90ce44fed27a,output,fake,sovits,anime_energetic_idol_044_076_Ma Palle Andalu.mp3.wav,134,10
842df062cd175971d34331c755c02dc9,output,fake,sovits,anime_energetic_idol_044_076_Ma Palle Andalu.mp3.wav,135,10
ffb361480ec9f472d1d22c7e6f50319a,output,fake,sovits,anime_energetic_idol_044_076_Ma Palle Andalu.mp3.wav,136,10
0e0ffb6de9acf606d42ebcf18af1cb20,output,fake,sovits,anime_energetic_idol_044_076_Ma Palle Andalu.mp3.wav,137,10
f63d8782d33c02d3c2136dbbe836ed7a,output,fake,sovits,anime_energetic_idol_044_076_Ma Palle Andalu.mp3.wav,138,10
46a79774298c861e8f126683e9c64d66,output,fake,sovits,anime_energetic_idol_044_076_Ma Palle Andalu.mp3.wav,139,10
d4dc26884474d25e98a87323927ce05d,output,fake,sovits,anime_energetic_idol_044_076_Ma Palle Andalu.mp3.wav,140,10
74c9fc1862d8a1c06c4aad4eaa0ea17e,output,fake,sovits,anime_energetic_idol_044_076_Ma Palle Andalu.mp3.wav,141,10
7a3e171c3fcd4584d90e2c758ba7b8d5,output,fake,sovits,anime_energetic_idol_044_076_Ma Palle Andalu.mp3.wav,142,10
2a6c74edfba37bb48c59506b89736c5b,output,fake,sovits,anime_energetic_idol_044_076_Ma Palle Andalu.mp3.wav,143,10
d4bc1ff8898a8c1d9ec7613fb43b790a,output,fake,sovits,anime_energetic_idol_044_076_Ma Palle Andalu.mp3.wav,144,10
d45677d1dd00abb333f6036bf8a9c0bc,output,fake,sovits,anime_energetic_idol_044_076_Ma Palle Andalu.mp3.wav,145,10
2d757eea9eded4837656d1119f30b84e,output,fake,sovits,anime_energetic_idol_044_076_Ma Palle Andalu.mp3.wav,146,10
be42aac48d6c039035abf7c4388304d5,output,fake,sovits,anime_energetic_idol_044_076_Ma Palle Andalu.mp3.wav,147,10
7caff58e82e8be82e2986d50c06339fa,output,fake,sovits,anime_energetic_idol_044_076_Ma Palle Andalu.mp3.wav,148,10
857ed131b24d1a859b7a5c027bfaacc8,output,fake,sovits,anime_energetic_idol_044_076_Ma Palle Andalu.mp3.wav,149,10
0564f4c394d7c3a3c1e1d1c3e042ab59,output,fake,sovits,anime_energetic_idol_044_076_Ma Palle Andalu.mp3.wav,150,10
c14e89198fa8c8de79f37444162f0160,output,fake,sovits,anime_energetic_idol_044_076_Ma Palle Andalu.mp3.wav,151,10
3dab8cc70edc99da923e800102703d78,output,fake,sovits,anime_energetic_idol_044_076_Ma Palle Andalu.mp3.wav,152,10
5504e74752d6d1d1b0d67129905c96c5,output,fake,sovits,anime_energetic_idol_044_076_Ma Palle Andalu.mp3.wav,153,10
df99b24872e3bcf65c52796d22dcb525,output,fake,sovits,anime_energetic_idol_044_076_Ma Palle Andalu.mp3.wav,154,10
e20901fae664697905e779e6338e0eed,output,fake,sovits,anime_energetic_idol_044_076_Ma Palle Andalu.mp3.wav,155,10
e895afdb22836f9bbd417b178344c8ea,output,fake,sovits,anime_energetic_idol_044_076_Ma Palle Andalu.mp3.wav,156,10
ec13195a9fcb000a5475f79c13181551,output,fake,sovits,anime_energetic_idol_044_076_Ma Palle Andalu.mp3.wav,157,10
4f38a55ec24e724e45d721e9a39589e4,output,fake,sovits,anime_energetic_idol_044_076_Ma Palle Andalu.mp3.wav,158,10
cb56973bf0f67c55ebc1f8805948254d,output,fake,sovits,anime_energetic_idol_044_076_Ma Palle Andalu.mp3.wav,159,10
d10f2c05925a183d20dc3d6d4e659cd1,output,fake,sovits,anime_energetic_idol_044_076_Ma Palle Andalu.mp3.wav,160,10
05213aec8c4a500c17a387c356e55e3e,output,fake,sovits,anime_energetic_idol_044_076_Ma Palle Andalu.mp3.wav,161,10
6b1e6b34361a8f91557e3fd662d0dcbe,output,fake,sovits,anime_energetic_idol_044_076_Ma Palle Andalu.mp3.wav,162,10
2687f88d5510ca850a7b087b07d60053,output,fake,sovits,anime_energetic_idol_044_076_Ma Palle Andalu.mp3.wav,163,10
9210ac2935f1170d49898aca28c911d1,output,fake,sovits,anime_energetic_idol_044_076_Ma Palle Andalu.mp3.wav,164,10
d8226c4153d0876e4206d9ddfd3c91a2,output,fake,sovits,anime_energetic_idol_044_076_Ma Palle Andalu.mp3.wav,165,10
2b39412c2820f4f519f6b558ed2d0dd4,output,fake,sovits,anime_energetic_idol_044_076_Ma Palle Andalu.mp3.wav,166,10
8956167699a50886e69d51c754f60d71,output,fake,sovits,anime_energetic_idol_044_076_Ma Palle Andalu.mp3.wav,167,10
ba20a3011da228ceb0b576fcfc02c51a,output,fake,sovits,anime_energetic_idol_044_076_Ma Palle Andalu.mp3.wav,168,10
5bda7e0c7aadbcf0ee0fb0bd87e6ebfd,output,fake,sovits,anime_energetic_idol_044_076_Ma Palle Andalu.mp3.wav,169,10
e9638ed4b69e0e478a5a7454f03266e2,output,fake,sovits,anime_energetic_idol_044_076_Ma Palle Andalu.mp3.wav,170,10
680c989698d67e9a760f076f5e7bff34,output,fake,sovits,anime_energetic_idol_044_076_Ma Palle Andalu.mp3.wav,171,10
2dda9ea80e239422caba73ab6a4929c1,output,fake,sovits,anime_energetic_idol_044_076_Ma Palle Andalu.mp3.wav,172,10
e9232d0c11145b57c4bab192ca9afec6,output,fake,sovits,anime_energetic_idol_044_076_Ma Palle Andalu.mp3.wav,173,10
c4f70e3840b496ccb686ecb72c064aac,output,fake,sovits,anime_energetic_idol_044_076_Ma Palle Andalu.mp3.wav,174,10
464a6f4013d9128fe72b34f107daf95d,output,fake,sovits,anime_energetic_idol_044_076_Ma Palle Andalu.mp3.wav,175,10
89ecb21fda565561791d1a80473191b5,output,fake,sovits,anime_energetic_idol_044_076_Ma Palle Andalu.mp3.wav,176,10
74309a2ebd84bb161eb0c79e6666601e,output,fake,sovits,anime_energetic_idol_044_076_Ma Palle Andalu.mp3.wav,177,10
4d52909c972d18fa34820bf95237469b,output,fake,sovits,anime_energetic_idol_044_076_Ma Palle Andalu.mp3.wav,178,10
65d565cfc6689652384d498993a56c1d,output,fake,sovits,anime_energetic_idol_044_076_Ma Palle Andalu.mp3.wav,179,10
44d4c235adb949afe32ee359a7640435,output,fake,sovits,anime_energetic_idol_044_076_Ma Palle Andalu.mp3.wav,180,10
c33b26d995d50238cdb2fe12d96ec7b4,output,fake,sovits,anime_energetic_idol_044_076_Ma Palle Andalu.mp3.wav,181,10
49ef980cb63230fcd174b0d15d348be9,output,fake,sovits,anime_energetic_idol_044_076_Ma Palle Andalu.mp3.wav,182,10
7aff933b7289e3083b50f41829f6a09e,output,fake,sovits,anime_energetic_idol_044_076_Ma Palle Andalu.mp3.wav,183,10
00c052298e57edc5fe9a700458809998,output,fake,sovits,anime_energetic_idol_044_076_Ma Palle Andalu.mp3.wav,184,10
7ea45969d9fa207bde438a7c21b646c1,output,fake,sovits,anime_energetic_idol_044_076_Ma Palle Andalu.mp3.wav,185,10
b63924bbbac5c86bc627eaa1cb36d017,output,fake,sovits,anime_energetic_idol_044_076_Ma Palle Andalu.mp3.wav,186,10
38a21832945922e9e966c78cb77f388f,output,fake,sovits,anime_energetic_idol_044_076_Ma Palle Andalu.mp3.wav,187,10
de619e06cfb34b506aff5406b993d5c4,output,fake,sovits,anime_energetic_idol_044_076_Ma Palle Andalu.mp3.wav,188,10
33e03e4aa4d5bd8d69dc5a95b07bf1e9,output,fake,sovits,anime_energetic_idol_044_076_Ma Palle Andalu.mp3.wav,189,10
c2c73885c1c634cbab4afa7ddc24289e,output,fake,sovits,anime_energetic_idol_044_076_Ma Palle Andalu.mp3.wav,190,10
005a226dbf987bca1d637eabcd9fd3ff,output,fake,sovits,anime_energetic_idol_044_076_Ma Palle Andalu.mp3.wav,191,10
a91680f7cffccc8f24685c1b1c04e137,output,fake,sovits,anime_energetic_idol_044_076_Ma Palle Andalu.mp3.wav,192,10
d31806853453798205b36eac685b7a52,output,fake,sovits,anime_energetic_idol_044_076_Ma Palle Andalu.mp3.wav,193,10
6f0ec70770027f80bcfc763a64d744a6,output,fake,sovits,anime_energetic_idol_044_076_Ma Palle Andalu.mp3.wav,194,10
75503477d8004336a86f8782fb4cf255,output,fake,sovits,anime_energetic_idol_044_076_Ma Palle Andalu.mp3.wav,195,10
7fd81ba580378b11b22a389267abc820,output,fake,sovits,anime_energetic_idol_044_076_Ma Palle Andalu.mp3.wav,196,10
e831a3c49375126ff62995cca15da97c,output,fake,sovits,anime_energetic_idol_044_076_Ma Palle Andalu.mp3.wav,197,10
6fad7bea42d315d4cd40598c025b72cc,output,fake,sovits,anime_energetic_idol_044_076_Ma Palle Andalu.mp3.wav,198,10
a7b8fb47b78d64a927b734679d5d4802,output,fake,sovits,anime_energetic_idol_044_076_Ma Palle Andalu.mp3.wav,199,10
6765a9098b05a6cce4f98f8148395ab7,output,fake,sovits,anime_energetic_idol_044_076_Ma Palle Andalu.mp3.wav,200,10
9d212943c0c4fed986464f0695f13eb8,output,fake,sovits,anime_energetic_idol_044_076_Ma Palle Andalu.mp3.wav,201,10
95d76cb7378ea2e1c0fd4f41705069c6,output,fake,sovits,anime_energetic_idol_044_076_Ma Palle Andalu.mp3.wav,202,10
d15ccfbfa483780bc4e8fa2158096f70,output,fake,sovits,anime_energetic_idol_044_076_Ma Palle Andalu.mp3.wav,203,10
ca12db0b39449152478cf196b2927661,output,fake,sovits,anime_energetic_idol_044_076_Ma Palle Andalu.mp3.wav,204,10
92f9c17ed6d0a02197c0de60b7874850,output,fake,sovits,anime_energetic_idol_044_076_Ma Palle Andalu.mp3.wav,205,10
91bce2b3d4af6c28dcd7031ca5b46bb7,output,fake,sovits,anime_energetic_idol_044_076_Ma Palle Andalu.mp3.wav,206,10
7c293eddca74687a0f1ce58b58a82fb6,output,fake,sovits,anime_energetic_idol_044_076_Ma Palle Andalu.mp3.wav,207,10
06075621e47a01baae64b42f48769125,output,fake,sovits,anime_energetic_idol_044_076_Ma Palle Andalu.mp3.wav,208,10
9bd5081e8335846386de131f20c61605,output,fake,sovits,anime_energetic_idol_044_076_Ma Palle Andalu.mp3.wav,209,10
e3b08d7399a8a27a4e0a5355d669d558,output,fake,sovits,anime_energetic_idol_044_076_Ma Palle Andalu.mp3.wav,210,10
a5e7dc9cb4c6ccf69b5f2cc9d363f107,output,fake,sovits,anime_energetic_idol_044_076_Ma Palle Andalu.mp3.wav,211,10
b9e5b3ac807d581f922f072258fedcc6,output,fake,sovits,anime_energetic_idol_044_076_Ma Palle Andalu.mp3.wav,212,10
9dbdaf77daf98e74fb7b01878b72d277,output,fake,sovits,anime_energetic_idol_044_076_Ma Palle Andalu.mp3.wav,213,10
5fecff41172728ecd39a8288722cee73,output,fake,sovits,anime_energetic_idol_044_076_Ma Palle Andalu.mp3.wav,214,10
58b39945bf2a4dea4c0a1b4674e27a19,output,fake,sovits,anime_energetic_idol_044_076_Ma Palle Andalu.mp3.wav,215,10
795bf5da9dc6e83fd2c2740fdb8f670c,output,fake,sovits,anime_energetic_idol_044_076_Ma Palle Andalu.mp3.wav,216,10
361dc22367af7e3b253e7da80fe5bd53,output,fake,sovits,anime_energetic_idol_044_076_Ma Palle Andalu.mp3.wav,217,10
6cde8dd91bde4755ef93dc8fd588018c,output,fake,sovits,anime_energetic_idol_044_076_Ma Palle Andalu.mp3.wav,218,10
3565b5ce65e1aa5f1aec76b6841f23b2,output,fake,sovits,anime_energetic_idol_044_076_Ma Palle Andalu.mp3.wav,219,10
9a42633aeb6902e2451fb5b3bb2386c5,output,fake,sovits,anime_energetic_idol_044_076_Ma Palle Andalu.mp3.wav,220,10
0ed24a0d7cdbabc687e8810f78d29b7a,output,fake,sovits,anime_energetic_idol_044_076_Ma Palle Andalu.mp3.wav,221,10
57ac2721e188253c8b6753dd93e8e652,output,fake,sovits,anime_energetic_idol_044_076_Ma Palle Andalu.mp3.wav,222,10
debf22cd0a099795419e22112f056bc3,output,fake,sovits,anime_energetic_idol_044_076_Ma Palle Andalu.mp3.wav,223,10
178e1ee0c0f0008481eb5b6c93c9b9e1,output,fake,sovits,anime_energetic_idol_044_076_Ma Palle Andalu.mp3.wav,224,10
3aad831dab434e7f358447f795506454,output,fake,sovits,anime_energetic_idol_044_076_Ma Palle Andalu.mp3.wav,225,10
762f217d6ebeacbffeb0e2886fc15442,output,fake,sovits,anime_energetic_idol_044_076_Ma Palle Andalu.mp3.wav,226,10
15519e8c3be4f3697991c52b668b224e,output,fake,sovits,anime_energetic_idol_044_076_Ma Palle Andalu.mp3.wav,227,10
8f829efe7edb98c4baf5ca7dc4a3ea58,output,fake,sovits,anime_energetic_idol_044_076_Ma Palle Andalu.mp3.wav,228,10
db9b2cdef39f16e00e6a4d171a1482c4,output,fake,sovits,anime_energetic_idol_044_076_Ma Palle Andalu.mp3.wav,229,10
f23d1765a188cec37714fe446d302d88,output,fake,sovits,anime_energetic_idol_044_076_Ma Palle Andalu.mp3.wav,230,10
3b199b2c026ac84cb7a58a7211880ec5,output,fake,sovits,anime_energetic_idol_044_076_Ma Palle Andalu.mp3.wav,231,10
cd609846abb13c67134aebb0899717fa,output,fake,sovits,anime_energetic_idol_044_076_Ma Palle Andalu.mp3.wav,232,10
6ebc15018a8e89a3245de656a55918fa,output,fake,sovits,anime_energetic_idol_044_076_Ma Palle Andalu.mp3.wav,233,10
edb8f5f4b0b58dba3cabae4169ca90d1,output,fake,sovits,anime_energetic_idol_044_076_Ma Palle Andalu.mp3.wav,234,10
95a970d96abdea00cb6ca44c4cbbfa11,output,fake,sovits,anime_energetic_idol_044_076_Ma Palle Andalu.mp3.wav,235,10
b581e1c7d4f1861f79addb8b17c1e4d3,output,fake,sovits,anime_energetic_idol_044_076_Ma Palle Andalu.mp3.wav,236,10
5a00f547fcc66201e860d81b382a7cff,output,fake,sovits,anime_energetic_idol_044_076_Ma Palle Andalu.mp3.wav,237,10
027d9185e6314f4b96321eb3c14865fa,output,fake,sovits,anime_energetic_idol_044_076_Ma Palle Andalu.mp3.wav,238,10
0318c6ff861431fb5cde8bcf985e8622,output,fake,sovits,anime_energetic_idol_044_076_Ma Palle Andalu.mp3.wav,239,10
92ec6d91d86dc4fd168b2155c246e4f0,output,fake,sovits,anime_energetic_idol_044_076_Ma Palle Andalu.mp3.wav,240,10
a24a436a19078aa9129c52adaaec7f09,output,fake,sovits,anime_energetic_idol_044_076_Ma Palle Andalu.mp3.wav,241,10
a2d6fd379d7b396ca341a42da3ba210d,output,fake,sovits,anime_energetic_idol_044_076_Ma Palle Andalu.mp3.wav,242,10
e104b190ba2dd19948fc83927c17ed7b,output,fake,sovits,anime_energetic_idol_044_076_Ma Palle Andalu.mp3.wav,243,10
ecde64cbe47d454e366d6cf376ff8838,output,fake,sovits,anime_energetic_idol_044_076_Ma Palle Andalu.mp3.wav,244,10
4fe4d13dd65784a968c966550084a1cf,output,fake,sovits,anime_energetic_idol_044_076_Ma Palle Andalu.mp3.wav,245,10
c12f94dc0907865745ac511eb2f09c14,output,fake,sovits,anime_energetic_idol_044_076_Ma Palle Andalu.mp3.wav,246,10
0a8929bad42c16a26c335997bfc7dd96,output,fake,sovits,anime_energetic_idol_044_076_Ma Palle Andalu.mp3.wav,247,10
c6e8a1d43a55205fd4a8ae631560b6c8,output,fake,sovits,anime_energetic_idol_044_076_Ma Palle Andalu.mp3.wav,248,10
586f32f64ab9c31a92399532cd1fd8d1,output,fake,sovits,anime_energetic_idol_044_076_Ma Palle Andalu.mp3.wav,249,10
e55d4f437a890a81d2323bf3c9fa8cc2,output,fake,sovits,anime_energetic_idol_044_076_Ma Palle Andalu.mp3.wav,250,10
95892082b30848cb4b4dc920cb485292,output,fake,sovits,anime_energetic_idol_044_076_Ma Palle Andalu.mp3.wav,251,10
78197abc40ffb0ae680ca81857a5deb1,output,fake,sovits,anime_energetic_idol_044_076_Ma Palle Andalu.mp3.wav,252,10
10f09610422c1f77533650a5ecf6c62b,output,fake,sovits,anime_energetic_idol_044_076_Ma Palle Andalu.mp3.wav,253,10
109b220815d3e11074bf0f448d853b4d,output,fake,sovits,anime_energetic_idol_044_076_Ma Palle Andalu.mp3.wav,254,10
6dda0f1ea809efce86290babf44571aa,output,fake,sovits,anime_energetic_idol_044_076_Ma Palle Andalu.mp3.wav,255,10
d862824110141192a002bf056123f450,output,fake,sovits,anime_energetic_idol_044_076_Ma Palle Andalu.mp3.wav,256,10
b95181e26eb26911000babce0b32e2df,output,fake,sovits,anime_energetic_idol_044_076_Ma Palle Andalu.mp3.wav,257,10
6a6338f6c357c1c568861814b0bd57de,output,fake,sovits,anime_energetic_idol_044_076_Ma Palle Andalu.mp3.wav,258,10
6bb0767eaf0b087475b8e3cd9e25f2a9,output,fake,sovits,anime_energetic_idol_044_076_Ma Palle Andalu.mp3.wav,259,10
943b43345f66e7043c7e1e07585cee77,output,fake,sovits,anime_energetic_idol_044_076_Ma Palle Andalu.mp3.wav,260,10
210e7d356ffd2623d3bf11d2cdbe3cba,output,fake,sovits,anime_energetic_idol_044_076_Ma Palle Andalu.mp3.wav,261,10
99655bcb550407c951ab54e557c509fc,output,fake,sovits,anime_energetic_idol_044_076_Ma Palle Andalu.mp3.wav,262,10
c8a5ae7a918113e0804b685ed545f5ee,output,fake,sovits,anime_energetic_idol_044_076_Ma Palle Andalu.mp3.wav,263,10
8d39f5be6e39e2b6d28002a0471f8ecd,output,fake,sovits,anime_energetic_idol_044_076_Ma Palle Andalu.mp3.wav,264,10
3340e297775b2d8bf1d1ca7a695ed44d,output,fake,sovits,anime_energetic_idol_044_076_Ma Palle Andalu.mp3.wav,265,10
1ef272189e1a386d29ae5c4b23b0a619,output,fake,sovits,anime_energetic_idol_044_076_Ma Palle Andalu.mp3.wav,266,10
61c327a9e2eda0590ac9959ed9a25181,output,fake,sovits,anime_energetic_idol_044_076_Ma Palle Andalu.mp3.wav,267,10
60243b729f85c4580c36e91c5c4c5bb3,output,fake,sovits,anime_energetic_idol_044_076_Ma Palle Andalu.mp3.wav,268,10
2ecee0daa610e3695228d1023165fb6e,output,fake,sovits,anime_energetic_idol_044_076_Ma Palle Andalu.mp3.wav,269,10
394fcfc3c86bd61ee069fdf7960bf121,output,fake,sovits,anime_energetic_idol_044_076_Ma Palle Andalu.mp3.wav,270,10
ea37de758bdccbd0a7f52104b409f27a,output,fake,sovits,anime_energetic_idol_044_076_Ma Palle Andalu.mp3.wav,271,10
a49060b99b6070158322d07820c29d10,output,fake,sovits,anime_energetic_idol_044_076_Ma Palle Andalu.mp3.wav,272,10
5b1937643528d3d0bd7d1bb284eab73f,output,fake,sovits,anime_energetic_idol_044_076_Ma Palle Andalu.mp3.wav,273,10
b4f486bfaa9daef99857f67bdaaa28c4,output,fake,sovits,anime_energetic_idol_044_076_Ma Palle Andalu.mp3.wav,274,10
89a94756e690213028a21ffde287c45c,output,fake,sovits,anime_energetic_idol_044_076_Ma Palle Andalu.mp3.wav,275,10
b879c214d8cb376b942e70010b162b2f,output,fake,sovits,anime_energetic_idol_044_076_Ma Palle Andalu.mp3.wav,276,10
cbf1bc545b762ddfeed7a39a88a4ae9c,output,fake,sovits,anime_energetic_idol_044_076_Ma Palle Andalu.mp3.wav,277,10
c58872de455eea9e1fdf1fee1c8ec607,output,fake,sovits,anime_energetic_idol_044_076_Ma Palle Andalu.mp3.wav,278,10
d94fed07ad03694e0c568a7657ec6b8c,output,fake,sovits,anime_energetic_idol_044_076_Ma Palle Andalu.mp3.wav,279,10
0faec976cbfda0f83152801cfea08d2b,output,fake,sovits,anime_energetic_idol_044_076_Ma Palle Andalu.mp3.wav,280,10
f687fa4b418e8cd5c39c43560d64eb29,output,fake,sovits,anime_energetic_idol_044_076_Ma Palle Andalu.mp3.wav,281,10
cd8a712e35319b85e75873cdac1cf32c,output,fake,sovits,anime_energetic_idol_044_076_Ma Palle Andalu.mp3.wav,282,10
207f0c14664314e993eb3bee2448e580,output,fake,sovits,anime_energetic_idol_044_076_Ma Palle Andalu.mp3.wav,283,10
598bedf865e93301bfc8e745af6e6078,output,fake,sovits,anime_energetic_idol_044_076_Ma Palle Andalu.mp3.wav,284,10
05ca5896a4adeeb2d0321bdf858ea90a,output,fake,sovits,anime_energetic_idol_044_076_Ma Palle Andalu.mp3.wav,285,10
a9dabbe0011e5ba016cecb4ad53d49f4,output,fake,sovits,anime_energetic_idol_044_076_Ma Palle Andalu.mp3.wav,286,10
8c9b614ef189c107df3ac06de13f418a,output,fake,sovits,anime_energetic_idol_044_076_Ma Palle Andalu.mp3.wav,287,10
d0c9910b0c0204c21f71154ddcc00409,output,fake,sovits,anime_energetic_idol_044_076_Ma Palle Andalu.mp3.wav,288,10
9351041b715a44e8b4b20c451056625e,output,fake,sovits,anime_energetic_idol_044_076_Ma Palle Andalu.mp3.wav,289,10
cbfb7185fa86509615246e70cb5ed4b6,output,fake,sovits,anime_energetic_idol_044_076_Ma Palle Andalu.mp3.wav,290,10
652058a91e5c10c60c199ffdab149cfe,output,fake,sovits,anime_energetic_idol_044_076_Ma Palle Andalu.mp3.wav,291,10
51aa62ca70b9dfb5bcc072d66909a148,output,fake,sovits,anime_energetic_idol_044_076_Ma Palle Andalu.mp3.wav,292,10
5e5826f8982d20b464c97595553991b4,output,fake,sovits,anime_energetic_idol_044_076_Ma Palle Andalu.mp3.wav,293,10
5d5fcb73e04eabe101f3f06061d1c2b8,output,fake,sovits,anime_energetic_idol_044_076_Ma Palle Andalu.mp3.wav,294,10
f3041094430e9ba52fa8a299a3734da8,output,fake,sovits,anime_energetic_idol_044_076_Ma Palle Andalu.mp3.wav,295,10
9f810e9de48814ff5a05e8ecf3b50035,output,fake,sovits,anime_energetic_idol_044_076_Ma Palle Andalu.mp3.wav,296,10
2f5f598b3120bf2229820e36588d0a80,output,fake,sovits,anime_energetic_idol_044_076_Ma Palle Andalu.mp3.wav,297,10
49db94dc92160cede74f5f0aa848b46d,output,fake,sovits,anime_energetic_idol_044_076_Ma Palle Andalu.mp3.wav,298,10
7ed20d7abe55047e5cd406039bdcae11,output,fake,sovits,anime_energetic_idol_044_076_Ma Palle Andalu.mp3.wav,299,10
1aa6a60260ef14a50a0feb086828750a,output,fake,sovits,anime_energetic_idol_044_076_Ma Palle Andalu.mp3.wav,300,10
9fd03df60a160ce797c85c2eae6797fe,output,fake,sovits,anime_energetic_idol_044_076_Ma Palle Andalu.mp3.wav,301,10
98f9176746e7781c7e8fb05f38ac42a5,output,fake,sovits,anime_energetic_idol_044_076_Ma Palle Andalu.mp3.wav,302,10
2c96ddde1dcf54076b1ce7263dde49cd,output,fake,sovits,anime_energetic_idol_044_076_Ma Palle Andalu.mp3.wav,303,10
a2164faff666983930d3fc3cafa7bb75,output,fake,sovits,anime_energetic_idol_044_076_Ma Palle Andalu.mp3.wav,304,10
4b02a9a547b688d52785ee496a0c67a7,output,fake,sovits,anime_energetic_idol_044_076_Ma Palle Andalu.mp3.wav,305,10
fcd9b3175b97f562a92a08808c16f65e,output,fake,sovits,anime_energetic_idol_044_076_Ma Palle Andalu.mp3.wav,306,10
06514aaa20ebf580517824d79c639d32,output,fake,sovits,anime_energetic_idol_044_076_Ma Palle Andalu.mp3.wav,307,10
b7ed1766bd3884b7b282372c9616d146,output,fake,sovits,anime_energetic_idol_044_076_Ma Palle Andalu.mp3.wav,308,10
bde25ecddb1364e44b75db35461c9f5d,output,fake,sovits,anime_energetic_idol_044_076_Ma Palle Andalu.mp3.wav,309,10
1a766c20c84eaf255a8bc97accdc2584,output,fake,sovits,anime_energetic_idol_044_076_Ma Palle Andalu.mp3.wav,310,10
c222b2236ab9d6d0010a89ce8213a625,output,fake,sovits,anime_energetic_idol_044_076_Ma Palle Andalu.mp3.wav,311,10
59b50de2a9ba56267168962c58ccaba5,output,fake,sovits,anime_energetic_idol_044_076_Ma Palle Andalu.mp3.wav,312,10
ec875a10bc0dc8512776b18f5a967b43,output,fake,sovits,anime_energetic_idol_044_076_Ma Palle Andalu.mp3.wav,313,10
3d5b99b1284e9d2bbfaca799950cc12f,output,fake,sovits,anime_energetic_idol_044_076_Ma Palle Andalu.mp3.wav,314,10
01783aec60960b9315d6cf051e07e381,output,fake,sovits,anime_energetic_idol_044_076_Ma Palle Andalu.mp3.wav,315,10
b44bfb39ab4caf18cd993aff469be226,output,fake,sovits,anime_energetic_idol_044_076_Ma Palle Andalu.mp3.wav,316,10
740717b1771304f358a04d950b25e2bc,output,fake,sovits,anime_energetic_idol_044_076_Ma Palle Andalu.mp3.wav,317,10
6e7d70844f45bff9073353dd34c92916,output,fake,sovits,anime_energetic_idol_044_076_Ma Palle Andalu.mp3.wav,318,10
9033fd4583253f0abb0d837e54210df2,output,fake,sovits,anime_energetic_idol_044_076_Ma Palle Andalu.mp3.wav,319,10
0b973f654b16475f08740921568df08f,output,fake,sovits,anime_energetic_idol_044_076_Ma Palle Andalu.mp3.wav,320,10
013235e340a440f144662f2bcf85a284,output,fake,sovits,anime_energetic_idol_044_076_Ma Palle Andalu.mp3.wav,321,10
f653b0b0659cd87a3f77d2c94515b714,output,fake,sovits,anime_energetic_idol_044_076_Ma Palle Andalu.mp3.wav,322,10
2bcffe75009c3cdf5e7fab33f9434935,output,fake,sovits,anime_energetic_idol_044_076_Ma Palle Andalu.mp3.wav,323,10
87c3f9227dfc905bbc911c0e8390a8b4,output,fake,sovits,anime_energetic_idol_044_076_Ma Palle Andalu.mp3.wav,324,10
3ef62fcd43f31e24efb0d597302c9a85,output,fake,sovits,anime_energetic_idol_044_076_Ma Palle Andalu.mp3.wav,325,10
f425de5058849c77a9f0c64b5f7b5bb9,output,fake,sovits,anime_energetic_idol_044_076_Ma Palle Andalu.mp3.wav,326,10
781c04104dd449ee1dffac6627e99f77,output,fake,sovits,anime_energetic_idol_044_076_Ma Palle Andalu.mp3.wav,327,10
e4082e280b574e1056b41f349c74b603,output,fake,sovits,anime_energetic_idol_044_076_Ma Palle Andalu.mp3.wav,328,10
16ce5ef350265e9a6daa8e797dd97f34,output,fake,sovits,anime_energetic_idol_044_076_Ma Palle Andalu.mp3.wav,329,10
20df9ab6bfdbe5b9ed92ed16f4c8ca4b,output,fake,sovits,anime_energetic_idol_044_076_Ma Palle Andalu.mp3.wav,330,10
533fcd52deb81e80237f041a3015f579,output,fake,sovits,anime_energetic_idol_044_076_Ma Palle Andalu.mp3.wav,331,10
a6e7d7441b97af183f396b16eea77271,output,fake,sovits,anime_energetic_idol_044_076_Ma Palle Andalu.mp3.wav,332,10
777cad2a08ff8ecb74aecb793ba61451,output,fake,sovits,anime_energetic_idol_044_076_Ma Palle Andalu.mp3.wav,333,10
1e1fa720caeba1bce950c4ab542934c3,output,fake,sovits,anime_energetic_idol_044_076_Ma Palle Andalu.mp3.wav,334,10
d6efbe89ab4fcdcbbd09711ce1799a4e,output,fake,sovits,anime_energetic_idol_044_076_Ma Palle Andalu.mp3.wav,335,10
8bdf7c8046378b225b58799c07a163e3,output,fake,sovits,anime_energetic_idol_044_076_Ma Palle Andalu.mp3.wav,336,10
dffc22b7f7b4de776ca07f1bb33ef9ee,output,fake,sovits,anime_energetic_idol_044_076_Ma Palle Andalu.mp3.wav,337,10
8ab27094169ae232950cd82e4ae2c32f,output,fake,sovits,anime_energetic_idol_044_076_Ma Palle Andalu.mp3.wav,338,10
9e5f8b241e86385f441b73249625f245,output,fake,sovits,anime_energetic_idol_044_076_Ma Palle Andalu.mp3.wav,339,10
47577f6862d91f10bef604f4eb40170f,output,fake,sovits,anime_energetic_idol_044_076_Ma Palle Andalu.mp3.wav,340,10
910d2e5a4390e7df317207b17d5f21df,output,fake,sovits,anime_energetic_idol_044_076_Ma Palle Andalu.mp3.wav,341,10
f7f055cf30c0c17116e8c4c28eb9f4f5,output,fake,sovits,anime_energetic_idol_044_076_Ma Palle Andalu.mp3.wav,342,10
1791094a7e00575dbcc7a1b1aad5d779,output,fake,sovits,anime_energetic_idol_044_076_Ma Palle Andalu.mp3.wav,343,10
3910e54ee6248f673761b9c9630a45c3,output,fake,sovits,anime_energetic_idol_044_076_Ma Palle Andalu.mp3.wav,344,10
664254af954d06f3cd2028b64fcc5305,output,fake,sovits,anime_energetic_idol_044_076_Ma Palle Andalu.mp3.wav,345,10
1af28ccb1ed0c8b57f25686460e2550b,output,fake,sovits,anime_energetic_idol_044_076_Ma Palle Andalu.mp3.wav,346,10
a8e6afc79cabaaea908a27d806f833dc,output,fake,sovits,anime_energetic_idol_044_076_Ma Palle Andalu.mp3.wav,347,10
c4f1f44ef1b04c2097d4fbb6be46fb18,output,fake,sovits,anime_energetic_idol_044_076_Ma Palle Andalu.mp3.wav,348,10
0a326b94aba14a7b445409d31fd56fcf,output,fake,sovits,anime_energetic_idol_044_076_Ma Palle Andalu.mp3.wav,349,10
11362cffed3d2c0c6ab88fdf00c0c058,output,fake,sovits,anime_energetic_idol_044_076_Ma Palle Andalu.mp3.wav,350,10
1c6532ee5f531aa8a9a1d0f1e2ec7bc4,output,fake,sovits,anime_energetic_idol_044_076_Ma Palle Andalu.mp3.wav,351,10
4d0f20fc7602342a2fa25b0e75e0ec8f,output,fake,sovits,anime_energetic_idol_044_076_Ma Palle Andalu.mp3.wav,352,10
9021b5f26b63566d5d73805376fc0d6e,output,fake,sovits,anime_energetic_idol_044_076_Ma Palle Andalu.mp3.wav,353,10
02cb22fb2592f86c4449834eb6fdf890,output,fake,sovits,anime_energetic_idol_044_076_Ma Palle Andalu.mp3.wav,354,10
4250b9e3c06fb569c46a74620a998bb9,output,fake,sovits,anime_energetic_idol_044_076_Ma Palle Andalu.mp3.wav,355,10
4859a7d27c5cbd712a2c8deed9be98e7,output,fake,sovits,anime_energetic_idol_044_076_Ma Palle Andalu.mp3.wav,356,10
bde37e586ffe6cf20b4cb17cd343d5af,output,fake,sovits,anime_energetic_idol_044_076_Ma Palle Andalu.mp3.wav,357,10
593a3fe54248e3b78a02d5145642f124,output,fake,sovits,anime_energetic_idol_044_076_Ma Palle Andalu.mp3.wav,358,10
1269ea76a72105cc1cb59e3e411bb7dd,output,fake,sovits,anime_energetic_idol_044_076_Ma Palle Andalu.mp3.wav,359,10
b716d6333c595b735ef30eae52cb0481,output,fake,sovits,anime_energetic_idol_044_076_Ma Palle Andalu.mp3.wav,360,10
1f423069df206678a6d46d09bf8785e4,output,fake,sovits,anime_energetic_idol_044_076_Ma Palle Andalu.mp3.wav,361,10
ed263413e68984a87269e217ab662abf,output,fake,sovits,anime_energetic_idol_044_076_Ma Palle Andalu.mp3.wav,362,10
29e6fffe094236a2e62021cd3a2200f2,output,fake,sovits,anime_energetic_idol_044_076_Ma Palle Andalu.mp3.wav,363,10
9008dc96fc50e6fec0aa5cb36d8c0b09,output,fake,sovits,anime_energetic_idol_044_076_Ma Palle Andalu.mp3.wav,364,10
77c52795056af46b9891f3f5df665068,output,fake,sovits,anime_energetic_idol_044_076_Ma Palle Andalu.mp3.wav,365,10
69e6e2ba58b1c47ae6c0568ec3e7beac,output,fake,sovits,anime_energetic_idol_044_076_Ma Palle Andalu.mp3.wav,366,10
f1ffab7d1e03c4489b4c39636d172712,output,fake,sovits,anime_energetic_idol_044_076_Ma Palle Andalu.mp3.wav,367,10
d0d9948a2b6f7085030d853b3102049b,output,fake,sovits,anime_energetic_idol_044_076_Ma Palle Andalu.mp3.wav,368,10
199552e712711cda6b3fbbfee317a101,output,fake,sovits,anime_energetic_idol_044_076_Ma Palle Andalu.mp3.wav,369,10
227978f17cb5f8a6304a2f868b65c9c8,output,fake,sovits,anime_energetic_idol_044_076_Ma Palle Andalu.mp3.wav,370,10
2754ee05f45ab7e7c0ac930e5c375f0b,output,fake,sovits,anime_energetic_idol_044_076_Ma Palle Andalu.mp3.wav,371,10
7ab784f3641480e51860adcd7dab2d17,output,fake,sovits,anime_energetic_idol_044_076_Ma Palle Andalu.mp3.wav,372,10
75568632950af348dae501c30f931c14,output,fake,sovits,anime_energetic_idol_044_076_Ma Palle Andalu.mp3.wav,373,10
9098cda12a2a7b4b74b2301f2f8fb310,output,fake,sovits,anime_energetic_idol_044_076_Ma Palle Andalu.mp3.wav,374,10
e2602b7990d11cb1af930242183e0447,output,fake,sovits,anime_energetic_idol_044_076_Ma Palle Andalu.mp3.wav,375,10
df3f3086e21a5c9b160e46aac6e06069,output,fake,sovits,anime_energetic_idol_044_076_Ma Palle Andalu.mp3.wav,376,10
70b1dd98aa11ac258b4386dbe12d5286,output,fake,sovits,anime_energetic_idol_044_076_Ma Palle Andalu.mp3.wav,377,10
05442ec921b63b545e83e4687b94b1bf,output,fake,sovits,anime_energetic_idol_044_076_Ma Palle Andalu.mp3.wav,378,10
a110af5683b96650b2823a4467a58095,output,fake,sovits,anime_energetic_idol_044_076_Ma Palle Andalu.mp3.wav,379,10
0b78d3b6dd9e9bb75bc40061baf3e706,output,fake,sovits,anime_energetic_idol_044_076_Ma Palle Andalu.mp3.wav,380,10
88a2f2bc59f2dfa7601d308ab1754cb7,output,fake,sovits,anime_energetic_idol_044_076_Ma Palle Andalu.mp3.wav,381,10
2a73bd902f1d19fcc8e4c6ab8a5ead0b,output,fake,sovits,anime_energetic_idol_044_076_Ma Palle Andalu.mp3.wav,382,10
c86c3fc62ead24868fc2644f5e2fd82d,output,fake,sovits,anime_energetic_idol_044_076_Ma Palle Andalu.mp3.wav,383,10
22160591c8960baf6ff09f3421ee6df7,output,fake,sovits,anime_energetic_idol_044_076_Ma Palle Andalu.mp3.wav,384,10
310607c89fac4a463b6b268119a8bffc,output,fake,sovits,anime_energetic_idol_044_076_Ma Palle Andalu.mp3.wav,385,10
e6ec765e3d243acffffd8adac409ee01,output,fake,sovits,anime_energetic_idol_044_076_Ma Palle Andalu.mp3.wav,386,10
03ded7f7dd9d7b2fdc70b6c4c87f4e7f,output,fake,sovits,anime_energetic_idol_044_076_Ma Palle Andalu.mp3.wav,387,10
f108194a3aa1f5f11e765933ac64a14f,output,fake,sovits,anime_energetic_idol_044_076_Ma Palle Andalu.mp3.wav,388,10
9e00c727d77d6f44dbcda76804e918f4,output,fake,sovits,anime_energetic_idol_044_076_Ma Palle Andalu.mp3.wav,389,10
cc2223558d218556e114492d6ee3f622,output,fake,sovits,anime_energetic_idol_044_076_Ma Palle Andalu.mp3.wav,390,10
94a6c24bcca1c4ff579886241258cebe,output,fake,sovits,anime_energetic_idol_044_076_Ma Palle Andalu.mp3.wav,391,10
6e9fdc538316ff7dbd47bf37e43ff469,output,fake,sovits,anime_energetic_idol_044_076_Ma Palle Andalu.mp3.wav,392,10
267737ca528722a0cff458c90b465bef,output,fake,sovits,anime_energetic_idol_044_076_Ma Palle Andalu.mp3.wav,393,10
151012d9983146f9bd48cff497e2e44c,output,fake,sovits,anime_energetic_idol_044_076_Ma Palle Andalu.mp3.wav,394,10
9f28ed205a3ed9caaca07b4e15b8e607,output,fake,sovits,anime_energetic_idol_044_076_Ma Palle Andalu.mp3.wav,395,10
1be7caa36df3456c2fe6ae6200952f20,output,fake,sovits,anime_energetic_idol_044_076_Ma Palle Andalu.mp3.wav,396,10
597fdb08551177f1e1107ca204dfff41,output,fake,sovits,anime_energetic_idol_044_076_Ma Palle Andalu.mp3.wav,397,10
a2b7a67c781e5a5625ae7708e7beddb5,output,fake,sovits,anime_energetic_idol_044_076_Ma Palle Andalu.mp3.wav,398,10
0416c9f57e4d1cb5a45a2d4db393c877,output,fake,sovits,anime_energetic_idol_044_076_Ma Palle Andalu.mp3.wav,399,10
21d9468d87bbc52a40fe053fe0c79ca2,output,fake,sovits,anime_energetic_idol_044_076_Ma Palle Andalu.mp3.wav,400,10
4f46da60d086b599cc3a69e6bffad5a1,output,fake,sovits,anime_energetic_idol_044_076_Ma Palle Andalu.mp3.wav,401,10
f082179a3f9f1ddd0f15148d4e8bbbb5,output,fake,sovits,anime_energetic_idol_044_076_Ma Palle Andalu.mp3.wav,402,10
fee31cb31841de4633a772adbcb6cf86,output,fake,sovits,anime_energetic_idol_044_076_Ma Palle Andalu.mp3.wav,403,10
4df8bfebeb40b3ec9e40635c2f4a411e,output,fake,sovits,anime_energetic_idol_044_076_Ma Palle Andalu.mp3.wav,404,10
5e0978c6b5f93e1a35a9d51ba2afada4,output,fake,sovits,anime_energetic_idol_044_076_Ma Palle Andalu.mp3.wav,405,10
c0484899221930a204c711e32e7f6e6b,output,fake,sovits,anime_energetic_idol_044_076_Ma Palle Andalu.mp3.wav,406,10
e50ffbbb773e9ad45258c0270ad28144,output,fake,sovits,anime_energetic_idol_044_076_Ma Palle Andalu.mp3.wav,407,10
b207bd4a342c1125de111971937a0091,output,fake,sovits,anime_energetic_idol_044_076_Ma Palle Andalu.mp3.wav,408,10
073e79fe5ba563e9404639577edd4d90,output,fake,sovits,anime_energetic_idol_044_076_Ma Palle Andalu.mp3.wav,409,10
fac7b8f2dac41daf0ba0745feb185dac,output,fake,sovits,anime_energetic_idol_044_076_Ma Palle Andalu.mp3.wav,410,10
eca13c316781acafa005f48c88e86cbe,output,fake,sovits,anime_energetic_idol_044_076_Ma Palle Andalu.mp3.wav,411,10
79f64eb03af180f9963c8abaeed10a26,output,fake,sovits,anime_energetic_idol_044_076_Ma Palle Andalu.mp3.wav,412,10
6ffb52a6e576f8f8b828bb928be5d0ac,output,fake,sovits,anime_energetic_idol_044_076_Ma Palle Andalu.mp3.wav,413,10
dfd5052d324ae7a9c9d3b99c87b992eb,output,fake,sovits,anime_energetic_idol_044_076_Ma Palle Andalu.mp3.wav,414,10
91512310f7f5087d1219fd206f6168d7,output,fake,sovits,anime_energetic_idol_044_076_Ma Palle Andalu.mp3.wav,415,10
02acd4fff5c09673d75103124db31360,output,fake,sovits,anime_energetic_idol_044_076_Ma Palle Andalu.mp3.wav,416,10
4dbcb922f7b3e35d01c91843040783cc,output,fake,sovits,anime_energetic_idol_044_076_Ma Palle Andalu.mp3.wav,417,10
66126a89fca3eb9bf58c800f0d59e903,output,fake,sovits,anime_energetic_idol_044_076_Ma Palle Andalu.mp3.wav,418,10
30f41954641ce79af0c4f6becc184407,output,fake,sovits,anime_energetic_idol_044_076_Ma Palle Andalu.mp3.wav,419,10
758c6d906b69ddf64bd0526dfc90f53c,output,fake,sovits,anime_energetic_idol_044_076_Ma Palle Andalu.mp3.wav,420,10
be53b42fc7a08d11fbc9306ccdfc380c,output,fake,sovits,anime_energetic_idol_044_076_Ma Palle Andalu.mp3.wav,421,10
8834ffda6e2b35e95287d18a8361c589,output,fake,sovits,anime_energetic_idol_044_076_Ma Palle Andalu.mp3.wav,422,10
cc3d4e9ec3ed200295ade0358dcabc68,output,fake,sovits,anime_energetic_idol_044_076_Ma Palle Andalu.mp3.wav,423,10
c002f1c33b612ea639d4d5d1813e7d12,output,fake,sovits,anime_energetic_idol_044_076_Ma Palle Andalu.mp3.wav,424,10
66fbfa75495312b08b50a0809518e37c,output,fake,sovits,anime_energetic_idol_044_076_Ma Palle Andalu.mp3.wav,425,10
4eea5c329797f922756bed17e6a19284,output,fake,sovits,anime_soft_anime_045_077_Garibolla Kanneeti Gaadhalu.mp3.wav,0,10
5714b513fbadc60a49b347fd32ad67a7,output,fake,sovits,anime_soft_anime_045_077_Garibolla Kanneeti Gaadhalu.mp3.wav,1,10
3c9cfafa85d49feb16e6b12bbe484c7b,output,fake,sovits,anime_soft_anime_045_077_Garibolla Kanneeti Gaadhalu.mp3.wav,2,10
160d8a9e16b3c56c0208a23df5079fa0,output,fake,sovits,anime_soft_anime_045_077_Garibolla Kanneeti Gaadhalu.mp3.wav,3,10
ed9e25df3e6518002e4fcc3063c3f244,output,fake,sovits,anime_soft_anime_045_077_Garibolla Kanneeti Gaadhalu.mp3.wav,4,10
b1cd615eef6326e5ba1ce9b07c850782,output,fake,sovits,anime_soft_anime_045_077_Garibolla Kanneeti Gaadhalu.mp3.wav,5,10
3c1fb03bbedd97740ce85f153e534320,output,fake,sovits,anime_soft_anime_045_077_Garibolla Kanneeti Gaadhalu.mp3.wav,6,10
5c3cac2f9197da7bf819ca4887261dc2,output,fake,sovits,anime_soft_anime_045_077_Garibolla Kanneeti Gaadhalu.mp3.wav,7,10
4b62ca0cc38a8de7ec05c0a463ded184,output,fake,sovits,anime_soft_anime_045_077_Garibolla Kanneeti Gaadhalu.mp3.wav,8,10
4a9d04d9e37ae6b2f8f75d275f62cc30,output,fake,sovits,anime_soft_anime_045_077_Garibolla Kanneeti Gaadhalu.mp3.wav,9,10
8ce96d23ed20598a31e70c15d95466f6,output,fake,sovits,anime_soft_anime_045_077_Garibolla Kanneeti Gaadhalu.mp3.wav,10,10
12a150bb788d5dbb7eeae016aa244123,output,fake,sovits,anime_soft_anime_045_077_Garibolla Kanneeti Gaadhalu.mp3.wav,11,10
b71aefc15263b67963b5daa3496864d9,output,fake,sovits,anime_soft_anime_045_077_Garibolla Kanneeti Gaadhalu.mp3.wav,12,10
6bf70eb1c10650567418b32c157b9efd,output,fake,sovits,anime_soft_anime_045_077_Garibolla Kanneeti Gaadhalu.mp3.wav,13,10
b58e95e3a13e86b89a68acb29dddda46,output,fake,sovits,anime_soft_anime_045_077_Garibolla Kanneeti Gaadhalu.mp3.wav,14,10
7047c9860b99057c6b6bc6dcc26ff1b0,output,fake,sovits,anime_soft_anime_045_077_Garibolla Kanneeti Gaadhalu.mp3.wav,15,10
a6e2d8d212cffc53b2f8c32123674fa7,output,fake,sovits,anime_soft_anime_045_077_Garibolla Kanneeti Gaadhalu.mp3.wav,16,10
fcab6a2fc53462ed6d0b3d278831db97,output,fake,sovits,anime_soft_anime_045_077_Garibolla Kanneeti Gaadhalu.mp3.wav,17,10
351ae7e9fa2ccc6e8f51df0d63133eba,output,fake,sovits,anime_soft_anime_045_077_Garibolla Kanneeti Gaadhalu.mp3.wav,18,10
9f885f1ed9fdd2d5f53ddf4c100969ad,output,fake,sovits,anime_soft_anime_045_077_Garibolla Kanneeti Gaadhalu.mp3.wav,19,10
e4aa90efae6c5a263803ca18c442bba8,output,fake,sovits,anime_soft_anime_045_077_Garibolla Kanneeti Gaadhalu.mp3.wav,20,10
e37d5d4f9e9a28693134966109775247,output,fake,sovits,anime_soft_anime_045_077_Garibolla Kanneeti Gaadhalu.mp3.wav,21,10
b91479659cc70e335b2c9d97bf35e1e3,output,fake,sovits,anime_soft_anime_045_077_Garibolla Kanneeti Gaadhalu.mp3.wav,22,10
313b6f71682038d90875077ddbbd4b0e,output,fake,sovits,anime_soft_anime_045_077_Garibolla Kanneeti Gaadhalu.mp3.wav,23,10
a9c7bc6d4ae56d6c408d4fe7661adecd,output,fake,sovits,anime_soft_anime_045_077_Garibolla Kanneeti Gaadhalu.mp3.wav,24,10
c201d7d2ef58812f67d3da833f7b725c,output,fake,sovits,anime_soft_anime_045_077_Garibolla Kanneeti Gaadhalu.mp3.wav,25,10
30b1ac3d0ba6fbecfab0e5658d060a1c,output,fake,sovits,anime_soft_anime_045_077_Garibolla Kanneeti Gaadhalu.mp3.wav,26,10
f81f6956ae9fc25dd55edff4bfb28e68,output,fake,sovits,anime_soft_anime_045_077_Garibolla Kanneeti Gaadhalu.mp3.wav,27,10
a0249cb24bf33b164f7f58f2ca8dcb79,output,fake,sovits,anime_soft_anime_045_077_Garibolla Kanneeti Gaadhalu.mp3.wav,28,10
a0b32e463f081a661df6d0f4e30c4ce5,output,fake,sovits,anime_soft_anime_045_077_Garibolla Kanneeti Gaadhalu.mp3.wav,29,10
8ff24793570248210a8ee3d58aff726b,output,fake,sovits,anime_soft_anime_045_077_Garibolla Kanneeti Gaadhalu.mp3.wav,30,10
6c3e82a585b0a2288fdabfb2512a0021,output,fake,sovits,anime_soft_anime_045_077_Garibolla Kanneeti Gaadhalu.mp3.wav,31,10
c069bbbb6235ac102d9c7c5464060ee1,output,fake,sovits,anime_soft_anime_045_077_Garibolla Kanneeti Gaadhalu.mp3.wav,32,10
e6d20fa42487541066f92b024fde58d9,output,fake,sovits,anime_soft_anime_045_077_Garibolla Kanneeti Gaadhalu.mp3.wav,33,10
c8a1ff749fcf271491012e0ff3579ecd,output,fake,sovits,anime_soft_anime_045_077_Garibolla Kanneeti Gaadhalu.mp3.wav,34,10
7249230a9c72502a7e844f77e2699e8a,output,fake,sovits,anime_soft_anime_045_077_Garibolla Kanneeti Gaadhalu.mp3.wav,35,10
e89253fbe2cfcba41b89938f3c295882,output,fake,sovits,anime_soft_anime_045_077_Garibolla Kanneeti Gaadhalu.mp3.wav,36,10
bd1da8d937d24c0a24bddb7103c53f90,output,fake,sovits,anime_soft_anime_045_077_Garibolla Kanneeti Gaadhalu.mp3.wav,37,10
9364e1040e96217e24d9435de278fdae,output,fake,sovits,anime_soft_anime_045_077_Garibolla Kanneeti Gaadhalu.mp3.wav,38,10
8d3345777abd44bee008b5f494cb024f,output,fake,sovits,anime_soft_anime_045_077_Garibolla Kanneeti Gaadhalu.mp3.wav,39,10
82678f9b2458be136af083d7c961be55,output,fake,sovits,anime_soft_anime_045_077_Garibolla Kanneeti Gaadhalu.mp3.wav,40,10
3e1a43d3dc0c66f407a23785acea024f,output,fake,sovits,anime_soft_anime_045_077_Garibolla Kanneeti Gaadhalu.mp3.wav,41,10
2f9517217c17c1252c3c6225b90bf24a,output,fake,sovits,anime_soft_anime_045_077_Garibolla Kanneeti Gaadhalu.mp3.wav,42,10
c3f69f8e4581d7344d190cfb007ae839,output,fake,sovits,anime_soft_anime_045_077_Garibolla Kanneeti Gaadhalu.mp3.wav,43,10
97e7fba37490a158dac4f5c7d1d44096,output,fake,sovits,anime_soft_anime_045_077_Garibolla Kanneeti Gaadhalu.mp3.wav,44,10
127bd10e881eabbed980e6a1b4dc4077,output,fake,sovits,anime_soft_anime_045_077_Garibolla Kanneeti Gaadhalu.mp3.wav,45,10
29d8de68b0f940dbcab11208661f2238,output,fake,sovits,anime_soft_anime_045_077_Garibolla Kanneeti Gaadhalu.mp3.wav,46,10
3c637644ca80815be8c356e2fcdb0d9a,output,fake,sovits,anime_soft_anime_045_077_Garibolla Kanneeti Gaadhalu.mp3.wav,47,10
cc9ce1a8353a147c574667c3c32726d8,output,fake,sovits,anime_soft_anime_045_077_Garibolla Kanneeti Gaadhalu.mp3.wav,48,10
98c553c9a5885fb205e90a781bc7aeb4,output,fake,sovits,anime_soft_anime_045_077_Garibolla Kanneeti Gaadhalu.mp3.wav,49,10
112654673c2c7280c9dcb35a6ae2af6e,output,fake,sovits,anime_soft_anime_045_077_Garibolla Kanneeti Gaadhalu.mp3.wav,50,10
408e69f7a7f08d8910043559738a65d8,output,fake,sovits,anime_soft_anime_045_077_Garibolla Kanneeti Gaadhalu.mp3.wav,51,10
50a33ffd8322268969cc500052dd59bc,output,fake,sovits,anime_soft_anime_045_077_Garibolla Kanneeti Gaadhalu.mp3.wav,52,10
36bb364c671052f1909106b94671f348,output,fake,sovits,anime_soft_anime_045_077_Garibolla Kanneeti Gaadhalu.mp3.wav,53,10
04949c7d7bcaa236e99ce55570e14a7f,output,fake,sovits,anime_soft_anime_045_077_Garibolla Kanneeti Gaadhalu.mp3.wav,54,10
7372352c807b6013153ef1fbad3fa7db,output,fake,sovits,anime_soft_anime_045_077_Garibolla Kanneeti Gaadhalu.mp3.wav,55,10
482a7885881bb19f3c14120136cab6e3,output,fake,sovits,anime_soft_anime_045_077_Garibolla Kanneeti Gaadhalu.mp3.wav,56,10
02356ec7a4c07420f73fb8652d534371,output,fake,sovits,anime_soft_anime_045_077_Garibolla Kanneeti Gaadhalu.mp3.wav,57,10
6488761b982ba33b0285cbfb30218c60,output,fake,sovits,anime_soft_anime_045_077_Garibolla Kanneeti Gaadhalu.mp3.wav,58,10
a9e5981035638f4d8aa76f16959e6a50,output,fake,sovits,anime_soft_anime_045_077_Garibolla Kanneeti Gaadhalu.mp3.wav,59,10
b2e67d315c82fcb1b96e7fb0642c0962,output,fake,sovits,anime_soft_anime_045_077_Garibolla Kanneeti Gaadhalu.mp3.wav,60,10
a65c844b1758f9c636faa24300b291bb,output,fake,sovits,anime_soft_anime_045_077_Garibolla Kanneeti Gaadhalu.mp3.wav,61,10
fe620984c9a2dc78a34749a3cece2c24,output,fake,sovits,anime_soft_anime_045_077_Garibolla Kanneeti Gaadhalu.mp3.wav,62,10
266901bed67e1ac27bef035942485749,output,fake,sovits,anime_soft_anime_045_077_Garibolla Kanneeti Gaadhalu.mp3.wav,63,10
1705a0347e78b5f59c8e17ab10c8653c,output,fake,sovits,anime_soft_anime_045_077_Garibolla Kanneeti Gaadhalu.mp3.wav,64,10
a62ec0684487579cf345ed1e8dd4c45d,output,fake,sovits,anime_soft_anime_045_077_Garibolla Kanneeti Gaadhalu.mp3.wav,65,10
55c235e9b6c29294c40609dd9a43bed8,output,fake,sovits,anime_soft_anime_045_077_Garibolla Kanneeti Gaadhalu.mp3.wav,66,10
852fd773679da7a6fe483b628b398f44,output,fake,sovits,anime_soft_anime_045_077_Garibolla Kanneeti Gaadhalu.mp3.wav,67,10
731dd1b60b98bf854b3879b35018a530,output,fake,sovits,anime_soft_anime_045_077_Garibolla Kanneeti Gaadhalu.mp3.wav,68,10
7086decb0ad934acdde888e72c6ff492,output,fake,sovits,anime_soft_anime_045_077_Garibolla Kanneeti Gaadhalu.mp3.wav,69,10
4f24a328d99ca82ccf2ee9b0f0f9bb20,output,fake,sovits,anime_soft_anime_045_077_Garibolla Kanneeti Gaadhalu.mp3.wav,70,10
3126a50d91fa0226d8b4601f0fdcde62,output,fake,sovits,anime_soft_anime_045_077_Garibolla Kanneeti Gaadhalu.mp3.wav,71,10
32225d8dd2ce23f272a95fe35dd93946,output,fake,sovits,anime_soft_anime_045_077_Garibolla Kanneeti Gaadhalu.mp3.wav,72,10
4a97de95854af7982a595d915820a91d,output,fake,sovits,anime_soft_anime_045_077_Garibolla Kanneeti Gaadhalu.mp3.wav,73,10
e1d4007328dc43abe54c9ca7957f5cc6,output,fake,sovits,anime_soft_anime_045_077_Garibolla Kanneeti Gaadhalu.mp3.wav,74,10
f5fe2ff1e06ecad8517adb3cee356ed5,output,fake,sovits,anime_soft_anime_045_077_Garibolla Kanneeti Gaadhalu.mp3.wav,75,10
f23f36aa6e919d8329090d9e02fe776d,output,fake,sovits,anime_soft_anime_045_077_Garibolla Kanneeti Gaadhalu.mp3.wav,76,10
8aab1c1ca7ddd1f8502cc068d507cf58,output,fake,sovits,anime_soft_anime_045_077_Garibolla Kanneeti Gaadhalu.mp3.wav,77,10
c0252e9ed004d999c2c67c700132027d,output,fake,sovits,anime_soft_anime_045_077_Garibolla Kanneeti Gaadhalu.mp3.wav,78,10
a700666566c86df5f2fa83d22f5ba089,output,fake,sovits,anime_soft_anime_045_077_Garibolla Kanneeti Gaadhalu.mp3.wav,79,10
8aec0e158846f368fab3996f7e5a47f6,output,fake,sovits,anime_soft_anime_045_077_Garibolla Kanneeti Gaadhalu.mp3.wav,80,10
22cb04cb7631c40c23ff3d077430d8cd,output,fake,sovits,anime_soft_anime_045_077_Garibolla Kanneeti Gaadhalu.mp3.wav,81,10
df15470144fc4e179c4e5eb3d63529b8,output,fake,sovits,anime_soft_anime_045_077_Garibolla Kanneeti Gaadhalu.mp3.wav,82,10
6ca26dc4de24f01e95015c9a0d5c8797,output,fake,sovits,anime_soft_anime_045_077_Garibolla Kanneeti Gaadhalu.mp3.wav,83,10
17d4b42684ff1eb399c3a847071d5a7d,output,fake,sovits,anime_soft_anime_045_077_Garibolla Kanneeti Gaadhalu.mp3.wav,84,10
9fa9c517a6f2b91cd3690c74f0c92d5d,output,fake,sovits,anime_soft_anime_045_077_Garibolla Kanneeti Gaadhalu.mp3.wav,85,10
a38a3efb0e7a5a763d67c446ce74d0b2,output,fake,sovits,anime_soft_anime_045_077_Garibolla Kanneeti Gaadhalu.mp3.wav,86,10
c151033e85c3b1aed6e887064e88c352,output,fake,sovits,anime_soft_anime_045_077_Garibolla Kanneeti Gaadhalu.mp3.wav,87,10
32fd9f65f52848431ae6f3ef38398d5f,output,fake,sovits,anime_soft_anime_045_077_Garibolla Kanneeti Gaadhalu.mp3.wav,88,10
a1db7d50c7d3b2eb026b6f78f365d995,output,fake,sovits,anime_soft_anime_045_077_Garibolla Kanneeti Gaadhalu.mp3.wav,89,10
79860e44c80cf85b97ab49a6cec22e79,output,fake,sovits,anime_soft_anime_045_077_Garibolla Kanneeti Gaadhalu.mp3.wav,90,10
5248dacc78198ac18b48e3a7bf39fe65,output,fake,sovits,anime_soft_anime_045_077_Garibolla Kanneeti Gaadhalu.mp3.wav,91,10
cc5a8fceecab2ba38425833245442a28,output,fake,sovits,anime_soft_anime_045_077_Garibolla Kanneeti Gaadhalu.mp3.wav,92,10
decba5dd8a122eafb5df7e35fd6e59c4,output,fake,sovits,anime_soft_anime_045_077_Garibolla Kanneeti Gaadhalu.mp3.wav,93,10
eb62d8722b8f3bc55ae3cb53e7c372a4,output,fake,sovits,anime_soft_anime_045_077_Garibolla Kanneeti Gaadhalu.mp3.wav,94,10
3136736c062ed599f77c04a3431017ac,output,fake,sovits,anime_soft_anime_045_077_Garibolla Kanneeti Gaadhalu.mp3.wav,95,10
4ba08b75fe47ccb13b93f48d38818232,output,fake,sovits,anime_soft_anime_045_077_Garibolla Kanneeti Gaadhalu.mp3.wav,96,10
c415ac92d75a36d6314a9751d57916a1,output,fake,sovits,anime_soft_anime_045_077_Garibolla Kanneeti Gaadhalu.mp3.wav,97,10
0525e57fa9a7ddda1d192894cecc17ba,output,fake,sovits,anime_soft_anime_045_077_Garibolla Kanneeti Gaadhalu.mp3.wav,98,10
9ca0379b9091ec2d640ae8cdbba6a703,output,fake,sovits,anime_soft_anime_045_077_Garibolla Kanneeti Gaadhalu.mp3.wav,99,10
9f7c8099f9621fb4039822a176a3e7bb,output,fake,sovits,anime_soft_anime_045_077_Garibolla Kanneeti Gaadhalu.mp3.wav,100,10
969eeb0292b9f1ae5fd673aea7c0ec21,output,fake,sovits,anime_soft_anime_045_077_Garibolla Kanneeti Gaadhalu.mp3.wav,101,10
0f31f61e770baf1905d9361b8e2761f1,output,fake,sovits,anime_soft_anime_045_077_Garibolla Kanneeti Gaadhalu.mp3.wav,102,10
62657e5490e0ba3c89bd80f7e7e01b35,output,fake,sovits,anime_soft_anime_045_077_Garibolla Kanneeti Gaadhalu.mp3.wav,103,10
4f17c0d86929cf1beb15b518e3cd4a99,output,fake,sovits,anime_soft_anime_045_077_Garibolla Kanneeti Gaadhalu.mp3.wav,104,10
cf801dbbc6605cf7d6a612294af6dff5,output,fake,sovits,anime_soft_anime_045_077_Garibolla Kanneeti Gaadhalu.mp3.wav,105,10
14dd5feef03fa15616b355ff01931ffc,output,fake,sovits,anime_soft_anime_045_077_Garibolla Kanneeti Gaadhalu.mp3.wav,106,10
6fbdf9ea6e66c6528b138bd74dc66163,output,fake,sovits,anime_soft_anime_045_077_Garibolla Kanneeti Gaadhalu.mp3.wav,107,10
b8fcfbbaaca7b25267d482909a93a7b0,output,fake,sovits,anime_soft_anime_045_077_Garibolla Kanneeti Gaadhalu.mp3.wav,108,10
6dbf68484c1adf37a9b70d259fbf8382,output,fake,sovits,anime_soft_anime_045_077_Garibolla Kanneeti Gaadhalu.mp3.wav,109,10
db5157a87eb922de8ef40be1c32a2d84,output,fake,sovits,anime_soft_anime_045_077_Garibolla Kanneeti Gaadhalu.mp3.wav,110,10
5b738209eeef6696d1e62479808cc88c,output,fake,sovits,anime_soft_anime_045_077_Garibolla Kanneeti Gaadhalu.mp3.wav,111,10
a534124e1cb4923692a29349a10439e0,output,fake,sovits,anime_soft_anime_045_077_Garibolla Kanneeti Gaadhalu.mp3.wav,112,10
4056148c191043780c41209eb97a05be,output,fake,sovits,anime_soft_anime_045_077_Garibolla Kanneeti Gaadhalu.mp3.wav,113,10
e8a4ea4d863accdc0fb9c608a253a3a2,output,fake,sovits,anime_soft_anime_045_077_Garibolla Kanneeti Gaadhalu.mp3.wav,114,10
8992cf99a932d13ff89515c548324c65,output,fake,sovits,anime_soft_anime_045_077_Garibolla Kanneeti Gaadhalu.mp3.wav,115,10
0fac23a6c8ef91fc94f9169902b806d4,output,fake,sovits,anime_soft_anime_045_077_Garibolla Kanneeti Gaadhalu.mp3.wav,116,10
8d5c86695553b41c75f3a6a82f60cc7a,output,fake,sovits,anime_soft_anime_045_077_Garibolla Kanneeti Gaadhalu.mp3.wav,117,10
26ba6a390da40c695110dc5d251aea07,output,fake,sovits,anime_soft_anime_045_077_Garibolla Kanneeti Gaadhalu.mp3.wav,118,10
1486d6707aa170a5452888dcc6ff87a2,output,fake,sovits,anime_soft_anime_045_077_Garibolla Kanneeti Gaadhalu.mp3.wav,119,10
f81e555ba280526fcec66d62f6f8789f,output,fake,sovits,anime_soft_anime_045_077_Garibolla Kanneeti Gaadhalu.mp3.wav,120,10
338c7e756d952ae8ec054335105ed837,output,fake,sovits,anime_soft_anime_045_077_Garibolla Kanneeti Gaadhalu.mp3.wav,121,10
cb19859bb8c3855dff1b7fbce771c794,output,fake,sovits,anime_soft_anime_045_077_Garibolla Kanneeti Gaadhalu.mp3.wav,122,10
b2eec1bb901cec59f2b8762147dea7d9,output,fake,sovits,anime_soft_anime_045_077_Garibolla Kanneeti Gaadhalu.mp3.wav,123,10
ffbaeb7f95d67e933a8d9bf60477e8ad,output,fake,sovits,anime_soft_anime_045_077_Garibolla Kanneeti Gaadhalu.mp3.wav,124,10
89659da605d959f598a39eff2dd2d4c2,output,fake,sovits,anime_soft_anime_045_077_Garibolla Kanneeti Gaadhalu.mp3.wav,125,10
69b7d2737bb554cd96b008eebbc1e72a,output,fake,sovits,anime_soft_anime_045_077_Garibolla Kanneeti Gaadhalu.mp3.wav,126,10
bf1f463c8f12fe94fe97bfe5a469ebf3,output,fake,sovits,anime_soft_anime_045_077_Garibolla Kanneeti Gaadhalu.mp3.wav,127,10
64d3cb2a396e8aae5a1e9542280a6c78,output,fake,sovits,anime_soft_anime_045_077_Garibolla Kanneeti Gaadhalu.mp3.wav,128,10
67974779f6f023833ad13ce0dee7b193,output,fake,sovits,anime_soft_anime_045_077_Garibolla Kanneeti Gaadhalu.mp3.wav,129,10
d50918aca06d0e4fca4ece193e7d8c1d,output,fake,sovits,anime_soft_anime_045_077_Garibolla Kanneeti Gaadhalu.mp3.wav,130,10
877a704863860190f19b93252d186d22,output,fake,sovits,anime_soft_anime_045_077_Garibolla Kanneeti Gaadhalu.mp3.wav,131,10
8196915be8361158eb32ff69c1bab668,output,fake,sovits,anime_soft_anime_045_077_Garibolla Kanneeti Gaadhalu.mp3.wav,132,10
e5129835a5a460f35a45b7f14352511d,output,fake,sovits,anime_soft_anime_045_077_Garibolla Kanneeti Gaadhalu.mp3.wav,133,10
cffbac83316dbd63a30a2b79d181e36a,output,fake,sovits,anime_soft_anime_045_077_Garibolla Kanneeti Gaadhalu.mp3.wav,134,10
9604d351e84066cf7bf797c8098f0c7f,output,fake,sovits,anime_soft_anime_045_077_Garibolla Kanneeti Gaadhalu.mp3.wav,135,10
48db674c5353ddbdca4cafef30e6dbf5,output,fake,sovits,anime_soft_anime_045_077_Garibolla Kanneeti Gaadhalu.mp3.wav,136,10
7563db4f2f4431fccef39faa5ddc31f4,output,fake,sovits,anime_soft_anime_045_077_Garibolla Kanneeti Gaadhalu.mp3.wav,137,10
02e9e0b0674f981294491f8714e6904f,output,fake,sovits,anime_soft_anime_045_077_Garibolla Kanneeti Gaadhalu.mp3.wav,138,10
2b5a17ce7d2905f37fda633c8e34358f,output,fake,sovits,anime_soft_anime_045_077_Garibolla Kanneeti Gaadhalu.mp3.wav,139,10
8abd61a4d6450163d97b29f87f709763,output,fake,sovits,anime_soft_anime_045_077_Garibolla Kanneeti Gaadhalu.mp3.wav,140,10
19e60a8f3602fc21debbe2da4d0273b4,output,fake,sovits,anime_soft_anime_045_077_Garibolla Kanneeti Gaadhalu.mp3.wav,141,10
65f939c3d4a6feac1e8fb5df8f0a105c,output,fake,sovits,anime_soft_anime_045_077_Garibolla Kanneeti Gaadhalu.mp3.wav,142,10
4d3e94693e140c1f7c548dba6a9e4066,output,fake,sovits,anime_soft_anime_045_077_Garibolla Kanneeti Gaadhalu.mp3.wav,143,10
1e2c5ba16c5393428023d6b2a6398ec0,output,fake,sovits,anime_soft_anime_045_077_Garibolla Kanneeti Gaadhalu.mp3.wav,144,10
bc9d226595687ef2a935f9f5c98092c5,output,fake,sovits,anime_soft_anime_045_077_Garibolla Kanneeti Gaadhalu.mp3.wav,145,10
43eec90156762a49ac3674d1edb97630,output,fake,sovits,anime_soft_anime_045_077_Garibolla Kanneeti Gaadhalu.mp3.wav,146,10
0330df6de7b41c8d1cd76b6e693644f6,output,fake,sovits,anime_soft_anime_045_077_Garibolla Kanneeti Gaadhalu.mp3.wav,147,10
6bd8ba7a0b44f55c2941b4d032d303e4,output,fake,sovits,anime_soft_anime_045_077_Garibolla Kanneeti Gaadhalu.mp3.wav,148,10
ebce52d12e6c24cadc11d4195ead1cae,output,fake,sovits,anime_soft_anime_045_077_Garibolla Kanneeti Gaadhalu.mp3.wav,149,10
2b666e33f8ae0c8ffe149452a32002f0,output,fake,sovits,anime_soft_anime_045_077_Garibolla Kanneeti Gaadhalu.mp3.wav,150,10
fe39da0fa2f088e40518c9d6e6c8bc10,output,fake,sovits,anime_soft_anime_045_077_Garibolla Kanneeti Gaadhalu.mp3.wav,151,10
4bdb974c47214405b29c97f6c120c6b8,output,fake,sovits,anime_soft_anime_045_077_Garibolla Kanneeti Gaadhalu.mp3.wav,152,10
a9f4cea1a435c610e72b9f7f33ec1bb2,output,fake,sovits,anime_soft_anime_045_077_Garibolla Kanneeti Gaadhalu.mp3.wav,153,10
1a5651b324812975fda93692ec8f026e,output,fake,sovits,anime_soft_anime_045_077_Garibolla Kanneeti Gaadhalu.mp3.wav,154,10
85de5ff4d624a4b7770d0182d5b92f6a,output,fake,sovits,anime_soft_anime_045_077_Garibolla Kanneeti Gaadhalu.mp3.wav,155,10
654ae2ccd3bd4ba708bb772986adfd4d,output,fake,sovits,anime_soft_anime_045_077_Garibolla Kanneeti Gaadhalu.mp3.wav,156,10
ce2b1e593186f584ff5bf02a0489cb71,output,fake,sovits,anime_soft_anime_045_077_Garibolla Kanneeti Gaadhalu.mp3.wav,157,10
8ddcdd1ebd08e5e1579e713a912b27e7,output,fake,sovits,anime_soft_anime_045_077_Garibolla Kanneeti Gaadhalu.mp3.wav,158,10
cc8e94da160acfb2e8dedc19c8579fcd,output,fake,sovits,anime_soft_anime_045_077_Garibolla Kanneeti Gaadhalu.mp3.wav,159,10
0c72ee882d525eb09184035279f52f03,output,fake,sovits,anime_soft_anime_045_077_Garibolla Kanneeti Gaadhalu.mp3.wav,160,10
e2c127b57e199faffd58c6d5e9cbc46b,output,fake,sovits,anime_soft_anime_045_077_Garibolla Kanneeti Gaadhalu.mp3.wav,161,10
faff400aa537e8fde07b64a6bf6b3f80,output,fake,sovits,anime_soft_anime_045_077_Garibolla Kanneeti Gaadhalu.mp3.wav,162,10
fd8874ae099b12766297b0a2ce4ab9d7,output,fake,sovits,anime_soft_anime_045_077_Garibolla Kanneeti Gaadhalu.mp3.wav,163,10
a4c23bb5e9055dd1d4eacdb5d8d0c27a,output,fake,sovits,anime_soft_anime_045_077_Garibolla Kanneeti Gaadhalu.mp3.wav,164,10
4de97f252e81df202bc777aec3c19fbe,output,fake,sovits,anime_soft_anime_045_077_Garibolla Kanneeti Gaadhalu.mp3.wav,165,10
30c0b78a8ab7f7ed3dfa69d39993dd25,output,fake,sovits,anime_soft_anime_045_077_Garibolla Kanneeti Gaadhalu.mp3.wav,166,10
e2cd9c6ee10d14f2c0105f22540d4fc8,output,fake,sovits,anime_soft_anime_045_077_Garibolla Kanneeti Gaadhalu.mp3.wav,167,10
010ea2d2b75253b9bcd2f05bd5220f3d,output,fake,sovits,anime_soft_anime_045_077_Garibolla Kanneeti Gaadhalu.mp3.wav,168,10
5f382b64e837481a051660a50c20512f,output,fake,sovits,anime_soft_anime_045_077_Garibolla Kanneeti Gaadhalu.mp3.wav,169,10
9eb2a1fbdbc2808cbb488d6ad32c5f83,output,fake,sovits,anime_soft_anime_045_077_Garibolla Kanneeti Gaadhalu.mp3.wav,170,10
c0465ef0beb7c9736ea160ba11eaeac7,output,fake,sovits,anime_soft_anime_045_077_Garibolla Kanneeti Gaadhalu.mp3.wav,171,10
8cd85d200b2565342868d4663def2197,output,fake,sovits,anime_soft_anime_045_077_Garibolla Kanneeti Gaadhalu.mp3.wav,172,10
6c7160d7cdd455afd16c2d589c2c7a30,output,fake,sovits,anime_soft_anime_045_077_Garibolla Kanneeti Gaadhalu.mp3.wav,173,10
2f32044473c969eb1641f9341262a7b2,output,fake,sovits,anime_soft_anime_045_077_Garibolla Kanneeti Gaadhalu.mp3.wav,174,10
599cccfae8ef5d00ea585cbffaf7af9c,output,fake,sovits,anime_soft_anime_045_077_Garibolla Kanneeti Gaadhalu.mp3.wav,175,10
1d2248424a7a13c4995826424c7efc96,output,fake,sovits,anime_soft_anime_045_077_Garibolla Kanneeti Gaadhalu.mp3.wav,176,10
f4b463bba5979cdf45cf04884a962795,output,fake,sovits,anime_soft_anime_045_077_Garibolla Kanneeti Gaadhalu.mp3.wav,177,10
4b4c5a2f9c491cc0c30bf8ff986c07f2,output,fake,sovits,anime_soft_anime_045_077_Garibolla Kanneeti Gaadhalu.mp3.wav,178,10
9024853e38ab8e0c3642e7d4fe4bb2e7,output,fake,sovits,anime_soft_anime_045_077_Garibolla Kanneeti Gaadhalu.mp3.wav,179,10
fff2509ea450cd7fa09a6cb613edda3f,output,fake,sovits,anime_soft_anime_045_077_Garibolla Kanneeti Gaadhalu.mp3.wav,180,10
01b5299643dfb03307568a04a828de92,output,fake,sovits,anime_soft_anime_045_077_Garibolla Kanneeti Gaadhalu.mp3.wav,181,10
99a4ed9c6f989058701feedcf3529e90,output,fake,sovits,anime_soft_anime_045_077_Garibolla Kanneeti Gaadhalu.mp3.wav,182,10
6f30efefaa07ad0671cd4f183e0e0b33,output,fake,sovits,anime_soft_anime_045_077_Garibolla Kanneeti Gaadhalu.mp3.wav,183,10
6aafe92de24bac028d4e87edcd43e6fb,output,fake,sovits,anime_soft_anime_045_077_Garibolla Kanneeti Gaadhalu.mp3.wav,184,10
a7a4b2aa1c017657f63733c598324471,output,fake,sovits,anime_soft_anime_045_077_Garibolla Kanneeti Gaadhalu.mp3.wav,185,10
d97aa304a0bd5670ae079c21b23745a8,output,fake,sovits,anime_soft_anime_045_077_Garibolla Kanneeti Gaadhalu.mp3.wav,186,10
bd7b1150ef310083f6b8bdd3aae12104,output,fake,sovits,anime_soft_anime_045_077_Garibolla Kanneeti Gaadhalu.mp3.wav,187,10
7073aab1fb032d7be19dedbda3e4e053,output,fake,sovits,anime_soft_anime_045_077_Garibolla Kanneeti Gaadhalu.mp3.wav,188,10
ce177961369277364d757ec905e199f3,output,fake,sovits,anime_soft_anime_045_077_Garibolla Kanneeti Gaadhalu.mp3.wav,189,10
4885b354938ffb4868b096466b629a44,output,fake,sovits,anime_soft_anime_045_077_Garibolla Kanneeti Gaadhalu.mp3.wav,190,10
476e2c24555a9782f501d774cdeff65c,output,fake,sovits,anime_soft_anime_045_077_Garibolla Kanneeti Gaadhalu.mp3.wav,191,10
7ec7a87f9d226bf6c728f93eede9ae96,output,fake,sovits,anime_soft_anime_045_077_Garibolla Kanneeti Gaadhalu.mp3.wav,192,10
f2f3e66ae84abae50e7ce8fc2e10759b,output,fake,sovits,anime_soft_anime_045_077_Garibolla Kanneeti Gaadhalu.mp3.wav,193,10
fcc544993b12d7d4e9f0844c4498c00e,output,fake,sovits,anime_soft_anime_045_077_Garibolla Kanneeti Gaadhalu.mp3.wav,194,10
fab1d4c58d301dd938465ddec758ec8f,output,fake,sovits,anime_soft_anime_045_077_Garibolla Kanneeti Gaadhalu.mp3.wav,195,10
7c0d3fff7070e7be5398ecb5f47f9dad,output,fake,sovits,anime_soft_anime_045_077_Garibolla Kanneeti Gaadhalu.mp3.wav,196,10
606ad238d057902326edcd339d6b03b1,output,fake,sovits,anime_soft_anime_045_077_Garibolla Kanneeti Gaadhalu.mp3.wav,197,10
b85b68e1e4b1b44775dfcf196ea3e09f,output,fake,sovits,anime_soft_anime_045_077_Garibolla Kanneeti Gaadhalu.mp3.wav,198,10
a35a93ec13beeaeb48f586c603f27764,output,fake,sovits,anime_soft_anime_045_077_Garibolla Kanneeti Gaadhalu.mp3.wav,199,10
a39efff4ef293c9572948463837efbf2,output,fake,sovits,anime_soft_anime_045_077_Garibolla Kanneeti Gaadhalu.mp3.wav,200,10
464ac3e54d7abfad754185a97caac8a0,output,fake,sovits,anime_soft_anime_045_077_Garibolla Kanneeti Gaadhalu.mp3.wav,201,10
6c76c1780005e84e717222e6fe0b3f87,output,fake,sovits,anime_soft_anime_045_077_Garibolla Kanneeti Gaadhalu.mp3.wav,202,10
af2d2698475cd6a45ece0a48764e1bdc,output,fake,sovits,anime_soft_anime_045_077_Garibolla Kanneeti Gaadhalu.mp3.wav,203,10
8648ada77b0ef04cc6895169477fc5be,output,fake,sovits,anime_soft_anime_045_077_Garibolla Kanneeti Gaadhalu.mp3.wav,204,10
872bf6a6a3ec2d81f7b945d1fb67f5e5,output,fake,sovits,anime_soft_anime_045_077_Garibolla Kanneeti Gaadhalu.mp3.wav,205,10
382192b9553ad38cc64d0e0f59c45002,output,fake,sovits,anime_soft_anime_045_077_Garibolla Kanneeti Gaadhalu.mp3.wav,206,10
48460053216f09164aa1e21ea9a80ad3,output,fake,sovits,anime_soft_anime_045_077_Garibolla Kanneeti Gaadhalu.mp3.wav,207,10
1e4eac3ec04ea3f9cf2d3476f084db43,output,fake,sovits,anime_soft_anime_045_077_Garibolla Kanneeti Gaadhalu.mp3.wav,208,10
188d44438bee99461f8e658c0ce8ddeb,output,fake,sovits,anime_soft_anime_045_077_Garibolla Kanneeti Gaadhalu.mp3.wav,209,10
fc3b060a39f9b7c3afcc57b5ad18e929,output,fake,sovits,anime_soft_anime_045_077_Garibolla Kanneeti Gaadhalu.mp3.wav,210,10
34a56772267d557f424e43891e486289,output,fake,sovits,anime_soft_anime_045_077_Garibolla Kanneeti Gaadhalu.mp3.wav,211,10
519854b29aa4545676fb238968667c90,output,fake,sovits,anime_soft_anime_045_077_Garibolla Kanneeti Gaadhalu.mp3.wav,212,10
8719edbf0bdcfdd57216d4273c490df7,output,fake,sovits,anime_soft_anime_045_077_Garibolla Kanneeti Gaadhalu.mp3.wav,213,10
64de956d5ba7d49cee2d0221fcb82172,output,fake,sovits,anime_soft_anime_045_077_Garibolla Kanneeti Gaadhalu.mp3.wav,214,10
6f7653bffecfbf101d57ad89e84196be,output,fake,sovits,anime_soft_anime_045_077_Garibolla Kanneeti Gaadhalu.mp3.wav,215,10
48f60054b4cabf67121d6ae5a09211a4,output,fake,sovits,anime_soft_anime_045_077_Garibolla Kanneeti Gaadhalu.mp3.wav,216,10
30bca5dc3d782bb3731232290ff79caa,output,fake,sovits,anime_soft_anime_045_077_Garibolla Kanneeti Gaadhalu.mp3.wav,217,10
67430e06d4eaab6de6fabf973366c848,output,fake,sovits,anime_soft_anime_045_077_Garibolla Kanneeti Gaadhalu.mp3.wav,218,10
d94e83ab3e0dc9d18530635277adeda9,output,fake,sovits,anime_soft_anime_045_077_Garibolla Kanneeti Gaadhalu.mp3.wav,219,10
0db52edcc2c74554d938a24a09c503ef,output,fake,sovits,anime_soft_anime_045_077_Garibolla Kanneeti Gaadhalu.mp3.wav,220,10
89dbd367778b3c9946d769a3f51be523,output,fake,sovits,anime_soft_anime_045_077_Garibolla Kanneeti Gaadhalu.mp3.wav,221,10
5cb229224524cf8d1d4f739694c3fe41,output,fake,sovits,anime_soft_anime_045_077_Garibolla Kanneeti Gaadhalu.mp3.wav,222,10
b42f5ccf12776075e422c94502b8605a,output,fake,sovits,anime_soft_anime_045_077_Garibolla Kanneeti Gaadhalu.mp3.wav,223,10
86b59934c6ac6027018bb06733fb29f9,output,fake,sovits,anime_soft_anime_045_077_Garibolla Kanneeti Gaadhalu.mp3.wav,224,10
a19a79019cc4ccab034444cda187a8aa,output,fake,sovits,anime_soft_anime_045_077_Garibolla Kanneeti Gaadhalu.mp3.wav,225,10
e17f38f8d839d1acc31b89051c866ec7,output,fake,sovits,anime_soft_anime_045_077_Garibolla Kanneeti Gaadhalu.mp3.wav,226,10
1f6d66ca95d6a10fdcc8405c7e48e3b0,output,fake,sovits,anime_soft_anime_045_077_Garibolla Kanneeti Gaadhalu.mp3.wav,227,10
4be434f03979593261b431e6db4e874f,output,fake,sovits,anime_soft_anime_045_077_Garibolla Kanneeti Gaadhalu.mp3.wav,228,10
64389286a63e06ec793f95588e2fa9bc,output,fake,sovits,anime_soft_anime_045_077_Garibolla Kanneeti Gaadhalu.mp3.wav,229,10
4df2512738859f2d46756d5e396ea6ee,output,fake,sovits,anime_soft_anime_045_077_Garibolla Kanneeti Gaadhalu.mp3.wav,230,10
a151d647883cc0d7cf376a6ecac1ec90,output,fake,sovits,anime_soft_anime_045_077_Garibolla Kanneeti Gaadhalu.mp3.wav,231,10
3590bf2c3e81eae7bd48575dda089ed9,output,fake,sovits,anime_soft_anime_045_077_Garibolla Kanneeti Gaadhalu.mp3.wav,232,10
1941fe84037cc9a86c416d3c38f27a63,output,fake,sovits,anime_soft_anime_045_077_Garibolla Kanneeti Gaadhalu.mp3.wav,233,10
94dc989641ccbdbd9b4bcfe5fc059cf1,output,fake,sovits,anime_soft_anime_045_077_Garibolla Kanneeti Gaadhalu.mp3.wav,234,10
f2529b5b6b76de06a72ace0aee2ff374,output,fake,sovits,anime_soft_anime_045_077_Garibolla Kanneeti Gaadhalu.mp3.wav,235,10
afb9f84d79d2675cca7234875347969a,output,fake,sovits,anime_soft_anime_045_077_Garibolla Kanneeti Gaadhalu.mp3.wav,236,10
78497e4c9d665b34e6515be331f30e98,output,fake,sovits,anime_soft_anime_045_077_Garibolla Kanneeti Gaadhalu.mp3.wav,237,10
fdafe480bed97987332425b94b502de8,output,fake,sovits,anime_soft_anime_045_077_Garibolla Kanneeti Gaadhalu.mp3.wav,238,10
3eda0868b212e94c786149c7c5a09db6,output,fake,sovits,anime_soft_anime_045_077_Garibolla Kanneeti Gaadhalu.mp3.wav,239,10
c63fe5f8ef667d50aaa53ffb112b462d,output,fake,sovits,anime_soft_anime_045_077_Garibolla Kanneeti Gaadhalu.mp3.wav,240,10
8da6979c30c5bcc6cb4e849046fcd431,output,fake,sovits,anime_soft_anime_045_077_Garibolla Kanneeti Gaadhalu.mp3.wav,241,10
1333aa3eb60cdc16ed13b3efe8e61af7,output,fake,sovits,anime_soft_anime_045_077_Garibolla Kanneeti Gaadhalu.mp3.wav,242,10
f0b2a87348849194392d0e7077496447,output,fake,sovits,anime_soft_anime_045_077_Garibolla Kanneeti Gaadhalu.mp3.wav,243,10
4b21d4afdc2289371afad2e01c424b43,output,fake,sovits,anime_soft_anime_045_077_Garibolla Kanneeti Gaadhalu.mp3.wav,244,10
44f694f163654ad704d0a187168910ed,output,fake,sovits,anime_soft_anime_045_077_Garibolla Kanneeti Gaadhalu.mp3.wav,245,10
cff85c38294a47fd282f4fe650b49765,output,fake,sovits,anime_soft_anime_045_077_Garibolla Kanneeti Gaadhalu.mp3.wav,246,10
6814708827e97bb27db6ca0a7e630d7f,output,fake,sovits,anime_soft_anime_045_077_Garibolla Kanneeti Gaadhalu.mp3.wav,247,10
2b669fcfd6762d663a45ab36c128806e,output,fake,sovits,anime_soft_anime_045_077_Garibolla Kanneeti Gaadhalu.mp3.wav,248,10
5b986858fd61a63b2686772cecbb9328,output,fake,sovits,anime_soft_anime_045_077_Garibolla Kanneeti Gaadhalu.mp3.wav,249,10
d21f8e7c7ab3ffcda5a9575286a17371,output,fake,sovits,anime_soft_anime_045_077_Garibolla Kanneeti Gaadhalu.mp3.wav,250,10
209103e34bf397ec15e47c3b05a401bc,output,fake,sovits,anime_soft_anime_045_077_Garibolla Kanneeti Gaadhalu.mp3.wav,251,10
3e833fc0a787127e8c2246f702ad950d,output,fake,sovits,anime_soft_anime_045_077_Garibolla Kanneeti Gaadhalu.mp3.wav,252,10
9358ea9a88ce3aae0f2981691e47f188,output,fake,sovits,anime_soft_anime_045_077_Garibolla Kanneeti Gaadhalu.mp3.wav,253,10
272ddd179a298b75306e52595914d883,output,fake,sovits,anime_soft_anime_045_077_Garibolla Kanneeti Gaadhalu.mp3.wav,254,10
ea39850add13bd803ebaaa32f8253501,output,fake,sovits,anime_soft_anime_045_077_Garibolla Kanneeti Gaadhalu.mp3.wav,255,10
d788ceca291eebed9625871f950c2672,output,fake,sovits,anime_soft_anime_045_077_Garibolla Kanneeti Gaadhalu.mp3.wav,256,10
6a5e67aaee6e437031d6d6a61569349f,output,fake,sovits,anime_soft_anime_045_077_Garibolla Kanneeti Gaadhalu.mp3.wav,257,10
f91c62702887714d336d3bee7d882467,output,fake,sovits,anime_soft_anime_045_077_Garibolla Kanneeti Gaadhalu.mp3.wav,258,10
bf58cd6ec1010a62c27f3dc2e4e67f30,output,fake,sovits,anime_soft_anime_045_077_Garibolla Kanneeti Gaadhalu.mp3.wav,259,10
d1d2ab024ddfa6cef25488a356cc229b,output,fake,sovits,anime_soft_anime_045_077_Garibolla Kanneeti Gaadhalu.mp3.wav,260,10
1625eeb3e370073ff8126ea8c1db6067,output,fake,sovits,anime_soft_anime_045_077_Garibolla Kanneeti Gaadhalu.mp3.wav,261,10
3f5cf69e7a84eab3092efb2e0108ca17,output,fake,sovits,anime_soft_anime_045_077_Garibolla Kanneeti Gaadhalu.mp3.wav,262,10
228032744ea340c0e19300c03dd1efed,output,fake,sovits,anime_soft_anime_045_077_Garibolla Kanneeti Gaadhalu.mp3.wav,263,10
24a0469a042f74ec58a9a2f106af0906,output,fake,sovits,anime_soft_anime_045_077_Garibolla Kanneeti Gaadhalu.mp3.wav,264,10
9832301853e28c86dee0b105514f60a3,output,fake,sovits,anime_kawaii_girl_046_079_Rasamayi Daruvu.mp3.wav,0,10
41db505b7fa8a882ae636f6f882a1570,output,fake,sovits,anime_kawaii_girl_046_079_Rasamayi Daruvu.mp3.wav,1,10
6852fc09073312646bd16dad0b308034,output,fake,sovits,anime_kawaii_girl_046_079_Rasamayi Daruvu.mp3.wav,2,10
be5eaf5f242e8e8df42df6807e6b753d,output,fake,sovits,anime_kawaii_girl_046_079_Rasamayi Daruvu.mp3.wav,3,10
2ea337d11ed457724011515dd7023213,output,fake,sovits,anime_kawaii_girl_046_079_Rasamayi Daruvu.mp3.wav,4,10
18f0a29014bda819c2962961fd25d4c1,output,fake,sovits,anime_kawaii_girl_046_079_Rasamayi Daruvu.mp3.wav,5,10
a0c50b73589d6b47a4be9bbfaf4b020c,output,fake,sovits,anime_kawaii_girl_046_079_Rasamayi Daruvu.mp3.wav,6,10
ecd104e178bd637f47507b1ff9950fce,output,fake,sovits,anime_kawaii_girl_046_079_Rasamayi Daruvu.mp3.wav,7,10
26bc8eb8d780cbd12ca6d09e018c70a6,output,fake,sovits,anime_kawaii_girl_046_079_Rasamayi Daruvu.mp3.wav,8,10
924d7d75c838c824cd342ebc00b54fde,output,fake,sovits,anime_kawaii_girl_046_079_Rasamayi Daruvu.mp3.wav,9,10
a1aa8d3f65a3126d7d3086080b65a333,output,fake,sovits,anime_kawaii_girl_046_079_Rasamayi Daruvu.mp3.wav,10,10
0a9b4ebecfba140111541f1d333ed9e2,output,fake,sovits,anime_kawaii_girl_046_079_Rasamayi Daruvu.mp3.wav,11,10
96bb898f32249df31cc34175a4cc8c33,output,fake,sovits,anime_kawaii_girl_046_079_Rasamayi Daruvu.mp3.wav,12,10
3c227a650e71061d4f12ce9aaf10c25d,output,fake,sovits,anime_kawaii_girl_046_079_Rasamayi Daruvu.mp3.wav,13,10
e6f61f30d6b68ecd70ca33a8afdf67d3,output,fake,sovits,anime_kawaii_girl_046_079_Rasamayi Daruvu.mp3.wav,14,10
188398d584e7e53e1e0dfd225120c9d9,output,fake,sovits,anime_kawaii_girl_046_079_Rasamayi Daruvu.mp3.wav,15,10
43950ad14520997207655678193b9b33,output,fake,sovits,anime_kawaii_girl_046_079_Rasamayi Daruvu.mp3.wav,16,10
b0b69e848b931b7305aa1f3b457012e9,output,fake,sovits,anime_kawaii_girl_046_079_Rasamayi Daruvu.mp3.wav,17,10
364c212606984b9e5c9480f76df8c092,output,fake,sovits,anime_kawaii_girl_046_079_Rasamayi Daruvu.mp3.wav,18,10
d1af1f8819dfedfa9b76dbcb69cec52b,output,fake,sovits,anime_kawaii_girl_046_079_Rasamayi Daruvu.mp3.wav,19,10
921b653e1c7e51da7a8a7e2259cf0a0c,output,fake,sovits,anime_kawaii_girl_046_079_Rasamayi Daruvu.mp3.wav,20,10
61e6bc07ff1ee4fc3b9a0000f602aa4f,output,fake,sovits,anime_kawaii_girl_046_079_Rasamayi Daruvu.mp3.wav,21,10
baeed83c9e16e965e9605296ca56fa35,output,fake,sovits,anime_kawaii_girl_046_079_Rasamayi Daruvu.mp3.wav,22,10
03baf99acbb8c4eaeed570aa616f6643,output,fake,sovits,anime_kawaii_girl_046_079_Rasamayi Daruvu.mp3.wav,23,10
ad373b1515f350847bcaad5aab53573a,output,fake,sovits,anime_kawaii_girl_046_079_Rasamayi Daruvu.mp3.wav,24,10
d0adbd5674fea26e25ccef515ad444aa,output,fake,sovits,anime_kawaii_girl_046_079_Rasamayi Daruvu.mp3.wav,25,10
b9a9ef494d0905b3bb4dcab9e20a51f6,output,fake,sovits,anime_kawaii_girl_046_079_Rasamayi Daruvu.mp3.wav,26,10
0b984d073b42fe69c8c4f2d470a0fc38,output,fake,sovits,anime_kawaii_girl_046_079_Rasamayi Daruvu.mp3.wav,27,10
f75a8bd00a29515ec6adb02cbcf0be3f,output,fake,sovits,anime_kawaii_girl_046_079_Rasamayi Daruvu.mp3.wav,28,10
d0960ad2e2834c397e074e70f87ea0ca,output,fake,sovits,anime_kawaii_girl_046_079_Rasamayi Daruvu.mp3.wav,29,10
932ed4fbf0ce019cf4ee403c0b109ba0,output,fake,sovits,anime_kawaii_girl_046_079_Rasamayi Daruvu.mp3.wav,30,10
1590e9bb16e2b296152a0812e25604ad,output,fake,sovits,anime_kawaii_girl_046_079_Rasamayi Daruvu.mp3.wav,31,10
194083fb5e1eaaffb7af759214efb015,output,fake,sovits,anime_kawaii_girl_046_079_Rasamayi Daruvu.mp3.wav,32,10
0ec8898a2833e8fe3006b91fabbda87a,output,fake,sovits,anime_kawaii_girl_046_079_Rasamayi Daruvu.mp3.wav,33,10
12aecab20cdc88d31b944602a640a3ae,output,fake,sovits,anime_kawaii_girl_046_079_Rasamayi Daruvu.mp3.wav,34,10
3280388af23aa2a04cac258e9d7a9b9b,output,fake,sovits,anime_kawaii_girl_046_079_Rasamayi Daruvu.mp3.wav,35,10
b569a81428da0ed329f94f798fb5b973,output,fake,sovits,anime_kawaii_girl_046_079_Rasamayi Daruvu.mp3.wav,36,10
1cd6358fe5ef9880d54bf822ed2f4189,output,fake,sovits,anime_kawaii_girl_046_079_Rasamayi Daruvu.mp3.wav,37,10
5a67d3897fb785157af1b88ac48a97c8,output,fake,sovits,anime_kawaii_girl_046_079_Rasamayi Daruvu.mp3.wav,38,10
6202fc910a875310f6a3c53c85bccc5f,output,fake,sovits,anime_kawaii_girl_046_079_Rasamayi Daruvu.mp3.wav,39,10
ddc4a579d7c5984a47562a546e86320b,output,fake,sovits,anime_kawaii_girl_046_079_Rasamayi Daruvu.mp3.wav,40,10
34d07be571efbc591ab73b70aa7e9416,output,fake,sovits,anime_kawaii_girl_046_079_Rasamayi Daruvu.mp3.wav,41,10
c89004ee07617d4de563b9461a108ecc,output,fake,sovits,anime_kawaii_girl_046_079_Rasamayi Daruvu.mp3.wav,42,10
a434a6eac0eea244a760290787e8fc65,output,fake,sovits,anime_kawaii_girl_046_079_Rasamayi Daruvu.mp3.wav,43,10
37839a4228eba68421f284bb9fc18e7c,output,fake,sovits,anime_kawaii_girl_046_079_Rasamayi Daruvu.mp3.wav,44,10
4dd5d4842b6ed980ae239637ba2abaa7,output,fake,sovits,anime_kawaii_girl_046_079_Rasamayi Daruvu.mp3.wav,45,10
f8d4d8e1533695313feebfeb846ffc30,output,fake,sovits,anime_kawaii_girl_046_079_Rasamayi Daruvu.mp3.wav,46,10
bc395d316185d648cc5fdf1af99feed1,output,fake,sovits,anime_kawaii_girl_046_079_Rasamayi Daruvu.mp3.wav,47,10
0bd5bde9631d860f9bc46afa592ebdb0,output,fake,sovits,anime_kawaii_girl_046_079_Rasamayi Daruvu.mp3.wav,48,10
ade2353efd546d14925b3f066df22e58,output,fake,sovits,anime_kawaii_girl_046_079_Rasamayi Daruvu.mp3.wav,49,10
411cea50cd9c947523e567c1abb52cc5,output,fake,sovits,anime_kawaii_girl_046_079_Rasamayi Daruvu.mp3.wav,50,10
f0c83588351e2215190e4b5bfcfbee1d,output,fake,sovits,anime_kawaii_girl_046_079_Rasamayi Daruvu.mp3.wav,51,10
af826ab88b2f3101e5bdc29106fb4bbd,output,fake,sovits,anime_kawaii_girl_046_079_Rasamayi Daruvu.mp3.wav,52,10
7cad5015cae88e69284a9254abf09e0c,output,fake,sovits,anime_kawaii_girl_046_079_Rasamayi Daruvu.mp3.wav,53,10
91a1a4855848e24ebba187492cfcf931,output,fake,sovits,anime_kawaii_girl_046_079_Rasamayi Daruvu.mp3.wav,54,10
dc3d0809ef502f58cbd0617f3961f7fd,output,fake,sovits,anime_kawaii_girl_046_079_Rasamayi Daruvu.mp3.wav,55,10
bcc09b564d13c387e22fd1f9bdfbf9e6,output,fake,sovits,anime_kawaii_girl_046_079_Rasamayi Daruvu.mp3.wav,56,10
101420d5f69296d45f2056053215875a,output,fake,sovits,anime_kawaii_girl_046_079_Rasamayi Daruvu.mp3.wav,57,10
6620b6a661ece72157d4bdbb76c1ce01,output,fake,sovits,anime_kawaii_girl_046_079_Rasamayi Daruvu.mp3.wav,58,10
968942fafe81acc6a63b804c3e9543ce,output,fake,sovits,anime_kawaii_girl_046_079_Rasamayi Daruvu.mp3.wav,59,10
d8aa7019732545c0ad895f77cb6d77c3,output,fake,sovits,anime_kawaii_girl_046_079_Rasamayi Daruvu.mp3.wav,60,10
87d09468d73c85a6726be8cc87fcdf39,output,fake,sovits,anime_kawaii_girl_046_079_Rasamayi Daruvu.mp3.wav,61,10
b572326828e49290d4d4ff94f3fef8e7,output,fake,sovits,anime_kawaii_girl_046_079_Rasamayi Daruvu.mp3.wav,62,10
728299cd53f7a4f42579437cfb60d257,output,fake,sovits,anime_kawaii_girl_046_079_Rasamayi Daruvu.mp3.wav,63,10
2e26917b9b45da5c53047be6bf16e133,output,fake,sovits,anime_kawaii_girl_046_079_Rasamayi Daruvu.mp3.wav,64,10
f899f75aa3116208aa1d031a0b483f15,output,fake,sovits,anime_kawaii_girl_046_079_Rasamayi Daruvu.mp3.wav,65,10
972c2cd8e37a7b0b56a5488564062d0b,output,fake,sovits,anime_kawaii_girl_046_079_Rasamayi Daruvu.mp3.wav,66,10
a0b020186a9e169f307bee6579350506,output,fake,sovits,anime_kawaii_girl_046_079_Rasamayi Daruvu.mp3.wav,67,10
64dae83c6b5fd83dc7517708aee2c91d,output,fake,sovits,anime_kawaii_girl_046_079_Rasamayi Daruvu.mp3.wav,68,10
63c1c623aaa54ebda6cf90601fd266e1,output,fake,sovits,anime_kawaii_girl_046_079_Rasamayi Daruvu.mp3.wav,69,10
d1d947b3a44401cb1125db1a8355803e,output,fake,sovits,anime_kawaii_girl_046_079_Rasamayi Daruvu.mp3.wav,70,10
cf2c63adacf6a9fc5834f41591a6b97a,output,fake,sovits,anime_kawaii_girl_046_079_Rasamayi Daruvu.mp3.wav,71,10
0628e66c5002591952e993863a92c0e2,output,fake,sovits,anime_kawaii_girl_046_079_Rasamayi Daruvu.mp3.wav,72,10
e8d62c044310fb200d4fe8e3f8ed630e,output,fake,sovits,anime_kawaii_girl_046_079_Rasamayi Daruvu.mp3.wav,73,10
7dace5ecaa10b4b4697055685bf19953,output,fake,sovits,anime_kawaii_girl_046_079_Rasamayi Daruvu.mp3.wav,74,10
efc2537506d1b947db0ea8631d4b2ab5,output,fake,sovits,anime_kawaii_girl_046_079_Rasamayi Daruvu.mp3.wav,75,10
eef10812572ab8d2a8bf6a1be517e1bb,output,fake,sovits,anime_kawaii_girl_046_079_Rasamayi Daruvu.mp3.wav,76,10
e575801957fb681788d4026ad766caeb,output,fake,sovits,anime_kawaii_girl_046_079_Rasamayi Daruvu.mp3.wav,77,10
debce30341ca8aba64dd89609f3a8ecc,output,fake,sovits,anime_kawaii_girl_046_079_Rasamayi Daruvu.mp3.wav,78,10
13946eefb741b8f781e9900ccf45e6e7,output,fake,sovits,anime_kawaii_girl_046_079_Rasamayi Daruvu.mp3.wav,79,10
66100839cbd185cdc2eecf0c1217a620,output,fake,sovits,anime_kawaii_girl_046_079_Rasamayi Daruvu.mp3.wav,80,10
2bda6643c8a05dccf506cb5e109096ae,output,fake,sovits,anime_kawaii_girl_046_079_Rasamayi Daruvu.mp3.wav,81,10
01c4f4b872b5e7db0320be62a5e2a9c5,output,fake,sovits,anime_kawaii_girl_046_079_Rasamayi Daruvu.mp3.wav,82,10
f52b4b0fc95d4f61621b51da582b0f15,output,fake,sovits,anime_kawaii_girl_046_079_Rasamayi Daruvu.mp3.wav,83,10
c0ad2d5820118234bc7121588fff6428,output,fake,sovits,anime_kawaii_girl_046_079_Rasamayi Daruvu.mp3.wav,84,10
d3368755306f6be0683f7b6c7b6a2fef,output,fake,sovits,anime_kawaii_girl_046_079_Rasamayi Daruvu.mp3.wav,85,10
276952b21bb118bf332240a5697f1df5,output,fake,sovits,anime_kawaii_girl_046_079_Rasamayi Daruvu.mp3.wav,86,10
6d1247a904b4e5457438f2fa5a6f3cfe,output,fake,sovits,anime_kawaii_girl_046_079_Rasamayi Daruvu.mp3.wav,87,10
dde18c77b7d8c1683d9f2955ca1f5eb3,output,fake,sovits,anime_kawaii_girl_046_079_Rasamayi Daruvu.mp3.wav,88,10
37401ca7784b194f355f279836f1ae5e,output,fake,sovits,anime_kawaii_girl_046_079_Rasamayi Daruvu.mp3.wav,89,10
79abf316f422a33bd3b9428fe503076d,output,fake,sovits,anime_kawaii_girl_046_079_Rasamayi Daruvu.mp3.wav,90,10
24f77c733331cbbaf63a2d6db3041633,output,fake,sovits,anime_kawaii_girl_046_079_Rasamayi Daruvu.mp3.wav,91,10
220f4e061bcf6d4ae28a12feb68e8f8f,output,fake,sovits,anime_kawaii_girl_046_079_Rasamayi Daruvu.mp3.wav,92,10
ba822aa09e16bfce0b15d5644afe27e3,output,fake,sovits,anime_kawaii_girl_046_079_Rasamayi Daruvu.mp3.wav,93,10
ca4b1bd7240e667e93ce265fe47a7c8e,output,fake,sovits,anime_kawaii_girl_046_079_Rasamayi Daruvu.mp3.wav,94,10
7e56732e95d7ffc2c5a3ee12df7e3c5f,output,fake,sovits,anime_kawaii_girl_046_079_Rasamayi Daruvu.mp3.wav,95,10
39f293ff0809fb03c2909fe1d1809e64,output,fake,sovits,anime_kawaii_girl_046_079_Rasamayi Daruvu.mp3.wav,96,10
3ae3b12a71ef71f4f1e94a3c1aa21036,output,fake,sovits,anime_kawaii_girl_046_079_Rasamayi Daruvu.mp3.wav,97,10
1088916cb6e55c4e67fd65ec7de31616,output,fake,sovits,anime_kawaii_girl_046_079_Rasamayi Daruvu.mp3.wav,98,10
4c07969ab7f32f4eee48ad28c91dbd19,output,fake,sovits,anime_kawaii_girl_046_079_Rasamayi Daruvu.mp3.wav,99,10
732e44c934212a85c834a19d28d46599,output,fake,sovits,anime_kawaii_girl_046_079_Rasamayi Daruvu.mp3.wav,100,10
004c49016bbba3333fdeb458d16beb28,output,fake,sovits,anime_kawaii_girl_046_079_Rasamayi Daruvu.mp3.wav,101,10
1583d15123d1470a1d1d5a447dd8ff29,output,fake,sovits,anime_energetic_idol_047_080_AYYO RAMA RAMA BAALI.mp3.wav,0,10
e3ed84c26fa1f7445783acd1f8d81d95,output,fake,sovits,anime_energetic_idol_047_080_AYYO RAMA RAMA BAALI.mp3.wav,1,10
13432168c6cafed767cec80efc5c3b55,output,fake,sovits,anime_energetic_idol_047_080_AYYO RAMA RAMA BAALI.mp3.wav,2,10
5a73b66aed994ad766a0d295fa2ea815,output,fake,sovits,anime_energetic_idol_047_080_AYYO RAMA RAMA BAALI.mp3.wav,3,10
929e4e36248a290bb257eb2dcf8cd125,output,fake,sovits,anime_energetic_idol_047_080_AYYO RAMA RAMA BAALI.mp3.wav,4,10
b675be294dcd4f0ad84ac0f0c2552ea5,output,fake,sovits,anime_soft_anime_048_081_Sarangadhara Jamukula Katha.mp3.wav,0,10
954a2f8bb6bb38304e4ef6b09222daf8,output,fake,sovits,anime_soft_anime_048_081_Sarangadhara Jamukula Katha.mp3.wav,1,10
518c02f6da0fca311f44617213bbe72d,output,fake,sovits,anime_soft_anime_048_081_Sarangadhara Jamukula Katha.mp3.wav,2,10
025d87671ba0403b0dd80218a612c45f,output,fake,sovits,anime_soft_anime_048_081_Sarangadhara Jamukula Katha.mp3.wav,3,10
352476bc64b9feb7a4afdc400a4c584f,output,fake,sovits,anime_soft_anime_048_081_Sarangadhara Jamukula Katha.mp3.wav,4,10
53de2e71029738b162c937e2bc08f2a6,output,fake,sovits,anime_soft_anime_048_081_Sarangadhara Jamukula Katha.mp3.wav,5,10
7262cb526813b2355b28b3c88076d9fb,output,fake,sovits,anime_soft_anime_048_081_Sarangadhara Jamukula Katha.mp3.wav,6,10
56814d7205f945cfabc86417743f88cf,output,fake,sovits,anime_soft_anime_048_081_Sarangadhara Jamukula Katha.mp3.wav,7,10
e117cab1b0dd49391b925ee2f43c7a41,output,fake,sovits,anime_soft_anime_048_081_Sarangadhara Jamukula Katha.mp3.wav,8,10
8bdbf13f75659951b833d583eb4e2625,output,fake,sovits,anime_soft_anime_048_081_Sarangadhara Jamukula Katha.mp3.wav,9,10
ac90cde375685ab67ec7d28a1e9558ea,output,fake,sovits,anime_soft_anime_048_081_Sarangadhara Jamukula Katha.mp3.wav,10,10
b0898f0698315be4a40e2b28bfe11436,output,fake,sovits,anime_soft_anime_048_081_Sarangadhara Jamukula Katha.mp3.wav,11,10
14654b65cb770975202171ac673f49c4,output,fake,sovits,anime_soft_anime_048_081_Sarangadhara Jamukula Katha.mp3.wav,12,10
2e2c122863fc217f296a7c5d55103c48,output,fake,sovits,anime_soft_anime_048_081_Sarangadhara Jamukula Katha.mp3.wav,13,10
5e95b4cd10fa17062e211b1cf0712e09,output,fake,sovits,anime_soft_anime_048_081_Sarangadhara Jamukula Katha.mp3.wav,14,10
32295ed6a5b35f03e3011ae62d2a61fc,output,fake,sovits,anime_soft_anime_048_081_Sarangadhara Jamukula Katha.mp3.wav,15,10
102f404221f68f7d7414d89ab406ee4c,output,fake,sovits,anime_soft_anime_048_081_Sarangadhara Jamukula Katha.mp3.wav,16,10
462aff67c1f20757a5cca487cb4308d8,output,fake,sovits,anime_soft_anime_048_081_Sarangadhara Jamukula Katha.mp3.wav,17,10
2272a9a6e1e245119a728647d6573c5f,output,fake,sovits,anime_soft_anime_048_081_Sarangadhara Jamukula Katha.mp3.wav,18,10
716e8801bbbf5271f05521c2fa474be1,output,fake,sovits,anime_soft_anime_048_081_Sarangadhara Jamukula Katha.mp3.wav,19,10
56f97460d92942377ff7bc391de55856,output,fake,sovits,anime_soft_anime_048_081_Sarangadhara Jamukula Katha.mp3.wav,20,10
257c42df54ebc53fbdf665a54474d884,output,fake,sovits,anime_soft_anime_048_081_Sarangadhara Jamukula Katha.mp3.wav,21,10
8d5a7181dd689591aba610cf46b8c3ef,output,fake,sovits,anime_soft_anime_048_081_Sarangadhara Jamukula Katha.mp3.wav,22,10
9040baaccacaa0a9d44e867e19818e11,output,fake,sovits,anime_soft_anime_048_081_Sarangadhara Jamukula Katha.mp3.wav,23,10
31a9b342a2e116828b0cd51d63c83a73,output,fake,sovits,anime_soft_anime_048_081_Sarangadhara Jamukula Katha.mp3.wav,24,10
b194c0042c05e2f1a4240c833ce48f6f,output,fake,sovits,anime_soft_anime_048_081_Sarangadhara Jamukula Katha.mp3.wav,25,10
f3a3d7eab2fa3067640d36f04b617d03,output,fake,sovits,anime_soft_anime_048_081_Sarangadhara Jamukula Katha.mp3.wav,26,10
4cb9975606b15f96d83bf2d8f6a814e1,output,fake,sovits,anime_soft_anime_048_081_Sarangadhara Jamukula Katha.mp3.wav,27,10
c3e25673d23626135987ffcaed872997,output,fake,sovits,anime_soft_anime_048_081_Sarangadhara Jamukula Katha.mp3.wav,28,10
f6f75d915bef333b7593dae8de294375,output,fake,sovits,anime_soft_anime_048_081_Sarangadhara Jamukula Katha.mp3.wav,29,10
c8daf2a6a142d2f9e9c4f93a216a0f8b,output,fake,sovits,anime_soft_anime_048_081_Sarangadhara Jamukula Katha.mp3.wav,30,10
075cee7a1835d21fae959aa160d24cc8,output,fake,sovits,anime_soft_anime_048_081_Sarangadhara Jamukula Katha.mp3.wav,31,10
2affbe02c12dc9d646f554617e4cc9b0,output,fake,sovits,anime_soft_anime_048_081_Sarangadhara Jamukula Katha.mp3.wav,32,10
57fe8cdbf1c531a319d8d1eea8bd5138,output,fake,sovits,anime_soft_anime_048_081_Sarangadhara Jamukula Katha.mp3.wav,33,10
9dc98834301ec1aba71fefa83eb98b2e,output,fake,sovits,anime_soft_anime_048_081_Sarangadhara Jamukula Katha.mp3.wav,34,10
087fe74a6831a95323704bffd89f7c74,output,fake,sovits,anime_soft_anime_048_081_Sarangadhara Jamukula Katha.mp3.wav,35,10
a81e17bbb6b587812d21107eee4eccf8,output,fake,sovits,anime_soft_anime_048_081_Sarangadhara Jamukula Katha.mp3.wav,36,10
69c151cbc06c669f32a3060a6b4cf9e4,output,fake,sovits,anime_soft_anime_048_081_Sarangadhara Jamukula Katha.mp3.wav,37,10
631a031ee001e5bc4a8bd9af080cf210,output,fake,sovits,anime_soft_anime_048_081_Sarangadhara Jamukula Katha.mp3.wav,38,10
24a286743886f101bbafb8d3a78706d8,output,fake,sovits,anime_soft_anime_048_081_Sarangadhara Jamukula Katha.mp3.wav,39,10
14224807f02ca76013271316a0e03a2d,output,fake,sovits,anime_soft_anime_048_081_Sarangadhara Jamukula Katha.mp3.wav,40,10
1c17d89307350c9107d85679b55f5559,output,fake,sovits,anime_soft_anime_048_081_Sarangadhara Jamukula Katha.mp3.wav,41,10
051a7c385098c46ac6bdfef62846743f,output,fake,sovits,anime_soft_anime_048_081_Sarangadhara Jamukula Katha.mp3.wav,42,10
60f79a09b461625b37f5b6024e7c5d0c,output,fake,sovits,anime_soft_anime_048_081_Sarangadhara Jamukula Katha.mp3.wav,43,10
e50c9de4f540275914118d979f4cf770,output,fake,sovits,anime_soft_anime_048_081_Sarangadhara Jamukula Katha.mp3.wav,44,10
f3925b869afc0427159b94f5209a5c0c,output,fake,sovits,anime_soft_anime_048_081_Sarangadhara Jamukula Katha.mp3.wav,45,10
6949428a7e2790c73e61adae0c574212,output,fake,sovits,anime_soft_anime_048_081_Sarangadhara Jamukula Katha.mp3.wav,46,10
a9c510ea9c05f58ac899ddd11e7f7244,output,fake,sovits,anime_soft_anime_048_081_Sarangadhara Jamukula Katha.mp3.wav,47,10
63fc40eac0b97022b4739d9197fda910,output,fake,sovits,anime_soft_anime_048_081_Sarangadhara Jamukula Katha.mp3.wav,48,10
dde59225f2f7cf244b1e541df7e8ac01,output,fake,sovits,anime_soft_anime_048_081_Sarangadhara Jamukula Katha.mp3.wav,49,10
fecb8aa521b47a0ca6175a34ee952b96,output,fake,sovits,anime_soft_anime_048_081_Sarangadhara Jamukula Katha.mp3.wav,50,10
070584bb13f5ee77f08c239269fd4ae1,output,fake,sovits,anime_soft_anime_048_081_Sarangadhara Jamukula Katha.mp3.wav,51,10
5de0b623e27172ee1a3c1dc2188f8d39,output,fake,sovits,anime_soft_anime_048_081_Sarangadhara Jamukula Katha.mp3.wav,52,10
335e7bbd3c78ffdb9fea5de2d9ed13f9,output,fake,sovits,anime_soft_anime_048_081_Sarangadhara Jamukula Katha.mp3.wav,53,10
ea9779add0bf147f3c32665868feac74,output,fake,sovits,anime_soft_anime_048_081_Sarangadhara Jamukula Katha.mp3.wav,54,10
d0e12f9cd662cb9129365ada3a8d45c7,output,fake,sovits,anime_soft_anime_048_081_Sarangadhara Jamukula Katha.mp3.wav,55,10
65fbabea3832f0942dcf17bcfb1d52e8,output,fake,sovits,anime_soft_anime_048_081_Sarangadhara Jamukula Katha.mp3.wav,56,10
112f8428080c35c4b58b9466a5b4fb6d,output,fake,sovits,anime_soft_anime_048_081_Sarangadhara Jamukula Katha.mp3.wav,57,10
3561fda75c6aabad1a21f377b84634ac,output,fake,sovits,anime_soft_anime_048_081_Sarangadhara Jamukula Katha.mp3.wav,58,10
6360af57a5ea89732cdc021e5791db3f,output,fake,sovits,anime_soft_anime_048_081_Sarangadhara Jamukula Katha.mp3.wav,59,10
b1d799f9498f5e6cd4dd76bb77dcb549,output,fake,sovits,anime_soft_anime_048_081_Sarangadhara Jamukula Katha.mp3.wav,60,10
20f65bc9c203345a3964833461f0bea7,output,fake,sovits,anime_soft_anime_048_081_Sarangadhara Jamukula Katha.mp3.wav,61,10
fa26b3decc86a1fe0e9842902a2f41d4,output,fake,sovits,anime_soft_anime_048_081_Sarangadhara Jamukula Katha.mp3.wav,62,10
46e76a8a25a4a1fac745bb515d57662a,output,fake,sovits,anime_soft_anime_048_081_Sarangadhara Jamukula Katha.mp3.wav,63,10
44f7ccc0c79ec7be37748cda2429e1e2,output,fake,sovits,anime_soft_anime_048_081_Sarangadhara Jamukula Katha.mp3.wav,64,10
1c719f99d8df761119a207770cd77d0e,output,fake,sovits,anime_soft_anime_048_081_Sarangadhara Jamukula Katha.mp3.wav,65,10
887613ca2f9275593124702ce14e9009,output,fake,sovits,anime_soft_anime_048_081_Sarangadhara Jamukula Katha.mp3.wav,66,10
10777fa9b60cdafbca4e6be709c16e27,output,fake,sovits,anime_soft_anime_048_081_Sarangadhara Jamukula Katha.mp3.wav,67,10
816cb2f86245aa553fd79ce78fe34b0e,output,fake,sovits,anime_soft_anime_048_081_Sarangadhara Jamukula Katha.mp3.wav,68,10
c14bd40b50138b6c0daf6f32c74f10af,output,fake,sovits,anime_soft_anime_048_081_Sarangadhara Jamukula Katha.mp3.wav,69,10
8878290689d377ed36ba8d0722f642be,output,fake,sovits,anime_soft_anime_048_081_Sarangadhara Jamukula Katha.mp3.wav,70,10
e35a60a989d86a1665e48b7b0bef9e67,output,fake,sovits,anime_soft_anime_048_081_Sarangadhara Jamukula Katha.mp3.wav,71,10
19ea1569ea01f2cc14a5a43228874c76,output,fake,sovits,anime_soft_anime_048_081_Sarangadhara Jamukula Katha.mp3.wav,72,10
7e3d7ebe43a1b52dddfd5d7c2e2c4563,output,fake,sovits,anime_soft_anime_048_081_Sarangadhara Jamukula Katha.mp3.wav,73,10
369100cd6e52b782e1075a65d3dd8874,output,fake,sovits,anime_soft_anime_048_081_Sarangadhara Jamukula Katha.mp3.wav,74,10
cd251c7843c3416fb8c95ad55417b3e9,output,fake,sovits,anime_soft_anime_048_081_Sarangadhara Jamukula Katha.mp3.wav,75,10
6591b5e0e2a48f78ae211bf86f7c2901,output,fake,sovits,anime_soft_anime_048_081_Sarangadhara Jamukula Katha.mp3.wav,76,10
cd202fbfe2c2c496cf1bc392f209767f,output,fake,sovits,anime_soft_anime_048_081_Sarangadhara Jamukula Katha.mp3.wav,77,10
f714adfd776e323cc45205667f92e8f9,output,fake,sovits,anime_soft_anime_048_081_Sarangadhara Jamukula Katha.mp3.wav,78,10
ecfd1348cba81dfbcbd1292ea88d06a4,output,fake,sovits,anime_soft_anime_048_081_Sarangadhara Jamukula Katha.mp3.wav,79,10
3c35ddffdf2efd38f23f687ca4dd7903,output,fake,sovits,anime_soft_anime_048_081_Sarangadhara Jamukula Katha.mp3.wav,80,10
ea54af069054e730ad7a334cf113cf97,output,fake,sovits,anime_soft_anime_048_081_Sarangadhara Jamukula Katha.mp3.wav,81,10
5961b973d5fe3175ddf0a308e1197b84,output,fake,sovits,anime_soft_anime_048_081_Sarangadhara Jamukula Katha.mp3.wav,82,10
cb7709f38bbd5c0f1b5efac80b7465ac,output,fake,sovits,anime_soft_anime_048_081_Sarangadhara Jamukula Katha.mp3.wav,83,10
e19393c7546af2a4f910acd15c71c381,output,fake,sovits,anime_soft_anime_048_081_Sarangadhara Jamukula Katha.mp3.wav,84,10
889c949c0479d6c08ace5d272bf5e6b1,output,fake,sovits,anime_soft_anime_048_081_Sarangadhara Jamukula Katha.mp3.wav,85,10
90e6eb38a37d4fabe718db4bb5b5ed5c,output,fake,sovits,anime_soft_anime_048_081_Sarangadhara Jamukula Katha.mp3.wav,86,10
dd302d8316ce7c32a3121f894b2fead0,output,fake,sovits,anime_soft_anime_048_081_Sarangadhara Jamukula Katha.mp3.wav,87,10
a76dc4903e1784b7e767e083574d5b52,output,fake,sovits,anime_soft_anime_048_081_Sarangadhara Jamukula Katha.mp3.wav,88,10
29ceb988a93d1ff3d42ff3cdce38a7e0,output,fake,sovits,anime_soft_anime_048_081_Sarangadhara Jamukula Katha.mp3.wav,89,10
5b076ec9a3be94895ed7c42b966f09b3,output,fake,sovits,anime_soft_anime_048_081_Sarangadhara Jamukula Katha.mp3.wav,90,10
9d649f1ab20c9582a7d6c79cad080d9f,output,fake,sovits,anime_soft_anime_048_081_Sarangadhara Jamukula Katha.mp3.wav,91,10
87c7cc01ab50a848d4beabe522215119,output,fake,sovits,anime_soft_anime_048_081_Sarangadhara Jamukula Katha.mp3.wav,92,10
a4644d1a122cf04fba97418f3a5b937f,output,fake,sovits,anime_soft_anime_048_081_Sarangadhara Jamukula Katha.mp3.wav,93,10
59b64d934d190b1fc631f96700940b98,output,fake,sovits,anime_soft_anime_048_081_Sarangadhara Jamukula Katha.mp3.wav,94,10
7b71834f644518666899162c3881b2aa,output,fake,sovits,anime_soft_anime_048_081_Sarangadhara Jamukula Katha.mp3.wav,95,10
fd6f4848915db379adb696f36b30dfc4,output,fake,sovits,anime_soft_anime_048_081_Sarangadhara Jamukula Katha.mp3.wav,96,10
860de9b1d153aae2e05b95eef90539ff,output,fake,sovits,anime_soft_anime_048_081_Sarangadhara Jamukula Katha.mp3.wav,97,10
092eab039d43a0ff2e3ec35abe78cd31,output,fake,sovits,anime_soft_anime_048_081_Sarangadhara Jamukula Katha.mp3.wav,98,10
38dc0d3e8f3361dab4f5d5ca80d8d751,output,fake,sovits,anime_soft_anime_048_081_Sarangadhara Jamukula Katha.mp3.wav,99,10
f699db283e213673e5df8f85a45075a1,output,fake,sovits,anime_soft_anime_048_081_Sarangadhara Jamukula Katha.mp3.wav,100,10
c374c5b1a0b65732245b9ba03667ad98,output,fake,sovits,anime_soft_anime_048_081_Sarangadhara Jamukula Katha.mp3.wav,101,10
e83c92442328037c92047559d5fb560a,output,fake,sovits,anime_soft_anime_048_081_Sarangadhara Jamukula Katha.mp3.wav,102,10
f66d23141d8a3299c19446b41718a9fe,output,fake,sovits,anime_soft_anime_048_081_Sarangadhara Jamukula Katha.mp3.wav,103,10
f879a00a0d34442dd112ac4df59f28b6,output,fake,sovits,anime_soft_anime_048_081_Sarangadhara Jamukula Katha.mp3.wav,104,10
84ad89df2a5dc0dcc7f592dca692e377,output,fake,sovits,anime_soft_anime_048_081_Sarangadhara Jamukula Katha.mp3.wav,105,10
cf6f55e96a3c212e8e19411b44f07588,output,fake,sovits,anime_soft_anime_048_081_Sarangadhara Jamukula Katha.mp3.wav,106,10
676f5f404fe28659680a0904718c145b,output,fake,sovits,anime_soft_anime_048_081_Sarangadhara Jamukula Katha.mp3.wav,107,10
b3273985ccd2390b50aac69910b509b5,output,fake,sovits,anime_soft_anime_048_081_Sarangadhara Jamukula Katha.mp3.wav,108,10
2c53d2debb2bceeb982a5973e9b9f00f,output,fake,sovits,anime_soft_anime_048_081_Sarangadhara Jamukula Katha.mp3.wav,109,10
ef02b5ad862abde1a89d190d8b05af38,output,fake,sovits,anime_soft_anime_048_081_Sarangadhara Jamukula Katha.mp3.wav,110,10
49c28745a01510f00b7864c767113ce7,output,fake,sovits,anime_soft_anime_048_081_Sarangadhara Jamukula Katha.mp3.wav,111,10
0e62d127c5df6dd11e0d235847f5dafd,output,fake,sovits,anime_soft_anime_048_081_Sarangadhara Jamukula Katha.mp3.wav,112,10
754e79aafbba6d1f0d687d6cfd3b7b45,output,fake,sovits,anime_soft_anime_048_081_Sarangadhara Jamukula Katha.mp3.wav,113,10
ecd494ac00aa4d86d8b6c469b3b9f0ad,output,fake,sovits,anime_soft_anime_048_081_Sarangadhara Jamukula Katha.mp3.wav,114,10
c2068da9f5d31463b3b4097bdc6843e6,output,fake,sovits,anime_soft_anime_048_081_Sarangadhara Jamukula Katha.mp3.wav,115,10
1696830e015bdd298e65ed0ea9709de4,output,fake,sovits,anime_soft_anime_048_081_Sarangadhara Jamukula Katha.mp3.wav,116,10
2023e2250abb64383f5e75ab6fd28882,output,fake,sovits,anime_soft_anime_048_081_Sarangadhara Jamukula Katha.mp3.wav,117,10
0a956241aec7b0e5eb18034af00053f8,output,fake,sovits,anime_soft_anime_048_081_Sarangadhara Jamukula Katha.mp3.wav,118,10
a668e763021c367b048392d057b64630,output,fake,sovits,anime_soft_anime_048_081_Sarangadhara Jamukula Katha.mp3.wav,119,10
5b8f90ffe0ba666901d55924d2e3f0f7,output,fake,sovits,anime_soft_anime_048_081_Sarangadhara Jamukula Katha.mp3.wav,120,10
4829d0807457b84e6c306ef16b1c374e,output,fake,sovits,anime_soft_anime_048_081_Sarangadhara Jamukula Katha.mp3.wav,121,10
ce5b286fd1e2776b270fad6648606729,output,fake,sovits,anime_soft_anime_048_081_Sarangadhara Jamukula Katha.mp3.wav,122,10
1f168c9cd7859697b79689a56991902b,output,fake,sovits,anime_soft_anime_048_081_Sarangadhara Jamukula Katha.mp3.wav,123,10
299bf0de283d74771c3a098cc8e73330,output,fake,sovits,anime_soft_anime_048_081_Sarangadhara Jamukula Katha.mp3.wav,124,10
7aa8fa9957ad1f4c29d75015ce31434b,output,fake,sovits,anime_soft_anime_048_081_Sarangadhara Jamukula Katha.mp3.wav,125,10
c42691a2136e6abbd3bfafd80d226a69,output,fake,sovits,anime_soft_anime_048_081_Sarangadhara Jamukula Katha.mp3.wav,126,10
d7a7eb4dc31b9deab9a633cd34a745b7,output,fake,sovits,anime_soft_anime_048_081_Sarangadhara Jamukula Katha.mp3.wav,127,10
fe97af81fac2d1df417f6c4c444d9d5e,output,fake,sovits,anime_soft_anime_048_081_Sarangadhara Jamukula Katha.mp3.wav,128,10
6776345d6207fe22ffd11c13b65e3f03,output,fake,sovits,anime_soft_anime_048_081_Sarangadhara Jamukula Katha.mp3.wav,129,10
da74a916ea3c3a8e1201daeb904531a9,output,fake,sovits,anime_soft_anime_048_081_Sarangadhara Jamukula Katha.mp3.wav,130,10
4e1bd1cb21f93fe1996fe5ec5532b49b,output,fake,sovits,anime_soft_anime_048_081_Sarangadhara Jamukula Katha.mp3.wav,131,10
dac136e59c6f76b05910ecd449850bfb,output,fake,sovits,anime_soft_anime_048_081_Sarangadhara Jamukula Katha.mp3.wav,132,10
b72c33da019c7d3327e704e1beb9f551,output,fake,sovits,anime_soft_anime_048_081_Sarangadhara Jamukula Katha.mp3.wav,133,10
3b11206efa238b08102ac50e5803c1e9,output,fake,sovits,anime_soft_anime_048_081_Sarangadhara Jamukula Katha.mp3.wav,134,10
f753f352a2472bedd3e4ba9a6ce61425,output,fake,sovits,anime_soft_anime_048_081_Sarangadhara Jamukula Katha.mp3.wav,135,10
2d466e179fd4f2b9155173508b24a3df,output,fake,sovits,anime_soft_anime_048_081_Sarangadhara Jamukula Katha.mp3.wav,136,10
0a69b28d351bec23b8bc753b4215ada2,output,fake,sovits,anime_soft_anime_048_081_Sarangadhara Jamukula Katha.mp3.wav,137,10
b789df010b0239f87d5bfcdce8120e6f,output,fake,sovits,anime_soft_anime_048_081_Sarangadhara Jamukula Katha.mp3.wav,138,10
dcab652ac53c78caab43cf982bdc99bf,output,fake,sovits,anime_soft_anime_048_081_Sarangadhara Jamukula Katha.mp3.wav,139,10
0ae2a528c9319e72138c44f27f830759,output,fake,sovits,anime_soft_anime_048_081_Sarangadhara Jamukula Katha.mp3.wav,140,10
5ba6a258b71374bc7cd14bf53c2fc03c,output,fake,sovits,anime_soft_anime_048_081_Sarangadhara Jamukula Katha.mp3.wav,141,10
6526d3ef3731ea9e9820244635f978ef,output,fake,sovits,anime_soft_anime_048_081_Sarangadhara Jamukula Katha.mp3.wav,142,10
4ff8bfd2da419026a64f928a40d8fbf5,output,fake,sovits,anime_soft_anime_048_081_Sarangadhara Jamukula Katha.mp3.wav,143,10
8b8b88ed1dae634698f84b598d2500cb,output,fake,sovits,anime_soft_anime_048_081_Sarangadhara Jamukula Katha.mp3.wav,144,10
8c10404a5378490736b1d61ab8e511e3,output,fake,sovits,anime_soft_anime_048_081_Sarangadhara Jamukula Katha.mp3.wav,145,10
584cc955fb63a6bc17d6fb6f4209d84b,output,fake,sovits,anime_soft_anime_048_081_Sarangadhara Jamukula Katha.mp3.wav,146,10
92db032538945a05e7c4d4776d4658ee,output,fake,sovits,anime_soft_anime_048_081_Sarangadhara Jamukula Katha.mp3.wav,147,10
cc6f330bce52d0678cf4908c02fdd2bf,output,fake,sovits,anime_soft_anime_048_081_Sarangadhara Jamukula Katha.mp3.wav,148,10
c56d0b71df7aac71797f1b7831eb468a,output,fake,sovits,anime_soft_anime_048_081_Sarangadhara Jamukula Katha.mp3.wav,149,10
27623caa78f60244849972e25ef54941,output,fake,sovits,anime_soft_anime_048_081_Sarangadhara Jamukula Katha.mp3.wav,150,10
6d80074369fd7f2227dc441d2db7d8f5,output,fake,sovits,anime_soft_anime_048_081_Sarangadhara Jamukula Katha.mp3.wav,151,10
8d49bc0acde3597b77f9879c9dfeb20f,output,fake,sovits,anime_soft_anime_048_081_Sarangadhara Jamukula Katha.mp3.wav,152,10
4bce5652429c3dda67ab0db71b7d73bc,output,fake,sovits,anime_soft_anime_048_081_Sarangadhara Jamukula Katha.mp3.wav,153,10
f5108c6759c627d55e7e9dfba7d7520d,output,fake,sovits,anime_soft_anime_048_081_Sarangadhara Jamukula Katha.mp3.wav,154,10
eaf8fa82bf02caab7733e024c1c60e06,output,fake,sovits,anime_soft_anime_048_081_Sarangadhara Jamukula Katha.mp3.wav,155,10
0e9e0da603a1902efc1d6f3d538cf88d,output,fake,sovits,anime_soft_anime_048_081_Sarangadhara Jamukula Katha.mp3.wav,156,10
f89a04fdb55557e9465c2146572b8dbc,output,fake,sovits,anime_soft_anime_048_081_Sarangadhara Jamukula Katha.mp3.wav,157,10
8bf00f6de502d00b7ad0aea61621ca11,output,fake,sovits,anime_soft_anime_048_081_Sarangadhara Jamukula Katha.mp3.wav,158,10
d1c8071d25f4073a979b18ebf5d03949,output,fake,sovits,anime_soft_anime_048_081_Sarangadhara Jamukula Katha.mp3.wav,159,10
9b2262248e998fceb01988ce95c7b14f,output,fake,sovits,anime_soft_anime_048_081_Sarangadhara Jamukula Katha.mp3.wav,160,10
e1591eaa45234c2b1dcd959d351e31de,output,fake,sovits,anime_soft_anime_048_081_Sarangadhara Jamukula Katha.mp3.wav,161,10
769ea0fe00f5aeb5ed15d1f400892178,output,fake,sovits,anime_soft_anime_048_081_Sarangadhara Jamukula Katha.mp3.wav,162,10
fec4fd094b0b57fd866c44390f21d62d,output,fake,sovits,anime_soft_anime_048_081_Sarangadhara Jamukula Katha.mp3.wav,163,10
0dc0f22065ed23606cd007b17e71d8ca,output,fake,sovits,anime_soft_anime_048_081_Sarangadhara Jamukula Katha.mp3.wav,164,10
7b4d192e06e1fbf239ef9b04108d38b2,output,fake,sovits,anime_soft_anime_048_081_Sarangadhara Jamukula Katha.mp3.wav,165,10
068ffd82cad72eb05a52481242c57a7a,output,fake,sovits,anime_soft_anime_048_081_Sarangadhara Jamukula Katha.mp3.wav,166,10
d2d2a2c93372fceb42afe554b4dedc22,output,fake,sovits,anime_soft_anime_048_081_Sarangadhara Jamukula Katha.mp3.wav,167,10
c8ffd324cbe474d817def650ef285a65,output,fake,sovits,anime_soft_anime_048_081_Sarangadhara Jamukula Katha.mp3.wav,168,10
52c68222401e85621d45abc7b075e14d,output,fake,sovits,anime_soft_anime_048_081_Sarangadhara Jamukula Katha.mp3.wav,169,10
2d3187e4a21f9da60bfce1006daece5c,output,fake,sovits,anime_soft_anime_048_081_Sarangadhara Jamukula Katha.mp3.wav,170,10
599eddc9bf1cd3a020531fff26a96808,output,fake,sovits,anime_soft_anime_048_081_Sarangadhara Jamukula Katha.mp3.wav,171,10
34885eb59dfc573549ada1c5fcbfe947,output,fake,sovits,anime_soft_anime_048_081_Sarangadhara Jamukula Katha.mp3.wav,172,10
c632febc76bbeb9b761408e976324917,output,fake,sovits,anime_soft_anime_048_081_Sarangadhara Jamukula Katha.mp3.wav,173,10
6e8130f985a0e9e700e1d36436efac9f,output,fake,sovits,anime_soft_anime_048_081_Sarangadhara Jamukula Katha.mp3.wav,174,10
b3a8ade106a2f16fb62f94a811fd75a5,output,fake,sovits,anime_soft_anime_048_081_Sarangadhara Jamukula Katha.mp3.wav,175,10
8506cad2b937b1005dcc44225d93e10d,output,fake,sovits,anime_soft_anime_048_081_Sarangadhara Jamukula Katha.mp3.wav,176,10
52446edade10bc1d934cb394bf995b72,output,fake,sovits,anime_soft_anime_048_081_Sarangadhara Jamukula Katha.mp3.wav,177,10
bef9bc139087bdcce1145501c7023ef7,output,fake,sovits,anime_soft_anime_048_081_Sarangadhara Jamukula Katha.mp3.wav,178,10
9de0d36fec82a1d2bfd08f3b0a778f02,output,fake,sovits,anime_soft_anime_048_081_Sarangadhara Jamukula Katha.mp3.wav,179,10
640b09547ed7f599290a486cff393d2b,output,fake,sovits,anime_soft_anime_048_081_Sarangadhara Jamukula Katha.mp3.wav,180,10
9146bf9617766a5e0783206ca43163c1,output,fake,sovits,anime_soft_anime_048_081_Sarangadhara Jamukula Katha.mp3.wav,181,10
7fbb38420005af61e8e121bf8ccf3681,output,fake,sovits,anime_soft_anime_048_081_Sarangadhara Jamukula Katha.mp3.wav,182,10
6815282fbc98c7e6eeb60ef999498a8d,output,fake,sovits,anime_soft_anime_048_081_Sarangadhara Jamukula Katha.mp3.wav,183,10
f3d8b8464816abc2f69ffd58c86581f1,output,fake,sovits,anime_soft_anime_048_081_Sarangadhara Jamukula Katha.mp3.wav,184,10
64fb5e626dba52e7d97ace808d160be4,output,fake,sovits,anime_soft_anime_048_081_Sarangadhara Jamukula Katha.mp3.wav,185,10
59d371a2fdadbeda9da9a56272e555fd,output,fake,sovits,anime_soft_anime_048_081_Sarangadhara Jamukula Katha.mp3.wav,186,10
245997086556f90eeffedfb656423900,output,fake,sovits,anime_soft_anime_048_081_Sarangadhara Jamukula Katha.mp3.wav,187,10
b50e40f05f0df54dd8c5f04d9acba023,output,fake,sovits,anime_soft_anime_048_081_Sarangadhara Jamukula Katha.mp3.wav,188,10
fbf9a528e6c45855f6ba73d1e06cbf22,output,fake,sovits,anime_soft_anime_048_081_Sarangadhara Jamukula Katha.mp3.wav,189,10
910ce888e4cf357f3e62f945f66a29fd,output,fake,sovits,anime_soft_anime_048_081_Sarangadhara Jamukula Katha.mp3.wav,190,10
8f887af3788e03c0227fc51f50abf300,output,fake,sovits,anime_soft_anime_048_081_Sarangadhara Jamukula Katha.mp3.wav,191,10
c875e911a56dc3533c3d444afd50cc08,output,fake,sovits,anime_soft_anime_048_081_Sarangadhara Jamukula Katha.mp3.wav,192,10
08ef19e43b725e45d20deead616c34e5,output,fake,sovits,anime_soft_anime_048_081_Sarangadhara Jamukula Katha.mp3.wav,193,10
e6319e06c9ebf4a63f9e363cf5a8f305,output,fake,sovits,anime_soft_anime_048_081_Sarangadhara Jamukula Katha.mp3.wav,194,10
29fd6e9b960b1aad57996d2362e0a10f,output,fake,sovits,anime_soft_anime_048_081_Sarangadhara Jamukula Katha.mp3.wav,195,10
2994a7ada496368bd4423d9b2e4e9981,output,fake,sovits,anime_soft_anime_048_081_Sarangadhara Jamukula Katha.mp3.wav,196,10
73d6997ae022cf1a524bba0e93a51e13,output,fake,sovits,anime_soft_anime_048_081_Sarangadhara Jamukula Katha.mp3.wav,197,10
d0a49d6e23154d1a2bb8c23451045bdc,output,fake,sovits,anime_soft_anime_048_081_Sarangadhara Jamukula Katha.mp3.wav,198,10
eb95474c2b016775dd437089ba646054,output,fake,sovits,anime_soft_anime_048_081_Sarangadhara Jamukula Katha.mp3.wav,199,10
098a3a07d3309f7c0d4643a8f7e10d14,output,fake,sovits,anime_soft_anime_048_081_Sarangadhara Jamukula Katha.mp3.wav,200,10
3a73170ecb4a0f3830f169d3fe59daab,output,fake,sovits,anime_soft_anime_048_081_Sarangadhara Jamukula Katha.mp3.wav,201,10
9c88e1b0f0b2213f70d47e5163850a98,output,fake,sovits,anime_soft_anime_048_081_Sarangadhara Jamukula Katha.mp3.wav,202,10
d8522f6b97d5f1af7ff5ada862a2358e,output,fake,sovits,anime_soft_anime_048_081_Sarangadhara Jamukula Katha.mp3.wav,203,10
9d75dc15ace9f44267c7345a40423c19,output,fake,sovits,anime_soft_anime_048_081_Sarangadhara Jamukula Katha.mp3.wav,204,10
c1d0630d7c7bc44f24a90c4f1ae40997,output,fake,sovits,anime_soft_anime_048_081_Sarangadhara Jamukula Katha.mp3.wav,205,10
46d1bd9235545eb6ca0f492cb1da4377,output,fake,sovits,anime_soft_anime_048_081_Sarangadhara Jamukula Katha.mp3.wav,206,10
0663300a2a13868c1ed356e6bbac738f,output,fake,sovits,anime_soft_anime_048_081_Sarangadhara Jamukula Katha.mp3.wav,207,10
1b2f05e8dd9e254e8c92357dbfa30789,output,fake,sovits,anime_soft_anime_048_081_Sarangadhara Jamukula Katha.mp3.wav,208,10
3aa9dc08889b083362b9a7b936b8569a,output,fake,sovits,anime_soft_anime_048_081_Sarangadhara Jamukula Katha.mp3.wav,209,10
b72233f935ec0f030bd1a166d3bba8ef,output,fake,sovits,anime_soft_anime_048_081_Sarangadhara Jamukula Katha.mp3.wav,210,10
4eab61aedf686a8e87ed0a28d8a19486,output,fake,sovits,anime_soft_anime_048_081_Sarangadhara Jamukula Katha.mp3.wav,211,10
91b00fe73f6e7e3dc5227d65cfce5f4d,output,fake,sovits,anime_soft_anime_048_081_Sarangadhara Jamukula Katha.mp3.wav,212,10
889c38e40b0c9c7fea38f666ea76dff4,output,fake,sovits,anime_soft_anime_048_081_Sarangadhara Jamukula Katha.mp3.wav,213,10
97dc7a201965eb7497451f5f9d2d6ba9,output,fake,sovits,anime_soft_anime_048_081_Sarangadhara Jamukula Katha.mp3.wav,214,10
300ee42261617f3f735a4a4fda794c3e,output,fake,sovits,anime_soft_anime_048_081_Sarangadhara Jamukula Katha.mp3.wav,215,10
83231548626d995ab69d517b8e54ac9d,output,fake,sovits,anime_soft_anime_048_081_Sarangadhara Jamukula Katha.mp3.wav,216,10
fdfb9b51c871698f6f9692702c39479e,output,fake,sovits,anime_soft_anime_048_081_Sarangadhara Jamukula Katha.mp3.wav,217,10
fcb3d59d36feeebbabc7ce67acb0502b,output,fake,sovits,anime_soft_anime_048_081_Sarangadhara Jamukula Katha.mp3.wav,218,10
2dfdbecd87cd94232663fb64c23cf985,output,fake,sovits,anime_soft_anime_048_081_Sarangadhara Jamukula Katha.mp3.wav,219,10
fcbea4217df5213b054f38f5d53e41b9,output,fake,sovits,anime_soft_anime_048_081_Sarangadhara Jamukula Katha.mp3.wav,220,10
0499615fbb4a3d3a73985af54e87afa1,output,fake,sovits,anime_soft_anime_048_081_Sarangadhara Jamukula Katha.mp3.wav,221,10
5ae1cf525b3116a03fc93d6d6b9c7293,output,fake,sovits,anime_soft_anime_048_081_Sarangadhara Jamukula Katha.mp3.wav,222,10
2cd2ac2525ab00598b0ed5dabff9a11c,output,fake,sovits,anime_soft_anime_048_081_Sarangadhara Jamukula Katha.mp3.wav,223,10
4adef5c1fd2cd28f7b8b3b6b65c8dc84,output,fake,sovits,anime_soft_anime_048_081_Sarangadhara Jamukula Katha.mp3.wav,224,10
ba29a931a0dffd4727bc4db4d5a4ddd4,output,fake,sovits,anime_soft_anime_048_081_Sarangadhara Jamukula Katha.mp3.wav,225,10
5a202dc46fef932cd42ef4491407a42c,output,fake,sovits,anime_soft_anime_048_081_Sarangadhara Jamukula Katha.mp3.wav,226,10
0a6d2f957085902332d86d32aaf2540e,output,fake,sovits,anime_soft_anime_048_081_Sarangadhara Jamukula Katha.mp3.wav,227,10
627e3777fec9b70cbd30653ee1bfcc76,output,fake,sovits,anime_soft_anime_048_081_Sarangadhara Jamukula Katha.mp3.wav,228,10
fffbebcb122136c95024dfd6e18f44e3,output,fake,sovits,anime_soft_anime_048_081_Sarangadhara Jamukula Katha.mp3.wav,229,10
f70ae1a3ca8701fb69bc34087f7ee35e,output,fake,sovits,anime_soft_anime_048_081_Sarangadhara Jamukula Katha.mp3.wav,230,10
dbb6d607fc0214addd55898204654794,output,fake,sovits,anime_soft_anime_048_081_Sarangadhara Jamukula Katha.mp3.wav,231,10
3f9f9685e1473474006d24397b4f7527,output,fake,sovits,anime_soft_anime_048_081_Sarangadhara Jamukula Katha.mp3.wav,232,10
c4550b9a8866514970eaf17be315ca05,output,fake,sovits,anime_soft_anime_048_081_Sarangadhara Jamukula Katha.mp3.wav,233,10
268c9e232ec144aa338fa0b8c13ffcdc,output,fake,sovits,anime_soft_anime_048_081_Sarangadhara Jamukula Katha.mp3.wav,234,10
457eb54ee0898ade8d7983b727e1bd48,output,fake,sovits,anime_soft_anime_048_081_Sarangadhara Jamukula Katha.mp3.wav,235,10
a575f7ff840b48e4ff5e57b99a3b8cda,output,fake,sovits,anime_soft_anime_048_081_Sarangadhara Jamukula Katha.mp3.wav,236,10
ffaf1fb95e93156a60637b60e21ded4f,output,fake,sovits,anime_soft_anime_048_081_Sarangadhara Jamukula Katha.mp3.wav,237,10
65d7d9b9b3573752153686f4246efc31,output,fake,sovits,anime_soft_anime_048_081_Sarangadhara Jamukula Katha.mp3.wav,238,10
fab4215f4973b903f04e3c8517bb721d,output,fake,sovits,anime_soft_anime_048_081_Sarangadhara Jamukula Katha.mp3.wav,239,10
b40ba1ff80688b239e528d2cb2dc2f61,output,fake,sovits,anime_soft_anime_048_081_Sarangadhara Jamukula Katha.mp3.wav,240,10
f79d87e2b7af863c4acff03f609929bb,output,fake,sovits,anime_soft_anime_048_081_Sarangadhara Jamukula Katha.mp3.wav,241,10
9d1ecaf9382c6c1a05df51a81649d7a2,output,fake,sovits,anime_soft_anime_048_081_Sarangadhara Jamukula Katha.mp3.wav,242,10
36b1c249fa21eaa5df0f50d2b08670b7,output,fake,sovits,anime_soft_anime_048_081_Sarangadhara Jamukula Katha.mp3.wav,243,10
43ab8f10d5d56440ca19c5e8e2bac70f,output,fake,sovits,anime_soft_anime_048_081_Sarangadhara Jamukula Katha.mp3.wav,244,10
94a07610e22f22345255ca309c11f403,output,fake,sovits,anime_soft_anime_048_081_Sarangadhara Jamukula Katha.mp3.wav,245,10
0fee72a6ec3d5d6fa2176afdbe071251,output,fake,sovits,anime_soft_anime_048_081_Sarangadhara Jamukula Katha.mp3.wav,246,10
239d696d855e4defb88609c414c7fdb4,output,fake,sovits,anime_soft_anime_048_081_Sarangadhara Jamukula Katha.mp3.wav,247,10
cb066a6b662969bd4135dc0194b1db56,output,fake,sovits,anime_soft_anime_048_081_Sarangadhara Jamukula Katha.mp3.wav,248,10
66ffc02fcb7bb3a52a7b1c6ea3d58fae,output,fake,sovits,anime_soft_anime_048_081_Sarangadhara Jamukula Katha.mp3.wav,249,10
5816aefd86899ba725b3843b313e64e1,output,fake,sovits,anime_soft_anime_048_081_Sarangadhara Jamukula Katha.mp3.wav,250,10
ee4ebf5b063f385e20140f2593e7ccc4,output,fake,sovits,anime_soft_anime_048_081_Sarangadhara Jamukula Katha.mp3.wav,251,10
453c6199f20bc3df6ddecc49592b0a5c,output,fake,sovits,anime_soft_anime_048_081_Sarangadhara Jamukula Katha.mp3.wav,252,10
74abd197b740925257bb857a59a4817b,output,fake,sovits,anime_soft_anime_048_081_Sarangadhara Jamukula Katha.mp3.wav,253,10
df8475b32eb8441bf5872e98bc28e4b2,output,fake,sovits,anime_soft_anime_048_081_Sarangadhara Jamukula Katha.mp3.wav,254,10
625efecbf6859685f85dbfee6188c608,output,fake,sovits,anime_soft_anime_048_081_Sarangadhara Jamukula Katha.mp3.wav,255,10
c70d621e2a762ac2f12b42dd3e5302ba,output,fake,sovits,anime_soft_anime_048_081_Sarangadhara Jamukula Katha.mp3.wav,256,10
d68ee6fbb5636710ac4c22b8c2b72f18,output,fake,sovits,anime_soft_anime_048_081_Sarangadhara Jamukula Katha.mp3.wav,257,10
4b422acdb6b79e98156e082e37095776,output,fake,sovits,anime_soft_anime_048_081_Sarangadhara Jamukula Katha.mp3.wav,258,10
d1ab33fd9251a3a3fe1723fca2e2c5da,output,fake,sovits,anime_soft_anime_048_081_Sarangadhara Jamukula Katha.mp3.wav,259,10
72bfaa6a6c1f1c7bacd3dce2e060b47c,output,fake,sovits,anime_soft_anime_048_081_Sarangadhara Jamukula Katha.mp3.wav,260,10
ba25368088b56e22597f570f0e77bdc4,output,fake,sovits,anime_soft_anime_048_081_Sarangadhara Jamukula Katha.mp3.wav,261,10
6a8030d5ce158efb3e7d76a269dcb094,output,fake,sovits,anime_soft_anime_048_081_Sarangadhara Jamukula Katha.mp3.wav,262,10
7f42b7f60bc1d7d5023d2d06dc4826eb,output,fake,sovits,anime_soft_anime_048_081_Sarangadhara Jamukula Katha.mp3.wav,263,10
135f70002e72e4eb61c4398ea684f46b,output,fake,sovits,anime_soft_anime_048_081_Sarangadhara Jamukula Katha.mp3.wav,264,10
9831b767196d85f2481dcc79a8238d71,output,fake,sovits,anime_soft_anime_048_081_Sarangadhara Jamukula Katha.mp3.wav,265,10
5886369ebc22844b62caf72857e4e032,output,fake,sovits,anime_soft_anime_048_081_Sarangadhara Jamukula Katha.mp3.wav,266,10
72f9321e67d3b80de5e07325bbd2e9aa,output,fake,sovits,anime_soft_anime_048_081_Sarangadhara Jamukula Katha.mp3.wav,267,10
1a21b4e3e7356a636dea068db0e66527,output,fake,sovits,anime_soft_anime_048_081_Sarangadhara Jamukula Katha.mp3.wav,268,10
755ea899e046acd05455817dc2ce1a51,output,fake,sovits,anime_soft_anime_048_081_Sarangadhara Jamukula Katha.mp3.wav,269,10
e67feba4d57edeeabf69e9633b50bce3,output,fake,sovits,anime_soft_anime_048_081_Sarangadhara Jamukula Katha.mp3.wav,270,10
b9f6bc2e34b59e56e705ad8c42bf54a6,output,fake,sovits,anime_soft_anime_048_081_Sarangadhara Jamukula Katha.mp3.wav,271,10
31e6ff4b778c81f5c0404c2e95144119,output,fake,sovits,anime_soft_anime_048_081_Sarangadhara Jamukula Katha.mp3.wav,272,10
3950201ac0aff1b727f165d5f08ee302,output,fake,sovits,anime_soft_anime_048_081_Sarangadhara Jamukula Katha.mp3.wav,273,10
c8cf991034f6d331694e3679e7f327e7,output,fake,sovits,anime_soft_anime_048_081_Sarangadhara Jamukula Katha.mp3.wav,274,10
82947a8b6ff3cf12e6dd8d41ad31ae5a,output,fake,sovits,anime_soft_anime_048_081_Sarangadhara Jamukula Katha.mp3.wav,275,10
bfccfcf9ea3232df50e1d21567f67e35,output,fake,sovits,anime_soft_anime_048_081_Sarangadhara Jamukula Katha.mp3.wav,276,10
d46e7e073ca446b79f335ef3311bcb73,output,fake,sovits,anime_soft_anime_048_081_Sarangadhara Jamukula Katha.mp3.wav,277,10
5491abb4ecfc4eaaf6b4f979bda00f29,output,fake,sovits,anime_soft_anime_048_081_Sarangadhara Jamukula Katha.mp3.wav,278,10
056cc137d0fa17056a54a9846cbcff16,output,fake,sovits,anime_soft_anime_048_081_Sarangadhara Jamukula Katha.mp3.wav,279,10
8aba58935a5cd4ee22106dd4f0e5fe4f,output,fake,sovits,anime_soft_anime_048_081_Sarangadhara Jamukula Katha.mp3.wav,280,10
d25a625244d76b088d21b6854d3d56d3,output,fake,sovits,anime_soft_anime_048_081_Sarangadhara Jamukula Katha.mp3.wav,281,10
0655061e7e100f3a823becd38f5e12b6,output,fake,sovits,anime_soft_anime_048_081_Sarangadhara Jamukula Katha.mp3.wav,282,10
1c81f1b86bffc60afa8c2f9cef7c3497,output,fake,sovits,anime_soft_anime_048_081_Sarangadhara Jamukula Katha.mp3.wav,283,10
7c6d79cbdc1cef6e608cb44462940a83,output,fake,sovits,anime_soft_anime_048_081_Sarangadhara Jamukula Katha.mp3.wav,284,10
01bff8e8313346323b272b2d0a16c0d0,output,fake,sovits,anime_soft_anime_048_081_Sarangadhara Jamukula Katha.mp3.wav,285,10
8f76add939ad57ae29554f2a1d3d1739,output,fake,sovits,anime_soft_anime_048_081_Sarangadhara Jamukula Katha.mp3.wav,286,10
6bf9fe22d0d84fa90a696ea8cfe1feae,output,fake,sovits,anime_soft_anime_048_081_Sarangadhara Jamukula Katha.mp3.wav,287,10
3a7ecc81b23c793637ef85f3a36905c0,output,fake,sovits,anime_soft_anime_048_081_Sarangadhara Jamukula Katha.mp3.wav,288,10
27394e180727c4d5555614f4fab1ec6a,output,fake,sovits,anime_soft_anime_048_081_Sarangadhara Jamukula Katha.mp3.wav,289,10
7a501c6fd6f5589742b1c462d1a45f17,output,fake,sovits,anime_soft_anime_048_081_Sarangadhara Jamukula Katha.mp3.wav,290,10
ca74aa8a839f01c32b64b06d71e9fa55,output,fake,sovits,anime_soft_anime_048_081_Sarangadhara Jamukula Katha.mp3.wav,291,10
c1c0d07e9b3962a6db1060675caa3887,output,fake,sovits,anime_soft_anime_048_081_Sarangadhara Jamukula Katha.mp3.wav,292,10
22ef6b1786c55ba78f8b924167718cda,output,fake,sovits,anime_soft_anime_048_081_Sarangadhara Jamukula Katha.mp3.wav,293,10
eede53471ea05079cd1ce12a158cd79c,output,fake,sovits,anime_soft_anime_048_081_Sarangadhara Jamukula Katha.mp3.wav,294,10
172eaca89d238833a7c580779d13b09e,output,fake,sovits,anime_soft_anime_048_081_Sarangadhara Jamukula Katha.mp3.wav,295,10
9c1e00e074be67b050871aa24a639609,output,fake,sovits,anime_soft_anime_048_081_Sarangadhara Jamukula Katha.mp3.wav,296,10
51c8d294ecd116afe5f99ea02ecadcf3,output,fake,sovits,anime_soft_anime_048_081_Sarangadhara Jamukula Katha.mp3.wav,297,10
0daa110b791ba5351be1e4bfb799ded8,output,fake,sovits,anime_soft_anime_048_081_Sarangadhara Jamukula Katha.mp3.wav,298,10
07f4f522181914fb21e12e0e0e838912,output,fake,sovits,anime_soft_anime_048_081_Sarangadhara Jamukula Katha.mp3.wav,299,10
f30cc205981ca7581624f6dedef7d4b7,output,fake,sovits,anime_soft_anime_048_081_Sarangadhara Jamukula Katha.mp3.wav,300,10
7d806d0ba03e51758557e39d593ee8d2,output,fake,sovits,anime_soft_anime_048_081_Sarangadhara Jamukula Katha.mp3.wav,301,10
b0e84e0903ff420eac30162b29988c55,output,fake,sovits,anime_soft_anime_048_081_Sarangadhara Jamukula Katha.mp3.wav,302,10
e415fff969f7c5893af24e2ea309daeb,output,fake,sovits,anime_soft_anime_048_081_Sarangadhara Jamukula Katha.mp3.wav,303,10
668396731fbef70e798a9914f016babf,output,fake,sovits,anime_soft_anime_048_081_Sarangadhara Jamukula Katha.mp3.wav,304,10
434a0c1ec688c29489513fa97b29966b,output,fake,sovits,anime_soft_anime_048_081_Sarangadhara Jamukula Katha.mp3.wav,305,10
6e57adfe62156b55d1b251c3e236985e,output,fake,sovits,anime_soft_anime_048_081_Sarangadhara Jamukula Katha.mp3.wav,306,10
f76bea232820ed006760cf164c1e7135,output,fake,sovits,anime_soft_anime_048_081_Sarangadhara Jamukula Katha.mp3.wav,307,10
d3964f60ae1c56147f46f524844414fe,output,fake,sovits,anime_soft_anime_048_081_Sarangadhara Jamukula Katha.mp3.wav,308,10
e38cf00a0928493a2d16718a79d0016b,output,fake,sovits,anime_soft_anime_048_081_Sarangadhara Jamukula Katha.mp3.wav,309,10
6a494a3b2e6710d3b543953b0531d1ab,output,fake,sovits,anime_soft_anime_048_081_Sarangadhara Jamukula Katha.mp3.wav,310,10
ddd73bb33e35204f9d7c8f3c5aec28b9,output,fake,sovits,anime_soft_anime_048_081_Sarangadhara Jamukula Katha.mp3.wav,311,10
0038f0d17be7b98e81a710c45b8b0d34,output,fake,sovits,anime_soft_anime_048_081_Sarangadhara Jamukula Katha.mp3.wav,312,10
cb9cae3ccf3da39a8e5ad401f47c49ef,output,fake,sovits,anime_soft_anime_048_081_Sarangadhara Jamukula Katha.mp3.wav,313,10
cf0cebdcedcdee3a317cd7aa00c04577,output,fake,sovits,anime_soft_anime_048_081_Sarangadhara Jamukula Katha.mp3.wav,314,10
3bb8bdc6d8a51f7098f8455bf5aef219,output,fake,sovits,anime_soft_anime_048_081_Sarangadhara Jamukula Katha.mp3.wav,315,10
61aef5309619e9b6decbbbc8eeba2e17,output,fake,sovits,anime_soft_anime_048_081_Sarangadhara Jamukula Katha.mp3.wav,316,10
2e51f88dee4efdf632ce0f0fb64c189c,output,fake,sovits,anime_soft_anime_048_081_Sarangadhara Jamukula Katha.mp3.wav,317,10
48ae5f63b03085e491a2613dea779a8e,output,fake,sovits,anime_soft_anime_048_081_Sarangadhara Jamukula Katha.mp3.wav,318,10
a5242679ed2b4800fc11ce6a91b10458,output,fake,sovits,anime_soft_anime_048_081_Sarangadhara Jamukula Katha.mp3.wav,319,10
31130187a2784658ad459d9c395d03b4,output,fake,sovits,anime_soft_anime_048_081_Sarangadhara Jamukula Katha.mp3.wav,320,10
db41f14fcb367881483500ecf657e965,output,fake,sovits,anime_soft_anime_048_081_Sarangadhara Jamukula Katha.mp3.wav,321,10
eb89ed8781f9c341abb0da182afb9316,output,fake,sovits,anime_soft_anime_048_081_Sarangadhara Jamukula Katha.mp3.wav,322,10
e22311fee026c4e0771290febfecb234,output,fake,sovits,anime_soft_anime_048_081_Sarangadhara Jamukula Katha.mp3.wav,323,10
3274e3b034c9f8418f2b88820eada9d3,output,fake,sovits,anime_soft_anime_048_081_Sarangadhara Jamukula Katha.mp3.wav,324,10
892092c72e8a27dd582a7b3c896ff884,output,fake,sovits,anime_soft_anime_048_081_Sarangadhara Jamukula Katha.mp3.wav,325,10
4175daa7b3c767d333d69f35cee7b1ff,output,fake,sovits,anime_soft_anime_048_081_Sarangadhara Jamukula Katha.mp3.wav,326,10
eb8091353c92a20be5813308445f7174,output,fake,sovits,anime_soft_anime_048_081_Sarangadhara Jamukula Katha.mp3.wav,327,10
e935743994deaa438c5d07ab9cbb9c4b,output,fake,sovits,anime_soft_anime_048_081_Sarangadhara Jamukula Katha.mp3.wav,328,10
98b47ec882a4b31689fce085f572c05f,output,fake,sovits,anime_soft_anime_048_081_Sarangadhara Jamukula Katha.mp3.wav,329,10
df04db94ab065aa394e73cef57ca1612,output,fake,sovits,anime_soft_anime_048_081_Sarangadhara Jamukula Katha.mp3.wav,330,10
8923566e4cc49084785f226f24191ba8,output,fake,sovits,anime_soft_anime_048_081_Sarangadhara Jamukula Katha.mp3.wav,331,10
42718a5c30eaf858f31775180230450e,output,fake,sovits,anime_soft_anime_048_081_Sarangadhara Jamukula Katha.mp3.wav,332,10
1452db99dfa59f2f68774b01fb8fb580,output,fake,sovits,anime_soft_anime_048_081_Sarangadhara Jamukula Katha.mp3.wav,333,10
2ee1e7dc40891feef9e29ad56041f1f7,output,fake,sovits,anime_soft_anime_048_081_Sarangadhara Jamukula Katha.mp3.wav,334,10
0c22c7013a3f2bb746024e4927eb3d6d,output,fake,sovits,anime_soft_anime_048_081_Sarangadhara Jamukula Katha.mp3.wav,335,10
bbf37ec696fc953a6193bb1a3ec14c82,output,fake,sovits,anime_soft_anime_048_081_Sarangadhara Jamukula Katha.mp3.wav,336,10
f8165a342f59b688dae6af7381cbaa8c,output,fake,sovits,anime_soft_anime_048_081_Sarangadhara Jamukula Katha.mp3.wav,337,10
a739175e6458546ab42750dbf2e892a6,output,fake,sovits,anime_soft_anime_048_081_Sarangadhara Jamukula Katha.mp3.wav,338,10
336d9acae5e0aeffafa846d2ed7c7eb6,output,fake,sovits,anime_soft_anime_048_081_Sarangadhara Jamukula Katha.mp3.wav,339,10
7c9e5265ad1314398d0700d08f65f407,output,fake,sovits,anime_soft_anime_048_081_Sarangadhara Jamukula Katha.mp3.wav,340,10
1ce28c6262cddefc2b0f8fd6a2fae734,output,fake,sovits,anime_soft_anime_048_081_Sarangadhara Jamukula Katha.mp3.wav,341,10
f0d04fd276a520f2f014c96a8e6bbf83,output,fake,sovits,anime_soft_anime_048_081_Sarangadhara Jamukula Katha.mp3.wav,342,10
bff540951d73fb71ed6024cbd4ac979a,output,fake,sovits,anime_soft_anime_048_081_Sarangadhara Jamukula Katha.mp3.wav,343,10
03027caf4d4039f3a46c8e2442731a7b,output,fake,sovits,anime_soft_anime_048_081_Sarangadhara Jamukula Katha.mp3.wav,344,10
294e7b1f6961edabb472fd3c1271da24,output,fake,sovits,anime_soft_anime_048_081_Sarangadhara Jamukula Katha.mp3.wav,345,10
6abd3cf51b50e88f621c4ec80e13bedd,output,fake,sovits,anime_soft_anime_048_081_Sarangadhara Jamukula Katha.mp3.wav,346,10
476b91f1507e3cf0f0a4adba85157f05,output,fake,sovits,anime_soft_anime_048_081_Sarangadhara Jamukula Katha.mp3.wav,347,10
5b2674a262b1179fde149b2c5835cbb5,output,fake,sovits,anime_soft_anime_048_081_Sarangadhara Jamukula Katha.mp3.wav,348,10
a97a32d4a23a55b775b3dc716530a2ca,output,fake,sovits,anime_soft_anime_048_081_Sarangadhara Jamukula Katha.mp3.wav,349,10
60b7efde63ae3105dc80b6d218245545,output,fake,sovits,anime_soft_anime_048_081_Sarangadhara Jamukula Katha.mp3.wav,350,10
81278aebbf50de2c939b02ad79a7cea9,output,fake,sovits,anime_soft_anime_048_081_Sarangadhara Jamukula Katha.mp3.wav,351,10
13e037978c17697068cd0dbe7c27db5d,output,fake,sovits,anime_soft_anime_048_081_Sarangadhara Jamukula Katha.mp3.wav,352,10
f22555341332b7f316af72e5ba769942,output,fake,sovits,anime_soft_anime_048_081_Sarangadhara Jamukula Katha.mp3.wav,353,10
72a628e1e7b168ab9889ec13fa54b58c,output,fake,sovits,anime_soft_anime_048_081_Sarangadhara Jamukula Katha.mp3.wav,354,10
a97b1f35552270eca28cec8347ae8f65,output,fake,sovits,anime_soft_anime_048_081_Sarangadhara Jamukula Katha.mp3.wav,355,10
1b415888b6b48bb42ff210f59b58ed66,output,fake,sovits,anime_soft_anime_048_081_Sarangadhara Jamukula Katha.mp3.wav,356,10
084f08dcedef649b8fde808bb747da73,output,fake,sovits,anime_soft_anime_048_081_Sarangadhara Jamukula Katha.mp3.wav,357,10
939a7e978e90164b486d7077f58ca060,output,fake,sovits,anime_soft_anime_048_081_Sarangadhara Jamukula Katha.mp3.wav,358,10
7563dac6c1bd08bec1fcfefd5f1b0c57,output,fake,sovits,anime_soft_anime_048_081_Sarangadhara Jamukula Katha.mp3.wav,359,10
5359ae7c25beeb1bae138329d2a45e32,output,fake,sovits,anime_soft_anime_048_081_Sarangadhara Jamukula Katha.mp3.wav,360,10
15421881dbfd31b6c8f28808ceb78f22,output,fake,sovits,anime_soft_anime_048_081_Sarangadhara Jamukula Katha.mp3.wav,361,10
c8eb7e3c9fcf790e63e31698bdf57717,output,fake,sovits,anime_soft_anime_048_081_Sarangadhara Jamukula Katha.mp3.wav,362,10
0904d128cf7cb73bd53d9389dba7a72e,output,fake,sovits,anime_soft_anime_048_081_Sarangadhara Jamukula Katha.mp3.wav,363,10
039d4e369787e0098dabc7d22e86e4a9,output,fake,sovits,anime_soft_anime_048_081_Sarangadhara Jamukula Katha.mp3.wav,364,10
18d8c137386b6bfa39fe5f96d8687b32,output,fake,sovits,anime_soft_anime_048_081_Sarangadhara Jamukula Katha.mp3.wav,365,10
a517f6be8f907e36e9643b68d8a1c724,output,fake,sovits,anime_soft_anime_048_081_Sarangadhara Jamukula Katha.mp3.wav,366,10
10ba7f0cb85226907fbc53eeb04546e3,output,fake,sovits,anime_soft_anime_048_081_Sarangadhara Jamukula Katha.mp3.wav,367,10
cfd0acd465e2588fabfdf8096f302e7b,output,fake,sovits,anime_soft_anime_048_081_Sarangadhara Jamukula Katha.mp3.wav,368,10
7f151cb15d3f7beeba83d2a399b78317,output,fake,sovits,anime_soft_anime_048_081_Sarangadhara Jamukula Katha.mp3.wav,369,10
889804a1013eaa03a0522e649ac6deb4,output,fake,sovits,anime_soft_anime_048_081_Sarangadhara Jamukula Katha.mp3.wav,370,10
84b49b9d9251b9ed7c0768ba3d9f4e0a,output,fake,sovits,anime_soft_anime_048_081_Sarangadhara Jamukula Katha.mp3.wav,371,10
9ef7c486abba1510ebd3c4f0d0cdac85,output,fake,sovits,anime_soft_anime_048_081_Sarangadhara Jamukula Katha.mp3.wav,372,10
27b1860df779ec962493d3fbd6738f45,output,fake,sovits,anime_soft_anime_048_081_Sarangadhara Jamukula Katha.mp3.wav,373,10
d94993dca1566f6d5cc74dce446b1bd5,output,fake,sovits,anime_soft_anime_048_081_Sarangadhara Jamukula Katha.mp3.wav,374,10
e860e9e242d8e4ed3bb78471ab7b3e82,output,fake,sovits,anime_soft_anime_048_081_Sarangadhara Jamukula Katha.mp3.wav,375,10
314fb2519915671d8a4ea28a2415f986,output,fake,sovits,anime_soft_anime_048_081_Sarangadhara Jamukula Katha.mp3.wav,376,10
3251681969e527376275e1ffb7e03140,output,fake,sovits,anime_soft_anime_048_081_Sarangadhara Jamukula Katha.mp3.wav,377,10
75c4b48d55dc0386f852e0beecbda3d5,output,fake,sovits,anime_soft_anime_048_081_Sarangadhara Jamukula Katha.mp3.wav,378,10
4239517b9cca8065155d081b39786cbd,output,fake,sovits,anime_soft_anime_048_081_Sarangadhara Jamukula Katha.mp3.wav,379,10
fffd613cde94382061b34047c0bab12d,output,fake,sovits,anime_soft_anime_048_081_Sarangadhara Jamukula Katha.mp3.wav,380,10
1c93f1b26ff3d9c3abd992d0b4107afc,output,fake,sovits,anime_soft_anime_048_081_Sarangadhara Jamukula Katha.mp3.wav,381,10
0c5324092f4ddacdfd606cfb1dad3353,output,fake,sovits,anime_soft_anime_048_081_Sarangadhara Jamukula Katha.mp3.wav,382,10
034652b3560702c47a5545c7eb3f32c7,output,fake,sovits,anime_soft_anime_048_081_Sarangadhara Jamukula Katha.mp3.wav,383,10
ca70368a7006f6249619536bda12f5fc,output,fake,sovits,anime_soft_anime_048_081_Sarangadhara Jamukula Katha.mp3.wav,384,10
b78545d42b3cc50fb02e40c80a85a7cd,output,fake,sovits,anime_soft_anime_048_081_Sarangadhara Jamukula Katha.mp3.wav,385,10
ebf9e1af8e7477f5aeff0de3630091b4,output,fake,sovits,anime_soft_anime_048_081_Sarangadhara Jamukula Katha.mp3.wav,386,10
b9150846e99f1524f6c4a3046223ccf8,output,fake,sovits,anime_soft_anime_048_081_Sarangadhara Jamukula Katha.mp3.wav,387,10
6574b2ca1434e8b4a950f5b127b96dad,output,fake,sovits,anime_soft_anime_048_081_Sarangadhara Jamukula Katha.mp3.wav,388,10
2871693b6452df2e37db24318f0e8551,output,fake,sovits,anime_soft_anime_048_081_Sarangadhara Jamukula Katha.mp3.wav,389,10
ba877efbd88c13dd36ecb599c55227ce,output,fake,sovits,anime_soft_anime_048_081_Sarangadhara Jamukula Katha.mp3.wav,390,10
96523091c1b7042d2241d0f833a17a05,output,fake,sovits,anime_soft_anime_048_081_Sarangadhara Jamukula Katha.mp3.wav,391,10
81a2dac29e883f3d2ab4b3619cd2fe96,output,fake,sovits,anime_soft_anime_048_081_Sarangadhara Jamukula Katha.mp3.wav,392,10
a7f30db50cdec65c9336162383e630ba,output,fake,sovits,anime_soft_anime_048_081_Sarangadhara Jamukula Katha.mp3.wav,393,10
e1ebbf1dd72e880992b8c42f62e93a15,output,fake,sovits,anime_soft_anime_048_081_Sarangadhara Jamukula Katha.mp3.wav,394,10
d03072645f7795fd4f5776874e736e6d,output,fake,sovits,anime_soft_anime_048_081_Sarangadhara Jamukula Katha.mp3.wav,395,10
b5f1aaf8b8d31dab9e67c6adbe3445f2,output,fake,sovits,anime_soft_anime_048_081_Sarangadhara Jamukula Katha.mp3.wav,396,10
88ba91c7311fb4e8677ec149517ffa8c,output,fake,sovits,anime_soft_anime_048_081_Sarangadhara Jamukula Katha.mp3.wav,397,10
4b09a6c0192be710f0e72ed941f8a349,output,fake,sovits,anime_soft_anime_048_081_Sarangadhara Jamukula Katha.mp3.wav,398,10
237dec0cee3607e360de00d0244222da,output,fake,sovits,anime_soft_anime_048_081_Sarangadhara Jamukula Katha.mp3.wav,399,10
8ec81b9c494bb69ea47dbcef02fbe5b6,output,fake,sovits,anime_soft_anime_048_081_Sarangadhara Jamukula Katha.mp3.wav,400,10
b5af3749b5538da5360bd820c978c270,output,fake,sovits,anime_soft_anime_048_081_Sarangadhara Jamukula Katha.mp3.wav,401,10
f60b9e5a8ddd0426d7e1f1593864d6a0,output,fake,sovits,anime_soft_anime_048_081_Sarangadhara Jamukula Katha.mp3.wav,402,10
e75fcca25f590c372f69eddd5b1c8745,output,fake,sovits,anime_soft_anime_048_081_Sarangadhara Jamukula Katha.mp3.wav,403,10
0c2fe66261653acef5186637ba2adfa1,output,fake,sovits,anime_soft_anime_048_081_Sarangadhara Jamukula Katha.mp3.wav,404,10
42854434aee7a42681ae843e497c13d7,output,fake,sovits,anime_soft_anime_048_081_Sarangadhara Jamukula Katha.mp3.wav,405,10
88e9e652e7b3c1c0c059879abe5f7ebb,output,fake,sovits,anime_soft_anime_048_081_Sarangadhara Jamukula Katha.mp3.wav,406,10
be39b4e2a7a7bb516f76e19ebe4f5bf1,output,fake,sovits,anime_soft_anime_048_081_Sarangadhara Jamukula Katha.mp3.wav,407,10
b31f1f9600992a1178a6e093b8761fda,output,fake,sovits,anime_soft_anime_048_081_Sarangadhara Jamukula Katha.mp3.wav,408,10
4b4a8ed3983a2f7a899fdaf33f81960f,output,fake,sovits,anime_soft_anime_048_081_Sarangadhara Jamukula Katha.mp3.wav,409,10
ff465a699020fd15807d8ac3d8529bf0,output,fake,sovits,anime_kawaii_girl_049_082_Jamukula Buduku Music.mp3.wav,0,10
973d484fa0ec99d7e49ad608821f0d79,output,fake,sovits,anime_kawaii_girl_049_082_Jamukula Buduku Music.mp3.wav,1,10
aafdd46b7507cdb11acde4ee5bc22f80,output,fake,sovits,anime_kawaii_girl_049_082_Jamukula Buduku Music.mp3.wav,2,10
813994bf891a0802e61b241b6282d2dd,output,fake,sovits,anime_kawaii_girl_049_082_Jamukula Buduku Music.mp3.wav,3,10
9875496054b3f412626790fe7f5fba85,output,fake,sovits,anime_kawaii_girl_049_082_Jamukula Buduku Music.mp3.wav,4,10
481b0b15b3f41b6a52668818e8b0993e,output,fake,sovits,anime_energetic_idol_050_084_Bobbiliyuddam Burrakatha.mp3.wav,0,10
e52a662bcbefb41b273a7b5a01c40b57,output,fake,sovits,anime_energetic_idol_050_084_Bobbiliyuddam Burrakatha.mp3.wav,1,10
832e08167b0de23aabbb1a28827641c8,output,fake,sovits,anime_energetic_idol_050_084_Bobbiliyuddam Burrakatha.mp3.wav,2,10
094b05c07c62001f83f14b2baff370b9,output,fake,sovits,anime_energetic_idol_050_084_Bobbiliyuddam Burrakatha.mp3.wav,3,10
b023d23cbc32bb3759321c95d93852e4,output,fake,sovits,anime_energetic_idol_050_084_Bobbiliyuddam Burrakatha.mp3.wav,4,10
94e7baa26826272ea497f73a8f803583,output,fake,sovits,anime_energetic_idol_050_084_Bobbiliyuddam Burrakatha.mp3.wav,5,10
e8c9059fa44564a346164d2d652e01ba,output,fake,sovits,anime_energetic_idol_050_084_Bobbiliyuddam Burrakatha.mp3.wav,6,10
be8f111c6dc942732700d398ada2069a,output,fake,sovits,anime_energetic_idol_050_084_Bobbiliyuddam Burrakatha.mp3.wav,7,10
75f5c79b5554249fa276597e596bc57d,output,fake,sovits,anime_energetic_idol_050_084_Bobbiliyuddam Burrakatha.mp3.wav,8,10
0f9852df927eb98cf8ffb385148d1986,output,fake,sovits,anime_energetic_idol_050_084_Bobbiliyuddam Burrakatha.mp3.wav,9,10
58bf2d3a00da7934bc54a44e728db3ab,output,fake,sovits,anime_energetic_idol_050_084_Bobbiliyuddam Burrakatha.mp3.wav,10,10
1ed1daecf970ffe743fef266adf127c6,output,fake,sovits,anime_energetic_idol_050_084_Bobbiliyuddam Burrakatha.mp3.wav,11,10
f11a6bc0e8e074ec63f24beb7c2c7a55,output,fake,sovits,anime_energetic_idol_050_084_Bobbiliyuddam Burrakatha.mp3.wav,12,10
577d0cc1f079822991642b4856fdbc70,output,fake,sovits,anime_energetic_idol_050_084_Bobbiliyuddam Burrakatha.mp3.wav,13,10
9a827e722ea7fe0e58a6b2ae0c52f569,output,fake,sovits,anime_energetic_idol_050_084_Bobbiliyuddam Burrakatha.mp3.wav,14,10
b68d18911bcd8d8917b17e178235c50b,output,fake,sovits,anime_energetic_idol_050_084_Bobbiliyuddam Burrakatha.mp3.wav,15,10
3ac2cef58d741344aae6e622d383ff15,output,fake,sovits,anime_energetic_idol_050_084_Bobbiliyuddam Burrakatha.mp3.wav,16,10
bc5c7701196e5590fef6e05e60ad9a45,output,fake,sovits,anime_energetic_idol_050_084_Bobbiliyuddam Burrakatha.mp3.wav,17,10
ce98f8f7664e7d6e68889336c9d3851f,output,fake,sovits,anime_energetic_idol_050_084_Bobbiliyuddam Burrakatha.mp3.wav,18,10
b556174e1503934b4f60e0d4ad8d3c9a,output,fake,sovits,anime_energetic_idol_050_084_Bobbiliyuddam Burrakatha.mp3.wav,19,10
cb1f49dc88de025a88ef1714f326cfe7,output,fake,sovits,anime_energetic_idol_050_084_Bobbiliyuddam Burrakatha.mp3.wav,20,10
e2d2d5c4959a9f7a26d1db1e2bde0ed5,output,fake,sovits,anime_energetic_idol_050_084_Bobbiliyuddam Burrakatha.mp3.wav,21,10
5679f59f53f1258faf1ca75f328b95cd,output,fake,sovits,anime_energetic_idol_050_084_Bobbiliyuddam Burrakatha.mp3.wav,22,10
f96b5762f756d8849ab0bcd5600e4710,output,fake,sovits,anime_energetic_idol_050_084_Bobbiliyuddam Burrakatha.mp3.wav,23,10
59032fc09a6fde7d41b3de935229c756,output,fake,sovits,anime_energetic_idol_050_084_Bobbiliyuddam Burrakatha.mp3.wav,24,10
54ce386b4070f3c12b96a16f01ea5818,output,fake,sovits,anime_energetic_idol_050_084_Bobbiliyuddam Burrakatha.mp3.wav,25,10
c58e03c333da7f189ee315bb291ac3d3,output,fake,sovits,anime_energetic_idol_050_084_Bobbiliyuddam Burrakatha.mp3.wav,26,10
772f2c46e09f8640c91b94014e947b0b,output,fake,sovits,anime_energetic_idol_050_084_Bobbiliyuddam Burrakatha.mp3.wav,27,10
bed56a5a59b5bfb956853d8b58427b99,output,fake,sovits,anime_energetic_idol_050_084_Bobbiliyuddam Burrakatha.mp3.wav,28,10
f5e9f524e161f93fc809db45e47414f8,output,fake,sovits,anime_energetic_idol_050_084_Bobbiliyuddam Burrakatha.mp3.wav,29,10
59378cd627319c80e64d33462a7ea066,output,fake,sovits,anime_energetic_idol_050_084_Bobbiliyuddam Burrakatha.mp3.wav,30,10
0deb64e6cdbc1719dd1a6aef1b45b15d,output,fake,sovits,anime_energetic_idol_050_084_Bobbiliyuddam Burrakatha.mp3.wav,31,10
f6bf35f5d523e48ea08554002a95432a,output,fake,sovits,anime_energetic_idol_050_084_Bobbiliyuddam Burrakatha.mp3.wav,32,10
d0f0166799e6d961d037a01c354bb126,output,fake,sovits,anime_energetic_idol_050_084_Bobbiliyuddam Burrakatha.mp3.wav,33,10
ef3ec975e5f76a5e134479664e021085,output,fake,sovits,anime_energetic_idol_050_084_Bobbiliyuddam Burrakatha.mp3.wav,34,10
b7054b2c7ef4d719f02a6b16e97fbc35,output,fake,sovits,anime_energetic_idol_050_084_Bobbiliyuddam Burrakatha.mp3.wav,35,10
fbedafd230646e1b41ddaae69f93047a,output,fake,sovits,anime_energetic_idol_050_084_Bobbiliyuddam Burrakatha.mp3.wav,36,10
aa42573b3dec1525eba4d6bba96d5875,output,fake,sovits,anime_energetic_idol_050_084_Bobbiliyuddam Burrakatha.mp3.wav,37,10
192e76d21aeed4d8210bdceddb0b4d9d,output,fake,sovits,anime_energetic_idol_050_084_Bobbiliyuddam Burrakatha.mp3.wav,38,10
4fb73c78f9b276f6bae72f12c4016969,output,fake,sovits,anime_energetic_idol_050_084_Bobbiliyuddam Burrakatha.mp3.wav,39,10
30009ec3ea2580935325d8fdd9521d28,output,fake,sovits,anime_energetic_idol_050_084_Bobbiliyuddam Burrakatha.mp3.wav,40,10
b86bba322f0a0246e32f8194dc6d7972,output,fake,sovits,anime_energetic_idol_050_084_Bobbiliyuddam Burrakatha.mp3.wav,41,10
9fa99e5a29e5ff9c1fa9bc732612d310,output,fake,sovits,anime_energetic_idol_050_084_Bobbiliyuddam Burrakatha.mp3.wav,42,10
ef0e11a12cb458b578427e2df7574a56,output,fake,sovits,anime_energetic_idol_050_084_Bobbiliyuddam Burrakatha.mp3.wav,43,10
21caa6283f1a9ec2acb71d3206949cfd,output,fake,sovits,anime_energetic_idol_050_084_Bobbiliyuddam Burrakatha.mp3.wav,44,10
c3dde444a8cc8558ec86383d31ba70bb,output,fake,sovits,anime_energetic_idol_050_084_Bobbiliyuddam Burrakatha.mp3.wav,45,10
28029942588f69bb745b43f98d2b8b71,output,fake,sovits,anime_energetic_idol_050_084_Bobbiliyuddam Burrakatha.mp3.wav,46,10
310ad242bb593719e521a71e5a44b65c,output,fake,sovits,anime_energetic_idol_050_084_Bobbiliyuddam Burrakatha.mp3.wav,47,10
7d31e43cefee68aec8d3392354010780,output,fake,sovits,anime_energetic_idol_050_084_Bobbiliyuddam Burrakatha.mp3.wav,48,10
d927a7e44bc81b8f549feddc45ca549e,output,fake,sovits,anime_energetic_idol_050_084_Bobbiliyuddam Burrakatha.mp3.wav,49,10
624ed958922313d6d088f4d468665788,output,fake,sovits,anime_energetic_idol_050_084_Bobbiliyuddam Burrakatha.mp3.wav,50,10
8dfd7f40bbc18ba9d53ad55ff42d2798,output,fake,sovits,anime_energetic_idol_050_084_Bobbiliyuddam Burrakatha.mp3.wav,51,10
de320181d92cded12112a622e0963b76,output,fake,sovits,anime_energetic_idol_050_084_Bobbiliyuddam Burrakatha.mp3.wav,52,10
bb58d1f77354f4d12544420902e3f72c,output,fake,sovits,anime_energetic_idol_050_084_Bobbiliyuddam Burrakatha.mp3.wav,53,10
621606e0b32020765ca8137253e3e431,output,fake,sovits,anime_energetic_idol_050_084_Bobbiliyuddam Burrakatha.mp3.wav,54,10
f9a67e072de88ee299ca35151c77992e,output,fake,sovits,anime_energetic_idol_050_084_Bobbiliyuddam Burrakatha.mp3.wav,55,10
93bec59afb6b4d80255f7312122bf45d,output,fake,sovits,anime_energetic_idol_050_084_Bobbiliyuddam Burrakatha.mp3.wav,56,10
5e379b35a88e773869baa74ca49cbead,output,fake,sovits,anime_energetic_idol_050_084_Bobbiliyuddam Burrakatha.mp3.wav,57,10
11454a5ccd795ba54bee59402c07aafc,output,fake,sovits,anime_energetic_idol_050_084_Bobbiliyuddam Burrakatha.mp3.wav,58,10
f9f9efb852f7313223746ab8a59ebed0,output,fake,sovits,anime_energetic_idol_050_084_Bobbiliyuddam Burrakatha.mp3.wav,59,10
c24011e38bc9fa006f25fec7c55a8fff,output,fake,sovits,anime_energetic_idol_050_084_Bobbiliyuddam Burrakatha.mp3.wav,60,10
67ff84fe6e16ed6b50d16ed3ced4b6cb,output,fake,sovits,anime_energetic_idol_050_084_Bobbiliyuddam Burrakatha.mp3.wav,61,10
2eff97873c0a3a0808d254d662443777,output,fake,sovits,anime_energetic_idol_050_084_Bobbiliyuddam Burrakatha.mp3.wav,62,10
e0ba34b8dc04d13e434f4f0349348a22,output,fake,sovits,anime_energetic_idol_050_084_Bobbiliyuddam Burrakatha.mp3.wav,63,10
aaf641159571f8fc5991631e76d5ce4e,output,fake,sovits,anime_energetic_idol_050_084_Bobbiliyuddam Burrakatha.mp3.wav,64,10
b9bb729235b7bb48aa0c8d500d3119ed,output,fake,sovits,anime_energetic_idol_050_084_Bobbiliyuddam Burrakatha.mp3.wav,65,10
885f622beb461aea9e42e2207a0d3753,output,fake,sovits,anime_energetic_idol_050_084_Bobbiliyuddam Burrakatha.mp3.wav,66,10
9ca1806d2f0009dcfe6b782fa461d9f6,output,fake,sovits,anime_energetic_idol_050_084_Bobbiliyuddam Burrakatha.mp3.wav,67,10
7e8d159079a27d8b0b00ce5b4ec25b6b,output,fake,sovits,anime_energetic_idol_050_084_Bobbiliyuddam Burrakatha.mp3.wav,68,10
987ad89b372e43269bcd9c59b185f4d7,output,fake,sovits,anime_energetic_idol_050_084_Bobbiliyuddam Burrakatha.mp3.wav,69,10
fe19847337f572d419278931b930ab77,output,fake,sovits,anime_energetic_idol_050_084_Bobbiliyuddam Burrakatha.mp3.wav,70,10
55fe172f9517a3facffedfb11d6edad1,output,fake,sovits,anime_energetic_idol_050_084_Bobbiliyuddam Burrakatha.mp3.wav,71,10
2336eaf7593992adb6c7c01e734fde25,output,fake,sovits,anime_energetic_idol_050_084_Bobbiliyuddam Burrakatha.mp3.wav,72,10
c736bd48bd2eadbc07392c0612137e71,output,fake,sovits,anime_energetic_idol_050_084_Bobbiliyuddam Burrakatha.mp3.wav,73,10
a73ef438e2e19392c855ab20b7f06440,output,fake,sovits,anime_energetic_idol_050_084_Bobbiliyuddam Burrakatha.mp3.wav,74,10
85ea7dfe8593f51bbba43b8a82d6b033,output,fake,sovits,anime_energetic_idol_050_084_Bobbiliyuddam Burrakatha.mp3.wav,75,10
4466784df418c5e87bd897894e28ecaf,output,fake,sovits,anime_energetic_idol_050_084_Bobbiliyuddam Burrakatha.mp3.wav,76,10
bf750f46186debcbde0dc6acadbbdf1a,output,fake,sovits,anime_energetic_idol_050_084_Bobbiliyuddam Burrakatha.mp3.wav,77,10
86c2296dc72ece5a45fbe91da763999f,output,fake,sovits,anime_energetic_idol_050_084_Bobbiliyuddam Burrakatha.mp3.wav,78,10
11bd6bcabff9d07c68a8bcdc8eef166a,output,fake,sovits,anime_energetic_idol_050_084_Bobbiliyuddam Burrakatha.mp3.wav,79,10
fa55a99eeba2ff0efc025d3507196da8,output,fake,sovits,anime_energetic_idol_050_084_Bobbiliyuddam Burrakatha.mp3.wav,80,10
67fb93fdd7cac2e86faf56c09866a070,output,fake,sovits,anime_energetic_idol_050_084_Bobbiliyuddam Burrakatha.mp3.wav,81,10
36fb805767b2e2fe9be23315b2e9f75e,output,fake,sovits,anime_energetic_idol_050_084_Bobbiliyuddam Burrakatha.mp3.wav,82,10
fcd71bd36d976da30be36df900afd8e7,output,fake,sovits,anime_energetic_idol_050_084_Bobbiliyuddam Burrakatha.mp3.wav,83,10
83e0984bbf1f13dce3d4381c881cae4d,output,fake,sovits,anime_energetic_idol_050_084_Bobbiliyuddam Burrakatha.mp3.wav,84,10
7f8bc41f9c2d4dd6a5dd615b08bc1519,output,fake,sovits,anime_energetic_idol_050_084_Bobbiliyuddam Burrakatha.mp3.wav,85,10
f165f66a22e3627fcfe69a597ebca399,output,fake,sovits,anime_energetic_idol_050_084_Bobbiliyuddam Burrakatha.mp3.wav,86,10
145efb24e2cf1c5fc4ec7d820910e452,output,fake,sovits,anime_energetic_idol_050_084_Bobbiliyuddam Burrakatha.mp3.wav,87,10
42dd7dd4a02dee4115720e63c4c02c62,output,fake,sovits,anime_energetic_idol_050_084_Bobbiliyuddam Burrakatha.mp3.wav,88,10
85b72eaff755377d9b9de271db2b1063,output,fake,sovits,anime_energetic_idol_050_084_Bobbiliyuddam Burrakatha.mp3.wav,89,10
f781de28111b36ba354736b86619729a,output,fake,sovits,anime_energetic_idol_050_084_Bobbiliyuddam Burrakatha.mp3.wav,90,10
22006a013f4a11fe1770390e48e6338d,output,fake,sovits,anime_energetic_idol_050_084_Bobbiliyuddam Burrakatha.mp3.wav,91,10
679fb7446c67424e8ebc9d533ebb3177,output,fake,sovits,anime_energetic_idol_050_084_Bobbiliyuddam Burrakatha.mp3.wav,92,10
99652084c21d73a78b5bf024ce6ab066,output,fake,sovits,anime_energetic_idol_050_084_Bobbiliyuddam Burrakatha.mp3.wav,93,10
ccf6a12aa914ed9961d451f8ed69f58b,output,fake,sovits,anime_energetic_idol_050_084_Bobbiliyuddam Burrakatha.mp3.wav,94,10
6da3f5b72eca66d9d9671fa8f3615464,output,fake,sovits,anime_energetic_idol_050_084_Bobbiliyuddam Burrakatha.mp3.wav,95,10
4426a1a84d25afc65aa36b25d4c6fe99,output,fake,sovits,anime_energetic_idol_050_084_Bobbiliyuddam Burrakatha.mp3.wav,96,10
5d5b6752ca304a49882955f99f6750e0,output,fake,sovits,anime_energetic_idol_050_084_Bobbiliyuddam Burrakatha.mp3.wav,97,10
89ba27ba1ed736e0f00ad87ebdcd1f72,output,fake,sovits,anime_energetic_idol_050_084_Bobbiliyuddam Burrakatha.mp3.wav,98,10
695ceae05b1553f1c024d80bc49fb219,output,fake,sovits,anime_energetic_idol_050_084_Bobbiliyuddam Burrakatha.mp3.wav,99,10
6e482a30837aec4e12cfbe22371d5367,output,fake,sovits,anime_energetic_idol_050_084_Bobbiliyuddam Burrakatha.mp3.wav,100,10
55cf670ff7225ebf2161e5539e3708dd,output,fake,sovits,anime_energetic_idol_050_084_Bobbiliyuddam Burrakatha.mp3.wav,101,10
31cf114bc6bc36abd96f332dfb5e1bea,output,fake,sovits,anime_energetic_idol_050_084_Bobbiliyuddam Burrakatha.mp3.wav,102,10
1dd7063993d8bc90a274e06817829be2,output,fake,sovits,anime_energetic_idol_050_084_Bobbiliyuddam Burrakatha.mp3.wav,103,10
bdeaba4d35a17e4a6af07d19eb928867,output,fake,sovits,anime_energetic_idol_050_084_Bobbiliyuddam Burrakatha.mp3.wav,104,10
434052bad28c5fb456eefe8955a1da1e,output,fake,sovits,anime_energetic_idol_050_084_Bobbiliyuddam Burrakatha.mp3.wav,105,10
9b0bcd7341f22aa2099238e1fac220cd,output,fake,sovits,anime_energetic_idol_050_084_Bobbiliyuddam Burrakatha.mp3.wav,106,10
2a5496eae2aa6bbfe5c40996a220099f,output,fake,sovits,anime_energetic_idol_050_084_Bobbiliyuddam Burrakatha.mp3.wav,107,10
c49e0d7c80cad84764b468264c0a2fa0,output,fake,sovits,anime_energetic_idol_050_084_Bobbiliyuddam Burrakatha.mp3.wav,108,10
dda60ef876d7cd06289771c9ab5e93e6,output,fake,sovits,anime_energetic_idol_050_084_Bobbiliyuddam Burrakatha.mp3.wav,109,10
97f392a9da768f55067adecac0335b5d,output,fake,sovits,anime_energetic_idol_050_084_Bobbiliyuddam Burrakatha.mp3.wav,110,10
06e20aab76c22e3e3a8c274e17ee91ef,output,fake,sovits,anime_energetic_idol_050_084_Bobbiliyuddam Burrakatha.mp3.wav,111,10
90306e4b87ddd23d432cec93e20b6528,output,fake,sovits,anime_energetic_idol_050_084_Bobbiliyuddam Burrakatha.mp3.wav,112,10
ee033f4c2a05af4d13b7acb1acb53d50,output,fake,sovits,anime_energetic_idol_050_084_Bobbiliyuddam Burrakatha.mp3.wav,113,10
28ad5b24bbb632fdf5bae474dbd482ee,output,fake,sovits,anime_energetic_idol_050_084_Bobbiliyuddam Burrakatha.mp3.wav,114,10
07222be97c12b52fe5c02837e89db0d0,output,fake,sovits,anime_energetic_idol_050_084_Bobbiliyuddam Burrakatha.mp3.wav,115,10
cdd6b5f3581dd75cf188f28faf89eba5,output,fake,sovits,anime_energetic_idol_050_084_Bobbiliyuddam Burrakatha.mp3.wav,116,10
c1ba411ce660a71837588ad51d16c996,output,fake,sovits,anime_energetic_idol_050_084_Bobbiliyuddam Burrakatha.mp3.wav,117,10
38b93a2d53e2c1c4ba86f486dd3afc1f,output,fake,sovits,anime_energetic_idol_050_084_Bobbiliyuddam Burrakatha.mp3.wav,118,10
80ca1088477c583588c3c37d319bfee5,output,fake,sovits,anime_energetic_idol_050_084_Bobbiliyuddam Burrakatha.mp3.wav,119,10
6178ecf04ed0c4762994e57b4589d940,output,fake,sovits,anime_energetic_idol_050_084_Bobbiliyuddam Burrakatha.mp3.wav,120,10
20bdbdfca13cb88891096750a82044c0,output,fake,sovits,anime_energetic_idol_050_084_Bobbiliyuddam Burrakatha.mp3.wav,121,10
cd89b8134414fff016b3e097ecf92c63,output,fake,sovits,anime_energetic_idol_050_084_Bobbiliyuddam Burrakatha.mp3.wav,122,10
b27139b6a2b3112910e2a9171ed77356,output,fake,sovits,anime_energetic_idol_050_084_Bobbiliyuddam Burrakatha.mp3.wav,123,10
34e8a168f51d7fef0d15a3c2dfa7b2ee,output,fake,sovits,anime_energetic_idol_050_084_Bobbiliyuddam Burrakatha.mp3.wav,124,10
0d9af2a20ad994a35f5c14925e853621,output,fake,sovits,anime_energetic_idol_050_084_Bobbiliyuddam Burrakatha.mp3.wav,125,10
ae0d3aa8925f9b71b81b91d7f0bf788c,output,fake,sovits,anime_energetic_idol_050_084_Bobbiliyuddam Burrakatha.mp3.wav,126,10
0c7521fffb72826095b23780f932cc49,output,fake,sovits,anime_energetic_idol_050_084_Bobbiliyuddam Burrakatha.mp3.wav,127,10
94f0c32bc595d01d7924965795437c16,output,fake,sovits,anime_energetic_idol_050_084_Bobbiliyuddam Burrakatha.mp3.wav,128,10
5a584964d338d436f31d13f0f6aecd90,output,fake,sovits,anime_energetic_idol_050_084_Bobbiliyuddam Burrakatha.mp3.wav,129,10
c7f06264c13f62ba15d272fca185cc59,output,fake,sovits,anime_energetic_idol_050_084_Bobbiliyuddam Burrakatha.mp3.wav,130,10
bfd70a92df5decffbbf3a4aca37f9476,output,fake,sovits,anime_energetic_idol_050_084_Bobbiliyuddam Burrakatha.mp3.wav,131,10
c7a336728b7b6f67704d56584aafafce,output,fake,sovits,anime_energetic_idol_050_084_Bobbiliyuddam Burrakatha.mp3.wav,132,10
a7bc9de645ab1e9bb6b8c521353231fa,output,fake,sovits,anime_energetic_idol_050_084_Bobbiliyuddam Burrakatha.mp3.wav,133,10
f99f258ce4f197255283656050dfbd08,output,fake,sovits,anime_energetic_idol_050_084_Bobbiliyuddam Burrakatha.mp3.wav,134,10
b2fe9cce789d0bc18a90c16d32b71cd9,output,fake,sovits,anime_energetic_idol_050_084_Bobbiliyuddam Burrakatha.mp3.wav,135,10
6f642197810e326162d3335a14085522,output,fake,sovits,anime_energetic_idol_050_084_Bobbiliyuddam Burrakatha.mp3.wav,136,10
239d1d34bcac60c9af1a1967594538fd,output,fake,sovits,anime_energetic_idol_050_084_Bobbiliyuddam Burrakatha.mp3.wav,137,10
1ef0afe89ecddc461a7635ffc42bf611,output,fake,sovits,anime_energetic_idol_050_084_Bobbiliyuddam Burrakatha.mp3.wav,138,10
b9ade6ca8c23ea605dcf48aecd1b0815,output,fake,sovits,anime_energetic_idol_050_084_Bobbiliyuddam Burrakatha.mp3.wav,139,10
49b5fe38a3ce3a5eb167509b4f56c407,output,fake,sovits,anime_energetic_idol_050_084_Bobbiliyuddam Burrakatha.mp3.wav,140,10
57f8a222d2454e34f285b26ee7f66d7b,output,fake,sovits,anime_energetic_idol_050_084_Bobbiliyuddam Burrakatha.mp3.wav,141,10
d0b8510dac658f469e8c6186299a82dc,output,fake,sovits,anime_energetic_idol_050_084_Bobbiliyuddam Burrakatha.mp3.wav,142,10
c15d3257f856170702c23c651e4a2986,output,fake,sovits,anime_energetic_idol_050_084_Bobbiliyuddam Burrakatha.mp3.wav,143,10
a14be00f1e9e87d84c40e0001e8f37a5,output,fake,sovits,anime_energetic_idol_050_084_Bobbiliyuddam Burrakatha.mp3.wav,144,10
43a177955a5dd83536ab78475613cbfe,output,fake,sovits,anime_energetic_idol_050_084_Bobbiliyuddam Burrakatha.mp3.wav,145,10
146d09b5c94fbaf6cd182153b8dcce0a,output,fake,sovits,anime_energetic_idol_050_084_Bobbiliyuddam Burrakatha.mp3.wav,146,10
8592fb97c6b7a8e064c5a8a0a5a74aeb,output,fake,sovits,anime_energetic_idol_050_084_Bobbiliyuddam Burrakatha.mp3.wav,147,10
fbae63688dceaebf525fcf657f4bb42f,output,fake,sovits,anime_energetic_idol_050_084_Bobbiliyuddam Burrakatha.mp3.wav,148,10
a2b63a709cbf9770b2f3cb0ec28a37c0,output,fake,sovits,anime_energetic_idol_050_084_Bobbiliyuddam Burrakatha.mp3.wav,149,10
b9f33811bebc63b20df7fc2ca8068cb1,output,fake,sovits,anime_energetic_idol_050_084_Bobbiliyuddam Burrakatha.mp3.wav,150,10
70055c389cc551a35d48a442261b3904,output,fake,sovits,anime_energetic_idol_050_084_Bobbiliyuddam Burrakatha.mp3.wav,151,10
a4e61dce1407309b45d1b39bf0a086fb,output,fake,sovits,anime_energetic_idol_050_084_Bobbiliyuddam Burrakatha.mp3.wav,152,10
96587d1d5d4b1b71860e07cf10ce32dc,output,fake,sovits,anime_energetic_idol_050_084_Bobbiliyuddam Burrakatha.mp3.wav,153,10
bc37f6f3428d1dca1fdd00c28d2c7c3a,output,fake,sovits,anime_energetic_idol_050_084_Bobbiliyuddam Burrakatha.mp3.wav,154,10
a6c48546886a6bd4a6da522a2f4d3169,output,fake,sovits,anime_energetic_idol_050_084_Bobbiliyuddam Burrakatha.mp3.wav,155,10
d1cf87ca3547175013525c8eb0351086,output,fake,sovits,anime_energetic_idol_050_084_Bobbiliyuddam Burrakatha.mp3.wav,156,10
84e744b4e48b8f3f34efa09d81c4588a,output,fake,sovits,anime_energetic_idol_050_084_Bobbiliyuddam Burrakatha.mp3.wav,157,10
86a0a4e1f063d1dfa130d6ec95eadc6b,output,fake,sovits,anime_energetic_idol_050_084_Bobbiliyuddam Burrakatha.mp3.wav,158,10
147d0d15f5b627ca562802460d9956f7,output,fake,sovits,anime_energetic_idol_050_084_Bobbiliyuddam Burrakatha.mp3.wav,159,10
0b28118d263a0cdd0f6a385bcdc3d935,output,fake,sovits,anime_energetic_idol_050_084_Bobbiliyuddam Burrakatha.mp3.wav,160,10
793d06b9b94cb740870c5d9a2600cfa3,output,fake,sovits,anime_energetic_idol_050_084_Bobbiliyuddam Burrakatha.mp3.wav,161,10
1fd7ca091518a00439ec1154fc19397b,output,fake,sovits,anime_energetic_idol_050_084_Bobbiliyuddam Burrakatha.mp3.wav,162,10
9e571d9fd3c3334c9390eb0f5c0098f7,output,fake,sovits,anime_energetic_idol_050_084_Bobbiliyuddam Burrakatha.mp3.wav,163,10
61178ec6dd37836a02a86cfa53ce0c4a,output,fake,sovits,anime_energetic_idol_050_084_Bobbiliyuddam Burrakatha.mp3.wav,164,10
9701cacfbc522da844b1f59bfa3876e9,output,fake,sovits,anime_energetic_idol_050_084_Bobbiliyuddam Burrakatha.mp3.wav,165,10
7295a2c51a562d5cb76409e1a5c81a4a,output,fake,sovits,anime_energetic_idol_050_084_Bobbiliyuddam Burrakatha.mp3.wav,166,10
b9c4c195cbb739361cb6bfc998186ca8,output,fake,sovits,anime_energetic_idol_050_084_Bobbiliyuddam Burrakatha.mp3.wav,167,10
3cefeb335d5fca4d364b7aeedd309268,output,fake,sovits,anime_energetic_idol_050_084_Bobbiliyuddam Burrakatha.mp3.wav,168,10
a0e837b329e00a287ec20252a7dc552f,output,fake,sovits,anime_energetic_idol_050_084_Bobbiliyuddam Burrakatha.mp3.wav,169,10
bab3d95e04d152139224f169ae1a6a89,output,fake,sovits,anime_energetic_idol_050_084_Bobbiliyuddam Burrakatha.mp3.wav,170,10
df601f1c384922e1557ff4e0746f27a4,output,fake,sovits,anime_energetic_idol_050_084_Bobbiliyuddam Burrakatha.mp3.wav,171,10
b6eef658a8e59c697ccd21eef20d965f,output,fake,sovits,anime_energetic_idol_050_084_Bobbiliyuddam Burrakatha.mp3.wav,172,10
e6bc73ff0b8d1a947982a567bb96a76f,output,fake,sovits,anime_energetic_idol_050_084_Bobbiliyuddam Burrakatha.mp3.wav,173,10
07629ef452692ccc02da868599dc0b00,output,fake,sovits,anime_energetic_idol_050_084_Bobbiliyuddam Burrakatha.mp3.wav,174,10
3b86bdbaabaac99458398ebd8b9c8a4b,output,fake,sovits,anime_energetic_idol_050_084_Bobbiliyuddam Burrakatha.mp3.wav,175,10
33c0e1add39008d5308689d538059def,output,fake,sovits,anime_energetic_idol_050_084_Bobbiliyuddam Burrakatha.mp3.wav,176,10
92a308321a97819102b2e24f9fdfcde3,output,fake,sovits,anime_energetic_idol_050_084_Bobbiliyuddam Burrakatha.mp3.wav,177,10
3aca9841877a8c9960dc18ee3b582f52,output,fake,sovits,anime_energetic_idol_050_084_Bobbiliyuddam Burrakatha.mp3.wav,178,10
c2347d67abc285b3516bad4dbbe28f08,output,fake,sovits,anime_energetic_idol_050_084_Bobbiliyuddam Burrakatha.mp3.wav,179,10
82712e4703895012e880e87d0efbe51d,output,fake,sovits,anime_energetic_idol_050_084_Bobbiliyuddam Burrakatha.mp3.wav,180,10
66f21eff98220e684618292ad88dc508,output,fake,sovits,anime_energetic_idol_050_084_Bobbiliyuddam Burrakatha.mp3.wav,181,10
7c5c69d90ae4748b44243780b9d6a275,output,fake,sovits,anime_energetic_idol_050_084_Bobbiliyuddam Burrakatha.mp3.wav,182,10
7ede5ff1182f7485e102fc56b24dfd39,output,fake,sovits,anime_energetic_idol_050_084_Bobbiliyuddam Burrakatha.mp3.wav,183,10
fb8071cd0b60428075f14c5da4512e26,output,fake,sovits,anime_energetic_idol_050_084_Bobbiliyuddam Burrakatha.mp3.wav,184,10
d75ae45892e8f5cfdec468bc5bd045bd,output,fake,sovits,anime_energetic_idol_050_084_Bobbiliyuddam Burrakatha.mp3.wav,185,10
5330645869d4b1b8145ddf77e4e73ecb,output,fake,sovits,anime_energetic_idol_050_084_Bobbiliyuddam Burrakatha.mp3.wav,186,10
d9c40435c5083d7ccfb5d461081cbc3c,output,fake,sovits,anime_energetic_idol_050_084_Bobbiliyuddam Burrakatha.mp3.wav,187,10
c017f5611a054cc24bb02c3c54efcff2,output,fake,sovits,anime_energetic_idol_050_084_Bobbiliyuddam Burrakatha.mp3.wav,188,10
5d2592d1bbd10e13f84dcc6f340ac651,output,fake,sovits,anime_energetic_idol_050_084_Bobbiliyuddam Burrakatha.mp3.wav,189,10
de6ca8c84b7e2714e24a8ea825e5f744,output,fake,sovits,anime_energetic_idol_050_084_Bobbiliyuddam Burrakatha.mp3.wav,190,10
c0afd768f9ae73807c13e5878cd3267a,output,fake,sovits,anime_energetic_idol_050_084_Bobbiliyuddam Burrakatha.mp3.wav,191,10
d96e8dbc57df6e7b7d09f45e2fb878b4,output,fake,sovits,anime_energetic_idol_050_084_Bobbiliyuddam Burrakatha.mp3.wav,192,10
8a2b01948d7a598603f8a19d7580382e,output,fake,sovits,anime_energetic_idol_050_084_Bobbiliyuddam Burrakatha.mp3.wav,193,10
dfbaad797c86345256f2e93dc8b96f45,output,fake,sovits,anime_energetic_idol_050_084_Bobbiliyuddam Burrakatha.mp3.wav,194,10
20a5c01767016677a4725dcba5d3008e,output,fake,sovits,anime_energetic_idol_050_084_Bobbiliyuddam Burrakatha.mp3.wav,195,10
f40f53cc2d8c8c494f671686a5d223da,output,fake,sovits,anime_energetic_idol_050_084_Bobbiliyuddam Burrakatha.mp3.wav,196,10
53a246b797964308e9c050e9f86a0925,output,fake,sovits,anime_energetic_idol_050_084_Bobbiliyuddam Burrakatha.mp3.wav,197,10
bc42b20063d9bdc4c5f23f11f65486c8,output,fake,sovits,anime_energetic_idol_050_084_Bobbiliyuddam Burrakatha.mp3.wav,198,10
98e5201fb86de8ab50efb530f54519cd,output,fake,sovits,anime_energetic_idol_050_084_Bobbiliyuddam Burrakatha.mp3.wav,199,10
9723b491af1df28aa607777ccb149c4b,output,fake,sovits,anime_energetic_idol_050_084_Bobbiliyuddam Burrakatha.mp3.wav,200,10
35792fe31fab43bca4c948a884dc51df,output,fake,sovits,anime_energetic_idol_050_084_Bobbiliyuddam Burrakatha.mp3.wav,201,10
7dccc68c06af7817478721be0757cf68,output,fake,sovits,anime_energetic_idol_050_084_Bobbiliyuddam Burrakatha.mp3.wav,202,10
2168e31d0db25088aec24b391ec8f5e6,output,fake,sovits,anime_energetic_idol_050_084_Bobbiliyuddam Burrakatha.mp3.wav,203,10
d36d9bcafd80d4276bc1ed34c1199baa,output,fake,sovits,anime_energetic_idol_050_084_Bobbiliyuddam Burrakatha.mp3.wav,204,10
e93b2e5fd294ee49cb69338d32599036,output,fake,sovits,anime_energetic_idol_050_084_Bobbiliyuddam Burrakatha.mp3.wav,205,10
b12e67ddbb828962a447f4a1391f1a42,output,fake,sovits,anime_energetic_idol_050_084_Bobbiliyuddam Burrakatha.mp3.wav,206,10
b7d5b8bcf160278cfa4cc9724cb70b30,output,fake,sovits,anime_energetic_idol_050_084_Bobbiliyuddam Burrakatha.mp3.wav,207,10
8c64a0ac43809902842850af1067eedf,output,fake,sovits,anime_energetic_idol_050_084_Bobbiliyuddam Burrakatha.mp3.wav,208,10
b1245330d046594cb82eca2240691082,output,fake,sovits,anime_energetic_idol_050_084_Bobbiliyuddam Burrakatha.mp3.wav,209,10
55c754dcd974ab25689d9273b8639ba6,output,fake,sovits,anime_energetic_idol_050_084_Bobbiliyuddam Burrakatha.mp3.wav,210,10
f0c5ed9e3e4fe4ff11f836203e4ef6cf,output,fake,sovits,anime_energetic_idol_050_084_Bobbiliyuddam Burrakatha.mp3.wav,211,10
c629dae5b9ddcb1a1b74163cb61a6558,output,fake,sovits,anime_energetic_idol_050_084_Bobbiliyuddam Burrakatha.mp3.wav,212,10
d0dbc01db788986aae700834c4f4843f,output,fake,sovits,anime_energetic_idol_050_084_Bobbiliyuddam Burrakatha.mp3.wav,213,10
b851eff85d2de854df3504a2eedfbc73,output,fake,sovits,anime_energetic_idol_050_084_Bobbiliyuddam Burrakatha.mp3.wav,214,10
e7119efa7a30979ec7a5d250bc9a22e4,output,fake,sovits,anime_energetic_idol_050_084_Bobbiliyuddam Burrakatha.mp3.wav,215,10
f2c9a2326804d8772bed02406e42b158,output,fake,sovits,anime_energetic_idol_050_084_Bobbiliyuddam Burrakatha.mp3.wav,216,10
cceab817f6deba736bb43bf81ef9cc9d,output,fake,sovits,anime_energetic_idol_050_084_Bobbiliyuddam Burrakatha.mp3.wav,217,10
9f6bc8729cd4ada0a4791666b873d28c,output,fake,sovits,anime_energetic_idol_050_084_Bobbiliyuddam Burrakatha.mp3.wav,218,10
0950ababc646dd6375ea7e1fc6a2eb05,output,fake,sovits,anime_energetic_idol_050_084_Bobbiliyuddam Burrakatha.mp3.wav,219,10
de3adef0055e1165753d7b68f898d7c0,output,fake,sovits,anime_energetic_idol_050_084_Bobbiliyuddam Burrakatha.mp3.wav,220,10
62a27bae1deaf4598ff8b3ec8d2ba368,output,fake,sovits,anime_energetic_idol_050_084_Bobbiliyuddam Burrakatha.mp3.wav,221,10
a0876976d9768676c1216b48e8468893,output,fake,sovits,anime_energetic_idol_050_084_Bobbiliyuddam Burrakatha.mp3.wav,222,10
8eceed8fe07e9aee7dd403ed64da0045,output,fake,sovits,anime_energetic_idol_050_084_Bobbiliyuddam Burrakatha.mp3.wav,223,10
090d8a807a3b38d1630ce76881ccac0d,output,fake,sovits,anime_energetic_idol_050_084_Bobbiliyuddam Burrakatha.mp3.wav,224,10
8ba1e71532130d6c805af7edf2c6d0f8,output,fake,sovits,anime_energetic_idol_050_084_Bobbiliyuddam Burrakatha.mp3.wav,225,10
a09b4b2642048430ef84b86a74f434fd,output,fake,sovits,anime_energetic_idol_050_084_Bobbiliyuddam Burrakatha.mp3.wav,226,10
204da36c9e3c00ba2f40670ee330db56,output,fake,sovits,anime_energetic_idol_050_084_Bobbiliyuddam Burrakatha.mp3.wav,227,10
c3cc03326a86f835d1825de45392f5d6,output,fake,sovits,anime_energetic_idol_050_084_Bobbiliyuddam Burrakatha.mp3.wav,228,10
e0141248591cee14f50e7d38f6aee258,output,fake,sovits,anime_energetic_idol_050_084_Bobbiliyuddam Burrakatha.mp3.wav,229,10
1915ce354559edd658f876c1bb0b15b7,output,fake,sovits,anime_energetic_idol_050_084_Bobbiliyuddam Burrakatha.mp3.wav,230,10
17f1c735624e3c66d783409f73879815,output,fake,sovits,anime_energetic_idol_050_084_Bobbiliyuddam Burrakatha.mp3.wav,231,10
0620a936e9d576a4aa9b06097daa3bdb,output,fake,sovits,anime_energetic_idol_050_084_Bobbiliyuddam Burrakatha.mp3.wav,232,10
3d4096fc51621e60cbf5a72de68c4bfe,output,fake,sovits,anime_energetic_idol_050_084_Bobbiliyuddam Burrakatha.mp3.wav,233,10
0c6d9fcaa7699b0eb96209a39a91a693,output,fake,sovits,anime_energetic_idol_050_084_Bobbiliyuddam Burrakatha.mp3.wav,234,10
56262a9709576b5ca26ddaf8080f50ae,output,fake,sovits,anime_energetic_idol_050_084_Bobbiliyuddam Burrakatha.mp3.wav,235,10
e59e2bd03eaa838ace1620038295b63e,output,fake,sovits,anime_energetic_idol_050_084_Bobbiliyuddam Burrakatha.mp3.wav,236,10
6d7616e302f2ac28685cf9ce18c67ae6,output,fake,sovits,anime_energetic_idol_050_084_Bobbiliyuddam Burrakatha.mp3.wav,237,10
b84e006100d62f02771a6a9b74e3e256,output,fake,sovits,anime_energetic_idol_050_084_Bobbiliyuddam Burrakatha.mp3.wav,238,10
99b5d89436b2d9d5cecf807293bd46a7,output,fake,sovits,anime_energetic_idol_050_084_Bobbiliyuddam Burrakatha.mp3.wav,239,10
9d3ba76cacdb20b8cbd6bd4530905b15,output,fake,sovits,anime_energetic_idol_050_084_Bobbiliyuddam Burrakatha.mp3.wav,240,10
c3544ac69cf97f423a74494326c4c627,output,fake,sovits,anime_energetic_idol_050_084_Bobbiliyuddam Burrakatha.mp3.wav,241,10
a4869fe55ee14676bf3e55a689db913c,output,fake,sovits,anime_energetic_idol_050_084_Bobbiliyuddam Burrakatha.mp3.wav,242,10
649e242b1829745e2a09c82761e03b63,output,fake,sovits,anime_energetic_idol_050_084_Bobbiliyuddam Burrakatha.mp3.wav,243,10
cbe5bfaf2577a93d5c2e2580072eacea,output,fake,sovits,anime_energetic_idol_050_084_Bobbiliyuddam Burrakatha.mp3.wav,244,10
887b2f7b17310740d179915e360d25ce,output,fake,sovits,anime_energetic_idol_050_084_Bobbiliyuddam Burrakatha.mp3.wav,245,10
3bac1d472d2849623c3ad271a0797141,output,fake,sovits,anime_energetic_idol_050_084_Bobbiliyuddam Burrakatha.mp3.wav,246,10
7bb26f22e32bab5940ae3134e9d262dc,output,fake,sovits,anime_energetic_idol_050_084_Bobbiliyuddam Burrakatha.mp3.wav,247,10
97fa3ce03e0565432dcb15f002d3d2ac,output,fake,sovits,anime_energetic_idol_050_084_Bobbiliyuddam Burrakatha.mp3.wav,248,10
f9fe6091fe0891b822c5b1b552bcc802,output,fake,sovits,anime_energetic_idol_050_084_Bobbiliyuddam Burrakatha.mp3.wav,249,10
9d5c6cd1f63c32d5e717c4510f3085f1,output,fake,sovits,anime_energetic_idol_050_084_Bobbiliyuddam Burrakatha.mp3.wav,250,10
2f37a83b538d954597705153eb1e20f2,output,fake,sovits,anime_energetic_idol_050_084_Bobbiliyuddam Burrakatha.mp3.wav,251,10
ef945cec960992925211dffbf23fdff9,output,fake,sovits,anime_energetic_idol_050_084_Bobbiliyuddam Burrakatha.mp3.wav,252,10
0b60e60394bca5c55b4ffaeb209e8dbc,output,fake,sovits,anime_energetic_idol_050_084_Bobbiliyuddam Burrakatha.mp3.wav,253,10
8a597b69c4f7238cc80e900aa5977f24,output,fake,sovits,anime_energetic_idol_050_084_Bobbiliyuddam Burrakatha.mp3.wav,254,10
8ea93020797fc0e1945db75d8f4477bf,output,fake,sovits,anime_energetic_idol_050_084_Bobbiliyuddam Burrakatha.mp3.wav,255,10
f04d0edaaa58c43bfede539c84e22ee0,output,fake,sovits,anime_energetic_idol_050_084_Bobbiliyuddam Burrakatha.mp3.wav,256,10
ef11adbab0b7e3f71be8d02491b481c9,output,fake,sovits,anime_energetic_idol_050_084_Bobbiliyuddam Burrakatha.mp3.wav,257,10
4666543df71da4eedd7f19c4a1241858,output,fake,sovits,anime_energetic_idol_050_084_Bobbiliyuddam Burrakatha.mp3.wav,258,10
ae23f06e325426394ebe0a741a9f6a0e,output,fake,sovits,anime_energetic_idol_050_084_Bobbiliyuddam Burrakatha.mp3.wav,259,10
500a2ee9e1665f5b690791adc8f279e1,output,fake,sovits,anime_energetic_idol_050_084_Bobbiliyuddam Burrakatha.mp3.wav,260,10
c4385d98bb3a40efb721967f7d9e852f,output,fake,sovits,anime_energetic_idol_050_084_Bobbiliyuddam Burrakatha.mp3.wav,261,10
fa6ac0b6e2ffc24e55f1e0b8edd48934,output,fake,sovits,anime_energetic_idol_050_084_Bobbiliyuddam Burrakatha.mp3.wav,262,10
dde872cf976d263552a91719f922eb1e,output,fake,sovits,anime_energetic_idol_050_084_Bobbiliyuddam Burrakatha.mp3.wav,263,10
29dd31a4f8ca86c8238951fd0cdd2e9c,output,fake,sovits,anime_energetic_idol_050_084_Bobbiliyuddam Burrakatha.mp3.wav,264,10
848b68dd829ca314ac759d6a92cfeada,output,fake,sovits,anime_energetic_idol_050_084_Bobbiliyuddam Burrakatha.mp3.wav,265,10
521835209b653471a898019226f45640,output,fake,sovits,anime_energetic_idol_050_084_Bobbiliyuddam Burrakatha.mp3.wav,266,10
6953f67822773e7170f55572fe130d0b,output,fake,sovits,anime_energetic_idol_050_084_Bobbiliyuddam Burrakatha.mp3.wav,267,10
4ceec7e4a8574baaad8d0f8752e25a49,output,fake,sovits,anime_energetic_idol_050_084_Bobbiliyuddam Burrakatha.mp3.wav,268,10
0332d86b75420cb9efc8e22fbe44138d,output,fake,sovits,anime_energetic_idol_050_084_Bobbiliyuddam Burrakatha.mp3.wav,269,10
5e2ca6245ca92cd562d75f26b6002331,output,fake,sovits,anime_energetic_idol_050_084_Bobbiliyuddam Burrakatha.mp3.wav,270,10
08e03eb1ebe252541689af9982d74be0,output,fake,sovits,anime_energetic_idol_050_084_Bobbiliyuddam Burrakatha.mp3.wav,271,10
a0fd69d02cf4af046181456dc16a80a5,output,fake,sovits,anime_energetic_idol_050_084_Bobbiliyuddam Burrakatha.mp3.wav,272,10
d01a8b4bc98a9b8d19a730dad09a7913,output,fake,sovits,anime_energetic_idol_050_084_Bobbiliyuddam Burrakatha.mp3.wav,273,10
bcbffe1073e3703b0d08cc7c46d39213,output,fake,sovits,anime_energetic_idol_050_084_Bobbiliyuddam Burrakatha.mp3.wav,274,10
ff8f01ca60f7a9dab0dbc0022d9a3da0,output,fake,sovits,anime_energetic_idol_050_084_Bobbiliyuddam Burrakatha.mp3.wav,275,10
a4c2bc34726a3b87f40ebe907d99079f,output,fake,sovits,anime_energetic_idol_050_084_Bobbiliyuddam Burrakatha.mp3.wav,276,10
0769a252acb21402e5be7915a6763e9f,output,fake,sovits,anime_energetic_idol_050_084_Bobbiliyuddam Burrakatha.mp3.wav,277,10
cdf7102f41f91c47aa22e73dc1dee615,output,fake,sovits,anime_energetic_idol_050_084_Bobbiliyuddam Burrakatha.mp3.wav,278,10
04bbabd23b991b5bacb40d7238e89cc8,output,fake,sovits,anime_energetic_idol_050_084_Bobbiliyuddam Burrakatha.mp3.wav,279,10
6f539ea0c7df1a7965ff89cd0eb6f842,output,fake,sovits,anime_energetic_idol_050_084_Bobbiliyuddam Burrakatha.mp3.wav,280,10
00fa37f9fefd8c30dbff31d80bcf0f38,output,fake,sovits,anime_energetic_idol_050_084_Bobbiliyuddam Burrakatha.mp3.wav,281,10
baeaaf309ef321a704bc63ddba8c6092,output,fake,sovits,anime_energetic_idol_050_084_Bobbiliyuddam Burrakatha.mp3.wav,282,10
2469b4b7bb7913c1a4cf1f483ba542ac,output,fake,sovits,anime_energetic_idol_050_084_Bobbiliyuddam Burrakatha.mp3.wav,283,10
c9b5364768fc2e94fd684364ef2c690c,output,fake,sovits,anime_energetic_idol_050_084_Bobbiliyuddam Burrakatha.mp3.wav,284,10
74fd9dffbd899bb7e14aab39e4c936da,output,fake,sovits,anime_energetic_idol_050_084_Bobbiliyuddam Burrakatha.mp3.wav,285,10
7ce172e613de868570c0386de19aec16,output,fake,sovits,anime_energetic_idol_050_084_Bobbiliyuddam Burrakatha.mp3.wav,286,10
fdbcbd49a11338a7f01fb5c10f4fad88,output,fake,sovits,anime_energetic_idol_050_084_Bobbiliyuddam Burrakatha.mp3.wav,287,10
0aec3f068a374004332d6d89b61efd93,output,fake,sovits,anime_energetic_idol_050_084_Bobbiliyuddam Burrakatha.mp3.wav,288,10
c23d9681a59a764bde75ae2ed92ade0f,output,fake,sovits,anime_energetic_idol_050_084_Bobbiliyuddam Burrakatha.mp3.wav,289,10
b3fedd37caf17659ee538d2b21a68d9a,output,fake,sovits,anime_energetic_idol_050_084_Bobbiliyuddam Burrakatha.mp3.wav,290,10
40a07b89075986f6ba9d3bb255f25fb5,output,fake,sovits,anime_energetic_idol_050_084_Bobbiliyuddam Burrakatha.mp3.wav,291,10
3ef7edb5c6fe7d431b9eb769df4031e7,output,fake,sovits,anime_energetic_idol_050_084_Bobbiliyuddam Burrakatha.mp3.wav,292,10
1d796428ac166c0aef3a3feb6866c9a7,output,fake,sovits,anime_energetic_idol_050_084_Bobbiliyuddam Burrakatha.mp3.wav,293,10
eb7a11755415d0e5d4210540181c2f9e,output,fake,sovits,anime_energetic_idol_050_084_Bobbiliyuddam Burrakatha.mp3.wav,294,10
fc2e55347bf17118a7feffc8212b0f95,output,fake,sovits,anime_energetic_idol_050_084_Bobbiliyuddam Burrakatha.mp3.wav,295,10
25e5001b7de72d588ca517a4d170b5ae,output,fake,sovits,anime_energetic_idol_050_084_Bobbiliyuddam Burrakatha.mp3.wav,296,10
9f8d8f61db73e6e629e14f3658686a3c,output,fake,sovits,anime_energetic_idol_050_084_Bobbiliyuddam Burrakatha.mp3.wav,297,10
8c7ba318ed9ded97ce4581c213c8324c,output,fake,sovits,anime_energetic_idol_050_084_Bobbiliyuddam Burrakatha.mp3.wav,298,10
4843951f1984c1dd7fa0b5ac05c2a636,output,fake,sovits,anime_energetic_idol_050_084_Bobbiliyuddam Burrakatha.mp3.wav,299,10
dccb43b1f5c5d1b45210510623f184b0,output,fake,sovits,anime_energetic_idol_050_084_Bobbiliyuddam Burrakatha.mp3.wav,300,10
a65481e392f99258c5a4b1d43468ea50,output,fake,sovits,anime_energetic_idol_050_084_Bobbiliyuddam Burrakatha.mp3.wav,301,10
8a98b85071e72c3785f2373ea58c0435,output,fake,sovits,anime_energetic_idol_050_084_Bobbiliyuddam Burrakatha.mp3.wav,302,10
66c4a922e3c80ad96d4d84c65ff0389a,output,fake,sovits,anime_energetic_idol_050_084_Bobbiliyuddam Burrakatha.mp3.wav,303,10
0c54e122a655b718a7d6037038dc9e53,output,fake,sovits,anime_energetic_idol_050_084_Bobbiliyuddam Burrakatha.mp3.wav,304,10
fc225b4225e74b4d132587b890458785,output,fake,sovits,anime_energetic_idol_050_084_Bobbiliyuddam Burrakatha.mp3.wav,305,10
306303929fef57f1972b5cc1d60b26b6,output,fake,sovits,anime_energetic_idol_050_084_Bobbiliyuddam Burrakatha.mp3.wav,306,10
794955b81f0be30ac80d694515971200,output,fake,sovits,anime_energetic_idol_050_084_Bobbiliyuddam Burrakatha.mp3.wav,307,10
60098f28c90af13ee80677e4b2427590,output,fake,sovits,anime_energetic_idol_050_084_Bobbiliyuddam Burrakatha.mp3.wav,308,10
a288146357e0d7dd36072945b975a3dd,output,fake,sovits,anime_energetic_idol_050_084_Bobbiliyuddam Burrakatha.mp3.wav,309,10
