sample_id,pitch_mean,pitch_variance,pitch_jitter,spectral_flux_mean,spectral_flux_std,hnr_mean,hnr_std,logmel_mean,logmel_std,mfcc_mean,mfcc_std,whisper_embedding_norm,whisper_embedding_variance
35560375d26a4154bcef0c57556780f0,278.95645141745746,30687.126967115466,42.283117255658304,29.208858,30.85784,84.15327,3710.3984,-36.946518,17.908546,-5.521087,60.47456,21.942871,0.9401208
830e5f27eb935866c12845af5bc82b29,335.2056855382303,27005.807968698417,47.402689949832435,18.04387,20.02109,46.95434,2604.4358,-39.636078,17.141739,-5.287211,63.698933,21.8049,0.92835337
9add9b6e79ad837d24f1cd9cf4a8ce41,304.65401390186275,29677.518032066786,77.55052815238487,24.722271,23.310781,38.913345,906.03754,-38.400673,18.5644,-5.8966475,64.30992,21.723982,0.92148304
7398c38695e31f5b9fadd6d5f22dce42,259.3449561457962,42608.94150228414,75.11565882074433,53.195988,43.361202,49.619896,2803.672,-21.92722,16.281944,-3.5505764,38.875687,21.427319,0.8964747
279553c64db4bbce60f12d2f504601b2,169.14497266344753,9122.02898897053,38.566768613623715,79.54658,41.50405,26.043697,2153.4187,-15.653186,13.799315,-0.9261402,26.117687,19.904448,0.7735721
dbbd910e27320a122134146d3b40cb8e,179.01651405542228,12429.556897316897,48.85274217875223,78.45248,35.8699,24.510439,1275.5632,-14.397954,13.471293,-0.97948486,24.599068,19.452707,0.7388585
ada31d494cb4c322bd5359c644deb869,232.14545715673887,20475.163355473207,42.02330798327417,94.54118,42.711674,28.100142,768.42377,-13.829648,13.225988,-1.1051928,22.811111,19.571552,0.74789083
bdbd11b852bba6940d2c5361f383cae4,184.74119634911648,8003.774158760962,36.36523244865922,84.95215,41.86354,23.937868,633.2119,-14.244965,13.558297,-1.3339483,24.169714,19.222315,0.72143024
62db7ccfecaef439277ea1fb0f46d0d1,183.58536092771757,12774.656584293194,39.78019540664412,67.15378,39.24458,36.419357,1728.0107,-15.528945,13.170902,-1.5284915,25.968044,20.357258,0.8090873
9b42f8ac38274c1030870fc2fc22442e,165.5884522490264,13952.326760257707,36.43673624906013,64.80028,36.941196,38.028355,1440.5105,-15.908718,12.913408,-1.1155986,25.863672,21.93934,0.93983006
4d81f5c06e7361c47da7f15b898eab3d,202.267353111297,18006.259770281278,52.276529133198395,59.857395,30.230032,27.43588,683.3138,-15.932861,12.9928255,-1.7778461,25.792318,21.681816,0.91789436
6cfe0e644da1cf687ebffb486389d9c9,272.0332597144899,25442.5128679341,33.140145096173626,99.22606,48.90257,31.678719,1112.9658,-13.164408,13.193031,-1.6608545,22.314947,20.530924,0.82298225
0aab24413161244b7154527866d04e52,233.43563299395495,23016.24366657337,56.20646626997897,95.00449,38.392845,19.243702,473.98508,-12.768653,12.972183,-0.9002213,21.887907,19.96069,0.7779261
5580f408c381ee1a8250ef0931ae7376,240.63490323827415,15396.198301333405,37.65991132275639,98.94164,40.2615,49.799683,11630.685,-12.888867,12.989773,-1.2675133,21.848064,19.56003,0.7470344
44d44670f874915fafded51d932a6e19,239.80239708608636,20835.74840428,30.980902607098894,104.43691,37.92975,33.780914,1527.4103,-12.875994,13.078487,-0.784663,21.526896,19.18087,0.7183093
88772a2a922ccf383026d1af343fc02f,191.12807656213914,9307.486209832281,36.63084767291104,81.20682,34.626144,28.123728,1353.4219,-13.649905,12.982816,-1.4244605,23.06274,19.16642,0.7172132
2a1793e34cdfe60faf8a26bf2c523def,180.55236958396588,15803.43741874598,42.67488612101177,70.016975,44.95447,41.624077,2946.4048,-17.320353,13.619956,-1.6400192,28.10505,20.711735,0.8375267
34ffac1e4a04975fbb74628bf1c7597d,183.99855982775156,21705.889527037063,62.779633194597025,83.13058,47.20063,32.273697,2125.9631,-14.571828,12.920961,-0.92451,24.618088,21.558897,0.9075227
196177cf0b2cfc7502dba5c689387a3a,141.20805886623543,4783.225354517825,29.94118659085013,74.66618,37.927086,29.360512,1118.4215,-14.784731,13.117002,-0.8851418,24.241957,20.00701,0.7815013
8baf3904c28cf81b632f593a581c2573,302.7056890092942,25610.867038557943,39.90551513905429,106.857796,44.327404,26.834713,1049.1504,-12.761528,13.203067,-1.6135842,21.358646,20.773558,0.8425838
4835a267ae728283e120cc413a76bbbe,171.21067698662497,8698.340574725284,37.13499845904599,81.051636,40.022995,37.432476,1265.9513,-14.341022,13.12093,-1.0684024,23.9844,19.67057,0.7554378
3ac8d46d04c779e6e550444f6d2b3146,283.91715466779874,25858.04270622568,59.6676538452045,95.284584,36.60438,41.918762,3309.4622,-12.664186,12.333227,-1.2763767,20.05695,20.34442,0.80811477
0fc103566eb6534ce583077416c88779,190.76403682560027,13410.935600024792,33.68175547645968,94.086945,40.135864,29.89998,1232.3119,-12.316895,12.953472,-0.99448967,21.522224,18.942692,0.7005595
282a8df42e4916ffbfd1e055f22ca072,202.21107855388064,16305.871477159219,41.81357136008125,66.40857,34.2143,35.91247,1786.1573,-16.909128,14.237805,-1.4669265,27.263403,20.195684,0.79635894
314623405192fe3278bbf9dc67158478,239.54600794733523,17691.53482124555,57.29022827818864,58.248623,32.71261,43.40365,3066.2183,-18.719751,14.110698,-1.7682986,28.205067,21.857903,0.93288565
25e4a8dadb91bd73b716a8226f9fd217,189.63257820066633,18747.751354012256,59.19602337889972,77.91211,41.874256,33.585754,2618.3794,-13.739108,12.677396,-0.63898826,23.197506,21.902313,0.9366737
fed5624afb5ec546c98d02da170e308a,226.67560321994486,20592.944379715616,31.06323280042887,81.73287,44.42637,38.389698,2107.1006,-14.69747,13.276899,-1.4786217,24.12236,20.172853,0.79456
6eed7cb588a12253eac2904b5cc60b12,236.85827503341707,23438.68120682295,41.79051794283161,79.94055,39.83384,41.542526,3512.0046,-13.743229,12.594421,-1.5130215,22.025562,20.322067,0.8064031
a9be77be964890cf77c7424d9c0befe4,239.00366841668483,23006.240989845486,44.7716175635185,89.461586,42.980907,44.160248,7073.556,-13.704476,12.74627,-1.4943886,22.124275,19.854765,0.7697091
4b6d19f589cb6382af3bdc30ab094ce3,257.91626861456945,21481.545837060235,56.28468072268639,94.80325,39.693127,27.550259,1257.6653,-13.531746,12.744364,-1.3437636,22.141113,20.228214,0.79893905
a1986adf74046e4bc6bd390302f195bf,199.54187442681297,12503.088632413841,43.45669816483341,91.31189,38.070705,20.287735,437.18912,-13.403075,13.307707,-1.1043696,22.862232,19.23836,0.7226214
803538d7e1044c58bc1f75e51d05c30a,185.9969021908632,7762.102835705624,40.064132816507936,78.94051,35.395092,25.376635,748.53406,-13.505952,12.549677,-1.0752518,22.305443,19.272661,0.7252121
152174c7168f8b8f0fd1cbe6b8cb1acf,160.29038698089457,9692.868403271843,40.38882235549666,80.74074,40.0253,24.044643,483.75543,-15.096917,13.136144,-1.0198298,25.01898,20.484293,0.81928396
5f39d00b904129452255336390b2d3e9,179.11143216857346,12416.024173123875,40.96516089784009,89.20851,35.087196,34.28399,2965.248,-12.580807,12.468801,-0.62229073,20.892548,19.225538,0.72165453
4bec698beea733c9cbb684aa33f83fe3,190.9876633723688,19754.746894600517,49.70030582247998,83.50652,31.33426,65.91249,14862.248,-12.771956,12.190313,-0.6001819,20.982166,19.456274,0.7390558
c6328c264b3103f5a29ef487d0ba8337,315.2647755835849,60711.8330405084,79.07778175709325,100.41779,39.501316,32.366264,791.3498,-12.557629,12.068032,-0.74576473,20.322205,20.067642,0.78625774
a5bbaa5e29e8b92bcae49147172cd6ba,203.5465025220754,16845.062613885908,44.48842120473013,75.438324,27.831436,65.736084,11053.836,-13.359569,12.969956,-1.2430187,22.642593,20.901794,0.85301316
6f515380851aae6c349d5cbd26fdc180,176.92954521809943,46437.82094759489,14.652780977540857,22.588572,15.837541,73.30664,1309.1119,-25.502104,17.802542,-3.2043824,45.33291,21.940275,0.9398783
0b1eb86662020b5edeb82f98c9225a55,109.1788546710419,3259.2551415395133,13.56268077259244,47.395153,33.864452,36.37368,931.4292,-15.7968235,11.413836,-0.7269531,24.255896,21.955616,0.9412159
532c133e739bb0a63663735ccc9b5403,99.46035850516596,5994.813950470598,27.382934003422527,66.97811,36.99303,24.524553,1222.4396,-13.456944,12.234108,1.0105659,22.461855,21.850136,0.9322093
bc84f0424fe1986054d1d8b349f92a76,84.20002957522306,4028.1737086623384,14.634006768753025,75.568275,44.423744,17.220716,490.60532,-12.669287,11.790711,1.8815603,20.838911,21.464987,0.89961547
0803fff0f803256d8a2cf73ac9f40f96,147.42308401184573,30002.15310620024,28.841672491231957,85.88747,41.77012,23.75406,1150.6166,-13.378152,11.418249,1.7985216,20.399448,20.089409,0.78805166
51770b02a453a5cbc6923ffcef2c5a6b,183.43706973460604,30045.42889859956,55.20258577720717,90.90872,42.917377,17.560184,787.3209,-12.530057,11.3739,1.5901828,19.355259,19.523176,0.74421304
930f7a8d158794581694a4967d775bf4,154.2069108927889,22649.899176309427,34.08314324372306,87.45971,39.419228,11.795729,605.89307,-12.121301,11.367042,0.99420214,19.341368,19.391628,0.7341639
aaa53e853b8dfb68beda5077396c2d0b,204.16307572042322,36148.55058959976,67.87888043692925,91.19429,44.53252,16.518412,954.2629,-13.218385,11.489182,1.213335,20.18594,19.6589,0.75456494
68a9708fa0eca2328f5ae851c1300952,184.34785422665504,28524.55482897184,46.55893853705901,92.784004,40.091118,17.784563,1507.8715,-11.647087,11.463664,1.0280746,18.982868,19.210022,0.7205289
817f79a116c110a0b477cd2107811780,184.64667874320338,65933.40729557206,69.94644106323683,84.50238,38.62097,25.66985,1174.9731,-13.678474,11.946027,1.6505867,21.624926,20.699669,0.836571
dbc17f9b2fcfd1ca62d1bc15274d2757,288.77277386148876,102626.92098178067,128.44059539923825,91.04176,38.34333,66.02604,11777.507,-13.209038,12.205051,1.8748956,21.365034,21.951107,0.9408439
15abe3fd1490aaa88d8649e8190e3315,219.89971398560863,91558.1643754646,59.900875310993285,68.717575,56.02391,48.62198,1636.0199,-14.491364,12.034504,0.6066627,23.304201,21.673721,0.91720855
d7d8cc325edf7f3b43682f29b9dd9e1b,161.20132205519093,13152.181577790712,27.242395264630087,88.35962,42.19009,23.424126,2312.5586,-12.236009,12.299407,0.09451051,20.29563,19.622046,0.7517454
3cb9a918152e656ae8a4437c2adcaa55,170.2805597738237,26187.31387268718,46.34486088876629,98.47651,38.573708,17.507063,1009.57324,-11.059325,11.423668,1.621607,18.234678,18.882519,0.69610447
52e201a997e4cf76f604156e9ad32682,151.19212084505682,21778.909503593364,45.630824862087806,87.644394,43.201145,24.98678,2922.111,-13.068695,11.399001,1.5226753,19.971415,19.785774,0.76439244
850730c086c5a71299345361e4ccb530,190.69156517625603,34366.31656804604,67.21899347936025,97.43418,42.83569,28.157984,6092.2817,-11.494022,11.435419,1.6669114,18.694078,19.34193,0.7304461
30889dd80cfdc3dd4f479920313e4f18,139.08327865176724,13654.008811514976,40.91726174050922,79.54098,41.779083,18.87025,449.69012,-16.198885,13.890146,0.32037798,26.674713,19.388115,0.73391575
8bb709a5824d552175a8837a908b14eb,124.96560623713039,7913.565449284268,23.93891594254497,50.70857,43.8699,81.446396,7836.548,-29.715857,15.931021,-2.0928922,42.87914,21.766813,0.9251365
fbeee47f75c79fa87832520ce582dbd7,200.84592574713264,26077.579101050356,58.02968466816958,58.89003,43.191578,43.108414,2952.4316,-26.507515,14.819927,-1.8393267,38.998722,22.104322,0.95404667
7dda212506b4e1031210e10c94971add,107.01119437615381,8703.91355701302,20.44028672971663,72.75985,39.680286,32.825035,3211.98,-14.836972,12.988796,1.0966587,23.70503,21.90776,0.9371293
fd866a62d7b99549d416c87ec0f0e7a9,70.4379978801386,337.39554171305656,6.2104280548606,71.25701,33.249256,23.819942,778.2395,-11.43632,10.532763,1.9705659,17.462128,22.129583,0.95619214
d447d55fd72042d41d31261944205f76,84.51963433815597,4552.700002405441,12.620740340380435,64.77459,51.980602,36.569965,877.94684,-14.527463,11.64137,1.1357015,22.438921,21.662317,0.9162203
e0d718a2e33a3ae68a74c9a0fa5af445,175.9705518092758,24183.544330253615,39.0433081285664,92.01271,45.624146,26.315794,2229.4656,-12.399527,12.113139,0.49358314,20.07278,19.194191,0.7192764
6b0fda1d32dce875be2d175887197cf0,226.51421411340075,36646.01496478288,62.664905111007684,95.16264,42.91718,23.013348,1494.8634,-10.91086,11.1954775,1.2636436,17.72574,18.962992,0.70202744
7ae9ecdcfb48d7c58d06dcef13eb4323,146.48975530593728,18315.593450344248,44.49499480348859,91.32802,38.679283,15.079723,1011.7056,-12.095473,11.604742,1.5750601,19.402153,19.553802,0.74654806
6053691ed3edfe8ea6cce380558dc5ec,178.69875114324074,37024.36981567862,53.05308309815435,96.829216,40.13275,17.615284,1076.5996,-11.320334,11.475619,2.2567947,18.414467,19.49859,0.7423103
df7db16ae126537aa32228737364405c,141.40723485522017,16291.759840571429,34.06427775782431,84.81995,34.84059,14.062691,474.9383,-11.569479,11.530527,0.9914846,19.272564,19.57529,0.74813795
d9cdef7bf71f2337312a002eb2b4cacf,77.8559307295506,568.0751274046347,8.537385821365623,59.585526,38.022694,42.268387,5589.0654,-14.802129,10.959154,1.1676028,21.99904,21.978811,0.94320667
2d240e000b7851d9707dc44386d9739d,92.6068655420038,2170.383257511414,12.975028663734284,24.726406,20.382635,32.481316,1014.6381,-22.0283,12.454934,-1.9039376,34.04587,22.365343,0.9767065
eacf65092a81c29c019aa3afe0521a67,154.73440630293248,28767.861275062594,47.207297924076386,104.46154,49.795975,15.217756,671.8199,-10.85524,11.542502,1.9217477,18.813433,20.160831,0.7936442
1b717444fdc4695a0681d486596016f6,111.87472821349094,11950.893153170211,26.68088148797265,82.066055,41.264057,18.135962,875.0698,-12.343931,11.300106,1.7949641,19.70264,19.962444,0.7780856
a51326eb687c677b25a8bc783e6bdcf7,94.16831946179198,7553.60996671642,19.04105064607665,80.47246,40.712128,12.964179,419.47656,-11.056887,10.93828,2.145012,18.976004,20.847353,0.8486084
9fad217e919fcf9f0d9d3cc6026e75cb,91.36427892067516,624.0974841905864,9.254543726215491,19.208282,12.564011,35.48416,1673.0946,-23.55968,12.724861,-3.0783653,37.234776,22.062439,0.9503646
20bddf459322457dbd11ab7f0289b7f7,197.14640623371295,6635.783121216354,19.717693953978888,29.892086,24.213213,48.334667,1063.7124,-26.656815,13.686129,-6.324227,42.099564,20.015863,0.7822023
fa37551cea0d4042a5a73927320dfe41,206.99026425601778,7846.989259284867,16.87065929832572,23.622978,22.116705,51.44214,3483.9216,-26.149902,12.548632,-7.9256887,40.430298,20.007828,0.7816011
f4d2da19856ac67a1d4301fdcf940340,244.72523944071955,6354.272942240698,19.348190484350905,37.29343,18.99283,30.403955,657.65045,-21.344795,11.785494,-6.2056327,31.628103,20.308456,0.80527496
df5e2dc7fb0d87a011a94ece9e20ae54,172.27542098684623,8599.432809457243,18.939680872535682,39.90631,48.047092,42.444897,2038.2909,-23.861124,12.850298,-6.2859282,37.724663,20.360435,0.809409
d473131efcc93eed228480926e67db91,212.52002184571063,10729.68658513946,40.2040691104259,88.53869,35.905285,21.373796,394.68195,-13.602248,13.472518,-2.3746178,22.664335,19.216734,0.72095096
0adb9943dbce524d30e0692b35fd27ac,218.36578430058253,13938.006539339274,45.86441776219507,85.00532,35.23469,23.153946,800.3361,-13.321384,12.453916,-1.7543106,20.71312,19.534557,0.745016
07bd915153ed1473e3f7c6bc206f412b,217.53541393835346,16546.298442423777,58.32099134842158,80.337036,36.28523,32.07072,1604.6338,-13.824076,12.721284,-2.076481,20.9844,19.356094,0.7315036
b61b7a812f6d64e9df4b523a8c0338c4,185.85491062734081,13255.171286075478,44.023510267951316,72.027885,29.042915,25.100819,882.4998,-12.957916,12.169619,-1.6428535,20.446878,19.963413,0.77813315
66b1875ac027ad892e8b206c34334667,247.63264795332717,30892.29671666058,72.11908157184301,68.39582,30.63878,37.288666,1308.2135,-14.815863,12.172449,-2.8030984,22.894436,22.155334,0.9584702
88ef1cfc7e692662d166ecd2f57b2eaf,236.45135671046992,35769.57508694071,86.79970311164035,72.88364,29.979801,24.782324,699.64813,-13.429933,11.735029,-2.1435716,20.301043,22.113794,0.9548738
4ecb2ec4094b9a6a85d6cb1900eb166f,162.7245355592764,11015.583506000628,47.96539168557818,65.402214,30.754896,30.30158,925.83417,-13.331309,11.894126,-2.2465563,20.6841,21.608898,0.9117263
09751506ba30fecb09a4348920ce43e8,192.3659532922411,17399.170099221636,45.01027088949586,70.85711,28.812336,27.059544,1060.338,-12.724241,11.056525,-2.0253406,18.592005,19.94762,0.7769401
da57162caf068866883459817e367f9c,180.6166989616584,7541.392312812048,41.80860035110689,65.78731,26.616364,31.09677,1154.9551,-15.170265,12.312989,-2.3399012,22.619465,19.680408,0.7561932
cec75ee37bb17a39e7cf6f78d8fc5781,181.4307779385263,9616.385027552533,45.96242552143905,65.17845,24.31801,28.74762,1232.5164,-14.697691,12.214719,-1.9805577,21.743515,19.205858,0.72018117
80c82b1820f38848c3c318048f462041,177.59723919400437,10508.817787167904,45.63645667849504,68.10832,32.54709,29.976978,1895.7377,-13.915541,12.289208,-1.6156069,20.978672,19.64251,0.75331527
bd6cbe021334cff9d0b0ce3d97f0e40f,175.83741709732993,8129.128604357906,36.12751107455094,70.08903,26.927883,34.255085,1883.597,-13.901129,12.454491,-1.7739538,21.462122,19.874004,0.77115977
e103faa6a6212ad23ec710d5374b22e6,151.43450898630317,7710.665682055767,36.369486709273545,53.323956,29.938824,109.19772,17639.785,-17.086584,12.4263735,-3.0956779,25.884207,21.5845,0.9096402
0d3d2d6c144b31e64e99182659273633,171.6391223552562,9798.23051399949,39.04722711259986,62.566307,25.117613,49.2453,5324.16,-12.222441,11.423523,-2.7328837,18.80378,22.086342,0.95248866
8b8a85951d1d79e154ab9c437daf2f17,196.24823707805578,25571.30879557781,72.18384896643808,71.28346,35.97898,33.19174,1339.9918,-13.348581,12.332876,-2.31207,21.131222,21.571243,0.9085357
7792e5ce7b93b23f7c43e1d38ab83a47,205.9367203075788,12122.245454148599,46.71626443932571,70.94073,26.755795,39.13285,7118.6367,-13.754814,11.333441,-2.4021313,19.897814,20.134731,0.7915859
1a4c0b2c8a7f31b8c0fe3e299fc2b3d7,212.02109794206305,17048.56590312828,57.07044123335638,76.71458,29.904646,20.615734,568.49036,-13.460079,12.268309,-1.9126694,20.841297,19.451532,0.7387366
d4993c3b9324e791b08aa912ab944994,179.62261311896216,10902.777413639598,44.202860354988374,65.44856,30.398258,26.23629,930.6905,-12.997033,11.487712,-2.296085,19.425295,19.79515,0.76506746
639aa3a3e594d85ef2b0dfa0ca3326cc,204.72495546457498,10302.841871540035,44.886802454370354,71.791176,26.865202,34.264996,2523.9717,-13.055046,11.955905,-2.203347,20.284645,19.73079,0.7600724
ffd6a7f7212b4c4a4bec2d806a92fac0,153.96018430694696,14150.134814181496,39.47345030242979,27.858946,28.329077,103.398125,17281.46,-27.660957,15.488367,-5.6077714,43.98347,21.04831,0.86500156
fb80222540e87161d2113bab45fbfc81,172.07766747549428,15329.668002878307,59.117299044125794,17.42585,6.279018,28.085743,766.4855,-31.500309,14.344865,-8.358822,47.261444,22.371166,0.977251
8a22d2af23e424af5ff9d761f92606d8,169.4732258240212,10029.136801785888,30.496558492184423,31.600273,26.936056,168.69438,24516.861,-23.40801,16.19335,-5.3796644,38.947296,22.286526,0.9698428
4825706339e4540c37b7ab0cd7929127,175.59875145906497,17546.70740551301,36.00662567323347,53.72999,28.832922,40.447613,1361.922,-14.559787,11.936832,-2.3379319,22.711763,22.289824,0.9701399
b137d9389e2aa3dfb47a21053bc293bd,212.47697507273048,39557.259494157195,80.1349138032259,59.119514,30.101313,153.079,34247.336,-14.895243,12.318798,-2.1707666,22.922297,22.161888,0.95902526
e6a69da969a6832b54dfc0fc29832b38,173.61559316112655,9963.452405588116,46.206932961148425,73.641785,33.09658,51.478443,10509.685,-13.025305,12.111261,-2.1666517,19.95817,20.5994,0.8285268
62f9bea93c24431921c5b4d330e486bb,192.2632473381967,11675.592638159118,57.35803596866588,77.765045,30.185349,23.606312,725.64014,-12.451924,11.95426,-1.9744742,19.72833,19.614496,0.75111806
1156f225737c5469bd4257be5dc74de5,213.8460551439566,20401.574008630287,59.797772278098385,70.57593,28.989037,28.082312,1130.4436,-13.841548,12.152356,-2.4382083,20.963255,20.266388,0.8019334
0b709dc330bc04cdf2493fed84ff2de9,182.90012598825305,13088.44009537752,48.35393573943681,55.6334,30.733677,36.853767,4933.2837,-16.203533,12.126583,-2.467048,24.092207,20.391672,0.81182206
e102287c0c061f036430016bec926a75,174.63985434266118,17698.55782884671,26.349521210822488,5.3658957,8.567539,49.24247,1269.1621,-43.676228,14.2787075,-10.942426,70.47872,20.342546,0.8080045
2837d4c0b6ab628e23292bbe6d2fd09d,191.3983309883147,7720.8777588259145,31.825381944404725,8.553557,10.2963915,23.84098,1168.6201,-43.26682,16.233288,-11.519871,68.93004,20.177437,0.7949732
da05762a690422583c2684743aae310b,245.03802735161096,6955.38415369187,30.44587294167416,16.02494,13.315634,34.875336,2783.8083,-36.91135,15.395869,-10.250569,57.239075,19.383453,0.73362345
33be95806c30fcfcede6557471a8aa32,186.25142150943387,6638.622992353074,31.887081820294835,6.843268,11.598283,20.909224,364.63605,-47.099773,15.576402,-12.074604,74.49746,20.51208,0.8215486
1218a09a1f7cbc64ef88f2c86ddcb837,259.00151064072196,6897.030277057778,17.18025006377707,19.270067,24.299448,18.894083,385.75967,-39.26701,17.153093,-11.151063,62.853096,19.962704,0.7781224
33b7e78366662c57a4b0d88eae216ee4,254.0672937119733,7129.682851615502,24.638723281209113,23.110819,19.670074,36.052307,4332.963,-33.092854,14.9451065,-9.204495,50.528126,19.68927,0.7569039
8e703f86257b31b8884dc69304743fa9,177.7860712953815,15765.851434014963,33.64767031995434,11.056769,18.83754,37.89554,1441.1208,-42.14688,16.1035,-10.303919,68.11695,20.425854,0.8145851
57635708463a887d46b4a3bc81eb77a5,207.5411630680959,18171.471667749498,20.69878003046298,15.828008,17.015602,67.51579,3997.8865,-36.956623,16.715305,-9.219036,60.099064,20.167282,0.794113
90a9e683f9b23817bdc40014cc627d9d,200.2554707456833,12176.533818467004,21.395809627532103,15.66009,16.996439,33.018585,670.2983,-37.866802,16.425976,-10.793357,60.971203,19.77817,0.7638272
6492c3ab26e4c698090aa31b728e7fd5,257.77488247954767,6808.894075313839,21.936513586718988,17.630358,15.227513,42.07498,1716.6445,-33.500175,14.967554,-10.182776,53.15217,19.192482,0.7191942
065807f4f27ec6b28b9b68041339af32,196.0925775485326,8403.92584076501,21.105865260490912,14.919947,14.819186,24.327904,502.8601,-35.04674,16.09115,-9.519983,56.75004,19.754375,0.7619986
dbb2630435fbabc6b8a95f67273c35a0,202.10378925196082,11884.026170950885,26.276455058009788,19.058136,16.97762,26.51586,694.7229,-32.149525,14.276289,-8.478805,49.788948,19.731941,0.7602169
d6ff6e6317ce8c4b46d59a1f5d780258,239.05612585992725,14128.300233164216,38.031555076946084,67.65026,43.85716,26.072151,1495.1478,-17.416666,14.592041,-4.231797,29.570919,19.505737,0.7428837
8a5cfb40d3af4b347a17ca37eca770f8,239.742058616427,15449.496062233427,62.39455981872794,100.101425,41.538773,28.190094,940.7888,-10.344048,11.518191,-1.4661858,17.23304,19.675463,0.7557864
8fc9f62539496fdab23accfc4c4df2a9,192.2647826972003,15711.07499258948,54.70464222318143,85.340256,36.304306,22.171736,654.53925,-11.493959,11.798248,-1.5245076,18.301292,19.28771,0.7263175
da9490d38798268a4f673cb5218ddef5,220.55265103324078,15502.280365000213,51.634621784812104,75.03287,26.277925,28.593843,2740.7432,-12.197864,11.646163,-1.9408402,19.277094,19.82179,0.767083
43010084279104802e8e904e59b296f3,213.23240926946795,18792.89481347903,67.25447941004953,60.189583,19.061085,16.339762,618.69714,-13.644337,11.426641,-2.2481966,20.575024,20.058426,0.78554547
548c738f0a65b0b0266b36a73df14a8f,261.3899948247244,35694.59804905707,36.7865226389623,8.162698,11.16454,56.214836,4185.2744,-40.234097,14.057515,-5.874538,63.97,20.64924,0.8325345
ba6a4d9cfd42b5ea6fcfbe5a37544c50,341.8443131400146,22402.21939013556,42.28207836293711,20.410606,24.23288,107.69294,4330.3223,-36.347435,15.781204,-6.235284,58.963394,19.470417,0.7402335
e45ee181d59831ad362e64d472d5457c,264.1663948888948,13877.56871775302,35.51459702819406,16.934818,14.626842,102.63768,4013.9578,-35.937145,16.450893,-6.4829264,59.58906,20.005472,0.7814464
e264c819d8bddd15df7c3de4fd41bed7,490.2312681201071,38016.743480087134,50.859682685685,44.118988,38.92175,71.673935,2882.8506,-33.6369,16.260641,-6.7406263,54.707546,19.679546,0.7561119
fc26b777965f77eb9b0542adfc4baccd,479.4391581619191,36413.3957153487,50.28083007528884,48.450893,37.723454,96.1719,21534.04,-32.46519,15.639306,-6.383941,51.497536,18.996206,0.7045478
76011bffc81d003fd6a232ba886f1ea5,234.4476115317152,19423.420493079826,32.75203950840576,15.091909,15.577899,39.252472,1925.1313,-35.806717,15.373014,-5.9044075,57.76799,19.489258,0.7416254
28aa7de3fda8141e085b0dcb51807a19,262.2476426698291,22768.978481273363,63.92031193501069,26.08895,20.572182,24.295979,807.6459,-30.06656,13.60901,-5.5660024,46.162556,19.183582,0.7185186
dca83376fb426223dad67ddff696713f,316.053494454314,55733.40560219004,55.313093051114706,39.03597,27.973732,56.583492,2259.5088,-28.853096,15.237402,-4.7021832,46.33783,19.62387,0.7518949
fd8ec99769fc0ca699a94872e7e46d50,229.69928920442268,21776.397580152516,45.80667416605302,26.14626,22.695967,37.553226,1270.8484,-32.006527,15.607268,-5.404342,51.403824,19.226984,0.72177446
b03f2eb66717969c47c0b670d4630bbc,265.9060649177502,29379.088826213836,51.82350300950295,35.701477,32.543903,26.884203,1193.0642,-27.578032,14.02016,-4.71318,42.370846,19.428423,0.7370156
3a2ab5fa568406db65d5e42435007062,200.71302446306998,20889.31626027058,52.71557115369335,31.551176,25.261803,123.75635,11844.492,-30.472475,15.663118,-4.7021575,49.30496,20.481066,0.81904155
18fc1061ef0b81e9f736eb75e8ed2003,467.60145911996943,61207.775318776716,66.42794553901834,49.606747,33.280895,117.0414,3844.7317,-29.403809,16.44425,-5.2831426,48.784393,20.089361,0.78798366
62469f4d715f7ff06e463d3023c03e96,457.86304984398663,40681.662089689344,31.987181602201563,55.68254,35.201714,169.07855,5160.807,-27.848192,15.642992,-4.525421,45.873104,20.710318,0.83742213
23f2ee00069927c8deb0dd28d59984ad,357.63943388240284,43128.45815408921,60.55500871603632,46.36516,34.205715,63.229958,13434.124,-26.570429,14.154534,-4.765871,40.744022,19.628836,0.75225705
a56e4dcaa1f3d9ab1530182e3860863e,315.10243203024123,34231.69461490011,56.907720036364736,26.509712,25.402737,62.450764,2836.3157,-33.636364,15.234626,-6.66273,53.227703,18.950495,0.7011806
95beb1affe690a70032a89cbb02bd02b,224.4704869767701,28295.3207640779,51.039090635477336,32.26327,27.600016,56.88806,2152.5542,-31.422184,16.368164,-4.3547783,50.478687,19.331562,0.72968435
02b9402080db48dbd4ac819fd0ec4945,206.6628859534415,18250.2578237173,44.56779609564106,32.291096,26.674911,57.277695,1805.0023,-29.322603,15.639849,-4.1092544,47.42839,20.79529,0.8443929
f0910c9c030a791ba1718ba17b246a5c,231.2085495332173,14458.765095738821,47.03831893484332,19.243948,14.220675,76.05849,3401.4219,-35.588173,16.10367,-6.9843874,57.93264,19.212566,0.7206887
8baf28dc65a01a9a6154f4792e879748,339.5120916065209,28307.694129322557,40.63509893244453,35.817207,29.973572,67.43341,4034.443,-28.783201,14.12436,-5.531075,45.058887,20.365114,0.8097514
f89b43378d15ab2befae1d675f1ff068,444.67023644606513,50347.041301710415,59.52706689229259,38.72158,28.890453,31.902294,832.2586,-30.66102,15.2665615,-5.7735796,48.49626,19.698866,0.75762904
bb248bb58ac24d308f0acd9457b360d9,308.1514106231698,32863.877883629226,64.2177997223124,29.089884,25.975765,31.485931,2364.0964,-32.42067,15.024826,-6.2446537,50.66008,19.45473,0.7389969
9cd3a10ed1793a80542177fd69b9d137,244.0838854831701,28591.770914949055,50.599366502077096,34.585968,28.204647,35.733364,2233.3054,-28.229902,14.933992,-4.8116226,44.272686,19.550827,0.74630016
210a3b28e45288fd55297e31aa7df63f,242.64501491816566,22175.188488526543,58.99154933109834,22.476738,21.41251,40.35215,1542.971,-32.21779,14.839981,-6.1184654,51.11095,19.821766,0.7671626
596b569d26ab61f0ed8be71d28767f30,207.40452100667048,17452.401598615037,54.163877725983276,25.824795,21.145664,53.71918,1471.6458,-32.59168,15.498505,-4.84081,52.15139,20.828697,0.8471021
459bfa0af2f38ba545fd9aa950aa6b8e,282.0688077814251,28323.427246571773,39.45128336670192,31.498758,34.242424,75.30094,6325.965,-31.581308,15.173078,-5.495193,50.548847,20.146849,0.7924453
8be31e7c300bdb45ab2c7ba995f4c2e2,377.4609532804248,53806.307369692164,78.14164853956964,46.36656,25.476913,94.04592,6748.5186,-23.473568,13.323466,-3.4705162,36.32216,21.418745,0.895749
bc1c8931aaa9f0839d3a7d642a3b3524,354.425727481295,31887.05254587499,45.20509849097879,35.19132,34.18657,137.99828,8032.923,-31.1419,15.423978,-5.328271,50.27708,19.71505,0.75882304
87a3ab4a39dd49d897df120acf7660fa,313.1217405642368,35873.82819292163,57.07602772422517,32.41344,25.560177,37.52329,1786.722,-30.022858,14.416948,-5.9867306,46.611713,19.441166,0.7379781
33c5c793dde88e13344af768593acd35,220.24298211379187,23391.5568890074,48.2491955226762,25.963911,22.86416,51.113823,4938.2417,-30.4927,15.077593,-4.838117,47.99374,19.146841,0.7157632
3440413cb573a716f3ae134d59c31ac1,161.9225317168831,12837.776197592031,38.965259069823446,25.498806,19.194395,74.091965,7113.9375,-30.067707,14.859175,-3.8992774,47.32769,20.005882,0.78146183
659ce43f3ad42f3f61ca164f6fa1a642,303.9298524437746,48090.72061110666,38.65660990504146,32.04199,24.10827,45.123898,1534.9775,-30.206953,15.1595125,-5.1074266,47.723442,20.62246,0.8303739
6cbe5a7c3bd66bf6457093db9b4bc925,240.49917644610017,22186.414163251,43.739876335293246,25.233969,19.957685,40.689133,1543.6125,-30.223015,14.741088,-5.792205,47.39061,19.60442,0.7503887
fa910f747f7011bc8e2edb74c9c3d32c,254.7138730922773,34609.48981624115,54.349011492277675,29.379242,23.613256,31.505371,2219.5205,-28.985939,14.0427685,-4.5405865,44.341515,19.357393,0.7315964
e40a2914170e10559d4a23ad6fcf4bf2,183.2306944342699,33764.55572004955,57.33795741599662,7.736626,9.813151,44.290928,1899.1818,-40.819748,14.881925,-6.4279985,66.096344,21.1029,0.86950344
efd2a1a755df7753201bd39da556d020,261.3899948247244,35694.59804905707,36.7865226389623,8.162698,11.16454,56.214836,4185.2744,-40.234097,14.057515,-5.874538,63.97,20.64924,0.8325345
a7b44abf76e3c8e793c004868c89b256,341.8443131400146,22402.21939013556,42.28207836293711,20.410606,24.23288,107.69294,4330.3223,-36.347435,15.781204,-6.235284,58.963394,19.470417,0.7402335
30c69a8b7ddebe2940ef7d1edc452785,264.1663948888948,13877.56871775302,35.51459702819406,16.934818,14.626842,102.63768,4013.9578,-35.937145,16.450893,-6.4829264,59.58906,20.005472,0.7814464
95a22303c235d7947aa9b057d7a7487a,490.2312681201071,38016.743480087134,50.859682685685,44.118988,38.92175,71.673935,2882.8506,-33.6369,16.260641,-6.7406263,54.707546,19.679546,0.7561119
1bb5db94e113fc00b2d4f5bda5beabee,479.4391581619191,36413.3957153487,50.28083007528884,48.450893,37.723454,96.1719,21534.04,-32.46519,15.639306,-6.383941,51.497536,18.996206,0.7045478
83967ec453de5eb255cae670ab1e878d,234.4476115317152,19423.420493079826,32.75203950840576,15.091909,15.577899,39.252472,1925.1313,-35.806717,15.373014,-5.9044075,57.76799,19.489258,0.7416254
f385364a45a1261bf8b2d7ab3ef0a076,262.2476426698291,22768.978481273363,63.92031193501069,26.08895,20.572182,24.295979,807.6459,-30.06656,13.60901,-5.5660024,46.162556,19.183582,0.7185186
c99617d4b000ce525693ebdb69f4154b,316.053494454314,55733.40560219004,55.313093051114706,39.03597,27.973732,56.583492,2259.5088,-28.853096,15.237402,-4.7021832,46.33783,19.62387,0.7518949
9874ec92ce2ce8fd34587c8349ba289b,229.69928920442268,21776.397580152516,45.80667416605302,26.14626,22.695967,37.553226,1270.8484,-32.006527,15.607268,-5.404342,51.403824,19.226984,0.72177446
93484ecbc28e9d11d398dedb78b76cee,265.9060649177502,29379.088826213836,51.82350300950295,35.701477,32.543903,26.884203,1193.0642,-27.578032,14.02016,-4.71318,42.370846,19.428423,0.7370156
1c566faa90bbbd047cfe65f31d66175e,200.71302446306998,20889.31626027058,52.71557115369335,31.551176,25.261803,123.75635,11844.492,-30.472475,15.663118,-4.7021575,49.30496,20.481066,0.81904155
29a87c62949d27d32124e5ea1b932c16,467.60145911996943,61207.775318776716,66.42794553901834,49.606747,33.280895,117.0414,3844.7317,-29.403809,16.44425,-5.2831426,48.784393,20.089361,0.78798366
364e1cc5ca56c64b226fcc22b3ae4d8c,457.86304984398663,40681.662089689344,31.987181602201563,55.68254,35.201714,169.07855,5160.807,-27.848192,15.642992,-4.525421,45.873104,20.710318,0.83742213
61468e171c486c14d8aefef66c6ea8d3,357.63943388240284,43128.45815408921,60.55500871603632,46.36516,34.205715,63.229958,13434.124,-26.570429,14.154534,-4.765871,40.744022,19.628836,0.75225705
0684e139f8788acd2ac2a7619fe8aca0,315.10243203024123,34231.69461490011,56.907720036364736,26.509712,25.402737,62.450764,2836.3157,-33.636364,15.234626,-6.66273,53.227703,18.950495,0.7011806
8c7a347c43df5638d5a0caf320b43ecf,224.4704869767701,28295.3207640779,51.039090635477336,32.26327,27.600016,56.88806,2152.5542,-31.422184,16.368164,-4.3547783,50.478687,19.331562,0.72968435
fecd45b546e6ba1677bc829ba276c2e5,206.6628859534415,18250.2578237173,44.56779609564106,32.291096,26.674911,57.277695,1805.0023,-29.322603,15.639849,-4.1092544,47.42839,20.79529,0.8443929
26976bc5e0f799354b48ebea152c7552,231.2085495332173,14458.765095738821,47.03831893484332,19.243948,14.220675,76.05849,3401.4219,-35.588173,16.10367,-6.9843874,57.93264,19.212566,0.7206887
eeb9c71cd533afeeec61004d8b652d68,339.5120916065209,28307.694129322557,40.63509893244453,35.817207,29.973572,67.43341,4034.443,-28.783201,14.12436,-5.531075,45.058887,20.365114,0.8097514
0d4169e9bd7ec1a900b53a52b47c724d,444.67023644606513,50347.041301710415,59.52706689229259,38.72158,28.890453,31.902294,832.2586,-30.66102,15.2665615,-5.7735796,48.49626,19.698866,0.75762904
b753e3f44c75654a3bb9dffc6619c5df,308.1514106231698,32863.877883629226,64.2177997223124,29.089884,25.975765,31.485931,2364.0964,-32.42067,15.024826,-6.2446537,50.66008,19.45473,0.7389969
14b30f483137f1560277e235a0ce9d20,244.0838854831701,28591.770914949055,50.599366502077096,34.585968,28.204647,35.733364,2233.3054,-28.229902,14.933992,-4.8116226,44.272686,19.550827,0.74630016
8ad3af3045ab933ccd2121ab9d8f86e3,242.64501491816566,22175.188488526543,58.99154933109834,22.476738,21.41251,40.35215,1542.971,-32.21779,14.839981,-6.1184654,51.11095,19.821766,0.7671626
06bcc57435c4656ed0a28751a94a8672,207.40452100667048,17452.401598615037,54.163877725983276,25.824795,21.145664,53.71918,1471.6458,-32.59168,15.498505,-4.84081,52.15139,20.828697,0.8471021
b1f7548046a1172b1d9ad67d00ac43d5,282.0688077814251,28323.427246571773,39.45128336670192,31.498758,34.242424,75.30094,6325.965,-31.581308,15.173078,-5.495193,50.548847,20.146849,0.7924453
6bc8923fa48412be339bd2e2576a0650,377.4609532804248,53806.307369692164,78.14164853956964,46.36656,25.476913,94.04592,6748.5186,-23.473568,13.323466,-3.4705162,36.32216,21.418745,0.895749
67a1044810a4c7a724aeab7276e07e90,354.425727481295,31887.05254587499,45.20509849097879,35.19132,34.18657,137.99828,8032.923,-31.1419,15.423978,-5.328271,50.27708,19.71505,0.75882304
ccf679fcd8e20503d4d58c8a3ec14ed6,313.1217405642368,35873.82819292163,57.07602772422517,32.41344,25.560177,37.52329,1786.722,-30.022858,14.416948,-5.9867306,46.611713,19.441166,0.7379781
e3814f18164a73b6393905d62ed4ab3e,220.24298211379187,23391.5568890074,48.2491955226762,25.963911,22.86416,51.113823,4938.2417,-30.4927,15.077593,-4.838117,47.99374,19.146841,0.7157632
9107f633b8effdbd15ddd32f02be4ce5,161.9225317168831,12837.776197592031,38.965259069823446,25.498806,19.194395,74.091965,7113.9375,-30.067707,14.859175,-3.8992774,47.32769,20.005882,0.78146183
0f40ac80dff0263b02472f105d01ee0c,303.9298524437746,48090.72061110666,38.65660990504146,32.04199,24.10827,45.123898,1534.9775,-30.206953,15.1595125,-5.1074266,47.723442,20.62246,0.8303739
17f5689509181bfc330afed806b9905a,240.49917644610017,22186.414163251,43.739876335293246,25.233969,19.957685,40.689133,1543.6125,-30.223015,14.741088,-5.792205,47.39061,19.60442,0.7503887
202001efeeff1f457573b498bd2cebd4,254.7138730922773,34609.48981624115,54.349011492277675,29.379242,23.613256,31.505371,2219.5205,-28.985939,14.0427685,-4.5405865,44.341515,19.357393,0.7315964
f88e27425025e9d74691168081438e04,183.2306944342699,33764.55572004955,57.33795741599662,7.736626,9.813151,44.290928,1899.1818,-40.819748,14.881925,-6.4279985,66.096344,21.1029,0.86950344
222c241d3c5a59e57d00f5fcbdcd521c,238.85809663775782,62924.463285485166,39.62093781426232,26.374132,29.344046,49.437836,1943.7953,-26.816475,19.773693,-4.810339,48.867992,21.708797,0.92012846
f20ecc7a50f89e31f744c0b39ba7ff3b,187.1339892712292,11841.454311572807,38.833592450418166,45.58708,29.915577,37.5593,1599.001,-21.973034,17.502247,-3.1832232,40.018654,20.843466,0.8482565
71e7a50993c25db2fcb7e2df7db71fd9,193.7160015192187,6581.648303070194,19.143989054296743,71.69209,33.362167,45.447216,2272.0034,-16.702217,16.432379,-2.4136322,32.294167,19.441803,0.7379455
e37097b744be5923bb609b53f50a274b,208.50034715882887,6335.584969463148,28.31773629656199,74.66276,28.188671,27.628778,1994.809,-15.78806,15.578266,-2.1039617,29.938183,19.446323,0.738308
34019b63a531d42b368c5abf7d84e9bb,206.3141618287813,5865.989261021709,26.751956662683785,59.704998,25.088894,27.763054,1554.2377,-18.86781,16.134907,-2.9255674,34.08189,19.01674,0.7060551
23fe0aebafed7f36a799abaf6c1cc001,211.5721200044488,12861.338386072879,34.69843124268852,71.12293,26.499361,21.80395,895.3395,-17.669424,16.484417,-2.631688,33.260433,19.139359,0.7151939
75d0cbcd010b617e7d0675bbd9246a35,192.78960769830923,10902.25624425952,37.822306666721246,73.31115,34.256012,23.876068,792.4957,-17.574566,16.674072,-2.2350545,33.65436,19.702137,0.7578391
3c7cfa649719df15047f9e4f39b465a2,188.10498103295208,11192.830403859845,41.94623405156592,50.777687,24.839779,30.468624,791.74225,-17.935194,15.77874,-2.901998,33.63765,21.86621,0.9335749
fdb8b987399c288466d0f9128da93e56,236.40100117336613,7527.584797602772,26.204890493884516,70.06269,31.284212,25.448313,954.8834,-17.941633,15.5782995,-3.2528028,31.89497,19.308882,0.72791684
d8d5f7616c6805a7b9bdf14ecd8a53e5,250.65483690481065,9936.71818491584,38.161972278959425,60.1903,29.217241,24.188526,542.4117,-19.681978,16.19632,-3.761467,34.962185,19.348461,0.7309133
eaa792a524739e5aec22f0ea8f0b80a3,216.34447037826456,6098.105833913925,26.171774698197567,57.708347,30.884413,47.176533,3721.5168,-20.653763,16.894876,-3.806454,37.521954,19.128431,0.7143773
e12bce247c4ff2df0376e985e220ccad,204.36254627185858,7194.1827327593755,35.33449217304729,59.005264,25.241716,28.071135,1658.7007,-19.503248,16.271164,-3.4315743,35.456787,19.098898,0.71216285
eb61512cf6099382e7b64dd72caaa6b0,185.24614164654582,8019.7278749029665,33.857093935839025,66.62936,26.491688,44.310905,6276.1987,-19.156809,17.331636,-2.645386,36.4771,19.291527,0.7265729
44fd5970b34a2ab0104cca7aa8650d2d,178.3439447530358,13411.578704799016,45.521693640390495,55.40128,27.619135,43.51138,3781.7334,-18.866411,17.012716,-2.6288753,36.21419,21.487207,0.9014503
c8113fa224e317aa145c092bc1ea2bec,208.8120606680411,10112.179936173823,37.35914542802098,66.29788,31.074223,39.511276,3376.624,-17.747066,15.9365015,-2.9917388,32.773815,20.087105,0.7878156
3892bd1cb4e507955be12a20a96a68dc,243.68884122763944,9583.992214477461,37.09343970380211,71.496635,33.09033,32.400738,1773.6572,-19.154362,16.472637,-3.3849087,34.454964,19.299545,0.7272117
0c7d16c48242cfb21fec26bd150e260a,196.5903917739888,12060.802624502769,34.91508002670908,55.235783,32.962357,41.59286,2016.1349,-22.509876,17.624443,-3.6793752,41.143715,19.320215,0.7287382
c55aea6a5e1ad9cf3430ecd1055c89b5,197.60722964365146,5059.078023936652,27.489864707702182,65.513115,27.299337,34.686134,2041.4657,-19.615885,16.859255,-2.9237745,36.472305,19.034208,0.7073491
bc3185c432a5eda6c92dc41ea1012899,199.18841642757582,7780.994744678695,38.43738768160762,76.59181,29.259583,31.262571,2539.7483,-19.136108,17.764736,-2.5536864,37.20107,19.446278,0.7382808
577ccfc993f7b1260b182537739a488f,96.59984110932609,926.192688981965,6.102467172326303,60.590633,31.529917,32.5979,1029.8424,-12.661384,12.695936,1.403662,22.908117,22.150661,0.957991
27b8c9926fa497e1901ef28cd38a3025,90.46422852138106,540.7598388674087,6.103580284095358,69.85297,29.986288,28.838678,1085.8975,-10.79456,11.52067,2.1151478,19.354013,22.10517,0.954085
fe4c0693322073a6a3abd9e3bccc5aca,72.87959888595658,555.3002873531891,8.440404953523515,73.26381,29.99904,42.28717,1630.708,-11.014679,11.649962,2.6384747,19.768263,22.053951,0.9496717
6f586a57010a39ace2b6b0558699dcd0,121.27729810535405,10830.174047570055,21.096933222997624,76.22152,30.557201,28.113565,709.9575,-10.981876,11.729262,2.0541263,19.589954,20.981825,0.8595643
943b3a3b9d48546b2986fc96451e120a,129.7324327745905,14176.573406330941,31.57007387093916,75.122086,32.92017,81.478035,19182.855,-13.792262,12.869068,1.8209282,23.485043,19.729206,0.7599983
4fa090eae8c365dde58e7a437eeef1c4,133.27961051691562,18559.172452296727,34.954635149383606,82.20808,34.164303,41.913,3387.9395,-12.333877,12.554286,2.1467824,21.67197,19.528154,0.7445657
1447b0e739d1dfa3dc60c84375da7394,104.87299010966183,6090.879885648371,24.336486581063394,85.32246,30.31305,35.235626,3155.272,-10.871792,11.90427,2.50907,19.416698,19.211039,0.7205294
4688edabc2978153600a954bd7d08de7,132.6141455459584,13318.297821642882,24.817800821743795,86.383766,32.47039,30.301191,3639.7908,-10.7989,11.970361,2.2279603,19.453789,19.279884,0.7257175
027d90bd10fe205c1ccc2bfde110fe3f,149.96217105524426,21010.51587282589,34.18036921310342,87.90809,35.707474,25.292793,1267.5627,-11.171874,12.3180275,2.0589561,20.332987,19.939608,0.77626365
a09f3983cea455964c8bbadcf2d29295,103.41629310572388,7012.344889737252,18.57879470903017,90.23988,31.380716,28.875725,1726.8013,-10.072429,11.753522,2.4631193,18.565407,19.667704,0.755261
68cbc351c727d89a6394b683e3d119e6,138.78808001577175,9239.343283679915,29.00156912445247,84.60709,32.046795,31.445768,1369.4209,-10.592953,11.8870125,1.9219779,19.387806,19.390856,0.7340522
17e28c373397ac5faa9f5c28cbe3816e,90.24008250351999,1303.732094859567,8.921108901454135,71.53213,30.474035,27.983503,490.23856,-10.96291,12.056278,2.2571058,20.26427,21.40193,0.89433104
629d1c9a778f02859a795e1d5c4e7beb,88.77593454426872,823.2504660309589,8.66172879127982,77.22691,29.886114,37.035297,1695.7081,-10.333785,11.356914,2.3819327,18.46549,22.242786,0.9660278
ce11bb33e58c4c69970896b4cf987e60,73.39871846470399,465.0245682630717,7.166412390489531,79.123375,29.900888,35.120956,1230.4349,-10.784325,11.582667,2.78668,18.953718,22.024853,0.9471961
7c10902ecba3fed4f03201a90ed59501,83.17356618044597,506.58618339941427,8.205413255289896,79.88904,28.658224,24.188015,785.03564,-9.968142,11.383933,2.7441301,18.359947,21.559328,0.9075463
a790593c11296897156384ef3e753251,169.6906300142049,18803.900704575073,39.90982536306315,75.89198,34.173923,41.644764,4453.937,-12.373622,12.209984,1.4518305,20.940178,19.547506,0.7460308
38b0a2020684d9e666f12be5aafcb444,195.14709623710914,40159.17528420344,41.5296419429484,81.25014,33.570152,32.151604,1540.9597,-12.782537,12.404,1.6292995,21.256084,19.615881,0.7512154
95563c56ba20dd88eba54ad6d3e7c266,90.43667795005717,7741.547059291203,25.879819403322887,79.66008,28.948421,30.483309,1480.4978,-12.194483,12.414556,2.2713156,21.332829,19.297926,0.7270386
623cd14bcc2610a9d40825b5a50bd9c8,111.41425868271614,4399.9222464876675,18.05213049465106,87.396935,26.362017,25.00599,999.5766,-9.699088,11.675817,2.5088584,18.25229,19.56366,0.7472254
9d62ab56f293f74a7348ffbf0392b5f2,117.54853701246653,7175.838492552506,19.749443646322092,88.34575,26.370249,59.631542,11984.223,-9.064436,11.21498,2.340778,17.171635,19.644257,0.7534323
865d2d67d458ff87cbc0d561210bfbe0,141.56780033654,23929.426008893217,44.7567324568215,92.66014,27.79565,28.53496,1957.4509,-9.277231,11.513823,2.3983228,17.776472,19.534458,0.7450419
df5dacb9da16a1abd9a9ddd6ea256c9d,132.96749466471374,13825.689787664971,30.985360975475512,78.39166,31.40176,38.895973,4486.619,-11.768155,12.214924,1.7913771,21.002213,19.50234,0.7425525
60cd3ff000ad1bcd269030f3324d8256,89.67928626972852,5079.774706230541,15.392431571573805,84.56215,25.228539,23.404058,689.167,-9.481953,11.410845,2.5558612,17.982681,19.205772,0.7201132
c72e45c4422401581465aeb0af32ee32,87.16254257066853,2123.855355224426,17.788112133470843,89.20074,25.556803,23.203527,1012.26117,-9.066171,11.320387,2.7080917,17.561693,19.3894,0.73398596
f25417a65abcf2ea14e486dd52753e7e,244.95933080471235,10449.184601549538,27.375432121997957,94.79957,27.665388,110.14507,6212.318,-17.178307,17.43684,-1.7204256,33.513058,22.119928,0.95530623
5bbd18fcabe754e44ac7e0e8de884302,392.93297286801135,61702.902761095116,91.6854854554854,108.91938,28.21433,58.395264,6440.1875,-12.492908,14.512948,-1.008652,25.343233,21.878117,0.93457514
21d46458f0dfbf10662a28e0fd6f72ad,158.11028418392831,7076.137736456009,30.038821884524694,87.28438,24.321295,60.12923,2521.3716,-9.8169775,13.350962,0.7256243,21.35654,21.491697,0.90181845
b8c1cdeca2dccbd500500fc8448c667d,200.55368977338978,10069.33490166496,10.528042876819114,103.90925,34.439125,48.939564,4914.0693,-7.917437,11.9825735,0.76239246,18.376774,20.09685,0.7885301
a95fa7e9830476634191cdd6f8d1d7e0,211.86679141059045,6823.152190302076,17.066396845797417,99.82764,32.70723,88.262146,7638.869,-11.797221,13.719888,-0.20487784,22.831627,20.134445,0.7914673
72ae783991ba550c9d8b5119c1f0ea66,223.74151514527594,2512.9473027148597,10.73755932074286,103.85267,39.09709,127.094,11967.994,-12.448966,13.844671,-1.1856227,23.265121,20.355267,0.8089822
be9bbb2fda8573de6ce8d47ef721240e,171.84156647177272,3992.4975144093983,28.093271954239107,76.279945,23.606123,122.43679,8031.5625,-10.225748,12.778172,-1.1722304,19.409952,22.146175,0.9576366
f376464da8bc2da9fa7dce1e1d2934d0,126.67965940560275,5077.530212362332,22.446347040876354,72.57497,26.56071,92.09865,7554.2124,-10.302159,13.092651,-0.58106047,20.31602,21.979538,0.94327706
fbbaff2428fc37b3a8a1c3d2b3129f8d,130.41670887363048,4307.00529613377,21.782227177718138,74.167206,29.947903,111.79629,4172.023,-11.351741,13.884135,0.2145803,22.250914,22.031872,0.94777054
4db35f405e474c495574296f9f717f25,177.15986586225952,4572.152465323152,21.008215187151514,99.282,32.539494,101.26011,15707.525,-10.515867,13.496863,-0.5806756,21.54054,19.426502,0.7368245
461dc1f3c6df2f9a6dc6be140a2e9745,147.6753958855559,5078.970469874299,20.076457989856404,95.296715,31.426817,64.4083,4535.774,-10.0888815,13.695444,-0.6332552,21.77177,19.568947,0.7476381
81fc0eea285ab8ec35b8ef55bc3c2ce0,150.61307331313833,4241.476637164098,23.114801051459946,94.135895,31.252792,65.16899,4476.332,-9.803298,13.346709,-0.58871293,20.721046,19.83218,0.7679257
9407a9cd3690e5ba6f638b2cf9b4e8f8,190.66209060752158,5027.232734594921,16.029385067261153,90.16141,31.90764,77.39979,2186.874,-11.673685,14.568114,-1.6773936,23.934494,20.96564,0.85821825
cf013fcdaa8eee9ada1b45b6681152c8,167.42160352973985,5571.4556910148685,14.959552631761936,89.08653,35.623825,178.22894,39675.973,-11.217674,14.646387,-1.2676111,23.714272,20.354475,0.8088758
bbf6de7d27a98a623954670bfdbfa266,146.0820389475762,8369.017383657916,22.26489630743388,89.57836,28.46541,84.662285,7937.054,-9.394114,13.46005,-0.9254761,20.52114,20.280699,0.8030179
ff38184ec991120f178e4e3805c3869e,151.61735609136153,9160.990696381263,15.790238552723727,96.527855,35.527897,63.235943,4023.3093,-11.83696,14.495139,0.5783044,23.838814,20.561623,0.8254578
6be9d2369cf81d99ea2bfb1274dec51f,104.37527465299512,5263.216200035186,15.626558050374511,90.7449,30.22931,110.82795,11564.227,-10.665856,14.515035,1.8149283,22.969028,20.836727,0.8476566
01dbccf554d83d55bc1d05d61fa69025,76.76751806223531,2658.6964240223956,12.423443800461564,86.284004,26.59446,66.38997,5291.108,-10.287084,14.2670765,2.2042222,22.454706,20.428274,0.8147332
52efd5e2f8d50cbf249c59fc2f956032,146.34160387602273,10512.936207417973,31.08005920353198,96.68541,29.324272,44.310307,1713.1985,-9.157209,13.342681,1.5520253,20.355095,20.091377,0.7880961
6b60a22987d07a16cf5d8d43e28a4b0a,105.10538295697529,5912.099936886,14.308682019785946,89.905136,32.813866,89.35679,6029.134,-11.860171,15.078164,1.9450475,24.886822,20.139772,0.791916
818ce717144f23c42051d309ec29ece2,110.91691449640912,6426.943100967463,14.574274064532327,84.01903,30.289354,76.76407,6400.945,-12.08939,15.246976,1.9582397,25.37664,19.957706,0.77764285
1e49e18504a3678bea10fb3d8098917b,125.5210816121505,6312.7570348638255,20.45047252111627,93.89654,32.175068,52.659412,963.0927,-12.440871,15.417439,1.8538375,25.829172,19.913193,0.77417684
c36a96fb805a69022109b15a5c71fc14,94.37108844753767,5525.745123237239,14.318128224846424,85.61354,30.734455,121.60794,7386.069,-13.337452,15.301459,1.4159037,26.394659,20.507402,0.8210674
a6a78fdaffc75fab5a7f000f398a9dec,199.8892515297546,51796.404017694345,14.920972481070498,97.05545,35.971592,68.03697,2250.6829,-11.667921,14.257697,1.8344703,23.865585,20.387379,0.8114821
ee615ab2407f7396b1d54134a5382bd8,328.1685193192073,108246.15731737568,70.65198711452432,101.8665,43.167564,77.1668,3417.2693,-13.274825,14.741414,1.6702068,25.155567,21.689491,0.91852355
bfc53765b9865a70947e93cea8955648,107.46596785669695,16045.104031019047,30.068793947968015,92.88627,36.463432,154.3871,27653.82,-12.800395,15.454983,1.7854087,26.009588,21.807531,0.9285563
0a140b4626838f8dda1aba1dd35ab7c3,185.583371114614,28024.16770638823,52.59820833011081,97.85109,34.26628,69.4953,2960.7651,-12.563296,14.407753,0.6914583,24.06519,22.06515,0.9506445
e439f547badf60ffe5ec147e20118dac,174.27213604887402,36562.83242282714,39.62529898769943,93.89821,37.723206,81.05575,4119.297,-11.905076,13.91099,2.0657191,23.3803,20.909718,0.85368115
c9a2bf35a297e8e957e56af06d834337,98.23326151050144,5435.075854696123,15.964509358622944,88.40858,27.178331,47.023304,1226.699,-11.805884,14.448311,2.4940755,24.036366,19.56028,0.74698204
1b34d3575dcebf594655f2b91820532b,89.5275660561669,3926.8573335373617,13.25813703848296,86.37961,27.765541,56.231876,1740.6146,-11.149006,14.201763,2.257807,22.981579,19.98667,0.7799471
d020d47ab4c3e1c5a4dec336a1979bfa,106.76718773165025,7568.905933344992,16.77324827929107,84.21729,29.442959,71.363335,3497.8147,-11.060934,13.698706,1.9238654,22.177961,20.852863,0.8489297
f7ec3ce480fd310dbbc9ed94439125dd,133.60569745204057,9171.947785398426,16.455299004042068,97.13008,33.00736,41.23806,2025.3096,-10.489836,13.798547,2.1355066,22.051163,20.002636,0.781175
f4f2ffdd9a55933af2729977d53993b8,71.4524561643441,2290.8527471755638,9.180579799893353,80.46721,27.673622,74.98204,4351.742,-11.372483,14.191331,2.6060894,23.15429,20.275482,0.802585
0ef08df2f7195ed59e66d0eb1d9b3b88,138.16927757419307,9857.340563374632,21.14973238060805,98.72357,27.854637,73.75121,13761.075,-9.94329,13.61326,2.0090618,21.24233,19.700836,0.7577764
1697985ca388df86a1029c133c99d76c,82.72575244145601,3301.800731088296,8.006968804593194,86.46959,30.463276,81.64031,7077.3105,-10.064848,13.811462,2.3510087,21.58956,20.5039,0.8208352
aa7212a82ff9e728dc6f664a43c761e3,81.55762128439456,3951.9174067507483,8.627662326727918,81.428795,34.20261,88.92591,2904.512,-13.880089,16.182861,2.3286457,28.357264,20.887587,0.8518267
d4c966595f177db5dba5337b0e0c5944,99.83604586590008,10215.778593809222,15.0196614742023,5.742801,5.3413863,142.14844,7777.629,-37.55837,18.020107,-6.3357673,64.98376,21.98727,0.9439184
3fee21369fb017c319acade21842de0c,137.77176874321833,7864.357769927604,16.92760518113298,23.396774,18.926245,132.83875,10149.568,-27.035536,16.494766,-3.3480985,46.845737,19.897995,0.77305233
46f4a2c78b8130da241423c92027c8b5,166.3209531886759,26907.526158215973,34.292127572513905,28.0291,20.102299,56.91976,2625.4336,-24.296587,14.892271,-2.5082154,40.689316,19.940313,0.7763134
b430a89a5d7b1c385e9dcc08c349bc00,134.86054535602491,9590.500441119182,20.59058150134239,24.717173,15.205114,71.41767,3477.71,-24.9964,14.880914,-2.6711233,41.751858,19.295454,0.7269024
af3d516f10cf03083401bf35a73edd89,179.91992751429115,13904.350650573819,26.535403949763992,30.36231,20.825771,74.92171,1748.2261,-24.780607,16.01358,-2.9010496,42.963,20.438538,0.81556976
3c857b3a85779b16171ccabbe0a6c26e,132.08345776317492,5960.8417940058425,13.167537045713399,23.39486,13.791463,62.878086,1687.749,-25.279993,14.452436,-2.4974105,42.094906,19.994612,0.7805657
40d0158f1c7a4420316cf45416c24083,122.46440110116397,8699.314584376627,22.419183200884756,31.511469,16.686064,84.535255,4856.589,-21.843054,14.149361,-2.3654327,36.983997,20.611477,0.82941824
9fe1c3be42c1e8b39bb60568de6802f7,106.00281528667811,4656.800695449017,15.564453531781364,28.192001,14.695241,71.29487,1667.1738,-22.022247,14.255326,-1.5611778,37.182056,20.531527,0.82304645
da8551a3ba82b5b47300111b609cd7e3,129.6807913367226,9859.641234115474,28.1159991991947,47.9336,21.363953,53.65776,7091.03,-15.623441,12.747111,-1.2285701,26.323706,20.166634,0.79402244
5e9020717fcc19d7102a3c79c67b39e1,168.61763144134733,13284.450719049195,26.914077773899436,41.068985,23.378649,56.91747,3144.109,-19.522669,14.251824,-1.7330728,32.927464,19.47615,0.740604
5e51c493c7203499ae40f31ce4920ae5,133.42698695884138,11217.342730370201,17.682257878590217,29.69921,16.11814,94.267975,8088.6084,-22.982668,14.387309,-1.8821809,37.936653,19.6332,0.7525489
4b60536dcf48ea275e9b4ca342cf0474,174.77523829019353,17472.2136361612,21.275091169124718,42.16803,25.547285,151.81685,20828.703,-20.659267,15.388726,-0.8980533,36.43067,20.402252,0.8127343
7a98b9f8ed15884846d38009fb91a04c,91.4933084705017,2656.2938364236047,12.363594463842482,23.586498,18.620213,84.97244,3269.1213,-25.925545,15.069248,-1.0773605,43.862556,21.05233,0.865315
85ff79f0f902f0f7bf9f01d65aba4d6b,136.96141278262107,16872.430439769603,42.65133219349064,59.65928,29.220097,47.12568,1444.9548,-15.924669,13.541086,0.56124175,27.12193,19.95029,0.77707034
9a6ca504ea9250adf7ab548d82c7109a,114.82313208277914,5807.172754582845,18.676628945035525,50.38165,23.691156,46.4249,1933.4646,-17.094288,13.020034,0.17091483,27.975777,19.916433,0.77448183
21c1a24e4519f2200c9b72c3aa4e9b60,102.27959439148681,4227.448572645775,15.593998220002149,73.13727,35.81805,72.4621,4695.2744,-13.275002,12.884456,1.446064,23.454775,19.913958,0.7743025
e853fd22fb7b832a399bc317fd17af24,149.4034288149156,31847.904144802877,39.9773184852754,88.12668,39.315525,72.84337,9666.229,-11.837737,12.813903,1.691092,21.741089,20.279503,0.80298465
a982fb73b2e7e9aa42a5ae6cfd522288,141.2144110007436,7794.020584901466,22.36870623845158,55.197704,28.582415,49.532917,3109.615,-17.499035,13.604312,-0.32767567,29.064875,19.392124,0.73420256
731374d36243eacc6392296b4a65cbe6,146.78872212084127,12036.672123851986,24.85615608486704,63.243034,28.28445,52.531006,4143.976,-15.927594,13.56598,0.88234854,27.029417,20.167753,0.79411215
8b39d0d16dcd86ca46b7bcb9b087369e,113.85645849972657,9304.370388237543,19.57609218305299,60.9087,28.76187,42.178158,1376.5164,-15.398739,12.757608,1.4004338,25.471891,20.09353,0.7882903
63750406c0b2aab3708ac9a6de042123,91.22764514850338,1546.61130345019,12.608702096466251,71.89088,32.60205,68.90983,7288.653,-11.267025,11.602125,2.0719512,19.77108,21.517677,0.9039953
0e2932a313407ab595f7c00996b3dccb,78.23783000938546,402.5285957847122,7.774389685953408,75.92117,31.67224,44.45834,3773.5735,-11.319206,11.873451,2.373333,20.318235,21.739355,0.9227491
231f667284b0d6cea03626308cd2d0d2,81.10982434825102,1066.5283864179146,8.448205678644308,75.318535,29.084387,43.38715,2763.656,-10.546284,11.083869,2.5079975,18.237019,21.442596,0.89772797
a0894e6d2538e5e9112c6317a62ffff6,89.1494338598832,342.49792947308975,6.0127810421889825,80.8969,32.528805,47.460842,3140.413,-11.296448,11.448504,2.300861,19.410093,21.311785,0.8868134
4d9aae45cae73a7f6320e0cb44d9fef9,80.02739791746681,462.64992467160823,5.899877028784165,48.71065,27.259468,139.59184,32301.584,-18.624973,13.598431,1.1661415,30.801258,21.844398,0.93169594
973eaafb9e2a7ff488c4c8bc64252d48,123.87064270309659,8111.476453649425,32.746797910451484,52.51925,22.472502,41.24759,1715.4077,-17.995045,13.61645,0.64075714,29.591293,20.135324,0.791563
465361cbac1a7e5846dd21fed8261216,104.92129099137293,9924.214377453387,24.89614226621781,46.379078,22.885248,52.5789,4596.635,-19.625051,13.192419,0.7319539,31.33044,19.866652,0.7705746
7e7a1041c09ca0127eb6068616db5f46,128.85641126703695,17939.948225486034,35.68497021528116,86.37029,38.347435,42.17558,4458.4644,-11.403403,11.965565,2.2852664,20.217548,20.118082,0.790252
226514fb86d9ad926d67b69e05684827,126.36014678834887,14232.52548881141,34.79393909788944,93.946304,37.10328,24.55875,473.97177,-9.912135,11.653407,2.2368727,18.320137,20.295307,0.80425525
209cce2ac68251a287091cd564d993ed,149.2018646436462,14573.766835467623,21.525036718262964,57.71781,32.984562,40.53117,714.5363,-18.234568,14.288866,-0.27763218,30.593195,19.604574,0.7504035
efec01fbe7e683b45e90e4950154f86d,146.46175037582233,12521.313130935201,23.356844264867004,63.151306,31.107603,66.60271,8824.863,-16.47375,14.322927,0.5963367,28.658445,19.750864,0.76165247
167fb3807d27ec263e6eadf52d53625a,91.37414531941795,2637.272019713925,14.608694563689568,55.532646,26.784956,51.170727,2424.2495,-17.969725,13.558052,1.1908925,29.690434,19.869417,0.77076733
30d63ccc94f7924e9faea6862ee94291,144.42129642920938,15569.090733707802,35.87835508013273,51.623886,26.870342,93.30417,19564.695,-19.033972,14.670905,0.38182184,32.767227,20.188036,0.7957311
03a4af15b82b83e4bafa8a4c7761d610,126.56696439323672,12167.549404499374,17.978941187724175,36.453194,21.985994,43.83969,1394.6127,-21.375034,13.677744,-0.82274884,34.52659,19.496944,0.7421813
f691e3eddcbe93ac88ddd0b114f8724c,138.56112115810646,11260.599838482785,17.455393264863044,38.598194,22.964771,119.31802,22035.133,-22.524113,15.307548,-1.1078699,38.19182,20.159073,0.793432
560eb7815fa8dd379fd4c65114743f8f,174.4587544970758,9355.571381184523,20.6055551659588,20.636766,17.092026,98.68245,4552.6836,-29.33365,16.169857,-3.745693,49.914764,20.067392,0.7862239
464444b956405517210fd45cc0e55009,97.21247357676857,1196.0440529006694,9.110295826487102,3.2758718,4.0726266,123.39718,4066.0784,-46.181477,18.665375,-7.774253,79.05744,21.747612,0.92342293
bdc44ef2e7bac5bf4a7ef62976513110,759.4659641041998,155305.62033138014,10.693126030470001,0.0051751016,0.013226448,6.943314,112.55496,-95.28067,10.169749,-26.110008,169.08806,21.974644,0.94271755
4fdfbd06e1f926f8c89edbe81f006425,1000.0,0.0,0.0,0.0,0.0,0.0,0.0,-100.0,0.0,-29.00951,178.8266,22.578316,0.9951882
ef4f7724752291ff26b70752db115ce7,167.18327220799327,11288.874035176066,33.15181763609804,10.532416,2.4939516,100.78988,2675.8474,-33.761337,18.420168,-2.8860278,60.04841,21.892132,0.9357994
6cc9ca00c92d0bb32078355a0e1d31c3,160.72557049970248,15652.483675348512,33.70386770310912,24.775684,17.540386,93.92666,5962.4287,-26.304155,18.17122,-1.4999559,47.997223,21.837004,0.9311117
affddc12920bd5d3bb01c126534f7786,131.09367835974973,8641.74956203796,24.48308311530417,30.78691,34.10742,76.07443,4124.107,-25.12845,17.65937,-1.3059897,45.29175,21.564846,0.90806323
58f3f44785e4cf8e622109eb9a7c300f,309.86471671065186,35488.10649973456,38.70649205282887,86.05688,73.58431,110.06385,11484.184,-17.86523,14.784423,-0.5743203,30.791328,20.007832,0.7815796
ff74082cf6faef1d232c5cef77827347,240.26607163676533,30319.030543193247,31.22623117306506,51.125305,57.056984,125.37275,10585.949,-23.119753,16.276096,-0.7091193,39.399345,20.019487,0.7825449
529c33b619d497ded4fedf59a013d010,300.00699130468735,39366.610753160574,39.96538267349539,64.27928,60.216057,48.434196,2190.23,-20.86205,14.843257,-0.7509678,34.690205,20.133137,0.79138404
96760392c338be779186e202a078b161,234.9895665651516,27375.524654015448,29.450024600760173,51.35629,52.49979,45.733196,1141.3605,-26.174658,17.096035,-5.4005046,43.841324,19.44422,0.7382088
6532eab54356a191d86ec7e331141801,278.2968948532501,20264.137133911787,32.837097990734144,62.23698,49.496803,43.133366,1243.5447,-21.268702,14.99775,-6.3183446,34.73143,19.67512,0.7558218
1aedece0a610c11e5b53137af1243329,168.50030994168665,8657.134861677234,25.897746175515756,45.432503,38.83529,42.644627,2076.4138,-22.807789,15.09136,-3.6426275,37.78481,19.48261,0.7410915
fa08c8b4f5531fd17ef3afca734222f8,207.51381007176,12013.383488580492,21.441917834398183,61.998352,40.706234,41.059963,1439.764,-18.183891,14.379606,-2.3077052,30.12983,19.44265,0.7380357
d9e76f515e843615d846b1718f41f17e,123.41373003884333,6963.116572437275,24.680745705343636,41.34918,33.01272,33.132893,969.8455,-20.277739,14.961257,-0.66457665,34.23773,19.865181,0.77049136
f88860cd6483f7ce548550759b7fc8d9,109.89467149629384,5891.2678406367095,20.457955915534292,35.95096,27.55983,44.89115,2190.553,-20.731232,14.775245,-0.12819041,34.037594,22.09303,0.95306796
0ab03da149a6dbcb5c1ce2721c496a5f,97.2497448803412,3932.421235710353,18.74885211576391,36.729187,29.416973,46.855927,3339.9626,-20.011187,14.534396,0.3274876,32.58286,22.201136,0.9624131
445dfe2c0ca22ea54f44a444ffc6af54,75.04724326389031,380.350657330349,4.835024357452919,39.11301,25.260134,51.909645,3190.6313,-17.588451,14.351694,1.4844984,29.2043,22.103245,0.9539396
8af68b60fa9acc93983a63c60bddbe05,87.44572159454461,2077.710844745805,11.669787128184822,49.864407,32.443806,55.4005,3534.8489,-15.61594,14.268384,1.2599612,27.268976,21.014769,0.86224395
b97f7808fc1210f343011f4dfecf203a,110.49390377149147,3674.408153677207,15.828682620179212,55.03877,34.12221,71.62496,10393.363,-14.778916,13.610699,0.433579,26.100542,20.573524,0.82645446
0c0bc05aa9e29cc613c14473923e2e4d,120.90085182062653,5500.09998691795,25.91762463596633,57.233067,32.97831,78.965126,9061.618,-14.120073,13.636921,0.81132084,25.25761,20.42428,0.81448835
5461b2bc4566e8b6223cd8053a53ea0d,115.76686714960823,7115.683424275996,25.853975013499046,54.78711,29.438814,63.70011,7967.5303,-14.012379,13.438458,0.76804215,25.06773,20.576096,0.8266331
cb5213ff06dcdef2a216868c31e62ddc,115.66185983477453,8217.88527342908,18.12025171279748,59.944405,35.551407,34.574623,1251.866,-13.784759,12.775433,0.7744474,23.662582,19.64237,0.7533084
aad4f7d453b52dd8a6b7b3cce85daeb6,134.9378891750693,16481.22615631556,37.91096537049337,74.26801,35.425434,27.266209,1410.701,-11.144821,11.331509,1.52224,18.256289,18.85823,0.6943742
de051f983b4faf5b361e48ad80a568cd,109.83461386469897,8158.442288880712,24.33921686806409,56.727165,29.757378,54.732124,10376.207,-12.530594,11.82299,1.3458627,20.73003,19.11229,0.7131876
bb9b702e3f5232ff51c665fd18a6b778,128.21202361695404,8683.051737389307,9.38030297475245,23.893642,24.893167,140.03677,13480.112,-30.600344,20.616125,-2.6991165,55.138817,20.0158,0.7822639
275556df76c38ded6a1109e78e30e58f,144.75358659657468,11259.512458069414,18.67548287516825,31.248428,35.644306,111.29298,23827.332,-33.798748,18.352634,-4.244392,56.525623,20.160093,0.79361016
a56b78f917e9f10b628ad0604bb71539,206.14687561658266,30571.772078246795,45.15180262486715,42.347862,33.641056,34.37551,1142.5397,-23.57586,14.228945,-2.5619395,37.70248,19.429514,0.73706335
30f738ed5c16dcb3a442201dbbfd56c3,91.14977205702375,1324.3548601488114,8.42733877766586,52.342236,36.66057,35.15083,793.57904,-13.219593,12.779192,1.4121822,23.034945,21.676697,0.9174197
9f4dfdd16f9f49256b1ad1d908b6becb,77.00584817197576,472.6495121759965,7.541222866806058,62.547832,37.240444,34.92413,2129.6177,-9.964649,10.568836,2.383087,16.802195,21.931541,0.93916965
3c02aef07473500a8fe730bf9977f6e0,217.53850598445788,37102.2794212857,54.883597429275596,105.99236,66.95509,59.588936,9224.093,-13.960087,14.308778,0.9519675,24.787207,19.65268,0.754122
fee5f65fbdc5ee848cca947370a37a5d,226.66759673196776,37096.44664271781,55.530097961994294,93.69784,58.059784,36.65832,2692.241,-16.581165,14.346181,0.010736842,27.481262,19.91867,0.77470076
6c2391be9951d5321eeddd14181eab1b,247.7607114232076,27082.424894417472,53.7092816903159,115.54644,64.43059,39.37005,1970.2211,-14.515478,14.279149,-0.11812184,25.192305,19.33674,0.73005766
36b41817416e5c707c9e25920e51d1e7,187.73118784996743,29687.01071565033,46.27118587639702,95.1583,54.13422,29.803707,2065.153,-13.059493,13.332763,0.5893278,23.026005,19.508326,0.74305433
4732b14560d241887812fa7576f98e40,191.05567862708693,20074.21729236614,36.68057090077279,78.798325,45.845074,26.938412,691.1277,-16.010906,14.37046,0.032386217,27.051853,19.509184,0.74309635
53e478438db494a395460080b2b425df,124.03138648889723,6366.445135969383,23.739710671322516,69.950645,38.441074,34.10494,3408.9424,-15.431004,14.083187,1.0978861,26.39052,19.253754,0.7238203
7815d80a9b5c5c987587c92b8a71a9dd,102.9260448229632,5352.464242634087,18.0395441751407,65.03078,32.151962,63.594593,15148.733,-14.923983,13.557395,1.6090508,25.214546,18.762285,0.6873254
f99d9dc8121e76e3c56db87b7dfd4dd2,94.02912972892463,2659.5698417240023,16.869581082053447,58.505447,31.43031,38.910965,2516.0432,-14.610675,13.179098,1.7091012,24.8676,19.498898,0.7423534
bcc1a53a91c58732c2d5ca6651c5e21e,100.67138656589384,3150.6578963521056,19.383502942744148,67.76051,31.900713,22.187029,1145.0303,-13.85285,13.19313,1.7918435,23.724903,18.916904,0.6986819
93d1dfeee294399a74231aafe5ef7be3,84.71048404813352,766.6180087194848,7.68692198211533,34.585598,26.456097,78.10861,10455.661,-20.70206,16.414635,0.91330576,37.39784,20.728922,0.83896446
ccc106a8bb22cb1332dca7378b069b8f,81.96085741733904,910.8547892306201,7.844784892931554,40.29127,30.248781,77.83356,15065.042,-18.486837,14.015855,0.7224493,31.067093,22.022165,0.9469654
2ae8214db4c2dffdbb61ca53fe73ac3f,79.69864542444277,810.7399338932676,12.661190456290194,74.840805,37.23439,30.0334,1468.4325,-12.656696,12.005168,2.182879,21.373291,22.051636,0.9494987
0c5aba3745406b63d08c2ddd2b77c7ed,78.43644651356541,859.8945965965901,12.0937267727449,86.014046,32.73941,20.29073,862.4189,-6.915924,10.091504,3.0227728,15.083319,22.221245,0.9641235
65abb771d9286dd8c257868819143ec3,89.98586720018926,6816.596075306556,17.273463315776915,84.73602,25.039232,109.88436,37263.95,-6.01577,9.345914,3.1390882,13.565,21.922955,0.9383929
799199e9e823fc88c6484c48cc634b2a,89.43812131435465,4555.9505256572875,16.55811507562512,61.37956,38.50558,37.1192,1919.4537,-13.451588,14.677957,2.11019,25.68898,21.546036,0.90648997
27a6b5bb6d412beafe50f45a126154f1,332.1740219092872,32522.154980000836,47.39636663291427,93.15088,69.59654,149.41006,40529.508,-18.11221,13.9210205,-2.3891082,28.441069,20.586088,0.82749945
c42bc7b649b7b15a4dfd474d17d29a8c,255.95840920409006,22986.71742281842,45.53484774353084,65.16667,45.403423,25.58386,984.107,-20.184553,13.408253,-2.5979824,30.815294,19.791546,0.7648477
835a95c826283efbbad72a71a54a6346,330.73186335249153,47265.99636672158,57.181524578769555,125.03418,57.576633,54.35121,6888.9844,-14.528326,13.748548,-0.5990473,24.21188,20.062849,0.78596276
d226aec5b732d3e92c27887c3595ebd3,168.05543134526533,11024.122796171976,25.63974293187483,86.11108,45.789978,102.618,19809.13,-15.8895,14.221817,-0.48993334,27.4688,19.616932,0.75138974
3247f2e74d377732df5ff9c1574f59e6,149.43173571818593,20279.210925968044,35.346242815499664,78.26355,48.37303,37.796112,2721.2283,-14.323255,13.438183,0.8208088,24.344019,19.256586,0.7239992
863249b1a78099cf0ce8f82a8126036f,112.0761829372289,9258.36148137708,28.7714082675728,74.598114,39.394833,21.308247,916.3131,-17.210915,15.07832,1.5130757,29.712858,19.567396,0.747557
f35dfd2d478eff6ca43e5fe0b78b9284,152.46849501323845,15797.350477570331,34.8228754495998,95.78322,48.423,22.101559,798.33215,-10.465998,12.392563,2.1724641,19.863205,19.59874,0.7499196
b42933fa91dfee17d67f40b99402a55f,111.57866905647477,4581.9530700638625,24.58953397716228,81.948845,36.539417,37.554974,5418.332,-10.512788,12.560872,2.1167185,20.774355,19.807404,0.76603156
6e4f7632e5b4441fed77993addb14e7f,77.42994676426397,366.74758108928563,6.5653716456428315,80.46692,28.931435,16.689934,592.6601,-7.1474586,10.537161,2.7794142,16.562862,21.677977,0.9175349
92e17863ee7056430ff580fb861f814d,80.5415751465109,455.93251851508035,5.295695147993036,77.96254,36.109985,28.24955,758.02747,-8.913373,12.783943,2.7118042,21.428318,21.63685,0.914073
676d324ad4dc1b32abbc87ed6b20a615,103.96900419022977,2801.816120456831,8.814493224452377,10.281763,7.5468826,257.39212,9841.297,-36.53363,21.37132,-5.4865046,65.2537,22.318981,0.97264576
8e0f054914b28df42369698fbbb222f3,303.79855000999544,38266.314791360324,60.2405664738799,33.300175,29.511885,169.25475,10080.284,-27.667835,16.003445,-3.4176447,45.17568,22.087234,0.95252836
84a73546fab0f896655efa0e4cf44b1a,281.99170402717465,50171.02524901895,49.34026617574129,33.5173,27.98166,236.44533,32260.129,-28.833754,17.184593,-3.5358808,48.399197,22.01081,0.9459365
c719f7c9577456f8e534609adf50d6b1,216.30108409726932,15405.665814734026,37.59145867087517,35.719437,27.23007,65.77875,5527.4287,-26.357815,15.274554,-3.1484125,42.306816,19.154207,0.71626824
807748a04afcb27ed45745a24d8060ae,215.5202971953701,24441.23175286257,34.237839247603006,40.40046,26.832111,50.436058,3383.375,-24.089132,15.14874,-2.9938269,38.824272,19.449387,0.7385434
44418a7907a9ff60159670a91fdaa286,233.32025578136478,18906.258393883687,33.814458455708866,33.079685,28.337795,44.8835,1457.4565,-26.549835,15.025331,-3.4845424,42.501987,19.295599,0.7269236
a134bf910ed5775f585be176081841f8,173.11564320829854,25367.444726847436,32.83077307692566,25.407553,29.469847,45.54695,1954.3556,-29.038286,14.9991865,-3.2303429,45.24303,21.7916,0.9272161
7914df423a81b34c3aa01020bc87b7e0,139.34102469380875,15031.659667431977,31.082674996439785,24.936144,28.259773,85.50694,4370.1016,-26.971176,14.763027,-2.945328,42.571526,22.094446,0.9531927
5cd6416527abcb7151ede7802472fc04,221.57877013913009,28751.483772790358,47.870664567397796,34.062515,28.785137,41.899372,1132.083,-24.214718,13.62877,-3.1357071,37.428677,19.662413,0.7548715
ab5528da81d8997d52c7ff3874a0cb1c,244.25905569001057,24102.137603053532,44.19064524053058,42.834187,29.226696,28.635506,784.266,-22.937672,14.304978,-2.953012,36.180424,19.545475,0.7458863
4844bbde4e2764037e729e87d120c3f9,243.23743245300113,18507.011928260177,44.23645654011932,40.59239,28.90332,47.28597,4632.4497,-23.578491,14.189887,-3.3972466,36.980453,19.537127,0.74524534
d51bacbfc01f8f4d9ede678f6b009267,213.40686752970757,28019.704193731253,60.53372012576361,36.953728,30.97649,60.32887,2498.071,-25.564186,15.349506,-2.96443,41.483906,19.933577,0.7758046
6555e5a4c3f3e381e6273caf45d40085,235.26512697857714,49777.25081699124,51.90125276406732,40.371555,31.220358,87.55623,2957.5247,-26.624825,16.549795,-2.1147408,44.4974,21.9748,0.94288564
6ba9f7c857b74bf1cf7abf2853d94953,225.45043172787013,35024.8528067548,57.23918979873414,41.82705,28.838203,91.697044,4477.1655,-23.975695,15.946744,-2.4938395,40.27056,20.940437,0.8561695
73f84628ed8eaf51e7ef6827cd710843,250.8368771705553,22459.36412542549,38.705160305792795,36.834778,26.512735,36.892242,1559.701,-24.26664,14.347027,-3.2914264,38.34579,19.427904,0.73694044
2e8efc2600988def8793e6c8bda9de25,252.79676743632317,25609.27440699382,44.26397368521699,44.6681,29.558044,30.669353,947.9288,-22.115547,14.30748,-2.8722315,35.121456,19.468151,0.7399858
16d5e1cbe5bba817e053fa1f0895767f,244.06946412675654,23932.54893011318,35.92206769253004,45.636517,29.088758,29.883244,715.63086,-23.28773,14.353385,-2.7068348,36.649036,19.537235,0.74526453
79b9c43e08a24c14ff274bd8f8751a6c,230.76108432760154,25126.902926165847,45.35880326271793,45.54868,29.828112,41.306103,3465.8145,-23.022072,14.5482855,-2.570822,36.846436,19.5767,0.748273
c0021af17fe517073fb9d4d91bec0a23,161.21570621424942,10107.784375210986,32.552206107611724,37.78078,29.012297,40.506912,1772.3973,-25.765757,15.111893,-2.3455434,41.6046,19.573084,0.74800813
ae4e3debf6356ee4540bec6bbbcb9611,189.87854508277323,14400.38163282279,39.26400084572815,37.80766,29.597313,60.28069,7948.48,-23.720358,14.15137,-2.9292443,37.674973,19.64358,0.75337636
20e2569a430130324e25ff3962b95b8e,259.24411741233774,23324.668640477037,44.497922311899615,44.19465,26.403984,31.34353,1486.8333,-21.339367,13.763971,-3.2283752,33.857273,19.458103,0.73922765
105d5a6944cf98fd6880b210b1a5d357,166.22430049396513,10955.655207442556,29.735885482016375,34.42215,25.587616,58.65122,3661.1184,-24.840338,14.909249,-2.85424,40.090668,19.382841,0.73353523
b08ba0d0820dbbaa47b5cf6ccfe7a087,228.3948282033414,36795.867526169946,53.29632077574597,43.65427,28.889214,71.84844,2322.445,-23.8307,15.473168,-2.1737425,39.687893,20.816002,0.8459828
3186e5e41f076d39b7b6079d27096799,253.02063613065016,49779.7024617918,63.58404431567364,41.887276,28.507326,102.697975,3443.8682,-25.642694,15.95066,-2.3061974,42.339687,21.998716,0.94491464
eecc9ee53435f4718493334c6a13e53e,286.0607810377756,40053.310372036474,52.71527776314773,35.34833,26.183666,169.56122,16303.323,-29.007854,16.610409,-3.4718027,48.02598,22.007565,0.94569266
a4c9863379a9cc066b8552adfae7f58b,596.9084111218496,147426.74367634233,19.45488476609066,11.015118,16.22949,105.68625,8643.535,-43.725338,18.163818,-9.719478,73.98235,22.477804,0.98650587
4b55999c44121c566b6d897a8fcf26a7,176.7807297072519,20055.354744845976,37.90694482373923,12.211497,17.532501,70.55681,3862.3445,-44.249687,19.944056,-10.710009,74.215256,21.613756,0.9120741
e58f377d321174bbd321b0d1f6e10ab4,147.2254559565475,8374.39873441466,19.52826274965736,28.34187,19.429762,88.65451,3088.1804,-27.320677,18.210423,-3.150199,48.84214,21.511116,0.90349346
6c7e0075187c03e556e3b563186a4e2e,162.1794921798361,15925.423022630564,30.86349624309886,56.430496,40.356422,90.53031,2888.6348,-20.858524,18.032766,-1.0089017,39.864178,20.396078,0.8122711
4172deb294ed8cab5eb033e0e919a2f6,202.37476179319162,14366.679283621186,35.070213842677056,72.0005,35.08628,59.039886,6587.5356,-13.9616585,13.160147,-1.2428077,24.42726,19.54446,0.74580586
733e4ab4f161b99bf0fd759b70cf0bca,139.07800615329782,5482.275557537414,16.27722106432979,43.90235,28.781803,64.357864,6020.4565,-18.772255,15.464922,-0.9614834,34.079502,20.130138,0.7911756
2916b610152e56c2edf4d7255af90437,77.78653645691715,336.9619415451254,4.542000174971317,50.98496,21.403461,43.75471,2982.925,-17.722235,14.9583845,1.8070855,31.400513,19.349892,0.73099935
d6ae5c6435d16901ca230869db2d444d,167.54083221831758,27527.931609852418,43.96433811801055,77.960205,40.977913,78.31848,8785.318,-12.963759,13.905145,1.9690762,24.536585,19.516241,0.7436238
4e798598744fb3b3c34d791cc2c11107,106.79004005661471,6663.117345939316,14.927012362419115,63.670666,30.178764,41.146526,1848.3873,-14.178665,13.857896,1.4783283,25.9724,19.590754,0.74933934
02d1c82fb0c08c3cadb8406efe7310b7,91.33367085716783,1910.5808454304201,11.340784864727112,55.35274,22.509554,26.125141,519.11224,-16.60311,14.577814,1.581888,29.653526,19.404287,0.7351457
c9810b738a675b4090495a02deb4be9c,88.43106281394243,4246.408222306883,12.919189544864455,38.16757,24.984951,129.87367,13693.455,-19.54108,17.04881,0.50132555,36.96395,21.163052,0.8744503
2d9673609f38d38a42988c1bbeada4d3,516.9947833280665,140642.45349285024,112.64228598651826,76.85963,37.996353,121.141174,2482.725,-17.31778,17.41093,0.56285435,34.579998,21.676111,0.9173967
8aedc73df567f8dac9a0699812d34a80,272.8077923105089,114134.21373894556,42.05051320034697,73.74254,40.685955,74.7507,5583.1914,-15.303325,16.06716,1.6356126,30.156229,20.025467,0.78301674
dced7fe31b043f2e1d85028af183a2ae,90.87787823319827,3179.806194417435,19.479288110697407,70.668724,34.295933,45.96644,3161.2947,-16.420801,15.568871,1.7114149,30.546139,19.3494,0.73098195
45aeae0d1deaf611dd634fd8011894a2,124.66388238249144,7680.908257749643,27.378336297458155,85.124435,42.166653,48.32837,3475.509,-14.038562,15.490558,1.8451046,28.28491,19.782545,0.7641228
34d346466a170e674aea37b4e928dd06,134.99085887947192,25574.17496926667,35.881576783761325,86.94857,34.3735,43.17987,2757.0737,-12.344309,13.702496,2.0862546,23.203085,19.117567,0.7135677
c925dbc66856963895a2414c96aa41d7,91.19526810061267,3156.9778084727423,13.539586266603559,76.36953,31.537495,50.80606,5421.3574,-12.991758,14.022653,2.1518679,25.031458,19.410944,0.73565024
8b000c804f7ce53041469209881a6495,82.23514275391352,968.1946454118596,6.3095364504952665,56.391052,24.577604,28.766972,607.80676,-16.952492,14.610182,1.703135,30.059206,19.354195,0.7313576
0f6959c97f62b54e7ddff75bd46a866f,71.88481130734046,163.4278916228578,1.5151234688994732,28.01084,18.855253,123.50409,17971.047,-24.692799,18.938526,0.73329806,45.708908,20.871166,0.85054743
536c1fe7df2e1bda76fad77e33eee35c,74.56097856842837,912.7978230936639,6.608930384938649,27.761015,17.081871,62.511906,5190.403,-25.410776,18.689579,0.77747107,47.068523,21.398779,0.8940793
67c8cc1f6c4ae72efe3a13bffc4e1844,79.62705253799061,1411.6631424011694,8.633209625499969,40.44222,24.756628,51.415092,2799.314,-21.280111,16.610928,0.82382214,38.710655,20.148874,0.79264736
259e31e38fcdbacdccee268a9aed71b7,98.49735722070905,3243.410867184987,8.345047793826783,58.62121,33.926502,61.540462,2426.988,-19.454393,16.13966,1.0942944,35.012405,19.716982,0.7590401
5641e37d2bef432b458836b19066e332,109.22940871647035,6747.712527552152,25.487832502766583,67.01398,32.331562,41.596596,1801.7489,-15.492548,14.519497,1.6748434,28.376429,19.578724,0.7484377
1c006c5dd6d88da50ad84bc766fc71f5,176.7104982173891,26348.873332409174,39.07137382917444,93.083305,44.970966,35.287308,1709.2555,-13.120005,13.961536,2.0945845,23.834038,19.793678,0.7649469
9d1809c2bc7a330e505ba566566d8535,101.77004654827448,4443.137437486874,14.834901983495351,81.31021,40.522655,48.961708,2622.7747,-14.859949,15.107663,1.6666174,28.297401,19.572918,0.7479561
eb9b5e2beaaf5bfc5ccb71828e738c2c,84.78251999092416,3687.4753435344433,12.185821737908086,67.74901,30.464108,23.541912,539.0432,-17.49404,15.136107,1.7481397,31.368979,19.604298,0.75039846
c4847936c6ae4bceaca4c6d26f10b400,278.909693993214,128466.20147415048,68.50281891491166,56.18879,28.30096,81.99201,1728.5381,-19.029985,16.545006,0.9313168,35.394344,20.979452,0.8593502
4b50bc0166d6b95e2bad241d5529dfe9,427.6864642991034,162565.04261550368,101.11484478525806,57.119366,30.28581,123.10094,5239.947,-19.496939,17.368729,0.74011445,37.017826,21.598751,0.9108749
b977f81885da16329a0333293dc125c0,236.83657503846567,77816.87363365531,101.42373906321222,60.99821,28.459986,84.656685,4700.4277,-17.90873,16.977386,1.1078737,34.534767,21.726744,0.9216947
b9a9fc30d0f716e6d2b4a282b95b0d36,290.85193443364807,94126.70253030234,74.90370632907397,61.81827,32.672497,117.921265,13921.938,-17.033838,16.518806,1.1594788,32.78386,21.874342,0.93428385
71a7803253f47f88eaa885be24b12081,451.5271492804229,190296.74308794818,94.76816680584561,76.327065,35.96303,70.23262,3676.7175,-15.70339,15.996413,1.9580755,30.2917,20.422518,0.8143416
3b77cbc2d7ae1e3c7fc409d450e7ff77,123.90193731033823,20254.168340849294,21.91538050746957,67.42446,34.16397,56.529774,4144.0757,-17.151754,15.70255,1.784477,31.700306,19.866371,0.77055097
b8ee7c9051fe39f97ef805eea5726989,113.45366923576165,12053.528346781693,17.201370852041844,75.846596,35.968086,59.54932,8338.025,-15.730295,15.06107,1.5524291,28.935482,19.555359,0.7466026
a4f580e2b9ff5cc6fd55cca505dd167a,110.77821185161368,10094.608965825284,23.363815390002312,83.82303,36.37619,31.858738,1749.2142,-14.054589,14.194735,2.114931,25.993416,19.491047,0.7417536
7fc727e0bc82e380f033eff94162e326,100.52196563704628,9728.478131513555,32.80002500894277,84.71012,39.466488,42.876812,1596.3613,-12.82247,14.291761,2.282118,25.277292,19.264114,0.7245639
991ea590a6ac814c4ba40e792b36cf26,74.76602274146904,302.52725209805334,4.491877009337238,61.769844,26.487106,41.281258,2829.4668,-15.720221,14.394834,2.0446062,28.444298,19.454432,0.7389698
061de92c26b41edcb464ad375c186c6c,115.85459005800962,15293.23753107429,25.74542585023405,80.66607,33.07599,32.67288,1203.0813,-13.043825,14.221515,1.91718,25.264908,19.50377,0.74268204
7e80a5b6aac15af2d18b594b0c53fe35,102.79252339332093,9250.118977582968,17.891144624336736,98.22471,37.585266,46.56747,2886.47,-11.443626,13.940931,2.037147,23.366013,19.630047,0.75232494
7aacf82bccfdeda0d8d38a50b556eb42,76.72654374682345,586.3329649750721,6.5161463399410415,65.15242,30.076696,37.215454,1801.2997,-15.227871,14.908249,2.04229,28.849161,19.409073,0.7355098
c308ade44f7b9f304fe78af972ca873a,91.61271668280415,1537.9096499319876,6.882880248216093,70.225464,32.165714,36.220695,2154.7346,-14.651274,14.41874,1.835226,27.41177,19.523304,0.7441798
50bb6e0728d79a7382b771b3465113e6,87.34016788651046,3225.7936466787733,13.637492883331738,75.46493,28.486483,31.124197,1166.9423,-12.09437,13.677807,2.209546,24.155128,19.437937,0.73768103
18c5ea4ef9a8bcd7531836f04c205633,88.53982756760601,1229.4667199026305,11.204332085626381,82.59221,27.286003,31.718065,1675.6438,-11.556317,13.775206,2.5017514,23.940111,19.709423,0.7584131
e86db3516d04139360dccd13513be843,101.15698427327777,5631.451471884161,18.020573563573,90.30636,27.355387,25.725166,2418.1836,-10.139136,13.306912,3.649983,22.544,19.637312,0.7529087
c5232ee68d585af07f5b2d600dfe6771,89.98280041997417,3427.8298316516893,19.25918521825384,92.92553,30.91529,52.5151,12468.295,-10.321955,13.560724,3.6732872,23.02343,19.642694,0.7533032
8933d7681d3dfcb390f20e403e18c032,88.15478984454214,1769.0952453019252,16.72701477008396,87.87362,29.78458,28.173876,2668.5215,-10.996771,13.299279,3.5363674,23.192898,19.801117,0.7655155
76a3398f7e571ff6fc7fdf5caf8be54f,127.4952268246519,31851.329546950485,22.659849679925976,88.3682,32.333412,24.05803,1125.213,-10.996852,13.971018,3.6623285,24.153246,19.572882,0.74794596
5795b1faf893fb21e8102f9b0eed8542,706.9891184047256,184829.68195355454,7.538506678880803,1.6493528,4.6444426,36.579983,2527.277,-59.530426,14.235471,-11.6095495,93.7286,22.228508,0.96463996
5a189c844cfcc9b654db6bd089934c54,476.3275973389088,35211.09567127163,47.82822014015254,48.58874,34.15948,167.4354,28265.674,-21.448477,14.072713,-3.393422,33.025932,21.996706,0.94467294
5cba391fa984f4c1031e8bf1628c662d,269.7044403778912,104098.13958637792,42.05925498749741,54.60537,34.766315,125.98443,3699.5652,-19.282381,20.308294,-1.8945591,41.31913,21.80098,0.92795897
6c78246a1f0b87cf42c49e01516a7da9,140.57247059351408,11713.055189306135,32.76404431127648,62.07745,23.079435,18.750036,1144.7733,-11.771207,9.665135,0.6292727,16.193071,21.547327,0.90651536
7cbaf6d5dc9729592ebc69e3060d6fde,208.30980591063695,40641.4803015129,53.783613789691024,72.095406,26.211578,49.692165,13370.1455,-11.631779,9.788357,0.50862217,15.449529,19.062267,0.70943284
5fc58ed9499506856a331555778e2f4e,132.79461269937767,3297.2323482570473,21.90515554990025,67.742836,26.850859,11.886368,315.55725,-12.433131,10.258995,0.7872783,16.725794,19.06517,0.70966196
85f88d71cb25e3ec0a6991910cadef3a,155.16738206471172,22186.473911559788,36.515429806712916,57.41373,23.610895,23.827984,2128.1118,-12.415019,9.704214,0.1489363,16.682657,21.922335,0.9383756
e33c4b3b6bfc8de5c779a0a79833f23c,120.51742397534522,3067.4880937886546,22.20632697052907,63.352177,26.421553,16.01765,558.75146,-13.96191,11.08062,1.0100847,19.518127,19.985487,0.7798809
25d8f1da7d6e92a5173a4f0dcf6261af,114.6815902724819,3489.4097780742736,26.19947167150621,61.78159,24.589201,31.555984,3404.7124,-14.5873,11.1834345,0.9215017,20.196062,19.440434,0.7379082
b62ddd4900332e8a317a624af7a55605,125.47243166631895,2424.69219346862,19.8737462401023,64.073944,25.092701,11.946911,290.91238,-13.325576,10.526203,0.6026895,17.946392,18.98067,0.7033955
62cbe004183ebd12d5a2436a701e577a,132.13079882659517,3298.250640476679,26.086312499086024,66.07427,24.904503,14.922715,953.9644,-12.775892,10.196242,0.6946807,16.796886,19.336182,0.72998524
dc12dc7dcd63ecc4347afbd4477c564a,239.21827890533038,61174.28898275335,64.49799834457964,68.42865,25.259106,21.541822,972.5256,-11.707739,10.307625,0.8907646,16.270735,21.382309,0.8926889
507bd2af444f5272f1d8ddd73e6d940b,128.12344542740092,2821.234259684009,20.31508549742392,58.64994,23.18973,15.419459,789.56964,-15.45817,11.597916,0.56556547,21.650053,19.374851,0.73294395
e8d5ba989770b37318515a4cde7f2a07,128.2611417455077,4929.2337510182315,27.294200940909004,64.37463,27.278643,14.548958,521.8918,-13.874483,10.815525,0.83033293,18.98802,19.145256,0.7156631
3de8b97d04edc8f8db860248ba2526e5,105.27647614417121,2459.4581645624644,25.160292194430447,57.372677,23.73442,19.962622,2354.9675,-13.88055,10.305919,0.48287916,18.23408,19.181252,0.7183322
b2d3d9c885e1033f4a26877f6252867e,137.75183568596168,10189.527512206183,28.09760435192946,62.75671,26.213646,15.008939,571.8266,-12.43339,9.895102,0.3820261,16.533009,20.287077,0.80356854
b1ca8ce7a52d96ccd9b3211500a33de8,138.80025011154353,20859.435648694474,41.71726400053274,63.533466,25.379578,17.60354,482.79984,-12.671032,10.2681,0.7665418,17.310757,21.590794,0.9101715
e9e8bb4acaae2a4e61485b9ed606c152,108.22027374206986,2210.0410819925755,23.174298017782547,59.458782,23.010538,14.8413925,429.7885,-15.151566,11.2958975,0.76728624,21.002136,19.338,0.7301034
ab31e9713da21b807a17c45b90e538aa,124.18664193114068,4857.392670475077,24.894743841305043,65.02131,25.238367,21.91635,3547.7769,-13.304372,10.681701,0.99894387,18.219534,19.20931,0.720458
5ef240e461a7980b29c2f6f0d2f0620f,118.52159004908135,3022.4961554843903,26.260843492185796,58.120644,23.632095,14.513912,516.8236,-13.744845,10.426941,0.47808766,18.359356,19.229588,0.7219815
911a8786c91fc6efd6944a1b48fa81b6,170.29926057206643,18826.172043525155,42.78504010166292,68.73028,23.297129,21.985079,3171.9812,-11.737252,9.771337,0.8883248,15.340383,20.125021,0.7907536
9bc5f65f81b68c6ae65741dd03d89500,177.76010098239337,40291.44981602552,39.9144932870211,63.508625,26.137587,23.386585,986.9952,-13.303675,10.958699,0.77571315,18.799923,20.231178,0.7991945
8ba6914101c30de841b1bb792345c1ff,106.7034654806504,2629.993699474562,19.70558420864272,57.38623,26.347668,21.6659,1781.7854,-15.101926,10.997031,0.9008005,20.918158,19.495693,0.74211097
ae01820d8784c7aa43159e79c2378f5f,131.99461503699723,3768.658410546172,26.424819443983658,68.58129,26.341505,18.07739,2261.1384,-12.802034,10.518132,0.68096703,17.323889,19.283106,0.72599936
08de6d0937458aaef989b84dddf02791,118.21551843412402,2497.9160470329425,22.59812453776909,63.039394,25.074688,18.903576,1462.219,-12.837385,10.186709,0.6975495,17.077084,19.141218,0.7153231
fe290cb8e398c0353f6fb6ddb9233d4d,146.1525438378883,5389.201269410936,29.94669478647922,69.70584,28.142061,11.365376,253.28783,-12.504954,10.281768,0.6168636,16.775972,19.059635,0.70928603
4e021d76b8fc32ddd51a933ba4bd4ad8,112.40576256901282,2288.836074875341,21.13837608032869,59.799866,25.085886,20.622648,1779.1609,-13.533988,10.23958,0.39209023,18.157278,19.222765,0.72144437
c3dc94a4075455b7e604c5b31bdcc73c,200.51978975583793,36604.475151691746,59.64198589040365,58.07375,46.173733,15.868382,850.45605,-20.528965,16.074554,-2.417874,34.29273,21.859325,0.932951
e7c9e04a0969b6de63470dabfa3aae27,390.2307456989476,15703.21579029529,32.438313071879165,112.6789,66.901,113.34884,10031.1,-12.856163,13.98984,-6.661515,23.418848,21.74907,0.92352724
4ac6148f366ada60c1a0c17a616f932e,327.96107591755197,14279.030813206431,40.788072753151845,134.38023,54.444542,105.025826,9254.412,-7.639322,10.293594,-2.6131117,13.719382,21.355484,0.8903451
2e0d55283448aa0d1c517ed84bdae59a,258.9107431183581,15293.478764947677,32.69486431783685,108.9527,61.472057,57.701107,1911.9343,-9.178949,10.146366,-2.3077579,14.178612,20.618883,0.83006084
334b844931abacb9ce19c953ae09bae6,239.41324846287299,9306.073341630688,30.194102095157223,102.359726,54.368607,63.63885,4550.14,-10.205849,11.801346,-1.9882445,18.134214,19.815302,0.7666404
0868b3a0703d0322f15a2a2b61ed2a56,167.94013055354748,7516.2360527500805,23.11388337383737,71.721146,44.800117,32.23798,986.56494,-13.609902,12.955593,-1.8312261,23.768867,19.419497,0.7363242
ba5f8a9a709eea73570cf68e00992ee6,198.7021020810535,30130.37140095978,54.18803622208114,17.469818,17.980896,117.37341,5465.228,-36.10744,17.954407,-7.8167105,56.006042,21.498802,0.9023882
c3f120e6b1f6217e5c17737ff82fa8b5,103.71757305362172,12226.499167541504,22.252396524202425,25.99338,20.554161,126.308334,3711.1782,-27.598139,20.089424,-2.4183836,47.57468,21.827,0.93023777
cce3f1fe7aaa8aad6b890cde89569ee8,172.61576797281944,17311.773813012405,35.607447074531905,80.1432,48.340816,71.61846,11891.033,-14.407421,14.827618,-1.4235084,26.56673,19.586878,0.7490816
b7841f2b4cd0e7fd68d6795769c72a9c,157.67732689131878,10271.743109994215,32.53390391169973,104.027016,43.59016,13.630014,843.841,-9.711053,11.534335,0.81258905,18.168503,18.97329,0.7028432
ed8d58b3b239bef547b5c716280951f7,185.28397489438848,15055.55234863915,46.56205736216063,105.26689,40.279503,21.088737,2333.375,-9.676999,11.470173,0.35636213,17.60796,19.348682,0.7309808
8ca048c75b302dd0dc5070ea3180abf1,146.62828683678106,7861.955114404076,32.129266276591956,111.28045,41.9522,21.277523,1776.7655,-8.922301,11.613971,2.1166039,17.781208,19.122969,0.713992
ecb9af6ea3b04f95b11e3c1e5d49d001,103.00049924000612,3839.316906214239,21.911413018540305,84.73779,46.65074,26.353035,1048.262,-12.934455,14.351705,1.6377231,25.81237,19.76188,0.7625133
627ed858a1ab5215c4d23c64dd321eca,92.74107267728196,1301.0811674229963,14.0114212517731,64.21193,45.28334,35.976746,2261.9368,-16.356192,14.676188,1.3237447,28.204803,21.058681,0.86587346
a88a7c377d825c9e58316aeaef4315a2,100.57613697971804,5805.817927478621,17.480408116088082,65.0914,43.76222,47.072414,6081.5835,-12.56863,12.272872,1.5957577,21.351557,21.94703,0.9404909
04264ad477853a5503bd94189f8b7ae4,135.48708615902362,4077.0166259526986,24.013353315229324,96.38406,46.012615,52.379463,8202.712,-10.109829,11.754193,1.5795621,18.097267,19.32159,0.7289323
c6f7f27a0814b7f222dc0cd12ec0b825,149.98964099272487,8360.090054619317,37.90440721571305,101.27709,43.23459,21.098585,983.0568,-8.329846,10.52771,1.4676192,15.58685,19.551523,0.746315
f56449f37bbd8ec8f61e14879da91814,140.46763259093575,2254.5386062815105,18.12511599664563,91.03134,47.383442,23.780313,623.42096,-11.791538,12.271043,0.8786197,20.755503,19.255068,0.7238843
ae35e38f26adc22473c767f9ce2b1f7a,193.70428344084883,12272.34376543736,38.50484990362553,100.10906,49.647293,18.690935,525.08044,-11.707968,12.51319,-0.75492036,20.449356,19.163315,0.7170069
63800e40a9fed7e154ccaf5a9f2a7faf,135.29678881821533,8297.869043239378,29.61685681127905,112.77514,44.47777,12.364164,247.72783,-8.595849,11.787775,2.3505218,18.204668,19.087034,0.71129054
f00b91c80ed1011159bf9d749affbdf9,143.39014438781305,8827.676239127006,41.01905459018222,45.249443,29.115122,19.956612,459.14783,-16.211664,13.968447,-1.5757165,27.096428,21.70217,0.9196159
55d971a769a6dd5c189f1527fbc78367,176.36617872888053,29000.3071904094,62.21549433927792,59.624817,43.134556,149.22307,33197.34,-14.556584,12.549776,0.4433747,23.67829,21.758429,0.9243994
9a6d7e40f7648fd0d8079b45e14bed63,135.93123920599547,25384.205578553927,41.57415014651322,78.141846,43.069088,30.789297,3164.1462,-11.948568,12.533165,1.6922789,21.360538,21.917118,0.9379283
123cbecec4d7379ba86fc1d693a28154,292.4092876612058,12134.478490809473,34.92568130628683,116.88332,60.441975,188.02661,48780.273,-10.209879,11.544964,-3.813467,17.402617,20.772398,0.84245646
52d6a40ec624f655d1e4694f8193e38d,330.043860571528,21459.604019602066,67.87447012506925,114.25305,54.583977,108.908775,19571.414,-9.451753,11.181407,-3.9823225,16.306513,20.136244,0.7916602
37ef23b777196a639050f38b99206e30,164.22465193344334,9309.207707000181,31.266103311422686,70.068214,45.501133,27.318228,1522.7719,-14.6334915,13.189338,-1.023768,23.717571,19.86994,0.77091396
e874cadfecc574942828c087b48118d0,162.6366211300794,1880.4832478029082,8.908026841173518,82.49632,43.940758,24.911575,1130.7623,-12.8290415,12.573697,-1.2062324,21.361803,19.723017,0.759503
f69695423c9057f088a5c63bb3dece11,187.9526355644898,11113.788112365412,29.538913556675652,90.4298,53.653877,18.034235,554.6706,-12.551147,12.364524,-1.534679,21.100214,19.127407,0.7143543
1c9d0f3bc69fea5aecbf2f7489db8f4c,143.28370628880052,12284.755114428703,36.17751612117167,111.65655,42.75846,19.532173,1720.1931,-8.643052,11.701484,2.237282,18.025494,19.171717,0.71762407
07a40f9cba77ab4020d63192b91c1474,70.8157289765949,2489.386422916462,13.139057562822467,42.996277,33.4414,36.524178,3217.7627,-23.531128,17.84791,1.4691554,40.563404,21.384521,0.8928537
d5214cf0d2886b7bb741f759b1a566b2,125.41217660078263,23975.914552981256,46.1804308924591,69.27301,47.093414,17.170757,398.2653,-18.673868,16.186165,2.4652126,32.283463,20.020107,0.7825658
715b5e06d148bf61edea401c6e4383d2,101.97886227846861,5234.960163095657,22.998336304315792,75.12637,43.335274,17.557194,882.6239,-10.561201,11.615213,1.9899423,19.08661,21.311577,0.88675404
dd496a8d65e4978c6b68b450fc6ae839,129.48939894993146,3584.0455757687537,21.339298632680524,92.95955,44.39262,23.168665,1824.0454,-11.210443,12.228783,1.700893,19.39102,19.363846,0.73211306
ecf7071d5c2818128459db92170a637b,147.45986125950287,5686.331781931315,32.11577332627971,100.1564,40.086983,17.274317,554.7309,-8.944971,10.699274,1.4906392,15.948339,19.548374,0.74607277
02e15662362e4781a7f137c602f1bca8,142.27171338813577,4605.956801937011,21.673920422824406,86.2934,46.17605,32.279392,1638.65,-12.692127,12.448978,0.3755927,21.652573,19.185839,0.7187135
177251d2de9e587700272a6a7259e8e6,194.4227760274732,15556.834361255222,45.24760475554162,96.14825,46.35154,16.216663,855.64246,-11.181262,12.062989,-0.1534424,19.371851,19.147848,0.7158532
23326bd79c80d9e40fd2fa537a3c343e,129.22777119473653,6933.920722824872,28.21651542800533,111.985565,41.01513,15.429469,780.9608,-8.579721,11.567406,2.2996135,17.822435,19.22596,0.7216951
825bd56056a32e32a1dbcec8fae2324b,187.49151113985292,15569.908511391222,48.20101070769264,118.392914,42.387203,16.504,1427.9028,-8.67484,11.1852045,1.5013102,16.519129,18.925318,0.6993098
7a4f8fc85203caea23a18c8fed4fe224,135.58396622559758,4319.520406162622,26.582486071636048,107.11926,38.832703,13.938562,602.61633,-8.428306,11.181539,2.0603993,17.209402,19.467997,0.7399726
6ee5f9f9ca646c1b6acfaaf8c6a6de00,156.0512575598215,4624.982605487707,18.765976578150596,84.31717,43.286972,32.81814,845.5132,-11.686129,13.525786,2.5406964,23.609606,19.873207,0.7711309
507a48816b0c70534e979128cac9bbee,210.2159595451536,49775.31076670889,63.59828320868795,34.633034,27.910389,41.012596,1975.6448,-23.836952,17.432076,-1.1620488,42.954792,21.477358,0.90070176
21851d0aa37eb6580fa2499624cd38ea,233.90940925397797,25365.315977638285,39.637399101937255,13.248238,14.280426,166.31128,8843.328,-30.598383,15.570589,-9.672207,50.72012,21.270296,0.8833801
4997ceee0a4c90f4609a3072cdbee91f,169.32271164922858,9291.538674756637,29.582294277596965,32.350483,16.825718,50.206352,2362.032,-19.49768,12.069605,-3.4500668,30.493568,18.973763,0.7028815
02152792a4aa7ec4827c10791ec449b9,141.79112126555532,11268.468014090771,26.201471956781262,35.29643,15.859952,36.80301,1849.5139,-17.783682,12.037433,-1.4260439,27.71052,18.770094,0.68789864
d3e6bbe04018b88559b3c66b03356973,93.25890784747216,4669.519690041358,18.358783968088538,44.417053,15.044347,74.56807,8511.362,-15.83263,12.880676,0.42198426,26.314346,19.236061,0.7224114
0bb57289e015ad8a1268833a81d5d471,76.2038003337342,812.4680161658301,9.445007933576894,40.87347,18.681421,58.366932,7709.37,-16.825886,12.803807,0.41880962,27.721899,19.56647,0.7475302
a31ffb76c65831524129cd5e96978881,76.84504986270696,1761.4695186937959,7.208949495022844,35.753662,13.737813,35.961414,1684.2947,-15.264953,11.730553,0.62535495,23.86784,18.922403,0.6990863
b15c9944d9888d92a1c8647804d9f523,184.68247383513022,16394.983081177175,29.285063223300696,30.56648,20.967691,66.632866,2995.108,-25.387213,17.015657,-3.7981446,42.762688,19.651686,0.7540522
5442f33c055108a2c473ba45c3781440,120.46131357343043,10703.088112903866,26.874228590944295,84.94447,43.616276,18.736937,557.42645,-11.885737,13.226533,1.6151301,21.672962,18.896885,0.6972124
53021373fc33d884585a2b2de68dcdf3,169.98391234060227,34038.35342154469,42.591293503663564,77.09699,35.907265,39.278156,3208.47,-13.442025,11.803213,0.763867,21.229338,20.2214,0.798365
d145c736d875ab9de14a9f8e570310b1,175.5318517290283,40838.76481028356,52.700100245365135,85.55915,38.805923,30.740541,3505.4956,-13.238229,13.443713,1.6596752,22.78076,19.733807,0.76037383
c6f93feff0e0a1c1b29f112f0e6f970a,133.95020279010433,10671.248671228144,29.373725474930463,102.48652,33.813774,19.41216,818.1214,-9.592612,12.127508,2.125438,18.045025,19.102612,0.71242225
e25f4833f2846ed20506bd356665e2b4,130.68844635275545,14708.844147912807,38.01055068684374,81.75416,36.482742,27.392847,5030.9976,-13.194344,12.083453,1.4398553,20.757774,19.225348,0.72165656
4025887ca2aeee181185905761fff0e7,129.30463935512483,8133.815821931333,22.0590461132977,20.821762,17.726694,65.748146,2496.4736,-22.502766,12.649087,-4.215281,35.6998,20.99645,0.86068755
70b3a934a4844f89677c14c31fe53ab2,159.65506139788232,12634.200885527236,24.127931197928582,29.371674,24.545809,71.444115,3776.7642,-21.451448,12.162451,-3.8699574,33.27803,20.452932,0.81676763
4638be01e6ea26cb7ba31fbf5b02ba9f,196.59836136052832,9412.456343607872,33.2907848777081,50.683716,28.546898,45.60651,1620.9596,-18.624256,12.615217,-3.4756386,29.055908,19.378214,0.73320454
941c8b421b206e9c89581bc50ba76a8a,152.2333972225244,10431.723862242161,35.70168291461267,96.02611,37.29532,15.708502,691.2279,-12.51122,12.930745,1.7606813,20.973785,19.602978,0.7502631
5964099892aff99428e7dbf4a13b9144,133.7055365760368,12477.224073763868,43.6242676846115,90.993004,47.833572,20.785595,1192.3636,-14.250637,15.331611,1.4982338,26.948687,19.033339,0.7073064
90ed868b3057e4d1f19ef8550d0ab683,133.6419119468828,11297.418360278789,37.845824658397525,104.41478,43.01545,17.67019,368.04895,-10.463999,14.021616,1.8766043,21.780884,19.321579,0.7288579
476057995e986449d9bae0bcb6a71141,197.86422451566122,33785.191982863595,56.22291771725815,112.99797,48.631294,18.243721,1690.811,-9.947544,12.849734,1.8806664,19.677717,18.806389,0.6905343
4f96220ecdc2e474f8bc9640659410b7,218.90781101080017,22913.83099406751,51.7851174379473,90.521255,46.780464,16.41309,445.7574,-12.298034,13.017472,-0.081573196,21.598892,18.926691,0.6994014
12b7d7080774f2e0ed7c287e1c36bb08,112.31013321710536,6991.798448721993,23.341641065136994,56.809452,35.542915,32.1122,2422.264,-16.216108,11.930207,0.5740334,25.362503,19.080624,0.71083695
3551100048fe85bbe147e7fcfd542f1d,138.27320650298884,12458.155504619142,38.86547503013506,55.700996,30.167791,28.40877,1551.4866,-16.706903,12.092882,-0.23519471,25.816843,19.145502,0.7156557
b974b4e576fd9660fb223f52692eb209,136.49659099832226,11220.230317824833,50.92862161412573,15.997779,15.036444,28.210531,1456.5781,-29.924757,14.547365,-4.668949,48.293056,19.744007,0.7610352
29cbe527e4b7d462c246622cbfd4f142,222.6528636085133,19518.9940419694,72.21038184551387,31.99023,19.960226,37.39492,1836.8871,-21.962978,14.638734,-4.936131,34.171074,22.10207,0.9538084
806df01388e36900e90299032e2f3558,357.69446146079923,18078.87022387731,52.2264402777553,84.33376,43.44199,66.21194,12114.531,-18.129478,15.447491,-4.0730247,28.564816,19.52077,0.7440283
35ed679b13138a200699cb5445b08c84,294.54719376453085,31828.632053211568,51.711108421482045,80.60634,43.740692,58.08583,6321.55,-18.01036,15.542972,-2.9456296,27.969097,19.062117,0.70946854
a0fa91eba17b63b68ff5a75c8c0d31ce,169.65087435304375,18142.374553926344,36.30352066159104,106.33575,63.137672,140.19531,41187.04,-14.676742,14.448672,1.4414607,24.695774,20.060802,0.78575313
3106437e1dde4770eaa0cf2a4e8670db,189.04395371529066,30196.88570709243,53.23769692582839,101.630264,64.36068,65.85138,11623.522,-16.832392,15.14895,1.062514,28.566813,22.240301,0.96584266
c242d324056bbda90ea116b117edb6ea,281.92302974496533,29221.592975821353,42.487252409392624,99.24674,53.341892,15.075575,371.64673,-15.441108,14.31074,-1.269368,24.708012,20.253687,0.8010033
50c446fbada821a3f5e6482a33a4f20e,333.9803658961655,19092.183086729765,46.70935290227713,80.828735,39.156044,20.780962,790.27057,-16.052074,14.944196,-3.3810868,25.655376,18.706778,0.6832288
db079d6c5113fcf8540eb4694871b318,208.33758718761177,29579.06274157711,38.44369038162608,101.30375,56.501453,58.6756,4007.9922,-14.943129,14.777903,0.4649299,25.620691,19.428408,0.7369475
614bbd10d88b777cb45e243b86c3b038,159.7659955292311,23039.29609223058,42.56906283144825,100.31434,66.55497,135.58273,17066.951,-19.537315,17.499895,1.2781812,35.086765,21.703714,0.9197641
9f5463e4a0c3e603d4dca61c94abd385,232.3829190429462,29919.647700142854,58.07328587906186,103.22904,60.11321,35.44961,1967.0779,-15.282986,14.207386,0.23458146,24.81844,21.2431,0.8811599
37c63629ee74ba1ced0cde5c6f0f67d3,359.5332062228233,30314.47507490514,76.24563356322655,78.210785,38.437843,17.196096,761.6195,-16.696482,15.0183525,-3.5941014,26.404642,18.992996,0.70429707
c8076f071f25100601bff89bad2f9236,251.99874776757196,36492.962240443136,47.568407447949596,99.58795,51.239555,49.217144,5478.2383,-15.699015,15.202842,-0.65067023,25.790773,18.97612,0.70302933
04a32e5ad8ca6af64ec7a9560956b938,215.36438358182846,34353.171620329325,45.44341126074663,117.80762,64.65227,48.712482,5057.5024,-14.399101,14.695087,1.366753,24.857643,19.389837,0.734059
b73cf4cd1f9144c596c408d532d572ca,230.36618466205752,41577.91231396374,63.3757485036768,123.23608,61.629818,16.481188,862.71924,-13.491301,14.313718,1.3730911,23.178314,19.05683,0.7090431
7e928657548232ec5f6c090b3f2b905b,213.22121248773485,25324.119701974658,46.876013182767,118.69086,58.905617,43.713234,9900.766,-12.840691,13.657834,1.3723723,21.693518,19.20217,0.71990967
0c105987867115525d3609a299b7a948,290.9565636810063,104079.06457858706,46.908759787097786,84.40051,69.32569,158.1704,9722.83,-24.60839,20.572556,-1.0931921,46.276306,20.144714,0.7922928
f16b55b8cd055e2937648d9719b2baae,220.77262975784703,19560.299300419603,50.622847767561076,26.006924,20.119905,29.713663,2310.802,-31.342567,19.493944,-7.344763,53.280663,19.956356,0.77759063
f58f3bee6374808c63e56920cd299e5d,157.5369692789899,8557.750096114798,33.66976135666263,40.965004,14.005513,32.950092,1691.3346,-15.19331,11.329803,-0.94558084,22.65738,20.972998,0.8588076
9fc5cce5df79d50bbe3ea51aa8bbd59f,229.73316396470022,20733.43358681783,47.959308478780315,59.888878,30.870026,37.357147,2899.6174,-13.8472805,11.482761,-1.5291742,21.099993,19.928358,0.7754217
88344824f76edbb2aa56326c03ace2df,323.6769674979065,32088.375575509224,62.689644823522244,95.28775,42.120308,37.362694,3522.7185,-12.669428,12.400499,-0.9148835,19.958315,19.313297,0.7282206
fe09144b580773a46b769d2ec82a9e0e,364.57702831534306,26737.391713984307,64.83143810107644,91.783646,40.795883,12.436514,319.98697,-13.952826,12.760307,-1.067339,21.625265,19.10949,0.71297145
ff7bccf883a641e05172b4847563942a,230.76492106103538,17361.955455621017,41.041177903098855,66.78417,33.20217,22.09372,1297.3568,-13.666112,12.223256,-1.3161967,21.222971,19.56664,0.7474878
7cea225184d60f7e2618731cd3e4db67,188.17858354484886,21151.317948290114,48.785022414445564,47.176975,19.765053,51.270405,3789.7375,-14.342382,11.370742,-1.0173831,22.00459,21.653105,0.9154756
ae78439323eefa098dba0aa7e731cc0f,371.4933795086799,36857.67776517181,45.64679705758812,88.38182,44.552853,56.320312,4351.9014,-14.332939,12.630405,-1.0606353,22.441694,19.973833,0.7789289
20bb323b4678f23b9929095d2d5e775e,310.55566149227866,30922.751445156984,60.04889484553664,88.62743,42.87576,62.77337,4659.0845,-14.966672,13.450713,-0.8665181,23.653622,19.591894,0.7494216
9db76bd6e55da372c63044ecb891c60d,281.0762747242057,25286.109676917404,58.59369229172124,100.306274,43.02073,17.966473,1669.0928,-12.31983,13.116903,-0.7099451,21.030281,18.757406,0.68693167
961ed0ff1a9148987391bd78d0bff112,174.22887346686682,16331.790063761871,35.486823353827425,56.343586,23.309391,35.43936,1666.1415,-12.842054,11.836304,-0.618773,20.608873,20.813057,0.845739
24c4a743b37b40e8c49b078bee9c8c17,254.51102709142833,29093.839366301643,54.42399378858052,74.80362,46.767506,46.923473,2832.6885,-13.380783,12.282893,-0.9228742,21.745287,20.71835,0.83813256
41781e7dafa492ee83bafe59c5610a86,354.01306731075425,38399.592423534334,57.908444362059434,109.76928,46.196762,118.95461,17678.201,-13.264562,13.701387,-0.61361295,22.074581,20.027187,0.78308463
d7b1a599a908a74b4edc20cd9bfea00e,352.3124956118127,24251.23437053168,65.55346407067579,109.35319,44.542526,16.041847,694.34283,-12.529481,12.768073,-0.41444227,19.948088,19.138313,0.7151019
946080e70ecd1b5911088b51d1110642,278.12281959392084,28303.3767010825,68.34592320848351,104.5903,51.138935,35.432186,4940.475,-12.131687,13.217045,-0.7224759,21.353931,19.051365,0.70862484
399eec156ab159bc1cabbb07e7feaeaf,362.75262317385176,24568.6259559959,58.96061848852204,107.402054,41.440754,22.42649,938.7775,-11.797401,12.456201,-0.42545494,19.390467,19.014215,0.70588106
493e7797765adf92b2cad9083c994403,273.3720147345433,24777.392557956926,54.540099119382575,102.382904,41.85773,16.221867,1128.7583,-11.457904,12.905429,-0.5349465,20.449518,18.92901,0.69955057
629543dc2ccc73b1fee365dc60f4e606,271.46603817689726,13141.82499287348,36.94349687429469,68.677124,49.64273,33.708958,2165.0098,-19.580158,16.40534,-2.6711442,34.55823,19.153591,0.71623117
74d7dbd6d9720500f2d36a5903ce0924,382.45398812140843,38743.70348284465,49.54631361971167,90.2572,40.48855,78.70517,7910.873,-14.760045,13.316445,-0.7189566,23.371277,20.176603,0.79478806
e9fc0d122c302534a95cbc45d512eecd,362.3188875773464,46220.35746037022,35.52239841803541,28.657393,20.849453,73.84957,4045.5664,-28.33113,18.679237,-8.663374,50.753517,21.695112,0.9189109
338e8bc319aab3336a53cea93f616091,279.2758365434247,25730.740315948708,44.08867799233898,36.66421,21.072308,65.66858,6770.598,-22.38895,13.989124,-5.641013,34.21328,21.738365,0.9227061
bfeb7fe798422a1a4327190d009bf393,194.03878682124954,13556.068379601422,43.51785823027241,48.09946,26.109962,17.941645,467.70544,-20.496038,15.958248,-4.168968,35.040405,19.336847,0.730069
fc4c05f4482c4b8d07425ded71c33c15,219.22738562037026,19646.6284866794,36.4467672557357,62.98883,38.76185,19.000317,338.3924,-19.72672,16.216629,-4.0974245,34.198147,19.266167,0.7247611
d012a310f2984889dd7342eb1c039fc3,256.7519344071324,28755.41725039794,56.89487329244826,77.56694,35.554153,23.895494,876.22955,-15.44582,14.3651905,-3.4402251,26.730484,20.332392,0.80713534
da778a1290efc95ef976d57abd050dbb,250.9673897853191,12772.61769072757,50.595713029638226,79.85664,43.481197,23.670416,2851.6755,-16.053364,14.914439,-3.7500553,28.134941,19.30623,0.7277265
500ba155763bcb000e79f026f2b5f36e,256.0909349455953,15265.406168599378,43.778867637336525,77.303925,38.238846,22.248453,718.7647,-15.73622,15.05183,-3.7054336,28.11321,19.004543,0.7051251
b7b2ba335aeaa2a53e145f369ecaf1e3,225.25491388420673,19224.404698668994,50.16422499785259,64.414635,30.73726,17.400213,381.88812,-17.28685,15.596055,-3.4546895,30.997173,19.405571,0.7352403
e463e5ccad7730670d2c1a3e7db8f78b,248.9745747801287,13150.231194596761,40.33302882911938,73.54571,23.670033,74.975845,12456.211,-13.799937,13.852969,-2.9784937,24.871458,21.399712,0.89415944
c39e6a9225a527f4c49b80796045171c,187.48384615168226,5747.224836907857,27.693747683006766,60.849773,27.815828,34.528442,1845.4875,-18.258615,15.85328,-3.6111772,32.33385,19.30209,0.72740626
b217ee15863508a7c2011eb80d9ad443,174.2893393561945,5154.122256997538,19.169506038737588,67.67971,31.562702,41.79635,2736.5186,-17.456007,16.338232,-3.1936295,32.314823,19.16612,0.7172009
a5f84ef1fbe5fc8f161089683baf0fa4,287.5816346045271,33935.403286893874,60.400956557129014,63.491455,30.913567,41.660603,2571.6018,-17.868984,15.023624,-3.534893,30.290253,20.70698,0.83714306
f865fab030de76569e2ed2d05ee324e0,256.6942080474501,10881.391839206497,32.72880846592925,83.14612,38.90463,23.961823,980.2072,-16.58338,15.787368,-3.8789473,29.813578,19.082254,0.7109653
8f23109c6954aadcc75e540f23868b65,250.2538439658367,13837.05923214165,39.95062145653584,83.928406,38.339497,33.52777,4717.4175,-17.471693,15.848086,-4.042575,30.540804,18.862019,0.69462985
623ce277a29cae365bec683d47bbef99,232.41722315501988,17734.984662297727,44.39373296313249,70.18634,37.294685,19.201689,706.50183,-19.068266,16.46319,-4.1229095,33.676502,19.092497,0.71171093
02229bae702b24eee54adeafe81f2413,192.24598314062612,13963.224296548155,45.357304017459334,71.113556,34.102303,19.229687,433.49017,-17.466957,16.217773,-3.4960756,32.229282,19.22745,0.7218039
93b7a18c156e507eb43efb71facdec4b,270.4998125193128,60369.809627196446,57.31984457849734,26.943823,31.444431,58.038486,1162.5847,-38.945496,20.98941,-7.6629386,65.096954,19.795372,0.7650008
9b9f13e50f66cbd5406ab22d09008bed,177.3592808083073,3322.6615460345984,21.161654574842533,105.120445,47.69098,26.460247,763.5143,-17.266502,19.645044,-1.5508937,38.58393,19.226768,0.72170734
56ac651c8ce6536c49acb61eeec1371b,165.42801637086882,2044.249143070955,15.123100710470013,111.58941,47.54146,30.35912,3579.477,-17.168932,19.305635,-0.8009424,37.4294,19.416872,0.7360725
7b43e35a61560ee64253f2366b62ab13,179.51347607013204,8387.996654944205,32.33529173860657,113.8951,50.03683,24.04164,1444.1145,-15.980696,18.697384,-0.53453755,35.174698,19.491413,0.7417656
be4b3f5fb6b54f4896db25aa41cf9203,195.555972428091,8517.063818193896,28.19333613277853,90.528046,40.426075,24.08983,648.8427,-18.15068,19.433798,-1.0876745,37.912746,19.18694,0.7187451
ed88bb4285f8fc85233fd4a0feb3a0e3,185.7850224071787,4024.1469051350336,21.379233734681858,100.695625,47.64281,29.1717,2204.329,-17.98197,19.733276,-1.2737353,38.319714,19.478092,0.74070793
27649908deff4f81ad8b9e9bcc683e1d,169.20633811296085,2322.164512888184,21.019317853266088,101.63207,34.29597,20.057022,760.0801,-17.530098,18.934196,-0.627606,36.557228,19.129747,0.71444106
e0a6cb220aa91cd9d0cbfddb7ce492e2,172.39271571279542,4446.076890160817,19.516085860093394,84.492935,43.326042,28.19135,1689.8588,-17.210169,18.932348,-1.0538949,36.589832,19.267302,0.7247987
46db1ed2196bb68d706c07d7d8531a21,210.693674854413,12247.833119182984,37.975435624686675,92.51515,40.130184,22.53903,1361.3224,-16.842411,18.169939,-1.2458059,35.424072,19.39465,0.73436034
69582e7d8562a5f901ec40d0205acb41,192.71235552855805,6515.904667443978,32.15359076603215,75.52356,41.080647,25.515314,910.26843,-18.657335,18.605593,-1.6800493,37.664326,19.472506,0.74028236
b33e58b4fa460358b858cb037130ce53,172.27872307594475,2852.508930658939,25.295034110972136,101.91677,36.75108,19.731346,471.75818,-16.19382,18.430836,-0.54115164,33.990116,19.13497,0.7148247
a6408d82a26214c78c84a11de1ce1edc,223.940633163752,9148.164595283613,33.42520560473917,101.45136,46.162792,33.665314,1938.7686,-14.810135,17.851053,-0.7622651,32.822186,20.42339,0.8142755
d1c2285af813ee0083bf34e8d240797e,254.31758952597664,11818.915810323815,28.006578094790637,88.768585,39.08731,34.594357,1637.385,-18.02338,18.16841,-1.5432749,36.125763,19.432898,0.73732746
09b77e19da4f6e88d7181bbf24796453,258.1076478543384,10137.87410570042,27.49474685811491,94.00995,39.259335,34.57293,1422.7397,-16.747496,18.096207,-1.185141,34.021683,19.369732,0.7325374
c3e085784dcfb379ab38233d81b8b62e,206.2269662010765,6395.8863642584665,21.137974977677644,80.34728,38.48317,26.577488,800.9982,-18.970343,18.665194,-1.1477145,38.32895,19.724506,0.75957924
718ea4df7aa0befa4e31998be118fec3,170.70881787975426,3622.3821820183016,26.427757190358307,95.56452,35.95299,18.670473,1262.1565,-16.02394,18.242603,-0.5071665,33.213512,19.13337,0.7147087
a8933c3792f9b36904553d6b24dc1d3d,179.2509003406647,5665.274573478081,27.617345247217088,84.7977,37.09772,29.198912,3143.574,-17.70531,18.005379,-0.9702723,35.471138,19.654701,0.75427467
a7c4fc97e1eac3fc5dc716c1a9d1cd2a,191.37725311862698,4620.485364673386,25.708621880554293,98.66776,37.219185,18.95512,750.81024,-15.641265,17.990332,-0.58991027,32.70292,19.370941,0.73259103
df0c065752df8329098ec0eef7a50763,183.79853851363342,3563.9917864544136,23.142666211841668,84.99255,33.968075,15.02118,421.9528,-16.662277,18.192495,-0.9566581,34.495426,19.024082,0.70655835
73fb60ff1e89f653e0d3f8467f79d7a9,176.35992558403711,3624.30466103814,24.666790418360808,100.863655,40.775978,30.828537,1828.2806,-15.704667,18.699444,-0.6768861,33.820168,19.066708,0.7097491
2c95b1a118dd7aa5d2214ceb86940638,149.72524090218184,3651.9542374436032,8.70620470720155,23.45182,25.187002,128.2163,12353.963,-37.479084,21.888268,-5.7300086,64.3519,20.111387,0.78973204
aed49094c5fa57d135f69b30883f1ace,177.4724263517331,10972.445844981352,18.177154243401326,49.785793,20.976292,82.498276,4211.9253,-23.053244,20.80254,-3.4946187,45.117027,20.734652,0.839373
0aa293af50dfed70aded23dc22985d92,146.43286291059866,6962.0567821773575,19.263855275238637,51.02131,27.079372,91.074715,8503.768,-22.848593,20.124304,-2.859193,44.989887,20.95576,0.8574383
64eea7813f51bc629dc502da1677bd40,137.912499899897,4991.672321644906,20.93300681984854,80.64842,33.774616,35.74669,969.48956,-21.632095,21.007292,-1.9079916,43.122402,19.227491,0.72180605
f815503511b8e51f0092203105677351,146.98012982704034,4075.8537141685774,27.82693719073732,78.20851,36.41146,65.1625,9338.4375,-22.07933,20.917215,-1.8845203,43.778717,19.514376,0.7434914
eda00ba1e2f551a7a6944bc338593fea,137.4519134096478,5512.360263633881,23.853996728741674,71.750015,33.92528,64.083374,7092.3804,-21.277575,19.923925,-1.5932809,41.365635,20.230478,0.7990747
6c48723018db9f90b4fed1d4950e51dc,168.79842524206072,3703.1901052286967,22.540132450301382,84.33012,41.303185,44.986237,1245.4559,-21.534529,20.806587,-2.0856261,42.75059,19.19413,0.71928096
594944cb9626c5248e4473c81ec4b63d,182.81646061066846,5800.127439617413,19.580322109463904,76.41779,35.366,39.82307,1064.7919,-21.488388,21.058367,-2.190111,43.16744,19.277437,0.7255432
1c12a9200a2cbb241f37bd0840b459b1,198.82395888402894,12224.301201880457,31.801386763714916,68.413,39.941822,44.814545,1861.5146,-23.39466,20.511791,-2.3887436,44.18159,19.238014,0.72258306
2eef1de3820060fe4b0cabee43097ef7,197.04410900523038,8362.04153904071,24.72972270532098,75.07969,36.64337,46.469505,1877.1743,-22.06212,20.628578,-2.280929,42.96528,19.073305,0.7102767
438590fb9b7e5a984d13f73486929904,148.73751059710517,3770.6688310779296,23.46028222865957,76.57796,36.434315,58.439075,7433.429,-22.550102,20.611877,-1.7002375,43.46886,19.272865,0.72521424
1cfe7972fb819aed44b62f2f9b8ff974,133.0147845651287,5462.364608182831,17.74540581427348,71.48655,34.445786,51.643883,4551.5815,-21.622965,20.271399,-1.2183098,42.60252,20.16238,0.79370046
f20efadd0cd7ff7dfcd440619df4a395,137.6676232721369,2407.501643319124,14.63404394683175,68.690346,30.916842,48.886463,2051.401,-23.361725,21.066996,-1.9947184,45.05967,19.165539,0.71714765
5ac26d569e661b0c751272b4e452da79,138.74872405011862,2097.169360469424,13.57532582683817,62.106277,29.386831,162.88225,30043.266,-24.35056,21.006033,-2.0338063,47.305656,19.33759,0.7300675
89c2ade53c6d5268fec526ac669a2ec0,150.1697879079684,8661.973463005666,36.92774882522976,59.95296,30.467636,39.489864,1304.7454,-23.959394,19.883568,-2.285423,44.505936,19.925299,0.77518517
0c11387361fc674b729b52cf0e1ffa9f,166.8380448181162,3589.228027298415,16.744715206378913,67.59513,31.49246,46.021698,1419.2758,-23.020313,20.852636,-2.5521715,44.56371,19.457262,0.7391593
c0a684e2f86bfeff9e726f82090fa56f,182.31817405984313,11869.602024817917,32.69561601274238,68.892456,33.448418,51.28401,1935.4761,-23.397118,20.877144,-2.3894343,45.155285,19.375904,0.7329714
deb9f07f2f49165c8deb528efe1facca,194.84845475320088,8027.804592417699,20.97890058390793,74.439995,34.643013,50.37039,3331.938,-22.830145,20.931232,-2.0386608,44.576332,19.244728,0.7230719
22e067535098af294acc4f8cb1779baf,160.16051757366174,7714.4740409148235,33.527983784199144,69.796455,36.827457,33.638973,1810.5524,-23.871983,21.309795,-2.048912,46.133274,19.173794,0.7177517
a79bdc7a42ccba4063c76fa328dd1cd4,133.2405492231292,2642.0779761177987,17.86454196639371,59.958897,27.436811,44.52341,2689.7397,-24.888784,21.06182,-1.8976897,48.02016,19.412094,0.73570514
92c4df14a1a0324b8a17451b9d21847f,353.04910635583343,174685.65561152043,14.417320604365392,7.9197817,16.487583,53.053413,5254.408,-50.8903,17.254265,-9.84784,80.336876,21.78607,0.92666745
aa23bc99d9aba1dd5af23b453df97332,153.9398409012703,3445.4522266581175,6.920417601988622,41.43497,30.066769,128.63527,19655.658,-32.14995,23.58651,-4.122218,58.097885,19.815619,0.7666267
3e4dccbd406ae8dd9004f62034441e8e,166.73589641217433,7382.124444278287,21.649374465181637,59.42284,40.884846,43.23032,3145.747,-24.744547,20.32783,-1.4175525,43.478157,21.144852,0.87299234
5bd856dc0286a2e2271fa7f72b85a822,175.50381698206402,3065.3282715180894,14.094923689495412,94.50436,43.92404,24.203259,925.7963,-17.454706,21.035835,-0.8538754,38.516205,19.076313,0.7104233
70c39644151261b70a7573c36c461cf2,176.45901844723426,3781.8787575459937,16.636524512759053,89.622375,33.43539,22.83573,1677.2987,-17.64774,20.439894,-1.2884927,37.914032,19.193445,0.71922123
3dd772819d195d417e4b3a579335f6b2,173.5306927280044,3935.188869580332,19.33239835207126,97.26755,41.263824,25.474699,1685.5547,-17.268301,20.770304,-0.77890736,36.93931,19.395666,0.7344562
061174df2e3af838343aaf311f84264f,260.3265134741261,8394.993367174524,31.93274854755626,97.93035,37.78014,44.35473,5100.0947,-16.687412,20.17967,-1.3096017,35.930607,19.926428,0.7752468
2660a784dbd60092742836836738582d,205.14076035240564,9225.88361860579,40.156401834013884,72.98992,33.634537,23.48566,1239.8474,-19.095623,20.56468,-1.5233419,38.151855,19.977356,0.77925885
2503bb65340b6b95665f92c2264d3ea0,210.1460660987425,6479.358223970671,25.937553902294916,89.7537,35.986267,21.080143,1141.3033,-18.520657,20.485876,-1.3468549,38.00546,19.039007,0.7077147
3116b6a7594bbe7f9db0bf1013abb415,170.14321392551338,6634.61556203483,20.593908687099763,76.5079,43.067173,25.536697,962.6109,-22.079924,21.743189,-2.0287328,43.16092,19.387127,0.7338295
8161d6bc53c5b0fc927ab7f149e718df,187.39169992707517,3365.938188532061,16.013950290066976,99.036964,35.782795,25.580446,2211.5283,-17.732098,21.49519,-1.1256796,38.88357,19.177607,0.7179977
4d4bff857fb41bc7ff96ab53d4fe2b75,153.14008632928886,2933.2902417012356,21.422832023766794,83.15558,37.468872,23.288889,1162.4816,-18.645304,20.678211,-0.8132373,37.939976,19.729143,0.7599348
092dcc622c93416213c460456aba28fa,161.7260804436075,6040.660412411035,20.07005010232426,64.61338,28.777903,17.708319,733.957,-19.12873,19.855606,-1.1780658,37.712326,20.783052,0.8433541
87c00487eeec76c4df17966d7a0570c1,171.62813314356308,4248.090153301826,16.328862223636083,86.863144,39.358654,28.973377,2731.0955,-20.89767,21.124739,-1.1489643,41.342113,19.16903,0.71738636
708586d64c425b5064d878e965919cbd,161.93702783318253,3407.1153397057356,19.034289605582988,93.835464,36.616356,17.031897,675.1404,-19.927216,21.558392,-0.90750504,41.435303,19.294119,0.7267998
635d4a9da22bed6b1688476aac3a7375,187.63238602176042,7896.704102542834,24.763878295349013,95.201324,37.83473,38.905697,5164.022,-18.89768,20.86504,-0.96052605,39.085873,19.292568,0.726701
1f766331c0f4e61d7185aac85b458c27,242.207247849712,7880.654671557844,30.13241696561612,90.81235,37.98328,29.394941,1435.53,-19.390453,20.945692,-1.3995357,39.23672,19.221012,0.7213164
0f04cb256e15ffac8a4cbc7fd54025d1,190.7020740058347,8258.275535984923,26.664128167830267,83.37807,42.92753,25.908194,996.19684,-22.679613,21.267815,-1.8600847,42.694805,19.050848,0.70857835
9e1482608b1e4bcd264f68c6e80a9457,186.9027002533402,4167.207803509495,20.21284357176924,98.10511,36.847305,28.2113,3147.0757,-18.793953,20.933483,-0.9745816,38.456875,19.022839,0.70649743
24d4e47910841b00a3dcdc41ff3269ff,175.0797816204372,3676.3304845746843,25.575009673367003,83.41551,40.328102,40.074688,4021.4683,-21.83651,21.51271,-1.6357595,43.24954,19.369076,0.7324623
4b021739cc66132e6746fab13ba081ea,266.87574874004355,61500.236142689966,32.41387709548753,12.257186,14.504872,155.75212,11428.144,-38.8475,21.64313,-7.605841,67.86777,21.266108,0.8829856
487120fe87a056754f3d04706d8bb97d,205.40501833847935,9899.152423251488,15.850856392623829,38.019794,31.612295,108.34543,5286.3965,-21.835438,15.424208,-4.73377,39.27108,20.411026,0.81344503
1ecf9693ff75bef28ea3c8a7d7727c56,165.84615774726734,2086.8671479224904,15.195932027460518,99.53442,48.39767,45.408493,1355.663,-16.551077,16.362225,-2.1986785,31.623323,19.517862,0.7437668
69334b2a6257e54ff2c7b4172a322644,187.08022802018527,3445.6156663529496,15.28578001770774,76.96619,38.429718,113.94451,13937.825,-18.002785,15.795163,-3.0906396,32.860447,19.448538,0.7384814
6e6ffbfa96a32096adab765ff8321766,193.69518774512173,4495.205581406546,14.27959615847553,87.234406,46.758717,46.88721,1277.8099,-18.1622,15.833393,-2.6637645,32.858585,19.06813,0.7098106
110930c8e53d21162867e82fdef5b41d,171.86627402797242,2503.438729968355,13.943214973249246,74.55131,38.202293,100.0941,20022.59,-17.763712,15.989372,-2.8961163,32.706947,19.361439,0.73190033
293769dd5c01ded5e114b61a11b935a5,188.61225828285927,10351.954556856741,29.18713430039397,65.345665,41.189816,42.94408,1261.0814,-18.596813,15.200749,-2.7296672,32.539684,19.808195,0.7660963
1ed6505f7fc0e6fe3a89b27ae98bbf14,246.32295218083408,6751.6046486248415,20.636698794456706,71.38051,33.835445,73.56359,6152.8145,-18.915348,14.680704,-3.4123337,32.240463,19.554708,0.7465441
aff998b113b16c5beadabb264a5f98dd,165.52038715159557,3087.738482849786,14.338580670375418,89.22743,47.832676,52.376495,4178.8013,-16.928135,15.7062235,-2.259406,31.09119,19.494593,0.7420003
1ae6c66646794c414f054e6fce4ef4f3,189.38110176690432,3888.3446085261835,15.99460905158826,100.00514,53.818142,45.916336,3607.2378,-16.472956,15.3506775,-2.2009513,29.171436,19.17863,0.7180775
80028981ebca1676303584a156a6c1ed,163.53007065813463,9117.080672515953,22.671068217927658,67.19504,39.402763,59.77421,6135.119,-16.366468,14.643662,-2.4964612,28.82895,20.578125,0.8267865
5ef9050ab1cd3f9123e7b629867c6590,157.95885673415856,1685.3165399283334,8.6561266234625,79.88461,33.0728,45.381325,1360.2076,-18.128485,16.323027,-2.089889,33.336708,19.459248,0.73930013
94a4f448fcca31d5f05fbaedf5d93cb4,158.4973242370233,2388.934480253681,13.169803971878764,71.80503,40.1791,43.017323,1603.9774,-17.958067,16.226807,-2.7565842,33.003845,19.58029,0.7485528
9d56b616601569cbca5796a5275380db,172.8000119734403,3213.0511766156633,12.388353744445725,68.86687,35.26325,55.244892,1590.4797,-18.747145,15.560547,-2.9725666,33.289993,19.307995,0.72785556
5c57fc55b1a5cbd71cd07291418ecea0,179.52617606742047,6639.021853823482,14.871970528672408,73.07137,38.903416,73.68104,2537.5447,-17.48071,15.620413,-2.4940362,31.59422,19.997963,0.7807622
dad1dfa6add7fa6c8069fd78183cb00a,158.51043167791227,5809.148559607217,13.179873740449722,76.89453,37.813168,48.84389,1860.5817,-17.93856,16.193024,-2.3765466,32.990044,20.030478,0.7833477
b98cab5b625fc6b5571c1d474ae49b41,244.06505630475607,9720.539533807138,29.44184356846108,90.02697,46.167755,69.98064,6892.571,-16.41643,14.717798,-2.9923887,28.99097,19.305422,0.72760016
5e02a45f4903480fec91a7846dcd4738,198.53579166189164,7307.66055587192,23.71730766382589,92.9364,56.646515,42.385674,2058.4612,-17.348516,15.388452,-2.630747,30.608852,19.210644,0.72051907
6fd8db02b40787c8a32609447a182861,188.2814293395204,4340.449948878206,16.90838874833757,91.659966,46.633774,45.578323,2052.8093,-15.871058,14.691621,-2.8471158,28.334,19.609985,0.75078535
4523d9586ab94c53bd7574b7a09916f0,211.39676833239372,5977.897102782573,18.828544040114,95.46805,55.367493,32.44114,1205.1632,-16.161453,14.594481,-2.2027495,28.11115,19.253336,0.72372705
690307a59c991d45dc3803d0392a7ebf,176.3539015141259,1925.4078378577408,9.940282217717742,73.33087,46.17186,115.40202,6730.6772,-20.800962,18.287678,-4.429438,39.900295,19.452196,0.7387496
84ccccf6893c3498889cc584a4296647,147.69843243994367,14207.748562224704,29.433593596806265,13.7859955,24.01873,110.1478,5132.438,-32.14871,18.371422,-7.4841065,55.473076,21.77396,0.9256486
d8ec8d5a837cb497aa49b365cf911453,172.22419103802778,14273.043469470977,27.14980963513263,78.34425,44.94843,54.91235,8567.931,-17.356956,16.614899,-3.0556076,32.82261,19.179659,0.7182021
f83dd5c248d2eed1af29ab74605b8ba8,204.17626732576605,16457.658492572136,33.4255513436295,75.96841,48.987026,42.367294,1813.0837,-17.176914,15.794673,-3.1270733,31.320217,19.549429,0.7461707
fd63db0fb8fc2534c5b254cfb4069b72,180.9526224328071,20396.76098948061,36.252036962528145,75.99475,42.879566,27.49188,874.04395,-17.88956,16.840168,-2.5398827,33.41124,19.57522,0.7481177
1868a1d4f93254dc0e694131bfa31fd2,144.43823012300933,6863.805387813996,25.215310872802437,42.370457,27.89929,43.066727,1751.0066,-18.459171,14.692089,-3.3389034,31.833733,20.833807,0.8474394
8b6339b3a158da8d18420b7b0a7e2a23,242.1047449768202,21032.233543779577,46.02576269506123,75.74829,49.411427,47.84764,1391.9005,-16.920168,15.4077,-3.1409478,30.012186,19.670956,0.7554759
6c75b6b343237a494e670e71bd9d64f7,226.9999050411966,18138.5697902838,42.8879278868541,75.08241,41.313305,25.256235,607.0851,-17.815115,15.768785,-3.192348,31.376638,19.217104,0.72099626
ca774656239c6e4ce68bca3f25c6d735,201.79859736498355,6514.224212848755,29.245769536848574,64.47477,34.202713,56.989983,8241.815,-18.051313,14.981368,-3.3965497,30.395761,19.494139,0.74194604
80f924dadfab4c8266320ed9de937182,198.5352489653563,17502.585425413024,39.03026521858788,69.371346,39.355503,27.878328,832.358,-18.890867,16.490282,-3.1916523,33.268974,19.493753,0.7419165
7595d4c506c959a21e8e905bd0037e78,174.21897717337117,20125.540831429364,33.359904288537805,70.201584,42.180664,38.475246,3564.1355,-17.116734,15.935878,-2.5292912,31.329086,19.76835,0.7629766
3efdcef15008bcd962ee0be84171781e,142.6062883530063,5926.451426412321,27.046951791680833,45.49844,33.305695,41.312958,1349.1193,-19.371859,15.156599,-3.3197865,33.317112,20.309204,0.80536586
c632a9a4afa213f0c8f2ada29a72d4ab,181.66410297332908,13537.274007083735,36.72511581894974,57.58003,34.198624,40.876633,2154.8293,-20.012257,16.765125,-3.666109,35.93925,19.233942,0.7223073
7eb7dde5c6550bbb271fdeeb1d07857e,204.39330629825002,19418.30389073173,49.22032657852251,64.6824,37.066936,27.830938,1025.7339,-18.687227,16.042799,-3.3094335,33.094402,19.26654,0.7247603
fcfe7c27cb8c5882872cbd0ba38daa8b,179.10247551076966,18526.62175616825,38.106541262217924,59.14667,31.966497,49.018375,3606.4578,-19.58904,16.803816,-3.2338111,35.3819,19.26433,0.72459406
9d2cfdf788d52f1ee6b0039426a9adc3,211.40009227031882,19196.20518804265,52.66962027656602,68.6779,39.019028,45.477932,2738.3354,-18.509443,16.118168,-3.2351387,32.86822,19.328312,0.7294145
e7bcd8b1a29856ca68e170a160e690df,224.85303770572605,10073.413320410065,35.288416159143104,71.64115,37.60096,31.223503,839.2227,-17.635422,15.191285,-3.5721714,30.13893,19.186533,0.71874905
9181af32b11457690b83ea8d03a9284c,210.71717037892188,17542.013358835895,42.925598353769495,72.05028,41.918682,50.801067,8048.4937,-19.197718,16.318583,-3.2742956,33.717472,19.412533,0.73572737
ce93c6741c982e673f16e82e717db94b,186.80394904170623,18909.1945537905,40.63643733231229,63.103416,32.010555,23.939121,783.0584,-18.663427,16.39567,-2.4217336,32.714684,19.58931,0.7492256
93bef1ea53816b178436ddc9950985b0,130.3601537432418,2183.169157792826,11.92824339614562,33.393738,25.612982,50.291977,1006.4038,-22.379992,16.496948,-4.332413,39.81623,19.951927,0.7772006
9412cf28e6f7ec71d546eeec305016fe,256.9324965806698,88280.85251233926,13.824353682163746,14.377227,22.910772,263.2325,41929.004,-39.872234,20.247896,-9.9633,66.07024,21.26766,0.8830937
45a4027c6c26cf31a563f8060d7d502c,199.2717244137857,13195.286570261285,21.12500215917883,21.26097,16.33385,50.212566,1993.0732,-28.341562,17.684452,-8.137036,49.12835,20.338846,0.8076848
00e6a1a74103420fd802a80670225dca,238.47829763462656,15588.197812503691,39.69136418017058,60.0983,32.6332,42.82981,2258.4922,-20.73787,17.752329,-5.625452,37.82194,19.31474,0.72836393
1e210dc4a7b415cd8273612d8b45796d,236.52487171241896,10497.027437573315,31.663111567240847,60.115765,37.037045,59.031326,6269.441,-20.482967,17.861835,-6.285872,37.291313,19.605251,0.7504211
f02d25b33463d4ce3ccbc98388edc0e7,275.2841503819719,30488.748268893796,46.97642683524783,70.55107,37.68012,31.9624,956.43146,-18.843716,17.827763,-5.192915,35.743843,19.202574,0.7199488
d7c3c776bbaf8e0adfebc61e0ae111ac,299.5426912121,42236.49457349409,81.80380538951817,71.73973,35.434525,32.75545,818.0405,-18.464594,16.97146,-5.256565,34.522015,19.980635,0.7794725
d2efb0007ae6cf70151ac9bf34da9955,316.00220211302417,40375.51772758788,55.884765365540495,92.84344,57.11155,40.916912,2297.8796,-16.817562,16.389029,-5.174042,31.529776,19.989462,0.7801368
9f99f8119cb32987201b4594d2eb701e,256.5161019075415,14018.687366555661,37.01797003456851,81.621086,53.690346,25.123756,1931.9015,-17.903019,17.081898,-5.5871387,34.28566,19.317358,0.7285459
7981d97ea1ee50532328cecd05e9e363,322.02721681022456,47555.46036432799,82.90629994345083,52.43289,27.19163,44.245285,1533.9519,-20.075422,17.05365,-6.0165563,36.8271,20.610147,0.8293473
8a1913a7415770764bc97f10b3a3b5e6,276.68350726853845,38057.28796642158,51.947739597648976,60.805714,35.665447,26.607153,690.70544,-19.502024,17.440136,-5.980056,36.850594,19.622755,0.75178134
d2661f8361454bef7eb3583219af3fda,329.60779105601586,40081.47990307854,59.78638571441912,91.71685,48.036903,63.232014,4411.711,-15.784895,17.36256,-5.7161136,32.6399,20.727764,0.8387948
a928530e10e86fb5ac8c9ba586825328,267.4687052106705,31233.079816791167,50.43071903078978,67.94986,31.48189,27.851982,707.5469,-17.915836,17.857689,-5.8678327,35.786922,19.52564,0.74434125
34bf082d77938351c0e8f1097f830d01,285.2964621531935,16088.959212122041,44.87034914717729,95.940796,53.296307,32.564327,789.2338,-16.287743,16.676989,-6.089881,31.662994,19.640198,0.7531103
85a1a47d8aa88106c9eef0b2ba52191e,312.779552752692,19993.69408492857,40.92691546514534,92.884995,54.494133,47.799652,8003.7354,-17.839552,16.7034,-5.5986104,32.57882,18.92459,0.699228
5b4471deef98dc8d3a3abda677798549,225.587698040219,10461.646109937568,36.7388890700314,63.830017,26.173994,45.412205,4926.6094,-18.117874,17.597015,-5.6075525,34.673546,19.437529,0.7376039
1938f93d28832c535285bc9ff24b7a07,306.3146460778549,37582.81199238878,63.62604815313313,66.96242,46.050552,117.3404,18091.941,-18.989185,16.493095,-5.9201345,34.147957,20.665743,0.8338376
2b29950630e21688eec8e12bc7de5588,364.8274365446572,20826.461873803008,35.04523554558093,106.01074,51.864017,43.25029,2915.6838,-16.880182,16.801355,-6.684118,31.812386,19.999144,0.7808667
e522f997233b549e116c3531a8ac1572,302.718220109235,38680.15519843231,71.38505745013758,76.1783,35.856228,34.896954,2285.6816,-17.421955,17.65324,-6.211639,34.42341,21.069618,0.86668795
d5eea08cf027f9d80777175f07010b5b,363.3261872401501,40958.91256762611,54.35527899092973,70.63646,40.18912,37.8548,2295.597,-18.382507,17.1428,-6.4838233,35.023174,19.970337,0.7786505
f0b101b4baf685d02a750a038ae44b46,285.3610448231253,18650.432295920324,39.786947635209394,81.35484,44.441074,40.731277,3012.7776,-17.499401,16.885832,-6.5212126,33.405045,20.243467,0.80006754
784b9a4d3329635d2faf75fabdf6ebb3,232.5721558564808,14307.319460374234,28.594574641901183,79.39566,55.85929,40.695644,1167.3971,-17.865372,17.13005,-5.351591,33.989,20.146206,0.792384
520dcf6cc9da7ddf345e185627b5aef5,257.72123902848614,12323.874967992582,32.94278226113412,77.648766,34.34638,17.597284,535.88824,-17.594416,17.560146,-5.857992,34.554077,19.129787,0.71446544
c01fa4411bbb9624c86348e846aa35f6,228.75503440044494,9965.715833527083,35.916796051307685,77.157166,43.33728,26.092066,1457.9077,-17.512957,17.654785,-5.8152695,34.53751,19.306181,0.72773427
504de176916bcda571d2a1c847a0511c,237.91776901305886,20381.258504447746,57.00207370226361,72.25326,25.762438,34.53947,1516.0348,-17.511557,18.469929,-6.039611,35.829536,19.44013,0.73784304
c21ec50d70de7bb3c120853c066da7f1,228.73742907511243,54601.00240338667,35.14549707089174,26.74097,33.902466,58.56821,2002.1864,-33.286655,20.981306,-8.961492,57.80892,21.215359,0.8787336
67eb261aa50c6bab6c68bc9dc1bdce38,205.17214840278393,13532.554353530784,24.858536650586366,43.364765,32.116882,67.2632,4023.4563,-19.898165,13.824363,-5.844689,32.606102,20.007513,0.78160024
d7bfca6dcc535d120d4aa2cb7887b17b,218.58276418447966,7796.606750538067,25.741334343599274,52.6646,25.810062,62.38906,4706.7544,-21.07084,14.501487,-4.795081,33.445633,19.450792,0.73870313
7fab7689a32e0a8d5a70b471af3057b4,173.5814990876746,6677.178116489046,30.600485665379694,54.979717,32.361454,35.301323,1678.1613,-19.380432,14.58667,-4.1762137,31.689827,19.519093,0.74386775
af94cc8ed93cf315b27e58236acb7f2a,228.81801528757336,16162.565560855777,25.543105116192894,52.08344,31.750551,76.618546,4674.9146,-18.170383,13.613755,-4.3682876,29.04234,20.714968,0.8378298
c2dd0b553b2d6cbe6dcca936a2490b1e,229.32544238652034,4803.741673805317,18.092821433386753,56.065037,32.016697,44.556545,4437.6646,-19.847485,13.89507,-4.8573394,30.64114,19.11637,0.71349514
78bc6875067d80a4ccc1f7f9e8e03c30,240.7311904889991,11767.000731721206,44.123588088830715,57.522236,33.149914,30.464687,754.80035,-19.658564,13.642179,-4.8614216,30.13661,18.9364,0.70012105
73430d425dfae977aea651a0ec2430fe,264.5577957447074,9648.33189635352,27.018649670547763,68.787964,36.773327,27.548866,924.3995,-17.951218,13.129162,-4.8238482,27.01316,19.194561,0.7193314
26e95e5a952670766dfb66d4e5847eff,196.54966985072426,7216.5186457204445,33.321735662817346,68.35989,33.030155,39.636513,1483.638,-17.399258,13.914813,-4.1718283,28.289413,19.362059,0.7319739
f82ed4f10b09ac17da465bca61cbd413,207.18346552978946,4507.727968685945,20.057152714941385,60.741604,30.762102,36.13151,1218.807,-19.378477,14.152419,-4.4564886,30.413996,19.23186,0.722164
a2a4eff17e63a6a617c5eaa7063861b1,189.67907952399,6223.4946160313275,29.380650504874176,67.43063,30.94256,40.904526,972.2997,-17.800558,14.241297,-4.294001,29.059471,19.657747,0.7544671
96989261f7dcaa7e531ce243ad40047d,176.53389740186614,11972.347267628189,25.86155043303123,41.767925,26.037773,51.12219,2008.2043,-21.373913,14.370627,-4.437229,34.048126,20.581448,0.82706904
1adff2115bfced367c8125bc451eeece,193.41459711673684,16958.279090180895,33.44302165937359,57.52003,30.6062,43.1586,2342.5293,-20.08499,14.468123,-4.476438,32.613384,19.271936,0.7251645
5f09505a02f9a7b2c7966da42fe02a22,174.17977597288962,5536.71638058013,30.51803109563799,63.75289,34.878498,27.346603,562.12146,-18.84449,14.567017,-4.0926647,31.317825,19.202787,0.71998304
da8f56b7d02d77ec2c386de107b3b91b,181.26159212996768,10823.097956824538,28.601304727664157,56.778408,28.818361,49.073036,4235.608,-19.306051,14.135736,-4.29296,31.390816,19.361187,0.73188066
408dafbbb7ad9baf2f6ff7517c85cd8e,181.96864627619524,8113.951950704477,31.295759476861758,63.03622,35.441753,46.928024,8614.899,-18.048481,14.045693,-3.6972928,29.386057,19.30011,0.727328
fbba14b1032047b10e3ec458f9033d50,237.6464197840897,12237.616389375511,33.97230470339146,63.781006,38.35952,35.59764,2150.4634,-18.16038,13.538859,-3.4998124,27.966362,19.020813,0.7063767
074ee6dbfe1089102c90a8a706c224df,265.3768762262847,11824.751665260432,34.94792733815913,73.69359,41.58536,32.417305,1800.4288,-17.686869,13.706987,-3.8455546,27.471899,19.019964,0.7063259
c03c959da68358408513514fa7a21e00,255.36311216524876,18854.078972974912,54.65311216611058,65.01919,42.72143,25.875544,1316.2355,-18.670744,13.65321,-4.4679036,29.267416,19.602856,0.75025994
f5c4c947e6e328320df430575e05eada,211.44822093803185,7286.633010104523,27.799500912825252,62.83631,32.18315,46.614506,1654.214,-19.22455,14.1189375,-4.202999,30.493792,19.645332,0.7534901
ab37985f0b57531e2f8d269d42220abb,182.2480107088612,6373.041689437887,38.789266819827155,55.857742,28.888409,39.083263,4532.455,-19.240282,14.173638,-3.8987014,30.978598,19.483923,0.7412066
4784946d5eba1e645fa548a57af7d4ed,213.49537032435694,14678.641005460837,33.93776963460261,44.25127,37.644802,60.706013,2615.9663,-28.417719,19.975237,-6.6090665,49.96718,20.288927,0.80364305
2d65015bdb8b15ec4d076d9fe3f4fbf5,145.48700268023202,2030.3370498223944,5.563636897432759,31.090313,27.815062,92.46395,3293.5269,-24.400642,18.422485,-5.3179307,45.407528,20.704994,0.8369645
d82efb6279d0ac4d75c83b76e6d597d8,154.96963277269282,2964.902783335357,10.73125675631445,39.097298,25.500078,40.090355,3912.2668,-23.493689,14.737903,-4.3444448,39.191677,19.996683,0.7807412
ce21ccbb26ed312659a8b5889c5ae5ad,153.11542130908555,6020.955837660793,22.08590133639414,57.277393,33.549313,37.907253,1239.2133,-18.958836,14.154345,-2.405634,31.37072,19.811726,0.7663451
cbdf8f168f437410b0fa3e6581ad6e00,145.77138121656904,7722.524143993792,13.441123485482994,56.80911,36.487614,34.99937,3711.2969,-20.01983,14.626296,-2.3860672,32.86209,19.50535,0.7428165
c0b41ed6d77d36eda157e0021b7968bc,148.84420747022597,3313.620501687454,16.383589620568557,51.25164,30.054653,31.666153,706.05176,-18.921104,13.870726,-2.5376148,31.011621,19.393545,0.73431313
e07b6c44ceb7c43b4d3a33a6a22e7d68,201.61763421397166,10912.045381676493,27.15795350965887,63.191875,40.134567,90.6934,14941.598,-14.979392,14.216213,-2.644903,27.132483,20.746437,0.8402831
09db17ae32fe26102c200dd289d2d8b5,197.20096485401825,4476.744450416142,15.441028685801562,67.54534,34.79301,45.246067,3163.8147,-16.300573,13.242714,-2.432248,26.441082,19.412554,0.7357793
5cb2e06c95809ad057d550245a3202cd,195.68169790328224,5280.779523397814,21.531377108721465,70.822815,42.65396,71.210266,8247.035,-17.521946,13.170468,-2.7387874,27.683535,19.216908,0.72099507
e057ddd94bb827e5c35b4ca209515cdc,232.93850475224673,6209.5033340052205,24.215880559190996,69.67419,38.288567,34.421734,1376.6583,-17.41858,13.104643,-2.4004722,26.982319,18.988438,0.7039893
d30ab570a1d45e2b04567883a9cc5dc6,186.65283894759165,9217.891163989942,30.565276369563364,62.111816,37.360466,38.70949,3036.7644,-17.294546,13.008558,-2.5330617,27.19478,19.432095,0.7372344
6654e9c147ecccb5cfa4457dd7f7f2f6,120.9191688177777,794.2136761447249,7.8473723326447855,43.74605,29.600073,34.155888,2234.9604,-21.711159,14.066189,-2.3526628,34.454975,19.50609,0.7429041
28003a4ced713882326c752928a127f4,158.66799625643773,2879.3959825477145,17.768728095086463,60.755363,35.704144,46.013428,2103.1423,-19.01501,13.849883,-2.0372717,30.638355,19.246082,0.7232258
b8f4de6d83fe44b7cff681f4aada1072,175.74108194166305,5295.932220899355,14.642802951461936,63.55212,38.821987,47.55669,2327.0073,-17.374634,13.050666,-2.685885,27.596231,19.69258,0.7571174
88828a943b05cc97bbbb49c3e288cdb3,253.0313782234267,10768.17935063046,26.45460125598376,66.03795,40.199158,166.10303,42889.77,-16.728329,13.060885,-2.9083028,26.419678,20.281948,0.8031568
181b843bbbf103705e0ebfd816512fc8,233.20685875533152,9481.66508825324,32.89822428161891,68.51445,42.665363,36.702133,1458.3184,-17.042711,13.280545,-2.7913604,26.909966,19.117163,0.713519
0d54d9729b7cb4bbd80e4cd80f222331,185.89256815753126,12067.962261588742,37.254742166945235,65.31109,39.849205,23.761152,1053.1263,-17.109592,13.220253,-2.1929255,26.908112,19.412857,0.7357551
bda28f59404f9de2e9444a0e1c97d28b,141.86494556667532,32098.589737055685,34.405377024250576,17.398333,15.985437,56.34342,1982.987,-36.619156,21.377941,-6.905347,66.62247,20.98843,0.8600894
97644923b829f8bf480ff3705ee9e9cd,126.61407335094248,4339.509253518953,25.21002566203813,49.94543,25.534918,29.149323,1121.9154,-24.603642,20.54871,-3.2794075,48.89221,20.76561,0.8419186
3d4092a7113a620ec7709255760c1ab3,158.5084133490321,1820.4095022474858,14.73421684414088,74.29431,34.26281,32.218876,784.08936,-23.227463,20.541195,-2.834824,44.582176,19.7515,0.7616809
840ec05bac13979e4344521cafe2cea7,156.00898559474953,1412.574424543861,12.594266478440469,64.04243,35.957653,33.325687,1188.0088,-24.148817,20.480314,-2.8130362,44.80652,19.674616,0.75572765
3a6d96f1f3fb2e8c712fdfb4c20e014f,159.3737287085222,1639.2548369509739,12.280549987406674,84.06329,42.545063,40.005108,2593.6804,-20.50588,20.165253,-2.218258,40.281933,19.770565,0.76312935
ac3854ada3c2f2cd5e4bd29e1818c9e8,163.1191462912598,7867.093670303438,21.44248702724437,82.65244,41.36309,39.321365,3171.9429,-18.947998,20.356415,-2.282401,39.89772,20.05535,0.7852763
af18df756edddf9db225e53ae43172ea,154.4855409165199,15529.124857926503,41.70369887516425,60.272842,26.078348,22.890509,756.5326,-18.478302,20.137152,-3.1047852,40.90095,21.784174,0.9265237
77d3558211894018d32ba32bb4ab0995,185.82806968411492,4458.844488135141,24.04878241776015,87.20543,34.25439,31.23319,767.7383,-19.89806,19.993593,-2.7083921,41.250534,19.76628,0.7627511
6c3282e4b57d8fba7fee838a31476c89,211.2914338976077,6198.504981535859,25.897329921329238,74.426506,32.004597,29.976444,844.19446,-21.315617,20.471857,-3.2782211,43.41905,19.629623,0.7523076
5db68de0c1e8edf34c46a9e1e75c9431,158.92617995205768,2918.1559973148455,26.209860910014307,71.70735,30.889765,32.258244,1830.072,-22.396835,20.523697,-2.7509038,45.377323,19.65331,0.7540816
fd92ee9a35bc380672bdf264a1f7d4fa,152.88764536662308,2209.6406740686507,14.72128843891403,95.80294,39.603863,56.00268,7024.455,-19.845793,20.431551,-1.7953855,40.100697,19.68208,0.7562868
0f85474b946808894bb8596e8d9024b4,134.43680597795804,3755.7823723279425,19.962280056529085,84.164604,35.499126,24.119265,613.375,-19.234303,20.908802,-1.9275862,41.325752,20.28351,0.80322015
3b435587e14347e0ebc8ac6b39eede88,101.12596399265209,2642.6348460767254,20.130442697632628,66.39521,27.600697,32.938484,3850.934,-19.031744,20.424656,-1.9351728,41.651478,21.644878,0.9147165
cab8f4951ef3632491710a424c1d2993,181.82934482200076,3685.6738035179073,16.88534893963666,82.291016,41.66662,55.91846,4513.0103,-23.815695,20.509392,-2.768891,45.789825,19.997215,0.7807212
e4705c184bd1d95eb37f4762f5e944bd,198.70988798328494,4610.379513333607,22.37550595981405,78.57821,44.475155,44.706593,1863.7701,-21.868904,20.545307,-3.6137524,43.07173,20.052782,0.7850747
8c2c8abd2ddd0ce333daa5e3ccd07741,163.74340589171942,4099.627290392104,17.525010567883516,60.46285,26.370874,60.45002,11174.876,-24.10038,20.94435,-3.4059217,46.897545,19.991735,0.7803045
dc58b966a266b21b12174f984ffb006b,151.8420318466335,2200.490181967035,13.920898394995655,73.34927,41.970146,40.75238,1697.241,-21.987886,20.58226,-2.2148378,42.192688,19.913399,0.7742224
803404a1097ef3c18e7f6811e6923580,152.36177482128954,5418.225919998842,24.993143704423048,69.5417,32.349476,37.80967,860.3364,-24.944069,21.074343,-3.8205009,47.210007,19.86988,0.7708007
25951065b1f3ef7c9c5743cb70d889d2,391.98169673502247,107931.13131276859,27.129312831727336,36.911617,34.65029,93.94932,4334.709,-38.547897,23.217966,-8.258046,66.68107,20.34232,0.80789787
f091b0b54339e0305861d999a845e665,149.57571742425793,2697.1049540694876,11.009513190375106,41.04111,23.181759,24.918125,2014.1246,-28.723928,24.005732,-4.2927694,54.55318,19.774897,0.76345396
b4dca7d44eb1f7f8bb14d176efe50d93,243.41873887667296,8781.863962901398,25.24096081285158,72.59758,34.32956,26.723043,1459.7378,-20.498009,20.935207,-2.717114,40.781,19.492298,0.74183893
36c2cc43fb697a126cf50b159ad3b312,202.5245105516008,6703.6027714822685,22.40833197445373,85.77025,32.25715,15.736239,776.25903,-18.953222,21.512096,-1.942799,40.829018,19.511726,0.7433213
31624a4afe63c97e309c13112135d767,208.09333220642964,11810.965942170214,38.61347282605469,58.030666,30.27973,26.134203,648.5928,-18.158188,18.14434,-2.1298869,36.111732,20.988829,0.8601167
c37baf0ec64a66f2291cc855a62d498d,221.22525411496952,21102.873358570032,51.76336018810427,74.31394,39.22108,27.185932,1444.0287,-18.678858,19.53179,-2.498341,39.378883,19.952068,0.7772455
7e94843eeb78ecc6f27a8d2483eda7a8,245.5679311132777,6295.3169107160875,25.698753162155832,81.18654,35.295853,19.004936,687.18286,-18.539864,19.967993,-2.2954404,38.21997,19.044006,0.70804423
e4ff50882a83f76b5cfa16952092f505,220.90221787459254,15323.336108327638,38.15861770704439,87.37055,32.195805,15.098075,530.4513,-17.584723,21.075909,-2.1965573,40.050346,19.544336,0.74577963
4239ab85a86cf4cdc634bfedda264f6a,168.01253825953756,9803.069992741433,28.783705890974023,71.22619,29.599606,20.87063,1085.0477,-19.091764,21.874979,-1.6959455,42.260292,19.240225,0.7227249
6a4111c63ff7d25ef688499bd05ef598,206.16192192506213,6610.087517075022,22.170721148924294,84.03598,40.973618,31.238743,3282.5535,-18.992226,20.628119,-1.993606,39.30401,19.328968,0.7293922
82e59fb5dfd9ae2128c8c4ec6e06f704,294.20530297666636,8097.78987407634,29.224652641006276,99.97143,45.981308,17.853834,424.2461,-18.414734,19.80951,-2.3406038,37.229794,19.24791,0.7233258
4f78a9905cefdc5bb3d291d03d839ca4,267.51241589340424,11437.90936674397,22.665553168220924,87.63419,39.170586,20.151459,1106.3196,-18.262297,20.687534,-2.4515772,39.663666,19.456549,0.73905635
5ab354f7069c3c58a4384397145cac0b,186.79514000739925,11315.549900158561,27.265432562439727,75.22223,27.562405,21.204348,1809.4689,-17.37705,20.049627,-1.7192793,38.015076,19.890528,0.77245146
b493df541fa27d8eec55effd98403ce0,204.23207908930758,10461.304711945208,34.99086509943754,62.3179,30.495485,45.936504,2997.201,-18.289043,17.980925,-2.1202445,35.89504,21.357332,0.8906133
de391d688ada9670b58caac0129ba1d3,234.79865473290175,12142.186764275346,31.772343199991184,90.51451,42.779133,24.561676,1225.3846,-18.283697,20.465515,-2.2843676,39.3914,19.058416,0.70911723
7f341f12710ed6057475b848b3829a91,271.47217563579966,10830.441310567714,28.131791457895826,98.68326,43.006523,18.23378,823.04047,-18.186903,20.100977,-2.4808803,38.190723,19.381437,0.73335856
c56aadd8ed2726a1f856526926442e8f,178.76379016472873,8239.939649079744,31.660014508519115,82.02621,25.259832,17.39096,1641.1415,-17.765856,21.065622,-1.8445337,39.833313,19.796751,0.76517695
9526a3aacd30c854e846985642716e5d,243.83264620477752,5812.847520082101,19.57528331410688,102.152954,35.983418,26.68028,1278.114,-16.125504,19.738522,-1.8601599,35.483543,19.439684,0.7378187
d8fa30018e3c3185f483cf4ef048637a,196.49295072321385,5378.428117047948,27.037280661189715,91.30142,31.698147,27.804716,5107.705,-16.742018,20.567722,-1.7166374,38.973568,19.755707,0.76197964
0a2cc1b9a1469672e2ffcd5023a5b34e,422.76361722096317,150046.4463423578,28.074288908107775,30.586895,36.89806,23.286127,1082.4768,-37.358257,22.311573,-7.1711726,67.356804,21.30767,0.8864686
c8e5e6f614f3a92acf95038bbc5bc1da,227.13863643494113,36812.269976103795,60.14404244305966,62.483124,27.273151,27.81899,5839.2812,-21.74085,20.611843,-1.8519013,43.2817,21.396238,0.89383876
89c2a2f351bb8d96490f72c6c9ce6b0f,242.6605324144016,20626.356538853644,55.57635092655472,84.39492,30.780272,36.094658,5988.729,-19.84321,21.341747,-1.7437443,41.17901,20.200747,0.79676116
54ff96a76accb5369052dc026f73166e,190.9331976752245,8396.995720206764,35.80917730871002,89.78054,22.730186,16.392437,478.20407,-16.351599,19.713705,-1.3932313,37.0214,19.5525,0.7464139
b3c08b5d78868c4a5bbc45acf38dbb9e,215.14602840010753,10042.549709483832,41.240981310904004,89.86735,26.155077,39.171593,9226.849,-17.500277,19.553432,-1.4370413,37.357224,19.17983,0.7182126
d4cf25a67c2d30444c66a2b1d7084db4,197.39104908991865,10088.237519482698,37.034009375973724,87.61602,21.30224,17.961676,850.9683,-17.127298,20.216713,-1.3723567,38.080864,19.46562,0.73977154
4677d9c3d9c1222f880ef64885c9bad4,253.94427421339253,27021.24065991638,59.533446081109815,82.278824,31.491276,18.000713,494.55972,-18.178823,19.884659,-1.3336518,38.636158,20.84327,0.84823537
270cdd3d7e9795b357d78f4a49443bb8,260.86843023568724,34450.504277256936,60.81794473560143,73.61576,24.241264,15.523154,1259.2145,-19.295248,20.661152,-1.3730952,41.38709,20.661383,0.8335075
25659fe324f6415f090f33cdbd2937dd,211.47329917996487,8830.207809687214,26.234458575231304,83.09376,22.88729,20.26149,1292.128,-17.814886,20.68735,-1.4048973,39.0395,19.19116,0.71906394
7c85104fc253435f45b7022f6e4740d5,220.17792997551976,16260.437139343048,30.02295778026458,79.86451,25.831116,22.79387,2848.5571,-17.462048,19.924889,-1.4369347,38.000153,19.56319,0.74724686
7e88b06d60e5137313840875697b7c31,211.96151893894523,11965.528379197985,44.23658476559573,88.73695,25.226763,14.998406,419.59686,-17.96742,20.743423,-1.2571534,40.400826,18.944141,0.7006533
7f3835aa0661f79b0572f6a0d65dfb79,193.1594839661428,10663.875834985196,35.62537926392955,86.8851,22.877129,19.339684,1538.6832,-17.665356,20.506804,-1.3690295,39.202534,19.468555,0.7400034
964142755edf3bcec9f76faa1c87bdaf,307.113857280223,50242.15431220876,89.5380020675249,76.249794,25.426271,22.14822,1078.2812,-17.525303,20.418203,-1.2888947,38.74688,20.972067,0.85871464
277143b78eff3369bec20caaa7bd0293,206.41933742055565,21970.282186762146,61.268410034996045,78.87943,23.481226,34.41762,3942.0955,-17.312302,20.774958,-1.2151219,40.109425,20.397112,0.81231534
4631831002f4604de016958d21eb0d18,196.5139549450292,7840.700557229422,35.87803776662309,74.43954,20.539125,27.186962,1250.165,-17.744795,19.842976,-1.1168176,37.72704,19.097622,0.71207345
a051a6359b877aae3ff989a681f0db3f,249.40280489363286,6587.1314237250745,18.840671663185557,86.75005,25.05463,28.146229,957.4839,-16.691896,18.505575,-1.3658395,34.578323,19.020353,0.70626086
a6935ed8d242ffe8db7df65abdf430ac,234.1131523752383,7082.35685321772,24.61048089274006,79.92635,24.465185,35.556694,1620.129,-17.90792,18.788242,-1.4307313,35.9038,18.861942,0.694558
3530cb813834a52db7a6b8742f36aba6,187.06812728288676,9546.395460464824,33.6600881809831,66.663765,24.249262,32.654835,2472.9666,-18.073643,18.418947,-1.1445236,35.541794,19.7999,0.76542425
970803f20306f5c19d1b8b97ed3dc728,212.18892950350636,10876.432903665262,52.12766918987893,86.196236,23.863121,35.765423,6638.917,-16.875984,19.462608,-1.2526314,37.047016,19.5435,0.7456991
157dddc099cf4f8f234901d9c12a0196,188.50619806538458,8734.209352787184,35.956382250577654,83.03944,19.827793,17.44935,513.5987,-17.419918,20.487457,-1.2387488,39.166466,19.833933,0.7680548
3ab106cfc70d20f3e2b49efc1c9223e7,333.2129005763514,95537.59162624147,42.33210972996398,9.3028145,15.233122,45.425224,1475.8877,-35.746708,18.96663,-7.708383,60.893097,21.679596,0.91765887
966b04adb1b11dbd41f5782fb4c3c832,191.32134363507177,7853.981944414854,24.871722474403107,73.0124,66.252556,107.30729,8400.269,-20.392008,15.607336,-3.48274,35.326675,19.623909,0.75190043
c45f06dd84acb405159677042d79ce29,187.9841311022814,5943.842260970144,22.853076128321373,103.390144,55.485775,90.2821,18160.504,-17.605564,16.441704,-1.425391,31.875584,19.473413,0.74034125
e97fc8be13a7489a35b0c4058a7b4a32,207.68539301072508,5353.072965862019,25.814811540570304,107.95584,58.336983,41.85766,1862.1702,-17.147228,16.27641,-1.6347703,31.001394,19.40543,0.73520124
4705105fcc4024be103200fe49c21475,215.87553416762168,8266.776208142193,31.671201853640934,115.99632,60.49658,60.496445,5623.293,-15.988675,16.310322,-1.5979246,29.859251,19.30086,0.727309
8c2af51ecd4142306e57c04382837dd8,195.64021089944953,12226.159752358471,30.51630957293297,88.79853,58.73918,60.697987,4872.3975,-16.45447,14.940878,-2.1372864,28.89449,19.14299,0.71544135
1caaf2ae04ed88786cafd65e92b146c6,259.551045676174,15952.27760221498,39.1606261237991,90.436676,54.716927,74.26,10697.801,-17.503695,14.930966,-2.189992,29.480162,19.710215,0.75848895
901426a48d2984a8f41d3711c290ad79,193.6943140244741,7633.81930033132,33.50585137307288,84.034065,45.303066,38.294216,2401.9233,-18.206602,15.436875,-1.3052756,30.461357,19.445684,0.7382801
67e1ecc3a291086b5fce780f813d0bad,242.86137768854562,14649.50932105774,43.68802652221353,102.91678,55.415543,46.7373,3417.0996,-17.388437,15.878175,-1.7615623,30.392067,19.35591,0.7314809
b99ec02c1202e6f5505bbdb21f073fe0,147.3870054613217,8204.22982810808,41.181843878155036,61.880295,37.435825,47.803413,5711.005,-20.021914,15.409509,-2.065146,33.108093,19.989874,0.7801663
25b4042b05be4c7ac703f69a84b29812,155.04414059811543,2596.384933819127,18.48712306573124,66.51317,37.480206,38.430557,1555.7421,-20.955654,16.472586,-1.6826153,35.98319,19.273481,0.7252902
96c69bd353e5f63d5fcb601c24c89344,196.73603355107662,5852.250097347697,26.8600381932049,85.95158,51.27276,50.36701,3277.3127,-18.851809,15.890055,-2.073024,32.574196,19.387522,0.7339001
57541e638b81a28e85f136a5830bc492,211.10892561527527,6265.39614333989,25.42790489093497,87.69487,52.50792,41.209183,1343.3624,-18.424936,15.657879,-1.9937152,31.472458,19.19255,0.7192079
ca93a95eae4b5a5fb0bc05ed9a87b929,212.12652290406436,19556.202499439765,52.21277440591352,85.82985,43.85414,29.538488,978.9315,-18.244297,16.003769,-1.4880891,31.634155,19.201277,0.7197855
bd34a378ec98626fc0cbf3ebb1f620d0,152.84623076171005,5384.417654408949,26.331091428376556,74.15714,39.112785,37.076897,3609.8103,-18.152023,15.63913,-1.3213054,31.127151,19.659294,0.75456125
a8ff29b4f3b47a8476e3fe6a35eed0c3,207.14650986444383,8391.387232173029,30.430485280181983,68.66221,44.8451,73.368065,2530.1562,-18.926815,14.910569,-2.2830849,31.961784,19.65168,0.75399864
73e0fcdf119e1ad1a6352c168845c2c0,261.3682227751476,22416.81894551163,44.08604303663862,84.333084,48.995586,92.24371,10161.62,-18.280605,15.248838,-2.0979736,31.747839,19.51547,0.7435831
2fd0eaffbea547659b3d887c3c19a57a,201.17901889308052,7140.606019690921,31.881691452269227,82.24007,41.99953,58.124332,4052.8787,-18.519854,16.204237,-1.8338432,32.336075,19.29774,0.7270826
471d86dd97658100515922cd8da95783,209.22287125792016,12318.553512067636,47.22959471909166,81.92006,43.654297,26.603472,887.0681,-18.383844,15.459603,-2.054807,31.199533,19.493084,0.7418418
423d325419cda992794b1f73b8be1e31,169.1764020117604,4736.704506848283,27.40135811490777,89.96901,35.262558,26.366137,992.2011,-16.754276,15.555078,-0.9727527,28.910177,19.356178,0.7314868
29e0c40632aa84c95e714ea1fdf5806f,198.20296884657336,5602.4166224750625,21.38592795460236,94.64006,47.02777,66.9073,7328.0796,-17.016768,15.82951,-1.700375,30.03641,19.373655,0.73280483
3db49ff96b6aef40cf690583a1d9677e,176.57629211507663,7550.064884356235,29.4551191396976,80.37051,42.07411,30.589418,1632.5017,-17.219988,15.458662,-1.3909705,29.636229,19.29818,0.72704315
7364be1b3ddeec93c9442cf0ccd712a8,250.7544079486518,96191.698315613,11.652501248454127,15.406828,23.852444,79.85353,2535.7644,-47.160576,21.466867,-8.405353,77.1868,20.69709,0.8363859
e414e723692cf2462d2160d7d71993a4,156.81656750804294,3335.3532499783983,11.853830784419255,40.82353,27.404215,70.2505,6718.377,-28.132627,21.141214,-3.5424106,53.08163,19.78512,0.7642886
da538f9656f26296e43abe3ac15a7c02,171.62073740693353,7198.723555969241,26.538276277704906,60.55132,40.92781,25.063713,760.5906,-23.387228,20.342365,-1.4456294,41.91983,20.563324,0.8256468
47a9696a09b5f45b10efa667215e146a,161.0421710453359,2571.8915963659583,16.54695657526183,72.3287,32.046394,22.796734,1348.5795,-19.625652,20.415588,-1.3632431,39.941334,19.125769,0.7141757
cd0d75eb7a7e4b141e334ddab3edf2f1,184.81859650200988,3548.987414328699,19.4972063891155,73.339775,27.447372,22.281706,1133.7965,-18.967196,20.815756,-1.7472886,39.26947,19.213491,0.720743
5962f7847c8796d06492817ebf20b9bb,206.00249550630713,8045.969334546584,29.41847259032281,76.34551,32.483788,20.981277,997.9131,-19.432055,20.043283,-1.5339426,37.58569,19.617445,0.75137186
35dcf2fe55e2293dea252ae61d769985,231.82759675743307,9755.296335345245,30.867977945261572,66.23549,31.192638,26.056885,686.4109,-19.42171,20.543245,-1.883026,39.242237,20.162756,0.79378194
6a98a134a20ecf3301a5a4b6d61dd6f2,233.54001644245972,7078.143894818017,29.24796800970901,69.17592,27.109285,25.22924,1361.8147,-20.804377,21.20613,-1.9902822,40.939316,19.044504,0.70814776
edc53cdaa372a62579a04f21145fa176,178.96124871301305,7922.649226262709,24.923511866173673,62.04463,33.967243,44.925358,5746.8027,-24.304707,21.464523,-2.6454499,45.39515,19.256493,0.7240059
00bd80559c2a872a5d9cadb594177848,182.76930655947635,3997.0912328354343,17.711999795323,72.716484,27.90694,21.062698,1004.88776,-20.116493,21.04367,-1.7261117,40.91892,19.009134,0.7054826
40b26b0680535b5cd48128884a2d707a,170.93269301704606,2969.0129793328447,17.99094433125357,75.20863,32.164543,117.375725,36220.977,-19.966112,21.65721,-1.4720807,41.155865,19.417767,0.73612404
27dab4d95b44ba06c95fdc68bbaa6c1a,144.37008324305825,2488.394045689168,18.662662030828816,59.272198,24.106222,16.524565,882.44574,-20.7027,20.068687,-1.5179759,39.059353,19.890083,0.77240825
2d5ee398c3c42a342afe40cdf1670ee1,176.57942540971518,7251.692720141276,20.348842121468934,54.32746,28.908455,28.977135,2124.0737,-21.88067,19.755585,-1.7320654,40.92734,20.236185,0.7995252
2cada70da88ab88203ae73c99b1cd63c,162.619086257006,4047.546724906032,17.34617794221011,71.50301,30.934858,21.99261,691.7813,-22.86593,21.209671,-1.5874912,44.51018,19.402115,0.73493636
33d55adc626153e78eb64c749a432039,184.24018390112883,7747.046847056696,23.68451678813453,75.602135,27.72396,28.513937,3526.7139,-20.842999,21.25681,-1.5524077,42.56377,19.122862,0.71393895
97f215cd480b056b201d91df72683497,203.71628201691456,6284.2809558651925,21.94482145605173,74.52621,30.77305,43.201096,8407.245,-21.113237,20.73993,-1.7227434,40.83388,19.225176,0.72165734
893325262910e0e68c1490620cf529d6,227.2794825222073,6936.50831129954,24.015560744449193,69.18582,27.773596,36.18492,5792.612,-22.40842,21.228086,-1.9487652,43.6659,19.127567,0.7142942
dc78f4c8ef928fc9acd8a06d05f1e72a,178.84917909223964,8558.973845702221,28.39291824846482,67.04508,36.524372,37.37617,3864.332,-24.136152,21.369072,-2.2981296,44.801994,19.174469,0.71781456
366ddcb64a88ba0823ac419c4ee118c9,182.84684486792807,3371.793695000562,20.610175889989446,79.94485,29.757013,26.307163,1827.2468,-20.755232,21.119259,-1.4691353,40.743492,18.913673,0.6983936
0f39241dcb11ddd3ed3adea35ea65a3f,215.05488437953628,10790.41044883679,14.935129582853104,28.843159,22.164232,97.88538,6943.4565,-25.898092,18.00946,-7.8612156,45.47443,21.45,0.89819384
29525960056fb596b75a6edac502beaa,218.10795660733072,15592.937642852972,35.64133139207114,46.070942,32.645218,40.276043,3460.496,-23.28041,17.691568,-6.232457,41.758503,19.293198,0.72673786
d23a82ede6dfad2c1b73db26b76428d9,237.22837097418258,13204.686379227276,46.2868703277106,57.07795,30.950666,52.86428,2630.3198,-20.645605,18.047852,-5.608773,37.91011,19.598967,0.7499888
d2f9753a40a3eee15b6604454cc264c2,271.1893831058711,28028.927671654226,42.042728303683084,76.9069,43.46355,31.869488,2008.5143,-18.35669,17.943438,-5.247586,35.07077,19.175526,0.7179134
8aaebec237044c4658ec5aa47c41d2e6,246.72010819971507,15097.114968896774,43.04881774378454,76.815605,39.70746,46.171734,2159.434,-17.524923,17.561842,-4.6188364,34.028603,19.441914,0.73798335
7866093a33c8ea8fa41fbf56723ea492,355.27007101481223,57584.963126055845,95.74475554896121,77.742,50.569508,31.806782,1224.7345,-18.209425,15.881204,-5.156687,32.515495,20.86694,0.85015553
892639fca1fee3e8d0152036a3766178,275.92837619926746,18196.977344499843,39.29160621759356,105.888084,62.583195,23.167913,1191.7279,-15.852927,16.934376,-4.939852,31.711857,19.416292,0.7360118
0143e90f6e8db078f10c5c287279a241,271.32105698354115,35964.59971104587,71.08866724561189,63.70077,31.346148,116.6539,23919.676,-19.244581,17.420156,-5.63518,36.266495,19.858488,0.76997083
fc4994609647d83700a90d1d325e6ee0,340.73579457970163,46994.05444182722,62.381716044025666,54.63255,29.311575,42.4861,2076.3674,-19.71468,17.172817,-5.859662,36.221996,20.23297,0.7992824
45d72919d30aaf5d456e67fd4d0df750,269.47791058864874,29621.8402061888,44.74066620151751,82.8329,50.701767,75.10117,14407.451,-16.682497,17.414642,-5.116652,33.31104,20.100851,0.788802
02aa16efc3d9739f9f43ade262b2ec07,326.5701003577133,41856.73625195525,52.17820538809405,84.57414,39.25686,35.498383,1682.8488,-16.516993,17.645987,-5.4952536,33.67971,19.931683,0.77560806
ea0611d5d27d7787e7ff2260ec59ec50,264.42759708934204,17419.015089475448,41.936749114004876,93.67376,55.333374,36.12442,1789.275,-16.402086,17.08963,-5.479273,32.42382,19.855392,0.76975137
124eae1bdc3fa764027bc917ac4ba866,329.97743367567915,20982.423091638182,48.251271516604525,98.65083,56.51237,32.76076,1153.7582,-16.642448,16.195389,-5.5799575,30.617937,19.082405,0.71094245
f3c749b490028372299e9410cd1c32fb,242.6338917601154,10976.655065100122,38.46181545813132,74.10862,35.96313,22.5461,837.4507,-18.011795,17.304085,-5.4196854,34.82301,19.23792,0.72257584
c199a7967cde84da3b66490c09834350,251.35639395282683,29614.950625115012,61.237089149919754,58.853245,25.209322,47.43918,3014.0977,-18.385439,17.18603,-5.075535,34.42541,20.70432,0.83695376
926f7c91aa2c81989fa766eeaed15a54,332.8834429420577,14422.886485443685,25.509921279518416,93.23138,49.73962,48.96751,2209.6824,-17.422506,16.416466,-6.3786745,32.015312,19.566702,0.74745655
9b67f2f50aa9333911931cafd59a6d18,360.27297642585984,41078.584161625404,62.24540647342273,108.86562,54.02688,34.2532,1387.9596,-16.03071,17.358624,-6.1859202,32.270885,21.053917,0.8654059
55ef16fff41b11b561dd7e953c5d819f,329.4730429943844,50570.71415040637,80.89256807285308,67.31493,34.15029,24.531954,556.0295,-17.475992,17.351912,-5.6072807,34.60237,20.719969,0.83819443
7bba2e19596d9b19c6d9a48f0370306e,339.06554219880405,17334.230662360045,38.77859014471368,91.75933,48.563805,38.234573,1119.2661,-17.37506,16.71073,-6.5570793,32.514412,19.778227,0.763731
7ae80be8b9eb8c07bd8f45580c160e7f,192.95352332105247,8316.51748093839,33.578778205932686,61.227303,34.570423,68.42357,12908.705,-18.288498,17.446594,-5.210386,35.485664,19.84209,0.76867366
79f14f009121bbc826be200f9620efe3,288.0584666371428,15998.749163413808,36.12550697875988,99.62949,54.363632,40.51923,3525.2656,-16.168257,17.047647,-5.2992606,31.872639,19.22414,0.72153854
1110209ad3675d5611aa94c4d44df107,230.1843086643688,13400.487003379772,37.5103680411274,69.89188,34.83393,22.335283,452.51538,-17.764805,17.652935,-5.4404454,34.733765,19.385967,0.73374486
ac8de8a634f56f9ee24f00ac5d57aad0,251.58374352078818,18354.40915634133,47.1166391178605,80.74133,36.778984,22.839827,588.4467,-16.948645,17.78162,-5.4914474,34.111362,19.44018,0.73784107
351ac1bcbd4175b3102fb78f7e03c4d7,194.3143285752513,29134.006983155694,17.84394654673425,27.463823,38.122334,144.83768,5969.244,-29.724226,19.009512,-6.776492,52.96963,21.186724,0.8763708
94449c79faa2ebe066ad5e5d96439756,314.7326974150305,36695.08761053616,41.756150214013395,54.378098,32.87193,51.888287,1131.7379,-15.628243,11.815454,-3.5860658,24.985891,20.666412,0.83387774
30217e75c4664b6dcede5f4a8024c6dc,236.02495218634644,23371.033119116968,40.2247571500047,35.00335,23.749369,78.294395,4727.809,-17.73636,10.975486,-3.920119,27.26594,20.595186,0.82814157
92334a2484e8b05ef4c110bf87d30a77,234.27644406302568,17978.807442991365,36.696361244546644,33.606194,27.328033,58.596127,2405.8276,-18.475471,11.240852,-4.558625,28.359213,20.262783,0.80164087
d5454b3df8160d653e0dc96a1b8eedfe,350.8639719106205,26681.763479719728,55.280090806611625,55.938957,29.87554,48.400932,4449.634,-14.690184,10.470196,-4.0179734,21.303333,20.621422,0.83018124
bee2f8e5586b41a3862f480187aa0801,129.3666520110325,19154.011518870666,24.424251173007104,54.21657,41.718792,60.106693,4399.593,-15.717133,12.41509,0.17096412,25.738335,21.713963,0.9206292
f9660be5fcc52da2f85b2151c10fba69,213.6463132520556,64093.164453712685,47.34205617933821,66.617226,40.933514,47.90726,2753.187,-13.854097,11.956992,0.48748922,22.52252,21.596478,0.91065943
db2595f1ba39a9876e2641b5e644aa1e,193.3708033702346,30275.67722977405,41.5672305488866,77.12885,53.916325,110.22846,16320.716,-13.752257,12.9259,0.54265636,24.045898,20.449936,0.81657517
cc5197301d378b34f9cc2bd8c376e9bb,172.2816496218572,25624.062922670008,29.31107550708676,88.914116,43.347507,24.039171,560.5205,-12.298446,12.911509,0.8700161,21.43583,19.492613,0.7418291
bef42792c5a80713a1f31b6c96c8e4ba,112.0627525590585,9681.808279248573,30.652177303739943,71.26781,41.78104,106.84661,16662.994,-14.593201,13.7144785,0.4374041,26.006523,20.365622,0.8097719
e241f4532535085664ac009df014f719,179.43829010354173,24015.659586757793,34.5389164807497,86.88133,38.18971,42.587543,1852.0225,-12.297974,13.119558,1.0447842,21.683216,20.428452,0.8147987
2bd13bf97f469dc0f009673025f6b4f0,154.70529720658374,24873.298160494676,33.73743323083251,77.58948,45.576244,67.43921,7432.5596,-14.557141,13.819083,0.73957545,26.028095,20.232641,0.7992656
8852cf087c4b3c77830954f064f19268,216.49933472098638,50040.36467071379,59.76593318464289,88.16907,47.63608,44.870174,1282.1765,-13.586033,13.5969925,0.572659,24.14757,20.11673,0.79012686
00f40896b1acfe630580ed885bfa6fce,220.32652756925168,35456.77527744883,64.2895895992527,100.564125,43.353874,41.854702,2049.1768,-13.451558,13.884509,1.0058893,23.74749,20.001135,0.7810271
1ecc5346e81a9408e997e72235ae6c16,183.68570768846354,27143.610543973624,34.69285675610508,83.65508,44.37123,63.562706,5248.7856,-13.797958,13.40417,0.76053923,23.858305,19.648098,0.75371975
2f9d225641f48cfa0708c98609e44675,124.00436208921954,10482.443731377381,17.881296085395842,65.29027,41.231346,84.99736,11957.789,-15.097702,13.773816,0.4450509,26.994974,20.043468,0.78436923
60327fba069a9bda7659daa4d72fe580,92.55677425939992,1443.125812102276,11.839173472631122,63.81841,44.22672,90.932365,8177.922,-15.397265,15.059504,1.2804886,28.300188,22.175694,0.9602216
6d66ad0f08f82253f24b0e93a3ba2265,102.59070167905382,1798.2771753761065,11.160125542021317,66.60213,38.990215,51.37505,1250.9493,-15.0267515,15.077305,0.9818728,27.436695,22.146523,0.95768166
00c0ec80fbfe026ed3c4e2e5a4e76781,127.07004872202599,7333.490730237936,16.191900470237997,65.8784,42.24281,50.21638,2922.3784,-15.379719,14.390897,0.46307763,27.406332,20.87884,0.85117555
c27ca1016f0d6453efd43d77f3bda98f,182.44373072950594,30428.46684980148,47.114391832652565,96.02971,46.218494,42.785423,5274.8706,-11.917408,13.272483,1.1417491,21.401915,19.90742,0.7737591
9ab451d3bf5a3b078bd57c6f441a85b5,204.02912462301373,39988.867917765994,63.86189803464795,95.44084,51.78509,27.521921,1248.6929,-13.038001,13.208397,1.0166012,22.962233,20.12764,0.7909382
e4f0ac877841f0552360763f9ca915c4,237.20259547667425,50668.18053572457,72.40266603457931,108.85479,51.903683,17.97874,551.77344,-11.607666,13.14883,0.9592296,20.661205,19.948578,0.7768923
f8d4fa325d9d3587f7a562bc1f49d294,202.75204034945082,30728.21359211949,35.402433132036165,88.07241,43.370533,25.396393,763.17816,-12.051347,12.659579,0.625734,20.970879,19.890636,0.77242136
6294a651b0cb9095c80d910d18df0559,111.04554878450732,6817.398186826451,20.61841763217299,66.73153,44.570103,62.481937,4628.267,-15.581793,14.3501,0.36957642,28.273897,20.219545,0.7982358
36f065b79ca943be3537132987a9a12c,89.999905765653,1336.406645793713,11.729168232612304,52.390842,42.973156,77.03648,11131.252,-20.185944,15.616953,0.26985344,35.67204,21.952177,0.9409746
97dde5a97dfbdad6713a3f73d180e47d,118.25955610245866,8182.69295333851,21.586739842287095,52.867146,39.17646,81.93396,6354.931,-18.85257,15.113905,0.22822641,33.303333,22.099539,0.9536639
97064001b492d8f40a9df3b1d025eed1,156.4198927927156,16749.755626764672,27.710839481984138,79.11344,51.931206,75.14077,5322.362,-16.246004,15.259479,0.65336365,29.41814,20.300222,0.804666
4bfb7a67e6cb0611b2b6967251039202,197.9379797831879,32802.824529967016,48.624504399741454,94.8984,47.256687,44.99804,1535.1771,-13.352435,14.038026,0.6933281,24.470917,20.770517,0.842354
c392919301d168d576947046a99cd226,165.04285564275622,32305.90357750315,43.766412399950084,90.98397,53.535934,45.182358,2304.596,-13.314729,13.861841,1.2533983,24.085642,20.047619,0.7847107
2dd58a52706f09ecd85a0afab36685b6,192.19975073831716,38939.68755278673,49.13661577115746,88.4394,47.274723,41.26374,1737.2653,-13.8852005,14.17755,1.1552093,25.187832,20.806408,0.84527344
e8d46f844c3a23df59099a8c5e215ab5,250.9908621000496,43693.6385948225,65.78069429767677,107.64906,50.58136,35.294155,1447.803,-12.548308,13.662032,1.1198108,22.278028,19.73005,0.76005423
4609ff29bf0bfcfd8a3ecc4fdcf1188c,188.37729280578912,32074.430352889936,42.6389536746247,88.13932,43.10485,24.252502,652.11896,-12.588118,12.914872,0.8639979,21.733463,19.936169,0.7759795
1ce8cf3c9f9597a5e28ee4bd3e24664e,133.02194434673885,14014.27108077352,32.8271489712445,81.47836,35.93218,43.883537,5325.9556,-11.784672,12.965368,0.84233147,21.588408,20.273727,0.8024418
5dc76ed98e8640696faf79414e104000,188.95739042861635,28059.724648141466,45.97972584026526,94.947945,41.65221,31.552397,2027.636,-10.828022,12.713651,1.0277325,20.101374,20.24771,0.8004364
3f7e4380383dfdf0f24acabab4e68a98,204.48635595713753,36235.6359392497,45.162966640636554,97.09363,49.523163,25.238638,761.0973,-12.5302725,13.332994,0.99574226,22.30062,19.666494,0.75510466
92adc31aee4898a086927db1a3fae0e4,166.98837007489243,26666.10248067288,38.72109818587814,87.214294,44.83531,57.881577,4559.152,-12.328226,12.937628,0.6808475,21.899815,19.960066,0.7777975
c68ed0d5314f92ac43024a5de65fed80,125.35174607452444,10149.348687740283,27.485459337090386,76.91115,40.48461,41.10055,2462.798,-11.318953,12.622184,0.8101129,21.024889,20.28829,0.8036558
10ddca61e59a1c181984caa797ebddf2,132.97150354982392,22921.36459478392,30.868008329117053,66.67108,36.790382,40.16656,1688.5088,-12.13119,12.262209,0.8342652,21.310833,21.34994,0.8900136
5111ccf2ad7a6f80fe6fb9cbef3e2651,164.1547118854146,9690.909624070304,20.239369151204357,69.31423,59.958958,26.657997,669.14355,-20.018026,15.416593,-1.3434948,34.31408,19.884655,0.7719927
58f01b51a9db29066249ca4d0c32efb9,168.50195136497425,6896.417509770348,19.508797557906444,85.537056,60.903427,39.86467,4457.471,-19.172487,15.368363,-0.6662153,33.124516,19.644835,0.7535258
9aab9744788c4575ac182b512dd84212,170.58442108913198,6501.553082494701,14.26786252453637,82.087875,64.385284,29.860394,1022.7028,-19.36536,15.398331,-1.0194757,33.365757,19.7711,0.7632394
85999d11a0b809eb7ab2e7ec4f3bb284,192.48286971035145,6201.595614029961,22.185256734914226,73.12541,45.593037,47.165195,2253.8958,-19.986507,15.823954,-0.9240036,34.611275,20.236252,0.79948616
8629ba4f0887cf509e60dafd76d78ffc,171.95078317939107,6236.470692282254,21.182145695690924,62.345383,39.884148,49.15348,7179.561,-20.041553,14.858483,-0.8228023,33.8963,19.714834,0.7588149
1f1dd67dd78b9e5d4faca7bfed7b5926,179.14393220265532,4480.912998543466,13.68993163289091,62.49066,40.375565,54.203655,8942.987,-20.60241,15.057013,-1.306331,34.983425,19.41211,0.73571444
abde15ec528496b4be493073cec8681f,156.0655259329131,2985.6966141229814,9.960038365413526,46.979813,29.172852,35.451035,1404.9572,-22.24893,14.517727,-1.161558,36.70649,20.10414,0.7891228
d4a4a446e0704a51e0f30c9580252402,158.66952335541578,3634.4219514157576,17.024131911168606,41.13461,22.143213,38.470688,1469.7621,-21.793655,14.53356,-1.3660227,36.083263,19.99373,0.78048813
b1f6943e4d50e57a116e47099115498c,169.93279086288635,7426.022325230626,19.38679571073741,45.652473,30.850721,41.1837,1761.8503,-20.113731,14.47973,-1.2030392,33.71679,19.849356,0.7692624
52836363c5d863432ed4eca29a0b5248,226.97464212448264,4188.065643252763,19.197886934669743,62.03527,31.091843,52.332695,3038.543,-18.869322,15.145138,-0.97566766,32.531734,20.603216,0.8287981
acee82831f4d3ebd3d464b98853a4d3b,221.0428192576983,7570.946518865191,28.479058942285718,60.253506,33.17122,30.684013,1696.1948,-20.176128,14.631507,-0.9554003,33.691315,19.975689,0.77908355
650a4891eb48b00d2bf062282395aed2,230.93732798114368,11138.670105209856,11.305068811485814,55.388523,34.437737,78.55319,7316.03,-20.22051,15.035628,-0.96566427,34.13909,20.618164,0.83000284
2b6e4789f3e7ff3edccd86e21b83fc76,185.98678095647855,3801.723896731875,24.512744723032874,97.91332,38.027817,53.9098,10722.862,-17.915628,15.957936,-0.17515789,32.146084,19.355095,0.73137546
0bf9cb36849b247ce615c28887538728,153.75573746441086,3905.54040347712,26.900950219353653,95.55131,33.19576,25.037865,3124.1418,-17.027395,15.817539,0.4132965,30.95981,19.830637,0.7677486
b94ce53de3181e40ca45d3d212e90c85,140.63419096407654,3894.8479807506324,20.360965339499717,74.97447,40.79806,58.467106,6727.807,-19.044722,15.945834,0.077137485,33.25784,20.9678,0.8584062
e4f114d8782eb2ecf3fd6bb2480d5f68,175.01266548628328,2499.86712557111,7.142182788570835,99.95564,54.205273,40.043594,849.70667,-18.85573,17.112017,-0.9769117,34.573803,19.425549,0.7367296
9dedd91f9eca31710a31e11d1a6a437e,216.58019029358192,5831.930881946888,12.775238394917224,127.90895,89.87949,92.351364,11963.38,-14.831866,15.605492,-1.1318984,27.966608,19.602224,0.75021136
87ec4dca071c87df83fac780e746b014,239.52505981250178,6552.520340941576,18.851454947709392,147.20229,79.74154,39.63774,1440.8984,-12.979441,15.901158,-0.9379542,26.746244,20.414957,0.81368953
cf550ea57f7640a8b81525a6a3e2dcbe,224.8579772733567,6593.922214018566,17.175785827890124,136.83029,90.05486,54.685207,3442.8074,-16.153255,15.9038105,-1.0907352,29.859001,19.690643,0.7569703
d6e8a631071c6fccc6bb1cd5d1669dbf,180.3183798403125,5324.637173495737,34.850998394596076,147.95544,54.358433,18.962698,1557.8871,-13.273165,16.286568,0.27960834,27.653984,19.41612,0.735983
44970d2a8f11f767cf8effa6851d32d6,155.44663322370226,4075.1964419302235,34.3248348018489,139.6773,44.286312,18.57896,1428.4022,-13.155601,16.228136,0.5567431,27.864075,19.080189,0.71076
6036ab661544bf5c5572094c90c59393,168.22729984496908,3595.2930595582593,22.18288351087364,142.08846,49.6005,19.215511,492.17993,-13.446866,16.386454,0.5938291,28.465767,19.585997,0.74890447
d45dfc54f2c1c1c28f341599cd434919,181.37813906423736,8695.709478454017,22.23329644702756,126.16767,78.03705,29.240694,1416.9775,-12.642942,15.510997,0.43220195,26.548773,21.385298,0.8928757
7201ee0f626196eb82726988a5a3e16c,236.51498472267977,9328.984174675317,15.770268815039367,125.55664,86.65149,65.219055,3379.5625,-13.902428,15.682045,-0.6870581,27.205786,20.146975,0.7924526
eb219984ea5363754c8ce37f91e175a4,235.65437276323266,9251.186135533328,29.065564237165315,139.31004,92.39953,65.03275,5323.2905,-12.658488,15.177119,-0.66529673,25.584785,19.868608,0.77077824
5881936d81fdb87da55f55ba836096b5,278.55983777091524,7974.355751786207,14.038933122688094,160.70715,95.914345,50.738956,1692.9786,-11.713822,15.311154,-0.65396154,24.16662,19.68354,0.75642836
2f35d33c88dba569ce565d006319d8b9,248.69813759537422,9161.435634688414,20.44230260978671,138.43571,94.89819,40.34748,2698.0652,-14.192064,15.709629,-0.6352981,27.584455,19.999886,0.78093314
346edf5abb852b17c8e44ca00ade53bf,217.20566031144136,5425.7720824740845,17.35066424148297,112.917046,76.081345,26.58819,734.6367,-15.916544,16.131857,-0.555924,30.440966,19.694214,0.75730926
392619fbec7084392c3f8cd13e148253,247.7987554724801,7126.002246995365,26.230146281697095,76.43917,39.99998,51.15782,1600.6345,-17.791332,15.862828,-0.77721554,31.870226,20.261978,0.8015608
9af5845788af53348418f94d2060f016,175.95229853415225,4744.880441836247,28.757235106181707,119.72187,58.225296,26.440407,1729.9398,-16.357168,16.540184,-0.33234814,31.089094,19.63713,0.75288105
ec98852398145aec1b84ea7bb50802b3,181.76743166355413,4473.059167340518,29.10907308657178,101.6487,38.33675,12.963964,364.6552,-16.268364,15.77088,-0.015872795,29.727278,19.031008,0.7070909
370d9ae61bf06f6e2563d63c2c51783b,178.93282622273395,4652.031919624863,31.355179887139236,116.12445,45.67347,24.30489,2573.1191,-15.46696,16.023087,0.011769913,29.465435,18.941347,0.70042837
e6fafab95b2085aefc85f6873bc48620,172.2392538502294,3305.233465918767,26.199911436183307,120.08369,44.01704,16.5591,449.10046,-15.020258,16.13607,0.07032337,29.429375,19.486977,0.7413687
157d20be7ad1656c3a5b3dde7d7b9ef3,179.83382354481478,4620.087744578227,32.25626446086326,133.14226,45.122173,17.48686,771.95135,-14.575375,16.376955,0.5075228,29.398645,19.639233,0.7529379
7e7ce08610778eed4134cc0494ca5eb2,176.26347955989087,3075.8272371877047,24.827086192763744,118.86487,43.35652,17.93276,613.0734,-16.146568,16.335135,0.14201474,30.38701,19.587587,0.74901086
d9e7ddf58e03be02864b203eef7d0f25,141.15251654818462,23776.46328409104,21.749658192188196,16.435436,9.088971,80.25691,5571.9927,-26.154896,19.136902,-5.2707815,48.14515,21.598644,0.9108171
3052c8b462fa88e0f864f45650cc2066,182.85469376556875,27082.597782686305,18.73550224994101,30.093319,11.613556,60.728813,1955.5077,-17.131338,14.24611,-3.80518,30.731337,21.548643,0.9066205
4348c0e4625399b1f2e34641f9b68efe,184.36269325045112,5028.703422323698,7.297775118084459,61.31364,40.9908,112.60785,5526.476,-17.658987,14.685264,-3.6884947,31.335253,19.614986,0.7511972
bf905378986aff10648acfa212689618,161.67673645203004,2861.31273936082,7.091747245657798,59.30619,36.106266,50.634083,2296.4148,-16.38366,14.385236,-2.302809,28.970245,19.586782,0.74904037
69b7a3d8ad1a8e882297c799f89c7d77,174.01496624547394,5120.016237988277,17.67676113792404,67.794235,37.133728,52.566013,4895.9136,-15.594799,14.5635605,-2.338136,28.288765,19.101612,0.71236885
25c45cd13e473577179ccfb2d41d254f,207.14944246185996,10033.921680143167,21.94718038302057,67.5381,37.04087,37.821777,1545.7583,-15.685495,13.973836,-2.5596478,27.35983,19.18891,0.7189193
877d2195bc2ae8afe4ecae2c32845705,224.10523145693307,6943.20079169972,18.096195078908618,76.90348,41.66688,57.566982,3972.916,-16.076061,14.266581,-2.6537185,27.819912,19.122791,0.71396226
e9028822d1a66edc0577dae7d715ece3,197.5747642177402,8734.147838970552,30.105451248560065,74.75435,40.997692,45.33713,3061.819,-14.577139,13.973759,-2.3156922,25.626352,19.323967,0.7291049
a6eeb9ca9c3f67e520f1cfb5c3791e0f,192.20420754475188,6252.743299912324,21.920185386373184,74.91412,34.6299,54.44596,4018.8464,-15.353589,14.788092,-2.3419416,27.534885,19.166885,0.71726775
2a87324c3e9697d5e385b173f1696e8f,261.6299321981223,28193.6944481038,43.05340356732415,48.2017,19.309656,34.744717,1176.6666,-13.966958,13.316681,-2.3499873,25.236483,21.459625,0.8991542
da0eb4a3b3cde8737bd2f5a1b430240d,193.05682766419665,24981.991215056114,36.13551358326624,59.69162,25.34805,41.128437,2305.5386,-14.319195,15.001883,-1.8251568,27.637913,20.069952,0.7864388
6ba0d116f539e76a88d2a1e064a8a3d9,171.200592704045,14193.47458472107,29.63960183332778,55.384815,30.526394,52.75139,2688.4487,-16.43355,15.447723,-1.9050574,30.062405,19.503286,0.7426518
bc22cf7bf02551e4b62c6014f386af0a,162.39822538335414,6309.015620236159,19.164019512835285,64.78578,29.95557,40.772835,1664.3516,-16.215366,15.81851,-2.0276783,30.366667,19.347488,0.73085207
6d9a38f75377f04e8b20965ac5096d23,147.76948148599263,9110.780112149621,13.680320761482813,57.524452,34.625362,45.228317,1182.1732,-15.853078,15.625604,-1.7254415,29.8493,19.816156,0.7666993
395ef92f3ded90658695952fa268a9df,179.75794036003606,4950.866250377626,16.739670345068443,79.443825,42.060795,38.930584,1942.8612,-14.757923,15.001164,-2.2414243,27.24076,19.352764,0.731246
b2f2be41429634f36ab2faba3a49a835,221.65727545074864,7797.038855020216,21.858438846032072,85.18656,44.061638,44.632298,5023.94,-14.415999,14.280848,-2.160398,25.679825,19.593908,0.749561
e62b1c8917c723743da34420bbe1fb03,190.81693089198734,5474.542673432327,18.68028049056108,78.07952,35.98595,41.971596,1177.8276,-15.437902,15.045112,-2.3613896,28.069561,19.157469,0.716526
09398b81eb7bd87fa93d9d23641bfb87,163.41689193262349,3172.0723241856867,13.90273979518553,63.086437,35.72238,64.48865,4957.6177,-16.165613,14.558433,-2.0666425,28.059427,19.444138,0.7381395
1b4464a14d67f2fbcf385004fe519f0b,208.72216595573607,7155.185089057285,23.303970173873452,84.09136,44.67868,36.36679,1786.8223,-15.198706,14.639157,-2.2457626,26.899546,19.503963,0.74276704
eebe8e4f4e410eb9e1a914a84a52e5fc,180.67961814555886,5469.397154508767,17.54095264210148,67.05485,35.735867,124.11425,28204.705,-17.754198,15.86281,-2.5613172,32.08787,19.481613,0.74099535
2e91982a9a909ba95b1dfdca645f6e8e,160.77436929480737,26460.837921842754,51.22276976672594,70.634575,82.40336,34.29716,735.64233,-20.950676,12.98506,-0.88020915,31.696674,22.076786,0.9516087
2ce37732520cd635bcd57b30e288f8cb,164.14260848473307,22348.58488686034,45.000222512219565,67.30695,70.34595,42.585484,1201.0052,-20.318348,13.377366,-0.5716641,31.432009,20.576336,0.8266915
d0c76f4bb204ba1e9ed3ffa73d1e1c16,216.40240766509814,23049.265144978086,39.59673375598979,106.77502,84.53389,44.079266,5832.8433,-16.874708,13.368628,-0.3294817,26.181545,19.341393,0.7303839
64a48af7bd2d0062b4318cf5b281a226,197.14000258461851,19144.325347711383,42.65912859157015,84.55426,72.64901,33.758858,1537.6666,-17.797367,14.106289,-0.63055104,29.16649,19.387133,0.7338131
af7c83e8fd3c10bf2842d5ad512240cb,204.88169545868394,14604.014920282207,32.056987538799184,82.95957,65.71836,33.045273,1517.7327,-17.10484,13.635566,-0.60828507,27.716625,19.140446,0.7152902
9f85e92e45e0023315abb4886337e7d1,277.59061439519445,97603.34994689711,54.0013770234115,83.45768,81.42807,53.63772,1355.9285,-19.445261,13.977114,-0.43596438,31.043861,21.407139,0.8947575
dd122693845f6bd144c3cb848aae1aca,411.27050660307685,158082.56734980142,92.21767134339477,106.9226,84.28174,72.430885,1745.392,-20.187048,15.886262,0.13989441,33.851448,21.832083,0.9306668
2778df0922796c37d2d211a14c435f0e,155.62136638793885,17142.977636379805,46.63145325247285,71.55215,73.16444,46.362293,1139.3848,-19.213018,12.460924,-0.8270154,29.613594,22.387236,0.9785993
6f8190f858189691d9e9a3c1afbc703b,204.01086768577008,24268.61043606723,28.961675975746054,92.50217,77.2867,54.5991,3613.6318,-17.963198,14.170439,-0.65352565,28.842615,19.47636,0.7406493
a2472e4dd3a07f5934a819e3c5246300,328.64941562333536,111408.59205211663,56.68289082263793,90.84307,79.11594,42.756577,1720.6674,-18.074492,13.205302,-0.29742983,28.06022,20.400501,0.81253165
f05552fb22a23d7f50da999542c5eca1,191.35385257163318,27092.13838452462,21.857814800082163,108.3099,81.23756,64.53648,4198.39,-16.50276,13.345858,0.26326558,25.932823,19.422962,0.73656476
f97fcd393cb7334762c2af23d7d6d94e,189.4965260685191,15600.459489551116,37.61153871482332,72.14279,70.81802,33.04962,1248.4988,-18.819927,13.559889,-0.9794853,29.855549,19.466774,0.7398694
27624d0d199f9e3cb3be3841c13e1569,388.33909871135086,150066.44246131924,63.21012394032896,90.351585,81.54929,96.1783,2659.0444,-21.169086,14.54881,-0.82648873,33.95097,21.521511,0.90434897
d3b83a1f6f534300dcd976e27944c6f1,436.208538429583,136946.78742600296,87.22124482284023,80.29393,76.46047,78.432884,5751.605,-20.283115,15.127855,-0.8305161,32.995293,21.822294,0.9298296
113c3ef4da0d629422dc3268a95bbeb7,124.81094322359675,7370.1616749262685,24.1337295921368,96.56666,98.05935,63.241707,7129.054,-18.402851,12.8934965,0.06697765,28.63024,21.885536,0.9352129
6a596d3bb3dafe5446784a9845865343,134.72531519518722,12723.663918744558,36.97145883148845,76.6889,82.19045,76.12788,7035.37,-21.159212,14.528014,-0.19671696,33.95493,20.155281,0.7932057
749bf1b9a57ca265b80d6f7027bebe1c,116.06533665632647,4585.9043413633435,14.65809289162315,75.424866,73.519455,104.2085,4759.9595,-21.155369,15.253054,0.3300005,35.205704,20.098917,0.78872687
0b320f8fe2a9db1c26fc7258e0ddc306,203.01128888795967,25632.39067946631,38.44917092550824,99.15044,73.07924,38.483265,1372.1431,-17.28761,13.513889,-0.28750885,27.030401,19.265894,0.72469497
71ec8afc51613a752bb7adc7ccd09b05,199.77796596642116,18847.058385523804,29.823171113901424,89.25168,70.93294,35.6038,3906.163,-16.823006,12.880965,-0.6948676,25.712303,19.57822,0.748384
61298f59f95756476094fce68c1cdc28,231.76131687338201,27786.99798416644,35.698802040061345,105.53535,77.35752,43.385723,2700.696,-16.737568,13.513213,-0.31533086,26.192875,19.403599,0.73508435
faf41246fe54790997873d7fd1533edf,313.24467628123875,74967.33079819189,76.94138957518506,95.30356,84.29999,35.640015,1032.4846,-18.40648,14.084199,-0.32229415,29.134872,19.799408,0.7653885
583e0fb05a06be478d2e364a944539ed,243.2210810800859,32968.88878607915,50.6448257720291,98.36906,75.777054,30.705997,1964.7379,-17.253572,13.211005,-0.2670125,26.484415,19.103636,0.71251905
c997054e78f59fb5334295c55c8073e2,193.2005178623169,12413.656930214607,42.95693560557187,72.19066,69.98774,30.386818,1140.4714,-18.918236,13.771891,-1.0721039,30.15227,19.503498,0.74268633
d3e5424d5e45a8468553173ae0ad648e,221.11702679953677,25000.037689252393,40.31727022286463,102.58756,71.605446,28.630085,1635.7428,-16.100702,13.109365,-0.19603023,25.015892,19.311895,0.72811806
1f1ebf32fdf6592269352ef0605b0291,173.14139720071304,9002.026613101496,34.40836855093186,81.303696,72.96835,37.70442,2664.1514,-19.838514,14.366406,-0.4379327,30.743359,19.400904,0.73485845
b87a990e06ea884382a9631ac4af463b,172.82161726356608,12637.384586205037,51.74420649270496,83.41889,74.43187,23.847824,1011.588,-17.505001,13.000479,0.030903222,25.385159,19.591087,0.7493371
2c8d5762f0ce57dfd207158604e42f43,327.62755998934955,43647.43062728338,38.5676610388926,9.749751,7.5267477,77.10414,7900.385,-36.95097,19.405668,-9.369139,64.18872,21.528957,0.9048988
011b22acb5279139c1c6bc996d3cbd08,166.38011216764454,4921.293980361583,11.916001964619776,47.83042,32.49435,70.15464,4830.828,-30.432936,20.16622,-5.419462,53.535645,19.377945,0.73312145
e9e7d0cc9db7cad5345dcc9efef14121,144.71432171685765,1602.3468918556214,9.789306974914936,47.53182,25.267828,34.95559,1372.2498,-28.344255,20.154737,-3.5649014,49.608883,19.47193,0.7402551
b1841fe2e7837f50d867d9b329b6f0c4,171.34503658700717,2759.7355997690647,15.496237213992439,64.18926,38.47562,108.78871,18859.324,-24.682083,19.969969,-3.8014965,45.185005,19.225475,0.7216499
ff7f2fee79b90fba03a8e4c7032bad04,183.58189115042126,14048.80329266695,31.04634069602596,59.882336,36.77066,29.931772,1060.3348,-22.579065,19.339102,-2.630178,42.437874,20.443613,0.8160172
38ec9f69e0bacdba33817afce6ba5541,189.3892751663788,4489.85495801195,23.83622215370242,63.43626,36.665565,64.876686,7853.3867,-23.908318,19.254238,-4.3769674,43.441273,19.448788,0.7384594
62a1949f3ba05e55d835280dfdff0c84,218.03358901792467,6186.766401783515,21.682457382618527,65.639,43.21346,57.206524,1868.8495,-23.28939,18.529163,-4.390251,41.744972,19.166224,0.7171675
8ca531865875eaa9f83475f3b8e23f2f,255.21576655464526,8139.188942414159,23.32130434958126,71.79054,42.355816,60.602142,3821.0974,-22.649616,18.490871,-4.5961375,40.834965,19.137133,0.7150065
7e0c4356adae472c40a1d37202ff1ecd,188.15400958757397,7948.131936047559,23.14427388655891,67.04984,35.661835,58.34001,8772.965,-23.855177,19.44506,-3.566101,43.80792,19.426754,0.73679775
01adeb66d5088f2d3c8434f2a7a97678,153.3582318974666,3649.4974956592687,23.25185923970633,54.852627,35.63349,58.107845,3491.202,-24.401047,19.313488,-3.2160373,44.087112,19.622343,0.75176823
88dec99e1cd2f1e4e3ea66f3a076a5be,157.0983146377843,2201.7090419845354,11.139830542920958,61.97286,39.17716,63.847874,7074.0503,-23.91335,19.741482,-3.2881463,44.19154,19.516281,0.7436506
1fa103a85132f63757aa661d0b003d47,174.2390452216933,3912.202488569873,18.438663014784847,68.41242,42.780678,41.52209,1546.3652,-24.616215,19.548061,-3.5224435,44.50253,19.31982,0.72877073
b8948eafedc2bf0dccc712fffb895988,190.99252728654338,4597.386830246502,15.081156622250981,73.889725,44.230255,44.75725,1663.0809,-23.401943,19.40103,-3.8770528,42.842945,19.14159,0.7153684
c3f02af99cfc185a012628ee919e5929,253.64857279215144,8596.334089994263,19.842642879091798,78.96558,50.276943,66.28487,4749.5405,-22.7888,18.542927,-4.515985,40.806683,19.03861,0.7076813
fa20bfb261e31205cf9e798c416cd32e,242.3737922646554,6915.055377966074,28.810173605804366,74.22111,41.22734,52.263866,4351.101,-22.737827,18.782948,-4.249969,41.45422,19.185995,0.7186614
d4e94b20bf9e848283f3c6fd138a3675,164.3696448193946,4198.120455860106,23.99906139571461,58.973087,31.871347,27.785412,1008.60205,-25.091545,19.987286,-3.5406256,45.58776,19.56062,0.74697983
f1d6e29f6f1b3f3ec2f202471e84249c,151.01174932103638,2314.7587959520597,14.575932740372878,68.09102,36.632553,34.831814,1239.3856,-23.983198,19.975384,-3.0496562,43.952095,19.364908,0.7321399
8a0c3d902cd5224c41feeb1392e7ce15,150.79173819705198,2515.3182626929447,13.937363049420336,53.74056,38.42585,69.913864,8722.603,-28.823797,21.444313,-4.402321,52.244118,19.79434,0.76490694
41a3d6187e1808e099f454d88f48dfe6,153.9586350755828,4236.74623418763,13.248471254423183,55.481983,49.545727,47.07662,1990.1816,-26.566633,20.486101,-4.8216934,50.752106,19.273321,0.7252399
4c1268134e1167955476518a2230f587,172.01376369924918,3310.3934532543108,20.86352606390971,99.484375,44.030033,22.635391,1192.6884,-16.215744,17.739014,-1.0027176,33.90612,19.248474,0.72333646
5f3e5108a798f0590cd4b49b92e5d6c1,166.35995440473047,3485.5753012028727,23.173519517070552,100.94577,40.462837,29.5358,1596.7863,-16.971163,17.745758,-0.7651441,34.31525,19.08058,0.7107828
e39742646307871b2d14f68790284745,193.60865029819797,12612.568181392975,35.422421581696206,82.60053,38.166363,34.170147,1690.0753,-16.33754,17.154331,-1.1304785,32.89464,19.626966,0.7520442
65e1982e3ad77b7f143373ed2c545720,183.02178986301107,3803.031735167498,18.33080833965495,75.76586,36.79413,52.589626,10212.848,-18.50788,17.256174,-1.8784008,35.263325,19.456362,0.7390477
34f9e15b41217a7c9c1b6fbafd9e087b,170.77098938239703,3468.7559587525416,22.84672624320606,93.86731,35.435314,19.28108,855.0437,-16.76228,17.370388,-0.43226266,33.38261,19.385635,0.7337154
a1493ecea288a94150b1056162b63217,170.03915704024607,3088.154563801423,19.228332303749823,77.37136,34.096703,36.05817,3349.7737,-17.099472,17.356327,-1.2295413,33.9568,19.437727,0.7376703
8e9f90a319e37c71ab6e4d5d3dc1cbc6,216.98231452631285,11997.649845910204,34.097871819850255,85.06296,35.568398,18.092075,531.17676,-16.152672,16.442705,-1.4372511,31.689198,19.287857,0.7262963
a7c3daf90e7b854d561065323d7270a8,196.9467653946929,6103.374303660284,32.135005071072385,74.02186,34.23309,22.161406,1129.601,-17.642511,16.89351,-1.7022991,33.742325,19.261778,0.7243172
4e8463f071760394c4fb5a232dd28edc,177.01937843100882,5328.9824991980195,29.397948293102008,71.46877,37.08969,33.410957,2236.4087,-17.47922,16.362932,-1.5791037,32.887634,19.543732,0.74567604
098794256a6e4ca2c2c4f57b560d14de,171.69176580525033,2924.212840803956,27.697238336391827,78.61755,29.751554,24.5955,1614.7162,-16.38217,16.447058,-0.91193074,31.941042,19.46102,0.73940516
9f7af47e2db01be8cadf0e960fcbb0bc,252.225912385763,11499.38166691353,35.40874658556051,89.72526,42.620033,38.605747,1329.27,-15.490265,16.306236,-1.3600848,30.396082,20.380709,0.8109573
1f3d7101011164b0ba853860c8bdc0ed,255.38474825211725,11767.937831823672,29.87703317709118,80.78896,32.54203,23.835083,566.0399,-17.170582,16.40591,-1.5663137,32.044334,19.534927,0.74505377
08575163235badcfc1a3fcb4dfa6ebb1,247.8093852590609,8647.516209151563,22.326468894782458,76.963356,31.468513,45.111725,2849.1106,-16.833868,16.603083,-1.5130912,31.505999,19.57575,0.7481614
845c4f3dae0e7c570279ad0bc8fa9332,177.235196931198,5087.649807035577,27.676300176711738,72.76665,33.367832,18.12613,601.0175,-18.290262,16.727741,-1.0582291,34.529827,19.503206,0.7426339
f4be58c38097d25b8e35dc9da4f9c033,174.6015879096656,4532.675204973608,26.54595756604923,77.60199,32.92556,18.937298,1248.0957,-16.549236,16.178135,-1.232825,31.204601,19.447523,0.7384055
8643d5fbd657edfc889fb08e8bbf6a66,187.71274981402448,5107.659066239627,27.159305245397274,83.76093,35.05032,71.82083,18665.053,-16.073086,16.49242,-0.96240276,31.161396,19.605442,0.7504529
a5be9ff740ec2120d38357a849f78ac9,173.2939861808934,2821.3409915353045,20.749431710925407,74.41375,27.887363,21.229448,2398.3584,-16.867191,16.059053,-1.0367297,31.68537,19.229774,0.7219361
097f5dc5c01a57f3e933ca3fa006cba7,193.32233983495806,4384.063133135314,27.820770286480347,82.02631,33.489906,20.693,635.0642,-16.085238,16.670609,-1.2085882,31.357832,19.053398,0.7087507
051d2ab36dcfa1f2df69034c7b3869c0,74.43063970740303,687.9979316408619,2.9259844232384604,2.9959917,4.1705565,231.9845,6526.662,-44.770996,21.341085,-7.3147583,79.597206,21.787888,0.9268856
3760484a18a6be5c4873f34cdf6d8c0a,78.08012803757418,1140.5945607580861,7.247402824718245,7.634562,5.538446,101.300125,5149.6367,-36.865055,20.161427,-4.2126765,64.10139,21.843472,0.93164444
11eb19a136ee5640af19416fa21ebe19,111.28154492759556,17920.438592171453,28.435850890706668,28.906494,19.77991,58.959038,5849.928,-23.063578,18.043839,-0.4152529,42.3938,20.131693,0.7913012
ef266284e36d6f67c48967ddeb418914,91.06959489240302,3081.969776276314,15.144918555450877,42.125767,21.67006,43.28188,2260.5906,-18.447397,16.080622,1.11845,34.40332,19.852165,0.76949
0a1eea9424ba77a01edc70b1394df1da,79.03052179903798,1035.8074542039492,8.60747916493562,38.214508,17.75804,47.427322,4618.082,-16.575687,13.413527,1.2323992,28.404572,19.644226,0.7534533
f50c815989ab1efad493d5e75a9de213,78.48786477585115,6527.662079988679,12.276104965938261,39.220596,14.864061,51.98974,8263.145,-16.425251,14.177465,1.6674299,29.34276,19.675947,0.755858
85bb3be8c29ff67d3ab7cf2cad428f3e,70.85346671792328,496.2610469882424,5.046164875768788,42.37812,18.189306,40.740887,1214.0865,-15.647496,13.630703,1.5110532,27.599295,19.979984,0.7793238
e2239c332e0d8a479cd484087328e547,165.25502192954428,26420.10025505409,40.809266949999895,47.33673,39.620087,34.45866,1338.6105,-23.37578,16.422956,-1.408422,38.24276,19.525337,0.74439573
6254e494293c1920740629f6ea318eef,95.87531833029199,807.8955994202278,15.403037605119197,93.31647,31.71309,24.242718,1767.5819,-11.955033,11.2624035,2.9132833,18.615225,19.383564,0.7335473
e328f097f2faf3163e4a70d58ef91b9b,94.12034814073132,717.2442109723875,12.960010919011276,95.2995,29.542007,13.854032,245.95343,-11.810696,11.18653,2.893997,18.500063,19.373423,0.7327486
d70352482677968c73153ba785027aa8,102.07608665291275,5134.60087663978,18.986435062201775,98.1482,29.960306,18.401289,944.4232,-7.954147,10.962298,2.6359901,16.718313,19.272636,0.7251717
ca865d9b563a397b3609bfe4553ce591,95.7020485127401,2854.814651183307,21.248188344804287,101.292984,29.94115,27.730032,3951.5125,-6.9656343,10.617166,2.7326834,16.030937,19.39625,0.7344753
d5e3432a5074dd3844a8194fcf5efcf3,107.3671103710127,6214.156328638535,21.711499040402277,102.041,29.80912,13.84752,526.4922,-9.948658,10.632971,2.8077085,16.444782,19.255474,0.72387964
2be6ec991c0f2ea8e68111ae2aa692e0,150.58916668978162,13074.706489270866,30.29540695997148,72.952995,39.27588,52.560944,14237.153,-15.064067,14.394795,0.0046383217,26.709059,19.148928,0.7159147
a4bc3508dda922802afa7cd59897cfbf,89.49861290356642,670.4846792234556,12.57308281316607,92.002335,29.385834,24.994974,2382.284,-12.77356,11.98102,2.8349578,19.603996,19.17778,0.7180388
da3cdba5bfea9280ee4632675f5b0eb3,85.18071452213424,767.7688577152966,12.25333088016638,88.83318,30.516012,49.962605,13018.399,-10.320921,10.894314,2.9607785,17.24678,20.970123,0.85856605
969e5940e6ad4bd8b460c75a2de92055,89.0150992975743,685.3602785656875,10.688405640414386,93.75415,28.990208,21.16525,1044.9761,-8.1798525,9.8143,3.233183,14.830785,21.846188,0.9318291
68e597b81c5e6396d82804facb0c4356,118.60579091453351,16689.660365727672,28.237812895178475,102.41252,28.32945,37.001644,7511.0347,-7.1081777,10.705817,2.7258873,15.995048,19.352901,0.7311961
c03556da58bfa864fe8a7c9d46141f5e,129.31510499872687,20733.67858713776,21.74947575411833,100.35978,29.839354,17.988876,689.5442,-7.0392194,10.417908,2.6727774,15.460679,19.272823,0.72516775
0d12b45755de7a8d55ccdedeaaa2f2a4,102.73009699889285,2467.699979870765,19.06944853496313,100.67044,28.308662,14.761561,1155.5632,-9.895068,10.967323,2.5436916,16.799557,19.294344,0.7267754
3c28555d4c099141b2c48b0cae758803,130.71956775485435,7157.487685865901,22.357226612336746,68.840706,38.07626,23.112888,958.34796,-14.513507,13.674766,0.3953043,25.30433,20.010849,0.78183645
cdcea41e5c875f4d037ef7a82a6fc9b7,80.15338031190745,599.2066413930282,10.964509694192639,89.159584,32.152657,21.836523,1680.0469,-9.58269,10.395293,3.0993528,16.566128,21.624357,0.9129995
afe258bee16ba9dfd51469907cefac9b,94.35531408213619,760.0488522524016,9.399025876426887,90.219284,29.565594,49.09655,8856.538,-9.442171,10.289103,2.9709265,16.27798,21.974432,0.94279706
482ac50cc08847c52e16bfb951b36c8d,96.86239089332354,1301.0448942054586,13.806552088038282,100.2058,28.427887,23.149176,1583.9382,-8.835054,10.8067255,3.1877391,16.955164,21.477667,0.90065295
f2069314d31f279fd29834fcf78af875,98.75581852122443,5105.690711066424,21.69539795929248,93.0177,27.872349,26.372831,4194.4546,-7.3690724,10.48634,2.5563915,15.589244,19.074512,0.71025777
a5c35d4f345d571d033c4f4b799eb2e3,120.9457121050832,13123.991656172413,33.23853956424067,97.26429,29.138458,52.20462,13163.164,-7.911008,10.456014,2.4292886,15.543378,19.183247,0.7183894
1716ea5879fef804a66d18c71926310f,121.46876079873307,13143.982012025133,28.564938483999466,109.50539,30.221684,14.42294,703.86456,-8.570156,11.855848,2.437001,17.981,19.11757,0.7135378
db7303238b00eeaa14897f4e9caa6d23,88.41185516629346,990.7595672794358,14.396121482027247,100.39915,31.938358,21.79813,2662.314,-9.198198,11.558823,2.6759274,17.724117,19.286905,0.72626334
230acefaf6739b2574bda772ab445ce3,88.04248135809901,940.9085340018811,14.163311005462337,102.281,29.734512,21.97525,1225.7506,-8.85493,11.348535,2.8941584,17.501362,19.169836,0.71747404
001fb3635c5b049063201d2ea7061703,90.3390007054292,1012.5251953805781,13.330032001332075,89.36865,25.471533,18.909681,1195.4558,-8.205444,10.914497,2.7291744,17.334496,20.19255,0.79603165
03fccbe950517a70a14ba908281cbd00,362.40279174907056,45025.88130167755,40.23917115241333,19.083975,11.741569,35.252457,1122.1917,-25.873676,16.762383,-6.979296,44.147934,21.624893,0.91299963
ea9cbd331ae8d2ed2858256d5c327613,138.0841896898844,10691.504085876202,20.71551216694106,32.08368,23.427198,59.064182,5667.763,-22.846014,16.72938,-5.033882,40.727474,19.861486,0.77019036
644a72cf0d66c1c5aec9ebfe684cff76,138.35801709285843,7513.5732015891035,13.425044727556037,44.181057,28.835358,23.899788,800.5438,-20.512419,16.281494,-3.7553813,36.422134,19.608332,0.7506815
b4f593a84b15418dbaa2d60c3b93bce6,140.92959419647738,1298.3929538640436,7.664080521503677,46.558743,27.697582,32.809467,673.7473,-18.892635,15.3667,-3.7379398,33.1757,19.601166,0.7501064
ae9b53c712486c2b44fe36912309a8dc,194.21730534338863,7344.043097001875,13.274710236803568,74.25097,60.268623,40.85947,937.8569,-17.581715,15.0931835,-4.5373607,31.029678,19.50308,0.74263793
f0dda991879a50b026d409865de6b329,212.95059259479453,6497.219186067037,17.462553353719347,68.52801,48.428535,47.663418,1466.2504,-18.381952,14.7247505,-4.3885083,31.31319,19.53216,0.7447997
2aef6d5a2db6e366d3337421f3fcf808,238.15279714479922,7041.8876082907245,19.086356643605598,81.52563,54.294327,45.498398,3108.2344,-17.659142,15.094111,-4.9796968,30.823753,19.330547,0.7295368
651b3528e425d20ee5ff33f5fde144b4,182.4161017648315,5224.3211895457625,11.49889448426205,55.891155,44.362038,35.016052,826.38574,-19.126904,15.052512,-4.294163,32.944237,19.336008,0.7299416
db21a038a79782ed2c72fce29d8f47f3,292.1891996241894,56456.51467999389,40.91387672931804,32.554085,18.501503,35.213238,2989.7896,-18.877178,13.416478,-3.9644935,31.116432,20.490112,0.8196929
8b8c32085814e8f808ef6b08ce8058c6,342.3453684945271,57496.54627257664,44.397769163580556,37.11765,23.122656,39.072414,2883.471,-19.987608,14.015826,-4.5995803,33.176613,20.631308,0.83110803
638a72c0c5b75a924af5fd4a4ed8a1e2,167.39664162082397,4112.091573207002,12.797405039928021,60.104324,44.927944,51.58356,3460.2156,-18.616165,15.448394,-4.2994127,32.555874,19.548193,0.74606895
0979627eafefb5938a44626bc2401c1a,172.97185040336933,6592.228599627402,22.72832794987403,48.728592,35.89545,34.910107,2135.3362,-20.043444,14.9207115,-4.339969,33.999252,19.704239,0.7580339
5d36364df431ffbf87f6dfbb9ea761f5,243.35956125902146,9332.690862092495,26.77293455444139,63.50926,51.129173,43.498566,1155.2117,-19.453556,14.429388,-5.152107,32.2687,19.203777,0.72002816
874fb3ad8f8c37f00e8205f868d4847f,247.29428547342698,8352.883534931269,31.61530439672958,68.359634,48.83059,48.56893,2343.473,-18.355762,14.612009,-5.0043197,31.163452,19.545437,0.7458494
3b5ad149f0428617ba13c0f564126dae,206.71516818569168,9259.57209621322,29.848535767888496,62.507473,53.00762,57.48516,5622.537,-19.371077,14.514244,-4.7136455,32.194847,19.49118,0.7416915
9d65984dc51c4164c0a04e5f10339d24,129.12455127375557,3607.282067101321,14.691045624494409,52.60056,34.800365,35.33046,1313.4115,-17.819485,15.442062,-3.346935,32.157677,19.39671,0.7345927
d8212ad3a63ef4deaa80243b0b67160d,158.7698873515682,6129.389880810553,23.726447496121573,59.09874,36.476597,33.726246,723.9632,-18.050644,15.569291,-3.5169206,32.579124,19.958668,0.77771837
02b5a295ec28c7409bb4ea89d8bb682a,331.8787280318047,13474.126958540415,14.772977109855079,37.807014,34.101288,165.40346,17477.303,-33.374245,20.874666,-10.662053,58.02819,20.8865,0.85170436
fa76175143b57af7c8d7c41053cd605d,318.2195044011419,15357.954743067583,27.210860258376727,49.792187,35.991386,41.940163,1437.748,-28.359503,18.788116,-9.710398,49.347843,20.285376,0.8033685
ed4793cfbeca7877434253420a82ed48,265.84571898815545,7395.85267884544,12.564211745074159,24.074623,25.748146,92.7737,3148.4868,-37.2962,18.80655,-11.130254,62.641033,19.810205,0.7661344
b1f497c242b67489cb74bdd5b49292cd,271.6021206214459,8810.332619066421,27.884394397381712,36.459476,36.614258,119.8113,2957.7244,-29.877504,17.812954,-9.036085,52.555428,20.808868,0.84545
33e3798da80deb6be8ba828dc8a0141b,332.0163479082799,11115.632776839688,34.689754937792145,70.43252,42.574448,62.1397,1659.0995,-20.64802,15.866518,-7.7997217,35.82801,20.057882,0.78551006
5016df2aec609e66c212184c14b7ab38,278.20186348881697,10152.522711977099,33.08766097609791,43.57159,33.620243,83.26879,7822.805,-25.065779,15.111745,-7.9498997,40.741497,19.360317,0.7318372
3ddc194ac68a6928ec52b24302959101,268.2269718540937,6543.830998947084,21.749065689379425,32.129803,24.797955,84.51188,3475.4429,-29.462547,15.480465,-8.494853,48.96969,19.848661,0.76922184
c2560fe868b080fd0d4ab94b339dbf98,326.87905320491194,22707.41761585137,28.68613082269838,56.376377,48.132942,92.44502,3496.7622,-25.440788,15.9672,-8.419309,43.228184,20.345713,0.8082118
b9313f1e693cc65cb1c04f02436c042d,388.053094808186,12118.39241336849,23.424859058524234,51.433167,39.953564,83.162,8066.7373,-25.667334,15.034348,-8.531262,41.323578,19.745676,0.76119256
519a97065aca8a652358483326a55840,337.9719341955339,10650.134890619942,23.445977293499475,42.8154,36.296047,75.09022,3054.6167,-26.971315,14.436211,-8.466289,43.60334,20.396276,0.8122207
a7fd79e49eb3c7fb9beabb03ba732261,323.03434025143054,19126.58771971836,46.47393237578421,69.5889,47.609276,41.993164,1619.1962,-21.44219,14.863984,-7.4786897,34.994904,20.027477,0.7831028
a6c491423ba069ed55ffd07c51869603,285.7380852399134,13153.328305094874,33.016935855631196,36.79983,34.07794,49.800163,2025.5712,-27.31704,14.874927,-8.210532,43.840965,19.316385,0.7285415
8c3723f113f4693d5b851955a7faa660,251.7238734479635,10140.603822571189,34.15319710273294,33.43135,32.519268,80.01934,4191.678,-30.301186,15.790368,-8.707029,50.257854,20.080362,0.7873128
2bded04aa8665676d66448d7a35eb1cd,340.4968369205716,20136.94385253121,26.994933238565775,44.09552,41.295944,82.26471,6785.5913,-26.021893,14.604541,-8.405804,42.52917,20.115614,0.7899565
fb53c378184eb847cd671135ab655284,406.9971063418613,12769.329935377125,33.46228008476512,57.597225,42.923275,38.49126,1007.3469,-23.883274,14.313558,-8.002689,38.107765,19.771088,0.7631674
66b364f93e94ba1b6eaa7afb7451a321,339.8030700777077,12758.851354933968,24.28119851370878,41.11629,38.042603,82.304634,3033.5398,-27.067541,14.338162,-8.746493,43.677383,20.46207,0.8174586
bc34b7cb107c2f87cef61cb084372d64,322.16140981632344,13176.388073252747,38.62486439838733,57.29073,41.856583,49.224106,4477.4097,-23.209755,14.625157,-7.526023,37.70412,19.847916,0.76912194
0cc0a543ca7fc71de4626522d5ed279a,301.7620903143674,30409.033461210245,60.94930677062255,63.384365,40.842144,30.06976,1219.3961,-21.111681,15.091414,-6.7783136,34.708206,19.430656,0.73713005
fc7746cdfec2996669769f3047533d49,269.1804573146247,12584.415424468107,43.01480861250382,42.680107,37.40313,74.879585,1628.2543,-27.871628,16.05711,-7.8669486,46.712994,19.911154,0.77409095
beb1fc06d133bc749a7b737f39de0542,326.73973743938,26906.7146196232,37.81582517257113,30.39291,29.79318,96.726616,4067.7227,-28.892082,14.763863,-8.704034,47.442905,20.700903,0.8366225
b143f004a38947c7531b8c4503f24546,405.92301377050103,15382.70284804781,36.90721446093328,44.460735,26.78796,42.047318,1434.6298,-23.35708,14.264454,-8.145362,37.60393,21.121807,0.8710071
96e81e73eaa46bf51eed30537b9b6ba1,417.0781405038948,13616.59029963058,18.992551943816125,77.9996,46.010822,64.24985,1891.755,-21.170307,14.642013,-7.7555137,34.428535,20.254715,0.8009899
ab01fb052dc8c3f44a7d08f849f134e6,338.92149433563384,18766.908960708475,38.883419836478005,51.71796,44.756027,168.47533,25602.977,-26.354214,14.584051,-8.178879,42.424717,19.988518,0.7800642
395ac5cef68ff467df25d05d238abe0f,344.90969138461367,11886.435430484009,30.98981613135515,34.672783,31.653172,35.291733,998.04016,-28.802904,14.256209,-8.729418,45.899414,19.83905,0.7684995
801d98d6b3202ba1901841a2528eb305,295.2717565446042,7574.169199385951,26.116390668469965,54.48189,28.401049,48.261482,4401.975,-21.324812,14.197749,-7.41904,33.778587,19.59347,0.74956226
79479e420f5c1f46680cf829a67279d5,271.3458802773665,6721.831040705957,17.809267444834898,41.38324,33.14423,33.26186,856.75195,-25.417707,14.751402,-8.126109,40.691185,19.211197,0.7205783
45fead0e2ef19f49a5064bc8f21768f6,285.0732796141879,22438.698659966718,45.92091550763522,31.45479,38.166256,153.86415,6653.7437,-31.247812,14.737787,-8.864917,51.30532,20.470934,0.81820536
7d235f38f6c46e441d3b8fdbafb5bcb5,411.497639049781,8611.551509195902,18.68551224909752,73.30587,46.678143,77.285355,3616.6475,-22.444363,14.997264,-8.013416,36.77755,20.016655,0.7822672
8bc97eabd7e26fc168c617aba6632df1,323.5760909056539,19813.225072720797,36.56954717082835,31.894194,36.49189,90.16522,16000.523,-27.679543,13.478744,-8.969605,44.540283,20.37071,0.81018406
680b7220c062c4fd50cdbc8bce532321,344.5567233353817,12445.515023344089,23.245657576809506,51.18498,39.760868,74.27709,3405.8765,-25.347347,14.906841,-7.9240613,41.223732,19.871374,0.7709633
ebbaaf1bedc3a415bbdd429b2fa996da,310.2690651844567,13792.13133747148,34.289270236391175,57.29539,39.367054,35.164402,1014.14825,-22.113771,14.531685,-7.585016,35.327114,19.883076,0.77190995
a4647dfaee825c4105e691c25118fc48,283.69946442342285,6210.981575996295,21.53577030308501,38.10736,28.711115,46.22906,2003.9617,-25.253275,14.4985075,-8.023803,40.16833,19.21566,0.72092366
ffa2b5a1e4d4669fcc6cb64e54ac578a,281.2052074726497,21291.97058962162,45.44777961905432,24.420362,25.696592,77.64631,2582.5872,-31.591726,14.36625,-9.004457,51.90586,20.691708,0.835933
8d0a35a3d5a1175a18af4732fe5cbb52,422.01953928489075,17453.707698925173,27.730123668827453,44.31455,28.768919,112.17356,12179.563,-23.533962,14.268236,-8.092925,38.480373,20.823477,0.84650636
e2a55aa5633d736bbd09ecfecf7578ad,397.49585909551746,15541.350913991117,33.16570626047358,64.33913,45.315556,113.45232,17647.639,-22.877157,14.670008,-7.863308,36.481575,19.72092,0.7593282
51ce1e5cae5bbb93cd9a1571a6d88aa6,336.0765396367436,15029.37942019762,26.519090622808516,46.44692,42.206112,61.977573,5127.4526,-25.663534,14.075965,-8.275413,40.662113,19.85033,0.76933795
5556ab519822548dc1ca8418d184a631,331.96058077388807,11053.427529542061,22.112206914461606,42.687805,40.472942,51.11449,4653.8486,-25.813166,14.091385,-8.171208,40.93572,19.683575,0.7564812
07c73fd4e05698ef798b7b7f6036a376,337.91817495979546,16672.598742496313,32.81244262420905,67.40568,41.585934,26.730307,1119.114,-20.521963,14.070065,-7.3422723,32.432274,19.950115,0.7770482
c23d0fe0764944960c39f4ee207c23ad,344.7934060045788,17077.196961808808,42.15261084239413,69.51619,41.85238,37.90899,1559.4379,-21.286186,15.038194,-7.0692825,34.463604,19.628044,0.752172
f00ca87f8342010653038f13ee12ad6c,276.443499728219,9983.700134835644,35.850944513979805,44.615524,36.77393,54.981323,2183.304,-26.363522,15.265495,-7.7097535,42.249004,19.396954,0.7346333
b94ca3718f36ded72fe1d7cece14ce14,312.9589502956157,6220.074624053833,15.708916442003334,62.096466,38.360912,79.8533,2780.2932,-21.704718,14.934132,-7.5892415,35.666737,20.066187,0.7861516
76fea7bfbae1f3ea9d0fa90f8defe27e,320.37398147475676,11063.938827905899,33.17200037859601,71.12387,44.982452,97.19335,3878.9224,-22.269365,16.045904,-7.67232,38.083153,20.029276,0.7832434
612a8a305b9c4bd944e16a47e36d665f,281.49269232903805,20390.260441009377,42.843650921026224,37.206024,27.938896,47.11899,2706.3713,-26.062475,14.546647,-7.9411006,41.160576,19.169374,0.7174868
6d4e3d03d16e92c462ca830da989df6b,279.1883537108159,5786.87897227683,19.411927209031173,28.45546,24.774023,77.21695,1688.3402,-30.21103,15.698887,-9.154296,49.388092,19.46915,0.7401046
1cd43e321583adc91abad4fb984d103e,220.7086397505736,9886.29004628219,17.957418540276933,32.328053,39.780685,58.8398,3229.1187,-37.8285,20.860567,-10.382183,64.53044,20.669415,0.83404666
239039ff34d1b45d60d50ae1c8dc2b83,442.54546083560354,135040.73915308306,55.577965997002906,22.90372,24.966976,153.69078,19793.85,-31.065584,18.985083,-8.064311,54.11505,20.753551,0.8408937
197838e1b43045dd48dc319b297a6d53,180.38611873987432,8386.556397025905,31.848693698283068,57.200535,29.739273,71.36115,16747.477,-19.327208,14.042038,-2.4074283,30.715933,19.448734,0.7385412
a49060cfb751c9608491dfc7663cc93f,173.5555059998104,8792.699470529156,33.412435247179396,66.9802,34.130943,37.761074,3909.5276,-17.381811,13.410998,-1.6822703,27.430805,19.363756,0.7320857
beb4c616ea94f5f1786d0841da5c80fa,152.0025270817786,3636.7311280988924,19.067458478357704,59.498123,33.546562,39.430717,2849.743,-17.930391,12.87409,-1.9116896,28.117317,19.649773,0.7538668
9156e67aaae65bd946632eb973645374,178.22675854470216,10254.244861780362,38.57508980123589,74.54051,35.324795,41.235374,4134.666,-16.169474,13.168749,-1.4977199,25.427502,19.421137,0.7364125
6ce162c55bff7773fc0e02b02ef778dc,187.72682169863063,16222.251176528942,43.94739643914959,70.00941,39.37036,30.779734,2730.958,-15.484979,12.578916,-1.3442711,24.2631,19.695152,0.7573452
8b8850e71c6177f0feee26d8538a106a,242.3679681588937,14765.747755696815,34.014074720190784,75.77692,45.089634,44.62464,1318.2689,-14.629038,13.102852,-2.1772926,24.166893,20.19815,0.7964937
6e87159264b206b19387233a2e9b411d,235.43837987318335,8261.103851365804,19.643505495581405,77.11989,47.657722,62.64929,3370.3357,-15.05722,13.296612,-2.7486763,24.844849,20.1555,0.79317075
e0df88494d5cbabdb90e551c5fe6a5b8,218.0927464604612,9392.331518105357,28.055894782133382,66.718056,33.199924,63.66008,11587.233,-15.300366,12.411735,-2.1034052,23.52674,19.916098,0.77446294
5ad9c6686e07aa85c4a756f3fc30db3c,214.14986036526082,9767.818301561758,27.67116508980338,64.448456,36.105263,50.354683,1887.5065,-17.161575,13.379719,-2.4443188,26.943905,20.97276,0.85882235
31b4e7f3c2e7805c597118182e7ecace,191.46573770410208,10874.396043684686,39.46201404317567,70.45252,36.057247,38.693047,4347.8467,-15.492888,12.560915,-2.1598089,23.97899,19.423294,0.73659325
070cffeaece15c51db98303c9fc0d161,181.9566884677025,12317.746787759654,44.17822328538359,82.110535,37.865986,32.803288,4343.0396,-13.948361,12.617532,-1.0967773,22.259455,19.610748,0.7508692
3184b4769224d46b8467edcf9b3d80d5,221.59932231324504,17308.4973458406,46.33486664588676,73.40863,44.264015,22.73351,643.88904,-15.183612,12.243798,-1.7926313,22.946249,19.372814,0.73271745
df42201449d783feb11746352655bb2a,220.7058443374023,11755.836423320156,35.866560487869755,67.655655,36.942368,28.509129,844.1463,-16.247059,12.75646,-2.4002333,24.834541,19.44574,0.73828477
57f2c26ff25c837c37b060b832a9d0f5,198.3571147122952,8833.946459665687,26.515718026468466,68.7092,34.655167,30.688343,1599.3014,-15.558385,12.556516,-1.813598,23.56071,19.957703,0.77762765
743ef036f4d9ef1e8e7cd4f29c368e94,173.70224019541965,6741.822302584901,24.45118902371976,71.58764,35.317005,29.301779,1127.0872,-16.282028,12.999174,-1.3154855,25.166868,19.330307,0.7295575
144dc1f38f40c11bd8d4a3dcbbdbbfc3,229.34795239553836,7851.507546623657,24.215429732941004,81.56021,38.6359,17.627275,505.76935,-14.121156,12.395353,-1.673076,21.418331,19.590433,0.74928814
e0c9cd6053e21f74c43d82aa67ebcb61,190.4228371643687,7993.9707136130755,33.86626148849017,57.149014,28.221384,27.509916,780.14856,-16.74967,12.677956,-2.1512046,25.578968,19.45164,0.73873216
0eda2544fc765cd92d866796448dffdd,209.4592839959863,13584.571835409723,46.937750425475315,81.71389,34.16576,31.971943,3815.7163,-13.688662,12.275841,-1.544781,20.991716,19.60688,0.7506103
92726317631f1de6fcc869edde8cb80f,173.6643141258627,10119.05976057259,28.515671526648127,55.1947,38.872684,94.55534,10717.456,-20.88615,16.590929,-4.2353354,38.683083,19.94551,0.7767021
1ceb7cf9d8321b10e9640f4a96326fd3,175.4216206730024,8948.462630897578,14.879927180734212,37.60737,40.121346,52.320763,1186.8839,-28.165537,17.370316,-5.808283,47.1667,19.727772,0.7598944
a326246fd8fce97daec83661536439b8,211.53102783935367,5087.936092694585,15.940300979792697,63.59926,38.347286,42.66485,1287.286,-19.509003,14.228893,-3.02835,31.570574,19.346407,0.7307478
6adeba4707ea1d86e35fe208355d976f,185.50902011713978,6964.734680168429,12.727616906382348,62.17244,36.903458,67.37946,11953.672,-18.7907,14.263785,-2.888809,30.998182,19.24293,0.7229657
493696454ed7b98f9205c78ae2c53c2f,221.74780182871075,8728.656587079737,26.189586629515016,65.70088,36.651478,41.615227,1644.0283,-19.017391,14.157693,-2.430548,30.724863,19.213,0.72072697
31e5b974b60a5ae879c308e5e56b302d,168.65636913550765,23256.252169764128,28.780174432187067,28.242296,29.542406,40.214825,2832.3474,-20.864698,12.513728,-2.829781,32.369976,21.32612,0.8879883
1281f96433d5315936f4cc8b983bcf13,244.54124401765122,4502.6451837375,12.886537773121104,63.571877,39.686802,60.260395,2386.3252,-19.909752,14.563279,-3.8467474,32.859283,19.41499,0.7359684
72a6a2409cd7bdf99d28d9d1c2f3a7e7,255.32834860238316,4909.734043385864,14.963451917139484,73.19836,50.175552,129.47696,21684.0,-18.767574,14.422924,-3.7756722,30.817768,19.002203,0.70501727
b23bcb6a7fec4f9d6275fcc78d0f442c,215.90322600543445,11939.597039538574,29.816601106449735,79.14889,47.194584,33.233604,1620.8223,-18.572557,15.171185,-2.4642828,31.659775,19.19327,0.7192067
551163eb5cd0128c1d3fcf9fddecf21d,143.27687950654212,5425.471309693315,16.33629990771131,42.048477,31.891388,46.746323,2268.8325,-20.671144,13.6841545,-2.687684,33.152275,19.89695,0.7729477
1d6a355751a8878aef7aac9bf6f22825,191.91562163746525,2339.760318524829,13.753836515067674,62.467655,38.604298,48.689087,1782.1956,-20.054253,14.504257,-3.479687,33.027554,18.91665,0.698661
6ab088b79b04e5672f09412a47f8ca6c,164.58051410059255,9096.478390471677,20.841651620740116,54.39538,42.90569,54.353607,4717.421,-19.881826,14.777238,-2.700468,33.713703,19.728256,0.7599093
7d83e0b764393a2b675f9c27e731245a,201.00911995519374,21561.730829736764,22.657595961383226,46.76893,42.756134,69.92138,8504.959,-20.310688,13.517061,-2.8907456,32.31612,19.98296,0.7797208
cfd612ebaadf330fb353dd0895d450e4,256.7828507254895,7682.244842784491,25.983674518061427,74.737495,47.420395,48.738457,1350.6503,-19.95545,14.198442,-3.4954646,31.87173,18.959734,0.7018278
779562b6c17bd17a317e78a8f94cf441,209.6115830606507,8235.392689158647,22.067203757765117,60.55955,35.250565,42.210205,1575.1561,-19.482458,14.265319,-2.5945866,31.989634,18.927126,0.69938755
dcfad1d976bc78721ef677c25a430c2c,210.5373305780271,4961.404430845878,20.566951367994687,80.890785,51.126698,36.83852,1387.9266,-18.329218,14.208699,-2.4572232,29.72446,19.366055,0.73227394
ee5bd28fd3c7f4bec7ec439da0908292,183.6552171176407,5779.034878634984,12.050122166036584,55.584465,42.52261,60.922836,10389.177,-21.744286,14.82784,-3.3891354,36.06652,19.585289,0.7489273
22de431ada289ca3ff56927544c85e29,303.13616805823017,57573.165473639645,50.38914103891633,30.295704,19.900837,36.718884,2331.939,-27.758017,18.578001,-4.1717114,49.25646,21.971697,0.94258976
3c7689cc8fae188d01f2e983dae64fdb,199.1037748135522,20002.231554114813,31.51466929770897,38.67646,24.507431,74.4998,3882.912,-24.463644,18.077335,-2.5440834,42.409943,20.15706,0.793306
0041a12337717d0362fd8b07643fbaa4,126.72417936005452,2828.9857385034816,9.40936122000332,52.391575,31.717611,69.1291,1646.5275,-23.315474,17.95723,-1.4174284,40.020897,19.891129,0.7724714
1a1b5aaa539ea58692c82a61069f0008,173.52859442474124,2674.670428895423,11.615676491993785,57.328575,30.261423,49.55886,1490.307,-21.047878,17.01298,-1.4715451,36.21932,19.075489,0.71040285
a2130e1000e15f0862e79c3aa953a3a2,132.35411887137843,2617.1247927136524,11.319998160049808,50.63045,28.52016,78.69139,2206.8923,-23.025677,17.928429,-1.2079319,39.356564,19.681074,0.756252
f046e2e44eb0a1c1c1ec9a18070debaf,176.78132549970505,2448.9798438497214,12.343197229802826,73.49949,40.783978,68.343666,3197.346,-18.87906,16.793135,-0.85630405,33.116493,19.317032,0.72850627
dcbcc12212831782731f26dfdebc37c2,301.8636510299432,23625.47512729403,29.865386715493507,50.20046,26.698332,101.40353,5904.8877,-19.892029,16.340378,-1.9427423,34.971077,21.591278,0.910172
664b5b8def92abdbe100bc7b0caa88ae,181.4852303368497,3455.821043254876,13.784647798812026,73.03385,40.866028,44.92683,1979.4774,-19.123941,16.318016,-0.73526627,32.33738,18.977188,0.7031134
521b2e6ce4d8a7a7c735a4fea048b91b,185.4994143180466,2752.0837527634217,11.928057037445484,79.06095,46.25167,62.94394,1498.8538,-18.22231,15.5586195,-0.7533953,30.841444,19.157438,0.71652395
aa86fdc021fec3b310e350d7b20d1837,165.26177016859066,2549.884595120578,12.776090560124812,80.74297,46.309372,71.005196,4658.371,-18.920687,16.172523,-0.85207313,32.251625,19.151785,0.71611947
44f0084d7989c236731f80f526f6a982,135.13669137111282,2740.3821532671195,9.235201523151574,60.112793,33.330173,85.00019,5337.131,-20.428051,16.965204,-0.81877553,35.128033,19.762764,0.7625572
8ce93a6f69a47251a68ae0f255b0885c,188.53586367615074,5762.8085208304165,17.431540945524258,74.47025,39.034164,88.21095,5833.2363,-18.46526,16.937178,-0.881473,32.662117,19.353922,0.7312477
c6d88ac4bde5474758a7e1e199efa237,262.41406432954034,12638.264566729533,25.374129681026087,53.040176,35.55016,86.4396,2752.3518,-22.462034,18.832548,-2.3765922,39.192272,21.571594,0.9085283
1cbed2a4bfd45798ce1251724c444615,142.56759408226108,1358.555682280659,8.810353641800264,66.402916,37.30175,115.81244,23889.102,-21.432018,17.094238,-0.8172165,36.096493,19.247896,0.72332644
5e2701262beb37505792e99589575bd0,182.23842779169237,2989.1104955885717,15.376367467263504,66.481606,37.300446,92.79027,4915.9404,-19.515612,15.856408,-1.186014,33.098633,18.992744,0.70420563
245b54e38e1debb9e7fdb8ed2ce8c547,186.14662966385163,3074.1148851721564,16.788848051849516,72.562065,39.569237,68.05711,2069.6392,-19.822742,16.24285,-0.96851313,33.524014,18.984016,0.7035693
08ff359e2f859c1d24bf05fc23975d2a,170.76974741716262,1619.0636869444998,9.330584358351649,84.908104,41.813293,70.34137,2120.6438,-18.994818,16.458853,-0.6639372,32.91746,19.055687,0.7089459
7296ece54e0a070de7678a81bf568a76,123.3065730269245,2167.075260607478,8.29998190055715,61.449226,39.329575,78.497025,2996.9111,-20.885515,17.208893,-0.8024214,35.706306,19.8137,0.76645094
ee03ff0b630b599b8750717dc980a02b,179.45010715922217,2465.8982288019392,14.769910676346562,77.78439,40.923542,95.41919,12328.199,-18.416414,17.053343,-0.934584,33.273838,19.251322,0.7235234
c30277797e172145c2155941282f49c2,117.97147061133893,11096.841130148649,19.43161441253582,6.6986427,9.303236,100.20162,4660.314,-33.69824,17.20378,-8.102066,57.688812,21.649391,0.9150818
8f24405687302773f12e73bc8d871b98,210.55571036118235,19950.75726535467,32.36612556412108,15.799243,13.223288,70.37428,3154.8123,-23.59824,12.632675,-6.436171,38.216236,20.98271,0.8596206
84f06675e6799767f3b64b6f8ad50763,152.99060592441407,5278.445111413291,18.49864062526576,38.11252,38.834797,56.2225,3561.0427,-21.63476,13.871017,-6.391607,35.8011,20.347822,0.8084309
9e29b0c431a15cd0d73d3e0cf9fd6741,162.51431501872784,7877.6288150262635,31.316482888809443,57.385654,33.438393,31.137934,1167.6423,-20.804071,16.111202,-3.6437185,35.69008,19.927685,0.7753403
919294c9528d740446bf95ad12e20132,194.39389734047955,5164.890694901786,20.901703881991764,78.47469,45.6657,51.11062,3985.8188,-21.011625,16.300234,-4.000818,35.702816,19.58354,0.7487758
be5c3c7f850bcb5d6cbde5b52c0c8d9e,157.40852585101786,5761.752973570003,20.708235520511995,66.5009,44.300373,39.143795,1272.2333,-21.444752,16.67783,-3.9637141,37.08907,19.660458,0.7546768
eb6de8a3fed419334a3124473d931f48,187.1156263247111,5426.485675667819,22.372706940626685,78.8836,44.126358,66.65177,5365.0723,-20.705666,16.928867,-3.75805,36.158882,19.61399,0.7511125
168b16c7edce911b5f06cae90c0cb4d4,178.0840392516693,8471.469779415893,27.219602031287643,46.53861,34.143356,54.617905,6228.1187,-19.488352,13.698631,-3.9023097,30.86878,20.104767,0.78920287
dbd5689774e32d0e6c15b6c2a8e3e280,217.57883992231638,6801.133233133692,20.11243317014655,58.889698,37.18963,77.03267,3838.9548,-21.008677,15.026859,-4.757668,34.049023,19.700342,0.757722
d0ae9ff3a14b866b423559997bda6809,201.41936760842253,4844.671245694644,19.779998552400503,60.163116,38.676666,71.236565,4013.5374,-20.675016,14.836277,-4.739152,33.289406,19.503748,0.74269915
d2c3e737c0bf1da22406553fabbd4537,201.0550497837859,5572.817315104038,24.966012342588666,68.35301,38.550583,49.009827,3391.1472,-21.653202,15.887768,-4.594892,35.661266,19.682604,0.7563895
f895ebfa31ee327676a2dce8366a0359,174.48113264291555,5352.871850458872,24.887200128624762,67.82942,34.299828,36.59591,1075.1466,-20.692482,16.71272,-3.8085787,35.848503,19.278028,0.7256032
c850d74d773a5a7677e850a4a7ee8336,184.86943513121022,8173.543432693772,32.64827092355332,59.88946,41.190235,45.324234,1282.7555,-18.952932,14.6669655,-3.8852699,31.615086,20.290558,0.8038113
00e97ceb3eaa139efcae1db089c12b54,145.63325609252206,7557.112053885003,26.977354008903383,51.025993,29.142162,30.271631,1070.7598,-21.213041,16.381449,-3.5904095,36.60711,19.211906,0.7206448
3ca457134ffe2a35c7bebbf1900eac33,189.71606406683796,6305.702740170405,26.111318641769206,68.43516,39.556824,52.04138,4124.0073,-20.305122,15.725506,-4.2506557,34.158405,19.336912,0.7300242
53256812067a313e0ac18cb007a6e1b4,210.04423820266976,5071.171010143711,16.82524311017781,65.798515,38.055546,127.15976,30561.94,-20.305593,15.161383,-4.5872283,33.180542,19.300829,0.7273021
3b6934304f804581d0ec3e0aa116b7bf,194.4465690738505,5799.30730368635,17.10932610425122,60.308544,40.55342,50.60031,2906.7097,-20.80226,14.963773,-4.466927,33.829098,19.779894,0.7638212
bbac0cc0b56dee3654f728117b8edcd8,220.07967047439627,4453.561491398147,15.626739568670558,70.62176,37.952694,63.787704,5099.351,-19.951178,15.162474,-4.246118,32.795757,19.247707,0.72332746
8a6f5c6fb88022f00d0b231739e0436f,199.16971469086593,7094.834898153849,27.32900652889973,71.87771,42.444153,50.292164,3215.5112,-20.2496,15.137271,-4.3841786,33.470867,19.45885,0.7392687
00a93a0de2a3efd80054457b2343ffa1,170.55998585672077,5463.402274608353,25.45372981661284,66.101685,35.499294,42.02383,2286.4175,-20.47765,16.299692,-3.9211385,35.228058,19.29875,0.7271852
532e12ed59ae1b80f9955b61c38fc256,169.91503129435648,8466.732160106108,34.09715993961023,71.95045,38.057495,33.561207,1417.8533,-20.538345,16.532627,-3.440324,35.67062,19.696354,0.7574334
62eb7b610f9e8b02e71c1dd36d551a81,188.63489092125081,5540.268981465027,22.448927972281194,71.83754,42.814133,60.3362,6255.5356,-20.427464,16.398676,-3.750849,35.060604,19.442331,0.7380265
3f7033a2db55957f3093651398af69e3,281.6293846915465,35675.0131413615,32.13638953212881,35.943703,53.32686,176.00722,5554.4385,-36.345345,18.853523,-10.331235,61.294502,20.582787,0.8271646
2481f3dafd7766ca72e2abdfa36f708e,296.797867761279,11472.617342998483,20.53557828756002,52.835724,54.122105,192.12926,13062.483,-27.706715,18.397459,-8.4196205,47.59527,19.838081,0.7683712
f6445e4e2c591d5c5c9171ef98ae13e9,227.81677610599857,9655.633631220566,29.514716465923964,58.26457,45.93704,73.6816,2003.5693,-22.485332,16.83918,-5.945274,38.334328,18.955957,0.70157
48171d83cc1e1c50cf5de0205df5f716,299.25713373545676,17964.765901214334,31.887856038101052,52.756897,46.626007,139.23402,8261.383,-25.14064,16.771252,-6.8869257,42.470398,19.468136,0.7400313
6758ee79878140d2b1820f0850695228,301.5894994613308,21317.27002474336,47.137249231844784,47.991154,42.059765,136.62172,5082.433,-26.258055,16.694088,-7.2432327,44.046616,19.67582,0.7558729
a1c7417fe04a9120c70b0b617b27b1b1,270.8267121621515,14914.225928584643,39.687987088803624,61.07175,43.157814,72.69026,1568.0525,-21.8074,16.439402,-6.4942417,36.72842,19.226612,0.72177935
afbfeb9adfc715d30415fcacfa2925e7,196.11457066000037,7009.116123200192,31.306727553260853,47.976818,33.82632,123.80816,6787.9873,-23.854008,16.735872,-5.4961576,39.97454,19.550215,0.74627423
dcbeacadeb25c44350bf24f1f59b4d74,330.0462062755045,32548.692754018528,44.39880593801977,47.612732,40.556923,253.38368,9855.887,-27.72663,16.933794,-6.468982,46.50574,20.415781,0.8137976
de391989fcc6a3c1e00dbaa1c8b10fe6,440.0652299986188,23087.098166156433,39.50749837464667,74.18439,45.809322,65.98456,1930.5236,-20.974794,15.50295,-5.569823,35.167816,20.493326,0.8199711
360b590c8ec55d8029fa5970ef9a14d6,326.2285854455326,24379.3938848773,42.870621530796164,49.693928,38.91928,116.42256,11484.464,-24.487999,15.658495,-7.1484723,39.912548,19.299824,0.7272708
2a5231714cf21ec4da9f3c006b04314c,240.1908158901043,15688.920164887397,37.87509445592229,54.997585,38.59467,121.97893,6269.4375,-22.307655,15.652195,-6.182996,36.820843,19.499866,0.74242944
1135c0b0ae1015d6a0b7901b2f8d03bd,224.71229825349107,9958.113415064548,40.31102945351777,65.76438,37.113106,77.21328,3481.589,-20.102581,15.949771,-5.3490562,33.114525,19.021019,0.70641005
48bf09679409c63d5a54416b6571f816,254.04216696061633,22141.106299189996,32.26388312028515,61.31764,58.22323,181.09619,7102.8384,-26.643517,16.923962,-5.338842,44.572758,20.826786,0.8469459
554737d41464eb9f328478205283fa4a,458.764997634205,21156.037926115478,21.4505786849975,95.99051,49.350273,153.43016,17026.445,-20.704472,15.091376,-5.7627573,35.255447,20.80965,0.8454603
e19dcccda33805882af0cc5515842b77,377.90773703169816,21823.99710946719,47.87611714751858,65.10592,42.9768,138.0886,5879.132,-24.88643,15.99366,-7.09033,41.120792,19.325148,0.729142
55f856642bc382d50664221577ac189f,305.14235308437287,19787.070799056506,32.764218948687194,53.470226,46.618195,178.69214,10456.647,-25.695457,16.484205,-6.9479814,42.897224,20.201769,0.79680395
abf1b983a284ea87980e3e8fdf3be64f,328.0347827809232,13613.348979307324,26.628426082256585,71.61849,48.76088,110.14676,11888.097,-21.518026,16.039043,-7.17672,36.36493,19.650759,0.75394094
432cbd36668ef90c495ab00ad953c39c,214.88520294656584,12302.069631659411,49.894399701252446,58.439396,39.36669,94.836266,5966.705,-22.929337,16.490526,-6.347754,38.58375,19.306473,0.7278121
2328b999a898a6d5164ccb849054b7b1,209.32515012655912,8532.093843765211,35.29678436959156,57.577976,38.422653,119.3374,5564.3394,-22.487759,16.021582,-5.017092,37.27847,19.415224,0.7360164
e42cfc7a192f0a3b8d138b9936e7b4f2,319.22651014823515,29948.53711433647,44.339468608223285,58.89234,52.821297,208.45415,14260.735,-26.095287,16.514622,-6.191698,43.740738,20.467577,0.8179573
e851e2fa957518807d95fba5d38699c0,452.666685726775,28388.28627168946,26.946106738111474,79.56332,49.198246,121.07521,5616.062,-23.58824,15.726582,-6.2992125,40.326153,20.731575,0.83916235
74440d7a9a3db5ea9ecab1ddf67fb25c,358.19603592086094,23304.34816102955,42.00235272975675,63.586052,53.216118,94.38691,3543.687,-24.403418,15.626152,-7.267348,40.08354,18.992126,0.7042766
49697e88d61e4f5204953464f8c38976,236.20874911898204,15093.143644260641,36.369141679366436,49.070118,44.30945,80.32141,2502.3022,-25.815727,16.498156,-6.6933675,42.83112,19.32411,0.7291297
ce9a44f24fc152497e9c4acbffe5f228,214.40351074712333,13167.522621291047,44.35118135927146,60.30877,34.515545,150.54976,10582.466,-20.525812,15.99949,-4.9675817,34.05247,18.97401,0.70290315
cc769cfee2c5d0d5c334bd0b1c8da778,209.28348729764235,12101.016200341504,33.904885996362864,45.405247,38.048256,318.30008,13275.914,-29.28708,17.301218,-5.207563,49.45222,22.10702,0.95425403
3970a514435c24591a03fc5b8ff7f7a4,415.4339481217814,24483.56731145015,40.65557167544955,63.944794,45.341686,121.20131,5011.453,-22.9412,15.990188,-6.9170117,39.063812,20.057133,0.78538436
22e60a65617884132c4fb6945630254d,327.87076350865505,23697.391490390964,47.785142733539416,62.633274,51.36074,146.75475,16913.414,-24.12864,16.012661,-6.4040184,40.071033,19.67692,0.75592065
5926772d2cf4f55d42bc316e6a88b2f7,262.56464438036727,19586.47964342664,47.49782752282101,66.69688,54.442104,83.99347,3075.0564,-23.03915,16.33675,-6.080128,37.996555,19.362984,0.73204994
6d4e1214e348d3076225912c8453a5e4,191.49831823189163,9774.602161608847,49.3973008429375,45.336502,25.607548,81.360634,2636.815,-22.811508,15.923403,-6.210059,37.02223,18.96,0.7018763
6226675fd523cb376f85ef202c28143c,220.61655705290698,18003.580477111806,37.17706491145572,40.60039,36.256374,210.9364,8558.058,-29.739218,16.919878,-5.9755836,49.90602,21.093576,0.8687698
b1567c1cfde278a8f54cae3ad3a9edc8,484.5351136423028,20286.129912957203,30.698422210830415,101.36591,51.755352,76.90965,3007.5483,-21.359413,14.82394,-5.836763,35.470615,20.228733,0.7988837
1a1491be28064d0288c834625cce4b8b,312.6638878466763,25833.830606169893,44.63254480383916,51.15933,39.189938,105.399086,3699.6836,-24.695677,15.920361,-6.5543113,40.809723,19.66111,0.7547502
5d95cb5fd2f8cbd90c861786a0bd6fcb,250.06596077378347,19990.33342938339,44.8971805678392,63.713104,51.06033,76.65143,4682.341,-21.356632,15.333711,-6.0295987,34.34666,19.007359,0.70538175
87ea903b10a9c54a5bd8210f18c21716,194.26812208047662,10090.953333947502,40.8196257775158,55.474796,34.35688,93.862595,2780.3535,-20.787872,15.289017,-5.47426,33.740376,19.057762,0.70913947
9a7b2ae46d11c0089abc07d8d682b4eb,260.31708116030813,23407.209270362768,45.28408427634938,52.43735,47.616196,213.82823,14533.998,-27.764938,16.741234,-6.218794,46.8727,20.613468,0.82966435
15916e5b3f79d74772fdff10dc6f5f73,501.33716578324305,15687.780699785953,28.826802522284808,88.38928,51.978703,75.939,9819.253,-20.966276,14.919383,-6.4252152,35.09421,20.389118,0.81157815
aad06a0ff0d98b7cb567a9b44f631b95,315.82738294384905,21796.35465020908,54.64629841735688,61.525837,45.45731,143.05652,9525.513,-23.127264,15.785828,-6.1644793,38.24637,19.420652,0.736388
1c496ef22185c9ffc88331deb2e456cb,258.8181934530647,18814.18013340713,42.88287524214335,60.73991,45.163242,65.82097,4241.0273,-22.216345,15.680192,-6.366869,35.94996,18.97792,0.70320845
73c1940021e8f78226288c76a4d373fe,201.76303348180494,8588.972697908388,38.434204698841135,47.65386,32.77382,154.80957,11564.172,-23.596235,16.139355,-6.382222,38.502205,18.998865,0.70475674
0d70e16f0dfc3d7afafc9e8f8325d18f,327.75847611179194,29697.231448040697,34.57168897621025,84.02592,63.78813,118.715324,8299.167,-22.802774,16.625803,-5.283516,38.645943,19.990173,0.7802331
9486a03138970135eb3dc6bacd7a3fef,397.20625033222575,22252.199113095903,28.628158384401484,84.246284,59.80696,111.84145,20937.318,-21.71709,15.617086,-6.1236615,35.77647,19.69932,0.757684
f2bc203f7072e93c553f6d064b8d6b62,311.43321417812245,20853.072313385703,26.38065811123769,74.73993,57.519615,56.085896,1428.5466,-21.686455,15.739958,-6.2883286,36.023666,19.078966,0.7107042
5ca55b2cf6a6bf9adfc33cba8a40df8b,223.68805616492028,14636.49732047176,46.43589143640905,62.516876,45.623363,125.72014,5985.9097,-20.751913,15.589222,-5.1721106,34.254696,19.080532,0.710855
d04a000ea30f056cd8f1bc9194f4f791,229.2606259467826,18856.138362716174,30.908981625609623,47.46564,36.92335,131.7836,3153.5742,-26.301704,16.65262,-5.8668633,43.81288,20.373,0.8104301
f0ae8adbfdd6de76d7d06aa30e39ff05,420.0580669285037,28862.184995883137,32.23445511383448,67.25764,37.71104,41.79723,1249.2516,-20.687813,15.109337,-5.8877,34.363598,20.222227,0.7984168
079e26950d67f09e221621c80d7faa2c,380.1147059430196,26818.932226479857,28.73894587578667,81.06761,60.68862,130.50221,8876.878,-22.757965,15.997041,-6.4640074,38.64255,19.627293,0.75215906
1223d222ecad228492b210c723da8a59,323.8651410152013,18403.73933772102,37.36716040523275,75.29737,53.955406,97.10146,4385.0044,-22.778702,16.29364,-6.4298763,37.69228,19.41827,0.73623043
befda9b5c11745b6df2498207d933331,201.20235938832016,9519.136822548287,35.72486299834652,65.79168,50.183388,94.36482,4829.011,-21.186918,16.470247,-5.761584,35.710117,19.21138,0.72065026
59f568d78180c0d378937dd77916ee03,206.3191931808224,13907.247380664727,35.80101825962338,71.15578,47.399284,92.15707,7235.722,-19.000847,15.263176,-4.251202,31.066961,19.035164,0.70745325
c43eb48181228cb7eb80c884074bd066,289.2087897176116,20300.503964017422,39.511157049420056,76.25497,56.39631,71.54928,6201.534,-20.554626,15.692992,-5.6336074,34.673203,19.262684,0.7244506
fd5642d9a8c1b31fa3312dfbc9a03d1f,215.06108322196513,12018.454795097152,38.69953950446641,66.95607,44.48286,85.6983,5551.05,-20.483286,16.346596,-5.6249733,34.411438,19.111713,0.71316296
67be17bbd57174a330a318957e88438a,202.14049992284544,10454.498185030394,39.3937122023944,61.674416,35.108055,97.15111,2754.7427,-20.557692,15.726576,-4.9127073,33.698616,19.174013,0.71781045
f47e044093cab360ef64f00c7d2bc22d,315.516252834368,59874.0022131356,19.136589072764203,29.642164,35.85852,147.12415,4645.239,-34.119823,19.504942,-9.77903,59.83604,20.112202,0.7897248
bca18270345822d1e6da11c4c82bc788,278.1333242439436,87143.58495456068,36.44721737451776,30.747759,26.88424,43.613785,1610.2216,-32.185596,19.936354,-6.018457,54.772472,20.05568,0.7853121
1a3c0d98709158d580b1d9c0ed6a1ca7,253.22540635010498,35809.48122166162,31.13876661582248,42.479816,24.003763,65.12688,5160.2803,-21.38391,19.827576,-3.4689317,42.411858,21.360197,0.89074486
87e24a16d516fdc6d30a820c6644469a,183.5571163938608,6361.637609917227,23.751888756275033,72.528786,37.844513,67.705864,7099.556,-18.972675,20.643414,-2.5626535,39.698463,19.312347,0.7281525
3641961d19533befad2d56f04baf92a8,180.06194383647141,6788.789408127419,28.932996642146357,80.18154,40.581085,35.278656,2549.9514,-18.17431,20.902853,-2.1734986,39.823742,19.185692,0.71862555
edd5a3a324292d84fcf05f09dffaa464,220.37163610132853,9376.871314576234,38.49098382114359,83.39476,40.76814,30.140345,1172.1958,-18.664402,20.688671,-2.512616,39.7689,19.058844,0.7092028
c52477e2cb6708676802983de97578b4,168.37748175301206,5910.499959271632,26.71406586261501,76.06031,34.279175,31.921606,1862.5132,-17.26355,20.145243,-1.9805081,38.04942,19.767212,0.7628727
06a4e11d059927d2547c290654c19cee,191.723586769807,6718.495561591871,25.634004731685508,72.52972,39.434483,45.075027,2105.991,-19.533363,21.117918,-2.7242613,41.588215,19.428108,0.736952
667b00e4c202e66b9a458131de1c0575,212.2584115461089,7300.205931855507,25.905431919852123,84.26684,38.945015,36.994877,1822.6669,-18.788637,21.13888,-2.1860988,40.111797,19.075693,0.7104183
e74ee2e57f2139a87e37eac089f261b8,219.50017934380196,7136.925505559534,25.087180455402937,83.307556,41.86358,35.57094,2177.6277,-18.649763,20.946411,-2.5127442,40.035984,19.354948,0.73138285
3e08bf5dd8f8f8fa75e58038a6ab9c6b,198.1040996082126,6664.408601028843,22.98991834134005,83.016075,40.151474,29.602587,1236.7269,-18.45807,20.996635,-2.1896596,39.90928,19.241497,0.7228239
632c7633a5f561b46ff541be8e92b11e,186.4839375076395,6997.369471450339,24.758247264034498,78.60783,36.594406,34.236767,3510.5366,-18.905077,20.717413,-2.5591471,39.36432,19.033674,0.707319
cd9461976b8b2044122d3d2164278b14,174.72560312342463,8258.50073082441,23.69229449406873,68.03285,36.025642,55.49345,4289.8467,-19.725922,20.271507,-2.0766819,41.221252,19.691814,0.75705624
165034792820aab61e30883cc51726f6,174.03835336959898,2502.8879410200648,12.59151372691183,76.98397,35.50841,44.4392,2973.9316,-20.620602,21.72313,-2.504554,42.54089,18.990986,0.70413345
16181999def5246de32d5a6b60e59e2e,170.27967858986815,3387.291942784057,15.19821441317205,73.66152,33.498634,39.48379,1137.1653,-19.998869,21.407867,-2.3619533,43.249226,19.173386,0.71772134
ef4b8160f5a5e6f21625b08b8f4ff26c,176.58443010694825,2890.706720839084,14.53374459881482,74.07211,35.694542,68.10061,10354.343,-20.946142,21.353493,-2.8585892,43.792835,19.314867,0.72838867
707ead6074108a37eaa1797fd9babc5e,252.85837865125927,10244.178213308163,25.676504402477242,82.10957,34.54649,116.5521,30382.988,-20.210234,20.672121,-2.9748726,40.90886,19.177994,0.7180743
223eec154f224832c511afd19ae505b1,220.41201636801193,10766.518015678264,38.272189651519135,76.39412,40.894634,49.89778,4655.0283,-20.994831,21.289392,-2.6496787,43.24919,19.22401,0.7215534
1328e11343f38d647222e7d90be49e36,234.44269112079425,12967.605967071964,33.80263988761322,83.178154,39.55348,40.611828,3722.7324,-20.608795,21.474611,-2.5390332,42.492508,19.16177,0.71686053
14b6cdc9006187c8c4ed9104ad9d5988,172.0724813400846,4146.922220540594,21.49706107625174,74.5153,31.223675,29.484484,784.4309,-20.772394,21.454056,-2.1317656,43.113518,19.053812,0.7088074
687e0d98f56827f4311fb3513bc096aa,160.22850790895208,4058.3180953380497,13.003241711055235,66.483665,45.02212,89.8085,3203.2751,-26.085752,23.404074,-3.9440696,51.761585,19.659883,0.7545386
86cce1455130644765edd89a7264c82f,153.33922599481022,22128.086118847477,43.95916965940545,24.612503,27.55404,66.66387,10655.31,-39.5032,21.960054,-6.2035675,67.09676,21.605566,0.911464
78f20e6ab2f60c5b54d29edd27f122d4,112.10256646561456,3460.3243315852656,21.263827438728757,36.74952,17.501862,31.321875,1295.6926,-26.015146,20.020605,-1.8316405,46.91056,21.608952,0.91176254
4372c9ea36864066e6774c0b04138133,175.60087836034768,5071.799275975435,17.646960596436074,44.411648,20.75141,40.453773,2099.4297,-26.729128,20.503765,-3.1616127,48.605537,19.585836,0.74898875
c59b57ca956f2a6cf59019af9d085ec1,190.3803349247475,4162.364929382855,22.77340316300206,46.30096,21.019562,56.67973,5709.492,-27.889114,21.22427,-3.3170612,50.999676,19.112904,0.7132189
c6be6fdadb5bd52fbd315512af0167d8,185.0080475556904,3867.5528359372584,23.446639092398698,50.823597,22.803062,31.656984,826.2103,-26.53593,20.414715,-3.1081843,48.312534,18.93581,0.70005697
9398f5cc2fb64e1f086015a841bc7d6b,165.07636683073878,18906.03535783628,35.01174561213731,39.283276,21.538027,51.455044,1517.6436,-28.236713,20.085169,-2.5718906,49.51026,21.820068,0.9296842
c7eceeaa5e70108e4a1fb1c0ce2adeca,221.98508049035502,9760.24891323357,27.79983299232782,41.49265,20.156067,33.277676,905.9417,-27.946613,20.885609,-3.6034462,50.6816,19.135128,0.71486646
ff4d30edac49175fbfc03f29acc18f51,213.4258631967248,9245.769468322496,30.589725143145422,43.470634,21.265532,29.952347,712.2585,-27.205889,20.856821,-3.5435605,49.476017,19.34305,0.7305261
9417427c1d724c5c73c63b6b632ff79b,237.6227793231622,8187.716632628827,24.398416409385895,43.69709,20.257755,28.189634,1274.5731,-27.81383,20.922379,-3.578562,50.022594,18.878683,0.6958624
e9feb8ba2ed7be731dcf3ae16c293a1b,175.15125219875128,5162.105903452538,19.358963689018136,46.529095,23.535606,34.31927,1452.594,-27.660095,20.897348,-3.2306461,50.29453,19.1423,0.7154152
964913f18cff373965b5eb01fbb60e2f,191.9044309181147,4359.848959022257,21.867104993354825,52.935284,24.711636,55.183327,9438.37,-26.840153,20.889942,-2.8764982,48.911774,18.876005,0.69563997
9bf880c6802925cf01e78ee49b95c32e,159.11018549567254,12016.041089803655,28.916655869419966,41.292126,18.409428,34.764797,1710.085,-26.658548,21.10589,-2.4683437,49.878445,21.306545,0.8863454
cbf5d4766368e82085df4a4dff97c3ad,175.12485263637265,2593.294451895712,13.532271968873907,48.82175,22.329567,40.63317,1741.4054,-27.524164,21.268816,-2.877061,50.752064,19.045097,0.70814735
44106e3bf0e367f9bf939e2bc5c4626d,163.1836770306122,3025.4628926519053,19.264633169982854,53.97844,24.212383,46.123993,4010.4163,-26.701977,21.160238,-2.5018954,50.55027,18.966919,0.70234877
af10ac03b6b1b620e9ec3c9f2865c0be,216.58705020198528,6894.872502174523,24.22519659093235,49.63798,22.85992,49.760605,2759.3975,-27.492544,20.383553,-3.1550536,50.648563,19.292582,0.7266809
df8a23a47553b90982593755e3940bb1,225.23039896650968,9852.246974548605,31.057744059450762,44.636707,22.431887,37.059776,3408.4045,-28.001406,20.869198,-3.5494857,50.39438,18.922647,0.6990754
ce1cb667c65eb71513b96542cf08cb27,180.5719864361105,3516.9240344395816,16.668034994021006,46.032227,23.543407,34.125618,1951.1322,-28.653166,21.428913,-3.3009565,51.92143,19.066492,0.7097621
61fb626b27c235be2e15783525af3e1c,190.08391123407046,4299.481053458183,22.384414805065095,50.357967,23.339354,59.56148,9887.472,-27.59154,21.085691,-3.0612633,50.614044,18.787966,0.6891653
070638ebf1bda38b4ecaa26a09b8fb48,172.5736094317914,3633.0519106276856,17.067312860311095,47.520927,29.728909,61.727962,4306.615,-29.773827,21.20254,-3.7061355,53.303616,19.601538,0.75009954
751a89497af6b13fa29adb87d7480c59,193.1576116132006,5546.762079615921,15.10839735001899,28.985783,26.635712,68.81281,2471.4348,-36.56897,22.75029,-6.7269397,63.702923,20.613941,0.82959974
d48fec2f3d342e159c62cfbda49615f5,199.74886659744053,2909.4411599862765,4.1069527487824775,53.90446,32.56178,166.36299,16399.012,-30.648655,23.602797,-5.129878,56.733257,21.38781,0.89312786
d97b9dace77fd3f8fdf8ad63a6b4dc33,158.03584595415504,5553.976193069849,18.444908911947863,64.40943,30.554272,58.062107,6019.3164,-26.18549,22.927704,-3.1202898,51.15536,19.477444,0.74067867
fe7771d931416a0d374edd430235848e,174.06550815568676,4540.113031371738,23.42391059872461,92.304535,43.425644,34.18175,1332.2401,-22.986511,22.485804,-2.3150947,46.181076,19.438265,0.737672
54f904bd0de33aeffbc2b0690b4e0ce6,178.4563505707936,5890.571131483992,21.494607556806688,94.38549,45.873238,33.402943,864.7344,-22.264292,22.460037,-2.0725012,45.34836,19.42775,0.7369013
2b7b217450cb57a72ffed6fbc04ad6b6,231.91807755118822,35656.73854742482,41.59502471129133,80.6373,36.87058,19.974602,457.7034,-22.698698,21.974651,-1.6346722,45.92792,20.431337,0.81504345
84b0303b4fc35ba2b6d0a00de1975802,239.68089019631535,15430.496166257502,29.2254692712402,100.27314,48.305405,35.50822,1032.3059,-22.571667,22.104082,-2.3717327,45.41743,19.122004,0.7138726
c0a18a25cc58efcd250de5c8bccf30bf,227.6799592099161,3423.097562380911,17.82459732513852,102.01939,42.392532,43.817513,1582.893,-22.346575,22.172373,-2.7962058,45.798428,19.222801,0.72144777
fb9ca70755fac8a7b24dd28990a152ee,269.58628067691046,5480.822895784318,16.289961571742285,96.214966,43.429512,92.204315,19602.387,-23.688154,21.646275,-2.9094975,44.672127,19.548859,0.74609894
1c62e8140e243f6ebd7cf173fc541d2a,222.69742807548656,4661.46816399534,16.245568640650884,99.53138,45.39547,36.63853,2006.5186,-23.130074,21.817726,-2.3045597,45.300896,19.029528,0.70700586
d7f3e440b3aee289204bd960112b513e,186.09819057398033,8498.55210915327,18.960849318067737,93.518005,47.715965,52.628593,8322.626,-22.734423,21.577833,-1.7899953,45.501633,19.538353,0.7453254
81c3e937704608f75e420b4ea4e42bcd,291.52994935357214,53874.51609989502,69.22643709314987,56.68996,27.81029,24.451113,843.37225,-24.452417,20.41689,-2.1946685,47.451534,21.463547,0.8994667
3e23bd3a55eae831ab0b244a4ed9090b,149.36861959824813,2131.476593077886,14.668363997811202,90.55135,47.826584,65.86596,11165.706,-24.478674,22.157686,-2.3200676,47.701107,19.105497,0.7126312
22cb4ed3096d7b5131efa00e22dff738,149.55932855577663,2087.0754513614943,13.679467407012352,89.04748,44.40751,37.46418,1215.9263,-24.747314,22.167467,-2.266094,47.748505,19.362207,0.73191017
100d0bba0830f381d7767528ee162065,161.9949513959702,4701.1688040618,11.567404812458834,84.92025,43.48148,49.492126,3106.8577,-25.797443,21.914495,-2.46168,48.670742,19.339243,0.73016465
a7c9200050aabcb66548e4c0cf813a28,223.84950550557414,1633.8850636332916,10.633642528001333,81.051285,37.376595,68.86274,3940.3835,-25.137213,21.610163,-3.1712391,46.01955,19.282648,0.7258994
6f91c5576ee5168a5c45fe24712f8d72,215.99889212849624,2369.5376533320973,10.122923555222872,83.63883,38.62392,82.926926,7493.995,-24.649988,21.907026,-3.0363746,46.2951,19.082975,0.71093357
0bed55aafebf14aa00632dbfcb758946,312.6287505187225,7760.847887429905,25.306913015860957,90.35676,35.910133,47.06894,2873.745,-24.14708,21.613543,-3.9434204,45.90196,19.192451,0.7191149
ca59fac4415b6c2eafa61391cfc77f89,325.8314970592876,5666.58059523753,6.7368228273881625,72.971664,35.20714,66.91219,3452.1345,-24.822525,21.65337,-4.660868,46.502743,21.099373,0.86918604
07ee7fe718ffedfbea52560a01e7d55d,368.68217296570964,128659.11951372799,46.80972653200207,7.3125124,9.141185,103.74874,4803.8306,-48.54571,21.997055,-9.944604,81.79915,21.41903,0.89574456
2e627c9d48b79a779bfd627d45f63ea1,281.79793790692736,32574.67107532314,36.71766116097422,23.72581,14.463213,74.787704,3309.9023,-30.752176,20.403107,-4.2209926,56.275158,21.073444,0.86707735
f7e32b86e13a6260c615033ba7a95c43,194.83555848942075,7392.136951630055,23.489890162107894,42.056355,17.403225,23.79255,925.8955,-23.56926,20.597712,-3.2225604,45.367943,19.570864,0.74777347
ef01d1cabc8092862c78a557c23a1e0c,190.72034405784598,7008.905955806744,29.765322445786776,42.135105,17.468033,65.7161,9681.953,-23.091063,20.03572,-3.0111847,44.547783,19.610512,0.7508035
115f4556045b1c6d8a4cc26a4283c43e,165.6780672964525,8346.119917123917,28.47164106458673,35.293293,15.218207,41.687786,3849.6816,-25.56965,20.852777,-3.2055748,48.840824,19.426416,0.73679537
c9490737a13af82d2afdc3624d98e460,196.43342649355705,9222.532352016644,33.51782960494445,44.684357,18.377922,70.21295,8749.98,-23.15819,20.321901,-3.050655,44.28567,19.220537,0.72125876
593ba03f948039292ca961f2b1c239a9,204.65964906234524,12002.628391813529,33.39003992910142,43.99122,19.885794,45.417305,6863.796,-24.501877,20.820206,-3.1660066,46.39291,19.390013,0.7340253
782339b05fe59c2375810f09c0a91ed7,169.35602115350733,7568.83520339869,22.705478705074256,41.070835,15.695943,26.187502,727.31903,-22.206198,20.00643,-2.6441836,43.828213,20.72633,0.8387419
e92770ef22f11c1f04433f8b57df31a9,219.38489934107542,9464.36297817512,28.148919892090923,53.482307,20.788343,39.99779,1243.9664,-20.845549,19.508467,-2.357134,40.922813,19.694607,0.75728595
8958a388aac457fad534fad3f8627f68,263.82205572292065,9300.0824189413,30.48496090462685,63.981922,26.718964,55.109737,7577.471,-19.65529,18.714115,-2.6872191,37.93324,19.137863,0.7150681
b11ff6cbe792c193a989eafeb59d4ae4,182.79380418619138,11058.871938447577,42.36012177416733,49.89911,18.228428,31.045246,1838.951,-23.274715,21.301605,-2.2242222,45.839256,19.368093,0.73236924
2828113b907c38197d578e3bbe01ca50,181.47072846354837,6359.622295802582,23.097327221568673,46.113956,19.18306,34.10336,1871.0887,-22.868193,20.753754,-2.4915354,44.97496,19.918476,0.7745924
a699d723c4062186dafd07b76359cade,144.91799058748413,3219.6938140984316,17.215013861353473,36.9855,15.691073,38.824924,1929.0485,-27.07758,22.397722,-2.8013804,53.345917,19.924986,0.7750946
724da7b5cbb9d3bff2256f699c066112,177.37726784006918,13063.870969241629,25.76713250654203,45.231934,18.225279,31.380346,1243.2954,-25.33817,22.476015,-2.680494,49.69255,19.498968,0.74231297
e8f7e6672ab32d2a3f03039c9a4b59ad,253.74335121931838,7074.871052292259,23.802799838105837,58.69004,22.746986,40.30463,2301.1443,-19.830896,18.55616,-2.6059413,37.60871,18.940851,0.7004149
9f887c6de7f9d99bdb922ba089094279,197.36203951981273,8364.841067455876,31.40570217702353,52.288273,19.93433,33.578938,2961.8357,-21.813057,20.047749,-2.429152,42.550262,19.272346,0.72513473
9993f88b1544363e9d164ebaf44eea16,177.62747379796113,7198.193140505758,20.865707914855214,46.689728,18.671669,46.892174,4957.273,-23.691618,21.27863,-2.489889,45.90375,19.350548,0.73102915
35fd61594c28d38e30fb1e7cfa2b9a62,220.03371533242125,17643.687606641815,24.152033573429854,29.49569,28.78476,96.582,2687.3855,-37.930046,24.469826,-7.3090305,68.8015,21.02808,0.8632717
e86e56b5907741e9175186d5802fca34,157.14785525296278,2886.189633888917,13.292093199631609,29.511143,20.778343,46.802074,1354.4912,-29.92052,21.59184,-6.4875655,54.83046,19.667227,0.75513685
6848e0c6c085595ad6c1f195ce20dd35,152.3753979116764,6202.088027321739,18.834672424411785,37.352345,22.852571,22.566515,360.9192,-25.675377,21.107424,-4.211909,48.04538,19.635561,0.7527367
fd746adb134161bc9cc117ee8270bb64,244.5164181963804,13772.005371506139,36.07335863736738,65.23255,32.773945,84.373825,8821.292,-23.151424,20.722471,-4.370309,43.768757,19.49664,0.7421672
71cc6e5227e7115f5e8d722e10885995,177.28485601725154,10364.112112856883,34.250460913022856,55.188564,31.8236,32.776333,808.62885,-23.328653,21.5389,-3.6566658,46.29126,19.601402,0.75014734
639760567f70b0c199938360659341eb,199.6606373338627,17763.977394719346,32.16523277467268,39.809258,22.616304,31.93747,946.013,-25.963768,21.263592,-4.549367,48.500767,19.885817,0.77207154
334111f6a54d43c1a109ca3636724e45,243.69362109593249,32914.188474043025,37.293574756462,24.957771,19.99808,40.416325,1671.3126,-28.042246,20.591454,-4.431636,51.091164,21.358027,0.8906684
2dce0d3a6ce24ffa124d88e82a97397f,221.88368454936557,8702.55589715292,20.55502866012169,60.01079,39.663002,33.43163,1037.5859,-23.589327,20.100822,-4.5326104,44.55338,19.371765,0.732659
5201bef35f7d25df077141e7e76ee036,214.96942912140145,10530.547614854855,34.634542132217504,44.13795,26.200886,43.162582,2613.6035,-25.338722,20.493784,-4.736646,47.408394,19.612024,0.750957
f2375b4c40437db889dfa1ada99f5313,246.4976829859503,7697.312656227883,25.54319140963251,49.49579,33.79318,73.86999,5402.158,-24.367613,19.537498,-4.627552,45.194416,19.92174,0.77483666
7d85a744eb4aa76a09316fc267f1a9d4,179.83175342036193,7767.57903395087,21.354397176736786,51.316277,38.227676,42.774628,5249.2837,-24.823832,20.268547,-4.1516805,46.19375,19.387716,0.73387545
8a8b762a89998e16cb210f29f9ccf271,204.8635743963993,10447.973949255655,32.89608348845076,51.429123,33.37843,28.47836,750.65204,-23.654898,20.266773,-4.7709556,44.52717,19.595852,0.74969023
f3f23bb157ed47543f3c8a012f9c06f2,152.09876023422345,9492.175078734728,25.757496207633867,36.263638,21.90923,50.69018,9676.164,-26.166597,21.164246,-4.0191,48.698574,19.337095,0.73005766
efaa384db218b4a26d3ea6a6da65afe1,144.3537635386553,3839.411696612084,18.136201506329343,39.9608,24.63705,29.689508,1620.1198,-26.403862,21.425486,-3.7035377,49.991764,19.36603,0.7322311
96f5bc881487038409b24689ae8ec0b1,187.12872115323395,6332.8941622588145,23.4380098959673,51.242672,32.593456,40.08246,3000.9583,-24.052803,20.76214,-4.2391143,45.58675,19.088726,0.7114105
388781c3da7a79be0be2f8ddd2c461fa,219.4195210671445,7194.937251595697,21.043362658720753,52.420662,34.5113,36.195408,1939.014,-24.96915,20.155647,-4.657401,44.955776,19.178038,0.71813
5d20e8db96231fe22d96a3b589495e88,169.1184716268859,7427.317423681434,25.558554394392687,44.287388,31.966925,30.724262,894.4448,-25.20476,20.669693,-4.0813365,47.063316,19.240944,0.72281986
4250a0115c25f7d9bc08619a0142eb1d,182.50225428816026,4950.61392301872,27.131406903061336,45.99299,25.936287,43.950962,2117.2417,-24.537834,21.135206,-4.198487,46.75897,19.768309,0.7629627
f59ba478c01b38ea583776f3dc794405,208.20683528204708,15368.638260564216,36.29295097178687,52.533592,30.781006,25.177036,747.7436,-24.438389,21.061356,-3.9808517,46.850555,19.465757,0.73979944
e295a848cf7efbdd82093b81004ad0b8,161.9761123850485,3784.6788015619745,20.719356933360306,43.61819,20.255095,28.844309,913.14233,-25.16974,21.794048,-3.6081314,47.958187,19.507605,0.7429355
c540a75d99fa7a11a88f44a14ce6b0d6,158.50397104490406,4290.16593653006,20.56319936526469,32.371887,24.759956,70.211395,1885.7471,-29.937475,21.896523,-5.3277626,55.11996,19.69208,0.75703776
1d72847767df8a80c72d18a744e96c2a,276.1639238733792,42473.322499626505,36.050333184627355,15.16615,14.987316,93.918945,7451.87,-34.04217,20.563189,-8.003839,60.361187,21.83665,0.93096435
4ba76b5d3ea79d15e373c13723c57eeb,232.45064133773374,4198.200996558838,18.524358272922935,90.73607,53.022995,64.508865,3970.6646,-17.23604,15.896808,-3.892866,31.771046,19.621346,0.75164264
191f7fb3e356bfa928876c3c668f0863,248.24244815911808,6013.055110430766,18.128182168269998,89.10174,40.873005,44.23777,3821.995,-16.437891,14.932553,-3.616713,28.90877,19.794018,0.7649721
7382e640c149d804908ae63a42892bad,248.00913923375268,7929.372021473694,23.569849300108164,95.6329,45.940258,28.966516,730.03656,-16.592655,15.184376,-3.753376,29.451475,19.14685,0.71575904
c6ac4828b888c562da00dc31257fde50,253.43754276645151,17492.18222835188,49.684700835807476,73.709724,41.042618,39.58528,2054.7393,-16.588577,14.111222,-3.5008154,27.652958,20.089909,0.7880162
97b2d5d7b4ff010f3fab620fea545e03,305.5736415932493,14666.374657831511,28.297057577484654,86.64844,39.748085,73.08954,16166.96,-17.262402,14.46526,-4.2502403,28.746895,19.663376,0.75490654
f05c1c3f79a747567aa9f341ff0fd062,255.99435471258948,7924.748973350097,23.29323685141537,101.353355,53.17464,47.85514,8537.973,-15.369017,14.401687,-3.0840578,26.440075,19.731289,0.76011556
59cdd5939a77a9d8481ae19f379c4c17,234.83590119770594,16584.76860974621,29.986352650236768,84.1997,46.026844,36.052208,2033.2666,-14.537166,13.890552,-3.0598488,25.029287,20.10296,0.7890452
ebc304249ff6de7938416f9a8e7c7c6b,226.84133145298952,3282.018685329681,11.74774771253472,87.4071,39.08437,69.49511,13890.71,-15.959212,15.178532,-3.2586591,28.499632,19.90748,0.7737538
06af5bc71aea3a33971b128173609c1a,218.8190533645977,5991.271491620562,19.39094403763497,77.64197,34.945366,41.011555,3952.6392,-16.536177,14.777722,-3.701455,28.690418,19.560066,0.74698865
8e0b09809f67fcf9e53ca19a9e04d871,254.73847513726457,11883.230592047335,19.041970414370564,82.421684,39.230137,68.74822,4097.867,-16.959778,14.909609,-3.835513,29.229673,20.245579,0.80021524
f8a937e85e3e931454d67dbdaeb45dae,228.44679912988622,11303.34467840879,30.027972716950938,85.6101,38.380962,95.306946,26958.395,-15.38317,14.626335,-3.3576276,27.151976,19.602804,0.7502195
ea84cd4ded02f55befba9aa71aca8bc4,309.57133995236717,21798.672700132054,36.24260886168826,104.4023,56.711254,23.231878,1119.1285,-15.690611,14.090301,-4.0666966,26.013935,19.404514,0.7351499
c6b3579a89dc04788ea2f027296cba5a,260.06837308851,8021.51762237178,28.27687470514058,99.67795,47.89248,21.401047,526.8995,-14.426025,13.927147,-3.242203,24.867186,19.97036,0.77866966
28587ff081c1924130e3059beb531018,273.22895263338427,7931.321161557754,17.234043046210648,106.429184,52.049145,29.060484,632.7324,-14.321794,13.875994,-3.578085,24.320324,19.317665,0.7285415
b960419f4c1604b536181c71c7b53edc,405.91800234243595,111580.07326067213,61.08708427924809,35.774445,32.325844,80.93306,2393.9985,-30.672619,19.532585,-6.549022,53.4934,20.91474,0.8540594
02739658d42f9640eaa11dff34f7494a,256.37990266810147,50370.97371689631,58.60576316914674,39.299114,24.931551,82.77035,20910.943,-20.619396,13.604854,-3.6042378,33.251247,19.96945,0.77861416
93216453a4f82b4326c09f6aef562121,189.6560262661482,23364.442103276873,40.470733925655296,43.148964,25.943857,35.430305,2860.372,-18.38201,13.808408,-2.9399512,30.996403,19.25831,0.72415066
73d057e3d8978961af19e8fdd16043ba,223.51341346434162,23294.422186612082,48.431200974150194,43.836872,22.09847,35.29394,3473.3667,-19.282202,13.917692,-3.4436257,31.950586,19.169245,0.7174181
8370ba7fe934ce8fff3024bb9b7c4955,328.9738272250098,93723.87393668426,51.747487496618184,48.398945,30.247599,45.578274,1322.6279,-19.48774,13.952048,-3.7638004,32.12268,19.995071,0.7805892
c10d823a4691cc6599105560c86fd0e9,328.2391056727814,66564.1242069405,72.3555448454409,36.471138,26.155308,31.5568,719.6589,-21.063442,12.560479,-4.4340954,32.57687,20.88875,0.8519113
7573955a4cf3926aec6b743d2ff41028,301.55599984149603,36805.79728932653,51.55720618407357,48.0454,27.993816,29.999634,719.2115,-19.862766,13.912091,-4.4113283,32.333023,20.006302,0.7814585
dbed2f8f3b13616d3bebe04f1a7454aa,241.72438496569234,17787.853881006282,44.134099150980354,45.591076,28.017174,23.979923,736.9948,-20.60409,14.190707,-4.268692,33.81799,19.67118,0.7555132
735d06477cfa935178b011e2e12dd145,260.8119290201351,17039.500359367627,39.40570302059693,47.50622,26.673248,24.203482,888.50055,-19.755291,13.617438,-4.227548,31.720127,19.20241,0.7199152
89737eadba2ce221cbb439fa72ba7a28,223.428073473696,22311.077376515794,60.652824479857514,46.333168,26.03111,27.589174,1237.1781,-18.567867,12.97992,-4.1531563,30.050133,19.417168,0.73610514
49c463f416da1ebd1088112c072628de,228.73262902523058,36462.063082552406,66.15959779941088,42.775253,24.077284,33.931633,1935.0568,-18.467646,13.617917,-3.8289406,30.624697,20.00706,0.78154707
83f5e7b8906386569cc285b384cfbf14,169.35637063560125,16760.01603455321,41.771460314538544,44.866016,30.21809,34.53117,1443.0114,-20.219711,14.656792,-3.5691829,34.333252,19.527853,0.7444939
d3c4c927b02ce28ca6a1c37f98126d27,152.74530537531368,9923.324303748643,24.192009764893328,36.214306,24.13191,25.026913,1683.2501,-21.603237,14.593721,-3.932693,35.97509,19.627714,0.75213456
4a235d3d6781c29c23ace26703629dcb,193.96569490698812,8116.807389447439,21.65728758147659,50.98264,30.532183,31.119925,1718.8778,-19.372509,14.866522,-3.7739344,33.11565,19.134712,0.7148425
5518ea34bb29f042d63a04d01d11c8d5,429.01947263717864,72218.32157905531,53.77921526932645,55.084133,26.406061,74.74325,5991.7437,-19.648146,13.32731,-4.2034736,31.779957,20.145906,0.79238737
49d61306c1860abbcc145dbd37dbc07d,246.87731146521187,8243.636225831364,25.997649152252084,47.29,27.970854,42.125515,2437.3623,-19.56528,13.677976,-4.151765,31.295984,19.664896,0.7550162
2eb45688d532749206ce059feadb66fb,244.71503259812397,9134.793466890544,26.846677348302766,44.76463,25.20929,37.59313,1284.797,-20.408916,13.964226,-4.307789,33.112232,19.011465,0.70566386
063755d1ede30849cff26022d27ab3c0,238.3473346125218,12345.493626058163,43.07254730755392,48.360596,27.927515,27.22858,1526.9218,-20.232609,13.951514,-4.3973355,32.841915,19.091179,0.7116084
799c88b3527e95fc0209130552d8d4ba,199.87613853998573,19376.982228617602,34.51680875976574,45.72141,27.10593,20.278389,591.85474,-19.76392,14.067265,-4.186445,32.542953,19.141361,0.7153565
ccd5234403aee0799de418089c6f5193,252.1284907337911,24890.792172235353,45.77572258764967,53.582893,25.30573,25.631966,2820.9692,-18.783617,14.183246,-3.945767,31.175459,19.137192,0.7150223
19ad51f0f711f1d96ba47f6038e7e6df,204.2964840998282,22827.042519315906,47.24751708168615,47.348877,24.894825,15.5975,276.00873,-18.510523,13.8521385,-3.4903834,30.90687,19.62013,0.75160897
d04495eee2699d9d51de2da69424b863,187.6695270447707,58136.04160112096,26.246427989055064,16.561666,24.643568,39.245182,810.3802,-38.764008,21.60432,-8.140691,67.354164,20.91907,0.8544237
acfd2b24432bbf6bbdda831f07eee970,313.38383053296235,32108.354660183846,45.240603254815255,4.296129,4.216366,56.231564,1858.3398,-43.47842,17.773941,-11.139434,73.34237,21.686163,0.9182143
200698a154db0932a71a0efe1f8eafec,170.6688198584953,1970.1938895691742,12.405423531089626,18.605621,9.778767,66.68874,2091.7017,-38.07466,20.250214,-7.5751348,64.40262,19.44799,0.7384763
ba022b2c70ef2b33ba74392ef83732b6,139.8406112911984,1128.6996378315052,11.004853371225499,13.679372,7.6592607,32.136124,854.3524,-38.084705,20.342545,-6.445746,65.520584,19.9127,0.77410245
2de2025192ea758910f15623d5fcc281,172.78908243220476,2906.412574709829,17.309846358450542,24.473,13.260362,50.441414,2853.5261,-33.880077,20.134762,-6.5477657,58.685715,19.190119,0.7190082
739828ca80b5b35955e81ee1cc05676c,187.05231472141682,15645.911399300796,37.148718369730865,16.354004,10.121855,31.026197,3272.572,-32.780605,19.002684,-6.0242376,56.648056,20.505318,0.8209216
77e2a1425d35c2f6e300c564b1467c7c,187.20943239850183,2602.93997965601,16.906024580312582,21.211742,12.263945,47.33284,2573.414,-33.64817,19.349468,-7.0393357,57.767643,19.433668,0.73732024
a32a8c128e058afbc00a5b9bf15b1164,223.16975823987778,7094.393172124497,21.810822613063653,22.33563,14.625304,62.87917,2514.1392,-32.797913,18.46105,-7.5312405,55.479248,19.189869,0.7189575
b0b2594a4981907bf414bfdcb1ed4f5c,264.763707485866,8815.965573547497,29.751837381341968,24.283735,13.14184,45.691883,1309.5764,-32.62615,18.392935,-7.138242,55.19367,19.255177,0.7238549
29b7f1e662d002d0f09f1c5aead4a9b6,173.50155416240005,4486.8882834364085,19.179378416709085,22.910027,12.090982,37.11464,869.2015,-33.270256,19.587976,-6.3399315,57.143364,19.287933,0.72631973
015348111edc80b42e0931b66c8bd4f8,137.68142244604073,2773.0040830566672,20.328387974442556,16.032343,9.272844,40.795055,2022.435,-34.446793,19.614069,-5.788744,59.6125,19.792723,0.76486105
3e0585cd6af7746d24403495fed36aa3,168.91879347041484,1967.753235071989,11.836851224526034,21.074484,13.478738,53.160477,3216.8696,-33.631542,19.579786,-6.5888505,58.14546,19.510105,0.7431688
baac93f23ca847eebed9e1e2a9fe258e,168.37020733392194,3445.25030770939,15.192314559654639,23.77211,14.412232,30.503319,865.84436,-34.13464,19.808342,-6.1755214,58.414444,19.616781,0.751303
9f4ef656232ef4dcbc652b81536492df,199.36036939565395,5562.601694891407,22.604023993093907,23.485233,14.327037,38.343258,950.1275,-33.091717,19.087902,-6.940842,56.37159,19.27427,0.7253051
7912296d31982ca96311701556bdde3a,264.3145271736025,7766.995202107998,19.735561836089364,27.071562,16.518534,57.316162,6713.843,-32.441452,18.505587,-7.498023,54.638092,19.17484,0.7178533
388f552d4449668761f794d9ef9bf14a,227.15301807309694,6912.664180979397,25.28511534215739,22.368372,13.628298,42.26161,1470.5803,-33.5171,18.92618,-7.139688,56.834217,19.36459,0.73214257
ddf8c4de7df14e64e6826a12cb1f3195,156.98949073826574,3960.7506489319894,20.565514654539545,19.37291,9.788836,29.46686,1164.4497,-34.902893,20.17543,-6.2033253,59.5317,19.553343,0.74644035
c1e5a5c989b68f7854ca4cbe1be55467,157.1279243141487,3040.0787381064074,18.069005441979105,21.602264,11.656149,53.24153,7734.308,-33.305313,19.931408,-5.94607,56.978313,19.57701,0.7482757
61c00bf8e2a34b101653d12034ff4431,130.97670360390472,3123.99095054801,10.243520025179075,14.508796,13.958999,49.828037,1717.8252,-44.997303,22.246187,-9.274705,76.192444,20.371214,0.81013405
827ee39f5b02abde8694c262ea203c3d,169.00045828075434,34512.95284504441,27.034051537941814,6.5927367,10.694547,65.43479,2959.957,-41.301697,18.199589,-9.805875,70.58377,21.643063,0.9144759
44a42419e57b1076ee3213d088cbf7b3,370.7970358788394,48413.996784635354,51.54712940169484,24.618196,28.07447,54.347755,1478.2998,-26.056074,13.78718,-7.777944,42.460903,21.844254,0.9316392
f7430048e0d699cc2561939a43c353c5,230.90442132944548,6670.274409924852,18.803795162658616,53.70335,30.933413,55.42532,2843.9373,-21.816061,15.123069,-6.260759,35.948574,19.643888,0.75344086
ac3ea3e3991e56fc3b0004927a550447,158.1670674995475,6418.754964010203,24.195123888470928,50.563824,30.021704,40.85112,3059.7485,-20.803019,15.078013,-3.4833496,34.56787,19.49875,0.7422929
e04fc33a3e482722d4ca38a8b3406993,223.22171735985984,5253.4224522227005,22.53372604322617,62.387207,36.14357,89.68585,10674.958,-20.474113,15.031209,-3.8946433,33.2539,19.283228,0.7259968
3df95326c249d2a4c331398cdde39b2c,159.62916552031007,7289.715670752885,19.802725414809647,52.780724,27.822788,34.057995,937.21985,-20.058863,15.061856,-3.629067,33.3437,19.397797,0.7346364
2ccefae9abf1b68016cfeb14b310de7b,214.3681473098154,6023.960975356597,25.253032542659223,62.181454,39.352585,52.420612,3099.04,-20.205305,15.016849,-4.2060223,32.826775,19.23983,0.7227331
b3a55bc3ffa4657a9ed51c0e2f98abaa,172.3343508613874,11781.564632174,31.55090246256078,40.46385,30.143555,37.886505,1442.5681,-20.712978,14.08147,-4.0619755,33.308453,20.430208,0.8149718
f570f666f7dc1fd88e5f82ce17397539,217.38646945238222,7501.370583125631,31.46966103399757,59.37947,37.6429,73.693016,8568.191,-20.210651,14.451608,-4.3230023,32.339615,19.534191,0.7450304
7d220046263d716711715576364ac4b3,229.12659822712234,6145.02883170361,30.94379447562792,65.05875,38.8627,59.59883,3212.6294,-20.38342,14.561061,-4.193754,32.510685,19.461916,0.7395108
1c2903806385e11b976b227253e3d2aa,174.86214834668945,6633.699446854418,30.599893576606753,52.995842,30.194456,39.46098,1519.8729,-20.202454,14.976573,-3.7981482,33.385574,19.290049,0.726504
56606bf9997c8113fc1f702f00f180f3,261.6952570257952,54580.08005341402,77.56788554320794,44.974167,29.719826,46.239853,1432.2881,-20.329681,14.361524,-4.1349134,33.41005,20.042553,0.78432614
362927c9bb89cec08733edcde01c09c7,199.57636157966255,14309.35235103324,42.27649990323398,59.030334,37.32918,47.618652,3543.671,-21.058002,15.253222,-4.1426497,34.63572,19.22433,0.7215661
f9d2abe6cabcb01ce89896b7abbad6fd,182.90701892244303,10934.752369143089,32.84779652349203,61.623398,36.58959,43.61713,2377.7385,-19.416145,14.830485,-3.6563153,32.00865,19.270525,0.72501725
58983a87d27f86b33712de1bd71a101f,250.74658844251746,9319.354598082498,26.234385631672456,76.57219,43.395584,132.663,6557.5894,-18.050615,15.370531,-4.1638727,31.180025,20.284689,0.8033317
e1d220c18966a37b72eeca3656f311e3,227.04697619154985,9178.298047595265,27.06262309503526,66.741295,42.289444,53.492718,3583.5752,-19.65657,14.776473,-3.5825357,32.011024,19.597773,0.7498807
94cb86c9f1d99a431dd875a8b69cc57b,225.894068367679,6978.18205869049,24.911777975390365,71.03197,45.596565,79.0735,3895.1133,-19.919195,14.980296,-4.1285396,32.39666,19.234676,0.7223487
891e8d74dbf6bdbdb086f7e43f063a05,179.53204091874062,3975.6043292547483,19.916862076226487,61.906464,37.423927,47.03497,1766.1674,-20.091818,15.305278,-3.9793148,33.51676,19.093582,0.7118196
d5f1809a52f28af4726b4616d2ebbedf,176.7168712750969,8323.212670968074,27.07567441625736,61.59844,34.65804,37.29996,1802.3062,-19.496313,14.811247,-3.7853088,32.18144,19.375586,0.7329628
295f109a23f62a8d5cca36165abae33f,197.76807928446925,4272.908740984488,18.311623608506185,61.794247,33.23225,48.32024,2899.706,-19.24771,14.631586,-3.8792439,31.451965,19.39126,0.7341604
cdfd0aba07a9afcc0f21134fc05a771c,167.66106578148802,5229.7252509607415,18.94994587285102,53.87787,36.792244,63.127644,2642.3628,-21.099094,15.642411,-3.7872171,35.867,19.50672,0.74288756
f07ce7b192ababe8ba2f7160a48ae938,83.12979285698827,6566.442962839156,14.324272357454817,1.35412,1.9901265,35.36374,1101.6742,-53.353497,17.915783,-10.230906,88.77786,21.688507,0.918447
e80c41051ce8917e256050e3be02071f,183.93291305737608,15080.048305518652,15.879866645568372,32.333565,26.08083,81.46061,5225.1206,-23.753004,15.188369,-5.78532,40.75464,19.981155,0.7795062
da9de5e2252f92d0a27bb44c07722ac2,177.75493767182914,6740.201183041674,17.80110690482645,43.034283,31.607609,46.18708,1426.6107,-22.725935,15.970004,-4.90767,38.88004,19.61742,0.75135523
9527414b04e1b736d2f99b785f43d4f0,199.18997460133488,2787.2101662971327,15.165641310971564,54.16529,31.956276,87.42636,6639.9785,-22.092329,15.423054,-5.305794,36.97461,19.86241,0.770224
3900f027e35e401355d9795952786130,180.12858686455348,4947.540617900495,13.423929089713644,55.935772,31.87864,87.43828,7712.9844,-21.963486,16.237597,-4.6829395,37.788433,19.562014,0.7471431
818dc0ab1c7c05a5adb2cbc823d1ce9c,189.76978052560665,6078.623827778967,25.86037246558347,51.2621,31.81484,41.296978,3369.3005,-22.56261,16.61519,-5.283871,39.043423,19.964245,0.77815497
b9ee41986f4b1b49fe34135173c17574,186.8945582096708,18267.77603546124,43.63742356501583,34.166462,20.799316,43.088375,1913.011,-23.387768,15.3233595,-4.6382937,38.70845,20.192644,0.7960797
9855867d9c31e2fa93d494ec0e9842f4,229.18726734287296,4754.294673953747,17.015748816579034,46.627777,31.41661,189.71617,16293.526,-22.932596,16.070312,-5.3711267,39.27518,19.813345,0.76645213
d445a7ad04eaf6f505a47e0363ba0b1a,245.7800887902867,11353.239898309626,31.658382621453555,55.609318,35.67214,61.354767,2054.7327,-22.186863,15.465843,-5.5672894,36.57424,20.01242,0.78197324
9a36fb8a531afbe85040f22644cf35b9,267.66284776808914,5845.106019878611,31.81516031690714,69.77302,40.412926,149.72015,22541.861,-21.18745,15.624148,-5.271384,35.247456,19.78681,0.7644489
02546d77c25774ed8607df6713cf36f3,192.82335118508485,8217.176173278032,19.78609285141365,51.17924,38.94468,104.03927,5643.9106,-23.895433,16.308752,-5.28369,39.812782,19.715431,0.7588646
b1d9469c90b475dc3f5bc8c493393fda,188.6186932368653,5459.506587291534,20.546488459680834,51.2774,30.8641,106.23514,9617.019,-23.655214,16.138018,-4.5316176,39.781315,19.323465,0.72898555
96a633031135908ac57789fe68bb6f60,169.4073071900856,14251.227849512492,35.84447399786071,31.162373,23.505724,39.69019,878.4973,-24.306087,14.924604,-4.564824,40.105587,19.711414,0.75864357
bbd6308a3582a3144e25c40e7dca67d0,170.56633262187614,6510.731058285788,25.17639577772243,42.792976,31.86455,57.711536,5205.499,-23.860292,15.623655,-4.8726244,39.470963,19.340347,0.73034227
8fa7aca6940627e550c4fad94b48a87a,225.87771124752612,4115.524630728442,17.455940184317768,55.60548,35.42866,87.45215,3270.1455,-21.988523,15.831382,-5.107495,37.099743,19.8296,0.76768416
b571dbcd24c29b99eeef6cc78f72f4c2,242.05546379657025,8708.831226358143,20.863563009332402,55.20091,32.185787,88.900734,4998.309,-21.171715,15.715901,-5.454303,35.894764,20.442356,0.815868
e54b2c3a135942408d0e429b07ac383c,228.50940332235368,5904.083163863178,24.418338573879947,66.538246,42.21789,56.587524,4220.9966,-21.1223,14.943095,-4.7566037,34.009247,19.551073,0.7462542
10cdc60f377f592e3eff8ec63644a2c9,207.90702741424323,8385.862463426085,30.16793268434416,54.39584,38.476192,104.00526,7884.1265,-23.06881,15.5084715,-4.919287,37.713604,19.68848,0.7568044
47ab29af1081563102b7bd4d5326b212,169.91122638545397,4825.983825450365,18.514575791906015,57.75961,30.445702,67.02055,4959.5693,-21.5914,16.036163,-4.340243,36.946392,19.458462,0.73921144
518f5b983e8bf051d859b405b5861ae2,173.5109383426062,4009.7430601619694,14.279708128920097,57.90506,31.731466,48.040916,2859.936,-21.160025,16.514294,-4.400602,37.251343,19.343908,0.73053145
7858bc236a7f9af7f178438f5d487265,245.76616152156095,114987.17704208424,17.697580462298788,3.946487,6.7600255,62.16015,4247.7373,-49.727684,22.836994,-11.155222,84.616776,21.186644,0.87641126
832bd1e4e38fa4043303f2b50d6af775,195.41336859843366,10408.502826993124,16.558245241026064,33.286263,34.746685,236.5946,20365.994,-29.602922,20.560863,-7.888097,52.960712,20.670605,0.83424276
fd7b816b771730cf42a130e6983fc6e3,310.05227984106114,20216.098400028543,26.286647726965295,59.058144,43.618465,134.54128,6816.6094,-26.017004,21.598764,-7.404161,49.218773,20.583023,0.82711655
55d9e99d9afff21c66f942438330ced0,219.0132839530314,15217.412386748832,21.137675425128975,39.78106,28.93498,139.24309,10483.67,-27.133463,21.329556,-6.6021023,51.545185,20.083805,0.78757644
a15ec305a56b1c631ed319e36a391a4d,181.41418955111058,7101.462712159558,28.369768648467527,48.319077,28.477427,48.56677,1857.1404,-24.924639,20.994158,-3.9672947,47.70483,19.425186,0.73673594
7e6269ce8b55ca34e54e5f74daf7d821,190.03156718280542,15981.29821565134,32.88864329606562,51.341717,31.975674,63.533783,3222.1565,-23.110867,21.375412,-2.8654745,44.887695,19.989477,0.78013414
18c898801f7b2076f6e0ace34d97494f,184.07221058476964,6995.601521628897,23.624252413043628,52.743504,34.602272,58.77812,8266.595,-22.617647,20.442726,-3.796907,43.835194,19.477997,0.7407668
75836477ffdb63d0df1ece8723968e43,211.73380086807646,8222.6003207919,32.084202743616565,57.826096,31.271143,38.186504,3572.8513,-23.409063,20.919931,-3.9359107,45.38897,19.369658,0.7325296
06adde2d962bdc13e43efa698f5d57dd,232.14887856151307,15269.246371997324,39.49482228512607,65.58684,40.52027,33.780098,1211.12,-23.581903,20.623419,-3.9728117,45.233982,19.057768,0.7091273
e779305e200088bfbd0342c396dcc113,212.7592415906218,15489.665977483151,31.949945789906415,50.51455,31.466316,34.07645,858.20416,-25.189043,20.72571,-4.0385447,47.183926,19.36427,0.7321111
1ff3b06230e41c97ed92094ab9ebc3d5,189.3220731699764,14637.399727453936,35.825220150204146,49.5314,34.884026,58.429474,2529.208,-23.009985,21.081385,-3.1713157,44.860115,19.891142,0.7724913
bdb208d9a55447b5cae7c2c210c20f3a,129.1275474568459,5884.804559485756,14.108778532378805,34.22483,17.98675,44.290066,5239.472,-26.19105,21.797338,-3.4466672,49.444767,19.175175,0.71789193
004f54d4b2d809cdcbd70ba068ddde67,133.3060948519681,1267.1383593192386,10.8539397803851,42.885056,22.579636,34.256767,2040.631,-25.832436,22.0801,-3.2903311,49.95207,19.368195,0.7323935
948890eab195bf54410e6fcc0de89ea2,148.87675224967862,10158.95337099371,27.798530446759525,43.304554,24.241142,121.10225,33382.31,-25.182673,22.169018,-3.067777,48.72726,19.256432,0.72393703
90a8be3c0db38ea6d9e6bf9fad519af7,182.5980579829875,11226.677912889236,32.61577117153454,58.105457,35.82404,26.37595,707.80023,-23.207926,20.46579,-3.1539745,43.676254,19.1228,0.7139579
8f253fa15748dac4eb2d40c72213f74e,192.50904973953655,10928.501264972894,32.41495374880802,54.35697,29.405407,41.91666,4585.495,-23.909752,21.216259,-3.495591,47.07292,19.23615,0.72245944
9b2057d857c950f4187312e3d021d660,244.84118227866261,24182.23795723257,42.96603266304404,61.91862,30.110067,79.11005,13846.812,-23.292444,21.194208,-3.275057,45.86699,19.32172,0.72886175
312d02aecd8022cb454e1684552af001,201.1904301972675,8917.035778055146,41.30896645790663,51.91377,28.36352,24.216309,740.0867,-24.307814,20.23489,-3.6448283,44.754513,19.234781,0.72232324
99d60ac02306eb6abca1bfd7c6b116cb,167.82717346609036,12785.05142233827,29.785736910204115,43.502438,23.86923,59.21345,12640.641,-24.262697,21.32671,-3.6110828,46.604897,19.388447,0.7339123
a892428d240a139a09152f83d69c9abc,200.62152213624466,14314.311285750275,38.25230901969739,53.743904,29.987732,38.676304,3648.812,-23.46313,21.692074,-3.536293,45.673595,19.413006,0.73579913
50584f924b544bd2b53c49025f9e44ad,233.53195090192665,26457.920296956025,29.028011692059046,42.009922,34.87139,156.40218,8406.991,-26.518303,21.88771,-4.621655,51.08868,20.155022,0.79308856
48cfac31bebce2b4288a338760bcd166,108.74315643258309,11632.74994919048,24.66786943125881,4.1517763,6.6024117,55.810593,1479.0924,-42.76144,20.359592,-10.284836,74.280815,21.459217,0.8991188
d87a412ba8462f9eb5324ae2dc20c9cd,197.73708859313976,21482.91646308139,32.34743226162546,13.593572,12.2722845,68.694565,2140.4814,-25.568922,13.068816,-6.662626,41.526207,20.853258,0.849062
faead8d0f1724cffcae842f1456aca82,150.52758066932626,7502.966214176166,20.306228012105844,23.010576,28.685013,61.695843,5327.122,-22.590158,12.877495,-6.324893,36.328323,21.142025,0.8727604
3944d1a27572237adf588fd99345ebeb,174.84255879392975,7099.647258136341,29.049687755885795,54.109844,31.168163,45.661648,2244.5867,-21.60394,15.884596,-4.3260474,36.447887,19.661486,0.75477207
704a94c8884230cbee68dc58218360ae,190.46328027716962,5011.417813115517,20.95945967767727,70.08791,39.88992,43.161835,2437.9397,-21.414335,15.919346,-3.9812484,35.79834,19.33237,0.72970414
95f32687da0cd60862e6ff5a29ff2bfa,153.18065380035264,5779.371206584994,27.54637952099207,58.15327,35.18083,43.45301,2310.2832,-22.204105,16.798237,-3.842576,38.291103,19.79796,0.76529545
3502302ecc0a4d3f6d3680e11aec59da,192.63797371061685,5956.902499442194,22.976258054706975,73.23896,43.14198,33.93599,1007.3857,-22.254538,16.428453,-4.3513236,37.27858,19.527727,0.74452424
6f20a4ff0bb389f60f43035794a42573,170.91948743165432,8303.895635245934,27.054589242824633,43.989037,31.976412,44.950294,3398.0132,-19.594074,13.855168,-3.7972784,31.322353,20.440649,0.81578267
f957714f8f2d93f670b75728144827ff,223.93458161726042,6138.4290285779325,16.332210299955054,51.64282,33.46817,68.98308,2127.323,-21.904469,14.781367,-4.8893175,34.803238,19.619743,0.75157875
1ab6c12c484add46df67513af7121524,192.23184603158725,4024.533399244339,17.29649886704727,57.72993,33.23727,52.672436,2124.1638,-21.17949,14.900189,-4.2655225,34.027306,19.276878,0.7255324
210dd2f5e312a4b815398aeb606380b7,215.59934338965607,6458.89123508319,30.742517846562713,53.933613,31.915232,46.961395,1460.4744,-22.670633,15.262653,-4.9438434,36.539917,19.675425,0.75580764
65dd4e3fedd9dd426b9a05b307eae52f,169.3438756989373,4872.274753459207,20.59058244960528,67.15943,33.90177,42.86526,4003.2517,-21.706802,16.788559,-4.2888384,37.033676,19.288477,0.72642076
21c596dc68a5a4852d335cdc8481a08b,180.54275000848264,7993.185430069088,37.01926799929555,48.871513,33.438484,43.115746,1219.4426,-19.70322,14.371109,-3.8941026,32.347614,20.248602,0.8005088
0f424f6ea4bf430219d18e2bfc4cfd24,152.98046119345068,7350.605295486362,25.230825438811635,50.59714,32.31518,37.089474,1259.2644,-22.002304,16.268,-3.7532558,37.269012,19.334673,0.7298489
a91d2e7e0130a607c4ed5e9c107ac6ea,187.04801934811573,8102.329144495827,30.461813316079606,59.183796,35.480537,51.747707,2122.2253,-21.183811,15.538585,-4.3065495,35.189358,19.569374,0.7476745
f2831719673ad12a58816a0f068dec1a,188.50472467542488,3752.600651507617,14.202141659388836,57.17041,34.099678,63.091232,4188.18,-21.143713,15.256951,-4.331745,34.643497,19.223854,0.7215062
d9154c330946fcd8fa3460ab3a6854d4,216.68480901537754,7182.363330437971,24.198837137143254,60.18054,36.904007,73.30555,9263.33,-21.15377,14.693001,-4.6227984,33.867764,19.785965,0.7643199
054ac49cdebb14308ec5901c24efb3f3,203.8986341683559,4216.38572196362,18.41092618621742,58.0483,31.975061,49.310352,1547.5579,-21.011595,15.102043,-4.3439593,34.186626,19.30005,0.7272689
2aab35d3a4837a0c401098c2f5556c0e,212.93331772824894,6987.6395132861135,23.313377090230535,65.10438,37.473217,40.208138,1217.3771,-20.808767,14.734235,-4.562118,33.51844,19.526264,0.7444195
d3f2fa671cda8fc6d7512e341e9ddc92,182.18696636838516,8010.151963343654,30.26109271526837,61.89341,34.950047,48.73007,5160.9175,-21.461563,16.247313,-4.2958813,36.464226,19.344864,0.7306434
a93983c71769918c03336683e279f42b,168.43986865381967,7738.473799845019,27.751971528621944,62.658806,31.937687,42.548607,2113.0037,-21.182484,16.328836,-3.724627,36.19731,19.813856,0.76646435
c5da35c5eef6c3888cf50612b62a7093,191.31985146444822,6751.269301285631,29.035355641289733,65.12963,39.39179,51.479664,8661.9,-21.64568,15.739646,-3.9664671,35.771065,19.320066,0.72878367
b3bb7832dc7fac09890d81e810917834,515.7642946097479,178967.88586909845,21.732353834182316,19.33352,32.17086,30.936148,1465.7845,-44.259018,20.379354,-9.729291,71.70923,21.28362,0.88438815
b64fa70fbffadbdf900cefc95378108b,1000.0,0.0,0.0,0.0,0.0,0.0,0.0,-100.0,0.0,-29.00951,178.8266,22.578316,0.9951882
26afba2f8320b049916f12ff9e06a0ba,1000.0,0.0,0.0,0.0,0.0,0.0,0.0,-100.0,0.0,-29.00951,178.8266,22.578316,0.9951882
215e3dfb93ad341d6a06e80b0dde334e,1000.0,0.0,0.0,0.0,0.0,0.0,0.0,-100.0,0.0,-29.00951,178.8266,22.578316,0.9951882
201d6c23b5e344247dbde711ce658ba1,1000.0,0.0,0.0,0.0,0.0,0.0,0.0,-100.0,0.0,-29.00951,178.8266,22.578316,0.9951882
c78cb825b055a53cf578cda7783e8091,1000.0,0.0,0.0,0.0,0.0,0.0,0.0,-100.0,0.0,-29.00951,178.8266,22.578316,0.9951882
b69a3e9529010c668a4616722fa248b0,310.6067763043142,6468.5065918221935,10.10013417649332,10.961024,11.064341,616.8801,33246.223,-38.298584,18.2867,-13.859152,64.866295,21.714392,0.9205235
c016c03fd007516e95787d57142d84b5,320.24616159538294,4810.622136578067,10.783967856100706,13.482752,15.109295,569.4023,17125.152,-38.14323,17.167643,-13.5701685,63.91233,21.613857,0.91205645
9eedc242f230be73fcd1ab65cc7a2906,363.84930110055814,10680.581766132016,10.623979697568357,16.43523,19.24811,405.29196,9912.758,-37.54879,17.627495,-13.401621,62.653305,21.552603,0.9068809
046d012aee1330ce46ac4041885c5168,650.0712126591537,20120.561978991984,18.33738851532817,35.951218,39.35275,292.98456,25683.97,-31.188711,16.016113,-10.322829,50.320805,21.72096,0.92109895
7c9ecebe38d4011348b460637bc477e1,511.95872786592156,15032.756684242122,6.99711076150257,19.37685,19.755718,368.82358,19916.836,-34.025494,16.289404,-11.7701845,56.266167,21.895172,0.9359225
06466642feeeed0bedc56c135b7ea6dd,357.716754515778,12267.827656972282,21.845499746882417,13.737481,17.107172,321.632,10507.13,-38.703186,18.007782,-13.769186,63.863934,21.670113,0.91682166
f2df40cc28b3c78b0535d155299a121e,328.2945155264665,5343.695906195122,10.404925273118412,16.00646,18.231508,470.64554,20115.195,-36.236298,17.007778,-13.40369,60.882927,21.932465,0.9391534
a1c6d6a0c7a240191198df8f5705da8f,292.00873797846225,5033.378937353162,9.061543701727283,13.669197,21.31143,538.0875,26001.639,-35.60155,16.30197,-10.218335,60.237625,21.60612,0.91149414
14ae8a1e2fbc8ba9fd914f88e1fd6bdd,482.75140588638,2733.7133989706304,4.988298958619808,132.36711,54.00592,100.5197,2927.9111,-14.1109495,13.496372,-4.3825064,23.21799,21.348053,0.88974494
a4cb5d36e16c7245c6f40cffe1299a04,447.3934957224637,12036.35297448326,15.910433461248072,93.60986,62.882027,76.17886,1517.3347,-18.76151,15.032507,-5.018707,31.637346,20.714472,0.837808
b51a609187e1e41f743494358180475f,393.2189031700118,10550.102589914815,20.202232400657888,78.86234,58.642876,93.39983,3815.989,-20.273643,15.876499,-5.4846487,34.840122,20.198984,0.79662204
53ca5fa6800401043df96c75213b7a35,404.7161398136682,21583.15022783748,22.824411547548145,74.39891,51.126663,65.70382,3304.595,-21.066788,15.8147135,-5.1425724,36.137676,20.280996,0.8030249
fdc1cb7eab77365452b41051030ac7cf,361.8629919623794,23276.338892610933,25.49061482852112,82.34418,62.443577,50.677223,1206.6704,-21.072104,16.4951,-5.424902,36.892223,20.829329,0.84701407
94ad96017f59e2befd8fe02954035f7a,359.7254500369238,8688.108410820818,14.95238491657537,76.72659,64.226204,168.07507,16310.094,-20.661888,16.146524,-5.5768905,36.009396,20.076149,0.7868968
44b1616ed3d9b1c0f0bdafc10109ba78,352.7290585345698,13504.691205874751,26.38106810459326,70.87058,54.320503,64.34563,5807.2876,-20.536562,15.914226,-5.491094,35.072727,20.326666,0.80665046
29f353221282a6f81482963cb68e757b,377.93439534902,8152.984304663148,14.165443064652903,92.49514,52.37782,75.28752,1865.2814,-18.798008,13.92904,-5.343593,29.988066,20.515694,0.82171166
e7b2c60ba056b0e484f237c41a7d0012,578.2196134592274,58800.06242005035,20.575743534541566,46.214787,44.269123,188.81096,8601.603,-25.744072,14.501978,-5.235992,41.61963,21.210178,0.8783157
6efb6e3b2372ef6b25b49bd61a612e0a,508.4109124873258,66138.0029732582,41.54823152454626,54.754726,43.05358,280.95715,18416.996,-22.968204,14.916423,-5.684108,38.21505,21.703943,0.91970754
4f2539653b0ebfafc0d31dab4701f9bf,436.2350309666598,56178.53243589256,25.56545510988198,31.99528,25.121244,213.17896,18458.441,-25.508307,14.68134,-4.815731,41.872356,21.332853,0.8884984
30f114af37fe6ff8370b0d70ff7d91a8,283.8554032620034,16375.635724407954,27.811856625846037,88.82157,58.700096,102.4165,7397.2485,-18.95414,15.877066,-3.1857302,33.290752,19.870169,0.7708256
c0fd7a2274e86a03f49ec41c6e8dd177,260.88709501153966,22123.10291658644,44.447771719747145,130.05444,59.32058,67.42749,3249.7769,-13.046664,13.899487,-1.2629915,23.029116,20.011217,0.78179806
5a2ff4361e61aab8c8f197ec6653f3a3,194.5445740033456,16029.541916684262,42.125781181634224,106.35191,61.17507,98.61235,12278.868,-14.862366,14.477615,-1.6127719,26.288895,19.497997,0.7422713
1705bf7ec2f9693b6e1ffa90e12f4d5c,209.2091503253118,16163.33376139184,40.30258323469907,128.76476,57.75078,26.158754,1471.6104,-10.114306,13.028248,-0.5845505,19.999355,19.52337,0.74422324
960a78704d0c33a6210a354f4353731a,337.03524662872496,34863.693149354236,45.790370623256436,133.92198,54.854805,21.518282,618.3685,-11.048948,12.9759245,-1.4133009,19.510149,20.238195,0.7995828
4efbec5b433696ebeebe5550d304efab,307.851818139497,36600.10944407665,57.35663783435868,149.02531,62.455402,64.22487,6645.768,-12.559842,13.863026,-0.8218648,21.670305,20.113792,0.7898705
66924af766a827a9df74334fbfce2074,219.71872223815274,12807.62642350385,37.72378557242767,119.17596,59.238953,25.392853,894.62506,-12.110735,13.562045,-1.0534087,22.183012,19.472364,0.7403099
fd69935345d5ef15dab8a90f7ee0c9c4,204.3546419290071,21083.87528877314,44.6946174914303,132.62755,61.948906,69.05123,16132.402,-11.607825,13.635371,-0.4713223,21.267643,19.583027,0.7487318
eec447f917417456a87275026b22ae4c,213.00426848678245,17875.053584514244,49.96097353811379,144.46321,56.049194,27.363638,1041.895,-9.3352165,13.342607,-0.2790155,20.151985,19.610697,0.75083894
34e22467377d2742632ed2918e7acecb,249.65081417675523,38100.2205279644,70.40609116944941,126.51459,56.182686,55.88937,1794.9922,-11.416967,14.019648,-0.023062274,22.623314,20.139112,0.79191417
d82a319c6de85afca858faa6f9878e98,257.4848440072594,85947.80346679666,73.54600143983896,93.65009,48.379032,146.99574,33425.168,-14.896847,13.768454,-0.055984326,24.653986,21.57013,0.9084652
d8b752de864ddc5ce188b2ac360bdb5f,258.45817979001515,62219.11343495791,91.69102364085136,87.01545,62.559387,63.43318,1271.5565,-16.725744,14.04965,-1.169026,27.779537,21.37361,0.8920076
193242bed3726e6bc1bbad436364e4d8,222.47141462660278,20553.06917495438,36.82883266267666,112.86039,62.8434,57.236057,4295.636,-13.975555,14.217451,-1.431153,24.751257,19.732958,0.76019245
aa869526d7f9a0cc6a6d3388d81ce3f6,261.97879265374064,23227.923272598684,43.6291586436398,137.12375,64.68207,33.36662,1620.0162,-13.594478,14.42081,-1.1392173,24.18883,19.571663,0.7478648
897f119f534423d9b3513666e65b9745,219.76783133809917,17403.458239781925,34.52607904656434,121.998245,61.111843,26.967443,1335.1971,-11.81607,13.459423,-0.3454787,21.585407,19.591402,0.74941695
259b727345ca5f38ca06daa19c810691,273.1053115781671,39556.501186761685,55.76205440911681,125.96277,53.378296,21.063978,793.9079,-11.103806,13.087806,0.0143256625,19.860691,19.622547,0.75175995
802b3df54a16f936af2462dbb363062f,297.42736309654447,35925.278269375325,50.71177182743846,136.56503,54.02536,20.223757,441.5988,-9.449786,12.397577,-0.0550001,17.806276,19.83037,0.767707
f45f0ece5bf19257ea9b28c0192b490f,288.7388681060172,37596.96972061969,56.59876582363831,138.47687,56.06853,188.42137,63799.37,-9.653395,12.525913,-0.18988143,18.213835,19.620014,0.75150883
dc1e00e521aafe1c9a3af8a9b11b6aa8,307.79566897671805,57693.426694163616,92.57003500038357,160.37228,65.4561,40.318607,4929.1963,-10.05674,12.951397,0.3297675,18.258778,20.000832,0.7809951
1784ea19a4b049e859427eb24fea7a46,250.93337425856453,44982.334950876255,83.39213654148962,138.27039,58.531322,29.615978,1062.039,-9.466677,12.795007,0.49645743,18.795773,19.3744,0.73283994
ec944ed7ab2fdb511ed199617d12cdb3,282.95959003987423,43627.353009982085,60.890144301274844,141.30249,50.774662,34.848557,3018.8262,-9.167888,12.527038,0.9933887,17.52871,19.939941,0.7762517
6edf007d0de302eb17754843752b7bd2,240.99183630602533,23233.7667401485,45.27320939702783,137.61298,59.46321,47.345413,2033.289,-10.228723,12.863661,-0.36714843,19.3305,19.801235,0.76546144
451e6c488e33b647f036eb334d3260ed,279.43284272486807,36049.19676551062,67.32921484186076,139.88982,64.20268,39.22032,2197.7402,-10.809145,12.899668,-0.28930378,19.412786,20.301762,0.8047319
ff9ee86c1b134efc89e6efad3f01d937,238.60464234313466,38763.884668144165,72.88091089222372,120.097885,62.988686,65.37834,5640.02,-13.767995,13.823085,-0.1062193,23.61399,19.69616,0.75748086
794a09d68b22a5999d4e0ab19475b508,224.61341035687101,31204.96993499969,51.17072839844759,131.07202,65.70547,47.36849,3695.4211,-10.6303005,13.223706,0.20199083,20.628445,19.415632,0.73599076
6e7f434ed3066edd823d85be67da5f47,180.14882893889353,25528.659733470846,34.7436088406897,140.94095,62.9894,54.882233,4918.42,-8.482697,12.995001,1.4214581,18.729998,19.506598,0.7429173
1c8cc4cfb066ddc60c5b3763a0036700,239.94129376116013,27025.387141829757,58.94374528289364,147.21599,55.839756,22.409637,580.3526,-9.213557,12.52359,0.55406725,18.025728,19.74924,0.7614993
225e3641dc52b00de377958cabc21c1f,253.66796377079675,39330.74039853098,82.0517749838987,153.59657,48.643635,25.891891,1384.4633,-7.7292886,12.119044,1.3895379,16.53179,19.649298,0.75380206
72b1c15ea557b1d53a92d7c193f71b56,202.77941260803695,15317.014600181268,53.449595797358064,145.82187,52.232956,37.0695,7414.9595,-9.746605,12.826568,1.0050159,18.687323,19.186695,0.71870935
ec2247cb5f55827dbe0cdd7dcd0e3273,190.47369410298376,19840.88243917458,62.40911175284537,152.34288,44.52396,29.161863,4599.162,-7.2875266,12.157651,2.0086415,16.966537,19.378357,0.73316926
3f729bdb42574328bffcb440c8fd58a2,235.94409758736134,24443.84037391478,66.77819565230058,149.11905,53.744663,18.605572,774.31323,-7.800411,11.980732,1.4461509,16.303684,19.540945,0.7454848
91dc0abc01d2c43fd21c50c8914b739b,340.10198569381186,55338.306842484795,88.03867967080309,150.70027,52.082664,31.022194,1632.4124,-9.258033,12.400227,0.6696327,16.51032,20.320444,0.80616546
37c5e678051cb789b44991b291d6caf4,298.20959855177307,50213.85217245008,88.05754247613974,141.45555,70.70874,231.2631,79683.39,-11.12843,13.031066,-0.2799105,19.981813,19.714252,0.7588339
39f59f4c8a56ae1ceece81d056e73b89,328.1132757400084,47196.22422562584,76.39501891599583,149.1448,55.599014,33.24956,1387.5757,-10.926403,12.827556,-1.1283042,19.254686,19.931042,0.7754735
368154a17d68fdd319ab0726f8959dc2,258.0935183065635,34290.808031705026,45.84992405830069,132.34941,57.02819,39.150543,1184.4077,-10.525579,12.748416,-0.608102,19.613436,20.010147,0.7817155
18273e9e463ac611859ac840cfc0ce1d,198.88950768275356,19282.073213242395,53.64148128978306,127.31928,48.461987,23.059286,876.51904,-8.59926,12.273899,0.49774504,18.44777,19.600657,0.75009215
4e026a10b16b8a9ea0d004b59ebd1cb7,209.05837959643415,20412.796579194197,55.93429896886191,99.673164,57.608425,79.07655,11076.9375,-12.162781,13.415271,-0.7595045,23.201979,20.051004,0.7850064
6baffd7fac53283d55c9e9cca05614e2,130.70516027015776,8777.544833978733,34.714799709823836,101.190384,47.989494,33.29146,623.51666,-11.44853,12.515622,0.6177302,20.19247,21.488663,0.9016253
94a28bc8d9829dda57cad7e12e87a5fd,210.0919281780263,27537.233136529157,54.91831512328972,112.47959,72.242546,31.95341,868.40326,-13.730973,13.636681,-0.761552,24.044739,20.829172,0.8470784
5e7f6b410818d3b762904c237a9ec846,236.65921922174505,27247.40544945447,39.717559312209715,117.18256,65.02401,56.64883,3315.5264,-12.984923,13.792974,-0.89136016,22.83936,19.824104,0.76727706
4c51c7ca578f36f0347345f96533fb56,289.99819167615834,37751.88425023522,54.91960518680638,115.25557,58.93023,64.508995,6555.7275,-11.499908,12.903682,-0.8599128,19.903397,20.939276,0.85600716
9beb74b3f72da098587e37a97e1b9483,241.6938035153031,33452.0603937206,49.58887166352523,138.63945,70.64386,63.00793,4189.2954,-12.713408,13.832093,-0.040523868,22.550322,19.405977,0.73529536
a09915b5ba1e27314c91d4e59d92f936,223.67618849174391,21962.836906892593,48.22398036344661,136.76312,58.8501,20.665817,574.503,-10.701167,12.964846,-0.5975446,19.823404,19.468784,0.7400325
b729cdd289a1d80a17d0a08acd31c1da,204.57319864083752,15973.27624614921,36.96483624301896,128.0122,53.39458,25.174974,1005.3322,-10.165504,12.956413,-0.3910312,19.669971,19.633436,0.75262165
8d2b15fc18037e02509638213c7f3d31,324.0277175013415,45109.00036671155,87.17267296155184,142.222,57.948235,24.079317,1766.6849,-10.658098,12.330068,0.10842777,17.677855,19.49547,0.74205476
5d361b6f387f13d488381f8128db5e83,240.1488429432913,27701.98605745544,52.934007570452884,134.45692,54.056896,28.882362,2008.1443,-9.497232,12.4221945,0.18406977,18.278671,19.183496,0.71851057
65917ca60b128796d9019417cad4e381,213.86679474927993,28410.977759979058,53.099049379149214,127.44852,54.57987,34.203922,1767.4049,-10.519425,12.511331,-0.036654405,18.896885,20.374704,0.8104348
c2d20c2c942655c032bd131e2eaece4f,246.86159361530554,41919.53676069902,65.20126497921426,118.79758,60.94548,36.051838,1282.1078,-13.106286,13.485578,-0.7457251,22.436043,20.198042,0.79649216
7de515c953cc4c73170cb2905f1207db,183.84508099199394,13881.911310321515,45.42146368253807,127.44504,45.327362,37.38528,5245.6045,-8.199244,12.039354,0.53999597,17.863323,19.33169,0.72961843
7847c596af18fd743290175b9eef6ced,256.39248794282116,46331.450724954695,80.24380613930514,127.67666,49.799328,38.184814,2387.3174,-8.906703,12.640344,0.4349993,19.00366,19.90312,0.77346253
be42dd31739d2b051ca8b0868e1b11d1,423.25166854075195,122044.73999438532,138.75462758843494,118.65347,53.005264,56.14792,3331.5654,-14.661682,13.214214,0.013882672,23.563063,21.406199,0.89469993
085ea5d2ee7143ccf7a5c5e42e76b20f,253.91882013350286,73303.81941582507,66.69440001736119,96.46596,55.88178,75.835434,4696.685,-15.564788,13.675623,-0.27823883,25.809341,21.069473,0.8667844
255d463deadfea7a87a742c6e3b38600,237.27619104781306,19946.463351407467,40.472332404363414,124.89461,58.951096,46.32936,4398.064,-12.83051,13.802345,-1.3349615,22.334446,19.977869,0.779238
48cb55aca0b4f1ffc1118b2954596b84,268.79734902478526,29515.02489991123,48.04130700326872,113.33316,61.709354,34.3029,2046.7651,-12.456155,12.835519,-1.1309235,21.194258,19.926722,0.7752226
de42260f3503f560ef34532613ae8696,188.41176353118814,13251.277999367541,33.7429720631193,131.90479,55.20217,53.42315,1963.2131,-10.958925,13.777662,-0.33472398,21.004906,19.344841,0.73062253
42cad7c7309e7b84f3ab6a9adad4932d,261.13574082346594,36454.87998532732,62.53482923238831,139.03665,50.712315,18.329863,704.50824,-9.598419,12.76545,-0.18559766,19.032629,19.410963,0.7356492
e8828f0f3cdb0b36d2c4e83e34b01f13,262.86492747169,28840.127798409467,51.31223025956563,138.08783,54.755756,20.354574,919.4369,-9.729958,12.439731,-0.2004074,18.61744,19.278728,0.7256799
d8e3ddbfa22aa8107aefa4eb1a49d134,255.774139380419,32398.570502488852,63.85435515187706,136.69246,59.57847,19.95568,476.82605,-10.289932,12.652561,-0.08913288,19.297731,19.692324,0.7570891
b1f162dc41359c605e75e4fd7161b376,212.3129024465572,22834.918081025757,63.17580153820389,143.21985,51.682865,19.792944,797.173,-8.922559,12.276839,0.20594914,17.565441,19.402243,0.73497427
1d4474de014f1b2f0b7d41546092e929,261.11439945878243,34838.040143510654,60.73108796049379,130.67743,60.492867,43.831867,5033.2056,-11.411702,13.205265,-0.7826109,20.980597,19.750666,0.76163006
001cce746bf89f7fef146f70be305bbc,196.8527898903063,11366.293648076262,38.33410214669631,143.76047,59.64845,20.091599,625.7431,-9.028679,12.815378,0.6428825,19.443497,19.571733,0.74788207
e48308321124d103e2b2e464936e0608,190.55483776414215,23429.787399599954,37.34562998647902,134.32481,59.1845,33.574112,2304.011,-10.061604,13.156914,0.7959355,19.86702,19.468681,0.7399983
f2a31b63cceab151810a4e2cd12a34b5,209.83014566002876,29729.03319001409,58.24755498306422,134.45024,57.342567,75.19968,17827.55,-11.080148,12.808952,0.77093756,19.709635,19.272346,0.7251535
fa1a56296bd02a4e2d3e2170bf2e3d08,280.1004025794073,55300.62108321823,90.54409686256565,156.0875,45.539932,14.331147,424.33118,-7.429344,11.816028,1.753715,15.72778,19.51031,0.7431243
9cee2085cd27e4895c42f8880a0253fb,264.0512363860249,39135.569455345976,83.86174853437058,147.39906,50.15764,37.757042,7061.7617,-7.941535,11.819862,1.1118731,16.574577,19.414055,0.7358536
fcd8ef787f70310700dd283bd43c4b17,221.18971928450512,22325.205741725757,56.43504824028339,159.16765,52.352364,25.90258,993.2861,-7.372671,12.216351,1.3529265,16.968784,19.420292,0.7363108
a742b70db49a147c927136338841b018,303.5082008355267,50766.67517287643,97.76031283613409,148.10141,53.95247,39.15451,2771.835,-8.442125,12.267075,1.2927427,16.56497,20.555271,0.82492197
8769c1439d7221d8f0a30cd81c37a6cd,291.887599844015,45064.58493339067,77.1396018953066,159.32272,60.910145,23.438211,734.4171,-8.075051,12.124727,1.1290339,15.847962,19.715399,0.75889313
d750f8bef3186db89d14415793799b59,265.80355919834125,27329.86435222245,48.99925092642016,136.25792,58.160656,26.843325,1088.9027,-10.144888,12.675734,-0.45889997,18.569145,19.469858,0.7400912
6a88ea3e2ad7439fa9670a2a5f4b8f63,257.4815196253468,33115.41324045596,78.66468396352423,114.642715,62.55639,33.068756,924.81573,-12.881839,13.478053,-1.1782906,22.566936,20.237328,0.7995846
775042f3b0ccbb84d466926bd31d7633,231.57647731690997,40798.021806107325,88.9821456169878,125.90064,47.17209,49.521503,8937.936,-9.047556,11.890591,0.588093,17.85788,19.418268,0.73617506
fe9c0397884cb453135da73360353a9e,261.2602285804223,42005.25678573898,74.2489065992309,144.42693,45.55823,22.112303,408.53464,-7.7996583,11.898706,0.3486877,17.406307,19.406855,0.7353266
ccb532a419881316840365de4b68c616,306.584914152744,46409.40883818233,90.38570603896518,153.75583,56.598934,35.874573,2411.8123,-8.024364,12.320334,0.27797982,17.523586,19.78329,0.7640778
0dfa60dadd14d5ceb42b195362821e5e,416.3521075207789,74926.44240663381,28.097229238242498,82.63468,58.08517,153.40302,3820.975,-25.608204,16.978745,-5.4255114,43.067062,21.568943,0.908231
6369c98e125059df1d5084ebc8344c1e,770.1691868954839,68129.72500481905,56.70848299875443,30.927378,28.328163,185.04797,14426.534,-36.148506,15.252495,-11.438301,57.75578,21.811878,0.92884374
ba2847165054d1602738e346f1860f6f,222.24521669225012,18223.5863992922,38.95894522658224,28.841793,30.590452,72.13328,2899.3984,-27.680208,15.596503,-10.433582,45.926113,19.639788,0.75306356
23ce53d3babe1cf57124ac46bb0e8069,269.4343009027009,26195.47912004733,43.05550587492942,38.514034,51.36252,94.688,2654.4202,-27.490528,14.836439,-10.013498,44.613335,19.515293,0.7435781
83bddc2130d98f840193f24a0da1c841,296.035913830288,23991.50371247277,40.981191128526405,54.860313,58.4985,64.25022,4699.2134,-24.47461,15.267951,-8.9682045,40.13207,19.368282,0.7324291
403d7d689227e1bf67dca3715676507d,278.3370497071614,38379.088371942395,30.73051492860274,66.60675,79.25348,66.413536,2928.061,-23.885138,14.35466,-7.205037,38.509617,20.087412,0.7878423
62cdd9e5a5a796d196b05377f8e648fe,353.76154937817023,39587.52803868828,33.166464120676906,102.695854,100.490036,118.55038,9051.672,-21.317867,15.40064,-7.4094305,35.614075,19.479015,0.7408193
a14d720d606069e78368bf1c1dafefa3,277.3040214862634,23864.937311718706,39.82461740062285,60.313663,62.49836,45.053967,2477.7021,-21.731209,13.906217,-6.9066286,35.012405,19.379112,0.73325324
bd32801da0d75672033c9c9052077494,185.73051982796812,10535.730408898582,33.68541442491889,25.267605,30.085945,71.4549,3140.7192,-27.855585,13.920985,-9.399601,44.694736,20.063473,0.7859491
15f52546f9962cad68c9278b20c204d8,221.55871746400385,22748.2834314496,36.982689063507046,39.22289,44.211296,73.68597,3573.256,-26.009752,13.968836,-8.336901,41.22728,20.69592,0.83629835
ed22d968976d9d41a488eeb5a30469f7,273.3964920757141,29126.030247318304,44.291639995518615,53.66085,55.095703,53.910355,3555.707,-23.853498,14.891269,-8.778761,38.94324,19.472622,0.7403301
6d5f2a24c3a293117395e6ca40584f08,305.29781356139097,29011.52352086345,53.09328832741039,73.200005,76.377625,36.662117,1223.186,-22.367252,14.781247,-8.133154,36.807606,19.665619,0.7551
b8f82d6d746db2a516d091cd95246841,358.3895984842492,40576.25317233679,37.91076523160133,68.43433,86.864006,62.460712,1632.6768,-23.64206,14.5401745,-8.272554,38.15512,20.169426,0.7941973
94002214352140270f20f20eb99ad5dc,265.7969634787016,26118.068390859735,49.059766636286184,38.464973,55.677204,51.25543,1175.1819,-27.028097,14.010738,-9.397361,43.260345,19.92467,0.7751296
d0bbd0b13780c2ae1a90feae828d43bb,414.2785646895488,27358.07371125386,57.72746559215011,128.81267,98.46292,47.63558,3824.4297,-16.634874,14.237981,-5.8021936,27.58634,19.355822,0.73147976
b69b9c85340d970da05d375721a29830,266.45492511490176,20030.95028637633,47.923508501659505,77.511604,68.00223,31.814224,2027.542,-19.135145,13.068603,-7.128393,29.616556,19.579851,0.7485066
38ce99a685b2b7df31ac1161a9bf6c1e,203.56904032394073,15603.805316491213,42.02869317549425,54.82617,53.053127,43.954464,1543.2562,-20.94309,12.900657,-5.660033,32.80608,20.222427,0.7984774
7245483fef4e014af1c79d65ac2bc1dc,218.1554248174604,14011.34698039523,37.25837681031025,31.977163,30.84465,61.734093,5334.149,-25.642735,13.032367,-8.823375,39.97142,20.471066,0.81824714
bde33c7bf68d1c2f4873dfd7e85c31af,283.26349800997474,34957.679719807405,55.357648256505456,60.82083,70.51849,28.534487,1289.3405,-21.765978,13.531343,-7.5300245,34.39128,19.390179,0.7340816
b19b28de8de312ce7f28fb9cfdb508f5,256.3985612773735,29472.21470464236,41.50654680329608,65.6562,85.92193,53.67435,2702.4856,-23.385899,14.069051,-8.161611,37.47259,20.159904,0.79349947
ce1c60d7af0c41f653075556b12ce1a5,340.22420987986254,23348.310191986173,41.65781551388423,66.34757,73.1243,109.500015,9418.616,-23.862417,14.854735,-9.36657,39.367966,19.660791,0.75469756
72ac425ea7efb23dafb9f35eaeae5307,249.95191843805316,23335.364643146848,42.48404234607689,64.2403,63.283672,42.59991,2602.701,-21.676485,14.1519165,-6.685532,34.834793,19.497694,0.74224085
f04f7b343d1e7637535267da5c2df582,264.2133008092143,24144.52852443065,42.873103437323074,39.384407,47.362907,43.73268,1412.9475,-27.578777,14.339188,-10.321088,43.997017,19.716995,0.75904024
3d524d08ee5ca61363422ec595bb0e40,195.28233151596362,20352.42600577899,40.34063868131785,20.646152,25.077171,82.236786,3180.15,-30.713255,13.495464,-8.640032,49.344955,21.817856,0.92946666
578b5361d90cae83448a6533aa5fdfb5,304.3184746446442,39753.53600757136,48.15092465074612,30.10625,35.512638,44.023937,2497.422,-28.536266,13.941639,-9.849687,45.0386,19.519169,0.7438561
d8dbb579a7d0eeb352fff44984356860,274.5890728369001,35806.05515219402,53.241501484495345,44.687428,52.84565,40.065197,1182.0242,-26.422081,14.750887,-9.031517,43.001408,19.382051,0.73344004
71066e603a3783c20bd9545d3123a70d,282.48980228369487,30231.338671129255,35.04608887290519,25.644087,29.128994,255.55792,54959.63,-30.154877,14.160837,-10.746833,49.143272,20.58418,0.8272553
55aa1fa36622b9c0cc3a6e6aae2c60ef,299.93440314237216,39188.185312816524,45.27160835181514,42.806393,43.242786,56.27229,1165.686,-26.333473,13.810664,-8.546444,42.0819,20.552265,0.8246964
17ad846b07e1563e74f87f8f4919f287,354.7266694424857,51479.16767408772,46.99522270865991,74.8066,66.76589,41.630302,1506.7949,-22.388494,13.510139,-6.8179474,35.131176,20.265085,0.8018224
a2e0da1ac9cf80825b218c052de759fb,294.41845665880777,32040.540766244474,60.64957260354522,48.57456,54.96846,42.079792,3712.8223,-25.52426,14.047677,-8.572171,40.20447,19.462742,0.73957574
e210097dd86c9c2eba4e098db22abfc9,291.4191939959298,23914.53852022497,48.592400595820386,52.873653,50.278004,23.45354,609.81854,-23.721289,13.051162,-8.78865,36.201252,19.470898,0.74021715
43e2752e455cbe7f9524d7445f54d9e0,291.2644566457279,36029.4712180169,42.719309532363624,40.876404,42.04021,74.97868,5107.911,-26.795498,13.69982,-7.9914126,42.573692,20.189716,0.79586715
0bca336ff5181bbb089ec03de0fa77be,339.522351972333,36550.12964682714,45.57111662526238,51.911926,45.93924,45.82466,1890.0452,-23.7816,13.146717,-8.984738,36.943996,19.74235,0.7609793
c5874d74aac534450dff273bb7dc41fc,288.97453643238356,23138.77776747124,44.067774660658216,76.056725,66.94231,43.776695,6153.804,-20.555155,13.564792,-7.937997,32.310097,19.28272,0.7259531
149a74c26a7041562fe33c2103fe84e0,278.5482920902494,36088.20456242535,68.76389412505611,12.576736,11.602031,59.0011,3282.8389,-29.289804,12.891662,-11.694994,45.550262,20.463236,0.8175331
4690096deb7cf14d158d3d5484ad7e7f,219.8463967584263,19785.60358923429,30.01557718466078,20.07265,18.768425,147.76378,5599.8696,-29.160124,18.84601,-6.7521334,51.569477,21.554611,0.9070964
be41d50985ae737d18ebde8143422ada,347.144564984119,21868.399640389864,16.62155265471455,57.495003,38.953835,87.99778,9807.99,-14.631969,11.961412,-4.7343554,23.288189,21.954819,0.9410873
ec08b9207d78f1080fcdd80349c820ab,369.22640096627066,21997.5690842601,31.30534160172814,49.12078,25.646639,58.82418,2874.49,-15.633053,11.543852,-4.651927,23.882856,21.928457,0.9388695
9c56814ef5b55f44581a8a75b207d80e,192.80820654075316,16059.27227166173,38.17134760343735,35.222374,25.762926,28.459518,3033.9673,-16.938936,11.680557,-4.065681,26.740675,20.151289,0.7928014
44d70b2ddea6ba99a1b9d22208a13a58,247.5323646604705,10432.95293421971,31.409247163829306,47.444504,33.303055,25.878738,1129.2473,-15.376778,11.177448,-4.4742966,23.610806,19.367306,0.7323723
fbf45d2f67bd9ebc803bb4e67341bda8,190.237555462364,8136.452492158083,14.219014136780451,51.81142,33.164665,52.581375,10246.69,-14.890233,12.444632,-4.087665,24.780716,19.510984,0.7432695
d0fb058edd7d5e748761a69d0d482a1b,226.33398567099684,5813.680884129343,23.985542893767335,56.313602,31.075016,22.542454,497.35767,-13.47629,10.945943,-3.4994993,20.454397,19.239985,0.7227162
c40f50ca86398f7e5018470309b3d216,214.32178703419086,23254.322748102073,36.0466716561579,77.2755,42.029808,17.185486,564.14307,-11.170031,11.622535,-1.7569442,19.184309,19.204224,0.7200801
ee2972159b3920a5e2a9d8eb586b900e,202.14688822245586,14937.889106860961,29.22725870943203,71.48406,36.503418,31.124731,1574.7389,-11.037483,11.703152,-1.823446,18.799934,19.279215,0.725682
db5a0fdba9564d9816389ffe31831f97,221.77304504700965,16551.81675184336,37.65196572007252,70.6032,31.870169,20.435123,701.23676,-11.78652,10.800767,-1.7084084,18.111494,19.95013,0.77705556
7998de805fe93a02172a5b83e5be5d9e,234.11779836105592,21609.9897085182,61.085839740573796,57.706818,23.82812,17.45825,411.67557,-12.691541,9.250207,-2.3015597,17.51419,20.836794,0.84766746
79c7704f4cb487c0a2faf841754415ce,232.23912565349178,19938.028910438992,47.68919557934774,73.61637,37.31637,60.040024,9484.059,-11.277515,11.138445,-1.8484682,18.37872,19.253162,0.7237198
e824728dbabfa3e9b66f98dad5404db9,196.25980966377674,13714.18490714942,36.39479364323624,83.41237,40.060085,19.806572,1107.8151,-10.35774,11.460266,-1.6968981,17.882547,19.18338,0.7184634
a34573b63b61e038c5a2c81fe1c0ee3c,265.481639274257,13971.411857771744,33.176557222435314,88.45611,41.102947,25.989222,1031.9386,-10.514188,11.01184,-2.2198827,16.828733,19.121578,0.71387774
a9309026a07989149e478ec77788ee12,244.53256386294575,13208.621558865969,31.86896540311388,78.95573,32.952015,29.216827,1772.6664,-11.18625,11.055645,-2.0681436,17.300488,19.15669,0.7164912
4598ee7abb1014793cd910bccf9f72d7,217.26800794324788,17565.16590504221,37.23328033086805,80.30931,37.211823,18.826326,870.3133,-10.598753,11.128661,-1.6391933,17.565401,19.291002,0.72657025
dbbb1ea2937824504bcc66356330ae88,174.21147045606077,8728.912153735508,31.63475806051228,74.240524,32.854244,20.551077,898.8188,-10.700683,11.641867,-1.5513427,18.431376,19.4826,0.74106944
cc68e9a7bcf45b2b9d99e5a87f90b3ca,207.27591771467095,6560.242624859842,25.123340937008177,67.84928,29.879496,25.047277,1044.9008,-11.914148,11.237652,-2.4937072,18.294903,19.20392,0.71997094
595320095fa39243f563f6a31b834fc4,254.33372159943943,28117.966593787,59.415149716471696,66.12092,26.386457,27.467978,882.2882,-11.060466,10.741643,-1.8907158,16.976568,21.956387,0.9412916
5488fa2659795e186ed165d6429b669f,173.9966657266534,13127.973275212644,34.18548705814307,71.63988,34.347244,29.414913,963.2828,-11.29649,11.787264,-1.2209108,19.109076,19.637117,0.7529478
5538f5671983ef1a306cf635cb20efde,180.44153375550584,23014.433938966387,38.70085577672725,71.474045,28.693836,33.276287,5553.551,-11.149299,11.785862,-1.5029298,19.367998,19.120743,0.71384054
25db0701a802f5bbd5246b3e9f097e2b,158.3873820344258,8152.107706911633,31.921417055698903,73.18296,36.155777,23.928549,2765.0618,-11.582782,12.051693,-1.4492557,20.16374,19.27341,0.72528195
cc8d6e2f5bc43f4a2831e3894992b0a6,173.7754740132127,22378.74180779143,44.78356977599939,70.29616,27.725533,18.110643,1040.2057,-10.668697,11.225538,-1.1795667,18.263268,19.294168,0.72684693
20f43fff8944b782d718bcc9195e7985,158.79979812990572,10469.359483644292,44.20803800154294,73.7506,34.75951,18.069496,515.7926,-11.517286,12.095475,-1.4099814,20.157759,19.27232,0.7251957
2716308bb2b96c66ba3cdc0e0bddd7f9,203.45944989975064,7226.766968889234,32.84292498105871,81.69408,35.737503,18.548695,538.26025,-10.225087,11.139739,-1.8667791,17.271297,19.258205,0.72405756
ddff2f0b0ed7724aeb64acc53898821a,211.01392995916098,9310.464896978569,30.15364553286947,81.70314,35.87308,21.797718,1732.3944,-9.728634,10.980176,-2.0538733,16.522669,19.176208,0.71795
564c8ca38bbcdb697e25e6186b2bbf83,252.34371713697942,15739.317667447756,35.25791552646064,95.49518,51.22758,20.699877,641.5654,-10.165359,11.442672,-1.6487215,17.34325,19.121918,0.7138848
d80831096abcad5f256443140f979676,239.6830196008074,16468.158732430213,36.33883231362391,75.327774,38.9894,18.249624,560.3453,-11.751654,11.387094,-2.2028985,18.437426,19.00871,0.7054415
a58b946143670a331526c725f77c86b5,212.93680635312438,14362.962614882079,41.54743959964306,80.14231,31.11687,14.8513155,400.97858,-10.072545,11.005052,-1.9442779,16.984613,19.11192,0.71314675
7bb3da4add6868e047f202c1bee60e56,197.10307526020372,6795.994890911326,29.045566143450152,79.03399,32.527214,52.577824,11321.567,-10.024343,11.152146,-1.9713137,16.3923,19.210148,0.7204783
6ad2cc451ae849c965e9c4ec28bcdb2b,219.9475267781761,14089.971978182051,50.624859997826306,69.39999,23.369476,12.899347,364.62164,-10.61668,9.387965,-1.7113199,14.07637,20.632845,0.8311162
3189391fb64b3a11f9c6a893f1dac2cf,193.78629147452273,14900.58716417507,40.43425801142276,63.447002,27.597889,11.955257,231.63751,-11.651589,10.260899,-1.7940053,17.164091,20.312586,0.805593
5ccf00bb4c9940e081a6e0c4abf12492,210.06140866971185,32462.088682866124,45.55138352709646,67.9265,28.70164,50.100597,7575.566,-11.805514,11.971034,-1.4975077,20.01498,19.72325,0.7595208
cd2b094c0f386e4e0dec972e1399ec92,171.47995137968235,11681.118165408812,40.020815735481676,78.51658,36.276855,18.807444,1426.0284,-11.00812,11.668996,-1.7836412,18.982876,19.122814,0.7139613
5a90c6ba74349d1ad299ae243e9806d3,178.63526555205382,13345.671601842121,42.99319078507699,75.694275,32.251213,23.649317,1408.7324,-10.269979,11.465362,-1.5381329,18.285799,19.164736,0.71710753
3c88dac206b1c846f7a0360189e8bb86,201.36426464772717,21734.133745233976,54.546973752800135,71.2903,39.915234,21.763613,782.3466,-10.584768,11.173029,-1.9825915,18.428953,19.837854,0.7682997
4270378b498c24ce8381a016b9de1edc,181.7457065595883,18276.770962622686,49.90297618831379,60.432304,21.803265,27.097528,1907.8353,-11.24714,10.910864,-1.7184078,18.310375,19.510008,0.74313754
9c8283ffba8c592954d8cb790eeb82b7,165.48839593302424,9022.486630831105,31.04588346266626,74.10104,34.492104,17.593245,882.06335,-10.988797,11.285777,-1.7598749,18.565624,19.057892,0.7091186
d35b2db8364bd957643e87c955094c94,164.66978650171853,5463.203730439676,31.348666970376527,80.41265,35.56081,21.567932,2493.4631,-9.880713,11.458422,-1.462088,17.896069,19.156956,0.7165107
fde7b8877e9ff441d62820b094fd778c,213.7716254625643,6530.834809414147,23.799131375616785,75.12916,32.615616,22.682026,1268.0863,-9.494566,10.20428,-1.8893923,14.971301,19.395487,0.73442477
49c87ec16a45ae4619a817e7ae91a6e8,213.87162414295491,6659.482987612001,30.957155071991057,85.458,37.77316,14.271213,469.3836,-9.637762,10.774926,-2.1578228,16.318722,19.137737,0.71506405
16520524c6a5b6a563ba6251c12028a7,222.80769949419292,6524.577094653023,21.506211733511897,82.7269,40.764652,31.577225,4710.4272,-10.230729,10.757215,-1.9046422,16.268393,19.298615,0.72712743
f0629ab77220afcc2f7df4746de94083,271.70057928350815,15040.192952994785,48.400041025637954,86.93009,37.586617,26.715437,2960.3137,-10.164575,10.57839,-1.9416589,15.529216,19.289053,0.7264213
7c842330206439ffedd18c7abdbbf3f4,209.1539847140728,10622.24432663241,41.266337762805215,81.70123,36.470146,28.447206,4968.464,-9.098674,9.8899145,-1.7235878,14.334825,18.911356,0.6982385
ec6121aa79f1542c51eed7927567ee7d,203.71027904314474,12679.437131916062,44.25015823048243,89.79734,38.21365,20.149803,2651.1191,-8.493411,10.300668,-1.5528686,15.005403,19.277653,0.7255833
7902bbdbd1989d9e0f5288f0bde2d313,206.6005078956436,5950.210290712847,21.80842002823627,87.7724,33.20885,20.66586,2109.89,-8.891868,10.060481,-1.2590785,14.122066,18.958645,0.70174456
56321e1de93fa95dada9c9c62ff2f7ef,194.10997846339924,10475.147545149808,43.059146708554906,90.32292,34.813404,16.42721,2132.563,-8.356088,10.286409,-1.0358734,14.630778,19.251226,0.7235736
e4ba43971fd8b5e369a4139fea979947,212.47940916738636,7995.339266454572,26.61266197920585,76.74171,25.478268,13.913524,352.6247,-9.545588,10.070428,-1.6878536,14.284398,19.30087,0.72726876
9e6f293f3963eeefa37e34f88d90b828,149.14067956725575,4818.202115351801,21.04823622193887,77.81886,37.61854,23.74069,1014.5489,-26.39973,23.10373,-1.3222356,51.597748,20.208881,0.7973886
d6be01b99d5dd40138c23a84c28e391e,205.9274066952629,12548.435614455453,38.91390683361063,94.19963,33.44076,25.997238,3564.5164,-26.43119,23.079588,-1.1463231,51.068214,19.324762,0.7290908
b1741f83ff30e6cd52b50abca1c4fd49,191.76771661252974,15382.252262311116,45.80223002878107,91.92839,35.932835,23.522135,1306.1174,-26.98883,23.000711,-0.9677247,52.078594,19.595913,0.74969405
10f6dece6c93515f1a513715197436e7,214.76748381810367,8221.748744854985,38.94154668601162,87.91307,30.101534,17.943762,1145.3905,-25.57486,22.782202,-1.2137614,50.171696,19.171335,0.7175963
dec778fdb199194a243bdf888cd3f78f,172.82165216200596,13673.263541893391,34.25819822462738,83.37826,27.79564,20.598835,515.9088,-25.560812,23.001114,-1.0466685,50.707264,19.601149,0.7501247
686b4d7f227c9f460e45d8f69f640bf5,195.08116375767483,18229.169473566515,47.64216025741703,86.6168,27.155989,16.796545,324.92545,-25.96309,23.122358,-1.0266566,50.7197,19.121984,0.71390975
d953565295a82b1ed54a25c12bec1f36,174.70442069611974,10264.148747543632,31.900113126067925,92.91794,26.65288,13.898401,342.28906,-25.76919,23.321598,-0.8896802,50.593914,19.065886,0.70970327
50dad0f97f2d2907f6e3e517728ba2f1,163.17617689745686,5912.326047573861,25.8301125463803,90.09957,28.28576,84.84184,17395.477,-25.715141,23.330467,-0.985828,50.70406,19.518513,0.74382883
29c87f81dcb89ecc2a18a4500cebb934,177.3177832997182,10784.018103149614,41.35972670454847,81.83484,30.612474,14.286606,394.1133,-25.743168,23.047186,-1.1329324,50.84466,19.810913,0.7663039
6e1937fb2c1fba72eac893a9e9b07f1a,175.00644975815615,6636.82420281935,30.83557193596838,94.44176,30.06432,20.400742,1148.6309,-25.875551,24.111034,-0.96381104,52.07539,19.096672,0.71198314
b7e190c01b8f93f6ca59c178c62a4524,182.64929252681515,11162.730163780045,30.946386532117675,92.32123,28.779325,20.974234,888.9582,-25.485725,23.72643,-0.8660277,50.488117,19.455593,0.7390099
0ba426fc325cec0816ce03cc1e985c43,194.65893152332123,15196.995006107954,44.882149305511895,96.96823,33.11914,15.700925,749.83856,-26.158682,23.593773,-0.93391734,50.996468,19.469625,0.7400595
4b5a9f0e673228491ec924112af862e1,199.20991045131873,18454.033290586754,56.69623500701462,90.808304,30.93411,33.591694,8158.843,-25.79184,23.16537,-1.0413685,52.31491,19.133917,0.7147345
a3d0098f3246d2fb4adbbbd4b7ff7f8c,183.30226622259468,11780.925193876812,34.198207229058795,80.80329,23.10464,34.407196,3453.4534,-25.10075,23.946095,-1.3225609,51.25065,20.325865,0.8066682
85fb3daed5a2b8e8bec276e2c3e6368d,206.21454216782888,8108.165009356729,28.63424685968229,89.55331,28.176357,25.336174,1971.9109,-24.490646,23.376215,-1.2769016,49.15022,19.36711,0.7323044
f8d50f468652ce1fea01d88ec8304e90,210.32375465657836,10680.033732305334,35.78542296361831,89.178345,35.248016,17.730185,1319.8083,-25.693384,22.720793,-1.3289114,49.374393,19.463013,0.7395948
532e87aa11e567d6b1d9ea1758d63285,196.2375538899295,36633.406804675156,43.52868461787918,59.620823,51.84257,36.123196,7827.3223,-35.177044,23.36399,-4.727612,61.865345,20.412697,0.81344616
1961c759ba6ae7370569cc289f05a9b6,138.0436131932159,9162.955186181445,25.09607317817823,49.903603,23.127295,61.5706,5864.697,-14.476049,13.960085,-0.9599569,26.350292,21.793312,0.9273003
0e67fc757dcdc7ef5c3edcb0484a1838,125.62446591612263,4414.148028512033,20.873740649935897,45.682964,24.397263,57.6974,1243.2087,-16.153559,14.312647,-1.9815879,28.738247,20.859438,0.8495454
e0e5d0d4e7ef2838f9bdc9fed984afba,145.37758812956076,4631.240504648733,21.573085938973463,59.86178,27.167892,60.432945,5564.8755,-16.854172,14.639281,-1.0075946,29.177696,19.146225,0.7157018
abeda78f547258d263ae3da1ca2387a4,134.81549424931248,3239.8962490866766,18.96034071240933,59.800983,27.491365,39.091026,1181.0199,-16.902344,14.642706,-0.83623505,29.332163,19.143755,0.71552503
8ffcbcdc59d3e21bf68c4a2b383776e9,148.11724995204108,5552.923876412497,19.82439536016603,63.138252,26.3515,52.1822,7821.6733,-16.799543,14.78769,-1.0991497,29.071293,18.967316,0.7023709
cdb468025e0177564a5e150c6b958f3a,196.8449068195239,22940.162631036677,37.12809042601617,51.047245,23.905317,45.483047,4614.3745,-13.662873,12.703705,-0.9044503,23.523272,21.768856,0.9252575
022a986df56a9d991384710b27521506,205.21698131480645,8397.27789301683,33.016814740513794,73.654144,33.648113,51.143814,1471.9923,-15.058083,13.595648,-1.119287,25.471247,19.333347,0.7297381
e89c053fbb1eb8cbd4a76c22be9f3863,188.15506862580054,6945.4947581751485,32.24710867398686,69.83249,31.48859,48.54395,1249.089,-15.577113,13.694298,-1.1550045,26.011621,19.170523,0.71752363
ad6e01d027308cdd9ba4f7868fd8f3fb,184.45251836147213,6358.377651845623,26.93801982370522,76.59098,34.292984,49.76881,1472.8253,-14.533654,12.889187,-0.9961219,24.139135,20.083397,0.78742135
59347d10d9691d372ef7d67067df5162,149.08647138019205,4822.488222867469,28.475685747773667,71.281624,29.607492,36.865288,1113.5176,-16.372887,14.499359,-0.7786614,28.231445,19.14257,0.7154151
a6ed53aa3817d4f598278c1ffc9fb207,153.1175156685383,8643.850504502538,29.497712565448758,45.904945,22.13564,40.234676,1809.4551,-15.119441,13.30807,-1.3113906,25.552088,21.16687,0.874759
8c7a1aabd7441831f7844c4d3f25a0c8,129.7219302273036,2292.3515345768615,13.476693970990505,57.18974,23.40976,34.95267,1562.3094,-15.447969,13.819824,-0.97850376,26.878342,19.43225,0.73725355
ab6a9a81b597d222ce0743668ecbb5d9,141.2455344681573,5309.8375080909,19.87418649279136,62.115627,26.678854,30.012625,1060.6593,-14.73454,13.50889,-0.7301037,25.581758,19.502035,0.7425715
49d6714b77ed34b23192be8e6271cbaf,205.46757245717927,7942.647910606634,31.946754799377988,75.59128,31.184904,42.639412,1335.5527,-14.27585,13.462791,-1.2563697,24.375746,19.375502,0.73295534
3bc8eb08f20c0056f5bc9333fc6d0233,177.52464100386797,6058.921680036638,20.60396919631774,67.45635,35.393784,50.93969,2269.3528,-15.604864,13.433871,-0.93788874,25.847895,19.446108,0.738263
6e43611b15f0276a30a49fd991176dba,173.90393013069618,6444.611454402793,32.828333610969835,78.14884,32.39495,35.122356,2912.89,-14.995876,13.182092,-1.0429729,24.87864,19.483908,0.74113226
5fb17b02d19d8ec2228778afaabeaa9e,139.86043215872627,3534.317036733302,20.2493023274418,63.965508,29.549109,37.55675,1327.2408,-16.661816,14.493223,-0.82657135,28.542418,19.272099,0.7251416
3c1aeed1d1ab642da6477090d2091103,135.87024111616608,1821.9507826998329,12.341157680880658,67.45715,31.33772,33.068165,723.34485,-16.568516,15.126458,-0.71333027,29.239876,19.34778,0.73083997
1d781774221ed68f753fc3c0d0a460da,126.29544690075693,6564.898025312227,19.34265423645339,50.012127,36.650265,74.12404,2745.013,-22.909878,18.412235,-2.7640483,41.958344,20.128254,0.7910097
69bbc35a9016aa10555972308c23d223,218.3963791785166,22395.62007415166,10.631503659297948,16.431732,25.222694,240.89626,34842.043,-46.14776,18.052277,-11.218889,74.10754,20.687338,0.83556926
a44600ff62a96d598e0455718b3fcf2b,314.8240438462691,11243.823477463908,16.960156368651052,32.51881,45.234592,142.26717,3224.417,-39.39423,19.287312,-9.894664,64.34088,20.717047,0.8379791
af24928caafd5a78dfbe364eef3a082a,395.6684691514209,21339.456789303826,20.829050726084763,60.64634,68.63159,90.69784,1607.2891,-30.847147,19.016088,-9.6530075,52.69874,20.107258,0.7893875
3a96f831e86acf2e8cc31b5248781d47,360.661514206953,19929.300912915118,26.729989487242285,66.74548,70.2024,80.22578,4066.153,-28.839882,18.861908,-8.995553,48.515564,19.761883,0.7624576
cfbeb69f8ada07ca1658be0bc6559cc1,234.85019263139404,24633.434126478514,18.236319916200813,34.67159,48.951298,138.2032,10805.252,-36.78929,19.950487,-9.18666,62.188946,20.130556,0.7911339
f8c87c3f1b9f0ab2d9d4e15c04f6a719,225.0767935755142,9414.048875608425,12.82990156247543,21.059793,39.517315,129.21402,2292.751,-43.653275,19.463213,-10.983177,72.64432,20.889208,0.8520228
4ca2a7280e762b54fa813b6822d2860b,303.6906355742192,23774.394843142694,16.605591841201065,53.344093,46.992413,98.0766,9933.679,-28.76378,18.369553,-8.901983,48.94838,20.3443,0.8081215
bfd7e583dd4105331ceaac6f2e32cee0,384.8564995536167,14561.323278725453,11.960915354598109,91.192245,75.6545,154.0896,24978.707,-25.913284,18.332151,-7.984779,44.374233,20.64493,0.8320935
66b4266ab4d7cf59e7504e260b22724e,280.87955741879216,12397.097839328024,17.566737078943614,45.00181,50.496178,48.56387,2126.2744,-31.839214,18.54218,-8.500009,53.139736,19.928024,0.7753556
02d408fd3934eea9f8f4f1d090b039aa,482.90059928049806,11466.917599976396,19.540192928099533,72.095894,67.298134,58.614243,6343.929,-27.59645,16.68352,-8.35645,45.638916,20.173092,0.7944366
7c37e07c2d56a92294d4388957dbfd8d,415.0194399997141,34117.7455307684,14.140368970227334,44.447113,56.72576,61.007862,2283.6267,-32.488438,17.538923,-9.669609,55.846,20.644112,0.8319652
ecd1104db16dcb2e9b70951dc039edf4,406.2002291748623,23026.39887562396,24.829685577852025,50.673615,58.74218,107.04437,20721.033,-32.216385,17.356243,-9.366982,52.657974,20.009531,0.7816441
a25ad5b121959812dccf0870f0a232de,417.0806343959982,37224.93457520281,38.294609841988105,87.96102,74.98608,63.73335,9493.905,-26.363522,17.38866,-8.274372,43.529762,20.002302,0.78111696
eeb3bbc7087b12c311690562c90fb54c,314.7788160821441,26172.218658456535,41.91633317944471,66.29784,63.31164,40.65003,1816.5801,-26.898298,18.574078,-7.981669,45.880184,20.18704,0.7955682
ff9bb44e8d3fb9c85c313583a95d7f90,150.80145932399338,11290.74604907844,12.145606719720528,1.4024984,3.7273958,122.8454,3831.2837,-55.715504,16.41624,-10.715874,91.34958,21.621717,0.9127384
d7ef11a7248c3183fa580e60699463f0,284.4998432265853,14630.7615982506,24.516520755220256,26.692945,30.962427,67.402664,4549.173,-37.616962,18.693653,-9.06952,62.436665,20.34587,0.80824065
a2a43c7e93c13f3d8e4d9fafce84123c,301.6095914329174,35726.48557832563,33.658468099291625,66.98278,77.73855,67.40992,3847.2017,-30.918993,19.517267,-8.219196,51.786083,20.280554,0.8030259
ef85c2cd64169bd50bdcc2bcf4f5d3a0,292.0831783734687,26290.731174992947,34.91465886033963,61.452286,69.54197,47.447758,2288.476,-30.337008,18.819494,-8.701437,51.197247,19.940037,0.77621293
f01e65aa6b032edccc68885db8b2f564,424.98203010805014,27362.961683552712,39.184845081338466,81.60192,71.71766,52.213787,1538.2198,-27.25173,17.223015,-7.65184,45.796223,20.105509,0.7891116
d794481c09419f651bc8fc019862fca6,509.32501870004813,64776.80452368638,28.071788840500997,76.10938,72.9485,50.867672,912.37384,-29.447977,18.08027,-8.143118,50.123924,20.513178,0.82147306
0d2774ecbe5b0e52e1d8a567b1bf5a5a,454.06641474141486,11893.372786691034,18.29154250104852,97.88791,67.20376,68.26151,3185.6562,-23.213013,15.959187,-7.4846773,38.614872,19.797731,0.7651161
2c25490941ee512bca0bc70533d51e84,354.9808924924961,24142.569121063912,23.628152256093898,56.87372,62.39039,71.77546,13233.237,-31.681538,18.795784,-8.966987,53.27332,19.944347,0.77658206
20b94684bf1a6666461a550235b146fb,327.10156768339203,15709.334512457117,32.813843553063556,67.82777,67.580505,63.13156,5915.3906,-24.732517,16.610075,-7.9592075,40.102882,19.726702,0.7596841
cde048752eee98adea0967b7db9f0c76,126.35917101867271,5269.553331172169,9.424202248798847,1.6729325,5.158077,72.39257,1362.1522,-59.554214,14.01327,-12.309131,95.9015,21.434801,0.897009
d570df79e330c45ffb700c04e7d6b9bc,240.40862904636936,17456.699006362,24.075217559924397,27.19247,40.980915,65.62252,1319.801,-38.111423,19.332346,-10.258733,63.03164,19.880177,0.77162045
13f601f325116e24be00341167c07a1c,461.0940984140749,60295.055098100616,25.049853418737282,56.799706,66.13154,202.67514,9808.0205,-32.31041,19.050125,-9.577802,53.277515,20.320885,0.80614585
1a04aa7e5d18fd27bc7fcd3b9bb8d637,259.32294927226775,24145.913522436036,27.882938975868992,35.060875,51.37947,119.68474,4175.95,-38.685463,18.617867,-10.268126,63.140533,20.030237,0.78330356
7abc0b3bf0ec97f448281379546e374c,449.26654682329934,11241.417915118593,22.626854513818873,51.899055,36.222054,205.53917,16586.639,-29.10783,16.216166,-9.098318,48.526085,19.910957,0.7739789
25186bb79fcfc04064fb0b8c30032c5c,481.3177770717176,54665.02797169257,19.205692776053354,71.783905,66.74228,74.53138,7960.124,-32.045982,18.519695,-8.467534,53.71819,20.546225,0.82416606
99e4852484514256ae402b032d94c4f3,550.6842204546871,38192.22219808761,37.36057934196673,62.921318,50.067623,103.01374,3406.4468,-26.293198,15.735268,-8.920536,43.591606,19.911886,0.77405846
54bc365d7db947a7e61b7d50a5f7c192,396.5776286160754,46140.83669245028,35.54365835583982,39.825382,60.676495,128.81053,18759.596,-36.49912,18.056854,-10.101062,60.2765,20.257965,0.8011945
3bdc2fc6810838ed91851440c8fe3545,375.90847954880985,13179.78294671873,35.49788367260419,82.35502,62.325054,27.63065,2845.239,-21.849943,15.571515,-8.060571,35.045597,20.06097,0.7856726
6887b6f54c03c305832c3619bbd4b1d2,264.08226240674327,38335.80762356189,26.890907796672945,14.438682,18.724262,143.1711,17800.258,-43.374416,18.28324,-10.952946,71.764275,20.401102,0.81257266
55c4be5cd38fc2ffe6f10876d2a4aa70,378.21711278799626,22588.73676311848,41.82103964525952,44.288406,56.065784,154.00865,9796.072,-33.85332,17.811344,-10.073944,55.472107,19.971891,0.7787831
d0ad7e04588536bd0bf3ee8edc4fcdf5,355.14732842218626,26814.022288692893,45.88310888060309,55.00865,57.431606,36.360764,2693.229,-28.386726,17.754408,-8.981221,46.658672,19.48936,0.741544
dfe2b1e20b64cfe292449e6b5cb18561,193.0909701983991,4759.613209953899,16.652271126177258,25.14578,21.322338,159.84303,6009.5273,-32.453613,16.237926,-7.300171,53.3395,21.696394,0.9191552
e6c117180ad23d1f56e454d3dadc1b28,484.485789977129,9022.047026748014,16.35806038032344,108.30267,63.159492,283.08188,12820.264,-19.042292,15.779265,-4.436948,33.499546,21.896933,0.93613976
c1dd4f1778e26f74e68267a740a1094f,355.6724173383294,30589.926782023627,41.315437365161564,67.58453,46.948353,90.57558,3059.9983,-21.815083,15.527498,-4.8978143,36.42766,20.638575,0.83162487
c100222ecea98a1939b7239de788a8c2,229.89744035460222,9166.865840421744,23.07853935979842,36.66402,28.373371,111.232025,2561.278,-28.121881,16.50369,-7.4853296,46.98864,20.1466,0.79249984
7b22be662f31ef0ca3e1f55035f5df99,341.4785124861652,22257.831626964304,37.63972324724913,76.88412,52.601894,64.54057,2419.6191,-20.44848,15.226545,-4.907471,33.387627,20.216383,0.79793245
c2596406e22383108a737472e5e0af0a,347.885660103817,26115.469547982986,31.259341955785622,90.997856,64.30326,136.50862,18934.89,-19.2618,14.858852,-4.0437117,31.585804,20.078293,0.7871134
ec20e42d3548294a2ae5b6ae97d7d887,369.2165110728703,29978.724712625088,21.531143288105934,83.82838,59.933537,170.7411,9434.732,-20.066906,15.639343,-4.2974973,34.230602,21.545132,0.9063021
b28e74c346eb69e6e699bfbb333282d5,390.8380021361414,30711.656682200675,30.75917690887665,94.33903,64.45653,147.78543,9278.399,-19.995327,15.711275,-4.8715324,33.983505,20.22045,0.7982493
892bb42f3e0c0c46d4cdfeed6fe2bfe4,230.29383511616436,7947.789623921241,34.900838610341815,34.530663,28.926504,104.43404,2942.3633,-28.6597,16.283138,-7.5795064,47.448734,20.15448,0.7931319
d4965f99187d218f83851db692d2502e,221.74102504556208,9618.592417543918,34.58595128986253,37.982704,28.154463,151.90845,6266.9395,-28.104488,15.728553,-6.1045337,45.968468,21.854086,0.9325892
74cb32faa2ac60dbef112a65cc66a4ce,289.1100104636381,28601.480898678605,39.36066639744317,64.36773,53.43777,101.56186,4915.031,-23.286665,15.992721,-6.9363794,38.53623,20.068058,0.78630185
5092bd5f894e4454060fddab13d24b09,229.55139834529763,9512.467620041849,41.83177702634152,35.169712,27.3938,84.5831,4665.232,-26.915257,15.868382,-7.8080997,43.91906,19.40635,0.73535496
ba4ab148f11be2382e210f1beb5f2598,306.5635557479899,15399.24931659617,43.441691505927004,88.5534,56.713097,56.4607,1504.3728,-19.152693,15.854677,-5.734472,32.52621,19.51301,0.74343604
c6ad3857c2bdd14003ecbddcdde71e0f,329.3049378676927,27989.577254145544,44.64290996281342,107.866585,69.76129,100.44434,5669.562,-17.895912,14.926418,-3.433893,29.537975,20.1402,0.79200107
9ce5987b388132ce15a091196b2d3352,347.9641636212894,26797.880802126732,40.748324622274524,103.70256,69.49906,166.34875,25935.82,-17.997166,15.124942,-3.4762938,30.698109,20.900341,0.85284907
0ff8350bfdcf4554d3d8d01293fd9a5d,398.10244372183155,26602.912127081294,36.32832108140656,98.70076,66.42243,154.7535,9814.312,-19.756613,15.849797,-4.7501855,33.482773,20.11884,0.7902569
275e2e71d7ff1b24180a1513f91bf557,241.84101951264233,7995.149424307631,40.954937495321225,35.83031,25.490826,171.94032,19042.445,-28.182064,15.898098,-7.568287,46.344845,20.618176,0.8300604
c12be6c3c311a26da9270fdc5182974e,208.15546627185077,6745.003659341461,27.612044192195533,33.469788,24.73757,201.61513,11450.824,-29.365154,16.013914,-6.358532,48.84183,22.228424,0.96481913
dcb8149240d44addfae98fab4d0ab032,280.64039167953837,19805.698893042794,38.819870316910425,52.12001,47.261757,123.63435,9021.874,-24.95374,16.193243,-6.9162936,41.22745,19.728205,0.7598896
a5844c4ec6ebcde2890374e6d91805b0,248.5462495403434,14404.25314459471,32.453524277746055,42.38797,33.78203,144.64423,11516.444,-27.003908,16.400654,-7.4986415,44.87482,19.660845,0.7547322
55ef84ceef227968b38c50816858ee52,228.220338506628,17953.016993000234,49.34746188978353,61.83254,48.562054,85.474365,2985.6836,-21.690014,17.01902,-6.303813,37.76113,19.868998,0.7708188
1562ab1985992c605db156c4d29cd97d,284.2671887489739,22789.580207290262,44.88410237433493,68.0,45.853188,101.35464,3302.7168,-22.617811,16.861818,-4.8846827,38.58848,19.855011,0.7696902
a2c2a2f87032390e6f763dbbdb611591,380.11832389948626,22218.038794807493,44.385560388437824,108.460365,60.48138,66.94246,6250.4155,-17.318731,14.762384,-3.819562,28.64141,20.530727,0.8229842
96a7aed87b8f5d32851eabc2c2c4b284,368.6985937067813,28044.78965579752,32.71486140380936,88.01944,51.05481,196.59285,16391.98,-18.46269,15.30962,-3.8247607,31.350067,21.10232,0.86938184
99d75cabdc432aa4337133ef0fff49e2,236.94692045476015,20116.740096095276,38.883010222577504,55.3774,44.239628,114.81994,3769.2568,-25.25537,16.493212,-5.794522,42.420982,20.234247,0.7994043
0472994cc7631909a8fa43ab0b02a3fb,230.35143455932285,10591.14593319571,36.83823996633537,59.25417,40.215942,168.53502,24706.215,-23.485237,16.192265,-5.553103,39.160458,20.712677,0.8376702
aaf898120bdf3529c872b96014f99b75,222.14393002646926,11408.881416485103,34.702292363207164,51.950527,35.53063,113.441864,2638.4053,-24.363314,16.465254,-5.752056,40.96567,20.963724,0.8581545
91756682b8951ce4ad10073dc98b05df,297.2719695454655,20468.24194720758,37.98423315036881,68.02799,55.040665,101.812416,5977.0693,-21.77352,16.216106,-6.4580503,37.16186,19.921122,0.77485025
f8d2a2dc085addb250f8bcd383a131c0,265.81347684099455,15104.299983478273,47.42783032852102,79.36114,49.733356,79.71781,2160.432,-19.8833,16.467297,-5.870671,34.07889,19.711233,0.75857854
66fd237a0a8c4e9b5badfce77d6799cb,244.95044543682317,21270.76726130319,42.99193658319362,69.06035,53.446106,106.81215,3880.5574,-24.311722,16.51381,-4.444592,40.402817,20.565804,0.8258648
8729f8b0415a863020d3ab5ebda73e22,326.49673087020676,34166.351948572614,45.28136812015615,104.930824,68.44054,76.49793,3062.014,-18.413345,15.184911,-3.10423,30.525316,20.168362,0.79414463
f88de29b058d3038c492f7dc15e3e7db,374.90693836848186,29316.07188649541,28.841197987292965,94.076195,52.211506,172.30058,5029.1895,-18.187233,15.389852,-4.212674,31.00502,21.482557,0.9010318
493e8b192362f08c7d19647b784de2a5,284.3838519451496,17832.160843601254,41.897082238036404,70.331116,54.80871,253.9432,59337.504,-23.37952,16.311808,-5.8887773,39.25672,20.10106,0.7888919
83bfa616cfb9ecc5c7d83b450a5e1e2b,209.79931924136008,9577.588508549896,32.67681935773641,52.58581,38.48014,144.62392,7066.096,-25.042032,16.47742,-5.905429,42.121334,20.655752,0.8330843
af7ad4e58fb173b8dc06630d71488955,190.91685872192588,10914.638887050804,32.62776475332539,43.77848,35.000404,113.96481,3842.9736,-25.615294,15.384574,-4.9511533,42.082413,22.02519,0.94725287
4b691f6ad73a5ec3dad69c37ecee7431,289.47643698771816,20008.399811337964,33.32876394224632,77.846794,50.490852,97.90643,7232.505,-20.317696,16.30304,-5.304281,34.85015,19.565458,0.74742085
5f1d65d04f996b00d55eeecb93c46b40,305.57867910342776,40294.98963081882,41.012172801751746,69.72299,50.24268,83.972305,2757.1206,-22.524765,17.872845,-6.790843,39.61694,19.7121,0.75864655
e812bde6845a1bdafdfb3b50aa01cdfa,280.25137534702293,20698.902077226092,35.84410947854549,77.48478,53.088726,139.10492,14708.653,-20.741117,15.827525,-5.505155,34.662376,20.04712,0.7846743
b5ff542f1ac9d2411e6681120bcd9e1b,254.8599178305186,31624.207613875053,44.78097717163767,79.16998,54.441082,113.16639,5984.345,-20.230871,14.878636,-3.3757694,33.08321,19.926561,0.77530026
5343450e76f492d6155268cd34c1deed,321.3563515317707,32887.988336164315,46.38719134394659,102.94362,60.325108,64.775764,3510.5083,-18.145266,14.849967,-3.6403952,29.559986,20.477198,0.8187206
4310044bf3a17a8c5078d88a16206e0c,373.01224339475357,30699.86929352636,35.57768609229018,98.27136,51.413536,210.77415,11381.507,-17.689291,15.412507,-3.156865,30.544659,21.431036,0.89670897
4dbbd1f98319dbb5c9e641bd651837a6,216.13200175704497,12349.824056446923,38.82513317891644,52.78739,39.623222,84.3155,3570.0461,-23.654411,16.107555,-6.479858,39.424652,19.923922,0.7750778
7f7a6f369dddf8767fe60adad724112f,289.4073463995404,29090.22308731648,41.81556186270003,96.28761,66.61782,82.30298,4055.986,-18.825447,15.184533,-3.1467576,31.28378,20.318924,0.80605793
17c67ed45c696b1628b7d449ffc78207,246.47374447684533,28436.150075947193,40.7352609787716,86.34275,52.171566,75.73006,5223.475,-18.065632,14.799956,-3.3706977,29.508686,20.229687,0.79903793
ff71285ef195329f28ceb984054054b3,373.4302975403296,35432.155684818215,32.556756245255336,109.18223,57.38126,151.52316,4643.55,-17.746668,15.211668,-3.591274,29.945751,21.135,0.8720953
a0632a2fdbaf935801b835b2b991ab30,272.874028882692,8091.187199933679,18.87333446995407,46.30679,54.357964,137.48552,6274.6855,-29.330492,17.70359,-8.795381,50.418774,20.063189,0.7859353
bc0173f6eef595867d82438063556a04,136.3847862157343,25179.869331898994,23.90273385775341,50.564434,31.536331,23.755856,3090.9934,-28.729414,22.004978,-0.8582343,53.189236,19.76469,0.76270527
d92beb33b9981fde260c34f29873dfb9,153.0587121265935,4892.906134130916,27.39073628364117,94.37863,32.496243,12.96984,702.4587,-21.233978,20.686253,0.7037461,42.984753,19.195875,0.7194252
b59524513dbbd1280e83ffda8468a590,117.8986132448897,3266.078623690717,22.70019033353533,75.165855,28.50266,9.361741,205.07867,-22.710783,20.970167,0.874473,45.564503,19.634344,0.7526903
a9c082395be2712406537e6a72863fde,132.47461241133487,7092.715919800112,24.548143728954553,78.78904,32.54665,12.532456,207.27861,-21.217464,20.06652,0.88387454,42.4717,20.36167,0.80952644
e1021dd77a6515a63140289056598e52,166.94248031471736,7032.990755452429,37.819312322888294,78.91531,25.493746,22.964512,2240.1235,-21.854782,21.30845,0.52445686,44.379864,18.83451,0.69260067
55b7c51b471ecd9df905b92192f5b52c,192.5237273741296,14351.62361951206,46.58696595584182,74.98169,27.507881,22.336199,2378.749,-23.649921,21.583767,0.0010417473,46.88649,19.083538,0.7109958
1ba5514e6f186b7d84a9babbc30594e5,150.0772049051027,4058.529991959817,22.766975561781784,78.61286,27.231064,14.058868,546.36664,-21.787952,20.943949,0.46347374,43.943527,19.36002,0.73176295
f8521242074d5121a48280c71e416ec9,127.17226819477219,5446.539164724029,29.744904184690743,65.45473,26.80654,11.730929,313.05292,-23.556574,20.72933,0.20048967,45.37967,19.651075,0.7539668
e17718df0ebc86f19e3f3cf266097707,120.00039686455337,4806.365080111283,26.541849301011155,79.026855,36.11018,18.401106,1390.0593,-21.053768,19.784859,0.9800772,41.431915,20.965675,0.8582914
d69f3dc93901c3f3baaaff9649884496,172.58625021081266,7874.901910533836,29.93022147268357,87.65229,28.206709,28.457796,2672.0151,-21.045238,20.989407,0.7847101,42.059532,18.83043,0.692237
fea0351c0546c4bed6d4f1bf0c991847,197.36940905698881,16451.312825302026,45.61437258300594,81.31388,30.620468,16.6368,803.8153,-22.639994,21.32436,0.3372034,44.274464,18.834372,0.6925062
9bfe3947439380e066cc3208a35bc97d,153.91488544080437,4646.338778435103,30.57478315571306,77.151245,29.266207,10.68623,203.69974,-23.172438,21.16154,0.48938492,45.679413,19.236687,0.7224883
ca06d22544952ae71c00444b59d63a99,121.88666258233874,3383.621745881731,24.251829032006206,71.722664,29.074635,12.133735,314.25854,-22.594477,20.419245,0.6294952,44.57326,19.421656,0.7364345
aad39d4fa662b46daddd90d0d6411892,164.63882318990676,4115.742482351807,29.64440406588352,82.1267,31.817963,12.855506,397.3577,-22.340248,20.4243,0.08185755,43.5619,19.360218,0.7317799
837d576db24a55b3915e1a97db782e43,126.18866123820376,4265.4723111035455,27.89033499527642,62.046867,31.69174,13.7606535,752.10974,-24.310003,20.3642,0.18769574,46.292477,19.55035,0.7462646
3611bf3c09c33b67346c756fa7c22608,130.14199558945015,5719.435995673548,27.657375633625996,74.51746,32.205624,17.616995,1381.43,-23.743057,20.922655,0.6173607,45.81056,20.386772,0.8115409
1d1e9cabe5d4f5c8ae0928336b269e71,163.3348045069823,7318.87890294473,38.02527274469621,84.19593,27.595554,17.731245,826.74646,-22.473753,21.288149,0.65887463,44.52325,19.009346,0.70549476
0b378e1e0b657a542e58875dddb00bd7,183.75357901173362,11872.756479348103,40.619923925862224,80.88762,31.133997,22.971148,2598.2273,-23.57125,21.764334,0.3260602,47.1948,18.816702,0.69123906
3ffee6cefeeefd0964121b7f86e0ff07,151.06665756811807,4083.5955982451615,30.06802023145514,75.08309,29.078598,13.1782,631.7821,-23.770435,21.18123,0.37255841,47.612488,19.2473,0.72328204
bb783507aac4bcc847012bdf8e1b0d85,130.0043524844221,3792.0420942438773,26.317483017471698,75.57896,30.090239,15.218219,903.6523,-23.35039,21.1313,0.5163531,45.658775,19.37725,0.7331166
a7e63143de0047ecf09ff3d6f830eaf9,151.83429089946813,4758.456392580114,33.22170453392207,78.524254,32.17726,11.067641,263.23917,-23.828094,21.1099,0.09114955,46.336475,19.051298,0.70863223
8e12658784244c902a23c50fe04bbc91,149.43369819119079,5549.105756691602,34.378742091298996,71.032455,32.17713,31.4433,5559.653,-24.111853,21.406847,0.13115545,48.043022,18.918388,0.69878054
90374d529bc0d8417f67575e66ce5740,131.16311124826933,3476.733204684893,28.98893169706734,78.70896,32.195534,16.684046,1427.2865,-22.88121,21.115414,0.77892244,44.94209,19.182405,0.7184074
2a83020d0e0e3245b3ae32bb10ac6bcd,160.25869882549043,4029.9559271315006,28.35466767855768,84.408714,32.623203,16.801313,1747.2025,-22.680544,20.966152,0.2525672,44.59644,19.294214,0.7268168
fa5b129c90c48b0d9e347487ef9dfcdb,145.9633754651413,4750.651824874487,36.503639092886765,73.86766,34.452225,13.790358,618.46014,-23.59029,20.63183,0.10963807,46.10324,19.182775,0.7184527
a34dec549a924d9089fba95cd93fc5a4,153.91649189291286,4395.843497990948,31.66968832515894,80.32046,33.016785,13.581784,569.505,-22.876999,20.58784,0.14000429,44.4334,19.24462,0.723082
54a17aa1768c1b4599b19af4ae4b8a6c,152.12415952722085,5475.829282574565,32.00798132408912,74.501526,32.37347,14.077471,519.8475,-23.056334,21.116344,0.29537046,45.9572,19.04958,0.7085083
149938075ce6e1f8357b294b166d3d88,133.1149675707779,4457.530011411637,27.091159298887288,80.83965,32.516766,11.955663,495.61395,-21.395683,20.143724,0.86493146,43.535343,19.202692,0.7199341
916f8565aa95d829ef86ca615e823dd3,158.26875493403244,5870.341884861849,35.75382831189107,84.59436,31.796997,32.91643,6158.431,-22.350002,20.652866,0.29491258,43.832428,19.321291,0.72886634
66594edcba2517ac01faf117f69e1d67,145.36146153307325,5392.633442772873,33.4332823427442,65.62342,32.28393,17.818417,1973.7297,-24.545477,20.815468,-0.119064204,48.20282,19.36842,0.73238784
e81937c3c9ba096698c0e798aa81e9ae,109.26895541097504,4634.86440473459,19.799420280813024,27.566109,16.266537,56.906956,1571.486,-24.34342,21.038267,-3.5602667,47.878155,21.687963,0.91832876
7f294f3269fd31896569dbb97b7be61a,131.6745485046104,4982.402369560897,13.993340140932402,48.600647,38.951473,133.08464,22549.602,-18.797031,17.195402,-1.9046174,36.702297,20.49383,0.8200445
d0c54a9a237dbf655609ce2a912080cc,154.87242071416063,8113.323828493572,20.50950107469699,81.12669,38.53071,82.23587,15574.215,-17.33057,17.578735,-0.43563288,34.256496,19.468481,0.7399653
99d8047259032537a6610b82b1b508bd,163.00133619402297,10528.907811324249,21.24561578197846,78.03418,32.249844,57.285156,11594.652,-15.880807,17.270765,-0.4866296,32.578297,19.37944,0.7332373
9f63d91984105cce12ee85ec3488b2b2,140.71535597064153,2327.002659424629,17.368115953886182,80.385,39.214657,107.96266,29224.781,-16.04639,17.242796,-0.19040832,32.737118,19.657845,0.7544659
1e034fc769e2ac04be7aac039aae6f5e,178.6676663812364,13371.256546833745,21.96513424094598,95.38048,39.02896,36.23306,2615.7397,-14.544114,16.799816,-0.23206972,30.352962,19.348055,0.73083687
63db1ff171bcefd217bdef39325a57ce,140.4672327611919,5247.255858666047,22.64508389277011,76.1786,36.131092,40.76636,3732.1218,-15.171642,17.162575,-0.35723743,31.821901,19.989216,0.7801511
ad1c5760ec2f9871f0b95b8c0d1282db,207.2367446395868,13564.723288737414,31.65482330590475,90.00392,45.449406,41.82191,3498.924,-15.2713,16.836487,-0.31096593,31.129566,19.749195,0.7615133
194fb5b949754a57d35e0ac8d7f1ca96,198.2457836378594,21495.622714455683,40.52454286064457,92.2491,44.865902,36.846478,1203.6768,-15.421341,16.883133,-0.13639922,31.178581,19.833601,0.7680429
fce2725ab92688aff3ef0780047b5980,204.40541149161226,22140.192809927845,36.75264597759316,81.80694,44.269897,26.071495,730.3945,-16.736378,16.98908,-0.62802047,32.91568,19.485682,0.74130845
e0b5558264d24b58653bbbd7a25e4063,167.2085305130976,9208.037351735686,27.144478537646275,85.01367,34.935585,46.4668,3059.7368,-17.368645,17.474852,-0.4205159,33.807755,19.451313,0.7386922
2b91aaa3c311ad86f6faac9552ec7601,186.7190929691797,16003.612821875658,39.30551835504013,83.76166,33.463306,25.868298,1372.0442,-16.492235,17.267645,-0.52900016,32.985813,19.593525,0.7495135
5869d5f98d5c6f838db1be0afe3b7408,138.4052707959408,3944.7578046656863,25.12074414054642,68.52746,29.936026,31.693184,3180.3623,-15.9278,17.119078,-0.3809235,32.372017,20.094013,0.7883283
723463b452473577ddd6fe6a342d85a2,183.49664866570353,7556.900002662282,25.865842447494845,81.10837,42.022217,36.91032,2978.1248,-17.159197,16.938538,-0.7465259,32.579285,19.58795,0.74911356
a6f164b58d7dddb1224b855d6ef1aa8f,187.7705837231688,8008.7387736985975,27.006221986746088,86.03711,39.09342,32.668198,1163.2922,-16.854069,16.94501,-0.6945571,32.166,19.284924,0.7261336
c73166d827e875a1e183bcdedfd5b403,239.56648595264284,21583.145111904116,46.2479644750753,94.73656,52.202766,23.088972,1275.2393,-16.710155,16.456041,-1.0679832,31.403427,19.310602,0.72806793
d48087c48595ca7a8ae2eaebdafe796d,236.25388607020557,22088.72981599986,35.40802829662649,85.68353,43.680794,35.561867,2420.33,-18.222149,16.796694,-0.7788955,33.438374,19.25419,0.72382295
be7a387259e340f5932c4f1033761f98,156.45363500018573,9684.453067517057,23.88251787683697,68.75323,32.6086,23.523165,814.47186,-19.13661,17.525045,-0.7986671,36.63903,19.70738,0.7582921
aa2b25ee8b6ab6fa3a4288c08c241d96,168.38364670685627,7463.756248308515,26.492871643727728,73.18239,27.01373,25.535973,1426.7556,-17.853653,17.716906,-0.64304274,34.80192,19.504847,0.74278927
d096667d6412143e357c7665d3073414,282.1799370125879,47652.35254982528,41.26398954245243,52.377937,30.758726,79.92846,2288.1978,-20.000128,18.500925,-1.9294075,37.783176,21.934818,0.9393275
c5b433800c80c2b6455228847c54bfb0,187.01394008177587,11742.176486403552,19.139748572966816,28.93869,25.15008,41.392006,3340.5417,-31.782495,20.383268,-3.760175,55.18622,20.154615,0.79308605
47b03c30b37660b48bead49f2ee3c6ba,274.5531219939654,11246.142233529054,34.542637169226744,78.59869,42.902946,25.039654,531.08344,-16.071304,15.718892,-2.186529,29.709482,19.334652,0.7298307
d19025f8a5e2d67be86aca39088ed7ae,233.96047005727343,12018.88060657771,30.53188400004782,73.18903,55.033596,39.623867,1617.7338,-19.218094,17.462324,-2.482679,35.415913,19.715866,0.75894433
047ab6ff55cc35f64db0f40537197de9,219.88327082220164,22342.23364679773,46.850891373647514,39.369045,22.978384,43.26654,2104.9265,-23.569193,18.678663,-3.081364,42.202377,21.44658,0.89804053
c47d36ebb48f15202718b554b962d00e,372.0376268310325,35800.45660858762,32.8612764394327,104.55798,43.313026,25.230951,2399.4946,-10.906314,13.858164,-1.4192095,22.053854,20.682816,0.83520615
9b5c7d8623ca2525e863705bae543fb5,390.8909217296135,30566.371006705398,37.85969722475365,74.372284,55.66932,30.65979,959.53094,-22.222496,18.276249,-3.7520413,39.737293,19.611494,0.75096124
cf4ef8b85ee8c9e773171734f2532600,473.66176797768475,24863.96534541059,29.437306692237698,99.458885,62.19325,24.849674,725.7748,-18.48854,16.509796,-3.0018063,32.993214,19.278133,0.7256162
890c8f792bd09135ca021103811c1045,288.4905867601412,16290.822986452265,25.158089349382955,65.50234,44.249535,33.96765,1952.77,-22.270058,18.919073,-3.6792266,40.370014,19.672676,0.75563467
a51cdddb5a5643a0512ee375434c023e,243.34714714925204,13776.11730937643,25.068180301703716,55.949383,45.712364,35.05748,630.33093,-25.340197,19.393532,-3.6271794,44.69259,19.52884,0.74462837
e3d462a8e59d97a278a89533027c4586,299.9825649621938,14742.415878972955,28.700681972074296,79.869064,56.33398,55.729137,6358.39,-20.185114,16.775606,-3.3825493,35.163082,19.670498,0.7554091
da1f4445be98d5962ef16070e5f6f927,241.36771328359146,14640.609744343583,34.76394120283013,70.51063,51.861317,39.66212,2432.179,-19.921423,17.42411,-2.828234,36.052887,19.30411,0.7275739
8a88d32c8e6062f4dadb5e499776f466,248.29285250707048,18732.648866015556,44.73700107346433,56.33167,28.194998,52.047714,2239.1252,-20.077444,17.20596,-2.6474085,36.35703,20.439562,0.8156254
9e945a92bc3fd5d2aafd165b306709c0,297.56898755914864,29966.89683672811,41.25961237741751,88.1754,36.201584,26.479681,1357.2112,-11.422225,14.424012,-1.0288956,23.481396,21.101469,0.86933357
5a07b15ef523a4f69d0f6d74482f5e1d,465.56953306374857,24426.967749796262,41.85915203673667,131.18594,79.8379,21.323622,918.4633,-14.869896,15.344102,-2.2037344,27.115524,19.384354,0.7336322
380db22213478efb818ac4d6874b4dfb,389.9350100015126,34307.20456804807,38.89868345754389,104.09237,78.19126,92.43813,18811.555,-17.431921,16.412018,-2.8245955,31.535261,19.787231,0.7644325
41d563205fa403d6539bdd0efe598556,336.0308931636224,24168.430532870327,24.462200628044894,97.742256,67.05304,30.1181,1453.4015,-19.013945,17.515987,-3.3115277,34.87595,19.15089,0.7160727
f5753755eb4905595bf2fd38aa1ef77d,226.08644700049973,11391.566412489914,22.75147827450167,55.255623,49.810966,54.8466,2931.5735,-23.9191,17.99209,-3.4642365,41.672745,19.495779,0.74203944
682139fbbfdc3046395c304ef2661f0c,294.30912338236266,16860.7193809329,32.3252067284595,108.12162,64.59725,116.90594,26590.328,-15.548145,15.9637985,-2.617907,28.895866,19.183758,0.7184962
33f5a1eb14e96ae4f91a5f8b22829e9e,205.21658000075215,10073.07109827759,30.722003786066924,50.942978,32.526806,37.88403,1746.1948,-22.428858,17.548128,-3.1792393,39.04201,19.77727,0.76364475
e19f109ea2de07123f24dba9fefa4d62,222.31285245648303,12151.348663651692,31.488513354254874,84.87149,40.893047,41.177105,4244.688,-14.470461,15.29887,-1.7515676,27.394127,19.339449,0.73019445
92a16df85e39874190a4202b59206d0c,275.15592822252233,91398.0630729174,45.98823250508815,30.309069,20.527376,37.539764,1790.0657,-23.659262,20.14925,-3.667782,45.19197,21.775167,0.92577195
f87c0442558fd009871bcc08b811ba1a,159.10042301252182,11381.256406796962,31.56202811573752,47.202324,28.35225,35.040573,1668.634,-15.609809,12.353067,-1.4622316,24.291199,20.802532,0.8449485
369c670a3798cec7717d31f71239346e,148.70192088240407,5188.546737919141,20.954860023239224,69.47602,33.53356,37.425034,1749.5168,-13.029033,13.32026,-0.46293795,22.929886,19.820322,0.7670075
3c41286c81f433fa2d0d5c74ea9e2e6c,170.06677045480794,4618.130818059723,20.008055192647888,65.475075,28.860752,41.57386,817.8651,-12.969199,12.8028965,-0.5799183,21.752777,19.529688,0.7446748
f97ebfbcf8d896b721a6bdc154427447,149.2999168849444,5173.402239966674,18.08354436778056,62.011932,28.796822,62.32231,4845.993,-13.382795,12.230151,-0.3966488,21.227264,19.388302,0.7339345
7e2d46aca17f896a05a5b7c740ca3a7f,173.9892767685496,38606.29828054026,48.20666217554262,44.010185,22.94566,102.64448,8646.6045,-16.548098,14.463019,-0.98271,28.512892,20.456287,0.8170496
f0fe564eb9686bd57a79652702a6be58,175.41411920746881,17329.31131709012,31.23278249537036,64.279526,38.106964,65.71894,3112.4155,-14.453236,13.536105,-0.57984966,24.098682,19.955997,0.7775954
36a948bda5ee9bd50628a06f171528ec,167.7052184874686,9870.826245390692,22.60206419974826,66.860825,35.350033,48.29609,1849.3351,-13.3877125,12.531445,-0.22170313,21.20215,19.345133,0.7307068
d65ed9c4be7655b5bc00978ed22a2223,168.11558583738255,5437.993561123852,18.11178830960813,68.279526,33.499184,55.41007,3584.7004,-12.864067,12.16709,-0.3268289,20.280088,19.414715,0.73597443
d08178e2b38aa0d2c52b656e5e884318,128.62802574746627,9414.553781757151,28.007375243796442,55.93716,28.67655,40.824932,2506.6245,-15.380726,12.848003,-0.6062382,24.294504,19.599003,0.74996495
ad58c8c95ec30d54e973a5333162e6bc,178.1517568651479,3362.1700903236297,18.040950095700065,75.772,35.26004,33.31411,1012.76886,-11.287286,12.546668,-0.3773883,19.81458,19.824415,0.7673147
580313934f31f51de4d6392ce57b77ce,135.12022690812165,3996.618207933344,19.696848438599975,59.849014,30.662947,39.74188,1416.1549,-13.889882,12.40592,-0.42716968,22.158491,19.13651,0.7149658
225e94ef72dcb953cfdab7aa33deeee0,125.93547146263937,1770.7107833645302,9.695370134675636,49.45491,26.799017,36.802715,2340.3179,-15.301503,13.880073,-0.9442736,26.054312,20.289457,0.8037806
596629beaa7fd4dc8b029afa663b4581,157.16697337343393,12578.928154206225,18.596775888196625,47.142323,15.673978,40.25914,1831.7323,-13.484924,14.391474,-0.86709213,25.82093,21.691343,0.9187013
004f0cf99c3ef1ef80d2b91b7d5cf1a1,138.03762508538293,3363.1558458146724,24.302050582683496,54.501095,29.642893,39.362373,5745.366,-15.601656,13.154568,-0.8579353,24.751698,19.35613,0.7314752
64158b958eae0eca3bbd50a0bba9ca80,161.46050006805876,4497.574072679911,15.520138856756411,60.681564,35.58559,79.67345,6420.6836,-14.439716,13.635837,-0.77613395,24.405643,19.225622,0.7216729
50534b246d58978bf1f2e3051761f984,127.68150914291896,10531.975389620762,15.681017074985384,51.7717,29.004517,38.483322,3280.1243,-15.510087,12.992914,-0.69406956,24.943584,19.361635,0.7319344
8b4964c2196350b0e4a3f3b876203f87,144.64666525890567,3884.0792885429328,14.30814891415784,53.263847,29.731163,37.434544,934.19116,-14.936195,13.485128,-0.8099023,25.141024,19.465973,0.73981756
921f115ab685562de2dfda5ddb87e170,142.44815316308552,4254.644245079181,12.978407480354726,51.923515,28.090694,29.167356,792.4807,-15.186083,13.0061,-0.71433574,24.59998,19.35085,0.73106885
7321dfad5219bd5afbf0938289eefd37,181.38372863585855,7069.5222143979245,28.917083228280937,61.284836,29.44578,55.639538,5258.692,-13.490655,12.6502075,-0.79698324,21.877966,19.560722,0.7470119
4aecec4a3a1c22fd022ba72ca7b8e143,189.39173916725542,6682.176967477036,27.700046520168755,68.36305,30.733751,86.76254,22494.83,-13.193939,12.454171,-0.7329119,20.870716,19.20139,0.71980304
5526fd973fa277e66fe6d4dc934f1007,137.01110109070032,3143.4352000291105,14.164987097964639,53.648758,32.791435,42.13742,1281.4742,-15.7848835,13.655044,-0.9171407,25.8605,19.713982,0.75881433
137c3afdcfe350fdabdd38fcba94eb5d,132.9759368665585,2520.893143664785,14.413394336945403,54.652306,30.619017,56.941444,6150.238,-15.047075,13.177614,-0.7796167,24.174337,19.097094,0.7120632
0b53408962eac7185723bdefef40529e,165.26881190949516,6283.924774864689,24.138416476319392,63.742126,31.973995,48.27001,3112.107,-12.873081,12.6342745,-0.67842764,21.254578,19.682137,0.75638336
63149b24c38ba2a06e0f45186864b73b,141.93883238205018,3340.637984773809,15.626822674120884,56.40661,24.949276,40.60498,1880.5347,-14.431725,12.567261,-0.47843167,22.824215,19.525917,0.7443805
5cde130269ecf49ecc36da969e3db639,336.9569213148187,18155.86576754354,25.274405196692722,42.11262,41.942097,60.53395,5498.8145,-28.866312,15.490479,-7.0725956,47.241978,19.682886,0.7563786
6e2f666e090066a27c85a4a7b906cbb1,343.4603156739642,32267.990132141596,47.87405192186194,49.540035,49.51842,42.42579,1880.7229,-26.130098,14.150328,-6.4146657,41.785275,19.837116,0.7683314
3745418c96ec0035aa73624016b37995,432.7027390466275,11578.142380879526,18.078492245726782,90.306015,44.701065,91.57007,4848.5806,-21.074463,13.889397,-6.4935555,34.109566,20.177277,0.79485905
b3ce422dd75e0f5baa00bedac96c50ff,376.8908197892556,33715.121467434605,56.20461152552391,68.300934,56.52679,46.2351,2675.7341,-23.843464,14.798457,-6.6544027,38.82365,19.979797,0.7794027
ccced26c13dcba762cb0970be04e1f8f,342.84253476125605,34092.077485197566,44.27178307810147,57.184055,54.408657,33.905876,1913.2756,-25.55194,14.364084,-6.6105723,40.897804,19.982746,0.7796496
4dfd75021dd80453d84c4366b4618ef8,234.87923353982066,16730.56630918948,33.56912132521225,11.104699,7.6941543,85.19783,5051.818,-30.738699,10.989967,-6.985273,49.43586,21.459198,0.89905715
27d1936352e9ecf1d3d1d12185a86ed0,339.96797074868425,12865.703679723543,39.55118151022168,16.591803,14.311787,47.889317,1568.9158,-29.342932,11.721987,-7.2023263,47.11803,21.024698,0.8630308
b61507bac179c4e5165e1de26a099f5f,304.3893853374296,14308.92301670169,23.691720115179475,58.615032,48.21635,40.827824,1330.124,-23.847656,13.889557,-6.605362,37.99194,19.955177,0.77745414
f4d184270c9c636881e7d1c28c3316a7,394.2371913157641,14483.644342938704,26.000574173600228,82.71805,59.24751,33.415764,3155.8884,-22.073025,13.696535,-6.316751,34.380787,19.629341,0.7522918
7b7bff04938e8926cb4bbca06cfecd20,463.25429882040095,54679.72457191874,72.30270863333661,80.78651,53.48742,90.95965,3663.225,-21.833994,14.096735,-6.822587,35.38309,21.147844,0.8731987
1bf3d2005a88f204d43f12ea27ad2ba5,385.27843723783633,20889.847100097228,49.09400580940428,66.86644,50.959362,23.838675,832.9399,-21.771992,13.1909,-6.2293816,33.08487,19.447474,0.738414
b0ad32a7120516b91a5c86ddf215dd23,407.3780519843409,35707.91416024993,33.184106468333844,76.60085,61.04742,35.61435,2113.6929,-23.284933,14.150801,-6.279951,37.188572,19.706533,0.7582247
d046f39689992592a2d8848a5b3dad5d,235.4459584796984,17006.068833705845,42.39445196058212,14.986497,17.882753,68.19723,2940.6694,-30.82507,11.819216,-6.7813525,48.75278,20.175999,0.79481876
c20600e56e3392ce84266c9cbded1515,271.3566908460395,6877.795672887911,19.934876290934884,18.357832,18.895138,53.404694,3709.9436,-29.061775,11.809771,-6.8177185,45.74565,20.485455,0.8193192
2ab69f55e9e2dc8958085b1f8ca340b0,345.8900984483028,17065.56519233481,21.60142665634283,14.882299,11.515611,48.542694,2202.6924,-29.370255,11.175789,-7.0862865,46.823864,21.306396,0.88630724
2cac2509a232bc86f73da18090a76a4f,426.5311692677475,27564.174493955627,60.21095803234981,78.80983,56.25208,82.078316,14175.473,-22.665163,13.627017,-6.3120127,35.0285,19.464037,0.7396518
788e86038afde3ad7803632d1b898588,386.1719732447868,28228.932379446524,67.71204367220714,72.91207,52.66543,50.12834,5871.5854,-22.027327,13.725793,-6.1936836,34.274384,19.813036,0.76642424
77ce671583d0350c83bae47473db67e0,366.8649836896552,33931.22313018701,42.2018980124398,63.282833,57.332447,27.952257,1672.6053,-23.946177,13.510837,-6.03583,37.26263,19.342314,0.73045003
9426f8ad5e6d03e0529ba2a3c7e3a038,337.63443016060035,19641.899621632867,36.22933069464232,60.54869,55.643845,55.799038,3232.139,-23.972805,14.019989,-6.460869,38.30381,19.91382,0.7742684
532aff2338bd3b9c51c5fb0495d8a0ba,233.57778137007014,20321.53965031356,35.53747700754111,11.907544,13.086172,60.05782,1591.4016,-31.263815,11.302757,-6.612837,49.13854,20.872252,0.85063386
e5e0fa1db8ab118d3c329018669bb4eb,273.85653655684143,11059.81327585136,17.804766262332578,24.830727,23.276833,72.9856,6195.341,-27.963718,12.852046,-6.544831,44.51023,20.050837,0.78497386
9b4621ea710e2c23a79c8e00ab69ddb7,292.7001014660096,18739.52003992353,27.587327837980585,14.206166,9.512256,52.292892,3192.336,-28.594069,10.92503,-7.0393043,45.01503,20.97508,0.8590053
e3c9015d41ea86a28cf0e3d29b55252e,373.6597360706235,38228.45551914703,50.01689453648531,57.736614,52.15334,28.671297,1863.1501,-25.51474,13.259457,-6.316687,39.4522,19.552443,0.7464033
9a557b346166ab903b431963efddf3a0,504.5458247394005,17811.483980491732,26.04260559572855,80.76784,52.41058,35.67451,3760.5378,-23.410662,13.6366,-5.916149,35.738144,19.5103,0.7431944
6ea2a6bf904824eec6d4cd6e3c343494,388.6140073074384,54542.72305427451,62.04215120581968,65.123405,66.52081,76.4185,4411.4785,-25.237762,13.690918,-6.7098284,39.55172,20.464535,0.8177277
af7b9b693c82b5475c4b3140715dbd6a,405.8642440755986,41546.1132854824,51.54615274179233,70.747696,57.4728,18.03867,303.20004,-24.146044,14.0191345,-6.1727757,37.715675,19.507605,0.7430258
0413039578ac25177389d0b67545962e,358.44504615990314,23676.123932761246,56.218337732885175,59.213753,47.945198,25.669409,2939.522,-23.184036,13.249164,-6.5144277,35.430695,19.717861,0.75906146
0ee2b361ac2c1dbaf63bd735c4a8be56,372.67139493501014,54984.910352527004,53.337189146205624,46.760906,50.358227,135.11894,21647.223,-26.09375,13.015648,-6.594681,41.603638,20.176832,0.7948928
93f773320d9b104d393748d6e0f5fc73,579.6162679779397,56517.340470238356,55.10522560601359,78.66981,48.23335,197.25842,4140.332,-21.280764,14.622474,-6.8852215,36.072613,21.880095,0.93467927
17f930d5b5155a8c46f5de0ba83bd066,248.4112109568782,18102.114418171113,39.62544157684903,30.26888,38.832226,34.970345,918.62634,-26.87226,12.33197,-6.4629903,42.055393,20.283842,0.8033211
5e86a0d40adaf4f83a55cdd97e010119,512.1980835196118,32430.760224723825,63.6028415850994,79.00682,49.543777,35.071247,2340.2217,-22.265923,13.335337,-6.3703265,34.307755,19.867172,0.7706013
630b76ed4517c5dd6fd6be950bbbb77a,342.4184524332146,31902.214914289016,53.893829583166166,62.68785,54.181732,29.97636,3707.0737,-23.067614,13.795623,-6.196319,36.132042,19.5687,0.7476585
14f4b5b8600ed576c88cdef4647bab0c,325.62590075011957,27703.36929776512,43.710520063155734,50.393284,50.953728,29.255291,1645.9258,-26.807077,15.747099,-6.794826,43.947002,19.67907,0.7560953
b0c01e19c351fda07edabdc013cef8a7,208.41410753106936,24647.868227408242,55.07957831406731,5.283312,7.187896,68.40196,1961.2639,-43.91936,15.864463,-8.602316,73.76855,21.65881,0.9158917
7ebe91e1b9451ae3bba49434af5d1299,160.18759897673104,12925.153448524863,27.960055011452177,4.007608,5.437946,60.91645,3956.9272,-46.392094,16.640398,-7.753728,76.38291,20.583158,0.8272553
f403f18d40e53b6ab44f24cf473ca7bf,172.93697086450658,13609.389789846253,28.164270408495703,3.2890499,4.825392,54.815193,1621.3158,-48.30454,17.001282,-8.128204,80.14348,21.249346,0.8815449
381be86d50b804e5dcdb9ce00e8f843a,149.3076139662966,12734.609834639716,15.110093954924313,1.8899795,2.1133976,31.732456,691.7474,-51.92724,16.465155,-8.723895,85.546814,20.766129,0.8420173
64ba01d2f48a5a0fd33a9beaa527dcb7,594.3519978511083,148766.25916491554,57.731104308578956,57.99329,47.2345,251.91483,13003.245,-34.48192,18.980766,-7.5180564,57.97263,21.077337,0.8673034
b0f952b03b3874421a9c03ad5546a988,591.8688161985995,67141.7853063261,51.567787260002355,58.94038,46.759335,187.82188,6675.21,-31.22656,16.94917,-7.7842054,51.830994,21.931318,0.93901765
38dd22c974cbc3e6c675043f54b8e433,302.49710717334926,23120.00693272403,18.40229673939251,33.044254,37.776043,148.38211,3245.8792,-37.965397,18.262365,-8.268894,62.613956,20.397123,0.8122566
0be7615b8836310549b1d5c2faabce7f,269.70487795644186,34827.13663830655,25.904549140228717,15.973071,28.82988,92.13454,3198.1306,-43.75066,16.142073,-8.564139,71.246704,20.55639,0.8249948
4af85c23d01477124175f271105c9a15,140.42794913589717,21486.07857471311,22.95431800812053,0.9328312,2.1461427,54.1329,1372.2822,-55.85592,15.075494,-9.011911,90.239296,21.844223,0.93167347
f6906006ec0eb0fd074d11893b5eb9f1,392.2477723167309,44148.276355784175,17.68220265288599,43.86143,36.918602,173.8227,14876.529,-37.145325,17.873962,-8.238082,61.610607,20.37423,0.8104192
6861832618e6258e03185b9a59462b6b,423.91692911995204,46560.393801387065,15.996993259044984,59.077557,54.82596,252.19064,9166.573,-37.128258,17.796263,-8.107333,61.15116,20.551777,0.824577
3331e89c17c37399333e9eabcbdc21c3,514.3045113412176,19426.03312369611,21.363429619731807,60.759678,31.536348,157.19537,5159.432,-31.013903,17.054113,-8.535604,51.94326,20.691916,0.8359128
1a106b28cc79189cad0a10ffae66a428,257.42789128663276,53612.15552971318,39.80051079863175,10.82329,17.914328,40.748188,2382.8074,-46.673946,15.88611,-9.101559,75.223045,20.561045,0.8254135
63a09edb7b57b4c614647e6bd452ad65,370.6904641053682,39362.1416998642,31.222635119994045,17.193233,24.282106,64.772675,2775.7449,-42.465096,16.902885,-9.160922,68.8926,19.999811,0.78089947
ec0fecd78973164c3a1bd5efdb701a7f,418.55627737743356,16162.925563722863,27.176794708420214,40.13041,35.241936,245.04602,16697.604,-35.86878,17.821508,-9.289042,60.2785,20.270147,0.8021782
8a82a7f3e38ee009ed475d5c2c2e7964,101.48582194857639,3980.7299865295518,11.532874093861746,0.6494093,0.97566396,35.27399,906.38873,-57.894268,14.471887,-9.674142,94.31894,21.805641,0.92837894
5a0a30e9ee35c047b43c8be3603a7101,229.45114134527674,48325.97304607753,21.83304814221683,18.569582,34.416595,68.16188,1494.6206,-47.015034,16.210733,-8.5286665,75.52293,21.084764,0.86798644
a3f0990d7a010259c910881cbf63afed,294.7918419498904,43202.356384981555,21.290142715193213,28.903996,38.888836,65.04962,2982.9243,-42.119442,17.61649,-8.498525,69.36572,20.646278,0.83221954
c4f0f2d4d842503bb93fa2f47220182f,558.1885988490749,9057.260442011158,18.39732841080009,73.75906,41.00312,179.83072,4011.6335,-29.39819,16.482965,-7.0782933,49.22465,20.715515,0.83772665
36298c7dd4ef31eee40036c12c4c70c6,301.5309404179184,39200.05756802975,13.109556246180054,36.289158,42.520355,98.59222,3815.1833,-40.337223,17.582615,-8.566657,65.83821,21.271576,0.8833631
eebd2a89bcb1f1fb8ba2e44f72a43403,489.9133066545596,40586.34708855776,28.330556943858127,32.12373,27.335346,91.47558,4757.482,-37.658123,16.910067,-8.273464,60.207237,19.606647,0.7504357
446e152e09d590418603e4d93fcf6e68,308.72776137944317,39053.36203221099,22.607978932183407,30.450087,32.88198,299.83276,33783.695,-40.371044,18.101837,-9.151743,66.5404,20.511354,0.8213619
a52e967a1abfd9c90e3aaa740fd74e93,276.67675527988416,32364.758109643568,36.98194596624683,18.40077,29.443108,63.88201,3136.9216,-43.664288,16.152458,-9.166505,70.22957,20.379984,0.81091106
af59d545445283b898c577043b006964,151.06371861351485,18784.429172082295,18.737428859404897,1.8629837,5.6044474,69.464035,2628.569,-54.29324,14.388787,-9.586652,88.90303,21.808321,0.9285966
6ca857bb814f34df65299c44af580b02,342.0060801785201,56209.20930279427,16.59366193683397,23.26051,43.404366,56.333313,1574.1576,-42.204132,15.223274,-8.089425,66.99789,20.51847,0.8219186
6812c26ceb6811410e866b53e7ee27e2,487.3699824608881,31323.87880961929,36.337035211680124,33.789543,33.250664,79.57252,3793.1797,-36.03265,16.388542,-7.6976285,58.26913,19.681396,0.7562175
242fb6da51edf4baffd9009b6667b392,309.5324121725623,28133.921207857475,13.042684471133153,6.7845225,7.2743597,165.77513,7985.997,-48.305634,17.495176,-9.680331,79.715805,20.780972,0.8431152
932c578f94a2fc2f1a8c0e2fb3044530,427.61025445440674,30213.631590113102,31.774046484071167,26.036325,32.65607,37.110767,1272.7715,-38.325848,15.838893,-8.28237,60.78779,19.626125,0.75197667
568e4a8295ecb8f5b6b716e3304b4a77,322.4911808707816,39430.400466507854,21.524879200160807,30.836489,32.65766,260.192,25655.027,-38.73299,18.253935,-8.961466,64.7004,20.609478,0.82924426
7fe3cad934b0b53005c13ee69911abee,290.5873568740499,24384.209070966725,31.147388839071553,25.74325,35.32405,154.2651,11429.51,-40.277973,16.899946,-8.788396,65.284424,20.28349,0.80329823
f730a896357495c530972d1b3f59b755,227.35803550596955,29615.798528707834,44.33061709513462,7.813085,10.409609,152.84023,3479.657,-40.17402,15.469421,-7.751841,67.26288,21.638504,0.9142294
4cc16c689abd801dbe52101d8632fecf,311.5286081099557,14866.37760046788,29.29702258975092,24.463745,22.423582,100.71822,3426.2737,-34.413177,17.72348,-7.937657,58.896183,20.02034,0.78256917
146526327f82a4a3364172d0fb5359f6,280.54222621938004,19835.45888953581,32.42703049916912,24.713133,25.453146,113.55565,2842.1482,-34.378727,17.017,-7.6809707,57.791546,20.045723,0.78457165
00ba395a89271e1709386e7857bbf548,253.60365487972396,26917.500757878784,59.24840288209494,8.582116,9.352099,137.19865,3110.3303,-38.261967,15.363129,-7.8529515,63.88169,21.03547,0.86397207
5b72cd2ffe357f092a8107afab35c727,446.4177245273299,19879.03015541113,27.373975094143077,17.085361,18.073233,251.81795,13685.555,-33.334553,14.772397,-7.3017664,55.9133,21.029541,0.8633524
63873cab6e43f002cbf7fb06bdde322b,328.5915446252827,35181.29213048399,36.36500376768666,24.654266,34.032597,123.03248,3695.5544,-33.27204,15.215432,-7.6825504,55.386353,20.38371,0.8112194
3c45966ad5c768c83359e7dc04a860e4,308.19530137662935,29502.868948100735,54.903677565775816,26.924522,26.805496,63.499645,1299.0314,-31.273777,15.376411,-7.537898,51.240284,20.034536,0.78367746
4333228d826a1ce7173387f3b3a90350,299.83587708599646,17250.29883503902,44.23934572394733,27.214945,29.25694,114.36067,8623.162,-33.241722,16.579105,-7.4349146,55.24047,20.035908,0.7837939
509abf12996eb3c42545d40ed3c25ca4,232.58046494392124,24760.822346860226,68.32511062881028,13.995878,18.227934,97.49319,2734.5015,-34.937305,14.494327,-7.066551,57.99523,21.348679,0.8898866
653c49f3e4f237dfe85f205ac9276158,343.2796166114186,28396.10032500535,33.28254232299703,11.107849,9.945347,169.52234,10360.618,-35.4236,15.163895,-7.627954,58.756203,20.272892,0.80241513
79d989ec5b39d533ae347722101bca19,364.44501485095725,30789.212713507975,23.040406415696236,12.264524,9.188724,218.20198,15103.75,-33.02564,14.151009,-7.3727274,54.323055,21.684484,0.9181135
992817a36af1f4bb2cfaeadedb2d8035,289.89012682036633,29750.61525954673,45.54337709234635,22.130888,30.002842,74.43943,3344.871,-35.07721,16.008188,-7.8981547,57.80979,20.014328,0.78211063
bc7209e28c99644a9194feaca86599b4,286.9860672594367,23771.130516752724,42.295898811584706,20.814018,20.686518,50.9592,1648.1617,-33.09659,15.440752,-7.877905,54.26293,20.431091,0.8150251
18b641770bfb280f808399e586b4a2c4,294.10259199739244,15963.739536331901,32.52407976938068,27.674398,28.49494,97.838425,3861.1455,-33.16215,16.147728,-7.4467487,55.261093,20.250473,0.80062926
270788ea47d607ce49ea890b0f9659ad,261.9930889847503,32187.470408190246,52.336461590759896,14.544576,19.661034,90.94478,2446.599,-35.263493,14.4172125,-7.7405224,57.612286,21.005117,0.8614845
8e0063a386efad6763789afecd0ec32d,482.16768079741036,21203.790264101037,26.71272241423769,56.59445,39.31828,280.6337,21249.658,-28.984993,17.136879,-7.7233176,49.691307,20.89916,0.85276115
949c4e135e0087a5473765cb291932b6,300.2337665110942,25370.729390649558,39.49544242524116,21.822935,23.845768,39.239933,993.4483,-32.32119,15.495718,-7.3102665,53.246056,19.996014,0.7806856
6f1550eadd058690eaf1fdef2263d5ea,237.29580635119282,23197.456484012444,51.771709433322116,16.072296,19.066504,79.51346,2297.1582,-34.86713,15.051288,-7.7597833,57.159313,20.267529,0.80203414
d63488724284bc00171f1cd96e95eba0,323.77155418186146,27921.651614770657,49.876528406490884,18.22297,17.359365,80.22931,1887.195,-33.861763,14.901516,-7.9957433,55.64513,20.351854,0.80868715
446c618806abc801b1e99d969e4ed8fb,428.86961580468017,33205.54820542409,32.72382505512008,53.701622,44.44802,159.49681,4644.178,-28.39621,15.901876,-6.938237,46.857742,20.359682,0.8092716
9e2f02818e25753a040552f058699bbf,276.23919339856786,20814.836641335438,44.296526743116246,21.792095,18.616636,65.30108,2165.9768,-32.174007,15.363733,-7.418005,52.93116,20.12091,0.7904682
82c4b366304ce8cc7d13b89170363edd,425.55830220775806,43088.19487016749,40.87168220808062,68.05528,71.55998,194.32066,8555.393,-29.028034,15.494506,-7.0121746,48.207054,21.56688,0.9081044
a6d49f3f95a81af05f81c5467cbbc8a8,490.83693250941803,27556.047813882815,42.58152017532271,35.522484,42.192284,140.79312,5414.91,-32.345646,15.785956,-7.596293,53.39437,20.327587,0.8067394
87fe30a94408526158c086534136850c,302.7101737726244,37774.991724730644,60.54729725414447,20.509624,20.765308,64.22091,3237.029,-33.19359,14.634689,-7.5666986,53.852856,20.0548,0.7852878
6faf770a348e6af2fa6bad62ddd6b500,417.49221990237476,30470.902170519403,29.131339555532577,49.86079,46.232426,156.85521,6650.403,-28.881182,16.04617,-6.992457,47.902653,20.146965,0.7924473
9ea19ffe751b7b9aac0c5f32c2f127ed,245.64842563495236,23265.090873212157,60.5419795571204,22.610504,23.885328,87.4754,4743.2935,-31.995682,15.0313835,-7.1424346,52.472607,20.316387,0.8059026
64437d22d5c7906508f88c60545eaddc,478.566989980226,32454.5917300854,28.019679269504724,56.166855,49.32954,242.71837,5297.5347,-29.226212,16.415018,-7.2985115,49.487045,20.732405,0.839202
f9e9eedc497b7650327d7dade4b0e2cc,349.8763072308213,45653.915074209785,41.4690417749665,33.26331,39.64905,133.11252,7351.4497,-31.148699,15.046419,-7.7289042,51.490265,20.435356,0.8153414
edcab01d397843eca2f89bebfa691f40,279.35050947872423,26091.767404339604,46.04441898298155,19.525629,21.373724,55.212563,2403.1013,-31.5004,14.220499,-7.302282,51.02744,20.318296,0.80605733
bdaa117f99071b1d390d7cd5cb837a8d,426.97773235827634,21957.35306726874,30.410072725806142,47.12949,34.58344,116.12985,8541.459,-27.992714,15.872524,-6.3730164,46.146313,20.302397,0.8047599
329800c99bfeedb3949f07190d60fd99,230.29215742241803,17845.911446731257,41.42203864551664,15.251634,21.03631,111.65421,7968.668,-36.28337,15.512461,-7.976273,59.950348,20.540098,0.82374835
e51c8550e87db50887b8dbfb6ff59f13,336.07680251735326,33116.89271775954,49.43324059962887,13.105828,9.416493,165.22447,4750.406,-34.40273,14.640311,-8.005859,56.672287,20.666695,0.8339275
77c0e79576fd5d474f206d8714a760ef,256.9126599345561,31256.66464061992,52.80939564514391,14.286362,15.356126,119.22388,3958.3936,-34.656124,14.501658,-7.6676407,56.63879,21.578571,0.9091578
8ca631b9acd63db630522810976bb99f,477.08557149247,60844.73530905235,35.389699189695826,60.344326,54.560425,205.14986,11667.495,-27.394281,15.675796,-6.806813,45.729294,20.677364,0.8347948
cb9478c919e3a7eb339923123703579f,434.15982834383277,90445.21417198992,43.70810592355621,51.497173,48.95114,161.90166,15468.94,-28.055964,15.755896,-7.5334363,46.732216,20.725552,0.8386837
82a03a33663763a9f8822d55a9cc4abd,344.6457600482002,28348.21594624198,51.48928699381184,35.508595,24.660433,139.4701,4962.7656,-27.883873,14.95042,-7.374788,45.893677,21.270752,0.88330233
b3a731a228329cc38120928c823c34ff,335.5589043918641,60749.08077484693,68.87681796559325,31.510172,31.52837,85.337616,4148.7153,-30.116455,13.936054,-7.009239,48.190052,21.093168,0.86866134
3706250a216ba8d7d3bd444de712ceff,173.70804783497903,15418.762457923272,63.56172309642014,13.979888,10.368826,77.85866,3161.8347,-31.4932,12.828485,-6.3361444,50.438072,22.126276,0.95594186
f9cdfc749408410c70a3bd48aa92b8b4,510.7989207238629,22132.268661198374,21.32356366065004,92.7792,55.4927,143.7705,12923.746,-22.462217,14.423081,-4.3224597,35.673622,20.539875,0.823654
3c77b44d45bacf19a108f8bbe66f0419,404.9221255607981,123457.82209772777,56.99645830892133,42.678005,40.905994,101.03021,13321.5,-25.446764,13.335862,-5.3553414,39.790188,20.955923,0.85740554
38a3090b3731dbe5dbe83ff0d0ed6edf,259.51303123900874,69896.02264459629,40.79845444655429,28.546515,30.640099,121.460434,12342.419,-28.338623,13.527065,-6.45293,44.845325,20.974928,0.8589647
e613d6e75599cf0db3ff9346f7e03c7f,515.6345803890861,95323.47204937576,48.80980302177492,54.712284,58.5663,192.61418,6774.9224,-32.529728,16.553581,-8.844634,53.95547,21.075207,0.8671955
5ff45c548f2596ae4c78d1825bd7b2e4,233.93159394593877,33579.98398154969,60.224326154490086,5.5299273,5.8107305,117.292534,3942.8362,-44.140865,16.174255,-9.3626795,72.30731,20.651754,0.8327553
ca1121956fd4570c96e2bd1fb68411f6,277.23988394345116,23362.232378995177,18.04366892454728,29.164013,39.892254,148.1892,4507.1377,-36.869316,21.208694,-9.719142,64.453125,20.409521,0.8133061
04c964b2bd3072711ca5c56112041734,255.6603700807213,2351.688255417239,13.566834746973882,37.395206,36.03258,98.17912,6057.6094,-24.35464,16.72127,-7.6250377,43.02951,20.268736,0.80205154
a9a7d089148348f3d9070d527e5717b3,317.39352759970734,28449.25097889571,14.422773384732738,63.16549,75.93168,93.55464,3110.2375,-30.709362,18.006437,-8.272541,51.67919,20.229649,0.7990376
4cd875a415a2e84450dcc443f5af44f4,288.3162858089765,14406.787876539402,17.403202703221794,19.332666,28.736408,107.84369,4204.7524,-36.733574,16.756979,-9.712675,61.70364,20.476654,0.81865823
abd92b546e5b3c08041bf2af827391f9,361.8876666185037,10022.6401564352,25.657589228825284,61.370247,57.41085,57.07075,5447.9956,-24.678436,16.401346,-8.415387,41.281963,19.697653,0.7575381
19290b4ad1f600b43daaac16e29e1c0c,379.42911143464846,15516.364552751744,28.912498042973603,86.84252,65.886116,56.060062,2378.3472,-19.567007,15.404085,-6.610384,33.22789,19.84895,0.769154
79893cebddb894d8709c5d53e0b4730d,235.86827408986002,7347.598767926009,25.196757732612497,33.985256,28.661621,84.46767,2017.7473,-25.054228,15.722924,-7.3343954,42.180553,20.19504,0.79628855
c7fc1d32e1bc9e90e0d6f25182b30b60,276.0527267653242,11705.731527897477,22.968467213236902,72.29578,62.29025,57.140945,5398.7354,-20.123375,16.155258,-7.035458,34.768227,20.00867,0.78163695
066cb95ea38b7c8103036191d7d1b767,244.57861331227886,7780.539961141351,27.765253972916106,50.766594,37.369865,79.10293,2645.1921,-22.376553,17.290703,-6.1834774,40.910088,20.511572,0.82143754
792a7960a49404b0d6569d410c35c455,153.70619968058284,2720.382694325546,15.14916841565309,17.216564,18.608438,456.0233,14846.998,-37.57253,17.265503,-6.134057,63.467712,22.052795,0.9495912
fb61c1e85c292c495a2b088d50968693,307.3257930503138,20221.523771918444,38.07623742345788,47.676487,42.711872,146.37137,9495.477,-27.018724,17.648039,-7.7034416,46.986217,20.230007,0.79903436
1212c0ab920c79b771eff36c18ded995,403.58316555285415,16278.987738069653,37.63653162653645,83.654236,35.00683,94.88515,3462.535,-19.290344,14.486776,-6.2689424,34.051727,21.249353,0.88151306
01b51a4207a423eda9883b78fc422635,383.8835543674684,27132.180575123348,24.187081749273215,82.78248,65.60564,43.053276,1676.8169,-21.238056,15.08996,-6.3065434,35.772682,20.801487,0.8447505
468371798e13dc3e764a520307416837,295.67658539644856,17591.60744181354,38.98064980992258,53.650154,47.290215,69.74139,3620.4478,-24.070583,15.283672,-6.9309664,39.206623,19.717094,0.7590797
7c65b76e8670121953be75f2c38cf2ee,424.8253975764693,27019.977300058847,33.46697735296744,117.750275,79.207245,47.340042,1701.6285,-18.921865,14.790919,-5.1694345,31.188204,19.753128,0.7618051
b33dcecc4674602f40b56aa3782f93ba,355.6600774501632,25560.43552392546,50.20492366311692,64.408195,49.24632,41.49961,1630.0541,-21.648493,14.15088,-6.3233395,34.06884,19.15243,0.71613395
874727132f4659b2f8fa9d617a0bf82f,323.18696249150815,16833.21078369586,36.12635140009026,76.94678,60.1548,32.06383,1239.2904,-18.468302,14.272985,-5.5757046,29.759123,19.771994,0.7632781
476146aa8ae83dd19776ef3bb8d46d41,246.16108643266386,9843.115619508972,32.86412960387318,69.22142,48.6528,53.75843,3797.0093,-18.89258,15.47662,-5.5406437,32.750935,19.970295,0.77867067
7224a23673b8a848da23f84ce7006adf,270.95924539819254,14585.820671453168,36.62729032217925,67.611435,52.01861,50.24162,1612.809,-19.456888,15.121819,-5.8466597,32.77679,20.075306,0.78684545
14565684f7a84f9575a12c89ff7cddb0,206.50298105884917,5451.331130991304,17.87609387011676,57.886856,43.16773,116.19729,4732.862,-21.615557,16.104876,-4.234705,37.54839,21.001736,0.86120826
6f2f7cfa49ddfc01665d546c57def787,222.95981548264356,13841.545307305085,37.934702371577146,57.25259,52.51436,115.11302,6468.1826,-24.682562,17.026976,-4.6383004,42.70498,21.113014,0.87035316
e2a22a5eccf8d665ab7353dbaecc75a8,439.86315829540376,14946.170574428796,27.576203896935624,94.26424,55.079163,130.82246,6989.46,-19.164135,15.765672,-6.209413,34.10688,20.859852,0.84950477
c40190803b3f374ac5caa9ed46f03146,401.3480348001161,31371.74124620878,20.151992437143914,53.012424,44.964226,69.80033,1735.5653,-24.774261,15.185561,-6.39096,40.891884,20.08895,0.7878951
cc2f800887972e963c9b1688eda00097,293.709847485622,21694.450309704473,38.01211252786972,40.196312,35.295853,71.07508,2145.5916,-25.617466,15.383155,-6.972055,42.03962,20.117373,0.79017687
c5417b29821ba79f2c8ccc13df9a2dfd,344.5020116585102,32771.222471316934,55.75520581742821,84.509544,72.95011,70.82718,3260.1814,-21.589933,15.146588,-4.974477,35.61499,19.958801,0.7777202
2be82a2b72baf71e260c8f02a940216b,393.0080208208438,22402.844327218936,35.49568503240305,88.678764,61.820038,36.088764,1257.7219,-19.814735,14.798857,-5.753692,32.77582,19.546032,0.7458818
61443e74b9bbb7e39458768322419d0e,257.600943767134,22101.439626294963,42.28889395943291,55.06011,47.63194,49.10525,2639.7322,-20.831324,14.501167,-5.980244,33.55251,19.648203,0.7537294
5c600e38ced770e5291041094300e40c,282.05990877307397,6631.8430754180645,21.473895336778316,83.42611,55.96319,63.377064,1884.4092,-19.53273,16.118814,-6.1273813,34.260426,20.142252,0.79209423
9701062ea398a7040d3963f5b3fc99ce,251.04624163992895,8931.546586003298,27.040819758555482,61.74124,32.461956,122.21331,30111.05,-18.734715,14.64603,-6.153261,31.019691,20.010561,0.7817652
d6e847d32a45b9ef4ce36bfb0011e193,227.60531487164874,7512.854721535116,26.61734819941019,70.12654,51.125694,75.436035,4238.5605,-19.324434,15.859999,-5.1852756,33.94422,20.14504,0.79234654
8f0813e67d1dc0b1e1c8b75eba48f9b2,167.61801308497238,6983.711234480306,21.192068449119496,41.895203,37.138336,167.48555,5946.895,-27.413168,16.914413,-4.0792713,46.64203,21.968706,0.94239324
d28e5d5e344f845197ffa287fea091bd,380.96846713991533,24136.025986339,37.5135009074625,83.8409,69.95418,85.30368,2911.5125,-22.364458,16.46351,-7.223091,38.724754,20.229988,0.79900753
5d1b3ddbe5a6e6b77f5c71bd63426a03,428.8435635268508,35620.82013324944,25.313185776692656,89.464676,62.86647,118.719986,6490.8154,-20.421705,15.42557,-5.754144,35.342667,20.395401,0.81215763
7e81816efcce719a8b492dca1384e15a,385.31339301644203,12900.680708240718,30.03563500725276,64.15352,56.85623,36.79593,1660.1326,-22.3757,14.696445,-7.865745,36.32542,19.768124,0.7628946
7cb3df9304e6709aaf950acc02e48e78,285.05819245703213,18082.734332904096,38.08295299001648,45.78058,38.019062,65.84245,3764.423,-24.335627,15.037352,-7.248423,39.123055,19.884039,0.77196074
bf3d62656ddf6a303125836c8c5817b1,396.41779046837934,39377.300586001045,30.58177794178899,114.12414,70.94819,55.533012,2380.9558,-18.477976,14.891857,-4.4597073,30.985907,19.676182,0.75582045
fa7a942a1d37e74bb08e5fc192459007,371.1434412480605,25187.1340344314,28.305496590208712,73.89506,57.566467,37.13031,2352.5876,-21.27816,14.989416,-6.4868503,34.580406,19.513952,0.7434606
fb7377dc30e1accbecf6dd3c3e02d6ae,283.35583503986186,14993.675281759652,33.89882657698752,76.53239,58.83989,64.43168,4005.2483,-18.616465,14.493395,-6.2551093,30.368872,19.53498,0.7451024
ac8099ce7df81a5a3d2f6594361568e3,249.8314850595811,6333.250675786555,30.12008765493132,46.09745,39.708,70.052956,2864.8975,-24.526371,15.989871,-7.5263414,41.425903,20.249365,0.80057716
2aff98c459dd02e9e45da1836bca8bb6,316.551201082167,35546.12220357476,31.35445586348794,95.80025,64.6838,46.899597,1462.272,-19.268847,15.684275,-3.2196348,31.999048,19.896637,0.77291816
3def28f2fd32597d83c11d9609e79d74,398.7890503253527,28121.018622491745,56.63460624312859,101.71016,62.80891,38.537766,2828.044,-17.526485,14.111562,-4.5096607,28.361313,19.33328,0.72971326
3f25324bda1b7c2bff08ae7a20d7724d,286.93787423289194,24245.19468431392,38.116894008455425,59.569824,47.165817,60.142544,2465.407,-21.365217,15.115782,-5.6469636,34.76272,19.75059,0.7616472
ea9889fd21c434348bf4f48c73716dd8,262.26956078387593,10004.064824818339,33.67443348243698,57.218975,38.931164,91.78545,11434.405,-19.907446,15.324149,-6.8296256,34.144463,20.13404,0.7914407
8ec6b03378a2074fb96cd482a4f389fa,232.89045296861758,15133.434419761674,32.516347877877465,47.68653,43.270615,95.377266,3984.0166,-24.213263,16.02244,-5.9134345,40.366226,20.013617,0.78205395
3deb1a83f31dcba5acf369121759e176,253.59981747633586,7592.7252401353735,29.466544676922695,44.469524,45.740307,59.225163,1848.2327,-27.487753,20.003248,-8.329917,50.276447,20.269077,0.8020064
788c9ea799b0a58faa93aa3eac1ce6f4,319.8694974023174,61002.72294701151,96.85208344331026,42.646774,24.206917,58.980682,8902.081,-19.263145,14.649776,-2.2702157,32.19399,22.06964,0.95100975
34b79a9a91c4f818047fac7a1bc52243,272.28453178461285,32111.339968804044,65.39155095381112,50.64818,17.630789,58.061756,4710.2866,-15.022401,12.67071,-2.0019212,24.966152,21.508547,0.9032544
0ed3c44a5900a680a8f1ab4e95563937,158.19408220793716,5365.560177342898,23.901465880471488,79.68603,42.464706,31.789448,1372.8164,-14.630393,15.438003,0.15675795,28.068941,20.000975,0.7810774
8f70db875f865e003b67b8379353c736,210.86810198229145,9444.661709015065,31.410570770374388,90.40564,42.71833,41.04422,2880.3647,-13.945153,14.71786,-0.3105088,25.994968,18.95451,0.7014358
25b4f903b65dc0ef456bee853908b7b9,155.38852887053574,2674.6200531292393,17.114112646614636,89.909294,34.637844,22.244719,650.05597,-13.410714,15.202825,0.4965554,26.613094,19.606878,0.7505175
9a15f37c64af0aa8d3292bf50eaeb8db,229.49779534105267,43901.76398811352,63.873975253947116,80.098305,37.762722,33.28598,983.20355,-10.726788,13.7055025,0.450615,22.455595,21.427118,0.89644253
62acbaa9397036d60eab8d95d41e0edb,257.6743582768932,14669.998281280861,42.32284117954916,89.257286,49.77988,41.96163,3994.5476,-14.489392,14.390174,-0.80846214,25.99515,19.04412,0.70810467
22d6201492351d84f9084f6eaf21be45,240.1023383372523,12472.701063161023,39.24647421746069,89.01981,44.803265,25.21755,910.6591,-14.695445,14.706201,-0.74034,26.573637,19.217207,0.72101986
19b7e08d1428e0716e441e8f644c29a7,165.5760870476955,4809.795475213161,21.81126900421398,71.39556,34.310997,33.990864,4537.8325,-17.19285,15.21711,-0.38764834,30.15597,19.368788,0.73237824
b8739b357d135f6df3c3de7fc98c0c44,267.29756822388,67793.69056988916,71.88512982615461,73.211235,28.241613,27.141243,665.6701,-12.759541,14.327728,0.16814268,24.966578,20.336355,0.8074386
d3c9720f1375e89c4688bca28ddbfee2,153.59490392187462,2619.6757550147604,15.556344972377596,71.41072,32.408386,35.163242,2045.0884,-16.818417,15.485051,-0.22164884,30.364807,19.217709,0.7210254
357392135520cd622342df7ddc1bf201,169.16020158543728,11281.652838391568,24.705514131037063,76.84428,38.373627,34.279522,2934.0222,-15.568755,15.556757,0.024513194,29.13955,19.866798,0.770588
f2b3c15d2aff63e227aa1857057d6a93,243.01967329355156,13159.44503248606,44.448705594169645,90.502,42.418144,84.895775,19059.875,-15.123657,15.46441,-0.70120794,28.120445,19.29236,0.72668713
e41126dd86b796b0d5a3e721ee3cb727,161.2753982222751,5770.128095316605,26.24209651252828,66.66745,37.266502,24.369934,1475.5621,-18.709772,16.1776,-0.6635938,33.219257,19.320433,0.7287675
d959e333f0f8f3c6fb6f8e427e900938,212.56240124498416,7972.344893330973,33.124724307729686,76.04336,36.627823,24.24413,938.8931,-16.397058,16.085745,-0.89972335,30.62468,19.229628,0.7219271
d04eba4601f5579a2da0c0fd8730fe0f,159.70745396992675,7585.377005821312,25.672837230157104,70.27022,29.70253,32.76953,3015.7336,-17.056984,16.968718,-0.1761518,32.791924,19.285582,0.7261515
60fe68e8f4557112a33941d9adb8c165,195.65331108116035,19261.352017749134,23.269631727109125,57.608356,43.311165,39.232414,584.315,-26.532389,22.948166,-3.6896088,51.3376,20.184425,0.79538435
6e3384f885a85bb6467df89cb0c73821,300.390850721442,93400.4673761296,34.85450068533222,26.303526,18.478886,44.76365,1276.5057,-28.47746,21.835747,-4.8502445,52.064487,21.802353,0.92807513
1ab45f4d53d3def5c40018c785f316ed,150.11839638456348,18141.589110378307,40.37345089312099,49.191246,16.811329,133.01999,23766.584,-16.953358,19.700462,-2.792719,37.805298,21.749636,0.9236421
230f872119c002d97e0ce0cbcab5f61a,148.12184505885082,11335.577392478981,33.36138690239578,56.06074,24.555387,44.418495,1546.5791,-19.511147,20.03408,-2.266588,41.030014,21.481905,0.9010422
f9a27e771d30561c38dbc9fa6a9d7642,124.6287277041524,6716.049804021069,31.757278615206978,65.580734,20.480244,28.87495,985.938,-16.230772,20.062443,-1.3872557,37.744698,22.08955,0.9527509
76f24d16f7bd4418e00297e6631434f2,188.87248658487638,3304.7950523370496,17.006463367725136,75.07277,37.82108,21.322437,636.6805,-19.942183,18.622618,-2.026015,37.788498,19.107304,0.7128166
a5d5b2deaf1b96de4e4c2e3d964ea2a9,197.95543998312075,7758.797473171979,26.039728574733925,82.05758,44.33988,50.167667,7793.412,-18.981846,19.172852,-1.7581955,37.468014,19.017462,0.7061074
c084aa12568b4a0d638cf386924fc7b7,138.6131811806888,4682.277074941776,24.49588637447545,80.24771,32.079945,34.495846,1848.3286,-16.35917,19.566166,-0.40265873,36.30227,21.244766,0.8812389
838d30a323b777254080737659042b73,147.21076780947004,4930.701449282304,25.344142430119785,72.56731,26.24153,32.979214,1080.1307,-16.235258,19.089537,-1.1843746,35.19724,21.123255,0.87122345
f68cf9cedf573cf7472c08c8b68dcf6c,215.6980743885339,12255.60326281955,35.79896562325639,66.6935,37.008698,23.001183,2729.503,-20.512842,18.475359,-2.039645,38.88982,19.431288,0.7371918
e8bcbf8727d50bc3a2613befb71d1039,257.976009938189,13133.622905210956,23.83481536196984,83.93542,48.38661,24.789394,1038.9895,-20.30272,19.023241,-2.5395977,38.476166,19.317148,0.72848016
528f7ba7e57737a09cdc93aa0f4ee5c6,215.0997062465677,6822.864355657306,17.896696565910638,67.95548,39.139874,30.943872,1340.7227,-23.142717,19.338305,-2.5451398,42.645046,19.183176,0.7184535
0d50ba429c41d1f0bf5ca1fba188d7b8,201.56145390114185,8022.485436832205,23.617399118418817,76.22346,37.612705,28.083004,1569.6404,-20.410633,18.881739,-2.2014852,38.66989,19.112673,0.71323365
62749e13daccc4797b4a6e79cdf9b1dd,176.3089616813464,6146.786334170884,26.511474521336275,57.49954,33.55853,21.266459,584.6549,-22.60439,19.379942,-2.466563,42.6269,19.772284,0.76329255
562414f821d715875f180c9e3346c3ac,142.34224650710772,5829.138334182083,26.70749762603372,72.7928,21.406162,40.901295,3575.697,-14.744788,18.918236,-0.68919367,34.810955,21.620163,0.91266894
64df2875ee47961f740681f805891b52,196.61695700405357,8682.971158109198,28.849735683420615,65.49969,38.48506,15.400555,387.91605,-21.756027,18.6116,-2.183463,40.54514,19.587456,0.74908274
44eddf22ce887db81728591b9aa9f76b,256.83492277986073,13660.702555200834,28.852559311207898,68.87869,43.196587,22.148779,1095.9376,-22.50771,19.048988,-2.998529,41.223377,19.037365,0.7075669
76b273a59a793e1403a5ff39d30c0c1c,230.0288411931241,10476.301170042263,24.571016687006672,79.1044,41.146133,20.389816,1368.6539,-21.384222,19.419811,-2.3987114,40.266087,19.017206,0.70610654
ecd7bae4ae88df3c947728c8014b52eb,188.37091252395913,5568.142716317347,19.531459999678248,63.759563,37.513622,36.726162,1738.5479,-23.361834,19.058002,-2.6232991,42.12045,19.184258,0.7185789
4e54f17d6085dfd774462840cf1496a2,257.63317216301476,70790.36915829519,14.719564480007007,38.34906,34.649628,32.606586,1063.552,-31.956352,21.323309,-5.3913507,56.27262,20.01291,0.781943
2ff1779fd1fb56ff8e577c8517b38e67,182.56859866524027,12830.190589705853,54.81802572806004,40.769188,26.809502,15.806263,620.94824,-23.38549,14.981982,-2.8941092,37.85491,21.584532,0.9096488
7f0e190cbd9595c0f2c6af85bdbedbda,171.9654995552166,6602.07732533766,41.76267412095303,57.437305,23.319427,15.388136,602.7206,-20.318336,15.35334,-1.8209267,34.465675,21.613924,0.9121454
0cc6f759dacbcd69063f4b434d8f4382,169.2775363949528,8589.368776391044,39.73263808007533,53.883152,26.264355,22.929337,1334.7993,-19.40622,14.431913,-1.7638315,31.875156,21.775105,0.92582893
fafa0af191826d3fc4796500fa439d26,175.39854504246787,10450.75497602899,38.69020732073518,57.09512,26.223385,39.70787,9398.185,-18.541191,14.750077,-1.632832,31.61141,21.77416,0.9257466
fe9d72253aa5cec65176819fe86f08e1,187.13083274076394,26436.327602821588,60.446366336922004,72.45343,31.066916,10.683263,569.97656,-17.500727,15.240122,-0.69118685,30.732618,21.590631,0.9101964
4b45314b399959c2fdd4eedea3fb1398,182.2299097398841,12515.505306712454,24.364694567073254,18.90415,28.186392,45.453815,1369.7635,-32.436874,16.748444,-6.0486274,56.56513,21.538916,0.90579545
7fdca42d652b5aee23051ccfb4e4a29a,572.3486528396578,45060.23598875651,45.462023558507425,65.934235,35.525105,83.99168,7344.5234,-23.184368,15.42267,-6.9486923,38.41986,21.094631,0.8687961
fab7b5e94cf40f448b442ddc0fbb6443,351.2202168977048,29109.427460301566,48.270087061500284,38.24012,33.87852,90.504715,4852.164,-28.044508,17.191643,-6.8650675,47.812187,21.489185,0.9016481
3d14876fcddaa4e93be2dc3448b47968,185.55849176432395,5890.4688760139,23.298197528701458,25.353651,22.937828,38.036564,1066.0713,-30.720259,18.336239,-6.1286764,53.221134,20.636559,0.8315369
c3baad7ab37e4fcc04d4158d563ff0b5,197.40389194985795,3607.2101326372203,17.906004341505128,51.57578,29.683712,40.693886,3133.5625,-20.435684,16.74324,-3.644363,36.804363,19.197271,0.7195291
ec1937d93d33ad39efd1426a1bb781a6,171.3256916003545,9422.899225794636,38.47732052408156,55.401768,30.368242,20.483324,684.9281,-20.845266,16.892061,-2.1929476,37.18034,21.014463,0.86224353
c00f98b5cf0dd5d3fcd15ba35c5ff2d6,183.70127053296395,14326.8863304862,44.196424262622536,66.31417,33.618713,21.989296,1178.0944,-18.983883,16.73371,-1.7938454,34.396564,20.941772,0.85628045
62130e767d0fed4f262b93d463f238ba,481.269676628896,61978.44023606588,84.31330926408688,90.17184,33.719883,91.957634,9024.66,-18.132854,14.945083,-2.9179666,30.700197,21.37405,0.8919595
d3bb337bbe5c4501090ee90208e3f3ed,279.7275851011418,23972.353254327296,52.111108264394275,71.53521,31.808458,31.746618,1190.3939,-18.791994,16.209675,-2.2034976,33.313717,20.7196,0.8382174
52434f44b054037aaca505bf6aa7c983,193.83131298741955,6785.012599824368,27.260068012767253,60.495205,27.337395,41.041687,7950.8726,-18.222244,15.787902,-2.2335935,32.78108,19.482483,0.74102074
75b33db1abcf25d20556511f266236e6,175.83093290392122,4939.954135868076,29.793355653848312,67.31181,24.492393,14.5916605,241.39027,-17.258114,16.067303,-1.1464388,31.924503,19.329554,0.7294271
8f72398562e01f85a245f94d81c39f95,165.8210176994783,12539.660231550055,42.35810901156466,69.17563,25.808403,13.788563,506.62057,-19.003437,17.460644,-0.8896363,34.835327,21.847563,0.93198395
caab09bdaf193c2e38e47933069eba5e,165.1529768653177,16611.450809981703,53.92762352178301,57.963867,33.17679,21.061106,1380.1562,-21.377937,17.483877,-1.5282074,37.93562,21.66672,0.91663533
f87a72a8ddd15f159d68405d57e37c56,386.0605203904679,69679.9240474281,46.11632973996864,63.274162,39.03967,48.294247,1255.4474,-21.38928,15.679553,-3.7436314,36.024853,19.929781,0.7754749
318e91802b127d0a9125dc9d1d6376ab,369.93563107527405,51949.09875542533,84.03822301983693,62.161034,30.840431,29.469559,964.9954,-19.556479,14.90055,-2.708478,32.730324,21.316198,0.8871256
dec85b1fe850a7d0aa3e7ae15f5e121b,316.8552217117977,31254.892719560372,51.74698187253363,53.012394,26.992023,28.66695,1138.946,-20.800718,15.506521,-2.9305265,35.219604,20.637774,0.83152753
b4df78c9202a8e48170e4b2a08ee9055,242.63829175038515,21295.287598557294,46.86091944917928,55.78329,30.07639,20.627913,624.965,-19.907318,15.934268,-2.4045856,34.506897,21.128956,0.8716775
9251d7f19fa8ef0930d1a1f52f82fc3a,248.34788313127638,23427.73433946164,60.759210543736586,75.04724,36.615494,29.87985,653.5672,-18.533348,16.280668,-1.7734649,33.014854,19.85514,0.76968634
bd097d2c4c972fc6df62dcd85d174b93,199.2150938832704,8757.641267547164,34.31669229000098,54.46294,26.883774,22.693407,2439.855,-19.549105,16.046024,-2.604429,34.41159,19.444378,0.73814034
8643548d6eb0dca1743c98df23bddd37,249.6248013853518,19602.025758873417,44.61823625682201,74.35355,29.402191,46.81268,8710.721,-16.731283,15.964649,-1.6666855,30.890133,19.54672,0.7459628
77a77e7a5f4ee6f79fe08165b5a64819,293.83350190519894,25726.93077933442,50.006010584167605,63.35508,26.010212,23.845972,773.69653,-18.666998,15.674758,-2.1498897,32.338787,21.004436,0.8614099
a44f295f47f372cdf702ba7f1e36375c,251.29343242599973,18606.689457159995,50.72940167929996,62.512722,27.891201,24.637295,913.6824,-18.495659,15.693907,-1.9939197,31.968391,19.629957,0.7523408
59ba16940a2ae7ce4f7ae512642cee64,161.96973853762117,10608.24389171462,39.680725471636066,54.594177,21.558975,17.164694,525.288,-18.789192,16.015753,-1.5920211,33.674038,19.855785,0.76970446
1d545f106c6a549f3bf0ae9781e91e1e,178.01144430870758,8980.131224921764,43.25672024058827,58.902843,23.794798,26.457657,2809.195,-18.099985,16.193203,-1.4704353,32.8364,19.73198,0.76014984
80369b2b28537e571ac92e86f5ba0081,209.19794057895092,20254.882934442947,54.63283357149766,76.83983,30.461079,19.14663,820.5615,-17.140654,16.634884,-1.1676726,32.482765,21.848915,0.93211776
07038466e018f0cbd4732d77aba739db,182.74172860824942,10224.19731321209,45.88378721135204,58.1166,36.764984,29.413054,1211.7523,-19.92165,16.561998,-2.292873,35.845295,21.918434,0.9380605
7a91b9bca8df0c32f9a54afc7d5fc27d,354.4472812190463,62052.15546042113,56.972385785478295,59.64292,39.09481,32.90277,1039.9395,-22.056862,16.011597,-4.0307007,37.076313,20.18785,0.79564077
e6a43017dd88d1ecc93a3c82628cdf43,391.2360647205416,72070.37921175238,107.80738588237826,57.57954,32.44301,71.650734,15547.744,-20.639816,14.917053,-3.768197,34.25226,20.769516,0.8421844
8eb388f877a87d5d21301274f56fe4b1,284.1814382933546,14827.56176886013,43.4272290604356,62.1945,37.431778,34.513134,1310.0796,-19.126663,15.614033,-3.3575583,32.957596,20.212976,0.79768604
da4643cf17a3b85e15912953ad34387d,281.22826583080797,11937.50894229092,40.99465988013341,64.71434,35.686996,104.136215,21514.102,-20.397041,16.613276,-3.5298483,36.002785,20.167019,0.7940845
74633bcd671da1431f31e73ede0fb8c4,254.4580726510586,10872.113576605821,33.84111407713533,58.632587,35.50787,51.84643,4571.9146,-19.991385,16.224758,-3.260999,34.77023,20.676125,0.8347151
f4409ec7bb7872e03556bb2465199562,244.95134997277424,13212.800268841824,29.8575615737919,53.661083,35.050438,48.176014,2431.5242,-21.254164,16.3206,-3.6963754,36.968147,20.04011,0.78411317
2e98ae1a00b2f7b3328326c305693d9e,193.4523589220627,7970.798752796258,26.852775074527944,46.21384,26.737804,50.94349,3736.2065,-20.988274,16.772411,-3.7541096,37.668797,19.338058,0.7300929
5ca490e1842c4a54737b47f2a7dc03d3,224.5489019241618,10285.868312130728,35.14458042834891,62.977676,27.608126,22.40682,465.43805,-17.623732,15.880669,-2.3920124,31.595455,19.939684,0.77628165
69924e6eb1a52e4e46264791be85518c,343.30993682408183,48817.34452917915,80.62174926289595,84.206,31.04182,45.459732,9554.659,-16.628857,16.013329,-1.4535309,30.572113,20.309021,0.80530834
13b9b1ca95fc28f4787afd0fb733b691,186.94121499731583,9597.859764561086,33.842010536212804,51.791523,20.462921,27.203716,3272.333,-19.028349,15.728253,-2.1432908,33.126133,19.889523,0.77230525
80e3292b98e7afeec5316e4fba60ec05,186.55620624050002,4689.97517097878,35.17521071250298,60.450733,23.662275,11.713295,583.35126,-18.122604,16.188826,-1.7732214,32.824486,19.6562,0.7543213
6a208cd117b72cdd1c5377d8ba2025dc,201.58595838355333,16707.62769488519,58.96100625815258,48.694073,32.485706,67.019875,4942.416,-22.587524,17.443151,-2.9469202,39.371895,21.079653,0.8676175
d46119ce9e2ddf5cafc6cf597967e9a9,201.42322766713372,10033.301356883752,44.69491220022683,54.175575,31.353535,30.543785,1418.9327,-20.615622,16.122238,-2.7185283,36.113068,21.779928,0.92625046
f1651baea9f94bd75d294056e07128cd,202.52941543100857,12999.540670295311,54.11490125367798,57.246105,24.198595,17.599073,542.1714,-18.469501,15.284455,-2.3016064,32.212135,21.903976,0.93680674
9a49c7e74718568c3fcb239abb3ebd73,275.37283268625305,24412.824702946935,52.451383204731506,52.861835,35.25214,36.104813,1836.6937,-22.643835,16.396605,-4.1362185,38.41344,20.834862,0.847547
2837b68e8a21a5a0810c1b0352313271,398.89335756106647,55316.68615135105,64.337819171376,65.678185,31.72266,52.7094,5967.4497,-20.071394,15.154276,-3.1076653,33.93971,20.763138,0.8416052
0aee102a2914ea8df7e7ef909bbe0db9,443.1989501533015,87917.18480642095,82.82952638276441,61.56985,34.221333,58.48464,6554.612,-21.773342,15.745059,-3.2682164,36.51364,20.113747,0.7898291
519183be203835c6b77a2ff65dc56431,326.984408449049,18147.489675349196,50.41133541330244,68.20347,34.49734,38.24394,3244.0928,-19.269276,15.906953,-2.960085,33.29443,20.134512,0.79151165
b9d09581fb36964fd4f2d90daa3e12de,314.9063206354982,25377.217438755928,56.990634259475115,59.390205,35.08257,37.83112,4395.494,-21.497288,16.637617,-3.3061619,36.622566,19.984747,0.77978635
3c6f8a1fbadb4eebef6a524bb799d45a,270.55333646450896,13948.603795967008,37.66623004159987,50.413548,32.45516,44.75037,848.54706,-22.050894,16.641039,-3.4986224,37.668427,20.361408,0.8094803
b40ad26a7e65080043a318443a2df594,175.1845779437463,6769.449639628194,31.06126998809588,47.086452,18.400564,20.567629,766.35535,-18.62212,15.453762,-3.1588874,32.58305,19.571163,0.7477815
41def67ca6dd0d0643111c311ce98d34,212.4945083570068,12030.152029043687,38.783823034512146,60.638603,29.895264,64.7008,7016.538,-17.977701,15.997514,-2.1962092,32.653976,19.789703,0.76463354
40560a18bb7a63b07d5f4aeb2960fb49,208.21646967702273,13754.175595979039,49.70967880497226,55.33337,28.305548,37.68636,3070.294,-18.9811,15.6752405,-1.8038071,32.634693,20.249868,0.80066025
6c25e94a15db33d21aecd7a1ecfaf6ff,250.87313902424694,14511.728106692326,41.99879394377197,57.069416,21.318123,23.732672,1020.2421,-18.776648,15.681024,-2.544373,32.488914,20.067314,0.7862433
d1d589ea69411a3325e17d3f745fb182,212.0094444681538,15243.817619805828,39.93844417204597,53.78208,26.63789,33.9695,2112.3896,-19.96401,16.23768,-2.3208313,34.50528,19.648037,0.75363946
2e95d5fb329de5a161157d072be031b3,165.73850351243087,6090.584051154891,39.14159293147582,67.6932,22.352222,12.835045,454.55737,-17.56,16.724636,-1.1143917,33.445793,19.609919,0.7507346
206925179d78d56ee1803d5d1a631e28,180.6038339089978,4335.708852332856,20.14767646379797,39.199455,24.90184,56.170025,2219.9084,-23.835327,17.569778,-4.5058737,42.91646,19.896095,0.7728354
db0360600e6d7e5102d03b68ba0ad115,101.5759628865437,6481.625709489562,15.650327680721306,4.061622,7.106971,26.005846,715.9281,-40.579132,12.408764,-5.5556107,63.035652,21.308174,0.8864536
15e060a9266906c41cb4df18166d08ff,142.4616059503281,8205.27717964003,21.424662966727826,10.561983,11.191788,14.179979,925.4829,-36.856823,13.904047,-4.8314137,55.567722,19.95778,0.77773637
2b745d83c473a11bdcb0940ea0df7af1,119.83974366033225,5968.279702099896,18.934585765175054,7.7301993,10.948924,17.962494,553.10144,-38.66863,14.214662,-5.1279664,60.608025,20.138218,0.79186237
a9e3e602671404970031513ab4578446,204.49702275747552,16174.180555628136,47.92210298172714,18.317106,21.039326,16.363588,820.0388,-36.405586,15.469966,-5.0618434,57.148556,19.22584,0.72172135
19040ae2bfba56e8ebe1c9e192fcc250,136.7860929801832,20849.604810528337,34.21576723204162,13.734651,15.7446575,50.016396,1991.642,-37.093563,15.404549,-4.3668885,58.33417,19.782112,0.76403564
883f90fc6052d9ce78657f2f087ffc4b,100.63630332855925,12520.299353162998,16.90212220126406,14.117491,10.874178,50.641994,1546.1542,-31.578999,14.698583,-2.7238586,49.961918,19.614895,0.75123155
6d7a363682cc1cb536a92fcf0b841353,131.16825111979742,13205.217279922303,19.48425020901804,15.240027,14.27619,32.08083,997.93695,-33.52334,14.817004,-3.334992,52.47226,19.162968,0.71698475
e5a17f6eed2bc0e9aae998e22771d215,124.00293197407122,9853.559580322873,25.18975522420173,7.7563663,7.7832694,23.566185,1547.4541,-40.313793,14.071495,-5.0197034,62.724255,19.221458,0.7213395
fdb0ebc301b61f47cf4d7b70b9e62bb2,169.17361499997122,9633.535442575945,21.24966279986614,15.74106,24.90522,13.832117,527.90045,-37.27372,13.646726,-5.1513915,56.825592,19.19786,0.719608
5893783bccc7084d7426a91a80de483a,169.2481664709017,16736.182475846977,36.47441034003267,14.585562,16.55794,13.355347,485.86087,-37.53214,14.140795,-4.985616,57.9258,19.186838,0.7187404
952aac418f307ae0c8c3d783530cdd7e,192.39627222157438,14474.946649617275,31.559871202303274,17.209185,13.288833,20.83148,899.15515,-35.102764,14.516071,-3.5155857,54.69907,19.078358,0.71066236
38eadf66e9cb7fe52a23027646c2c763,134.118701773896,8960.825583564194,27.254103286099543,10.045259,9.772148,14.8521595,584.21906,-36.568638,13.239839,-3.5671985,56.50527,19.413906,0.7358701
799688fe5d6db0d1c531e2439b7a19e9,217.4407917161955,12853.222942204147,30.82410928499121,27.282236,20.085846,13.794939,242.02625,-31.54636,15.560003,-2.7517087,48.76541,18.64323,0.67861974
8a6e96c28c7d9519f5fbd4a7fd161d69,191.43587917732535,10408.926790137208,30.591299229769863,22.339539,18.75926,23.958931,3160.4102,-34.82047,15.347058,-3.432499,54.305832,18.589724,0.6747438
2daefa12f8f0d9582f9ed5078658ff21,163.8262209331567,12726.802420113288,27.238469688644255,10.730962,11.31564,20.378927,1069.6464,-38.33601,14.036541,-4.6948876,59.333775,19.115816,0.7134455
720f65fb1e78f9069c965d7bbb57482c,147.71037318559672,11891.376459360517,20.280020423475047,13.545219,11.959362,28.109888,1956.7369,-37.958717,15.336694,-4.0955005,60.210743,19.424479,0.73670495
bcba594fcdf8245443171c3f5d5e0872,112.31393164857023,3481.315448391016,15.904101200425885,12.85758,14.617167,42.832855,2785.12,-34.26047,13.199641,-2.9179628,52.64984,19.431519,0.7372069
3909e25ec9a95319ab2ee00bac17d109,175.1254726120874,13696.525823377358,30.832462996997148,16.906115,13.962695,27.029663,4305.151,-33.692204,15.179769,-3.1111255,52.8894,19.128458,0.71444994
e6aa7e15257f3a9ef1941c4207873672,143.34043254759237,13770.440854474295,18.416840706064484,11.540007,14.003618,17.597073,951.1133,-38.069145,14.425114,-4.1849384,59.42596,19.403786,0.7350855
5848414e58c01b621a021d5de2d2ca89,123.13044393401842,17043.142028015016,31.099499471370493,5.9468913,7.7930746,19.54366,1378.4656,-41.997322,13.561112,-4.997499,65.83239,19.668577,0.755328
6eef0530180a5d33b3b52a8e69acf4fa,149.8946535921458,24051.390960036028,27.68789217047289,10.712278,16.620146,15.585747,796.4405,-39.81476,14.032023,-4.771675,62.071552,19.920355,0.77478975
f68b05a10ffcff684a65559fcaa337bd,183.40014579821147,47254.03772073454,23.449295145687422,7.158423,10.039493,14.849928,380.61093,-42.230564,14.116257,-4.9985385,66.68886,19.8656,0.77054644
7fdafccd6497c6c732ea3ce99d2eab2b,133.45222529150615,9347.298092070649,20.34986450673165,9.225991,11.102197,10.692022,218.30518,-39.8003,13.94894,-4.932684,62.11472,19.647163,0.75366545
1ae0fafbb5be6a2a96c4cb82b0013f0a,138.2695324753502,24121.961993228782,28.496163758023037,11.172465,19.323898,14.5842705,994.3851,-38.977528,13.579034,-4.7740245,60.111862,19.84819,0.7691538
27c9f5cdd0bec9a13363b2da72cc7a05,124.63991162011298,15234.823331627264,29.458804051802634,6.282557,7.701789,13.201809,504.1747,-40.41046,13.727226,-4.8795137,63.420143,20.230726,0.7991459
1b43e9b0fac3341d85e9d647bdb55e78,136.81430467067236,12403.634516366752,20.604308233545154,6.818975,7.5670085,18.025082,1111.0369,-40.729053,14.085638,-5.396203,64.05077,19.971807,0.7787514
77abb5734e217538b6cd2eed2cdf6d96,171.57655394759325,18619.12506680188,40.26366676017628,11.778553,12.536269,7.6508155,382.54492,-38.33132,13.774388,-5.382567,59.06434,19.369194,0.7324974
c1d68b561d54872371c72823995d8c62,159.00358560661266,9094.383862558925,34.57397243156766,13.693375,17.01084,8.419459,459.44382,-36.519676,13.96105,-4.757685,56.459263,19.302309,0.72743237
96de99eebd338d67836bb743e112ac26,122.40657327920572,10834.26134238085,22.096277919522148,6.2553024,6.4866314,10.645847,453.26807,-39.837753,13.2264385,-5.0061083,61.809597,19.83316,0.7680245
92986307e1e2521fcaf4bd346667a1c6,155.61253514380545,10215.760447791881,17.304190612207655,14.765623,18.62674,16.61886,731.8941,-37.835266,14.516271,-4.819271,58.979515,19.444279,0.73826784
74e349fd4d8ed6d8276293bc249f7516,144.81950068167458,6638.13393096937,23.6670003716287,8.841315,7.5389066,22.966427,963.3528,-40.189777,15.087912,-5.3294816,63.773045,18.920444,0.69898427
710845f31a0a2dfbe0dbfc76bb8d1982,166.71827831146277,24760.97981539689,40.7973745799688,9.032168,10.796664,13.817368,468.8509,-39.902203,13.71004,-5.6123896,60.8608,19.253197,0.723785
db861d3c1fb2a5582a8f35991def5ce1,106.76979623338448,9806.095848498035,16.34717978939233,6.036834,12.873982,12.902801,384.62668,-42.573936,13.384741,-5.8631306,66.63565,20.400782,0.8125948
c9ae4edfd740922980a15df34c75aefc,196.85534163908306,9237.672598193929,32.882636229536175,18.803366,18.514906,24.94698,2608.6477,-35.627865,14.624422,-4.50038,55.09598,19.062658,0.7095307
94e1d4fbc4a16ebada1350222bad3329,179.02574311908768,24782.17722852731,28.005213842696648,15.190107,16.775354,16.00692,1368.9457,-37.365673,14.68839,-4.883425,58.07474,19.065096,0.7097071
51c6c3455bf8842b6b2a639df1176d16,170.9799933216777,18697.06760893543,36.78176651136157,18.618479,23.957176,14.01755,606.1049,-33.31748,13.409587,-3.6274118,51.05571,19.411737,0.73574114
054f282034a87790e39ee1fc838c2c25,162.81409681741587,23892.37697062402,43.22001062929647,14.855932,18.0072,16.070293,1576.0874,-34.595272,13.885246,-3.9544437,53.477215,19.237385,0.72256416
c9436c34b1371c8d761d2f32e47f684c,127.6164088726619,13659.385328773422,26.91590850614635,11.187928,16.99101,12.236961,344.60306,-38.19953,13.429697,-4.4762235,59.464893,19.983524,0.7797305
9f403d4343aeef33f70f81d024140c20,194.65448332698435,18799.299302910527,35.308744900819136,21.209225,20.67713,19.210743,1111.558,-34.90757,15.065901,-4.7063007,54.73845,18.89321,0.69691086
7ee1dae4cb1d563a9fe650f4db9f97bf,143.7259853554843,13593.662456209337,22.859354868183825,11.784166,15.859789,34.26808,4939.079,-38.518986,14.683529,-5.592539,60.92528,19.794638,0.7650804
442d0d429d37d5caf48fa7f5e5fc0ae5,114.32989179749588,6790.781562747035,16.584337044960023,6.5132666,8.369393,15.250784,457.68634,-42.443844,14.171088,-5.7937756,66.68482,19.766132,0.76284933
bb1068642c0fbda46ce9173943d12143,124.28114472945298,9562.324917529597,21.246185433621886,5.9801126,7.7620597,15.337744,444.13092,-41.457954,13.055863,-5.3061237,64.57951,19.972597,0.7788695
80330676c9d9ec746103f69000f2d147,139.11421320919297,13987.197999102811,35.160434655907096,8.171003,8.56606,10.683277,409.27448,-39.72536,13.449837,-5.184803,61.291008,19.223108,0.7215085
c0531b2807d98dca7815e9b30b882f81,121.43149939518064,11891.290712022233,27.45209703060408,5.90516,6.2978873,19.70254,1910.3473,-41.292877,13.528644,-5.3446255,63.949673,19.601997,0.75021017
c174d67eb45fb1e1e7064027233d70bd,85.51447666223756,1559.261049231119,5.948209182630159,3.850661,3.9665055,18.299545,627.7455,-42.236744,13.579244,-4.9059978,66.899796,20.956331,0.8573985
b73bb3ab321375a57051080ac8f8d06c,136.21363150485075,9772.82156210183,17.48473129224741,14.5815935,19.770533,22.907837,581.5561,-37.150997,15.183585,-4.0671906,58.88211,19.981674,0.7796191
4be6a14824a31aa857e88b8d8e1e6b0a,181.0827790305772,11801.59123902698,26.715716485054752,20.956982,20.325594,17.791193,534.3042,-34.873688,16.017107,-4.240063,55.441574,18.883543,0.6962432
f12cada852a1dcfe9db63402bd2cffa9,142.26988821172986,16889.016722133358,28.63435038839492,8.242966,7.909525,17.136393,375.87088,-40.75233,14.133918,-5.6688285,63.798904,19.507696,0.74299407
787d0d61779caecbf520db51bb7b6763,219.81539947715595,21431.315810737367,44.01219271100448,22.626736,21.430399,14.059078,593.8663,-35.449963,16.321932,-5.4422264,56.09782,19.254015,0.7238245
1ebe3fea2b85b9728c1d2d62afabcf62,194.6368054120419,10675.1118313564,25.366730642364324,15.804231,19.105204,26.507875,3004.6912,-36.450676,14.649521,-5.5032525,55.89404,19.403316,0.73511183
0de1bfde51818a2dc16127d07bc713a1,188.5230144865978,16223.140238847905,31.472905699314076,15.048521,16.351883,12.835537,386.9078,-38.582207,15.0035305,-5.867925,60.50001,18.809326,0.6907157
905e5ffe9fde96d9b38b52c21f719732,121.71712935234383,5885.908844095274,17.308027731887666,6.553638,8.293628,8.884279,189.83006,-42.934242,14.122892,-5.8055725,67.54155,19.340668,0.7303389
d892368bed74f929d0e0bde94471e16c,123.95939845089381,5099.234899425473,12.19387599717321,10.887454,15.67726,45.13856,1917.599,-37.57071,14.408196,-4.1853065,59.449936,19.410069,0.7356125
3d3b261495b9eb05f19d6bab4a66dc2d,138.8537088900305,12907.648616780269,23.724063007458636,14.216335,17.863388,21.117466,602.7729,-33.671917,13.61537,-3.2945929,51.534782,19.114908,0.7133561
f69f985b14b823a5cb296ae182831523,108.01768075078989,3367.7748582744553,12.649309310167363,9.329873,8.791798,30.718641,1201.9501,-36.340595,14.046954,-3.3076918,56.72688,19.40588,0.735216
700f12f9f1cb9fc78030bf77d7eca903,149.0555039579292,18484.289091015486,32.12884085692158,8.811663,10.73626,27.25865,2006.1725,-38.3812,14.040636,-4.2847524,60.001183,19.576712,0.7483225
e1448ce0eeadf1f99fe80d47498588f9,175.72973107884133,15281.912392114726,22.3673983091025,7.4610095,9.041105,14.949489,413.30753,-41.778763,14.453289,-6.316659,65.269104,19.17144,0.71765256
4aca728958904e535ff7db8a39e75308,164.80966842327408,8678.018372871535,26.130049773965126,8.893503,7.58856,21.67072,944.2729,-41.16193,15.228204,-5.9106708,64.57422,18.991034,0.7042152
aff1eabb2e6b0aabc2fd2e09607b62b2,161.37055346642688,9690.281120304477,26.910334157177402,7.0793185,5.773425,22.348627,924.98804,-40.452477,14.080993,-5.3508334,63.129665,18.959692,0.7018584
3833516379241791a95dad47b8101871,109.90518137305719,6139.050605911784,18.528371251337287,4.366736,3.905584,14.654422,373.52997,-41.631157,12.698642,-4.734905,65.03323,19.933271,0.77575177
a8ed1a1e3704f8437cc483c3862d7625,139.8623709001162,22676.448891779462,24.651217961760267,4.662181,8.47741,31.452429,577.2081,-40.48395,12.386603,-5.04099,62.839912,21.422619,0.89610076
ae0bdb46c92210b2f6fd534738b460d3,285.1847929516691,33700.86510643052,29.63282607748155,14.849128,17.108456,93.111305,4400.139,-37.1459,15.249994,-5.7222533,58.403965,20.024374,0.7829236
05aba74cc5b399741049102ecd46c3a9,278.10617697431195,23112.34720849283,37.97423706517654,11.873323,14.047538,98.57203,1822.9109,-37.04219,15.215369,-5.8742237,60.26099,20.296093,0.8042559
c0320a6dd978a2bcd9c6e1cc2ea9c65c,301.9145089298375,51711.172632728834,40.59487489260606,18.380268,28.719353,133.85661,6206.4897,-34.45235,14.833625,-5.062034,55.52142,21.17339,0.87528425
d38a52416fca97c9ff34f381c4c4c2cf,484.14724346616214,61858.148058033716,51.0919228609771,53.842022,44.78108,234.51152,8048.8447,-30.492792,15.722658,-5.5395737,49.906975,20.911388,0.8537822
dde41341f3ada4732b2bdeaa955b9efb,534.5289712333661,54326.57210402488,41.50862517658459,53.269794,39.673275,210.26723,6936.8975,-30.346912,15.65021,-4.6640577,49.682404,21.286713,0.88458604
681c9c42ae45f8d200a94c6444067af9,413.4384417122273,62955.94265546028,38.88432697332309,39.935665,38.48711,162.57918,4735.549,-33.45078,15.459884,-5.7709928,54.229023,21.425655,0.8962984
0a5539cea499b74ddf653d68f9c664a9,429.12697604609696,8890.62019421752,9.820421172649102,29.926674,19.98262,277.3385,16988.12,-29.737568,15.813393,-6.7804894,50.67887,20.61761,0.8299209
f3a0f4cfb1c50b0e83e4c8f0742ef01a,240.94268231018748,18943.459974304293,41.15330556127345,8.64392,5.8781548,89.127625,2795.4766,-34.2985,13.471267,-6.870833,54.95477,21.580645,0.9093833
465ceabd23dc748aef777877654c5a13,215.05722687040983,15225.017475633927,42.82072445785624,18.358889,11.540636,108.58627,7403.957,-30.778784,15.115357,-6.10983,50.208824,19.802927,0.76570284
161180f2c915c05ac76dd50d3e8a976a,389.169276035961,42802.52014344749,19.498221578915402,54.50638,43.20984,179.03523,4693.019,-27.832832,15.750132,-4.6220245,45.878506,20.883947,0.85157657
2fbe308206327bd99f340a028c481ec7,408.79916968308913,38882.86582792509,35.635053706773775,52.982647,46.667583,122.455864,14115.288,-29.099894,14.985482,-5.320594,46.305626,20.84284,0.8481824
ba3c80401dc3b87d94038c974af6c5a8,470.2679621939603,64870.04557525118,29.101084763199115,36.90931,26.350918,205.59482,10547.006,-28.19509,15.025385,-6.228217,46.36555,20.542805,0.82392025
898b6aadea9d687e1f496a7e8c337cf2,383.44702126628226,78349.11387997723,88.30077494572187,13.365009,7.9110055,14.294442,811.77057,-31.156422,15.381727,-5.985958,50.120724,20.533504,0.82324815
eda205ee68d2bcf1f8736a5d7725e5f4,341.27829622127524,37185.9130094193,48.30538747988373,16.026163,13.749836,17.09836,969.3803,-34.014954,14.408271,-6.1504583,51.445312,19.710133,0.75853825
772e7aff2c1c7ccc5d5052fb86acba71,86.70378541022197,3148.840623625162,19.034042592093318,2.1138933,2.0024595,10.264613,348.1106,-40.783848,10.274214,-5.869623,62.297607,21.593868,0.91034603
c0b5c885fa3919d39a226d9a1213db0b,203.5600251826711,98237.43537518823,20.7737047494758,0.781833,0.8878856,6.7199945,176.48643,-56.57664,16.468058,-10.611491,93.414856,21.628868,0.91340804
d972d537900bbc14cd8862cab7bff757,365.762960104094,40655.47897209148,32.83086948294418,30.140547,41.70324,118.01741,4107.991,-35.849663,15.16697,-6.381887,57.322163,21.268578,0.8832221
90eb41a16cf32c8fd515116e2a1e9ad1,491.34773553008216,54846.72337463672,62.82358963528653,47.8361,43.22164,165.80252,6733.8247,-30.676352,14.785293,-6.3898215,49.023605,21.022882,0.86287963
499f1ea5cba378f998dbc3759b442763,485.97211433983836,26066.240923535686,42.863710929430184,52.66524,40.446014,121.50997,6359.5703,-30.385172,15.031995,-6.297026,48.474243,20.623491,0.83042544
08b43b1a81330aa518de3206bc4d90a6,505.245922421919,31908.478623445262,28.73721925938388,39.57586,29.284678,273.71506,12397.572,-29.397043,15.190577,-5.9204454,48.050926,20.705309,0.83701146
def764e47e4a8e441f3b663dab5c6b01,307.3472095061204,14407.8588622897,23.073463854812864,17.425428,12.419903,210.79578,10582.159,-31.703527,14.576505,-6.298073,51.58358,21.081852,0.86780554
10e7e839a830a849a33fc8bc17986df6,283.46975190573653,11312.643622038655,33.33251608953231,16.142189,10.809692,55.969933,2514.2244,-32.74872,14.276696,-6.520919,51.968544,19.756233,0.76204926
a9995beb5b8ea5053372880013a6a85a,426.39636881138046,17971.186617876898,15.9768612206312,50.41551,40.847694,271.70224,13799.383,-30.890066,15.477706,-6.7461314,50.151546,20.798052,0.844559
be11d651f7ef1426b86cd0910cc8bccf,447.0958239558975,27264.211272141132,39.32913049010885,52.685555,43.682465,60.40201,3610.8538,-30.71175,15.455366,-7.251317,49.199745,20.369781,0.8100854
ef235fc35a6855b425ce4d5e96d429e1,269.02749992847424,18544.034580892378,36.26896630317472,8.723506,6.342558,132.60094,2418.8687,-33.297882,13.931691,-8.573114,54.9892,21.035511,0.8639101
51f9a9e8e1c39144e3a18a981f7f924c,354.57612869575786,24820.035096586827,32.40428708702848,39.377888,37.278866,105.38706,3480.3052,-31.750175,15.706244,-7.6855764,51.934917,20.096306,0.78847355
795eeb4e8a8f1307cf9269cbe04930e7,286.8965330556215,24745.33448987726,35.656362845745676,12.669557,15.025414,158.39276,10532.313,-37.358063,16.09812,-6.8584485,61.54854,21.55104,0.90687096
41f33c037799c3779ca30facc928b163,246.47460848295884,16674.718238931422,37.696788562294074,23.462862,21.73024,111.6717,5126.9355,-33.98923,17.19201,-6.360012,57.037148,20.22579,0.79877126
a348093eb5dc55821d7cae4f68ba2a0f,300.9319744728581,43442.679009287815,58.01348515510794,36.356174,33.65726,136.8009,11058.7295,-30.962868,17.134567,-6.126207,52.1081,20.407888,0.81316817
32b3a49ac671ec115bf349de5fe73e00,400.0636483492886,21580.953733933824,30.04615625111984,42.095264,32.2739,158.4133,3186.6863,-29.733488,16.554794,-7.142555,49.873447,20.11111,0.78963953
b8525f33605552abea1bea31082b201c,214.0292520009031,16739.80108629924,36.311180430207976,21.523186,16.661531,269.2271,19854.572,-31.488993,16.982794,-6.3242407,53.490257,20.799667,0.844725
f3c1132215c75549917e3980bb8ec184,291.40767179797047,17496.64872066926,39.31279436793538,35.348946,29.880058,120.31393,9458.905,-29.648186,16.344625,-5.4217668,49.123272,20.398237,0.8124209
be2c68b076205358a04452b32b925388,451.83860258949966,25378.440055618183,26.241897832506236,77.726036,41.0593,297.32004,12895.4,-23.960058,17.006905,-4.143503,41.869907,22.221045,0.96401817
aa2160d99b5730277d57effe6eb737f8,272.24965892902236,25350.474317024593,53.83227377242156,22.256857,25.234396,182.6536,16141.415,-33.815353,16.011786,-5.797893,55.864483,21.24875,0.881555
ed1e03cb36c4e03cd6dc9dcc48a817ee,398.09649697181067,32721.258646936574,42.22635626982232,34.338043,31.579258,143.48805,3372.7341,-31.726103,16.133268,-6.279468,52.45718,20.221842,0.7983407
6118bb004417d8869fe42002fd2ed3f1,467.9594490279653,23861.68613086656,25.540216641132254,56.836807,39.64572,207.69714,14921.026,-28.565094,16.114702,-5.851767,47.328835,19.915396,0.77436894
0321199a9a0d40072d800c0fb717f6e4,304.8633415222312,37536.92283248364,56.79956132132571,47.861946,33.90459,85.579544,2948.0774,-27.437994,16.880611,-4.9595222,46.29678,20.012114,0.7819098
46c0c58586e05aa0bff09a768bcd18a4,486.60452591629297,34153.98782598405,27.82414479160275,51.528557,33.401127,142.10721,4694.253,-27.75356,15.7080765,-5.7523127,45.678555,20.183067,0.7953315
5b17041ac6b59a1c93490130df36752d,367.37326729310087,29153.5216729956,49.714353951513154,40.881554,34.343204,82.66073,8307.722,-28.631775,15.668737,-5.2131906,46.483307,19.603544,0.75032675
779c576577a46e249547469326fd6934,361.3576614434934,39798.546057350526,63.0071780238586,37.987316,31.51561,36.680527,1289.2936,-28.42286,15.048153,-5.9898496,45.427677,19.192188,0.71916634
adfa6e94202a144f0ea91e9cab99ab61,302.75840949550275,27783.88414104046,37.333353006601335,38.29859,39.816998,116.78957,3076.779,-30.013802,16.18966,-5.213822,49.31711,20.465933,0.81781507
cccffbab81bf4be95924fd0aede7a090,310.84879495732497,19039.210375561262,38.0347397300357,27.711885,23.895466,164.91891,4532.88,-31.075531,16.210676,-6.858736,52.19994,20.530396,0.82295656
f33bd1534714bb23dcc6f2336bf31fd0,243.32604152805456,11204.266571019327,34.33460209219895,33.37356,21.675737,81.78935,1803.2577,-29.32353,16.731182,-5.528532,49.30327,19.969877,0.7786619
39d794d43d49e28245826a781de8067e,379.8743385365395,34120.69454854758,51.097748919314185,73.48693,37.40955,183.96938,7761.3433,-23.851084,17.193989,-3.3131804,41.318485,20.948414,0.85677505
11df6fe1bc03ac1f24afb102b2d6b9df,292.2426187940829,28322.411195298126,40.484382598836866,30.966202,29.391962,227.94678,23264.803,-31.339258,16.719164,-5.5568748,52.39549,21.201967,0.87767756
db951498a36f3a89c7176c5c03574af7,396.70601203409586,30614.528985917867,31.795120909165945,34.45697,25.038977,204.59816,8606.089,-29.304588,16.123041,-5.302203,48.949318,20.48,0.81892115
b2753d6d8310b87840e2cf4e468e7d1a,452.98790617472696,33614.10598329835,27.579538931403548,61.201378,43.343395,212.0022,12252.609,-26.746504,15.516394,-5.4264336,43.639637,20.143942,0.792277
f474503d7e715d345d6fa68e1bab76b2,370.7997941286563,32878.47826097103,45.24238414750923,47.468113,32.27186,78.68222,4117.81,-26.76393,15.531929,-5.4401,43.376286,19.470078,0.74012625
78ea64ac058444f6afb98cd63f6be943,278.5781325247428,29281.58393082094,43.8674237880279,30.219463,22.188196,106.477135,9062.718,-29.86512,16.113018,-5.9848166,49.277264,19.938536,0.7762106
2a8b7a0f8e24b7dd1c32d4b3ad7225bb,371.3898958038441,40157.32528427851,61.01330520718693,40.41305,29.697071,172.09221,9558.647,-28.241974,16.355946,-5.537744,46.999775,20.4622,0.8175004
88e5a4d1661bab670a1e45bc38ff0df8,221.92423390440828,15083.697377584014,33.742623357447606,29.280775,18.595451,168.57547,7577.8115,-28.76616,16.302351,-5.1071787,48.35793,20.580065,0.8269664
95f0e9be569bffc24493875e90b3a560,299.69015982859855,22213.185705284726,43.67174578830293,50.713547,31.904312,116.52131,8130.906,-26.42413,16.984602,-4.3058543,44.528393,20.021551,0.78267825
67ce4360bb58599c226819858a033add,324.1242335127546,36024.99945193492,46.744731338596836,47.71011,39.238316,202.62383,11241.475,-28.853865,17.787365,-4.3162303,49.60439,21.547682,0.9065791
d406acc2da5a9f9b7ac62970dc112653,254.75861764220002,22031.369262039832,54.6231493729396,27.66461,22.527605,158.10257,4563.768,-31.650387,16.746775,-4.70108,52.81566,21.646042,0.91485846
b23386e2ceb0d279287242f0641208ac,370.5653585331756,28084.885514535177,39.0227886410635,38.964146,28.683174,191.59554,16875.785,-28.545101,16.112625,-5.2250376,47.499683,19.945692,0.77671015
e574e914eec411d69195f6502e773e99,495.2144059263346,18770.135597033543,29.232194986898058,50.945168,27.414913,178.6421,6571.097,-26.85837,15.699792,-4.8312945,44.570107,20.303118,0.80478626
2235d817c6b0329f8d86b0234e3befd1,354.3486615413835,44783.39961278482,75.64101280002174,56.362843,32.330746,39.737984,1244.6307,-24.066969,16.050037,-2.7196276,39.546276,19.650877,0.7539365
0814337fd491ebe9ca752eea24231b87,447.498352598925,38197.4319542698,27.462741204881613,51.61584,33.00378,95.33166,2882.4546,-26.224276,15.380903,-4.2307663,42.706726,20.838217,0.8478434
c85bed4006cdb3d710735ccc6a5fd660,386.54188210837145,41300.02984559231,62.54731913189837,46.07679,33.466255,57.1879,4984.894,-27.439293,15.836318,-4.7579174,44.64902,19.389568,0.734029
1c53c0e65da7a153dfc9098bbb396df2,246.56650894894693,19668.820638154102,42.57324821985698,26.920849,18.268026,115.12565,8176.453,-30.30084,16.149632,-4.9195094,50.147053,20.306185,0.80512106
69478eec0845695dc1b34c050601f185,372.06450992677026,31604.394800241167,40.30481078685257,44.404602,42.08784,202.13443,9459.777,-27.79739,16.025244,-5.6732526,46.151333,20.313679,0.80565214
4766b54455e45f5adcf880e6e6ee8e09,223.34126025701156,13798.269894306908,47.00877433617194,22.635187,15.967562,138.80789,4401.311,-31.771095,16.095907,-5.877307,52.612217,20.569494,0.82615495
01b91ef801dc9cdb1863bb898bcda439,311.285948352581,26941.845181355326,33.40234057495151,48.49169,34.814777,105.85597,2383.6458,-26.460833,16.834126,-3.9657714,44.800636,20.152905,0.79298794
a7d911791a91f83e9ffb4be5bef68cbd,315.6822419747063,34380.532728803,36.08948420282996,39.225246,36.021473,194.33398,8777.111,-28.95791,16.850044,-4.5636373,48.959347,21.686392,0.91829354
57cc21f07f22f5e87b8a2689f8c62a95,250.4966955122744,21392.98427932872,49.31954760585319,25.939474,26.405134,149.19206,13137.192,-32.292545,16.106228,-5.273256,53.19041,21.384886,0.89292693
b3506aeb31f4ae0985b2e5e002649001,425.24147629394616,32802.68164005547,32.59922299528024,51.409416,39.258865,147.17586,11514.16,-27.96554,15.696117,-5.242057,45.21032,20.260136,0.8014202
633cc21db03e285ec196a562f0ec1358,401.33012809717025,27855.82487078086,47.713213497280016,53.217052,32.47667,125.49818,5722.0977,-25.266493,15.722089,-4.329554,41.413555,19.703789,0.7579908
1fa31df15a7866427b553b19811e4c9a,514.658657377397,37432.171503354846,17.665614514184277,60.391926,31.732994,144.81204,10106.309,-25.777664,15.767262,-5.160302,42.451775,20.528526,0.8227286
3a7c37333c7d4107d3c2c8bfb4b80e0f,424.16178471104115,20805.937445393854,34.439400621593705,49.95142,35.40641,83.114395,3819.323,-26.849546,15.40665,-5.488931,43.442135,19.52379,0.7442137
8edd8c80e62914e8303639eaa5a496ed,333.6146607957638,25192.48447115942,50.34361453889767,34.982716,24.30869,62.054394,3958.233,-29.332624,15.43109,-6.528094,47.3168,19.383434,0.7335855
535197308c736d64492d0782535d58ed,295.6126257245922,23684.05728758137,50.679783589768306,28.309357,21.211847,149.53394,6517.0996,-30.3649,15.910291,-5.7570863,50.193096,20.352184,0.80875826
4e2778d834e06fe91982ec2af447111b,317.71050975058796,38857.03480972158,49.06782250761374,50.711517,48.259525,181.90958,8374.06,-28.349762,16.064243,-5.2503886,46.677544,20.735567,0.8394803
4913989d59b3c7395b54ae3be2747a4d,297.36714422888434,21634.068828732263,38.82030576684078,33.48406,23.772665,163.52095,8308.087,-29.110415,16.589085,-6.23666,49.192287,20.52301,0.822387
f5418e45e54ff85da11e0977957747b7,263.9686286199473,19559.59906244236,59.67407743568305,40.853287,27.435007,108.240036,4573.8125,-28.078297,16.606314,-4.881108,46.80811,19.855988,0.76979375
8a6132acb4ed308e9e85b53906058a7e,446.5460846056517,30879.092998403365,42.41463220106732,66.38071,40.77186,64.08724,2118.158,-25.57614,15.855468,-5.271644,41.734634,20.11875,0.7902464
35182fac6d84cd49d8d9270a7e821731,355.2751730479285,26259.164996851057,54.94529526684355,43.904743,32.19843,84.12958,9075.16,-28.537521,15.643123,-6.5966463,46.48209,19.90829,0.77386075
6ae387e71c3bc0aa2632156b140db0c3,288.48927432385534,25568.59402617372,44.19166840727213,32.100273,22.917044,260.5628,14743.204,-29.979876,16.080975,-5.8118496,49.89485,20.761984,0.84171075
f864cae91cb3a439d93fac728bcbbc9c,349.6937867890281,26889.857189383776,46.41951029435083,46.83709,41.110985,237.4328,28968.062,-27.012905,16.052305,-7.0572343,45.19274,20.25178,0.800743
81e5094e5cfa69b7702278ddc847c00b,216.58071486154586,19566.545742324943,34.53615400086664,21.50408,17.124573,191.16792,6458.6533,-30.083082,15.796586,-6.206789,50.547436,21.282871,0.8844341
fda7ada9eb42614ec02b3658fb9dc187,262.5069420326767,22298.047446195353,60.513844238661825,36.691936,21.906221,122.74428,4184.598,-27.851524,16.551764,-4.9890285,46.689564,20.65537,0.83301556
0a22ac2349585e11addeabc3f3b6df26,434.54793830163703,27270.326286721385,42.14579091711564,92.521225,43.31266,217.39357,8112.1924,-20.630693,16.256294,-3.6041627,35.94551,21.593235,0.9103032
0c3ac90227ad9ef942e50cb1d4748efd,76.6682542353479,338.93389394470483,2.0095940599505115,1.4931108,0.5085179,53.671124,3605.0476,-43.71692,11.158808,-5.9042077,68.32982,21.759869,0.9244566
14fe8acee880b26e135b11d93b774246,92.03108147357,81.58126809216103,3.516444197271981,1.9014224,0.53925437,39.1367,1999.8181,-41.115734,11.051927,-5.583479,63.384815,21.629433,0.9134438
bd4a0e2e3d98b99d802cbf8c3f65eba5,75.3254602245801,438.26631109934385,8.772857573646965,1.6136103,0.33199692,15.034111,412.07446,-43.576946,10.872277,-6.037676,67.44773,21.668314,0.91673636
14d502b6b933914762f88c1b060c9883,75.57224208873954,660.5771005419838,11.273888194192986,1.6930637,0.51037014,28.036772,700.33496,-40.9054,11.310147,-5.9733047,63.33828,21.378736,0.8923828
70200886930ebf8c84a9922769ceeffd,72.52695878851978,634.4171575196877,5.503836400990164,2.6002605,0.53324324,48.909595,3561.071,-34.39369,10.247981,-4.943847,51.896717,21.86861,0.9337316
85146d3b2b300f702c5dcc268cf6392f,91.62360099154313,4262.340108976769,9.089887329643023,3.6401343,8.463448,32.20845,1694.3121,-45.15153,12.8507595,-6.218047,70.54231,21.67487,0.9172994
3f11e214609ba4cd1aa09c06a9629e47,126.08299946027637,29721.894445220638,19.217784674571906,2.885473,5.4497976,8.284054,273.33823,-43.824352,12.602437,-6.8879895,68.61851,21.435133,0.8970139
99427042ed76b9abdca55b2dc3477f8e,130.86830638067272,9780.548331947342,13.788539364490179,16.765848,26.269989,13.9766,388.92352,-37.969833,14.660573,-5.9472103,59.834026,20.46738,0.8179676
f4edbae2372343afbaf9c738db3a4b2c,241.9166281257674,10300.472060169857,27.27636425479119,37.520966,29.833492,24.464415,1392.6825,-29.926115,15.159809,-5.255545,46.21467,19.104053,0.71258014
34f4a955e3441341cb2b601b6171e6cf,214.83301997198757,56943.986839172154,54.6687255111955,17.073608,22.336601,8.079633,349.66806,-36.56499,14.148256,-5.7939095,55.54442,19.904446,0.77357703
451d5f8bde2a5007bc2c1687f5037eca,71.61662673573954,2455.3844452283433,9.655975580622984,1.9851383,2.812978,12.632137,484.26984,-43.24078,10.609203,-6.452641,66.26466,21.67206,0.9169814
611f291215f038b9791f643b55ddd431,544.4194148269186,134711.23897758214,53.25247491614607,13.910789,21.145681,6.5791593,186.32408,-44.385597,18.924969,-13.609541,71.17905,20.308708,0.8053367
7278ff6c8bdd0f0ab9741c257a4b9a26,261.8578556760755,36324.411667031025,58.39584539501613,19.203203,18.005426,16.92605,761.45135,-34.029316,16.14576,-12.895932,53.607067,18.809072,0.69075346
2509594a4c73d8b77db58b56277cea6d,236.1831877515934,38632.170734411186,67.72030824066977,10.809203,15.208804,55.880043,2315.752,-34.50687,12.721809,-13.167687,53.98013,19.919638,0.7746909
6e3ff8087853ff0de4ff2df0a6dc6ff0,282.2883823384372,42540.223852105206,61.73700387147386,16.289524,16.333652,17.932976,743.631,-34.03334,15.341899,-13.081163,53.518448,19.277523,0.72555137
bbc244c55bce9c4a06f74c650b98a155,321.54972333485875,59315.32859706197,104.20359175903629,19.08269,23.929916,12.589781,648.22314,-35.039375,16.859642,-13.243141,56.70136,19.704056,0.7580024
f3a7dfe90797df0f94371c93d74f3646,267.5505434040794,29152.914818154593,85.97478630368201,16.421587,16.372221,11.888834,323.82617,-35.868183,16.181374,-13.427239,56.62195,19.38471,0.73363745
aae41bec5b5b7fb9ceb0b807c0e24786,263.96431388690127,30734.320357799275,69.1358051836164,15.883708,16.287685,14.397995,537.53076,-36.26166,15.695434,-13.045579,56.51066,19.200607,0.719759
3c475031f6bcb4a8ac10a67f57963f9c,319.1055192771476,56244.74176043671,96.09506473428199,16.984173,16.753342,11.802222,494.9168,-36.139168,16.095583,-13.205957,56.667103,18.921257,0.69906175
e1d0893fdc0f6a1b525ed6e150e82334,370.0229628410612,81980.83557524397,85.7414649211563,20.845201,19.148214,10.036693,574.8212,-33.67787,16.0978,-12.866386,53.074303,19.132414,0.7147421
657889f0a86b26e2c81fe60e81cffa5a,293.6995894652038,48189.75660784619,115.78395255377495,19.137999,17.51067,11.9319515,1454.227,-33.167725,15.805373,-12.782163,51.817062,19.045322,0.7081467
2b1530b46358984b1e639446bdcfc401,280.7478521580371,37066.686380411935,89.58819753759727,8.891717,14.342962,11.194151,867.59296,-42.56594,14.49447,-14.594201,66.60328,19.860502,0.7701378
b04c0a3211e8e150d91e56374994aec8,308.07095991482174,53685.65200825638,86.2949783681882,21.476814,20.958944,13.565479,957.6231,-32.225746,15.692362,-12.460833,50.58024,18.921747,0.69907105
931dc3d99dd76fcaff95491bc1b8ced5,323.6015989365819,49310.46984078381,95.58398319733035,18.728502,20.4348,10.329911,489.3945,-35.327816,15.641623,-12.995467,54.756935,19.15371,0.7163079
b2aeabbe73556b7a60161631cd1fd3ad,333.8279207460744,56957.95587137499,81.21796188411693,16.409393,16.985617,7.0518346,218.76213,-35.887867,15.170664,-13.091623,55.51932,18.981544,0.70352185
fe38e1d043ecf99bb17632d17b7dc76a,240.48331984799884,14274.458614076217,57.768617991954,13.227439,11.798222,15.7674265,1209.6318,-36.303844,14.835627,-13.815934,56.28162,19.101213,0.7124022
e12b82deec96032fb277a5b102209c4c,286.2641082364524,61797.55258612801,116.85516069500575,13.754663,14.775635,8.827077,310.9038,-36.672592,14.838218,-13.729741,56.123253,19.182102,0.7184476
7f669501a75bd3bd159af91f7a514278,324.0742934202407,66033.34177210381,107.14429232026262,9.387507,13.931496,7.510757,444.5897,-42.010353,15.250592,-14.08983,65.9515,20.071695,0.786611
643e0a7387b1bdb15fdbc05281005c32,285.5956594087851,36667.67556971801,58.0166730659508,15.645633,14.486113,11.834959,425.10974,-34.48808,15.249122,-12.85315,53.728275,18.951384,0.70124614
a22186bff90685e6e239fbc78ac4f50e,314.6801749107705,53027.23850884807,111.42786713123104,7.4421973,10.687748,6.8610187,256.728,-43.29469,14.931181,-15.1303215,67.58226,19.608196,0.7507199
24a3f598e4cd141101281b10462673e2,316.40823130678433,55723.74891770332,116.65840549405327,7.6408334,10.567175,7.5139017,808.06445,-43.19479,14.767742,-15.247207,67.611946,19.740007,0.7608017
dfd2a91827fad1f8a7633116e13da158,257.885590516337,26206.04851518165,60.016110032115044,11.88208,12.426386,16.25023,516.15686,-38.45675,15.604959,-13.366366,60.3539,19.165773,0.7171838
6e9c6dd336610d21d31e7f1c7166535c,264.3981739396771,40613.94170921606,65.3022409949419,10.920051,14.149608,17.370481,598.0979,-38.921604,14.661956,-13.814245,60.970287,19.745811,0.7612442
f97fe4cbdca01619304cea2f14175d35,348.299428838583,68136.97996239616,100.0071202907651,10.40596,11.337791,8.875921,419.09424,-39.48834,14.343125,-13.682431,60.793514,19.202345,0.7199229
7af57af844b6e1c20ca916e0e7115b6a,271.55921751184223,30009.774574523275,65.50941702187093,13.669484,13.613155,14.487281,481.54062,-37.295662,14.554215,-13.233952,57.522015,19.095016,0.71192867
36667ce9f42424ec967967d3e45e76c1,265.3134123593069,38479.99617856129,66.48299030859864,16.027235,16.34849,15.391612,841.6841,-35.677372,14.957969,-12.702593,55.176712,19.037823,0.7076545
e71cd4016706ff7d13003058d28afcf3,311.77592929384144,61348.10295853726,103.63609091007004,16.036074,16.087307,11.473509,298.3769,-34.787685,14.797525,-13.151845,53.28372,19.458817,0.73925966
f6bd9dd6ceb5a7c151968901a5579fde,253.67455016945513,53239.03900925365,87.90636945165599,7.769957,12.192045,35.29245,1151.4531,-39.579727,15.056044,-14.010552,62.743225,20.17172,0.7944316
4d0868adf1cf36c2aa6abb7713bbd20b,136.253984928015,9983.209683685593,14.94863952344729,13.460198,26.510765,77.12571,2597.1924,-31.586288,15.36359,-11.966109,53.320854,21.37172,0.8918039
06cebc49588d9178238f57b8ba2aa6d5,293.4926336219228,27302.664062640917,22.707276062844485,58.308098,56.588455,78.57326,2180.5518,-25.284931,18.11393,-11.721971,46.459663,20.53797,0.82355356
6c8a21599e29ebf97b06cdbf3e9c7cc2,263.69218966443384,18347.148955802386,22.148161968870543,36.08919,36.20973,62.659405,2634.806,-21.961603,14.235301,-11.167401,37.642414,20.480818,0.81893677
de418adb4d219f55a6cc2a13960ef4a5,285.8487279250744,20008.58485755072,27.805442246347013,41.40415,35.20959,52.95915,3192.9846,-21.979027,13.761629,-11.374187,36.8441,20.089125,0.7879077
6bdec3e78cb203aae97d96b745142a86,152.55516083730714,11122.920030599258,30.6837810361659,16.479105,17.49239,44.604897,1270.9064,-27.820017,15.735317,-12.089034,47.416138,21.024616,0.8630971
803f7e62c2b082a96ec3f7fd65af4bdc,194.4295310924392,18257.90817156694,39.66744369342505,36.391212,38.53962,66.49245,3975.9878,-19.671728,12.070896,-10.32791,32.687347,21.574963,0.90886754
458a90227dff49767663c12ec2d646bd,290.9524280928865,26043.980481858493,40.113382221153465,61.028606,46.31935,87.49179,9183.381,-16.576468,12.558446,-10.205335,28.560995,20.291767,0.80395186
a8c6526322392743731a5c14e0e9a997,213.66874593804508,24056.17679866896,48.11658835256732,46.59655,35.67774,51.57627,2016.3248,-17.481903,11.924259,-10.218172,29.293,20.289284,0.803772
c750706154f9e21d52db1a6600fd342e,224.66110412869992,13375.251026103333,33.57827629394098,38.799225,28.183393,64.403244,9402.134,-17.840843,11.789512,-10.216457,29.172228,20.179747,0.7950225
560e492d46e6667d07bfd5b0e717bf7e,172.879617684265,10158.584321592465,22.863101540516116,16.197037,10.972707,58.20337,1826.2122,-23.018206,10.711126,-11.54678,37.04509,21.703545,0.9197597
9eafab0757b59b62d36f3a4eb71e9726,327.1416535316193,19633.886311291495,24.743817453775755,54.80795,37.786224,84.81138,1894.985,-16.632277,13.053476,-10.794428,29.137356,20.663755,0.833629
a339f620f4867e7ed059e64a25375400,342.90562683027616,27762.86939007584,42.52749611410205,81.90877,54.461987,70.998566,3794.4038,-15.220785,12.8076105,-10.072109,26.772371,20.444944,0.81609464
4a438fa5b3db54b4bffc3373e66f0f71,314.797869549845,25222.282624819658,60.64689239219093,75.12982,41.05957,39.939743,2104.1235,-13.102962,12.184656,-9.448593,23.377438,20.304272,0.8048842
3bab39422bbeea628aec2df1548ef433,206.70300805941852,21880.53338716846,59.274563196868186,36.678448,28.927176,77.34268,12319.907,-19.29805,11.702575,-10.457119,31.10348,20.156124,0.7932129
ab35c19823bd62ebdbb050ac619b3f70,287.1035201010536,18484.281627722936,33.663549566066116,57.170166,43.548534,126.95266,4422.8394,-16.682959,12.649577,-10.1700115,28.520714,20.791225,0.8439727
4375dc425bc191bd706674cfed678467,226.75701366520852,28586.456521800985,52.72029168337138,42.92713,28.674604,98.56397,8517.416,-17.063148,11.620807,-10.304546,27.954674,20.24263,0.80005425
a0899b1c29b0d9838e1bb0ef6138c496,226.01016788532607,21612.625159532272,49.73481864540878,34.556667,25.225985,85.0115,16388.973,-18.778255,11.2715645,-10.945202,30.111866,20.05786,0.78549373
50fbb2ba2516ede31c5b5caae4e3efb8,350.69528451085705,21991.645855112954,33.08750102051915,81.4356,44.68876,59.303055,5600.634,-15.685458,12.670803,-10.197597,26.665386,20.367144,0.8098744
f748af9f6282c349fe89ce01af8c4d82,242.52810611964819,20877.15692784363,55.76918519700594,54.067764,42.163857,38.64779,902.723,-16.71669,11.8692255,-9.907494,27.14719,20.00064,0.7810434
f3fc5f3ff5c4dce6ddeb94a5b8d9110c,230.75581341252297,18170.478684530503,35.41876305867574,46.716015,30.813269,27.64375,855.85065,-16.970375,11.416403,-10.280828,26.828806,19.902328,0.7733325
7e6ee023d0375620a91fed9c1fc9433a,302.048121637644,41562.5063009652,73.49132901932985,56.282665,51.089317,57.059086,3753.5144,-18.128708,11.869572,-10.133737,29.550543,20.97568,0.8590736
1373a1d7eaa73622f28e49e42b5aa328,306.9065963983609,29604.734904486293,52.733338654710145,67.594185,56.80308,38.40217,1518.2318,-17.192308,11.987258,-9.899655,27.835459,20.271965,0.802392
4c773439ca53fe84740243167e572649,280.82059640724015,27196.07198593293,60.34162217654944,57.452595,38.00987,40.637825,1649.3458,-16.094442,11.751584,-9.888517,26.131556,20.140608,0.7920011
6046af9baa80013d5c699c4fae243245,239.0509301397387,23709.07851085726,52.850424769282,47.79553,36.115135,33.757492,2117.168,-17.712746,11.730272,-10.286272,28.384232,20.235806,0.79945207
4b615b40c1d7e446a5629cfac9216d6c,255.98096493957536,23016.011003104915,56.96617513784286,50.351532,37.49155,32.14941,1016.1792,-17.175524,12.006864,-10.202687,27.762959,19.786776,0.7643828
002d7a659505dd0b9817d82b61949e1a,210.44597626696557,17833.553628995698,42.93088689562099,36.950405,23.945148,55.262936,8178.6543,-17.809862,11.461964,-10.875819,28.540846,20.188656,0.79573214
77b91b4233ae9c0a6f438a09f7db981c,306.39919416534343,20868.047522916775,35.156731124987886,72.153854,48.765068,112.84529,17447.879,-16.580221,12.944247,-10.068676,27.744402,20.533157,0.8231802
3618d8c9ca36e04817c173b88482bc25,312.13622438879366,16196.577828846197,42.36695895002173,93.839516,46.94228,51.012966,2491.8398,-12.6097555,12.683315,-9.153215,22.456577,20.0978,0.78859675
6f84ffce4f66e439b0c2ebf706e9bef8,262.3910708549563,28406.2816087536,51.48373195965549,49.622528,34.197365,60.695145,5950.2896,-17.056547,12.216365,-10.385273,28.005987,20.18427,0.7954244
0b1a716c7939752e29c8cae19278cf88,201.1538442189047,29948.073192259137,51.002093701739774,31.35582,22.019741,28.857784,653.71344,-18.908058,11.35078,-10.811262,29.889528,20.575346,0.8265162
ffbb8ce4cdf86fbe4671be24a80822e4,320.4509933278665,21403.888943476977,30.744005141937844,59.201824,47.59113,98.68085,3317.81,-16.546263,12.804645,-10.550423,28.222677,21.020773,0.86274743
f04f5602f8278f54086184e5712e869b,340.03838203852985,23685.364073583354,39.76157324132457,71.76575,51.276985,39.774597,2201.958,-17.087017,12.312418,-10.348899,27.942736,20.03584,0.7837756
04640a0e5126a3b3e5f971fe758d52f4,273.2190630376458,28134.46459350284,52.11772724643352,49.872852,42.903316,31.229431,1935.8496,-17.945908,11.967377,-10.614251,29.246006,20.383602,0.8112351
ab9cb0820f5996f9cdf29cf92f3846bd,233.9747988614819,13968.026758589174,36.36800718072331,46.901485,39.673378,64.680244,2454.083,-17.023087,12.433526,-10.263642,28.65728,20.149435,0.792684
5ca321f162a94e4fb8c6e59d6069d398,263.925838279141,28553.42713625691,63.55574408594035,52.27676,38.903717,45.181377,1655.6775,-16.70419,12.141908,-10.08122,26.953714,19.67729,0.75591326
b8b1681838a7c771a29ffe79d4ef6a83,231.58792898748723,21956.887291036455,45.775185734240644,58.66294,40.632835,52.851574,2842.591,-15.146251,12.46782,-9.954084,25.597612,20.03581,0.7837966
6578120108e81eb2a8255adba5afcd4c,202.51495905017242,17089.85295772966,33.39540995267325,31.252289,25.712711,27.934748,732.981,-19.599947,11.361826,-11.31924,30.998924,19.95788,0.77770716
b8e0a0045ac318f72283aa0c036f6c04,234.1658478764057,15234.362093111486,32.5171255614665,42.41491,41.457207,47.944313,1763.7274,-19.30251,12.088429,-10.604464,31.31718,20.510378,0.82130367
55ecb98d099415cfdb86783ddb378f2b,341.3450074474618,20701.153553352975,43.35620173848984,84.844635,51.46079,67.899284,3168.6824,-15.0621,12.6813345,-9.962642,26.058668,20.845282,0.8483757
0491f0d1502d1492f247fe75c7930cda,237.38225096080748,17957.764189081077,28.872229700844198,48.299862,33.636578,59.364506,1880.4369,-16.135687,12.063803,-9.925297,26.786797,20.823933,0.846627
af841d44b63549eb8579ef23c80e2936,227.3678825704287,23346.47617010004,51.77365688936814,35.93917,31.776333,37.540688,1381.779,-20.079815,11.69153,-10.952571,31.794733,20.102184,0.7889197
fbc69613fc237bc839aab1a27c501e18,229.673007442114,30968.828969745948,66.34900216760013,32.54105,28.891048,58.843643,4490.0405,-20.707527,12.09562,-11.24321,33.608032,20.378992,0.81084234
a4fddd19bdd769b9be7b529672275c8f,239.9577147377422,26832.861394730917,46.25492820507509,31.384909,27.007704,35.73231,1421.0732,-20.421787,11.63117,-11.152429,32.29268,20.164417,0.79384863
3803427e8d4dd9e149f547ea0543eb69,254.85588877797738,26574.805999540862,44.55932541306595,39.944744,35.18732,41.699837,1108.0874,-19.838001,12.340737,-11.295915,32.55309,20.476784,0.8186713
b7936d442bca2779cf1e3106c943673d,195.90861354069315,23689.056489843093,39.67879552518081,16.13835,14.760735,40.482136,1485.1776,-26.53195,12.362856,-12.596446,42.71689,20.476488,0.81860125
307361eb1b2ed7323e39c2475d705c19,134.7248598966889,4596.545991466244,11.16495829378575,34.05627,30.04306,105.93709,2508.865,-22.603037,20.537155,-5.88389,45.533463,21.047588,0.8648734
a8c4ca51334c257d28f36ba4672e1277,145.42131918422032,4562.167325995069,17.564545424930156,40.104187,24.99023,126.43259,4865.9233,-20.320936,20.761242,-5.5841703,43.06622,21.39054,0.89331245
0e5aaf248f188fe998db002c640d37e6,150.67885373032888,5345.980965914367,11.003237342583674,38.83089,31.71188,161.60667,10035.565,-20.06376,20.016462,-5.345753,41.61546,21.196705,0.87715316
0d7052b99b1dded8beaa127c8a6b97e5,125.85459474920587,4915.7262853441025,9.842258740102084,39.591076,24.982298,127.66579,17971.045,-19.35888,19.92375,-4.108004,41.54573,20.942482,0.85625255
b91b17c13df57722e13fb016e19932ce,127.76905932660733,3126.114114206022,9.031193332086122,29.962847,18.743223,145.48306,10261.433,-21.855976,20.40833,-4.954004,44.792854,20.424587,0.81446385
46aaeac4e8ad77c051c18c9b4dc5f952,157.02657660706242,5172.466481685412,22.178667236630627,45.478683,20.422544,96.32362,8452.726,-19.636747,19.584476,-4.983322,40.93344,19.63579,0.7526697
4110ca65499870b4d112825bbe14b8d7,170.41962817897007,6637.338043597942,30.228069875570174,68.748726,22.775278,43.728214,2015.1501,-17.290977,19.557022,-3.8464124,37.506077,19.84642,0.76894
da58c52923483358bc7d4e2d66a85982,161.4625518983934,4806.513274830458,26.633806253734846,66.40228,27.636263,60.6775,6673.854,-18.105005,19.46027,-4.5319815,38.98693,19.61721,0.7513343
7f5ee73cb2b6456b7f38f7238c8e4dda,160.7646236600718,4843.482092592044,29.353739751768337,73.5959,32.73129,100.4175,14476.808,-17.601608,19.418695,-4.358782,38.265156,19.666132,0.7551167
798f6b9bb3fb5c42765c0da3fc9406f0,181.55209896704912,9321.47665040415,32.74459785083584,76.92842,39.15164,42.171436,1727.6368,-17.258066,19.415354,-4.4520407,37.25957,19.915224,0.7743954
6830a143148d3f61daa42dd517e65404,174.2501098227971,9212.818165711735,44.21474500503858,68.91024,28.078426,33.831802,693.00275,-17.12318,19.37097,-4.0095706,37.637962,19.802578,0.765564
2b5431637233e4713fe4119ae43eef70,151.27296520787655,6124.563669452004,28.0717220727899,58.843212,25.187614,48.71447,1088.0608,-18.079428,19.527182,-4.437313,39.28863,20.5807,0.8269747
058876e8654eb93f67d9b95425aa0fb0,174.8412212413125,8765.80435414032,34.38569961786098,50.238426,24.200686,39.643055,1501.1162,-18.908758,19.142508,-3.9396925,39.627617,20.74413,0.84014636
3ca4dbe8fb7958b51a6d43f1537dbdfc,175.9461532666314,8874.480808842329,37.6826659555299,55.982536,22.09707,46.440598,1594.0845,-18.162855,19.584269,-4.21271,38.834644,20.08679,0.78775245
3c5d541e5a5a9c9b405dedab4d929988,183.07499493384083,9445.18997915154,24.494849755113467,63.601448,39.69985,93.33668,6705.005,-17.608393,19.127007,-4.682436,37.39093,20.578802,0.8268937
395d3ce62bf37814343bb21520a0bbf0,265.02350506752236,4646.412110029586,15.35656847565769,87.74016,39.796757,219.16472,21540.73,-16.155474,19.992643,-5.1548734,36.60318,21.100908,0.86927354
27852b9ccab9043970865862641dea80,212.77869266204215,9039.349013211935,28.951859092267593,92.097206,39.645416,67.380516,1632.8457,-16.14137,20.314495,-4.886432,37.511524,21.484295,0.901176
7dbced86c1918a262fc83f7455b59cf6,247.62812902324674,6022.273946336384,21.92956192234663,93.18571,39.396027,122.822525,7854.602,-15.971478,19.491468,-4.9641294,35.703262,19.684013,0.7564578
a730f6a729a51082f10392db62745fea,299.3997989348312,4278.033923155989,21.78126126482135,106.12748,46.825413,55.850292,2235.9744,-15.725011,18.756384,-5.3060126,34.55716,19.44464,0.738172
1c35d9462dce09e675ef30e6baa0e7ba,222.53610351475234,6579.823161669608,25.252543947209382,79.63908,41.592487,98.26436,14533.918,-16.963558,19.180475,-4.6316586,36.641953,19.68099,0.7562321
e4e9f4f37de93b3e9758e24e9018aa69,159.91115926496119,6092.491620237796,28.467585512410885,64.95516,29.50095,45.70784,1455.5437,-18.252586,19.410856,-4.612322,38.9436,19.70397,0.757972
a992d53aa0232ce9ba1682ddadb48798,175.81396538750974,10775.177106354315,42.842052224826624,58.49626,23.590601,49.877693,3806.9114,-17.841566,19.252476,-4.020753,38.20908,20.253866,0.8008941
b397c997a032686f25d482b46589145a,182.2670478278371,10105.019128822649,31.727876811061368,67.781654,45.114662,81.525566,5792.711,-17.306616,19.00968,-4.6927214,37.059258,20.448933,0.81643456
d4662e1d6da77cd394ec760155fe71bd,164.26033076239577,5753.726696864672,16.76931625070607,75.92272,34.98609,97.784935,6730.1616,-17.112276,20.166754,-4.787027,37.848644,20.879082,0.85112745
b850ad45b26f239abb34c1324a2340ab,189.4892562959692,10660.646637480486,33.32655151157448,75.83114,40.05435,62.9634,2720.836,-17.321815,18.945293,-4.8872128,36.700447,19.816809,0.7667132
1576bb864e4487d8f57d81926592e39d,210.30570125078452,11354.964891262938,37.97810392077513,88.68545,39.998604,61.34711,3559.6907,-16.494778,19.151659,-4.767975,35.97969,19.775278,0.7635054
d107be36946af9d5d1da730c099c2597,162.76725195812602,6752.346390800494,29.14012733212774,59.997704,25.818193,66.9781,2591.0776,-18.172482,18.948578,-4.4201584,38.61404,19.628641,0.7521575
9b6ff504627436bfa6164d833f55fb87,170.24616058095344,6381.873033949656,29.068434821232014,65.41151,26.451569,48.73485,3187.547,-17.447042,19.058386,-4.394352,37.78744,19.800581,0.7654159
a50d9cca3ddf01a05d42db94c774b180,159.3006104893061,4388.047355482852,25.62397413773735,62.412918,25.126001,115.39413,19329.396,-17.498255,19.137121,-4.35899,38.001328,19.811617,0.76631075
d5d67a9409c2e5b9ef371a1de4ef1a4b,204.58918980335193,10598.166990181444,45.1163112579153,56.385506,24.220438,71.11437,9200.472,-17.574537,18.962694,-4.1618934,38.343105,20.390865,0.8117382
f3792d19b272e1487e306f4b26bcc53f,170.87188661616491,11386.49105875773,30.59246577033742,42.680412,22.735237,75.83681,1739.1014,-17.533606,19.023382,-4.7070556,38.343094,21.823175,0.92988586
efffcd631221673744abd4fb7b337ac0,243.4529100831667,5533.3747816953,13.989691821527254,85.455215,36.35437,176.32068,31405.09,-16.516909,19.577137,-5.1069317,36.533386,19.864506,0.77034175
a304ec7c3a197e9675fd53c425f67f50,233.25346405041017,4666.2768311107475,10.794344694040987,88.90668,37.34147,97.31048,3710.5842,-15.765689,20.190102,-4.86839,36.738033,21.30631,0.88629615
0ce3154b8167ac6c5d6fbeab4886a275,202.23200905394486,6837.694509460774,30.970381818691475,90.29494,35.374203,74.35679,1977.9816,-15.981671,19.627254,-5.0852284,35.498627,20.642738,0.8319672
e5c13475dbd37415b5bda17d55c8ebeb,242.02514529529543,5812.718546115281,19.99417608320924,84.38801,37.826454,116.45404,13051.082,-16.646627,19.22361,-4.5493135,36.454132,20.253891,0.8009084
1abf5ae4d530379fd23fd08e5788678c,305.89822365889233,3974.9061610775684,13.754511933612653,113.59811,48.041363,63.967438,2736.1843,-15.252777,18.28785,-5.257611,33.38886,19.847939,0.769093
846405a9013c46d2b8240b51bc927fc0,231.81915713621524,6362.4541288594355,15.916334012443608,85.92387,39.80886,80.92343,5882.482,-15.988966,18.802431,-4.681351,34.956142,19.582857,0.74870354
604676e00edee11a6d2e64d2569aebf7,169.51466676474877,6462.6887693287645,31.75600548313484,64.08751,28.50574,39.215336,1209.6058,-18.53207,18.96468,-4.6569,37.83051,19.908892,0.77378494
65257b4f740ae600bd1a726fe9439255,184.59653073612895,13328.888951574834,36.921694155479855,66.33275,25.664408,84.30659,16999.76,-17.691236,19.495104,-3.9044628,38.361526,19.75569,0.7619607
134dc3a8f87390bcdeb6c69db2c5fb55,177.46433806434132,7711.854888726267,38.23661423431192,69.026,22.18974,52.752407,3166.4443,-17.246569,19.142145,-3.8168037,37.468895,19.733852,0.76025456
3426ffb87f640aab1d75fa43e6bd9e13,173.8536777256176,6999.418124723528,34.65814223000648,69.05893,25.165657,60.32703,6034.7427,-17.330929,19.534786,-4.131525,37.430622,20.093882,0.78830206
23ed8cb50eca0e661318c160058cc2b5,156.68556678669893,7392.616168570215,34.92066853411005,82.74185,28.636292,68.53868,8070.5005,-15.630256,19.363892,-4.2391305,35.6968,19.678553,0.7560537
d1f934c889e9855d8de8e42f3e3db23b,187.5855092086579,8433.69238454446,36.654879104091975,79.81882,28.999262,25.975573,577.08887,-15.94894,19.052792,-3.97374,35.29888,19.612406,0.7509748
91593c0dfbe12e90da5b2c940b510472,184.21430314691708,7454.427942713505,38.35352335276928,75.34853,21.645494,27.540262,1458.6794,-16.509167,19.569986,-3.589032,36.75594,20.089252,0.7878838
47e26e7005d11c63d53d98f26055752d,193.8748515306735,10442.24162718252,37.44739356971479,60.133915,27.369488,137.32005,26516.111,-18.226187,19.453016,-4.3271194,38.72168,20.038857,0.78393096
77d2668a31ee622b2dc29019e7e2357f,136.00039175651534,2560.45624898381,9.647357595099331,51.70348,24.988157,75.9342,2129.059,-17.978468,20.025322,-5.1657457,39.578575,20.843485,0.84822667
930f6c520886158912663cadec351f7e,150.5752915289127,6482.432306243143,15.335878345620909,36.716587,20.703127,97.32878,6018.7856,-20.498312,19.86484,-5.070485,42.434776,19.765448,0.7626918
c89108bea9436bd5a2d751e851b288d6,223.67736522234605,18961.449553096234,45.440152026001726,37.66142,26.003443,49.662514,2084.1592,-27.02339,20.72279,-5.414316,49.014805,21.925991,0.9386849
704870560bc567ac949079518c9725e1,180.7218711936352,6090.627458469116,21.58032508731007,61.756824,30.15125,69.153854,8927.662,-21.468401,20.75516,-3.9525046,42.543392,20.355215,0.80895305
dabe68dce1a85f1d912f931e26af93c1,155.96196148750235,3740.423641846057,20.24773250492747,46.519135,25.833162,41.22272,4940.3745,-24.792873,21.03748,-3.7012174,46.771744,19.969534,0.7786065
ff77de024f3df62faa2ad22966015e9b,162.40613687019064,4347.862656104832,26.784937932184548,59.7671,27.005621,44.315914,3391.0056,-22.39111,21.255953,-3.293754,44.19663,19.275328,0.72534126
cf2f28049bd5f86cd6ec9a623e362a47,164.38391132633942,3757.3558720873048,25.010808529280382,59.988964,29.860733,40.720306,2181.0032,-21.80351,20.400852,-3.2992516,42.861156,19.280231,0.7257584
a68214c36ab19060417dbb5b1ac1d097,174.12173207842096,15903.731199312519,36.18772888004282,43.60671,23.250536,41.5058,1132.4174,-23.965746,20.183556,-3.2679043,45.329426,21.19223,0.87686515
1d8db16c3d75f5b3a45c7162359af3d4,191.234835627032,15797.938949839894,26.5277360333859,53.97971,37.202053,44.619137,2409.695,-23.031254,20.799805,-3.5453153,44.71176,20.575523,0.82661575
1265282c7345e6381df1f37960353592,247.62785889837946,10120.817636701184,42.0707958704619,84.152016,42.31464,71.515144,9956.364,-19.169687,20.972559,-3.3214886,40.928173,19.837072,0.76824963
81045db583493fb420b4a50a4eb252be,212.69404123986098,5149.92765026581,21.87171716632079,63.202522,31.117178,25.192436,825.4182,-21.628773,20.60453,-3.7766156,42.370888,19.363329,0.73202574
70d3d28bbb53626c3f10511989190e8c,181.5048952329737,7247.384651381753,31.318789440512973,70.207085,39.347916,35.329163,1533.1438,-21.871803,20.713943,-3.647811,42.735294,19.35641,0.7314577
316ada41e4aee088e27f29c8a5859f18,180.50212125421464,7330.088545977667,36.107036524077415,73.42534,37.192112,33.085045,1946.3232,-20.942326,20.452433,-3.1117995,41.780144,19.19984,0.7196841
e556171b43ed4a69def91d3a50391dd2,164.2961783467231,8826.357329478893,32.82887304961168,37.776123,21.93053,53.900055,1482.0397,-25.585625,19.773247,-3.7358987,46.135014,21.054668,0.8655224
3dfba348191b886ee09594eef5341485,154.64924674472928,6839.174227960167,23.744177810314,42.64292,22.559814,67.44205,3465.7212,-24.59408,20.957045,-3.4066207,46.330803,20.519182,0.8220533
cff4e8f3ba9166f90d5eddd5edb22c84,160.00894123007302,2812.4677966925397,16.653661208363317,60.860165,26.248066,31.641031,1954.2172,-21.952501,21.002054,-3.1867611,45.398247,19.2871,0.72627985
bc279d87056838ca020c6abf3eb78a35,174.926304673135,12008.442663522319,29.58680216355987,43.178772,25.076342,62.934277,7335.5815,-24.620443,20.58454,-3.837524,46.866245,19.94161,0.77641577
d104438f81f8afbfe583d5972eea0d50,261.7475889435261,8198.878843982875,24.24503573698184,78.18912,43.17668,34.267982,2193.961,-21.221375,20.84881,-3.700922,42.414448,19.613283,0.7510688
4c7ebec90c960d25a253d53653d44ea3,236.58753990104066,6650.886398401657,24.174091653437085,73.493484,39.180702,36.608738,2060.099,-22.108507,21.403158,-3.5994554,43.98123,19.754057,0.76187617
e8af402938e384fd1ca94f52fe7e4384,172.9162067342307,3039.7004137138797,14.760191268335051,59.78363,37.184475,28.663229,1129.4508,-24.231165,21.250195,-3.9485762,46.086113,19.497753,0.74220777
756e4156ae740d36758a4db9eca38010,175.3354200961292,5340.444414422644,25.245020225741417,58.716946,30.74964,51.010136,3292.1982,-24.626762,21.173317,-3.5861635,46.65677,19.351072,0.7310935
eb36ab2a736e8269950427577bd861f7,114.4257915575007,3912.873399431169,11.563700728013872,14.293269,18.649473,34.631275,811.7651,-46.25995,21.706882,-9.269142,77.83152,20.793896,0.8441249
b422da68432c05c8b5cf738b44ae69df,285.27932441655395,9517.946526232956,8.137163639551751,5.5766873,5.3177876,90.91038,6740.0146,-47.177853,16.642431,-12.157893,76.938416,19.93676,0.7760586
d795a6244f975d76244a3ec709f012f8,270.2734118784205,12585.559821137498,20.628492918514947,16.331957,39.27364,79.709335,2412.6086,-39.291546,15.782538,-11.020339,63.93291,19.863829,0.7704131
116307eb1587564f8a5a5a0a2798b664,320.7104654273593,4454.770772969809,12.335872510849653,34.64964,31.176916,40.524624,1401.067,-28.761795,16.870445,-11.055107,47.599976,19.48028,0.74093103
471b152ffb54a6272319bd7725ef20fe,267.47610764792273,33061.51458010669,34.96695317201392,10.758285,16.19361,60.344467,2103.5007,-41.317028,16.12712,-11.068319,66.84901,19.59436,0.7496467
3a38e585d26f03543997f88a7f232805,237.83677191449794,20691.281436132984,38.40514354401454,40.03257,29.208286,103.82321,10753.923,-24.208838,16.382824,-7.2386603,39.14639,19.425207,0.7367562
1288a537feaba4487c9198cd044edfff,197.56687470672395,10866.383771157198,30.52384363721053,41.991158,29.468,66.08029,7795.583,-21.172104,15.215818,-5.3631096,33.865845,19.56582,0.74745095
42a036383de287f42c36d9a735d0d5cf,267.8776660577039,12633.680159519268,29.550309545994224,65.65481,61.086567,47.08414,4359.668,-19.027166,14.720142,-5.2164087,29.871935,19.360548,0.7318294
85950bace404f4e98ed640a3b227a584,207.9697666589878,11449.131210685351,24.35031715856049,43.075485,27.639381,43.168587,2019.4114,-20.78372,14.475759,-5.2168455,32.3343,19.14543,0.71564895
fe40dec7323c96fbb9e77d2cf1c564ba,261.10737425922656,16140.305711046487,34.145022056269866,56.25338,36.712555,31.59995,1512.4469,-16.947884,12.9461775,-4.1958265,26.204687,19.463879,0.73965293
c7b4c457578886cbd32daf085a886911,286.78165127601943,16853.61046271674,32.61347719029656,50.276447,38.5837,19.585402,432.94836,-19.271814,12.798997,-4.58678,28.768667,19.260391,0.72430277
a0af49e8b39cf05bb1037498f0aeae7a,287.57429282156744,21678.220589970362,33.755477309835406,64.30584,48.16704,33.457386,1061.0563,-17.444384,13.027073,-4.835003,27.378403,19.785345,0.7642668
9ef492bc53d07e43716b7beccb4f4ea4,233.37397859686448,16598.414406005453,28.19064254231019,37.275856,23.279709,48.907997,2073.7495,-22.103436,14.485961,-5.6996484,34.446617,19.458073,0.7392538
9457a9f664a51e25f3f0f252a02f0e40,216.19763497217096,15513.522957127196,41.73693075802679,38.553337,28.571115,64.84458,10964.171,-20.146614,13.514461,-5.0874476,31.417168,20.09824,0.7886836
fe31b9ffeeb65b51c8b77534dbc12f09,254.98767230284648,114031.85568944982,106.48609421194237,29.84206,35.714977,38.73414,4567.6294,-30.55951,19.848583,-4.9382873,52.815834,21.288616,0.8848743
17433a721fc2c4261035fda7c0f3fae8,231.8447152538894,30062.00214269687,43.33780448890929,88.61895,42.160976,48.938858,9224.904,-13.793539,14.788729,0.70273787,23.856659,19.620378,0.7516436
4c41c3bdd6bf9e69fbaa945a8f2ff22c,163.10388648203943,14268.48654922147,34.84734740342107,73.31275,29.75366,26.197962,1122.634,-16.341095,15.197776,0.433325,27.077724,18.91291,0.6984161
8eabc813ea87ab9eb9e5b522f1df75df,259.28822699000074,34849.230587676066,44.85971564856297,88.92835,43.69497,23.386614,617.4583,-13.861015,14.575461,0.539409,23.833801,19.463346,0.7396478
62504bd92ba4ef0ceb93fd226c8a3b3b,158.9723654111629,14515.651423688309,39.31786748448318,69.917015,32.362366,33.545662,1124.8784,-16.162708,15.271449,0.44452387,27.487614,19.548185,0.74610806
01548debbe254bfbd5ee0414e45b5b49,242.83963834727587,52412.38198947663,72.48227265297403,81.71393,38.435295,63.23518,2693.7358,-14.004133,15.478825,1.8977195,26.323088,20.218687,0.7981726
2dac8a24ffc82f002c17fef002257deb,223.54825002367406,37773.168952746826,61.559480295332996,90.345985,39.36579,27.75649,593.47034,-14.231275,14.837146,1.790977,25.290993,19.331984,0.7296654
856cce6e739824e8e7cda195aa399598,177.91493165967427,25375.886021609535,41.295697100562734,92.355736,39.435623,27.253832,660.94855,-12.954225,14.5441065,1.3695798,23.45619,19.088602,0.7114266
eddca0bfcccb3f6628b35b1eaa8ad201,218.31073776957626,25862.718896100858,55.58882465744768,97.53787,39.05267,29.296621,1776.0737,-11.961827,14.175135,1.0501078,21.300547,19.403547,0.7351097
2e7b5a5b0a071ca8267f4b6b2ca2c820,152.41146957460109,12352.802328525742,33.17788202871478,70.31539,28.412132,45.70399,5196.009,-16.184156,15.029047,0.4397137,26.800304,19.434467,0.7374518
182d0f81e30c79f6a956d12ce0275001,156.90495392090446,27086.329246025187,43.74201601937645,78.05232,36.105995,57.881767,5147.962,-14.234954,15.116318,1.9659339,26.065237,20.30814,0.8052425
96e3209c2026e941ef44d9a039148717,198.55708611624203,35145.144761428426,46.014771571098194,86.77238,41.665257,57.516857,8003.285,-14.60829,15.360698,1.9063381,26.510489,19.770739,0.76313585
4dbbf443bf7ed0ff29112981e63994f5,232.12442464879342,28750.96652711194,46.11050961726105,96.39352,35.27688,36.630863,3675.3289,-11.474192,14.012943,1.4072506,21.402674,18.984293,0.7036489
b4c9c78aa50077779f9c97b2dbe4dab5,175.64164190197033,18034.791884120914,56.32429792625529,91.21819,40.60148,35.59333,2518.0308,-13.855271,14.732461,1.2615451,24.306509,19.459354,0.7392951
17c7ef39fe4e0dac91225f38dc286f6a,187.454763400306,19152.195547594318,42.33778452483001,88.30861,34.542583,31.669916,2958.709,-12.925701,14.104333,0.74381334,22.436735,19.08167,0.7108809
06808d37001dfac71ca20b626f1a3790,189.81406131373961,17817.468704118826,50.82161572961244,95.581795,35.76838,29.204012,1421.0487,-12.688631,14.634258,1.0505909,22.401308,19.601578,0.7501281
8644fe502aa2eaf54161797cf4840876,166.88920404159,16508.25835276686,42.92644830884321,84.686485,34.255512,50.399456,7167.2734,-14.61366,14.898462,0.7060989,24.6908,18.961887,0.70199645
a0d097bb32ca65c0671bff3d9d1b3f08,441.82181974857343,120662.20779858391,59.51073936067929,40.8025,33.388084,77.01793,4116.0464,-30.478106,19.51239,-5.506085,54.19729,21.448257,0.8981977
1ecf3f4c7079626f20a581877f8ad480,227.08028559787806,21418.029621707155,49.38142760767684,47.610683,23.732151,45.607384,1482.6719,-23.687513,16.460056,-3.1243138,39.233036,20.878504,0.85115016
a73b4f589b9a089b91112c240c2e23d3,189.85773803022235,9311.753934808234,30.530291959136946,77.21418,35.329044,20.97914,980.75824,-16.316889,15.274924,-1.5419489,29.307112,19.345753,0.7306923
610ef9e21fcf30d4678e63ebc8d360dd,201.46742234137957,26685.36414954102,51.7710892603493,78.507095,33.246265,18.559498,624.6946,-15.837668,14.88486,-1.5039383,28.366425,19.60588,0.7504842
90382f5b4652b27d99049111d7822f44,213.11258536147236,17698.545736832843,40.014718995102456,73.20285,40.796196,19.911432,1247.2207,-16.086529,14.5097885,-1.6646708,27.63285,19.35867,0.73170406
80169020b9fb5ff53d57ef6c796b59f4,183.15846232505308,11666.292879527324,42.833270777042166,80.33784,30.791447,17.091835,806.3156,-15.773111,15.154555,-1.4480311,28.615936,19.228079,0.72182477
3c359b1554ff3cb7a8e2de23da2a3c5f,197.37442545533924,15823.243624168297,39.9986740447916,69.7676,37.909378,21.343737,1197.8419,-16.871628,14.572839,-1.6980829,29.247232,19.767345,0.7629056
1919b02e4f147dcf0b94c38fb004b03a,195.7975195022237,30924.44883655095,54.8634986177314,38.50928,22.667576,40.765717,1350.9463,-20.790218,12.439106,-2.759414,31.83845,21.967321,0.9422693
e558d5a9aedf79bbe82e75dd4cb7c78c,145.5360247805072,4285.1360056098465,18.86414532506242,52.7501,30.387836,55.07689,7081.9854,-21.848358,16.132729,-2.17899,36.16218,20.79016,0.8439796
553697da3555d2e3b3e4092ce9b62837,187.6121807532534,11934.567205420755,39.92974009235947,77.64982,33.806282,20.9482,1049.4017,-16.346691,15.076677,-1.352478,28.858852,19.402607,0.735032
eccab3acea964997967735f8a8ec258b,205.48721868122155,14451.82507662132,41.25795930054835,77.33763,35.693535,27.929579,3752.5632,-15.5824175,14.518271,-1.6547188,27.12009,19.593853,0.7495803
eff17501a32921da49f3c0866b804f2a,230.51913030457115,20261.408801687023,54.51975153889618,84.49984,35.981796,16.831533,1503.6539,-14.863282,14.117721,-1.5935841,25.593065,19.347973,0.7308967
c7f2edcd1cb8620e2e092959872e9841,199.73762796020102,11186.080548124277,42.3176513003491,84.364975,31.05656,18.732775,1198.14,-14.785048,14.629665,-1.5438772,26.589716,19.209942,0.72047585
e8226635a0ed709e67dfc15b9c9078b2,218.7003951783386,21755.836804840837,63.657851474696564,59.85131,29.202007,60.76013,1884.6301,-21.99336,16.664427,-2.6379344,36.845734,20.285276,0.80340683
c45993c1d3463d8594d9d592a3e77a01,246.73290249106228,34261.386481336274,57.17236618888541,49.431984,27.184732,71.10903,2147.1238,-23.188526,16.14411,-2.7119896,37.822796,21.41772,0.8956994
5e90eb13573676825825f959b041ef90,193.30654730748364,15913.730038955453,39.96121100373224,71.87252,36.192146,27.583462,1753.1067,-17.671953,15.61143,-1.9672436,30.848728,19.64016,0.7531554
efc02dab5ef6389f87ca6fc2d17b5fa9,201.44951427473322,14833.3332439516,38.976988743235054,80.9193,31.832516,24.267366,1761.7457,-15.017596,14.690977,-1.3040204,27.055933,19.48503,0.7412516
f3fbdb8670006185d6839e71292885de,191.40279500206722,11783.940975799884,40.877758939122884,85.28065,33.987946,15.136525,981.71436,-15.226798,14.439955,-1.214514,26.374655,19.80339,0.76568615
195d09c4611c14571f4ccf6a1ae51b32,191.7863261080053,12063.88696361378,55.128777147563646,84.63958,35.425594,12.044506,272.6932,-14.887341,14.5158,-1.2798072,26.576508,19.277767,0.7255421
e1bb85c892cc8bd15c73ef5375dcc241,191.10033745131588,11585.271089526608,40.5627265679536,75.23992,35.203026,17.523077,599.6233,-16.093273,14.737735,-1.7726841,28.072578,19.339512,0.73022425
cf56887c95d3cf5a59527ad56490daf2,210.4090377795974,43657.05845128105,57.52371003750712,50.625305,29.866123,52.426914,3718.38,-21.76339,15.249253,-2.3343544,35.371284,21.477676,0.9007094
6179c6342e404e8c2ad5297b2bfbe40e,146.06330766441576,7017.7194832477035,31.45935341873287,52.099102,29.595694,43.0916,1560.7532,-22.288801,16.394773,-2.0725756,36.557083,21.49844,0.9024615
6501de8a55b640d9b1b22371a7c1f60d,204.1766912148866,16460.79832566997,41.48426406092538,78.671165,31.046307,23.707417,2285.6619,-15.556129,14.467501,-1.5687232,27.272564,19.11069,0.7130569
30bb3ccd24f17b36f607e6a4d4e77bcf,189.74738524831469,19054.018934538817,46.593998054801055,80.16771,34.184074,15.3103075,372.8533,-15.40308,14.702151,-1.4979427,27.441196,19.324684,0.7291058
ab3ffc6241e6ceee939d85d157950f81,233.81682574191692,19594.989031042016,55.41234889559408,84.316154,34.529633,12.743774,1048.6302,-14.770358,13.896813,-1.3114924,25.13264,19.250832,0.72353446
dd07ad17ab34119e01f8f9a4b6e8f148,187.44892983827526,13069.265946226573,45.617106133809074,82.88127,37.919216,14.38765,359.56686,-15.318981,14.941614,-1.5073822,27.65529,19.342237,0.73042595
88df25186214b0993c6e2ccce2fb6daf,191.15099302048537,9290.811049982176,40.41534593759244,70.45578,32.296024,20.8616,1734.3881,-16.57678,14.679548,-1.9194871,28.605583,19.15343,0.716219
8543cfd2a5bf2de06c95b30105f57ba3,250.10098525212067,20487.535246963114,45.694226918015026,80.84216,38.391926,16.932356,715.4669,-15.059494,14.175714,-1.9594983,25.985804,19.396515,0.7345342
92eb669b418e551f1a3c57422121f55a,232.22317068484804,14061.24704051429,47.29913029297959,89.168755,31.474785,38.598087,7650.635,-14.531643,14.692669,-1.836445,26.192806,19.433802,0.7373483
547baace7c82af47b05c6e221f5331c6,213.42187995328752,19211.42830503418,48.345502292582054,80.92083,36.945847,17.970016,934.2878,-14.470093,14.350097,-1.5778923,25.86612,19.502768,0.74259543
0ee4f6c905ef7686902ab5cf1c185d3e,187.64499738807194,17979.87714430764,48.98265194210702,91.0979,34.109516,24.017653,2167.244,-13.374085,14.221396,-0.7430506,24.923351,19.4372,0.73762643
da37fe3ce5e4c29b708951da9387e147,150.95362970480915,9574.461868118982,33.95822620588222,59.250286,44.40426,44.586662,1080.5033,-21.545734,17.965708,-2.6277752,39.34816,20.160038,0.79353553
76189637ab64419f375e6984d97a428a,202.54491387013306,19634.98146077626,41.632740786947714,63.057293,41.72027,49.73626,1534.249,-20.996944,15.675929,-1.5364064,31.817867,21.856775,0.93277836
87f98ef4d0559da27e6ae12996396086,171.27148001679285,7075.3005546187915,13.936506704128497,90.61219,45.52799,44.835865,4914.596,-15.703978,15.12219,-0.3646563,26.268942,19.46645,0.73988104
2c4cf2cddca44b3904e13d85e742eaee,148.75512770785193,3917.5451275964465,20.06043283399931,87.19592,36.374336,43.271732,5112.339,-15.999835,15.225676,-0.19102885,26.689215,19.338478,0.7301849
3f196e3f619294535334e48b954b210e,167.65801317056648,6088.083662141468,30.33838526302508,102.17853,45.465298,26.709137,1461.3704,-14.609341,14.332127,-0.1549059,23.498362,19.279207,0.72569954
bae3a5fb7bb4359413dc7123d828179e,304.6136968449659,106362.51676261316,39.23090388958249,60.67136,58.974056,42.200188,4372.4736,-25.937645,19.114494,-3.0966296,43.74708,21.401281,0.89427364
e20f1033375e637faf919bd8551a3d19,236.92405337632832,19407.617622179656,32.20044262071391,80.891525,46.868214,58.398724,2298.5903,-18.100897,15.816681,-1.350986,29.306759,20.721315,0.8383082
0147e188f027d4999a91d2fc55a7458c,148.58043807999104,3995.481707914553,19.296765680505924,85.42206,37.576088,38.825794,3607.299,-16.03875,15.101555,-0.09596655,26.38478,19.435345,0.7374713
2129315258fb2c7a22d15973f552b639,167.53268575786632,5525.020726759257,24.505489760302947,91.51839,42.003963,26.771187,2479.0156,-15.508766,14.867646,-0.31352708,25.536804,19.167772,0.71732783
b97310fbadb4b68e578f140f10a57256,164.71260768180304,5984.77329602428,26.94751807967442,106.224556,46.113003,33.50057,3201.574,-14.332553,14.358029,-0.27987388,24.056044,19.387217,0.7338339
78835c9ce4bd3bd66a5dc6f8f8c630e3,167.51491765648632,9566.600143367368,24.110173103530787,83.4643,44.599762,43.591896,2289.9404,-17.74895,15.18225,-0.26966515,27.912745,19.855558,0.769763
88a59ab117ecbb681fa4f4effdd6f66e,192.83107573354422,26192.869245782244,42.865954941810074,81.31415,48.042828,82.223495,7046.1035,-20.1347,15.575603,-0.43461275,29.550442,21.544535,0.9063157
f9b30f911dc3b8d254389a0248e52035,169.11008207729134,4363.814178131574,15.467224393135124,88.652534,43.957336,50.820957,8120.3853,-15.790347,14.958919,-0.5004157,26.13544,19.232452,0.72220844
794b4613f84cd08c62f14a63c939ceca,151.64179360834058,4019.8910366527025,13.944125801216078,85.409485,41.09805,35.152824,2915.2314,-15.907524,15.066729,-0.40779203,26.286388,19.30399,0.7275665
31b071b6843a898fdb9509de04114cea,173.23945264648842,7629.671944146744,26.72523864889784,93.29391,44.045418,25.0377,1424.5193,-14.996135,14.679982,-0.37843376,24.778065,19.261547,0.72434616
7b45beeee5288f23340c540d11883da6,180.5640750583536,7977.27164415001,25.04177812073479,104.66874,46.267555,23.067854,693.97565,-13.955851,14.372194,-0.34827784,23.911655,19.325079,0.72913873
723aba8d2b13d9839a8f15a09d0ffdcc,202.7527619249105,27709.1585278276,41.28838541525475,87.86408,44.98997,49.839317,2621.232,-16.55036,15.146417,-0.23011397,26.752428,19.892582,0.77264464
22d47462cc301aa5bcb4d19995e8d09e,207.57228543955503,33274.6321052389,34.44582154713752,63.615147,42.398422,73.93728,2930.9255,-21.459862,15.846114,-1.3272283,32.238976,21.214613,0.87876993
e865e5032768ef12c5b1580d675b0cf3,159.61225902697723,4797.805669728321,20.585429469630224,97.423134,43.172,20.837471,705.32324,-15.016174,14.833935,-0.14414641,25.293758,19.136633,0.7150338
12c54d2d4d358e0dc8e47a335e7913d6,160.39989252900597,3772.196237753651,20.69425171417107,90.19889,45.176723,21.763779,884.575,-15.882982,14.598896,-0.36913842,25.79545,19.213127,0.72074854
1da1ffe70fa852e0805dc2b5c6311e8b,162.58921918490498,6258.082870971444,28.156280104838427,91.67553,42.15708,21.491354,1182.8998,-14.465387,14.637325,-0.27701962,24.383066,19.186636,0.7187478
e4dbe91619a4cc0955b8fb62679440f9,178.94490598907623,7802.700873905135,34.33911722714216,96.347786,46.847897,30.099878,1678.8712,-14.231524,14.27683,-0.3116213,24.050453,19.206177,0.72017926
fd66c080ae55f1c5cbb61eb23f1f228e,170.8428737528362,15955.979353676616,27.85337571232907,85.355545,45.819042,45.95596,4346.14,-16.857409,15.280192,-0.35475096,27.257225,19.737814,0.76066625
a9f6492822f7d89fa2d615f6f88b6ccf,212.30470157019698,32240.747763473493,35.89194806975929,66.26957,40.181118,49.570015,1472.6204,-20.907944,15.828122,-1.3866138,31.661282,21.528538,0.9049947
90ca20cf4f18a099085b027e1a52d0af,158.21970267010505,5282.707538522896,24.868730163993224,90.50051,44.402275,26.349222,848.07794,-15.1645975,14.617838,-0.49409685,25.226614,19.245876,0.7232078
06234af739f8171c9d6360c6b22ef521,158.81865832111131,4582.672606583483,13.030481624005175,89.46289,43.44822,40.76922,4350.448,-15.46183,14.654583,-0.32925814,24.932636,19.397463,0.734637
eaefb88dcc3b5de885ac6e481a6197e8,172.48710753651667,11231.076624372217,38.33150437322876,92.14394,45.244057,33.7136,2910.839,-15.26353,15.010583,-0.43838787,24.939907,19.01181,0.7057271
6630412305e4c1d0236e590ba8f6edb0,180.10860068142497,8229.623253657815,30.22218975148511,94.287125,43.360374,17.223732,412.44022,-14.155581,14.296727,-0.4562054,23.732437,19.051094,0.70860946
65998924b1c11e40891f25366802f2f5,493.0606410793683,139241.3762136527,52.358973680117906,58.67045,44.398525,109.82652,6088.418,-24.483292,16.147318,-5.4881063,41.26255,21.167265,0.8748022
eedd10f74b687c44c0f89439fa162153,656.71668561733,35308.75360388917,20.2117709251272,55.693214,38.063812,241.7148,18130.596,-25.531214,14.501686,-7.317928,41.146183,21.559496,0.90749085
ec2b724e76e20bb40b553e65487c5155,412.8522192336288,28041.173164467164,23.630516415801708,68.7581,53.16729,122.873,3536.0603,-19.605206,15.688447,-7.0936213,34.45097,19.823519,0.7672397
fb4291ab7c59156108aee76b114fb84c,226.5097027923075,7938.636722232526,20.437695381898898,46.064728,38.42568,28.015272,778.83026,-22.709366,15.78786,-6.4743667,38.054184,19.384838,0.7337101
2213defd278c67f3485007fa9f9c0217,164.58630509977485,12161.165922847258,21.730089149325334,46.312862,39.615177,75.79577,4874.386,-23.755575,16.887123,-3.033797,38.498947,21.531158,0.905197
b165baae9b4a2dfb69464018290bce03,183.9475458941208,12649.081395134499,37.89547934119439,65.16931,46.49678,50.658264,3688.2324,-18.693624,15.664721,-1.6474278,30.066717,20.621542,0.83034647
6cc13b9701322ef7dc64fac5265c3a68,208.81302839686205,17965.450454386653,38.2752255744834,77.15768,40.02543,39.58741,5382.539,-15.82016,14.811148,-0.81669885,26.102407,19.593035,0.7495289
7028141463a7dad3a20709e022e888be,210.53045328146231,13745.084255036294,41.13714342255474,97.30838,44.67726,17.772537,1093.8944,-13.281821,13.513801,-0.29287964,21.463417,19.450079,0.7386261
13dac123801149c3ce460b8b1c29b5e3,206.59718098972579,31272.736081105388,39.816544689009646,73.55218,42.17371,34.497574,1735.3885,-16.893534,14.5854225,-0.74042857,26.187004,19.72599,0.7597009
16c6b4d8d40136743213d4db03a755dc,472.5840812595098,109902.9520298323,85.1085028510619,76.67079,48.194572,78.183525,3202.83,-20.08629,14.974051,-1.4326937,30.56186,21.612997,0.9120942
32505cfafc921031a8d7a72766e24376,430.43421974584044,81413.2762004842,83.37938089056264,90.47864,56.13448,85.801056,8897.239,-15.34951,13.693974,-1.8733346,24.436266,20.035494,0.78379625
9438541a1f6e21a835227d92d50daef8,328.2343108027345,59123.73061181845,101.48093267358824,101.143394,50.31005,34.78487,4617.0737,-11.84321,12.159373,-0.88289684,18.69696,19.285904,0.7261604
fe1089cbb8f741bf89af619977dd27ce,256.00597399527913,28881.24658147805,63.95664937230025,96.22453,46.192883,25.875177,4023.7393,-13.073224,12.519618,-0.55755675,19.753757,19.464132,0.7396594
ad5436a72072f9942d0e523703f4e39c,155.71092946094473,7635.136501677316,31.004850371816968,67.000374,38.04445,24.589378,1743.223,-16.801796,14.272119,-0.743168,26.155304,19.571255,0.7478531
1c109216c6adbc907d19e92bfcf29e6e,150.71587349210395,9762.403212383122,27.870415742095236,46.491962,33.07662,79.228165,11333.693,-18.373056,13.456326,-1.2698011,28.346663,22.034147,0.94798976
27de3b82a8020ad3da6666420c326bd6,187.87588569742306,16386.163069187754,34.22856653629295,72.64848,50.81,33.57998,1721.8094,-16.381662,13.927674,-1.3849778,26.272705,20.016619,0.7823484
dd75b3a8ed01ba5937f8b9f3b7e699a8,155.27347995719495,5381.865950747983,21.197825551562037,75.848976,41.274384,26.421587,1378.351,-16.008665,14.838309,-0.74118,26.49095,19.077278,0.7105944
02c60372ba8be61cad5095f96e5f8aba,220.68329592613327,16091.378339794413,38.02415273576095,81.677574,45.846584,18.156096,673.02203,-14.466635,13.157596,-0.65920115,22.009651,19.19125,0.71908164
bc423d867a27a7e82d6396f8e0696d83,217.7963174155581,17398.70442305104,41.17851284369199,83.3826,44.45745,16.949957,767.3189,-14.469485,13.274444,-1.1098992,22.674234,19.289604,0.726488
4ef1c7f71f8ff38e4ec64c7d86b01d2f,397.3198312694629,114399.21469951223,64.48174552513161,78.45644,43.93165,56.872932,1598.5021,-17.497505,14.598281,-1.0893089,27.089815,19.967594,0.77842975
7680d4193f2c228bb5fa43fe28be6a61,565.4461085536118,99395.96732315946,51.061420474602585,87.75383,53.81098,90.37294,4579.0107,-19.33528,14.757596,-1.27623,29.92361,21.772058,0.92555344
3f05b6639e1315abc41e6db31641c2e6,327.3401676194605,41775.478177944715,68.91394493342806,96.49064,52.952995,37.062744,2720.4482,-12.599276,12.741912,-1.5830351,20.458815,19.857233,0.76985043
621d2339896128ebd27adbb7c6c0990f,286.3425994011361,37323.6102810348,65.4734607341542,91.83387,44.950794,17.503729,876.6819,-12.574623,12.100503,-0.7720208,19.32395,19.346487,0.73075217
a5e7b01f2fde6d584a8c7a1913e11df8,264.5463367761081,32774.111980843554,76.41187919146873,89.98213,44.338398,16.930885,794.7373,-12.209653,12.39981,-0.7115369,19.608225,19.394932,0.73437643
aa3536db4dfcb1cb3173ae59ceb2562a,192.0693826990652,16747.209860193754,37.27935095106687,96.93725,54.0854,15.694703,433.01096,-15.305732,14.158164,0.015245409,23.133774,19.41189,0.73569345
71a34da78d2bff460168df51242b67e4,255.972391767444,26751.690395750407,48.40403856145964,63.494133,46.90434,155.8066,20995.984,-19.5155,15.505342,-1.3160217,30.347466,22.122208,0.9555799
467c1001f1cbe91f7ef08e09c0a43f9a,168.24787179875133,8890.08321896325,28.323251387026804,67.62852,39.703846,40.017998,3188.675,-17.391125,14.833149,-1.3340828,28.063643,20.222855,0.7985657
0abcb9f4421052e7deb261efa6b1c447,236.43627589099597,27921.13840643176,44.2384449837423,80.2759,43.287918,22.581898,1027.195,-14.868984,13.49598,-0.7675952,23.727833,19.299137,0.727169
2489733d9ce3b02f37d87dbfb31e3965,238.7570544448881,25613.589690351873,52.28206044076548,93.41081,42.72131,14.745107,476.10272,-13.131742,12.829031,-0.52339005,20.305468,19.22201,0.7213891
44464057b2574b994eaf6f31e39290a1,205.64315417804386,31023.312007263004,53.29756870430621,90.28795,45.50036,16.764307,506.95358,-14.31695,13.652599,-0.062318765,21.488035,19.375175,0.7329443
bb197e1e4d467fb4b43e9e5396433e36,217.51087054725627,22923.211719108876,63.178767105910154,99.59143,47.738094,20.015448,1277.8716,-12.570636,12.497783,-0.12772352,18.950512,19.335758,0.7299485
b1a290a59226e6a8cc0b387ea251f2e3,200.99816864215984,14952.024737969561,40.81121716122802,81.488464,35.507317,13.712015,732.4969,-14.607417,12.812704,-0.37523448,21.597813,19.361471,0.73188514
d1ab288eb9af72beab5fe26ec83de1a0,114.63338464813636,3519.188959391214,15.83135156271054,50.516563,47.105297,81.98326,1589.1227,-24.534452,18.432962,-1.6444099,43.598236,20.03405,0.7836426
24b543a43b1bcc482b41c46eba85c9d3,135.9608134842632,9415.699041830194,16.74899378260882,66.94358,36.17582,45.30968,1825.8822,-19.93809,16.024075,-0.67726547,33.25358,21.457531,0.8989843
36da3796af2e004cff5fbed285c5e6d4,360.49558134083946,52215.284606737274,53.888215680538565,90.29602,47.692413,40.109436,1684.639,-18.80609,15.3235035,-1.0800748,30.897417,21.874481,0.9342905
7d5de709529479793f553827b5819ae4,220.74506351379088,17053.78260900244,41.000317758423904,95.093575,39.38993,77.751366,22666.059,-12.856343,13.894101,-0.47504634,23.042744,18.891071,0.6967572
43075facf6d3f18dec4578633497c0aa,208.5899801588633,21429.170439418995,46.693062040314686,94.07084,41.303665,22.878712,614.91425,-13.4637785,13.793669,0.02941342,23.026176,18.650238,0.67908186
4c0373eff3bd5123a47257280847d70a,230.33501709970773,47104.78414948266,22.959757012382372,86.80373,38.152294,34.68241,868.8403,-15.712335,14.633742,-0.17431645,26.044094,19.514046,0.7435005
2c5e41eed928504906ad1b293de9a726,509.2020759469723,62671.69519117366,52.165915515632044,84.44821,45.435513,89.87608,13361.777,-18.228525,14.571876,-0.35741338,28.517616,21.831501,0.9306208
23c89fa3feda0a70d6be75085233733c,316.89063226019255,46163.53569834878,54.63901050309909,102.089905,59.408752,32.89264,1714.3855,-13.521733,13.519538,-0.75909156,22.212584,20.070286,0.78645664
8b31fcb6ccc7cc816af277601af1f142,370.95520105098706,52398.843876282444,83.38045833353078,110.0565,47.37097,20.068632,741.8661,-11.583989,12.461996,-0.177476,19.5077,19.780918,0.76396394
48423b40f56bb11bbba8ce0b69086da1,368.60141749246424,60905.38963976461,84.72134308731282,98.975395,40.412468,20.31447,1341.59,-12.416555,12.667286,0.019973354,20.588284,19.233196,0.7222417
ea6ca8dca34f01b3b9cfaf2937a0b049,331.2497971724737,53884.97028255271,86.4786336401589,93.65007,41.06807,26.406916,1551.625,-13.704909,13.047115,0.056917652,21.973276,19.378637,0.73318666
ef9c0e68996a36c6937f97a8bf6aeef0,178.53487825110477,7985.645724632878,31.18296646578976,83.155174,34.773384,15.267262,370.51465,-13.576645,13.814763,-0.6802417,23.328676,19.21137,0.7206111
41d62aad16e076ba9fb4f90f9cce570c,208.07855679430065,21786.260766476928,36.50335787355023,70.4927,33.314766,49.14053,2332.1057,-17.256052,15.087932,-0.40914878,28.163754,19.895554,0.7728231
7a9227daf24b4948719c3c11aecc0455,211.96129748356134,23503.74786390996,34.79426474231904,62.65764,36.47438,99.68153,23328.195,-20.111574,15.345231,-0.97516966,30.895662,21.760502,0.9245776
0a3f86d795f7c36e200824685adce2f0,152.02294701149134,10352.430349960825,31.2158125722309,70.10738,39.691826,26.53129,597.2247,-17.526497,15.353207,-0.7601997,28.109777,20.933039,0.85561603
89a8b1f574221d452d89cc803e51b48c,211.74988148141946,15710.5872200003,31.73540803620591,91.08155,39.305706,37.40239,1210.5801,-12.972917,13.970195,-0.3867302,23.020721,19.18555,0.71868676
44b0b60a40067f7dac810e36a29c5591,270.19093296983704,32753.758440709265,80.72671187913406,93.04348,41.834705,40.144608,7316.8765,-12.513509,13.121845,-0.1145414,21.118996,19.332388,0.7297248
ae3f496e26a17a1dcb7336140c370924,224.87613765375886,42448.81531871022,29.90967046850266,84.30272,38.166546,32.342937,2499.6792,-15.248105,14.601614,-0.3406535,25.861282,19.416876,0.7361092
2238d37ce2f48f6c105190d94948ee41,534.7633069006016,62710.918770217904,51.72512561841171,90.63334,47.261875,67.4444,2368.3687,-18.192574,14.324435,-0.9602369,28.232832,21.700048,0.9194534
f0aa0523583be4f7ba9234fdce602e78,288.31790592914575,38470.244732115,60.33209531024878,97.61124,58.754818,22.368618,428.245,-14.627443,13.963824,-0.5527048,23.422981,20.34981,0.8085737
83d3c511cf85e8901155eadf16effc47,411.6117587006977,74034.93867114908,92.03077769068838,108.692955,42.640446,22.307888,792.2437,-11.547699,12.825473,-0.26112694,20.340668,20.206814,0.7971933
8ae04da0c633853a3b1d3148f217d107,250.1910994866921,36174.332240750664,66.74446334130658,90.72016,45.26097,18.180185,634.0961,-13.119046,13.104793,0.022622796,21.611115,19.115253,0.7134335
f7c2217b99557a235a86ca8ba3b3dc79,198.7042193962983,23952.85318601957,48.64121840863369,91.3008,35.263268,16.715115,394.63254,-12.701417,13.536501,0.056443427,21.866552,18.90226,0.6976175
65c245b627eef014b3ddf720badef4e8,207.57529374457764,23883.294716758282,52.71845987269949,88.20548,43.116745,15.014781,329.40875,-13.675023,13.501124,-0.13874526,22.396393,19.15198,0.71614707
2877d9e0d7bd1843084c8af200ef5bf9,183.84445354794198,6794.144446392239,30.51932684399172,91.05694,35.23755,72.45822,20064.723,-12.275575,13.315424,-0.58729506,20.966301,18.798204,0.68993986
36d3a3b8d6451a8a3879ffcfb80ecc8a,163.90027147508928,14074.113371434922,34.77477125469807,105.813354,35.165524,28.140465,1194.2946,-12.959711,14.179019,0.6673252,21.832558,19.352442,0.73116064
f0b88410d70637e16318d66a85e613af,151.24651855804686,12442.897285523306,36.80461264458334,81.038475,52.525948,41.527397,803.2757,-19.982435,18.54062,-1.0764683,37.807335,19.862738,0.7702866
ae14af7fe8fd0ed9629e36d2b1bd9f14,301.3895429745284,47208.917740109624,96.22264802376196,70.231255,36.83403,152.51447,15382.024,-20.677021,15.710106,-1.1066396,34.409283,21.631231,0.9136325
346a178f626c5ad2cd399cf4522faea5,129.17677096440693,4549.494217301787,20.03190173645229,49.209766,34.16074,40.203907,1259.5336,-23.577957,17.488478,-1.6014503,39.720276,22.170433,0.9597556
65501ebced6ebd89332c7048ef69d54d,142.3661177983307,4390.617202788514,18.971549974138274,80.25996,42.01447,58.78665,6743.344,-17.509037,15.982378,-0.5701585,31.072605,19.898664,0.77309424
4caa506842c5dd4eed595c7aacf7b6f2,165.991319185262,14620.546589285004,24.626547333729185,85.56791,37.72999,63.991863,16812.69,-14.773261,14.569108,-0.33180264,26.395504,19.558338,0.746858
9e7f12e297d1f4ee930ead9ac6c7e1cb,134.60283412625282,6127.633128592711,27.96526472323019,70.95782,34.20556,32.39556,1139.512,-17.424057,16.08288,-0.30965108,31.144852,19.730152,0.76008165
53323674b7b8b0715d6a9d03fd758fa9,200.18407815961947,5972.553071153175,26.990891343412024,87.45506,40.041264,24.515533,1070.93,-14.308894,14.586822,-0.8586553,25.632977,19.414883,0.7359499
7c094b76a65c9fc2ff2e4da63ab84693,157.59932952761946,7764.002282220852,20.77762495013112,78.03049,32.2144,39.36535,3766.0034,-16.382212,15.584545,-0.61319005,29.231512,18.973833,0.70284146
03b9b69ca24b4dd70493c30c60b5570c,248.03473191311747,36421.30761373755,65.37854023193646,63.152893,36.067764,72.8725,2921.124,-21.3378,15.752973,-1.2242805,35.045834,21.781275,0.92633706
13aa89edd8c73ae1fde7dce141e54349,178.2574300799358,20643.75850488501,37.34784959870784,61.3899,35.24925,48.01777,1753.7158,-21.973501,16.842154,-1.2031673,37.144512,21.698895,0.91936433
e99fb3bbf09ef21f44c27f0a5c2985d3,198.40547256421982,10135.822820772795,30.135533642166948,79.742546,45.28684,57.070705,9505.978,-16.493351,15.840429,-1.3899425,29.89519,20.565826,0.8258736
fac85e9fc031e027db6f028142fe6d5f,242.17626673220593,19711.283341057337,50.95798260596678,94.17844,44.24784,24.187592,1752.714,-12.859328,13.677914,-0.5192068,23.441912,19.79216,0.7648188
dcf8fa0fc96abbffe8d6b17fc7d5e958,246.8636370847964,19912.255314458056,48.387452142738155,97.54238,37.805954,41.824825,5639.9697,-11.977251,13.266076,-0.4770599,21.61999,20.006763,0.7814653
737d9ca68ce297e24dc620ac204580cf,179.71662291744263,17248.409976299026,46.14517926227291,87.244965,34.67347,29.583447,4033.4575,-13.83337,14.087653,0.018954761,24.076502,19.438028,0.7376647
070fec63df0a625b7faad5cc85d3cf27,190.33554207981294,21121.46276986145,45.92136908148243,66.350494,38.77571,78.548546,5676.6123,-19.442898,15.873013,-0.78964096,33.03916,20.40323,0.8128076
620c76d2368dd456e1d08c64c6402ace,241.72688621223682,34149.53381713516,50.940529779686194,64.1512,35.448315,59.73653,1858.9763,-21.32574,15.958193,-1.4662191,35.1329,21.489769,0.9017273
f137a0046b821c01ed039afb70dd5242,212.61138159360675,12856.212653462713,27.598053868514114,84.02714,46.43999,30.101463,1482.0785,-14.869398,14.459737,-0.65929776,26.269878,19.855747,0.7697766
40c839d1d2e655e426282b0333c61914,227.9202698267726,16015.077627652316,40.11771146979067,83.36248,38.784885,18.749157,401.76147,-14.06124,13.562927,-0.62928593,24.10378,19.793812,0.76496094
2dc2b551fbf0800fd17d9eb46a8d007b,211.1025666872341,8683.627814174002,31.19140755592815,84.572876,38.75574,19.380428,433.56058,-14.345859,13.738685,-1.1640831,24.494465,19.541834,0.7455861
1f3de5c2b0fb8ba56c757207cbb55737,178.30806573815772,6455.380399562039,23.645720807298165,72.61614,33.262188,20.951557,592.2403,-16.029789,15.070839,-1.1246135,28.077679,19.488554,0.74153566
22fc20c02d8311747c96fb2f3c4d89ed,261.50321899682586,80565.13285518358,72.91311599836187,65.088745,37.071087,60.32276,5085.593,-20.294712,15.564145,-1.1748927,33.777508,20.824385,0.8467049
4eba87a746a10a2ca00bb8bdec97bffe,227.51479524712167,57204.77406771036,71.22534422530056,61.692696,34.958214,55.186577,2504.4692,-21.041073,16.205273,-1.0050526,35.020107,21.906399,0.93704855
663f4df32662de17a770bfdbe0260840,162.65292396181795,9556.929200223716,28.39568435719173,72.20112,39.489414,40.902477,2685.3264,-17.614548,15.956265,-0.64301443,31.044209,20.613764,0.82972103
c4a2a04811f9134c09b74fe360839ed8,225.1665074910458,24758.197840511875,47.31630182339461,82.11971,38.778854,27.943537,804.9559,-14.820567,14.56064,-0.63672274,26.468975,19.888872,0.77237165
d345ebe7c70152e85e608e8d0321a5e4,218.31504103805122,12523.497158766251,43.846583764603615,92.4861,35.887894,37.174946,6311.282,-11.8650055,13.373652,-0.42137644,21.79904,19.723013,0.7595065
925532a854ba25834524f62bf7593377,199.4536824260827,18611.53213313715,44.32109641861934,89.103485,32.88943,22.67759,1107.8374,-13.6120205,14.138152,-0.23610526,23.862337,19.230509,0.7220277
5f3715377b7870332c10cbb9226ed39e,234.05470235298105,59018.68637901072,55.059150026496006,71.99092,44.556313,45.695644,1863.7015,-19.006208,15.789818,-0.8989878,32.566025,20.503693,0.820836
1f47c79d3f9e6973bfbfcc6579823345,248.73049989989795,57177.47238576953,82.39636210351063,69.32954,36.418888,56.695362,2114.5544,-20.317053,15.827142,-1.1545014,33.92395,21.664618,0.91646767
74f309a0fe1c274aea66636705120faf,223.911535719131,19911.03805913929,44.59522009906564,90.39765,49.587147,29.39765,1135.7983,-13.6691,13.765675,-0.64925486,24.075335,19.89579,0.77285683
bb8198c68eb95d089655abfbb0d00361,252.65996820590857,25869.68541369395,57.796124026904295,100.98851,46.53409,19.20181,967.17236,-11.680614,12.808277,-0.29394633,20.858011,19.726646,0.7597569
22872e9caf45026dc8da3294862d3182,216.5962751959419,19216.072638744452,53.50320690246908,87.924545,33.94244,15.091104,374.39404,-13.789133,13.432799,-0.52487767,23.020956,19.269188,0.7249612
45e62bb5900b328d22df03cb56ec22e8,158.73697171971273,3547.2617911398606,19.5901983028386,75.614235,32.81036,26.612,1071.2034,-16.066133,14.984174,-0.5431265,27.65068,19.278517,0.7256495
6c740d1d247667d009ce6a42f126cbf0,147.86222224454616,3922.982450857632,18.642274860763294,83.97935,37.724194,28.722979,1046.3245,-15.9283905,15.262428,-0.21222991,28.57839,19.579899,0.7485124
d7c1ae517bdc8a642adbe6ceb66d79c7,209.75293431254332,19444.101271560416,31.81725733425876,89.49425,43.15959,22.85801,1266.427,-13.460302,14.081613,-0.41514578,24.368378,19.507278,0.7430101
17be532a784514d9cd39055bae56502c,213.12769469436523,22247.970042842106,44.89698773142453,90.69072,38.86418,43.343452,8991.168,-13.174507,13.844349,-0.51152617,23.900057,19.817411,0.7668098
989200117ef2698b50a0795915c8eaf1,146.5952624449732,6342.500802442472,29.911338970307515,74.30589,34.227867,25.357172,1182.5314,-16.088837,15.121938,-0.2453073,28.655947,19.99315,0.7804365
395de5a92e64400521a84de4e5167864,363.98535797052386,73203.31857384813,28.38793614139552,33.515007,36.670612,314.1306,43472.113,-30.11678,16.636652,-6.102864,50.047035,21.393633,0.8936339
28945ce4e107fa06baca6ca79ef339b9,588.993947007538,47373.44940180749,26.911900308757023,45.802776,36.25556,165.4541,10421.093,-28.934668,15.116801,-7.8399734,46.7671,21.710194,0.9202758
aa1c6a6e050b0a3bf453a42cb1409497,343.3126907332895,11176.95267704166,9.027551332835914,32.02017,31.990248,352.13364,33007.71,-29.93642,16.679712,-8.613885,49.790863,21.433352,0.89692545
0dd1f2eb471f771aa774d038f469ce83,225.88197592894355,2806.645418315954,7.5816527121092445,73.09856,41.669334,79.45645,5864.6943,-19.537504,15.809482,-5.0891414,33.493603,19.743773,0.76105267
537e020cd43dab48347ac251881b1663,170.09745160158727,6752.965051722584,25.730239304904483,82.72086,41.653507,34.74551,1181.1144,-16.706783,15.985225,-0.7621126,30.093843,19.98357,0.77966005
0a6d5a52a0965867bd50f02eda9cdfdd,204.40022455592387,12295.203427906994,32.60868853127752,83.27171,44.587223,26.47595,924.8333,-15.437915,15.0040455,-0.9696235,27.204689,19.380026,0.73330307
2bf2b3e906dd22632a3b0d9dc44c79fe,176.26272067696823,7000.431530788606,30.645070120994685,85.08408,37.359997,34.67332,2682.1384,-16.356634,15.38676,-0.9870207,28.662048,19.721067,0.75932574
341e9fd194244c00d6fdbaf2c993a1e1,369.372890339388,71780.82668687969,47.420232933277674,74.18212,42.80429,253.30177,38129.336,-19.988596,16.041708,-1.4506798,33.27157,20.892168,0.8521831
d11582baf643625da6c53a4664a41799,182.07737658433894,22553.012416164558,34.11581721155437,54.8589,42.69507,78.29862,7265.1816,-22.527956,16.532755,-0.92097855,35.182213,21.525831,0.90477026
f686e2cf2a3e3aa09081a9e228bbc2cd,200.19325861305066,9748.06340931297,23.084695617562026,79.30306,51.372135,39.867817,2305.2886,-17.064156,15.268187,-1.1211697,28.58449,20.158447,0.7934321
9a8913c5aa7771d5c439018e4846b137,256.56414895984835,19679.614710857513,51.2710941423982,103.33478,39.475864,19.89333,1684.3689,-12.672537,13.851197,-0.6825672,22.320358,19.477194,0.74069226
f2b3689308887324f30b75d97d20848d,229.1934453614766,23837.39071798227,43.414327844680734,95.39094,43.06229,32.595272,1842.5352,-14.123054,14.399142,-0.6083353,24.46036,19.47327,0.7404115
40da9384c84c2e08b5e0e506edf0db03,177.57724494274612,7235.930607429488,26.205673594427488,95.53836,50.221653,27.490156,724.3412,-16.117708,15.296934,-0.6031494,27.882818,19.271254,0.72510505
610d80945b4429275c23b0ef50ae1cd7,171.96753209168952,6170.357736287028,21.978263108687504,78.881584,37.03729,41.569992,1803.0927,-16.647285,15.381608,-0.856676,28.827185,19.938208,0.77615464
84ccb3f8c8d999db8a633ae331188505,286.0201241153717,25243.459476427768,35.99749377078133,77.12906,48.664825,139.04135,12976.482,-22.247574,16.920727,-1.9393443,35.43015,21.788805,0.92697376
d1088d425639f5450ce7d6c660ec85f6,176.8860821249134,9011.378266580105,27.952259552636516,69.98059,42.07095,61.863045,2067.43,-20.98563,16.862625,-1.342259,33.684113,21.471403,0.9001755
04771311b6515f4cfaf233ed6b21b46e,253.73704990418796,24115.229866677164,51.242567018875164,105.27135,48.828136,19.520275,818.1839,-12.763754,13.574236,-0.4296926,22.435879,19.270025,0.7250182
258bd663357211c1f32c80a8787b7355,221.27328878321907,17938.57474102351,56.47518975970605,89.25978,45.46476,24.187643,1324.6097,-13.583464,14.043789,-0.61724055,23.90719,19.451128,0.73871744
334500e9723577611d9dc473191b65ef,203.5366950622341,20970.115278493762,47.960005024932435,94.01373,47.8508,22.082817,1005.61816,-13.513737,13.956151,-0.14095113,22.98862,19.383167,0.73353374
6426bad531d460458be93f78fcc682b4,161.62307140080807,4522.679678450208,19.823214823489135,83.65358,37.826424,37.098263,2406.4456,-15.389907,14.829792,-0.8078415,26.557476,19.738832,0.7606905
201e6520bbc34c23cd28fa09d31974b5,250.0532476806434,34751.50010826566,38.16783844443269,76.154045,38.945816,86.98104,3181.4517,-18.299244,16.346052,-1.3894374,31.428944,20.26805,0.8020815
57db145c6958389eb68613ede1a24153,276.6712514781774,57856.30110553407,51.97793357833213,71.12875,47.892353,85.082306,3918.4219,-21.26387,16.608261,-0.89282715,34.145977,21.58471,0.90971684
d4f3d581c2e4bde167731bd8b09fa22a,219.80719709594706,27637.987084105254,41.623931336391905,78.79049,45.86587,129.40382,33957.793,-17.230621,15.941044,-0.9687279,29.094809,20.53827,0.8236233
25ad57f2b6b47730187bd79dd23937cf,304.51868087198005,40457.71905162946,75.92404143446697,99.09938,42.406708,22.856192,1338.3685,-12.1504755,13.265114,-0.47909948,21.711357,19.765203,0.76276016
ee529644861e706cc0ef5cb3618cf9da,232.5966764739202,19994.107894589124,51.569784725151756,99.23136,44.019527,21.883497,861.88525,-13.147189,14.305011,-0.58847827,23.672302,19.540512,0.7455251
ff2dd2331ec7641db740db19f093033c,198.2965721986121,13127.723531082913,38.3751672003607,93.16244,42.754494,22.611189,699.58923,-12.733775,14.297439,-0.5330204,23.069418,19.569088,0.7477317
20dd38f72fd33c2765a28b74f82c9a34,177.99811864319855,4114.21709825651,18.3066146392462,89.16707,42.624866,32.912018,1400.6201,-14.955824,14.37494,-0.35100555,24.733166,19.734911,0.7603845
cafa884fc29655d8e8fcb1ad549a3402,149.2274523411943,7650.077637680095,36.98345640858146,98.269905,41.070724,22.37856,1164.7906,-13.563137,14.690677,0.5793542,24.233694,19.675999,0.7558582
7f16387b68e60a1af3f409e8ed18a6b7,177.39626086042293,12632.020635952262,33.74073748314366,100.40427,42.122692,26.862022,2185.1497,-13.110245,14.045797,0.29206324,22.389254,19.495459,0.7420654
048c3c7e2b6eb2bd662bf882681245e6,161.3776057231039,6363.726363613505,25.76593657134106,94.72394,35.725853,31.929047,3867.5732,-14.257935,14.569412,0.16565336,23.596367,19.641483,0.75318885
979f3127b6bd87adfbf90d904fb39ec1,148.90704138445105,6979.937439031176,32.292720572422226,100.83592,34.442905,21.288584,831.85284,-13.59261,14.753653,0.24207191,23.235533,19.875034,0.77123874
d4824ac3767892eb5577078f0d680b48,174.2570344036008,8930.748251372168,38.95483575155107,96.3793,36.486656,39.39629,3010.283,-12.805026,14.027734,-0.050397042,22.280912,20.138313,0.7917924
f0c43c302aa0b7b8474753121fe6dcb5,214.55364112766543,19856.164489125335,29.786256619139742,63.913174,53.44131,178.251,19327.408,-24.8145,18.53492,-2.9627376,42.98584,20.731417,0.8391719
ce90d95a7d856d179f0b4722097db0df,176.27787159445148,16393.991298496425,29.7945144944959,63.448616,43.972775,51.326767,2673.7207,-21.482307,16.602442,-1.2525578,34.62434,21.676052,0.9174139
a38c9fab3e08abd69056cfc1abd4b3e6,146.10259317926872,4191.026172363885,20.39289638004936,81.73996,46.98571,27.791676,1145.8452,-16.329119,15.86849,-0.3105762,28.592968,19.33998,0.7302753
54c829f24be1e6e09fc454c78fcd492f,287.31540533948396,29155.95097237054,54.79931598878262,105.66942,46.189934,17.787575,340.60858,-12.796436,14.01764,-0.40816864,22.481817,19.135971,0.71492124
a13840e4b842b8c1869dd12a470e067a,161.64536381333005,8715.696447098451,32.017316122224,85.97863,42.24511,29.35685,1512.761,-14.998635,15.0416355,-0.35720694,26.154907,19.059746,0.7092818
b77cfa8eaf272732bb38adcf9535c696,282.26709450863365,50584.81498194492,37.42945806250569,84.6696,44.617695,182.90356,32725.299,-17.252176,15.842677,-0.5963245,28.653454,19.973923,0.7789403
2f957f87e1671f978e72283653d33dc6,279.5246324878137,68841.2178485014,36.75178872182832,74.83921,51.53352,49.992077,1749.6216,-20.29994,16.540518,-0.7924642,32.52169,21.751013,0.92378473
115e87f975cb6aad82338089723c6663,264.37555279651787,35723.00605578491,50.72437936273804,98.98666,54.597816,20.856518,585.4577,-14.1974745,14.532302,-0.60751486,23.967997,19.599697,0.749981
2359f38c6ebf85ed3e765bb28cce3ea5,254.24101754518196,26088.090917639358,53.918445089220526,98.616554,48.419903,17.047363,475.6803,-12.60402,13.457995,-0.6058284,21.900152,19.170671,0.7175028
54dcd93793ab1c3d5d5b683ea5b66f1b,205.34541311117863,13959.273972962623,36.453417974387136,92.756004,46.681778,35.0295,4358.771,-13.573473,13.927744,-0.40494317,22.851805,19.04485,0.70815486
455a82fd7b30b58ae8dba762d092ea2a,168.56846053450639,5420.472473950303,20.403106687317624,82.90459,35.393005,23.84217,1313.7112,-14.998177,15.265753,-0.6055152,26.388374,19.196522,0.7194699
172b486c9ac3c0271b8124dfb6bca915,148.85709143139073,7934.888976397393,34.16871115143846,70.82107,44.938553,42.04598,826.1714,-18.142727,15.52189,-0.5135964,29.317036,21.642159,0.9145069
c6089a33358aad95c9830a256898fe5c,382.11380214008653,67121.44299410407,45.273440646229844,97.52936,53.352146,108.98204,9912.439,-17.339268,16.270578,-0.57838756,29.350714,20.763042,0.8417773
b62ec3fce09ef4f3a627940b53ce53b4,236.80068534888701,34925.657842674846,55.35225634920569,100.69502,50.52693,18.839796,592.87866,-12.632295,13.882705,-0.53325,22.527374,19.343761,0.7305577
c036d5839a419f0a26f699a4d56d0ad4,244.06317432141378,26698.41788133601,46.20796463090494,101.01485,46.001556,27.292929,1345.8002,-12.785831,12.982021,-0.26703396,20.819801,19.302118,0.727383
bf38f95effd8e80b84c5d0b1b0aef751,175.2456328584755,9681.971440736226,31.380548748071114,84.760414,36.96748,26.80621,2105.7678,-14.550814,14.716299,-0.19830671,24.506756,19.242216,0.7229135
37064a185a302a0f2458b33df4604aa0,254.28142747126697,49344.670494125065,37.814246850721915,87.85981,47.93309,98.529,7543.2373,-16.881937,15.797704,-0.04098204,27.842743,19.725512,0.7596752
67a570ede652fb080cfca76009c7d0f6,254.13264657767098,61448.259315926174,40.27603912084163,85.93438,55.95603,63.4072,5025.234,-19.431816,16.479738,-0.39601663,30.838612,21.586342,0.90983915
af1f996c5c4a518fde012ab8df603616,222.9369583913494,26346.818514989212,40.07472450122786,101.34082,54.970993,39.84555,3595.8013,-12.601996,14.049573,-0.43474174,22.906315,19.279345,0.7257317
0fb73a144d3e2dcd2ee9b3cd0d6aa739,255.75568252467414,33303.99595294938,66.53060339308085,103.1183,49.91124,26.417778,1754.5228,-11.541867,13.1185255,-0.08506563,20.416862,18.894646,0.6969925
7f17dd7eff4611245cef4acb8fd792ab,246.67688180384337,40240.909161170195,54.86788248800574,100.34351,44.49179,26.383146,3305.4968,-12.071011,13.551189,-0.11208104,21.150839,19.345549,0.730714
825139844fe418da192042d8cebd1f94,171.1998930107686,4462.313426264076,29.851625181659212,79.35463,38.943253,39.74432,6430.876,-15.410071,14.9531355,-0.8985333,25.250315,19.109709,0.71297026
183a7aab29310a60f68e0dbd3abc96d4,259.46998586727557,28640.630191050706,62.44969934809678,101.774734,47.333736,16.383,845.9423,-12.839256,12.893632,-0.3107919,20.358702,19.37198,0.7326724
77626afb9f0d15cf3192b0704f62ab4d,163.12765695758083,9323.247085048335,32.025037619624996,97.066284,47.375233,38.034622,5800.4517,-14.111587,15.282981,-0.24035853,25.46375,19.172087,0.71765697
b2804f9ae66f2bc59898848cfa805fde,144.4685416955748,3488.0918751697104,19.989582623058602,76.12592,34.396774,19.310902,299.86832,-16.269524,15.62075,-0.38759983,27.747305,19.16443,0.717069
e9d55676d1b75faca3a94f73faef9952,224.92260816270297,24758.8891630771,32.10185544973138,68.67086,54.857994,115.30373,6696.245,-23.160765,17.521368,-2.276811,39.955822,21.059338,0.8658923
b1071920445bd56470b654c25dd71697,268.00495335969305,36155.94983373113,43.88217992918831,72.2827,48.231785,106.60174,12355.653,-20.687746,16.024313,-1.4775683,33.008247,21.558764,0.9074715
7b79540315b973c7c87b034fe67c37ae,167.53018616978775,13087.915608311816,37.96718763825698,58.301815,35.9606,61.9706,4921.2983,-21.178581,16.48563,-1.6271496,33.05164,21.683609,0.9180734
f7709db887ac4e2ba68a22e61d662a6e,163.98573118933092,7001.715153884955,19.1565853032497,86.165184,41.15022,20.555677,819.50165,-14.748326,14.512838,-0.5264879,25.300213,19.158014,0.7165925
56d69a931cc9f45652a16dca930e5371,163.90669236737847,8060.584566801623,20.568185531003728,85.61254,40.89727,22.889423,889.1318,-14.994428,14.74578,-0.72483844,25.860987,19.018702,0.7062062
f1aa5d2b5ff64e1b083c92abf5418dd8,172.7732715323942,6750.460970328066,24.213829574143134,92.052895,42.07034,68.53341,13768.65,-14.754922,14.973535,-0.07951696,25.51276,19.27776,0.7255876
de540eab71e397f8fbda4e3d6758dfaa,199.47050181365296,13688.116706508952,27.26931961038626,90.54041,38.427063,18.35869,697.562,-13.694975,14.054771,-0.40841728,23.41697,19.262857,0.7244921
e8f4f9784b7d00cd7c4a21cf7393724e,162.238017637766,6951.240523908088,19.465921467024263,85.7612,38.66395,22.889288,801.8293,-14.910981,14.757712,-0.6136373,25.167072,19.214403,0.7208314
6bcb775620ed4356746d8783b943412f,214.8431764115604,33376.2972890279,36.96580300127536,89.08366,43.01874,46.366543,2852.0002,-16.186457,15.219061,-0.5221046,27.624046,19.979225,0.779348
41698a73fb5facadd117be9362f76e0d,438.4660628155314,92837.9733223992,65.74998334109307,82.769424,49.79394,133.8028,7744.8945,-20.009495,15.447292,-1.1194596,32.142487,21.698,0.9192688
27cb2524acbec7d45a9f4794e790cd90,141.01663338988325,4963.152611431143,19.951466568689547,63.468098,42.86114,37.759777,3142.839,-19.711903,15.58776,-0.8312749,30.58728,22.078876,0.9518488
ccc525cb53f3de17c6fd38ee547d82af,235.22937736428383,21515.478989885523,48.274730627511246,95.79454,42.434673,23.441475,1073.2233,-12.31164,13.03478,-0.3497451,20.814013,19.15746,0.71653557
31c7126676f988b7a8fb8c42052521b3,252.63481160555008,26346.62632464908,56.06555721536239,94.57967,42.965355,40.843796,4473.2363,-12.381546,13.340494,-0.52751094,21.321703,18.910976,0.69822717
ce7ba92efa02895b14993b62146f9ce5,210.8802110799922,17715.58567165674,44.430959275880504,98.21989,46.907803,20.289314,1830.9028,-12.450939,13.580233,-0.07004133,21.708385,19.775293,0.7635638
4d5bcc0df9e041dd1b1e99a8aceec40c,166.022417661057,6428.089863625368,24.943077466438183,86.832726,37.83285,23.152895,1127.4788,-14.422453,14.937581,-0.7125294,25.08351,19.434423,0.73743606
69b7c9e0ccba856a67c3bbc249ece19c,152.5835868168446,5213.22722126381,22.391746764250204,80.57026,36.794056,20.481754,784.4393,-14.518763,14.483292,-0.4512368,25.099028,19.200388,0.71976566
07edd294a4184a53b688b264f39531c1,250.3085281806428,20635.238017398693,45.86245779679046,68.44261,44.0413,65.48618,2717.007,-19.662632,15.705424,-2.348127,31.595196,21.501612,0.90267116
52edcf1f8bf5e32931a7371f26989ce9,271.2188622734655,33733.94954517622,45.16086289877111,72.73763,49.330772,74.590904,4350.045,-19.46727,15.865588,-1.6844097,32.058018,21.894121,0.93596005
6634999d5dafdec34015686f29ee1cba,196.2417988172316,19784.295703212054,32.907887606532086,85.416794,45.197296,29.432966,1113.0553,-14.95198,14.606893,-0.6656722,24.377726,20.08692,0.7878325
41b3ce58fa2aa0b7c4d14cc72e5c3d85,245.6015188048839,37953.79526741108,58.24992156747545,90.25443,45.283993,18.935211,695.81885,-13.2257185,13.296292,-0.22847082,21.950516,19.435678,0.73752797
e079fd8f9e38ae783964a3f122973799,215.86576059478185,17676.464904160617,42.60261523833755,84.01893,40.01749,30.873503,4013.3792,-13.469443,13.727531,-0.48035502,23.016457,19.348328,0.730904
3f424416c93268529d8af93633049225,176.07943274648065,10345.62793154465,28.9448821915491,85.70647,38.064964,19.524273,1154.6158,-13.57156,14.091224,-0.60466295,23.802149,19.094725,0.7118584
ab58ad4a057e0110eaf946c26f253816,163.13904005535562,7899.918332569181,24.234219788792817,86.362236,43.080677,21.792883,1786.6039,-14.84653,14.597255,-0.49525058,25.303165,19.18013,0.7182693
14f0f61e05a66623f7861eb544641533,312.27960095830485,63531.1954295893,44.637527568810825,86.13695,43.78067,55.293633,2016.4288,-16.96086,15.120498,-0.86343485,28.44313,20.477549,0.8187045
a710790c096630f139a20aac341b6c3a,393.89935113755433,85609.06236255544,58.99111636083436,79.02311,50.279594,79.80615,2330.1672,-19.233915,14.840457,-1.3039069,30.128927,21.483953,0.9012484
25cfa5077f9824810de2575063600cc6,146.8185834528496,4489.91160397181,26.21293004801239,68.33754,43.22218,27.117653,1126.4453,-18.718756,15.850097,-0.61009,29.30442,21.036846,0.8640782
59970d1b7eecca8be385af757fca088a,234.7090155424434,25748.078512948745,44.84956891671843,94.66732,39.0921,17.853071,834.00635,-12.688498,12.800928,-0.5571806,20.849527,19.109135,0.7129751
62998efe1246d3f3bfc47022deb2df10,234.91769902505766,24538.317265937043,51.786620181344865,95.635,44.89533,20.518015,1942.6846,-13.047595,13.129354,-0.45259607,21.250721,19.461033,0.7394647
6d97dd9fa84731086e265715e2e24a4e,193.99258035165167,11651.194801573622,34.99421060718157,86.831314,39.722595,27.10899,1297.675,-13.195704,13.30732,-0.34351042,22.05727,19.403755,0.7351196
d63ed17e0b4e98ac5a3aef08037d8e2b,162.49248948878576,5823.675017523181,19.515631831115577,91.7625,40.01324,22.070162,1300.619,-13.780083,14.506032,-0.43607745,23.975786,19.273872,0.7253053
cd560d5e2c5c18c73072a74817e64cb6,182.93807321015845,23532.08913524827,37.645208545113945,88.382935,35.193966,21.887466,523.1277,-14.130202,14.515504,-0.5340691,24.16506,19.620861,0.75163305
e9a4aa3a73eb20581e0dd94142e9c5f3,207.7103152838635,21679.447031865675,42.668018075543564,95.181015,41.44128,29.709982,3720.0657,-12.283104,13.140707,-0.056865178,20.256676,19.571115,0.7478358
e5dc0442e2696697292b918a9d701849,147.70622642335027,5795.326041974497,35.39857355911181,94.688805,35.68123,15.764742,859.33746,-12.991309,14.206161,0.35053906,21.558903,19.367283,0.7323697
80e25e46dccc90f29913d7ebddafe523,140.80980220613853,5299.16074110477,27.194676553648776,108.38678,38.57285,12.1970215,370.2672,-12.733169,14.109709,0.4549111,21.01791,19.343332,0.73052037
f8b7aa99bbfe55831337e8bf8fad88f0,128.2968938863134,2781.248156448441,20.421586482473433,94.06044,32.92122,16.944393,1409.6719,-13.409756,14.274655,0.16862924,21.963652,19.414057,0.73590106
81602725b22d0d94c5123e07fc6d7f45,251.70735682063273,11335.84262384771,35.222577833478326,22.373568,15.160512,14.9175,747.0611,-31.715153,15.896198,-6.5740376,50.431763,18.972103,0.70272964
d7515e601873bfb8d3879747d9d71eb7,236.6560049969306,15558.24775046047,43.417790968246514,22.335382,15.770015,16.51842,1188.7557,-31.334097,16.40655,-6.44913,50.52641,19.071207,0.71015596
13e71c5dd7bfabe981111cfe063482b3,258.0448143824071,39468.43576902192,40.75791294809157,31.913769,31.509064,32.88503,640.84827,-27.431704,18.708366,-5.376941,48.32341,19.518965,0.7438055
4e6177b729b72fbc50528b0b0985b5a8,218.72140566541117,14684.137866294857,34.871131939838556,40.268955,29.200745,74.64813,3201.3252,-21.15905,16.724018,-5.1237655,38.970596,19.457796,0.7392326
c89fdae18e3f0b3dac1031340d0395f5,137.4258596517501,7333.274905040311,18.462845208293594,39.991863,23.570585,97.0255,4099.912,-18.564524,17.520716,-3.3334055,37.47588,19.980877,0.7794579
814bcd5d65552912333aa15c1d553ca4,165.70019748865266,13056.324541665315,17.380735266225745,44.71129,27.493273,93.21149,5103.375,-16.9348,16.766071,-3.7153788,34.447,19.392298,0.734213
07c49cb94c38d306ddb37fccbd643a37,143.00145788440798,5471.175153341398,20.565098195964403,30.862837,15.298519,68.33364,1428.7528,-20.546991,16.959341,-3.636878,38.79771,19.584538,0.74886227
789d571a3fa8afda5aeeb043339ddec3,154.91597050458122,4157.629160980482,14.057352959035743,40.949368,21.073553,51.001434,2012.7472,-20.029352,17.252813,-3.5154881,36.967834,19.330118,0.7295293
a7fbaf439cb8369ba239ed34c35246ed,245.79190166849403,10495.371119701384,17.512995934533844,62.21124,33.848244,109.26257,15111.713,-19.459251,16.904055,-4.936298,35.723904,19.317068,0.72849256
d6a917dbea179fbd8046257ed9568846,174.4460381289723,4608.566826168356,10.543643976927095,39.37089,26.985256,82.39083,4659.181,-19.98322,17.50844,-4.818038,38.778893,19.45659,0.73911226
50840f1564fcdae0e139acf3fffd4fc0,156.10661851667209,2383.8204080289206,16.215846097904688,42.446877,20.055056,44.426723,1294.2966,-19.624918,16.908264,-2.9774501,35.730415,19.406494,0.7353176
07f2c27b064dc31649c8f8f37db1c051,150.7296129800964,3671.469580124885,17.702376805319545,39.143814,20.413988,85.01403,4741.327,-19.348526,17.264626,-3.0295887,36.875996,19.377277,0.733067
716fbbc9acd04cd441f020b8f0e83a02,140.55123930128943,4387.981987793791,16.566807207864116,37.781315,17.598497,79.83299,2644.013,-17.070492,16.357758,-3.1406412,33.63495,19.79589,0.76507884
e1a650286193d45b61a5f747ff2a37b6,149.01105803741834,3700.6399321373615,17.67053779433839,42.70472,24.433598,129.37047,21932.627,-17.637995,16.880842,-3.359064,35.217987,19.428452,0.7369434
8f28b2d6ae34ffd95ac32f8b8afa4d9b,134.13071539693163,1622.7956568474322,10.112355962470154,36.97996,18.53618,62.10399,3026.1807,-18.471869,16.944689,-3.746404,36.340866,19.127527,0.7142869
4e69b530ef65543e12311a1b4c06e211,140.68260209249587,4780.728075095532,15.016420434158235,32.48572,21.952406,62.92912,2735.5774,-22.049114,17.044046,-3.919922,40.171844,19.457922,0.7392051
f13e0d286713061835959d6682dfe2e7,176.66816061186793,5638.624421954778,20.725734313984926,50.039402,27.050268,50.517494,1570.2262,-18.831997,16.459763,-3.739729,34.430553,19.531672,0.7447978
62284b8873d35d44e57b4ff2ed876643,162.28639813500376,6167.508179469664,20.151545817809893,55.773087,33.77552,70.72107,5426.122,-18.24864,17.170433,-3.5051322,35.27264,19.10582,0.7126701
34bf93d2182cf387675f97327cb8e490,188.10322363931107,3865.87201566355,20.944442984695648,55.274162,29.701498,52.36951,1502.6897,-17.891863,17.018806,-4.4546046,34.345516,19.53662,0.7451932
cb7538e7926a805080da3d30d5b5ce92,195.13152613704753,4723.601170617051,17.029123758436715,43.97976,27.813665,49.24382,1402.2164,-19.85315,16.251295,-4.542291,35.84905,19.14839,0.715848
7fd32960ba8547cd8360d9ef0f21abc0,185.38908253727283,10539.271701233438,30.67585946457174,50.06614,27.018646,55.748505,2773.012,-18.88863,17.081474,-4.0262675,35.48658,19.287142,0.72631156
e7d31141d9e620f619f1bcb67ad97cf2,135.66007083749827,5213.233332504828,20.84762099538365,36.34089,23.763258,53.72162,3162.7307,-21.233835,18.660723,-3.7228677,40.821854,19.2529,0.7237215
91fd83a9ece3fafc8da3091a30cd152e,147.93739208489947,2112.2492720923087,15.203683786325533,40.206482,19.905827,93.251434,12813.473,-17.390137,16.488628,-3.6517048,34.584545,19.23665,0.7224394
78c20d3d53d8caa55cb63371d56cbb08,122.73317080611967,1751.453133414988,16.25922434548766,28.929932,13.729961,84.89027,4183.213,-20.001947,16.593592,-4.051351,37.99113,19.9386,0.7761551
f434f1e3fa33f850e119188408cc0951,174.0323286042737,6367.755581889001,26.201521185224436,48.4052,25.593237,67.54575,5827.439,-18.481947,17.013378,-3.8987062,34.419083,19.110014,0.7130137
ee33cedf3d33eb453937d7ee35d1b667,164.69721570062197,4596.236565584962,19.71563577246646,47.760593,22.31913,46.485733,2243.632,-17.962843,16.450954,-3.3527527,33.814705,19.06028,0.7093226
954dec6c8f08618215106936ad6feb30,163.91885015492647,4440.23252045685,20.16116653342652,58.357773,28.344774,70.170135,7024.438,-15.987723,16.62689,-3.6291466,31.808855,19.243137,0.7229553
fd2d77b77c6c0cd92f48d67480110dcb,165.13877861732183,2231.7673540628184,11.34069779284468,44.25196,24.610376,48.25567,1630.4155,-19.73952,17.149466,-4.2400374,36.970974,19.08549,0.71117586
f4df54af1f94fe321897ea082addc607,157.96808761694572,1925.1391032513286,10.188004236755045,50.464573,28.579908,87.39747,11346.596,-17.87047,16.879827,-2.8272629,34.21831,19.245584,0.72318184
58e23ec273318f39b88946176ab09fe9,150.65051039377232,6806.334502282463,18.26685281376531,47.0705,25.77711,76.419136,8219.927,-17.376175,16.72718,-2.8314197,33.69309,19.610826,0.7508739
d78c3c2e1721276364a6c0266cf0cfd4,139.67507905012005,3702.7635714942626,15.489735960632625,52.2644,19.73987,143.9355,32538.582,-13.383413,15.922591,-2.8026054,29.197432,19.511364,0.74321914
2441405aa9d01afe2e7fe5567f1700de,120.15184144153878,2445.7751458727175,18.00733514614741,44.07663,15.663516,85.45888,6674.606,-15.618844,16.329449,-2.9270973,31.77203,19.699373,0.75767016
2b2d642e7e9318ab3cbd0eaef43c5163,154.74024184484375,8951.890131215827,27.082300084284288,41.533497,20.222813,51.02758,1286.6042,-19.08654,17.005154,-3.7655978,36.218174,19.424923,0.73673874
0f58497b4e9950a86945aa496b1ccbbd,144.7747183470453,2536.892188143226,11.781874123156427,43.80246,22.395494,77.64572,3511.779,-17.88455,16.924448,-3.4975705,35.131897,19.17755,0.7180469
de700a5ee19f9b64d8bae0e95f907df2,183.10076933390474,2861.381252120303,12.180315535129917,55.817265,26.174744,54.980804,1287.6057,-17.199488,17.397621,-4.1198854,34.536682,19.725367,0.7596627
ae229619ae320886418924c0b4c7d41f,149.41608552654202,2492.453685800881,14.644523704347247,43.218956,23.177645,67.8797,3770.577,-18.717813,17.012291,-3.9648037,36.011017,19.128777,0.714413
2f80eb6e152656776f3f14e1a7ca5bfc,153.42377686487433,7253.250244662447,18.305434801218297,49.787125,22.805859,48.96615,1212.0349,-16.543146,16.809538,-3.2309902,32.585175,19.613987,0.7511069
8038526390e7cca20a73cd0df1250c82,245.74896571654185,10863.692715686424,24.712067726895018,34.67631,29.230705,25.598162,665.95026,-25.74015,16.39893,-5.210403,42.941647,19.22637,0.72177076
16a2560cbaab3636617a5daa59549d18,249.83025690680216,8483.773170562596,21.779870812943805,27.19069,15.72181,19.775066,684.3439,-27.519222,16.219835,-5.405847,44.54159,19.15609,0.7164826
bfcb8676afacace98230a9e75966a1f0,157.01792479525716,7147.39296567486,37.24439079931566,86.58749,42.483944,29.124027,876.75104,-13.8736105,14.668419,0.56144994,25.588917,19.080618,0.71085346
5c53c81f881b069e07b929bb8d317410,106.081999360948,4463.032520209542,25.1805895903329,89.56219,39.11016,29.016878,890.22437,-12.618818,14.063441,2.6174424,23.720469,18.821682,0.69168454
ba66d1fb8e0d24aeb359962e5d075574,199.1756897019578,15174.133601392352,30.12020886988309,102.65139,58.219418,59.777195,6081.045,-15.899343,15.419436,-0.30885893,26.495865,20.58245,0.82714564
7b000e45b9d34cc1745123ea16854d6d,185.02751158913225,4463.106249551389,13.634447205879432,89.77676,59.555695,94.47008,23119.562,-14.685152,14.777571,-2.5280132,27.842003,19.398302,0.7346963
14a6798bdf35deca71a674009d59904a,225.47199340409637,17538.3664955054,36.61871129043085,95.48977,67.84566,89.283615,21705.086,-13.547902,14.038303,-2.3603725,25.595036,19.558905,0.7469408
60d2a62246a25bf7de6f12fc7a514a5e,187.3724331906832,7654.698027553823,18.250677265657014,87.658104,52.647476,70.2357,15500.377,-14.453664,14.447178,-2.5427656,26.935188,19.62532,0.75197756
04f0bcfc573602cd0dcb78677b408ef1,162.58572115949315,4794.242373075212,7.781629986838955,60.525547,52.555275,104.340294,10018.755,-20.600578,15.634037,-3.0311625,35.599617,19.661139,0.75471145
9ae9684703bf9bc3828449b16c05b604,136.17587108164147,4671.663000985067,14.643314681641636,62.97337,56.841846,74.43132,3710.8127,-18.781635,15.964273,-2.7436728,34.204727,20.207685,0.7973151
69eecfae97f9c8377dce2e4e2ce72526,154.66619385960723,10536.135425885905,35.96573089974259,146.81703,37.90267,20.82784,826.0004,-3.8087475,11.214246,1.276406,18.275011,19.601988,0.75013494
20fdb69d10e335b0f6129288f6150669,146.39714309719898,9417.637508540938,32.28767647328828,126.22316,43.85162,16.238192,343.01605,-6.4994917,11.820624,1.4590288,18.604141,19.81344,0.76645505
e7b0850f896992148f31835976a51f91,229.67941710341796,12639.545152388504,39.311627114808466,152.48567,42.276485,18.295563,1096.0643,-4.254928,10.930833,1.273607,17.738237,19.058466,0.70911175
64361bf3c561b79526055d760691d39c,179.61229270575635,10543.876046754465,37.76073752143698,145.19902,46.016136,25.654997,2796.2917,-6.1409183,11.915121,1.1524282,18.936623,19.37418,0.73283744
383973290b723c1ca88566e755eaaf84,141.09889085126605,4369.844941346789,31.35081133009144,135.37267,45.805744,28.373985,3589.7566,-7.2559204,12.46401,1.2350948,19.74948,19.475756,0.74055415
57b4ae93d026b745a0265e7536d9b0c3,207.9489013662795,57374.50935577174,83.45643481367574,98.953545,34.437687,89.33817,24330.334,-6.31881,10.439692,1.1425558,15.502004,21.660793,0.9160747
158aab0155ac3640057cc9a149ad9527,204.91815649336127,38020.691571811694,56.131135083090996,126.40968,49.524574,35.62631,3853.7024,-4.816794,10.29861,1.4046096,15.829888,20.661556,0.8334931
1e2f787624a33f25d983d72759e585e8,181.7393331496745,15884.481814611976,43.88083364356331,153.09848,48.83702,16.250153,349.4415,-3.9736881,10.992236,1.3615453,17.929173,19.404951,0.73515445
66c684a935aa0f121c3b7601441d2199,164.65786382338754,12242.031067964672,33.64454115904227,133.18895,54.744812,42.3374,4145.9004,-6.26535,11.874367,1.3195107,18.454206,19.607523,0.7506215
c09567b3f68cffac12a760ae8656bc3c,182.15953094096463,16169.126785113578,31.232032781607323,131.86806,48.246075,22.568148,854.58093,-6.496889,12.001097,1.1541194,18.77768,19.631134,0.75243944
77948c954468248dfe1d9874f578892e,182.7938512569359,8776.237009989029,37.359230485230775,155.32022,43.956825,13.488139,497.35266,-4.913001,11.661241,1.446179,18.916403,19.299654,0.7271912
5825b6c7ee2692064377b487c8944a2f,147.52060716494663,8793.476715352082,33.855594428212285,134.39285,49.010067,20.414228,1040.8579,-7.1547313,12.294076,1.3696306,19.528296,19.550444,0.7462566
48951ca054f2a7b99af8fc897bea7ec8,181.72487362338381,40206.65557511587,51.32506048016552,109.45818,39.151325,67.0319,5636.307,-6.6605163,11.252567,1.4012465,16.463179,21.276989,0.88393635
b0ec281488a577e3628b027bd2e828bd,226.075618689087,58770.328406660985,50.366938961259365,123.005394,48.307255,38.521835,1224.0912,-5.238044,11.266957,1.3321105,17.140202,20.943851,0.856442
fa133aed7e51f8af8f3229b6abcf4e9c,245.82267528344556,29067.61647294456,46.70188051335455,142.35675,47.4073,26.900156,1455.8453,-4.0204334,10.911222,1.2405677,17.49475,19.55485,0.74656034
327cb2f7aa3aded7d2ad5fdc539aa4e7,176.2283809739388,13586.522937361362,41.781799501690266,141.13545,42.146694,12.625264,447.93817,-5.15231,11.89509,1.4961472,19.153683,19.356106,0.7314788
d229daa7a7c62efed7e5ccf430451fcc,153.4230210086409,7918.409349653578,27.240678198418266,118.32678,50.164494,23.363266,1141.653,-7.3856454,12.387281,1.26446,19.095486,20.091797,0.78820425
c0709417e5d9f834d862a38d30bab38d,152.53058707699114,6032.517179370469,27.74870547327031,130.8933,46.335285,40.395782,8026.1685,-7.3325653,12.9160595,1.3469496,20.376938,19.60393,0.7503208
be8fb831f0a240cc09f12cc71c4690cc,224.31079737253089,16379.086058866313,37.30634254023844,155.70888,46.27496,38.344543,10068.576,-4.573949,11.203924,1.5498596,17.92983,19.272058,0.72511333
a7a9397f945feefb1b96b3b2ab543034,163.70489994046181,8618.951521895588,36.34295448073634,132.51193,48.516598,32.88181,1745.3441,-6.776156,12.455846,0.97584665,19.698402,19.846687,0.7690343
b094137b90ba05ddc9ae6c3d7a87acc1,142.5210520428122,3512.1132049409057,22.212796715678262,132.79353,44.98298,24.049793,1987.5992,-6.377343,12.22427,1.5413637,19.358925,19.419653,0.7362474
8f4c3d86fa5e64a9a14205d97bbacbe9,185.39809641779124,13097.938372983752,36.57133809776469,149.73029,45.399223,25.056591,1179.9658,-4.4397416,11.212459,1.2983639,17.910099,19.533058,0.74488854
8e8a8936b40e2aacf7822d23cab87fab,238.19286620007844,19811.882818142516,28.152428733330982,132.24744,56.633858,52.350597,5123.0474,-5.4761896,11.278891,0.3858385,16.783506,19.719893,0.7592167
9a9707bc75db9f14040e0145aafbb752,297.33777665545824,14373.84827059052,33.824791675301036,158.58614,43.969864,38.19059,3524.376,-2.8446994,9.769735,0.2271107,15.691372,21.082249,0.8677122
8cdea0282b19ac4b54907c3451535d3b,172.75114510427719,18483.623657526627,27.680446744723433,39.09178,36.62513,67.15069,1782.9397,-18.275799,14.4666605,-3.106994,32.1341,21.83457,0.93085486
b77f58427c3f010e85d5c24c60fce7b4,109.06443769142258,6338.195867694824,25.6366519559159,81.11957,35.417736,117.40981,33708.812,-10.681502,11.697131,1.5179282,18.19379,21.892088,0.93581545
e2701b762b25b0affa606e8c05f760d1,124.91406113463717,5777.434757414415,26.971255848175215,80.140114,37.406982,34.909027,2127.92,-13.906356,14.010936,0.84997123,23.788288,19.232676,0.72221035
76730dcbca27e0b149e3898081df0194,108.14991425717719,3543.754104804306,21.47847041174778,90.39179,34.975937,17.700813,804.8286,-12.132346,12.989938,1.7739906,21.078709,18.896582,0.69715667
dd2f054694966ad49a91974e19b3ac4d,136.1704914041331,6771.803025769147,31.38715390322216,96.45021,34.606136,19.064125,879.39856,-10.537756,11.967088,1.8618821,18.455294,19.274445,0.7253108
d871f2e21a269f018b631c3e7aae6e68,177.85310600377818,10350.993989237044,45.39093754292693,108.005295,32.07704,21.48576,3242.5674,-9.170356,11.660909,1.8779978,16.845863,19.049654,0.7084789
23ce18fc8ec0213df3c22086a660c572,196.961044188142,10601.359147797244,34.24003177062421,115.94387,26.853212,13.905692,794.8991,-6.852844,11.001782,2.1215477,16.009512,19.316914,0.7285158
2524ee641a2151453450b425d234a1cf,206.6411480183174,6047.98026939843,23.55337126594316,109.304214,32.12273,27.452845,1508.5143,-9.663828,11.684086,-0.14791812,17.672054,18.758,0.6869396
6bb8e7aa01db30fc2135b28653147ba7,105.57694601649663,4040.7135738184684,23.005631284247503,97.962906,33.173386,20.324638,619.8471,-10.207092,12.030702,1.9877046,18.605026,18.747877,0.68624
c2b35c4c667fa06f04c587911f9077b1,108.18816517701171,4037.12981596634,27.143376252351572,88.02307,37.086533,19.372227,1496.1002,-11.331267,13.1237755,1.8678647,21.050064,20.02702,0.7830835
d19d62bd7cdd78ba42bb7ec9668bd050,142.84991997324732,39779.24343496478,62.688424613837945,90.91202,35.52685,29.758698,1454.8315,-10.338787,12.371286,2.3783016,19.200716,21.33634,0.88887614
e6a3ef07d91105047f9317968f01cfae,110.47519601727619,6277.94186387165,24.66522873908993,91.374954,38.992435,33.01469,2665.0183,-11.086409,12.622815,2.1757107,19.7949,21.58466,0.90968454
be294681e7527571e77b9221d049f776,99.95034591878908,4290.336678645824,18.843248290275223,92.98563,33.584026,21.594213,971.95605,-9.303743,11.490889,2.4377532,17.521973,20.931974,0.8555203
262109f969cf8f2c04c012c2f43de896,157.70844407504333,6057.329839627401,24.483373526103698,111.43029,36.524902,23.362825,4433.8022,-9.098017,11.834082,1.9291776,17.788963,19.024063,0.7066262
88fd46f18f85fd27be1e906f3a6d56f4,173.91231426676606,8294.037521671331,34.69234962779668,111.79357,28.1373,14.719606,1291.945,-7.774955,10.937116,1.9216765,16.045507,19.033554,0.7073034
133a9ffedabe1fce63c4be83ea946dd0,196.74701384577324,10121.745365125485,47.574429857611314,107.91743,29.193861,19.976316,1207.7281,-9.236433,11.867037,1.878032,17.02128,19.268246,0.7248532
75cc569ce5e0389eaf82d8677444bd1b,201.58929942563972,9750.045468713077,48.50483190185554,108.37908,32.53489,24.158241,3266.8123,-8.305003,11.467429,1.9356915,16.41049,19.13268,0.71467835
e8f5ff675780d16c0fa989d7f5a150b3,200.23814380531113,9718.083782444368,29.895194301357815,108.18707,32.735756,22.430353,1675.0477,-8.787814,11.282825,0.5279714,16.671516,19.221748,0.72136545
dae92aa275fac554b488214ba335ff73,166.89014280343798,5192.810401628863,16.278331771215598,97.42653,32.954086,35.710323,4051.055,-10.579507,11.50527,-0.41073552,17.91737,18.90264,0.6975786
bda8a7c65059ef189919dfdc76c06ff9,120.50150571365403,3989.1257402938922,25.84251085510518,89.67488,27.83539,21.835354,949.6817,-10.729143,12.054933,1.7961229,18.697802,19.097212,0.71203846
d2e4b1ef0e5a8c96432a737458212aa9,111.7878440496582,3745.759440604347,22.94576074000156,91.43458,30.854708,17.031275,372.39175,-9.358156,12.078148,1.6273245,18.816618,18.822298,0.6916982
6e1d17580de494e7d4291e949561ab2f,100.63948734381498,4720.686040767897,27.73502591930396,79.7605,31.845783,31.408258,3991.806,-9.989521,12.176779,1.1863962,19.679165,19.31753,0.72861266
739e035a946b2f2da897c4bfc6d1764a,310.369742111706,71231.51822955941,71.5531710085506,75.432236,75.00287,18.751152,1195.3994,-28.476723,19.195717,-5.1198373,47.9483,19.5749,0.7480473
6e34da4661ad58852b8d2dda26bfed5a,248.5112822902543,30813.429942551043,63.79121619067773,76.804794,64.14226,14.432458,654.89215,-23.58165,16.506903,-2.8911402,37.90455,19.647617,0.7536316
0cc1128ae44af391e9a96bb9b4aa9433,180.8242435600255,21044.74411190773,53.112038612904236,49.33988,46.574886,12.220396,311.66412,-24.65267,14.149981,-3.118684,37.22174,19.528639,0.74458534
ea5552c326cac66c2f26f3416a4e7812,182.27450386847457,28868.946952270773,55.1527798909732,49.85606,51.254513,15.524439,643.46765,-24.001635,13.941861,-2.8193514,36.59809,19.25214,0.72366923
8098063966a27ffca87b626c74bbab3e,202.01349378842855,25513.97973233521,62.263617232478595,56.62874,55.246742,17.121286,999.5311,-26.96014,17.261139,-3.257351,43.839035,19.190329,0.7190114
26d04bdc9231d120fad91ad2611fad0b,210.29948460744995,36592.52264377166,60.169132396630516,56.716377,57.80167,21.745693,1035.807,-29.643576,18.993446,-2.4833658,49.8848,19.488115,0.7414818
7710028ac2be3332accef61702306039,181.35216373122537,27417.21334464291,47.11688795112453,46.902214,55.499924,40.10684,2257.3098,-30.315,18.36663,-2.6175816,51.118294,19.54101,0.74552536
8b05fd2e1f03e9a36cd432db42c3b8f6,201.8322158054801,29485.02462167944,62.915883547800675,68.96976,57.56205,19.120995,691.8888,-25.094133,17.45281,-2.0042114,41.21862,18.70812,0.6833637
e258dbbf99ad53ca306d394a77d9efae,180.26047549853843,29505.209772872426,47.60370426016578,46.600178,53.627346,40.845375,3287.859,-29.463852,17.593191,-2.7096035,48.464573,19.398825,0.7347473
05238c9665f6b11d7ec50f4c1f5122b7,218.87498707344264,43016.0590661748,56.92121218671999,55.475292,54.872974,19.608484,604.4734,-27.205896,17.603312,-2.5331328,46.200024,19.37548,0.732981
4edacae7ca2a6a0f566268eff31eca8c,178.47985453843685,24250.933830165992,58.42748948526773,54.539375,48.586903,21.118923,1683.5323,-24.693138,15.651168,-1.9232802,39.416676,18.912842,0.6984072
5784e623016768de489cd337ccbc0569,213.42071656994082,41017.44217469404,80.81811329977639,62.0391,56.266205,19.802315,1019.1334,-22.611107,15.19122,-1.8965552,36.29131,19.027607,0.70689464
0d96bd7d78fe875a01cd12e0034361bc,208.97148073264984,27206.402960974414,75.91471414285046,65.4803,47.373886,9.801592,351.61475,-20.099981,13.980823,-1.4145446,30.304937,18.70585,0.68311507
642f7938cb1b11ada3e33b7a3c275f3d,180.83470784315776,22200.365286595017,50.21280217709976,61.707306,59.41622,16.719719,1524.0526,-23.106543,15.104056,-1.8953646,36.997326,19.252985,0.7237661
e92f1000e8f1f6a7200613c957f7101f,163.0577314960598,21716.43609514433,54.55387426914614,48.89854,51.179417,31.811316,1527.4926,-29.568996,18.53863,-2.6829925,49.856667,19.060331,0.709333
ae3b680f05932f4ff08c1cbf0b43cba8,192.88155101261296,27590.303747927028,58.32251793628469,58.910255,59.475986,28.797,1466.0298,-28.042242,17.71627,-2.6463194,45.88256,18.83253,0.69249904
2aa943c13bb8726600011bcb712019d4,205.80671284230522,28306.701495805304,71.77585884693505,58.499775,49.809002,32.010056,1928.6428,-27.218594,17.963142,-2.4226742,44.722908,18.627953,0.67750496
9b7f51c488fe5515eb6c849012f3eba9,149.92309799381147,11367.611523020003,25.239169020234076,44.517784,42.809116,27.688831,1158.0276,-28.561941,18.36114,-3.3157399,48.935707,19.20626,0.72021425
d51d6af8e6dcca994f8e6b18c1797cef,203.85544669330991,36657.890964927086,68.0758305213171,54.254158,57.387535,17.811874,733.31616,-26.298576,16.532515,-3.1592207,41.195683,19.72108,0.7593073
ce5ea649d7702a9ae1495eee41adc3d1,171.92811680559632,13357.479360256526,37.14632821534759,56.182487,52.066914,26.89804,4612.2656,-23.966621,14.81539,-2.846408,37.54176,19.239845,0.7227042
aa250bb42b69e182b42f511b8fbd4652,169.2791193509388,29444.772887064388,56.63767328878352,59.067883,60.164886,14.173204,496.35574,-23.129696,14.522929,-2.2582293,36.319508,19.425463,0.7367518
8a20da418d38badac1b851b0e031ae7f,157.20087671438796,14354.524827761266,24.573160558266135,52.37117,46.199085,12.949245,525.11487,-22.28938,14.02182,-2.4446483,33.96044,18.826473,0.69201744
89edb47af99690f690f1bf1003d48d8b,183.9561264124694,30159.05561970726,47.61723248613954,54.43259,54.565258,14.446132,577.81616,-25.741196,16.5196,-2.6987076,40.52103,18.923075,0.6991263
5ea80d7fefe04d0b37309c4f51e9f8cd,236.71202042289352,47980.33481679914,78.60121594309065,69.70491,53.561848,10.579778,624.08844,-20.401329,15.000559,-1.8794188,32.10193,19.036236,0.70748526
7b98d4243496fbc466155d1bfe3f0373,180.6013618604445,33925.66748498182,60.61536889006599,60.602127,58.42423,14.960002,501.77292,-22.875029,14.712357,-2.2557666,36.056877,19.142515,0.71541286
d15ece687d00fe1857ccc2b3eafb601a,208.9181500096975,30432.729827504416,68.86323042333949,72.486015,66.06184,18.101467,1538.7241,-21.372896,14.17947,-2.026032,33.025707,18.750513,0.6864179
c040c9b563d038edbfe390d59917da0c,242.8880797812796,45762.31836905618,96.51688275465419,80.36356,57.14624,13.853231,727.8037,-21.914814,17.197857,-1.7962493,36.143013,18.478403,0.6666312
8dc6339a1fb08a036c28792d524b14fb,219.0514924221589,47669.13060900375,67.26013295741868,58.035164,58.41823,25.908447,1239.267,-27.584179,18.269543,-2.0554416,46.77151,18.859356,0.6944088
44cbb2e92464542a4987324c15adf57c,180.3419534699359,36972.2065318101,51.872830697915056,40.33982,42.612553,24.449842,807.3089,-29.968456,18.051174,-2.3880107,50.246162,19.622374,0.7517388
4f79bbe2485f0bc45b2c6439f1270254,229.62255908522863,45154.639894373046,95.49630324298359,64.29945,51.21509,16.491877,1229.8269,-25.616507,17.770906,-1.90927,43.29391,18.76905,0.68780804
b4040793257533c98194ca6b78dbc588,197.26443815678743,36741.24478808768,51.45380292443244,35.731846,39.04816,23.945442,923.89777,-29.78828,17.152283,-2.609261,49.105194,19.12622,0.71421325
1349d46ee43f915d1e9fb900e0fef209,219.93324833924444,39274.8463636882,68.46436471063238,52.9817,49.64532,20.613848,990.5308,-26.174585,17.516768,-2.1133773,43.71534,18.748411,0.6862749
cdfe6a28ce8815f04ac7b6850c5163f1,159.92874778897698,28781.541277578755,31.43737649655521,25.246666,23.120901,19.89581,697.9414,-27.579067,14.580833,-2.334792,43.22997,19.393993,0.73438543
5e3241f7d3812659defa285005b4b264,245.5692496180856,31106.70166303533,71.1816874388767,71.24642,58.40029,16.365927,1216.6241,-20.393032,14.700219,-1.4570204,31.81258,18.421803,0.6625486
b147ea4ea5c75e4d976e8b4fa45fede8,190.52064541769457,22360.43653236541,42.98658631750271,35.653328,34.455196,16.254807,545.94464,-24.200386,13.843249,-2.2793899,37.429806,18.853872,0.6940206
439ae11afa456e1bb3daca468af80bb8,155.71609349897236,17688.073261236947,35.19128929935498,31.817955,34.072445,21.960546,1631.8047,-25.222752,14.15034,-2.3632514,39.796673,19.192848,0.7192123
ca0401bbec4a043d107d5e3a40c8fad9,179.45827429298862,15755.49693050425,43.698582425211846,25.351206,20.897112,20.939026,625.2847,-31.462618,16.818998,-3.2543185,49.37856,18.5084,0.66883457
ef17d01f1d48f9b5b47380374c9a42ed,182.91371819484507,25975.147798719267,41.825552204865325,46.817375,42.91772,26.17244,1055.4165,-28.237019,18.35309,-2.7702115,46.810413,19.13727,0.71504414
69352abbbf0eebf628823be88dfd81aa,223.25057866119792,24412.01986371085,65.76073567968821,68.24314,56.583427,22.047098,874.8481,-25.536024,18.39699,-2.3474946,42.756546,18.690075,0.68200326
bb25c2e011446211da337b692a9c3fdc,213.05465144055685,34285.90862031951,55.13438307910105,67.01979,57.683334,21.775059,790.3814,-26.724407,18.185709,-3.2080505,44.37637,19.306147,0.7277119
fa5d2615ae1c677ea8985c7922b6e7fd,196.98608731180144,26233.42166584735,61.9254663424028,56.611115,55.47707,26.19645,1379.526,-29.217726,19.472382,-2.4508739,49.685417,19.271242,0.72515064
c997d82359358003a5532d5ea44d7db9,158.7914116609563,26611.728474167918,44.2889946026933,39.296116,43.006935,32.422905,1588.0662,-29.827473,18.259834,-2.4674294,49.812923,19.83543,0.7681585
745ba36fe62a80aa8f14086cd2a3d90a,211.50691246080896,40514.27198876034,65.9793460093794,58.57543,42.565655,12.584474,605.15686,-23.857924,16.184752,-1.7447683,37.656754,18.742409,0.6857876
