song_name,language,label,deepfake_method,file_path
fft_001_Tomar Hridmajhare Rakhbo.mp3_22k,bengali,Deepfake,FFT,/content/drive/MyDrive/Dataset_Research_DFD/Deepfake_dataset/FFT/bengali_fft/fft_001_Tomar Hridmajhare Rakhbo.mp3_22k.wav
fft_002_Bosonto Batase.mp3_22k,bengali,Deepfake,FFT,/content/drive/MyDrive/Dataset_Research_DFD/Deepfake_dataset/FFT/bengali_fft/fft_002_Bosonto Batase.mp3_22k.wav
fft_003_Kolonkini Radha.mp3_22k,bengali,Deepfake,FFT,/content/drive/MyDrive/Dataset_Research_DFD/Deepfake_dataset/FFT/bengali_fft/fft_003_Kolonkini Radha.mp3_22k.wav
fft_004_Kichudin Mone Mone.mp3_22k,bengali,Deepfake,FFT,/content/drive/MyDrive/Dataset_Research_DFD/Deepfake_dataset/FFT/bengali_fft/fft_004_Kichudin Mone Mone.mp3_22k.wav
fft_005_Prem Sukho Nidhi Radhe.mp3_22k,bengali,Deepfake,FFT,/content/drive/MyDrive/Dataset_Research_DFD/Deepfake_dataset/FFT/bengali_fft/fft_005_Prem Sukho Nidhi Radhe.mp3_22k.wav
fft_006_Bare Bare Ke Jeno Dake.mp3_22k,bengali,Deepfake,FFT,/content/drive/MyDrive/Dataset_Research_DFD/Deepfake_dataset/FFT/bengali_fft/fft_006_Bare Bare Ke Jeno Dake.mp3_22k.wav
fft_007_Doyal Tomaro Lagiya.mp3_22k,bengali,Deepfake,FFT,/content/drive/MyDrive/Dataset_Research_DFD/Deepfake_dataset/FFT/bengali_fft/fft_007_Doyal Tomaro Lagiya.mp3_22k.wav
fft_008_Bhromor.mp3_22k,bengali,Deepfake,FFT,/content/drive/MyDrive/Dataset_Research_DFD/Deepfake_dataset/FFT/bengali_fft/fft_008_Bhromor.mp3_22k.wav
fft_009_Bareer Kachhe Arshinogor.mp3_22k,bengali,Deepfake,FFT,/content/drive/MyDrive/Dataset_Research_DFD/Deepfake_dataset/FFT/bengali_fft/fft_009_Bareer Kachhe Arshinogor.mp3_22k.wav
fft_010_Moner Manush.mp3_22k,bengali,Deepfake,FFT,/content/drive/MyDrive/Dataset_Research_DFD/Deepfake_dataset/FFT/bengali_fft/fft_010_Moner Manush.mp3_22k.wav
fft_011_Jao Pakhi Bolo Tare.mp3_22k,bengali,Deepfake,FFT,/content/drive/MyDrive/Dataset_Research_DFD/Deepfake_dataset/FFT/bengali_fft/fft_011_Jao Pakhi Bolo Tare.mp3_22k.wav
fft_012_Khachar Bhitor Achin Pakhi.mp3_22k,bengali,Deepfake,FFT,/content/drive/MyDrive/Dataset_Research_DFD/Deepfake_dataset/FFT/bengali_fft/fft_012_Khachar Bhitor Achin Pakhi.mp3_22k.wav
fft_013_Age Ki Sundor Din Kataitam.mp3_22k,bengali,Deepfake,FFT,/content/drive/MyDrive/Dataset_Research_DFD/Deepfake_dataset/FFT/bengali_fft/fft_013_Age Ki Sundor Din Kataitam.mp3_22k.wav
fft_014_Pal Tule De.mp3_22k,bengali,Deepfake,FFT,/content/drive/MyDrive/Dataset_Research_DFD/Deepfake_dataset/FFT/bengali_fft/fft_014_Pal Tule De.mp3_22k.wav
fft_015_Bala Nacho To Dekhi.mp3_22k,bengali,Deepfake,FFT,/content/drive/MyDrive/Dataset_Research_DFD/Deepfake_dataset/FFT/bengali_fft/fft_015_Bala Nacho To Dekhi.mp3_22k.wav
fft_016_Pindare Polasher Bon.mp3_22k,bengali,Deepfake,FFT,/content/drive/MyDrive/Dataset_Research_DFD/Deepfake_dataset/FFT/bengali_fft/fft_016_Pindare Polasher Bon.mp3_22k.wav
fft_017_Sadher Lau Banaila More Bairagi.mp3_22k,bengali,Deepfake,FFT,/content/drive/MyDrive/Dataset_Research_DFD/Deepfake_dataset/FFT/bengali_fft/fft_017_Sadher Lau Banaila More Bairagi.mp3_22k.wav
fft_018_Sohag Chand Badani Dhani.mp3_22k,bengali,Deepfake,FFT,/content/drive/MyDrive/Dataset_Research_DFD/Deepfake_dataset/FFT/bengali_fft/fft_018_Sohag Chand Badani Dhani.mp3_22k.wav
fft_019_Ami Eto Je Tomay Bhalobesechhi.mp3_22k,bengali,Deepfake,FFT,/content/drive/MyDrive/Dataset_Research_DFD/Deepfake_dataset/FFT/bengali_fft/fft_019_Ami Eto Je Tomay Bhalobesechhi.mp3_22k.wav
fft_020_Bone Noy Mone Mor.mp3_22k,bengali,Deepfake,FFT,/content/drive/MyDrive/Dataset_Research_DFD/Deepfake_dataset/FFT/bengali_fft/fft_020_Bone Noy Mone Mor.mp3_22k.wav
fft_023_Tabo Achintya Rupa - Charita - Mahima.mp3_22k,bengali,Deepfake,FFT,/content/drive/MyDrive/Dataset_Research_DFD/Deepfake_dataset/FFT/bengali_fft/fft_023_Tabo Achintya Rupa - Charita - Mahima.mp3_22k.wav
fft_024_Kotha He.mp3_22k,bengali,Deepfake,FFT,/content/drive/MyDrive/Dataset_Research_DFD/Deepfake_dataset/FFT/bengali_fft/fft_024_Kotha He.mp3_22k.wav
fft_025_Aj Noy Kaal Noy Roj Protidin.mp3_22k,bengali,Deepfake,FFT,/content/drive/MyDrive/Dataset_Research_DFD/Deepfake_dataset/FFT/bengali_fft/fft_025_Aj Noy Kaal Noy Roj Protidin.mp3_22k.wav
fft_027_Keno Phote Keno Kusum Jhare Jaay.mp3_22k,bengali,Deepfake,FFT,/content/drive/MyDrive/Dataset_Research_DFD/Deepfake_dataset/FFT/bengali_fft/fft_027_Keno Phote Keno Kusum Jhare Jaay.mp3_22k.wav
fft_028_Mayur Ponkhi Louka.mp3_22k,bengali,Deepfake,FFT,/content/drive/MyDrive/Dataset_Research_DFD/Deepfake_dataset/FFT/bengali_fft/fft_028_Mayur Ponkhi Louka.mp3_22k.wav
fft_030_Arunkanti Ke Go Jogi.mp3_22k,bengali,Deepfake,FFT,/content/drive/MyDrive/Dataset_Research_DFD/Deepfake_dataset/FFT/bengali_fft/fft_030_Arunkanti Ke Go Jogi.mp3_22k.wav
fft_031_Bagichay Bulbuli Tui.mp3_22k,bengali,Deepfake,FFT,/content/drive/MyDrive/Dataset_Research_DFD/Deepfake_dataset/FFT/bengali_fft/fft_031_Bagichay Bulbuli Tui.mp3_22k.wav
fft_032_Akashta Kanpchhilo Kyan.mp3_22k,bengali,Deepfake,FFT,/content/drive/MyDrive/Dataset_Research_DFD/Deepfake_dataset/FFT/bengali_fft/fft_032_Akashta Kanpchhilo Kyan.mp3_22k.wav
fft_035_Jani Amar Sadhana Nai.mp3_22k,bengali,Deepfake,FFT,/content/drive/MyDrive/Dataset_Research_DFD/Deepfake_dataset/FFT/bengali_fft/fft_035_Jani Amar Sadhana Nai.mp3_22k.wav
fft_037_Kul Kolonko.mp3_22k,bengali,Deepfake,FFT,/content/drive/MyDrive/Dataset_Research_DFD/Deepfake_dataset/FFT/bengali_fft/fft_037_Kul Kolonko.mp3_22k.wav
fft_038_Bou Katha Kao.mp3_22k,bengali,Deepfake,FFT,/content/drive/MyDrive/Dataset_Research_DFD/Deepfake_dataset/FFT/bengali_fft/fft_038_Bou Katha Kao.mp3_22k.wav
fft_039_Andhakare Ese Tumi.mp3_22k,bengali,Deepfake,FFT,/content/drive/MyDrive/Dataset_Research_DFD/Deepfake_dataset/FFT/bengali_fft/fft_039_Andhakare Ese Tumi.mp3_22k.wav
fft_040_Keno Tomra Amai Dako.mp3_22k,bengali,Deepfake,FFT,/content/drive/MyDrive/Dataset_Research_DFD/Deepfake_dataset/FFT/bengali_fft/fft_040_Keno Tomra Amai Dako.mp3_22k.wav
fft_041_Tor Bhubane Jwale Eto Alo.mp3_22k,bengali,Deepfake,FFT,/content/drive/MyDrive/Dataset_Research_DFD/Deepfake_dataset/FFT/bengali_fft/fft_041_Tor Bhubane Jwale Eto Alo.mp3_22k.wav
fft_042_Amar Bhetor Ami Ke.mp3_22k,bengali,Deepfake,FFT,/content/drive/MyDrive/Dataset_Research_DFD/Deepfake_dataset/FFT/bengali_fft/fft_042_Amar Bhetor Ami Ke.mp3_22k.wav
fft_043_Ma Habi Na Meye Habi.mp3_22k,bengali,Deepfake,FFT,/content/drive/MyDrive/Dataset_Research_DFD/Deepfake_dataset/FFT/bengali_fft/fft_043_Ma Habi Na Meye Habi.mp3_22k.wav
fft_044_Nachiye Nachiye.mp3_22k,bengali,Deepfake,FFT,/content/drive/MyDrive/Dataset_Research_DFD/Deepfake_dataset/FFT/bengali_fft/fft_044_Nachiye Nachiye.mp3_22k.wav
fft_045_Hori Naamer Tori.mp3_22k,bengali,Deepfake,FFT,/content/drive/MyDrive/Dataset_Research_DFD/Deepfake_dataset/FFT/bengali_fft/fft_045_Hori Naamer Tori.mp3_22k.wav
fft_046_Deeno Tarini.mp3_22k,bengali,Deepfake,FFT,/content/drive/MyDrive/Dataset_Research_DFD/Deepfake_dataset/FFT/bengali_fft/fft_046_Deeno Tarini.mp3_22k.wav
fft_047_Ami Jhanjhar Mato Durbar.mp3_22k,bengali,Deepfake,FFT,/content/drive/MyDrive/Dataset_Research_DFD/Deepfake_dataset/FFT/bengali_fft/fft_047_Ami Jhanjhar Mato Durbar.mp3_22k.wav
fft_048_E Ki Labanye Purna Pran.mp3_22k,bengali,Deepfake,FFT,/content/drive/MyDrive/Dataset_Research_DFD/Deepfake_dataset/FFT/bengali_fft/fft_048_E Ki Labanye Purna Pran.mp3_22k.wav
fft_051_Akoruno Shathire.mp3_22k,bengali,Deepfake,FFT,/content/drive/MyDrive/Dataset_Research_DFD/Deepfake_dataset/FFT/bengali_fft/fft_051_Akoruno Shathire.mp3_22k.wav
fft_053_Moder Ei Shikal Pora Chhal.mp3_22k,bengali,Deepfake,FFT,/content/drive/MyDrive/Dataset_Research_DFD/Deepfake_dataset/FFT/bengali_fft/fft_053_Moder Ei Shikal Pora Chhal.mp3_22k.wav
fft_054_Bhoriya Paran Shunitechhi Gaan.mp3_22k,bengali,Deepfake,FFT,/content/drive/MyDrive/Dataset_Research_DFD/Deepfake_dataset/FFT/bengali_fft/fft_054_Bhoriya Paran Shunitechhi Gaan.mp3_22k.wav
fft_055_Nishi Raat.mp3_22k,bengali,Deepfake,FFT,/content/drive/MyDrive/Dataset_Research_DFD/Deepfake_dataset/FFT/bengali_fft/fft_055_Nishi Raat.mp3_22k.wav
fft_056_Kusume Kusume Charonchinha.mp3_22k,bengali,Deepfake,FFT,/content/drive/MyDrive/Dataset_Research_DFD/Deepfake_dataset/FFT/bengali_fft/fft_056_Kusume Kusume Charonchinha.mp3_22k.wav
fft_058_Ache Syam Ange Rai Ango Helia.mp3_22k,bengali,Deepfake,FFT,/content/drive/MyDrive/Dataset_Research_DFD/Deepfake_dataset/FFT/bengali_fft/fft_058_Ache Syam Ange Rai Ango Helia.mp3_22k.wav
fft_059_Kala.mp3_22k,bengali,Deepfake,FFT,/content/drive/MyDrive/Dataset_Research_DFD/Deepfake_dataset/FFT/bengali_fft/fft_059_Kala.mp3_22k.wav
fft_060_Apon Moner Baghe.mp3_22k,bengali,Deepfake,FFT,/content/drive/MyDrive/Dataset_Research_DFD/Deepfake_dataset/FFT/bengali_fft/fft_060_Apon Moner Baghe.mp3_22k.wav
fft_061_Se Chokh Kothai Tomar.mp3_22k,bengali,Deepfake,FFT,/content/drive/MyDrive/Dataset_Research_DFD/Deepfake_dataset/FFT/bengali_fft/fft_061_Se Chokh Kothai Tomar.mp3_22k.wav
fft_062_Ami Je Kato Ekela.mp3_22k,bengali,Deepfake,FFT,/content/drive/MyDrive/Dataset_Research_DFD/Deepfake_dataset/FFT/bengali_fft/fft_062_Ami Je Kato Ekela.mp3_22k.wav
fft_064_Say Hari Mynah Bird.mp3_22k,bengali,Deepfake,FFT,/content/drive/MyDrive/Dataset_Research_DFD/Deepfake_dataset/FFT/bengali_fft/fft_064_Say Hari Mynah Bird.mp3_22k.wav
fft_067_Jonomo Morono Hobe Nibarono.mp3_22k,bengali,Deepfake,FFT,/content/drive/MyDrive/Dataset_Research_DFD/Deepfake_dataset/FFT/bengali_fft/fft_067_Jonomo Morono Hobe Nibarono.mp3_22k.wav
fft_068_Ami Tomar Lageya Re.mp3_22k,bengali,Deepfake,FFT,/content/drive/MyDrive/Dataset_Research_DFD/Deepfake_dataset/FFT/bengali_fft/fft_068_Ami Tomar Lageya Re.mp3_22k.wav
fft_069_Aaji Milan Basar Priya.mp3_22k,bengali,Deepfake,FFT,/content/drive/MyDrive/Dataset_Research_DFD/Deepfake_dataset/FFT/bengali_fft/fft_069_Aaji Milan Basar Priya.mp3_22k.wav
fft_072_O Amar Chandramallika.mp3_22k,bengali,Deepfake,FFT,/content/drive/MyDrive/Dataset_Research_DFD/Deepfake_dataset/FFT/bengali_fft/fft_072_O Amar Chandramallika.mp3_22k.wav
fft_074_Purbo Digontey.mp3_22k,bengali,Deepfake,FFT,/content/drive/MyDrive/Dataset_Research_DFD/Deepfake_dataset/FFT/bengali_fft/fft_074_Purbo Digontey.mp3_22k.wav
fft_075_Milon Hobe Koto Dine.mp3_22k,bengali,Deepfake,FFT,/content/drive/MyDrive/Dataset_Research_DFD/Deepfake_dataset/FFT/bengali_fft/fft_075_Milon Hobe Koto Dine.mp3_22k.wav
fft_076_Loke Bale Bale Re.mp3_22k,bengali,Deepfake,FFT,/content/drive/MyDrive/Dataset_Research_DFD/Deepfake_dataset/FFT/bengali_fft/fft_076_Loke Bale Bale Re.mp3_22k.wav
fft_077_Menoka Mathaye Dilo.mp3_22k,bengali,Deepfake,FFT,/content/drive/MyDrive/Dataset_Research_DFD/Deepfake_dataset/FFT/bengali_fft/fft_077_Menoka Mathaye Dilo.mp3_22k.wav
fft_079_Kalo Jole Kuchla Tole.mp3_22k,bengali,Deepfake,FFT,/content/drive/MyDrive/Dataset_Research_DFD/Deepfake_dataset/FFT/bengali_fft/fft_079_Kalo Jole Kuchla Tole.mp3_22k.wav
fft_080_Lal Paharir Deshe Ja.mp3_22k,bengali,Deepfake,FFT,/content/drive/MyDrive/Dataset_Research_DFD/Deepfake_dataset/FFT/bengali_fft/fft_080_Lal Paharir Deshe Ja.mp3_22k.wav
fft_081_Phagooner Mohonaye.mp3_22k,bengali,Deepfake,FFT,/content/drive/MyDrive/Dataset_Research_DFD/Deepfake_dataset/FFT/bengali_fft/fft_081_Phagooner Mohonaye.mp3_22k.wav
fft_084_Sheeter Hawaay.mp3_22k,bengali,Deepfake,FFT,/content/drive/MyDrive/Dataset_Research_DFD/Deepfake_dataset/FFT/bengali_fft/fft_084_Sheeter Hawaay.mp3_22k.wav
rvc_fixed_001_Tomar Hridmajhare Rakhbo.mp3_22k,bengali,Deepfake,RVC,/content/drive/MyDrive/Dataset_Research_DFD/Deepfake_dataset/RVC/bengali_rvc/rvc_fixed_001_Tomar Hridmajhare Rakhbo.mp3_22k.wav
rvc_fixed_002_Bosonto Batase.mp3_22k,bengali,Deepfake,RVC,/content/drive/MyDrive/Dataset_Research_DFD/Deepfake_dataset/RVC/bengali_rvc/rvc_fixed_002_Bosonto Batase.mp3_22k.wav
rvc_fixed_003_Kolonkini Radha.mp3_22k,bengali,Deepfake,RVC,/content/drive/MyDrive/Dataset_Research_DFD/Deepfake_dataset/RVC/bengali_rvc/rvc_fixed_003_Kolonkini Radha.mp3_22k.wav
rvc_fixed_004_Kichudin Mone Mone.mp3_22k,bengali,Deepfake,RVC,/content/drive/MyDrive/Dataset_Research_DFD/Deepfake_dataset/RVC/bengali_rvc/rvc_fixed_004_Kichudin Mone Mone.mp3_22k.wav
rvc_fixed_005_Prem Sukho Nidhi Radhe.mp3_22k,bengali,Deepfake,RVC,/content/drive/MyDrive/Dataset_Research_DFD/Deepfake_dataset/RVC/bengali_rvc/rvc_fixed_005_Prem Sukho Nidhi Radhe.mp3_22k.wav
rvc_fixed_006_Bare Bare Ke Jeno Dake.mp3_22k,bengali,Deepfake,RVC,/content/drive/MyDrive/Dataset_Research_DFD/Deepfake_dataset/RVC/bengali_rvc/rvc_fixed_006_Bare Bare Ke Jeno Dake.mp3_22k.wav
rvc_fixed_007_Doyal Tomaro Lagiya.mp3_22k,bengali,Deepfake,RVC,/content/drive/MyDrive/Dataset_Research_DFD/Deepfake_dataset/RVC/bengali_rvc/rvc_fixed_007_Doyal Tomaro Lagiya.mp3_22k.wav
rvc_fixed_008_Bhromor.mp3_22k,bengali,Deepfake,RVC,/content/drive/MyDrive/Dataset_Research_DFD/Deepfake_dataset/RVC/bengali_rvc/rvc_fixed_008_Bhromor.mp3_22k.wav
rvc_fixed_009_Bareer Kachhe Arshinogor.mp3_22k,bengali,Deepfake,RVC,/content/drive/MyDrive/Dataset_Research_DFD/Deepfake_dataset/RVC/bengali_rvc/rvc_fixed_009_Bareer Kachhe Arshinogor.mp3_22k.wav
rvc_fixed_010_Moner Manush.mp3_22k,bengali,Deepfake,RVC,/content/drive/MyDrive/Dataset_Research_DFD/Deepfake_dataset/RVC/bengali_rvc/rvc_fixed_010_Moner Manush.mp3_22k.wav
rvc_fixed_011_Jao Pakhi Bolo Tare.mp3_22k,bengali,Deepfake,RVC,/content/drive/MyDrive/Dataset_Research_DFD/Deepfake_dataset/RVC/bengali_rvc/rvc_fixed_011_Jao Pakhi Bolo Tare.mp3_22k.wav
rvc_fixed_012_Khachar Bhitor Achin Pakhi.mp3_22k,bengali,Deepfake,RVC,/content/drive/MyDrive/Dataset_Research_DFD/Deepfake_dataset/RVC/bengali_rvc/rvc_fixed_012_Khachar Bhitor Achin Pakhi.mp3_22k.wav
rvc_fixed_013_Age Ki Sundor Din Kataitam.mp3_22k,bengali,Deepfake,RVC,/content/drive/MyDrive/Dataset_Research_DFD/Deepfake_dataset/RVC/bengali_rvc/rvc_fixed_013_Age Ki Sundor Din Kataitam.mp3_22k.wav
rvc_fixed_014_Pal Tule De.mp3_22k,bengali,Deepfake,RVC,/content/drive/MyDrive/Dataset_Research_DFD/Deepfake_dataset/RVC/bengali_rvc/rvc_fixed_014_Pal Tule De.mp3_22k.wav
rvc_fixed_015_Bala Nacho To Dekhi.mp3_22k,bengali,Deepfake,RVC,/content/drive/MyDrive/Dataset_Research_DFD/Deepfake_dataset/RVC/bengali_rvc/rvc_fixed_015_Bala Nacho To Dekhi.mp3_22k.wav
rvc_fixed_016_Pindare Polasher Bon.mp3_22k,bengali,Deepfake,RVC,/content/drive/MyDrive/Dataset_Research_DFD/Deepfake_dataset/RVC/bengali_rvc/rvc_fixed_016_Pindare Polasher Bon.mp3_22k.wav
rvc_fixed_017_Sadher Lau Banaila More Bairagi.mp3_22k,bengali,Deepfake,RVC,/content/drive/MyDrive/Dataset_Research_DFD/Deepfake_dataset/RVC/bengali_rvc/rvc_fixed_017_Sadher Lau Banaila More Bairagi.mp3_22k.wav
rvc_fixed_018_Sohag Chand Badani Dhani.mp3_22k,bengali,Deepfake,RVC,/content/drive/MyDrive/Dataset_Research_DFD/Deepfake_dataset/RVC/bengali_rvc/rvc_fixed_018_Sohag Chand Badani Dhani.mp3_22k.wav
rvc_fixed_019_Ami Eto Je Tomay Bhalobesechhi.mp3_22k,bengali,Deepfake,RVC,/content/drive/MyDrive/Dataset_Research_DFD/Deepfake_dataset/RVC/bengali_rvc/rvc_fixed_019_Ami Eto Je Tomay Bhalobesechhi.mp3_22k.wav
rvc_fixed_020_Bone Noy Mone Mor.mp3_22k,bengali,Deepfake,RVC,/content/drive/MyDrive/Dataset_Research_DFD/Deepfake_dataset/RVC/bengali_rvc/rvc_fixed_020_Bone Noy Mone Mor.mp3_22k.wav
rvc_fixed_023_Tabo Achintya Rupa - Charita - Mahima.mp3_22k,bengali,Deepfake,RVC,/content/drive/MyDrive/Dataset_Research_DFD/Deepfake_dataset/RVC/bengali_rvc/rvc_fixed_023_Tabo Achintya Rupa - Charita - Mahima.mp3_22k.wav
rvc_fixed_024_Kotha He.mp3_22k,bengali,Deepfake,RVC,/content/drive/MyDrive/Dataset_Research_DFD/Deepfake_dataset/RVC/bengali_rvc/rvc_fixed_024_Kotha He.mp3_22k.wav
rvc_fixed_025_Aj Noy Kaal Noy Roj Protidin.mp3_22k,bengali,Deepfake,RVC,/content/drive/MyDrive/Dataset_Research_DFD/Deepfake_dataset/RVC/bengali_rvc/rvc_fixed_025_Aj Noy Kaal Noy Roj Protidin.mp3_22k.wav
rvc_fixed_027_Keno Phote Keno Kusum Jhare Jaay.mp3_22k,bengali,Deepfake,RVC,/content/drive/MyDrive/Dataset_Research_DFD/Deepfake_dataset/RVC/bengali_rvc/rvc_fixed_027_Keno Phote Keno Kusum Jhare Jaay.mp3_22k.wav
rvc_fixed_028_Mayur Ponkhi Louka.mp3_22k,bengali,Deepfake,RVC,/content/drive/MyDrive/Dataset_Research_DFD/Deepfake_dataset/RVC/bengali_rvc/rvc_fixed_028_Mayur Ponkhi Louka.mp3_22k.wav
rvc_fixed_030_Arunkanti Ke Go Jogi.mp3_22k,bengali,Deepfake,RVC,/content/drive/MyDrive/Dataset_Research_DFD/Deepfake_dataset/RVC/bengali_rvc/rvc_fixed_030_Arunkanti Ke Go Jogi.mp3_22k.wav
rvc_fixed_031_Bagichay Bulbuli Tui.mp3_22k,bengali,Deepfake,RVC,/content/drive/MyDrive/Dataset_Research_DFD/Deepfake_dataset/RVC/bengali_rvc/rvc_fixed_031_Bagichay Bulbuli Tui.mp3_22k.wav
rvc_fixed_032_Akashta Kanpchhilo Kyan.mp3_22k,bengali,Deepfake,RVC,/content/drive/MyDrive/Dataset_Research_DFD/Deepfake_dataset/RVC/bengali_rvc/rvc_fixed_032_Akashta Kanpchhilo Kyan.mp3_22k.wav
rvc_fixed_035_Jani Amar Sadhana Nai.mp3_22k,bengali,Deepfake,RVC,/content/drive/MyDrive/Dataset_Research_DFD/Deepfake_dataset/RVC/bengali_rvc/rvc_fixed_035_Jani Amar Sadhana Nai.mp3_22k.wav
rvc_fixed_037_Kul Kolonko.mp3_22k,bengali,Deepfake,RVC,/content/drive/MyDrive/Dataset_Research_DFD/Deepfake_dataset/RVC/bengali_rvc/rvc_fixed_037_Kul Kolonko.mp3_22k.wav
rvc_fixed_038_Bou Katha Kao.mp3_22k,bengali,Deepfake,RVC,/content/drive/MyDrive/Dataset_Research_DFD/Deepfake_dataset/RVC/bengali_rvc/rvc_fixed_038_Bou Katha Kao.mp3_22k.wav
rvc_fixed_039_Andhakare Ese Tumi.mp3_22k,bengali,Deepfake,RVC,/content/drive/MyDrive/Dataset_Research_DFD/Deepfake_dataset/RVC/bengali_rvc/rvc_fixed_039_Andhakare Ese Tumi.mp3_22k.wav
rvc_fixed_040_Keno Tomra Amai Dako.mp3_22k,bengali,Deepfake,RVC,/content/drive/MyDrive/Dataset_Research_DFD/Deepfake_dataset/RVC/bengali_rvc/rvc_fixed_040_Keno Tomra Amai Dako.mp3_22k.wav
rvc_fixed_041_Tor Bhubane Jwale Eto Alo.mp3_22k,bengali,Deepfake,RVC,/content/drive/MyDrive/Dataset_Research_DFD/Deepfake_dataset/RVC/bengali_rvc/rvc_fixed_041_Tor Bhubane Jwale Eto Alo.mp3_22k.wav
rvc_fixed_042_Amar Bhetor Ami Ke.mp3_22k,bengali,Deepfake,RVC,/content/drive/MyDrive/Dataset_Research_DFD/Deepfake_dataset/RVC/bengali_rvc/rvc_fixed_042_Amar Bhetor Ami Ke.mp3_22k.wav
rvc_fixed_043_Ma Habi Na Meye Habi.mp3_22k,bengali,Deepfake,RVC,/content/drive/MyDrive/Dataset_Research_DFD/Deepfake_dataset/RVC/bengali_rvc/rvc_fixed_043_Ma Habi Na Meye Habi.mp3_22k.wav
rvc_fixed_044_Nachiye Nachiye.mp3_22k,bengali,Deepfake,RVC,/content/drive/MyDrive/Dataset_Research_DFD/Deepfake_dataset/RVC/bengali_rvc/rvc_fixed_044_Nachiye Nachiye.mp3_22k.wav
rvc_fixed_045_Hori Naamer Tori.mp3_22k,bengali,Deepfake,RVC,/content/drive/MyDrive/Dataset_Research_DFD/Deepfake_dataset/RVC/bengali_rvc/rvc_fixed_045_Hori Naamer Tori.mp3_22k.wav
rvc_fixed_046_Deeno Tarini.mp3_22k,bengali,Deepfake,RVC,/content/drive/MyDrive/Dataset_Research_DFD/Deepfake_dataset/RVC/bengali_rvc/rvc_fixed_046_Deeno Tarini.mp3_22k.wav
rvc_fixed_047_Ami Jhanjhar Mato Durbar.mp3_22k,bengali,Deepfake,RVC,/content/drive/MyDrive/Dataset_Research_DFD/Deepfake_dataset/RVC/bengali_rvc/rvc_fixed_047_Ami Jhanjhar Mato Durbar.mp3_22k.wav
rvc_fixed_048_E Ki Labanye Purna Pran.mp3_22k,bengali,Deepfake,RVC,/content/drive/MyDrive/Dataset_Research_DFD/Deepfake_dataset/RVC/bengali_rvc/rvc_fixed_048_E Ki Labanye Purna Pran.mp3_22k.wav
rvc_fixed_051_Akoruno Shathire.mp3_22k,bengali,Deepfake,RVC,/content/drive/MyDrive/Dataset_Research_DFD/Deepfake_dataset/RVC/bengali_rvc/rvc_fixed_051_Akoruno Shathire.mp3_22k.wav
rvc_fixed_053_Moder Ei Shikal Pora Chhal.mp3_22k,bengali,Deepfake,RVC,/content/drive/MyDrive/Dataset_Research_DFD/Deepfake_dataset/RVC/bengali_rvc/rvc_fixed_053_Moder Ei Shikal Pora Chhal.mp3_22k.wav
rvc_fixed_054_Bhoriya Paran Shunitechhi Gaan.mp3_22k,bengali,Deepfake,RVC,/content/drive/MyDrive/Dataset_Research_DFD/Deepfake_dataset/RVC/bengali_rvc/rvc_fixed_054_Bhoriya Paran Shunitechhi Gaan.mp3_22k.wav
rvc_fixed_055_Nishi Raat.mp3_22k,bengali,Deepfake,RVC,/content/drive/MyDrive/Dataset_Research_DFD/Deepfake_dataset/RVC/bengali_rvc/rvc_fixed_055_Nishi Raat.mp3_22k.wav
rvc_fixed_056_Kusume Kusume Charonchinha.mp3_22k,bengali,Deepfake,RVC,/content/drive/MyDrive/Dataset_Research_DFD/Deepfake_dataset/RVC/bengali_rvc/rvc_fixed_056_Kusume Kusume Charonchinha.mp3_22k.wav
rvc_fixed_058_Ache Syam Ange Rai Ango Helia.mp3_22k,bengali,Deepfake,RVC,/content/drive/MyDrive/Dataset_Research_DFD/Deepfake_dataset/RVC/bengali_rvc/rvc_fixed_058_Ache Syam Ange Rai Ango Helia.mp3_22k.wav
rvc_fixed_059_Kala.mp3_22k,bengali,Deepfake,RVC,/content/drive/MyDrive/Dataset_Research_DFD/Deepfake_dataset/RVC/bengali_rvc/rvc_fixed_059_Kala.mp3_22k.wav
rvc_fixed_060_Apon Moner Baghe.mp3_22k,bengali,Deepfake,RVC,/content/drive/MyDrive/Dataset_Research_DFD/Deepfake_dataset/RVC/bengali_rvc/rvc_fixed_060_Apon Moner Baghe.mp3_22k.wav
rvc_fixed_061_Se Chokh Kothai Tomar.mp3_22k,bengali,Deepfake,RVC,/content/drive/MyDrive/Dataset_Research_DFD/Deepfake_dataset/RVC/bengali_rvc/rvc_fixed_061_Se Chokh Kothai Tomar.mp3_22k.wav
rvc_fixed_062_Ami Je Kato Ekela.mp3_22k,bengali,Deepfake,RVC,/content/drive/MyDrive/Dataset_Research_DFD/Deepfake_dataset/RVC/bengali_rvc/rvc_fixed_062_Ami Je Kato Ekela.mp3_22k.wav
rvc_fixed_064_Say Hari Mynah Bird.mp3_22k,bengali,Deepfake,RVC,/content/drive/MyDrive/Dataset_Research_DFD/Deepfake_dataset/RVC/bengali_rvc/rvc_fixed_064_Say Hari Mynah Bird.mp3_22k.wav
rvc_fixed_067_Jonomo Morono Hobe Nibarono.mp3_22k,bengali,Deepfake,RVC,/content/drive/MyDrive/Dataset_Research_DFD/Deepfake_dataset/RVC/bengali_rvc/rvc_fixed_067_Jonomo Morono Hobe Nibarono.mp3_22k.wav
rvc_fixed_068_Ami Tomar Lageya Re.mp3_22k,bengali,Deepfake,RVC,/content/drive/MyDrive/Dataset_Research_DFD/Deepfake_dataset/RVC/bengali_rvc/rvc_fixed_068_Ami Tomar Lageya Re.mp3_22k.wav
rvc_fixed_069_Aaji Milan Basar Priya.mp3_22k,bengali,Deepfake,RVC,/content/drive/MyDrive/Dataset_Research_DFD/Deepfake_dataset/RVC/bengali_rvc/rvc_fixed_069_Aaji Milan Basar Priya.mp3_22k.wav
rvc_fixed_072_O Amar Chandramallika.mp3_22k,bengali,Deepfake,RVC,/content/drive/MyDrive/Dataset_Research_DFD/Deepfake_dataset/RVC/bengali_rvc/rvc_fixed_072_O Amar Chandramallika.mp3_22k.wav
rvc_fixed_074_Purbo Digontey.mp3_22k,bengali,Deepfake,RVC,/content/drive/MyDrive/Dataset_Research_DFD/Deepfake_dataset/RVC/bengali_rvc/rvc_fixed_074_Purbo Digontey.mp3_22k.wav
rvc_fixed_075_Milon Hobe Koto Dine.mp3_22k,bengali,Deepfake,RVC,/content/drive/MyDrive/Dataset_Research_DFD/Deepfake_dataset/RVC/bengali_rvc/rvc_fixed_075_Milon Hobe Koto Dine.mp3_22k.wav
rvc_fixed_076_Loke Bale Bale Re.mp3_22k,bengali,Deepfake,RVC,/content/drive/MyDrive/Dataset_Research_DFD/Deepfake_dataset/RVC/bengali_rvc/rvc_fixed_076_Loke Bale Bale Re.mp3_22k.wav
rvc_fixed_077_Menoka Mathaye Dilo.mp3_22k,bengali,Deepfake,RVC,/content/drive/MyDrive/Dataset_Research_DFD/Deepfake_dataset/RVC/bengali_rvc/rvc_fixed_077_Menoka Mathaye Dilo.mp3_22k.wav
rvc_fixed_079_Kalo Jole Kuchla Tole.mp3_22k,bengali,Deepfake,RVC,/content/drive/MyDrive/Dataset_Research_DFD/Deepfake_dataset/RVC/bengali_rvc/rvc_fixed_079_Kalo Jole Kuchla Tole.mp3_22k.wav
rvc_fixed_080_Lal Paharir Deshe Ja.mp3_22k,bengali,Deepfake,RVC,/content/drive/MyDrive/Dataset_Research_DFD/Deepfake_dataset/RVC/bengali_rvc/rvc_fixed_080_Lal Paharir Deshe Ja.mp3_22k.wav
rvc_fixed_081_Phagooner Mohonaye.mp3_22k,bengali,Deepfake,RVC,/content/drive/MyDrive/Dataset_Research_DFD/Deepfake_dataset/RVC/bengali_rvc/rvc_fixed_081_Phagooner Mohonaye.mp3_22k.wav
rvc_fixed_084_Sheeter Hawaay.mp3_22k,bengali,Deepfake,RVC,/content/drive/MyDrive/Dataset_Research_DFD/Deepfake_dataset/RVC/bengali_rvc/rvc_fixed_084_Sheeter Hawaay.mp3_22k.wav
001_Tomar Hridmajhare Rakhbo.mp3,bengali,Real,Real,/content/drive/MyDrive/Dataset_Research_DFD/Real_dataset/bengali/001_Tomar Hridmajhare Rakhbo.mp3.mp3
002_Bosonto Batase.mp3,bengali,Real,Real,/content/drive/MyDrive/Dataset_Research_DFD/Real_dataset/bengali/002_Bosonto Batase.mp3.mp3
003_Kolonkini Radha.mp3,bengali,Real,Real,/content/drive/MyDrive/Dataset_Research_DFD/Real_dataset/bengali/003_Kolonkini Radha.mp3.mp3
004_Kichudin Mone Mone.mp3,bengali,Real,Real,/content/drive/MyDrive/Dataset_Research_DFD/Real_dataset/bengali/004_Kichudin Mone Mone.mp3.mp3
005_Prem Sukho Nidhi Radhe.mp3,bengali,Real,Real,/content/drive/MyDrive/Dataset_Research_DFD/Real_dataset/bengali/005_Prem Sukho Nidhi Radhe.mp3.mp3
006_Bare Bare Ke Jeno Dake.mp3,bengali,Real,Real,/content/drive/MyDrive/Dataset_Research_DFD/Real_dataset/bengali/006_Bare Bare Ke Jeno Dake.mp3.mp3
007_Doyal Tomaro Lagiya.mp3,bengali,Real,Real,/content/drive/MyDrive/Dataset_Research_DFD/Real_dataset/bengali/007_Doyal Tomaro Lagiya.mp3.mp3
008_Bhromor.mp3,bengali,Real,Real,/content/drive/MyDrive/Dataset_Research_DFD/Real_dataset/bengali/008_Bhromor.mp3.mp3
009_Bareer Kachhe Arshinogor.mp3,bengali,Real,Real,/content/drive/MyDrive/Dataset_Research_DFD/Real_dataset/bengali/009_Bareer Kachhe Arshinogor.mp3.mp3
010_Moner Manush.mp3,bengali,Real,Real,/content/drive/MyDrive/Dataset_Research_DFD/Real_dataset/bengali/010_Moner Manush.mp3.mp3
011_Jao Pakhi Bolo Tare.mp3,bengali,Real,Real,/content/drive/MyDrive/Dataset_Research_DFD/Real_dataset/bengali/011_Jao Pakhi Bolo Tare.mp3.mp3
012_Khachar Bhitor Achin Pakhi.mp3,bengali,Real,Real,/content/drive/MyDrive/Dataset_Research_DFD/Real_dataset/bengali/012_Khachar Bhitor Achin Pakhi.mp3.mp3
013_Age Ki Sundor Din Kataitam.mp3,bengali,Real,Real,/content/drive/MyDrive/Dataset_Research_DFD/Real_dataset/bengali/013_Age Ki Sundor Din Kataitam.mp3.mp3
014_Pal Tule De.mp3,bengali,Real,Real,/content/drive/MyDrive/Dataset_Research_DFD/Real_dataset/bengali/014_Pal Tule De.mp3.mp3
015_Bala Nacho To Dekhi.mp3,bengali,Real,Real,/content/drive/MyDrive/Dataset_Research_DFD/Real_dataset/bengali/015_Bala Nacho To Dekhi.mp3.mp3
016_Pindare Polasher Bon.mp3,bengali,Real,Real,/content/drive/MyDrive/Dataset_Research_DFD/Real_dataset/bengali/016_Pindare Polasher Bon.mp3.mp3
017_Sadher Lau Banaila More Bairagi.mp3,bengali,Real,Real,/content/drive/MyDrive/Dataset_Research_DFD/Real_dataset/bengali/017_Sadher Lau Banaila More Bairagi.mp3.mp3
018_Sohag Chand Badani Dhani.mp3,bengali,Real,Real,/content/drive/MyDrive/Dataset_Research_DFD/Real_dataset/bengali/018_Sohag Chand Badani Dhani.mp3.mp3
019_Ami Eto Je Tomay Bhalobesechhi.mp3,bengali,Real,Real,/content/drive/MyDrive/Dataset_Research_DFD/Real_dataset/bengali/019_Ami Eto Je Tomay Bhalobesechhi.mp3.mp3
020_Bone Noy Mone Mor.mp3,bengali,Real,Real,/content/drive/MyDrive/Dataset_Research_DFD/Real_dataset/bengali/020_Bone Noy Mone Mor.mp3.mp3
023_Tabo Achintya Rupa - Charita - Mahima.mp3,bengali,Real,Real,/content/drive/MyDrive/Dataset_Research_DFD/Real_dataset/bengali/023_Tabo Achintya Rupa - Charita - Mahima.mp3.mp3
024_Kotha He.mp3,bengali,Real,Real,/content/drive/MyDrive/Dataset_Research_DFD/Real_dataset/bengali/024_Kotha He.mp3.mp3
025_Aj Noy Kaal Noy Roj Protidin.mp3,bengali,Real,Real,/content/drive/MyDrive/Dataset_Research_DFD/Real_dataset/bengali/025_Aj Noy Kaal Noy Roj Protidin.mp3.mp3
027_Keno Phote Keno Kusum Jhare Jaay.mp3,bengali,Real,Real,/content/drive/MyDrive/Dataset_Research_DFD/Real_dataset/bengali/027_Keno Phote Keno Kusum Jhare Jaay.mp3.mp3
028_Mayur Ponkhi Louka.mp3,bengali,Real,Real,/content/drive/MyDrive/Dataset_Research_DFD/Real_dataset/bengali/028_Mayur Ponkhi Louka.mp3.mp3
030_Arunkanti Ke Go Jogi.mp3,bengali,Real,Real,/content/drive/MyDrive/Dataset_Research_DFD/Real_dataset/bengali/030_Arunkanti Ke Go Jogi.mp3.mp3
031_Bagichay Bulbuli Tui.mp3,bengali,Real,Real,/content/drive/MyDrive/Dataset_Research_DFD/Real_dataset/bengali/031_Bagichay Bulbuli Tui.mp3.mp3
032_Akashta Kanpchhilo Kyan.mp3,bengali,Real,Real,/content/drive/MyDrive/Dataset_Research_DFD/Real_dataset/bengali/032_Akashta Kanpchhilo Kyan.mp3.mp3
035_Jani Amar Sadhana Nai.mp3,bengali,Real,Real,/content/drive/MyDrive/Dataset_Research_DFD/Real_dataset/bengali/035_Jani Amar Sadhana Nai.mp3.mp3
037_Kul Kolonko.mp3,bengali,Real,Real,/content/drive/MyDrive/Dataset_Research_DFD/Real_dataset/bengali/037_Kul Kolonko.mp3.mp3
038_Bou Katha Kao.mp3,bengali,Real,Real,/content/drive/MyDrive/Dataset_Research_DFD/Real_dataset/bengali/038_Bou Katha Kao.mp3.mp3
039_Andhakare Ese Tumi.mp3,bengali,Real,Real,/content/drive/MyDrive/Dataset_Research_DFD/Real_dataset/bengali/039_Andhakare Ese Tumi.mp3.mp3
040_Keno Tomra Amai Dako.mp3,bengali,Real,Real,/content/drive/MyDrive/Dataset_Research_DFD/Real_dataset/bengali/040_Keno Tomra Amai Dako.mp3.mp3
041_Tor Bhubane Jwale Eto Alo.mp3,bengali,Real,Real,/content/drive/MyDrive/Dataset_Research_DFD/Real_dataset/bengali/041_Tor Bhubane Jwale Eto Alo.mp3.mp3
042_Amar Bhetor Ami Ke.mp3,bengali,Real,Real,/content/drive/MyDrive/Dataset_Research_DFD/Real_dataset/bengali/042_Amar Bhetor Ami Ke.mp3.mp3
043_Ma Habi Na Meye Habi.mp3,bengali,Real,Real,/content/drive/MyDrive/Dataset_Research_DFD/Real_dataset/bengali/043_Ma Habi Na Meye Habi.mp3.mp3
044_Nachiye Nachiye.mp3,bengali,Real,Real,/content/drive/MyDrive/Dataset_Research_DFD/Real_dataset/bengali/044_Nachiye Nachiye.mp3.mp3
045_Hori Naamer Tori.mp3,bengali,Real,Real,/content/drive/MyDrive/Dataset_Research_DFD/Real_dataset/bengali/045_Hori Naamer Tori.mp3.mp3
046_Deeno Tarini.mp3,bengali,Real,Real,/content/drive/MyDrive/Dataset_Research_DFD/Real_dataset/bengali/046_Deeno Tarini.mp3.mp3
047_Ami Jhanjhar Mato Durbar.mp3,bengali,Real,Real,/content/drive/MyDrive/Dataset_Research_DFD/Real_dataset/bengali/047_Ami Jhanjhar Mato Durbar.mp3.mp3
048_E Ki Labanye Purna Pran.mp3,bengali,Real,Real,/content/drive/MyDrive/Dataset_Research_DFD/Real_dataset/bengali/048_E Ki Labanye Purna Pran.mp3.mp3
051_Akoruno Shathire.mp3,bengali,Real,Real,/content/drive/MyDrive/Dataset_Research_DFD/Real_dataset/bengali/051_Akoruno Shathire.mp3.mp3
053_Moder Ei Shikal Pora Chhal.mp3,bengali,Real,Real,/content/drive/MyDrive/Dataset_Research_DFD/Real_dataset/bengali/053_Moder Ei Shikal Pora Chhal.mp3.mp3
054_Bhoriya Paran Shunitechhi Gaan.mp3,bengali,Real,Real,/content/drive/MyDrive/Dataset_Research_DFD/Real_dataset/bengali/054_Bhoriya Paran Shunitechhi Gaan.mp3.mp3
055_Nishi Raat.mp3,bengali,Real,Real,/content/drive/MyDrive/Dataset_Research_DFD/Real_dataset/bengali/055_Nishi Raat.mp3.mp3
056_Kusume Kusume Charonchinha.mp3,bengali,Real,Real,/content/drive/MyDrive/Dataset_Research_DFD/Real_dataset/bengali/056_Kusume Kusume Charonchinha.mp3.mp3
058_Ache Syam Ange Rai Ango Helia.mp3,bengali,Real,Real,/content/drive/MyDrive/Dataset_Research_DFD/Real_dataset/bengali/058_Ache Syam Ange Rai Ango Helia.mp3.mp3
059_Kala.mp3,bengali,Real,Real,/content/drive/MyDrive/Dataset_Research_DFD/Real_dataset/bengali/059_Kala.mp3.mp3
060_Apon Moner Baghe.mp3,bengali,Real,Real,/content/drive/MyDrive/Dataset_Research_DFD/Real_dataset/bengali/060_Apon Moner Baghe.mp3.mp3
061_Se Chokh Kothai Tomar.mp3,bengali,Real,Real,/content/drive/MyDrive/Dataset_Research_DFD/Real_dataset/bengali/061_Se Chokh Kothai Tomar.mp3.mp3
062_Ami Je Kato Ekela.mp3,bengali,Real,Real,/content/drive/MyDrive/Dataset_Research_DFD/Real_dataset/bengali/062_Ami Je Kato Ekela.mp3.mp3
064_Say Hari Mynah Bird.mp3,bengali,Real,Real,/content/drive/MyDrive/Dataset_Research_DFD/Real_dataset/bengali/064_Say Hari Mynah Bird.mp3.mp3
067_Jonomo Morono Hobe Nibarono.mp3,bengali,Real,Real,/content/drive/MyDrive/Dataset_Research_DFD/Real_dataset/bengali/067_Jonomo Morono Hobe Nibarono.mp3.mp3
068_Ami Tomar Lageya Re.mp3,bengali,Real,Real,/content/drive/MyDrive/Dataset_Research_DFD/Real_dataset/bengali/068_Ami Tomar Lageya Re.mp3.mp3
069_Aaji Milan Basar Priya.mp3,bengali,Real,Real,/content/drive/MyDrive/Dataset_Research_DFD/Real_dataset/bengali/069_Aaji Milan Basar Priya.mp3.mp3
072_O Amar Chandramallika.mp3,bengali,Real,Real,/content/drive/MyDrive/Dataset_Research_DFD/Real_dataset/bengali/072_O Amar Chandramallika.mp3.mp3
074_Purbo Digontey.mp3,bengali,Real,Real,/content/drive/MyDrive/Dataset_Research_DFD/Real_dataset/bengali/074_Purbo Digontey.mp3.mp3
075_Milon Hobe Koto Dine.mp3,bengali,Real,Real,/content/drive/MyDrive/Dataset_Research_DFD/Real_dataset/bengali/075_Milon Hobe Koto Dine.mp3.mp3
076_Loke Bale Bale Re.mp3,bengali,Real,Real,/content/drive/MyDrive/Dataset_Research_DFD/Real_dataset/bengali/076_Loke Bale Bale Re.mp3.mp3
077_Menoka Mathaye Dilo.mp3,bengali,Real,Real,/content/drive/MyDrive/Dataset_Research_DFD/Real_dataset/bengali/077_Menoka Mathaye Dilo.mp3.mp3
079_Kalo Jole Kuchla Tole.mp3,bengali,Real,Real,/content/drive/MyDrive/Dataset_Research_DFD/Real_dataset/bengali/079_Kalo Jole Kuchla Tole.mp3.mp3
080_Lal Paharir Deshe Ja.mp3,bengali,Real,Real,/content/drive/MyDrive/Dataset_Research_DFD/Real_dataset/bengali/080_Lal Paharir Deshe Ja.mp3.mp3
081_Phagooner Mohonaye.mp3,bengali,Real,Real,/content/drive/MyDrive/Dataset_Research_DFD/Real_dataset/bengali/081_Phagooner Mohonaye.mp3.mp3
084_Sheeter Hawaay.mp3,bengali,Real,Real,/content/drive/MyDrive/Dataset_Research_DFD/Real_dataset/bengali/084_Sheeter Hawaay.mp3.mp3
deepfake_001_266424_Raga Yaman,hindi,Deepfake,FFT,/content/drive/MyDrive/Dataset_Research_DFD/Deepfake_dataset/FFT/hindi_fft/deepfake_001_266424_Raga Yaman.mp3
deepfake_002_283057_Raga Bhairav,hindi,Deepfake,FFT,/content/drive/MyDrive/Dataset_Research_DFD/Deepfake_dataset/FFT/hindi_fft/deepfake_002_283057_Raga Bhairav.mp3
deepfake_003_408085_Raga Malkauns,hindi,Deepfake,FFT,/content/drive/MyDrive/Dataset_Research_DFD/Deepfake_dataset/FFT/hindi_fft/deepfake_003_408085_Raga Malkauns.mp3
deepfake_004_459086_Raga Darbari Kanada,hindi,Deepfake,FFT,/content/drive/MyDrive/Dataset_Research_DFD/Deepfake_dataset/FFT/hindi_fft/deepfake_004_459086_Raga Darbari Kanada.mp3
deepfake_005_557175_Thumri - Kaahe Chhed Mohe,hindi,Deepfake,FFT,/content/drive/MyDrive/Dataset_Research_DFD/Deepfake_dataset/FFT/hindi_fft/deepfake_005_557175_Thumri - Kaahe Chhed Mohe.mp3
deepfake_006_571126_Babul Mora Naihar Chhooto Jaye,hindi,Deepfake,FFT,/content/drive/MyDrive/Dataset_Research_DFD/Deepfake_dataset/FFT/hindi_fft/deepfake_006_571126_Babul Mora Naihar Chhooto Jaye.mp3
deepfake_007_593223_Raag Bhimpalasi,hindi,Deepfake,FFT,/content/drive/MyDrive/Dataset_Research_DFD/Deepfake_dataset/FFT/hindi_fft/deepfake_007_593223_Raag Bhimpalasi.mp3
deepfake_008_715776_Raga Bageshri,hindi,Deepfake,FFT,/content/drive/MyDrive/Dataset_Research_DFD/Deepfake_dataset/FFT/hindi_fft/deepfake_008_715776_Raga Bageshri.mp3
deepfake_009_811813_Ab Ke Sajan Sawan Mein,hindi,Deepfake,FFT,/content/drive/MyDrive/Dataset_Research_DFD/Deepfake_dataset/FFT/hindi_fft/deepfake_009_811813_Ab Ke Sajan Sawan Mein.mp3
deepfake_010_823913_Saajan Bin,hindi,Deepfake,FFT,/content/drive/MyDrive/Dataset_Research_DFD/Deepfake_dataset/FFT/hindi_fft/deepfake_010_823913_Saajan Bin.mp3
deepfake_011_832624_Piya Bin Nahi Aavat,hindi,Deepfake,FFT,/content/drive/MyDrive/Dataset_Research_DFD/Deepfake_dataset/FFT/hindi_fft/deepfake_011_832624_Piya Bin Nahi Aavat.mp3
deepfake_012_856032_Raga Yaman Alap,hindi,Deepfake,FFT,/content/drive/MyDrive/Dataset_Research_DFD/Deepfake_dataset/FFT/hindi_fft/deepfake_012_856032_Raga Yaman Alap.mp3
deepfake_013_873178_Raga Bhairav Alap,hindi,Deepfake,FFT,/content/drive/MyDrive/Dataset_Research_DFD/Deepfake_dataset/FFT/hindi_fft/deepfake_013_873178_Raga Bhairav Alap.mp3
deepfake_014_1352_Raga Desh,hindi,Deepfake,FFT,/content/drive/MyDrive/Dataset_Research_DFD/Deepfake_dataset/FFT/hindi_fft/deepfake_014_1352_Raga Desh.mp3
deepfake_015_54723_Raga Marwa,hindi,Deepfake,FFT,/content/drive/MyDrive/Dataset_Research_DFD/Deepfake_dataset/FFT/hindi_fft/deepfake_015_54723_Raga Marwa.mp3
deepfake_016_153491_Thumri - Chaiti,hindi,Deepfake,FFT,/content/drive/MyDrive/Dataset_Research_DFD/Deepfake_dataset/FFT/hindi_fft/deepfake_016_153491_Thumri - Chaiti.mp3
deepfake_017_164953_Raga Kafi,hindi,Deepfake,FFT,/content/drive/MyDrive/Dataset_Research_DFD/Deepfake_dataset/FFT/hindi_fft/deepfake_017_164953_Raga Kafi.mp3
deepfake_018_221677_Raag Durga,hindi,Deepfake,FFT,/content/drive/MyDrive/Dataset_Research_DFD/Deepfake_dataset/FFT/hindi_fft/deepfake_018_221677_Raag Durga.mp3
deepfake_019_231249_Raga Deshkar,hindi,Deepfake,FFT,/content/drive/MyDrive/Dataset_Research_DFD/Deepfake_dataset/FFT/hindi_fft/deepfake_019_231249_Raga Deshkar.mp3
deepfake_020_260258_Raga Bhimpalasi Alap,hindi,Deepfake,FFT,/content/drive/MyDrive/Dataset_Research_DFD/Deepfake_dataset/FFT/hindi_fft/deepfake_020_260258_Raga Bhimpalasi Alap.mp3
deepfake_021_408285_Thumri - Madhuban Mein Radhika,hindi,Deepfake,FFT,/content/drive/MyDrive/Dataset_Research_DFD/Deepfake_dataset/FFT/hindi_fft/deepfake_021_408285_Thumri - Madhuban Mein Radhika.mp3
deepfake_022_423157_Dadra Geet,hindi,Deepfake,FFT,/content/drive/MyDrive/Dataset_Research_DFD/Deepfake_dataset/FFT/hindi_fft/deepfake_022_423157_Dadra Geet.mp3
deepfake_023_439724_Saawan Ke Geet Ritu Ke Geet,hindi,Deepfake,FFT,/content/drive/MyDrive/Dataset_Research_DFD/Deepfake_dataset/FFT/hindi_fft/deepfake_023_439724_Saawan Ke Geet Ritu Ke Geet.mp3
deepfake_024_487406_Kabhi Ram Banke Kabhi Shyam Banke,hindi,Deepfake,FFT,/content/drive/MyDrive/Dataset_Research_DFD/Deepfake_dataset/FFT/hindi_fft/deepfake_024_487406_Kabhi Ram Banke Kabhi Shyam Banke.mp3
deepfake_025_506840_Jai Jai Shiv Shankar,hindi,Deepfake,FFT,/content/drive/MyDrive/Dataset_Research_DFD/Deepfake_dataset/FFT/hindi_fft/deepfake_025_506840_Jai Jai Shiv Shankar.mp3
deepfake_026_527044_Raga Durga Alap,hindi,Deepfake,FFT,/content/drive/MyDrive/Dataset_Research_DFD/Deepfake_dataset/FFT/hindi_fft/deepfake_026_527044_Raga Durga Alap.mp3
deepfake_027_535873_Ghar Aaja Ghir Aaja,hindi,Deepfake,FFT,/content/drive/MyDrive/Dataset_Research_DFD/Deepfake_dataset/FFT/hindi_fft/deepfake_027_535873_Ghar Aaja Ghir Aaja.mp3
deepfake_028_548870_Sajan Bin Nahi Aavat Chain,hindi,Deepfake,FFT,/content/drive/MyDrive/Dataset_Research_DFD/Deepfake_dataset/FFT/hindi_fft/deepfake_028_548870_Sajan Bin Nahi Aavat Chain.mp3
deepfake_029_553532_Kajari - Sawan Aayo Re,hindi,Deepfake,FFT,/content/drive/MyDrive/Dataset_Research_DFD/Deepfake_dataset/FFT/hindi_fft/deepfake_029_553532_Kajari - Sawan Aayo Re.mp3
deepfake_030_773954_Chaiti Geet,hindi,Deepfake,FFT,/content/drive/MyDrive/Dataset_Research_DFD/Deepfake_dataset/FFT/hindi_fft/deepfake_030_773954_Chaiti Geet.mp3
deepfake_031_784445_Holi Ke Geet,hindi,Deepfake,FFT,/content/drive/MyDrive/Dataset_Research_DFD/Deepfake_dataset/FFT/hindi_fft/deepfake_031_784445_Holi Ke Geet.mp3
deepfake_032_797290_Rajasthani Folk Song,hindi,Deepfake,FFT,/content/drive/MyDrive/Dataset_Research_DFD/Deepfake_dataset/FFT/hindi_fft/deepfake_032_797290_Rajasthani Folk Song.mp3
deepfake_033_805465_Bihari Folk Geet,hindi,Deepfake,FFT,/content/drive/MyDrive/Dataset_Research_DFD/Deepfake_dataset/FFT/hindi_fft/deepfake_033_805465_Bihari Folk Geet.mp3
deepfake_034_819984_Awadhi Geet,hindi,Deepfake,FFT,/content/drive/MyDrive/Dataset_Research_DFD/Deepfake_dataset/FFT/hindi_fft/deepfake_034_819984_Awadhi Geet.mp3
deepfake_035_830497_Braj Bhasha Geet,hindi,Deepfake,FFT,/content/drive/MyDrive/Dataset_Research_DFD/Deepfake_dataset/FFT/hindi_fft/deepfake_035_830497_Braj Bhasha Geet.mp3
deepfake_036_849509_Haryanvi Geet,hindi,Deepfake,FFT,/content/drive/MyDrive/Dataset_Research_DFD/Deepfake_dataset/FFT/hindi_fft/deepfake_036_849509_Haryanvi Geet.mp3
deepfake_037_857934_Kajri,hindi,Deepfake,FFT,/content/drive/MyDrive/Dataset_Research_DFD/Deepfake_dataset/FFT/hindi_fft/deepfake_037_857934_Kajri.mp3
deepfake_038_980920_Bhajan Folk Song,hindi,Deepfake,FFT,/content/drive/MyDrive/Dataset_Research_DFD/Deepfake_dataset/FFT/hindi_fft/deepfake_038_980920_Bhajan Folk Song.mp3
deepfake_039_993507_Rajasthani Maand,hindi,Deepfake,FFT,/content/drive/MyDrive/Dataset_Research_DFD/Deepfake_dataset/FFT/hindi_fft/deepfake_039_993507_Rajasthani Maand.mp3
deepfake_040_995252_Bundeli Folk Song,hindi,Deepfake,FFT,/content/drive/MyDrive/Dataset_Research_DFD/Deepfake_dataset/FFT/hindi_fft/deepfake_040_995252_Bundeli Folk Song.mp3
deepfake_041_28160_Purabi Geet,hindi,Deepfake,FFT,/content/drive/MyDrive/Dataset_Research_DFD/Deepfake_dataset/FFT/hindi_fft/deepfake_041_28160_Purabi Geet.mp3
deepfake_042_75443_Chhattisgarhi Song,hindi,Deepfake,FFT,/content/drive/MyDrive/Dataset_Research_DFD/Deepfake_dataset/FFT/hindi_fft/deepfake_042_75443_Chhattisgarhi Song.mp3
deepfake_043_108112_Punjabi Folk,hindi,Deepfake,FFT,/content/drive/MyDrive/Dataset_Research_DFD/Deepfake_dataset/FFT/hindi_fft/deepfake_043_108112_Punjabi Folk.mp3
deepfake_044_122536_Garhwali Geet,hindi,Deepfake,FFT,/content/drive/MyDrive/Dataset_Research_DFD/Deepfake_dataset/FFT/hindi_fft/deepfake_044_122536_Garhwali Geet.mp3
deepfake_045_124166_Kumaoni Folk Song,hindi,Deepfake,FFT,/content/drive/MyDrive/Dataset_Research_DFD/Deepfake_dataset/FFT/hindi_fft/deepfake_045_124166_Kumaoni Folk Song.mp3
deepfake_046_127464_Uttar Pradesh Folk,hindi,Deepfake,FFT,/content/drive/MyDrive/Dataset_Research_DFD/Deepfake_dataset/FFT/hindi_fft/deepfake_046_127464_Uttar Pradesh Folk.mp3
deepfake_047_143208_Rajasthan Folk Ballad,hindi,Deepfake,FFT,/content/drive/MyDrive/Dataset_Research_DFD/Deepfake_dataset/FFT/hindi_fft/deepfake_047_143208_Rajasthan Folk Ballad.mp3
deepfake_048_146175_Folk Song from Bihar,hindi,Deepfake,FFT,/content/drive/MyDrive/Dataset_Research_DFD/Deepfake_dataset/FFT/hindi_fft/deepfake_048_146175_Folk Song from Bihar.mp3
deepfake_049_171124_Himachali Folk Song,hindi,Deepfake,FFT,/content/drive/MyDrive/Dataset_Research_DFD/Deepfake_dataset/FFT/hindi_fft/deepfake_049_171124_Himachali Folk Song.mp3
deepfake_050_204789_Marathi Folk Song,hindi,Deepfake,FFT,/content/drive/MyDrive/Dataset_Research_DFD/Deepfake_dataset/FFT/hindi_fft/deepfake_050_204789_Marathi Folk Song.mp3
deepfake_051_215607_Bhojpuri Folk Song,hindi,Deepfake,FFT,/content/drive/MyDrive/Dataset_Research_DFD/Deepfake_dataset/FFT/hindi_fft/deepfake_051_215607_Bhojpuri Folk Song.mp3
deepfake_052_226511_Garhwali Bhajan Folk,hindi,Deepfake,FFT,/content/drive/MyDrive/Dataset_Research_DFD/Deepfake_dataset/FFT/hindi_fft/deepfake_052_226511_Garhwali Bhajan Folk.mp3
deepfake_053_238133_Haryanvi Dance Folk,hindi,Deepfake,FFT,/content/drive/MyDrive/Dataset_Research_DFD/Deepfake_dataset/FFT/hindi_fft/deepfake_053_238133_Haryanvi Dance Folk.mp3
deepfake_054_250669_Awadhi Traditional Song,hindi,Deepfake,FFT,/content/drive/MyDrive/Dataset_Research_DFD/Deepfake_dataset/FFT/hindi_fft/deepfake_054_250669_Awadhi Traditional Song.mp3
deepfake_055_262155_Maithili Folk Song,hindi,Deepfake,FFT,/content/drive/MyDrive/Dataset_Research_DFD/Deepfake_dataset/FFT/hindi_fft/deepfake_055_262155_Maithili Folk Song.mp3
deepfake_056_280119_Kashmiri Folk Song,hindi,Deepfake,FFT,/content/drive/MyDrive/Dataset_Research_DFD/Deepfake_dataset/FFT/hindi_fft/deepfake_056_280119_Kashmiri Folk Song.mp3
deepfake_057_304705_Gujrati Folk Song,hindi,Deepfake,FFT,/content/drive/MyDrive/Dataset_Research_DFD/Deepfake_dataset/FFT/hindi_fft/deepfake_057_304705_Gujrati Folk Song.mp3
deepfake_058_313825_Punjab Folk Song,hindi,Deepfake,FFT,/content/drive/MyDrive/Dataset_Research_DFD/Deepfake_dataset/FFT/hindi_fft/deepfake_058_313825_Punjab Folk Song.mp3
deepfake_059_324865_Lag Ja Gale,hindi,Deepfake,FFT,/content/drive/MyDrive/Dataset_Research_DFD/Deepfake_dataset/FFT/hindi_fft/deepfake_059_324865_Lag Ja Gale.mp3
deepfake_060_333900_Tere Bina Zindagi Se,hindi,Deepfake,FFT,/content/drive/MyDrive/Dataset_Research_DFD/Deepfake_dataset/FFT/hindi_fft/deepfake_060_333900_Tere Bina Zindagi Se.mp3
deepfake_061_360095_Ae Mere Watan Ke Logo,hindi,Deepfake,FFT,/content/drive/MyDrive/Dataset_Research_DFD/Deepfake_dataset/FFT/hindi_fft/deepfake_061_360095_Ae Mere Watan Ke Logo.mp3
deepfake_062_375677_Roop Tera Mastana,hindi,Deepfake,FFT,/content/drive/MyDrive/Dataset_Research_DFD/Deepfake_dataset/FFT/hindi_fft/deepfake_062_375677_Roop Tera Mastana.mp3
deepfake_063_633093_Zindagi Ek Safar,hindi,Deepfake,FFT,/content/drive/MyDrive/Dataset_Research_DFD/Deepfake_dataset/FFT/hindi_fft/deepfake_063_633093_Zindagi Ek Safar.mp3
deepfake_064_644410_Chaudhvin Ka Chand,hindi,Deepfake,FFT,/content/drive/MyDrive/Dataset_Research_DFD/Deepfake_dataset/FFT/hindi_fft/deepfake_064_644410_Chaudhvin Ka Chand.mp3
deepfake_065_656417_Madhuban Mein Radhika,hindi,Deepfake,FFT,/content/drive/MyDrive/Dataset_Research_DFD/Deepfake_dataset/FFT/hindi_fft/deepfake_065_656417_Madhuban Mein Radhika.mp3
deepfake_066_673274_Albela Sajan,hindi,Deepfake,FFT,/content/drive/MyDrive/Dataset_Research_DFD/Deepfake_dataset/FFT/hindi_fft/deepfake_066_673274_Albela Sajan.mp3
deepfake_067_685268_Tum Jo Mil Gaye Ho,hindi,Deepfake,FFT,/content/drive/MyDrive/Dataset_Research_DFD/Deepfake_dataset/FFT/hindi_fft/deepfake_067_685268_Tum Jo Mil Gaye Ho.mp3
deepfake_068_694987_Piya Tose Naina Laage Re,hindi,Deepfake,FFT,/content/drive/MyDrive/Dataset_Research_DFD/Deepfake_dataset/FFT/hindi_fft/deepfake_068_694987_Piya Tose Naina Laage Re.mp3
deepfake_069_711782_Chura Liya Hai Tumne,hindi,Deepfake,FFT,/content/drive/MyDrive/Dataset_Research_DFD/Deepfake_dataset/FFT/hindi_fft/deepfake_069_711782_Chura Liya Hai Tumne.mp3
deepfake_070_723874_Dil Deke Dekho,hindi,Deepfake,FFT,/content/drive/MyDrive/Dataset_Research_DFD/Deepfake_dataset/FFT/hindi_fft/deepfake_070_723874_Dil Deke Dekho.mp3
deepfake_071_735982_Kya Hua Tera Vaada,hindi,Deepfake,FFT,/content/drive/MyDrive/Dataset_Research_DFD/Deepfake_dataset/FFT/hindi_fft/deepfake_071_735982_Kya Hua Tera Vaada.mp3
deepfake_072_754829_Tujhe Dekha To,hindi,Deepfake,FFT,/content/drive/MyDrive/Dataset_Research_DFD/Deepfake_dataset/FFT/hindi_fft/deepfake_072_754829_Tujhe Dekha To.mp3
deepfake_073_764880_Ek Ladki Ko Dekha,hindi,Deepfake,FFT,/content/drive/MyDrive/Dataset_Research_DFD/Deepfake_dataset/FFT/hindi_fft/deepfake_073_764880_Ek Ladki Ko Dekha.mp3
deepfake_074_777573_Humko Humise Chura Lo,hindi,Deepfake,FFT,/content/drive/MyDrive/Dataset_Research_DFD/Deepfake_dataset/FFT/hindi_fft/deepfake_074_777573_Humko Humise Chura Lo.mp3
deepfake_075_793261_Bahon Mein Chale Aao,hindi,Deepfake,FFT,/content/drive/MyDrive/Dataset_Research_DFD/Deepfake_dataset/FFT/hindi_fft/deepfake_075_793261_Bahon Mein Chale Aao.mp3
deepfake_076_807365_Pehla Nasha,hindi,Deepfake,FFT,/content/drive/MyDrive/Dataset_Research_DFD/Deepfake_dataset/FFT/hindi_fft/deepfake_076_807365_Pehla Nasha.mp3
deepfake_077_820973_Main Agar Kahoon,hindi,Deepfake,FFT,/content/drive/MyDrive/Dataset_Research_DFD/Deepfake_dataset/FFT/hindi_fft/deepfake_077_820973_Main Agar Kahoon.mp3
deepfake_078_831956_Suraj Hua Maddham,hindi,Deepfake,FFT,/content/drive/MyDrive/Dataset_Research_DFD/Deepfake_dataset/FFT/hindi_fft/deepfake_078_831956_Suraj Hua Maddham.mp3
deepfake_079_843414_Tera Ban Jaunga,hindi,Deepfake,FFT,/content/drive/MyDrive/Dataset_Research_DFD/Deepfake_dataset/FFT/hindi_fft/deepfake_079_843414_Tera Ban Jaunga.mp3
deepfake_080_854466_Chalte Chalte,hindi,Deepfake,FFT,/content/drive/MyDrive/Dataset_Research_DFD/Deepfake_dataset/FFT/hindi_fft/deepfake_080_854466_Chalte Chalte.mp3
deepfake_081_866246_Kabhi Kabhi Mere Dil Mein,hindi,Deepfake,FFT,/content/drive/MyDrive/Dataset_Research_DFD/Deepfake_dataset/FFT/hindi_fft/deepfake_081_866246_Kabhi Kabhi Mere Dil Mein.mp3
deepfake_082_877711_Agar Tum Saath Ho,hindi,Deepfake,FFT,/content/drive/MyDrive/Dataset_Research_DFD/Deepfake_dataset/FFT/hindi_fft/deepfake_082_877711_Agar Tum Saath Ho.mp3
deepfake_083_888849_Dil To Pagal Hai,hindi,Deepfake,FFT,/content/drive/MyDrive/Dataset_Research_DFD/Deepfake_dataset/FFT/hindi_fft/deepfake_083_888849_Dil To Pagal Hai.mp3
deepfake_084_900018_Tujh Mein Rab Dikhta Hai,hindi,Deepfake,FFT,/content/drive/MyDrive/Dataset_Research_DFD/Deepfake_dataset/FFT/hindi_fft/deepfake_084_900018_Tujh Mein Rab Dikhta Hai.mp3
Akhil Sachdeva & Tulsi Kumar,hindi,Deepfake,RVC,/content/drive/MyDrive/Dataset_Research_DFD/Deepfake_dataset/RVC/hindi_rvc/Akhil Sachdeva & Tulsi Kumar.wav
Akhil Sachdeva & Tulsi Kumar_VOCAL_CONVERTED,hindi,Deepfake,RVC,/content/drive/MyDrive/Dataset_Research_DFD/Deepfake_dataset/RVC/hindi_rvc/Akhil Sachdeva & Tulsi Kumar_VOCAL_CONVERTED.wav
Alka Yagnik & Arijit Singh,hindi,Deepfake,RVC,/content/drive/MyDrive/Dataset_Research_DFD/Deepfake_dataset/RVC/hindi_rvc/Alka Yagnik & Arijit Singh.wav
Alka Yagnik & Arijit Singh_VOCAL_CONVERTED,hindi,Deepfake,RVC,/content/drive/MyDrive/Dataset_Research_DFD/Deepfake_dataset/RVC/hindi_rvc/Alka Yagnik & Arijit Singh_VOCAL_CONVERTED.wav
Allah Jilai Bai,hindi,Deepfake,RVC,/content/drive/MyDrive/Dataset_Research_DFD/Deepfake_dataset/RVC/hindi_rvc/Allah Jilai Bai.wav
Allah Jilai Bai_VOCAL_CONVERTED,hindi,Deepfake,RVC,/content/drive/MyDrive/Dataset_Research_DFD/Deepfake_dataset/RVC/hindi_rvc/Allah Jilai Bai_VOCAL_CONVERTED.wav
Asha Bhosle & Mohammad Rafi,hindi,Deepfake,RVC,/content/drive/MyDrive/Dataset_Research_DFD/Deepfake_dataset/RVC/hindi_rvc/Asha Bhosle & Mohammad Rafi.wav
Asha Bhosle & Mohammad Rafi_VOCAL_CONVERTED,hindi,Deepfake,RVC,/content/drive/MyDrive/Dataset_Research_DFD/Deepfake_dataset/RVC/hindi_rvc/Asha Bhosle & Mohammad Rafi_VOCAL_CONVERTED.wav
Begum Akhtar,hindi,Deepfake,RVC,/content/drive/MyDrive/Dataset_Research_DFD/Deepfake_dataset/RVC/hindi_rvc/Begum Akhtar.wav
Begum Akhtar_VOCAL_CONVERTED,hindi,Deepfake,RVC,/content/drive/MyDrive/Dataset_Research_DFD/Deepfake_dataset/RVC/hindi_rvc/Begum Akhtar_VOCAL_CONVERTED.wav
Girija Devi,hindi,Deepfake,RVC,/content/drive/MyDrive/Dataset_Research_DFD/Deepfake_dataset/RVC/hindi_rvc/Girija Devi.wav
Girija Devi_VOCAL_CONVERTED,hindi,Deepfake,RVC,/content/drive/MyDrive/Dataset_Research_DFD/Deepfake_dataset/RVC/hindi_rvc/Girija Devi_VOCAL_CONVERTED.wav
Kishore Kumar,hindi,Deepfake,RVC,/content/drive/MyDrive/Dataset_Research_DFD/Deepfake_dataset/RVC/hindi_rvc/Kishore Kumar.wav
Kishore Kumar_VOCAL_CONVERTED,hindi,Deepfake,RVC,/content/drive/MyDrive/Dataset_Research_DFD/Deepfake_dataset/RVC/hindi_rvc/Kishore Kumar_VOCAL_CONVERTED.wav
Kishori Amonkar,hindi,Deepfake,RVC,/content/drive/MyDrive/Dataset_Research_DFD/Deepfake_dataset/RVC/hindi_rvc/Kishori Amonkar.wav
Kishori Amonkar_VOCAL_CONVERTED,hindi,Deepfake,RVC,/content/drive/MyDrive/Dataset_Research_DFD/Deepfake_dataset/RVC/hindi_rvc/Kishori Amonkar_VOCAL_CONVERTED.wav
Kumar Sanu,hindi,Deepfake,RVC,/content/drive/MyDrive/Dataset_Research_DFD/Deepfake_dataset/RVC/hindi_rvc/Kumar Sanu.wav
Kumar Sanu & Lata Mangeshkar,hindi,Deepfake,RVC,/content/drive/MyDrive/Dataset_Research_DFD/Deepfake_dataset/RVC/hindi_rvc/Kumar Sanu & Lata Mangeshkar.wav
Kumar Sanu & Lata Mangeshkar_VOCAL_CONVERTED,hindi,Deepfake,RVC,/content/drive/MyDrive/Dataset_Research_DFD/Deepfake_dataset/RVC/hindi_rvc/Kumar Sanu & Lata Mangeshkar_VOCAL_CONVERTED.wav
Kumar Sanu_VOCAL_CONVERTED,hindi,Deepfake,RVC,/content/drive/MyDrive/Dataset_Research_DFD/Deepfake_dataset/RVC/hindi_rvc/Kumar Sanu_VOCAL_CONVERTED.wav
Lata Mangeshkar,hindi,Deepfake,RVC,/content/drive/MyDrive/Dataset_Research_DFD/Deepfake_dataset/RVC/hindi_rvc/Lata Mangeshkar.wav
Lata Mangeshkar & Kishore Kumar,hindi,Deepfake,RVC,/content/drive/MyDrive/Dataset_Research_DFD/Deepfake_dataset/RVC/hindi_rvc/Lata Mangeshkar & Kishore Kumar.wav
Lata Mangeshkar & Kishore Kumar_VOCAL_CONVERTED,hindi,Deepfake,RVC,/content/drive/MyDrive/Dataset_Research_DFD/Deepfake_dataset/RVC/hindi_rvc/Lata Mangeshkar & Kishore Kumar_VOCAL_CONVERTED.wav
Lata Mangeshkar_VOCAL_CONVERTED,hindi,Deepfake,RVC,/content/drive/MyDrive/Dataset_Research_DFD/Deepfake_dataset/RVC/hindi_rvc/Lata Mangeshkar_VOCAL_CONVERTED.wav
M.S. Subbulakshmi,hindi,Deepfake,RVC,/content/drive/MyDrive/Dataset_Research_DFD/Deepfake_dataset/RVC/hindi_rvc/M.S. Subbulakshmi.wav
M.S_VOCAL_CONVERTED,hindi,Deepfake,RVC,/content/drive/MyDrive/Dataset_Research_DFD/Deepfake_dataset/RVC/hindi_rvc/M.S_VOCAL_CONVERTED.wav
Maithili Thakur,hindi,Deepfake,RVC,/content/drive/MyDrive/Dataset_Research_DFD/Deepfake_dataset/RVC/hindi_rvc/Maithili Thakur.wav
Maithili Thakur_VOCAL_CONVERTED,hindi,Deepfake,RVC,/content/drive/MyDrive/Dataset_Research_DFD/Deepfake_dataset/RVC/hindi_rvc/Maithili Thakur_VOCAL_CONVERTED.wav
Mohammad Rafi,hindi,Deepfake,RVC,/content/drive/MyDrive/Dataset_Research_DFD/Deepfake_dataset/RVC/hindi_rvc/Mohammad Rafi.wav
Mohammad Rafi_VOCAL_CONVERTED,hindi,Deepfake,RVC,/content/drive/MyDrive/Dataset_Research_DFD/Deepfake_dataset/RVC/hindi_rvc/Mohammad Rafi_VOCAL_CONVERTED.wav
Mukesh & Lata Mangeshkar,hindi,Deepfake,RVC,/content/drive/MyDrive/Dataset_Research_DFD/Deepfake_dataset/RVC/hindi_rvc/Mukesh & Lata Mangeshkar.wav
Mukesh & Lata Mangeshkar_VOCAL_CONVERTED,hindi,Deepfake,RVC,/content/drive/MyDrive/Dataset_Research_DFD/Deepfake_dataset/RVC/hindi_rvc/Mukesh & Lata Mangeshkar_VOCAL_CONVERTED.wav
Pandit Bhimsen Joshi,hindi,Deepfake,RVC,/content/drive/MyDrive/Dataset_Research_DFD/Deepfake_dataset/RVC/hindi_rvc/Pandit Bhimsen Joshi.wav
Pandit Bhimsen Joshi_VOCAL_CONVERTED,hindi,Deepfake,RVC,/content/drive/MyDrive/Dataset_Research_DFD/Deepfake_dataset/RVC/hindi_rvc/Pandit Bhimsen Joshi_VOCAL_CONVERTED.wav
Pandit Chhannulal Mishra,hindi,Deepfake,RVC,/content/drive/MyDrive/Dataset_Research_DFD/Deepfake_dataset/RVC/hindi_rvc/Pandit Chhannulal Mishra.wav
Pandit Chhannulal Mishra_VOCAL_CONVERTED,hindi,Deepfake,RVC,/content/drive/MyDrive/Dataset_Research_DFD/Deepfake_dataset/RVC/hindi_rvc/Pandit Chhannulal Mishra_VOCAL_CONVERTED.wav
Pandit Jasraj,hindi,Deepfake,RVC,/content/drive/MyDrive/Dataset_Research_DFD/Deepfake_dataset/RVC/hindi_rvc/Pandit Jasraj.wav
Pandit Jasraj_VOCAL_CONVERTED,hindi,Deepfake,RVC,/content/drive/MyDrive/Dataset_Research_DFD/Deepfake_dataset/RVC/hindi_rvc/Pandit Jasraj_VOCAL_CONVERTED.wav
Pandit Kumar Gandharva,hindi,Deepfake,RVC,/content/drive/MyDrive/Dataset_Research_DFD/Deepfake_dataset/RVC/hindi_rvc/Pandit Kumar Gandharva.wav
Pandit Kumar Gandharva_VOCAL_CONVERTED,hindi,Deepfake,RVC,/content/drive/MyDrive/Dataset_Research_DFD/Deepfake_dataset/RVC/hindi_rvc/Pandit Kumar Gandharva_VOCAL_CONVERTED.wav
Regional Artist,hindi,Deepfake,RVC,/content/drive/MyDrive/Dataset_Research_DFD/Deepfake_dataset/RVC/hindi_rvc/Regional Artist.wav
Regional Artist_VOCAL_CONVERTED,hindi,Deepfake,RVC,/content/drive/MyDrive/Dataset_Research_DFD/Deepfake_dataset/RVC/hindi_rvc/Regional Artist_VOCAL_CONVERTED.wav
Regional Folk Singer,hindi,Deepfake,RVC,/content/drive/MyDrive/Dataset_Research_DFD/Deepfake_dataset/RVC/hindi_rvc/Regional Folk Singer.wav
Regional Folk Singer_VOCAL_CONVERTED,hindi,Deepfake,RVC,/content/drive/MyDrive/Dataset_Research_DFD/Deepfake_dataset/RVC/hindi_rvc/Regional Folk Singer_VOCAL_CONVERTED.wav
Regional Singer,hindi,Deepfake,RVC,/content/drive/MyDrive/Dataset_Research_DFD/Deepfake_dataset/RVC/hindi_rvc/Regional Singer.wav
Regional Singer_VOCAL_CONVERTED,hindi,Deepfake,RVC,/content/drive/MyDrive/Dataset_Research_DFD/Deepfake_dataset/RVC/hindi_rvc/Regional Singer_VOCAL_CONVERTED.wav
Roop Kumar Rathod,hindi,Deepfake,RVC,/content/drive/MyDrive/Dataset_Research_DFD/Deepfake_dataset/RVC/hindi_rvc/Roop Kumar Rathod.wav
Roop Kumar Rathod_VOCAL_CONVERTED,hindi,Deepfake,RVC,/content/drive/MyDrive/Dataset_Research_DFD/Deepfake_dataset/RVC/hindi_rvc/Roop Kumar Rathod_VOCAL_CONVERTED.wav
Shobha Gurtu,hindi,Deepfake,RVC,/content/drive/MyDrive/Dataset_Research_DFD/Deepfake_dataset/RVC/hindi_rvc/Shobha Gurtu.wav
Shobha Gurtu_VOCAL_CONVERTED,hindi,Deepfake,RVC,/content/drive/MyDrive/Dataset_Research_DFD/Deepfake_dataset/RVC/hindi_rvc/Shobha Gurtu_VOCAL_CONVERTED.wav
Sonu Nigam & Alka Yagnik,hindi,Deepfake,RVC,/content/drive/MyDrive/Dataset_Research_DFD/Deepfake_dataset/RVC/hindi_rvc/Sonu Nigam & Alka Yagnik.wav
Sonu Nigam & Alka Yagnik_VOCAL_CONVERTED,hindi,Deepfake,RVC,/content/drive/MyDrive/Dataset_Research_DFD/Deepfake_dataset/RVC/hindi_rvc/Sonu Nigam & Alka Yagnik_VOCAL_CONVERTED.wav
Traditional Artist,hindi,Deepfake,RVC,/content/drive/MyDrive/Dataset_Research_DFD/Deepfake_dataset/RVC/hindi_rvc/Traditional Artist.wav
Traditional Artist_VOCAL_CONVERTED,hindi,Deepfake,RVC,/content/drive/MyDrive/Dataset_Research_DFD/Deepfake_dataset/RVC/hindi_rvc/Traditional Artist_VOCAL_CONVERTED.wav
Traditional Singer,hindi,Deepfake,RVC,/content/drive/MyDrive/Dataset_Research_DFD/Deepfake_dataset/RVC/hindi_rvc/Traditional Singer.wav
Traditional Singer_VOCAL_CONVERTED,hindi,Deepfake,RVC,/content/drive/MyDrive/Dataset_Research_DFD/Deepfake_dataset/RVC/hindi_rvc/Traditional Singer_VOCAL_CONVERTED.wav
Udit Narayan,hindi,Deepfake,RVC,/content/drive/MyDrive/Dataset_Research_DFD/Deepfake_dataset/RVC/hindi_rvc/Udit Narayan.wav
Udit Narayan & Alka Yagnik,hindi,Deepfake,RVC,/content/drive/MyDrive/Dataset_Research_DFD/Deepfake_dataset/RVC/hindi_rvc/Udit Narayan & Alka Yagnik.wav
Udit Narayan & Alka Yagnik_VOCAL_CONVERTED,hindi,Deepfake,RVC,/content/drive/MyDrive/Dataset_Research_DFD/Deepfake_dataset/RVC/hindi_rvc/Udit Narayan & Alka Yagnik_VOCAL_CONVERTED.wav
Udit Narayan_VOCAL_CONVERTED,hindi,Deepfake,RVC,/content/drive/MyDrive/Dataset_Research_DFD/Deepfake_dataset/RVC/hindi_rvc/Udit Narayan_VOCAL_CONVERTED.wav
Ustad Amir Khan,hindi,Deepfake,RVC,/content/drive/MyDrive/Dataset_Research_DFD/Deepfake_dataset/RVC/hindi_rvc/Ustad Amir Khan.wav
Ustad Amir Khan_VOCAL_CONVERTED,hindi,Deepfake,RVC,/content/drive/MyDrive/Dataset_Research_DFD/Deepfake_dataset/RVC/hindi_rvc/Ustad Amir Khan_VOCAL_CONVERTED.wav
Ustad Rashid Khan,hindi,Deepfake,RVC,/content/drive/MyDrive/Dataset_Research_DFD/Deepfake_dataset/RVC/hindi_rvc/Ustad Rashid Khan.wav
Ustad Rashid Khan_VOCAL_CONVERTED,hindi,Deepfake,RVC,/content/drive/MyDrive/Dataset_Research_DFD/Deepfake_dataset/RVC/hindi_rvc/Ustad Rashid Khan_VOCAL_CONVERTED.wav
anime_energetic_idol_002_Ae Mere Watan Ke Logo,hindi,Deepfake,SoVits_Anime,/content/drive/MyDrive/Dataset_Research_DFD/Deepfake_dataset/SoVits_Anime/hindi_sovits_anime/anime_energetic_idol_002_Ae Mere Watan Ke Logo.wav
anime_energetic_idol_005_Awadhi Geet,hindi,Deepfake,SoVits_Anime,/content/drive/MyDrive/Dataset_Research_DFD/Deepfake_dataset/SoVits_Anime/hindi_sovits_anime/anime_energetic_idol_005_Awadhi Geet.wav
anime_energetic_idol_008_Bahon Mein Chale Aao,hindi,Deepfake,SoVits_Anime,/content/drive/MyDrive/Dataset_Research_DFD/Deepfake_dataset/SoVits_Anime/hindi_sovits_anime/anime_energetic_idol_008_Bahon Mein Chale Aao.wav
anime_energetic_idol_011_Bihari Folk Geet,hindi,Deepfake,SoVits_Anime,/content/drive/MyDrive/Dataset_Research_DFD/Deepfake_dataset/SoVits_Anime/hindi_sovits_anime/anime_energetic_idol_011_Bihari Folk Geet.wav
anime_energetic_idol_014_Chaiti Geet,hindi,Deepfake,SoVits_Anime,/content/drive/MyDrive/Dataset_Research_DFD/Deepfake_dataset/SoVits_Anime/hindi_sovits_anime/anime_energetic_idol_014_Chaiti Geet.wav
anime_energetic_idol_017_Chhattisgarhi Song,hindi,Deepfake,SoVits_Anime,/content/drive/MyDrive/Dataset_Research_DFD/Deepfake_dataset/SoVits_Anime/hindi_sovits_anime/anime_energetic_idol_017_Chhattisgarhi Song.wav
anime_energetic_idol_020_Dil Deke Dekho,hindi,Deepfake,SoVits_Anime,/content/drive/MyDrive/Dataset_Research_DFD/Deepfake_dataset/SoVits_Anime/hindi_sovits_anime/anime_energetic_idol_020_Dil Deke Dekho.wav
anime_energetic_idol_023_Folk Song from Bihar,hindi,Deepfake,SoVits_Anime,/content/drive/MyDrive/Dataset_Research_DFD/Deepfake_dataset/SoVits_Anime/hindi_sovits_anime/anime_energetic_idol_023_Folk Song from Bihar.wav
anime_energetic_idol_026_Ghar Aaja Ghir Aaja,hindi,Deepfake,SoVits_Anime,/content/drive/MyDrive/Dataset_Research_DFD/Deepfake_dataset/SoVits_Anime/hindi_sovits_anime/anime_energetic_idol_026_Ghar Aaja Ghir Aaja.wav
anime_energetic_idol_029_Haryanvi Geet,hindi,Deepfake,SoVits_Anime,/content/drive/MyDrive/Dataset_Research_DFD/Deepfake_dataset/SoVits_Anime/hindi_sovits_anime/anime_energetic_idol_029_Haryanvi Geet.wav
anime_energetic_idol_032_Humko Humise Chura Lo,hindi,Deepfake,SoVits_Anime,/content/drive/MyDrive/Dataset_Research_DFD/Deepfake_dataset/SoVits_Anime/hindi_sovits_anime/anime_energetic_idol_032_Humko Humise Chura Lo.wav
anime_energetic_idol_035_Kabhi Ram Banke Kabhi Shyam Banke,hindi,Deepfake,SoVits_Anime,/content/drive/MyDrive/Dataset_Research_DFD/Deepfake_dataset/SoVits_Anime/hindi_sovits_anime/anime_energetic_idol_035_Kabhi Ram Banke Kabhi Shyam Banke.wav
anime_energetic_idol_038_Kashmiri Folk Song,hindi,Deepfake,SoVits_Anime,/content/drive/MyDrive/Dataset_Research_DFD/Deepfake_dataset/SoVits_Anime/hindi_sovits_anime/anime_energetic_idol_038_Kashmiri Folk Song.wav
anime_energetic_idol_041_Lag Ja Gale,hindi,Deepfake,SoVits_Anime,/content/drive/MyDrive/Dataset_Research_DFD/Deepfake_dataset/SoVits_Anime/hindi_sovits_anime/anime_energetic_idol_041_Lag Ja Gale.wav
anime_energetic_idol_044_Maithili Folk Song,hindi,Deepfake,SoVits_Anime,/content/drive/MyDrive/Dataset_Research_DFD/Deepfake_dataset/SoVits_Anime/hindi_sovits_anime/anime_energetic_idol_044_Maithili Folk Song.wav
anime_energetic_idol_047_Piya Bin Nahi Aavat,hindi,Deepfake,SoVits_Anime,/content/drive/MyDrive/Dataset_Research_DFD/Deepfake_dataset/SoVits_Anime/hindi_sovits_anime/anime_energetic_idol_047_Piya Bin Nahi Aavat.wav
anime_energetic_idol_050_Punjabi Folk,hindi,Deepfake,SoVits_Anime,/content/drive/MyDrive/Dataset_Research_DFD/Deepfake_dataset/SoVits_Anime/hindi_sovits_anime/anime_energetic_idol_050_Punjabi Folk.wav
anime_energetic_idol_053_Raag Durga,hindi,Deepfake,SoVits_Anime,/content/drive/MyDrive/Dataset_Research_DFD/Deepfake_dataset/SoVits_Anime/hindi_sovits_anime/anime_energetic_idol_053_Raag Durga.wav
anime_energetic_idol_056_Raga Bhairav,hindi,Deepfake,SoVits_Anime,/content/drive/MyDrive/Dataset_Research_DFD/Deepfake_dataset/SoVits_Anime/hindi_sovits_anime/anime_energetic_idol_056_Raga Bhairav.wav
anime_energetic_idol_059_Raga Desh,hindi,Deepfake,SoVits_Anime,/content/drive/MyDrive/Dataset_Research_DFD/Deepfake_dataset/SoVits_Anime/hindi_sovits_anime/anime_energetic_idol_059_Raga Desh.wav
anime_energetic_idol_062_Raga Kafi,hindi,Deepfake,SoVits_Anime,/content/drive/MyDrive/Dataset_Research_DFD/Deepfake_dataset/SoVits_Anime/hindi_sovits_anime/anime_energetic_idol_062_Raga Kafi.wav
anime_energetic_idol_065_Raga Yaman Alap,hindi,Deepfake,SoVits_Anime,/content/drive/MyDrive/Dataset_Research_DFD/Deepfake_dataset/SoVits_Anime/hindi_sovits_anime/anime_energetic_idol_065_Raga Yaman Alap.wav
anime_energetic_idol_068_Rajasthani Folk Song,hindi,Deepfake,SoVits_Anime,/content/drive/MyDrive/Dataset_Research_DFD/Deepfake_dataset/SoVits_Anime/hindi_sovits_anime/anime_energetic_idol_068_Rajasthani Folk Song.wav
anime_energetic_idol_071_Saajan Bin,hindi,Deepfake,SoVits_Anime,/content/drive/MyDrive/Dataset_Research_DFD/Deepfake_dataset/SoVits_Anime/hindi_sovits_anime/anime_energetic_idol_071_Saajan Bin.wav
anime_energetic_idol_074_Suraj Hua Maddham,hindi,Deepfake,SoVits_Anime,/content/drive/MyDrive/Dataset_Research_DFD/Deepfake_dataset/SoVits_Anime/hindi_sovits_anime/anime_energetic_idol_074_Suraj Hua Maddham.wav
anime_energetic_idol_077_Thumri - Chaiti,hindi,Deepfake,SoVits_Anime,/content/drive/MyDrive/Dataset_Research_DFD/Deepfake_dataset/SoVits_Anime/hindi_sovits_anime/anime_energetic_idol_077_Thumri - Chaiti.wav
anime_energetic_idol_080_Tujh Mein Rab Dikhta Hai,hindi,Deepfake,SoVits_Anime,/content/drive/MyDrive/Dataset_Research_DFD/Deepfake_dataset/SoVits_Anime/hindi_sovits_anime/anime_energetic_idol_080_Tujh Mein Rab Dikhta Hai.wav
anime_energetic_idol_083_Uttar Pradesh Folk,hindi,Deepfake,SoVits_Anime,/content/drive/MyDrive/Dataset_Research_DFD/Deepfake_dataset/SoVits_Anime/hindi_sovits_anime/anime_energetic_idol_083_Uttar Pradesh Folk.wav
anime_kawaii_girl_001_Ab Ke Sajan Sawan Mein,hindi,Deepfake,SoVits_Anime,/content/drive/MyDrive/Dataset_Research_DFD/Deepfake_dataset/SoVits_Anime/hindi_sovits_anime/anime_kawaii_girl_001_Ab Ke Sajan Sawan Mein.wav
anime_kawaii_girl_004_Albela Sajan,hindi,Deepfake,SoVits_Anime,/content/drive/MyDrive/Dataset_Research_DFD/Deepfake_dataset/SoVits_Anime/hindi_sovits_anime/anime_kawaii_girl_004_Albela Sajan.wav
anime_kawaii_girl_007_Babul Mora Naihar Chhooto Jaye,hindi,Deepfake,SoVits_Anime,/content/drive/MyDrive/Dataset_Research_DFD/Deepfake_dataset/SoVits_Anime/hindi_sovits_anime/anime_kawaii_girl_007_Babul Mora Naihar Chhooto Jaye.wav
anime_kawaii_girl_010_Bhojpuri Folk Song,hindi,Deepfake,SoVits_Anime,/content/drive/MyDrive/Dataset_Research_DFD/Deepfake_dataset/SoVits_Anime/hindi_sovits_anime/anime_kawaii_girl_010_Bhojpuri Folk Song.wav
anime_kawaii_girl_013_Bundeli Folk Song,hindi,Deepfake,SoVits_Anime,/content/drive/MyDrive/Dataset_Research_DFD/Deepfake_dataset/SoVits_Anime/hindi_sovits_anime/anime_kawaii_girl_013_Bundeli Folk Song.wav
anime_kawaii_girl_016_Chaudhvin Ka Chand,hindi,Deepfake,SoVits_Anime,/content/drive/MyDrive/Dataset_Research_DFD/Deepfake_dataset/SoVits_Anime/hindi_sovits_anime/anime_kawaii_girl_016_Chaudhvin Ka Chand.wav
anime_kawaii_girl_019_Dadra Geet,hindi,Deepfake,SoVits_Anime,/content/drive/MyDrive/Dataset_Research_DFD/Deepfake_dataset/SoVits_Anime/hindi_sovits_anime/anime_kawaii_girl_019_Dadra Geet.wav
anime_kawaii_girl_022_Ek Ladki Ko Dekha,hindi,Deepfake,SoVits_Anime,/content/drive/MyDrive/Dataset_Research_DFD/Deepfake_dataset/SoVits_Anime/hindi_sovits_anime/anime_kawaii_girl_022_Ek Ladki Ko Dekha.wav
anime_kawaii_girl_025_Garhwali Geet,hindi,Deepfake,SoVits_Anime,/content/drive/MyDrive/Dataset_Research_DFD/Deepfake_dataset/SoVits_Anime/hindi_sovits_anime/anime_kawaii_girl_025_Garhwali Geet.wav
anime_kawaii_girl_028_Haryanvi Dance Folk,hindi,Deepfake,SoVits_Anime,/content/drive/MyDrive/Dataset_Research_DFD/Deepfake_dataset/SoVits_Anime/hindi_sovits_anime/anime_kawaii_girl_028_Haryanvi Dance Folk.wav
anime_kawaii_girl_031_Holi Ke Geet,hindi,Deepfake,SoVits_Anime,/content/drive/MyDrive/Dataset_Research_DFD/Deepfake_dataset/SoVits_Anime/hindi_sovits_anime/anime_kawaii_girl_031_Holi Ke Geet.wav
anime_kawaii_girl_034_Kabhi Kabhi Mere Dil Mein,hindi,Deepfake,SoVits_Anime,/content/drive/MyDrive/Dataset_Research_DFD/Deepfake_dataset/SoVits_Anime/hindi_sovits_anime/anime_kawaii_girl_034_Kabhi Kabhi Mere Dil Mein.wav
anime_kawaii_girl_037_Kajri,hindi,Deepfake,SoVits_Anime,/content/drive/MyDrive/Dataset_Research_DFD/Deepfake_dataset/SoVits_Anime/hindi_sovits_anime/anime_kawaii_girl_037_Kajri.wav
anime_kawaii_girl_040_Kya Hua Tera Vaada,hindi,Deepfake,SoVits_Anime,/content/drive/MyDrive/Dataset_Research_DFD/Deepfake_dataset/SoVits_Anime/hindi_sovits_anime/anime_kawaii_girl_040_Kya Hua Tera Vaada.wav
anime_kawaii_girl_043_Main Agar Kahoon,hindi,Deepfake,SoVits_Anime,/content/drive/MyDrive/Dataset_Research_DFD/Deepfake_dataset/SoVits_Anime/hindi_sovits_anime/anime_kawaii_girl_043_Main Agar Kahoon.wav
anime_kawaii_girl_046_Pehla Nasha,hindi,Deepfake,SoVits_Anime,/content/drive/MyDrive/Dataset_Research_DFD/Deepfake_dataset/SoVits_Anime/hindi_sovits_anime/anime_kawaii_girl_046_Pehla Nasha.wav
anime_kawaii_girl_049_Punjab Folk Song,hindi,Deepfake,SoVits_Anime,/content/drive/MyDrive/Dataset_Research_DFD/Deepfake_dataset/SoVits_Anime/hindi_sovits_anime/anime_kawaii_girl_049_Punjab Folk Song.wav
anime_kawaii_girl_052_Raag Bhimpalasi,hindi,Deepfake,SoVits_Anime,/content/drive/MyDrive/Dataset_Research_DFD/Deepfake_dataset/SoVits_Anime/hindi_sovits_anime/anime_kawaii_girl_052_Raag Bhimpalasi.wav
anime_kawaii_girl_055_Raga Bhairav Alap,hindi,Deepfake,SoVits_Anime,/content/drive/MyDrive/Dataset_Research_DFD/Deepfake_dataset/SoVits_Anime/hindi_sovits_anime/anime_kawaii_girl_055_Raga Bhairav Alap.wav
anime_kawaii_girl_058_Raga Darbari Kanada,hindi,Deepfake,SoVits_Anime,/content/drive/MyDrive/Dataset_Research_DFD/Deepfake_dataset/SoVits_Anime/hindi_sovits_anime/anime_kawaii_girl_058_Raga Darbari Kanada.wav
anime_kawaii_girl_061_Raga Durga Alap,hindi,Deepfake,SoVits_Anime,/content/drive/MyDrive/Dataset_Research_DFD/Deepfake_dataset/SoVits_Anime/hindi_sovits_anime/anime_kawaii_girl_061_Raga Durga Alap.wav
anime_kawaii_girl_064_Raga Marwa,hindi,Deepfake,SoVits_Anime,/content/drive/MyDrive/Dataset_Research_DFD/Deepfake_dataset/SoVits_Anime/hindi_sovits_anime/anime_kawaii_girl_064_Raga Marwa.wav
anime_kawaii_girl_067_Rajasthan Folk Ballad,hindi,Deepfake,SoVits_Anime,/content/drive/MyDrive/Dataset_Research_DFD/Deepfake_dataset/SoVits_Anime/hindi_sovits_anime/anime_kawaii_girl_067_Rajasthan Folk Ballad.wav
anime_kawaii_girl_070_Roop Tera Mastana,hindi,Deepfake,SoVits_Anime,/content/drive/MyDrive/Dataset_Research_DFD/Deepfake_dataset/SoVits_Anime/hindi_sovits_anime/anime_kawaii_girl_070_Roop Tera Mastana.wav
anime_kawaii_girl_073_Sajan Bin Nahi Aavat Chain,hindi,Deepfake,SoVits_Anime,/content/drive/MyDrive/Dataset_Research_DFD/Deepfake_dataset/SoVits_Anime/hindi_sovits_anime/anime_kawaii_girl_073_Sajan Bin Nahi Aavat Chain.wav
anime_kawaii_girl_076_Tere Bina Zindagi Se,hindi,Deepfake,SoVits_Anime,/content/drive/MyDrive/Dataset_Research_DFD/Deepfake_dataset/SoVits_Anime/hindi_sovits_anime/anime_kawaii_girl_076_Tere Bina Zindagi Se.wav
anime_kawaii_girl_079_Thumri - Madhuban Mein Radhika,hindi,Deepfake,SoVits_Anime,/content/drive/MyDrive/Dataset_Research_DFD/Deepfake_dataset/SoVits_Anime/hindi_sovits_anime/anime_kawaii_girl_079_Thumri - Madhuban Mein Radhika.wav
anime_kawaii_girl_082_Tum Jo Mil Gaye Ho,hindi,Deepfake,SoVits_Anime,/content/drive/MyDrive/Dataset_Research_DFD/Deepfake_dataset/SoVits_Anime/hindi_sovits_anime/anime_kawaii_girl_082_Tum Jo Mil Gaye Ho.wav
anime_soft_anime_003_Agar Tum Saath Ho,hindi,Deepfake,SoVits_Anime,/content/drive/MyDrive/Dataset_Research_DFD/Deepfake_dataset/SoVits_Anime/hindi_sovits_anime/anime_soft_anime_003_Agar Tum Saath Ho.wav
anime_soft_anime_006_Awadhi Traditional Song,hindi,Deepfake,SoVits_Anime,/content/drive/MyDrive/Dataset_Research_DFD/Deepfake_dataset/SoVits_Anime/hindi_sovits_anime/anime_soft_anime_006_Awadhi Traditional Song.wav
anime_soft_anime_009_Bhajan Folk Song,hindi,Deepfake,SoVits_Anime,/content/drive/MyDrive/Dataset_Research_DFD/Deepfake_dataset/SoVits_Anime/hindi_sovits_anime/anime_soft_anime_009_Bhajan Folk Song.wav
anime_soft_anime_012_Braj Bhasha Geet,hindi,Deepfake,SoVits_Anime,/content/drive/MyDrive/Dataset_Research_DFD/Deepfake_dataset/SoVits_Anime/hindi_sovits_anime/anime_soft_anime_012_Braj Bhasha Geet.wav
anime_soft_anime_015_Chalte Chalte,hindi,Deepfake,SoVits_Anime,/content/drive/MyDrive/Dataset_Research_DFD/Deepfake_dataset/SoVits_Anime/hindi_sovits_anime/anime_soft_anime_015_Chalte Chalte.wav
anime_soft_anime_018_Chura Liya Hai Tumne,hindi,Deepfake,SoVits_Anime,/content/drive/MyDrive/Dataset_Research_DFD/Deepfake_dataset/SoVits_Anime/hindi_sovits_anime/anime_soft_anime_018_Chura Liya Hai Tumne.wav
anime_soft_anime_021_Dil To Pagal Hai,hindi,Deepfake,SoVits_Anime,/content/drive/MyDrive/Dataset_Research_DFD/Deepfake_dataset/SoVits_Anime/hindi_sovits_anime/anime_soft_anime_021_Dil To Pagal Hai.wav
anime_soft_anime_024_Garhwali Bhajan Folk,hindi,Deepfake,SoVits_Anime,/content/drive/MyDrive/Dataset_Research_DFD/Deepfake_dataset/SoVits_Anime/hindi_sovits_anime/anime_soft_anime_024_Garhwali Bhajan Folk.wav
anime_soft_anime_027_Gujrati Folk Song,hindi,Deepfake,SoVits_Anime,/content/drive/MyDrive/Dataset_Research_DFD/Deepfake_dataset/SoVits_Anime/hindi_sovits_anime/anime_soft_anime_027_Gujrati Folk Song.wav
anime_soft_anime_030_Himachali Folk Song,hindi,Deepfake,SoVits_Anime,/content/drive/MyDrive/Dataset_Research_DFD/Deepfake_dataset/SoVits_Anime/hindi_sovits_anime/anime_soft_anime_030_Himachali Folk Song.wav
anime_soft_anime_033_Jai Jai Shiv Shankar,hindi,Deepfake,SoVits_Anime,/content/drive/MyDrive/Dataset_Research_DFD/Deepfake_dataset/SoVits_Anime/hindi_sovits_anime/anime_soft_anime_033_Jai Jai Shiv Shankar.wav
anime_soft_anime_036_Kajari - Sawan Aayo Re,hindi,Deepfake,SoVits_Anime,/content/drive/MyDrive/Dataset_Research_DFD/Deepfake_dataset/SoVits_Anime/hindi_sovits_anime/anime_soft_anime_036_Kajari - Sawan Aayo Re.wav
anime_soft_anime_039_Kumaoni Folk Song,hindi,Deepfake,SoVits_Anime,/content/drive/MyDrive/Dataset_Research_DFD/Deepfake_dataset/SoVits_Anime/hindi_sovits_anime/anime_soft_anime_039_Kumaoni Folk Song.wav
anime_soft_anime_042_Madhuban Mein Radhika,hindi,Deepfake,SoVits_Anime,/content/drive/MyDrive/Dataset_Research_DFD/Deepfake_dataset/SoVits_Anime/hindi_sovits_anime/anime_soft_anime_042_Madhuban Mein Radhika.wav
anime_soft_anime_045_Marathi Folk Song,hindi,Deepfake,SoVits_Anime,/content/drive/MyDrive/Dataset_Research_DFD/Deepfake_dataset/SoVits_Anime/hindi_sovits_anime/anime_soft_anime_045_Marathi Folk Song.wav
anime_soft_anime_048_Piya Tose Naina Laage Re,hindi,Deepfake,SoVits_Anime,/content/drive/MyDrive/Dataset_Research_DFD/Deepfake_dataset/SoVits_Anime/hindi_sovits_anime/anime_soft_anime_048_Piya Tose Naina Laage Re.wav
anime_soft_anime_051_Purabi Geet,hindi,Deepfake,SoVits_Anime,/content/drive/MyDrive/Dataset_Research_DFD/Deepfake_dataset/SoVits_Anime/hindi_sovits_anime/anime_soft_anime_051_Purabi Geet.wav
anime_soft_anime_054_Raga Bageshri,hindi,Deepfake,SoVits_Anime,/content/drive/MyDrive/Dataset_Research_DFD/Deepfake_dataset/SoVits_Anime/hindi_sovits_anime/anime_soft_anime_054_Raga Bageshri.wav
anime_soft_anime_057_Raga Bhimpalasi Alap,hindi,Deepfake,SoVits_Anime,/content/drive/MyDrive/Dataset_Research_DFD/Deepfake_dataset/SoVits_Anime/hindi_sovits_anime/anime_soft_anime_057_Raga Bhimpalasi Alap.wav
anime_soft_anime_060_Raga Deshkar,hindi,Deepfake,SoVits_Anime,/content/drive/MyDrive/Dataset_Research_DFD/Deepfake_dataset/SoVits_Anime/hindi_sovits_anime/anime_soft_anime_060_Raga Deshkar.wav
anime_soft_anime_063_Raga Malkauns,hindi,Deepfake,SoVits_Anime,/content/drive/MyDrive/Dataset_Research_DFD/Deepfake_dataset/SoVits_Anime/hindi_sovits_anime/anime_soft_anime_063_Raga Malkauns.wav
anime_soft_anime_066_Raga Yaman,hindi,Deepfake,SoVits_Anime,/content/drive/MyDrive/Dataset_Research_DFD/Deepfake_dataset/SoVits_Anime/hindi_sovits_anime/anime_soft_anime_066_Raga Yaman.wav
anime_soft_anime_069_Rajasthani Maand,hindi,Deepfake,SoVits_Anime,/content/drive/MyDrive/Dataset_Research_DFD/Deepfake_dataset/SoVits_Anime/hindi_sovits_anime/anime_soft_anime_069_Rajasthani Maand.wav
anime_soft_anime_072_Saawan Ke Geet Ritu Ke Geet,hindi,Deepfake,SoVits_Anime,/content/drive/MyDrive/Dataset_Research_DFD/Deepfake_dataset/SoVits_Anime/hindi_sovits_anime/anime_soft_anime_072_Saawan Ke Geet Ritu Ke Geet.wav
anime_soft_anime_075_Tera Ban Jaunga,hindi,Deepfake,SoVits_Anime,/content/drive/MyDrive/Dataset_Research_DFD/Deepfake_dataset/SoVits_Anime/hindi_sovits_anime/anime_soft_anime_075_Tera Ban Jaunga.wav
anime_soft_anime_078_Thumri - Kaahe Chhed Mohe,hindi,Deepfake,SoVits_Anime,/content/drive/MyDrive/Dataset_Research_DFD/Deepfake_dataset/SoVits_Anime/hindi_sovits_anime/anime_soft_anime_078_Thumri - Kaahe Chhed Mohe.wav
anime_soft_anime_081_Tujhe Dekha To,hindi,Deepfake,SoVits_Anime,/content/drive/MyDrive/Dataset_Research_DFD/Deepfake_dataset/SoVits_Anime/hindi_sovits_anime/anime_soft_anime_081_Tujhe Dekha To.wav
anime_soft_anime_084_Zindagi Ek Safar,hindi,Deepfake,SoVits_Anime,/content/drive/MyDrive/Dataset_Research_DFD/Deepfake_dataset/SoVits_Anime/hindi_sovits_anime/anime_soft_anime_084_Zindagi Ek Safar.wav
Ab Ke Sajan Sawan Mein,hindi,Real,Real,/content/drive/MyDrive/Dataset_Research_DFD/Real_dataset/hindi/Ab Ke Sajan Sawan Mein.mp3
Ae Mere Watan Ke Logo,hindi,Real,Real,/content/drive/MyDrive/Dataset_Research_DFD/Real_dataset/hindi/Ae Mere Watan Ke Logo.mp3
Agar Tum Saath Ho,hindi,Real,Real,/content/drive/MyDrive/Dataset_Research_DFD/Real_dataset/hindi/Agar Tum Saath Ho.mp3
Albela Sajan,hindi,Real,Real,/content/drive/MyDrive/Dataset_Research_DFD/Real_dataset/hindi/Albela Sajan.mp3
Awadhi Geet,hindi,Real,Real,/content/drive/MyDrive/Dataset_Research_DFD/Real_dataset/hindi/Awadhi Geet.mp3
Awadhi Traditional Song,hindi,Real,Real,/content/drive/MyDrive/Dataset_Research_DFD/Real_dataset/hindi/Awadhi Traditional Song.mp3
Babul Mora Naihar Chhooto Jaye,hindi,Real,Real,/content/drive/MyDrive/Dataset_Research_DFD/Real_dataset/hindi/Babul Mora Naihar Chhooto Jaye.mp3
Bahon Mein Chale Aao,hindi,Real,Real,/content/drive/MyDrive/Dataset_Research_DFD/Real_dataset/hindi/Bahon Mein Chale Aao.mp3
Bhajan Folk Song,hindi,Real,Real,/content/drive/MyDrive/Dataset_Research_DFD/Real_dataset/hindi/Bhajan Folk Song.mp3
Bhojpuri Folk Song,hindi,Real,Real,/content/drive/MyDrive/Dataset_Research_DFD/Real_dataset/hindi/Bhojpuri Folk Song.mp3
Bihari Folk Geet,hindi,Real,Real,/content/drive/MyDrive/Dataset_Research_DFD/Real_dataset/hindi/Bihari Folk Geet.mp3
Braj Bhasha Geet,hindi,Real,Real,/content/drive/MyDrive/Dataset_Research_DFD/Real_dataset/hindi/Braj Bhasha Geet.mp3
Bundeli Folk Song,hindi,Real,Real,/content/drive/MyDrive/Dataset_Research_DFD/Real_dataset/hindi/Bundeli Folk Song.mp3
Chaiti Geet,hindi,Real,Real,/content/drive/MyDrive/Dataset_Research_DFD/Real_dataset/hindi/Chaiti Geet.mp3
Chalte Chalte,hindi,Real,Real,/content/drive/MyDrive/Dataset_Research_DFD/Real_dataset/hindi/Chalte Chalte.mp3
Chaudhvin Ka Chand,hindi,Real,Real,/content/drive/MyDrive/Dataset_Research_DFD/Real_dataset/hindi/Chaudhvin Ka Chand.mp3
Chhattisgarhi Song,hindi,Real,Real,/content/drive/MyDrive/Dataset_Research_DFD/Real_dataset/hindi/Chhattisgarhi Song.mp3
Chura Liya Hai Tumne,hindi,Real,Real,/content/drive/MyDrive/Dataset_Research_DFD/Real_dataset/hindi/Chura Liya Hai Tumne.mp3
Dadra Geet,hindi,Real,Real,/content/drive/MyDrive/Dataset_Research_DFD/Real_dataset/hindi/Dadra Geet.mp3
Dil Deke Dekho,hindi,Real,Real,/content/drive/MyDrive/Dataset_Research_DFD/Real_dataset/hindi/Dil Deke Dekho.mp3
Dil To Pagal Hai,hindi,Real,Real,/content/drive/MyDrive/Dataset_Research_DFD/Real_dataset/hindi/Dil To Pagal Hai.mp3
Ek Ladki Ko Dekha,hindi,Real,Real,/content/drive/MyDrive/Dataset_Research_DFD/Real_dataset/hindi/Ek Ladki Ko Dekha.mp3
Folk Song from Bihar,hindi,Real,Real,/content/drive/MyDrive/Dataset_Research_DFD/Real_dataset/hindi/Folk Song from Bihar.mp3
Garhwali Bhajan Folk,hindi,Real,Real,/content/drive/MyDrive/Dataset_Research_DFD/Real_dataset/hindi/Garhwali Bhajan Folk.mp3
Garhwali Geet,hindi,Real,Real,/content/drive/MyDrive/Dataset_Research_DFD/Real_dataset/hindi/Garhwali Geet.mp3
Ghar Aaja Ghir Aaja,hindi,Real,Real,/content/drive/MyDrive/Dataset_Research_DFD/Real_dataset/hindi/Ghar Aaja Ghir Aaja.mp3
Gujrati Folk Song,hindi,Real,Real,/content/drive/MyDrive/Dataset_Research_DFD/Real_dataset/hindi/Gujrati Folk Song.mp3
Haryanvi Dance Folk,hindi,Real,Real,/content/drive/MyDrive/Dataset_Research_DFD/Real_dataset/hindi/Haryanvi Dance Folk.mp3
Haryanvi Geet,hindi,Real,Real,/content/drive/MyDrive/Dataset_Research_DFD/Real_dataset/hindi/Haryanvi Geet.mp3
Himachali Folk Song,hindi,Real,Real,/content/drive/MyDrive/Dataset_Research_DFD/Real_dataset/hindi/Himachali Folk Song.mp3
Holi Ke Geet,hindi,Real,Real,/content/drive/MyDrive/Dataset_Research_DFD/Real_dataset/hindi/Holi Ke Geet.mp3
Humko Humise Chura Lo,hindi,Real,Real,/content/drive/MyDrive/Dataset_Research_DFD/Real_dataset/hindi/Humko Humise Chura Lo.mp3
Jai Jai Shiv Shankar,hindi,Real,Real,/content/drive/MyDrive/Dataset_Research_DFD/Real_dataset/hindi/Jai Jai Shiv Shankar.mp3
Kabhi Kabhi Mere Dil Mein,hindi,Real,Real,/content/drive/MyDrive/Dataset_Research_DFD/Real_dataset/hindi/Kabhi Kabhi Mere Dil Mein.mp3
Kabhi Ram Banke Kabhi Shyam Banke,hindi,Real,Real,/content/drive/MyDrive/Dataset_Research_DFD/Real_dataset/hindi/Kabhi Ram Banke Kabhi Shyam Banke.mp3
Kajari - Sawan Aayo Re,hindi,Real,Real,/content/drive/MyDrive/Dataset_Research_DFD/Real_dataset/hindi/Kajari - Sawan Aayo Re.mp3
Kajri,hindi,Real,Real,/content/drive/MyDrive/Dataset_Research_DFD/Real_dataset/hindi/Kajri.mp3
Kashmiri Folk Song,hindi,Real,Real,/content/drive/MyDrive/Dataset_Research_DFD/Real_dataset/hindi/Kashmiri Folk Song.mp3
Kumaoni Folk Song,hindi,Real,Real,/content/drive/MyDrive/Dataset_Research_DFD/Real_dataset/hindi/Kumaoni Folk Song.mp3
Kya Hua Tera Vaada,hindi,Real,Real,/content/drive/MyDrive/Dataset_Research_DFD/Real_dataset/hindi/Kya Hua Tera Vaada.mp3
Lag Ja Gale,hindi,Real,Real,/content/drive/MyDrive/Dataset_Research_DFD/Real_dataset/hindi/Lag Ja Gale.mp3
Madhuban Mein Radhika,hindi,Real,Real,/content/drive/MyDrive/Dataset_Research_DFD/Real_dataset/hindi/Madhuban Mein Radhika.mp3
Main Agar Kahoon,hindi,Real,Real,/content/drive/MyDrive/Dataset_Research_DFD/Real_dataset/hindi/Main Agar Kahoon.mp3
Maithili Folk Song,hindi,Real,Real,/content/drive/MyDrive/Dataset_Research_DFD/Real_dataset/hindi/Maithili Folk Song.mp3
Marathi Folk Song,hindi,Real,Real,/content/drive/MyDrive/Dataset_Research_DFD/Real_dataset/hindi/Marathi Folk Song.mp3
Pehla Nasha,hindi,Real,Real,/content/drive/MyDrive/Dataset_Research_DFD/Real_dataset/hindi/Pehla Nasha.mp3
Piya Bin Nahi Aavat,hindi,Real,Real,/content/drive/MyDrive/Dataset_Research_DFD/Real_dataset/hindi/Piya Bin Nahi Aavat.mp3
Piya Tose Naina Laage Re,hindi,Real,Real,/content/drive/MyDrive/Dataset_Research_DFD/Real_dataset/hindi/Piya Tose Naina Laage Re.mp3
Punjab Folk Song,hindi,Real,Real,/content/drive/MyDrive/Dataset_Research_DFD/Real_dataset/hindi/Punjab Folk Song.mp3
Punjabi Folk,hindi,Real,Real,/content/drive/MyDrive/Dataset_Research_DFD/Real_dataset/hindi/Punjabi Folk.mp3
Purabi Geet,hindi,Real,Real,/content/drive/MyDrive/Dataset_Research_DFD/Real_dataset/hindi/Purabi Geet.mp3
Raag Bhimpalasi,hindi,Real,Real,/content/drive/MyDrive/Dataset_Research_DFD/Real_dataset/hindi/Raag Bhimpalasi.mp3
Raag Durga,hindi,Real,Real,/content/drive/MyDrive/Dataset_Research_DFD/Real_dataset/hindi/Raag Durga.mp3
Raga Bageshri,hindi,Real,Real,/content/drive/MyDrive/Dataset_Research_DFD/Real_dataset/hindi/Raga Bageshri.mp3
Raga Bhairav,hindi,Real,Real,/content/drive/MyDrive/Dataset_Research_DFD/Real_dataset/hindi/Raga Bhairav.mp3
Raga Bhairav Alap,hindi,Real,Real,/content/drive/MyDrive/Dataset_Research_DFD/Real_dataset/hindi/Raga Bhairav Alap.mp3
Raga Bhimpalasi Alap,hindi,Real,Real,/content/drive/MyDrive/Dataset_Research_DFD/Real_dataset/hindi/Raga Bhimpalasi Alap.mp3
Raga Darbari Kanada,hindi,Real,Real,/content/drive/MyDrive/Dataset_Research_DFD/Real_dataset/hindi/Raga Darbari Kanada.mp3
Raga Desh,hindi,Real,Real,/content/drive/MyDrive/Dataset_Research_DFD/Real_dataset/hindi/Raga Desh.mp3
Raga Deshkar,hindi,Real,Real,/content/drive/MyDrive/Dataset_Research_DFD/Real_dataset/hindi/Raga Deshkar.mp3
Raga Durga Alap,hindi,Real,Real,/content/drive/MyDrive/Dataset_Research_DFD/Real_dataset/hindi/Raga Durga Alap.mp3
Raga Kafi,hindi,Real,Real,/content/drive/MyDrive/Dataset_Research_DFD/Real_dataset/hindi/Raga Kafi.mp3
Raga Malkauns,hindi,Real,Real,/content/drive/MyDrive/Dataset_Research_DFD/Real_dataset/hindi/Raga Malkauns.mp3
Raga Marwa,hindi,Real,Real,/content/drive/MyDrive/Dataset_Research_DFD/Real_dataset/hindi/Raga Marwa.mp3
Raga Yaman,hindi,Real,Real,/content/drive/MyDrive/Dataset_Research_DFD/Real_dataset/hindi/Raga Yaman.mp3
Raga Yaman Alap,hindi,Real,Real,/content/drive/MyDrive/Dataset_Research_DFD/Real_dataset/hindi/Raga Yaman Alap.mp3
Rajasthan Folk Ballad,hindi,Real,Real,/content/drive/MyDrive/Dataset_Research_DFD/Real_dataset/hindi/Rajasthan Folk Ballad.mp3
Rajasthani Folk Song,hindi,Real,Real,/content/drive/MyDrive/Dataset_Research_DFD/Real_dataset/hindi/Rajasthani Folk Song.mp3
Rajasthani Maand,hindi,Real,Real,/content/drive/MyDrive/Dataset_Research_DFD/Real_dataset/hindi/Rajasthani Maand.mp3
Roop Tera Mastana,hindi,Real,Real,/content/drive/MyDrive/Dataset_Research_DFD/Real_dataset/hindi/Roop Tera Mastana.mp3
Saajan Bin,hindi,Real,Real,/content/drive/MyDrive/Dataset_Research_DFD/Real_dataset/hindi/Saajan Bin.mp3
Saawan Ke Geet Ritu Ke Geet,hindi,Real,Real,/content/drive/MyDrive/Dataset_Research_DFD/Real_dataset/hindi/Saawan Ke Geet Ritu Ke Geet.mp3
Sajan Bin Nahi Aavat Chain,hindi,Real,Real,/content/drive/MyDrive/Dataset_Research_DFD/Real_dataset/hindi/Sajan Bin Nahi Aavat Chain.mp3
Suraj Hua Maddham,hindi,Real,Real,/content/drive/MyDrive/Dataset_Research_DFD/Real_dataset/hindi/Suraj Hua Maddham.mp3
Tera Ban Jaunga,hindi,Real,Real,/content/drive/MyDrive/Dataset_Research_DFD/Real_dataset/hindi/Tera Ban Jaunga.mp3
Tere Bina Zindagi Se,hindi,Real,Real,/content/drive/MyDrive/Dataset_Research_DFD/Real_dataset/hindi/Tere Bina Zindagi Se.mp3
Thumri - Chaiti,hindi,Real,Real,/content/drive/MyDrive/Dataset_Research_DFD/Real_dataset/hindi/Thumri - Chaiti.mp3
Thumri - Kaahe Chhed Mohe,hindi,Real,Real,/content/drive/MyDrive/Dataset_Research_DFD/Real_dataset/hindi/Thumri - Kaahe Chhed Mohe.mp3
Thumri - Madhuban Mein Radhika,hindi,Real,Real,/content/drive/MyDrive/Dataset_Research_DFD/Real_dataset/hindi/Thumri - Madhuban Mein Radhika.mp3
Tujh Mein Rab Dikhta Hai,hindi,Real,Real,/content/drive/MyDrive/Dataset_Research_DFD/Real_dataset/hindi/Tujh Mein Rab Dikhta Hai.mp3
Tujhe Dekha To,hindi,Real,Real,/content/drive/MyDrive/Dataset_Research_DFD/Real_dataset/hindi/Tujhe Dekha To.mp3
Tum Jo Mil Gaye Ho,hindi,Real,Real,/content/drive/MyDrive/Dataset_Research_DFD/Real_dataset/hindi/Tum Jo Mil Gaye Ho.mp3
Uttar Pradesh Folk,hindi,Real,Real,/content/drive/MyDrive/Dataset_Research_DFD/Real_dataset/hindi/Uttar Pradesh Folk.mp3
Zindagi Ek Safar,hindi,Real,Real,/content/drive/MyDrive/Dataset_Research_DFD/Real_dataset/hindi/Zindagi Ek Safar.mp3
Alo Bau Lo Bau _ Folk _ Sudha Mishra_vocals,odia,Deepfake,FFT,/content/drive/MyDrive/Dataset_Research_DFD/Deepfake_dataset/FFT/odia_fft/vocals/Alo Bau Lo Bau _ Folk _ Sudha Mishra_vocals.wav
Asharah Masara Jata _ Folk _ Sudha Mishra_vocals,odia,Deepfake,FFT,/content/drive/MyDrive/Dataset_Research_DFD/Deepfake_dataset/FFT/odia_fft/vocals/Asharah Masara Jata _ Folk _ Sudha Mishra_vocals.wav
Dalkhai Re _ New Version _ Lopamudra_vocals,odia,Deepfake,FFT,/content/drive/MyDrive/Dataset_Research_DFD/Deepfake_dataset/FFT/odia_fft/vocals/Dalkhai Re _ New Version _ Lopamudra_vocals.wav
Dalkhai Re _ Provided to YouTube (Audio)_vocals,odia,Deepfake,FFT,/content/drive/MyDrive/Dataset_Research_DFD/Deepfake_dataset/FFT/odia_fft/vocals/Dalkhai Re _ Provided to YouTube (Audio)_vocals.wav
Dalkhai Re _ Sambalpuri Folk Dance Video_vocals,odia,Deepfake,FFT,/content/drive/MyDrive/Dataset_Research_DFD/Deepfake_dataset/FFT/odia_fft/vocals/Dalkhai Re _ Sambalpuri Folk Dance Video_vocals.wav
Dalkhai Re _ Sujata _ Sika Music_vocals,odia,Deepfake,FFT,/content/drive/MyDrive/Dataset_Research_DFD/Deepfake_dataset/FFT/odia_fft/vocals/Dalkhai Re _ Sujata _ Sika Music_vocals.wav
Dalkhai _ Sambalpuri Folk Song 2020_vocals,odia,Deepfake,FFT,/content/drive/MyDrive/Dataset_Research_DFD/Deepfake_dataset/FFT/odia_fft/vocals/Dalkhai _ Sambalpuri Folk Song 2020_vocals.wav
Din Gani Gani _ Odia Folk Song_vocals,odia,Deepfake,FFT,/content/drive/MyDrive/Dataset_Research_DFD/Deepfake_dataset/FFT/odia_fft/vocals/Din Gani Gani _ Odia Folk Song_vocals.wav
Mo Maina _ Folk Songs of Oriya _ Sudha Mishra_vocals,odia,Deepfake,FFT,/content/drive/MyDrive/Dataset_Research_DFD/Deepfake_dataset/FFT/odia_fft/vocals/Mo Maina _ Folk Songs of Oriya _ Sudha Mishra_vocals.wav
Pakshi Rajo Charhike _ Folk _ Sudha Mishra_vocals,odia,Deepfake,FFT,/content/drive/MyDrive/Dataset_Research_DFD/Deepfake_dataset/FFT/odia_fft/vocals/Pakshi Rajo Charhike _ Folk _ Sudha Mishra_vocals.wav
Rangabati (Live) _ Tapu Mishra & Jitendriya Haripal_vocals,odia,Deepfake,FFT,/content/drive/MyDrive/Dataset_Research_DFD/Deepfake_dataset/FFT/odia_fft/vocals/Rangabati (Live) _ Tapu Mishra & Jitendriya Haripal_vocals.wav
Rangabati E Rangabati (Full Song) _ Jukebox Cut_vocals,odia,Deepfake,FFT,/content/drive/MyDrive/Dataset_Research_DFD/Deepfake_dataset/FFT/odia_fft/vocals/Rangabati E Rangabati (Full Song) _ Jukebox Cut_vocals.wav
Rangabati _ Original Sambalpuri Folk Song_vocals,odia,Deepfake,FFT,/content/drive/MyDrive/Dataset_Research_DFD/Deepfake_dataset/FFT/odia_fft/vocals/Rangabati _ Original Sambalpuri Folk Song_vocals.wav
Rangabati _ Original song With Lyrics_vocals,odia,Deepfake,FFT,/content/drive/MyDrive/Dataset_Research_DFD/Deepfake_dataset/FFT/odia_fft/vocals/Rangabati _ Original song With Lyrics_vocals.wav
fft_odia_001,odia,Deepfake,FFT,/content/drive/MyDrive/Dataset_Research_DFD/Deepfake_dataset/FFT/odia_fft/fft_odia_001.wav
fft_odia_002,odia,Deepfake,FFT,/content/drive/MyDrive/Dataset_Research_DFD/Deepfake_dataset/FFT/odia_fft/fft_odia_002.wav
fft_odia_003,odia,Deepfake,FFT,/content/drive/MyDrive/Dataset_Research_DFD/Deepfake_dataset/FFT/odia_fft/fft_odia_003.wav
fft_odia_004,odia,Deepfake,FFT,/content/drive/MyDrive/Dataset_Research_DFD/Deepfake_dataset/FFT/odia_fft/fft_odia_004.wav
fft_odia_005,odia,Deepfake,FFT,/content/drive/MyDrive/Dataset_Research_DFD/Deepfake_dataset/FFT/odia_fft/fft_odia_005.wav
fft_odia_006,odia,Deepfake,FFT,/content/drive/MyDrive/Dataset_Research_DFD/Deepfake_dataset/FFT/odia_fft/fft_odia_006.wav
fft_odia_007,odia,Deepfake,FFT,/content/drive/MyDrive/Dataset_Research_DFD/Deepfake_dataset/FFT/odia_fft/fft_odia_007.wav
fft_odia_008,odia,Deepfake,FFT,/content/drive/MyDrive/Dataset_Research_DFD/Deepfake_dataset/FFT/odia_fft/fft_odia_008.wav
fft_odia_009,odia,Deepfake,FFT,/content/drive/MyDrive/Dataset_Research_DFD/Deepfake_dataset/FFT/odia_fft/fft_odia_009.wav
fft_odia_010,odia,Deepfake,FFT,/content/drive/MyDrive/Dataset_Research_DFD/Deepfake_dataset/FFT/odia_fft/fft_odia_010.wav
fft_odia_011,odia,Deepfake,FFT,/content/drive/MyDrive/Dataset_Research_DFD/Deepfake_dataset/FFT/odia_fft/fft_odia_011.wav
fft_odia_012,odia,Deepfake,FFT,/content/drive/MyDrive/Dataset_Research_DFD/Deepfake_dataset/FFT/odia_fft/fft_odia_012.wav
fft_odia_013,odia,Deepfake,FFT,/content/drive/MyDrive/Dataset_Research_DFD/Deepfake_dataset/FFT/odia_fft/fft_odia_013.wav
odia_reference,odia,Deepfake,FFT,/content/drive/MyDrive/Dataset_Research_DFD/Deepfake_dataset/FFT/odia_fft/references/odia_reference.wav
odia_rvc_ref,odia,Deepfake,RVC,/content/drive/MyDrive/Dataset_Research_DFD/Deepfake_dataset/RVC/odia_rvc/references/odia_rvc_ref.wav
odia_rvc_reference,odia,Deepfake,RVC,/content/drive/MyDrive/Dataset_Research_DFD/Deepfake_dataset/RVC/odia_rvc/references/odia_rvc_reference.wav
rvc_odia_001,odia,Deepfake,RVC,/content/drive/MyDrive/Dataset_Research_DFD/Deepfake_dataset/RVC/odia_rvc/rvc_odia_001.wav
rvc_odia_002,odia,Deepfake,RVC,/content/drive/MyDrive/Dataset_Research_DFD/Deepfake_dataset/RVC/odia_rvc/rvc_odia_002.wav
rvc_odia_003,odia,Deepfake,RVC,/content/drive/MyDrive/Dataset_Research_DFD/Deepfake_dataset/RVC/odia_rvc/rvc_odia_003.wav
rvc_odia_004,odia,Deepfake,RVC,/content/drive/MyDrive/Dataset_Research_DFD/Deepfake_dataset/RVC/odia_rvc/rvc_odia_004.wav
rvc_odia_005,odia,Deepfake,RVC,/content/drive/MyDrive/Dataset_Research_DFD/Deepfake_dataset/RVC/odia_rvc/rvc_odia_005.wav
rvc_odia_006,odia,Deepfake,RVC,/content/drive/MyDrive/Dataset_Research_DFD/Deepfake_dataset/RVC/odia_rvc/rvc_odia_006.wav
rvc_odia_007,odia,Deepfake,RVC,/content/drive/MyDrive/Dataset_Research_DFD/Deepfake_dataset/RVC/odia_rvc/rvc_odia_007.wav
rvc_odia_008,odia,Deepfake,RVC,/content/drive/MyDrive/Dataset_Research_DFD/Deepfake_dataset/RVC/odia_rvc/rvc_odia_008.wav
rvc_odia_009,odia,Deepfake,RVC,/content/drive/MyDrive/Dataset_Research_DFD/Deepfake_dataset/RVC/odia_rvc/rvc_odia_009.wav
rvc_odia_010,odia,Deepfake,RVC,/content/drive/MyDrive/Dataset_Research_DFD/Deepfake_dataset/RVC/odia_rvc/rvc_odia_010.wav
rvc_odia_011,odia,Deepfake,RVC,/content/drive/MyDrive/Dataset_Research_DFD/Deepfake_dataset/RVC/odia_rvc/rvc_odia_011.wav
rvc_odia_012,odia,Deepfake,RVC,/content/drive/MyDrive/Dataset_Research_DFD/Deepfake_dataset/RVC/odia_rvc/rvc_odia_012.wav
rvc_odia_013,odia,Deepfake,RVC,/content/drive/MyDrive/Dataset_Research_DFD/Deepfake_dataset/RVC/odia_rvc/rvc_odia_013.wav
rvc_odia_014,odia,Deepfake,RVC,/content/drive/MyDrive/Dataset_Research_DFD/Deepfake_dataset/RVC/odia_rvc/rvc_odia_014.wav
anime_energetic_idol_002_Asharah Masara Jata _ Folk _ Sudha Mishra,odia,Deepfake,SoVits_Anime,/content/drive/MyDrive/Dataset_Research_DFD/Deepfake_dataset/SoVits_Anime/odia_sovits_anime/output/anime_energetic_idol_002_Asharah Masara Jata _ Folk _ Sudha Mishra.wav
anime_energetic_idol_005_Dalkhai Re _ Sambalpuri Folk Dance Video,odia,Deepfake,SoVits_Anime,/content/drive/MyDrive/Dataset_Research_DFD/Deepfake_dataset/SoVits_Anime/odia_sovits_anime/output/anime_energetic_idol_005_Dalkhai Re _ Sambalpuri Folk Dance Video.wav
anime_energetic_idol_008_Din Gani Gani _ Odia Folk Song,odia,Deepfake,SoVits_Anime,/content/drive/MyDrive/Dataset_Research_DFD/Deepfake_dataset/SoVits_Anime/odia_sovits_anime/output/anime_energetic_idol_008_Din Gani Gani _ Odia Folk Song.wav
anime_energetic_idol_011_Rangabati (Live) _ Tapu Mishra & Jitendriya Haripal,odia,Deepfake,SoVits_Anime,/content/drive/MyDrive/Dataset_Research_DFD/Deepfake_dataset/SoVits_Anime/odia_sovits_anime/output/anime_energetic_idol_011_Rangabati (Live) _ Tapu Mishra & Jitendriya Haripal.wav
anime_energetic_idol_014_Rangabati _ Original Songs & Singer Jitendra Haripal,odia,Deepfake,SoVits_Anime,/content/drive/MyDrive/Dataset_Research_DFD/Deepfake_dataset/SoVits_Anime/odia_sovits_anime/output/anime_energetic_idol_014_Rangabati _ Original Songs & Singer Jitendra Haripal.wav
anime_kawaii_girl_001_Alo Bau Lo Bau _ Folk _ Sudha Mishra,odia,Deepfake,SoVits_Anime,/content/drive/MyDrive/Dataset_Research_DFD/Deepfake_dataset/SoVits_Anime/odia_sovits_anime/output/anime_kawaii_girl_001_Alo Bau Lo Bau _ Folk _ Sudha Mishra.wav
anime_kawaii_girl_004_Dalkhai Re _ Provided to YouTube (Audio),odia,Deepfake,SoVits_Anime,/content/drive/MyDrive/Dataset_Research_DFD/Deepfake_dataset/SoVits_Anime/odia_sovits_anime/output/anime_kawaii_girl_004_Dalkhai Re _ Provided to YouTube (Audio).wav
anime_kawaii_girl_007_Dalkhai _ Sambalpuri Folk Song 2020,odia,Deepfake,SoVits_Anime,/content/drive/MyDrive/Dataset_Research_DFD/Deepfake_dataset/SoVits_Anime/odia_sovits_anime/output/anime_kawaii_girl_007_Dalkhai _ Sambalpuri Folk Song 2020.wav
anime_kawaii_girl_010_Pakshi Rajo Charhike _ Folk _ Sudha Mishra,odia,Deepfake,SoVits_Anime,/content/drive/MyDrive/Dataset_Research_DFD/Deepfake_dataset/SoVits_Anime/odia_sovits_anime/output/anime_kawaii_girl_010_Pakshi Rajo Charhike _ Folk _ Sudha Mishra.wav
anime_kawaii_girl_013_Rangabati _ Original Sambalpuri Folk Song,odia,Deepfake,SoVits_Anime,/content/drive/MyDrive/Dataset_Research_DFD/Deepfake_dataset/SoVits_Anime/odia_sovits_anime/output/anime_kawaii_girl_013_Rangabati _ Original Sambalpuri Folk Song.wav
anime_soft_anime_003_Dalkhai Re _ New Version _ Lopamudra,odia,Deepfake,SoVits_Anime,/content/drive/MyDrive/Dataset_Research_DFD/Deepfake_dataset/SoVits_Anime/odia_sovits_anime/output/anime_soft_anime_003_Dalkhai Re _ New Version _ Lopamudra.wav
anime_soft_anime_006_Dalkhai Re _ Sujata _ Sika Music,odia,Deepfake,SoVits_Anime,/content/drive/MyDrive/Dataset_Research_DFD/Deepfake_dataset/SoVits_Anime/odia_sovits_anime/output/anime_soft_anime_006_Dalkhai Re _ Sujata _ Sika Music.wav
anime_soft_anime_009_Mo Maina _ Folk Songs of Oriya _ Sudha Mishra,odia,Deepfake,SoVits_Anime,/content/drive/MyDrive/Dataset_Research_DFD/Deepfake_dataset/SoVits_Anime/odia_sovits_anime/output/anime_soft_anime_009_Mo Maina _ Folk Songs of Oriya _ Sudha Mishra.wav
anime_soft_anime_012_Rangabati E Rangabati (Full Song) _ Jukebox Cut,odia,Deepfake,SoVits_Anime,/content/drive/MyDrive/Dataset_Research_DFD/Deepfake_dataset/SoVits_Anime/odia_sovits_anime/output/anime_soft_anime_012_Rangabati E Rangabati (Full Song) _ Jukebox Cut.wav
anime_soft_anime_015_Rangabati _ Original song With Lyrics,odia,Deepfake,SoVits_Anime,/content/drive/MyDrive/Dataset_Research_DFD/Deepfake_dataset/SoVits_Anime/odia_sovits_anime/output/anime_soft_anime_015_Rangabati _ Original song With Lyrics.wav
Alo Bau Lo Bau _ Folk _ Sudha Mishra,odia,Real,Real,/content/drive/MyDrive/Dataset_Research_DFD/Real_dataset/odia/Alo Bau Lo Bau _ Folk _ Sudha Mishra.mp3
Asharah Masara Jata _ Folk _ Sudha Mishra,odia,Real,Real,/content/drive/MyDrive/Dataset_Research_DFD/Real_dataset/odia/Asharah Masara Jata _ Folk _ Sudha Mishra.mp3
Dalkhai Re _ New Version _ Lopamudra,odia,Real,Real,/content/drive/MyDrive/Dataset_Research_DFD/Real_dataset/odia/Dalkhai Re _ New Version _ Lopamudra.mp3
Dalkhai Re _ Provided to YouTube (Audio),odia,Real,Real,/content/drive/MyDrive/Dataset_Research_DFD/Real_dataset/odia/Dalkhai Re _ Provided to YouTube (Audio).mp3
Dalkhai Re _ Sambalpuri Folk Dance Video,odia,Real,Real,/content/drive/MyDrive/Dataset_Research_DFD/Real_dataset/odia/Dalkhai Re _ Sambalpuri Folk Dance Video.mp3
Dalkhai Re _ Sujata _ Sika Music,odia,Real,Real,/content/drive/MyDrive/Dataset_Research_DFD/Real_dataset/odia/Dalkhai Re _ Sujata _ Sika Music.mp3
Dalkhai _ Sambalpuri Folk Song 2020,odia,Real,Real,/content/drive/MyDrive/Dataset_Research_DFD/Real_dataset/odia/Dalkhai _ Sambalpuri Folk Song 2020.mp3
Din Gani Gani _ Odia Folk Song,odia,Real,Real,/content/drive/MyDrive/Dataset_Research_DFD/Real_dataset/odia/Din Gani Gani _ Odia Folk Song.mp3
Mo Maina _ Folk Songs of Oriya _ Sudha Mishra,odia,Real,Real,/content/drive/MyDrive/Dataset_Research_DFD/Real_dataset/odia/Mo Maina _ Folk Songs of Oriya _ Sudha Mishra.mp3
Pakshi Rajo Charhike _ Folk _ Sudha Mishra,odia,Real,Real,/content/drive/MyDrive/Dataset_Research_DFD/Real_dataset/odia/Pakshi Rajo Charhike _ Folk _ Sudha Mishra.mp3
Rangabati (Live) _ Tapu Mishra & Jitendriya Haripal,odia,Real,Real,/content/drive/MyDrive/Dataset_Research_DFD/Real_dataset/odia/Rangabati (Live) _ Tapu Mishra & Jitendriya Haripal.mp3
Rangabati E Rangabati (Full Song) _ Jukebox Cut,odia,Real,Real,/content/drive/MyDrive/Dataset_Research_DFD/Real_dataset/odia/Rangabati E Rangabati (Full Song) _ Jukebox Cut.mp3
Rangabati _ Original Sambalpuri Folk Song,odia,Real,Real,/content/drive/MyDrive/Dataset_Research_DFD/Real_dataset/odia/Rangabati _ Original Sambalpuri Folk Song.mp3
Rangabati _ Original Songs & Singer Jitendra Haripal,odia,Real,Real,/content/drive/MyDrive/Dataset_Research_DFD/Real_dataset/odia/Rangabati _ Original Songs & Singer Jitendra Haripal.mp3
Rangabati _ Original song With Lyrics,odia,Real,Real,/content/drive/MyDrive/Dataset_Research_DFD/Real_dataset/odia/Rangabati _ Original song With Lyrics.mp3
3 Peg_vocals,punjabi,Deepfake,FFT,/content/drive/MyDrive/Dataset_Research_DFD/Deepfake_dataset/FFT/punjabi_fft/vocals/3 Peg_vocals.wav
8 Parche_vocals,punjabi,Deepfake,FFT,/content/drive/MyDrive/Dataset_Research_DFD/Deepfake_dataset/FFT/punjabi_fft/vocals/8 Parche_vocals.wav
Aaya Lariye Ni_vocals,punjabi,Deepfake,FFT,/content/drive/MyDrive/Dataset_Research_DFD/Deepfake_dataset/FFT/punjabi_fft/vocals/Aaya Lariye Ni_vocals.wav
Affair_vocals,punjabi,Deepfake,FFT,/content/drive/MyDrive/Dataset_Research_DFD/Deepfake_dataset/FFT/punjabi_fft/vocals/Affair_vocals.wav
Akh Kashni_vocals,punjabi,Deepfake,FFT,/content/drive/MyDrive/Dataset_Research_DFD/Deepfake_dataset/FFT/punjabi_fft/vocals/Akh Kashni_vocals.wav
All Black_vocals,punjabi,Deepfake,FFT,/content/drive/MyDrive/Dataset_Research_DFD/Deepfake_dataset/FFT/punjabi_fft/vocals/All Black_vocals.wav
Backbone_vocals,punjabi,Deepfake,FFT,/content/drive/MyDrive/Dataset_Research_DFD/Deepfake_dataset/FFT/punjabi_fft/vocals/Backbone_vocals.wav
Boliyan_vocals,punjabi,Deepfake,FFT,/content/drive/MyDrive/Dataset_Research_DFD/Deepfake_dataset/FFT/punjabi_fft/vocals/Boliyan_vocals.wav
Challa_vocals,punjabi,Deepfake,FFT,/content/drive/MyDrive/Dataset_Research_DFD/Deepfake_dataset/FFT/punjabi_fft/vocals/Challa_vocals.wav
Chitta Kukkad_vocals,punjabi,Deepfake,FFT,/content/drive/MyDrive/Dataset_Research_DFD/Deepfake_dataset/FFT/punjabi_fft/vocals/Chitta Kukkad_vocals.wav
Coka_vocals,punjabi,Deepfake,FFT,/content/drive/MyDrive/Dataset_Research_DFD/Deepfake_dataset/FFT/punjabi_fft/vocals/Coka_vocals.wav
DJ Wajda_vocals,punjabi,Deepfake,FFT,/content/drive/MyDrive/Dataset_Research_DFD/Deepfake_dataset/FFT/punjabi_fft/vocals/DJ Wajda_vocals.wav
Daang_vocals,punjabi,Deepfake,FFT,/content/drive/MyDrive/Dataset_Research_DFD/Deepfake_dataset/FFT/punjabi_fft/vocals/Daang_vocals.wav
Dama Dam Mast Kalandar_vocals,punjabi,Deepfake,FFT,/content/drive/MyDrive/Dataset_Research_DFD/Deepfake_dataset/FFT/punjabi_fft/vocals/Dama Dam Mast Kalandar_vocals.wav
Diamond_vocals,punjabi,Deepfake,FFT,/content/drive/MyDrive/Dataset_Research_DFD/Deepfake_dataset/FFT/punjabi_fft/vocals/Diamond_vocals.wav
Gallan Mithiyan_vocals,punjabi,Deepfake,FFT,/content/drive/MyDrive/Dataset_Research_DFD/Deepfake_dataset/FFT/punjabi_fft/vocals/Gallan Mithiyan_vocals.wav
Gangland_vocals,punjabi,Deepfake,FFT,/content/drive/MyDrive/Dataset_Research_DFD/Deepfake_dataset/FFT/punjabi_fft/vocals/Gangland_vocals.wav
Ghori_vocals,punjabi,Deepfake,FFT,/content/drive/MyDrive/Dataset_Research_DFD/Deepfake_dataset/FFT/punjabi_fft/vocals/Ghori_vocals.wav
Gora Gora Rang_vocals,punjabi,Deepfake,FFT,/content/drive/MyDrive/Dataset_Research_DFD/Deepfake_dataset/FFT/punjabi_fft/vocals/Gora Gora Rang_vocals.wav
Gora Rang_vocals,punjabi,Deepfake,FFT,/content/drive/MyDrive/Dataset_Research_DFD/Deepfake_dataset/FFT/punjabi_fft/vocals/Gora Rang_vocals.wav
Gunday Ik Vaar Fer_vocals,punjabi,Deepfake,FFT,/content/drive/MyDrive/Dataset_Research_DFD/Deepfake_dataset/FFT/punjabi_fft/vocals/Gunday Ik Vaar Fer_vocals.wav
Haath Chumme_vocals,punjabi,Deepfake,FFT,/content/drive/MyDrive/Dataset_Research_DFD/Deepfake_dataset/FFT/punjabi_fft/vocals/Haath Chumme_vocals.wav
Heer_vocals,punjabi,Deepfake,FFT,/content/drive/MyDrive/Dataset_Research_DFD/Deepfake_dataset/FFT/punjabi_fft/vocals/Heer_vocals.wav
High Heels_vocals,punjabi,Deepfake,FFT,/content/drive/MyDrive/Dataset_Research_DFD/Deepfake_dataset/FFT/punjabi_fft/vocals/High Heels_vocals.wav
Hornn Blow_vocals,punjabi,Deepfake,FFT,/content/drive/MyDrive/Dataset_Research_DFD/Deepfake_dataset/FFT/punjabi_fft/vocals/Hornn Blow_vocals.wav
Ik Meri Akh Kashni_vocals,punjabi,Deepfake,FFT,/content/drive/MyDrive/Dataset_Research_DFD/Deepfake_dataset/FFT/punjabi_fft/vocals/Ik Meri Akh Kashni_vocals.wav
Issa Jatt_vocals,punjabi,Deepfake,FFT,/content/drive/MyDrive/Dataset_Research_DFD/Deepfake_dataset/FFT/punjabi_fft/vocals/Issa Jatt_vocals.wav
Jaguar_vocals,punjabi,Deepfake,FFT,/content/drive/MyDrive/Dataset_Research_DFD/Deepfake_dataset/FFT/punjabi_fft/vocals/Jaguar_vocals.wav
Jindua_vocals,punjabi,Deepfake,FFT,/content/drive/MyDrive/Dataset_Research_DFD/Deepfake_dataset/FFT/punjabi_fft/vocals/Jindua_vocals.wav
Jutti Kasuri_vocals,punjabi,Deepfake,FFT,/content/drive/MyDrive/Dataset_Research_DFD/Deepfake_dataset/FFT/punjabi_fft/vocals/Jutti Kasuri_vocals.wav
Kala Doriya_vocals,punjabi,Deepfake,FFT,/content/drive/MyDrive/Dataset_Research_DFD/Deepfake_dataset/FFT/punjabi_fft/vocals/Kala Doriya_vocals.wav
Kala Shah Kala_vocals,punjabi,Deepfake,FFT,/content/drive/MyDrive/Dataset_Research_DFD/Deepfake_dataset/FFT/punjabi_fft/vocals/Kala Shah Kala_vocals.wav
Kandayali Thor_vocals,punjabi,Deepfake,FFT,/content/drive/MyDrive/Dataset_Research_DFD/Deepfake_dataset/FFT/punjabi_fft/vocals/Kandayali Thor_vocals.wav
Ki Banu Dunian Da_vocals,punjabi,Deepfake,FFT,/content/drive/MyDrive/Dataset_Research_DFD/Deepfake_dataset/FFT/punjabi_fft/vocals/Ki Banu Dunian Da_vocals.wav
Kothe Te Aa Mahiya_vocals,punjabi,Deepfake,FFT,/content/drive/MyDrive/Dataset_Research_DFD/Deepfake_dataset/FFT/punjabi_fft/vocals/Kothe Te Aa Mahiya_vocals.wav
Laare_vocals,punjabi,Deepfake,FFT,/content/drive/MyDrive/Dataset_Research_DFD/Deepfake_dataset/FFT/punjabi_fft/vocals/Laare_vocals.wav
Laembadgini_vocals,punjabi,Deepfake,FFT,/content/drive/MyDrive/Dataset_Research_DFD/Deepfake_dataset/FFT/punjabi_fft/vocals/Laembadgini_vocals.wav
Lathe Di Chadar_vocals,punjabi,Deepfake,FFT,/content/drive/MyDrive/Dataset_Research_DFD/Deepfake_dataset/FFT/punjabi_fft/vocals/Lathe Di Chadar_vocals.wav
Lehanga_vocals,punjabi,Deepfake,FFT,/content/drive/MyDrive/Dataset_Research_DFD/Deepfake_dataset/FFT/punjabi_fft/vocals/Lehanga_vocals.wav
Light Weight_vocals,punjabi,Deepfake,FFT,/content/drive/MyDrive/Dataset_Research_DFD/Deepfake_dataset/FFT/punjabi_fft/vocals/Light Weight_vocals.wav
Madhaniya_vocals,punjabi,Deepfake,FFT,/content/drive/MyDrive/Dataset_Research_DFD/Deepfake_dataset/FFT/punjabi_fft/vocals/Madhaniya_vocals.wav
Mahiya_vocals,punjabi,Deepfake,FFT,/content/drive/MyDrive/Dataset_Research_DFD/Deepfake_dataset/FFT/punjabi_fft/vocals/Mahiya_vocals.wav
Mera Long Gawacha_vocals,punjabi,Deepfake,FFT,/content/drive/MyDrive/Dataset_Research_DFD/Deepfake_dataset/FFT/punjabi_fft/vocals/Mera Long Gawacha_vocals.wav
Mirza Sahiba_vocals,punjabi,Deepfake,FFT,/content/drive/MyDrive/Dataset_Research_DFD/Deepfake_dataset/FFT/punjabi_fft/vocals/Mirza Sahiba_vocals.wav
Mohabbatan De Dhol_vocals,punjabi,Deepfake,FFT,/content/drive/MyDrive/Dataset_Research_DFD/Deepfake_dataset/FFT/punjabi_fft/vocals/Mohabbatan De Dhol_vocals.wav
Naah_vocals,punjabi,Deepfake,FFT,/content/drive/MyDrive/Dataset_Research_DFD/Deepfake_dataset/FFT/punjabi_fft/vocals/Naah_vocals.wav
Pagal_vocals,punjabi,Deepfake,FFT,/content/drive/MyDrive/Dataset_Research_DFD/Deepfake_dataset/FFT/punjabi_fft/vocals/Pagal_vocals.wav
Palazzo_vocals,punjabi,Deepfake,FFT,/content/drive/MyDrive/Dataset_Research_DFD/Deepfake_dataset/FFT/punjabi_fft/vocals/Palazzo_vocals.wav
Photo_vocals,punjabi,Deepfake,FFT,/content/drive/MyDrive/Dataset_Research_DFD/Deepfake_dataset/FFT/punjabi_fft/vocals/Photo_vocals.wav
Prada_vocals,punjabi,Deepfake,FFT,/content/drive/MyDrive/Dataset_Research_DFD/Deepfake_dataset/FFT/punjabi_fft/vocals/Prada_vocals.wav
Proper Patola_vocals,punjabi,Deepfake,FFT,/content/drive/MyDrive/Dataset_Research_DFD/Deepfake_dataset/FFT/punjabi_fft/vocals/Proper Patola_vocals.wav
Sada Chiriyan Da Chamba Ve_vocals,punjabi,Deepfake,FFT,/content/drive/MyDrive/Dataset_Research_DFD/Deepfake_dataset/FFT/punjabi_fft/vocals/Sada Chiriyan Da Chamba Ve_vocals.wav
Sakhiyaan_vocals,punjabi,Deepfake,FFT,/content/drive/MyDrive/Dataset_Research_DFD/Deepfake_dataset/FFT/punjabi_fft/vocals/Sakhiyaan_vocals.wav
Sarke Sarke Jandiye Mutiare Ni_vocals,punjabi,Deepfake,FFT,/content/drive/MyDrive/Dataset_Research_DFD/Deepfake_dataset/FFT/punjabi_fft/vocals/Sarke Sarke Jandiye Mutiare Ni_vocals.wav
Saturday Saturday_vocals,punjabi,Deepfake,FFT,/content/drive/MyDrive/Dataset_Research_DFD/Deepfake_dataset/FFT/punjabi_fft/vocals/Saturday Saturday_vocals.wav
Sniper_vocals,punjabi,Deepfake,FFT,/content/drive/MyDrive/Dataset_Research_DFD/Deepfake_dataset/FFT/punjabi_fft/vocals/Sniper_vocals.wav
So High_vocals,punjabi,Deepfake,FFT,/content/drive/MyDrive/Dataset_Research_DFD/Deepfake_dataset/FFT/punjabi_fft/vocals/So High_vocals.wav
Soch_vocals,punjabi,Deepfake,FFT,/content/drive/MyDrive/Dataset_Research_DFD/Deepfake_dataset/FFT/punjabi_fft/vocals/Soch_vocals.wav
Sorry_vocals,punjabi,Deepfake,FFT,/content/drive/MyDrive/Dataset_Research_DFD/Deepfake_dataset/FFT/punjabi_fft/vocals/Sorry_vocals.wav
Suhag_vocals,punjabi,Deepfake,FFT,/content/drive/MyDrive/Dataset_Research_DFD/Deepfake_dataset/FFT/punjabi_fft/vocals/Suhag_vocals.wav
Suhe Ve Cheere Waliya_vocals,punjabi,Deepfake,FFT,/content/drive/MyDrive/Dataset_Research_DFD/Deepfake_dataset/FFT/punjabi_fft/vocals/Suhe Ve Cheere Waliya_vocals.wav
Suit Punjabi_vocals,punjabi,Deepfake,FFT,/content/drive/MyDrive/Dataset_Research_DFD/Deepfake_dataset/FFT/punjabi_fft/vocals/Suit Punjabi_vocals.wav
Taara_vocals,punjabi,Deepfake,FFT,/content/drive/MyDrive/Dataset_Research_DFD/Deepfake_dataset/FFT/punjabi_fft/vocals/Taara_vocals.wav
Tappe_vocals,punjabi,Deepfake,FFT,/content/drive/MyDrive/Dataset_Research_DFD/Deepfake_dataset/FFT/punjabi_fft/vocals/Tappe_vocals.wav
Tere Tille Ton_vocals,punjabi,Deepfake,FFT,/content/drive/MyDrive/Dataset_Research_DFD/Deepfake_dataset/FFT/punjabi_fft/vocals/Tere Tille Ton_vocals.wav
Time Table_vocals,punjabi,Deepfake,FFT,/content/drive/MyDrive/Dataset_Research_DFD/Deepfake_dataset/FFT/punjabi_fft/vocals/Time Table_vocals.wav
Tutak Tutak Tutian.temp_vocals,punjabi,Deepfake,FFT,/content/drive/MyDrive/Dataset_Research_DFD/Deepfake_dataset/FFT/punjabi_fft/vocals/Tutak Tutak Tutian.temp_vocals.wav
Tutak Tutak Tutian_vocals,punjabi,Deepfake,FFT,/content/drive/MyDrive/Dataset_Research_DFD/Deepfake_dataset/FFT/punjabi_fft/vocals/Tutak Tutak Tutian_vocals.wav
Viah_vocals,punjabi,Deepfake,FFT,/content/drive/MyDrive/Dataset_Research_DFD/Deepfake_dataset/FFT/punjabi_fft/vocals/Viah_vocals.wav
Zindabaad Yaarian_vocals,punjabi,Deepfake,FFT,/content/drive/MyDrive/Dataset_Research_DFD/Deepfake_dataset/FFT/punjabi_fft/vocals/Zindabaad Yaarian_vocals.wav
fft_punjabi_001,punjabi,Deepfake,FFT,/content/drive/MyDrive/Dataset_Research_DFD/Deepfake_dataset/FFT/punjabi_fft/fft_punjabi_001.wav
fft_punjabi_002,punjabi,Deepfake,FFT,/content/drive/MyDrive/Dataset_Research_DFD/Deepfake_dataset/FFT/punjabi_fft/fft_punjabi_002.wav
fft_punjabi_003,punjabi,Deepfake,FFT,/content/drive/MyDrive/Dataset_Research_DFD/Deepfake_dataset/FFT/punjabi_fft/fft_punjabi_003.wav
fft_punjabi_004,punjabi,Deepfake,FFT,/content/drive/MyDrive/Dataset_Research_DFD/Deepfake_dataset/FFT/punjabi_fft/fft_punjabi_004.wav
fft_punjabi_005,punjabi,Deepfake,FFT,/content/drive/MyDrive/Dataset_Research_DFD/Deepfake_dataset/FFT/punjabi_fft/fft_punjabi_005.wav
fft_punjabi_006,punjabi,Deepfake,FFT,/content/drive/MyDrive/Dataset_Research_DFD/Deepfake_dataset/FFT/punjabi_fft/fft_punjabi_006.wav
fft_punjabi_007,punjabi,Deepfake,FFT,/content/drive/MyDrive/Dataset_Research_DFD/Deepfake_dataset/FFT/punjabi_fft/fft_punjabi_007.wav
fft_punjabi_008,punjabi,Deepfake,FFT,/content/drive/MyDrive/Dataset_Research_DFD/Deepfake_dataset/FFT/punjabi_fft/fft_punjabi_008.wav
fft_punjabi_009,punjabi,Deepfake,FFT,/content/drive/MyDrive/Dataset_Research_DFD/Deepfake_dataset/FFT/punjabi_fft/fft_punjabi_009.wav
fft_punjabi_010,punjabi,Deepfake,FFT,/content/drive/MyDrive/Dataset_Research_DFD/Deepfake_dataset/FFT/punjabi_fft/fft_punjabi_010.wav
fft_punjabi_011,punjabi,Deepfake,FFT,/content/drive/MyDrive/Dataset_Research_DFD/Deepfake_dataset/FFT/punjabi_fft/fft_punjabi_011.wav
fft_punjabi_012,punjabi,Deepfake,FFT,/content/drive/MyDrive/Dataset_Research_DFD/Deepfake_dataset/FFT/punjabi_fft/fft_punjabi_012.wav
fft_punjabi_013,punjabi,Deepfake,FFT,/content/drive/MyDrive/Dataset_Research_DFD/Deepfake_dataset/FFT/punjabi_fft/fft_punjabi_013.wav
fft_punjabi_014,punjabi,Deepfake,FFT,/content/drive/MyDrive/Dataset_Research_DFD/Deepfake_dataset/FFT/punjabi_fft/fft_punjabi_014.wav
fft_punjabi_015,punjabi,Deepfake,FFT,/content/drive/MyDrive/Dataset_Research_DFD/Deepfake_dataset/FFT/punjabi_fft/fft_punjabi_015.wav
fft_punjabi_016,punjabi,Deepfake,FFT,/content/drive/MyDrive/Dataset_Research_DFD/Deepfake_dataset/FFT/punjabi_fft/fft_punjabi_016.wav
fft_punjabi_017,punjabi,Deepfake,FFT,/content/drive/MyDrive/Dataset_Research_DFD/Deepfake_dataset/FFT/punjabi_fft/fft_punjabi_017.wav
fft_punjabi_018,punjabi,Deepfake,FFT,/content/drive/MyDrive/Dataset_Research_DFD/Deepfake_dataset/FFT/punjabi_fft/fft_punjabi_018.wav
fft_punjabi_019,punjabi,Deepfake,FFT,/content/drive/MyDrive/Dataset_Research_DFD/Deepfake_dataset/FFT/punjabi_fft/fft_punjabi_019.wav
fft_punjabi_020,punjabi,Deepfake,FFT,/content/drive/MyDrive/Dataset_Research_DFD/Deepfake_dataset/FFT/punjabi_fft/fft_punjabi_020.wav
fft_punjabi_021,punjabi,Deepfake,FFT,/content/drive/MyDrive/Dataset_Research_DFD/Deepfake_dataset/FFT/punjabi_fft/fft_punjabi_021.wav
fft_punjabi_022,punjabi,Deepfake,FFT,/content/drive/MyDrive/Dataset_Research_DFD/Deepfake_dataset/FFT/punjabi_fft/fft_punjabi_022.wav
fft_punjabi_023,punjabi,Deepfake,FFT,/content/drive/MyDrive/Dataset_Research_DFD/Deepfake_dataset/FFT/punjabi_fft/fft_punjabi_023.wav
fft_punjabi_024,punjabi,Deepfake,FFT,/content/drive/MyDrive/Dataset_Research_DFD/Deepfake_dataset/FFT/punjabi_fft/fft_punjabi_024.wav
fft_punjabi_025,punjabi,Deepfake,FFT,/content/drive/MyDrive/Dataset_Research_DFD/Deepfake_dataset/FFT/punjabi_fft/fft_punjabi_025.wav
fft_punjabi_026,punjabi,Deepfake,FFT,/content/drive/MyDrive/Dataset_Research_DFD/Deepfake_dataset/FFT/punjabi_fft/fft_punjabi_026.wav
fft_punjabi_027,punjabi,Deepfake,FFT,/content/drive/MyDrive/Dataset_Research_DFD/Deepfake_dataset/FFT/punjabi_fft/fft_punjabi_027.wav
fft_punjabi_028,punjabi,Deepfake,FFT,/content/drive/MyDrive/Dataset_Research_DFD/Deepfake_dataset/FFT/punjabi_fft/fft_punjabi_028.wav
fft_punjabi_029,punjabi,Deepfake,FFT,/content/drive/MyDrive/Dataset_Research_DFD/Deepfake_dataset/FFT/punjabi_fft/fft_punjabi_029.wav
fft_punjabi_030,punjabi,Deepfake,FFT,/content/drive/MyDrive/Dataset_Research_DFD/Deepfake_dataset/FFT/punjabi_fft/fft_punjabi_030.wav
fft_punjabi_031,punjabi,Deepfake,FFT,/content/drive/MyDrive/Dataset_Research_DFD/Deepfake_dataset/FFT/punjabi_fft/fft_punjabi_031.wav
fft_punjabi_032,punjabi,Deepfake,FFT,/content/drive/MyDrive/Dataset_Research_DFD/Deepfake_dataset/FFT/punjabi_fft/fft_punjabi_032.wav
fft_punjabi_033,punjabi,Deepfake,FFT,/content/drive/MyDrive/Dataset_Research_DFD/Deepfake_dataset/FFT/punjabi_fft/fft_punjabi_033.wav
fft_punjabi_034,punjabi,Deepfake,FFT,/content/drive/MyDrive/Dataset_Research_DFD/Deepfake_dataset/FFT/punjabi_fft/fft_punjabi_034.wav
fft_punjabi_035,punjabi,Deepfake,FFT,/content/drive/MyDrive/Dataset_Research_DFD/Deepfake_dataset/FFT/punjabi_fft/fft_punjabi_035.wav
fft_punjabi_036,punjabi,Deepfake,FFT,/content/drive/MyDrive/Dataset_Research_DFD/Deepfake_dataset/FFT/punjabi_fft/fft_punjabi_036.wav
fft_punjabi_037,punjabi,Deepfake,FFT,/content/drive/MyDrive/Dataset_Research_DFD/Deepfake_dataset/FFT/punjabi_fft/fft_punjabi_037.wav
fft_punjabi_038,punjabi,Deepfake,FFT,/content/drive/MyDrive/Dataset_Research_DFD/Deepfake_dataset/FFT/punjabi_fft/fft_punjabi_038.wav
fft_punjabi_039,punjabi,Deepfake,FFT,/content/drive/MyDrive/Dataset_Research_DFD/Deepfake_dataset/FFT/punjabi_fft/fft_punjabi_039.wav
fft_punjabi_040,punjabi,Deepfake,FFT,/content/drive/MyDrive/Dataset_Research_DFD/Deepfake_dataset/FFT/punjabi_fft/fft_punjabi_040.wav
fft_punjabi_041,punjabi,Deepfake,FFT,/content/drive/MyDrive/Dataset_Research_DFD/Deepfake_dataset/FFT/punjabi_fft/fft_punjabi_041.wav
fft_punjabi_042,punjabi,Deepfake,FFT,/content/drive/MyDrive/Dataset_Research_DFD/Deepfake_dataset/FFT/punjabi_fft/fft_punjabi_042.wav
fft_punjabi_043,punjabi,Deepfake,FFT,/content/drive/MyDrive/Dataset_Research_DFD/Deepfake_dataset/FFT/punjabi_fft/fft_punjabi_043.wav
fft_punjabi_044,punjabi,Deepfake,FFT,/content/drive/MyDrive/Dataset_Research_DFD/Deepfake_dataset/FFT/punjabi_fft/fft_punjabi_044.wav
fft_punjabi_045,punjabi,Deepfake,FFT,/content/drive/MyDrive/Dataset_Research_DFD/Deepfake_dataset/FFT/punjabi_fft/fft_punjabi_045.wav
fft_punjabi_046,punjabi,Deepfake,FFT,/content/drive/MyDrive/Dataset_Research_DFD/Deepfake_dataset/FFT/punjabi_fft/fft_punjabi_046.wav
fft_punjabi_047,punjabi,Deepfake,FFT,/content/drive/MyDrive/Dataset_Research_DFD/Deepfake_dataset/FFT/punjabi_fft/fft_punjabi_047.wav
fft_punjabi_048,punjabi,Deepfake,FFT,/content/drive/MyDrive/Dataset_Research_DFD/Deepfake_dataset/FFT/punjabi_fft/fft_punjabi_048.wav
fft_punjabi_049,punjabi,Deepfake,FFT,/content/drive/MyDrive/Dataset_Research_DFD/Deepfake_dataset/FFT/punjabi_fft/fft_punjabi_049.wav
fft_punjabi_050,punjabi,Deepfake,FFT,/content/drive/MyDrive/Dataset_Research_DFD/Deepfake_dataset/FFT/punjabi_fft/fft_punjabi_050.wav
fft_punjabi_051,punjabi,Deepfake,FFT,/content/drive/MyDrive/Dataset_Research_DFD/Deepfake_dataset/FFT/punjabi_fft/fft_punjabi_051.wav
fft_punjabi_052,punjabi,Deepfake,FFT,/content/drive/MyDrive/Dataset_Research_DFD/Deepfake_dataset/FFT/punjabi_fft/fft_punjabi_052.wav
fft_punjabi_053,punjabi,Deepfake,FFT,/content/drive/MyDrive/Dataset_Research_DFD/Deepfake_dataset/FFT/punjabi_fft/fft_punjabi_053.wav
fft_punjabi_054,punjabi,Deepfake,FFT,/content/drive/MyDrive/Dataset_Research_DFD/Deepfake_dataset/FFT/punjabi_fft/fft_punjabi_054.wav
fft_punjabi_055,punjabi,Deepfake,FFT,/content/drive/MyDrive/Dataset_Research_DFD/Deepfake_dataset/FFT/punjabi_fft/fft_punjabi_055.wav
fft_punjabi_056,punjabi,Deepfake,FFT,/content/drive/MyDrive/Dataset_Research_DFD/Deepfake_dataset/FFT/punjabi_fft/fft_punjabi_056.wav
fft_punjabi_057,punjabi,Deepfake,FFT,/content/drive/MyDrive/Dataset_Research_DFD/Deepfake_dataset/FFT/punjabi_fft/fft_punjabi_057.wav
fft_punjabi_058,punjabi,Deepfake,FFT,/content/drive/MyDrive/Dataset_Research_DFD/Deepfake_dataset/FFT/punjabi_fft/fft_punjabi_058.wav
fft_punjabi_059,punjabi,Deepfake,FFT,/content/drive/MyDrive/Dataset_Research_DFD/Deepfake_dataset/FFT/punjabi_fft/fft_punjabi_059.wav
fft_punjabi_060,punjabi,Deepfake,FFT,/content/drive/MyDrive/Dataset_Research_DFD/Deepfake_dataset/FFT/punjabi_fft/fft_punjabi_060.wav
fft_punjabi_061,punjabi,Deepfake,FFT,/content/drive/MyDrive/Dataset_Research_DFD/Deepfake_dataset/FFT/punjabi_fft/fft_punjabi_061.wav
fft_punjabi_062,punjabi,Deepfake,FFT,/content/drive/MyDrive/Dataset_Research_DFD/Deepfake_dataset/FFT/punjabi_fft/fft_punjabi_062.wav
fft_punjabi_063,punjabi,Deepfake,FFT,/content/drive/MyDrive/Dataset_Research_DFD/Deepfake_dataset/FFT/punjabi_fft/fft_punjabi_063.wav
fft_punjabi_064,punjabi,Deepfake,FFT,/content/drive/MyDrive/Dataset_Research_DFD/Deepfake_dataset/FFT/punjabi_fft/fft_punjabi_064.wav
fft_punjabi_065,punjabi,Deepfake,FFT,/content/drive/MyDrive/Dataset_Research_DFD/Deepfake_dataset/FFT/punjabi_fft/fft_punjabi_065.wav
fft_punjabi_066,punjabi,Deepfake,FFT,/content/drive/MyDrive/Dataset_Research_DFD/Deepfake_dataset/FFT/punjabi_fft/fft_punjabi_066.wav
fft_punjabi_067,punjabi,Deepfake,FFT,/content/drive/MyDrive/Dataset_Research_DFD/Deepfake_dataset/FFT/punjabi_fft/fft_punjabi_067.wav
fft_punjabi_068,punjabi,Deepfake,FFT,/content/drive/MyDrive/Dataset_Research_DFD/Deepfake_dataset/FFT/punjabi_fft/fft_punjabi_068.wav
fft_punjabi_069,punjabi,Deepfake,FFT,/content/drive/MyDrive/Dataset_Research_DFD/Deepfake_dataset/FFT/punjabi_fft/fft_punjabi_069.wav
punjabi_reference,punjabi,Deepfake,FFT,/content/drive/MyDrive/Dataset_Research_DFD/Deepfake_dataset/FFT/punjabi_fft/references/punjabi_reference.wav
punjabi_rvc_ref,punjabi,Deepfake,RVC,/content/drive/MyDrive/Dataset_Research_DFD/Deepfake_dataset/RVC/punjabi_rvc/references/punjabi_rvc_ref.wav
punjabi_rvc_reference,punjabi,Deepfake,RVC,/content/drive/MyDrive/Dataset_Research_DFD/Deepfake_dataset/RVC/punjabi_rvc/references/punjabi_rvc_reference.wav
rvc_punjabi_001,punjabi,Deepfake,RVC,/content/drive/MyDrive/Dataset_Research_DFD/Deepfake_dataset/RVC/punjabi_rvc/rvc_punjabi_001.wav
rvc_punjabi_002,punjabi,Deepfake,RVC,/content/drive/MyDrive/Dataset_Research_DFD/Deepfake_dataset/RVC/punjabi_rvc/rvc_punjabi_002.wav
rvc_punjabi_003,punjabi,Deepfake,RVC,/content/drive/MyDrive/Dataset_Research_DFD/Deepfake_dataset/RVC/punjabi_rvc/rvc_punjabi_003.wav
rvc_punjabi_004,punjabi,Deepfake,RVC,/content/drive/MyDrive/Dataset_Research_DFD/Deepfake_dataset/RVC/punjabi_rvc/rvc_punjabi_004.wav
rvc_punjabi_005,punjabi,Deepfake,RVC,/content/drive/MyDrive/Dataset_Research_DFD/Deepfake_dataset/RVC/punjabi_rvc/rvc_punjabi_005.wav
rvc_punjabi_006,punjabi,Deepfake,RVC,/content/drive/MyDrive/Dataset_Research_DFD/Deepfake_dataset/RVC/punjabi_rvc/rvc_punjabi_006.wav
rvc_punjabi_007,punjabi,Deepfake,RVC,/content/drive/MyDrive/Dataset_Research_DFD/Deepfake_dataset/RVC/punjabi_rvc/rvc_punjabi_007.wav
rvc_punjabi_008,punjabi,Deepfake,RVC,/content/drive/MyDrive/Dataset_Research_DFD/Deepfake_dataset/RVC/punjabi_rvc/rvc_punjabi_008.wav
rvc_punjabi_009,punjabi,Deepfake,RVC,/content/drive/MyDrive/Dataset_Research_DFD/Deepfake_dataset/RVC/punjabi_rvc/rvc_punjabi_009.wav
rvc_punjabi_010,punjabi,Deepfake,RVC,/content/drive/MyDrive/Dataset_Research_DFD/Deepfake_dataset/RVC/punjabi_rvc/rvc_punjabi_010.wav
rvc_punjabi_011,punjabi,Deepfake,RVC,/content/drive/MyDrive/Dataset_Research_DFD/Deepfake_dataset/RVC/punjabi_rvc/rvc_punjabi_011.wav
rvc_punjabi_012,punjabi,Deepfake,RVC,/content/drive/MyDrive/Dataset_Research_DFD/Deepfake_dataset/RVC/punjabi_rvc/rvc_punjabi_012.wav
rvc_punjabi_013,punjabi,Deepfake,RVC,/content/drive/MyDrive/Dataset_Research_DFD/Deepfake_dataset/RVC/punjabi_rvc/rvc_punjabi_013.wav
rvc_punjabi_014,punjabi,Deepfake,RVC,/content/drive/MyDrive/Dataset_Research_DFD/Deepfake_dataset/RVC/punjabi_rvc/rvc_punjabi_014.wav
rvc_punjabi_015,punjabi,Deepfake,RVC,/content/drive/MyDrive/Dataset_Research_DFD/Deepfake_dataset/RVC/punjabi_rvc/rvc_punjabi_015.wav
rvc_punjabi_016,punjabi,Deepfake,RVC,/content/drive/MyDrive/Dataset_Research_DFD/Deepfake_dataset/RVC/punjabi_rvc/rvc_punjabi_016.wav
rvc_punjabi_017,punjabi,Deepfake,RVC,/content/drive/MyDrive/Dataset_Research_DFD/Deepfake_dataset/RVC/punjabi_rvc/rvc_punjabi_017.wav
rvc_punjabi_018,punjabi,Deepfake,RVC,/content/drive/MyDrive/Dataset_Research_DFD/Deepfake_dataset/RVC/punjabi_rvc/rvc_punjabi_018.wav
rvc_punjabi_019,punjabi,Deepfake,RVC,/content/drive/MyDrive/Dataset_Research_DFD/Deepfake_dataset/RVC/punjabi_rvc/rvc_punjabi_019.wav
rvc_punjabi_020,punjabi,Deepfake,RVC,/content/drive/MyDrive/Dataset_Research_DFD/Deepfake_dataset/RVC/punjabi_rvc/rvc_punjabi_020.wav
rvc_punjabi_021,punjabi,Deepfake,RVC,/content/drive/MyDrive/Dataset_Research_DFD/Deepfake_dataset/RVC/punjabi_rvc/rvc_punjabi_021.wav
rvc_punjabi_022,punjabi,Deepfake,RVC,/content/drive/MyDrive/Dataset_Research_DFD/Deepfake_dataset/RVC/punjabi_rvc/rvc_punjabi_022.wav
rvc_punjabi_023,punjabi,Deepfake,RVC,/content/drive/MyDrive/Dataset_Research_DFD/Deepfake_dataset/RVC/punjabi_rvc/rvc_punjabi_023.wav
rvc_punjabi_024,punjabi,Deepfake,RVC,/content/drive/MyDrive/Dataset_Research_DFD/Deepfake_dataset/RVC/punjabi_rvc/rvc_punjabi_024.wav
rvc_punjabi_025,punjabi,Deepfake,RVC,/content/drive/MyDrive/Dataset_Research_DFD/Deepfake_dataset/RVC/punjabi_rvc/rvc_punjabi_025.wav
rvc_punjabi_026,punjabi,Deepfake,RVC,/content/drive/MyDrive/Dataset_Research_DFD/Deepfake_dataset/RVC/punjabi_rvc/rvc_punjabi_026.wav
rvc_punjabi_027,punjabi,Deepfake,RVC,/content/drive/MyDrive/Dataset_Research_DFD/Deepfake_dataset/RVC/punjabi_rvc/rvc_punjabi_027.wav
rvc_punjabi_028,punjabi,Deepfake,RVC,/content/drive/MyDrive/Dataset_Research_DFD/Deepfake_dataset/RVC/punjabi_rvc/rvc_punjabi_028.wav
rvc_punjabi_029,punjabi,Deepfake,RVC,/content/drive/MyDrive/Dataset_Research_DFD/Deepfake_dataset/RVC/punjabi_rvc/rvc_punjabi_029.wav
rvc_punjabi_030,punjabi,Deepfake,RVC,/content/drive/MyDrive/Dataset_Research_DFD/Deepfake_dataset/RVC/punjabi_rvc/rvc_punjabi_030.wav
rvc_punjabi_031,punjabi,Deepfake,RVC,/content/drive/MyDrive/Dataset_Research_DFD/Deepfake_dataset/RVC/punjabi_rvc/rvc_punjabi_031.wav
rvc_punjabi_032,punjabi,Deepfake,RVC,/content/drive/MyDrive/Dataset_Research_DFD/Deepfake_dataset/RVC/punjabi_rvc/rvc_punjabi_032.wav
rvc_punjabi_033,punjabi,Deepfake,RVC,/content/drive/MyDrive/Dataset_Research_DFD/Deepfake_dataset/RVC/punjabi_rvc/rvc_punjabi_033.wav
rvc_punjabi_034,punjabi,Deepfake,RVC,/content/drive/MyDrive/Dataset_Research_DFD/Deepfake_dataset/RVC/punjabi_rvc/rvc_punjabi_034.wav
rvc_punjabi_035,punjabi,Deepfake,RVC,/content/drive/MyDrive/Dataset_Research_DFD/Deepfake_dataset/RVC/punjabi_rvc/rvc_punjabi_035.wav
rvc_punjabi_036,punjabi,Deepfake,RVC,/content/drive/MyDrive/Dataset_Research_DFD/Deepfake_dataset/RVC/punjabi_rvc/rvc_punjabi_036.wav
rvc_punjabi_037,punjabi,Deepfake,RVC,/content/drive/MyDrive/Dataset_Research_DFD/Deepfake_dataset/RVC/punjabi_rvc/rvc_punjabi_037.wav
rvc_punjabi_038,punjabi,Deepfake,RVC,/content/drive/MyDrive/Dataset_Research_DFD/Deepfake_dataset/RVC/punjabi_rvc/rvc_punjabi_038.wav
rvc_punjabi_039,punjabi,Deepfake,RVC,/content/drive/MyDrive/Dataset_Research_DFD/Deepfake_dataset/RVC/punjabi_rvc/rvc_punjabi_039.wav
rvc_punjabi_040,punjabi,Deepfake,RVC,/content/drive/MyDrive/Dataset_Research_DFD/Deepfake_dataset/RVC/punjabi_rvc/rvc_punjabi_040.wav
rvc_punjabi_041,punjabi,Deepfake,RVC,/content/drive/MyDrive/Dataset_Research_DFD/Deepfake_dataset/RVC/punjabi_rvc/rvc_punjabi_041.wav
rvc_punjabi_042,punjabi,Deepfake,RVC,/content/drive/MyDrive/Dataset_Research_DFD/Deepfake_dataset/RVC/punjabi_rvc/rvc_punjabi_042.wav
rvc_punjabi_043,punjabi,Deepfake,RVC,/content/drive/MyDrive/Dataset_Research_DFD/Deepfake_dataset/RVC/punjabi_rvc/rvc_punjabi_043.wav
rvc_punjabi_044,punjabi,Deepfake,RVC,/content/drive/MyDrive/Dataset_Research_DFD/Deepfake_dataset/RVC/punjabi_rvc/rvc_punjabi_044.wav
rvc_punjabi_045,punjabi,Deepfake,RVC,/content/drive/MyDrive/Dataset_Research_DFD/Deepfake_dataset/RVC/punjabi_rvc/rvc_punjabi_045.wav
rvc_punjabi_046,punjabi,Deepfake,RVC,/content/drive/MyDrive/Dataset_Research_DFD/Deepfake_dataset/RVC/punjabi_rvc/rvc_punjabi_046.wav
rvc_punjabi_047,punjabi,Deepfake,RVC,/content/drive/MyDrive/Dataset_Research_DFD/Deepfake_dataset/RVC/punjabi_rvc/rvc_punjabi_047.wav
rvc_punjabi_048,punjabi,Deepfake,RVC,/content/drive/MyDrive/Dataset_Research_DFD/Deepfake_dataset/RVC/punjabi_rvc/rvc_punjabi_048.wav
rvc_punjabi_049,punjabi,Deepfake,RVC,/content/drive/MyDrive/Dataset_Research_DFD/Deepfake_dataset/RVC/punjabi_rvc/rvc_punjabi_049.wav
rvc_punjabi_050,punjabi,Deepfake,RVC,/content/drive/MyDrive/Dataset_Research_DFD/Deepfake_dataset/RVC/punjabi_rvc/rvc_punjabi_050.wav
rvc_punjabi_051,punjabi,Deepfake,RVC,/content/drive/MyDrive/Dataset_Research_DFD/Deepfake_dataset/RVC/punjabi_rvc/rvc_punjabi_051.wav
rvc_punjabi_052,punjabi,Deepfake,RVC,/content/drive/MyDrive/Dataset_Research_DFD/Deepfake_dataset/RVC/punjabi_rvc/rvc_punjabi_052.wav
rvc_punjabi_053,punjabi,Deepfake,RVC,/content/drive/MyDrive/Dataset_Research_DFD/Deepfake_dataset/RVC/punjabi_rvc/rvc_punjabi_053.wav
rvc_punjabi_054,punjabi,Deepfake,RVC,/content/drive/MyDrive/Dataset_Research_DFD/Deepfake_dataset/RVC/punjabi_rvc/rvc_punjabi_054.wav
rvc_punjabi_055,punjabi,Deepfake,RVC,/content/drive/MyDrive/Dataset_Research_DFD/Deepfake_dataset/RVC/punjabi_rvc/rvc_punjabi_055.wav
rvc_punjabi_056,punjabi,Deepfake,RVC,/content/drive/MyDrive/Dataset_Research_DFD/Deepfake_dataset/RVC/punjabi_rvc/rvc_punjabi_056.wav
rvc_punjabi_057,punjabi,Deepfake,RVC,/content/drive/MyDrive/Dataset_Research_DFD/Deepfake_dataset/RVC/punjabi_rvc/rvc_punjabi_057.wav
rvc_punjabi_058,punjabi,Deepfake,RVC,/content/drive/MyDrive/Dataset_Research_DFD/Deepfake_dataset/RVC/punjabi_rvc/rvc_punjabi_058.wav
rvc_punjabi_059,punjabi,Deepfake,RVC,/content/drive/MyDrive/Dataset_Research_DFD/Deepfake_dataset/RVC/punjabi_rvc/rvc_punjabi_059.wav
rvc_punjabi_060,punjabi,Deepfake,RVC,/content/drive/MyDrive/Dataset_Research_DFD/Deepfake_dataset/RVC/punjabi_rvc/rvc_punjabi_060.wav
rvc_punjabi_061,punjabi,Deepfake,RVC,/content/drive/MyDrive/Dataset_Research_DFD/Deepfake_dataset/RVC/punjabi_rvc/rvc_punjabi_061.wav
rvc_punjabi_062,punjabi,Deepfake,RVC,/content/drive/MyDrive/Dataset_Research_DFD/Deepfake_dataset/RVC/punjabi_rvc/rvc_punjabi_062.wav
rvc_punjabi_063,punjabi,Deepfake,RVC,/content/drive/MyDrive/Dataset_Research_DFD/Deepfake_dataset/RVC/punjabi_rvc/rvc_punjabi_063.wav
rvc_punjabi_064,punjabi,Deepfake,RVC,/content/drive/MyDrive/Dataset_Research_DFD/Deepfake_dataset/RVC/punjabi_rvc/rvc_punjabi_064.wav
rvc_punjabi_065,punjabi,Deepfake,RVC,/content/drive/MyDrive/Dataset_Research_DFD/Deepfake_dataset/RVC/punjabi_rvc/rvc_punjabi_065.wav
rvc_punjabi_066,punjabi,Deepfake,RVC,/content/drive/MyDrive/Dataset_Research_DFD/Deepfake_dataset/RVC/punjabi_rvc/rvc_punjabi_066.wav
rvc_punjabi_067,punjabi,Deepfake,RVC,/content/drive/MyDrive/Dataset_Research_DFD/Deepfake_dataset/RVC/punjabi_rvc/rvc_punjabi_067.wav
rvc_punjabi_068,punjabi,Deepfake,RVC,/content/drive/MyDrive/Dataset_Research_DFD/Deepfake_dataset/RVC/punjabi_rvc/rvc_punjabi_068.wav
rvc_punjabi_069,punjabi,Deepfake,RVC,/content/drive/MyDrive/Dataset_Research_DFD/Deepfake_dataset/RVC/punjabi_rvc/rvc_punjabi_069.wav
rvc_punjabi_070,punjabi,Deepfake,RVC,/content/drive/MyDrive/Dataset_Research_DFD/Deepfake_dataset/RVC/punjabi_rvc/rvc_punjabi_070.wav
anime_kawaii_girl_001_084_So High.mp3,punjabi,Deepfake,SoVits_Anime,/content/drive/MyDrive/Dataset_Research_DFD/Deepfake_dataset/SoVits_Anime/punjabi_sovits_anime/output/anime_kawaii_girl_001_084_So High.mp3.wav
3 Peg,punjabi,Real,Real,/content/drive/MyDrive/Dataset_Research_DFD/Real_dataset/punjabi/3 Peg.mp3
8 Parche,punjabi,Real,Real,/content/drive/MyDrive/Dataset_Research_DFD/Real_dataset/punjabi/8 Parche.mp3
Aaya Lariye Ni,punjabi,Real,Real,/content/drive/MyDrive/Dataset_Research_DFD/Real_dataset/punjabi/Aaya Lariye Ni.mp3
Affair,punjabi,Real,Real,/content/drive/MyDrive/Dataset_Research_DFD/Real_dataset/punjabi/Affair.mp3
Akh Kashni,punjabi,Real,Real,/content/drive/MyDrive/Dataset_Research_DFD/Real_dataset/punjabi/Akh Kashni.mp3
All Black,punjabi,Real,Real,/content/drive/MyDrive/Dataset_Research_DFD/Real_dataset/punjabi/All Black.mp3
Backbone,punjabi,Real,Real,/content/drive/MyDrive/Dataset_Research_DFD/Real_dataset/punjabi/Backbone.mp3
Boliyan,punjabi,Real,Real,/content/drive/MyDrive/Dataset_Research_DFD/Real_dataset/punjabi/Boliyan.mp3
Challa,punjabi,Real,Real,/content/drive/MyDrive/Dataset_Research_DFD/Real_dataset/punjabi/Challa.mp3
Charkha,punjabi,Real,Real,/content/drive/MyDrive/Dataset_Research_DFD/Real_dataset/punjabi/Charkha.mp3
Chitta Kukkad,punjabi,Real,Real,/content/drive/MyDrive/Dataset_Research_DFD/Real_dataset/punjabi/Chitta Kukkad.mp3
Coka,punjabi,Real,Real,/content/drive/MyDrive/Dataset_Research_DFD/Real_dataset/punjabi/Coka.mp3
DJ Wajda,punjabi,Real,Real,/content/drive/MyDrive/Dataset_Research_DFD/Real_dataset/punjabi/DJ Wajda.mp3
Daang,punjabi,Real,Real,/content/drive/MyDrive/Dataset_Research_DFD/Real_dataset/punjabi/Daang.mp3
Dama Dam Mast Kalandar,punjabi,Real,Real,/content/drive/MyDrive/Dataset_Research_DFD/Real_dataset/punjabi/Dama Dam Mast Kalandar.mp3
Diamond,punjabi,Real,Real,/content/drive/MyDrive/Dataset_Research_DFD/Real_dataset/punjabi/Diamond.mp3
Gallan Mithiyan,punjabi,Real,Real,/content/drive/MyDrive/Dataset_Research_DFD/Real_dataset/punjabi/Gallan Mithiyan.mp3
Gangland,punjabi,Real,Real,/content/drive/MyDrive/Dataset_Research_DFD/Real_dataset/punjabi/Gangland.mp3
Ghori,punjabi,Real,Real,/content/drive/MyDrive/Dataset_Research_DFD/Real_dataset/punjabi/Ghori.mp3
Gora Gora Rang,punjabi,Real,Real,/content/drive/MyDrive/Dataset_Research_DFD/Real_dataset/punjabi/Gora Gora Rang.mp3
Gora Rang,punjabi,Real,Real,/content/drive/MyDrive/Dataset_Research_DFD/Real_dataset/punjabi/Gora Rang.mp3
Gunday Ik Vaar Fer,punjabi,Real,Real,/content/drive/MyDrive/Dataset_Research_DFD/Real_dataset/punjabi/Gunday Ik Vaar Fer.mp3
Haath Chumme,punjabi,Real,Real,/content/drive/MyDrive/Dataset_Research_DFD/Real_dataset/punjabi/Haath Chumme.mp3
Heer,punjabi,Real,Real,/content/drive/MyDrive/Dataset_Research_DFD/Real_dataset/punjabi/Heer.mp3
High Heels,punjabi,Real,Real,/content/drive/MyDrive/Dataset_Research_DFD/Real_dataset/punjabi/High Heels.mp3
Hornn Blow,punjabi,Real,Real,/content/drive/MyDrive/Dataset_Research_DFD/Real_dataset/punjabi/Hornn Blow.mp3
Ik Meri Akh Kashni,punjabi,Real,Real,/content/drive/MyDrive/Dataset_Research_DFD/Real_dataset/punjabi/Ik Meri Akh Kashni.mp3
Issa Jatt,punjabi,Real,Real,/content/drive/MyDrive/Dataset_Research_DFD/Real_dataset/punjabi/Issa Jatt.mp3
Jaguar,punjabi,Real,Real,/content/drive/MyDrive/Dataset_Research_DFD/Real_dataset/punjabi/Jaguar.mp3
Jindua,punjabi,Real,Real,/content/drive/MyDrive/Dataset_Research_DFD/Real_dataset/punjabi/Jindua.mp3
Jutti Kasuri,punjabi,Real,Real,/content/drive/MyDrive/Dataset_Research_DFD/Real_dataset/punjabi/Jutti Kasuri.mp3
Kala Doriya,punjabi,Real,Real,/content/drive/MyDrive/Dataset_Research_DFD/Real_dataset/punjabi/Kala Doriya.mp3
Kala Shah Kala,punjabi,Real,Real,/content/drive/MyDrive/Dataset_Research_DFD/Real_dataset/punjabi/Kala Shah Kala.mp3
Kandayali Thor,punjabi,Real,Real,/content/drive/MyDrive/Dataset_Research_DFD/Real_dataset/punjabi/Kandayali Thor.mp3
Ki Banu Dunian Da,punjabi,Real,Real,/content/drive/MyDrive/Dataset_Research_DFD/Real_dataset/punjabi/Ki Banu Dunian Da.mp3
Kothe Te Aa Mahiya,punjabi,Real,Real,/content/drive/MyDrive/Dataset_Research_DFD/Real_dataset/punjabi/Kothe Te Aa Mahiya.mp3
Laare,punjabi,Real,Real,/content/drive/MyDrive/Dataset_Research_DFD/Real_dataset/punjabi/Laare.mp3
Laembadgini,punjabi,Real,Real,/content/drive/MyDrive/Dataset_Research_DFD/Real_dataset/punjabi/Laembadgini.mp3
Lathe Di Chadar,punjabi,Real,Real,/content/drive/MyDrive/Dataset_Research_DFD/Real_dataset/punjabi/Lathe Di Chadar.mp3
Lehanga,punjabi,Real,Real,/content/drive/MyDrive/Dataset_Research_DFD/Real_dataset/punjabi/Lehanga.mp3
Light Weight,punjabi,Real,Real,/content/drive/MyDrive/Dataset_Research_DFD/Real_dataset/punjabi/Light Weight.mp3
Madhaniya,punjabi,Real,Real,/content/drive/MyDrive/Dataset_Research_DFD/Real_dataset/punjabi/Madhaniya.mp3
Mahiya,punjabi,Real,Real,/content/drive/MyDrive/Dataset_Research_DFD/Real_dataset/punjabi/Mahiya.mp3
Mera Long Gawacha,punjabi,Real,Real,/content/drive/MyDrive/Dataset_Research_DFD/Real_dataset/punjabi/Mera Long Gawacha.mp3
Mirza Sahiba,punjabi,Real,Real,/content/drive/MyDrive/Dataset_Research_DFD/Real_dataset/punjabi/Mirza Sahiba.mp3
Mohabbatan De Dhol,punjabi,Real,Real,/content/drive/MyDrive/Dataset_Research_DFD/Real_dataset/punjabi/Mohabbatan De Dhol.mp3
Naah,punjabi,Real,Real,/content/drive/MyDrive/Dataset_Research_DFD/Real_dataset/punjabi/Naah.mp3
Pagal,punjabi,Real,Real,/content/drive/MyDrive/Dataset_Research_DFD/Real_dataset/punjabi/Pagal.mp3
Palazzo,punjabi,Real,Real,/content/drive/MyDrive/Dataset_Research_DFD/Real_dataset/punjabi/Palazzo.mp3
Photo,punjabi,Real,Real,/content/drive/MyDrive/Dataset_Research_DFD/Real_dataset/punjabi/Photo.mp3
Prada,punjabi,Real,Real,/content/drive/MyDrive/Dataset_Research_DFD/Real_dataset/punjabi/Prada.mp3
Proper Patola,punjabi,Real,Real,/content/drive/MyDrive/Dataset_Research_DFD/Real_dataset/punjabi/Proper Patola.mp3
Sada Chiriyan Da Chamba Ve,punjabi,Real,Real,/content/drive/MyDrive/Dataset_Research_DFD/Real_dataset/punjabi/Sada Chiriyan Da Chamba Ve.mp3
Sakhiyaan,punjabi,Real,Real,/content/drive/MyDrive/Dataset_Research_DFD/Real_dataset/punjabi/Sakhiyaan.mp3
Sarke Sarke Jandiye Mutiare Ni,punjabi,Real,Real,/content/drive/MyDrive/Dataset_Research_DFD/Real_dataset/punjabi/Sarke Sarke Jandiye Mutiare Ni.mp3
Saturday Saturday,punjabi,Real,Real,/content/drive/MyDrive/Dataset_Research_DFD/Real_dataset/punjabi/Saturday Saturday.mp3
Sniper,punjabi,Real,Real,/content/drive/MyDrive/Dataset_Research_DFD/Real_dataset/punjabi/Sniper.mp3
So High,punjabi,Real,Real,/content/drive/MyDrive/Dataset_Research_DFD/Real_dataset/punjabi/So High.mp3
Soch,punjabi,Real,Real,/content/drive/MyDrive/Dataset_Research_DFD/Real_dataset/punjabi/Soch.mp3
Sorry,punjabi,Real,Real,/content/drive/MyDrive/Dataset_Research_DFD/Real_dataset/punjabi/Sorry.mp3
Suhag,punjabi,Real,Real,/content/drive/MyDrive/Dataset_Research_DFD/Real_dataset/punjabi/Suhag.mp3
Suhe Ve Cheere Waliya,punjabi,Real,Real,/content/drive/MyDrive/Dataset_Research_DFD/Real_dataset/punjabi/Suhe Ve Cheere Waliya.mp3
Suit Punjabi,punjabi,Real,Real,/content/drive/MyDrive/Dataset_Research_DFD/Real_dataset/punjabi/Suit Punjabi.mp3
Taara,punjabi,Real,Real,/content/drive/MyDrive/Dataset_Research_DFD/Real_dataset/punjabi/Taara.mp3
Tappe,punjabi,Real,Real,/content/drive/MyDrive/Dataset_Research_DFD/Real_dataset/punjabi/Tappe.mp3
Tere Tille Ton,punjabi,Real,Real,/content/drive/MyDrive/Dataset_Research_DFD/Real_dataset/punjabi/Tere Tille Ton.mp3
Time Table,punjabi,Real,Real,/content/drive/MyDrive/Dataset_Research_DFD/Real_dataset/punjabi/Time Table.mp3
Tutak Tutak Tutian,punjabi,Real,Real,/content/drive/MyDrive/Dataset_Research_DFD/Real_dataset/punjabi/Tutak Tutak Tutian.mp3
Tutak Tutak Tutian.temp,punjabi,Real,Real,/content/drive/MyDrive/Dataset_Research_DFD/Real_dataset/punjabi/Tutak Tutak Tutian.temp.mp3
Viah,punjabi,Real,Real,/content/drive/MyDrive/Dataset_Research_DFD/Real_dataset/punjabi/Viah.mp3
Zindabaad Yaarian,punjabi,Real,Real,/content/drive/MyDrive/Dataset_Research_DFD/Real_dataset/punjabi/Zindabaad Yaarian.mp3
004_Hello Brother.mp3_vocals,tamil,Deepfake,FFT,/content/drive/MyDrive/Dataset_Research_DFD/Deepfake_dataset/FFT/tamil_fft/vocals/004_Hello Brother.mp3_vocals.wav
007_Oodhaa Kalaru.mp3_vocals,tamil,Deepfake,FFT,/content/drive/MyDrive/Dataset_Research_DFD/Deepfake_dataset/FFT/tamil_fft/vocals/007_Oodhaa Kalaru.mp3_vocals.wav
008_Vaanganna Vanakkanganna.mp3_vocals,tamil,Deepfake,FFT,/content/drive/MyDrive/Dataset_Research_DFD/Deepfake_dataset/FFT/tamil_fft/vocals/008_Vaanganna Vanakkanganna.mp3_vocals.wav
009_Sonapareeya.mp3_vocals,tamil,Deepfake,FFT,/content/drive/MyDrive/Dataset_Research_DFD/Deepfake_dataset/FFT/tamil_fft/vocals/009_Sonapareeya.mp3_vocals.wav
011_Local Boys.mp3_vocals,tamil,Deepfake,FFT,/content/drive/MyDrive/Dataset_Research_DFD/Deepfake_dataset/FFT/tamil_fft/vocals/011_Local Boys.mp3_vocals.wav
012_Chillax.mp3_vocals,tamil,Deepfake,FFT,/content/drive/MyDrive/Dataset_Research_DFD/Deepfake_dataset/FFT/tamil_fft/vocals/012_Chillax.mp3_vocals.wav
013_Otha Sollaala.mp3_vocals,tamil,Deepfake,FFT,/content/drive/MyDrive/Dataset_Research_DFD/Deepfake_dataset/FFT/tamil_fft/vocals/013_Otha Sollaala.mp3_vocals.wav
014_Kadhal Vandhale.mp3_vocals,tamil,Deepfake,FFT,/content/drive/MyDrive/Dataset_Research_DFD/Deepfake_dataset/FFT/tamil_fft/vocals/014_Kadhal Vandhale.mp3_vocals.wav
017_Yethi Yethi.mp3_vocals,tamil,Deepfake,FFT,/content/drive/MyDrive/Dataset_Research_DFD/Deepfake_dataset/FFT/tamil_fft/vocals/017_Yethi Yethi.mp3_vocals.wav
018_Machi Open the Bottle.mp3_vocals,tamil,Deepfake,FFT,/content/drive/MyDrive/Dataset_Research_DFD/Deepfake_dataset/FFT/tamil_fft/vocals/018_Machi Open the Bottle.mp3_vocals.wav
fft_tamil_001,tamil,Deepfake,FFT,/content/drive/MyDrive/Dataset_Research_DFD/Deepfake_dataset/FFT/tamil_fft/fft_tamil_001.wav
fft_tamil_002,tamil,Deepfake,FFT,/content/drive/MyDrive/Dataset_Research_DFD/Deepfake_dataset/FFT/tamil_fft/fft_tamil_002.wav
fft_tamil_003,tamil,Deepfake,FFT,/content/drive/MyDrive/Dataset_Research_DFD/Deepfake_dataset/FFT/tamil_fft/fft_tamil_003.wav
fft_tamil_004,tamil,Deepfake,FFT,/content/drive/MyDrive/Dataset_Research_DFD/Deepfake_dataset/FFT/tamil_fft/fft_tamil_004.wav
fft_tamil_005,tamil,Deepfake,FFT,/content/drive/MyDrive/Dataset_Research_DFD/Deepfake_dataset/FFT/tamil_fft/fft_tamil_005.wav
fft_tamil_006,tamil,Deepfake,FFT,/content/drive/MyDrive/Dataset_Research_DFD/Deepfake_dataset/FFT/tamil_fft/fft_tamil_006.wav
fft_tamil_007,tamil,Deepfake,FFT,/content/drive/MyDrive/Dataset_Research_DFD/Deepfake_dataset/FFT/tamil_fft/fft_tamil_007.wav
fft_tamil_008,tamil,Deepfake,FFT,/content/drive/MyDrive/Dataset_Research_DFD/Deepfake_dataset/FFT/tamil_fft/fft_tamil_008.wav
fft_tamil_009,tamil,Deepfake,FFT,/content/drive/MyDrive/Dataset_Research_DFD/Deepfake_dataset/FFT/tamil_fft/fft_tamil_009.wav
tamil_reference,tamil,Deepfake,FFT,/content/drive/MyDrive/Dataset_Research_DFD/Deepfake_dataset/FFT/tamil_fft/references/tamil_reference.wav
rvc_tamil_001,tamil,Deepfake,RVC,/content/drive/MyDrive/Dataset_Research_DFD/Deepfake_dataset/RVC/tamil_rvc/rvc_tamil_001.wav
rvc_tamil_002,tamil,Deepfake,RVC,/content/drive/MyDrive/Dataset_Research_DFD/Deepfake_dataset/RVC/tamil_rvc/rvc_tamil_002.wav
rvc_tamil_003,tamil,Deepfake,RVC,/content/drive/MyDrive/Dataset_Research_DFD/Deepfake_dataset/RVC/tamil_rvc/rvc_tamil_003.wav
rvc_tamil_004,tamil,Deepfake,RVC,/content/drive/MyDrive/Dataset_Research_DFD/Deepfake_dataset/RVC/tamil_rvc/rvc_tamil_004.wav
rvc_tamil_005,tamil,Deepfake,RVC,/content/drive/MyDrive/Dataset_Research_DFD/Deepfake_dataset/RVC/tamil_rvc/rvc_tamil_005.wav
rvc_tamil_006,tamil,Deepfake,RVC,/content/drive/MyDrive/Dataset_Research_DFD/Deepfake_dataset/RVC/tamil_rvc/rvc_tamil_006.wav
rvc_tamil_007,tamil,Deepfake,RVC,/content/drive/MyDrive/Dataset_Research_DFD/Deepfake_dataset/RVC/tamil_rvc/rvc_tamil_007.wav
rvc_tamil_008,tamil,Deepfake,RVC,/content/drive/MyDrive/Dataset_Research_DFD/Deepfake_dataset/RVC/tamil_rvc/rvc_tamil_008.wav
rvc_tamil_009,tamil,Deepfake,RVC,/content/drive/MyDrive/Dataset_Research_DFD/Deepfake_dataset/RVC/tamil_rvc/rvc_tamil_009.wav
tamil_rvc_ref,tamil,Deepfake,RVC,/content/drive/MyDrive/Dataset_Research_DFD/Deepfake_dataset/RVC/tamil_rvc/references/tamil_rvc_ref.wav
tamil_rvc_reference,tamil,Deepfake,RVC,/content/drive/MyDrive/Dataset_Research_DFD/Deepfake_dataset/RVC/tamil_rvc/references/tamil_rvc_reference.wav
anime_energetic_idol_002_007_Oodhaa Kalaru.mp3,tamil,Deepfake,SoVits_Anime,/content/drive/MyDrive/Dataset_Research_DFD/Deepfake_dataset/SoVits_Anime/tamil_sovits_anime/output/anime_energetic_idol_002_007_Oodhaa Kalaru.mp3.wav
anime_energetic_idol_005_011_Local Boys.mp3,tamil,Deepfake,SoVits_Anime,/content/drive/MyDrive/Dataset_Research_DFD/Deepfake_dataset/SoVits_Anime/tamil_sovits_anime/output/anime_energetic_idol_005_011_Local Boys.mp3.wav
anime_energetic_idol_008_014_Kadhal Vandhale.mp3,tamil,Deepfake,SoVits_Anime,/content/drive/MyDrive/Dataset_Research_DFD/Deepfake_dataset/SoVits_Anime/tamil_sovits_anime/output/anime_energetic_idol_008_014_Kadhal Vandhale.mp3.wav
anime_kawaii_girl_001_004_Hello Brother.mp3,tamil,Deepfake,SoVits_Anime,/content/drive/MyDrive/Dataset_Research_DFD/Deepfake_dataset/SoVits_Anime/tamil_sovits_anime/output/anime_kawaii_girl_001_004_Hello Brother.mp3.wav
anime_kawaii_girl_004_009_Sonapareeya.mp3,tamil,Deepfake,SoVits_Anime,/content/drive/MyDrive/Dataset_Research_DFD/Deepfake_dataset/SoVits_Anime/tamil_sovits_anime/output/anime_kawaii_girl_004_009_Sonapareeya.mp3.wav
anime_kawaii_girl_007_013_Otha Sollaala.mp3,tamil,Deepfake,SoVits_Anime,/content/drive/MyDrive/Dataset_Research_DFD/Deepfake_dataset/SoVits_Anime/tamil_sovits_anime/output/anime_kawaii_girl_007_013_Otha Sollaala.mp3.wav
anime_kawaii_girl_010_018_Machi Open the Bottle.mp3,tamil,Deepfake,SoVits_Anime,/content/drive/MyDrive/Dataset_Research_DFD/Deepfake_dataset/SoVits_Anime/tamil_sovits_anime/output/anime_kawaii_girl_010_018_Machi Open the Bottle.mp3.wav
anime_soft_anime_003_008_Vaanganna Vanakkanganna.mp3,tamil,Deepfake,SoVits_Anime,/content/drive/MyDrive/Dataset_Research_DFD/Deepfake_dataset/SoVits_Anime/tamil_sovits_anime/output/anime_soft_anime_003_008_Vaanganna Vanakkanganna.mp3.wav
anime_soft_anime_006_012_Chillax.mp3,tamil,Deepfake,SoVits_Anime,/content/drive/MyDrive/Dataset_Research_DFD/Deepfake_dataset/SoVits_Anime/tamil_sovits_anime/output/anime_soft_anime_006_012_Chillax.mp3.wav
anime_soft_anime_009_017_Yethi Yethi.mp3,tamil,Deepfake,SoVits_Anime,/content/drive/MyDrive/Dataset_Research_DFD/Deepfake_dataset/SoVits_Anime/tamil_sovits_anime/output/anime_soft_anime_009_017_Yethi Yethi.mp3.wav
004_Hello Brother.mp3,tamil,Real,Real,/content/drive/MyDrive/Dataset_Research_DFD/Real_dataset/tamil/004_Hello Brother.mp3.mp3
007_Oodhaa Kalaru.mp3,tamil,Real,Real,/content/drive/MyDrive/Dataset_Research_DFD/Real_dataset/tamil/007_Oodhaa Kalaru.mp3.mp3
008_Vaanganna Vanakkanganna.mp3,tamil,Real,Real,/content/drive/MyDrive/Dataset_Research_DFD/Real_dataset/tamil/008_Vaanganna Vanakkanganna.mp3.mp3
009_Sonapareeya.mp3,tamil,Real,Real,/content/drive/MyDrive/Dataset_Research_DFD/Real_dataset/tamil/009_Sonapareeya.mp3.mp3
011_Local Boys.mp3,tamil,Real,Real,/content/drive/MyDrive/Dataset_Research_DFD/Real_dataset/tamil/011_Local Boys.mp3.mp3
012_Chillax.mp3,tamil,Real,Real,/content/drive/MyDrive/Dataset_Research_DFD/Real_dataset/tamil/012_Chillax.mp3.mp3
013_Otha Sollaala.mp3,tamil,Real,Real,/content/drive/MyDrive/Dataset_Research_DFD/Real_dataset/tamil/013_Otha Sollaala.mp3.mp3
014_Kadhal Vandhale.mp3,tamil,Real,Real,/content/drive/MyDrive/Dataset_Research_DFD/Real_dataset/tamil/014_Kadhal Vandhale.mp3.mp3
017_Yethi Yethi.mp3,tamil,Real,Real,/content/drive/MyDrive/Dataset_Research_DFD/Real_dataset/tamil/017_Yethi Yethi.mp3.mp3
018_Machi Open the Bottle.mp3,tamil,Real,Real,/content/drive/MyDrive/Dataset_Research_DFD/Real_dataset/tamil/018_Machi Open the Bottle.mp3.mp3
001_Lachimi Na Chinni Lachimi.mp3_vocals,telugu,Deepfake,FFT,/content/drive/MyDrive/Dataset_Research_DFD/Deepfake_dataset/FFT/telugu_fft/vocals/001_Lachimi Na Chinni Lachimi.mp3_vocals.wav
002_Nee Valla O Pilla.mp3_vocals,telugu,Deepfake,FFT,/content/drive/MyDrive/Dataset_Research_DFD/Deepfake_dataset/FFT/telugu_fft/vocals/002_Nee Valla O Pilla.mp3_vocals.wav
004_Bavalla Na Bavalla.mp3_vocals,telugu,Deepfake,FFT,/content/drive/MyDrive/Dataset_Research_DFD/Deepfake_dataset/FFT/telugu_fft/vocals/004_Bavalla Na Bavalla.mp3_vocals.wav
009_Allahe Allaha.mp3_vocals,telugu,Deepfake,FFT,/content/drive/MyDrive/Dataset_Research_DFD/Deepfake_dataset/FFT/telugu_fft/vocals/009_Allahe Allaha.mp3_vocals.wav
010_Nindu Punammi Vela.mp3_vocals,telugu,Deepfake,FFT,/content/drive/MyDrive/Dataset_Research_DFD/Deepfake_dataset/FFT/telugu_fft/vocals/010_Nindu Punammi Vela.mp3_vocals.wav
011_Vintunna O Pilla.mp3_vocals,telugu,Deepfake,FFT,/content/drive/MyDrive/Dataset_Research_DFD/Deepfake_dataset/FFT/telugu_fft/vocals/011_Vintunna O Pilla.mp3_vocals.wav
012_Sinna Sinnaga.mp3_vocals,telugu,Deepfake,FFT,/content/drive/MyDrive/Dataset_Research_DFD/Deepfake_dataset/FFT/telugu_fft/vocals/012_Sinna Sinnaga.mp3_vocals.wav
016_Rave Bangaru Bomma.mp3_vocals,telugu,Deepfake,FFT,/content/drive/MyDrive/Dataset_Research_DFD/Deepfake_dataset/FFT/telugu_fft/vocals/016_Rave Bangaru Bomma.mp3_vocals.wav
018_Sudaradhe Prameela.mp3_vocals,telugu,Deepfake,FFT,/content/drive/MyDrive/Dataset_Research_DFD/Deepfake_dataset/FFT/telugu_fft/vocals/018_Sudaradhe Prameela.mp3_vocals.wav
020_Pushpa.mp3_vocals,telugu,Deepfake,FFT,/content/drive/MyDrive/Dataset_Research_DFD/Deepfake_dataset/FFT/telugu_fft/vocals/020_Pushpa.mp3_vocals.wav
022_SENIGA CHENLA NILABADI CHETHULIYAVE.mp3_vocals,telugu,Deepfake,FFT,/content/drive/MyDrive/Dataset_Research_DFD/Deepfake_dataset/FFT/telugu_fft/vocals/022_SENIGA CHENLA NILABADI CHETHULIYAVE.mp3_vocals.wav
023_UDUKUDUKU ROTTELU.mp3_vocals,telugu,Deepfake,FFT,/content/drive/MyDrive/Dataset_Research_DFD/Deepfake_dataset/FFT/telugu_fft/vocals/023_UDUKUDUKU ROTTELU.mp3_vocals.wav
024_Andala Aparanji.mp3_vocals,telugu,Deepfake,FFT,/content/drive/MyDrive/Dataset_Research_DFD/Deepfake_dataset/FFT/telugu_fft/vocals/024_Andala Aparanji.mp3_vocals.wav
025_Ma Gallilo Okkadu Poradu.mp3_vocals,telugu,Deepfake,FFT,/content/drive/MyDrive/Dataset_Research_DFD/Deepfake_dataset/FFT/telugu_fft/vocals/025_Ma Gallilo Okkadu Poradu.mp3_vocals.wav
028_Nagamani.mp3_vocals,telugu,Deepfake,FFT,/content/drive/MyDrive/Dataset_Research_DFD/Deepfake_dataset/FFT/telugu_fft/vocals/028_Nagamani.mp3_vocals.wav
030_Kammari Thirupathi.mp3_vocals,telugu,Deepfake,FFT,/content/drive/MyDrive/Dataset_Research_DFD/Deepfake_dataset/FFT/telugu_fft/vocals/030_Kammari Thirupathi.mp3_vocals.wav
034_Paligiri Rajendar.mp3_vocals,telugu,Deepfake,FFT,/content/drive/MyDrive/Dataset_Research_DFD/Deepfake_dataset/FFT/telugu_fft/vocals/034_Paligiri Rajendar.mp3_vocals.wav
039_Sandhya Koyyada.mp3_vocals,telugu,Deepfake,FFT,/content/drive/MyDrive/Dataset_Research_DFD/Deepfake_dataset/FFT/telugu_fft/vocals/039_Sandhya Koyyada.mp3_vocals.wav
040_Mounika Reddy.mp3_vocals,telugu,Deepfake,FFT,/content/drive/MyDrive/Dataset_Research_DFD/Deepfake_dataset/FFT/telugu_fft/vocals/040_Mounika Reddy.mp3_vocals.wav
042_Vandemataram Srinivas.mp3_vocals,telugu,Deepfake,FFT,/content/drive/MyDrive/Dataset_Research_DFD/Deepfake_dataset/FFT/telugu_fft/vocals/042_Vandemataram Srinivas.mp3_vocals.wav
046_Ashwini Rathod.mp3_vocals,telugu,Deepfake,FFT,/content/drive/MyDrive/Dataset_Research_DFD/Deepfake_dataset/FFT/telugu_fft/vocals/046_Ashwini Rathod.mp3_vocals.wav
047_Ranu Bombai Ki Ranu.mp3_vocals,telugu,Deepfake,FFT,/content/drive/MyDrive/Dataset_Research_DFD/Deepfake_dataset/FFT/telugu_fft/vocals/047_Ranu Bombai Ki Ranu.mp3_vocals.wav
048_Sommasilli Pothunnave O Chinna Ramulamma.mp3_vocals,telugu,Deepfake,FFT,/content/drive/MyDrive/Dataset_Research_DFD/Deepfake_dataset/FFT/telugu_fft/vocals/048_Sommasilli Pothunnave O Chinna Ramulamma.mp3_vocals.wav
049_Ringu Ringula Juttudhana.mp3_vocals,telugu,Deepfake,FFT,/content/drive/MyDrive/Dataset_Research_DFD/Deepfake_dataset/FFT/telugu_fft/vocals/049_Ringu Ringula Juttudhana.mp3_vocals.wav
050_Yedikelli Vachinaave.mp3_vocals,telugu,Deepfake,FFT,/content/drive/MyDrive/Dataset_Research_DFD/Deepfake_dataset/FFT/telugu_fft/vocals/050_Yedikelli Vachinaave.mp3_vocals.wav
051_Are Emainde Pilla.mp3_vocals,telugu,Deepfake,FFT,/content/drive/MyDrive/Dataset_Research_DFD/Deepfake_dataset/FFT/telugu_fft/vocals/051_Are Emainde Pilla.mp3_vocals.wav
052_Atha Oyatha.mp3_vocals,telugu,Deepfake,FFT,/content/drive/MyDrive/Dataset_Research_DFD/Deepfake_dataset/FFT/telugu_fft/vocals/052_Atha Oyatha.mp3_vocals.wav
053_Mogudu Pellala.mp3_vocals,telugu,Deepfake,FFT,/content/drive/MyDrive/Dataset_Research_DFD/Deepfake_dataset/FFT/telugu_fft/vocals/053_Mogudu Pellala.mp3_vocals.wav
054_Kuliki Vastava Raghu Mallelo Rama.mp3_vocals,telugu,Deepfake,FFT,/content/drive/MyDrive/Dataset_Research_DFD/Deepfake_dataset/FFT/telugu_fft/vocals/054_Kuliki Vastava Raghu Mallelo Rama.mp3_vocals.wav
055_SIRIPURAM ANGATLA.mp3_vocals,telugu,Deepfake,FFT,/content/drive/MyDrive/Dataset_Research_DFD/Deepfake_dataset/FFT/telugu_fft/vocals/055_SIRIPURAM ANGATLA.mp3_vocals.wav
056_Sharanu Sharanu Maayamma.mp3_vocals,telugu,Deepfake,FFT,/content/drive/MyDrive/Dataset_Research_DFD/Deepfake_dataset/FFT/telugu_fft/vocals/056_Sharanu Sharanu Maayamma.mp3_vocals.wav
057_Ammamma Yedabothe.mp3_vocals,telugu,Deepfake,FFT,/content/drive/MyDrive/Dataset_Research_DFD/Deepfake_dataset/FFT/telugu_fft/vocals/057_Ammamma Yedabothe.mp3_vocals.wav
059_Swamulara Babu.mp3_vocals,telugu,Deepfake,FFT,/content/drive/MyDrive/Dataset_Research_DFD/Deepfake_dataset/FFT/telugu_fft/vocals/059_Swamulara Babu.mp3_vocals.wav
060_Appe Chestavo.mp3_vocals,telugu,Deepfake,FFT,/content/drive/MyDrive/Dataset_Research_DFD/Deepfake_dataset/FFT/telugu_fft/vocals/060_Appe Chestavo.mp3_vocals.wav
061_Pachhani Mana Pally.mp3_vocals,telugu,Deepfake,FFT,/content/drive/MyDrive/Dataset_Research_DFD/Deepfake_dataset/FFT/telugu_fft/vocals/061_Pachhani Mana Pally.mp3_vocals.wav
062_Ayyori Mogada.mp3_vocals,telugu,Deepfake,FFT,/content/drive/MyDrive/Dataset_Research_DFD/Deepfake_dataset/FFT/telugu_fft/vocals/062_Ayyori Mogada.mp3_vocals.wav
063_Yemi Rajakiyalo.mp3_vocals,telugu,Deepfake,FFT,/content/drive/MyDrive/Dataset_Research_DFD/Deepfake_dataset/FFT/telugu_fft/vocals/063_Yemi Rajakiyalo.mp3_vocals.wav
066_Bonala Patalu.mp3_vocals,telugu,Deepfake,FFT,/content/drive/MyDrive/Dataset_Research_DFD/Deepfake_dataset/FFT/telugu_fft/vocals/066_Bonala Patalu.mp3_vocals.wav
069_Palle Kanneru Peduthundo.mp3_vocals,telugu,Deepfake,FFT,/content/drive/MyDrive/Dataset_Research_DFD/Deepfake_dataset/FFT/telugu_fft/vocals/069_Palle Kanneru Peduthundo.mp3_vocals.wav
074_Orugalluna Akshara Vruksham.mp3_vocals,telugu,Deepfake,FFT,/content/drive/MyDrive/Dataset_Research_DFD/Deepfake_dataset/FFT/telugu_fft/vocals/074_Orugalluna Akshara Vruksham.mp3_vocals.wav
075_Melukonna Telangana Chudara.mp3_vocals,telugu,Deepfake,FFT,/content/drive/MyDrive/Dataset_Research_DFD/Deepfake_dataset/FFT/telugu_fft/vocals/075_Melukonna Telangana Chudara.mp3_vocals.wav
077_Garibolla Kanneeti Gaadhalu.mp3_vocals,telugu,Deepfake,FFT,/content/drive/MyDrive/Dataset_Research_DFD/Deepfake_dataset/FFT/telugu_fft/vocals/077_Garibolla Kanneeti Gaadhalu.mp3_vocals.wav
079_Rasamayi Daruvu.mp3_vocals,telugu,Deepfake,FFT,/content/drive/MyDrive/Dataset_Research_DFD/Deepfake_dataset/FFT/telugu_fft/vocals/079_Rasamayi Daruvu.mp3_vocals.wav
080_AYYO RAMA RAMA BAALI.mp3_vocals,telugu,Deepfake,FFT,/content/drive/MyDrive/Dataset_Research_DFD/Deepfake_dataset/FFT/telugu_fft/vocals/080_AYYO RAMA RAMA BAALI.mp3_vocals.wav
082_Jamukula Buduku Music.mp3_vocals,telugu,Deepfake,FFT,/content/drive/MyDrive/Dataset_Research_DFD/Deepfake_dataset/FFT/telugu_fft/vocals/082_Jamukula Buduku Music.mp3_vocals.wav
fft_telugu_001,telugu,Deepfake,FFT,/content/drive/MyDrive/Dataset_Research_DFD/Deepfake_dataset/FFT/telugu_fft/fft_telugu_001.wav
fft_telugu_002,telugu,Deepfake,FFT,/content/drive/MyDrive/Dataset_Research_DFD/Deepfake_dataset/FFT/telugu_fft/fft_telugu_002.wav
fft_telugu_003,telugu,Deepfake,FFT,/content/drive/MyDrive/Dataset_Research_DFD/Deepfake_dataset/FFT/telugu_fft/fft_telugu_003.wav
fft_telugu_004,telugu,Deepfake,FFT,/content/drive/MyDrive/Dataset_Research_DFD/Deepfake_dataset/FFT/telugu_fft/fft_telugu_004.wav
fft_telugu_005,telugu,Deepfake,FFT,/content/drive/MyDrive/Dataset_Research_DFD/Deepfake_dataset/FFT/telugu_fft/fft_telugu_005.wav
fft_telugu_006,telugu,Deepfake,FFT,/content/drive/MyDrive/Dataset_Research_DFD/Deepfake_dataset/FFT/telugu_fft/fft_telugu_006.wav
fft_telugu_007,telugu,Deepfake,FFT,/content/drive/MyDrive/Dataset_Research_DFD/Deepfake_dataset/FFT/telugu_fft/fft_telugu_007.wav
fft_telugu_008,telugu,Deepfake,FFT,/content/drive/MyDrive/Dataset_Research_DFD/Deepfake_dataset/FFT/telugu_fft/fft_telugu_008.wav
fft_telugu_009,telugu,Deepfake,FFT,/content/drive/MyDrive/Dataset_Research_DFD/Deepfake_dataset/FFT/telugu_fft/fft_telugu_009.wav
fft_telugu_010,telugu,Deepfake,FFT,/content/drive/MyDrive/Dataset_Research_DFD/Deepfake_dataset/FFT/telugu_fft/fft_telugu_010.wav
fft_telugu_011,telugu,Deepfake,FFT,/content/drive/MyDrive/Dataset_Research_DFD/Deepfake_dataset/FFT/telugu_fft/fft_telugu_011.wav
fft_telugu_012,telugu,Deepfake,FFT,/content/drive/MyDrive/Dataset_Research_DFD/Deepfake_dataset/FFT/telugu_fft/fft_telugu_012.wav
fft_telugu_013,telugu,Deepfake,FFT,/content/drive/MyDrive/Dataset_Research_DFD/Deepfake_dataset/FFT/telugu_fft/fft_telugu_013.wav
fft_telugu_014,telugu,Deepfake,FFT,/content/drive/MyDrive/Dataset_Research_DFD/Deepfake_dataset/FFT/telugu_fft/fft_telugu_014.wav
fft_telugu_015,telugu,Deepfake,FFT,/content/drive/MyDrive/Dataset_Research_DFD/Deepfake_dataset/FFT/telugu_fft/fft_telugu_015.wav
fft_telugu_016,telugu,Deepfake,FFT,/content/drive/MyDrive/Dataset_Research_DFD/Deepfake_dataset/FFT/telugu_fft/fft_telugu_016.wav
fft_telugu_017,telugu,Deepfake,FFT,/content/drive/MyDrive/Dataset_Research_DFD/Deepfake_dataset/FFT/telugu_fft/fft_telugu_017.wav
fft_telugu_018,telugu,Deepfake,FFT,/content/drive/MyDrive/Dataset_Research_DFD/Deepfake_dataset/FFT/telugu_fft/fft_telugu_018.wav
fft_telugu_019,telugu,Deepfake,FFT,/content/drive/MyDrive/Dataset_Research_DFD/Deepfake_dataset/FFT/telugu_fft/fft_telugu_019.wav
fft_telugu_020,telugu,Deepfake,FFT,/content/drive/MyDrive/Dataset_Research_DFD/Deepfake_dataset/FFT/telugu_fft/fft_telugu_020.wav
fft_telugu_021,telugu,Deepfake,FFT,/content/drive/MyDrive/Dataset_Research_DFD/Deepfake_dataset/FFT/telugu_fft/fft_telugu_021.wav
fft_telugu_022,telugu,Deepfake,FFT,/content/drive/MyDrive/Dataset_Research_DFD/Deepfake_dataset/FFT/telugu_fft/fft_telugu_022.wav
fft_telugu_023,telugu,Deepfake,FFT,/content/drive/MyDrive/Dataset_Research_DFD/Deepfake_dataset/FFT/telugu_fft/fft_telugu_023.wav
fft_telugu_024,telugu,Deepfake,FFT,/content/drive/MyDrive/Dataset_Research_DFD/Deepfake_dataset/FFT/telugu_fft/fft_telugu_024.wav
fft_telugu_025,telugu,Deepfake,FFT,/content/drive/MyDrive/Dataset_Research_DFD/Deepfake_dataset/FFT/telugu_fft/fft_telugu_025.wav
fft_telugu_026,telugu,Deepfake,FFT,/content/drive/MyDrive/Dataset_Research_DFD/Deepfake_dataset/FFT/telugu_fft/fft_telugu_026.wav
fft_telugu_027,telugu,Deepfake,FFT,/content/drive/MyDrive/Dataset_Research_DFD/Deepfake_dataset/FFT/telugu_fft/fft_telugu_027.wav
fft_telugu_028,telugu,Deepfake,FFT,/content/drive/MyDrive/Dataset_Research_DFD/Deepfake_dataset/FFT/telugu_fft/fft_telugu_028.wav
fft_telugu_029,telugu,Deepfake,FFT,/content/drive/MyDrive/Dataset_Research_DFD/Deepfake_dataset/FFT/telugu_fft/fft_telugu_029.wav
fft_telugu_030,telugu,Deepfake,FFT,/content/drive/MyDrive/Dataset_Research_DFD/Deepfake_dataset/FFT/telugu_fft/fft_telugu_030.wav
fft_telugu_031,telugu,Deepfake,FFT,/content/drive/MyDrive/Dataset_Research_DFD/Deepfake_dataset/FFT/telugu_fft/fft_telugu_031.wav
fft_telugu_032,telugu,Deepfake,FFT,/content/drive/MyDrive/Dataset_Research_DFD/Deepfake_dataset/FFT/telugu_fft/fft_telugu_032.wav
fft_telugu_033,telugu,Deepfake,FFT,/content/drive/MyDrive/Dataset_Research_DFD/Deepfake_dataset/FFT/telugu_fft/fft_telugu_033.wav
fft_telugu_034,telugu,Deepfake,FFT,/content/drive/MyDrive/Dataset_Research_DFD/Deepfake_dataset/FFT/telugu_fft/fft_telugu_034.wav
fft_telugu_035,telugu,Deepfake,FFT,/content/drive/MyDrive/Dataset_Research_DFD/Deepfake_dataset/FFT/telugu_fft/fft_telugu_035.wav
fft_telugu_036,telugu,Deepfake,FFT,/content/drive/MyDrive/Dataset_Research_DFD/Deepfake_dataset/FFT/telugu_fft/fft_telugu_036.wav
fft_telugu_037,telugu,Deepfake,FFT,/content/drive/MyDrive/Dataset_Research_DFD/Deepfake_dataset/FFT/telugu_fft/fft_telugu_037.wav
fft_telugu_038,telugu,Deepfake,FFT,/content/drive/MyDrive/Dataset_Research_DFD/Deepfake_dataset/FFT/telugu_fft/fft_telugu_038.wav
fft_telugu_039,telugu,Deepfake,FFT,/content/drive/MyDrive/Dataset_Research_DFD/Deepfake_dataset/FFT/telugu_fft/fft_telugu_039.wav
fft_telugu_040,telugu,Deepfake,FFT,/content/drive/MyDrive/Dataset_Research_DFD/Deepfake_dataset/FFT/telugu_fft/fft_telugu_040.wav
fft_telugu_041,telugu,Deepfake,FFT,/content/drive/MyDrive/Dataset_Research_DFD/Deepfake_dataset/FFT/telugu_fft/fft_telugu_041.wav
fft_telugu_042,telugu,Deepfake,FFT,/content/drive/MyDrive/Dataset_Research_DFD/Deepfake_dataset/FFT/telugu_fft/fft_telugu_042.wav
fft_telugu_043,telugu,Deepfake,FFT,/content/drive/MyDrive/Dataset_Research_DFD/Deepfake_dataset/FFT/telugu_fft/fft_telugu_043.wav
fft_telugu_044,telugu,Deepfake,FFT,/content/drive/MyDrive/Dataset_Research_DFD/Deepfake_dataset/FFT/telugu_fft/fft_telugu_044.wav
telugu_reference,telugu,Deepfake,FFT,/content/drive/MyDrive/Dataset_Research_DFD/Deepfake_dataset/FFT/telugu_fft/references/telugu_reference.wav
rvc_telugu_001,telugu,Deepfake,RVC,/content/drive/MyDrive/Dataset_Research_DFD/Deepfake_dataset/RVC/telugu_rvc/rvc_telugu_001.wav
rvc_telugu_002,telugu,Deepfake,RVC,/content/drive/MyDrive/Dataset_Research_DFD/Deepfake_dataset/RVC/telugu_rvc/rvc_telugu_002.wav
rvc_telugu_003,telugu,Deepfake,RVC,/content/drive/MyDrive/Dataset_Research_DFD/Deepfake_dataset/RVC/telugu_rvc/rvc_telugu_003.wav
rvc_telugu_004,telugu,Deepfake,RVC,/content/drive/MyDrive/Dataset_Research_DFD/Deepfake_dataset/RVC/telugu_rvc/rvc_telugu_004.wav
rvc_telugu_005,telugu,Deepfake,RVC,/content/drive/MyDrive/Dataset_Research_DFD/Deepfake_dataset/RVC/telugu_rvc/rvc_telugu_005.wav
rvc_telugu_006,telugu,Deepfake,RVC,/content/drive/MyDrive/Dataset_Research_DFD/Deepfake_dataset/RVC/telugu_rvc/rvc_telugu_006.wav
rvc_telugu_007,telugu,Deepfake,RVC,/content/drive/MyDrive/Dataset_Research_DFD/Deepfake_dataset/RVC/telugu_rvc/rvc_telugu_007.wav
rvc_telugu_008,telugu,Deepfake,RVC,/content/drive/MyDrive/Dataset_Research_DFD/Deepfake_dataset/RVC/telugu_rvc/rvc_telugu_008.wav
rvc_telugu_009,telugu,Deepfake,RVC,/content/drive/MyDrive/Dataset_Research_DFD/Deepfake_dataset/RVC/telugu_rvc/rvc_telugu_009.wav
rvc_telugu_010,telugu,Deepfake,RVC,/content/drive/MyDrive/Dataset_Research_DFD/Deepfake_dataset/RVC/telugu_rvc/rvc_telugu_010.wav
rvc_telugu_011,telugu,Deepfake,RVC,/content/drive/MyDrive/Dataset_Research_DFD/Deepfake_dataset/RVC/telugu_rvc/rvc_telugu_011.wav
rvc_telugu_012,telugu,Deepfake,RVC,/content/drive/MyDrive/Dataset_Research_DFD/Deepfake_dataset/RVC/telugu_rvc/rvc_telugu_012.wav
rvc_telugu_013,telugu,Deepfake,RVC,/content/drive/MyDrive/Dataset_Research_DFD/Deepfake_dataset/RVC/telugu_rvc/rvc_telugu_013.wav
rvc_telugu_014,telugu,Deepfake,RVC,/content/drive/MyDrive/Dataset_Research_DFD/Deepfake_dataset/RVC/telugu_rvc/rvc_telugu_014.wav
rvc_telugu_015,telugu,Deepfake,RVC,/content/drive/MyDrive/Dataset_Research_DFD/Deepfake_dataset/RVC/telugu_rvc/rvc_telugu_015.wav
rvc_telugu_016,telugu,Deepfake,RVC,/content/drive/MyDrive/Dataset_Research_DFD/Deepfake_dataset/RVC/telugu_rvc/rvc_telugu_016.wav
rvc_telugu_017,telugu,Deepfake,RVC,/content/drive/MyDrive/Dataset_Research_DFD/Deepfake_dataset/RVC/telugu_rvc/rvc_telugu_017.wav
rvc_telugu_018,telugu,Deepfake,RVC,/content/drive/MyDrive/Dataset_Research_DFD/Deepfake_dataset/RVC/telugu_rvc/rvc_telugu_018.wav
rvc_telugu_019,telugu,Deepfake,RVC,/content/drive/MyDrive/Dataset_Research_DFD/Deepfake_dataset/RVC/telugu_rvc/rvc_telugu_019.wav
rvc_telugu_020,telugu,Deepfake,RVC,/content/drive/MyDrive/Dataset_Research_DFD/Deepfake_dataset/RVC/telugu_rvc/rvc_telugu_020.wav
rvc_telugu_021,telugu,Deepfake,RVC,/content/drive/MyDrive/Dataset_Research_DFD/Deepfake_dataset/RVC/telugu_rvc/rvc_telugu_021.wav
rvc_telugu_022,telugu,Deepfake,RVC,/content/drive/MyDrive/Dataset_Research_DFD/Deepfake_dataset/RVC/telugu_rvc/rvc_telugu_022.wav
rvc_telugu_023,telugu,Deepfake,RVC,/content/drive/MyDrive/Dataset_Research_DFD/Deepfake_dataset/RVC/telugu_rvc/rvc_telugu_023.wav
rvc_telugu_024,telugu,Deepfake,RVC,/content/drive/MyDrive/Dataset_Research_DFD/Deepfake_dataset/RVC/telugu_rvc/rvc_telugu_024.wav
rvc_telugu_025,telugu,Deepfake,RVC,/content/drive/MyDrive/Dataset_Research_DFD/Deepfake_dataset/RVC/telugu_rvc/rvc_telugu_025.wav
rvc_telugu_026,telugu,Deepfake,RVC,/content/drive/MyDrive/Dataset_Research_DFD/Deepfake_dataset/RVC/telugu_rvc/rvc_telugu_026.wav
rvc_telugu_027,telugu,Deepfake,RVC,/content/drive/MyDrive/Dataset_Research_DFD/Deepfake_dataset/RVC/telugu_rvc/rvc_telugu_027.wav
rvc_telugu_028,telugu,Deepfake,RVC,/content/drive/MyDrive/Dataset_Research_DFD/Deepfake_dataset/RVC/telugu_rvc/rvc_telugu_028.wav
rvc_telugu_029,telugu,Deepfake,RVC,/content/drive/MyDrive/Dataset_Research_DFD/Deepfake_dataset/RVC/telugu_rvc/rvc_telugu_029.wav
rvc_telugu_030,telugu,Deepfake,RVC,/content/drive/MyDrive/Dataset_Research_DFD/Deepfake_dataset/RVC/telugu_rvc/rvc_telugu_030.wav
rvc_telugu_031,telugu,Deepfake,RVC,/content/drive/MyDrive/Dataset_Research_DFD/Deepfake_dataset/RVC/telugu_rvc/rvc_telugu_031.wav
rvc_telugu_032,telugu,Deepfake,RVC,/content/drive/MyDrive/Dataset_Research_DFD/Deepfake_dataset/RVC/telugu_rvc/rvc_telugu_032.wav
rvc_telugu_033,telugu,Deepfake,RVC,/content/drive/MyDrive/Dataset_Research_DFD/Deepfake_dataset/RVC/telugu_rvc/rvc_telugu_033.wav
rvc_telugu_034,telugu,Deepfake,RVC,/content/drive/MyDrive/Dataset_Research_DFD/Deepfake_dataset/RVC/telugu_rvc/rvc_telugu_034.wav
rvc_telugu_035,telugu,Deepfake,RVC,/content/drive/MyDrive/Dataset_Research_DFD/Deepfake_dataset/RVC/telugu_rvc/rvc_telugu_035.wav
rvc_telugu_036,telugu,Deepfake,RVC,/content/drive/MyDrive/Dataset_Research_DFD/Deepfake_dataset/RVC/telugu_rvc/rvc_telugu_036.wav
rvc_telugu_037,telugu,Deepfake,RVC,/content/drive/MyDrive/Dataset_Research_DFD/Deepfake_dataset/RVC/telugu_rvc/rvc_telugu_037.wav
rvc_telugu_038,telugu,Deepfake,RVC,/content/drive/MyDrive/Dataset_Research_DFD/Deepfake_dataset/RVC/telugu_rvc/rvc_telugu_038.wav
rvc_telugu_039,telugu,Deepfake,RVC,/content/drive/MyDrive/Dataset_Research_DFD/Deepfake_dataset/RVC/telugu_rvc/rvc_telugu_039.wav
rvc_telugu_040,telugu,Deepfake,RVC,/content/drive/MyDrive/Dataset_Research_DFD/Deepfake_dataset/RVC/telugu_rvc/rvc_telugu_040.wav
rvc_telugu_041,telugu,Deepfake,RVC,/content/drive/MyDrive/Dataset_Research_DFD/Deepfake_dataset/RVC/telugu_rvc/rvc_telugu_041.wav
rvc_telugu_042,telugu,Deepfake,RVC,/content/drive/MyDrive/Dataset_Research_DFD/Deepfake_dataset/RVC/telugu_rvc/rvc_telugu_042.wav
rvc_telugu_043,telugu,Deepfake,RVC,/content/drive/MyDrive/Dataset_Research_DFD/Deepfake_dataset/RVC/telugu_rvc/rvc_telugu_043.wav
rvc_telugu_044,telugu,Deepfake,RVC,/content/drive/MyDrive/Dataset_Research_DFD/Deepfake_dataset/RVC/telugu_rvc/rvc_telugu_044.wav
rvc_telugu_045,telugu,Deepfake,RVC,/content/drive/MyDrive/Dataset_Research_DFD/Deepfake_dataset/RVC/telugu_rvc/rvc_telugu_045.wav
rvc_telugu_046,telugu,Deepfake,RVC,/content/drive/MyDrive/Dataset_Research_DFD/Deepfake_dataset/RVC/telugu_rvc/rvc_telugu_046.wav
rvc_telugu_047,telugu,Deepfake,RVC,/content/drive/MyDrive/Dataset_Research_DFD/Deepfake_dataset/RVC/telugu_rvc/rvc_telugu_047.wav
rvc_telugu_048,telugu,Deepfake,RVC,/content/drive/MyDrive/Dataset_Research_DFD/Deepfake_dataset/RVC/telugu_rvc/rvc_telugu_048.wav
rvc_telugu_049,telugu,Deepfake,RVC,/content/drive/MyDrive/Dataset_Research_DFD/Deepfake_dataset/RVC/telugu_rvc/rvc_telugu_049.wav
telugu_rvc_ref,telugu,Deepfake,RVC,/content/drive/MyDrive/Dataset_Research_DFD/Deepfake_dataset/RVC/telugu_rvc/references/telugu_rvc_ref.wav
telugu_rvc_reference,telugu,Deepfake,RVC,/content/drive/MyDrive/Dataset_Research_DFD/Deepfake_dataset/RVC/telugu_rvc/references/telugu_rvc_reference.wav
anime_energetic_idol_002_002_Nee Valla O Pilla.mp3,telugu,Deepfake,SoVits_Anime,/content/drive/MyDrive/Dataset_Research_DFD/Deepfake_dataset/SoVits_Anime/telugu_sovits_anime/output/anime_energetic_idol_002_002_Nee Valla O Pilla.mp3.wav
anime_energetic_idol_005_010_Nindu Punammi Vela.mp3,telugu,Deepfake,SoVits_Anime,/content/drive/MyDrive/Dataset_Research_DFD/Deepfake_dataset/SoVits_Anime/telugu_sovits_anime/output/anime_energetic_idol_005_010_Nindu Punammi Vela.mp3.wav
anime_energetic_idol_008_016_Rave Bangaru Bomma.mp3,telugu,Deepfake,SoVits_Anime,/content/drive/MyDrive/Dataset_Research_DFD/Deepfake_dataset/SoVits_Anime/telugu_sovits_anime/output/anime_energetic_idol_008_016_Rave Bangaru Bomma.mp3.wav
anime_energetic_idol_011_022_SENIGA CHENLA NILABADI CHETHULIYAVE.mp3,telugu,Deepfake,SoVits_Anime,/content/drive/MyDrive/Dataset_Research_DFD/Deepfake_dataset/SoVits_Anime/telugu_sovits_anime/output/anime_energetic_idol_011_022_SENIGA CHENLA NILABADI CHETHULIYAVE.mp3.wav
anime_energetic_idol_014_025_Ma Gallilo Okkadu Poradu.mp3,telugu,Deepfake,SoVits_Anime,/content/drive/MyDrive/Dataset_Research_DFD/Deepfake_dataset/SoVits_Anime/telugu_sovits_anime/output/anime_energetic_idol_014_025_Ma Gallilo Okkadu Poradu.mp3.wav
anime_energetic_idol_017_034_Paligiri Rajendar.mp3,telugu,Deepfake,SoVits_Anime,/content/drive/MyDrive/Dataset_Research_DFD/Deepfake_dataset/SoVits_Anime/telugu_sovits_anime/output/anime_energetic_idol_017_034_Paligiri Rajendar.mp3.wav
anime_energetic_idol_020_040_Mounika Reddy.mp3,telugu,Deepfake,SoVits_Anime,/content/drive/MyDrive/Dataset_Research_DFD/Deepfake_dataset/SoVits_Anime/telugu_sovits_anime/output/anime_energetic_idol_020_040_Mounika Reddy.mp3.wav
anime_energetic_idol_023_046_Ashwini Rathod.mp3,telugu,Deepfake,SoVits_Anime,/content/drive/MyDrive/Dataset_Research_DFD/Deepfake_dataset/SoVits_Anime/telugu_sovits_anime/output/anime_energetic_idol_023_046_Ashwini Rathod.mp3.wav
anime_energetic_idol_026_049_Ringu Ringula Juttudhana.mp3,telugu,Deepfake,SoVits_Anime,/content/drive/MyDrive/Dataset_Research_DFD/Deepfake_dataset/SoVits_Anime/telugu_sovits_anime/output/anime_energetic_idol_026_049_Ringu Ringula Juttudhana.mp3.wav
anime_energetic_idol_029_052_Atha Oyatha.mp3,telugu,Deepfake,SoVits_Anime,/content/drive/MyDrive/Dataset_Research_DFD/Deepfake_dataset/SoVits_Anime/telugu_sovits_anime/output/anime_energetic_idol_029_052_Atha Oyatha.mp3.wav
anime_energetic_idol_032_055_SIRIPURAM ANGATLA.mp3,telugu,Deepfake,SoVits_Anime,/content/drive/MyDrive/Dataset_Research_DFD/Deepfake_dataset/SoVits_Anime/telugu_sovits_anime/output/anime_energetic_idol_032_055_SIRIPURAM ANGATLA.mp3.wav
anime_energetic_idol_035_059_Swamulara Babu.mp3,telugu,Deepfake,SoVits_Anime,/content/drive/MyDrive/Dataset_Research_DFD/Deepfake_dataset/SoVits_Anime/telugu_sovits_anime/output/anime_energetic_idol_035_059_Swamulara Babu.mp3.wav
anime_energetic_idol_038_062_Ayyori Mogada.mp3,telugu,Deepfake,SoVits_Anime,/content/drive/MyDrive/Dataset_Research_DFD/Deepfake_dataset/SoVits_Anime/telugu_sovits_anime/output/anime_energetic_idol_038_062_Ayyori Mogada.mp3.wav
anime_energetic_idol_041_069_Palle Kanneru Peduthundo.mp3,telugu,Deepfake,SoVits_Anime,/content/drive/MyDrive/Dataset_Research_DFD/Deepfake_dataset/SoVits_Anime/telugu_sovits_anime/output/anime_energetic_idol_041_069_Palle Kanneru Peduthundo.mp3.wav
anime_energetic_idol_044_076_Ma Palle Andalu.mp3,telugu,Deepfake,SoVits_Anime,/content/drive/MyDrive/Dataset_Research_DFD/Deepfake_dataset/SoVits_Anime/telugu_sovits_anime/output/anime_energetic_idol_044_076_Ma Palle Andalu.mp3.wav
anime_energetic_idol_047_080_AYYO RAMA RAMA BAALI.mp3,telugu,Deepfake,SoVits_Anime,/content/drive/MyDrive/Dataset_Research_DFD/Deepfake_dataset/SoVits_Anime/telugu_sovits_anime/output/anime_energetic_idol_047_080_AYYO RAMA RAMA BAALI.mp3.wav
anime_energetic_idol_050_084_Bobbiliyuddam Burrakatha.mp3,telugu,Deepfake,SoVits_Anime,/content/drive/MyDrive/Dataset_Research_DFD/Deepfake_dataset/SoVits_Anime/telugu_sovits_anime/output/anime_energetic_idol_050_084_Bobbiliyuddam Burrakatha.mp3.wav
anime_kawaii_girl_001_001_Lachimi Na Chinni Lachimi.mp3,telugu,Deepfake,SoVits_Anime,/content/drive/MyDrive/Dataset_Research_DFD/Deepfake_dataset/SoVits_Anime/telugu_sovits_anime/output/anime_kawaii_girl_001_001_Lachimi Na Chinni Lachimi.mp3.wav
anime_kawaii_girl_004_009_Allahe Allaha.mp3,telugu,Deepfake,SoVits_Anime,/content/drive/MyDrive/Dataset_Research_DFD/Deepfake_dataset/SoVits_Anime/telugu_sovits_anime/output/anime_kawaii_girl_004_009_Allahe Allaha.mp3.wav
anime_kawaii_girl_007_012_Sinna Sinnaga.mp3,telugu,Deepfake,SoVits_Anime,/content/drive/MyDrive/Dataset_Research_DFD/Deepfake_dataset/SoVits_Anime/telugu_sovits_anime/output/anime_kawaii_girl_007_012_Sinna Sinnaga.mp3.wav
anime_kawaii_girl_010_020_Pushpa.mp3,telugu,Deepfake,SoVits_Anime,/content/drive/MyDrive/Dataset_Research_DFD/Deepfake_dataset/SoVits_Anime/telugu_sovits_anime/output/anime_kawaii_girl_010_020_Pushpa.mp3.wav
anime_kawaii_girl_013_024_Andala Aparanji.mp3,telugu,Deepfake,SoVits_Anime,/content/drive/MyDrive/Dataset_Research_DFD/Deepfake_dataset/SoVits_Anime/telugu_sovits_anime/output/anime_kawaii_girl_013_024_Andala Aparanji.mp3.wav
anime_kawaii_girl_016_030_Kammari Thirupathi.mp3,telugu,Deepfake,SoVits_Anime,/content/drive/MyDrive/Dataset_Research_DFD/Deepfake_dataset/SoVits_Anime/telugu_sovits_anime/output/anime_kawaii_girl_016_030_Kammari Thirupathi.mp3.wav
anime_kawaii_girl_019_039_Sandhya Koyyada.mp3,telugu,Deepfake,SoVits_Anime,/content/drive/MyDrive/Dataset_Research_DFD/Deepfake_dataset/SoVits_Anime/telugu_sovits_anime/output/anime_kawaii_girl_019_039_Sandhya Koyyada.mp3.wav
anime_kawaii_girl_022_044_Devayya.mp3,telugu,Deepfake,SoVits_Anime,/content/drive/MyDrive/Dataset_Research_DFD/Deepfake_dataset/SoVits_Anime/telugu_sovits_anime/output/anime_kawaii_girl_022_044_Devayya.mp3.wav
anime_kawaii_girl_025_048_Sommasilli Pothunnave O Chinna Ramulamma.mp3,telugu,Deepfake,SoVits_Anime,/content/drive/MyDrive/Dataset_Research_DFD/Deepfake_dataset/SoVits_Anime/telugu_sovits_anime/output/anime_kawaii_girl_025_048_Sommasilli Pothunnave O Chinna Ramulamma.mp3.wav
anime_kawaii_girl_028_051_Are Emainde Pilla.mp3,telugu,Deepfake,SoVits_Anime,/content/drive/MyDrive/Dataset_Research_DFD/Deepfake_dataset/SoVits_Anime/telugu_sovits_anime/output/anime_kawaii_girl_028_051_Are Emainde Pilla.mp3.wav
anime_kawaii_girl_031_054_Kuliki Vastava Raghu Mallelo Rama.mp3,telugu,Deepfake,SoVits_Anime,/content/drive/MyDrive/Dataset_Research_DFD/Deepfake_dataset/SoVits_Anime/telugu_sovits_anime/output/anime_kawaii_girl_031_054_Kuliki Vastava Raghu Mallelo Rama.mp3.wav
anime_kawaii_girl_034_057_Ammamma Yedabothe.mp3,telugu,Deepfake,SoVits_Anime,/content/drive/MyDrive/Dataset_Research_DFD/Deepfake_dataset/SoVits_Anime/telugu_sovits_anime/output/anime_kawaii_girl_034_057_Ammamma Yedabothe.mp3.wav
anime_kawaii_girl_037_061_Pachhani Mana Pally.mp3,telugu,Deepfake,SoVits_Anime,/content/drive/MyDrive/Dataset_Research_DFD/Deepfake_dataset/SoVits_Anime/telugu_sovits_anime/output/anime_kawaii_girl_037_061_Pachhani Mana Pally.mp3.wav
anime_kawaii_girl_040_066_Bonala Patalu.mp3,telugu,Deepfake,SoVits_Anime,/content/drive/MyDrive/Dataset_Research_DFD/Deepfake_dataset/SoVits_Anime/telugu_sovits_anime/output/anime_kawaii_girl_040_066_Bonala Patalu.mp3.wav
anime_kawaii_girl_043_075_Melukonna Telangana Chudara.mp3,telugu,Deepfake,SoVits_Anime,/content/drive/MyDrive/Dataset_Research_DFD/Deepfake_dataset/SoVits_Anime/telugu_sovits_anime/output/anime_kawaii_girl_043_075_Melukonna Telangana Chudara.mp3.wav
anime_kawaii_girl_046_079_Rasamayi Daruvu.mp3,telugu,Deepfake,SoVits_Anime,/content/drive/MyDrive/Dataset_Research_DFD/Deepfake_dataset/SoVits_Anime/telugu_sovits_anime/output/anime_kawaii_girl_046_079_Rasamayi Daruvu.mp3.wav
anime_kawaii_girl_049_082_Jamukula Buduku Music.mp3,telugu,Deepfake,SoVits_Anime,/content/drive/MyDrive/Dataset_Research_DFD/Deepfake_dataset/SoVits_Anime/telugu_sovits_anime/output/anime_kawaii_girl_049_082_Jamukula Buduku Music.mp3.wav
anime_soft_anime_003_004_Bavalla Na Bavalla.mp3,telugu,Deepfake,SoVits_Anime,/content/drive/MyDrive/Dataset_Research_DFD/Deepfake_dataset/SoVits_Anime/telugu_sovits_anime/output/anime_soft_anime_003_004_Bavalla Na Bavalla.mp3.wav
anime_soft_anime_006_011_Vintunna O Pilla.mp3,telugu,Deepfake,SoVits_Anime,/content/drive/MyDrive/Dataset_Research_DFD/Deepfake_dataset/SoVits_Anime/telugu_sovits_anime/output/anime_soft_anime_006_011_Vintunna O Pilla.mp3.wav
anime_soft_anime_009_018_Sudaradhe Prameela.mp3,telugu,Deepfake,SoVits_Anime,/content/drive/MyDrive/Dataset_Research_DFD/Deepfake_dataset/SoVits_Anime/telugu_sovits_anime/output/anime_soft_anime_009_018_Sudaradhe Prameela.mp3.wav
anime_soft_anime_012_023_UDUKUDUKU ROTTELU.mp3,telugu,Deepfake,SoVits_Anime,/content/drive/MyDrive/Dataset_Research_DFD/Deepfake_dataset/SoVits_Anime/telugu_sovits_anime/output/anime_soft_anime_012_023_UDUKUDUKU ROTTELU.mp3.wav
anime_soft_anime_015_028_Nagamani.mp3,telugu,Deepfake,SoVits_Anime,/content/drive/MyDrive/Dataset_Research_DFD/Deepfake_dataset/SoVits_Anime/telugu_sovits_anime/output/anime_soft_anime_015_028_Nagamani.mp3.wav
anime_soft_anime_018_035_Jadala Ramesh.mp3,telugu,Deepfake,SoVits_Anime,/content/drive/MyDrive/Dataset_Research_DFD/Deepfake_dataset/SoVits_Anime/telugu_sovits_anime/output/anime_soft_anime_018_035_Jadala Ramesh.mp3.wav
anime_soft_anime_021_042_Vandemataram Srinivas.mp3,telugu,Deepfake,SoVits_Anime,/content/drive/MyDrive/Dataset_Research_DFD/Deepfake_dataset/SoVits_Anime/telugu_sovits_anime/output/anime_soft_anime_021_042_Vandemataram Srinivas.mp3.wav
anime_soft_anime_024_047_Ranu Bombai Ki Ranu.mp3,telugu,Deepfake,SoVits_Anime,/content/drive/MyDrive/Dataset_Research_DFD/Deepfake_dataset/SoVits_Anime/telugu_sovits_anime/output/anime_soft_anime_024_047_Ranu Bombai Ki Ranu.mp3.wav
anime_soft_anime_027_050_Yedikelli Vachinaave.mp3,telugu,Deepfake,SoVits_Anime,/content/drive/MyDrive/Dataset_Research_DFD/Deepfake_dataset/SoVits_Anime/telugu_sovits_anime/output/anime_soft_anime_027_050_Yedikelli Vachinaave.mp3.wav
anime_soft_anime_030_053_Mogudu Pellala.mp3,telugu,Deepfake,SoVits_Anime,/content/drive/MyDrive/Dataset_Research_DFD/Deepfake_dataset/SoVits_Anime/telugu_sovits_anime/output/anime_soft_anime_030_053_Mogudu Pellala.mp3.wav
anime_soft_anime_033_056_Sharanu Sharanu Maayamma.mp3,telugu,Deepfake,SoVits_Anime,/content/drive/MyDrive/Dataset_Research_DFD/Deepfake_dataset/SoVits_Anime/telugu_sovits_anime/output/anime_soft_anime_033_056_Sharanu Sharanu Maayamma.mp3.wav
anime_soft_anime_036_060_Appe Chestavo.mp3,telugu,Deepfake,SoVits_Anime,/content/drive/MyDrive/Dataset_Research_DFD/Deepfake_dataset/SoVits_Anime/telugu_sovits_anime/output/anime_soft_anime_036_060_Appe Chestavo.mp3.wav
anime_soft_anime_039_063_Yemi Rajakiyalo.mp3,telugu,Deepfake,SoVits_Anime,/content/drive/MyDrive/Dataset_Research_DFD/Deepfake_dataset/SoVits_Anime/telugu_sovits_anime/output/anime_soft_anime_039_063_Yemi Rajakiyalo.mp3.wav
anime_soft_anime_042_074_Orugalluna Akshara Vruksham.mp3,telugu,Deepfake,SoVits_Anime,/content/drive/MyDrive/Dataset_Research_DFD/Deepfake_dataset/SoVits_Anime/telugu_sovits_anime/output/anime_soft_anime_042_074_Orugalluna Akshara Vruksham.mp3.wav
anime_soft_anime_045_077_Garibolla Kanneeti Gaadhalu.mp3,telugu,Deepfake,SoVits_Anime,/content/drive/MyDrive/Dataset_Research_DFD/Deepfake_dataset/SoVits_Anime/telugu_sovits_anime/output/anime_soft_anime_045_077_Garibolla Kanneeti Gaadhalu.mp3.wav
anime_soft_anime_048_081_Sarangadhara Jamukula Katha.mp3,telugu,Deepfake,SoVits_Anime,/content/drive/MyDrive/Dataset_Research_DFD/Deepfake_dataset/SoVits_Anime/telugu_sovits_anime/output/anime_soft_anime_048_081_Sarangadhara Jamukula Katha.mp3.wav
001_Lachimi Na Chinni Lachimi.mp3,telugu,Real,Real,/content/drive/MyDrive/Dataset_Research_DFD/Real_dataset/telugu/001_Lachimi Na Chinni Lachimi.mp3.mp3
002_Nee Valla O Pilla.mp3,telugu,Real,Real,/content/drive/MyDrive/Dataset_Research_DFD/Real_dataset/telugu/002_Nee Valla O Pilla.mp3.mp3
004_Bavalla Na Bavalla.mp3,telugu,Real,Real,/content/drive/MyDrive/Dataset_Research_DFD/Real_dataset/telugu/004_Bavalla Na Bavalla.mp3.mp3
009_Allahe Allaha.mp3,telugu,Real,Real,/content/drive/MyDrive/Dataset_Research_DFD/Real_dataset/telugu/009_Allahe Allaha.mp3.mp3
010_Nindu Punammi Vela.mp3,telugu,Real,Real,/content/drive/MyDrive/Dataset_Research_DFD/Real_dataset/telugu/010_Nindu Punammi Vela.mp3.mp3
011_Vintunna O Pilla.mp3,telugu,Real,Real,/content/drive/MyDrive/Dataset_Research_DFD/Real_dataset/telugu/011_Vintunna O Pilla.mp3.mp3
012_Sinna Sinnaga.mp3,telugu,Real,Real,/content/drive/MyDrive/Dataset_Research_DFD/Real_dataset/telugu/012_Sinna Sinnaga.mp3.mp3
016_Rave Bangaru Bomma.mp3,telugu,Real,Real,/content/drive/MyDrive/Dataset_Research_DFD/Real_dataset/telugu/016_Rave Bangaru Bomma.mp3.mp3
018_Sudaradhe Prameela.mp3,telugu,Real,Real,/content/drive/MyDrive/Dataset_Research_DFD/Real_dataset/telugu/018_Sudaradhe Prameela.mp3.mp3
020_Pushpa.mp3,telugu,Real,Real,/content/drive/MyDrive/Dataset_Research_DFD/Real_dataset/telugu/020_Pushpa.mp3.mp3
022_SENIGA CHENLA NILABADI CHETHULIYAVE.mp3,telugu,Real,Real,/content/drive/MyDrive/Dataset_Research_DFD/Real_dataset/telugu/022_SENIGA CHENLA NILABADI CHETHULIYAVE.mp3.mp3
023_UDUKUDUKU ROTTELU.mp3,telugu,Real,Real,/content/drive/MyDrive/Dataset_Research_DFD/Real_dataset/telugu/023_UDUKUDUKU ROTTELU.mp3.mp3
024_Andala Aparanji.mp3,telugu,Real,Real,/content/drive/MyDrive/Dataset_Research_DFD/Real_dataset/telugu/024_Andala Aparanji.mp3.mp3
025_Ma Gallilo Okkadu Poradu.mp3,telugu,Real,Real,/content/drive/MyDrive/Dataset_Research_DFD/Real_dataset/telugu/025_Ma Gallilo Okkadu Poradu.mp3.mp3
028_Nagamani.mp3,telugu,Real,Real,/content/drive/MyDrive/Dataset_Research_DFD/Real_dataset/telugu/028_Nagamani.mp3.mp3
030_Kammari Thirupathi.mp3,telugu,Real,Real,/content/drive/MyDrive/Dataset_Research_DFD/Real_dataset/telugu/030_Kammari Thirupathi.mp3.mp3
034_Paligiri Rajendar.mp3,telugu,Real,Real,/content/drive/MyDrive/Dataset_Research_DFD/Real_dataset/telugu/034_Paligiri Rajendar.mp3.mp3
035_Jadala Ramesh.mp3,telugu,Real,Real,/content/drive/MyDrive/Dataset_Research_DFD/Real_dataset/telugu/035_Jadala Ramesh.mp3.mp3
039_Sandhya Koyyada.mp3,telugu,Real,Real,/content/drive/MyDrive/Dataset_Research_DFD/Real_dataset/telugu/039_Sandhya Koyyada.mp3.mp3
040_Mounika Reddy.mp3,telugu,Real,Real,/content/drive/MyDrive/Dataset_Research_DFD/Real_dataset/telugu/040_Mounika Reddy.mp3.mp3
042_Vandemataram Srinivas.mp3,telugu,Real,Real,/content/drive/MyDrive/Dataset_Research_DFD/Real_dataset/telugu/042_Vandemataram Srinivas.mp3.mp3
044_Devayya.mp3,telugu,Real,Real,/content/drive/MyDrive/Dataset_Research_DFD/Real_dataset/telugu/044_Devayya.mp3.mp3
046_Ashwini Rathod.mp3,telugu,Real,Real,/content/drive/MyDrive/Dataset_Research_DFD/Real_dataset/telugu/046_Ashwini Rathod.mp3.mp3
047_Ranu Bombai Ki Ranu.mp3,telugu,Real,Real,/content/drive/MyDrive/Dataset_Research_DFD/Real_dataset/telugu/047_Ranu Bombai Ki Ranu.mp3.mp3
048_Sommasilli Pothunnave O Chinna Ramulamma.mp3,telugu,Real,Real,/content/drive/MyDrive/Dataset_Research_DFD/Real_dataset/telugu/048_Sommasilli Pothunnave O Chinna Ramulamma.mp3.mp3
049_Ringu Ringula Juttudhana.mp3,telugu,Real,Real,/content/drive/MyDrive/Dataset_Research_DFD/Real_dataset/telugu/049_Ringu Ringula Juttudhana.mp3.mp3
050_Yedikelli Vachinaave.mp3,telugu,Real,Real,/content/drive/MyDrive/Dataset_Research_DFD/Real_dataset/telugu/050_Yedikelli Vachinaave.mp3.mp3
051_Are Emainde Pilla.mp3,telugu,Real,Real,/content/drive/MyDrive/Dataset_Research_DFD/Real_dataset/telugu/051_Are Emainde Pilla.mp3.mp3
052_Atha Oyatha.mp3,telugu,Real,Real,/content/drive/MyDrive/Dataset_Research_DFD/Real_dataset/telugu/052_Atha Oyatha.mp3.mp3
053_Mogudu Pellala.mp3,telugu,Real,Real,/content/drive/MyDrive/Dataset_Research_DFD/Real_dataset/telugu/053_Mogudu Pellala.mp3.mp3
054_Kuliki Vastava Raghu Mallelo Rama.mp3,telugu,Real,Real,/content/drive/MyDrive/Dataset_Research_DFD/Real_dataset/telugu/054_Kuliki Vastava Raghu Mallelo Rama.mp3.mp3
055_SIRIPURAM ANGATLA.mp3,telugu,Real,Real,/content/drive/MyDrive/Dataset_Research_DFD/Real_dataset/telugu/055_SIRIPURAM ANGATLA.mp3.mp3
056_Sharanu Sharanu Maayamma.mp3,telugu,Real,Real,/content/drive/MyDrive/Dataset_Research_DFD/Real_dataset/telugu/056_Sharanu Sharanu Maayamma.mp3.mp3
057_Ammamma Yedabothe.mp3,telugu,Real,Real,/content/drive/MyDrive/Dataset_Research_DFD/Real_dataset/telugu/057_Ammamma Yedabothe.mp3.mp3
059_Swamulara Babu.mp3,telugu,Real,Real,/content/drive/MyDrive/Dataset_Research_DFD/Real_dataset/telugu/059_Swamulara Babu.mp3.mp3
060_Appe Chestavo.mp3,telugu,Real,Real,/content/drive/MyDrive/Dataset_Research_DFD/Real_dataset/telugu/060_Appe Chestavo.mp3.mp3
061_Pachhani Mana Pally.mp3,telugu,Real,Real,/content/drive/MyDrive/Dataset_Research_DFD/Real_dataset/telugu/061_Pachhani Mana Pally.mp3.mp3
062_Ayyori Mogada.mp3,telugu,Real,Real,/content/drive/MyDrive/Dataset_Research_DFD/Real_dataset/telugu/062_Ayyori Mogada.mp3.mp3
063_Yemi Rajakiyalo.mp3,telugu,Real,Real,/content/drive/MyDrive/Dataset_Research_DFD/Real_dataset/telugu/063_Yemi Rajakiyalo.mp3.mp3
066_Bonala Patalu.mp3,telugu,Real,Real,/content/drive/MyDrive/Dataset_Research_DFD/Real_dataset/telugu/066_Bonala Patalu.mp3.mp3
069_Palle Kanneru Peduthundo.mp3,telugu,Real,Real,/content/drive/MyDrive/Dataset_Research_DFD/Real_dataset/telugu/069_Palle Kanneru Peduthundo.mp3.mp3
074_Orugalluna Akshara Vruksham.mp3,telugu,Real,Real,/content/drive/MyDrive/Dataset_Research_DFD/Real_dataset/telugu/074_Orugalluna Akshara Vruksham.mp3.mp3
075_Melukonna Telangana Chudara.mp3,telugu,Real,Real,/content/drive/MyDrive/Dataset_Research_DFD/Real_dataset/telugu/075_Melukonna Telangana Chudara.mp3.mp3
076_Ma Palle Andalu.mp3,telugu,Real,Real,/content/drive/MyDrive/Dataset_Research_DFD/Real_dataset/telugu/076_Ma Palle Andalu.mp3.mp3
077_Garibolla Kanneeti Gaadhalu.mp3,telugu,Real,Real,/content/drive/MyDrive/Dataset_Research_DFD/Real_dataset/telugu/077_Garibolla Kanneeti Gaadhalu.mp3.mp3
079_Rasamayi Daruvu.mp3,telugu,Real,Real,/content/drive/MyDrive/Dataset_Research_DFD/Real_dataset/telugu/079_Rasamayi Daruvu.mp3.mp3
080_AYYO RAMA RAMA BAALI.mp3,telugu,Real,Real,/content/drive/MyDrive/Dataset_Research_DFD/Real_dataset/telugu/080_AYYO RAMA RAMA BAALI.mp3.mp3
081_Sarangadhara Jamukula Katha.mp3,telugu,Real,Real,/content/drive/MyDrive/Dataset_Research_DFD/Real_dataset/telugu/081_Sarangadhara Jamukula Katha.mp3.mp3
082_Jamukula Buduku Music.mp3,telugu,Real,Real,/content/drive/MyDrive/Dataset_Research_DFD/Real_dataset/telugu/082_Jamukula Buduku Music.mp3.mp3
084_Bobbiliyuddam Burrakatha.mp3,telugu,Real,Real,/content/drive/MyDrive/Dataset_Research_DFD/Real_dataset/telugu/084_Bobbiliyuddam Burrakatha.mp3.mp3
